"Time (s)","Linear Acceleration x (m/s^2)","Linear Acceleration y (m/s^2)","Linear Acceleration z (m/s^2)","Absolute acceleration (m/s^2)"
2.516666427E-5,7.284206906E-1,1.263116402E0,-2.308836835E0,2.730711863E0
9.996166627E-3,3.098865252E0,-5.395810604E-3,-4.850265384E0,5.755698850E0
1.996716665E-2,3.390278785E0,-8.677268028E-3,-4.151031947E0,5.359583171E0
2.993816667E-2,3.806539436E0,4.103190029E-1,6.403110445E-2,3.829125768E0
3.990916663E-2,4.370900412E0,3.111791691E-1,2.368353889E0,4.981034333E0
4.988016665E-2,1.066464600E0,1.430176908E0,-1.371181426E0,2.250086939E0
5.985116668E-2,2.135998110E0,1.689896487E0,-1.916383415E0,3.330279787E0
6.982216664E-2,8.417825608E-1,3.345506947E0,-1.115494380E0,3.625650607E0
7.979316666E-2,1.981926902E0,5.597163568E0,5.775938094E-1,5.965726180E0
8.976416662E-2,1.007519988E0,2.545340336E0,9.108839321E-1,2.885058663E0
9.973516664E-2,7.610518084E-1,-1.683610145E0,-2.169182521E-1,1.860321613E0
1.097061667E-1,2.783931001E0,-1.443826941E0,-9.084111446E-1,3.264983746E0
1.196771666E-1,1.087317744E0,9.241477561E-1,-9.551906240E-1,1.717177358E0
1.296481667E-1,2.038306632E0,4.269779541E0,-2.279679694E0,5.251918770E0
1.396191667E-1,1.171227262E0,3.972856176E0,-1.382743710E0,4.366616501E0
1.495901666E-1,5.841577109E-1,1.520231046E0,-1.595389402E0,2.279826750E0
1.595611667E-1,2.014836785E0,-2.666356650E-1,-3.955658931E-1,2.070539598E0
1.695321667E-1,7.876626331E-1,6.070631915E-1,-2.236501515E-1,1.019292663E0
1.795031666E-1,1.671442528E0,3.608496581E0,-2.278897921E0,4.583485948E0
1.894741667E-1,2.392629920E0,2.759849243E0,-7.163090605E-1,3.722169320E0
1.994451666E-1,3.285616549E0,-5.034747961E-1,-1.036117843E0,3.481709804E0
2.094161666E-1,2.910739566E0,8.628765374E-2,-2.236601502E0,3.671816534E0
2.193871667E-1,2.206868703E0,2.144988497E0,4.403877246E-1,3.108888302E0
2.293581666E-1,4.301993899E-1,3.205763171E0,3.325025028E0,4.638726168E0
2.393291667E-1,-1.044462697E0,3.318489010E0,7.159699219E-1,3.551884650E0
2.493001667E-1,-9.002045774E-1,4.496838912E0,1.899468005E-2,4.586097391E0
2.592711666E-1,-8.792307611E-1,1.796512863E0,1.150556624E0,2.307441384E0
2.692421667E-1,-9.183921956E-1,-1.482959139E-1,-2.422660489E0,2.595133859E0
2.792131666E-1,-1.450874590E0,6.655052349E-1,-8.339655059E0,8.491041208E0
2.891841666E-1,-1.748972661E0,4.422569625E0,-8.738695368E0,9.949011217E0
2.991551667E-1,-9.577926350E-1,7.076108594E0,-3.098099851E0,7.783758877E0
3.091261666E-1,-1.070434421E0,5.956467369E0,1.474835603E0,6.229002602E0
3.190971666E-1,3.149397328E-1,3.377475429E0,-6.718842548E-1,3.458027727E0
3.290681667E-1,3.488054537E-1,8.341658315E-1,-1.923451529E0,2.125362008E0
3.390391666E-1,-5.695758149E-1,1.164647537E0,4.329789516E0,4.519723193E0
3.490101667E-1,-2.232518245E0,2.740140910E0,3.863029094E0,5.235981637E0
3.589811667E-1,-5.332263064E0,2.750578482E0,-2.238312398E0,6.403807755E0
3.689511666E-1,-5.660777181E0,3.671495944E-2,-4.134177933E0,7.009791257E0
3.789221667E-1,-4.411304964E0,-3.825400507E-1,-2.429705799E0,5.050684968E0
3.888931667E-1,-4.268741661E0,1.517333458E0,-1.412580882E0,4.745507448E0
3.988641666E-1,-4.854645533E0,3.971404898E0,-3.303107910E0,7.088734864E0
4.088351667E-1,-2.768544345E0,1.827949541E0,-4.114790905E-1,3.342985545E0
4.188061666E-1,-3.317489429E0,1.455363205E0,-2.812329465E-1,3.633580898E0
4.287771666E-1,-1.373200323E0,1.414462516E0,1.285607425E0,2.353544091E0
4.387481667E-1,-7.033563083E-1,4.346811345E-1,1.623309272E0,1.821754862E0
4.487191666E-1,-1.227793811E0,-1.432766640E-1,9.350633383E-2,1.239656920E0
4.586901666E-1,-1.448447995E0,-1.008723637E0,8.745078188E-1,1.969844892E0
4.686611667E-1,-1.784398894E0,-2.556286616E0,-5.232591426E-1,3.161088548E0
4.786321666E-1,-2.521238113E0,-2.210786630E0,1.283878988E-1,3.355697036E0
4.886031667E-1,-1.562269603E0,-2.085566460E0,1.285720861E-1,2.608985349E0
4.985741667E-1,-2.349602380E-1,-1.491628221E0,1.838825362E0,2.379378023E0
5.085451666E-1,-3.483080749E-1,4.200093010E-1,1.586706287E0,1.677904398E0
5.185161667E-1,-1.367162927E0,-4.314806610E-2,4.859958898E0,5.048781706E0
5.284871666E-1,8.949505618E-1,-2.697647147E0,5.017432601E0,5.766529853E0
5.384581666E-1,1.226061427E0,-2.515175720E0,6.271787828E-1,2.867523104E0
5.484291667E-1,5.046822827E-1,-1.427783058E0,-2.745322128E0,3.135293009E0
5.584001666E-1,9.325784178E-1,-4.345460638E-1,-3.703493078E0,3.843747360E0
5.683711666E-1,7.739262079E-1,-1.613088339E0,1.190008373E0,2.148752124E0
5.783421667E-1,2.426154200E0,-2.507541010E0,4.716572891E0,5.866859974E0
5.883131666E-1,1.940830624E0,-5.457857748E0,4.437546684E0,7.297044284E0
5.982841667E-1,2.963174180E0,-8.057617536E0,1.731393299E0,8.758043408E0
6.082551667E-1,1.888235796E0,-7.855699146E0,-9.902499443E-1,8.139904081E0
6.182261666E-1,1.943646204E0,-4.111714100E0,4.668870721E0,6.517845289E0
6.281971667E-1,3.675312422E0,2.174122541E0,5.089346337E-1,4.300435406E0
6.381681666E-1,1.206877371E-1,3.072238201E0,-3.114983101E0,4.376794811E0
6.481391666E-1,-3.001862210E-1,-8.921991545E-1,-1.079286667E0,1.432128069E0
6.581101667E-1,3.965923352E-1,-7.989521447E-1,3.323953233E0,3.441551265E0
6.680811666E-1,2.365250187E0,2.016985345E-1,2.191856854E0,3.230994772E0
6.780521667E-1,3.496064272E0,1.247809561E0,-8.999250805E-1,3.819601975E0
6.880231667E-1,3.113031593E0,-1.341422607E0,-3.250319247E0,4.696270384E0
6.979941666E-1,3.206187971E0,-6.111082953E0,-7.852798927E-1,6.945620251E0
7.079651667E-1,1.471195565E0,-5.578234962E0,5.372695976E0,7.883335825E0
7.179361666E-1,1.588093831E0,-5.029590717E-1,6.529433692E0,6.738583989E0
7.279071666E-1,1.448194957E0,3.266990828E0,2.325466901E-1,3.581141671E0
7.378781667E-1,-1.305200129E0,7.934695029E-1,-5.463641814E0,5.673140497E0
7.478491666E-1,-1.591591489E0,-1.399508262E0,-3.568652776E0,4.150550504E0
7.578201666E-1,-1.234295476E0,-1.880970630E0,-8.103235173E-1,2.391267454E0
7.677911667E-1,-1.919124590E0,5.874384740E-1,-3.028505121E0,3.633175803E0
7.777621666E-1,8.199300541E-1,2.780308066E0,-1.495924755E0,3.261930273E0
7.877331667E-1,1.768958151E-1,1.842342754E0,-1.459991276E-1,1.856565296E0
7.977031667E-1,-4.597516564E-1,2.053416714E0,9.817586178E-1,2.322012440E0
8.076741666E-1,-3.680807928E0,3.010532826E0,2.772125764E0,5.504210766E0
8.176451667E-1,-2.965543180E0,1.463944871E0,1.356302601E-1,3.309981345E0
8.276161667E-1,-1.710800575E0,1.569809295E0,-2.270831103E0,3.247739788E0
8.375871666E-1,-3.264216616E0,2.942642267E0,-1.706002935E0,4.714307971E0
8.475581667E-1,-4.436466118E0,3.336715659E0,-2.608214861E-1,5.557331271E0
8.575291666E-1,-5.636075034E0,4.309947866E0,-1.624926612E0,7.278830874E0
8.675001666E-1,-4.226521548E0,4.292763192E0,-1.219092423E0,6.146339281E0
8.774711667E-1,-4.161025423E0,3.144840154E0,-1.003357063E0,5.311391302E0
8.874421666E-1,-4.630668814E0,2.056882944E0,5.273381603E-1,5.094305316E0
8.974131666E-1,-3.003174106E0,3.444530421E-1,7.267024863E-1,3.108986830E0
9.073841667E-1,-1.588643469E0,1.570168314E0,-9.289869118E-1,2.419138956E0
9.173551666E-1,-2.868391838E-1,6.608198610E-1,-2.864832784E0,2.954018701E0
9.273261667E-1,3.716178904E-1,1.546580646E0,-3.942632504E0,4.251395372E0
9.372964167E-1,-2.425453192E-1,4.399086915E0,-4.725515038E0,6.460749669E0
9.472674166E-1,-3.975884815E-1,3.485833399E0,-9.919427133E-1,3.645965089E0
9.572384167E-1,-1.659927314E0,4.963953967E0,-2.719872122E0,5.898635608E0
9.672094167E-1,-1.331803937E0,5.763487033E0,-2.370913800E0,6.372810742E0
9.771804166E-1,-1.001119699E0,3.784971104E0,2.067221113E0,4.427375074E0
9.871514167E-1,5.202498731E-1,2.435882213E0,-4.550969803E-1,2.532053583E0
9.971224166E-1,2.017513933E0,1.121012690E0,-4.504410179E0,5.061298547E0
1.007093417E0,2.456453887E0,1.071648449E-1,-4.450274903E0,5.084348209E0
1.017064417E0,3.827915103E0,-2.460177979E-1,-2.861447246E0,4.785534362E0
1.027035417E0,1.770833646E0,3.035793675E0,2.949476493E0,4.588170291E0
1.037006417E0,-6.551320551E-1,7.497019243E0,3.455469393E0,8.280988121E0
1.046977417E0,1.624743740E0,7.495507153E0,-1.417595454E0,7.799486943E0
1.056948417E0,2.866078826E0,3.207848873E0,-4.204795341E0,6.015397417E0
1.066919417E0,3.248065730E0,-7.641050783E-1,-5.852975160E-1,3.387677779E0
1.076890417E0,4.566290093E0,-8.552348113E-1,-7.023242748E-1,4.698477539E0
1.086861417E0,7.810892663E-1,2.723147732E-1,-4.653675562E0,4.726621628E0
1.096832417E0,-8.723777512E-1,1.866436499E0,-1.751157473E0,2.703919496E0
1.106803417E0,1.036641242E0,3.922857513E0,1.318605602E-1,4.059658032E0
1.116774417E0,-1.455721639E0,5.461851981E0,-5.160197049E0,7.653664883E0
1.126745417E0,3.158766175E0,2.770026906E0,-7.796203727E-1,4.273015415E0
1.136716417E0,3.046126875E0,3.622499201E-1,2.059627919E0,3.694885804E0
1.146687417E0,4.817108455E0,1.256019052E0,-3.708438653E-1,4.991957822E0
1.156658417E0,3.826914352E0,-1.173174824E0,-1.741628265E-1,4.006487902E0
1.166629417E0,3.071264055E0,-3.503054911E0,-1.522139577E0,4.901118800E0
1.176599417E0,3.482226544E0,-1.109844216E0,2.642186599E0,4.509856529E0
1.186570417E0,1.862281906E0,1.913240536E0,4.395061399E0,5.142484609E0
1.196541417E0,1.032223524E0,1.076535844E0,3.062541763E0,3.406402337E0
1.206512417E0,1.492549450E0,-2.287889185E0,-1.208524750E0,2.987084340E0
1.216483417E0,3.392548967E0,-5.460964959E0,-7.947687542E-1,6.477899671E0
1.226454417E0,2.697907056E0,-2.898939008E0,2.651277266E0,4.765692079E0
1.236425417E0,1.797764459E0,-4.430888459E-1,2.503135718E0,3.113514606E0
1.246396417E0,5.627238283E-1,-2.098267197E0,1.262581674E0,2.512667074E0
1.256367417E0,9.646564621E-1,-4.073033599E0,-4.121094203E-1,4.205948045E0
1.266338417E0,1.201138475E0,-3.907180835E0,2.598445918E0,4.843626420E0
1.276309417E0,2.150046631E0,-1.634396762E0,-2.166235524E-1,2.709405664E0
1.286280417E0,-2.236368491E-1,-4.987858554E0,2.443675967E0,5.558803705E0
1.296251417E0,1.773544707E0,-5.802997254E0,3.072859760E0,6.801669285E0
1.306222417E0,4.845573286E0,-3.092223984E0,3.189054460E0,6.573545313E0
1.316193417E0,3.931102379E0,-1.624357093E0,5.544484833E0,6.988090865E0
1.326164417E0,2.796126538E0,-2.203457437E0,5.227444707E0,6.324533695E0
1.336135417E0,2.248652614E0,-5.222948198E0,7.720838964E-1,5.738618301E0
1.346106417E0,1.947280979E0,-6.726084909E0,-4.848628163E-2,7.002461877E0
1.356077417E0,-1.173743027E-1,-3.562916950E0,-1.225266498E-1,3.566954822E0
1.366048417E0,-1.479047644E0,-1.223635710E0,1.581580033E0,2.487219670E0
1.376019417E0,-1.033973669E0,-2.278962241E0,2.217653600E0,3.343764037E0
1.385990417E0,-2.411189860E0,-1.360429274E0,1.108991107E0,2.982359070E0
1.395961417E0,-2.534819148E0,-4.785387602E-1,1.099684678E0,2.804213589E0
1.405932417E0,-2.200645511E0,-1.998211690E0,3.601358593E-1,2.994225853E0
1.415903417E0,-2.409246830E0,-3.011478321E0,-8.082237822E-1,3.940393083E0
1.425874417E0,-2.204290081E0,-1.414784698E0,-3.292470655E0,4.207240606E0
1.435845417E0,-2.159213018E0,-1.331902170E-1,-1.330034570E0,2.539474837E0
1.445816417E0,-1.571206487E0,2.241499715E0,-1.376795338E0,3.064078361E0
1.455787417E0,-1.664982963E0,4.897797984E0,-1.211595123E0,5.313055252E0
1.465758417E0,-1.353530875E0,2.467791346E0,-7.413877684E-1,2.910617766E0
1.475729417E0,-9.405329700E-1,-1.350668809E-1,-7.745332950E-1,1.225865880E0
1.485700417E0,-1.365174289E0,-3.475973824E-1,1.491139394E-1,1.416601478E0
1.495671417E0,-1.685678305E0,-1.569545586E0,-2.499462497E-1,2.316777465E0
1.505641417E0,-1.625878246E0,-1.283857938E0,-1.283263861E0,2.436911450E0
1.515612417E0,-1.215475774E0,9.475874895E-1,-1.119896749E0,1.905117355E0
1.525583417E0,2.983995677E-1,2.378779182E0,-9.113049316E-1,2.564782521E0
1.535554417E0,9.331330262E-2,1.602679418E0,1.582122654E0,2.253974441E0
1.545525417E0,1.314860753E0,8.627584237E-1,7.960662514E-1,1.762649248E0
1.555496417E0,2.143484885E0,1.718660402E-1,-9.405222988E-1,2.347050827E0
1.565467417E0,2.237279925E0,9.989266276E-2,-1.619402162E0,2.763668463E0
1.575438417E0,1.360183983E0,1.434990629E0,-2.439073039E0,3.139805067E0
1.585409417E0,2.170442304E0,2.535060346E0,-2.807097961E0,4.360865707E0
1.595380417E0,1.141163072E0,1.288725453E0,-2.084717152E0,2.703536953E0
1.605351417E0,1.428973259E0,7.408334523E-2,1.176563870E0,1.852499786E0
1.615322417E0,1.844895941E0,1.025740789E0,1.855102841E0,2.810194255E0
1.625293417E0,1.990500089E0,4.762784313E0,-2.631761599E-1,5.168700679E0
1.635264417E0,2.120651070E0,4.672754441E0,-3.380361323E0,6.144805750E0
1.645235417E0,1.190430103E0,1.987313649E0,-3.196115558E0,3.947365454E0
1.655206417E0,-2.874520816E-1,2.332172196E0,-1.920073593E0,3.034524419E0
1.665177417E0,-4.999451609E-1,3.944711773E0,-1.423294736E0,4.223323815E0
1.675148417E0,-7.859343423E-1,3.419392364E0,6.665837538E-1,3.571312200E0
1.685119417E0,-3.074851029E0,2.658663176E0,-1.853463866E0,4.467496731E0
1.695090417E0,-1.958376656E0,4.044738630E0,-3.251371745E0,5.546761933E0
1.705061417E0,-3.218092902E0,3.369365634E0,-1.954832366E0,5.052733545E0
1.715032417E0,-2.682437662E0,3.078716623E0,-3.348707421E0,5.280890952E0
1.725003417E0,-8.561478540E-1,2.618383754E0,-2.378152653E0,3.639303872E0
1.734974417E0,-2.152152506E0,1.894527692E0,-1.540700394E-1,2.871364338E0
1.744945417E0,-3.052465841E0,2.187177327E0,-2.058876552E0,4.282553564E0
1.754916417E0,-2.779639729E0,2.185283122E0,-5.354318762E-1,3.576107750E0
1.764887417E0,-5.256063904E0,2.247926974E0,1.580286044E0,5.930993798E0
1.774858417E0,-4.698321100E0,8.347987926E-1,1.673336880E0,5.056794092E0
1.784829417E0,-5.906709318E0,-1.803494731E-1,5.577232164E-1,5.935722035E0
1.794800417E0,-7.801843951E0,-1.097346961E0,3.639084828E-1,7.887038023E0
1.804771417E0,-6.362977495E0,-4.384876719E-1,8.674011129E-1,6.436780153E0
1.814741417E0,-6.591537554E0,-1.170856110E0,1.075345643E0,6.780533873E0
1.824712417E0,-4.985306244E0,-2.295070735E0,1.231969162E0,5.624800089E0
1.834683417E0,-4.829468007E0,-2.090640382E0,1.701939704E0,5.530925528E0
1.844654417E0,-3.746028940E0,-2.661779742E0,1.852944049E0,4.954917342E0
1.854625417E0,-2.405235348E0,-2.713722313E0,8.167975545E-3,3.626225667E0
1.864596417E0,-3.641927744E0,-1.989699605E0,2.873232894E0,5.047574613E0
1.874567417E0,-1.154912069E0,-5.702821586E-1,2.432155783E0,2.752167396E0
1.884538417E0,-2.268650530E0,-1.694886208E0,-1.627981782E-1,2.836532695E0
1.894509417E0,-1.367945577E0,-4.549562086E0,5.858956277E0,7.543020544E0
1.904480417E0,1.063816980E0,-5.245503248E0,3.248207817E0,6.260819828E0
1.914451417E0,1.641201752E0,-3.549609857E0,7.441821527E-1,3.980839158E0
1.924422417E0,2.507744493E0,-2.193790821E0,1.216554147E0,3.547041669E0
1.934394042E0,2.425742703E0,-3.006247694E0,-1.598045792E0,4.180371181E0
1.944365042E0,1.494048384E0,-5.075655667E0,5.776633912E-1,5.322420127E0
1.954336042E0,2.585204313E0,-2.092306546E0,-3.928399211E-1,3.348932849E0
1.964307042E0,4.612330192E0,6.097488177E-1,1.723469737E0,4.961424327E0
1.974278042E0,2.904884749E0,9.880373579E-1,-1.466707388E0,3.400853391E0
1.984249042E0,3.684656857E0,3.523792353E-1,-1.705342784E0,4.075421609E0
1.994220042E0,3.840141046E0,-2.090160618E0,-1.274208278E0,4.554015963E0
2.004191042E0,3.441936597E0,-6.687942937E-1,-3.586879717E0,5.015966452E0
2.014162042E0,4.337252609E0,-5.171441245E-1,-3.775900903E0,5.773787827E0
2.024133042E0,2.158444110E0,-1.234502468E0,-1.586968242E0,2.949804319E0
2.034104042E0,-2.260244865E-2,2.346458405E0,3.265369395E0,4.021071400E0
2.044075042E0,-1.878831427E0,4.787874716E0,5.284790690E0,7.374467063E0
2.054046042E0,-3.455319704E0,1.185093496E0,4.485333638E0,5.784626064E0
2.064017042E0,-3.119449790E0,-6.866551986E-1,-1.333411921E0,3.461278623E0
2.073988042E0,-2.176672512E0,1.709030038E-1,-8.192077768E-1,2.331997522E0
2.083959042E0,-3.210936495E0,2.053630722E0,4.932219958E-1,3.843277281E0
2.093929042E0,-2.143335928E0,2.432238228E0,-3.063971407E0,4.460671752E0
2.103900042E0,-1.704533091E0,-2.924268562E-1,-6.839616787E-1,1.859771519E0
2.113871042E0,-3.948972055E0,1.302711408E0,-6.748318362E-1,4.212699290E0
2.123842042E0,-2.871872247E0,2.664708905E0,-1.081299863E0,4.064176810E0
2.133813042E0,-4.709266210E0,3.744568598E0,-2.458961758E0,6.499651926E0
2.143784042E0,-3.608426414E0,5.435334274E0,-8.685766956E0,1.086306345E1
2.153755042E0,-5.610622689E0,3.357833755E0,-1.072182650E1,1.255833182E1
2.163726042E0,-4.800965170E0,1.319908361E0,-5.646952609E0,7.528578778E0
2.173697042E0,-3.563787601E0,7.297041544E-1,3.888338767E0,5.324681078E0
2.183668042E0,-2.582807832E0,1.825750403E0,5.967037965E0,6.753503010E0
2.193639042E0,-1.022122020E0,3.592271435E0,8.391094185E0,9.184748723E0
2.203610042E0,-5.585105805E-1,4.110175112E0,4.728697677E0,6.290155423E0
2.213581042E0,2.181559615E-3,2.535264414E0,-5.613104832E-1,2.596659367E0
2.223552042E0,1.539509462E0,2.375774298E0,-3.942616716E0,4.853722228E0
2.233523042E0,2.610917444E0,-8.754626691E-2,-6.846777288E0,7.328227171E0
2.243494042E0,2.095272253E0,-2.045420939E0,-3.284600303E0,4.400285421E0
2.253465042E0,1.808183320E0,2.076556778E-1,1.601427237E0,2.424297217E0
2.263436042E0,2.645108453E0,3.135868771E0,-2.637621678E0,4.877224600E0
2.273407042E0,2.925024022E0,4.225177565E0,-8.299853647E0,9.761939436E0
2.283378042E0,5.130799003E0,1.419069830E0,-8.789140466E0,1.027559476E1
2.293349042E0,6.352513318E0,1.270159374E0,-6.709622658E0,9.326669637E0
2.303320042E0,7.689141793E0,4.171187299E0,7.912808901E-1,8.783383769E0
2.313291042E0,5.787958215E0,5.373008802E0,8.710074416E0,1.175734155E1
2.323262042E0,5.601469458E0,5.896170881E0,8.989579511E0,1.212245152E1
2.333233042E0,5.890684438E0,4.007966952E0,5.187925715E0,8.813542731E0
2.343204042E0,4.512298950E0,2.442156860E-1,4.592794937E-1,4.542182380E0
2.353175042E0,6.180667743E0,-2.320485073E0,-7.569472092E-1,6.645169208E0
2.363146042E0,6.374637428E0,-6.001699090E-1,5.813348579E-1,6.429164524E0
2.373116042E0,3.445103156E0,1.978379104E-1,1.923786575E0,3.950801233E0
2.383087042E0,2.949035905E0,-2.631099694E0,3.282991734E0,5.137852965E0
2.393058042E0,2.708802465E0,-3.693361900E0,1.519206029E0,4.825610829E0
2.403029042E0,1.255894360E0,-3.497428720E0,3.321545935E-1,3.730898681E0
2.413000042E0,7.475398432E-1,-4.061502305E-1,-2.241305003E0,2.397336426E0
2.422971042E0,-3.151159167E-1,3.581378657E-1,-4.023988908E0,4.052165779E0
2.432942042E0,4.617590055E-1,6.331376803E-1,-5.417124290E0,5.473510781E0
2.442913042E0,-6.626033714E-2,2.224905317E0,-5.484455563E0,5.918939679E0
2.452884042E0,-4.970827661E-1,-3.524379998E-2,1.876438746E0,1.941482879E0
2.462855042E0,2.660997494E-1,-4.615409043E0,1.035943011E1,1.134418802E1
2.472826042E0,-1.828214200E-1,-5.857768707E0,8.524854505E0,1.034504820E1
2.482797042E0,-3.052219381E0,-7.201312684E0,6.415701254E0,1.011613415E1
2.492768042E0,-2.174483899E0,-2.385796718E0,-1.613808131E0,3.608986408E0
2.502739042E0,-3.392908278E0,4.236813524E-1,-2.147437896E0,4.037675320E0
2.512710042E0,-5.819563804E-1,-4.559960774E0,-4.280243719E-1,4.616830120E0
2.522681042E0,5.726743276E-1,-9.642266772E0,3.080050081E0,1.013844036E1
2.532652042E0,4.957624649E-1,-9.422461749E0,6.464854118E0,1.143778408E1
2.542623042E0,1.339648269E0,-4.826439734E0,1.730972300E0,5.299570086E0
2.552594042E0,-1.894950592E0,-2.245155394E-1,-2.254634900E0,2.953747367E0
2.562565042E0,-4.668841996E-1,5.139025451E0,-2.946427170E0,5.942137369E0
2.572536042E0,-1.594340704E0,7.115523505E0,4.014429295E-1,7.302996197E0
2.582507042E0,1.204707542E0,5.117602422E0,1.153284350E0,5.382493809E0
2.592478042E0,2.841832761E0,-3.328545637E0,1.372971843E0,4.586968626E0
2.602449042E0,1.597425987E0,-5.170558316E0,-2.022653051E0,5.777332295E0
2.612420042E0,2.653002194E0,-4.541744359E0,-2.785891864E0,5.952063167E0
2.622390042E0,2.784592321E0,-3.156266491E0,-4.270853090E-1,4.230647044E0
2.632361042E0,2.838201348E0,9.959793386E-1,-5.309388757E-1,3.054383379E0
2.642332042E0,2.544165630E0,2.324638058E0,-4.365361637E-1,3.473799746E0
2.652303042E0,6.716847186E-1,2.909891720E0,9.094665670E-1,3.121819921E0
2.662274042E0,2.308383164E-1,2.148593013E0,-1.349205251E0,2.547566108E0
2.672245042E0,9.074140482E-2,3.587971392E-1,-2.847681731E0,2.871630309E0
2.682216042E0,1.059966735E0,2.704290462E-1,-4.085418001E0,4.229338198E0
2.692187042E0,2.340069007E0,-4.825154516E-1,-8.908683282E-1,2.549978528E0
2.702158042E0,3.714416846E0,1.782631865E-1,1.598383761E0,4.047653755E0
2.712129042E0,3.717124107E0,5.265472659E0,-4.243622607E0,7.716900076E0
2.722100042E0,3.917297395E0,8.677609506E0,-5.062963116E0,1.078330752E1
2.732071042E0,2.855880112E0,1.025637177E1,-8.865494578E0,1.385446524E1
2.742042042E0,1.924763060E0,5.795266650E0,-5.105689305E0,7.959767060E0
2.752013042E0,-7.870062100E-1,-1.010911958E0,3.541509417E0,3.766113475E0
2.761984042E0,6.855646929E-1,1.952077158E0,3.333516355E0,3.923383166E0
2.771955042E0,1.016065182E0,2.221756591E0,3.064539172E0,3.919182458E0
2.781926042E0,-2.084551384E0,2.927916347E0,-1.616864471E0,3.941103820E0
2.791897042E0,1.844174102E0,5.357561628E0,-6.828633378E0,8.873256365E0
2.801868042E0,-2.204965873E0,7.782090302E0,-7.586779851E0,1.108972644E1
2.811839042E0,-1.603643332E0,4.977358124E0,-2.207915062E0,5.676324053E0
2.821810042E0,-4.020253122E0,1.043804592E0,2.584552934E0,4.892021776E0
2.831781042E0,-4.882714507E0,-3.264702228E-1,1.731495625E0,5.190911371E0
2.841752042E0,-4.194456002E0,-2.276256149E0,-9.392902905E-1,4.863853355E0
2.851723042E0,-6.727665997E0,-4.540162979E0,6.590806067E-2,8.116582625E0
2.861694042E0,-3.902178542E0,-1.530474491E0,-3.776842890E0,5.642153113E0
2.871665042E0,-3.078140088E0,-1.675084028E-1,-1.421463972E-1,3.085970036E0
2.881635042E0,-4.178667058E0,2.083705291E0,2.916006446E-2,4.669468538E0
2.891606042E0,-2.620156045E0,4.263456362E0,4.839465576E-1,5.027572190E0
2.901577042E0,-7.565701808E0,2.115640152E0,2.580828257E0,8.269005478E0
2.911548042E0,-5.957291241E0,-1.106763902E0,1.328915412E0,6.203246041E0
2.921519042E0,-5.848537708E0,-4.756501772E0,9.749325782E-1,7.601328566E0
2.931490042E0,-4.283410571E0,-5.059789832E0,-5.490535498E-1,6.652107866E0
2.941461417E0,-4.539970898E0,-4.820979019E0,2.086057334E0,6.942968361E0
2.951432417E0,-3.347716610E-1,-3.246924061E0,1.858311208E0,3.756049583E0
2.961403417E0,-1.376362936E-1,-1.003640361E0,2.402845445E0,2.607662546E0
2.971374417E0,2.308743426E0,-4.833585032E0,6.133174319E0,8.143074830E0
2.981345417E0,-1.798403560E0,-3.768473478E0,5.215849679E0,6.681372283E0
2.991316417E0,7.059942797E-1,-4.429640079E0,8.230874628E0,9.373763188E0
3.001287417E0,5.165619611E-1,-5.824096931E0,4.952469451E0,7.662499265E0
3.011258417E0,2.097855553E0,-2.696412216E0,4.013384398E0,5.270568383E0
3.021229417E0,1.268683829E0,-3.057012928E0,2.780836362E0,4.322954727E0
3.031200417E0,-7.804495809E-1,-4.442319766E0,-1.048031545E0,4.630515799E0
3.041171417E0,9.049642110E-1,-5.310554692E0,-6.600817085E0,8.520078494E0
3.051142417E0,9.900271654E-2,-4.579446621E0,-7.187185226E0,8.522720479E0
3.061113417E0,2.507269700E0,-1.122727093E0,-4.438436630E0,5.219831146E0
3.071084417E0,2.958424779E0,2.701920585E0,-2.879591156E0,4.934034581E0
3.081055417E0,2.420962458E0,8.414152095E-1,4.526240174E0,5.201527554E0
3.091026417E0,2.398100429E0,-1.350795401E0,1.205571673E1,1.236591443E1
3.100997417E0,3.265469382E0,-4.522119641E-2,7.344021583E0,8.037411789E0
3.110968417E0,2.277754498E0,-9.511101446E-1,-1.309613754E0,2.794255580E0
3.120939417E0,9.085386139E-1,-1.974033453E0,-5.386746835E0,5.808553344E0
3.130909417E0,5.320070889E-1,-9.829377088E-1,-4.960333956E0,5.084693800E0
3.140880417E0,-9.048986491E-1,3.459104314E0,-3.228513810E0,4.817421057E0
3.150851417E0,-1.991971541E0,4.918011809E0,-9.285431081E-1,5.386741415E0
3.160822417E0,-6.016507164E-1,1.947248235E0,-2.477456501E0,3.208044574E0
3.170793417E0,-1.346489511E0,-1.370331826E0,-2.416420341E0,3.087058564E0
3.180764417E0,-6.647950175E-1,-1.276770528E0,-1.233244439E0,1.895517672E0
3.190735417E0,-6.199017037E-1,1.537671829E0,2.208249523E0,2.761354510E0
3.200706417E0,-7.779114508E-1,1.566698577E0,2.614824554E0,3.145949475E0
3.210677417E0,-7.987914924E-1,1.790169218E0,1.229281781E0,2.313851200E0
3.220648417E0,-1.791124654E0,2.220165856E0,-2.171385752E0,3.584993729E0
3.230619417E0,-2.679580713E0,4.073404604E0,-2.247615902E0,5.368850446E0
3.240590417E0,-3.261144489E0,3.984273742E0,-3.984754091E0,6.510588744E0
3.250561417E0,-3.763569710E0,3.485396612E0,-3.832925289E0,6.403418054E0
3.260532417E0,-3.304769104E0,2.909016100E0,-4.438373480E0,6.251642396E0
3.270503417E0,-1.672219769E0,4.571808695E0,-2.021937937E0,5.271241478E0
3.280474417E0,-9.701328181E-1,6.257748079E0,8.152287465E-1,6.384760498E0
3.290445417E0,9.582167043E-1,1.196152042E0,4.745407265E0,4.986767397E0
3.300416417E0,-3.116854649E-1,-5.877480841E-1,1.673441545E0,1.800833763E0
3.310387417E0,7.388932000E-1,-9.414748102E-2,1.974604726E-1,7.705955797E-1
3.320358417E0,4.622121282E-1,-2.387775708E0,-1.944504429E0,3.113873851E0
3.330329417E0,-1.225399596E0,-2.326691308E0,-2.124012780E-1,2.638221165E0
3.340300417E0,-1.390485424E0,5.879047310E0,-7.013822883E0,9.256908686E0
3.350271417E0,2.243955984E-1,1.221905168E1,-3.802171274E0,1.279890947E1
3.360242417E0,3.038574026E0,1.265326357E1,-6.125131474E0,1.438246317E1
3.370213417E0,5.078314980E0,8.718881493E0,-7.160353523E0,1.237250339E1
3.380183417E0,3.747964953E0,-5.365450691E0,-2.025188404E0,6.851035723E0
3.390154417E0,8.852323725E0,-8.024110066E0,-1.085287079E0,1.199699236E1
3.400125417E0,4.080303442E0,-1.265972475E0,-1.407608410E0,4.498102258E0
3.410096417E0,3.409290422E0,3.037702791E0,1.284650820E0,4.743545843E0
3.420067417E0,4.473756736E0,4.876110954E0,-1.226396180E0,6.730156384E0
3.430038417E0,1.453286859E0,6.282293521E0,-1.943019821E0,6.734580952E0
3.440009417E0,5.908666965E0,4.826644387E0,4.748954186E0,8.986735069E0
3.449980417E0,4.770188350E0,1.319558406E0,1.947492356E0,5.318708279E0
3.459951417E0,3.850023133E0,-3.630471587E0,-4.863214628E0,7.187061888E0
3.469922417E0,4.352626694E0,-5.892426909E0,-5.920364320E-1,7.349595985E0
3.479893417E0,-1.105239314E0,-4.048529964E0,9.527988789E0,1.041127846E1
3.489864417E0,-4.921893775E-1,-3.771729792E0,9.745843765E0,1.046181947E1
3.499835417E0,3.669258215E0,-3.826227011E0,6.414915388E0,8.321935378E0
3.509806417E0,6.683122492E0,-3.592713484E-1,-1.565359272E0,6.873394489E0
3.519777417E0,4.610561702E0,4.203351956E0,-7.482556155E0,9.742386437E0
3.529748417E0,2.210493246E0,-1.782297989E0,2.685339636E-1,2.852188108E0
3.539719417E0,3.189568723E0,-1.071515717E1,5.761709479E0,1.257717130E1
3.549690417E0,2.352704401E0,-1.194049968E1,1.215170813E1,1.719810341E1
3.559661417E0,-1.559313543E-2,-3.701735697E0,6.287787564E0,7.296530872E0
3.569632417E0,-3.777521752E0,-1.609770336E0,1.386314605E0,4.333924238E0
3.579603417E0,-2.264440242E-1,-4.363927900E0,-1.280516839E-1,4.371674833E0
3.589574417E0,2.420994764E0,-7.872739102E0,5.021799302E-1,8.251873805E0
3.599545417E0,2.232039797E0,-5.656574203E0,2.082346106E0,6.427674437E0
3.609515417E0,1.096495607E0,1.167274691E0,1.315792506E0,2.072713858E0
3.619486417E0,3.169902197E0,6.768447402E-1,-2.856391743E0,4.320344030E0
3.629457417E0,2.017549894E0,-1.718014285E0,-9.851133993E0,1.020131960E1
3.639428417E0,-6.094501711E-2,1.426992222E0,-9.185550697E0,9.295932590E0
3.649399417E0,6.111553289E-1,7.008687859E0,4.472570336E-1,7.049486165E0
3.659370417E0,-5.463784486E-2,6.051780492E0,9.758179636E0,1.148255643E1
3.669341417E0,-2.104996904E0,3.089233133E-1,8.378741941E0,8.644637766E0
3.679312417E0,-2.246781066E0,-4.050264833E0,-1.322562413E0,4.816829010E0
3.689283417E0,-8.244715865E-1,-2.009006527E0,-6.452038776E0,6.807691605E0
3.699254417E0,4.908568336E-1,1.847826858E0,-6.340818887E0,6.622793118E0
3.709225417E0,6.553106144E-1,-2.888729185E-1,-2.734771412E0,2.826986778E0
3.719196417E0,7.353222323E-1,-3.090672718E0,-6.194025707E-1,3.236760136E0
3.729167417E0,1.677869934E0,8.084080279E0,-6.461711825E0,1.048433695E1
3.739138417E0,-2.006152282E-2,1.556274921E1,-3.322173926E0,1.591340331E1
3.749109417E0,-1.498799064E-1,8.186487830E0,2.805932611E-1,8.192666205E0
3.759080417E0,-1.170340020E0,-4.224857723E0,-3.740019464E-1,4.399885907E0
3.769051417E0,-2.189673357E0,-7.264470799E0,-4.009641595E0,8.581633360E0
3.779022417E0,-3.116036477E0,7.359896189E-1,-1.861704932E0,3.703688607E0
3.788993417E0,-3.874036185E-3,1.158131107E1,4.169145452E0,1.230888114E1
3.798964417E0,4.375656391E-1,8.663217754E0,1.734879994E0,8.846050765E0
3.808935417E0,-3.098977518E0,3.454392920E0,-3.003172059E0,5.527706081E0
3.818906417E0,-3.205706745E-2,2.122887776E0,-5.377136351E0,5.781113691E0
3.828877417E0,-2.268386382E0,3.203973923E0,-2.456473183E0,4.630905546E0
3.838847417E0,-2.533328108E0,6.333630320E0,-3.546274897E0,7.688217608E0
3.848818417E0,-5.528362890E0,3.636027319E0,-7.500418230E0,1.000198803E1
3.858789417E0,-8.215574219E0,-1.494590713E0,-4.555822992E0,9.512359554E0
3.868760417E0,-9.448704053E0,1.383523144E0,-7.209453177E-1,9.576633371E0
3.878731417E0,-6.360175509E0,5.170454235E0,8.551348239E-1,8.241157994E0
3.888702417E0,-6.198765460E0,7.733670094E0,2.854167463E0,1.031409803E1
3.898673417E0,-3.549998112E0,7.525567689E0,6.754159731E0,1.071705787E1
3.908644417E0,-3.011896690E0,1.858679875E0,9.298973233E-1,3.659360815E0
3.918615417E0,-5.057039886E0,-3.808503808E0,1.586174190E-1,6.332733466E0
3.928586417E0,-3.512842273E0,-5.151595210E0,-4.306887141E0,7.578144291E0
3.938557042E0,-5.490299270E0,-2.533712855E0,-2.210029415E0,6.437959065E0
3.948528042E0,-4.323381844E0,1.415479347E-1,3.626579973E0,5.644798374E0
3.958499042E0,-2.339701363E0,-2.068099073E0,6.715998462E0,7.406474977E0
3.968470042E0,-3.819477570E0,-2.362796403E0,1.203530644E0,4.649699104E0
3.978441042E0,-1.522084321E0,-1.155028867E0,-6.515616721E-1,2.018753322E0
3.988412042E0,-1.732943871E-1,-3.146265413E0,-1.584164502E0,3.526839118E0
3.998383042E0,2.068050833E0,-4.615276019E0,-1.212584472E0,5.200766106E0
4.008354042E0,2.128792294E0,-3.859733896E0,1.917331833E0,4.806814302E0
4.018325042E0,2.037542255E0,-2.085412386E0,2.963704523E0,4.157411185E0
4.028296042E0,4.240168657E0,-1.496982224E0,6.991134517E0,8.312397239E0
4.038267042E0,5.110857074E0,-1.576647906E0,3.687529594E0,6.496503149E0
4.048238042E0,3.549635877E0,-1.466043729E0,-6.856491852E-1,3.901193904E0
4.058209042E0,1.948677879E0,-4.349977028E0,4.756791794E-1,4.790189589E0
4.068179042E0,7.109644587E-2,-4.850793972E0,9.282279432E-2,4.852202895E0
4.078150042E0,-1.617637327E-1,-3.224240665E0,-1.028280820E0,3.388105195E0
4.088121042E0,-4.033372447E-1,1.416464018E0,-2.983707848E0,3.327395944E0
4.098092042E0,-2.177320822E0,3.459071570E0,-1.156457634E0,4.247740146E0
4.108063042E0,-2.025317920E0,1.964932262E0,-3.680652684E-1,2.845758864E0
4.118034042E0,-1.638717270E0,-1.715997288E0,-6.842996478E-1,2.469475044E0
4.128005042E0,-1.988432295E-1,-4.301841871E0,1.248210973E0,4.483682945E0
4.137976042E0,2.092410772E-1,-2.992269925E0,3.165383177E0,4.360861359E0
4.147947042E0,-2.310688064E-1,-6.548375747E-1,-1.495568660E0,1.648918027E0
4.157918042E0,-4.291690009E-1,3.100265952E0,-7.825812857E0,8.428474469E0
4.167889042E0,-5.703247336E-1,2.547312017E0,-5.700355230E0,6.269618694E0
4.177860042E0,-4.952153116E-1,-2.419194844E-1,-6.683390880E-1,8.662796190E-1
4.187831042E0,-4.279244576E-1,-7.235739335E-1,4.854814517E0,4.927058207E0
4.197802042E0,1.078977787E0,-1.173839360E0,6.920738719E0,7.102021988E0
4.207773042E0,4.161510742E0,-3.141630033E0,1.096721894E0,5.328302716E0
4.217744042E0,3.206438524E0,2.766551614E-1,-2.515548187E0,4.084821755E0
4.227715042E0,3.290487279E0,4.761112594E0,-1.886517591E0,6.087236507E0
4.237686042E0,1.007675305E0,5.490087601E0,2.544348063E0,6.134344175E0
4.247657042E0,1.594230484E0,1.559132864E0,2.081918090E0,3.050712877E0
4.257628042E0,8.626092466E-1,-1.179916078E0,8.075601232E-1,1.669865269E0
4.267599042E0,1.835914252E-2,-2.234325766E0,-1.049257121E0,2.468499381E0
4.277570042E0,8.818603271E-1,-5.055371675E0,-1.573620218E-1,5.134123413E0
4.287540042E0,1.578495919E0,-5.012589353E0,-3.764028132E-2,5.255389441E0
4.297511042E0,1.635257180E0,-3.296282162E0,-5.498897016E-1,3.720473199E0
4.307482042E0,2.227250635E0,-2.607758486E0,4.514828163E-1,3.459029697E0
4.317453042E0,2.020622459E0,-2.742519557E0,1.226717193E0,3.620657912E0
4.327424042E0,2.077651961E0,-2.750501592E0,2.196427038E0,4.087320444E0
4.337395042E0,1.002002336E0,-2.363872291E0,5.824142540E0,6.364945971E0
4.347366042E0,1.000762653E0,6.283491030E-1,4.337464571E-1,1.258763072E0
4.357337042E0,1.501000285E0,-2.467709777E0,-1.341694502E0,3.184766481E0
4.367308042E0,3.811048224E0,-4.011576731E0,-1.926791459E0,5.859126365E0
4.377279042E0,3.264049971E0,-4.641496688E0,1.030378801E0,5.767078480E0
4.387250042E0,2.606854799E0,-2.665097160E0,3.510088819E0,5.120464659E0
4.397221042E0,2.367541857E0,9.767098394E-1,5.807794894E0,6.347416647E0
4.407192042E0,3.973887991E-1,3.997246375E0,3.602995813E-1,4.033077265E0
4.417163042E0,2.238779152E0,2.624166943E0,2.703372449E-1,3.459980702E0
4.427134042E0,9.332568410E-1,1.883786065E0,1.770032870E0,2.748205711E0
4.437105042E0,2.246552294E0,4.572443703E-1,-5.663379192E-2,2.293311363E0
4.447076042E0,2.052018499E0,1.095923457E0,-3.221833366E-1,2.348537895E0
4.457047042E0,1.686292848E0,-2.339476830E-1,-2.112761568E0,2.713314676E0
4.467018042E0,5.306973126E-2,1.554269150E0,-6.355398334E0,6.542908908E0
4.476989042E0,1.531362391E-1,4.946911088E-1,-5.315623058E0,5.340788191E0
4.486960042E0,5.157049786E-1,-3.636680745E0,9.318140405E-1,3.789416297E0
4.496930042E0,-1.213266331E0,-5.636706533E0,1.208996270E1,1.339446430E1
4.506901042E0,-2.695905554E0,7.754437065E-1,7.181297665E0,7.709750699E0
4.516872042E0,-4.853967402E-2,6.328026348E0,-6.475990725E0,9.054541923E0
4.526843042E0,-2.988133020E0,2.307674993E0,-1.040912910E1,1.107268132E1
4.536814042E0,-2.725805876E0,-3.209064801E0,-6.519660071E0,7.761061912E0
4.546785042E0,-2.845709465E0,-2.788727179E0,-2.222142507E0,4.562124391E0
4.556756042E0,3.247755900E-1,-2.576687551E0,2.262977240E1,2.277830978E1
4.566727042E0,5.188606478E-1,2.253610468E0,1.985906458E1,1.999325943E1
4.576698042E0,-1.892294385E-1,4.256588808E0,-3.790001464E-1,4.277615828E0
4.586669042E0,-6.283423203E0,-1.517472330E0,-1.367565976E1,1.512639412E1
4.596640042E0,-6.825180012E0,-3.175032544E0,-1.338221139E1,1.535407098E1
4.606611042E0,-2.747750769E0,1.897544563E0,-6.242220213E0,7.079274175E0
4.616582042E0,-6.006533641E-1,2.006567945E0,-2.836101320E0,3.525701360E0
4.626553042E0,-8.619029760E-1,-3.244743342E0,1.232539382E1,1.277444985E1
4.636524042E0,-2.286286025E0,-8.484201738E-1,1.475074988E1,1.495097129E1
4.646495042E0,-3.211359541E-1,3.290932837E-1,1.722090379E0,1.782421377E0
4.656466042E0,-1.591486385E0,-1.270372212E0,-9.659864552E0,9.872165803E0
4.666437042E0,-2.203721878E0,-2.468615219E0,-7.862780709E0,8.530754462E0
4.676408042E0,-4.082472467E0,-2.099101010E0,-3.467288370E0,5.752816278E0
4.686379042E0,-2.027912183E0,1.760422678E0,-4.237408186E0,5.016686552E0
4.696350042E0,-2.229522571E0,-2.850227901E0,-2.057717049E0,4.162783856E0
4.706321042E0,-1.711094105E0,-5.370584546E0,3.535454040E0,6.653604788E0
4.716291042E0,2.915938033E0,6.002403679E-1,3.071809015E0,4.277732313E0
4.726262042E0,-4.854924518E-1,5.894061205E0,-1.365627156E0,6.069645619E0
4.736233042E0,-8.972238862E-1,5.830017822E0,-1.400636190E0,6.062664451E0
4.746204042E0,1.264885916E0,-3.171313715E0,-9.979057038E-1,3.557103155E0
4.756175042E0,-1.967922235E0,-1.023664794E1,1.348703560E0,1.051097903E1
4.766146042E0,-7.207678548E-1,-1.320679317E0,-1.864517443E0,2.395855891E0
4.776117042E0,-8.066342897E-1,9.948988316E0,-2.963847780E0,1.041236866E1
4.786088042E0,1.097866633E-1,1.128825564E1,-3.491913334E0,1.181652348E1
4.796059042E0,1.268494817E0,1.371956767E0,-4.571988205E0,4.939070825E0
4.806030042E0,-8.552746455E-1,-1.115645589E1,2.665970149E0,1.150240843E1
4.816001042E0,5.635729902E-1,-1.022016347E1,1.041529792E1,1.460300608E1
4.825972042E0,6.277883551E-1,1.086829575E0,8.228174969E0,8.323351492E0
4.835943042E0,9.176802240E-1,4.324372363E0,5.545896935E-1,4.455323002E0
4.845914042E0,-2.335718970E0,2.649518131E0,-3.214930728E0,4.776118615E0
4.855885042E0,7.008531153E-1,1.053206331E0,-6.368279750E0,6.492720974E0
4.865856042E0,8.424979676E-1,-2.002062081E0,-3.530848188E0,4.145472751E0
4.875827042E0,3.096586738E-1,-2.767304150E0,5.416095180E0,6.089987500E0
4.885798042E0,-7.274545844E-1,-3.794854068E0,9.916208825E0,1.064242947E1
4.895769042E0,1.590956482E0,4.553413939E-1,2.040853094E0,2.627462590E0
4.905740042E0,5.409583136E0,2.349634028E0,-2.081277235E0,6.254285307E0
4.915710042E0,4.074394538E0,-5.214429975E0,2.285391839E0,7.000998977E0
4.925681042E0,4.730367057E0,-3.660794663E0,7.252684566E0,9.401022470E0
4.935651333E0,4.322226142E0,4.079557630E0,2.305857679E0,6.375061483E0
4.945622333E0,-2.667271739E-1,3.645445137E0,-1.329189062E-1,3.657605920E0
4.955593333E0,9.607957649E-1,1.690259891E0,-8.123308665E-1,2.107128007E0
4.965564333E0,-1.166671039E0,2.111761402E0,-4.311756118E0,4.940839843E0
4.975535333E0,-3.312418723E0,-2.963970279E0,-4.221911311E0,6.130397436E0
4.985506333E0,1.093057956E0,-1.884834470E0,-4.888122597E0,5.351739829E0
4.995477333E0,3.072726736E0,-2.266326993E0,-3.251665860E0,5.015099052E0
5.005448333E0,1.220720727E0,-3.945592072E0,5.008411517E0,6.491690212E0
5.015419333E0,2.205978611E0,1.041332682E0,3.768506514E0,4.489137638E0
5.025390333E0,2.439392443E0,6.417950678E0,-2.403028463E0,7.274288432E0
5.035361333E0,2.116237007E0,3.764277223E0,-6.227713856E0,7.578434004E0
5.045332333E0,1.977869226E0,1.305493513E0,-4.884632978E0,5.429172987E0
5.055303333E0,7.062389126E-1,-8.573199284E-1,1.837474070E0,2.147110109E0
5.065274333E0,5.701770549E-1,-3.125758935E0,7.175749826E0,7.847729376E0
5.075245333E0,8.417604876E-1,-3.471448663E0,8.143902558E0,8.892843494E0
5.085216333E0,1.336800967E0,6.506688023E-1,-2.667624911E0,3.053953075E0
5.095187333E0,5.042751045E0,-6.766368717E-2,-5.268122032E0,7.292943591E0
5.105158333E0,3.911889013E0,4.969645062E-1,-4.002830173E0,5.618941072E0
5.115129333E0,4.661087200E0,2.862228726E0,-3.737715662E-1,5.482498732E0
5.125100333E0,1.329428798E0,-6.804738146E-1,2.913447120E0,3.273927253E0
5.135070333E0,-6.447863571E-1,-4.694986432E0,6.206117749E-1,4.779519434E0
5.145041333E0,1.142097749E0,-2.865696418E0,3.455714976E0,4.632339498E0
5.155012333E0,1.128676270E0,2.257154173E0,5.176735314E0,5.759100936E0
5.164983333E0,2.068769310E0,1.061915758E-1,1.094393533E0,2.342814614E0
5.174954333E0,3.076651972E0,-6.180313987E-1,-2.309451962E0,3.896321153E0
5.184925333E0,4.821725416E0,9.336696544E-1,-5.012179463E0,7.017315582E0
5.194896333E0,4.777138351E0,-4.484565899E-1,-1.397162944E0,4.997422178E0
5.204867333E0,2.800803434E0,-5.181791402E0,1.062267761E0,5.985304904E0
5.214838333E0,1.316408364E0,-3.472667808E0,4.351767445E0,5.721034223E0
5.224809333E0,1.813061360E0,-2.823372224E0,4.315070904E0,5.466119201E0
5.234780333E0,9.547041357E-3,-8.090970638E-1,6.281439827E0,6.333341575E0
5.244751333E0,-1.516261079E0,3.514561354E0,1.190421771E0,4.008527555E0
5.254722333E0,8.799871715E-1,-1.373160416E0,-2.387904639E0,2.891718437E0
5.264693333E0,3.510597380E-1,3.506961143E-1,-4.139433410E0,4.169069400E0
5.274664333E0,1.140850465E0,1.342991415E0,-4.805954599E0,5.118824604E0
5.284635333E0,1.753439641E0,3.452384402E0,-4.890042822E0,6.237469634E0
5.294606333E0,1.973944575E0,6.009209839E-1,5.404990733E-1,2.133003156E0
5.304577333E0,1.252323465E0,-2.164940659E0,3.371789305E0,4.198124013E0
5.314548333E0,3.859655689E-1,-6.116652426E0,5.828566543E0,8.457812617E0
5.324519333E0,1.821199734E-1,-6.985331740E0,1.332374391E1,1.504493865E1
5.334490333E0,-6.221751011E-1,-1.086732219E0,7.068307824E0,7.178374765E0
5.344460333E0,-2.361427570E0,3.455567918E0,3.641767530E0,5.547951023E0
5.354431333E0,-3.510734644E0,4.044388674E0,9.189846647E-1,5.433863294E0
5.364402333E0,-3.433463470E-1,2.901015062E0,-1.036218532E1,1.076608841E1
5.374373333E0,-4.393272224E-1,3.524660372E0,-8.891956737E0,9.575131005E0
5.384344333E0,-1.931491889E0,2.783256524E0,-8.798082613E0,9.427801200E0
5.394315333E0,-2.265939030E0,-2.568010283E0,-4.477902997E0,5.637443725E0
5.404286333E0,-1.782310268E0,-5.616677481E0,2.783156537E0,6.516874721E0
5.414257333E0,-2.183302524E0,-1.857747536E0,4.055306595E0,4.966240771E0
5.424228333E0,-4.315450974E0,1.011707179E0,-3.226832736E-1,4.444186429E0
5.434199333E0,-4.626789772E0,1.744848035E0,-3.948952174E-1,4.960606867E0
5.444170333E0,-4.663264410E0,2.662877557E-1,1.858308869E0,5.026952952E0
5.454141333E0,-3.055067852E0,-2.369045030E0,2.820593335E0,4.785557512E0
5.464112333E0,-3.087495633E0,-2.219794558E0,-2.834595662E-1,3.813196361E0
5.474083333E0,-3.731909376E0,-1.144560012E0,-3.647224737E0,5.342229263E0
5.484054333E0,-3.068726656E0,-2.185715816E0,-3.303134807E0,5.010502616E0
5.494025333E0,-6.389942515E-1,7.955283076E-1,-5.515701914E-1,1.159917505E0
5.503996333E0,1.798731735E0,-1.598438725E-1,3.614975588E0,4.040919997E0
5.513967333E0,2.007322090E0,-1.050409023E0,3.334443138E0,4.031279218E0
5.523938333E0,3.384049454E0,-9.297955817E-1,-1.555334221E0,3.838668398E0
5.533909333E0,1.465233597E0,-1.351779780E0,-3.501064811E0,4.028855033E0
5.543879333E0,-8.707041319E-2,-1.466421167E0,1.347270992E0,1.993266520E0
5.553850333E0,-7.004603286E-1,1.157841085E0,2.803384395E0,3.112909365E0
5.563821333E0,-1.282753984E0,3.072106346E0,3.094814301E-1,3.343512216E0
5.573792333E0,-2.680261621E0,-7.446429133E-3,8.107953876E-1,2.800222664E0
5.583763333E0,-2.215896658E0,-4.156971549E0,4.714038708E0,6.664290764E0
5.593734333E0,-7.151505078E-1,-4.513249123E0,4.272561647E0,6.255848537E0
5.603705333E0,1.030714431E0,-3.168933606E0,3.217093028E0,4.631867873E0
5.613676333E0,2.212261736E0,-8.240890324E-2,-1.173664235E0,2.505669762E0
5.623647333E0,1.723222985E0,3.141138867E0,-1.157307819E0,3.765051424E0
5.633618333E0,2.714780366E0,2.163373897E0,-2.946622467E0,4.553328784E0
5.643589333E0,1.399908212E0,-2.360556335E0,-3.937046658E0,4.799198433E0
5.653560333E0,9.912899813E-2,1.136642005E0,-4.708472158E0,4.844738555E0
5.663531333E0,-7.614989743E-2,1.644155473E0,-2.794798343E0,3.243446285E0
5.673502333E0,-1.683510048E-1,3.661082053E-1,-1.615642987E0,1.665136493E0
5.683473333E0,9.764238375E-1,-8.398712522E-1,2.202943175E0,2.551812270E0
5.693444333E0,2.106444821E0,4.907720125E-1,2.680961825E0,3.444636884E0
5.703415333E0,2.851020491E0,5.228951535E-1,1.090979344E0,3.097091072E0
5.713386333E0,3.518091318E0,1.641942009E-1,-3.827223669E0,5.201112119E0
5.723357333E0,2.403788747E0,-2.030878622E0,-1.738317572E0,3.595054422E0
5.733328333E0,1.895381532E0,-2.666002016E0,1.978929327E0,3.823113807E0
5.743299333E0,3.336951155E-1,9.484914690E-1,3.044859198E0,3.206580115E0
5.753269333E0,7.183352669E-1,6.826728939E0,-2.007909297E0,7.152057977E0
5.763240333E0,8.435374564E-1,5.571488444E0,-6.711205500E0,8.763179685E0
5.773211333E0,8.874485110E-1,2.241583622E0,-4.255552096E0,4.891010697E0
5.783182333E0,2.974320435E0,1.021822862E0,-1.129383856E0,3.341588231E0
5.793153333E0,7.238003670E-1,-2.143773738E0,-2.124019797E0,3.103403439E0
5.803124333E0,-1.626305385E0,-4.545256781E0,-3.446506780E-1,4.839732689E0
5.813095333E0,-1.948527898E0,-4.881884787E0,4.910832598E0,7.193457920E0
5.823066333E0,-1.667548721E0,-3.404232288E0,1.011035276E1,1.079762701E1
5.833037333E0,6.865402278E-1,1.441025248E0,4.809933629E0,5.067874581E0
5.843008333E0,2.837808415E0,6.637479712E0,-1.729889980E0,7.423059535E0
5.852979333E0,2.650161324E0,-1.544503131E0,-5.112386121E0,5.961991011E0
5.862950333E0,3.098595403E0,-6.400158770E0,-7.469284730E0,1.031278527E1
5.872921333E0,2.716566398E0,-3.109519756E0,1.911043153E0,4.549827693E0
5.882892333E0,-1.331447111E0,-4.189256658E0,1.675305637E1,1.732014782E1
5.892863333E0,1.115492699E0,-4.240780860E-1,1.386955460E1,1.392080137E1
5.902834333E0,6.637254155E-1,5.081972998E0,-9.160423458E-1,5.206353288E0
5.912805333E0,-6.673944703E-1,3.637965378E0,-2.473407889E0,4.449489191E0
5.922776333E0,-1.588469222E-3,3.715860524E0,-8.738202447E0,9.495462283E0
5.932747333E0,7.282464436E-1,1.419459547E0,-1.277711813E1,1.287633317E1
5.942718583E0,-7.902118729E-1,-8.019843938E0,-5.204638227E0,9.593257563E0
5.952689583E0,-1.089074613E-1,-7.793076636E0,5.697942669E0,9.654556175E0
5.962659583E0,-1.360072301E0,-2.295114005E-1,1.056488022E1,1.065453735E1
5.972630583E0,-1.830549797E0,5.842240841E0,7.680627077E0,9.822154698E0
5.982601583E0,1.495412978E0,3.154335740E0,3.007313642E0,4.607605590E0
5.992572583E0,2.760156514E0,-4.863116979E0,-1.496805346E0,5.788678345E0
6.002543583E0,3.027700252E0,-3.568681720E0,-2.331977776E0,5.228821892E0
6.012514583E0,2.277042892E0,6.413869906E0,-9.257179674E0,1.148990979E1
6.022485583E0,1.017990451E0,4.788789805E0,-9.295931511E0,1.050633880E1
6.032456583E0,6.298933527E-1,-3.512774737E0,-3.400926565E0,4.929772154E0
6.042427583E0,4.206069230E-1,-7.783087252E0,7.855358253E0,1.106616513E1
6.052398583E0,-4.071217161E0,9.470603630E-1,6.780504946E0,7.965361249E0
6.062369583E0,-4.111486058E0,9.546435585E0,-6.534281033E-1,1.041468762E1
6.072340583E0,-3.172650973E0,2.435124414E0,-5.066907063E0,6.455160129E0
6.082311583E0,-1.589606798E0,-1.234361024E1,1.434557058E0,1.252794945E1
6.092282583E0,1.145000527E0,-9.460274523E0,1.150572411E1,1.493952836E1
6.102253583E0,-3.277874543E0,5.933231703E0,1.074557205E1,1.270492104E1
6.112224583E0,-2.420174070E-1,6.615921028E0,2.058393572E0,6.932962395E0
6.122195583E0,-4.564097168E-1,1.865538074E0,-5.821072751E0,6.129716968E0
6.132166583E0,3.738769037E0,-1.607470042E0,-5.142874673E0,6.558316381E0
6.142137583E0,2.103581732E0,-1.013898423E-1,-4.669967659E0,5.122883361E0
6.152108583E0,1.323804069E0,4.588637567E0,-7.087224151E0,8.546156920E0
6.162079583E0,-1.787238448E0,-5.626050568E-1,-7.008958000E0,7.255083595E0
6.172049583E0,-3.611485678E0,-1.075948842E1,6.331397853E0,1.299600010E1
6.182020583E0,-5.440114592E-1,-7.129591906E0,1.824898230E1,1.959980571E1
6.191991583E0,-2.798313982E0,7.081572232E0,7.599350195E0,1.075775766E1
6.201962583E0,-3.267630513E0,8.288876084E0,-7.491249796E0,1.164051972E1
6.211933583E0,-2.541773534E0,-4.803404920E0,-8.893419126E0,1.042239009E1
6.221904583E0,6.204808704E-1,-6.123584885E0,-3.982460813E0,7.330981004E0
6.231875583E0,-3.552875308E-1,3.100347228E0,-3.239340515E0,4.497967223E0
6.241846583E0,-2.290103087E0,5.487313682E0,-2.899110332E0,6.615136001E0
6.251817583E0,-3.546851725E0,1.285895985E0,-2.145707704E0,4.340247366E0
6.261788583E0,-1.582439720E0,-3.137964706E0,1.589694214E-1,3.517983689E0
6.271759583E0,-1.650517536E0,-8.076304652E0,4.440183778E0,9.363019649E0
6.281730583E0,1.275674467E0,-6.138202339E-2,7.384443970E0,7.494072714E0
6.291701583E0,8.325348238E-1,5.470016448E0,-3.306506311E0,6.445710059E0
6.301672583E0,-1.259799277E0,6.851568496E0,-1.027719487E1,1.241578912E1
6.311643583E0,5.761542614E-1,1.031782132E0,-5.138177020E0,5.272323130E0
6.321614583E0,3.129079569E0,-3.749455116E0,9.278385186E-1,4.970959358E0
6.331585583E0,1.870644301E0,-3.728272116E0,4.837943546E0,6.387880778E0
6.341556583E0,8.294300254E-1,-1.660013706E0,3.579312251E0,4.031758408E0
6.351527583E0,-1.166185592E-1,-1.452460063E0,4.438857629E0,4.671905091E0
6.361498583E0,6.689437632E-2,-2.014292702E0,1.425610233E0,2.468646286E0
6.371469583E0,4.665875996E-1,-2.117339645E0,8.538209546E-1,2.330202005E0
6.381440583E0,1.588312809E0,-7.832523707E-1,-1.504335390E0,2.323627944E0
6.391411583E0,2.838930203E0,4.234246889E0,-3.310815125E0,6.078640325E0
6.401382583E0,2.115478915E0,1.074296653E0,3.918606879E0,4.580921764E0
6.411352583E0,1.707017426E0,-4.669040290E0,2.665860806E0,5.640980372E0
6.421323583E0,2.164113424E0,1.748794613E0,3.452934625E0,4.434459046E0
6.431294583E0,-4.097285072E-1,2.863254036E0,-1.327427881E0,3.182477950E0
6.441265583E0,3.335705698E-1,-3.333359357E0,-5.040788720E0,6.052446187E0
6.451236583E0,8.969091598E-1,-6.246831912E0,-4.286669809E0,7.629082056E0
6.461207583E0,1.761199919E0,-5.640865658E0,-2.108542217E0,6.274323932E0
6.471178583E0,4.398189367E-1,-1.053734919E0,-3.080891495E0,3.285679592E0
6.481149583E0,-2.055238414E0,-4.406297994E-1,5.990944891E0,6.348982615E0
6.491120583E0,-3.017440142E0,-2.349756527E0,1.162218545E1,1.223525624E1
6.501091583E0,-2.466225462E0,4.396657104E0,4.255046312E0,6.596838701E0
6.511062583E0,-1.677367548E-1,5.186573839E0,-2.176684499E-1,5.193848608E0
6.521033583E0,-4.943633358E-1,3.318590167E0,-5.585149294E-1,3.401378358E0
6.531004583E0,9.609230150E-1,-3.047392212E0,1.659958450E0,3.600754698E0
6.540975583E0,8.408017635E-1,-3.986930717E0,-9.301540160E-1,4.179443820E0
6.550946583E0,1.954940393E0,1.022997276E0,-7.724515108E0,8.033458099E0
6.560917583E0,2.522762190E0,-1.535216583E0,3.649545497E-1,2.975636209E0
6.570888583E0,9.684244079E-1,3.004435935E0,3.592155660E0,4.782056399E0
6.580859583E0,6.294252100E-1,4.875052023E0,-1.869796894E0,5.259130037E0
6.590830583E0,-1.269277175E0,1.277448513E0,-5.539986570E0,5.825323205E0
6.600801583E0,-2.425903209E0,-1.568251889E0,-1.105466639E1,1.142585093E1
6.610772583E0,-1.433349169E0,-2.191544905E0,-5.833785183E0,6.394560850E0
6.620743583E0,6.362913761E-1,-7.085185227E0,1.112420031E1,1.320426253E1
6.630713583E0,3.001676341E0,-4.260672795E0,1.480019861E1,1.569105708E1
6.640684583E0,-1.697615250E0,6.351846735E0,6.659193347E0,9.358029201E0
6.650655583E0,-3.024913396E-1,6.828711730E0,-2.453476485E0,7.262392978E0
6.660626583E0,-4.891954862E0,-9.095937440E-1,-7.257816668E0,8.799686695E0
6.670597583E0,-6.188749180E0,-1.418539487E0,-8.763758873E0,1.082203032E1
6.680568583E0,-5.351489879E0,-1.511122254E0,-6.529547127E0,8.576533104E0
6.690539583E0,-4.256212539E0,-1.177523983E0,-1.477674426E0,4.656761709E0
6.700510583E0,-2.473508753E0,-5.082563567E0,1.359225039E1,1.472073262E1
6.710481583E0,-4.800052419E-1,-3.336983753E0,1.322064815E1,1.364373127E1
6.720452583E0,2.977968221E0,1.124354900E1,-4.812394722E0,1.258748711E1
6.730423583E0,2.600834396E-1,6.754053311E0,-9.448681249E0,1.161733433E1
6.740394583E0,1.117679626E-2,-6.145719520E0,-2.090780715E0,6.491637493E0
6.750365583E0,8.547848681E-1,-9.209265835E0,1.185913801E1,1.503929482E1
6.760336583E0,1.204267685E-1,4.465237927E-1,7.515192974E0,7.529409774E0
6.770307583E0,-2.055705607E0,5.035215154E0,-2.570288066E0,6.015454923E0
6.780278583E0,-2.852076791E0,4.280014508E0,-1.203810842E1,1.309079526E1
6.790249583E0,-7.965475503E-1,7.071227923E-1,-1.799434073E1,1.802583726E1
6.800220583E0,7.583329811E-2,-8.505049986E0,-1.207979790E1,1.477373153E1
6.810191583E0,-3.851474338E-1,-1.072312692E1,1.585712143E1,1.914633358E1
6.820162583E0,-2.446669449E0,-7.468625164E-1,3.105927285E1,3.116444167E1
6.830133583E0,3.973753139E-2,2.781277242E0,1.581069571E1,1.605350993E1
6.840104583E0,2.561278676E0,6.009517987E0,-9.790004861E0,1.176939464E1
6.850075583E0,2.661744659E0,4.410870516E0,-1.314572660E1,1.411916397E1
6.860045583E0,1.168223255E0,-1.494136092E-1,-9.150153408E0,9.225636964E0
6.870016583E0,1.932727844E0,5.554222786E0,-7.218728031E0,9.311007575E0
6.879987583E0,1.768223449E0,-1.156801450E-1,-1.134150506E0,2.103875812E0
6.889958583E0,3.041283041E0,-8.511456195E0,4.333977292E0,1.002385396E1
6.899929583E0,-1.578047145E0,-3.298144501E0,2.638692888E0,4.508956653E0
6.909900583E0,1.794847283E0,-1.819174332E0,2.158816577E0,3.345349165E0
6.919871583E0,2.853721320E0,-1.617950884E-1,-2.236988588E0,3.629603417E0
6.929842583E0,2.135074543E0,-8.581157345E-1,-2.218573952E0,3.196400522E0
6.939813792E0,2.832188071E0,2.662119465E0,5.903670520E-1,3.931501313E0
6.949784792E0,3.465875098E0,3.305433347E0,1.523507241E0,5.025858545E0
6.959755792E0,2.430826710E0,3.167320359E0,-1.134196115E-1,3.994208403E0
6.969726792E0,1.597711770E0,5.841309965E-1,-5.541100464E0,5.796351118E0
6.979697792E0,-4.210400920E-2,-4.350289561E0,-7.338803528E0,8.531402536E0
6.989668792E0,1.788265657E0,-3.243074254E0,-1.893978639E0,4.159636975E0
6.999639792E0,3.772936073E0,-7.445797634E0,8.990967055E0,1.226835105E1
7.009610792E0,1.552706043E0,-4.345063612E0,1.057683894E1,1.153949721E1
7.019581792E0,1.425301792E0,9.300581217E-3,5.684923258E0,5.860880834E0
7.029552792E0,-8.172034243E-1,-6.299731672E-2,4.029421556E-1,9.133194838E-1
7.039523792E0,-2.664651017E0,4.340996289E-1,-1.706996961E0,3.194158130E0
7.049494792E0,-3.446723127E-1,9.386757481E-1,-1.775037501E0,2.037319144E0
7.059465792E0,2.657002859E0,2.008319479E0,-4.996410692E-1,3.367885467E0
7.069436792E0,1.760354558E0,1.757147068E0,1.666070545E0,2.993694214E0
7.079407792E0,7.672212788E-1,-2.804081383E0,3.882497984E0,4.850287773E0
7.089378792E0,-2.302486759E0,-5.791436139E0,2.442666153E0,6.693937239E0
7.099348792E0,-1.945108446E0,-8.242144552E-1,-1.081501007E0,2.373272164E0
7.109319792E0,-1.277863957E0,-1.155324151E0,-6.798510861E-1,1.852000995E0
7.119290792E0,-8.029240852E-1,2.537823740E0,-2.752430588E-1,2.676003581E0
7.129261792E0,-3.677326349E-1,2.944144417E0,-8.388807338E-1,3.083331725E0
7.139232792E0,-3.736049205E-1,9.783996847E-1,-1.977572188E0,2.237775310E0
7.149203792E0,-5.736324669E-1,-1.191797036E-1,-2.900938171E0,2.959510142E0
7.159174792E0,-1.663483298E0,1.257926121E-1,-4.144757300E0,4.467886921E0
7.169145792E0,-1.859789384E0,1.643479827E-1,-1.516631500E0,2.405410135E0
7.179116792E0,-8.504143667E-1,4.311480714E0,-1.003391562E0,4.507645191E0
7.189087792E0,8.705111738E-1,1.804991618E0,4.675392705E0,5.086755488E0
7.199058792E0,8.310527008E-1,-4.072756733E0,4.911530170E0,6.434370569E0
7.209029792E0,2.261461817E0,-6.021545709E0,2.202363716E0,6.798796086E0
7.219000792E0,9.531234871E-1,-6.320582843E-1,-5.630938840E0,5.745904130E0
7.228971792E0,7.026805164E-1,3.768746835E0,-2.392990547E0,4.519249537E0
7.238942792E0,-1.985550714E0,1.758429362E0,-7.326742476E-1,2.751598992E0
7.248913792E0,-1.984665226E-1,1.850959504E-1,-1.885920591E0,1.905346673E0
7.258884792E0,-1.830810729E-1,2.762291917E-1,-3.896064109E0,3.910132579E0
7.268855792E0,8.898350521E-1,3.577782034E0,-3.905010933E0,5.370422804E0
7.278826792E0,1.643564465E0,3.372333096E0,-2.688612322E0,4.615470819E0
7.288797792E0,2.956375038E0,-1.667681160E0,3.209466505E-1,3.409445786E0
7.298768792E0,3.161058868E0,-1.181664981E0,2.636978484E0,4.282788907E0
7.308739792E0,3.329308698E0,4.553536731E-1,3.487323269E0,4.842836665E0
7.318710792E0,3.190914752E0,-2.857121476E0,1.923044563E0,4.695016557E0
7.328681792E0,1.325796215E0,-2.467296087E0,5.857664627E-1,2.861539434E0
7.338652792E0,1.459694822E0,1.516504616E-2,-1.514609533E0,2.103563878E0
7.348622792E0,1.296562695E-1,-6.500571835E-1,1.190609466E0,1.362694387E0
7.358593792E0,-2.910704118E-1,-9.457073173E-1,2.959651818E0,3.120676721E0
7.368564792E0,-9.468000888E-1,-9.761058220E-1,2.609172050E0,2.942276631E0
7.378535792E0,1.790162787E0,-9.828587714E-1,-1.810949346E0,2.729511257E0
7.388506792E0,-1.495214903E0,-4.577744204E-1,-5.626102608E0,5.839371163E0
7.398477792E0,1.148636179E-1,-1.944170261E0,1.372692931E0,2.382703829E0
7.408448792E0,1.320682825E0,-4.415219383E0,1.022260994E1,1.121339018E1
7.418419792E0,1.161234517E0,5.780189019E-1,1.240070947E1,1.246836664E1
7.428390792E0,4.378706152E0,6.493991379E0,3.015355318E0,8.392696783E0
7.438361792E0,-4.651348370E0,4.943389310E0,7.592697233E-1,6.829980237E0
7.448332792E0,1.755037977E0,1.789883582E0,-5.775441080E0,6.295995649E0
7.458303792E0,-8.438067207E-1,-4.593763528E0,-7.726547601E0,9.028522081E0
7.468274792E0,-3.706812834E0,-5.937309551E0,-5.307745689E0,8.784319575E0
7.478245792E0,-1.263238024E0,3.642882594E-1,-2.087638421E0,2.467125943E0
7.488216792E0,-2.208651811E0,2.737567843E0,1.485675171E0,3.818330949E0
7.498187792E0,-1.675450940E0,-1.425397394E0,2.794218884E0,3.556199201E0
7.508158792E0,-4.220729296E-1,-1.560855454E0,-3.435625112E0,3.797095629E0
7.518129792E0,-6.442823271E-1,2.011122634E0,-5.371024842E0,5.771275580E0
7.528100792E0,8.838477226E-1,-3.455066812E0,1.196799680E1,1.248805913E1
7.538071792E0,3.051642846E-1,-2.962003275E0,1.846422649E1,1.870278719E1
7.548042792E0,-1.093973703E0,5.899219034E0,1.102910938E1,1.255542980E1
7.558013792E0,2.545134222E0,1.140052452E1,-3.976337609E0,1.233940551E1
7.567984792E0,3.968199162E0,4.457469024E0,-8.383749497E0,1.029091300E1
7.577955792E0,3.569252701E0,-3.136535646E0,-1.199978577E1,1.290628836E1
7.587926792E0,1.422521149E0,-6.158893297E0,-1.261988182E1,1.411442348E1
7.597897792E0,3.593143985E-1,-3.673720225E0,-1.026725694E1,1.091063207E1
7.607867792E0,1.729693075E0,-4.064805982E-1,-9.654465233E0,9.816606519E0
7.617838792E0,2.480659313E-1,-4.874078754E0,-2.350068476E0,5.416733541E0
7.627809792E0,3.284481604E0,-3.513195444E0,1.822026779E1,1.884432328E1
7.637780792E0,2.452674539E0,-7.228173038E-1,2.558399858E1,2.571145777E1
7.647751792E0,-2.161436422E0,6.365995243E0,8.030197603E0,1.047290678E1
7.657722792E0,9.150862675E0,1.032440763E1,-1.198810771E0,1.384806224E1
7.667693792E0,9.178382011E0,-1.379653164E0,1.419891071E-1,9.282580466E0
7.677664792E0,3.172803293E0,-9.713025098E0,1.177746177E-2,1.021810530E1
7.687635792E0,5.741421395E0,-1.793005703E0,-5.618826917E0,8.231039121E0
7.697606792E0,1.524278196E0,4.956886438E0,-8.594438710E0,1.003785455E1
7.707577792E0,-1.461628497E-1,3.417627382E-1,-2.034070909E-1,4.237213619E-1
7.717548792E0,-2.479343398E0,-2.496405573E0,6.576468109E0,7.458492962E0
7.727519792E0,-5.620948141E-1,-1.018029481E0,2.574049580E-1,1.191046564E0
7.737490792E0,3.555167343E0,1.099218363E0,-6.770921944E0,7.726116736E0
7.747461792E0,3.927974119E0,2.271715494E0,-1.149193053E1,1.235532838E1
7.757432792E0,2.201287828E0,8.472086307E-1,-9.636585032E0,9.921048415E0
7.767403792E0,-1.243574569E0,-6.648317526E0,-2.147608634E0,7.096395316E0
7.777374792E0,-3.877164153E0,2.179415148E-1,2.057957019E1,2.094274599E1
7.787345792E0,-5.260191454E0,7.317606202E-1,2.155985823E1,2.220433684E1
7.797316792E0,-2.050502608E0,-7.208135800E0,4.789615724E0,8.893941839E0
7.807287792E0,-5.928369743E0,-4.231196104E0,-9.816658809E0,1.222355834E1
7.817258792E0,-1.380325302E0,-1.324279740E0,3.299748099E0,3.814099145E0
7.827229792E0,5.317155613E0,4.566812834E-1,1.466543081E0,5.534568657E0
7.837200792E0,2.574548640E0,8.286644787E-1,2.656516371E0,3.791050612E0
7.847171792E0,2.687969713E0,-6.141207808E-1,-1.314361108E0,3.054483694E0
7.857142792E0,5.021001523E-1,2.324154494E0,-7.894301879E0,8.244622540E0
7.867112792E0,-5.001933021E-1,6.325569348E0,-7.956726168E0,1.017705813E1
7.877083792E0,-1.111669351E0,7.455052022E0,-4.392620187E0,8.724031265E0
7.887054792E0,-3.387466567E0,3.375132450E0,-1.177387158E0,4.924701952E0
7.897025792E0,-3.945126341E0,-1.360679827E0,2.249520341E0,4.740866292E0
7.906996792E0,-5.576964946E0,-6.793707958E0,3.915052357E0,9.622091290E0
7.916967792E0,-3.569007995E0,-5.576015943E0,1.103516359E0,6.711744946E0
7.926938792E0,-3.425009492E0,-3.767431504E0,-1.460768956E0,5.296987455E0
7.936909792E0,-1.373020814E0,4.192225581E-1,-6.326605475E-1,1.568819007E0
7.946880917E0,3.150239692E-1,1.541746168E0,1.191551453E0,1.973832874E0
7.956851917E0,7.675057458E-1,-5.784673834E-1,-1.852777988E0,2.087217252E0
7.966822917E0,1.171314166E0,1.206015418E0,-6.908239126E0,7.109867642E0
7.976793917E0,-7.342727302E-1,1.986290386E-1,-1.046009461E1,1.048771610E1
7.986764917E0,-1.133181403E0,-7.518348132E0,-3.815191269E0,8.506782185E0
7.996735917E0,-2.054064586E0,-1.246581587E1,2.923275938E1,3.184603536E1
8.006706917E0,8.666816861E-1,-5.827525154E0,2.816846088E1,2.877800158E1
8.016677917E0,-3.229247928E0,8.789263258E0,1.220308761E1,1.538162989E1
8.026648917E0,-3.458894691E0,1.284364892E1,-2.438654729E1,2.777817414E1
8.036619917E0,1.585151804E0,-4.614148968E-1,-1.140366330E1,1.152254949E1
8.046590917E0,7.083217639E0,-6.580670503E0,-8.398571019E0,1.280676351E1
8.056561917E0,6.143733805E-1,1.869591656E0,-1.167224697E1,1.183698344E1
8.066532917E0,-3.642253726E0,4.700279040E0,-3.667154387E0,6.986176104E0
8.076503917E0,-3.806937924E0,-3.159470765E0,1.478771948E0,5.163506400E0
8.086474917E0,-1.775180758E0,-1.090751536E1,1.594906188E1,1.940354949E1
8.096445917E0,-3.407128707E0,-4.128054144E0,1.934727066E1,2.007401900E1
8.106416917E0,-1.225110085E0,9.421620335E0,5.542219037E0,1.099927344E1
8.116387917E0,-5.112677897E0,9.575967532E0,-8.491891996E0,1.378226611E1
8.126358917E0,1.048599017E0,1.087640584E0,-1.342861957E1,1.351333954E1
8.136329917E0,5.376725877E0,-3.188098733E0,-1.098367651E1,1.263781249E1
8.146299917E0,1.107811577E0,-4.074078204E0,-9.210615372E0,1.013216636E1
8.156270917E0,-3.991628662E0,-2.769232855E0,-2.637627525E0,5.528004065E0
8.166241917E0,-5.555549519E0,-8.987000889E-1,1.163717771E1,1.292655009E1
8.176212917E0,-1.896123105E0,1.176626435E-1,1.013707219E1,1.031355225E1
8.186183917E0,1.482505980E-1,-1.298016386E0,-2.742683280E-1,1.334933666E0
8.196154917E0,-8.661912509E-1,-2.990035412E0,-5.481923718E0,6.304132510E0
8.206125917E0,4.239231348E-5,-3.486744980E0,-5.563366077E0,6.565701231E0
8.216096917E0,3.383681372E-2,-3.966892309E0,-2.947611816E0,4.942245941E0
8.226067917E0,-4.223783735E-1,-6.550758487E0,6.916525215E-1,6.600698710E0
8.236038917E0,1.361987849E0,7.084867138E0,-1.379025466E0,7.345206907E0
8.246009917E0,7.101875373E-1,1.567113553E1,-1.003411442E0,1.571927765E1
8.255980917E0,-3.273668641E0,1.223294934E1,-1.135920458E0,1.271425465E1
8.265951917E0,-1.933687080E0,-1.391767835E1,-6.243483211E0,1.537602026E1
8.275922917E0,7.778681814E-1,-2.315710939E1,-1.230554486E1,2.623515253E1
8.285893917E0,3.797944906E0,-1.149261115E1,-7.515984102E0,1.424761431E1
8.295864917E0,-3.660132465E0,-4.408131973E0,3.983647681E1,4.024640458E1
8.305835917E0,-2.406625377E0,4.823107406E0,2.628181933E1,2.682886949E1
8.315806917E0,8.278744614E0,8.843547639E0,1.518944074E0,1.220873205E1
8.325777917E0,-4.236023273E0,7.036246955E0,-5.688204716E0,9.990412268E0
8.335748917E0,-6.230731019E0,6.538255970E0,-1.778633773E1,1.994804777E1
8.345719917E0,-3.888639022E0,9.254164850E0,-7.493072957E0,1.252626133E1
8.355690917E0,-6.938354040E0,-3.615411791E0,5.112826416E0,9.346280178E0
8.365661917E0,-1.743768785E0,-7.947948913E0,2.169419684E1,2.316999780E1
8.375632917E0,-2.415115096E0,-7.910715598E-1,2.526959614E0,3.583866631E0
8.385603917E0,-2.751390953E0,4.210416269E-1,-7.316084172E0,7.827676273E0
8.395574917E0,-3.767778390E-1,-6.552243680E-1,-8.238975946E0,8.273572695E0
8.405545917E0,1.632186076E0,-1.328320751E0,-6.318303013E0,6.659536048E0
8.415516917E0,-1.691337679E0,1.431706832E0,-4.400767112E0,4.927185685E0
8.425487917E0,-8.585475513E-1,1.325652958E0,-3.660329517E0,3.986536320E0
8.435458917E0,-3.934234001E-1,1.914326657E0,-2.513729119E0,3.184063850E0
8.445429917E0,-1.421973265E0,7.568115538E-1,-4.406455868E-1,1.670012044E0
8.455399917E0,-8.620878942E-2,-3.334192877E0,8.711314026E0,9.327982963E0
8.465370917E0,1.026272520E0,-9.479795453E-1,6.441132549E0,6.590909574E0
8.475341917E0,-1.023149449E-1,9.164001954E-1,1.751872587E0,1.979726049E0
8.485312917E0,-4.408881732E-1,7.322912550E-1,1.355394529E0,1.602412928E0
8.495283917E0,-4.878749364E-1,3.968648520E-1,-1.189320155E0,1.345364670E0
8.505254917E0,-2.780150483E0,-9.980594856E-1,-4.108727342E0,5.060335939E0
8.515225917E0,-2.489128128E0,-5.061268008E0,-5.827621633E0,8.110078087E0
8.525196917E0,-1.367909763E0,-7.589526873E0,-5.795045040E0,9.646483416E0
8.535167917E0,-3.609847580E0,7.283677733E0,-6.636958140E0,1.049438775E1
8.545138917E0,-5.420969419E0,1.921765660E1,1.416647621E0,2.001779521E1
8.555109917E0,-6.542726752E0,1.090529108E1,1.009277603E1,1.623566367E1
8.565080917E0,4.889087972E-1,-1.413719101E1,1.671228023E1,2.189519381E1
8.575051917E0,1.004593237E0,-2.070007195E1,5.460160967E0,2.143164819E1
8.585022917E0,5.834384669E-1,-2.103794570E0,-2.049198825E1,2.060795804E1
8.594993917E0,-1.787515460E0,4.109198043E0,-1.086545049E1,1.175324357E1
8.604964917E0,2.563964887E0,-4.915312734E-1,-2.813569075E-1,2.625772390E0
8.614935917E0,-7.613034580E-1,-3.922618654E0,4.504472744E0,6.021361537E0
8.624906917E0,-3.604896158E-2,-7.154729671E0,1.755971018E1,1.896140495E1
8.634877917E0,-4.633175808E-1,8.652940688E-1,1.239172697E1,1.243053878E1
8.644848917E0,-1.612097236E0,5.565743555E0,7.025155957E0,9.106545725E0
8.654819917E0,2.538487984E0,5.727526072E-1,-3.655365230E0,4.487054910E0
8.664790917E0,-1.322197108E0,-1.841401353E0,-7.053589212E0,7.408919281E0
8.674761917E0,-1.700150749E0,1.054828641E0,-5.061793672E0,5.442878945E0
8.684732917E0,-1.756308577E0,2.490743129E0,-3.799844082E0,4.871061096E0
8.694703917E0,-2.294859505E0,-1.463799860E0,6.576825374E-1,2.800292216E0
8.704674917E0,1.880351118E0,-3.448748018E0,5.719165723E0,6.938187067E0
8.714645917E0,-1.322797617E0,2.750083223E0,8.747212422E-1,3.174569029E0
8.724616917E0,-2.219514476E0,7.335059556E0,-3.657792410E0,8.491689379E0
8.734587917E0,-1.565352109E0,-5.552399039E-2,-1.437294724E0,2.125847187E0
8.744558917E0,-2.275755920E0,-6.511482739E0,-3.357249033E-1,6.905880370E0
8.754529917E0,-2.182849803E0,5.483185548E-1,-1.236263357E0,2.567846099E0
8.764499917E0,-1.133874371E0,4.116459408E0,-7.747028643E-1,4.339478502E0
8.774470917E0,-1.276023839E0,-2.059025948E0,5.654368633E-1,2.487477344E0
8.784441917E0,-3.524052554E-1,-1.393868915E0,1.507841381E0,2.083421620E0
8.794412917E0,-9.569978522E-1,2.932077518E-1,5.355751330E-1,1.135190027E0
8.804383917E0,-1.726297743E0,2.629807459E0,2.700089237E0,4.145657132E0
8.814354917E0,-1.008425868E0,4.379140016E0,7.596170479E-1,4.557500200E0
8.824325917E0,-2.235732752E0,-4.412431723E-1,-2.626933553E0,3.477639482E0
8.834296917E0,-9.721118083E-1,-1.682842990E0,-3.178151157E0,3.725265987E0
8.844267917E0,-1.268123665E-1,-2.097989162E0,-4.228390610E-1,2.143929283E0
8.854238917E0,-1.390035334E0,-2.617179520E0,-1.583583874E-1,2.967642878E0
8.864209917E0,-8.455440746E-1,3.055922423E0,-2.789221269E-1,3.182986677E0
8.874180917E0,-4.365026884E-1,5.921119781E0,-4.244944078E0,7.298612490E0
8.884151917E0,-2.839489489E0,8.751358098E-1,2.348096210E0,3.787099030E0
8.894122917E0,-6.417876857E-1,5.467819065E-2,5.176480376E0,5.216400120E0
8.904093917E0,-9.657943303E-1,-4.454316206E0,3.112190471E0,5.519005443E0
8.914064917E0,2.154187629E0,-3.938824504E0,-2.188050901E0,4.994239638E0
8.924035917E0,2.137978270E0,1.222264830E0,-3.449982365E0,4.238780570E0
8.934006917E0,-2.025669922E-1,1.346069974E0,2.169353845E0,2.561061082E0
8.943977792E0,-3.119613804E-2,-2.922320854E0,4.647020261E0,5.489601960E0
8.953948792E0,-1.477752486E0,1.357655354E0,2.729867352E0,3.388090352E0
8.963919792E0,-1.432402651E0,8.595073718E-1,2.519637730E0,3.023095197E0
8.973890792E0,-1.113541045E0,-2.513415708E0,-2.910141689E-1,2.764402544E0
8.983861792E0,-1.495972264E0,-1.165763185E0,-2.934793550E-1,1.919131822E0
8.993832792E0,-2.594722119E0,-2.844708422E-1,-5.022699773E-2,2.610752628E0
9.003803792E0,-1.771228625E0,-8.215782380E-1,-1.479255513E0,2.449579253E0
9.013774792E0,-1.675016931E0,-2.108421472E0,-1.644323580E0,3.155142288E0
9.023745792E0,-1.584929025E0,-1.729299704E0,-1.129927647E0,2.603692372E0
9.033716792E0,-9.557436244E-1,-8.399063355E-1,-5.109577703E-1,1.371118657E0
9.043687792E0,-1.049591436E0,-1.849054773E0,4.366823441E-1,2.170561495E0
9.053658792E0,-1.909845643E0,-2.432668876E0,1.919875372E0,3.640234839E0
9.063629792E0,-1.974183872E0,-1.973067493E0,2.683576115E0,3.871947580E0
9.073600792E0,-2.446057099E0,-2.875488165E-1,1.306829309E0,2.788132439E0
9.083570792E0,-9.828551900E-1,9.095712322E-1,-4.235921824E-1,1.404547788E0
9.093541792E0,-9.944388896E-1,1.003392439E0,-9.874122906E-1,1.723568427E0
9.103512792E0,-1.517881489E0,-1.454722935E-1,-5.778581035E-1,1.630658269E0
9.113483792E0,-8.410784829E-1,-1.239727832E0,-1.614174752E0,2.202248451E0
9.123454792E0,-1.240250719E0,5.806203282E-1,-1.194069264E0,1.816904846E0
9.133425792E0,-1.532164629E0,2.144617783E0,-5.573823237E-1,2.693991266E0
9.143396792E0,-9.988640624E-1,6.886499763E-2,8.900514722E-2,1.005183426E0
9.153367792E0,-8.713122424E-1,1.688823230E0,-1.894324794E0,2.683239712E0
9.163338792E0,-1.012125109E0,9.113543406E-1,-3.609816590E0,3.858204217E0
9.173309792E0,-1.493442905E0,-2.923593208E-1,-2.408232484E0,2.848759270E0
9.183280792E0,-1.263810028E0,-1.614923780E0,5.717220354E-1,2.128863708E0
9.193251792E0,-6.498268032E-1,-1.243804218E0,4.005966035E0,4.244654012E0
9.203222792E0,-5.194548710E-1,-3.674530649E-1,5.592175308E0,5.628257261E0
9.213193792E0,-3.281566329E-1,3.037049657E-1,3.610215370E0,3.637798579E0
9.223164792E0,9.633609384E-2,-7.768493772E-2,-6.983154237E-2,1.420986870E-1
9.233135792E0,1.188436495E0,2.423916471E-1,-2.156731460E0,2.474393987E0
9.243106792E0,6.307330859E-1,-2.280317625E-1,-7.487336254E-1,1.005198862E0
9.253077792E0,-7.845216550E-2,-8.497816980E-1,-2.478488535E-1,8.886578254E-1
9.263048792E0,-1.276988191E0,-3.242845336E-1,8.109930235E-1,1.547116344E0
9.273019792E0,-3.536863073E-1,-1.854970694E-1,2.684158498E-1,4.811966699E-1
9.282990792E0,-1.891913402E-1,2.179318669E-1,1.741388530E-1,3.370637951E-1
9.292961792E0,-5.158395376E-1,-1.461045529E0,1.985313901E0,2.518375618E0
9.302932792E0,4.969446257E-1,7.697303921E-1,1.485473442E-1,9.281730178E-1
9.312903792E0,-2.792253781E-1,1.615086040E0,-1.452263011E0,2.189871591E0
9.322874792E0,-6.933935300E-1,-5.411858287E-1,-1.689758200E0,1.904982799E0
9.332845792E0,-3.929244134E-1,2.804383099E-1,-1.128120857E0,1.227066383E0
9.342816792E0,-1.868930921E-2,1.471381360E0,-3.285428268E0,3.599909902E0
9.352787792E0,-2.130846713E-1,-7.760781294E-1,-3.066164113E0,3.170025979E0
9.362758792E0,-6.974706472E-1,-1.055392604E0,-2.011221160E0,2.375990195E0
9.372729792E0,-6.921914886E-1,-8.507093588E-1,-9.330910724E-1,1.439963340E0
9.382700792E0,-2.399195174E-1,-1.767655099E0,2.015158675E0,2.691287872E0
9.392671792E0,8.676187755E-1,-1.883906810E0,7.778648631E0,8.050418730E0
9.402642792E0,1.527870506E-1,1.261705762E0,6.801920958E0,6.919636842E0
9.412612792E0,-7.549652224E-1,6.163707894E-1,3.289892617E0,3.431221192E0
9.422583792E0,-1.265579834E0,3.189229876E0,4.936400717E-1,3.466491027E0
9.432554792E0,-1.881812191E0,4.020026542E0,-2.421812058E0,5.056382518E0
9.442525792E0,-1.091419785E0,9.710146514E-1,-3.575834911E0,3.862727264E0
9.452496792E0,-1.557200944E0,1.745849663E0,-2.799929275E0,3.648625737E0
9.462467792E0,-8.021549571E-1,-1.817157335E0,-2.075009605E0,2.872486417E0
9.472438792E0,-1.032987024E-1,-1.312241785E0,-4.210100520E-1,1.381990806E0
9.482409792E0,-2.457720321E-1,-9.654542416E-2,-6.739249331E-1,7.238091780E-1
9.492380792E0,5.840754479E-1,-7.534675312E-1,-1.047921032E0,1.416684841E0
9.502351792E0,-2.611020428E-1,-1.231968285E0,1.723747480E-1,1.271075601E0
9.512322792E0,-3.445513485E-1,-2.876783323E-1,-5.658876836E-2,4.524121388E-1
9.522293792E0,-1.268893305E-1,-8.677224174E-1,2.030268465E0,2.211568026E0
9.532264792E0,5.539067388E-3,-1.304756472E0,1.007821412E0,1.648673445E0
9.542235792E0,-8.615410334E-1,-3.854934794E-1,3.376883984E-2,9.444567271E-1
9.552206792E0,-1.133092818E-1,-1.601739478E0,3.948724133E0,4.262725727E0
9.562177792E0,3.077832524E-1,-1.674695480E0,1.736655208E0,2.432140373E0
9.572148792E0,-3.454280654E-1,-8.307630444E-1,3.194433314E-1,9.547417589E-1
9.582119792E0,-8.204957722E-1,-8.791019762E-1,5.108905274E-1,1.306538452E0
9.592090792E0,-1.109705052E-1,-9.588050804E-1,-4.232128735E0,4.340798920E0
9.602061792E0,-5.817926949E-1,-1.576571892E0,-6.526093762E0,6.738988163E0
9.612032792E0,-8.936283602E-1,-1.521658644E0,-3.599451231E0,4.008748662E0
9.622003792E0,-4.839167368E-1,2.860846737E-1,-2.094194904E0,2.168333956E0
9.631974792E0,-2.660681927E-1,3.577208422E0,3.302589262E-1,3.602260865E0
9.641945792E0,-2.223323718E-1,2.415366672E0,6.189601704E0,6.647901706E0
9.651916792E0,6.348694794E-1,4.949290904E-1,5.198429654E0,5.260388286E0
9.661887792E0,3.645448791E-1,-2.562171546E0,4.014384272E0,4.776284862E0
9.671858792E0,2.236314221E-1,-3.591794594E0,1.206241997E0,3.795526205E0
9.681829792E0,1.348782351E0,-4.815176243E-1,-6.969500989E-1,1.592737421E0
9.691800792E0,3.506700942E-1,3.155198497E-1,1.818402207E0,1.878592259E0
9.701771792E0,3.365218057E-1,1.089401473E0,1.134915322E0,1.608749602E0
9.711742792E0,4.120410444E-1,1.674075968E0,-3.299712431E-1,1.755331646E0
9.721713792E0,-4.818612578E-1,1.865699165E0,-3.904417441E0,4.354021038E0
9.731684792E0,2.522993520E-1,-9.931758910E-2,-1.918417076E0,1.937483684E0
9.741655792E0,-4.830055579E-1,-1.949704066E0,-5.931637752E-1,2.094393367E0
9.751626792E0,-4.234403010E-1,-1.653282976E0,4.278852081E-1,1.759469250E0
9.761597792E0,2.022686563E-1,-4.863582417E-1,2.206417006E0,2.268420806E0
9.771568792E0,-1.202019248E-1,3.580440179E-1,-1.326863624E0,1.379569172E0
9.781538792E0,1.344769699E-1,4.898534149E-2,-7.899325222E-1,8.027932540E-1
9.791509792E0,-6.497995406E-1,-3.526859218E-1,-3.636933053E0,3.711321709E0
9.801480792E0,-8.397571584E-1,-9.360377768E-1,-1.929476500E0,2.303093218E0
9.811451792E0,-1.348285922E0,-7.532766196E-1,3.466492563E-1,1.582866482E0
9.821422792E0,5.324955872E-1,-6.647600073E-1,1.919217560E0,2.099726997E0
9.831393792E0,-1.655310937E-1,7.189517096E-1,-1.125725838E0,1.345938619E0
9.841364792E0,-9.353677589E-2,-6.281359720E-1,-4.620486181E0,4.663925007E0
9.851335792E0,3.362909138E-1,-3.992937854E-1,-2.896414765E0,2.943084368E0
9.861306792E0,-6.876307335E-1,1.072694223E0,-2.499539096E0,2.805566719E0
9.871277792E0,4.289523981E-1,1.464878379E0,-1.966875876E0,2.489672576E0
9.881248792E0,5.481901353E-1,3.393411723E0,2.743499551E0,4.398016068E0
9.891219792E0,-1.219356571E0,-4.417477870E-1,5.515854526E0,5.666270617E0
9.901190792E0,-2.252523982E-1,1.907616100E-1,1.386889971E0,1.417953605E0
9.911161792E0,1.336267701E0,4.512872854E0,-5.460626990E0,7.209027666E0
9.921132792E0,1.255787210E0,-1.129314567E0,3.844503361E-1,1.732095542E0
9.931103792E0,4.371511446E-1,-3.166916024E0,3.056129122E0,4.422712226E0
9.941074667E0,8.779952444E-1,5.461024600E-1,-1.119780389E0,1.524142928E0
9.951045667E0,3.518025829E0,-5.406394064E-2,2.181285673E0,4.139738619E0
9.961016667E0,2.469477391E0,-3.004416639E0,1.024493461E1,1.095826278E1
9.970987667E0,3.603553126E-1,-1.134709500E0,6.599711376E0,6.706236788E0
9.980958667E0,-4.214326887E0,1.174792748E0,2.567928715E0,5.072962349E0
9.990929667E0,-1.621734617E0,2.936885976E0,2.072630957E0,3.943491028E0
1.000090067E1,-2.649733016E0,4.717547329E0,-8.546518439E0,1.011530105E1
1.001087167E1,-6.127736920E-1,-1.231049395E0,-7.402372702E0,7.529016923E0
1.002084267E1,-1.856847504E0,-5.211295867E0,-4.212968579E0,6.953746581E0
1.003081367E1,5.928941820E-1,-5.748377827E0,6.201818876E0,8.476905599E0
1.004078467E1,1.141861083E0,1.627271053E0,3.438104331E-1,2.017439820E0
1.005075567E1,2.381038254E0,4.727773817E0,-4.418681812E0,6.895356219E0
1.006072667E1,2.102688277E0,-3.234525625E0,-4.322191644E-1,3.882044231E0
1.007069767E1,9.317084983E-1,-5.717008100E0,5.523820188E0,8.004052212E0
1.008066867E1,1.937702217E-1,-1.581420404E-1,4.844525757E0,4.850977800E0
1.009063967E1,9.683696634E-1,4.830705863E0,2.448149087E0,5.501535503E0
1.010061067E1,1.920706554E0,3.067027162E0,-1.448764622E-1,3.621706569E0
1.011058167E1,2.202638827E0,-1.416084534E0,-1.446021109E0,2.991302435E0
1.012055267E1,1.863438193E0,8.196442714E-1,-8.716542022E0,8.951107387E0
1.013052367E1,1.678478190E0,2.186412219E0,-9.042756429E0,9.453524806E0
1.014049467E1,5.954070595E-1,-3.581700253E-1,-8.985959499E0,9.012783336E0
1.015046567E1,-7.036225028E-2,-5.516205944E0,-1.027657974E1,1.166368596E1
1.016043667E1,-1.664063049E0,-1.029109721E1,1.575851983E1,1.889462185E1
1.017040667E1,-2.520295834E0,-3.353053071E0,3.429102894E1,3.454662822E1
1.018037767E1,1.726101130E0,1.252035052E1,3.297557148E0,1.306187143E1
1.019034867E1,2.082414811E0,8.583069384E0,-7.575955485E0,1.163617777E1
1.020031967E1,-1.726172028E0,-6.917830313E0,1.445282021E0,7.274949226E0
1.021029067E1,5.065035369E0,1.389847493E0,-8.030814484E0,9.595844966E0
1.022026167E1,4.027742820E0,1.009717079E1,-1.091666275E1,1.540613825E1
1.023023267E1,2.433446848E0,2.393363015E0,-1.161954718E1,1.211048004E1
1.024020367E1,-2.218616344E-3,-1.254676005E1,-1.065242824E1,1.645890094E1
1.025017467E1,-3.014772350E0,-1.373826239E1,-7.141541861E0,1.577435659E1
1.026014567E1,-1.747805849E0,1.419014866E0,1.258731751E1,1.278706340E1
1.027011667E1,2.742550255E0,5.083683894E0,2.566744303E1,2.630937201E1
1.028008767E1,1.017794277E0,2.549093664E-1,1.795653497E1,1.798716299E1
1.029005867E1,1.565363657E0,-1.234063634E0,-3.007741073E0,3.608293613E0
1.030002967E1,3.089134023E0,2.104363797E0,7.158522175E0,8.075613644E0
1.031000067E1,-3.175660097E-1,6.802903290E0,-9.185680506E0,1.143490567E1
1.031997167E1,5.912199268E0,2.850943308E0,-7.594023966E0,1.003748863E1
1.032994267E1,3.339402966E-1,-4.748096692E0,-3.470893178E0,5.890928431E0
1.033991367E1,-1.710448280E0,-9.051350666E0,-1.016969966E0,9.267513696E0
1.034988467E1,-2.295543775E0,1.830050738E0,8.984205920E-1,3.070141118E0
1.035985567E1,-9.825785436E-1,5.080010673E0,-2.707178401E0,5.839587650E0
1.036982667E1,2.441705748E0,-5.356339560E0,-4.751269684E0,7.564843954E0
1.037979767E1,-1.213131918E0,-1.053774797E1,9.334144235E-1,1.064833714E1
1.038976867E1,-7.621243340E-1,-2.061198189E0,4.008676804E0,4.571527228E0
1.039973967E1,1.006710587E0,1.683833918E1,1.473063896E0,1.693260316E1
1.040971067E1,-1.137582676E0,2.068499783E1,9.043923533E-1,2.073598695E1
1.041968167E1,-1.636023311E0,4.629724489E0,-9.410058635E-1,4.999641303E0
1.042965267E1,-2.470824297E0,-7.761329763E0,-3.055971247E-1,8.150865107E0
1.043962367E1,4.157398469E-1,-1.409232767E1,7.286057550E-1,1.411727329E1
1.044959467E1,-1.967437355E0,-3.456749933E0,-3.062638242E0,5.019928570E0
1.045956567E1,-3.388221150E0,-9.872661102E-1,-4.875130084E0,6.018440850E0
1.046953667E1,-3.925425317E0,-3.046429468E0,-1.082655247E0,5.085453648E0
1.047950767E1,-2.138056769E0,1.526355127E0,7.421745697E0,7.872950903E0
1.048947867E1,-2.087936556E-1,-1.463026566E0,7.885004221E0,8.022302231E0
1.049944967E1,-6.136780735E-1,4.292549476E0,-1.448917819E0,4.571864459E0
1.050942067E1,-1.512790903E0,1.066269244E1,-4.891656069E0,1.182834923E1
1.051939167E1,-2.629313662E0,-2.055666431E0,-3.915687364E0,5.145061938E0
1.052936167E1,-2.148630143E0,-3.413529946E0,-1.141640205E0,4.191913708E0
1.053933267E1,-4.545089551E0,-5.356299798E0,1.603224671E-1,7.026627203E0
1.054930367E1,-1.512583034E0,-7.561931523E0,-1.563809760E0,7.868685834E0
1.055927467E1,-1.674200221E0,-4.886166703E0,-8.036003888E-2,5.165658638E0
1.056924567E1,-3.442040239E-1,1.423088621E0,4.571466048E0,4.800204107E0
1.057921667E1,6.252904245E-1,-1.333539391E0,5.717039090E0,5.903715049E0
1.058918767E1,9.955045447E-1,-1.397854085E0,3.746781769E0,4.121091963E0
1.059915867E1,1.743274403E0,1.761908748E0,4.739384633E-1,2.523478898E0
1.060912967E1,1.389059142E0,1.871710980E0,-2.355277761E0,3.313626506E0
1.061910067E1,1.794714771E-1,-1.262773755E0,-4.233928508E0,4.421872701E0
1.062907167E1,3.380777133E-1,-1.529352118E0,-6.269995072E0,6.462666063E0
1.063904267E1,1.847880031E-1,-1.503146651E0,-4.465732017E0,4.715544392E0
1.064901367E1,1.139071084E0,-3.672203750E0,6.785728848E0,7.799274281E0
1.065898467E1,1.147490198E0,-7.914545524E-1,1.440518294E1,1.447247144E1
1.066895567E1,1.054760886E0,4.355081062E0,6.933314325E0,8.255307330E0
1.067892667E1,1.499710097E0,6.192401351E0,-8.297234094E-1,6.425216401E0
1.068889767E1,9.624110582E-1,5.300217399E0,-2.581864384E0,5.973655767E0
1.069886867E1,9.625415973E-1,1.844340163E0,-5.319756455E0,5.712082431E0
1.070883967E1,4.284724879E-1,-1.456436754E0,-8.797381532E0,8.927413876E0
1.071881067E1,1.453806676E0,3.600083022E0,-9.831536465E0,1.057039549E1
1.072878167E1,1.920777451E0,5.273461125E0,-5.271298825E0,7.699699316E0
1.073875267E1,8.605698840E-1,1.974657351E0,-2.292646480E0,3.145803563E0
1.074872367E1,1.417734618E0,-2.759576178E0,4.760142834E0,5.681917979E0
1.075869467E1,2.096074967E-1,-6.436008049E0,1.174371515E1,1.339331850E1
1.076866567E1,1.948698637E0,-1.246212102E0,3.000099347E0,3.788280226E0
1.077863667E1,3.696751530E0,4.826399096E0,-9.201915300E0,1.102884152E1
1.078860767E1,1.196098394E0,-2.181107917E-1,-1.071178450E1,1.078056356E1
1.079857867E1,-8.361079842E-3,-6.041214573E0,-4.499371049E0,7.532641188E0
1.080854967E1,-4.577531658E0,-6.821214430E0,1.560483980E1,1.763501595E1
1.081852067E1,-2.131051951E0,2.374572695E0,2.061220935E1,2.085768808E1
1.082849167E1,5.318069533E0,9.087177726E0,7.086890275E0,1.269183503E1
1.083846267E1,2.981104960E0,8.189133695E-1,-5.965560958E0,6.719041854E0
1.084843367E1,-1.487733208E-1,-1.005895339E1,-6.689470814E0,1.208112977E1
1.085840467E1,-1.715975215E0,-1.783873521E0,-8.486776852E0,8.840370864E0
1.086837567E1,2.837145231E-1,7.223169576E0,-8.127809266E0,1.087731383E1
1.087834667E1,-1.799447726E-1,2.274834107E0,-3.275109102E0,3.991690114E0
1.088831767E1,-1.772294719E0,-2.965205503E0,2.460999513E0,4.241460933E0
1.089828767E1,-2.218552609E0,-3.610556847E0,6.105603527E0,7.432125595E0
1.090825867E1,-1.016907108E0,1.967085207E0,5.235163617E0,5.684229268E0
1.091822967E1,1.144726950E0,-8.765753943E-1,2.296881618E0,2.711908807E0
1.092820067E1,1.504440494E0,-6.404243635E0,-3.552171814E-1,6.588160364E0
1.093817167E1,1.615763440E0,-2.460257501E0,-2.821088594E-1,2.956880768E0
1.094814321E1,1.660285602E0,3.136019045E0,2.323947794E0,4.241685641E0
1.095811421E1,1.550983892E0,3.586404923E0,5.274586129E-1,3.942849718E0
1.096808521E1,9.674846873E-1,-1.328332737E0,-1.425767523E-1,1.649491622E0
1.097805621E1,-6.293763857E-2,-1.316852314E0,-2.719368677E0,3.022089867E0
1.098802721E1,1.321324557E0,2.133089413E0,-2.649489772E0,3.649077292E0
1.099799821E1,1.886759081E0,2.959650064E0,-1.915599888E0,3.998613667E0
1.100796921E1,1.075269045E0,2.748375544E-1,-7.123171663E-1,1.318762657E0
1.101794021E1,3.052152284E-1,-2.973347459E0,-3.005100471E0,4.238464378E0
1.102791121E1,7.497060905E-1,-1.633177618E0,-2.371981502E0,2.975840150E0
1.103788221E1,-9.367773034E-2,-4.628875181E-1,-2.169042188E-1,5.196997323E-1
1.104785321E1,3.264934655E-1,2.194711757E0,1.220261866E0,2.532271056E0
1.105782421E1,-1.601449602E0,1.760245215E0,9.276794744E-1,2.554152160E0
1.106779521E1,-4.100457625E0,-1.037828153E0,1.090373572E0,4.368037836E0
1.107776621E1,-4.392278709E0,2.210911176E-1,1.755559257E0,4.735291105E0
1.108773721E1,-3.776654902E0,2.456503004E-1,2.086278359E0,4.321576530E0
1.109770821E1,-2.023779225E0,4.821944395E-1,-9.746899188E-1,2.297436455E0
1.110767921E1,-4.862919489E-1,-2.010634099E0,5.193906248E-2,2.069257598E0
1.111765021E1,1.538894335E-1,-7.644562036E-1,-3.121775812E-1,8.399583842E-1
1.112762121E1,8.819130982E-1,2.507031718E-1,2.759523261E-1,9.574823650E-1
1.113759221E1,-3.982567086E-1,-8.035936645E-1,7.638697278E-1,1.178078157E0
1.114756321E1,-7.229493047E-1,-4.026913100E-1,1.307868360E0,1.547687189E0
1.115753421E1,-1.967825903E0,-1.024376049E0,9.274128413E-1,2.404533146E0
1.116750521E1,-2.331905270E0,-1.032464795E0,-9.677960515E-1,2.727708734E0
1.117747621E1,-1.943052565E0,-7.670637694E-1,-4.187056643E-1,2.130529167E0
1.118744721E1,-2.565964050E0,-1.886655586E0,1.245029503E0,3.419610982E0
1.119741821E1,-1.756984515E0,-2.493671122E0,2.254931939E0,3.793429623E0
1.120738921E1,-1.213428079E0,-2.394048893E-1,5.028979683E-1,1.335151217E0
1.121736021E1,-6.779421164E-1,-6.982803404E-2,-3.208951950E-2,6.822838154E-1
1.122733121E1,-7.888861629E-1,1.659673691E-2,-2.460255162E0,2.583693537E0
1.123730221E1,-2.595275558E0,-2.903888091E-1,-1.805443023E0,3.174807930E0
1.124727321E1,-3.179265636E0,-1.192487007E-1,1.339708203E0,3.452067251E0
1.125724421E1,-2.904583033E0,3.427243128E-1,2.548613023E0,3.879367331E0
1.126721421E1,-4.048409219E0,1.827769446E0,6.394906801E-1,4.487683889E0
1.127718521E1,-3.295426130E0,1.650049759E0,-3.636286935E0,5.177362288E0
1.128715621E1,-3.469088435E0,-3.235512927E-1,-2.585984917E0,4.338960474E0
1.129712721E1,-3.294366030E0,-5.436355197E-1,-2.232636505E0,4.016597177E0
1.130709821E1,-2.884889026E0,2.669177932E-1,-2.294967824E-1,2.906286045E0
1.131706921E1,-2.942645191E0,9.122893104E-1,1.996800756E0,3.671327521E0
1.132704021E1,-1.531288423E0,9.493840465E-1,1.019383696E0,2.070100824E0
1.133701121E1,-1.733232687E0,-5.616186315E-1,-7.760915780E-1,1.980360869E0
1.134698221E1,-1.366478510E0,-4.969247451E-1,6.351865447E-1,1.586713480E0
1.135695321E1,-6.003496378E-1,7.903827578E-2,1.952672989E0,2.044406647E0
1.136692421E1,-1.365399699E0,6.949485970E-1,-1.530023378E-1,1.539701142E0
1.137689521E1,-4.478603932E-1,1.141263059E0,-8.040120327E-1,1.466115838E0
1.138686621E1,3.211483794E-1,8.722057700E-2,1.770688927E-1,3.769576945E-1
1.139683721E1,2.123100030E0,5.882000738E-1,-1.862355727E-1,2.210931196E0
1.140680821E1,1.636332483E0,3.782709986E-2,1.018598415E0,1.927837549E0
1.141677921E1,1.782272408E0,9.258817479E-1,-1.827096432E0,2.715148857E0
1.142675021E1,1.352036326E0,2.060195391E0,-2.673175088E0,3.635694202E0
1.143672121E1,1.719222320E0,-4.347068623E-1,-1.566449777E0,2.366106580E0
1.144669221E1,1.318197612E0,-2.906439232E0,1.706648467E0,3.619072111E0
1.145666321E1,7.527263966E-1,-1.909120004E0,3.981917607E0,4.479620971E0
1.146663421E1,1.079679892E0,1.934919673E-1,3.981735173E0,4.130056029E0
1.147660521E1,2.043606548E0,1.272871897E0,1.400798158E0,2.785456169E0
1.148657621E1,1.311313978E0,-3.517427659E-1,6.098072898E-1,1.488332037E0
1.149654721E1,1.939617180E0,2.164855874E0,-1.885151682E0,3.464464262E0
1.150651821E1,1.928557903E0,-1.545968735E0,-5.283853966E-1,2.527557327E0
1.151648921E1,1.977246790E0,-1.003223162E0,-1.995782171E0,2.983137284E0
1.152646021E1,8.424516284E-1,1.583392085E0,-2.901631651E0,3.411205282E0
1.153643121E1,1.068631066E0,2.177766234E-1,-2.546326761E0,2.770050358E0
1.154640221E1,-3.302002347E-1,1.386982942E-1,-9.754646748E-1,1.039134613E0
1.155637321E1,6.086681060E-1,-1.077771945E0,2.900371576E0,3.153446449E0
1.156634421E1,9.253519902E-1,-3.452223311E0,7.142460458E0,7.986793067E0
1.157631521E1,1.739042773E0,7.792423502E-1,5.207405714E0,5.545138653E0
1.158628621E1,1.919094184E0,4.196171867E0,1.049635436E0,4.732073053E0
1.159625721E1,5.480170212E-1,2.580056717E0,-1.924518061E0,3.265085770E0
1.160622821E1,9.363548420E-3,-2.983174582E0,-3.652113594E0,4.715649686E0
1.161619921E1,-1.028777760E0,-2.396998229E0,-2.886611323E0,3.890566684E0
1.162617021E1,-1.264355281E0,-5.142292875E-1,5.162740588E-2,1.365903154E0
1.163614121E1,-4.708041365E-1,1.494060663E0,8.926417887E-2,1.569025778E0
1.164611221E1,1.860178370E-1,7.622784081E-1,1.855352517E0,2.014448800E0
1.165608321E1,1.052731683E0,-1.568719082E0,7.958218378E-1,2.049989256E0
1.166605321E1,8.797635886E-1,-2.343558479E0,-3.186676397E0,4.052302651E0
1.167602421E1,1.522674744E0,-1.007796561E0,-2.998651577E0,3.510855104E0
1.168599521E1,1.160776241E0,1.121998530E0,4.073287368E-2,1.614912181E0
1.169596621E1,6.201635858E-1,1.012516726E0,1.769669173E0,2.131084695E0
1.170593721E1,1.641847869E0,9.696613133E-2,2.460282059E0,2.959401066E0
1.171590821E1,1.745667960E0,4.354184684E-1,3.091638678E0,3.577034468E0
1.172587921E1,1.941197536E0,-9.425240931E-1,4.964564416E0,5.413270674E0
1.173585021E1,2.077690772E-1,-1.864641696E0,5.737389155E0,6.036364051E0
1.174582121E1,1.544599902E0,3.357534378E0,-3.118374487E0,4.835606001E0
1.175579221E1,8.389486346E-1,2.877902773E0,-5.095885863E0,5.912208717E0
1.176576321E1,-6.610324073E-1,-1.284212572E0,-4.925681602E0,5.133079486E0
1.177573421E1,-5.911691438E-1,-2.897748807E0,-4.602439919E0,5.470729596E0
1.178570521E1,2.710527979E-1,-8.198079935E-1,-2.443628020E0,2.591693011E0
1.179567621E1,7.426760562E-1,1.856437468E0,-2.164043403E0,2.946355655E0
1.180564721E1,8.278293501E-1,7.389038712E-1,1.236389072E0,1.661306203E0
1.181561821E1,-7.835825191E-1,-4.944727153E0,1.118793613E1,1.225700791E1
1.182558921E1,-1.319097937E0,-4.805681534E0,1.012263425E1,1.128283291E1
1.183556021E1,6.899327823E-1,3.070213895E0,1.325975432E0,3.414737391E0
1.184553121E1,8.796873555E-1,5.424835013E0,-2.042419564E0,5.862948272E0
1.185550221E1,-1.277563410E0,5.005804244E-1,-1.654975453E0,2.149812266E0
1.186547321E1,-1.278255575E0,-2.421779021E0,-2.248071985E0,3.542990064E0
1.187544421E1,-9.803857646E-1,-1.451030418E-1,-1.696774859E0,1.965007904E0
1.188541521E1,-1.647347322E0,2.541884924E0,-1.497454387E-1,3.032714273E0
1.189538621E1,-1.191239504E0,-1.535593728E0,5.155361402E-1,2.010690718E0
1.190535721E1,-2.215188706E0,-1.235744124E0,-3.166596474E0,4.057272208E0
1.191532821E1,-1.568633566E0,1.987379723E0,1.532350570E-1,2.536487810E0
1.192529921E1,-2.796601332E0,-5.339232945E-1,2.260364002E0,3.635285204E0
1.193527021E1,-1.027779055E0,8.516858438E-1,2.175529674E0,2.552376917E0
1.194524104E1,-1.891127244E0,4.211954087E-1,-2.649081051E-1,1.955490764E0
1.195521204E1,-1.867556971E0,2.326551852E0,-3.810176112E0,4.839220450E0
1.196518304E1,-2.362362393E0,4.833305535E-1,-7.723891211E-1,2.531985279E0
1.197515404E1,-4.018719690E0,3.707453397E-1,-8.973967445E-1,4.134353754E0
1.198512504E1,-3.536299255E0,-1.543336903E0,-8.665947819E-1,3.954527498E0
1.199509604E1,-2.633819526E0,-2.349917326E0,-9.329425532E-1,3.650958578E0
1.200506704E1,-1.955743801E0,8.125241169E-1,-7.551398349E-1,2.248413980E0
1.201503804E1,-4.102266169E-1,3.024597719E0,9.479909474E-1,3.196117031E0
1.202500904E1,1.667482647E-1,1.539429794E0,1.008975652E0,1.848156092E0
1.203498004E1,9.104688529E-1,-2.206790643E0,3.831329584E-2,2.387539818E0
1.204495104E1,-3.646348897E-1,-1.370105246E0,-8.186253941E-1,1.637160506E0
1.205492204E1,-1.081145058E0,2.003101131E0,-7.210143149E-1,2.387708194E0
1.206489304E1,-2.775143184E-1,3.944991270E0,-2.776024103E-2,3.954837664E0
1.207486404E1,1.254436065E0,2.426562336E-1,-7.431319928E-1,1.478085602E0
1.208483404E1,1.242860039E0,-3.912630440E0,-2.038718861E0,4.583639671E0
1.209480504E1,9.724383022E-1,-4.403446891E0,-1.335993467E0,4.703281761E0
1.210477604E1,1.622226806E0,2.448243812E-1,5.968954682E-1,1.745807260E0
1.211474704E1,1.336399848E0,-1.223582500E-1,3.938735334E0,4.161078241E0
1.212471804E1,5.174576814E-1,-3.397520269E0,5.025529826E0,6.088255617E0
1.213468904E1,-7.822011875E-1,-2.906231655E0,2.918534197E0,4.192357689E0
1.214466004E1,-1.565089861E-1,1.178386447E0,-3.536062735E-1,1.240212513E0
1.215463104E1,-6.385232583E-1,1.434965193E0,-1.558310453E0,2.212502774E0
1.216460204E1,-2.564184779E-1,-2.922933935E0,7.415772182E-1,3.026421979E0
1.217457304E1,-1.239460468E0,-4.213050148E0,-1.543635696E-1,4.394301072E0
1.218454404E1,-1.165155879E0,-3.436072424E-1,-2.207523299E0,2.519685154E0
1.219451504E1,-5.588886030E-1,1.250501035E0,-1.624400947E0,2.124802990E0
1.220448604E1,-1.696472229E-1,-1.826462301E0,-6.257678497E-1,1.938125414E0
1.221445704E1,1.113543603E0,-2.056756352E0,-6.438328224E-1,2.425849696E0
1.222442804E1,8.863444106E-1,-1.869088796E-1,2.787275316E0,2.930775499E0
1.223439904E1,-2.219862166E-1,2.849908935E0,4.195726309E0,5.076945744E0
1.224437004E1,5.815372081E-2,2.600311764E0,3.701215003E0,4.523714803E0
1.225434104E1,1.255875393E-1,1.376989465E0,2.011653854E0,2.441029177E0
1.226431204E1,7.044378971E-1,-4.751125842E-2,-3.379680707E0,3.452641272E0
1.227428304E1,-3.040743270E-1,4.269473147E-1,-1.561139921E0,1.646785675E0
1.228425404E1,-3.166871001E-1,2.253401430E0,-3.695564838E0,4.339966382E0
1.229422504E1,5.379084644E-1,-1.280981693E-1,-5.074065809E0,5.104106042E0
1.230419604E1,-3.295663235E-1,-2.219884020E0,-5.165972929E0,5.632386291E0
1.231416704E1,-4.620322166E-1,-2.431750278E0,-5.116800769E0,5.684059579E0
1.232413804E1,-2.066732871E0,-1.896938499E0,-8.550734282E-1,2.932730979E0
1.233410904E1,-2.701210441E0,-1.828922810E0,6.230395973E0,7.032732788E0
1.234408004E1,-2.913333391E0,-1.912784454E0,1.085921385E1,1.140477011E1
1.235405104E1,-1.441152717E0,7.990673348E-1,6.808507261E0,7.005083931E0
1.236402204E1,-1.542108842E0,3.825313969E0,-1.558407517E0,4.409054392E0
1.237399304E1,-1.066534620E0,9.586378500E-1,-4.703276907E0,4.917041416E0
1.238396404E1,-4.417590063E-1,-3.227638482E0,-2.692893654E0,4.226639022E0
1.239393504E1,-1.916365435E0,-1.050076316E0,-1.179068232E0,2.483005970E0
1.240390604E1,-2.622450492E0,-6.095868498E-2,1.899345213E0,3.238591482E0
1.241387704E1,-2.638885846E0,1.021488694E0,3.420383760E0,4.439164643E0
1.242384804E1,-2.456509143E0,2.899179621E0,-2.201160944E-1,3.806327724E0
1.243381904E1,-1.521490683E0,2.592629108E-1,-9.777825111E-1,1.827076844E0
1.244379004E1,-2.037140843E0,3.490945619E-1,-1.476203266E0,2.539879114E0
1.245376104E1,-2.592432641E0,3.371610087E0,-3.011418387E0,5.211247671E0
1.246373204E1,-2.733963327E0,3.829013502E0,-9.348323733E-1,4.796854327E0
1.247370304E1,-2.057088473E0,-1.376478126E0,6.920530558E-2,2.476104682E0
1.248367404E1,-9.862567346E-1,-1.856147446E0,-1.219758421E-1,2.105436723E0
1.249364504E1,-8.691170514E-1,-9.205672136E-1,-7.493733108E-2,1.268236590E0
1.250361604E1,1.070263828E0,5.798935193E-1,-4.511828542E-2,1.218103778E0
1.251358704E1,6.626778138E-1,-1.104123592E0,9.666435653E-1,1.610164766E0
1.252355804E1,5.322590308E-1,-3.635336178E0,3.771863401E-1,3.693404708E0
1.253352904E1,6.624659984E-1,-1.109915259E0,-7.880491340E-1,1.513867405E0
1.254350004E1,1.124941580E0,8.387722680E-1,9.444779402E-1,1.691470087E0
1.255347104E1,1.100549993E0,-1.791605295E0,1.692290629E0,2.699056760E0
1.256344204E1,1.426595635E0,-9.573231035E-1,7.199337494E-1,1.862779438E0
1.257341304E1,1.990838351E0,3.537213175E0,-1.065104245E0,4.196398627E0
1.258338404E1,1.978061015E0,2.463116205E0,2.878667881E0,4.273920400E0
1.259335404E1,2.607557634E0,9.529049474E-1,1.206624405E0,3.027098794E0
1.260332504E1,2.351806561E0,-2.756620410E0,-1.855013963E0,4.070752632E0
1.261329604E1,3.729251817E0,-3.568552497E0,-2.312760901E0,5.656036512E0
1.262326704E1,2.005960712E0,-8.818799883E-1,-4.699366289E-1,2.241078117E0
1.263323804E1,1.981391151E0,5.032257047E-1,2.431214381E0,3.176468222E0
1.264320904E1,3.723825308E0,6.124505237E-1,3.576476936E0,5.199342059E0
1.265318004E1,1.375669164E0,-1.611651678E0,1.409233702E1,1.425074909E1
1.266315104E1,2.053355026E-1,1.093903244E0,7.747730893E0,7.827267785E0
1.267312204E1,1.339139269E0,1.906845437E0,8.031311497E0,8.362494715E0
1.268309304E1,8.840485744E-1,1.215436452E0,-3.127038306E-1,1.535125837E0
1.269306404E1,4.618007254E0,3.005349270E0,-1.249701311E1,1.365772499E1
1.270303504E1,2.831726434E0,1.261380656E0,-1.218048929E1,1.256877381E1
1.271300604E1,2.916271032E0,-4.233603403E-1,-9.841227640E0,1.027295635E1
1.272297704E1,2.441904261E0,-2.680107255E0,-4.943653019E0,6.130707666E0
1.273294804E1,2.659379094E-1,-8.656311607E-1,1.101950474E0,1.426301205E0
1.274291904E1,1.360663710E-1,9.794282100E-1,6.989821233E0,7.059418853E0
1.275289004E1,-1.003046283E0,-1.393260512E0,6.583202932E0,6.803369573E0
1.276286104E1,-1.567573759E0,-9.947619483E-1,-1.271243155E-2,1.856609929E0
1.277283204E1,-1.681986227E0,-1.039620325E-1,-4.310395471E0,4.628109213E0
1.278280304E1,-1.767072570E0,-1.236755692E0,-3.648978902E0,4.238768351E0
1.279277404E1,-1.140887083E0,1.064082152E-1,-1.092214860E0,1.582996951E0
1.280274504E1,2.217803216E-2,-1.242186002E0,6.208743149E-1,1.388885468E0
1.281271604E1,-5.101699311E-2,-1.356031290E0,8.143990266E-1,1.582614725E0
1.282268704E1,-4.497842733E-1,-3.028594583E-1,1.775278407E0,1.856244371E0
1.283265804E1,-9.584323204E-1,-1.732517134E0,1.961585315E0,2.787117701E0
1.284262904E1,-1.503709300E0,-1.577529082E-1,1.324779677E0,2.010240988E0
1.285260004E1,-1.149011059E0,-1.722195044E0,9.233437639E-1,2.266880211E0
1.286257104E1,-1.285135555E0,-7.203956795E-1,1.074618834E-1,1.477190369E0
1.287254204E1,-9.797293416E-1,2.991561828E0,3.867067766E-1,3.171569624E0
1.288251304E1,-2.056940247E0,3.027343864E0,-4.053172946E-1,3.682403584E0
1.289248404E1,-1.940294872E0,-1.370428597E0,7.490189695E-1,2.490752526E0
1.290245504E1,-1.801400258E0,-4.072160317E0,2.228404875E0,4.979289189E0
1.291242604E1,-1.702517884E-1,-1.336443118E0,3.167202830E0,3.441836668E0
1.292239704E1,1.655315505E-1,1.677683992E0,1.732822359E-2,1.685919494E0
1.293236804E1,5.339218693E-2,-3.416155053E0,7.115207756E-1,3.489875053E0
1.294233904E1,9.148909559E-1,-4.491623488E-1,4.831940210E-1,1.127940042E0
1.295231004E1,1.123925626E0,2.138019201E0,-2.003454303E0,3.138178462E0
1.296228104E1,1.239436641E0,4.853428727E-1,-2.158963927E0,2.536313492E0
1.297225204E1,7.059010166E-1,1.298125729E-1,-3.237567639E0,3.316171251E0
1.298222304E1,1.736863698E-1,4.205677101E-1,-3.918218624E0,3.944550841E0
1.299219404E1,-3.369663403E-1,-2.848626056E-1,-3.120053222E0,3.151099035E0
1.300216504E1,-7.100499085E-1,-1.697667729E0,-1.616513053E0,2.449359312E0
1.301213604E1,-1.041527760E0,-2.985533933E0,7.853728634E-1,3.258067445E0
1.302210704E1,-1.072452441E0,-2.170527088E0,3.058576766E0,3.900799138E0
1.303207804E1,-3.852397102E-1,4.944294459E-1,1.444099129E0,1.574259320E0
1.304204904E1,4.126405302E-1,1.701699384E0,-1.042127026E0,2.037665757E0
1.305202004E1,8.122536832E-1,2.124724679E0,-9.293471003E-1,2.457213267E0
1.306199104E1,2.736264133E-1,2.423266845E0,-3.168997926E-1,2.459170408E0
1.307196204E1,2.397280394E-1,2.984988680E0,-1.774758589E-1,2.999854102E0
1.308193304E1,6.795509778E-2,2.414616767E0,-9.562706047E-1,2.597969495E0
1.309190404E1,1.453381913E-1,6.626789832E-1,-6.634894073E-1,9.489387853E-1
1.310187504E1,-2.905605163E-1,-5.376766223E-1,7.053098631E-1,9.332650035E-1
1.311184604E1,-6.630580290E-1,4.031298512E-1,9.715546417E-1,1.243413869E0
1.312181704E1,-6.779270964E-2,8.561127707E-1,8.791703886E-1,1.229009967E0
1.313178804E1,-7.614185750E-1,4.778031805E-1,2.994160330E-1,9.474724727E-1
1.314175904E1,-4.017106223E-1,-9.378992379E-1,2.091727379E0,2.327305273E0
1.315173004E1,-6.674394207E-1,-1.302415831E0,2.142370698E0,2.594516253E0
1.316170104E1,-9.651965987E-1,-5.353418291E-1,1.695879650E0,2.023413733E0
1.317167204E1,-4.063028428E-1,-5.370860535E-1,1.535383521E0,1.676587601E0
1.318164304E1,-1.628999490E0,-1.455942957E0,-1.923780727E-1,2.193266640E0
1.319161404E1,-2.413147654E0,-2.263461272E0,-1.388606129E0,3.588142348E0
1.320158504E1,-1.310616843E0,-2.119691395E0,-1.610357689E0,2.967163630E0
1.321155604E1,-2.328180594E0,-1.697316019E0,-7.342529958E-1,2.973286735E0
1.322152704E1,-2.164290740E0,-1.379427754E0,2.159025908E-2,2.566601153E0
1.323149804E1,-2.336157219E0,-1.198368722E0,-1.404518741E-1,2.629343050E0
1.324146904E1,-2.342232330E0,-4.063560525E-1,3.019776982E-1,2.396323864E0
1.325143904E1,-1.558107116E0,5.734267911E-1,-1.952689362E-1,1.671719483E0
1.326141004E1,-1.448720768E0,1.035265903E0,1.678688836E-1,1.788504212E0
1.327138104E1,-1.531686326E0,-1.518518981E-1,5.141462570E-1,1.622796467E0
1.328135204E1,-1.045021764E0,-2.209364587E-1,4.920472902E-1,1.176007628E0
1.329132304E1,-1.912567960E-1,1.859461355E-1,9.717511082E-1,1.007698042E0
1.330129404E1,3.191178242E-1,4.659494126E-1,-1.218974894E-1,5.777577682E-1
1.331126504E1,5.712432581E-1,7.478009945E-1,-2.204774523E0,2.397197506E0
1.332123604E1,9.899050317E-1,-2.787130889E-1,-3.286711732E0,3.443844794E0
1.333120704E1,1.504059109E0,-8.015947938E-3,-2.404083300E0,2.835819912E0
1.334117804E1,1.769089714E0,3.663660675E-2,-1.398487923E0,2.255391125E0
1.335114904E1,1.880152605E0,-4.530323285E-1,-2.005811316E0,2.786304209E0
1.336112004E1,1.854347527E0,-9.215431139E-1,-2.813349220E0,3.493247814E0
1.337109104E1,1.736248388E0,-4.420246527E-1,-2.479366202E0,3.058954237E0
1.338106204E1,1.798280330E0,-1.346197443E0,1.248544264E0,2.570004373E0
1.339103304E1,1.427100396E0,-8.422662717E-1,4.858676603E0,5.133494555E0
1.340100404E1,6.013837544E-1,1.033127284E0,7.726827682E0,7.818751846E0
1.341097504E1,5.026650664E-1,1.598878728E0,5.335221171E0,5.592286679E0
1.342094604E1,2.944922389E-1,1.601628381E0,2.545525693E0,3.021860388E0
1.343091704E1,-1.221466905E-2,2.044793241E0,1.147616644E0,2.344856618E0
1.344088804E1,3.180857175E-1,2.452994090E0,-1.194668019E0,2.746923771E0
1.345085904E1,2.627907735E-1,2.102757859E0,-3.254127538E0,3.883297006E0
1.346083004E1,6.516093269E-1,1.351421638E0,-5.039307035E0,5.257903627E0
1.347080104E1,7.252569084E-1,9.586527604E-1,-6.297284612E0,6.410991045E0
1.348077204E1,9.483297204E-1,3.523812819E-1,-5.346944838E0,5.441812283E0
1.349074304E1,5.732946806E-1,-1.094692910E0,-2.635560535E0,2.910875932E0
1.350071404E1,6.277932521E-1,-2.067670180E0,4.835425150E-1,2.214316532E0
1.351068504E1,4.063947537E-1,-1.656963506E0,3.341529964E0,3.751867169E0
1.352065604E1,7.795641663E-1,-1.787145916E-1,2.953176026E0,3.059560072E0
1.353062704E1,7.539775546E-1,3.409365267E-2,2.073391095E0,2.206489330E0
1.354059804E1,-3.560594729E-1,-4.925255924E-1,1.002614467E0,1.172431480E0
1.355056904E1,-3.195668538E-1,-2.441663648E0,2.606517999E0,3.585774731E0
1.356054004E1,-8.826410400E-2,-2.054947515E0,1.762364831E0,2.708602895E0
1.357051104E1,3.621260322E-1,-4.193669844E-1,6.573919308E-1,8.597488479E-1
1.358048204E1,4.331177718E-1,-1.413058600E-1,-1.087318402E0,1.178906128E0
1.359045304E1,1.475383889E-1,-1.740371991E0,-1.358689435E0,2.212848667E0
1.360042404E1,5.543943235E-1,-2.328263332E0,-1.629096846E0,2.895189069E0
1.361039504E1,7.645960982E-1,-6.544425952E-1,-1.019356214E0,1.432476665E0
1.362036604E1,7.880187285E-1,2.730879213E0,-1.770548594E0,3.348659003E0
1.363033704E1,2.030698674E0,3.489155494E0,-1.576031025E0,4.333799368E0
1.364030804E1,2.064919649E0,7.505766678E-1,-1.069229456E0,2.443462732E0
1.365027904E1,2.357711810E0,-1.560349670E0,-3.667022824E-1,2.850958898E0
1.366025004E1,2.376847701E0,-1.360691814E0,4.720363641E-1,2.779155543E0
1.367022104E1,2.014721157E0,-1.434309720E0,3.157385355E-1,2.493198054E0
1.368019204E1,1.171022098E0,-2.168498982E0,3.367358869E-1,2.487382489E0
1.369016304E1,1.028165995E-1,-6.458486500E-1,2.126897212E0,2.225170439E0
1.370013404E1,-3.325955101E-1,1.399764955E-2,4.940416585E0,4.951619103E0
1.371010504E1,-8.476511919E-1,8.380735257E-1,3.154172895E0,3.371896563E0
1.372007604E1,1.128110625E0,2.313683884E0,2.849253463E0,3.839793223E0
1.373004704E1,4.730558627E-1,2.305999474E0,1.348431664E0,2.712873638E0
1.374001804E1,9.620473614E-1,2.474449278E0,-2.438936799E0,3.605114015E0
1.374998904E1,1.454903175E0,2.472389012E0,-3.716029508E0,4.694499545E0
1.375996004E1,9.280340349E-1,2.372084413E0,-3.829671898E0,4.599393273E0
1.376993104E1,2.207338234E0,-5.511582550E-1,-2.858573340E0,3.653431133E0
1.377990204E1,1.786752106E0,-1.734015191E-1,-1.127875274E-1,1.798686243E0
1.378987304E1,1.549572520E0,3.903776586E-2,1.692885876E0,2.295334732E0
1.379984404E1,7.565040634E-1,-5.459627116E-1,3.311651276E0,3.440553423E0
1.380981504E1,4.588183676E-1,2.166334927E-2,6.775847054E-1,8.185991865E-1
1.381978604E1,1.886400940E-1,-2.813709408E-1,-5.272106910E-1,6.266624323E-1
1.382975704E1,-2.988757868E-1,-2.988336504E-2,-3.303528909E0,3.317155861E0
1.383972804E1,2.011501753E-1,1.154673064E-1,-3.643525788E0,3.650900473E0
1.384969904E1,1.747489734E-1,-1.974759969E0,-9.630247235E-2,1.984814426E0
1.385967004E1,-7.033925611E-1,-2.591278109E0,3.876122764E0,4.715274225E0
1.386964104E1,-1.509281404E0,-5.090173718E-1,5.176900206E0,5.416394075E0
1.387961204E1,-1.155618705E0,1.818835193E0,2.424826298E0,3.243978826E0
1.388958304E1,-1.134738663E0,1.952432084E0,-8.284791219E-1,2.405410678E0
1.389955404E1,-1.218024429E0,-1.735134932E-1,-4.836120969E-1,1.321957300E0
1.390952504E1,-1.433606739E0,8.616304958E-1,-3.923657119E-2,1.673073490E0
1.391949604E1,-1.724555857E0,2.050300148E0,1.744419726E0,3.197002312E0
1.392946704E1,-1.638249200E0,2.591280155E0,1.400416335E0,3.370424186E0
1.393943804E1,-1.154869457E0,2.082786694E0,1.333091494E0,2.729259388E0
1.394940896E1,-1.852233320E0,1.210796101E0,-8.460014731E-1,2.369074495E0
1.395937996E1,-1.092347227E0,1.093163571E0,-2.371350002E0,2.830464607E0
1.396935096E1,-1.273335545E-1,-9.138557795E-1,1.286861653E0,1.583464282E0
1.397932196E1,-1.024450674E0,-1.097575588E0,1.032100806E0,1.821923003E0
1.398929296E1,-1.207181791E0,4.035043654E-1,-1.822770077E-1,1.285818244E0
1.399926396E1,-1.211570419E0,6.775695026E-2,-1.146854752E0,1.669661554E0
1.400923496E1,-6.746217750E-1,1.139693082E0,-3.397484894E0,3.646493996E0
1.401920596E1,-8.759123200E-1,-2.663454385E0,-2.764689860E0,3.937603545E0
1.402917696E1,-1.474581833E0,-3.884139882E0,-2.261340487E-1,4.160777669E0
1.403914796E1,-2.130665450E0,-2.156093821E0,8.913624179E-1,3.159589022E0
1.404911896E1,-1.046264370E0,-2.463282558E0,7.046883041E-1,2.767492674E0
1.405908996E1,-3.010484295E-1,-2.789316871E0,-1.612788377E0,3.236047761E0
1.406906096E1,7.851978124E-1,-4.428952446E0,-1.154597635E0,4.643840121E0
1.407903196E1,5.947545468E-1,-3.290363611E0,3.423211473E-1,3.361161917E0
1.408900296E1,8.935850908E-1,-1.297541884E0,2.582620429E0,3.025233468E0
1.409897396E1,1.268582233E0,7.804191023E-2,2.528564674E0,2.830023098E0
1.410894496E1,1.376531190E0,3.548835978E-1,2.746127290E-1,1.447823413E0
1.411891596E1,8.537535654E-1,-1.988467597E0,2.234016448E-1,2.175501512E0
1.412888696E1,5.075374416E-1,-1.531338125E0,1.314464604E0,2.080963215E0
1.413885796E1,9.081467043E-1,1.657643538E0,2.645472735E0,3.251313354E0
1.414882796E1,1.936812271E0,3.006006789E0,3.027670723E0,4.685521166E0
1.415879896E1,2.242934329E0,1.692934408E0,2.241511409E0,3.594600772E0
1.416876996E1,1.954065796E0,1.501027620E0,2.218366376E0,3.315509980E0
1.417874096E1,1.302900273E0,1.974946496E0,1.234229110E0,2.668573454E0
1.418871196E1,1.093551388E0,3.423610838E0,-5.805606866E-1,3.640606614E0
1.419868296E1,1.579766811E0,2.945697730E0,-1.141733760E0,3.532188312E0
1.420865396E1,1.154986767E0,2.030223733E0,-3.131037217E0,3.906302202E0
1.421862496E1,1.286061023E0,3.472927424E-1,-2.387967204E0,2.734401685E0
1.422859596E1,9.076640166E-1,1.917103207E-1,-1.834308972E0,2.055552534E0
1.423856696E1,1.366066720E0,-9.700267643E-1,-1.743405819E-2,1.675528023E0
1.424853796E1,1.030418781E0,1.151758227E-1,1.188313850E0,1.577059967E0
1.425850896E1,1.842634530E0,7.352990627E-1,1.442213402E0,2.452742592E0
1.426847996E1,9.143541815E-1,4.626714635E-1,-1.954548776E-2,1.024934378E0
1.427845096E1,1.065717326E0,-9.402352005E-1,-1.906615641E0,2.378019944E0
1.428842196E1,-7.203881512E-1,-2.246346764E0,-8.995005727E-2,2.360746468E0
1.429839296E1,-1.169040257E0,-8.887323403E-1,-1.449168665E0,2.063150531E0
1.430836396E1,-1.041771662E0,-2.591690630E-1,-1.372606977E0,1.742557521E0
1.431833496E1,-1.526718824E0,7.651979229E-1,4.033350885E-1,1.754730014E0
1.432830596E1,-1.441801173E0,1.003500612E0,-1.744184083E0,2.475476160E0
1.433827696E1,-1.330396220E0,-1.056080237E-1,-1.665542541E0,2.134277187E0
1.434824796E1,-1.025539937E0,-7.980496269E-1,-2.426986259E0,2.752976148E0
1.435821896E1,-9.831164143E-1,3.137110135E-1,-2.761717721E0,2.948222728E0
1.436818996E1,-7.993375493E-1,8.092353505E-1,-1.581088282E0,1.947727528E0
1.437816096E1,-7.967952530E-1,-9.908910915E-1,1.636567833E0,2.072462811E0
1.438813196E1,-1.079725354E0,-1.767739592E0,5.670575945E0,6.037063993E0
1.439810296E1,-9.657827821E-1,-7.494376302E-3,3.253822314E0,3.394134970E0
1.440807396E1,-6.454269927E-1,7.969711080E-1,3.321569324E-2,1.026081007E0
1.441804496E1,-8.814274869E-1,6.384527993E-1,-2.267972399E0,2.515598377E0
1.442801596E1,-1.172596826E0,-5.035592884E-2,-1.802293712E0,2.150763042E0
1.443798696E1,-1.674683201E0,-1.802171506E0,5.206226331E-1,2.514643888E0
1.444795796E1,-2.630876622E0,-5.487266904E-1,5.345711660E-1,2.740142171E0
1.445792896E1,-3.046948993E0,6.992854768E-1,5.008555359E-1,3.166031366E0
1.446789996E1,-3.789425221E0,-2.526149189E-1,7.214095867E-1,3.865745671E0
1.447787096E1,-3.507937336E0,-1.431545742E0,8.353712350E-1,3.879792863E0
1.448784196E1,-2.848559398E0,-1.295055064E0,1.085049098E0,3.311916334E0
1.449781296E1,-3.302224395E0,-1.006140630E0,2.441105531E0,4.228002027E0
1.450778396E1,-2.419888032E0,-2.839947911E0,4.240475051E0,5.648255561E0
1.451775496E1,-1.843873555E0,-1.193021735E0,2.557103180E0,3.370748763E0
1.452772596E1,-2.713620279E0,8.921208018E-1,1.158857331E0,3.082623048E0
1.453769696E1,-2.857687779E0,-5.232848704E-2,1.197395745E0,3.098850477E0
1.454766796E1,-2.284160416E0,5.795087725E-2,9.070885044E-1,2.458364632E0
1.455763896E1,-1.311565408E0,-1.021502727E0,-1.710953772E-1,1.671210720E0
1.456760996E1,-8.367383140E-1,-9.562975019E-2,-1.258769875E0,1.514522252E0
1.457758096E1,-1.101409241E0,5.843166456E-1,-1.411182228E0,1.883072898E0
1.458755196E1,-1.078292932E0,2.193878236E-1,-1.728763222E0,2.049260584E0
1.459752296E1,-6.215178010E-1,-8.481099790E-1,-2.054845482E0,2.308238477E0
1.460749396E1,-4.883846309E-1,5.621112594E-1,-1.404212932E0,1.589434671E0
1.461746496E1,-2.269283564E-1,2.565655317E0,1.476971591E-1,2.579902738E0
1.462743596E1,-9.909364074E-2,7.605385691E-1,9.572599536E-1,1.226615296E0
1.463740696E1,6.169841623E-1,-8.013755232E-2,4.121176064E-2,6.235301862E-1
1.464737796E1,1.288021740E0,-1.995485133E-1,-1.083921170E0,1.695200494E0
1.465734896E1,1.352739893E0,2.266559127E-1,-1.828566422E0,2.285811296E0
1.466731996E1,6.119075732E-1,8.297102532E-1,-1.388502048E0,1.729389465E0
1.467729096E1,5.629819829E-1,7.441178334E-1,-7.109342998E-1,1.173067620E0
1.468726196E1,1.412440695E0,-3.116434380E-1,-2.082240272E0,2.535317514E0
1.469723296E1,6.212480982E-1,-6.817131320E-1,-1.914105340E0,2.124730864E0
1.470720396E1,2.699988373E-2,-1.323646486E0,-1.051917604E0,1.690946380E0
1.471717496E1,5.279197755E-1,-2.035593232E0,9.440224421E-1,2.305106823E0
1.472714596E1,5.032867716E-1,-1.354169829E0,1.921951718E0,2.404365178E0
1.473711696E1,1.182709366E0,-7.239466935E-1,3.314355614E0,3.592750116E0
1.474708796E1,8.984879811E-1,-2.131812966E-1,3.557037867E0,3.674948341E0
1.475705896E1,7.936118826E-1,-1.230341004E0,2.033358718E0,2.505614991E0
1.476702996E1,1.163436797E0,-1.782261152E0,-7.213750881E-1,2.247314400E0
1.477700096E1,8.002481069E-1,-1.596101593E0,-2.510005027E0,3.080269885E0
1.478697196E1,1.247511207E0,-7.607265571E-1,-1.579125956E0,2.151424619E0
1.479694296E1,4.685496694E-1,-3.809022456E-1,-3.104924136E-1,6.789925275E-1
1.480691396E1,8.773947354E-1,-1.552896224E0,1.544059619E0,2.359116002E0
1.481688496E1,9.528429669E-1,-8.158389035E-1,1.926024304E0,2.298493519E0
1.482685596E1,1.043886600E0,4.071527356E-1,3.410365140E0,3.589716280E0
1.483682696E1,8.639193153E-1,6.677511504E-1,5.079829994E0,5.195856132E0
1.484679796E1,1.626959250E0,1.480541608E0,4.501777178E0,5.010488760E0
1.485676896E1,2.096952451E0,2.484134606E0,1.302830399E0,3.502213781E0
1.486673996E1,1.860778148E0,2.428201311E0,-2.671282929E0,4.061330990E0
1.487671096E1,2.007785190E0,2.476699871E0,-5.489456686E0,6.348179135E0
1.488668196E1,1.735537075E0,1.748847823E0,-8.771897027E0,9.111351991E0
1.489665296E1,1.370444677E0,-1.741145870E-1,-6.998847579E0,7.133884071E0
1.490662396E1,1.157262576E0,-1.324430306E0,-2.823049750E0,3.326106162E0
1.491659496E1,1.761927167E0,-3.825979382E-2,-4.734174764E-1,1.824821980E0
1.492656596E1,1.909778985E0,8.439812601E-2,1.857780865E0,2.665657247E0
1.493653696E1,1.788742498E0,-4.071123898E-3,3.175213516E0,3.644392565E0
1.494650829E1,2.126404145E0,1.274448306E0,2.839555855E0,3.769468203E0
1.495647929E1,2.218712823E0,2.341883544E0,8.032694364E-1,3.324507018E0
1.496645029E1,2.108127065E0,1.914327826E0,5.759513265E-1,2.905266025E0
1.497642129E1,1.233991421E0,1.007887193E0,-1.110663995E0,1.942201311E0
1.498639229E1,1.609957155E0,-1.238386188E0,-3.575604531E0,4.112239068E0
1.499636329E1,2.124992774E0,-6.720827678E-1,-9.460814222E0,9.719788849E0
1.500633429E1,2.597785767E0,-1.757386804E0,-1.435590027E1,1.469451502E1
1.501630529E1,3.637750201E0,-6.240644388E0,-7.856980855E0,1.067291043E1
1.502627629E1,6.062586877E-1,-1.068043406E1,5.447987648E0,1.200499025E1
1.503624729E1,-2.344569170E0,-5.276249077E0,3.362381018E1,3.411592619E1
1.504621829E1,-6.251412474E-1,1.367467625E1,1.055726247E1,1.728708660E1
1.505618929E1,5.839635907E0,1.122132607E1,-6.581003795E0,1.425935192E1
1.506616029E1,-2.958135635E0,-6.001501454E0,-2.853897906E0,7.274154205E0
1.507613129E1,-1.207794872E0,-5.947787762E0,-2.972356063E0,6.757947046E0
1.508610229E1,1.424101651E0,9.256624773E-1,1.391560142E0,2.195758676E0
1.509607329E1,8.543273965E-1,-2.509721437E-1,9.357919014E0,9.400186731E0
1.510604429E1,3.773133709E-1,-2.828458717E0,2.573757219E0,3.842755563E0
1.511601529E1,-1.806299932E0,-2.193451682E0,2.114826220E0,3.542095378E0
1.512598629E1,1.284208771E0,1.729703746E0,-1.068968670E0,2.404945162E0
1.513595729E1,1.519735202E-2,5.397023901E-1,6.556804508E-1,8.493682847E-1
1.514592829E1,-7.615982307E-1,4.146301550E-1,-3.066143648E0,3.186406581E0
1.515589929E1,-1.048766320E0,4.809747103E-1,-3.385215096E0,3.576440789E0
1.516587029E1,-1.581396430E0,1.308037344E0,-2.331763183E0,3.106267198E0
1.517584129E1,-3.395712749E-1,1.648242384E0,-3.728646630E-1,1.723670405E0
1.518581229E1,-1.471518770E0,1.890887216E-1,-1.061025227E0,1.823978225E0
1.519578329E1,-8.367431380E-2,-2.184774706E0,1.780563705E0,2.819689525E0
1.520575429E1,-8.249471844E-1,-1.385887758E0,2.245138437E0,2.764393123E0
1.521572529E1,-1.105576918E-1,8.037606025E-1,1.955747455E-1,8.345679064E-1
1.522569629E1,1.683063284E-1,-1.610582515E0,-2.568516945E0,3.036376517E0
1.523566729E1,-1.721639559E-3,-7.750866755E0,6.790371537E-2,7.751164386E0
1.524563829E1,-2.163225670E-1,-3.525155632E0,-3.694762015E0,5.111240948E0
1.525560929E1,7.508964374E-1,1.012537893E1,-4.534114619E0,1.111959259E1
1.526558029E1,1.115066437E0,1.702105648E1,-2.187390751E-1,1.705894439E1
1.527555129E1,6.835549318E-1,7.360816541E0,4.658352749E0,8.737798225E0
1.528552229E1,-1.203550963E0,-9.983934785E0,4.727595477E0,1.111204966E1
1.529549329E1,-1.515934512E-2,-9.795863771E0,6.854609048E-1,9.819828587E0
1.530546429E1,2.529900178E0,-1.975572440E-1,-5.380980896E0,5.949317539E0
1.531543529E1,3.328661704E0,2.352152131E0,-3.646207906E0,5.468769558E0
1.532540629E1,1.038925310E0,-1.635327054E0,-1.680940014E-1,1.944714881E0
1.533537729E1,2.096469909E0,-2.124515641E0,1.269885432E0,3.243664871E0
1.534534829E1,1.665606861E0,6.290726960E-3,2.111091603E0,2.689050677E0
1.535531929E1,2.598007962E0,2.254210685E0,1.490957546E0,3.748875242E0
1.536529029E1,1.416312722E0,-1.634566624E0,3.577756891E0,4.180681062E0
1.537526129E1,-1.106324850E0,-1.252690817E0,7.160009122E-1,1.818198631E0
1.538523229E1,-9.619880853E-1,-4.806876120E-1,4.691408814E0,4.813086153E0
1.539520329E1,-2.475581007E0,2.327730358E0,2.576750994E0,4.264560426E0
1.540517429E1,6.532358761E-1,2.294361176E0,2.556150668E0,3.496386213E0
1.541514529E1,-5.266731491E-1,-1.634837935E0,-4.240840502E0,4.575457118E0
1.542511629E1,-1.838967230E-1,-2.256326792E0,-4.013788440E0,4.608180361E0
1.543508729E1,-5.130823562E-1,4.425757527E-1,-5.375680979E0,5.418216754E0
1.544505829E1,-5.444955721E-1,-2.966508847E0,8.909513587E-1,3.144907708E0
1.545502929E1,-8.399909008E-1,-5.180364096E0,6.089139522E0,8.038617854E0
1.546500029E1,-8.562642136E-1,6.946845952E-1,3.559120646E0,3.726005215E0
1.547497129E1,1.979118923E0,2.415778901E0,1.505360992E0,3.466844549E0
1.548494229E1,1.607190983E0,1.764421297E0,6.571288061E-1,2.475492605E0
1.549491329E1,1.506181795E0,-2.458681092E-1,2.397487056E-1,1.544834673E0
1.550488429E1,1.656163753E0,-1.008951387E0,-1.550453550E0,2.482894981E0
1.551485529E1,3.814572926E-1,1.381934748E0,-2.314773513E0,2.722761416E0
1.552482629E1,8.392670155E-1,2.807061124E0,-2.811474602E0,4.060585021E0
1.553479729E1,2.544358515E-1,-3.480651596E-1,-4.532846943E0,4.553305214E0
1.554476829E1,6.945790529E-1,-1.279780090E0,-5.051232432E0,5.256921743E0
1.555473929E1,-2.130910119E-1,-6.158521414E-2,-8.056305420E-1,8.356082146E-1
1.556471029E1,-1.167342518E0,-1.481055286E0,1.750244722E0,2.572852484E0
1.557468129E1,-8.170218683E-1,-1.087183916E0,2.195511948E0,2.582589072E0
1.558465229E1,-1.531627854E0,-8.458640635E-2,9.713464808E-1,1.815641135E0
1.559462329E1,-2.362214459E-1,1.141980220E0,-8.043073171E-1,1.416626152E0
1.560459429E1,-6.649273107E-1,2.433368203E0,2.870234442E-1,2.538856356E0
1.561456529E1,-6.245523597E-1,1.126473989E0,1.612101329E0,2.063463107E0
1.562453629E1,-6.362653559E-1,-1.270066110E0,2.240346644E0,2.652744732E0
1.563450729E1,-3.898931437E-1,-2.110072726E0,1.026117350E0,2.378516426E0
1.564447829E1,-7.570202263E-1,-5.745257753E-1,-1.745912520E0,1.987805327E0
1.565444929E1,-1.980432499E0,-1.908317766E0,-7.429797313E0,7.922479264E0
1.566442029E1,-1.197016480E0,-2.678266259E0,-7.627654812E0,8.172336051E0
1.567439129E1,-2.856476820E0,-5.026111624E-1,-7.411838175E0,7.959109431E0
1.568436229E1,-3.049229407E0,-4.407063687E0,-4.353556108E-1,5.376759696E0
1.569433329E1,-1.122853686E0,-3.658378008E0,3.235550700E1,3.258102766E1
1.570430429E1,1.014501710E0,5.633717437E0,1.831698658E1,1.919062228E1
1.571427529E1,-1.593861671E0,9.329523765E0,-1.083140449E1,1.438400959E1
1.572424629E1,-4.226994222E-1,-2.560809730E0,-1.796860597E1,1.815508804E1
1.573421729E1,-4.025600985E0,-7.347058042E0,-7.800074583E0,1.144665404E1
1.574418829E1,-4.324477320E0,-3.461416303E0,1.192804511E0,5.666152974E0
1.575415929E1,1.026060486E0,-1.559034631E0,7.922445697E0,8.139320299E0
1.576413029E1,-5.102146989E-1,-2.137531543E-1,4.950792469E0,4.981601703E0
1.577410129E1,-4.655993836E-1,2.711108900E0,-1.934126791E0,3.362698425E0
1.578407229E1,-3.541692873E-1,-1.671845840E0,-2.823209379E0,3.300153874E0
1.579404329E1,-1.959672545E0,-1.121917839E0,1.015376015E0,2.475884604E0
1.580401429E1,-1.460919960E0,2.324122626E0,3.862292345E0,4.738473939E0
1.581398529E1,-1.148822340E0,1.541582446E0,1.473856779E0,2.422503460E0
1.582395629E1,-2.016530724E0,1.229311894E0,-9.097641903E-1,2.530864433E0
1.583392829E1,-1.980681883E0,1.228742083E0,-2.180643064E0,3.191882204E0
1.584389929E1,-1.152183173E0,1.549542261E0,-2.990603469E0,3.559819713E0
1.585387029E1,-1.558188685E0,1.278327349E0,-3.768104226E0,4.273251952E0
1.586384129E1,-2.188133639E0,1.364461806E0,-5.388223257E0,5.973494347E0
1.587381229E1,-1.565126845E0,-3.559907681E-1,-5.591971241E0,5.817773958E0
1.588378329E1,-2.104647387E0,3.322452253E-1,-7.046876609E0,7.361956089E0
1.589375429E1,-1.117764561E0,-2.298477615E0,1.870331329E-1,2.562689672E0
1.590372529E1,-7.674520245E-1,-6.706718931E0,1.330956442E1,1.492359093E1
1.591369629E1,-1.724545479E0,3.780058274E0,1.196127484E1,1.266234549E1
1.592366729E1,-6.785195290E-1,1.486007995E1,-1.353189543E0,1.493698385E1
1.593363829E1,1.607567983E0,6.761387474E0,-3.403813920E0,7.738642297E0
1.594360929E1,4.651251744E-2,-7.518344039E-1,-5.452710444E0,5.504495397E0
1.595358029E1,5.588603537E-1,-9.399456464E0,-3.418906168E0,1.001753593E1
1.596355129E1,-1.936175363E0,-6.973332084E0,-9.925245112E-1,7.304877843E0
1.597352229E1,-1.905942334E0,3.855842866E0,8.815554678E-2,4.302082262E0
1.598349329E1,-5.440253098E-1,3.319605829E0,3.166197694E0,4.619583773E0
1.599346429E1,-1.154817234E-1,-3.475389102E0,4.367047974E0,5.582362712E0
1.600343529E1,8.866073160E-1,-5.091191719E0,1.456299344E0,5.369088696E0
1.601340629E1,7.352302118E-1,5.856398705E-1,9.947569782E-1,1.368604752E0
1.602337729E1,5.585189494E-1,1.594371694E0,3.786315379E0,4.146100417E0
1.603334829E1,1.098652425E0,-8.258393964E-1,3.553108538E0,3.809675596E0
1.604331929E1,1.315863166E-1,-3.816695465E0,1.856421388E0,4.246266549E0
1.605329029E1,-2.227192382E-1,-2.502615608E0,-9.477172977E-1,2.685303860E0
1.606326129E1,6.765470438E-1,1.714896842E0,-6.228571057E-2,1.844577619E0
1.607323229E1,5.953817703E-3,-8.719426453E-1,2.670647337E0,2.809390792E0
1.608320329E1,6.460248705E-1,-3.066041029E0,-9.149769831E-1,3.264220980E0
1.609317429E1,9.062951834E-1,-3.429139965E0,-3.887579799E0,5.262475516E0
1.610314529E1,8.041207910E-1,-1.446281310E0,-2.495825529E0,2.994575921E0
1.611311629E1,1.180129136E0,3.051261315E-1,-1.492916948E0,1.927331769E0
1.612308729E1,3.864352465E-1,1.952361333E0,-1.666947042E0,2.596104662E0
1.613305829E1,9.038851804E-1,4.788221163E0,-4.951205868E-1,4.897878594E0
1.614302929E1,1.158214868E0,3.629747409E0,4.322065929E0,5.761664849E0
1.615300029E1,-7.884490836E-1,4.937108231E-1,4.324436975E0,4.423364950E0
1.616297129E1,4.776758939E-1,-1.863062948E0,2.123846719E0,2.865292776E0
1.617294229E1,1.776219808E0,-1.381051234E0,-1.841537300E0,2.907493585E0
1.618291329E1,2.297774195E0,1.073086864E-1,-2.143476407E0,3.144164836E0
1.619288429E1,1.177642242E0,1.339772522E-1,-2.034973134E0,2.354974907E0
1.620285529E1,5.233858445E-1,-4.142655811E-1,-3.505025715E-1,7.539235813E-1
1.621282629E1,-1.053727098E-1,9.572301328E-2,-1.758509177E-1,2.262517370E-1
1.622279729E1,5.859576301E-1,1.079628729E0,2.824503368E-1,1.260445449E0
1.623276829E1,2.694307254E-1,3.681579468E-1,1.001090682E0,1.100143510E0
1.624273929E1,4.078576174E-1,5.414267340E-1,7.285712564E-1,9.951416081E-1
1.625271029E1,5.432691186E-1,-1.279119647E0,8.500056463E-1,1.629048190E0
1.626268129E1,-1.565422604E-1,-1.761801159E-1,2.571203156E0,2.581981909E0
1.627265229E1,6.815567189E-1,2.668119293E0,1.214533349E0,3.009729453E0
1.628262329E1,8.545730527E-1,-2.817270362E-1,1.614177091E0,1.848034877E0
1.629259429E1,-4.866492504E-1,-9.083398086E-1,7.046713471E-1,1.248387123E0
1.630256529E1,-1.544661152E-1,7.541066319E-2,-1.304839502E0,1.316112714E0
1.631253629E1,2.322243258E-1,1.217249089E0,-2.025525788E0,2.374526942E0
1.632250729E1,-9.190722267E-1,1.620213756E-1,-4.342586732E-1,1.029332444E0
1.633247829E1,-2.821824247E-1,-4.587202075E-1,-8.251725215E-1,9.853734519E-1
1.634244929E1,-3.171148605E-1,-2.100705779E-1,-1.091903204E0,1.156262984E0
1.635242029E1,-1.199614946E-1,8.496252850E-1,3.823283815E-1,9.393768554E-1
1.636239129E1,1.694307480E-1,1.530792579E0,1.097411281E-1,1.544045276E0
1.637236229E1,-3.914642905E-1,2.777690560E-2,1.134120101E-1,4.085071986E-1
1.638233329E1,-4.169430577E-1,-9.335205504E-1,7.967421895E-1,1.296186811E0
1.639230429E1,-7.119217118E-2,4.265143284E-1,2.245928396E0,2.287176678E0
1.640227529E1,1.025915621E0,5.062916923E-1,3.335333669E-1,1.191670527E0
1.641224629E1,-3.366647702E-1,-6.323863131E-1,-1.014292526E0,1.241791023E0
1.642221729E1,-1.244290414E-1,-1.539175732E0,-1.527016155E0,2.171709663E0
1.643218729E1,-1.416142458E-1,-9.674434644E-1,1.447443151E-1,9.884090086E-1
1.644215829E1,9.418415038E-1,-3.120246765E-1,1.475422078E-1,1.003091980E0
1.645212929E1,-4.390976461E-1,-3.505581200E-2,1.874641896E0,1.925699326E0
1.646210029E1,-3.028107254E-1,-3.546950251E-2,1.776770031E-1,3.528760951E-1
1.647207129E1,2.001807435E-1,-1.062705132E0,-4.049120826E-1,1.154715689E0
1.648204229E1,6.538561195E-2,-1.660035926E0,-4.214263737E-2,1.661857562E0
1.649201329E1,6.419184440E-1,-4.561851472E-1,1.267470531E0,1.492194935E0
1.650198429E1,1.442669631E0,6.660218364E-1,-2.590375006E-1,1.609963098E0
1.651195529E1,3.739146768E-1,-1.095485500E0,1.237949694E0,1.694821557E0
1.652192629E1,4.751857841E-1,6.925974315E-1,-9.187613010E-2,8.449461254E-1
1.653189729E1,-1.637555501E-1,3.562199789E-1,-3.147731602E-2,3.933184143E-1
1.654186829E1,-9.100797207E-1,-1.549002855E0,-7.301669616E-1,1.939277890E0
1.655183929E1,1.506845746E-3,-2.864501247E-1,-7.078089631E-1,7.635767628E-1
1.656181029E1,-5.595908171E-1,-1.504431285E0,7.540452361E-1,1.773425947E0
1.657178129E1,4.167505015E-1,3.554577944E-1,-7.415093905E-1,9.218825306E-1
1.658175229E1,9.304919120E-1,1.157749576E0,-1.307545593E0,1.978856932E0
1.659172329E1,8.857078680E-1,-1.195519958E0,8.383351886E-1,1.707791640E0
1.660169429E1,1.148211306E0,-5.906933266E-1,1.438695132E0,1.933171356E0
1.661166529E1,8.874282651E-1,5.682017192E-1,-6.888341635E-1,1.258918037E0
1.662163629E1,1.086997536E0,6.677081734E-2,5.370205647E-1,1.214254122E0
1.663160729E1,8.762217839E-1,4.670589218E-1,6.064907491E-2,9.947798557E-1
1.664157829E1,1.751729330E0,-7.543574774E-1,-3.811525065E-1,1.944964803E0
1.665154929E1,1.854480843E0,-1.712375523E0,-6.531959689E-1,2.607296320E0
1.666152029E1,6.860591481E-1,-3.810919878E-1,-1.381087194E0,1.588493027E0
1.667149129E1,8.007522831E-1,-1.249274581E0,-2.041561192E-1,1.497855440E0
1.668146229E1,-3.313328404E-2,-9.454082322E-1,8.728489637E-1,1.287151838E0
1.669143329E1,4.970312010E-1,-5.176849920E-1,1.425854647E0,1.596276680E0
1.670140429E1,3.209077665E-1,2.225900513E-1,4.353252053E-2,3.929671817E-1
1.671137529E1,5.435625392E-1,-4.649147478E-1,1.728536350E0,1.870680055E0
1.672134629E1,6.843930571E-1,3.989584476E-2,1.628517972E0,1.766934158E0
1.673131729E1,1.133883727E0,5.051655185E-1,1.510276746E0,1.954947661E0
1.674128829E1,-2.366892962E-1,-1.770007727E-1,9.986868918E-1,1.041502090E0
1.675125929E1,7.952857943E-1,4.170102641E-1,8.061497748E-2,9.015962675E-1
1.676123029E1,1.542410997E0,7.518446365E-1,-1.631448596E0,2.367683797E0
1.677120129E1,2.139524347E-1,-3.828327039E-1,-8.194527751E-1,9.294295961E-1
1.678117229E1,2.530367225E-1,-1.014366493E0,-1.049885697E0,1.481629826E0
1.679114329E1,-3.956438803E-1,8.304619128E-1,-2.230168980E0,2.412437512E0
1.680111429E1,8.869926475E-2,-3.328916350E-1,1.445154551E0,1.485650052E0
1.681108529E1,-1.912394006E-1,-5.814889321E-1,1.704995459E0,1.811549448E0
1.682105629E1,1.208930767E0,2.166126474E0,-7.740228331E-1,2.598601325E0
1.683102729E1,2.522621564E0,5.110174119E-1,1.415428476E0,2.937379125E0
1.684099829E1,1.600311296E-1,-4.156314906E-1,1.528006089E0,1.591591061E0
1.685096929E1,1.714945812E0,1.661411191E0,5.190292668E-1,2.443505200E0
1.686094029E1,9.049048617E-1,1.843772106E0,-4.310497212E-1,2.098607217E0
1.687091129E1,9.645561824E-1,1.029344136E0,-1.684358296E0,2.197039110E0
1.688088129E1,1.583080428E0,2.670587111E-1,-1.396043202E0,2.127533929E0
1.689085229E1,4.732716615E-1,-6.626912624E-2,-1.023370328E0,1.129453182E0
1.690082329E1,1.637799842E0,-5.468140662E-2,-2.722962960E0,3.178034874E0
1.691079429E1,1.536715516E0,-8.596003425E-1,1.194310754E0,2.127624380E0
1.692076529E1,9.231424735E-1,-6.785109043E-3,5.797999638E-1,1.090140386E0
1.693073629E1,1.438497204E0,4.459484267E-1,-1.709596049E0,2.278346518E0
1.694070729E1,4.362090851E-1,-1.943201669E0,1.879092797E0,2.738119945E0
1.695067796E1,-3.108460240E-2,-1.227239641E0,4.153225238E0,4.330861723E0
1.696064896E1,7.550949575E-1,-1.542536420E-1,2.616573456E0,2.727713187E0
1.697061996E1,6.810275459E-1,1.129589678E0,1.343884284E0,1.883028499E0
1.698059096E1,9.722066794E-1,1.465441758E0,8.656247288E-1,1.960104983E0
1.699056196E1,5.917353735E-1,-1.522500058E0,1.959074521E-1,1.645155588E0
1.700053296E1,-5.020736571E-1,-1.288598861E0,-2.294284285E0,2.678862699E0
1.701050396E1,9.705793262E-1,-4.834495443E-1,-2.915874884E0,3.110960306E0
1.702047496E1,3.692405222E-1,-1.681301664E0,-1.983609438E-2,1.721484046E0
1.703044596E1,-1.115152903E0,-2.934557322E0,1.500364546E0,3.479408922E0
1.704041696E1,7.646411218E-1,-8.909563288E-1,1.453002099E0,1.868072356E0
1.705038796E1,-2.499285619E-1,3.306600451E-4,2.666415707E0,2.678103269E0
1.706035896E1,-1.795405839E-2,-7.557657793E-1,1.990700941E0,2.129411773E0
1.707032996E1,8.895632297E-1,1.235481584E-1,1.985533172E-1,9.197881858E-1
1.708030096E1,-4.267710577E-1,1.158333421E-2,-1.448489803E0,1.510096162E0
1.709027196E1,2.569381675E-1,-1.747545940E0,-1.287486720E0,2.185762130E0
1.710024296E1,-7.718830445E-1,-1.898863403E0,-1.013127760E0,2.286463102E0
1.711021396E1,-9.270861281E-1,-8.321348011E-1,-7.866417092E-1,1.473343882E0
1.712018496E1,-1.045909152E0,2.745343763E-1,-1.368786407E-1,1.089968274E0
1.713015496E1,-5.551705779E-1,-9.094759226E-2,1.039368895E0,1.181851740E0
1.714012596E1,-7.805403589E-1,-8.039939064E-1,3.116302818E-1,1.163083353E0
1.715009696E1,-4.935411807E-1,8.458582163E-3,-1.129632947E0,1.232771285E0
1.716006796E1,-4.237304690E-1,7.027242243E-1,3.769349098E-1,9.030220219E-1
1.717003896E1,-7.298939697E-1,1.363398782E0,3.113905460E-1,1.577518785E0
1.718000996E1,-4.709718785E-1,2.688982451E-1,5.989297146E-1,8.079836505E-1
1.718998096E1,-8.329906143E-1,-7.969196525E-1,8.817121732E-1,1.451334094E0
1.719995196E1,-9.038428612E-1,-8.971119851E-2,-1.460587692E-1,9.199528145E-1
1.720992296E1,-9.211532508E-1,-2.384824911E-1,-1.224426253E0,1.550682708E0
1.721989396E1,-7.485710728E-1,-1.480976641E0,-5.185345924E-1,1.738542086E0
1.722986496E1,-7.171436774E-1,-1.533009844E0,-3.245345020E-1,1.723292453E0
1.723983596E1,-1.647961170E-1,8.547407216E-1,-9.210861540E-1,1.267335458E0
1.724980696E1,1.126820400E-1,3.050176656E-1,-8.707954216E-1,9.295255159E-1
1.725977796E1,2.260185662E-1,-2.720738679E-1,-1.432844993E0,1.475856821E0
1.726974896E1,6.536626589E-2,-1.843214867E-1,-5.803010702E-1,6.123695708E-1
1.727971996E1,-2.924280439E-1,-2.589138320E-1,1.217230085E0,1.278358171E0
1.728969096E1,-3.536654766E-1,-5.461898759E-1,3.715057701E0,3.771611906E0
1.729966196E1,-6.758986607E-1,1.722121954E-2,4.248451238E0,4.301915096E0
1.730963296E1,-5.374041055E-1,6.744608304E-1,5.729943895E-1,1.035385510E0
1.731960396E1,-7.404702672E-1,-1.126954338E-1,2.761732923E0,2.861497024E0
1.732957496E1,-9.502330622E-1,1.952726491E0,1.162428811E0,2.463193935E0
1.733954596E1,-2.026130390E-1,2.982140794E0,-2.098527106E0,3.652127020E0
1.734951596E1,-2.685868443E-1,1.959090601E0,-4.451041473E0,4.870517946E0
1.735948696E1,-8.065590799E-1,1.329495164E0,-7.916881487E0,8.068153904E0
1.736945796E1,8.338189820E-2,-3.667607546E-1,-8.265215326E0,8.273768813E0
1.737942896E1,-4.334472258E-1,-1.220170942E0,-8.010831040E0,8.114807919E0
1.738939996E1,-1.722384494E0,-2.396638625E0,-4.844749120E0,5.672925091E0
1.739937096E1,-2.692991448E-1,-4.475211816E0,6.334211533E0,7.760301448E0
1.740934196E1,2.513835684E-1,-3.446845627E0,1.328800222E1,1.373007435E1
1.741931296E1,-7.864090631E-1,1.336312140E0,7.931150447E0,8.081294251E0
1.742928396E1,-2.975222295E-1,1.801182449E0,4.671572134E0,5.015612016E0
1.743925496E1,-6.200854524E-1,-1.196031590E0,3.145754074E0,3.422099681E0
1.744922596E1,1.020633904E0,-1.030780212E0,2.918195643E0,3.258844462E0
1.745919696E1,-1.165298551E0,2.258357822E0,5.637470180E-1,2.603058099E0
1.746916796E1,-2.013047391E0,2.498870467E0,-4.495549893E0,5.523285458E0
1.747913896E1,-1.622838717E0,-6.784544787E-1,-6.796145663E0,7.020078479E0
1.748910996E1,-1.330088072E0,-3.044689337E0,-3.360819343E0,4.725925739E0
1.749908096E1,-1.276561929E0,-3.403863037E-1,-2.860795282E0,3.151130406E0
1.750905196E1,-1.663026484E0,9.725249872E-1,4.010605216E-1,1.967818965E0
1.751902296E1,-1.233302912E0,-1.161979160E-1,1.867181434E0,2.240737498E0
1.752899396E1,-4.460806103E-2,-1.088417971E0,2.842780010E0,3.044345865E0
1.753896496E1,6.656321195E-1,-7.731448737E-1,1.950324748E0,2.201041966E0
1.754893496E1,4.973577680E-1,2.414510640E0,2.865252614E-2,2.465369617E0
1.755890596E1,-4.971582683E-1,5.668945742E-1,-3.748620719E0,3.823701491E0
1.756887696E1,2.727230733E-1,-4.323998726E0,-7.085486358E-1,4.390146242E0
1.757884796E1,-1.534801101E-1,-3.125313377E0,1.664676569E0,3.544331803E0
1.758881896E1,-5.091163725E-1,-2.600601786E0,4.198697864E0,4.965016907E0
1.759878996E1,-3.082353884E-1,-2.222845343E-1,2.312788968E0,2.343802952E0
1.760876096E1,5.413328497E-2,-7.321737260E-2,1.792175106E0,1.794486781E0
1.761873196E1,1.053019037E-1,2.091724455E-2,1.133427790E0,1.138501022E0
1.762870296E1,2.214471034E-1,1.382045845E0,-5.346290535E-1,1.498304963E0
1.763867396E1,5.445827687E-1,3.768381676E0,-4.349229169E-1,3.832287671E0
1.764864496E1,6.392348644E-1,3.538829345E0,3.342443883E-2,3.596255211E0
1.765861596E1,3.400296966E-1,9.061359930E-1,1.539279521E-2,9.679563888E-1
1.766858696E1,-3.681363121E-1,-1.517469698E0,-1.493186504E0,2.160519513E0
1.767855796E1,-1.685978852E-1,-1.622207072E0,-6.323512298E-1,1.749242438E0
1.768852896E1,-2.306563584E-1,-2.184049067E0,4.810562789E-1,2.248263291E0
1.769849996E1,-1.096525355E0,-3.227451663E0,-3.837434077E-1,3.430170709E0
1.770847096E1,-7.125493008E-1,-6.089492109E-1,-9.869643939E-1,1.361118791E0
1.771844196E1,-1.090215551E0,1.043384762E0,-2.923297924E-1,1.537100653E0
1.772841296E1,-6.439168762E-1,1.654034344E0,1.617783068E0,2.401599594E0
1.773838396E1,-5.737784555E-2,-3.640885770E-2,8.684074187E-1,8.710621487E-1
1.774835496E1,-7.689849635E-2,-6.928672805E-1,-1.997391325E-1,7.251718198E-1
1.775832496E1,9.946378777E-2,2.575352047E0,-7.263077992E-1,2.677658349E0
1.776829596E1,5.427198823E-1,3.753269255E-1,3.962196118E-1,7.696786033E-1
1.777826696E1,7.481450301E-1,-9.677802640E-1,-1.383464087E0,1.846697730E0
1.778823796E1,2.716610910E-1,2.488118899E-1,-1.238065469E0,1.291709414E0
1.779820896E1,-2.347232796E-1,1.539878860E0,-1.113435575E0,1.914695982E0
1.780817996E1,-3.911987904E-1,2.915418801E-1,-3.362534916E-1,5.925365576E-1
1.781815096E1,-2.510918289E-1,-1.340307543E-1,1.283341629E0,1.314525422E0
1.782812196E1,8.722424613E-1,2.109271950E-1,1.019803526E0,1.358416882E0
1.783809296E1,1.183290945E0,-3.678223166E-1,2.002635108E0,2.354998534E0
1.784806396E1,9.431903102E-1,1.789983277E0,5.499715626E-2,2.024023908E0
1.785803496E1,1.307649820E0,1.145901071E0,-1.257477640E0,2.145760315E0
1.786800596E1,3.917808442E-1,-7.861084431E-1,1.103364331E0,1.410273577E0
1.787797696E1,-4.138855851E-1,-3.181645453E-2,-9.755670011E-1,1.060209667E0
1.788794796E1,-4.029283781E-1,9.436733633E-2,-1.788329977E-1,4.508189361E-1
1.789791896E1,8.549093407E-2,-2.448413381E-1,4.060487813E-1,4.818003668E-1
1.790788996E1,3.512803973E-1,-1.394253077E0,1.210425096E0,1.879486226E0
1.791786096E1,7.385494568E-1,-7.578988436E-1,1.160351880E0,1.570440206E0
1.792783196E1,7.346416895E-1,-4.270250827E-2,7.183228415E-1,1.028352868E0
1.793780296E1,7.316619484E-1,-6.044784299E-1,3.065051973E-1,9.973308452E-1
1.794777358E1,4.972701329E-1,-1.438195780E0,4.092822915E-1,1.575816195E0
1.795774358E1,2.223199830E-1,-1.168264332E0,-1.396741945E-1,1.197404111E0
1.796771458E1,1.759168451E-1,-7.943606186E-1,-4.073720062E-1,9.098942137E-1
1.797768558E1,-3.234422787E-1,-3.259612226E-1,-6.495677716E-1,7.954897335E-1
1.798765658E1,-1.113636208E-1,-1.603915519E0,-5.679008800E-1,1.705127051E0
1.799762758E1,-9.393160913E-2,-1.623112221E0,-3.730845183E-1,1.668085275E0
1.800759858E1,7.208399217E-1,-7.193206689E-1,3.115162611E-1,1.064929480E0
1.801756958E1,6.700868207E-1,3.910036030E-1,2.532130891E-1,8.160986665E-1
1.802754058E1,5.516934945E-1,-9.661822200E-2,-6.148300481E-1,8.316951249E-1
1.803751158E1,1.111019725E0,-9.896476811E-1,-3.762923008E-1,1.534719277E0
1.804748258E1,1.104418803E0,1.408565015E-1,2.014687389E-1,1.131446464E0
1.805745358E1,9.711279412E-1,9.393815070E-2,1.613694695E0,1.885715892E0
1.806742458E1,8.413701859E-1,1.671990851E-1,4.461743631E0,4.543458546E0
1.807739558E1,4.058845111E-1,1.507577964E0,6.602383554E-1,1.695124845E0
1.808736658E1,6.682192200E-1,1.364162721E0,-2.533842956E0,2.954287897E0
1.809733758E1,7.246262131E-1,3.288482854E-1,-5.374741917E0,5.433330012E0
1.810730858E1,7.735737669E-1,-2.484507366E0,-3.745981870E0,4.561093443E0
1.811727958E1,9.942471009E-1,-4.341665795E0,-5.178212321E-1,4.484052632E0
1.812725058E1,6.162352802E-1,-8.657062975E-1,1.908377407E0,2.184284240E0
1.813722158E1,5.761771752E-1,1.351722477E0,3.507938213E0,3.803257064E0
1.814719258E1,2.619296066E-1,7.074557912E-1,2.719559880E0,2.822252072E0
1.815716358E1,7.628620333E-1,-1.334940968E0,2.950813166E0,3.327359947E0
1.816713358E1,2.115508736E-1,-1.156123173E-1,6.801071942E-2,2.504903950E-1
1.817710458E1,2.182354836E-1,5.992106733E-1,-1.257662412E0,1.410104570E0
1.818707558E1,9.804799048E-1,4.465965906E-1,-1.666396819E0,1.984355744E0
1.819704658E1,3.376368698E-1,-8.271246144E-1,-2.286097013E0,2.454459887E0
1.820701758E1,2.029429682E-2,-2.602485467E0,-1.522695063E0,3.015284849E0
1.821698858E1,6.548698805E-2,-1.574201139E0,1.784571971E0,2.380566086E0
1.822695958E1,-6.889508886E-1,-2.332620969E-1,4.886125188E0,4.939968004E0
1.823693058E1,1.417861357E0,-5.263771704E-1,4.545298589E0,4.790317632E0
1.824690158E1,1.017757147E0,8.213443494E-1,2.545973005E0,2.862239454E0
1.825687258E1,2.496210276E0,2.307987527E0,-2.450814832E0,4.190986222E0
1.826684358E1,2.611818500E0,9.925315279E-1,-2.992099771E0,4.093821656E0
1.827681458E1,2.211767793E0,-4.281264058E-1,-2.938507701E0,3.702706645E0
1.828678558E1,1.226516779E0,-4.863164341E-1,-2.052783169E0,2.440238886E0
1.829675658E1,7.878643620E-1,1.982378599E0,-1.631821648E0,2.685776807E0
1.830672758E1,1.295931561E0,6.889502308E-1,-9.226187092E-1,1.733584816E0
1.831669858E1,8.967026069E-1,-2.326975775E0,1.802993039E0,3.077283822E0
1.832666958E1,9.077615190E-1,1.593167460E-1,9.682603204E-1,1.336765069E0
1.833664058E1,7.985980958E-1,1.466253352E0,-8.858023006E-1,1.890053842E0
1.834661158E1,6.594945896E-1,-4.924504557E-1,-1.684202760E-1,8.401225830E-1
1.835658258E1,6.581136965E-1,1.431542233E0,-8.249392176E-1,1.778468868E0
1.836655358E1,-1.898343512E-1,2.484155656E0,-3.053509569E-1,2.510040958E0
1.837652458E1,2.863923103E-1,1.332772236E0,4.663277274E-1,1.440751171E0
1.838649558E1,3.824058571E-1,2.034437237E0,1.171927028E0,2.378777432E0
1.839646658E1,1.274043971E0,-1.563337597E0,2.302927639E0,3.061157982E0
1.840643758E1,1.417186149E0,-1.114779850E0,8.907829589E-1,2.011130273E0
1.841640758E1,-8.629592025E-1,2.335547501E-1,4.686888331E-1,1.009413507E0
1.842637858E1,-1.813157985E0,-1.939509153E0,1.489737232E0,3.044430103E0
1.843634958E1,-1.196922267E0,6.694132215E-1,7.031580877E-1,1.541158094E0
1.844632058E1,-6.833070830E-1,3.083753415E0,6.766889119E-1,3.230224695E0
1.845629158E1,-1.146736272E0,-5.361692101E-2,-1.109475841E0,1.596501016E0
1.846626258E1,-1.136559851E-1,-1.682872519E-1,-2.660108315E0,2.667848296E0
1.847623358E1,-1.914737826E-1,1.148500158E0,-7.457297938E0,7.547649128E0
1.848620458E1,-1.821605896E0,-4.835163780E0,6.717912841E-1,5.210408847E0
1.849617558E1,-3.940288793E-1,-6.901784384E0,7.899473741E0,1.049721734E1
1.850614658E1,-6.407431537E-1,-6.476507619E-1,5.806668136E0,5.877703475E0
1.851611758E1,-1.227461835E0,3.764757280E0,2.421817321E-1,3.967204548E0
1.852608858E1,-4.872082807E-3,1.755447575E0,2.194122065E0,2.809945117E0
1.853605958E1,-7.524541356E-1,-3.215716886E0,4.005221685E0,5.191225584E0
1.854603058E1,-2.029389847E-1,-6.810164362E-1,-1.512371219E0,1.670998002E0
1.855600158E1,-1.162230864E-1,1.472835855E0,-1.136981728E0,1.864264121E0
1.856597258E1,-1.780735028E0,9.414566839E-1,-6.538374084E-1,2.117749108E0
1.857594358E1,-7.711142088E-1,-1.234109243E0,-1.992117137E0,2.467017112E0
1.858591458E1,-1.514202274E0,-1.799541720E0,-6.825721464E0,7.219531317E0
1.859588558E1,-2.769605907E0,1.023237304E0,-7.936319970E0,8.467756854E0
1.860585658E1,-1.701209533E0,2.518357775E-1,-5.228051648E0,5.503640538E0
1.861582758E1,-5.043837092E-1,-4.348426639E0,5.609295371E0,7.115294212E0
1.862579858E1,2.057156995E-1,-3.870731339E0,9.297363494E0,1.007302576E1
1.863576958E1,8.547044688E-1,3.642775883E0,5.018905515E0,6.260171598E0
1.864574058E1,-3.231167715E-1,6.049677833E0,-1.480995644E0,6.236694191E0
1.865571158E1,-9.852525484E-1,-1.160245460E0,-5.861471164E-1,1.631091829E0
1.866568258E1,8.691306462E-1,-3.380055513E0,-1.109132609E0,3.662012903E0
1.867565258E1,-1.244167075E-1,9.338146654E-1,-3.763711798E0,3.879821625E0
1.868562358E1,-6.753351353E-1,1.286758449E0,-5.123451977E0,5.325559596E0
1.869559458E1,-5.682537594E-1,-4.469182751E0,-2.330931124E0,5.072449774E0
1.870556558E1,7.968345755E-1,-5.984178493E0,1.028832212E0,6.124037336E0
1.871553658E1,6.809839111E-1,1.261548471E-1,3.254957258E0,3.327822244E0
1.872550758E1,5.888956732E-1,3.924140976E0,3.864415469E0,5.538897673E0
1.873547858E1,-1.725937993E-1,-1.753401634E-1,2.435431393E0,2.447827376E0
1.874544958E1,4.662488266E-1,2.293085021E-1,-2.120416743E-1,5.611880514E-1
1.875542058E1,5.346835788E-1,-2.531468694E0,-8.873740321E-1,2.735261039E0
1.876539158E1,7.483105794E-2,-1.019332241E0,2.282247791E0,2.500658490E0
1.877536258E1,-7.782695197E-2,1.392362088E0,2.453232656E0,2.821892925E0
1.878533358E1,-7.806582534E-1,-7.658653826E-2,2.115474676E0,2.256219384E0
1.879530458E1,-3.591226099E-1,1.988221722E0,-2.340985996E0,3.092282344E0
1.880527558E1,2.909597349E-2,1.492628388E0,-3.403706916E0,3.716719905E0
1.881524658E1,-1.544396565E-1,-2.031315116E0,-8.962161916E-1,2.225600182E0
1.882521758E1,-3.266117254E-1,-1.152554033E0,-1.982375675E-1,1.214229859E0
1.883518858E1,3.198172243E-1,-2.794545159E-1,1.777080519E0,1.827126994E0
1.884515958E1,7.386304408E-1,1.939429338E0,-5.758396447E-1,2.153729877E0
1.885513058E1,1.017211236E0,4.328354609E0,-6.374798226E-1,4.491742740E0
1.886510158E1,1.067449417E0,3.892519819E0,-1.682231664E0,4.372763676E0
1.887507258E1,1.258235878E0,7.225503784E-1,-1.582346603E0,2.146871525E0
1.888504358E1,8.316108175E-1,-1.828213542E0,-1.093922832E0,2.287052354E0
1.889501458E1,7.945630784E-1,-1.677620842E0,-2.021164350E0,2.744238966E0
1.890498558E1,1.315012342E0,-1.545250112E0,-2.373062067E0,3.122255426E0
1.891495658E1,1.277027696E-1,-3.893853861E0,7.834070295E-1,3.973931613E0
1.892492758E1,-1.798548534E-1,-1.808166656E0,2.152334939E0,2.816799622E0
1.893489858E1,4.805042652E-1,1.372877411E0,3.154742414E0,3.473913705E0
1.894486958E1,7.783086960E-1,1.174677558E0,4.399876581E0,4.620015771E0
1.895484142E1,1.378834408E0,5.865257236E-1,2.443569548E0,2.866396498E0
1.896481242E1,1.052629283E0,2.588391046E0,-2.030154444E0,3.453885302E0
1.897478342E1,1.380360531E0,9.351504618E-1,-2.201898277E0,2.761930051E0
1.898475342E1,3.909835032E-1,-1.286101515E0,-2.017085917E0,2.423955611E0
1.899472442E1,-3.859509509E-2,-1.040452676E0,-2.040498168E0,2.290778062E0
1.900469542E1,8.307376821E-2,-4.837585697E-1,-1.139117131E0,1.240367463E0
1.901466642E1,2.892241900E-1,5.321051028E-1,5.687142277E-1,8.307962116E-1
1.902463742E1,1.422898148E0,9.417876363E-1,-6.704201120E-1,1.833321090E0
1.903460842E1,3.358197379E-1,-3.155502259E0,-1.233838516E-1,3.175719286E0
1.904457942E1,6.187223934E-2,-3.750518140E0,5.698155507E0,6.821963843E0
1.905455042E1,7.110364068E-2,-1.542234119E0,7.632836614E0,7.787408849E0
1.906452142E1,2.239812501E-3,2.529793174E0,1.883941893E0,3.154218695E0
1.907449242E1,1.281380911E0,4.521032352E0,1.205502325E0,4.851278844E0
1.908446342E1,8.399566215E-1,-1.797471806E0,2.305856509E0,3.041941199E0
1.909443442E1,-9.135879770E-1,-2.418348752E0,-1.398592004E0,2.939236852E0
1.910440542E1,-9.818989875E-2,-1.027941096E0,-1.598980762E0,1.903429439E0
1.911437642E1,-1.621487353E-1,5.336072525E-1,-2.456914063E0,2.519415731E0
1.912434742E1,1.610046179E-1,8.418110660E-1,-2.656736811E0,2.791562079E0
1.913431842E1,-2.639620987E-1,-2.053179317E0,-1.268501980E0,2.427821775E0
1.914428942E1,-8.398820695E-1,-1.164387628E0,-4.358532089E-1,1.500389436E0
1.915426042E1,-3.068897248E-1,1.544000270E0,6.904819089E-1,1.718977430E0
1.916423142E1,-1.899933041E-1,1.076502222E0,1.984484766E0,2.265642134E0
1.917420242E1,-9.161462800E-1,6.724064112E-1,4.774058622E-1,1.232627578E0
1.918417342E1,-7.869412328E-1,-1.963003850E0,-1.449787885E-1,2.119830056E0
1.919414442E1,6.914619023E-1,7.455930859E-2,7.336232507E-1,1.010881658E0
1.920411542E1,-2.844865931E-1,-5.013972804E-1,3.124325783E0,3.177065226E0
1.921408642E1,-1.062148112E0,-1.098804965E0,2.080414771E0,2.581405931E0
1.922405742E1,-1.344616356E0,-3.687605023E-2,-6.120970595E-1,1.477841601E0
1.923402842E1,-1.186550037E0,6.574311072E-1,-3.313007830E0,3.579963343E0
1.924399942E1,-2.092724329E-1,5.055333084E-1,-2.792458872E0,2.845555382E0
1.925397042E1,-1.148230748E0,-7.219940159E-1,-1.522140162E0,2.038779017E0
1.926394142E1,-1.579233253E0,-4.381717469E0,1.151357692E0,4.797817230E0
1.927391242E1,-1.077456269E0,-2.142677677E0,7.354674625E-1,2.508563738E0
1.928388342E1,-4.552210875E-1,5.863076810E0,-1.856587449E0,6.166831672E0
1.929385442E1,-8.730611446E-1,1.543751471E0,-1.516474210E0,2.333473462E0
1.930382542E1,1.159607931E-2,-3.508927269E0,3.215155261E0,4.759194092E0
1.931379642E1,3.602196572E-1,4.866128880E-1,1.176044052E0,1.322735770E0
1.932376742E1,3.862065839E-2,3.238041848E-2,5.316925818E-1,5.340758825E-1
1.933373842E1,-9.195016316E-1,-8.092838824E-2,-1.876646322E-1,9.419398435E-1
1.934370942E1,-8.241032119E-1,-8.084448069E-2,-1.972378691E0,2.139149278E0
1.935368042E1,-2.894762781E-1,-3.007564780E0,2.615042070E0,3.995958890E0
1.936365142E1,-1.542038529E0,1.914589197E0,1.376645064E0,2.817567435E0
1.937362242E1,-1.530610439E0,3.261174310E0,3.576209718E-1,3.620209794E0
1.938359342E1,-1.145446596E0,-6.859248814E-1,-6.392807651E-1,1.480277252E0
1.939356342E1,-1.012511610E0,9.220836890E-1,-2.894162418E0,3.201811080E0
1.940353442E1,-1.285398679E0,-3.730546975E-1,1.079746842E0,1.719672299E0
1.941350542E1,-1.569187882E0,-1.213911790E0,6.028596282E-1,2.073492748E0
1.942347642E1,-2.131520313E0,-3.494541657E-1,-3.975463450E-1,2.196255940E0
1.943344742E1,-8.684782431E-1,9.930966613E-1,-3.375632679E-1,1.361779864E0
1.944341842E1,-6.635957535E-1,-1.505203409E0,-8.315769768E-1,1.843235442E0
1.945338942E1,-1.276190777E0,5.987534210E-1,-1.200958453E0,1.851882762E0
1.946336042E1,-1.908823842E0,-1.788457446E0,-1.468983709E0,3.000016939E0
1.947333142E1,-1.065165568E0,-4.123039864E0,-4.584258002E-1,4.283011747E0
1.948330242E1,-1.095530670E0,-1.790704239E0,1.453680376E0,2.553428236E0
1.949327342E1,-1.527776878E0,-7.822294003E-1,4.308302168E0,4.637612812E0
1.950324442E1,-1.177288120E0,8.541653556E-1,2.919917064E0,3.262134490E0
1.951321542E1,-1.360804665E0,-1.533794832E-1,7.094223268E0,7.225186391E0
1.952318642E1,-7.850397183E-1,1.385356539E0,-1.682722245E0,2.316690366E0
1.953315742E1,-1.137092094E0,1.461529094E0,-8.472486842E0,8.672489781E0
1.954312842E1,-2.857640416E0,3.451655254E-1,-7.451664146E0,7.988275567E0
1.955309942E1,-1.907864460E0,-2.037653206E0,-8.313708040E0,8.769818627E0
1.956307042E1,-5.576453388E-1,-8.120159939E0,2.570172876E0,8.535441077E0
1.957304142E1,1.607747127E-1,-3.779693115E0,1.008992259E1,1.077582787E1
1.958301242E1,6.461475158E-1,3.141887895E0,6.429277904E0,7.185024741E0
1.959298342E1,3.756799512E-3,5.178985323E0,8.993731034E-1,5.256498365E0
1.960295442E1,-1.280839459E0,1.101713955E0,-3.990046406E-1,1.735951630E0
1.961292542E1,1.090820372E-1,-3.982502328E0,8.934416878E-1,4.082947677E0
1.962289642E1,-5.469720141E-1,1.029402316E0,-2.426979827E0,2.692411297E0
1.963286742E1,-1.432215394E0,2.244557224E0,-3.571708531E0,4.454927598E0
1.964283842E1,-1.520946672E-2,-1.501728994E0,-4.093463185E0,4.360259413E0
1.965280942E1,4.308098392E-1,-1.687997311E0,-3.475794314E0,3.887940091E0
1.966278042E1,1.277971546E0,-1.239333730E0,7.440318793E-1,1.929441060E0
1.967275142E1,2.520412340E-1,-6.634475997E-1,5.516862586E0,5.562325080E0
1.968272242E1,6.155005775E-1,6.625678861E-1,5.263646573E0,5.340768897E0
1.969269342E1,5.196068987E-1,1.697431209E0,-1.581556059E0,2.377516268E0
1.970266442E1,1.615835507E0,-3.330097488E-1,-3.475697250E0,3.847374592E0
1.971263542E1,2.261780490E0,-1.578248289E-1,1.409132195E-1,2.271654947E0
1.972260642E1,4.995992250E-1,-5.602445358E-1,3.395238394E0,3.477228361E0
1.973257742E1,-1.094948141E-1,-1.448479570E0,3.690035126E0,3.965657753E0
1.974254842E1,1.150139791E0,2.573631504E0,-2.952153933E-1,2.834352269E0
1.975251942E1,1.229346247E0,3.325234358E0,-1.282356958E0,3.770002003E0
1.976249042E1,2.671315674E0,-7.867823347E-1,-1.993793533E0,3.424933069E0
1.977246142E1,2.547207352E0,-2.613272410E0,-2.564343787E0,4.460192489E0
1.978243242E1,4.519284838E-1,-1.967900601E0,4.102555606E0,4.572508570E0
1.979240342E1,-9.463171819E-1,-1.596190470E-1,1.378671709E0,1.679800622E0
1.980237442E1,-4.969143663E-1,3.744587017E0,-3.069673612E0,4.867417375E0
1.981234542E1,-2.506150250E-1,3.145543866E0,-5.395563852E0,6.250549047E0
1.982231642E1,1.431829624E0,3.442703167E-1,-9.757007854E0,9.867515411E0
1.983228742E1,1.695276802E0,-1.628826997E0,-8.433403468E0,8.754960586E0
1.984225842E1,1.094566903E0,-4.677773399E0,3.676043324E0,6.049209469E0
1.985222942E1,7.822253072E-1,-5.533404359E0,1.713345985E1,1.802181696E1
1.986220042E1,8.482382523E-1,2.513567443E0,1.273187939E1,1.300531746E1
1.987217142E1,2.910120346E0,5.990383558E0,4.337967432E-1,6.673954991E0
1.988214242E1,1.094813363E0,2.084338837E0,-9.165386574E0,9.462948576E0
1.989211342E1,1.834435272E0,2.901388407E-1,-8.135262712E0,8.344569055E0
1.990208442E1,4.967378535E-1,2.083360013E0,-1.085487171E1,1.106414828E1
1.991205542E1,-6.342619537E-1,4.886243302E-1,-1.516695235E0,1.715052885E0
1.992202642E1,-2.401233660E0,-4.539579135E0,8.637664837E0,1.004902760E1
1.993199742E1,-1.078303238E0,-4.995531271E0,9.977426834E0,1.121013456E1
1.994196842E1,2.889857113E0,3.029076394E0,9.936401600E-1,4.302778021E0
1.995193871E1,2.438287173E0,3.359393792E0,-3.742485820E0,5.589004482E0
1.996190971E1,9.812153383E-1,-7.475966343E-1,-1.291704901E0,1.786109129E0
1.997188071E1,2.387169644E0,-2.917741315E0,6.904374701E-1,3.832557526E0
1.998185171E1,1.507736862E0,1.235787686E0,3.298478669E-1,1.977180129E0
1.999182271E1,-5.315276903E-1,8.527956453E-1,1.255653893E0,1.608244011E0
2.000179371E1,-6.331796341E-2,-2.161876718E0,6.544110203E-1,2.259640212E0
2.001176471E1,-2.961106751E-1,-7.067681587E-1,-3.291836232E-1,8.340051677E-1
2.002173571E1,-9.492936339E-1,7.435722882E-1,6.754352689E-2,1.207733530E0
2.003170671E1,3.774773122E-1,-3.703363270E-1,1.923977194E0,1.995326128E0
2.004167771E1,8.673316041E-1,-5.116000870E-1,1.941062173E0,2.186714687E0
2.005164871E1,1.291808982E0,-1.528641389E0,1.509652848E0,2.506903800E0
2.006161971E1,8.313439652E-2,-4.273809150E0,3.829323989E0,5.738996271E0
2.007159071E1,9.826621588E-1,3.502242440E-1,-1.508200985E0,1.833835366E0
2.008156171E1,1.806793145E0,2.387608478E0,-1.559820789E0,3.376124495E0
2.009153271E1,-1.619020924E-3,3.072317138E0,-2.716788885E0,4.101228726E0
2.010150371E1,-2.058469878E-1,1.883781972E0,-4.175276257E0,4.585186945E0
2.011147471E1,-7.407614585E-1,-4.647593873E0,1.218861458E0,4.861530582E0
2.012144571E1,-9.156434195E-1,-2.491766684E0,2.579517896E0,3.701515454E0
2.013141671E1,6.942033693E-3,1.829155236E-2,1.832543113E0,1.832647548E0
2.014138771E1,3.005724661E-2,-1.844744790E0,4.492263758E-1,1.898892076E0
2.015135771E1,1.804565648E0,1.914350923E0,-6.437930614E-1,2.708443490E0
2.016132971E1,2.520242332E0,8.619319198E-1,1.639785556E0,3.127849855E0
2.017130071E1,6.715214351E-1,3.109680262E0,3.695557237E-2,3.181574780E0
2.018127171E1,1.492837425E0,2.826920022E0,-1.834195536E-1,3.202137274E0
2.019124271E1,3.745593323E-1,9.085111320E-2,-1.729940266E0,1.772354914E0
2.020121371E1,9.332267278E-1,2.054261345E-1,-2.005027204E0,2.221091198E0
2.021118371E1,6.193644176E-1,4.238292870E-1,-1.066688256E0,1.304249739E0
2.022115471E1,1.813212072E-1,-7.712799042E-2,-9.097507417E-2,2.170312678E-1
2.023112571E1,7.861495198E-1,-1.251052719E0,1.090670611E0,1.836498395E0
2.024109671E1,4.740953149E-1,-2.438291851E0,1.317405753E0,2.811688360E0
2.025106771E1,8.667205701E-1,-4.839506507E-1,8.634337771E-1,1.315648382E0
2.026103871E1,7.593870331E-1,1.080341504E0,1.458900771E0,1.967790103E0
2.027100971E1,4.613722122E-1,-8.767812163E-2,2.158581519E-1,5.168621798E-1
2.028098071E1,1.131142625E0,-1.548618693E0,-3.209466505E-1,1.944404857E0
2.029095171E1,6.865165465E-1,-8.601587516E-1,6.398678255E-1,1.273031375E0
2.030092271E1,9.042970437E-1,5.295019224E-1,1.126504102E0,1.538550266E0
2.031089371E1,5.643309356E-1,1.386974171E-1,1.461795142E0,1.573070697E0
2.032086471E1,6.651120096E-2,-1.300927715E0,8.662357628E-2,1.305503850E0
2.033083571E1,1.117611364E0,-1.592603204E-1,6.026976603E-1,1.279712265E0
2.034080671E1,1.200592710E0,1.429764972E0,-1.631900586E0,2.479667367E0
2.035077771E1,1.231344240E0,-3.401173317E-1,-1.630244654E-1,1.287814200E0
2.036074871E1,8.852015723E-1,1.539878860E-1,1.147557002E0,1.457457089E0
2.037071971E1,2.596306276E-1,6.588502264E-1,4.996819997E-1,8.667028236E-1
2.038069071E1,7.909347349E-1,5.240417925E-1,6.012551522E-1,1.123256566E0
2.039066171E1,2.241228258E-1,9.793279302E-1,-4.513910151E-1,1.101393701E0
2.040063271E1,4.239362910E-1,6.059989983E-1,-1.829800184E0,1.973607225E0
2.041060371E1,1.361282967E0,3.605162206E-1,-1.138681514E0,1.810982841E0
2.042057471E1,8.809583940E-1,-5.102148816E-1,6.362185782E-1,1.200491981E0
2.043054571E1,1.178437464E0,-1.198725986E-1,-4.715943146E-1,1.274945290E0
2.044051671E1,1.609982737E0,-1.690128914E-1,-1.378877531E0,2.126479018E0
2.045048771E1,1.148987304E0,-1.444606667E0,-6.210707814E-1,1.947508450E0
2.046045871E1,9.312219369E-1,-9.277785847E-1,7.571325660E-2,1.316692787E0
2.047042971E1,6.641909270E-1,-1.020563957E0,3.610480249E-2,1.218197001E0
2.048040071E1,-4.762601003E-2,-1.397642708E0,9.497953981E-1,1.690498351E0
2.049037171E1,-6.861240522E-1,-2.568018177E-1,2.701759787E0,2.799324799E0
2.050034271E1,-1.130116951E-1,-7.745066902E-1,5.527813252E0,5.582951872E0
2.051031371E1,-7.053358101E-1,1.751115373E-1,2.935931418E0,3.024542271E0
2.052028471E1,-1.453655087E-1,8.184719047E-1,2.429470156E0,2.567752447E0
2.053025571E1,9.413889293E-1,1.502361370E0,-1.024893528E0,2.047854865E0
2.054022671E1,3.701980403E-1,1.467348828E0,-2.245048390E0,2.707471412E0
2.055019771E1,1.801914521E-1,5.681435394E-1,-6.382055206E0,6.409827197E0
2.056016871E1,-1.162896149E0,-1.141834040E0,-6.438136436E0,6.641213232E0
2.057013971E1,-1.738714598E0,-2.376799900E0,-2.319802703E0,3.748838593E0
2.058011171E1,-1.469017038E0,-2.440352702E0,2.465810602E0,3.767433383E0
2.059008171E1,-4.756655847E-1,-1.714034962E0,4.494114987E0,4.833346989E0
2.060005271E1,1.592259095E0,6.627813095E-1,2.521157421E0,3.054636285E0
2.061002371E1,1.682371266E0,2.489597075E0,-4.554975146E-1,3.039069703E0
2.061999471E1,-3.855257852E-1,-7.726519534E-1,-6.132857984E-1,1.059122582E0
2.062996571E1,2.581143714E-1,-1.505392859E0,-5.966042769E-1,1.639746124E0
2.063993671E1,2.017244815E-1,-1.350455385E-1,1.100538372E0,1.126993688E0
2.064990771E1,-3.400791787E-2,5.164255017E-1,5.842520338E-1,7.805141103E-1
2.065987871E1,-1.408050460E-1,-4.465182379E-1,-3.182288647E-2,4.692731548E-1
2.066985071E1,1.182412986E-1,-1.496217408E0,1.960984806E0,2.469434945E0
2.067982171E1,1.210218689E0,-1.070721080E0,8.229254950E0,8.386400297E0
2.068979271E1,-3.440092385E-2,9.622868049E-1,3.752498592E0,3.874070857E0
2.069976271E1,5.093551947E-1,2.149807187E0,8.633168328E-1,2.372009614E0
2.070973471E1,-3.744559827E-1,3.020658157E0,-3.971104351E0,5.003425102E0
2.071970571E1,1.338643425E0,1.741666857E0,-6.575876371E0,6.933074333E0
2.072967671E1,8.712592520E-1,-3.756625557E-1,-6.729117275E0,6.795677622E0
2.073964771E1,-8.497888608E-1,-1.034438230E0,-5.234496449E0,5.402976646E0
2.074961871E1,2.239110104E-1,-1.160679031E0,-1.335873599E0,1.783779759E0
2.075958971E1,4.158423559E-1,-1.193162653E0,2.496136601E0,2.797724059E0
2.076956071E1,1.225576693E0,-1.451173383E0,4.357024092E0,4.753062314E0
2.077953171E1,1.397423145E0,-3.746851059E0,3.779694577E0,5.502524457E0
2.078950271E1,1.151835922E0,-1.616198473E0,1.900515241E0,2.747868570E0
2.079947371E1,9.719435547E-1,2.276797309E0,2.450094455E-1,2.487671580E0
2.080944471E1,-1.380167281E-1,1.198081331E0,-1.673432189E-1,1.217559545E0
2.081941571E1,3.566809588E-1,-7.532921147E-1,-1.733664358E-1,8.513085443E-1
2.082938671E1,1.011299555E0,1.389639332E0,-2.267173669E0,2.844978156E0
2.083935771E1,1.032853781E0,2.224329366E0,-3.056813246E0,3.918996719E0
2.084932871E1,8.606006549E-1,-7.334665453E-1,-2.818660246E0,3.037013704E0
2.085929971E1,1.388873493E0,-6.711016050E-1,-1.922297289E0,2.464665050E0
2.086927071E1,1.456514229E0,-5.477680394E-1,2.001689029E-1,1.568933114E0
2.087924171E1,9.756568290E-1,1.209584266E-2,8.055352324E-1,1.265282406E0
2.088921271E1,1.621567386E0,8.726361251E-1,-3.043171692E-1,1.866436052E0
2.089918371E1,8.098221917E-1,6.597056741E-1,-1.152283307E0,1.555242868E0
2.090915471E1,1.288671366E0,5.506814146E-1,-2.314456594E0,2.705666874E0
2.091912571E1,1.065291137E0,2.570201235E0,-2.129823743E0,3.503844855E0
2.092909671E1,8.577947223E-1,-3.452561572E-1,5.048661411E-1,1.053519540E0
2.093906771E1,2.080105453E0,-3.170588661E0,3.646573942E0,5.260890862E0
2.094903871E1,1.847172847E0,-7.431781858E-1,4.402207282E0,4.831541192E0
2.095900967E1,4.176138429E-1,-9.431237251E-2,1.678101776E0,1.731854992E0
2.096898067E1,5.848494000E-1,-1.544321282E0,2.471722137E0,2.972606157E0
2.097895167E1,-2.006001350E-1,5.762998205E-1,3.629926334E0,3.680859558E0
2.098892267E1,7.211791333E-1,2.543710132E0,1.790598112E0,3.193243207E0
2.099889367E1,1.890189935E0,1.126706416E0,1.273140576E0,2.542276985E0
2.100886467E1,1.879636296E0,6.896092120E-1,9.382705361E-1,2.211095898E0
2.101883567E1,2.732832475E0,1.320754454E0,-8.975435096E-1,3.165177723E0
2.102880667E1,2.853880364E0,4.250425842E-1,-3.648574859E-1,2.908335489E0
2.103877767E1,2.752734936E0,5.461395898E-1,-3.995952094E-1,2.834694765E0
2.104874867E1,3.472950521E0,6.425154448E-1,-7.147098470E-1,3.603473544E0
2.105871967E1,2.853569877E0,-5.685572299E-1,5.257933259E-2,2.910134525E0
2.106869067E1,2.845700110E0,-8.313813874E-1,-4.554478133E-1,2.999439420E0
2.107866167E1,2.674086084E0,-2.202476567E-1,-9.604303139E-1,2.849854699E0
2.108863267E1,2.726858960E0,-1.608978331E-1,1.824576867E-1,2.737688570E0
2.109860367E1,2.599855389E0,-4.022130078E-1,3.071260546E0,4.043966455E0
2.110857467E1,1.486903963E0,6.274571103E-1,3.165194312E0,3.552891900E0
2.111854567E1,1.091771495E0,1.713579757E0,2.158417797E0,2.964302273E0
2.112851667E1,1.948849934E0,8.067581776E-1,1.833589765E0,2.794803436E0
2.113848767E1,1.809352033E0,-3.015064126E-1,1.259738758E0,2.225219682E0
2.114845867E1,2.168922028E0,-8.298839155E-1,-1.340825021E-2,2.322307012E0
2.115842967E1,2.316479438E0,-7.269661957E-1,-1.179658216E-1,2.430735027E0
2.116840067E1,2.375479598E0,1.570329113E0,-1.057129812E0,3.037492434E0
2.117837167E1,2.989333454E0,8.013144198E-1,-9.386897814E-1,3.234093042E0
2.118834267E1,3.232826716E0,-8.502143919E-2,-5.786316901E-1,3.285302399E0
2.119831367E1,2.459441230E0,3.261354697E-1,-2.484669042E-1,2.493381501E0
2.120828467E1,2.055441605E0,-8.648259991E-1,1.838118433E0,2.889886430E0
2.121825567E1,1.369919305E0,-7.396844745E-1,2.247660341E0,2.734188917E0
2.122822667E1,1.919182477E0,-8.337606195E-1,8.574766338E-1,2.261345690E0
2.123819767E1,9.890774314E-1,-1.171131806E0,1.022701406E0,1.842753928E0
2.124816867E1,-4.756261890E-1,-5.850636274E-1,2.277239066E-1,7.876407159E-1
2.125813967E1,-5.548320606E-2,-1.461472961E0,1.308409227E0,1.962375170E0
2.126811067E1,-1.041970467E0,-1.453743234E0,1.130643346E0,2.115992963E0
2.127808167E1,-3.450552323E-1,-1.337233661E0,9.555379486E-1,1.679377786E0
2.128805267E1,-1.249227657E-1,-9.324373537E-1,6.722426891E-1,1.156267854E0
2.129802367E1,-2.355289894E-1,-1.147569574E0,2.412274665E-1,1.196068778E0
2.130799467E1,-6.931896814E-1,-1.333466008E0,-9.549614131E-2,1.505909374E0
2.131796567E1,-1.212438950E0,-7.489055336E-1,-1.621261577E0,2.158554332E0
2.132793667E1,-1.363733389E0,-1.397787427E0,8.926710248E-1,2.147193518E0
2.133790767E1,-1.480504771E0,-1.271577616E0,2.770368091E0,3.388767235E0
2.134787867E1,-5.045949765E-1,-6.703207093E-1,2.725607071E0,2.851820445E0
2.135784967E1,-1.810405262E0,8.937580222E-1,-8.097282708E-2,2.020625451E0
2.136782067E1,-1.248202494E0,4.672205973E-1,-2.166005144E0,2.543203263E0
2.137779167E1,-1.396979926E0,-6.191914862E-1,-1.755828229E0,2.327634804E0
2.138776267E1,-1.663614860E0,-5.031952992E-1,-1.123782223E-1,1.741679872E0
2.139773367E1,-1.108618347E0,1.160859126E0,-3.391502023E-2,1.605546255E0
2.140770467E1,-1.161409202E0,1.360264090E0,-1.030276474E0,2.064136464E0
2.141767567E1,1.350176546E-1,-2.933551016E-1,-1.191133962E0,1.234134149E0
2.142764667E1,5.852429907E-1,-6.684683114E-1,-3.111297601E-1,9.413612320E-1
2.143761767E1,3.889491107E-2,6.672824961E-1,-3.396998405E-1,7.497831189E-1
2.144758867E1,-7.340408881E-1,1.136118387E0,-1.186029927E0,1.798957476E0
2.145755967E1,-1.513155184E0,1.017954052E0,-1.443453596E0,2.325817566E0
2.146753067E1,-3.812780389E-1,-6.074210411E-1,-2.075041180E0,2.195479256E0
2.147750167E1,-2.613889036E-1,-9.845141181E-1,-1.417060434E0,1.745179785E0
2.148747267E1,-5.996701913E-1,2.290725669E-1,-1.394750383E0,1.535385036E0
2.149744367E1,2.489408393E-1,-7.397616577E-1,-5.601112193E-1,9.606994481E-1
2.150741467E1,6.596591156E-1,-1.520077849E0,-1.100527847E-1,1.660692154E0
2.151738567E1,1.006444831E0,-1.571026393E0,-5.458615547E-1,1.943970155E0
2.152735667E1,1.385517337E0,-2.517255574E-2,-1.438305708E0,1.997251926E0
2.153732767E1,8.099676412E-1,6.500507516E-1,-2.094068019E0,2.337463247E0
2.154729867E1,5.855515775E-1,-1.695964727E0,-1.421925902E-1,1.799829364E0
2.155726967E1,4.800542855E-1,-2.574874330E0,3.563238255E0,4.422340646E0
2.156724067E1,3.820189542E-1,-2.509566486E-1,3.590837697E0,3.619811195E0
2.157721167E1,1.767803326E-2,1.052635642E0,4.160281658E0,4.291421417E0
2.158718267E1,-4.585820305E-1,1.857672107E0,2.606848367E0,3.233713275E0
2.159715367E1,-2.680383389E-1,6.581073377E-1,6.815350842E-1,9.846013864E-1
2.160712467E1,2.126731553E-1,1.137377000E-1,-1.638831291E0,1.656482458E0
2.161709567E1,1.024584575E-1,1.844776073E-1,-2.711332263E0,2.719531644E0
2.162706667E1,2.901786748E-1,5.973252386E-2,-2.587998113E0,2.604900357E0
2.163703767E1,2.578214808E-1,-1.533938089E0,-7.812757194E-1,1.740640608E0
2.164700867E1,1.267747799E-1,-1.093582816E0,3.158449548E-1,1.145317972E0
2.165697967E1,-2.906313955E-1,-5.574662313E-1,1.365476882E0,1.503250586E0
2.166695067E1,-8.596808879E-1,-6.942340672E-1,1.390216452E0,1.775869914E0
2.167692167E1,-8.531037936E-1,-2.077530339E-1,1.556221828E0,1.786833451E0
2.168689267E1,-9.195514061E-1,-1.187362215E0,1.061168484E0,1.838880738E0
2.169686367E1,-9.540838923E-1,-1.258009737E0,2.034170312E-1,1.591930608E0
2.170683467E1,-6.866704745E-1,-8.500711352E-1,2.993259859E-1,1.133019559E0
2.171680567E1,-3.090693475E-1,-7.020266515E-1,-5.074318993E-1,9.197023505E-1
2.172677667E1,-1.544934947E0,8.353314739E-1,-1.007681664E0,2.024851846E0
2.173674767E1,-1.394382154E0,5.510562211E-2,-1.984940264E0,2.426381272E0
2.174671867E1,-3.197017417E-1,-5.389121389E-1,-1.288072026E0,1.432398353E0
2.175668967E1,-1.867200730E0,-6.441459408E-1,-1.369724885E0,2.403644903E0
2.176666067E1,-2.378252056E0,-1.971617968E0,-2.253143275E0,3.823612804E0
2.177663167E1,-1.728109941E0,-1.868133945E0,-7.841022635E-1,2.662912835E0
2.178660367E1,-1.158731689E0,-6.810871875E-1,-1.744779915E-1,1.355352889E0
2.179657467E1,-1.335643950E0,1.512470037E-2,1.029624510E-1,1.339692048E0
2.180654467E1,-1.989768456E0,1.297873422E0,-2.494276017E-1,2.388695890E0
2.181651667E1,-1.722244453E0,1.775465810E0,-5.659601891E-1,2.537462460E0
2.182648767E1,-2.389332237E0,1.091017351E0,-1.029056745E0,2.821025555E0
2.183645867E1,-2.934357347E0,-9.881627807E-1,-4.044215012E-1,3.122575135E0
2.184642967E1,-2.095877294E0,-1.284705200E0,-4.546537614E-1,2.499975825E0
2.185640067E1,-1.743204967E0,-2.067391852E0,-7.990588564E-1,2.819816959E0
2.186637167E1,-1.937853514E0,-1.543956124E0,-3.780260003E-1,2.506387921E0
2.187634267E1,-1.531710007E0,-6.826331913E-2,2.403160610E0,2.850609820E0
2.188631367E1,-1.400838942E0,6.038741201E-1,3.291883594E0,3.628155357E0
2.189628467E1,-8.668495743E-1,4.005845582E-1,4.513899041E0,4.613803282E0
2.190625567E1,-6.457931015E-1,1.064609863E0,3.986017674E0,4.175976507E0
2.191622667E1,-1.001152590E0,1.867351003E0,3.462583115E0,4.059407359E0
2.192619767E1,-1.182244001E0,1.005195720E0,3.269998051E0,3.619531263E0
2.193616867E1,-2.001332495E0,1.233049727E0,1.440391994E0,2.756895442E0
2.194613967E1,-1.517704172E0,1.871622394E0,-4.939686853E-1,2.459756370E0
2.195611183E1,-1.720263563E0,1.335385357E0,-1.479232124E0,2.632620074E0
2.196608283E1,-1.957137046E0,6.493634114E-1,-9.581317735E-1,2.273779838E0
2.197605383E1,-6.043595121E-1,-3.123290241E-1,-5.748438638E-1,8.906431985E-1
2.198602483E1,-4.393583589E-1,6.596243978E-3,-1.788650989E0,1.841833771E0
2.199599583E1,-1.344655678E-1,-6.873869777E-2,-2.988377434E-1,3.348283058E-1
2.200596683E1,6.339109015E-2,-2.351016310E-1,7.561894101E-1,7.944266053E-1
2.201593783E1,-3.288436076E-1,-3.129488289E-1,1.443904417E0,1.513583513E0
2.202590883E1,-3.752173633E-1,-4.027149913E-1,1.801406690E0,1.883622440E0
2.203587983E1,-7.978382501E-1,6.633060971E-1,1.063257694E-1,1.042988984E0
2.204585083E1,-8.249962279E-1,1.137059204E0,-3.329363662E0,3.613611048E0
2.205582183E1,-7.163788616E-1,-1.701130450E-1,-6.291225727E0,6.334165949E0
2.206579283E1,1.086686756E-1,-2.010138255E-1,-1.209720155E1,1.209935952E1
2.207576383E1,5.906560506E-1,-1.747157393E0,-1.248231321E1,1.261782773E1
2.208573483E1,3.462269997E0,-4.926633528E0,-1.009545405E1,1.175488086E1
2.209570583E1,1.664671598E0,-7.524526300E0,-7.003290294E0,1.041324649E1
2.210567683E1,-1.111414631E0,-7.390086533E0,2.955404283E1,3.048425937E1
2.211564783E1,-3.119595678E0,5.288226514E0,2.653903835E1,2.724000318E1
2.212561883E1,1.718921480E0,1.381449137E1,-3.294549925E0,1.430555563E1
2.213558983E1,3.979106850E0,1.514582051E0,-4.179527768E0,5.966213412E0
2.214556083E1,2.318954126E0,-4.749932718E0,-3.879037601E0,6.556397012E0
2.215553183E1,1.321322511E0,1.896685315E0,-1.491596062E1,1.509401171E1
2.216550283E1,7.952695683E-1,3.428860468E0,-1.408159569E1,1.451485015E1
2.217547383E1,-9.146912735E-2,-4.842629505E0,-8.427028248E0,9.719785606E0
2.218544483E1,7.853934748E-1,-1.168502080E1,1.039096414E1,1.565658615E1
2.219541583E1,-3.970428997E0,-4.495643741E0,2.269339244E1,2.347264748E1
2.220538683E1,-4.890020968E-1,8.451584800E0,1.225650543E1,1.489598383E1
2.221535783E1,3.715514953E0,6.463804543E0,1.451851367E0,7.595636440E0
2.222532883E1,3.053280358E0,-6.998036571E0,8.128993328E0,1.115237954E1
2.223529983E1,4.342296125E0,-3.998602929E0,8.189418454E0,1.009509463E1
2.224527083E1,1.832584446E-1,1.251976287E0,3.429642826E0,3.655609141E0
2.225524183E1,-4.076189049E-1,1.219165221E0,5.377175528E0,5.528700902E0
2.226521283E1,-1.187651214E0,2.940106622E0,-8.300678104E-1,3.277766759E0
2.227518383E1,-3.381284013E0,1.892964147E0,-7.234513174E0,8.206983350E0
2.228515483E1,-3.386714907E0,-1.979208823E0,-6.429495420E0,7.531634404E0
2.229512583E1,-1.333540121E0,-2.960445577E0,-7.602468515E0,8.266806808E0
2.230509683E1,-1.329743963E0,-1.323848215E0,-6.790576190E0,7.045049190E0
2.231506783E1,1.337802559E-1,-2.788502938E0,-5.633770062E0,6.287528203E0
2.232503883E1,2.792242525E0,-6.530266920E0,-4.997066749E0,8.683989893E0
2.233500983E1,3.774348468E-1,-7.184443467E0,-4.722037114E0,8.605598149E0
2.234498083E1,1.383062822E0,-3.828377325E0,-3.963281946E0,5.681279741E0
2.235495283E1,1.232719944E0,6.309655566E0,-2.205249901E0,6.796652040E0
2.236492383E1,9.675381162E-1,1.695756976E1,2.524574534E0,1.717174361E1
2.237489383E1,2.772940062E-1,1.702000983E1,3.743536565E0,1.742904738E1
2.238486583E1,-2.454317315E0,5.606637812E0,6.455745910E0,8.895769573E0
2.239483683E1,-3.489781731E0,-7.740152317E0,3.369260384E0,9.134574427E0
2.240480783E1,1.045209825E0,-1.180903790E1,-2.702695926E0,1.215937519E1
2.241477883E1,3.895296662E0,-1.312513154E1,-7.783693024E0,1.574891397E1
2.242474983E1,1.585841630E0,-2.465189920E0,-7.792366784E0,8.325445039E0
2.243472083E1,-2.911977714E-1,3.614187384E0,5.175429046E-2,3.626268756E0
2.244469183E1,6.206832571E-1,9.337608125E0,3.382168112E0,9.950639896E0
2.245466283E1,6.860484221E-2,1.270434953E1,4.130019393E0,1.335897690E1
2.246463383E1,2.243834106E-1,4.595227379E-1,2.517554367E0,2.568966534E0
2.247460483E1,2.705619789E-1,-6.094930605E0,1.953675787E0,6.406108955E0
2.248457583E1,1.097755810E-1,-1.569836777E0,1.246714085E-1,1.578601009E0
2.249454683E1,-1.651087786E0,-4.684915773E0,4.543152076E0,6.731623687E0
2.250451783E1,-2.663122847E0,-4.965838525E0,5.394533572E0,7.800818420E0
2.251448883E1,-9.228732824E-1,-2.343109120E0,-1.495576261E0,2.928925366E0
2.252445983E1,1.813746800E0,-1.275127460E0,1.873701079E0,2.902823320E0
2.253443083E1,1.392964351E0,-2.344207227E-2,5.052218272E0,5.240783213E0
2.254440183E1,2.472342819E0,2.552775363E0,1.784148048E0,3.976471467E0
2.255437283E1,1.636025212E0,5.831881329E-1,1.521387625E0,2.308962364E0
2.256434383E1,3.785689142E-1,-1.022513711E0,1.540595729E0,1.887401365E0
2.257431483E1,-5.106183029E-1,2.189364186E-1,-9.788624918E-1,1.125538087E0
2.258428583E1,-9.494376947E-1,-4.363949534E-1,-2.511104304E0,2.719837737E0
2.259425683E1,-2.108993768E0,-3.453578695E0,-2.718260044E0,4.874833145E0
2.260422783E1,-2.540098015E0,-8.972400391E-1,-1.903231273E0,3.298397625E0
2.261419883E1,-2.414621152E0,5.306485614E-1,-7.555427080E-1,2.585116630E0
2.262416983E1,-1.565648417E0,9.709740132E-2,8.028227091E-4,1.568656595E0
2.263414083E1,-7.709061210E-1,-2.199500334E0,-1.270709889E0,2.654581246E0
2.264411183E1,-6.742343239E-1,-2.926078860E0,-2.983978574E0,4.233279762E0
2.265408283E1,-2.840989593E-1,-5.886067477E-1,-3.584640234E0,3.643736506E0
2.266405383E1,-1.343271167E-1,2.711231399E0,-1.956426902E0,3.346106050E0
2.267402483E1,-3.386080192E-1,3.306112794E0,-6.702160442E-1,3.390313664E0
2.268399583E1,-1.448130382E-1,3.033798898E0,-1.211735457E0,3.270047306E0
2.269396683E1,1.450029813E-1,2.270539034E0,-2.317263258E-1,2.286934730E0
2.270393783E1,8.663603816E-2,9.510101572E-1,1.140745581E0,1.487691703E0
2.271390883E1,-6.956236945E-2,-6.024886224E-1,5.706608827E0,5.738746881E0
2.272387983E1,4.479252242E-1,-3.794606146E-1,1.593735809E0,1.698417262E0
2.273385083E1,9.470426752E-1,1.446944384E0,-3.004380094E0,3.466531065E0
2.274382183E1,-9.438214441E-1,1.418358224E0,-3.487501025E0,3.881391808E0
2.275379283E1,-2.080074317E0,1.065235223E0,-4.456098145E0,5.031723951E0
2.276376383E1,-3.536496891E0,-1.771101448E0,-3.208931485E0,5.093216260E0
2.277373583E1,-2.366509239E0,-3.275953732E0,2.439635541E0,4.720599581E0
2.278370683E1,-7.803737864E-1,-3.934649885E-2,4.712739456E0,4.777074898E0
2.279367783E1,-1.719221881E0,2.960790563E0,3.386355888E0,4.815538478E0
2.280364883E1,-1.057642905E-1,1.145863356E0,2.566411947E0,2.812589412E0
2.281361983E1,-8.962816074E-1,-2.212682297E0,1.469095391E0,2.803127706E0
2.282359083E1,-9.891408737E-1,-1.527039836E0,7.731346411E-1,1.976863046E0
2.283356183E1,2.658852480E-1,1.124987335E0,1.244414375E0,1.698487152E0
2.284353283E1,-5.292813362E-1,-5.377807027E-1,1.933734443E0,2.075734981E0
2.285350383E1,5.041794587E-2,-3.453034612E0,3.235121164E0,4.732018485E0
2.286347483E1,5.184963297E-1,-1.926369290E0,3.228086379E0,3.794769921E0
2.287344583E1,-6.134489357E-1,1.310525627E0,4.149646157E-1,1.505321443E0
2.288341683E1,-2.222283718E0,-4.539792851E-1,1.563123881E0,2.754632168E0
2.289338783E1,-1.443885998E0,-1.374804069E0,-2.555741948E-1,2.010027654E0
2.290335883E1,-1.244234281E0,-1.915267766E0,-2.212163649E0,3.179628528E0
2.291332983E1,-7.057774211E-1,-7.733813936E-1,-1.484632028E0,1.816692821E0
2.292330083E1,-9.890134044E-1,1.238206679E0,-1.728621719E0,2.345087704E0
2.293327183E1,-9.878215957E-1,1.058337262E0,-1.624007429E0,2.175607822E0
2.294324283E1,-1.345970863E0,-6.624544501E-1,-1.139359791E0,1.883779232E0
2.295321267E1,-1.420317041E0,-3.501488149E-2,-1.986238931E0,2.442062986E0
2.296318367E1,-1.407590868E0,2.592732604E0,-1.047855543E0,3.130746819E0
2.297315467E1,-1.307312728E0,2.570974529E0,1.430084522E0,3.219335077E0
2.298312567E1,-1.113936024E0,-1.213294324E0,2.661453175E0,3.129899293E0
2.299309667E1,-5.548443032E-1,-6.281415269E-1,-2.550661302E0,2.684825331E0
2.300306767E1,-1.641993026E0,-6.665255740E-1,-3.938249431E0,4.318588429E0
2.301303867E1,2.189075480E-1,1.187538216E0,-4.817412218E0,4.966450242E0
2.302300967E1,4.830582194E-2,1.187680011E0,-5.211580626E0,5.345417653E0
2.303298067E1,6.993060882E-1,6.661247474E-1,-1.148743402E0,1.500787323E0
2.304295167E1,4.767318610E-1,7.268998298E-1,5.561661029E0,5.629185557E0
2.305292267E1,-2.543737614E-1,3.170351556E-1,4.431712916E0,4.450314222E0
2.306289367E1,3.906016801E-2,1.119479257E0,1.915921485E0,2.219350049E0
2.307286467E1,4.208866392E-1,1.598060702E0,-3.178246467E0,3.582205211E0
2.308283567E1,-4.585047742E-1,-7.125460848E-1,-3.002190896E0,3.119470905E0
2.309280667E1,-4.464389350E-1,2.028685623E-1,-4.143803619E0,4.172717557E0
2.310277867E1,-3.636118828E-1,-1.463338515E0,-9.079911391E0,9.204257932E0
2.311274967E1,-1.676925608E0,-9.661560245E0,9.524899705E0,1.367046233E1
2.312272067E1,2.031946469E0,-7.054006119E0,2.370870998E1,2.481916070E1
2.313269167E1,9.020213073E-1,5.544485418E0,5.418781391E0,7.805008184E0
2.314266267E1,1.102181439E0,4.669919711E0,6.516918311E0,8.092785572E0
2.315263367E1,-8.979336651E-1,2.270811807E0,-2.533415524E0,3.518673805E0
2.316260467E1,-1.240680782E0,-2.260236825E0,-7.509011883E0,7.939346243E0
2.317257567E1,-3.756557145E0,-7.790663490E-1,-4.883384013E0,6.210161461E0
2.318254667E1,-2.079610633E0,1.452100459E0,1.903040653E-1,2.543539220E0
2.319251767E1,2.275517061E-3,-9.530876729E-1,2.723397408E0,2.885355218E0
2.320248867E1,8.012058078E-1,-4.333228263E-1,-4.271003364E0,4.367054975E0
2.321245967E1,-2.070627701E-1,6.095821720E-1,-4.052280076E0,4.103101172E0
2.322243067E1,1.009582009E0,8.321003026E-1,-3.742930208E0,3.964993479E0
2.323240167E1,1.230581325E0,-1.906974368E0,-4.631963096E0,5.158096912E0
2.324237267E1,8.249080081E-1,-5.019394927E0,3.311476445E0,6.069651959E0
2.325234367E1,-5.917896064E-1,-2.143025587E0,9.580721903E0,9.835293884E0
2.326231467E1,-8.130281469E-1,2.202630349E0,7.780458344E0,8.126999893E0
2.327228567E1,-1.002758381E0,4.187329708E0,1.436208311E0,4.538936964E0
2.328225667E1,-1.850967105E0,6.861798200E-1,1.983318247E0,2.798298275E0
2.329222767E1,-2.186284604E0,-7.007741779E-1,-4.367506980E0,4.934170856E0
2.330219867E1,-2.411649159E0,2.083272305E0,-6.614869114E0,7.342517862E0
2.331216967E1,-1.980140723E0,4.508799392E0,-4.733299436E0,6.830399168E0
2.332214067E1,-6.957507619E-1,2.838127381E-1,-1.739401646E0,1.894765652E0
2.333211167E1,-1.107895192E0,-1.653625916E0,-1.020548462E0,2.236834725E0
2.334208267E1,-4.561540838E-1,-3.411119139E0,-2.245482838E0,4.109258267E0
2.335205367E1,-8.877396293E-2,-4.345677570E0,-1.273058131E0,4.529179988E0
2.336202467E1,-1.380415422E-1,3.590200351E0,-3.914371741E0,5.313275840E0
2.337199567E1,-2.017719901E0,4.219409872E0,3.461463958E-1,4.689822021E0
2.338196667E1,-1.898864864E0,1.543113832E0,3.504789487E0,4.274393223E0
2.339193867E1,-1.203696997E0,-1.999283192E0,4.157145211E0,4.767376223E0
2.340190967E1,1.533069193E0,-7.274146771E0,2.682020171E0,7.902957965E0
2.341188067E1,3.246635501E0,-5.881107284E0,1.630725296E0,6.912838053E0
2.342185167E1,1.348565858E0,1.068254140E-1,1.507795773E0,2.025707193E0
2.343182267E1,-1.461920419E0,1.528678226E0,5.978045349E0,6.341221855E0
2.344179367E1,-1.977973307E0,-1.134357498E0,4.949091514E0,5.449096453E0
2.345176467E1,-1.938632070E0,5.401979417E-1,-8.406080014E-1,2.180992878E0
2.346173567E1,-2.197366978E0,1.608067335E0,-3.704706960E0,4.597733773E0
2.347170667E1,-1.732097012E0,-2.372457465E0,-2.726116948E0,4.007546393E0
2.348167767E1,-3.358080800E0,-3.593907193E0,-1.272088078E0,5.080460968E0
2.349164867E1,-3.191113557E0,2.359432500E0,-2.498911690E0,4.689849367E0
2.350161967E1,-3.603443417E0,4.334188376E0,-2.391886008E0,6.122998613E0
2.351159067E1,-2.681635424E0,3.290259823E0,-9.511724174E-2,4.245706719E0
2.352156167E1,-1.582242522E0,2.391847417E-1,1.407484449E0,2.131129563E0
2.353153267E1,2.677758721E-1,-5.150743271E0,3.289266381E0,6.117281544E0
2.354150367E1,2.487688836E0,-3.735249014E0,1.654164444E0,4.782984523E0
2.355147467E1,1.829104658E0,1.002063366E0,-1.292687234E0,2.453730858E0
2.356144567E1,-5.777209132E-1,2.449866999E0,-1.803910468E0,3.096724518E0
2.357141667E1,3.404614404E-3,1.694239506E0,-3.127930006E0,3.557303082E0
2.358138767E1,-1.342981328E0,-1.174451855E0,-4.357225236E0,4.708327492E0
2.359135867E1,-1.848342728E0,-5.486851752E-2,-7.315315263E0,7.545410445E0
2.360132967E1,-1.996562629E0,-5.786863616E-1,-6.316989729E0,6.650225520E0
2.361130067E1,-9.456777158E-1,-3.971274505E0,2.887524658E-1,4.092518237E0
2.362127167E1,5.857641969E-2,-5.879934332E0,1.768238125E1,1.863447519E1
2.363124267E1,1.485914322E0,2.801624675E0,1.244132774E1,1.283914631E1
2.364121367E1,-7.349661369E-1,7.125041018E0,2.371527173E0,7.545231995E0
2.365118567E1,-1.696995884E0,-1.823104830E0,4.920262987E0,5.514752407E0
2.366115667E1,1.341327882E0,-1.553701386E0,2.310737765E0,3.090737372E0
2.367112767E1,3.203578359E-1,3.535008775E0,-3.066009747E0,4.690344545E0
2.368109867E1,-1.389272857E0,3.434891871E0,7.048496872E-1,3.771654056E0
2.369106967E1,-1.736610916E0,4.339696161E0,-3.723220414E0,5.975880729E0
2.370104067E1,1.153282523E-1,2.384213877E-1,-4.790363583E0,4.797679504E0
2.371101167E1,7.337811255E-1,-1.425776586E0,-2.914945176E0,3.326887283E0
2.372098267E1,4.484021011E-1,2.501796706E0,-5.057231090E0,5.660003313E0
2.373095367E1,-1.023254188E0,8.388892123E-1,-1.186219962E0,1.777048688E0
2.374092467E1,-9.857762396E-1,-1.287401935E-1,-7.031849849E-1,1.217701916E0
2.375089567E1,3.773343477E-2,-3.148398185E-1,-4.773679138E0,4.784199038E0
2.376086667E1,-5.712870757E-1,-2.752550748E0,5.976994604E-1,2.874047527E0
2.377083767E1,8.895786517E-1,-9.563743928E-1,1.824119030E0,2.243526775E0
2.378080867E1,-6.631127735E-1,-3.822146532E-1,9.288693827E-1,1.203580044E0
2.379077967E1,-3.469752021E-1,1.725292022E0,-4.448981498E0,4.784397635E0
2.380075067E1,-2.530013468E-1,1.064926197E0,-6.665096696E0,6.754375726E0
2.381072167E1,-1.514662889E0,-4.899822875E0,-4.945902443E0,7.124915357E0
2.382069267E1,1.008058078E0,-7.151824189E0,-1.777665825E0,7.438068708E0
2.383066367E1,8.210470185E-1,-7.191287633E0,1.400858852E1,1.576798302E1
2.384063467E1,1.487556513E0,-1.625265458E0,1.481634277E1,1.497926318E1
2.385060567E1,5.919588833E-1,2.174683582E0,8.350045561E0,8.648868416E0
2.386057667E1,-2.541743348E-1,1.079432847E0,1.669650795E0,2.004373628E0
2.387054767E1,1.506608203E0,2.958998099E-1,7.836060103E0,7.985064991E0
2.388051867E1,-3.731568045E-1,6.251354148E0,4.402652255E0,7.655195724E0
2.389049067E1,-1.620808125E0,1.159657698E1,-7.142182131E0,1.371562548E1
2.390046167E1,-2.871158887E0,3.586762480E0,-7.939328363E0,9.172859603E0
2.391043267E1,-1.261493800E0,-4.541614258E0,-1.056192153E1,1.156597653E1
2.392040367E1,9.520717192E-1,-5.463033704E0,-7.454260894E0,9.290704133E0
2.393037467E1,-9.379833647E-1,-4.483925629E-1,7.209909260E-1,1.265186389E0
2.394034567E1,-1.002055327E0,1.699540007E0,5.188364257E0,5.550826495E0
2.395031667E1,-3.029777767E0,-3.847212668E0,8.106706080E0,9.470970495E0
2.396028754E1,-4.452909439E-1,-3.461506643E0,3.879091396E0,5.218013254E0
2.397025854E1,2.771022907E-1,4.117050853E-1,-5.117816430E-1,7.128865316E-1
2.398022954E1,3.073976286E-2,1.401676117E0,1.804099917E-1,1.413573004E0
2.399020054E1,3.987884398E-1,-2.932353799E0,-2.876713157E-2,2.959486200E0
2.400017154E1,1.031241046E0,-3.265153633E0,-3.525343035E0,4.914542690E0
2.401014254E1,1.598586075E0,-7.301760247E-1,-4.320889469E0,4.664624344E0
2.402011354E1,8.317144594E-1,8.913086236E-2,-3.294911867E0,3.399431933E0
2.403008454E1,-2.123288822E-1,-3.195873483E0,-1.554219741E0,3.560096891E0
2.404005554E1,2.088352805E-1,-2.978799402E0,-2.275841582E-1,2.994770877E0
2.405002654E1,4.891852243E-1,-2.482362607E0,2.759517998E0,3.743843731E0
2.405999754E1,8.359925017E-1,-3.147012395E0,2.395062801E0,4.042140064E0
2.406996854E1,1.213318006E0,-4.589913137E0,-1.068645903E0,4.866358726E0
2.407993954E1,-2.082442731E-1,-2.446549289E0,-6.396250491E0,6.851349462E0
2.408991054E1,-5.233945970E-2,6.397722235E0,-7.769676663E0,1.006486287E1
2.409988154E1,2.282553820E-1,1.206210423E1,-3.168022610E0,1.247328450E1
2.410985254E1,-1.722291889E-1,8.962685827E0,4.451975273E0,1.000897017E1
2.411982454E1,2.092479039E0,3.457201630E0,7.413228643E0,8.443143405E0
2.412979554E1,3.449372501E0,-3.517265691E0,6.363337684E0,8.047446494E0
2.413976654E1,4.652037172E0,-6.123511210E0,3.737133864E0,8.550146718E0
2.414973754E1,2.041867294E0,-8.950481519E0,-3.118492600E0,9.695634974E0
2.415970854E1,-3.269022955E-1,-7.528846807E0,-8.506141076E0,1.136419092E1
2.416967954E1,1.638700313E0,-1.751397209E0,-3.095869138E0,3.916265647E0
2.417965054E1,1.395866616E0,1.991257888E0,4.573788562E0,5.180066930E0
2.418962154E1,4.366320580E-1,2.970774976E0,7.241925105E0,7.839746854E0
2.419959254E1,-1.576205272E0,3.134028360E0,2.572945626E0,4.350471930E0
2.420956354E1,-2.922306236E0,4.426731089E-1,9.099004304E-1,3.092531651E0
2.421953454E1,-2.614088389E0,6.558810103E-1,4.757797515E-1,2.736787237E0
2.422950554E1,-1.962057478E0,6.842019993E-1,-1.215402246E-1,2.081483593E0
2.423947654E1,-1.102480378E0,-8.500255269E-1,4.433417380E-2,1.392828740E0
2.424944754E1,3.478543309E-1,-2.469760396E0,1.190569121E-1,2.496976892E0
2.425941854E1,1.824371483E0,-1.688939590E0,7.793209952E-1,2.605415410E0
2.426938954E1,2.553616777E0,-8.169279474E-1,5.674290097E-1,2.740493678E0
2.427936054E1,2.488692511E0,-1.424752446E0,-3.001346558E-1,2.883329804E0
2.428933154E1,2.525142007E0,-1.648771850E0,-5.113559657E-1,3.058802983E0
2.429930254E1,2.480459339E0,-1.717932424E-1,-6.708627462E-1,2.575315179E0
2.430927354E1,2.507444824E0,1.798979218E0,-2.980875456E0,4.290597191E0
2.431924454E1,2.065948467E0,2.303050138E0,-4.170865703E0,5.193101551E0
2.432921654E1,1.615107529E0,1.234117721E0,-5.266242737E0,5.644903139E0
2.433918754E1,7.810545485E-1,8.060532957E-1,-4.556621722E0,4.692821075E0
2.434915854E1,4.811339738E-1,8.300309730E-1,-2.213525466E0,2.412495866E0
2.435912954E1,6.803504384E-1,1.646759530E0,-1.714621146E0,2.472775635E0
2.436910054E1,3.594142763E-1,1.229712721E0,-1.076526196E0,1.673403911E0
2.437907154E1,5.593594135E-1,-4.799400455E-1,3.520168249E0,3.596499674E0
2.438904254E1,-2.117402503E-1,-1.900892386E0,1.442340871E1,1.454967163E1
2.439901354E1,-1.898578497E-1,-4.381274834E-1,1.586392876E1,1.587111330E1
2.440898454E1,-1.347833202E0,3.512698723E0,4.310556854E0,5.721591304E0
2.441895554E1,2.773627622E0,1.922237647E0,-9.055471784E-1,3.493998204E0
2.442892654E1,-1.336236053E-1,-1.307542962E0,-1.586719151E0,2.060388684E0
2.443889754E1,-4.357615538E-2,2.008446071E0,-6.594332523E0,6.893545961E0
2.444886854E1,-1.757983512E0,5.409857955E0,-4.493073598E0,7.248777792E0
2.445883954E1,-2.760934486E0,3.292241152E0,-1.356584437E0,4.505766569E0
2.446881054E1,-2.989391049E0,5.866096312E-1,-9.658138454E-2,3.047933343E0
2.447878154E1,-1.456961834E0,-2.597774658E-1,1.973795471E0,2.467000340E0
2.448875254E1,-1.720560309E0,8.525953782E-1,2.260782663E0,2.966207158E0
2.449872354E1,-1.836300973E0,2.993443169E0,-1.851022069E0,3.969758931E0
2.450869454E1,-1.138040366E0,9.029287952E-1,-4.109474616E0,4.358692224E0
2.451866554E1,-1.753186895E0,-3.233267012E0,-2.153937660E0,4.262291321E0
2.452863654E1,-7.383117675E-1,-3.062786177E0,-1.372242111E-1,3.153505021E0
2.453860854E1,3.683009112E-1,-2.432661859E0,8.960372669E-1,2.618467503E0
2.454857954E1,4.542643368E-2,-3.795363945E0,2.070668047E0,4.323715671E0
2.455855054E1,-6.495231865E-1,-4.081570241E0,1.824071082E0,4.517558114E0
2.456852154E1,-6.713682380E-1,-3.095032694E0,2.474711818E0,4.019223964E0
2.457849254E1,8.126810416E-1,-3.029536277E0,1.999923170E0,3.719977583E0
2.458846354E1,6.272499727E-1,-2.469542295E0,3.404231411E-1,2.570597127E0
2.459843454E1,2.782246089E-1,-2.437671169E0,-1.775655552E0,3.028630433E0
2.460840554E1,5.707761386E-2,-2.581986298E0,-2.073792214E0,3.312178324E0
2.461837654E1,2.437491148E-1,-1.985709758E0,-3.219067633E-1,2.026346673E0
2.462834754E1,9.810215397E-2,-8.752293652E-1,4.395778853E-1,9.843166115E-1
2.463831854E1,2.815354120E-1,5.521961358E-1,2.085895366E0,2.176038198E0
2.464828954E1,2.619675038E-1,4.634184453E0,5.399026573E-1,4.672877849E0
2.465826054E1,6.538878407E-1,7.127700332E0,-7.584294784E-1,7.197700786E0
2.466823154E1,2.530741812E-1,1.875795260E0,-1.652281641E0,2.512506521E0
2.467820254E1,1.521080062E0,-3.805223520E0,-6.368763900E-1,4.147170376E0
2.468817354E1,1.196874904E0,-7.066440808E0,5.940607381E-1,7.191662074E0
2.469814454E1,-1.673458502E0,-5.354680120E0,1.857964468E-1,5.613161574E0
2.470811554E1,-1.561558582E0,-4.537857422E-1,-6.867496312E-2,1.627606511E0
2.471808654E1,-9.208615478E-1,1.403327664E0,9.841583151E-1,1.945734337E0
2.472805754E1,-7.192521103E-1,1.634122235E0,1.913177387E0,2.616854369E0
2.473802954E1,-7.516410803E-1,5.797871000E-1,4.188267601E0,4.294496815E0
2.474800054E1,-2.339860188E-1,4.642619061E-1,2.750746590E0,2.799445548E0
2.475797154E1,-1.066238038E-1,-3.671466708E-3,2.048475525E0,2.051251835E0
2.476794254E1,1.081374853E0,-5.687443408E-1,1.952505174E0,2.303284211E0
2.477791354E1,1.102682692E0,-4.091314334E-1,4.251709306E-1,1.250627030E0
2.478788454E1,2.834793737E-1,-9.210873234E-1,1.735313272E-1,9.792219024E-1
2.479785554E1,9.560432211E-1,-8.316401267E-1,-3.053797837E0,3.306255460E0
2.480782654E1,1.366333500E0,-5.252188370E-1,-2.860854923E0,3.213598131E0
2.481779754E1,1.509124698E0,-5.805419755E-1,-4.328572125E0,4.620716718E0
2.482776854E1,6.154171816E-1,2.532955348E-1,-3.536229381E0,3.598307265E0
2.483773954E1,1.338466254E0,-1.639851922E0,-2.454462326E-1,2.130927050E0
2.484771054E1,1.479887012E0,7.322345370E-1,3.101000655E-1,1.679998523E0
2.485768154E1,1.994182958E0,2.021404086E0,-1.474071372E0,3.199332205E0
2.486765254E1,2.750522934E0,6.461714163E-1,-1.717734788E0,3.306588379E0
2.487762354E1,1.807048668E0,-6.360949096E-1,-1.804115705E0,2.631515742E0
2.488759454E1,4.076211341E-1,-2.478692310E0,-1.615317882E0,2.986523467E0
2.489756554E1,1.328575196E-1,-5.836243352E-1,1.409425725E0,1.531257444E0
2.490753654E1,3.693853870E-1,9.373294267E-1,2.411816243E0,2.613788363E0
2.491750754E1,-1.447675487E-1,3.887177218E0,-2.124874660E0,4.432403037E0
2.492747954E1,-4.508043566E-1,3.271536453E0,-4.814576903E0,5.838349603E0
2.493745054E1,-5.543968816E-1,5.152545968E-1,-1.723380859E0,1.882255240E0
2.494742154E1,-4.738666888E-1,-4.001834393E-1,-1.432508193E0,1.561017664E0
2.495739296E1,-5.963262418E-1,-3.133664371E0,2.887846255E-1,3.202944573E0
2.496736396E1,-6.913322403E-1,-2.519112065E0,-1.399460900E0,2.963504121E0
2.497733496E1,-2.417381038E0,-4.620002031E-2,-2.937662194E0,3.804697713E0
2.498730596E1,-3.262684354E0,4.336327288E-1,1.537533542E0,3.632789001E0
2.499727696E1,-2.637707925E0,-1.811924954E0,1.424072064E1,1.459584529E1
2.500724796E1,-5.095135446E-1,4.616479084E-1,1.040113713E1,1.042383693E1
2.501721896E1,-3.422477648E0,2.731916509E0,2.081844415E0,4.848793379E0
2.502718996E1,-1.197795548E0,2.314843095E0,1.767829054E0,3.149354266E0
2.503716096E1,-6.239857353E0,2.454056821E0,-5.872764477E0,8.913337044E0
2.504713196E1,-1.320022382E0,-3.029623693E-1,-6.475249883E0,6.615368949E0
2.505710296E1,-2.939235095E0,-1.829062266E0,-5.025545028E0,6.102513789E0
2.506707396E1,-3.674445865E0,-9.912334460E-1,-3.419800208E0,5.116554467E0
2.507704496E1,-1.220221228E0,-6.532287133E-1,4.443667549E-1,1.453653814E0
2.508701596E1,-4.839345343E-1,-2.259048671E0,2.119428563E0,3.135198712E0
2.509698796E1,3.000914595E-1,-3.144866759E0,3.518937410E0,4.728970534E0
2.510695896E1,1.167795166E0,-1.634152056E0,1.633572890E0,2.588968690E0
2.511692996E1,2.757985808E-1,-3.129763108E-1,-1.841639042E-1,4.559993113E-1
2.512690096E1,3.598248605E-2,-3.079464482E0,2.522049707E0,3.980594297E0
2.513687196E1,-3.024862598E-1,-3.666018273E0,5.311515389E0,6.460911982E0
2.514684296E1,-7.272565100E-1,-7.714991748E-2,3.882398581E0,3.950680053E0
2.515681396E1,-4.294721425E-1,3.387138246E0,2.931923736E0,4.500369831E0
2.516678496E1,-4.847274533E-1,3.957284164E0,-1.784447426E0,4.367987096E0
2.517675596E1,1.009506433E0,4.842786795E-1,-3.508921130E0,3.683226381E0
2.518672696E1,7.418089141E-1,-4.988668978E-2,-3.386546507E0,3.467198638E0
2.519669796E1,5.011833088E-1,-1.124881208E0,-3.805800641E-1,1.288946712E0
2.520666896E1,1.435844103E-1,-1.639048515E0,2.283855191E0,2.814798581E0
2.521663996E1,-1.352388329E0,-2.864191344E-1,6.074543703E-1,1.509963882E0
2.522661096E1,-1.396417132E0,6.328728014E-1,-1.306156295E0,2.014088641E0
2.523658196E1,-8.375173824E-1,3.028520031E0,-2.423233516E0,3.968051111E0
2.524655296E1,-9.243953857E-1,2.759453971E0,-3.652173820E0,4.669846535E0
2.525652396E1,1.193762797E-1,1.718287350E0,-7.528474340E0,7.722997346E0
2.526649596E1,-4.272643800E-1,2.405904123E0,-1.368152568E1,1.389802412E1
2.527646696E1,7.029310696E-1,4.721763172E0,-1.295930801E1,1.381060548E1
2.528643796E1,4.908668105E-1,-3.012374407E-1,2.905811825E0,2.962336339E0
2.529640896E1,-2.137036722E-2,-6.418606735E0,2.902312735E1,2.972441572E1
2.530637996E1,2.322499731E0,-4.032762655E0,2.615718944E1,2.656794570E1
2.531635096E1,-2.400334504E0,-1.577881376E0,8.909174448E-1,3.007498838E0
2.532632196E1,-5.371445841E0,1.273675889E0,-1.587220257E1,1.680480571E1
2.533629296E1,2.138738554E0,-2.448465714E0,-4.041491963E0,5.186795180E0
2.534626396E1,2.972223039E0,-1.547870542E0,-2.643624430E0,4.268344308E0
2.535623496E1,1.565710982E0,1.880722708E0,-4.190266179E0,4.852514754E0
2.536620596E1,1.591088921E0,4.465748097E0,-1.092136157E1,1.190590646E1
2.537617696E1,-4.933339700E-1,1.172379602E0,-1.243379067E1,1.249868005E1
2.538614796E1,-7.197349441E-1,-7.913227562E0,3.180864850E0,8.558918742E0
2.539611896E1,-5.294380051E-1,-1.222832186E1,3.549240956E1,3.754361858E1
2.540608996E1,3.009118385E0,-2.063639986E0,3.022084761E1,3.044031921E1
2.541606096E1,2.706006802E-1,1.100789802E1,-3.043241858E0,1.142402576E1
2.542603196E1,-3.172255409E0,9.323179536E0,-2.203707757E1,2.413747437E1
2.543600396E1,1.752329255E0,-3.053160490E0,-1.394690858E1,1.438432153E1
2.544597496E1,-1.431396199E0,-5.110363569E0,-2.216326867E0,5.751244706E0
2.545594596E1,3.888770438E-1,1.628012772E0,4.027321236E0,4.361303392E0
2.546591696E1,1.859252756E0,4.842219907E0,3.342836816E0,6.170775674E0
2.547588796E1,5.482705345E-1,1.205198269E0,4.467816550E-1,1.397396613E0
2.548585896E1,-5.607378215E-1,-1.681306635E0,1.348711746E0,2.227160137E0
2.549582996E1,-1.684883084E0,9.887001398E-1,-1.661986265E0,2.564869844E0
2.550580096E1,-2.743028850E0,2.530362108E-1,-2.928283845E0,4.020333428E0
2.551577196E1,-7.793413874E-1,-9.118542776E-1,-4.865312024E0,5.010999133E0
2.552574296E1,-7.313631557E-1,-7.808924344E-1,-8.670599864E0,8.736360057E0
2.553571396E1,-2.138999925E0,-1.393253496E0,-1.912269899E0,3.189553597E0
2.554568496E1,-2.421673479E0,-3.098516465E0,1.715602309E0,4.290524211E0
2.555565596E1,-2.810868538E0,-4.163189478E0,8.704603177E0,1.005003707E1
2.556562696E1,1.040431407E0,-1.206733748E0,1.521388678E1,1.529709302E1
2.557559796E1,4.367804896E0,2.602405945E0,6.768988854E0,8.465780910E0
2.558556996E1,2.230443946E0,1.707101334E0,4.539791096E0,5.338424708E0
2.559554096E1,1.027960831E0,-2.248383057E-1,1.319722420E0,1.687875291E0
2.560551196E1,-3.201020494E0,1.793900034E0,-2.937275108E0,4.700233462E0
2.561548296E1,-1.657553490E0,-1.519704212E0,-2.635581585E0,3.464574253E0
2.562545396E1,-3.265253693E-1,-5.406390556E0,-3.598567132E0,6.502719667E0
2.563542496E1,1.828343497E0,-1.696479867E0,-8.531336144E0,8.888452074E0
2.564539596E1,2.482925987E0,1.247945217E0,-1.398274734E1,1.425620959E1
2.565536696E1,1.992286267E0,1.098701761E0,-1.228256297E1,1.249150524E1
2.566533796E1,3.144536099E-1,-7.395727926E-1,-1.014474257E1,1.017652450E1
2.567530896E1,-1.768980955E0,6.429964367E0,-1.219311577E1,1.389769073E1
2.568527996E1,-2.075758633E0,3.123813274E0,2.131929209E1,2.164669024E1
2.569525096E1,-5.830437433E-1,-3.113456686E0,3.487415071E1,3.501770895E1
2.570522196E1,1.722157183E0,-6.737660058E0,1.821218694E1,1.949475933E1
2.571519296E1,4.152062519E0,-3.770845108E0,-9.978699188E0,1.144697923E1
2.572516396E1,-7.965584408E-1,9.705267012E-2,-2.349901714E1,2.351271424E1
2.573513496E1,-9.519549941E-1,-5.612031868E-1,-1.451581109E1,1.455781367E1
2.574510696E1,7.350710213E-1,-3.219462613E0,7.622592292E0,8.307176547E0
2.575507796E1,2.197706555E0,-3.334377065E0,2.078499223E1,2.116515737E1
2.576504896E1,4.002612949E0,2.900865081E0,1.218444552E1,1.314901674E1
2.577501996E1,-4.231228556E0,4.683456308E0,-1.869554819E0,6.582802846E0
2.578499096E1,-1.056991160E0,-9.749822795E-2,-6.776735830E0,6.859364747E0
2.579496196E1,1.095030368E-1,-3.357422988E0,-5.331676004E0,6.301670338E0
2.580493296E1,2.616288587E-1,-2.314264513E0,-2.975679036E0,3.778747890E0
2.581490396E1,2.746549751E0,8.272465289E-1,-5.081179531E0,5.834917119E0
2.582487496E1,1.928472241E0,1.233628017E0,-4.318761082E0,4.887999647E0
2.583484596E1,1.904806220E0,-2.145605671E0,-9.421606886E-1,3.019863771E0
2.584481696E1,6.912618544E-1,1.406286647E0,4.650193545E0,4.907115761E0
2.585478796E1,7.917739566E-1,6.722312286E0,1.367853776E0,6.905607317E0
2.586475896E1,9.576243082E-1,3.369807099E0,-4.088454461E0,5.384060185E0
2.587472996E1,5.021290960E-1,8.313126826E-1,-2.950937127E0,3.106645190E0
2.588470096E1,2.490688750E0,-2.276723927E0,-4.211468768E0,5.396616669E0
2.589467296E1,1.893494197E0,-4.722698142E0,-4.230725403E0,6.617267975E0
2.590464396E1,3.307967823E0,-6.190051355E0,3.061227894E0,7.657055773E0
2.591461496E1,3.811833213E0,-7.912292007E0,2.241866920E1,2.407760715E1
2.592458596E1,1.998106732E0,-1.427139572E0,1.393927680E1,1.415388977E1
2.593455696E1,-1.313757091E0,2.154085010E0,7.136181718E-1,2.622077577E0
2.594452796E1,-3.278657193E0,-2.035961606E0,3.115970696E0,4.960242537E0
2.595449817E1,-2.218370761E-1,-1.273845458E0,-2.402014555E0,2.727923728E0
2.596446917E1,-3.839425420E-1,4.358824450E0,-1.190303189E1,1.268183467E1
2.597444017E1,1.154993199E0,7.073295498E0,-1.290115511E1,1.475822895E1
2.598441117E1,1.211780919E0,7.092298365E0,-1.074587259E1,1.293224214E1
2.599438217E1,4.122316271E-1,4.287788381E0,-4.477688404E0,6.213272693E0
2.600435317E1,8.318785469E-1,-7.497232667E-1,8.033105423E0,8.110788471E0
2.601432417E1,9.324841315E-1,-3.416964893E0,1.374554685E1,1.419454944E1
2.602429517E1,-1.290659565E0,-2.011157717E0,3.135319133E0,3.942180050E0
2.603426717E1,-3.234647832E0,1.939313563E0,-9.090077945E0,9.841412538E0
2.604423817E1,-4.019152091E0,6.434264410E0,-1.198650090E1,1.418554002E1
2.605420917E1,-2.812228893E0,1.739104607E0,-5.008626695E0,6.001621243E0
2.606418017E1,-7.463956893E-1,-6.575831932E0,5.171054159E0,8.398718548E0
2.607415117E1,3.368909843E-1,-4.426074739E0,5.709306732E0,7.231861205E0
2.608412217E1,-5.229876126E-1,1.306676405E0,-1.033453267E0,1.746122826E0
2.609409317E1,-9.626665816E-1,1.404027575E0,-5.137801629E0,5.412487964E0
2.610406417E1,-9.582471829E-1,-9.745890543E-1,-9.758166187E0,9.853419144E0
2.611403517E1,-4.097842385E-1,-4.548136827E0,-9.008915668E0,1.010019966E1
2.612400617E1,-3.387557710E-1,-6.416927415E0,-6.651585535E0,9.248529778E0
2.613397717E1,2.674960097E-1,-7.307715636E0,2.071490750E1,2.196774123E1
2.614394817E1,1.573693454E0,-4.463248705E0,4.010871381E1,4.038695363E1
2.615391917E1,2.195027945E0,3.390504780E0,1.545142641E1,1.597060576E1
2.616389017E1,-1.866124257E0,8.307524609E0,-1.796751838E1,1.988288464E1
2.617386217E1,-4.495634313E-1,1.006851944E0,-1.690549094E1,1.694141323E1
2.618383317E1,3.288014199E0,-3.775600356E0,-5.995989284E0,7.811407230E0
2.619380417E1,-1.670604512E-1,-2.372028864E0,-3.092985876E0,3.901408945E0
2.620377517E1,6.197077223E-1,-1.073647904E0,7.463485461E-1,1.446994691E0
2.621374617E1,-6.160152056E-1,4.586489592E0,3.449038040E0,5.771587729E0
2.622371717E1,3.451962963E-1,1.536324922E0,7.496346813E0,7.659939314E0
2.623368817E1,3.141647574E0,1.940543818E0,5.186226515E0,6.366522226E0
2.624365917E1,1.843039742E0,9.162689254E-1,3.559562695E-1,2.088791302E0
2.625363017E1,3.082473752E-1,-5.085587162E0,-2.580002046E0,5.710921448E0
2.626360117E1,1.956813110E0,-6.603035519E0,1.285560647E0,7.005844830E0
2.627357217E1,1.085539460E0,4.931950986E-1,2.025152151E0,2.350080543E0
2.628354317E1,5.169955687E-1,4.432014925E0,7.776562929E-1,4.529325560E0
2.629351417E1,-2.522863785E-1,2.690648323E0,1.750748168E0,3.219993161E0
2.630348517E1,-1.237170845E0,1.264588147E0,1.202518491E0,2.139117949E0
2.631345717E1,-1.539637955E0,2.575913672E0,-1.556159263E0,3.380450847E0
2.632342817E1,-1.916726062E0,4.052453738E-1,-1.594824561E0,2.526168638E0
2.633339917E1,-1.627899921E0,-1.993498541E0,-2.236102150E0,3.409435058E0
2.634337017E1,-9.603994699E-1,-2.412354187E0,-2.612157639E0,3.683094812E0
2.635334117E1,-4.794698562E-3,-1.356578005E0,-5.688177234E-1,1.471013418E0
2.636331217E1,6.168686798E-1,7.253134802E-1,-3.955343181E-1,1.031045105E0
2.637328317E1,8.730857760E-1,-5.201937398E-1,1.000698334E-1,1.021221950E0
2.638325417E1,9.623693237E-1,-2.227342436E0,-3.243503147E-1,2.447940394E0
2.639322517E1,1.073983242E0,-2.121009358E0,-7.204097128E-1,2.484172066E0
2.640319617E1,7.831128415E-1,-3.933840630E0,-1.025712138E0,4.140103044E0
2.641316717E1,1.767337194E-1,-6.909517327E0,-3.534990356E0,7.763299641E0
2.642313817E1,-7.695790954E-1,-3.646022257E0,-5.883801681E0,6.964542519E0
2.643310917E1,-1.182929660E0,1.116259430E1,-5.378868881E0,1.244729145E1
2.644308017E1,-1.556790177E0,2.050069125E1,-1.499832450E0,2.061435021E1
2.645305217E1,-1.422935461E-1,1.484339433E1,4.720284119E0,1.557651068E1
2.646302317E1,3.132600762E0,-6.020806621E0,1.133944450E1,1.321538125E1
2.647299417E1,3.788541414E0,-9.591152751E0,5.756983759E0,1.181042417E1
2.648296517E1,1.314043896E0,-1.322251692E1,-5.645948058E0,1.443739569E1
2.649293617E1,-3.462965231E-1,-1.350314468E0,-1.038251726E1,1.047568303E1
2.650290717E1,-3.419328337E0,3.626446656E0,-5.335267949E0,7.301233164E0
2.651287817E1,-5.299176595E0,3.505383857E0,6.470980246E0,9.068769151E0
2.652284917E1,-5.540998138E0,6.340165168E-1,1.407774939E1,1.514224769E1
2.653282017E1,-3.866919832E0,1.568328196E0,8.258320874E0,9.252706954E0
2.654279117E1,-2.551932487E0,2.658942381E0,-1.754063539E0,4.081552756E0
2.655276217E1,1.195962081E-2,3.488861087E-1,-3.630857795E0,3.647600976E0
2.656273317E1,4.027695896E-1,-9.596663752E-1,-2.563703517E0,2.766904157E0
2.657270417E1,1.392666581E0,-1.329322086E0,-2.604328802E0,3.238695096E0
2.658267517E1,1.590263148E0,-2.631562501E0,-2.386921138E-1,3.083996109E0
2.659264717E1,-2.516320020E-2,-3.364856846E0,1.477844580E0,3.675176102E0
2.660261817E1,-7.088023319E-1,-3.236856033E0,3.488574573E0,4.811422895E0
2.661258917E1,-6.707066256E-1,-1.877374593E0,2.731412187E0,3.381566985E0
2.662256017E1,-1.781576443E-1,-2.483613619E0,3.887380993E-1,2.520157548E0
2.663253117E1,-1.660560640E-1,-2.215824591E0,-4.329262097E0,4.866206278E0
2.664250217E1,-1.595104935E0,-1.675409133E0,-8.799520444E0,9.098511722E0
2.665247317E1,-1.229313649E0,-3.509722491E0,-4.518847539E0,5.852294173E0
2.666244417E1,-5.425308345E-1,-5.329614276E0,5.067581246E0,7.374246248E0
2.667241517E1,5.969285415E-1,-2.914752803E0,9.275586124E0,9.741078253E0
2.668238617E1,1.918001047E0,3.526689649E-1,6.144582236E0,6.446626581E0
2.669235717E1,2.544226441E0,2.702669321E0,-2.110129151E0,4.269678522E0
2.670232817E1,8.415484529E-1,1.672130599E0,-5.513743097E0,5.822850460E0
2.671229917E1,3.836127955E-2,-1.681428841E0,-3.589549556E0,3.964030846E0
2.672227117E1,-1.070661439E0,-2.335550132E0,-1.030090533E0,2.768067348E0
2.673224217E1,-1.606749957E0,-3.562673414E-1,1.372983538E0,2.143281512E0
2.674221317E1,-9.274360840E-1,1.501873128E0,3.114721146E0,3.580118490E0
2.675218417E1,-1.635268144E0,2.504065425E0,1.915061944E0,3.551324796E0
2.676215517E1,-1.519620451E0,1.631584544E0,3.778062619E0,4.386920513E0
2.677212617E1,-1.083649055E0,2.027597164E0,-8.622070312E-2,2.300625903E0
2.678209717E1,-1.205137897E0,2.320851694E0,-3.875766669E0,4.675497536E0
2.679206817E1,-4.182093453E-1,1.416887941E0,-9.325285703E-1,1.747020329E0
2.680203917E1,-3.032196285E-1,1.045539461E0,1.423631535E0,1.792155589E0
2.681201017E1,1.648073180E-1,2.759598982E0,-1.619431983E0,3.203920714E0
2.682198117E1,1.518542370E-1,2.799918165E0,-2.269649380E-1,2.813203605E0
2.683195217E1,-1.261209041E0,3.223015088E0,-8.349250925E-1,3.560277295E0
2.684192417E1,-7.750640760E-1,2.293467721E0,-4.452372884E0,5.067972258E0
2.685189517E1,-1.286907553E0,-8.683094779E-1,-4.488408689E0,4.749305734E0
2.686186617E1,-1.096481574E0,-3.086344316E0,-1.458079237E-1,3.278574847E0
2.687183717E1,-1.909245280E-1,-2.870635561E0,3.363600279E0,4.426150419E0
2.688180817E1,-3.924287157E-1,-2.898954211E0,5.415104077E0,6.154777655E0
2.689177917E1,4.019171387E-1,-1.594690367E0,4.403618799E0,4.700684342E0
2.690175017E1,8.816863724E-1,-3.309734559E-1,9.997043073E-2,9.470524668E-1
2.691172117E1,8.454976624E-1,-1.850684685E-1,-2.722324444E0,2.856600605E0
2.692169217E1,9.145077440E-1,-1.543254165E0,-1.072688668E0,2.090124114E0
2.693166317E1,1.477928195E0,-2.839117607E0,2.147879360E0,3.854639578E0
2.694163417E1,7.360878521E-1,-3.909740454E0,3.446602675E0,5.263740660E0
2.695160517E1,1.128422135E0,-5.455614756E0,1.063097481E1,1.200227871E1
2.696157667E1,6.804445054E-1,-5.630503222E-1,5.023429506E0,5.100477859E0
2.697154767E1,7.678018159E-2,3.199031272E0,-4.461086404E-1,3.230899131E0
2.698151967E1,-1.853476547E-1,3.390750656E0,-1.262703297E0,3.622977143E0
2.699149067E1,5.097666194E-1,3.658020451E0,-5.511332874E0,6.634437857E0
2.700146167E1,8.745572278E-1,2.785909991E0,-8.851704504E0,9.320880723E0
2.701143267E1,2.308946470E0,-5.143210888E-3,-8.501228830E0,8.809208357E0
2.702140367E1,2.051320049E0,-3.980305529E0,-3.847688924E0,5.903850956E0
2.703137467E1,7.506867416E-1,-2.252669943E0,1.685672750E0,2.911965844E0
2.704134567E1,-1.212985299E0,1.876474414E0,3.117562893E0,3.835581827E0
2.705131667E1,-5.033387753E-1,3.038330782E0,4.591204494E-1,3.113775112E0
2.706128767E1,-3.829557878E-1,1.487313853E0,-1.211429062E0,1.956097648E0
2.707125867E1,-3.258651821E-1,-1.595383555E-2,-1.412604856E0,1.449791406E0
2.708122967E1,4.257704895E-1,-7.427785286E-1,-1.546840555E0,1.767969501E0
2.709120067E1,1.388625571E0,-8.056191400E-1,-1.123291057E0,1.959358562E0
2.710117267E1,1.551016052E0,3.774190593E-1,-7.749975640E-1,1.774462500E0
2.711114367E1,2.201044292E0,2.369616303E-1,-4.549905610E-1,2.260036106E0
2.712111467E1,2.299781545E0,-2.224197219E0,-4.352199554E-2,3.199678513E0
2.713108567E1,2.303315163E0,-3.488699119E0,-3.341732277E0,5.351958230E0
2.714105667E1,9.015085065E-1,-2.929258868E0,-9.109229330E0,9.611000681E0
2.715102767E1,-8.887073435E-2,-2.919880519E0,-1.102632611E1,1.140672905E1
2.716099867E1,-1.167961958E-1,-6.692335950E0,-6.467068459E0,9.307200238E0
2.717096967E1,8.073964012E-1,-9.982015729E0,1.542395151E1,1.838996485E1
2.718094067E1,-1.235555551E0,-7.892133147E0,3.735330933E1,3.819793294E1
2.719091167E1,6.866823882E-1,4.442534066E0,1.950274462E1,2.001411225E1
2.720088267E1,2.941928322E0,9.859488494E0,-7.155671073E0,1.253268064E1
2.721085367E1,8.949155516E-1,-1.119982995E0,-7.081003298E0,7.224669090E0
2.722082467E1,6.475884891E-1,-7.000935620E0,4.363543153E-2,7.030958289E0
2.723079667E1,2.877372430E0,-2.461543304E-1,-4.741331756E0,5.551584538E0
2.724076767E1,5.448422096E0,4.272576849E0,-6.879190158E0,9.760300892E0
2.725073867E1,2.666763031E0,2.713043743E0,-3.584564804E0,5.226981563E0
2.726070967E1,6.147742072E-1,2.457427156E0,-2.325315458E0,3.438602555E0
2.727068067E1,-6.281693012E-1,2.240752441E0,-2.106761740E0,3.139110256E0
2.728065167E1,-1.579124641E-2,-2.946879745E-2,2.708998640E0,2.709204939E0
2.729062267E1,-8.441144304E-1,-2.015147565E0,6.085663353E0,6.465960665E0
2.730059367E1,4.965408023E-1,-1.148551029E-1,4.609535515E-2,5.117316141E-1
2.731056467E1,-4.825016376E-2,-1.479050276E-1,-1.018682030E0,1.030493598E0
2.732053567E1,-5.245650086E-1,-3.080651175E0,1.385105401E0,3.418200854E0
2.733050667E1,1.648167101E0,-3.253329686E0,3.157716892E0,4.824083831E0
2.734047867E1,2.159587606E-1,-2.203146658E0,3.721131788E0,4.329816990E0
2.735044967E1,7.213735532E-2,-2.207458395E-1,4.403895957E0,4.410014980E0
2.736042067E1,-4.236358172E-1,1.290158313E0,3.405046513E0,3.665831084E0
2.737039167E1,-2.613111904E-1,9.572242856E-2,9.854926497E-1,1.024032267E0
2.738036267E1,1.518845987E0,-1.452138466E0,-2.687120697E0,3.411189953E0
2.739033367E1,1.019119695E0,-2.297148836E0,-3.675241671E0,4.452291440E0
2.740030467E1,4.545599501E-1,-2.326722298E0,-4.782762787E0,5.338078426E0
2.741027567E1,2.770872706E-1,-2.969124599E0,6.201849282E-1,3.045834465E0
2.742024667E1,-3.040676393E-1,-2.819578843E0,7.098327429E0,7.643869064E0
2.743021767E1,6.156909044E-1,3.022066167E-1,7.645368952E-1,1.027093371E0
2.744018867E1,9.645604947E-1,2.426798856E0,-2.705794365E0,3.760459119E0
2.745015967E1,-6.158726066E-1,2.114290615E0,-1.276703285E0,2.545485248E0
2.746013167E1,-1.273936675E0,-1.077533671E-1,-1.292874345E0,1.818254523E0
2.747010267E1,-1.058917014E0,-2.250398008E0,-7.033312823E0,7.460099577E0
2.748007367E1,-1.913561549E0,-5.208005639E0,-9.080782626E0,1.064169412E1
2.749004467E1,-1.656984556E0,-3.848610738E0,-4.849028698E0,6.408625573E0
2.750001567E1,-1.422444697E0,3.055951659E0,-1.621597207E0,3.740557038E0
2.750998667E1,-1.002138211E0,9.680563695E0,1.025924976E0,9.786220747E0
2.751995767E1,2.246096430E-2,1.080888570E1,4.976995597E0,1.189970587E1
2.752992867E1,1.519377426E-1,3.096889185E0,7.751830376E0,8.348932979E0
2.753989967E1,8.009521848E-1,-4.755320050E0,2.603551122E0,5.480243756E0
2.754987067E1,1.323009432E0,-7.840734951E0,-5.445372189E0,9.637404049E0
2.755984167E1,-1.299517951E0,-5.256686048E0,-9.063215836E0,1.055762172E1
2.756981267E1,-1.990036405E0,-2.592039416E0,6.022322220E-1,3.322889838E0
2.757978467E1,4.856154992E-1,-3.823631725E-1,1.024379090E1,1.026242057E1
2.758975567E1,-2.070724180E-1,1.433944269E0,9.083356571E0,9.198176001E0
2.759972667E1,-1.390199203E0,-1.221193913E-1,6.703920454E0,6.847635827E0
2.760969767E1,-1.603478732E0,-6.322763854E-1,4.709313573E0,5.014833178E0
2.761966867E1,-1.476811084E0,-1.271033825E0,2.645374501E0,3.285499082E0
2.762963967E1,5.998381161E-1,-2.917565021E0,-1.087200873E0,3.170803866E0
2.763961067E1,2.530262413E0,-1.906745742E0,-2.385378057E0,3.965846149E0
2.764958167E1,1.559135495E0,3.983102837E-1,-1.733702949E0,2.365434525E0
2.765955267E1,1.340169987E0,1.094606664E0,-6.032028598E-1,1.832504579E0
2.766952367E1,7.719999158E-1,-2.083944735E-1,-4.933173054E-1,9.395605837E-1
2.767949467E1,3.348910904E-1,-1.186880989E0,-2.138874063E0,2.468931102E0
2.768946567E1,4.115442138E-1,-2.701064553E0,-1.320881338E0,3.034772787E0
2.769943767E1,1.043920148E0,-3.260148124E0,5.549943209E-1,3.467903367E0
2.770940867E1,1.282343217E0,-2.898755406E0,-1.502149701E-3,3.169730159E0
2.771937967E1,-4.580636748E-1,-4.757320090E0,8.817840940E-1,4.859985593E0
2.772935067E1,2.994074632E-1,-5.338586243E0,-4.193389177E-1,5.363393798E0
2.773932167E1,2.812083517E-1,-2.787498094E0,-5.736831915E-1,2.859779042E0
2.774929267E1,1.170602706E0,5.435554129E-1,-3.015597977E0,3.280182059E0
2.775926367E1,1.274649597E0,1.572429140E0,-5.279956212E0,5.654662023E0
2.776923467E1,1.330502584E-1,-1.247167829E0,-1.520832725E0,1.971309753E0
2.777920567E1,5.400064819E-1,-7.814245310E-1,3.301478291E-1,1.005598771E0
2.778917667E1,5.539944835E-1,-1.359329705E0,2.523123255E0,2.919047464E0
2.779914767E1,4.456281820E-2,-3.908709005E0,5.328947693E0,6.608908794E0
2.780911967E1,7.847783478E-1,-4.815413055E0,5.682263945E0,7.489472844E0
2.781909067E1,4.784714076E-1,-2.828711317E0,5.286579353E0,6.014853603E0
2.782906167E1,-1.145412317E0,-4.503554732E-2,2.307872044E0,2.576872319E0
2.783903267E1,-1.891247843E0,5.063226825E-1,1.120579703E0,2.255854590E0
2.784900367E1,-1.393177920E0,-1.075115848E-1,1.324571516E0,1.925355333E0
2.785897467E1,-8.114856514E-1,-1.042241047E0,1.814398618E0,2.244285568E0
2.786894567E1,-6.219792194E-1,9.605791256E-1,4.687233317E-1,1.236637363E0
2.787891667E1,-3.534224517E-1,5.368926276E0,-4.184289156E0,6.816051095E0
2.788888767E1,-4.120144761E-1,3.558252919E0,-8.264536464E-1,3.676131852E0
2.789885867E1,1.171611351E0,9.029562771E-2,-6.392357415E-1,1.337702804E0
2.790882967E1,1.822589837E0,-1.533298111E0,-5.258716786E-1,2.439134648E0
2.791880167E1,9.763084280E-1,9.287123850E-1,-3.582202529E0,3.827252252E0
2.792877267E1,-6.075302744E-1,9.202517563E-1,-2.672703803E-1,1.134632004E0
2.793874367E1,-1.490387734E0,1.049043698E0,1.586582910E0,2.416400962E0
2.794871467E1,-1.138283410E-2,2.426617008E0,-8.058503973E-1,2.556950241E0
2.795868542E1,9.677036655E-1,1.130362680E0,1.989003494E0,2.484009878E0
2.796865642E1,-2.342872418E-2,1.220667663E0,1.276634873E0,1.766458334E0
2.797862742E1,-1.267734972E0,1.884559944E0,2.447794161E0,3.339223621E0
2.798859842E1,-1.125861731E-1,-1.312511634E0,2.464783831E0,2.794731072E0
2.799856942E1,-2.079711716E-1,-4.599389719E0,1.780769527E-2,4.604123685E0
2.800854042E1,-6.032433517E-1,-6.330371082E0,1.745171678E-1,6.361442982E0
2.801851142E1,-9.852863891E-1,-4.142281297E0,5.473771530E-1,4.292890094E0
2.802848342E1,-2.142475217E0,1.412558663E-1,7.832620186E-1,2.285531156E0
2.803845442E1,-1.720763207E0,-7.647076339E-2,1.926010271E0,2.583871002E0
2.804842542E1,1.389567959E-1,-2.655570876E0,2.571685551E0,3.699315104E0
2.805839642E1,2.386656734E-1,-3.013638283E0,6.794891435E-1,3.098496813E0
2.806836742E1,-1.790483214E-1,-1.996692291E0,-6.176747185E-1,2.097703616E0
2.807833842E1,-8.566677080E-2,-3.260594266E0,-2.605519295E-3,3.261720490E0
2.808830942E1,1.008528304E-1,-4.827367103E0,5.054233807E-1,4.854801461E0
2.809828042E1,1.025031339E-1,-3.240249464E0,1.400174260E-1,3.244892658E0
2.810825142E1,-1.015555561E-1,-1.621770869E0,5.142433208E-1,1.704376859E0
2.811822242E1,-7.938970075E-1,-2.482704962E0,2.368886570E0,3.522175460E0
2.812819342E1,-9.181779682E-1,-3.080667547E0,1.812177846E0,3.690196724E0
2.813816542E1,-5.342579015E-1,-3.323579889E0,-3.690530385E0,4.995160589E0
2.814813642E1,-3.781950213E-1,-3.080650298E0,-1.319228915E0,3.372506881E0
2.815810742E1,5.044960123E-1,-3.376315050E0,3.244498343E0,4.709648505E0
2.816807842E1,6.852008499E-1,-2.655392828E0,2.423997747E0,3.660106058E0
2.817804942E1,-2.428786471E-1,-1.463824126E0,4.909304720E-1,1.562940766E0
2.818802042E1,-5.841375746E-1,2.820728990E-1,-1.334400101E0,1.483713401E0
2.819799142E1,-1.182424607E0,-3.662847912E-1,-2.573137414E0,2.855403413E0
2.820796242E1,4.828439920E-1,-1.713230678E0,-1.656182903E-1,1.787659670E0
2.821793342E1,8.352922976E-2,1.548978589E0,-3.279533690E-1,1.585517334E0
2.822790442E1,-1.022239476E-2,3.341145802E-1,2.618989525E0,2.640235441E0
2.823787542E1,7.996150728E-1,8.917319620E-1,2.412461776E0,2.693425695E0
2.824784742E1,-1.901263100E-1,-1.129935248E0,9.377507186E-1,1.480634354E0
2.825781842E1,-1.192001396E0,-4.584822258E-1,3.900969923E-1,1.335383444E0
2.826778942E1,-1.556307490E0,1.823599505E0,-8.186511219E-2,2.398814301E0
2.827776042E1,-9.355224178E-1,4.354009268E-1,1.866842880E0,2.133044421E0
2.828773142E1,-6.943647525E-1,-9.259872901E-1,7.496609938E-1,1.378980231E0
2.829770242E1,-1.099713768E0,-2.367796357E0,-9.034474432E-2,2.612277193E0
2.830767342E1,-2.861052120E-1,3.972189009E-1,3.874955660E-1,6.243331333E-1
2.831764442E1,-8.708765517E-1,1.520976274E0,2.339278024E-1,1.768195976E0
2.832761542E1,-1.028703939E0,1.600811525E0,-3.478859425E-2,1.903165673E0
2.833758642E1,-3.792178090E-1,2.157683972E-1,3.549020165E-1,5.624211849E-1
2.834755842E1,-1.603525802E-1,-1.247232733E0,3.570035058E-1,1.307193155E0
2.835752942E1,-1.088455320E0,-1.675664656E0,1.443946517E-1,2.003356393E0
2.836750042E1,-1.563937229E0,-1.687514916E0,-1.377835557E0,2.681797358E0
2.837747142E1,-1.606254113E0,-1.008228963E0,-1.462429565E-1,1.902094877E0
2.838744242E1,-2.341480232E0,-2.098082718E0,2.131835185E0,3.798578948E0
2.839741342E1,-9.936584325E-1,-9.012152687E-1,1.279240977E0,1.853646006E0
2.840738442E1,3.349314727E-1,-2.808089649E0,1.206191711E0,3.074482886E0
2.841735542E1,4.758494796E-1,-3.562372282E0,-5.943466669E-1,3.642825410E0
2.842732642E1,8.165299713E-1,-2.083767857E0,-8.336866522E-1,2.388271992E0
2.843729742E1,1.005358492E0,-3.670335272E-1,3.755666614E-3,1.070267916E0
2.844726942E1,-3.147283559E-1,-1.487190769E0,1.921854070E0,2.450370051E0
2.845724042E1,-3.922155116E-1,-2.065310536E0,3.441712064E-1,2.130209951E0
2.846721142E1,6.519654954E-1,-2.846320499E0,3.229797274E-1,2.937841945E0
2.847718242E1,5.716793507E-2,-1.345386434E0,-3.583010030E-1,1.393453422E0
2.848715342E1,-9.031322783E-1,-1.885697519E0,4.502689344E-1,2.138748503E0
2.849712442E1,-5.259044230E-2,-1.021755912E0,1.937197164E0,2.190772409E0
2.850709542E1,4.851217384E-1,-1.649555376E0,1.197119172E0,2.095106287E0
2.851706642E1,1.195580623E0,-1.901694624E0,1.429239600E0,2.662438977E0
2.852703742E1,2.842980570E-1,-1.430860740E0,2.711585448E0,3.079104331E0
2.853700842E1,1.967139659E-1,-1.246590417E0,4.982698971E-1,1.356818684E0
2.854697942E1,-6.943262339E-1,-6.001517826E-1,-3.839492297E-1,9.948306853E-1
2.855695142E1,-7.727143724E-1,-1.231461623E-1,-1.201310456E-2,7.825578530E-1
2.856692242E1,-9.881739635E-1,-4.597557494E-1,2.095981228E0,2.362414113E0
2.857689342E1,-1.423422936E0,-9.014362934E-1,1.048236782E0,1.984318673E0
2.858686442E1,-5.677322244E-1,-3.656597239E-1,-7.651707333E-1,1.020545522E0
2.859683542E1,-2.269958917E-1,1.460652012E-1,-1.350466495E0,1.377178976E0
2.860680642E1,-5.902996993E-1,-1.681185597E-1,-1.983533424E-1,6.450283975E-1
2.861677742E1,-8.386116157E-1,-1.299727866E-1,1.786205683E0,1.977547246E0
2.862674842E1,-1.497993427E-1,-1.697572127E0,1.170968669E0,2.067694028E0
2.863671942E1,-3.626726007E-1,-1.199747495E0,5.105262458E-1,1.353352325E0
2.864669142E1,-8.022970444E-1,-3.047255972E-1,1.907402676E-1,8.791587381E-1
2.865666242E1,-5.125625387E-2,-3.613567579E-1,-2.802243018E-1,4.601429879E-1
2.866663342E1,-4.419928584E-1,-1.227139946E0,-4.852054632E-1,1.391637336E0
2.867660442E1,-1.961646200E-1,-2.035848170E0,1.296875010E0,2.421785110E0
2.868657542E1,3.011131143E-1,-6.271270350E-1,1.658173295E0,1.798192454E0
2.869654642E1,-3.600702243E-1,-9.978697434E-1,1.716689891E0,2.018023481E0
2.870651742E1,-8.537749808E-2,-1.170190989E0,9.394838333E-2,1.177056739E0
2.871648842E1,2.261488495E-1,-2.109903156E0,-1.856973365E0,2.819784515E0
2.872645942E1,2.089869792E-1,-2.377469698E0,1.624545373E0,2.887072114E0
2.873643042E1,4.750975642E-1,2.202295303E-1,6.771853405E-1,8.560366388E-1
2.874640142E1,-1.131762796E0,-7.300333527E-1,-1.429113300E0,1.963721097E0
2.875637342E1,-6.915110920E-2,-2.594404323E0,1.568299252E0,3.032371713E0
2.876634442E1,9.061662523E-1,-2.743633744E0,2.260040066E0,3.668302673E0
2.877631542E1,5.053754701E-1,-1.456645207E0,6.909058321E-1,1.689547423E0
2.878628642E1,4.209483638E-3,5.153993154E-1,9.071288502E-1,1.043329730E0
2.879625742E1,-7.485647871E-1,-1.589039326E0,1.511648503E0,2.317428837E0
2.880622842E1,1.540564081E-1,-2.887169440E0,2.233453361E0,3.653463380E0
2.881619942E1,5.390087642E-1,-1.338025667E0,2.818504125E-1,1.469790049E0
2.882617042E1,-2.912951641E-1,-1.046655402E0,1.408428190E0,1.778766530E0
2.883614142E1,-9.338814698E-2,-9.537484083E-1,1.778608981E0,2.020348306E0
2.884611342E1,3.694091778E-2,-1.088298395E0,-2.985424590E-1,1.129108333E0
2.885608442E1,-5.277192526E-2,-4.351182139E-1,-1.199262176E0,1.276848661E0
2.886605542E1,1.722620064E-1,-1.189551997E0,3.289567512E-1,1.246162388E0
2.887602642E1,-3.438126989E-1,-1.468305432E0,-4.071170676E-1,1.562009066E0
2.888599742E1,-3.166796449E-1,-1.176486686E0,2.973531353E-1,1.254123522E0
2.889596842E1,-6.581206401E-1,-1.572120992E0,8.601412100E-1,1.909065240E0
2.890593942E1,-1.067976178E0,-1.303395532E0,6.610680753E-1,1.810089509E0
2.891591042E1,-8.946108386E-1,-1.793438104E0,-1.172608813E0,2.322016411E0
2.892588142E1,6.243154379E-2,-1.274745345E0,-9.585451716E-1,1.596146058E0
2.893585342E1,-1.846894410E-1,-5.089714712E-1,2.502438730E-1,5.964764405E-1
2.894582442E1,-3.691295347E-1,-3.595444134E-1,8.463014352E-1,9.908354646E-1
2.895579542E1,-1.938045010E-1,-9.206490746E-1,8.984194225E-1,1.300889066E0
2.896576671E1,1.962391354E-2,-1.783958014E0,-1.642997432E-1,1.791615388E0
2.897573771E1,-2.668563243E-1,-1.632455779E0,-5.438501126E-1,1.741234365E0
2.898570871E1,-7.142968874E-1,-9.251175168E-1,-2.991435528E-1,1.206461491E0
2.899567971E1,-6.677081003E-1,-7.615399048E-1,2.351896316E-1,1.039755402E0
2.900565071E1,-2.686771655E-1,-1.978964702E0,1.068451191E0,2.264967254E0
2.901562171E1,-1.973049732E-1,-1.510666755E0,9.646344620E-1,1.803209068E0
2.902559371E1,3.968760348E-1,-2.339032441E-1,1.664515770E0,1.727088320E0
2.903556471E1,6.912283060E-1,-1.211167984E0,7.709594768E-1,1.593456298E0
2.904553571E1,8.492035545E-1,-2.118226376E0,-3.148901045E-2,2.282328025E0
2.905550671E1,7.896287593E-1,-7.857693046E-2,-4.073486173E-1,8.919757887E-1
2.906547771E1,2.274742123E-1,2.818407646E-1,5.279070944E-1,6.402067120E-1
2.907544871E1,-8.682004273E-2,-1.377969751E0,9.543451166E-1,1.678425737E0
2.908541971E1,-1.121773522E-1,-2.134834222E0,-7.195975345E-1,2.255642154E0
2.909539071E1,1.377884491E-1,-4.378324914E-1,-8.475036228E-1,9.638181041E-1
2.910536271E1,-2.314763938E-1,2.346940801E-1,1.285279396E0,1.326878200E0
2.911533371E1,-4.821105319E-1,-4.149789414E-1,1.288008292E0,1.436524781E0
2.912530471E1,-5.620899171E-1,-1.796406151E0,6.216631043E-1,1.982292902E0
2.913527571E1,-1.684016380E-2,-1.060232345E0,3.848438537E-1,1.128042999E0
2.914524671E1,-4.459898323E-1,-3.315628552E-1,2.533540070E-1,6.107610911E-1
2.915521771E1,-7.609554025E-1,-9.460479176E-1,-2.335377932E-3,1.214110885E0
2.916518871E1,-6.445360232E-1,-2.082829671E0,1.056878382E0,2.422931703E0
2.917515971E1,-2.741330380E-1,-1.446183369E0,7.604748344E-1,1.656779174E0
2.918513171E1,-1.829441385E-1,-1.556134120E-1,9.049764901E-1,9.363047258E-1
2.919510271E1,-2.870207764E-1,-9.032041991E-1,1.652417881E0,1.904899894E0
2.920507371E1,6.144316334E-2,-2.189499841E0,1.126308805E0,2.462977130E0
2.921504471E1,1.188241563E-1,-2.279821489E0,4.700605899E-1,2.330807191E0
2.922501571E1,-2.948444606E-1,-1.550527517E0,-2.377249843E-1,1.596114659E0
2.923498671E1,-1.247984393E-1,-2.220417579E0,1.392454181E0,2.623882147E0
2.924495771E1,1.436278624E-1,-2.598586251E0,1.512437292E0,3.010107312E0
2.925492871E1,1.311093757E-1,-2.965289703E0,3.116168332E-1,2.984499580E0
2.926490071E1,5.240552045E-1,-2.735348532E0,1.048097618E0,2.975781253E0
2.927487171E1,2.165744358E-1,-1.213302510E0,1.227620003E0,1.739556937E0
2.928484271E1,-2.693927368E-1,-5.964320764E-1,9.630609763E-1,1.164384006E0
2.929481371E1,9.413897333E-1,-5.703999799E-1,2.046175230E0,2.323446543E0
2.930478471E1,2.122319573E0,-3.244327605E-1,2.120371134E0,3.017527255E0
2.931475571E1,1.271686520E0,-3.546985627E0,-1.378759418E0,4.012389708E0
2.932472671E1,1.150388224E0,-3.383761186E0,-1.651152543E0,3.936945206E0
2.933469771E1,1.313016029E-1,-1.393551411E0,7.745976144E-1,1.599758454E0
2.934466971E1,5.809692242E-1,-5.624965909E-1,1.376504731E0,1.596462630E0
2.935464071E1,-4.031696123E-1,-1.240328926E0,4.156779760E-1,1.368849795E0
2.936461171E1,-7.972659539E-1,-2.381249046E0,3.876224506E-1,2.540911487E0
2.937458271E1,-7.736268304E-1,-2.643432349E0,8.499881047E-1,2.882483796E0
2.938455371E1,-1.130143848E0,-2.176929789E0,1.784854392E0,3.033472206E0
2.939452471E1,-5.671207518E-1,-1.883570302E0,1.093462071E0,2.250582665E0
2.940449571E1,-1.978950303E-1,-1.184301783E0,5.016887641E-1,1.301316553E0
2.941446671E1,-2.629976371E-1,-2.630823120E-1,6.364758557E-1,7.372120285E-1
2.942443871E1,-2.942627357E-1,-7.525378239E-1,8.717122650E-1,1.188606750E0
2.943440971E1,4.623605378E-2,-2.121479182E0,1.308349586E-1,2.126012577E0
2.944438071E1,-6.860428490E-3,-2.553246064E0,-2.653372908E-1,2.567005338E0
2.945435171E1,-5.418775544E-2,-2.049188593E0,7.865972704E-1,2.195642381E0
2.946432271E1,-2.709248900E-1,-1.569323099E0,1.065234638E0,1.915959321E0
2.947429371E1,-1.189347783E-1,-1.459464734E0,3.839316881E-1,1.513798644E0
2.948426471E1,1.400274394E-1,-1.542176816E0,-2.067511135E-1,1.562262154E0
2.949423571E1,3.202311340E-1,-1.196290036E0,-1.145949018E-1,1.243700053E0
2.950420771E1,5.032716419E-1,-1.310982879E0,1.879511458E-1,1.416786536E0
2.951417871E1,5.047543131E-1,-1.635854765E0,7.012834704E-1,1.850026010E0
2.952414971E1,2.405115115E-1,-1.473270303E0,1.392537796E0,2.041453572E0
2.953412071E1,2.229495454E-1,-7.292992347E-1,1.714008358E0,1.876008668E0
2.954409171E1,6.379250150E-2,-5.770207822E-2,1.432505854E0,1.435086073E0
2.955406271E1,3.892443951E-2,-4.135799950E-1,8.748919809E-1,9.685037442E-1
2.956403371E1,-1.429271102E-1,-9.787703982E-1,4.198862171E-1,1.074580889E0
2.957400471E1,-6.778240027E-1,-1.134430588E0,4.009733981E-1,1.380998843E0
2.958397671E1,-1.114442612E0,-1.253830147E0,6.731531006E-1,1.807541831E0
2.959394771E1,-1.092586378E0,-1.108794348E0,6.809638113E-1,1.699082579E0
2.960391871E1,-1.032428250E0,-7.843469694E-1,4.850043190E-1,1.384318406E0
2.961388971E1,-1.639162097E0,-9.790449250E-1,8.591009903E-1,2.093665651E0
2.962386071E1,-1.792263983E0,-1.329895113E0,5.776288927E-1,2.305316971E0
2.963383171E1,-1.661145143E0,-1.497279555E0,-2.755155391E-1,2.253254993E0
2.964380271E1,-1.692215931E0,-2.029888980E0,-5.975006551E-1,2.709437407E0
2.965377471E1,-1.353440097E0,-2.148522262E0,-3.676466078E-1,2.565757594E0
2.966374571E1,-8.858584338E-1,-1.778758085E0,3.342028731E-1,2.015047654E0
2.967371671E1,-7.387008997E-1,-1.378388704E0,8.380732334E-1,1.774260743E0
2.968368771E1,-5.119734317E-1,-1.104252523E0,1.199962088E0,1.709210181E0
2.969365871E1,8.817608513E-2,-1.143933775E0,1.195136381E0,1.656716775E0
2.970362971E1,8.798895961E-1,-1.677421160E0,1.096990281E0,2.188911859E0
2.971360071E1,1.493751638E0,-2.637122911E0,6.395193315E-1,3.097530658E0
2.972357171E1,8.660167115E-1,-2.945273222E0,1.637653077E-1,3.074319172E0
2.973354371E1,-3.655401483E-2,-2.361425231E0,2.993680859E-1,2.380606345E0
2.974351471E1,1.121759087E-1,-1.579120109E0,1.388561690E0,2.105779504E0
2.975348571E1,-8.740637228E-3,-1.825634920E0,2.199276971E0,2.858292927E0
2.976345671E1,2.749045781E-1,-2.545958971E0,2.401947897E0,3.510959030E0
2.977342771E1,3.089545228E-1,-2.887132603E0,2.557421268E0,3.869288191E0
2.978339871E1,3.535038011E-1,-2.589357006E0,3.128890704E0,4.076725607E0
2.979336971E1,7.088021857E-1,-2.423575871E0,3.160322996E0,4.045214701E0
2.980334071E1,8.737517738E-1,-2.287454444E0,2.591225191E0,3.565156096E0
2.981331271E1,2.325692019E-1,-2.549225811E0,1.217358724E0,2.834537516E0
2.982328371E1,-4.989904203E-2,-3.203201213E0,-2.810686398E-1,3.215896066E0
2.983325471E1,3.154534107E-1,-2.904495617E0,-1.409952559E0,3.244005528E0
2.984322571E1,9.168015336E-1,-1.362684252E0,-1.867656813E0,2.487081702E0
2.985319671E1,1.922544772E0,9.613667455E-1,-1.588461036E0,2.672753802E0
2.986316771E1,2.700287458E0,2.741841280E0,-1.240315477E0,4.043220059E0
2.987313871E1,2.676315920E0,4.130512021E0,-2.065470457E-1,4.926099688E0
2.988311071E1,2.441031564E0,4.263777959E0,5.974404287E-1,4.949280013E0
2.989308171E1,2.073884600E0,3.370797909E0,2.710880274E-1,3.966959112E0
2.990305271E1,1.067189801E0,1.865223786E0,-5.706677824E-1,2.223424287E0
2.991302371E1,-1.591641337E-2,8.192533851E-1,2.317672563E-1,8.515547559E-1
2.992299471E1,-4.501125214E-1,1.631770778E-1,1.359104002E0,1.440969024E0
2.993296571E1,-8.198029502E-1,-3.702401403E-1,2.053325790E0,2.241718412E0
2.994293671E1,3.022812418E-1,9.535317689E-2,1.430547037E0,1.465240937E0
2.995290771E1,7.971443318E-2,4.006786984E-1,1.440872051E0,1.497668213E0
2.996287942E1,-1.710021872E-1,-2.360237369E-1,8.659673756E-1,9.137004148E-1
2.997285042E1,2.069505036E-2,-8.547854528E-1,-1.545558845E0,1.766306485E0
2.998282142E1,5.169424687E-1,-1.349054977E-1,-2.255076950E0,2.317498880E0
2.999279242E1,2.538083357E-1,1.291760450E0,-1.429965824E0,1.943673324E0