"Time (s)","X (m/s^2)","Y (m/s^2)","Z (m/s^2)"
2.620833460E-3,-2.320175171E-1,6.669530640E0,7.260801086E0
1.257583313E-2,-2.402503967E-1,6.668782196E0,7.246730347E0
2.253083326E-2,-2.475851440E-1,6.645430756E0,7.201674042E0
3.248583339E-2,-2.981799316E-1,6.631360016E0,7.205416260E0
4.244083306E-2,-3.070115662E-1,6.637197876E0,7.204368439E0
5.239583319E-2,-3.498225403E-1,6.635700989E0,7.226372681E0
6.235083332E-2,-3.496728516E-1,6.638096008E0,7.246131592E0
7.230583346E-2,-3.502716064E-1,6.644532623E0,7.267986145E0
8.226083312E-2,-3.505709839E-1,6.642287292E0,7.300318909E0
9.221483301E-2,-3.429368591E-1,6.634353790E0,7.294331360E0
1.021698331E-1,-3.411405945E-1,6.614894257E0,7.286697235E0
1.121248333E-1,-3.489244080E-1,6.598129120E0,7.263046417E0
1.220798334E-1,-3.640429688E-1,6.584357758E0,7.260950775E0
1.320348331E-1,-3.668870544E-1,6.571933594E0,7.259453888E0
1.419898332E-1,-4.210743713E-1,6.576274567E0,7.244934082E0
1.519448333E-1,-3.989204407E-1,6.589596863E0,7.243437195E0
1.618998335E-1,-3.984713745E-1,6.613846436E0,7.242838440E0
1.718538334E-1,-4.010160828E-1,6.636449432E0,7.228767700E0
1.818088330E-1,-4.195774841E-1,6.659651184E0,7.223678284E0
1.917638332E-1,-4.102967834E-1,6.664441223E0,7.248227234E0
2.017188333E-1,-3.707789612E-1,6.665489044E0,7.257208557E0
2.116738334E-1,-3.183879089E-1,6.651118927E0,7.250472565E0
2.216288331E-1,-3.357518005E-1,6.628665619E0,7.234156494E0
2.315838332E-1,-3.445834351E-1,6.607858887E0,7.218738556E0
2.415388334E-1,-3.712280273E-1,6.607858887E0,7.224277039E0
2.514938330E-1,-3.653901672E-1,6.632856903E0,7.251520386E0
2.614488332E-1,-3.701802063E-1,6.630611572E0,7.254364471E0
2.714028331E-1,-3.347039795E-1,6.626120911E0,7.297175446E0
2.813578332E-1,-3.257226562E-1,6.644532623E0,7.299869843E0
2.913128333E-1,-3.064128113E-1,6.638545074E0,7.290439453E0
3.012678334E-1,-3.390449524E-1,6.592440948E0,7.301666107E0
3.112228331E-1,-3.363505554E-1,6.568041687E0,7.279512177E0
3.211778332E-1,-3.471281433E-1,6.590494995E0,7.241940308E0
3.311328334E-1,-3.318598938E-1,6.601122894E0,7.264842682E0
3.410878330E-1,-3.495231628E-1,6.591542816E0,7.308551788E0
3.510428332E-1,-3.835025024E-1,6.605463867E0,7.321425018E0
3.609968331E-1,-4.116439819E-1,6.641389160E0,7.307204590E0
3.709518332E-1,-3.414399719E-1,6.650520172E0,7.267387390E0
3.809068333E-1,-2.968327332E-1,6.652915192E0,7.213499451E0
3.908618335E-1,-2.671943665E-1,6.659202118E0,7.154073029E0
4.008168331E-1,-2.902464294E-1,6.667135620E0,7.151678009E0
4.107718333E-1,-3.053649902E-1,6.651118927E0,7.188651123E0
4.207268334E-1,-2.797682190E-1,6.680906982E0,7.213798828E0
4.306818331E-1,-2.368075562E-1,6.700516205E0,7.203170929E0
4.406358334E-1,-2.309696960E-1,6.659501495E0,7.233408051E0
4.505908331E-1,-2.439926147E-1,6.654112701E0,7.238347778E0
4.605458332E-1,-2.535726929E-1,6.635251923E0,7.259004822E0
4.705008334E-1,-2.550695801E-1,6.595285034E0,7.260801086E0
4.804558330E-1,-1.303788757E-1,6.544241180E0,7.277117157E0
4.904108332E-1,-4.041595459E-2,6.509663086E0,7.204518127E0
5.003658333E-1,1.451980591E-2,6.576873322E0,7.258256378E0
5.103208334E-1,-4.625381470E-2,6.658603363E0,7.358547821E0
5.202758331E-1,-1.669029236E-1,6.649172974E0,7.409292297E0
5.302298334E-1,-5.568420410E-2,6.623725891E0,7.273524628E0
5.401848331E-1,-8.487350464E-2,6.633755035E0,7.135062561E0
5.501398332E-1,-1.842668152E-1,6.684499512E0,7.077133026E0
5.600948334E-1,-3.447331238E-1,6.732699280E0,7.118746490E0
5.700498330E-1,-4.822970581E-1,6.741680603E0,7.169191589E0
5.800048332E-1,-4.156855774E-1,6.733747101E0,7.200177155E0
5.899603334E-1,-3.614982605E-1,6.736291809E0,7.144492950E0
5.999153331E-1,-3.155438232E-1,6.666387177E0,7.220983887E0
6.098703332E-1,-2.180964661E-1,6.711892548E0,7.133116608E0
6.198243331E-1,-1.748364258E-1,6.731651459E0,7.147486725E0
6.297793332E-1,-1.437011719E-1,6.682703247E0,7.210655365E0
6.397343334E-1,-1.375639343E-1,6.592890015E0,7.309599609E0
6.496893330E-1,-2.412982178E-1,6.550677795E0,7.378157043E0
6.596443332E-1,-3.088078308E-1,6.574328613E0,7.405849457E0
6.695993333E-1,-3.278182983E-1,6.558611298E0,7.398215332E0
6.795543334E-1,-3.761677551E-1,6.512207794E0,7.349267120E0
6.895093331E-1,-2.668949890E-1,6.468049622E0,7.300917664E0
6.994643332E-1,-1.585203552E-1,6.477629700E0,7.271428986E0
7.094183331E-1,-1.441502380E-1,6.514453125E0,7.276518402E0
7.193733333E-1,-1.140628052E-1,6.586603088E0,7.296277313E0
7.293283334E-1,-1.633103943E-1,6.652017059E0,7.288792877E0
7.392833331E-1,-2.064207458E-1,6.683751068E0,7.252268829E0
7.492383332E-1,-2.868035889E-1,6.694828033E0,7.210505676E0
7.591933333E-1,-3.285667419E-1,6.666985931E0,7.182364197E0
7.691483335E-1,-3.832031250E-1,6.672823792E0,7.179669800E0
7.791033331E-1,-3.728746033E-1,6.705755310E0,7.138954468E0
7.890583333E-1,-3.951782227E-1,6.684798889E0,7.174131317E0
7.990123332E-1,-4.328997803E-1,6.644083557E0,7.230863342E0
8.089673333E-1,-3.821553040E-1,6.621031494E0,7.267088013E0
8.189223334E-1,-3.100053406E-1,6.619384918E0,7.251221008E0
8.288773331E-1,-2.145039368E-1,6.543642426E0,7.320975952E0
8.388323332E-1,-2.177970886E-1,6.474336548E0,7.403903503E0
8.487873334E-1,-2.152523804E-1,6.370602264E0,7.552095337E0
8.587423330E-1,-1.481918335E-1,6.495742035E0,7.363936615E0
8.686973331E-1,-6.376739502E-2,6.554270325E0,7.237000580E0
8.786523333E-1,-6.331832886E-2,6.565946045E0,7.160359955E0
8.886063332E-1,-3.742218018E-2,6.621480560E0,7.198231201E0
8.985613333E-1,1.257385254E-2,6.740632782E0,7.232210541E0
9.085163334E-1,-1.332229614E-2,6.815926208E0,7.252268829E0
9.184713331E-1,1.960922241E-2,6.829996948E0,7.212900696E0
9.284263332E-1,4.266128540E-2,6.767427063E0,7.142846375E0
9.383813334E-1,-5.688171387E-3,6.746021576E0,7.063960419E0
9.483363330E-1,1.287322998E-2,6.697672119E0,7.087910614E0
9.582913332E-1,-7.095245361E-2,6.605164490E0,7.193291473E0
9.682463333E-1,-4.116439819E-2,6.576124878E0,7.297325134E0
9.782003332E-1,-2.110610962E-2,6.630611572E0,7.284751282E0
9.881553333E-1,-1.655557251E-1,6.660249939E0,7.340435486E0
9.981103335E-1,-3.420387268E-1,6.660549316E0,7.360643463E0
1.008065333E0,-3.595523071E-1,6.624324646E0,7.370822296E0
1.018020333E0,-2.523751831E-1,6.583309937E0,7.323670349E0
1.027975333E0,-1.453477478E-1,6.537056122E0,7.249125366E0
1.037930333E0,-1.342707825E-1,6.520740051E0,7.182214508E0
1.047885333E0,-3.592529297E-3,6.488257599E0,7.207212524E0
1.057840333E0,1.148112488E-1,6.511159973E0,7.278464355E0
1.067794333E0,1.410067749E-1,6.547384644E0,7.339687042E0
1.077749333E0,1.175056458E-1,6.539301453E0,7.375312958E0
1.087704333E0,4.415817261E-2,6.593937836E0,7.336992645E0
1.097659333E0,-4.715194702E-2,6.607110443E0,7.288792877E0
1.107614333E0,-6.242019653E-2,6.610403595E0,7.211403809E0
1.117569333E0,-7.200027466E-2,6.715784454E0,7.175927582E0
1.127524333E0,-1.369651794E-1,6.719227295E0,7.154671783E0
1.137479333E0,-2.528242493E-1,6.797364807E0,7.057673492E0
1.147434333E0,-3.984713745E-1,6.809339905E0,7.041058044E0
1.157388333E0,-5.125341797E-1,6.805897064E0,7.101532288E0
1.167343333E0,-5.993536377E-1,6.788084106E0,7.160958710E0
1.177298333E0,-6.489006042E-1,6.795119476E0,7.175328827E0
1.187253333E0,-5.833369446E-1,6.777605896E0,7.235503693E0
1.197208333E0,-5.108876038E-1,6.766229553E0,7.248077545E0
1.207163333E0,-5.713618469E-1,6.645580444E0,7.294031982E0
1.217118333E0,-6.228547668E-1,6.596781921E0,7.306605835E0
1.227073333E0,-5.617817688E-1,6.540798340E0,7.266189880E0
1.237028333E0,-5.098397827E-1,6.508615265E0,7.277865601E0
1.246982333E0,-5.758525085E-1,6.532266083E0,7.279212799E0
1.256937333E0,-7.030879211E-1,6.538852386E0,7.365433502E0
1.266892333E0,-8.104147339E-1,6.501879272E0,7.389982452E0
1.276847333E0,-8.643026733E-1,6.492149506E0,7.341333618E0
1.286802333E0,-8.280780029E-1,6.489604797E0,7.329657898E0
1.296757333E0,-8.108638000E-1,6.488107910E0,7.317084045E0
1.306712333E0,-8.048762512E-1,6.517147522E0,7.326215057E0
1.316667333E0,-8.080197144E-1,6.349496155E0,7.294930115E0
1.326621333E0,-8.000862122E-1,6.502777405E0,7.249424744E0
1.336576333E0,-8.821156311E-1,6.935677185E0,7.298672333E0
1.346531333E0,-5.075944519E-1,6.691534882E0,7.420069885E0
1.356486333E0,-2.438429260E-1,6.526128845E0,7.288194122E0
1.366441333E0,-2.471360779E-1,6.646328888E0,7.119345245E0
1.376396333E0,-1.890568542E-1,6.783294067E0,7.014114075E0
1.386351333E0,-3.073109436E-1,6.784042511E0,7.075037384E0
1.396306333E0,-4.146377563E-1,6.522536316E0,7.169041901E0
1.406261333E0,-4.989125061E-1,6.563850403E0,7.154971161E0
1.416215333E0,-1.754351807E-1,6.700516205E0,7.176825714E0
1.426170333E0,3.996688843E-2,6.665339355E0,7.293582916E0
1.436125333E0,7.559280396E-2,6.862180023E0,7.238497467E0
1.446080333E0,1.844165039E-1,6.781348114E0,7.200177155E0
1.456035333E0,-1.642085266E-1,6.677613831E0,7.133715363E0
1.465990333E0,-2.869532776E-1,6.619235229E0,7.197183380E0
1.475945333E0,-1.649569702E-1,6.621181183E0,7.227420502E0
1.485900333E0,4.355941772E-2,6.691684570E0,7.231013031E0
1.495854333E0,-7.664062500E-2,6.663842468E0,7.248975677E0
1.505809333E0,-2.044747925E-1,6.616989899E0,7.287445679E0
1.515764333E0,-2.959346008E-1,6.639742584E0,7.306905212E0
1.525719333E0,-4.483177185E-1,6.678062897E0,7.244335327E0
1.535674333E0,-2.134561157E-1,6.819369049E0,7.144792328E0
1.545629333E0,-2.065704346E-2,6.897955627E0,7.058421936E0
1.555584333E0,-1.725910950E-1,6.850953369E0,7.003336487E0
1.565539333E0,-1.025367737E-1,6.730453949E0,7.042255554E0
1.575494333E0,-6.646179199E-2,6.668782196E0,7.026089172E0
1.585448333E0,-2.116598511E-1,6.661447449E0,7.106172638E0
1.595403083E0,-6.331832886E-2,6.620881805E0,7.263794861E0
1.605358083E0,1.209484863E-1,6.664441223E0,7.361541595E0
1.615313083E0,1.218466187E-1,6.685846710E0,7.412585449E0
1.625268083E0,6.481521606E-2,6.474336548E0,7.450905762E0
1.635223083E0,8.038284302E-2,6.384822693E0,7.346273346E0
1.645178083E0,9.789642334E-2,6.485413513E0,7.217690735E0
1.655133083E0,8.981323242E-2,6.631659393E0,7.182064819E0
1.665087083E0,1.456471252E-1,6.674470367E0,7.202422485E0
1.675042083E0,1.170565796E-1,6.643335114E0,7.215744781E0
1.684997083E0,8.083190918E-3,6.656956787E0,7.186705170E0
1.694952083E0,-1.883084106E-1,6.670578461E0,7.145241394E0
1.704907083E0,-3.188369751E-1,6.688990173E0,7.112459564E0
1.714862083E0,-3.914360046E-1,6.799759827E0,7.111411743E0
1.724817083E0,-5.522016907E-1,6.850653992E0,7.116800537E0
1.734772083E0,-5.436694336E-1,6.722370758E0,7.154372406E0
1.744727083E0,-4.393363953E-1,6.671027527E0,7.203170929E0
1.754681083E0,-4.531077576E-1,6.690037994E0,7.245532837E0
1.764636083E0,-3.382965088E-1,6.701713715E0,7.244934082E0
1.774591083E0,-2.306703186E-1,6.683002625E0,7.328610077E0
1.784546083E0,-1.908531189E-1,6.650669861E0,7.358248444E0
1.794501083E0,-7.304809570E-2,6.561156006E0,7.345524902E0
1.804456083E0,4.326004028E-2,6.508764954E0,7.286547546E0
1.814411083E0,4.056564331E-2,6.577771454E0,7.316485291E0
1.824366083E0,9.879455566E-2,6.587201843E0,7.277117157E0
1.834320083E0,2.484832764E-1,6.441554718E0,7.331304474E0
1.844275083E0,-1.145118713E-1,6.578519897E0,7.378007355E0
1.854230083E0,-2.055226135E-1,6.569987640E0,7.347470856E0
1.864185083E0,6.346801758E-2,6.617888031E0,7.215146027E0
1.874140083E0,-1.228944397E-1,6.589447174E0,7.262896729E0
1.884095083E0,-2.715353394E-1,6.522835693E0,7.189998322E0
1.894050083E0,-7.155120850E-2,6.499484253E0,7.268584900E0
1.904005083E0,-4.623884583E-1,6.715485077E0,7.279512177E0
1.913960083E0,-5.608836365E-1,6.702462158E0,7.224576416E0
1.923914083E0,-1.178050232E-1,6.619684296E0,7.232958984E0
1.933869083E0,-2.062710571E-1,6.742578735E0,7.179220734E0
1.943824083E0,-5.523513794E-1,6.627767487E0,7.186555481E0
1.953779083E0,-3.863465881E-1,6.599925385E0,7.186555481E0
1.963734083E0,-3.424877930E-1,6.728657684E0,7.244934082E0
1.973689083E0,-4.150868225E-1,6.653214569E0,7.229067078E0
1.983644083E0,-2.959346008E-1,6.629114685E0,7.301067352E0
1.993599083E0,-2.240840149E-1,6.662345581E0,7.288343811E0
2.003553083E0,-2.546205139E-1,6.568041687E0,7.266788635E0
2.013508083E0,-1.483415222E-1,6.641389160E0,7.241191864E0
2.023463083E0,-1.844165039E-1,6.660848694E0,7.233707428E0
2.033418083E0,-1.865121460E-1,6.570885773E0,7.264992371E0
2.043373083E0,-5.433700562E-2,6.565347290E0,7.314988403E0
2.053328083E0,-1.369651794E-1,6.533313904E0,7.327711945E0
2.063283083E0,-1.588197327E-1,6.590345306E0,7.316335602E0
2.073238083E0,-1.023870850E-1,6.640191650E0,7.291936340E0
2.083193083E0,-2.412982178E-1,6.637497253E0,7.240443420E0
2.093147083E0,-1.990859985E-1,6.650370483E0,7.210206299E0
2.103102083E0,-1.610650635E-1,6.654112701E0,7.201823730E0
2.113057083E0,-2.399510193E-1,6.691235504E0,7.169790344E0
2.123012083E0,-3.032693481E-1,6.724915466E0,7.204667816E0
2.132967083E0,-3.632945251E-1,6.741231537E0,7.173083496E0
2.142922083E0,-4.037104797E-1,6.738986206E0,7.165599060E0
2.152877083E0,-3.493734741E-1,6.698570251E0,7.153623962E0
2.162832083E0,-3.957769775E-1,6.685996399E0,7.173981628E0
2.172786083E0,-4.351451111E-1,6.654412079E0,7.227270813E0
2.182741083E0,-4.248165894E-1,6.643484802E0,7.271279297E0
2.192696083E0,-3.945794678E-1,6.628815308E0,7.296726379E0
2.202651083E0,-3.162922668E-1,6.601422272E0,7.279661865E0
2.212606083E0,-1.989363098E-1,6.605912933E0,7.257358246E0
2.222561083E0,-2.110610962E-1,6.605763245E0,7.229815521E0
2.232516083E0,-3.017724609E-1,6.609056396E0,7.250921631E0
2.242471083E0,-3.384461975E-1,6.639143829E0,7.266489258E0
2.252425083E0,-3.462300110E-1,6.603068848E0,7.300169220E0
2.262380083E0,-2.999761963E-1,6.619085541E0,7.299121399E0
2.272335083E0,-3.062631226E-1,6.676266632E0,7.198829956E0
2.282290083E0,-2.986289978E-1,6.725065155E0,7.138206024E0
2.292245083E0,-3.055146790E-1,6.703959045E0,7.144343262E0
2.302200083E0,-3.028202820E-1,6.627617798E0,7.195836182E0
2.312155083E0,-3.493734741E-1,6.617438965E0,7.232659607E0
2.322110083E0,-3.144960022E-1,6.648574219E0,7.262597351E0
2.332064083E0,-3.047662354E-1,6.648424530E0,7.284900970E0
2.342019083E0,-2.733316040E-1,6.628366241E0,7.263794861E0
2.351974083E0,-2.359094238E-1,6.596332855E0,7.236551514E0
2.361929083E0,-2.520758057E-1,6.617738342E0,7.218439178E0
2.371884083E0,-2.523751831E-1,6.660249939E0,7.243886261E0
2.381839083E0,-2.309696960E-1,6.663393402E0,7.271279297E0
2.391794083E0,-2.185455322E-1,6.666686554E0,7.274273071E0
2.401749083E0,-1.595681763E-1,6.608008575E0,7.254514160E0
2.411703083E0,-5.628295898E-2,6.580465851E0,7.238946533E0
2.421658083E0,-3.861968994E-2,6.617738342E0,7.194788361E0
2.431613083E0,-8.337661743E-2,6.653963013E0,7.180867310E0
2.441568083E0,-1.448986816E-1,6.668333130E0,7.220834198E0
2.451523083E0,-1.606159973E-1,6.674021301E0,7.262747040E0
2.461478083E0,-2.001338196E-1,6.550528107E0,7.307653656E0
2.471433083E0,-1.522334290E-1,6.526428223E0,7.309000854E0
2.481388083E0,-1.080752563E-1,6.586603088E0,7.279512177E0
2.491342083E0,-9.714797974E-2,6.643484802E0,7.257058868E0
2.501297083E0,-7.993377686E-2,6.612648926E0,7.285499725E0
2.511252083E0,-6.631210327E-2,6.600673828E0,7.287745056E0
2.521207083E0,-5.822891235E-2,6.597530365E0,7.278614044E0
2.531162083E0,-3.023712158E-2,6.606511688E0,7.280859375E0
2.541117083E0,-2.739303589E-2,6.626719666E0,7.280260620E0
2.551072083E0,-1.916015625E-2,6.641239471E0,7.267237701E0
2.561027083E0,-6.586303711E-3,6.691085815E0,7.230264587E0
2.570981083E0,-1.601669312E-2,6.699318695E0,7.184010773E0
2.580936083E0,-1.901046753E-2,6.670877838E0,7.160809021E0
2.590891083E0,-1.871109009E-2,6.647676086E0,7.185807037E0
2.600846250E0,-4.026626587E-2,6.613097992E0,7.187004547E0
2.610801250E0,-4.340972900E-2,6.570586395E0,7.204667816E0
2.620756250E0,-3.742218018E-2,6.561305695E0,7.241940308E0
2.630711250E0,-4.281097412E-2,6.571783905E0,7.271728363E0
2.640666250E0,-4.296066284E-2,6.589896240E0,7.238796844E0
2.650621250E0,-2.409988403E-2,6.628366241E0,7.235054626E0
2.660575250E0,-3.592529297E-2,6.637197876E0,7.243586884E0
2.670530250E0,-1.028361511E-1,6.640940094E0,7.223678284E0
2.680485250E0,-1.538800049E-1,6.710395660E0,7.206613770E0
2.690440250E0,-2.083666992E-1,6.779851227E0,7.202123108E0
2.700395250E0,-3.182382202E-1,6.780150604E0,7.228468323E0
2.710350250E0,-3.429368591E-1,6.705006866E0,7.241042175E0
2.720305250E0,-3.677851868E-1,6.651418304E0,7.211403809E0
2.730260250E0,-3.885919189E-1,6.653214569E0,7.184010773E0
2.740214250E0,-4.426295471E-1,6.678961029E0,7.191495209E0
2.750169250E0,-4.734654236E-1,6.730903015E0,7.226522369E0
2.760124250E0,-4.652325439E-1,6.741530914E0,7.245233459E0
2.770079250E0,-4.001179504E-1,6.679110718E0,7.307054901E0
2.780034250E0,-3.677851868E-1,6.602320404E0,7.297774200E0
2.789989250E0,-2.703378296E-1,6.656208344E0,7.284751282E0
2.799944250E0,-2.933898926E-1,6.563101959E0,7.290738831E0
2.809899250E0,-3.121009827E-1,6.522386627E0,7.233108673E0
2.819853250E0,-2.279759216E-1,6.583309937E0,7.258406067E0
2.829808250E0,-2.463876343E-1,6.493047638E0,7.301666107E0
2.839763250E0,-1.712438965E-1,6.536906433E0,7.286697235E0
2.849718250E0,-7.828720093E-2,6.565946045E0,7.307204590E0
2.859673250E0,-3.173400879E-2,6.595285034E0,7.308402100E0
2.869628250E0,-3.128494263E-2,6.588399353E0,7.287295990E0
2.879583250E0,-5.463638306E-2,6.549480286E0,7.296876068E0
2.889538250E0,-7.679031372E-2,6.567891998E0,7.307503967E0
2.899492250E0,-2.739303589E-2,6.563101959E0,7.302863617E0
2.909447250E0,-4.340972900E-2,6.531068573E0,7.277566223E0
2.919402250E0,6.586303711E-3,6.548282776E0,7.292834473E0
2.929357250E0,4.056564331E-2,6.530320129E0,7.326813812E0
2.939312250E0,7.020401001E-2,6.548133087E0,7.306306458E0
2.949267250E0,9.131011963E-2,6.578070831E0,7.324568481E0
2.959222250E0,6.017486572E-2,6.691534882E0,7.287745056E0
2.969177250E0,8.307723999E-2,6.765630798E0,7.233707428E0
2.979131250E0,8.472381592E-2,6.731651459E0,7.207062836E0
2.989086250E0,4.745132446E-2,6.776857452E0,7.103478241E0
2.999041250E0,5.987548828E-2,6.820117493E0,7.001540222E0
3.008996250E0,3.487747192E-2,6.781497803E0,6.955735474E0
3.018951250E0,-3.817062378E-2,6.733447723E0,7.031927032E0
3.028906250E0,-9.250762939E-2,6.665638733E0,7.153923340E0
3.038861250E0,-1.366658020E-1,6.626869354E0,7.245083771E0
3.048815250E0,-1.522334290E-1,6.614744568E0,7.265291748E0
3.058770250E0,-2.179467773E-1,6.588549042E0,7.307054901E0
3.068725250E0,-3.625460815E-1,6.543642426E0,7.178322601E0
3.078680250E0,-2.371069336E-1,6.871011658E0,7.215595093E0
3.088635250E0,-2.200424194E-1,6.863377533E0,7.412136383E0
3.098590250E0,-2.092648315E-1,6.624624023E0,7.338938599E0
3.108545250E0,-8.128097534E-2,6.568341064E0,7.177723846E0
3.118500250E0,-1.407073975E-1,6.747368774E0,7.051386566E0
3.128454250E0,-1.971400452E-1,6.821614380E0,7.086563416E0
3.138409250E0,-2.158511353E-1,6.685996399E0,7.117399292E0
3.148364250E0,-3.034190369E-1,6.642287292E0,7.154222717E0
3.158319250E0,-2.787203979E-1,6.692582703E0,7.174131317E0
3.168274250E0,-2.272274780E-1,6.571484528E0,7.253616028E0
3.178229250E0,-2.522254944E-1,6.672075348E0,7.215295715E0
3.188184250E0,-2.486329651E-1,6.812782745E0,7.205715637E0
3.198139250E0,-3.092568970E-1,6.826404419E0,7.221882019E0
3.208093250E0,-3.255729675E-1,6.599176941E0,7.159761200E0
3.218048250E0,-3.222798157E-1,6.608757019E0,7.202871552E0
3.228003250E0,-3.463796997E-1,6.679859161E0,7.240144043E0
3.237958250E0,-4.631369019E-1,6.400689697E0,7.153773651E0
3.247913250E0,-8.749305725E-1,6.056405640E0,7.184609528E0
3.257868250E0,-1.941462708E-1,7.149732056E0,7.366331635E0
3.267823250E0,-3.941304016E-1,6.623127136E0,7.784262543E0
3.277778250E0,-3.278182983E-2,6.430477753E0,7.418722687E0
3.287732250E0,-8.532257080E-3,6.498436432E0,7.393425293E0
3.297687250E0,-2.348616028E-1,6.614894257E0,7.048692169E0
3.307642250E0,-1.567240906E-1,6.705904999E0,7.125781860E0
3.317597250E0,-2.553689575E-1,6.574627991E0,7.193141785E0
3.327552250E0,-3.219804382E-1,6.768624573E0,7.305108948E0
3.337507250E0,-1.338217163E-1,6.640041962E0,7.362290039E0
3.347462250E0,1.613644409E-1,6.504573669E0,7.389832764E0
3.357417250E0,4.206253052E-2,6.735243988E0,7.411537628E0
3.367371250E0,-2.941383362E-1,6.664590912E0,7.142846375E0
3.377326250E0,-2.812651062E-1,6.733896790E0,7.147037659E0
3.387281250E0,-3.757186890E-1,6.781647491E0,7.042554932E0
3.397236250E0,-4.905299377E-1,6.609056396E0,7.190447388E0
3.407191250E0,-2.896476746E-1,6.706204376E0,7.108867035E0
3.417146250E0,-3.276686096E-1,6.671476593E0,7.226522369E0
3.427101250E0,-2.405497742E-1,6.682254181E0,7.286846924E0
3.437056250E0,-7.619155884E-2,6.627168732E0,7.274572449E0
3.447010250E0,4.296066284E-2,6.541247406E0,7.327562256E0
3.456965250E0,1.061293030E-1,6.578968964E0,7.263196106E0
3.466920250E0,1.079255676E-1,6.496191101E0,7.291487274E0
3.476875250E0,-8.652008057E-2,6.279142456E0,7.235803070E0
3.486830250E0,-1.856140137E-1,6.461313629E0,7.268135834E0
3.496785250E0,-1.136137390E-1,6.427783356E0,7.501350861E0
3.506740250E0,5.433700562E-2,6.416107635E0,7.486082611E0
3.516695250E0,3.083587646E-1,6.414910126E0,7.514074402E0
3.526649250E0,3.522175598E-1,6.513704681E0,7.301965485E0
3.536604250E0,2.869532776E-1,6.659052429E0,7.223827972E0
3.546559250E0,1.315763855E-1,6.785988464E0,7.119644623E0
3.556514250E0,-5.807922363E-2,6.791676636E0,7.211703186E0
3.566469250E0,8.292755127E-2,6.854845276E0,7.193141785E0
3.576424250E0,1.121168518E-1,6.950496368E0,7.189549255E0
3.586379250E0,3.173400879E-2,6.927444305E0,7.184010773E0
3.596333333E0,-9.445358276E-2,6.774163055E0,7.114555206E0
3.606288333E0,-3.257226562E-1,6.635700989E0,7.072941742E0
3.616243333E0,-4.400848389E-1,6.642137604E0,6.956034851E0
3.626198333E0,-3.622467041E-1,6.694229279E0,7.076683960E0
3.636153333E0,-2.287243652E-1,6.739135895E0,7.191644897E0
3.646108333E0,-1.532812500E-1,6.652017059E0,7.323221283E0
3.656063333E0,-9.909393311E-2,6.603966980E0,7.355404358E0
3.666018333E0,-1.422042847E-1,6.615792389E0,7.304360504E0
3.675972333E0,-6.331832886E-2,6.623276825E0,7.311695251E0
3.685927333E0,9.430389404E-3,6.619534607E0,7.243137817E0
3.695882333E0,-5.882766724E-2,6.332581329E0,7.216044159E0
3.705837333E0,-1.245410156E-1,6.313720551E0,7.125781860E0
3.715792333E0,1.224453735E-1,6.686744843E0,7.473658447E0
3.725747333E0,-1.875599670E-1,6.357130280E0,7.609426117E0
3.735702333E0,-1.197509766E-1,6.532864838E0,7.423363037E0
3.745657333E0,-2.963836670E-2,6.824009399E0,7.219487000E0
3.755611333E0,-6.571334839E-2,7.045099640E0,6.907236328E0
3.765566333E0,2.784210205E-2,7.223977661E0,6.826554108E0
3.775521333E0,-1.182540894E-2,7.081024933E0,6.814878387E0
3.785476333E0,-1.784289551E-1,6.828050995E0,7.030280457E0
3.795431333E0,-4.387376404E-1,6.525230713E0,7.214547272E0
3.805386333E0,-4.641847229E-1,6.243815918E0,7.441475372E0
3.815341333E0,-2.568658447E-1,6.287075958E0,7.548353119E0
3.825296333E0,-1.703457642E-1,6.339467010E0,7.666756897E0
3.835250333E0,-3.532653809E-2,6.513105927E0,7.656578064E0
3.845205333E0,1.281335449E-1,6.629863129E0,7.411986694E0
3.855160333E0,8.457412720E-2,6.697223053E0,7.241191864E0
3.865115333E0,3.233276367E-2,6.762337646E0,7.029232635E0
3.875070333E0,-8.756790161E-2,6.646927643E0,7.039261780E0
3.885025333E0,-1.282832336E-1,6.597829742E0,7.100185089E0
3.894980333E0,-9.759704590E-2,6.580465851E0,7.241191864E0
3.904934333E0,2.694396973E-3,6.565646667E0,7.290589142E0
3.914889333E0,2.439926147E-2,6.635251923E0,7.248676300E0
3.924844333E0,4.281097412E-2,6.709796906E0,7.170838165E0
3.934799333E0,-7.634124756E-3,6.726412354E0,7.121440887E0
3.944754333E0,-1.086740112E-1,6.730603638E0,7.113357697E0
3.954709333E0,-1.127156067E-1,6.714886322E0,7.104975128E0
3.964664333E0,-1.115180969E-1,6.694828033E0,7.172933807E0
3.974619333E0,-1.125659180E-1,6.673871613E0,7.219936066E0
3.984573333E0,-6.107299805E-2,6.658453674E0,7.263345795E0
3.994528333E0,-1.288819885E-1,6.686595154E0,7.239694977E0
4.004483333E0,-1.941462708E-1,6.718778229E0,7.211104431E0
4.014438333E0,-2.390528870E-1,6.676416321E0,7.239096222E0
4.024393333E0,-2.146536255E-1,6.666387177E0,7.224127350E0
4.034348333E0,-1.508862305E-1,6.640491028E0,7.258406067E0
4.044303333E0,-5.104385376E-2,6.493197327E0,7.294031982E0
4.054257333E0,-8.098159790E-2,6.444548492E0,7.373666382E0
4.064212333E0,-7.364685059E-2,6.475983124E0,7.421117706E0
4.074167333E0,-2.125579834E-2,6.490203552E0,7.392826538E0
4.084122333E0,-1.092727661E-2,6.545588379E0,7.393874359E0
4.094077333E0,5.388793945E-3,6.532116394E0,7.378007355E0
4.104032333E0,3.607498169E-2,6.554120636E0,7.390581207E0
4.113987333E0,3.652404785E-2,6.627917175E0,7.300169220E0
4.123942333E0,4.445755005E-2,6.684200134E0,7.227719879E0
4.133896333E0,3.891906738E-2,6.683751068E0,7.203470306E0
4.143851333E0,3.787124634E-2,6.647676086E0,7.175777893E0
4.153806333E0,3.203338623E-2,6.648574219E0,7.183861084E0
4.163761333E0,6.077362061E-2,6.669680328E0,7.179819489E0
4.173716333E0,1.002914429E-2,6.662944336E0,7.219936066E0
4.183671333E0,-4.490661621E-4,6.645131378E0,7.263046417E0
4.193626333E0,-1.676513672E-2,6.597530365E0,7.278614044E0
4.203580333E0,-7.035369873E-3,6.601422272E0,7.264692993E0
4.213535333E0,-2.125579834E-2,6.621630249E0,7.252119141E0
4.223490333E0,-6.137237549E-2,6.653364258E0,7.220235443E0
4.233445333E0,-9.460327148E-2,6.657256165E0,7.214397583E0
4.243400333E0,-8.352630615E-2,6.621779938E0,7.230414276E0
4.253355333E0,-6.182144165E-2,6.649622040E0,7.215445404E0
4.263310333E0,-1.616638184E-2,6.670279083E0,7.206913147E0
4.273265333E0,-1.272354126E-2,6.675368500E0,7.232060852E0
4.283219333E0,-1.362167358E-2,6.660998383E0,7.251520386E0
4.293174333E0,-1.092727661E-2,6.627168732E0,7.257208557E0
4.303129333E0,3.427871704E-2,6.592740326E0,7.224277039E0
4.313084333E0,4.520599365E-2,6.615942078E0,7.220235443E0
4.323039333E0,3.637435913E-2,6.645730133E0,7.219037933E0
4.332994333E0,1.047821045E-3,6.654112701E0,7.251370697E0
4.342949333E0,2.005828857E-2,6.672374725E0,7.248975677E0
4.352903333E0,7.200027466E-2,6.660100250E0,7.232360229E0
4.362858333E0,8.517288208E-2,6.662345581E0,7.235653381E0
4.372813333E0,4.670288086E-2,6.647376709E0,7.244784393E0
4.382768333E0,2.799179077E-2,6.606511688E0,7.247927856E0
4.392723333E0,2.380050659E-2,6.604416046E0,7.253466339E0
4.402678333E0,2.888992310E-2,6.627917175E0,7.277566223E0
4.412633333E0,1.047821045E-2,6.624324646E0,7.289391632E0
4.422588333E0,2.784210205E-2,6.613846436E0,7.278763733E0
4.432542333E0,2.844085693E-2,6.637796631E0,7.279212799E0
4.442497333E0,1.871109009E-2,6.648723907E0,7.252568207E0
4.452452333E0,4.430786133E-2,6.635401611E0,7.244485016E0
4.462407333E0,4.700225830E-2,6.652466125E0,7.243437195E0
4.472362333E0,3.128494263E-2,6.631958771E0,7.233258362E0
4.482317333E0,1.466949463E-2,6.654711456E0,7.221283264E0
4.492272333E0,1.691482544E-2,6.647227020E0,7.222480774E0
4.502226333E0,-9.729766846E-3,6.640491028E0,7.254364471E0
4.512181333E0,6.885681152E-3,6.652765503E0,7.252867584E0
4.522136333E0,3.906875610E-2,6.622079315E0,7.263196106E0
4.532091333E0,3.562591553E-2,6.628066864E0,7.273973694E0
4.542046333E0,8.382568359E-3,6.616091766E0,7.232958984E0
4.552001333E0,-2.095642090E-3,6.622229004E0,7.247778168E0
4.561956333E0,-2.829116821E-2,6.624474335E0,7.280559998E0
4.571910333E0,-3.113525391E-2,6.632557526E0,7.291337585E0
4.581865333E0,2.140548706E-2,6.628216553E0,7.264992371E0
4.591820333E0,1.886077881E-2,6.647077332E0,7.262896729E0
4.601774833E0,-2.829116821E-2,6.650969238E0,7.248825989E0
4.611729833E0,-7.708969116E-2,6.635551300E0,7.260501709E0
4.621684833E0,-8.232879639E-2,6.631809082E0,7.269333344E0
4.631639833E0,-6.137237549E-2,6.623426514E0,7.255861359E0
4.641594833E0,-6.331832886E-2,6.627468109E0,7.238796844E0
4.651548833E0,-3.861968994E-2,6.621929626E0,7.244784393E0
4.661503833E0,-8.756790161E-2,6.638545074E0,7.227719879E0
4.671458833E0,-1.243913269E-1,6.628815308E0,7.213349762E0
4.681413833E0,-1.327738953E-1,6.648723907E0,7.228318634E0
4.691368833E0,-1.335223389E-1,6.640191650E0,7.222929840E0
4.701323833E0,-9.624984741E-2,6.644532623E0,7.211553497E0
4.711278833E0,-8.382568359E-2,6.633904724E0,7.195087738E0
4.721232833E0,-1.414558411E-1,6.636898499E0,7.210056610E0
4.731187833E0,-1.913021851E-1,6.626719666E0,7.237150269E0
4.741142833E0,-2.059716797E-1,6.624474335E0,7.270830231E0
4.751097833E0,-2.062710571E-1,6.614445190E0,7.264992371E0
4.761052833E0,-1.586700439E-1,6.602769470E0,7.261998596E0
4.771007833E0,-1.218466187E-1,6.615043945E0,7.272327118E0
4.780962833E0,-9.175918579E-2,6.643933868E0,7.228618011E0
4.790916833E0,-1.242416382E-1,6.654861145E0,7.223528595E0
4.800871833E0,-1.314266968E-1,6.663243713E0,7.260202332E0
4.810826833E0,-1.221459961E-1,6.644233246E0,7.284002838E0
4.820781833E0,-1.184037781E-1,6.653813324E0,7.263046417E0
4.830736833E0,-6.271957397E-2,6.640341339E0,7.232360229E0
4.840691833E0,-4.460723877E-2,6.620133362E0,7.225025482E0
4.850646833E0,-4.775070190E-2,6.634353790E0,7.227420502E0
4.860600833E0,-4.221221924E-2,6.633156281E0,7.283404083E0
4.870555833E0,-2.275268555E-2,6.645430756E0,7.294181671E0
4.880510833E0,-2.469863892E-2,6.607709198E0,7.295678558E0
4.890465833E0,5.688171387E-3,6.599925385E0,7.266638947E0
4.900420833E0,2.634521484E-2,6.609804840E0,7.236701202E0
4.910375833E0,2.859054565E-2,6.627019043E0,7.210056610E0
4.920330833E0,6.436614990E-3,6.643185425E0,7.200177155E0
4.930285833E0,-1.377136230E-2,6.677763519E0,7.202871552E0
4.940239833E0,-3.562591553E-2,6.681505737E0,7.219037933E0
4.950194833E0,-2.260299683E-2,6.666536865E0,7.231611786E0
4.960149833E0,-3.233276367E-2,6.672374725E0,7.226672058E0
4.970104833E0,-1.227447510E-2,6.669680328E0,7.246730347E0
4.980059833E0,-4.041595459E-3,6.634353790E0,7.250173187E0
4.990014833E0,1.212478638E-2,6.622827759E0,7.250322876E0
4.999969833E0,1.526824951E-2,6.605463867E0,7.249873810E0
5.009923833E0,1.377136230E-2,6.603667603E0,7.257507935E0
5.019878833E0,1.197509766E-3,6.623875580E0,7.279661865E0
5.029833833E0,-5.987548828E-4,6.645879822E0,7.279661865E0
5.039788833E0,2.215393066E-2,6.624324646E0,7.294930115E0
5.049743833E0,4.296066284E-2,6.629863129E0,7.263645172E0
5.059698833E0,2.993774414E-2,6.627468109E0,7.223229218E0
5.069653833E0,-3.802093506E-2,6.627917175E0,7.231312408E0
5.079607833E0,-4.849914551E-2,6.633605347E0,7.237449646E0
5.089562833E0,-5.538482666E-2,6.639293518E0,7.221432953E0
5.099517833E0,-3.996688843E-2,6.652615814E0,7.220684509E0
5.109472833E0,-1.077758789E-2,6.642886047E0,7.223977661E0
5.119427833E0,-1.766326904E-2,6.655459900E0,7.237000580E0
5.129382833E0,-2.140548706E-2,6.634353790E0,7.229067078E0
5.139337833E0,-4.011657715E-2,6.637197876E0,7.243437195E0
5.149291833E0,-4.071533203E-2,6.628815308E0,7.255412292E0
5.159246833E0,-2.125579834E-2,6.631659393E0,7.248975677E0
5.169201833E0,-3.457809448E-2,6.635102234E0,7.272476807E0
5.179156833E0,-4.640350342E-3,6.621480560E0,7.268734589E0
5.189111833E0,1.107696533E-2,6.619085541E0,7.276219025E0
5.199066833E0,2.589614868E-2,6.622528381E0,7.250771942E0
5.209021833E0,-1.137634277E-2,6.612648926E0,7.242389374E0
5.218975833E0,-1.407073975E-2,6.632856903E0,7.237299957E0
5.228930833E0,-9.580078125E-3,6.641688538E0,7.249724121E0
5.238885833E0,-2.649490356E-2,6.636000366E0,7.252568207E0
5.248840833E0,-1.272354126E-2,6.647526398E0,7.251969452E0
5.258795833E0,-2.918930054E-2,6.661447449E0,7.238497467E0
5.268750833E0,-1.796264648E-2,6.657854919E0,7.243287506E0
5.278705833E0,1.631607056E-2,6.649771729E0,7.266189880E0
5.288659833E0,2.305206299E-2,6.634353790E0,7.270680542E0
5.298614833E0,-1.466949463E-2,6.633006592E0,7.287595367E0
5.308569833E0,-6.077362061E-2,6.622977448E0,7.256609802E0
5.318524833E0,-5.448669434E-2,6.614445190E0,7.248975677E0
5.328479833E0,-3.996688843E-2,6.585405579E0,7.242838440E0
5.338434833E0,-1.901046753E-2,6.612499237E0,7.264393616E0
5.348389833E0,-5.912704468E-2,6.619983673E0,7.243287506E0
5.358343833E0,-7.364685059E-2,6.621181183E0,7.241191864E0
5.368298833E0,-1.856140137E-2,6.656956787E0,7.222181396E0
5.378253833E0,-4.340972900E-3,6.676266632E0,7.210655365E0
5.388208833E0,-1.901046753E-2,6.669380951E0,7.215146027E0
5.398163833E0,-4.790039063E-2,6.657256165E0,7.224426727E0
5.408118833E0,-6.376739502E-2,6.659800873E0,7.237599335E0
5.418073833E0,-6.526428223E-2,6.629713440E0,7.250322876E0
5.428027833E0,-4.565505981E-2,6.605763245E0,7.254663849E0
5.437982833E0,-4.580474854E-2,6.612798615E0,7.251221008E0
5.447937833E0,-4.041595459E-2,6.613547058E0,7.276817780E0
5.457892833E0,-3.442840576E-2,6.632258148E0,7.283553772E0
5.467847833E0,-3.802093506E-2,6.644532623E0,7.290888519E0
5.477802833E0,-4.819976807E-2,6.627019043E0,7.270231476E0
5.487757833E0,-4.281097412E-2,6.635551300E0,7.260052643E0
5.497711833E0,-3.667373657E-2,6.631360016E0,7.221133575E0
5.507666833E0,-3.876937866E-2,6.654412079E0,7.210056610E0
5.517621833E0,-3.936813354E-2,6.676566010E0,7.211104431E0
5.527576833E0,-4.685256958E-2,6.669680328E0,7.210056610E0
5.537531833E0,-5.403762817E-2,6.670129395E0,7.248227234E0
5.547486833E0,-7.050338745E-2,6.633156281E0,7.251071320E0
5.557441833E0,-7.604187012E-2,6.633156281E0,7.260202332E0
5.567395833E0,-4.026626587E-2,6.625971222E0,7.239694977E0
5.577350833E0,-3.742218018E-3,6.616989899E0,7.254514160E0
5.587305833E0,1.212478638E-2,6.621480560E0,7.256609802E0
5.597261458E0,-2.694396973E-3,6.612499237E0,7.264393616E0
5.607216458E0,3.293151855E-3,6.622528381E0,7.237898712E0
5.617171458E0,4.490661621E-4,6.610253906E0,7.255561981E0
5.627126458E0,-3.891906738E-3,6.616690521E0,7.264543304E0
5.637080458E0,7.484436035E-4,6.620732117E0,7.275021515E0
5.647035458E0,1.706451416E-2,6.646328888E0,7.260651398E0
5.656990458E0,2.245330811E-3,6.634952545E0,7.242389374E0
5.666945458E0,-2.993774414E-4,6.629414062E0,7.234006805E0
5.676900458E0,-1.541793823E-2,6.634503479E0,7.223528595E0
5.686855458E0,-4.326004028E-2,6.635551300E0,7.251221008E0
5.696810458E0,-4.655319214E-2,6.646029510E0,7.260801086E0
5.706764458E0,-5.718109131E-2,6.643335114E0,7.252867584E0
5.716719458E0,-5.104385376E-2,6.652017059E0,7.242239685E0
5.726674458E0,-4.655319214E-2,6.643035736E0,7.237898712E0
5.736629458E0,-1.691482544E-2,6.643634491E0,7.246880035E0
5.746584458E0,-1.945953369E-3,6.615343323E0,7.245682526E0
5.756539458E0,-1.511856079E-2,6.625222778E0,7.259603577E0
5.766494458E0,-7.858657837E-2,6.619534607E0,7.261100464E0
5.776448458E0,-1.055305481E-1,6.629414062E0,7.255711670E0
5.786403458E0,-1.083746338E-1,6.638545074E0,7.273225250E0
5.796358458E0,-9.415420532E-2,6.633455658E0,7.249574432E0
5.806313458E0,-3.173400879E-2,6.634054413E0,7.245682526E0
5.816268458E0,-3.008743286E-2,6.623127136E0,7.222929840E0
5.826223458E0,-4.535568237E-2,6.628216553E0,7.222181396E0
5.836178458E0,-4.640350342E-2,6.646029510E0,7.249424744E0
5.846132458E0,-5.478607178E-2,6.659052429E0,7.271129608E0
5.856087458E0,-5.284011841E-2,6.633904724E0,7.299570465E0
5.866042458E0,-4.131408691E-2,6.628964996E0,7.287445679E0
5.875997458E0,-3.397933960E-2,6.611002350E0,7.265142059E0
5.885952458E0,-6.421646118E-2,6.576873322E0,7.278164978E0
5.895907458E0,-4.340972900E-2,6.565347290E0,7.278015289E0
5.905861458E0,-1.945953369E-2,6.602619781E0,7.262747040E0
5.915816458E0,4.790039062E-3,6.622977448E0,7.245383148E0
5.925771458E0,-2.784210205E-2,6.637646942E0,7.238796844E0
5.935726458E0,-6.017486572E-2,6.670877838E0,7.254364471E0
5.945681458E0,-1.010398865E-1,6.692283325E0,7.246281281E0
5.955636458E0,-1.371148682E-1,6.685397644E0,7.218738556E0
5.965591458E0,-1.859133911E-1,6.681655426E0,7.181765442E0
5.975546458E0,-1.692979431E-1,6.690187683E0,7.174580383E0
5.985500458E0,-1.556762695E-1,6.703809357E0,7.187453613E0
5.995455458E0,-1.169068909E-1,6.684948578E0,7.197482758E0
6.005410458E0,-1.416055298E-1,6.649771729E0,7.242089996E0
6.015365458E0,-1.636097717E-1,6.623875580E0,7.257657623E0
6.025320458E0,-1.942959595E-1,6.613547058E0,7.237749023E0
6.035275458E0,-2.308200073E-1,6.585854645E0,7.253466339E0
6.045229458E0,-2.330653381E-1,6.634054413E0,7.259304199E0
6.055184458E0,-2.448907471E-1,6.921307068E0,7.142696686E0
6.065139458E0,-1.347198486E-1,6.889273682E0,7.067702637E0
6.075094458E0,-1.040336609E-1,6.741680603E0,7.129973145E0
6.085049458E0,-2.136058044E-1,6.660848694E0,7.187303925E0
6.095004458E0,-2.004331970E-1,6.656208344E0,7.195686493E0
6.104959458E0,-1.172062683E-1,6.674170990E0,7.172634430E0
6.114913458E0,-2.561174011E-1,6.825356598E0,7.151528320E0
6.124868458E0,-3.617976379E-1,6.838379517E0,7.148085480E0
6.134823458E0,-3.954776001E-1,6.680008850E0,7.117249603E0
6.144778458E0,-3.466790771E-1,6.748865662E0,7.067103882E0
6.154733458E0,-3.252735901E-1,6.801556091E0,7.099436646E0
6.164688458E0,-5.523513794E-2,6.811585236E0,7.151827698E0
6.174643458E0,-5.478607178E-2,6.740782471E0,7.206613770E0
6.184597458E0,-2.634521484E-2,6.760391693E0,7.141648865E0
6.194552458E0,-1.788780212E-1,6.825206909E0,7.163952484E0
6.204507458E0,-4.200265503E-1,6.812782745E0,7.091203766E0
6.214462458E0,-4.315525818E-1,6.757098541E0,7.081623688E0
6.224417458E0,-3.360511780E-1,6.828050995E0,6.991511078E0
6.234372458E0,-1.254391479E-1,6.844816132E0,6.952891388E0
6.244326458E0,-1.466949463E-1,6.802603912E0,7.020850067E0
6.254281458E0,-3.110531616E-1,6.813980255E0,7.039561157E0
6.264236458E0,-4.421804810E-1,6.908882904E0,7.088509369E0
6.274191458E0,-4.120930481E-1,6.906637573E0,7.043902130E0
6.284146458E0,-3.902384949E-1,7.118447113E0,7.100484467E0
6.294101458E0,-1.743873596E-1,6.960675201E0,6.945406952E0
6.304056458E0,-1.285826111E-1,6.839427338E0,6.943161621E0
6.314011458E0,-6.182144165E-2,6.977290649E0,6.666836243E0
6.323965458E0,-1.775308228E-1,7.053931274E0,6.665638733E0
6.333920458E0,-3.023712158E-2,7.217840424E0,6.799161072E0
6.343875458E0,-1.944456482E-1,7.245383148E0,6.856192474E0
6.353830458E0,-2.005828857E-1,7.299121399E0,6.962471466E0
6.363785458E0,-2.067201233E-1,7.257058868E0,6.742279358E0
6.373740458E0,-1.478924561E-1,7.137457581E0,6.711742859E0
6.383694458E0,1.646575928E-3,7.110962677E0,6.631360016E0
6.393649458E0,1.197509766E-3,7.234156494E0,6.609056396E0
6.403604458E0,1.841171265E-2,7.295828247E0,6.694229279E0
6.413559458E0,-1.691482544E-2,7.278314667E0,6.814429321E0
6.423514458E0,-6.571334839E-2,7.070696411E0,6.957382050E0
6.433469458E0,-1.408570862E-1,7.059020691E0,6.915618896E0
6.443424458E0,-1.160087585E-1,7.117848358E0,6.716083832E0
6.453378458E0,5.852828979E-2,7.077731781E0,6.544989624E0
6.463333458E0,4.008663940E-1,7.009324036E0,6.529571686E0
6.473288458E0,5.620811462E-1,6.992259521E0,6.652466125E0
6.483243458E0,5.046006775E-1,7.081024933E0,6.788084106E0
6.493198458E0,3.318598938E-1,7.168143768E0,6.892117767E0
6.503153458E0,2.517764282E-1,7.326065369E0,6.834188232E0
6.513108458E0,1.969903564E-1,7.366930389E0,6.687193909E0
6.523062458E0,3.376977539E-1,7.443271637E0,6.510561218E0
6.533017458E0,3.037184143E-1,7.410340118E0,6.386020203E0
6.542972458E0,1.402583313E-1,7.375762024E0,6.437513123E0
6.552927458E0,8.322692871E-2,7.439679108E0,6.409970398E0
6.562882458E0,-2.589614868E-1,7.471562805E0,6.370901642E0
6.572837458E0,-5.405259705E-1,7.596103821E0,6.298901367E0
6.582791458E0,-4.992118835E-1,7.739355927E0,6.207441559E0
6.592746458E0,-4.879852295E-1,7.690407715E0,6.284082184E0
6.602701875E0,-5.068460083E-1,7.411687317E0,6.509812775E0
6.612656875E0,-4.334985352E-1,7.309898987E0,6.521189117E0
6.622611875E0,-2.508782959E-1,7.323071594E0,6.424340515E0
6.632566875E0,-7.304809570E-2,7.432494049E0,6.370302887E0
6.642521875E0,1.571731567E-2,7.482190704E0,6.370602264E0
6.652475875E0,2.477348328E-1,7.370223541E0,6.469396820E0
6.662430875E0,4.070036316E-1,7.253166962E0,6.619833984E0
6.672385875E0,5.824388123E-1,7.172035675E0,6.623127136E0
6.682340875E0,8.717871094E-1,7.235803070E0,6.522985382E0
6.692295875E0,1.209035797E0,7.516020355E0,6.358627167E0
6.702250875E0,1.384920044E0,7.501051483E0,6.482868805E0
6.712205875E0,1.729054413E0,7.345375214E0,6.694977722E0
6.722159875E0,1.930984497E0,7.159761200E0,6.815327454E0
6.732114875E0,2.027683411E0,7.192992096E0,6.560706940E0
6.742069875E0,2.105371857E0,7.469018097E0,6.205196228E0
6.752024875E0,1.958527222E0,7.655679932E0,6.009852448E0
6.761979875E0,1.784738617E0,7.407346344E0,6.354585571E0
6.771934875E0,1.669927368E0,7.480693817E0,6.491101685E0
6.781889875E0,1.536105652E0,7.532486115E0,6.552174683E0
6.791843875E0,1.512604523E0,7.540419617E0,6.499783630E0
6.801798875E0,1.413061523E0,7.622149658E0,6.200256500E0
6.811753875E0,1.232836304E0,7.547305298E0,6.068380737E0
6.821708875E0,1.105451202E0,7.599995728E0,6.046526184E0
6.831663875E0,1.066681824E0,7.675139465E0,6.251300354E0
6.841618875E0,1.082848206E0,8.015980682E0,6.188131714E0
6.851572875E0,1.022373962E0,8.273295593E0,6.065836029E0
6.861527875E0,1.072369995E0,8.185428314E0,6.070925446E0
6.871482875E0,1.103954315E0,7.696245575E0,6.326444092E0
6.881437875E0,1.359323273E0,7.735014954E0,5.988297272E0
6.891392875E0,1.879042511E0,7.761809235E0,5.954766998E0
6.901347875E0,2.235750732E0,7.803273010E0,6.126010895E0
6.911302875E0,2.175725555E0,7.610473938E0,6.354735260E0
6.921256875E0,2.109563141E0,7.639513550E0,6.524931335E0
6.931211875E0,1.725461884E0,7.573949890E0,6.618337097E0
6.941166875E0,1.393601990E0,7.741301880E0,6.325396271E0
6.951121875E0,1.119072876E0,7.537276154E0,6.521189117E0
6.961076875E0,1.189725952E0,7.478149109E0,6.791976013E0
6.971031875E0,6.924600220E-1,7.571405182E0,6.683302002E0
6.980985875E0,5.420228577E-1,7.394024048E0,6.302194519E0
6.990940875E0,6.839277649E-1,7.218738556E0,6.209237823E0
7.000895875E0,8.622070312E-2,7.444918213E0,5.928870850E0
7.010850875E0,-2.174977112E-1,7.169041901E0,6.269562378E0
7.020805875E0,-5.116360474E-1,7.125183105E0,6.563850403E0
7.030760875E0,-1.187181244E0,7.448810120E0,6.494843903E0
7.040715875E0,-1.211879883E0,7.658374329E0,6.501879272E0
7.050669875E0,-1.292562103E0,7.853568420E0,5.921985168E0
7.060624875E0,-1.091979218E0,7.855963440E0,5.480553131E0
7.070579875E0,-1.013242950E0,7.671097870E0,6.008056183E0
7.080534875E0,-1.039887543E0,7.552245026E0,6.498586121E0
7.090489875E0,-9.871971130E-1,7.827522583E0,6.487359467E0
7.100444875E0,-1.462758179E0,8.035290527E0,6.457721100E0
7.110399875E0,-1.364412689E0,7.917635193E0,6.532565460E0
7.120353875E0,-1.116228790E0,8.253536682E0,6.394702148E0
7.130308875E0,-8.749305725E-1,7.973469086E0,6.018833771E0
7.140263875E0,-1.314266968E-1,7.423213348E0,6.046077118E0
7.150218875E0,-1.366658020E-1,7.335495758E0,5.949378204E0
7.160173875E0,-2.148033142E-1,7.758216705E0,6.033802643E0
7.170128875E0,-7.783813477E-3,7.766449585E0,6.423891449E0
7.180082875E0,-5.553451538E-2,7.581733704E0,6.527326355E0
7.190037875E0,1.013392639E-1,7.429200897E0,6.400989075E0
7.199992875E0,5.713618469E-1,7.542066193E0,6.152356110E0
7.209947875E0,8.129594421E-1,7.288643188E0,6.529871063E0
7.219902875E0,5.167254639E-1,6.996899872E0,6.556365967E0
7.229857875E0,2.243833923E-1,7.039860535E0,6.901697845E0
7.239812875E0,2.972817993E-1,7.363786926E0,6.827452240E0
7.249766875E0,5.792953491E-2,7.185956726E0,6.930138702E0
7.259721875E0,5.836363220E-1,6.709048462E0,6.902595978E0
7.269676875E0,6.899153137E-1,7.783663788E0,6.812782745E0
7.279631875E0,1.595681763E-1,7.320826263E0,7.037315826E0
7.289586875E0,2.897973633E-1,6.329886932E0,6.854396210E0
7.299541875E0,8.671467590E-1,6.718029785E0,6.978338470E0
7.309495875E0,2.806663513E-1,7.166347504E0,6.539151764E0
7.319450875E0,2.031275940E-1,7.676935730E0,6.924001465E0
7.329405875E0,5.162763977E-1,7.296876068E0,7.336543579E0
7.339360875E0,3.993695068E-1,7.529043274E0,6.417005768E0
7.349315875E0,4.833448792E-1,7.266638947E0,6.438261566E0
7.359270875E0,4.385879517E-1,6.707701263E0,6.691834259E0
7.369225875E0,1.613644409E-1,6.963668976E0,7.045548706E0
7.379179875E0,1.429527283E-1,7.207362213E0,6.968758392E0
7.389134875E0,1.594184875E-1,7.302414551E0,6.930737457E0
7.399089875E0,3.146456909E-1,7.881111145E0,6.193819885E0
7.409044875E0,-3.809577942E-1,7.696694641E0,6.454727325E0
7.418999875E0,-2.995271301E-1,7.346722412E0,6.887327728E0
7.428954875E0,-1.026864624E-1,7.526498566E0,6.536607056E0
7.438908875E0,-4.517605591E-1,6.991810455E0,6.426136780E0
7.448863875E0,-4.463717651E-1,7.136858826E0,6.305487671E0
7.458818875E0,-5.535488892E-1,7.299121399E0,6.434818726E0
7.468773875E0,-7.933502197E-1,7.406298523E0,6.716532898E0
7.478728875E0,-5.310955811E-1,7.366481323E0,6.899153137E0
7.488683875E0,-3.923341370E-1,7.092700653E0,6.880741425E0
7.498638875E0,-5.924679565E-1,6.819219360E0,7.261848907E0
7.508592875E0,-3.293151855E-1,6.561006317E0,7.646548920E0
7.518547875E0,4.484674072E-1,6.221512299E0,7.550149384E0
7.528502875E0,2.067201233E-1,6.208938446E0,7.374863892E0
7.538457875E0,-2.080673218E-2,6.616540833E0,7.501500549E0
7.548412875E0,-5.177732849E-1,7.007677460E0,7.175029449E0
7.558367875E0,-9.069639587E-1,6.166576538E0,7.936495972E0
7.568321875E0,-4.671784973E-1,5.613776093E0,8.198151855E0
7.578276875E0,2.386038208E-1,5.379513245E0,7.968679047E0
7.588231875E0,4.745132446E-1,5.395679626E0,7.812104645E0
7.598185958E0,3.734733582E-1,6.379733276E0,7.176825714E0
7.608140958E0,1.299298096E-1,7.385042725E0,6.952142944E0
7.618095958E0,-1.291813660E-1,7.354955292E0,6.993307343E0
7.628050958E0,-5.194198608E-1,6.795119476E0,6.851701813E0
7.638004958E0,-1.404080200E-1,6.582411804E0,6.443350983E0
7.647959958E0,-2.888992310E-2,6.809339905E0,6.673572235E0
7.657914958E0,2.080673218E-1,6.915319519E0,6.597380676E0
7.667869958E0,1.805245972E-1,6.911277924E0,6.750811615E0
7.677824958E0,-1.622625732E-1,7.132068787E0,7.083869019E0
7.687779958E0,-4.843927002E-1,7.240144043E0,6.090983734E0
7.697733958E0,-4.939727783E-2,6.713688812E0,6.324647827E0
7.707688958E0,7.110214233E-2,6.633156281E0,6.870113525E0
7.717643958E0,7.768844604E-2,6.319408722E0,7.791896667E0
7.727598958E0,-1.347198486E-2,6.820716248E0,7.618856506E0
7.737553958E0,-7.484436035E-2,6.715784454E0,7.439529419E0
7.747508958E0,1.251397705E-1,6.924749908E0,5.826483765E0
7.757463958E0,7.574249268E-1,6.923253021E0,5.751789093E0
7.767417958E0,7.286846924E-1,7.102280731E0,6.359375610E0
7.777372958E0,3.751199341E-1,6.901997223E0,7.300318909E0
7.787327958E0,5.667214966E-1,6.755302277E0,7.746990051E0
7.797282958E0,4.004173279E-1,6.531517639E0,7.307503967E0
7.807237958E0,2.589614868E-2,6.656956787E0,7.282805328E0
7.817192958E0,-2.200424194E-1,7.215295715E0,7.033124542E0
7.827146958E0,-5.993536377E-1,7.324119415E0,7.050189056E0
7.837101958E0,-6.221063232E-1,7.089706879E0,7.290888519E0
7.847056958E0,-8.711883545E-1,6.523284760E0,7.663164368E0
7.857011958E0,-8.012837219E-1,6.700216827E0,7.687413940E0
7.866966958E0,-9.436376953E-1,7.029232635E0,7.306306458E0
7.876921958E0,-7.201524353E-1,6.583010559E0,7.219636688E0
7.886875958E0,-2.854563904E-1,7.054230652E0,6.722969513E0
7.896830958E0,-2.177970886E-1,7.003186798E0,7.023245087E0
7.906785958E0,-2.619552612E-1,6.695277100E0,7.246730347E0
7.916740958E0,-1.728904724E-1,6.520290985E0,7.270979919E0
7.926695958E0,3.709286499E-1,6.488257599E0,7.067253571E0
7.936650958E0,5.840853882E-1,6.689289551E0,6.835385742E0
7.946605958E0,7.042854309E-1,7.130422211E0,6.492897949E0
7.956559958E0,5.857319641E-1,6.788682861E0,7.029532013E0
7.966514958E0,6.854246521E-1,6.415059814E0,7.521708527E0
7.976469958E0,9.880952454E-1,6.686744843E0,7.506140900E0
7.986424958E0,1.244961090E0,6.944508820E0,7.354506226E0
7.996379958E0,1.175804901E0,7.091203766E0,7.701933746E0
8.006334958E0,1.077459412E0,7.282955017E0,7.234605560E0
8.016288958E0,1.069675598E0,7.236701202E0,6.598877563E0
8.026243958E0,1.449735260E0,7.121440887E0,6.444698181E0
8.036198958E0,1.467548218E0,6.939868469E0,6.486760712E0
8.046153958E0,1.601819000E0,7.502997437E0,6.130950623E0
8.056108958E0,1.609902191E0,7.569309540E0,5.836363220E0
8.066063958E0,1.761536865E0,7.141349487E0,6.483467560E0
8.076018958E0,1.888173523E0,7.005432129E0,7.077731781E0
8.085972958E0,1.852547607E0,6.765032043E0,7.600744171E0
8.095927958E0,1.810185699E0,7.109465790E0,7.303162994E0
8.105882958E0,2.073637848E0,7.021149445E0,6.932234344E0
8.115837958E0,2.160457306E0,6.715784454E0,7.170239410E0
8.125792958E0,2.036365356E0,6.685397644E0,7.501051483E0
8.135747958E0,1.940414886E0,7.183262329E0,7.093748474E0
8.145701958E0,1.484463043E0,7.191195831E0,6.518644409E0
8.155656958E0,1.692380676E0,6.737489319E0,6.686595154E0
8.165611958E0,1.076561279E0,6.438111877E0,7.433541870E0
8.175566958E0,4.520599365E-1,6.194418640E0,7.399562531E0
8.185521958E0,2.457888794E-1,6.579418030E0,6.985523529E0
8.195476958E0,1.175056458E-1,6.988816681E0,6.904691620E0
8.205430958E0,3.498225403E-1,6.543492737E0,7.357050934E0
8.215385958E0,3.008743286E-2,6.233936462E0,7.354506226E0
8.225340958E0,-1.945953369E-1,6.143374786E0,7.145989838E0
8.235295958E0,-2.650987244E-1,6.416556702E0,7.134463806E0
8.245250958E0,1.163081360E-1,6.829398193E0,7.157366180E0
8.255205958E0,-2.101629639E-1,6.818620605E0,7.458539886E0
8.265160958E0,-8.162525940E-1,6.562054138E0,7.717052307E0
8.275114958E0,-1.048868866E0,6.313720551E0,7.258705444E0
8.285069958E0,-7.858657837E-1,6.694528656E0,6.857988739E0
8.295024958E0,-6.881190491E-1,6.520590363E0,7.181316376E0
8.304979958E0,-2.788700867E-1,6.716981964E0,7.047943726E0
8.314934958E0,-6.162684631E-1,6.637048187E0,6.771318970E0
8.324889958E0,-3.948788452E-1,6.416407013E0,6.835385742E0
8.334843958E0,-2.799179077E-1,6.644532623E0,7.321425018E0
8.344798958E0,-6.489006042E-1,6.741530914E0,7.512577515E0
8.354753958E0,-8.075706482E-1,6.997348938E0,7.360793152E0
8.364708958E0,-5.884263611E-1,7.102729797E0,6.876999207E0
8.374663958E0,-4.878355408E-1,6.808292084E0,6.780749359E0
8.384618958E0,-6.471043396E-1,6.735094299E0,6.911427612E0
8.394572958E0,-8.488847351E-1,6.982679443E0,6.854545898E0
8.404527958E0,-1.023870850E0,6.727460175E0,7.359595642E0
8.414482958E0,-9.635462952E-1,6.341113586E0,7.945776672E0
8.424437958E0,-7.494914246E-1,6.595584412E0,7.906258850E0
8.434392958E0,-4.225712585E-1,7.039860535E0,7.293732605E0
8.444347958E0,-6.426136780E-1,7.028334503E0,6.850354614E0
8.454301958E0,-2.923420715E-1,6.951693878E0,6.765780487E0
8.464256958E0,-7.708969116E-2,6.436465302E0,6.684948578E0
8.474211958E0,1.017883301E-1,6.946754150E0,6.249803467E0
8.484166958E0,5.252577209E-1,6.802903290E0,6.757397919E0
8.494121958E0,7.027885437E-1,6.892566833E0,7.185058594E0
8.504076958E0,7.970924377E-1,7.114704895E0,7.356452179E0
8.514030958E0,1.305435333E0,7.466174011E0,7.164551239E0
8.523985958E0,1.226399689E0,7.028334503E0,7.235204315E0
8.533940958E0,1.315913544E0,6.728208618E0,7.025490417E0
8.543895958E0,1.216220856E0,6.546636200E0,7.075935516E0
8.553850958E0,8.199948120E-1,6.569089508E0,7.418722687E0
8.563805958E0,2.893482971E-1,6.871311035E0,7.503895569E0
8.573760958E0,4.326004028E-2,6.434219971E0,7.917934570E0
8.583714958E0,-5.547463989E-1,6.100563812E0,7.885152740E0
8.593669958E0,-8.339158630E-1,5.950875092E0,7.999963989E0
8.603624833E0,-7.646099854E-1,6.814878387E0,7.255112915E0
8.613579833E0,-9.740245056E-1,6.886579285E0,6.745273132E0
8.623534833E0,-8.430468750E-1,6.356830902E0,6.677613831E0
8.633489833E0,-7.550299072E-1,6.145769806E0,6.885381775E0
8.643443833E0,-1.026565247E0,6.905589752E0,6.957681427E0
8.653398833E0,-8.524772644E-1,7.230414276E0,6.806795197E0
8.663353833E0,-8.032296753E-1,6.610553284E0,7.407346344E0
8.673308833E0,-1.150806885E0,6.239924011E0,7.707322540E0
8.683263833E0,-1.312171326E0,6.208339691E0,8.034991150E0
8.693218833E0,-1.412911835E0,6.841972046E0,7.571704559E0
8.703172833E0,-1.610051880E0,7.016658783E0,7.319628754E0
8.713127833E0,-9.400451660E-1,6.799909515E0,7.415579224E0
8.723082833E0,-1.217867432E0,6.465205536E0,7.529192963E0
8.733037833E0,-1.275647278E0,6.598727875E0,7.270830231E0
8.742992833E0,-1.269210663E0,6.823710022E0,6.870712280E0
8.752947833E0,-1.539398804E0,6.786138153E0,6.902595978E0
8.762901833E0,-2.000889130E0,6.726562042E0,6.942712555E0
8.772856833E0,-1.659898224E0,6.727609863E0,7.017856293E0
8.782811833E0,-1.459614716E0,6.592590637E0,7.067103882E0
8.792766833E0,-1.018482056E0,6.449188843E0,7.131020966E0
8.802721833E0,-7.152127075E-1,6.575975189E0,7.145540771E0
8.812676833E0,-7.249424744E-1,6.765780487E0,7.069349213E0
8.822631833E0,-8.443940735E-1,6.746171265E0,6.890022125E0
8.832585833E0,-3.734733582E-1,6.500382385E0,7.033872986E0
8.842540833E0,-1.989363098E-1,6.540498962E0,7.229067078E0
8.852495833E0,-8.442443848E-2,6.951394501E0,7.120842133E0
8.862450833E0,-5.224136353E-2,7.301965485E0,6.703509979E0
8.872405833E0,8.996292114E-2,6.804849243E0,6.737189941E0
8.882360833E0,2.245330811E-2,6.514902191E0,7.335795135E0
8.892314833E0,1.050814819E-1,6.908134460E0,6.735693054E0
8.902269833E0,1.086740112E-1,7.233557739E0,6.211333466E0
8.912224833E0,4.721182251E-1,7.026238861E0,6.549031219E0
8.922179833E0,5.866300964E-1,6.617289276E0,7.361391907E0
8.932134833E0,4.337979126E-1,6.658004608E0,7.247927856E0
8.942089833E0,4.400848389E-2,6.932234344E0,7.010072479E0
8.952043833E0,-4.475692749E-2,6.952292633E0,7.098538513E0
8.961998833E0,2.754272461E-2,6.918912048E0,7.068451080E0
8.971953833E0,-2.507286072E-1,6.727609863E0,6.992259521E0
8.981908833E0,-1.451980591E-2,6.979236603E0,6.705904999E0
8.991863833E0,-7.544311523E-2,7.099436646E0,6.906188507E0
9.001818833E0,-5.022056580E-1,7.313641205E0,6.640640717E0
9.011772833E0,-5.306465149E-1,6.565646667E0,7.265591125E0
9.021727833E0,-2.868035889E-1,6.965764618E0,7.082372131E0
9.031682833E0,-3.376977539E-1,7.421566772E0,7.152875519E0
9.041637833E0,-1.990859985E-1,7.216044159E0,7.059170380E0
9.051592833E0,-2.683918762E-1,6.759792938E0,7.287595367E0
9.061547833E0,-3.631448364E-1,7.212002563E0,7.491621094E0
9.071501833E0,-3.366499329E-1,7.630232849E0,7.529791718E0
9.081456833E0,-2.555186462E-1,7.068750458E0,6.910828857E0
9.091411833E0,-2.691403198E-1,6.255341949E0,6.485862579E0
9.101366833E0,-5.852828979E-2,6.737189941E0,6.012696533E0
9.111321833E0,-1.914518738E-1,7.413483582E0,6.014642487E0
9.121276833E0,-3.641926575E-1,6.746320953E0,6.518045654E0
9.131230833E0,-4.246669006E-1,5.573509827E0,8.139922943E0
9.141185833E0,-3.522175598E-1,6.391408997E0,8.669821014E0
9.151140833E0,-4.451742554E-1,7.297325134E0,8.214018860E0
9.161095833E0,-3.549119568E-1,6.925348663E0,7.211254120E0
9.171050833E0,-4.412823486E-1,5.861061859E0,7.104376373E0
9.181005833E0,-3.074606323E-1,6.332880707E0,6.816225586E0
9.190959833E0,-3.535647583E-1,7.058871002E0,6.437363434E0
9.200914833E0,9.250762939E-2,6.526877289E0,6.849456482E0
9.210869833E0,3.050656128E-1,5.886508942E0,7.747139740E0
9.220824833E0,1.833686829E-1,6.314618683E0,8.149652710E0
9.230779833E0,1.080752563E-1,7.144043884E0,7.428901520E0
9.240734833E0,7.379653931E-2,6.575376434E0,7.293582916E0
9.250688833E0,2.576142883E-1,5.988446960E0,7.239545288E0
9.260643833E0,2.749781799E-1,6.535110168E0,7.235952759E0
9.270598833E0,4.131408691E-1,7.156617737E0,7.166497192E0
9.280553833E0,2.652484131E-1,6.734944611E0,7.405400391E0
9.290508833E0,2.897973633E-1,6.020180969E0,7.764803009E0
9.300463833E0,-1.871109009E-2,6.636000366E0,7.788902893E0
9.310417833E0,-1.428030396E-1,7.177125092E0,7.427254944E0
9.320372833E0,-2.176473999E-1,6.765481110E0,6.770121460E0
9.330327833E0,6.735992432E-2,5.704188080E0,7.204069061E0
9.340282833E0,9.774673462E-2,6.397995300E0,6.968309326E0
9.350237833E0,-7.185058594E-3,7.306905212E0,7.172634430E0
9.360192833E0,1.438508606E-1,7.321874084E0,6.944957886E0
9.370147833E0,2.154020691E-1,6.423442383E0,7.507188721E0
9.380101833E0,-7.304809570E-2,6.729855194E0,7.477550354E0
9.390056833E0,5.987548828E-3,7.298522644E0,7.408244476E0
9.400011833E0,-6.137237549E-3,7.232659607E0,6.751560059E0
9.409966833E0,-3.839515686E-1,5.979615326E0,6.830446014E0
9.419921833E0,-2.225871277E-1,5.883964233E0,6.891668701E0
9.429875833E0,2.414479065E-1,6.630910950E0,6.856192474E0
9.439830833E0,3.502716064E-1,7.058871002E0,6.570287018E0
9.449785833E0,1.547781372E-1,6.655310211E0,7.162156219E0
9.459740833E0,-7.110214233E-2,6.799011383E0,7.417525177E0
9.469695833E0,7.559280396E-2,7.250921631E0,7.380102997E0
9.479650833E0,-6.885681152E-2,6.926396484E0,7.185956726E0
9.489605833E0,1.387614441E-1,5.862409058E0,7.456893311E0
9.499559833E0,8.509803772E-1,6.462361450E0,7.167395325E0
9.509514833E0,3.477268982E-1,7.455546112E0,6.974296875E0
9.519469833E0,-1.318757629E-1,7.212751007E0,6.804549866E0
9.529424833E0,-3.436853027E-1,5.718857574E0,7.634723511E0
9.539379833E0,-3.483256531E-1,6.416407013E0,7.459737396E0
9.549334833E0,-3.363505554E-1,7.251819763E0,7.040608978E0
9.559288833E0,-1.971400452E-1,7.140151978E0,6.707401886E0
9.569243833E0,4.745132446E-2,6.634054413E0,7.283853149E0
9.579198833E0,-3.872447205E-1,7.311395874E0,7.021299133E0
9.589153833E0,-7.000941467E-1,6.923552399E0,7.340585175E0
9.599109000E0,-2.338137817E-1,6.729256439E0,6.958729248E0
9.609064000E0,1.791773987E-1,6.640341339E0,7.028334503E0
9.619018000E0,5.538482666E-3,7.279212799E0,6.715634766E0
9.628973000E0,-1.571731567E-2,6.922654266E0,6.952891388E0
9.638928000E0,4.014651489E-1,6.590045929E0,7.035968628E0
9.648883000E0,-2.841091919E-1,6.413712616E0,7.092850342E0
9.658838000E0,-7.512876892E-1,6.979535980E0,6.947203217E0
9.668793000E0,9.520202637E-2,6.824757843E0,7.191345520E0
9.678747000E0,2.778222656E-1,6.985224152E0,6.883286133E0
9.688702000E0,-1.040336609E-1,6.813680878E0,7.003935242E0
9.698657000E0,-9.355545044E-2,6.952741699E0,6.987319794E0
9.708612000E0,1.088237000E-1,6.606661377E0,6.785539398E0
9.718567000E0,-1.694476318E-1,6.187682648E0,6.959028625E0
9.728522000E0,-9.160949707E-2,6.595285034E0,7.135960693E0
9.738476000E0,6.045927429E-1,7.242838440E0,7.216343536E0
9.748431000E0,4.993615723E-1,7.125332794E0,7.039261780E0
9.758386000E0,1.202000427E-1,6.271957397E0,7.329508209E0
9.768341000E0,2.838098145E-1,6.643035736E0,7.269782410E0
9.778296000E0,3.665876770E-1,7.153773651E0,7.234006805E0
9.788250000E0,4.014651489E-1,6.764433289E0,7.098089447E0
9.798205000E0,4.625381470E-1,6.437213745E0,7.128925323E0
9.808160000E0,6.575825500E-1,7.345824280E0,7.213349762E0
9.818115000E0,4.028123474E-1,7.293732605E0,7.104076996E0
9.828070000E0,3.427871704E-1,6.252647552E0,7.075336761E0
9.838025000E0,7.798782349E-1,6.564748535E0,6.811136169E0
9.847980000E0,7.740403748E-1,7.329957275E0,6.900650024E0
9.857934000E0,7.247927856E-1,6.715634766E0,7.076384583E0
9.867889000E0,5.234614563E-1,5.967191162E0,7.523504791E0
9.877844000E0,5.905220032E-1,6.763235779E0,7.560178528E0
9.887799000E0,1.709445190E-1,7.060068512E0,7.336244202E0
9.897754000E0,3.394940186E-1,6.273454285E0,7.044800262E0
9.907709000E0,7.544311523E-1,6.148464203E0,7.268435211E0
9.917663000E0,5.065466309E-1,7.219187622E0,7.138206024E0
9.927618000E0,3.210823059E-1,7.242239685E0,6.916666718E0
9.937573000E0,1.005459137E0,6.194268951E0,7.371421051E0
9.947528000E0,6.755451965E-1,6.168672180E0,7.623047791E0
9.957483000E0,4.305047607E-1,6.975045319E0,7.491022339E0
9.967438000E0,7.195536804E-1,6.932384033E0,7.167245636E0
9.977392000E0,8.122109985E-1,6.512058105E0,7.036417694E0
9.987347000E0,4.692741394E-1,6.975045319E0,6.998845825E0
9.997302000E0,3.034190369E-1,7.233108673E0,7.014114075E0
1.000725700E1,6.858737183E-1,6.387217712E0,6.868766327E0
1.001721200E1,6.556365967E-1,6.280339966E0,6.805298309E0
1.002716600E1,3.312611389E-1,6.666686554E0,7.501650238E0
1.003712100E1,3.543132019E-1,6.938970337E0,7.560777283E0
1.004707600E1,3.510200500E-1,6.565197601E0,7.705226898E0
1.005703100E1,7.679031372E-2,6.594985657E0,7.885452118E0
1.006698600E1,3.278182983E-2,6.850803680E0,7.842790833E0
1.007694100E1,2.501298523E-1,6.747668152E0,6.697073364E0
1.008689500E1,1.393601990E-1,6.216572571E0,6.159990234E0
1.009685000E1,-2.260299683E-1,6.016588440E0,6.670279083E0
1.010680500E1,-4.412823486E-1,6.403833160E0,6.958878937E0
1.011676000E1,-2.450404358E-1,6.113736420E0,7.766449585E0
1.012671500E1,-2.959346008E-1,6.031407623E0,8.699309692E0
1.013667000E1,-2.619552612E-1,6.768624573E0,9.016200714E0
1.014662400E1,2.902464294E-1,7.053931274E0,7.847131805E0
1.015657900E1,2.469863892E-1,6.514602814E0,6.991511078E0
1.016653400E1,1.309776306E-1,6.551575928E0,6.944508820E0
1.017648900E1,-1.504371643E-1,7.118147736E0,6.905889130E0
1.018644400E1,1.534309387E-1,6.528374176E0,7.077582092E0
1.019639900E1,3.900888062E-1,6.035449219E0,7.394323425E0
1.020635300E1,3.655398560E-1,6.920858002E0,7.652237091E0
1.021630800E1,5.025050354E-1,7.061715088E0,7.360044708E0
1.022626300E1,5.243595886E-1,6.438411255E0,7.122937775E0
1.023621800E1,3.439846802E-1,6.766379242E0,7.112459564E0
1.024617300E1,1.646575928E-2,7.165599060E0,7.022197266E0
1.025612800E1,1.381626892E-1,6.328839111E0,7.121590576E0
1.026608200E1,4.192781067E-1,6.257287903E0,6.763984222E0
1.027603700E1,-5.598358154E-2,6.749614105E0,7.093898163E0
1.028599200E1,-9.310638428E-2,6.828050995E0,7.044800262E0
1.029594700E1,1.390608215E-1,6.650370483E0,6.660998383E0
1.030590200E1,2.579136658E-1,6.770869904E0,7.402256927E0
1.031585700E1,4.302053833E-1,7.368726654E0,7.975415039E0
1.032581100E1,5.912704468E-1,7.277416534E0,7.783514099E0
1.033576600E1,8.095166016E-1,6.939269714E0,7.175029449E0
1.034572100E1,5.210664368E-1,6.598428497E0,7.298223267E0
1.035567600E1,4.219725037E-1,7.222630463E0,6.187233582E0
1.036563100E1,7.117698669E-1,6.156697083E0,6.207291870E0
1.037558600E1,8.283773804E-1,5.852379913E0,6.707252197E0
1.038554000E1,4.337979126E-1,6.920558624E0,7.226821747E0
1.039549500E1,6.821315002E-1,7.901917877E0,6.983278198E0
1.040545000E1,9.797126770E-1,7.050338745E0,7.085665283E0
1.041540500E1,7.197033691E-1,6.631809082E0,7.341782684E0
1.042536000E1,4.587959290E-1,7.213948517E0,7.063661041E0
1.043531500E1,6.433621216E-1,6.789431305E0,6.874155121E0
1.044526900E1,4.968168640E-1,6.717431030E0,6.973698120E0
1.045522400E1,4.367916870E-1,7.075037384E0,7.241191864E0
1.046517900E1,6.164181519E-1,6.666985931E0,7.485334167E0
1.047513400E1,8.717871094E-1,5.958958282E0,7.486980743E0
1.048508900E1,5.629792786E-1,6.401138763E0,7.635172577E0
1.049504300E1,4.764591980E-1,7.212900696E0,7.499404907E0
1.050499800E1,7.134164429E-1,6.622827759E0,7.485483856E0
1.051495300E1,6.709048462E-1,6.646927643E0,7.370822296E0
1.052490800E1,8.897497559E-1,6.980284424E0,7.263645172E0
1.053486300E1,9.957293701E-1,6.456373901E0,7.450307007E0
1.054481800E1,1.232836304E0,6.343807983E0,7.160958710E0
1.055477200E1,1.061293030E0,6.792425079E0,7.290439453E0
1.056472700E1,9.636959839E-1,6.930737457E0,7.275470581E0
1.057468200E1,8.306227112E-1,6.507417755E0,7.233857117E0
1.058463700E1,9.819580078E-1,6.723568268E0,6.991511078E0
1.059459200E1,8.443940735E-1,6.488107910E0,7.161856842E0
1.060454687E1,1.173559570E0,6.386319580E0,6.786138153E0
1.061450088E1,1.415157166E0,6.546785889E0,6.539451141E0
1.062445587E1,1.314716034E0,6.690337372E0,6.981332245E0
1.063441087E1,1.065634003E0,6.564598846E0,7.258855133E0
1.064436588E1,1.468895416E0,6.261030121E0,7.622898102E0
1.065432087E1,9.445358276E-1,6.607559509E0,7.721692657E0
1.066427587E1,6.685098267E-1,6.800807648E0,7.566465454E0
1.067422987E1,1.083746338E0,6.499334564E0,7.156617737E0
1.068418487E1,6.924600220E-1,6.718628540E0,6.926995239E0
1.069413988E1,4.312532043E-1,7.002887421E0,7.129524078E0
1.070409488E1,8.815168762E-1,6.672524414E0,7.081473999E0
1.071404987E1,6.737489319E-1,6.510710907E0,7.074588318E0
1.072400487E1,2.291734314E-1,6.823111267E0,7.071594543E0
1.073395887E1,1.796264648E-1,6.739285583E0,7.227570190E0
1.074391387E1,3.288661194E-1,6.652017059E0,7.125781860E0
1.075386888E1,7.783813477E-2,6.708599396E0,6.931785278E0
1.076382387E1,4.143383789E-1,6.701114960E0,7.286846924E0
1.077377887E1,-1.886077881E-2,6.527176666E0,7.299570465E0
1.078373388E1,-1.821711731E-1,6.338119812E0,7.340136108E0
1.079368787E1,-3.921844482E-1,6.595434723E0,7.500901794E0
1.080364288E1,-4.245172119E-1,6.728957062E0,7.050937500E0
1.081359787E1,-2.384541321E-1,6.331533508E0,6.957082672E0
1.082355287E1,-2.718347168E-1,6.709497528E0,7.076534271E0
1.083350787E1,-4.956193542E-1,6.881040802E0,7.581584015E0
1.084346288E1,-4.599934387E-1,6.204447784E0,7.653434601E0
1.085341688E1,-2.145039368E-1,6.407276001E0,7.646997986E0
1.086337188E1,-2.294728088E-1,7.214098206E0,7.285649414E0
1.087332687E1,-3.382965088E-2,6.798562317E0,7.209158478E0
1.088328187E1,7.319778442E-2,6.472091217E0,7.409741364E0
1.089323688E1,-2.514770508E-1,6.842720490E0,7.274123383E0
1.090319087E1,-3.631448364E-1,6.899901581E0,6.808292084E0
1.091314588E1,2.227368164E-1,6.492897949E0,6.204148407E0
1.092310087E1,2.954855347E-1,6.577771454E0,6.213578796E0
1.093305587E1,-1.516346741E-1,6.794969788E0,6.571933594E0
1.094301088E1,-1.866618347E-1,6.967411194E0,6.805447998E0
1.095296587E1,-9.535171509E-2,6.822213135E0,7.558831329E0
1.096291988E1,-4.191284180E-1,6.699917450E0,7.785909119E0
1.097287487E1,-2.010319519E-1,7.008575592E0,6.797065430E0
1.098282987E1,2.023791504E-1,6.935228119E0,5.701194305E0
1.099278487E1,-1.901046753E-2,6.603966980E0,5.986950073E0
1.100273988E1,-3.215313721E-1,6.270759888E0,6.813531189E0
1.101269487E1,2.344125366E-1,6.127358093E0,7.965086517E0
1.102264888E1,2.890489197E-1,6.567891998E0,9.251062317E0
1.103260387E1,8.816665649E-2,7.384743347E0,9.141639862E0
1.104255887E1,6.653663635E-1,7.268884277E0,8.229137421E0
1.105251388E1,6.307882690E-1,7.263794861E0,6.812782745E0
1.106246887E1,2.049238586E-1,7.017856293E0,6.375841370E0
1.107242387E1,4.966671753E-1,6.808741150E0,6.074068909E0
1.108237787E1,7.735913086E-1,6.081253967E0,6.545588379E0
1.109233287E1,6.903643799E-1,6.549929352E0,6.673572235E0
1.110228788E1,6.988966370E-1,7.014114075E0,7.704777832E0
1.111224287E1,7.207511902E-1,7.057224426E0,7.527845764E0
1.112219787E1,6.364764404E-1,6.762637024E0,7.407645721E0
1.113215287E1,7.909552002E-1,6.967261505E0,8.028404846E0
1.114210687E1,5.237608337E-1,6.901248779E0,8.126450958E0
1.115206187E1,5.730084229E-1,6.580765228E0,8.001161499E0
1.116201688E1,4.278103638E-1,6.287824402E0,7.547305298E0
1.117197187E1,7.334747314E-2,6.380032654E0,6.942263489E0
1.118192687E1,9.559121704E-1,6.716083832E0,5.952521667E0
1.119188087E1,9.624984741E-1,6.537205811E0,6.243815918E0
1.120183587E1,7.009922791E-1,6.746919708E0,6.902895355E0
1.121179088E1,6.511459351E-1,6.415808258E0,7.207362213E0
1.122174587E1,8.294252014E-1,6.604865112E0,7.527845764E0
1.123170087E1,8.083190918E-1,6.781497803E0,6.987469482E0
1.124165587E1,6.107299805E-1,6.056705017E0,6.684200134E0
1.125160987E1,9.852511597E-1,5.947132874E0,6.628665619E0
1.126156488E1,8.204438782E-1,6.505022736E0,7.107819214E0
1.127151987E1,8.428971863E-1,6.774163055E0,7.346872101E0
1.128147487E1,8.436456299E-1,6.367009735E0,7.498506775E0
1.129142987E1,5.498066711E-1,6.846462708E0,7.658823395E0
1.130138488E1,7.529342651E-1,7.019802246E0,7.756570129E0
1.131133887E1,8.355624390E-1,6.648873596E0,7.656278687E0
1.132129388E1,9.012757874E-1,6.600374451E0,7.899373169E0
1.133124887E1,7.810757446E-1,6.905589752E0,7.349416809E0
1.134120387E1,7.903564453E-1,6.192622375E0,7.692054291E0
1.135115888E1,7.349716187E-1,6.280789032E0,7.014712830E0
1.136111387E1,6.300398254E-1,6.242169342E0,7.184160461E0
1.137106788E1,7.297325134E-1,6.412215729E0,7.083569641E0
1.138102287E1,7.316784668E-1,6.030060425E0,7.759713593E0
1.139097787E1,8.388555908E-1,6.286926270E0,7.820038147E0
1.140093287E1,8.301736450E-1,6.296506348E0,7.811206512E0
1.141088788E1,8.904981995E-1,5.893843689E0,7.831564178E0
1.142084188E1,8.521778870E-1,6.467899933E0,7.169640656E0
1.143079687E1,4.415817261E-1,6.852450256E0,7.144492950E0
1.144075187E1,1.386117554E-1,6.507118378E0,7.144492950E0
1.145070687E1,3.043171692E-1,6.197113037E0,7.209457855E0
1.146066188E1,1.850152588E-1,6.502927094E0,7.165898438E0
1.147061687E1,-1.966909790E-1,6.784192200E0,6.798712006E0
1.148057088E1,-1.960922241E-2,6.524931335E0,6.628366241E0
1.149052587E1,-4.890330505E-1,6.768025818E0,6.516848145E0
1.150048087E1,-5.174739075E-1,6.683302002E0,7.286547546E0
1.151043588E1,8.262817383E-2,6.574927368E0,7.130871277E0
1.152039087E1,1.333726501E-1,6.484066315E0,7.401209106E0
1.153034587E1,-8.876541138E-2,6.723418579E0,7.852221222E0
1.154029987E1,6.945556641E-2,6.788682861E0,7.650740204E0
1.155025487E1,4.977149963E-1,6.129902802E0,7.544311523E0
1.156020987E1,1.457968140E-1,6.389762421E0,7.270979919E0
1.157016488E1,1.465452576E-1,7.026837616E0,6.928941193E0
1.158011987E1,2.625540161E-1,6.458319855E0,7.247927856E0
1.159007387E1,-1.065783691E-1,6.587052155E0,7.376809845E0
1.160002887E1,2.823129272E-1,7.091503143E0,7.569908295E0
1.160998383E1,3.820056152E-1,7.445516968E0,7.106022949E0
1.161993883E1,2.972817993E-1,6.644682312E0,7.354057159E0
1.162989383E1,-4.834945679E-2,6.852899323E0,7.003186798E0
1.163984883E1,-1.561253357E-1,6.772366791E0,7.399263153E0
1.164980283E1,-4.626878357E-1,6.574627991E0,7.639663239E0
1.165975783E1,-2.275268555E-1,6.378835144E0,7.820636902E0
1.166971283E1,-3.281176758E-1,6.935078430E0,7.468868408E0
1.167966783E1,-6.240522766E-1,6.693780212E0,7.284751282E0
1.168962283E1,-5.043013000E-1,6.458170166E0,7.159012756E0
1.169957783E1,-3.556604004E-1,6.832691345E0,6.586453400E0
1.170953183E1,-1.975891113E-1,6.697821808E0,6.617139587E0
1.171948683E1,-4.610412598E-2,6.490502930E0,6.488107910E0
1.172944183E1,-1.369651794E-1,6.857988739E0,6.466403046E0
1.173939683E1,-2.990780640E-1,6.600374451E0,6.628366241E0
1.174935183E1,-3.447331238E-1,6.380032654E0,6.724017334E0
1.175930683E1,-1.886077881E-1,6.763684845E0,6.641239471E0
1.176926083E1,7.229965210E-2,7.079677734E0,7.059769135E0
1.177921583E1,3.115022278E-1,6.709048462E0,7.672594757E0
1.178917083E1,1.293310547E-1,7.033124542E0,7.212152252E0
1.179912583E1,-2.366578674E-1,7.114106140E0,7.589667206E0
1.180908083E1,-2.233355713E-1,7.071594543E0,7.061864777E0
1.181903483E1,-1.758842468E-1,6.394702148E0,7.492369537E0
1.182898983E1,-5.935157776E-1,6.465055847E0,7.534132690E0
1.183894483E1,-7.375163269E-1,7.023245087E0,6.906787262E0
1.184889983E1,-9.773176575E-1,6.925648041E0,6.091582489E0
1.185885483E1,-1.470691681E0,6.697971497E0,6.292764130E0
1.186880983E1,-1.003662872E0,6.411167908E0,7.415579224E0
1.187876383E1,-8.521778870E-1,5.951024780E0,8.144114227E0
1.188871883E1,-1.130299530E0,6.208040314E0,8.797056427E0
1.189867383E1,-1.133293304E0,6.854845276E0,8.556057587E0
1.190862883E1,-1.354533234E0,6.713239746E0,7.585326233E0
1.191858383E1,-1.284778290E0,6.609804840E0,6.700216827E0
1.192853883E1,-9.559121704E-1,6.410120087E0,6.710844727E0
1.193849283E1,-8.482859802E-1,5.779481506E0,7.276219025E0
1.194844783E1,-6.593788147E-1,5.943091278E0,7.151228943E0
1.195840283E1,-5.528004456E-1,6.630910950E0,7.248676300E0
1.196835783E1,-4.574487305E-1,6.859785004E0,7.619904327E0
1.197831283E1,-4.586462402E-1,6.664890289E0,7.734865265E0
1.198826683E1,-5.748046875E-1,6.591692505E0,7.865992584E0
1.199822183E1,-9.291178894E-1,6.633755035E0,7.718549194E0
1.200817683E1,-6.634204102E-1,6.300697632E0,7.472460938E0
1.201813183E1,-4.581971741E-1,6.406976624E0,6.952891388E0
1.202808683E1,-3.236270142E-1,6.335275726E0,7.007078705E0
1.203804183E1,-4.390370178E-1,6.477030945E0,6.864874420E0
1.204799583E1,-5.246589661E-1,6.569089508E0,7.028484192E0
1.205795083E1,-4.093986511E-1,6.958579559E0,7.389832764E0
1.206790583E1,-4.846920776E-1,7.092401276E0,7.413034515E0
1.207786083E1,-3.059637451E-1,6.721921692E0,7.315437469E0
1.208781583E1,-4.239184570E-1,6.774761810E0,7.451205139E0
1.209776983E1,-3.713777161E-1,6.801406403E0,6.944658508E0
1.210772483E1,-3.712280273E-1,5.719905396E0,6.930138702E0
1.211767983E1,-4.951702881E-1,5.992937622E0,7.159761200E0
1.212763483E1,-1.594184875E-1,7.222480774E0,6.865622864E0
1.213758983E1,-9.071136475E-2,6.877897339E0,7.360643463E0
1.214754483E1,-3.378474426E-1,6.538852386E0,7.699688416E0
1.215749883E1,-3.908372498E-1,6.903793488E0,7.659721527E0
1.216745383E1,-8.098159790E-2,6.616989899E0,7.529492340E0
1.217740883E1,2.194436646E-1,6.312223663E0,7.053182831E0
1.218736383E1,6.051914978E-1,6.643634491E0,6.987020416E0
1.219731883E1,3.586541748E-1,6.668183441E0,6.895111542E0
1.220727383E1,3.887416077E-1,5.947581940E0,7.376360779E0
1.221722783E1,1.231938171E-1,6.553072815E0,7.156617737E0
1.222718283E1,8.098159790E-2,7.041656799E0,7.073690186E0
1.223713783E1,1.459465027E-1,6.910230103E0,7.102729797E0
1.224709283E1,3.153941345E-1,6.810986481E0,7.362888794E0
1.225704783E1,1.468446350E-1,6.791976013E0,7.397616577E0
1.226700283E1,1.032852173E-2,6.447841644E0,7.265740814E0
1.227695683E1,1.877096558E-1,6.607110443E0,7.080426178E0
1.228691183E1,1.585203552E-1,6.575975189E0,7.159012756E0
1.229686683E1,6.676116943E-2,6.764732666E0,6.953340454E0
1.230682183E1,4.161346436E-2,6.695726166E0,7.039860535E0
1.231677683E1,-2.941383362E-1,6.783743134E0,7.367529144E0
1.232673083E1,-3.626957703E-1,7.141648865E0,7.197931824E0
1.233668583E1,1.525328064E-1,6.995103607E0,6.803951111E0
1.234664083E1,3.580554199E-1,6.909331970E0,6.752009125E0
1.235659583E1,2.779719543E-1,7.029382324E0,6.571185150E0
1.236655083E1,4.334985352E-1,6.474486237E0,6.759343872E0
1.237650583E1,5.516029358E-1,6.533762970E0,6.678661652E0
1.238645983E1,5.337899780E-1,7.089108124E0,7.118896179E0
1.239641483E1,7.665559387E-1,6.764433289E0,7.383695526E0
1.240636983E1,5.057981873E-1,6.287075958E0,7.465425568E0
1.241632483E1,3.845503235E-1,6.726562042E0,7.662266235E0
1.242627983E1,2.183958435E-1,6.809040527E0,7.669900360E0
1.243623383E1,3.216810608E-1,6.535259857E0,7.790699158E0
1.244618883E1,1.546284485E-1,6.918762360E0,7.477400665E0
1.245614383E1,-5.403762817E-2,6.946903839E0,7.617658997E0
1.246609883E1,-2.044747925E-1,6.870861969E0,7.030280457E0
1.247605383E1,-1.950444031E-1,6.306535492E0,7.057374115E0
1.248600883E1,-7.185058594E-3,6.077960815E0,7.523953857E0
1.249596283E1,-7.903564453E-2,6.331982574E0,7.530689850E0
1.250591783E1,6.616241455E-2,6.866371307E0,7.244335327E0
1.251587283E1,1.005908203E-1,6.647077332E0,7.602241058E0
1.252582783E1,-2.553689575E-1,6.358477478E0,7.191644897E0
1.253578283E1,-2.356100464E-1,6.439908142E0,6.806795197E0
1.254573783E1,1.038839722E-1,6.838529205E0,6.746470642E0
1.255569183E1,-1.568737793E-1,6.704857178E0,7.086713104E0
1.256564683E1,-1.359173584E-1,6.394702148E0,7.682623901E0
1.257560183E1,4.236190796E-2,7.039112091E0,6.395151215E0
1.258555683E1,7.738906860E-2,6.580465851E0,6.494843903E0
1.259551183E1,2.378553772E-1,6.152356110E0,6.963070221E0
1.260546608E1,4.004173279E-1,6.536756744E0,7.433691559E0
1.261542108E1,8.322692871E-2,6.758595428E0,7.372169495E0
1.262537608E1,3.174897766E-1,5.977369995E0,7.381899261E0
1.263533108E1,5.875282288E-1,6.133794708E0,7.876021729E0
1.264528608E1,4.878355408E-1,6.773713989E0,7.864046631E0
1.265524108E1,3.709286499E-1,6.528224487E0,7.799381104E0
1.266519508E1,5.658233643E-1,6.200106812E0,7.950716400E0
1.267515008E1,2.356100464E-1,6.265371094E0,8.422235870E0
1.268510508E1,2.098635864E-1,6.947801971E0,7.638765106E0
1.269506008E1,4.108955383E-1,6.688541107E0,7.046895905E0
1.270501508E1,3.626957703E-1,6.409970398E0,6.919959869E0
1.271497008E1,1.646575928E-2,6.439758453E0,7.262597351E0
1.272492408E1,8.891510010E-2,6.603368225E0,7.538024597E0
1.273487908E1,2.091151428E-1,6.801256714E0,7.599846039E0
1.274483408E1,1.829196167E-1,6.629264374E0,7.973618774E0
1.275478908E1,5.667214966E-1,6.598877563E0,7.121440887E0
1.276474408E1,7.779322815E-1,7.057374115E0,6.417754211E0
1.277469808E1,3.433859253E-1,7.124584351E0,6.205645294E0
1.278465308E1,4.968168640E-1,6.252647552E0,6.141877899E0
1.279460808E1,7.729925537E-1,6.419999542E0,6.635401611E0
1.280456308E1,9.487271118E-1,6.940467224E0,7.583979034E0
1.281451808E1,9.015751648E-1,6.738088074E0,7.892936554E0
1.282447308E1,8.590635681E-1,6.732549591E0,8.294401703E0
1.283442708E1,4.308041382E-1,7.203619995E0,8.248746643E0
1.284438208E1,4.204756165E-1,6.911876678E0,7.782615967E0
1.285433708E1,6.941065979E-1,6.998995514E0,6.840475159E0
1.286429208E1,9.515711975E-1,6.780599670E0,6.503226471E0
1.287424708E1,4.897814941E-1,6.712191925E0,6.265820160E0
1.288420108E1,4.611909485E-1,6.977290649E0,6.147117004E0
1.289415608E1,4.454736328E-1,6.929090881E0,6.400689697E0
1.290411108E1,1.951940918E-1,6.817572784E0,7.450157318E0
1.291406608E1,5.707630920E-1,7.116201782E0,7.416028290E0
1.292402108E1,4.227209473E-1,6.891519012E0,7.911348267E0
1.293397608E1,3.342549133E-1,6.383325806E0,7.868088226E0
1.294393008E1,2.710862732E-1,5.879174194E0,7.539521484E0
1.295388508E1,-1.887574768E-1,6.413413239E0,7.584278412E0
1.296384008E1,-5.210664368E-1,7.225175171E0,6.825805664E0
1.297379508E1,-5.707630920E-1,6.993157654E0,6.516548767E0
1.298375008E1,-5.260061646E-1,6.550528107E0,6.781497803E0
1.299370408E1,-2.764750671E-1,6.487509155E0,7.406897278E0
1.300365908E1,1.128652954E-1,6.615642700E0,7.144792328E0
1.301361408E1,-2.619552612E-2,6.382876740E0,7.250173187E0
1.302356908E1,-1.826202393E-2,6.557264099E0,7.637118530E0
1.303352408E1,-2.110610962E-2,6.114335175E0,8.187673645E0
1.304347908E1,4.372407532E-1,6.264472961E0,8.248297577E0
1.305343308E1,4.879852295E-1,6.949598236E0,7.276518402E0
1.306338808E1,6.659651184E-1,6.902745667E0,6.695875854E0
1.307334308E1,5.516029358E-1,6.742429047E0,5.866001587E0
1.308329808E1,-1.716929626E-1,6.924899597E0,5.533542938E0
1.309325308E1,-1.624122620E-1,6.644682312E0,6.423741760E0
1.310320708E1,2.818638611E-1,6.158643036E0,7.350464630E0
1.311316208E1,2.968327332E-1,6.524182892E0,9.176667023E0
1.312311708E1,8.801696777E-2,7.489675140E0,8.864865417E0
1.313307208E1,-3.067121887E-1,7.387886810E0,8.474177856E0
1.314302708E1,-1.933978271E-1,7.297175446E0,7.353308716E0
1.315298208E1,-2.261796570E-1,6.914571075E0,5.930816803E0
1.316293608E1,1.231938171E-1,6.487658844E0,5.257516937E0
1.317289108E1,1.715432739E-1,6.025120697E0,5.678291931E0
1.318284608E1,-1.336720276E-1,6.076164551E0,7.271578674E0
1.319280108E1,6.945556641E-2,6.212381287E0,8.481961670E0
1.320275608E1,3.390449524E-1,6.541247406E0,9.245823212E0
1.321271008E1,8.517288208E-2,7.407945099E0,8.243956604E0
1.322266508E1,-2.451901245E-1,6.177503815E0,7.967930603E0
1.323262008E1,9.595046997E-2,6.110892334E0,7.127278748E0
1.324257508E1,-4.423301697E-1,7.024741974E0,6.439608765E0
1.325253008E1,-2.357597351E-1,6.576723633E0,6.457870789E0
1.326248508E1,-3.441343689E-1,6.564898224E0,6.105353851E0
1.327243908E1,-5.697152710E-1,7.032226410E0,6.396498413E0
1.328239408E1,-4.534071350E-1,6.964267731E0,7.021897888E0
1.329234908E1,-2.408491516E-1,6.442752228E0,7.464826813E0
1.330230408E1,1.438508606E-1,6.163882141E0,7.931107178E0
1.331225908E1,-1.456471252E-1,6.215375061E0,8.208929443E0
1.332221308E1,-1.938468933E-1,6.674919434E0,8.024962006E0
1.333216808E1,-6.017486572E-2,6.520889740E0,8.285719757E0
1.334212308E1,6.735992432E-3,6.539750519E0,8.002209320E0
1.335207808E1,1.333726501E-1,6.806944885E0,7.122189331E0
1.336203308E1,4.517605591E-1,6.849007416E0,6.586154022E0
1.337198808E1,4.273612976E-1,6.736441498E0,6.440057831E0
1.338194208E1,3.119512939E-1,6.193670197E0,6.317762146E0
1.339189708E1,5.189707947E-1,6.287225647E0,6.855294342E0
1.340185208E1,2.790197754E-1,6.631958771E0,7.737110596E0
1.341180708E1,2.853067017E-1,6.189179535E0,7.852370911E0
1.342176208E1,3.484753418E-1,6.318360901E0,7.567213898E0
1.343171608E1,1.197509766E-1,7.046895905E0,6.977739716E0
1.344167108E1,9.580078125E-2,6.621031494E0,6.756948853E0
1.345162608E1,3.052153015E-1,6.127807159E0,7.157366180E0
1.346158108E1,1.297801208E-1,7.007677460E0,6.897057495E0
1.347153608E1,8.951385498E-2,7.315886536E0,7.074738007E0
1.348149108E1,1.038839722E-1,7.033274231E0,7.181466064E0
1.349144508E1,2.408491516E-1,6.645580444E0,7.580087128E0
1.350140008E1,-1.302291870E-2,6.935677185E0,6.991211700E0
1.351135508E1,2.106120300E-1,6.563551025E0,6.710545349E0
1.352131008E1,1.721420288E-1,6.668333130E0,6.199058990E0
1.353126508E1,-1.886077881E-2,6.022276611E0,6.862030334E0
1.354121908E1,8.981323242E-2,6.464457092E0,7.041207733E0
1.355117408E1,1.341210938E-1,7.179819489E0,7.618108063E0
1.356112908E1,-1.803749084E-1,7.328909454E0,8.090675354E0
1.357108408E1,-3.718267822E-1,7.044500885E0,7.615114288E0
1.358103908E1,-6.863227844E-1,7.101382599E0,7.009324036E0
1.359099408E1,-5.673202515E-1,6.700516205E0,7.459737396E0
1.360094808E1,-9.550140381E-2,6.368207245E0,7.195237427E0
1.361090271E1,4.887336731E-1,6.295907593E0,7.141948242E0
1.362085771E1,1.290316772E-1,7.128476257E0,6.802005157E0
1.363081271E1,-1.959425354E-1,7.083120575E0,6.744075623E0
1.364076771E1,5.882766724E-2,6.838529205E0,6.750961304E0
1.365072171E1,-1.595681763E-1,6.852599945E0,7.288792877E0
1.366067671E1,-2.540217590E-1,7.031627655E0,7.455546112E0
1.367063171E1,6.586303711E-2,6.366111603E0,7.873926086E0
1.368058671E1,-3.757186890E-1,6.189029846E0,7.738008728E0
1.369054171E1,-5.071453857E-1,6.217321014E0,7.451504517E0
1.370049671E1,-1.275347900E-1,6.615193634E0,6.860683136E0
1.371045071E1,3.906875610E-2,7.062762909E0,7.092401276E0
1.372040571E1,2.424957275E-2,6.994953918E0,7.396269379E0
1.373036071E1,2.993774414E-2,6.388415222E0,7.654332733E0
1.374031571E1,5.658233643E-2,6.411018219E0,7.780670013E0
1.375027071E1,5.703140259E-2,6.708150330E0,7.012766876E0
1.376022471E1,1.559756470E-1,6.138734436E0,7.026987305E0
1.377017971E1,1.588197327E-1,6.413113861E0,7.218738556E0
1.378013471E1,-1.314266968E-1,7.166048126E0,7.094796295E0
1.379008971E1,-1.273851013E-1,7.075037384E0,7.034771118E0
1.380004471E1,-2.692900085E-1,6.573729858E0,7.714806976E0
1.380999971E1,-2.701881409E-1,6.685247955E0,7.955356750E0
1.381995371E1,-3.881428528E-1,6.746620331E0,7.865393829E0
1.382990871E1,-3.703298950E-1,6.511459351E0,8.016729126E0
1.383986371E1,-3.391946411E-1,6.373146973E0,7.487280121E0
1.384981871E1,-7.993377686E-2,5.831872559E0,7.335944824E0
1.385977371E1,-4.969665527E-2,6.232439575E0,6.760691071E0
1.386972771E1,-2.424957275E-1,6.743177490E0,6.731651459E0
1.387968271E1,1.257385254E-2,6.497987366E0,7.238647156E0
1.388963771E1,5.328918457E-1,6.362668762E0,7.578141174E0
1.389959271E1,5.728587341E-1,6.669530640E0,7.848479004E0
1.390954771E1,4.430786133E-1,6.830745392E0,7.448660431E0
1.391950271E1,5.276527405E-1,6.395749969E0,7.269932098E0
1.392945671E1,4.772076416E-1,6.362519073E0,7.339687042E0
1.393941171E1,3.427871704E-1,6.655759277E0,7.047943726E0
1.394936671E1,4.712200928E-1,6.574777679E0,6.727460175E0
1.395932171E1,9.595046997E-2,6.166576538E0,7.394473114E0
1.396927671E1,-2.222877502E-1,6.828350372E0,6.973997498E0
1.397923071E1,-3.188369751E-2,6.673422546E0,6.972201233E0
1.398918571E1,2.050735474E-2,6.619384918E0,7.184459839E0
1.399914071E1,-8.666976929E-2,6.545139313E0,7.430847473E0
1.400909571E1,1.580712891E-1,6.400240631E0,7.245682526E0
1.401905071E1,4.266128540E-2,7.030130768E0,6.992708588E0
1.402900571E1,-3.861968994E-2,7.305558014E0,7.148085480E0
1.403895971E1,1.901046753E-2,6.395749969E0,7.421716461E0
1.404891471E1,1.306782532E-1,6.499484253E0,7.219187622E0
1.405886971E1,2.986289978E-1,6.941065979E0,7.328909454E0
1.406882471E1,-2.643502808E-1,6.995253296E0,7.328909454E0
1.407877971E1,-1.490899658E-1,6.775210876E0,7.257807312E0
1.408873371E1,1.568737793E-1,6.681655426E0,7.651788025E0
1.409868871E1,3.514691162E-1,7.140451355E0,7.131919098E0
1.410864371E1,4.953199768E-1,7.075037384E0,6.443650360E0
1.411859871E1,7.003935242E-1,6.478976898E0,6.891668701E0
1.412855371E1,5.631289673E-1,6.783294067E0,6.969506836E0
1.413850771E1,5.812413025E-1,6.784940643E0,7.397466888E0
1.414846271E1,8.541238403E-1,6.918762360E0,7.208859100E0
1.415841771E1,6.307882690E-1,7.067552948E0,6.926845551E0
1.416837271E1,4.138893127E-1,6.797664185E0,6.821315002E0
1.417832771E1,4.652325439E-1,6.836283875E0,6.722071381E0
1.418828271E1,6.789880371E-1,7.192393341E0,6.876550140E0
1.419823671E1,9.015751648E-1,6.631809082E0,7.140750732E0
1.420819171E1,8.265811157E-1,7.746540985E0,6.474186859E0
1.421814671E1,2.306703186E-1,6.278992767E0,7.768245850E0
1.422810171E1,6.252497864E-1,5.251529388E0,7.582631836E0
1.423805671E1,1.044827271E0,7.154671783E0,5.891298981E0
1.424801071E1,1.537752228E0,7.776927795E0,5.854625244E0
1.425796571E1,1.269210663E0,6.750961304E0,6.535559235E0
1.426792071E1,1.943258972E0,4.861739960E0,8.149952087E0
1.427787571E1,9.355545044E-1,7.013964386E0,7.260801086E0
1.428783071E1,9.633966064E-1,7.252867584E0,8.376730499E0
1.429778571E1,9.807604980E-1,7.320676575E0,7.637118530E0
1.430773971E1,8.695417786E-1,6.173611908E0,8.150700531E0
1.431769471E1,7.560777283E-1,6.935527496E0,6.307733002E0
1.432764971E1,2.200424194E-1,6.648125153E0,6.167025604E0
1.433760471E1,2.658471680E-1,6.362519073E0,6.278693390E0
1.434755971E1,1.318757629E-1,6.080056458E0,6.692433014E0
1.435751371E1,2.203417969E-1,5.875731354E0,8.407416687E0
1.436746871E1,3.981719971E-2,6.693181458E0,8.561745758E0
1.437742371E1,-3.785627747E-1,6.588848419E0,8.544082489E0
1.438737871E1,-5.222639465E-1,6.808292084E0,7.005282440E0
1.439733371E1,-5.581892395E-1,6.901398468E0,6.898554382E0
1.440728771E1,-2.935395813E-1,6.841073914E0,6.874005432E0
1.441724271E1,-8.497828674E-1,5.814358978E0,6.942712555E0
1.442719771E1,-3.381468201E-1,5.680237885E0,7.709118805E0
1.443715271E1,-6.730004883E-1,6.753206635E0,7.668104095E0
1.444710771E1,-4.653822327E-1,6.732100525E0,8.137827301E0
1.445706271E1,-4.781057739E-1,6.309229889E0,8.471782837E0
1.446701671E1,-9.976753235E-1,6.285579071E0,8.790021057E0
1.447697171E1,-8.095166016E-1,6.792425079E0,7.732021179E0
1.448692671E1,-5.363346863E-1,6.309379578E0,7.102280731E0
1.449688171E1,-3.519181824E-1,6.204298096E0,6.467450867E0
1.450683671E1,-3.948788452E-1,6.328539734E0,6.069877625E0
1.451679071E1,-3.956272888E-1,6.827003174E0,6.066434784E0
1.452674571E1,-5.206173706E-1,6.959777069E0,6.848857727E0
1.453670071E1,-5.339396667E-1,6.869664459E0,7.458839264E0
1.454665571E1,-1.486408997E-1,6.367907867E0,7.653135223E0
1.455661071E1,-2.192939758E-1,6.615343323E0,7.367678833E0
1.456656571E1,-7.095245361E-2,6.364165649E0,6.905290375E0
1.457651971E1,9.116043091E-2,5.879174194E0,6.439010010E0
1.458647471E1,1.339714050E-1,6.253994751E0,6.845863953E0
1.459642971E1,-3.442840576E-2,7.104825439E0,7.029831390E0
1.460638596E1,-6.421646118E-2,6.887327728E0,7.734865265E0
1.461634096E1,-2.359094238E-1,6.900051270E0,8.217761078E0
1.462629496E1,-3.433859253E-1,6.953340454E0,8.060737610E0
1.463624996E1,2.613565063E-1,6.910080414E0,7.598947906E0
1.464620496E1,4.246669006E-1,6.969656525E0,7.145241394E0
1.465615996E1,3.363505554E-1,6.670129395E0,7.225624237E0
1.466611496E1,4.474195862E-1,6.362668762E0,7.087311859E0
1.467606896E1,2.866539001E-1,6.456523590E0,6.887926483E0
1.468602396E1,6.900650024E-2,6.861431580E0,6.841373291E0
1.469597896E1,4.941224670E-1,7.115752716E0,6.745273132E0
1.470593396E1,5.683680725E-1,6.797963562E0,6.968459015E0
1.471588896E1,4.867877197E-1,6.896159363E0,7.164401550E0
1.472584396E1,3.477268982E-1,7.244185638E0,6.944957886E0
1.473579796E1,4.132905579E-1,6.870562592E0,6.821764069E0
1.474575296E1,4.785548401E-1,6.459966431E0,7.160659332E0
1.475570796E1,6.903643799E-1,6.866221619E0,7.019652557E0
1.476566296E1,5.935157776E-1,6.712940369E0,6.939868469E0
1.477561796E1,5.242098999E-1,6.571035461E0,7.143445129E0
1.478557196E1,3.707789612E-1,7.070097656E0,6.992109833E0
1.479552696E1,4.984634399E-1,6.877897339E0,7.024292908E0
1.480548196E1,6.789880371E-1,6.536008301E0,7.248975677E0
1.481543696E1,2.495310974E-1,6.819219360E0,7.184908905E0
1.482539196E1,4.613406372E-1,6.588848419E0,7.246730347E0
1.483534596E1,5.656736755E-1,6.636449432E0,7.080426178E0
1.484530096E1,4.381388855E-1,6.750811615E0,7.695347443E0
1.485525596E1,4.020639038E-1,6.761738892E0,7.567962341E0
1.486521096E1,6.932084656E-1,6.623276825E0,7.653434601E0
1.487516596E1,3.864962769E-1,7.094646606E0,7.498057709E0
1.488512096E1,8.831634521E-3,6.959028625E0,7.456893311E0
1.489507496E1,-4.939727783E-2,7.031927032E0,7.050189056E0
1.490502996E1,-1.564247131E-1,6.893614655E0,7.241491241E0
1.491498496E1,-1.203497314E-1,7.097490692E0,7.105573883E0
1.492493996E1,-3.965254211E-1,6.834487610E0,7.076085205E0
1.493489496E1,-3.065625000E-1,6.160738678E0,7.335944824E0
1.494484896E1,-1.598675537E-1,6.342011719E0,7.232509918E0
1.495480396E1,-4.876858521E-1,6.283333740E0,7.382498016E0
1.496475896E1,-2.415975952E-1,6.250701599E0,7.562423859E0
1.497471396E1,-4.971162415E-1,6.572232971E0,7.262896729E0
1.498466896E1,-7.893086243E-1,6.345604248E0,6.925049286E0
1.499462396E1,-4.974156189E-1,6.155948639E0,6.868167572E0
1.500457796E1,-1.392105103E-1,6.565496979E0,6.573580170E0
1.501453296E1,-2.354603577E-1,6.271807709E0,6.896758118E0
1.502448796E1,-2.915936279E-1,6.244115295E0,7.464826813E0
1.503444296E1,-4.528083801E-1,6.708300018E0,7.664661255E0
1.504439796E1,-3.832031250E-1,6.561006317E0,7.548502808E0
1.505435196E1,-9.849517822E-2,6.312523041E0,7.577093353E0
1.506430696E1,-6.930587769E-2,6.806495819E0,7.713310089E0
1.507426196E1,-5.261558533E-1,6.712191925E0,7.642058258E0
1.508421696E1,-2.707868958E-1,6.639892273E0,7.712262268E0
1.509417196E1,1.014889526E-1,6.788533173E0,7.649991760E0
1.510412596E1,1.209484863E-1,6.494694214E0,7.348368988E0
1.511408096E1,9.550140381E-2,6.492598572E0,7.444319458E0
1.512403596E1,-1.077758789E-1,6.851402435E0,7.080875244E0
1.513399096E1,-2.698887634E-1,6.841522980E0,6.502627716E0
1.514394596E1,-3.652404785E-1,6.523284760E0,6.262676697E0
1.515389996E1,-6.162684631E-1,6.404581604E0,6.561156006E0
1.516385496E1,-6.734495544E-1,6.507417755E0,7.175179138E0
1.517380996E1,-7.545808411E-1,6.106401672E0,8.417894897E0
1.518376496E1,-7.453001404E-1,6.454877014E0,8.760382690E0
1.519371996E1,-4.457730103E-1,6.860383759E0,7.923173676E0
1.520367396E1,-3.671864319E-1,6.802304535E0,6.761140137E0
1.521362896E1,-4.514611816E-1,6.675069122E0,6.485114136E0
1.522358396E1,-5.957611084E-1,6.314768372E0,7.000193024E0
1.523353896E1,-2.324665833E-1,6.472091217E0,6.879094849E0
1.524349396E1,-7.708969116E-2,6.765331421E0,7.427853699E0
1.525344896E1,7.499404907E-2,7.205116882E0,7.312892761E0
1.526340296E1,-2.760260010E-1,7.305707703E0,6.795718231E0
1.527335796E1,-2.489323425E-1,6.879244537E0,6.913223877E0
1.528331296E1,-5.742059326E-1,6.473139038E0,7.471712494E0
1.529326796E1,-8.211923218E-1,6.785838776E0,7.140301666E0
1.530322296E1,-5.785469055E-1,6.330335999E0,7.514224091E0
1.531317696E1,-6.014492798E-1,6.533164215E0,7.375312958E0
1.532313196E1,-7.668553162E-1,7.146438904E0,6.843468933E0
1.533308696E1,-2.906954956E-1,7.116201782E0,6.819369049E0
1.534304196E1,-5.694158936E-1,6.893165588E0,7.311395874E0
1.535299696E1,-5.845344543E-1,7.296876068E0,7.091203766E0
1.536295096E1,-5.246589661E-1,6.846013641E0,7.382947083E0
1.537290596E1,-7.358697510E-1,6.583908691E0,7.229216766E0
1.538286096E1,-3.894900513E-1,6.193071442E0,7.019203491E0
1.539281596E1,-1.109193420E-1,6.246210938E0,6.242169342E0
1.540277096E1,-1.448986816E-1,7.623796234E0,5.634732513E0
1.541272496E1,-5.951623535E-1,6.320905609E0,7.075636139E0
1.542267996E1,-6.315367126E-1,5.265600128E0,8.012238464E0
1.543263496E1,-1.022972717E0,7.191644897E0,7.357050934E0
1.544258996E1,-5.981561279E-1,8.053253174E0,6.936425629E0
1.545254496E1,-4.305047607E-1,6.376440125E0,7.535779266E0
1.546249996E1,4.355941772E-2,5.429209900E0,7.877069550E0
1.547245396E1,-5.628295898E-1,6.962471466E0,6.815626831E0
1.548240896E1,-3.119512939E-1,6.691834259E0,7.577841797E0
1.549236396E1,-4.998106384E-1,6.912625122E0,7.176376648E0
1.550231896E1,9.909393311E-2,6.444698181E0,7.976612549E0
1.551227396E1,3.004252625E-1,7.023694153E0,7.510481873E0
1.552222796E1,-3.091072083E-1,6.640041962E0,7.867190094E0
1.553218296E1,-7.185058594E-3,6.841373291E0,7.262297974E0
1.554213796E1,-2.023791504E-1,6.483766937E0,7.207362213E0
1.555209296E1,1.377136230E-1,5.963898010E0,7.702083435E0
1.556204796E1,1.329235840E-1,6.203250275E0,7.427853699E0
1.557200196E1,1.948947144E-1,6.094725952E0,7.193441162E0
1.558195696E1,1.538800049E-1,6.224356384E0,6.261778564E0
1.559191196E1,1.763333130E-1,6.824608154E0,6.222859497E0
1.560186696E1,4.209246826E-1,7.040010223E0,5.951922913E0
1.561182083E1,-3.445834351E-1,5.996679840E0,6.663094025E0
1.562177483E1,-3.505709839E-1,5.890550537E0,7.680378571E0
1.563172983E1,-5.364843750E-1,6.474935303E0,7.814200287E0
1.564168483E1,1.293310547E-1,6.585854645E0,7.829169159E0
1.565163983E1,5.183720398E-1,6.739285583E0,7.460036774E0
1.566159483E1,1.266366577E-1,6.676715698E0,7.705675964E0
1.567154883E1,-8.517288208E-2,6.601422272E0,7.302414551E0
1.568150383E1,-2.263293457E-1,6.522835693E0,7.168293457E0
1.569145883E1,3.158432007E-2,6.913672943E0,7.214996338E0
1.570141383E1,2.354603577E-1,6.896758118E0,7.004683685E0
1.571136883E1,6.481521606E-2,6.679110718E0,7.063661041E0
1.572132383E1,5.987548828E-2,6.871011658E0,7.129673767E0
1.573127783E1,1.336720276E-1,6.918912048E0,7.188501434E0
1.574123283E1,5.330415344E-1,6.480324097E0,7.381599884E0
1.575118783E1,7.499404907E-1,6.392157440E0,7.618856506E0
1.576114283E1,8.080197144E-1,6.868466949E0,7.913593597E0
1.577109783E1,4.926255798E-1,6.821764069E0,7.608228607E0
1.578105183E1,6.894662476E-1,6.525380402E0,7.760162659E0
1.579100683E1,6.604266357E-1,6.878047028E0,7.288194122E0
1.580096183E1,4.975653076E-1,6.486611023E0,7.285499725E0
1.581091683E1,7.885601807E-1,6.521937561E0,7.278763733E0
1.582087183E1,3.508703613E-1,6.653364258E0,7.120093689E0
1.583082583E1,4.887336731E-1,6.355633392E0,6.869514771E0
1.584078083E1,5.098397827E-1,6.490502930E0,6.593488770E0
1.585073583E1,4.619393921E-1,6.833439789E0,6.861281891E0
1.586069083E1,5.346881104E-1,6.585106201E0,6.933880920E0
1.587064583E1,7.574249268E-1,6.426735535E0,7.365134125E0
1.588059983E1,5.629792786E-1,6.764433289E0,7.292984161E0
1.589055483E1,8.458909607E-1,6.677164764E0,6.646478577E0
1.590050983E1,1.190923462E0,6.522686005E0,6.285130005E0
1.591046483E1,1.028062134E0,6.837331696E0,6.412365417E0
1.592041983E1,8.628057861E-1,6.887178040E0,7.065756683E0
1.593037383E1,7.346722412E-1,6.622528381E0,7.701185303E0
1.594032883E1,5.933660889E-1,6.912026367E0,7.776179352E0
1.595028383E1,8.226892090E-1,7.522756348E0,7.032226410E0
1.596023883E1,7.679031372E-1,6.738537140E0,6.605014801E0
1.597019383E1,7.023394775E-1,6.283782806E0,6.461762695E0
1.598014783E1,5.420228577E-1,6.619384918E0,6.638694763E0
1.599010283E1,6.709048462E-1,5.981860657E0,8.250542908E0
1.600005783E1,8.385562134E-1,6.601272583E0,8.293802948E0
1.601001283E1,8.620573425E-1,7.371271362E0,7.804620209E0
1.601996783E1,7.991880798E-1,6.925348663E0,7.158264313E0
1.602992283E1,8.674461365E-1,5.938301239E0,7.393874359E0
1.603987683E1,6.262976074E-1,6.283932495E0,7.241940308E0
1.604983183E1,8.937913513E-1,6.021977234E0,7.242539063E0
1.605978683E1,1.113085327E0,6.350244598E0,7.379354553E0
1.606974183E1,6.411167908E-1,7.245083771E0,6.998396759E0
1.607969683E1,5.402265930E-1,7.110064545E0,6.597081299E0
1.608965083E1,6.807843018E-1,6.383026428E0,7.175029449E0
1.609960583E1,3.571572876E-1,6.535858612E0,7.487878876E0
1.610956083E1,7.476951599E-1,6.760541382E0,7.253915405E0
1.611951583E1,7.445516968E-1,6.200855255E0,7.789351959E0
1.612947083E1,4.605921936E-1,6.196214905E0,7.699538727E0
1.613942483E1,4.010160828E-1,6.559659119E0,7.151228943E0
1.614937983E1,7.726931763E-1,6.979386292E0,6.954388275E0
1.615933483E1,4.487667847E-1,7.307204590E0,7.451354828E0
1.616928983E1,3.342549133E-1,7.025789795E0,7.681725769E0
1.617924483E1,4.522096252E-1,6.694528656E0,7.689359894E0
1.618919883E1,2.853067017E-1,6.715934143E0,7.398215332E0
1.619915383E1,2.248324585E-1,6.189927979E0,6.944508820E0
1.620910883E1,5.195695496E-1,6.171216888E0,6.528374176E0
1.621906383E1,2.424957275E-1,6.820716248E0,6.713239746E0
1.622901883E1,-3.757186890E-2,7.214696960E0,7.106022949E0
1.623897283E1,-1.059796143E-1,6.995402985E0,7.276069336E0
1.624892783E1,3.876937866E-2,6.463558960E0,7.782166901E0
1.625888283E1,8.427474976E-2,6.490951996E0,7.802075500E0
1.626883783E1,-1.119671631E-1,6.245013428E0,7.716752930E0
1.627879283E1,5.733078003E-2,5.902825012E0,7.786956940E0
1.628874683E1,2.700384521E-1,5.749094696E0,7.483238525E0
1.629870183E1,3.634442139E-1,5.840404816E0,6.950047302E0
1.630865683E1,3.158432007E-1,6.336922302E0,6.864425354E0
1.631861183E1,2.529739380E-2,6.633455658E0,6.956334229E0
1.632856683E1,8.831634521E-2,6.299350433E0,7.194339294E0
1.633852083E1,5.688171387E-1,6.175557861E0,7.461084595E0
1.634847583E1,5.831872559E-1,6.755002899E0,7.048243103E0
1.635843083E1,3.453318787E-1,6.499633942E0,7.000193024E0
1.636838583E1,3.739224243E-1,6.018684082E0,6.978787537E0
1.637834083E1,4.251159668E-2,6.550079041E0,7.016359406E0
1.638829483E1,4.728666687E-1,6.849905548E0,6.941065979E0
1.639824983E1,5.373825073E-1,6.392756195E0,7.580386505E0
1.640820483E1,2.526745605E-1,6.969357147E0,7.459587708E0
1.641815983E1,-9.580078125E-3,7.225324860E0,7.060218201E0
1.642811483E1,5.710624695E-1,6.614145813E0,7.458390198E0
1.643806883E1,5.230123901E-1,6.851552124E0,7.318580933E0
1.644802383E1,6.435118103E-1,6.734345856E0,6.909481659E0
1.645797883E1,7.191046143E-1,6.713838501E0,6.843618622E0
1.646793383E1,4.613406372E-1,7.029532013E0,7.064110107E0
1.647788883E1,4.840933228E-1,6.848258972E0,6.873406677E0
1.648784383E1,4.382885742E-1,6.416257324E0,7.196584625E0
1.649779783E1,5.586383057E-1,6.752907257E0,7.433691559E0
1.650775283E1,1.874102783E-1,6.988666992E0,7.562573547E0
1.651770783E1,-0.000000000E0,6.864275665E0,7.450456696E0
1.652766283E1,5.177732849E-1,6.585255890E0,7.580985260E0
1.653761783E1,4.486170959E-1,6.953939209E0,7.240293732E0
1.654757183E1,3.469784546E-1,6.912176056E0,6.932833099E0
1.655752683E1,4.296066284E-1,6.450086975E0,6.844516754E0
1.656748183E1,3.248245239E-1,6.491850128E0,7.011719055E0
1.657743683E1,2.317181396E-1,6.605613556E0,7.020550690E0
1.658739183E1,4.987628174E-1,6.547833710E0,7.200027466E0
1.659734583E1,5.551954651E-1,6.827452240E0,7.293732605E0
1.660730083E1,-1.350192261E-1,6.758745117E0,7.113208008E0
1.661725583E1,-1.248403931E-1,6.694678345E0,7.598798218E0
1.662721083E1,1.312770081E-1,7.103178864E0,7.424560547E0
1.663716583E1,3.638932800E-1,6.636150055E0,7.518714752E0
1.664711983E1,5.971083069E-1,6.371949463E0,7.552694092E0
1.665707483E1,3.893403625E-1,6.941814423E0,7.156617737E0
1.666702983E1,3.201841736E-1,7.046746216E0,6.553222504E0
1.667698483E1,4.608915710E-1,6.596033478E0,6.754553833E0
1.668693983E1,5.138813782E-1,6.537205811E0,7.339088287E0
1.669689383E1,9.862989807E-1,6.503825226E0,7.297923889E0
1.670684883E1,9.276210022E-1,6.564149780E0,7.386240234E0
1.671680383E1,7.779322815E-1,6.912475433E0,7.486831055E0
1.672675883E1,5.152285767E-1,6.794520721E0,7.492668915E0
1.673671383E1,5.511538696E-1,6.566694489E0,7.637717285E0
1.674666783E1,4.267625427E-1,6.758745117E0,7.217990112E0
1.675662283E1,3.733236694E-1,6.450386353E0,6.411616974E0
1.676657783E1,2.161505127E-1,6.068380737E0,5.822442169E0
1.677653283E1,2.007325745E-1,6.125262451E0,6.052663422E0
1.678648783E1,7.708969116E-2,6.113586731E0,7.027436371E0
1.679644183E1,1.675016785E-1,5.919440460E0,8.756640472E0
1.680639683E1,-1.130149841E-1,6.412365417E0,9.239386597E0
1.681635183E1,-3.655398560E-1,7.104076996E0,8.143515472E0
1.682630683E1,-1.896556091E-1,7.324718170E0,6.687193909E0
1.683626183E1,1.462458801E-1,7.075486450E0,6.398743744E0
1.684621583E1,-1.392105103E-2,5.833070068E0,7.231013031E0
1.685617083E1,1.089733887E-1,6.335724792E0,7.223079529E0
1.686612583E1,4.116439819E-2,6.975494385E0,7.833809509E0
1.687608083E1,-2.664459229E-1,7.080126801E0,7.980654144E0
1.688603583E1,1.643582153E-1,6.301146698E0,8.205785980E0
1.689598983E1,1.044827271E-1,6.993756409E0,7.097490692E0
1.690594483E1,-3.849993896E-1,6.547983398E0,7.162006531E0
1.691589983E1,7.903564453E-2,6.231092377E0,6.693331146E0
1.692585483E1,7.783813477E-3,6.361022186E0,6.710994415E0
1.693580983E1,1.660047913E-1,6.884483643E0,6.263125763E0
1.694576383E1,1.249900818E-1,6.713838501E0,6.180048523E0
1.695571883E1,2.850073242E-1,6.751260681E0,7.037615204E0
1.696567383E1,-2.486329651E-1,6.684349823E0,7.806117096E0
1.697562883E1,8.262817383E-2,6.351591797E0,8.389603729E0
1.698558383E1,1.679507446E-1,6.593488770E0,8.406817932E0
1.699553783E1,-1.493893433E-1,6.288423157E0,7.890541534E0
1.700549283E1,-8.981323242E-2,6.096821594E0,6.849007416E0
1.701544783E1,2.320175171E-2,6.825206909E0,6.445596313E0
1.702540283E1,-1.429527283E-1,6.882687378E0,6.838080139E0
1.703535783E1,-2.124082947E-1,6.413712616E0,7.063960419E0
1.704531183E1,-4.516108704E-1,6.418652344E0,7.675289154E0
1.705526683E1,-5.987548828E-1,7.189100189E0,7.286697235E0
1.706522183E1,-3.814068604E-1,7.084018707E0,7.521409149E0
1.707517683E1,-1.601669312E-2,6.700516205E0,7.529043274E0
1.708513183E1,-1.640588379E-1,6.470744019E0,7.380252686E0
1.709508583E1,-2.797682190E-1,6.592890015E0,6.932982788E0
1.710504083E1,-3.453318787E-1,6.866071930E0,6.645131378E0
1.711499583E1,-2.642005920E-1,7.109465790E0,6.761738892E0
1.712495083E1,-2.724334717E-1,6.991960144E0,7.095544739E0
1.713490583E1,-1.574725342E-1,6.801107025E0,7.774832153E0
1.714485983E1,1.257385254E-2,7.346123657E0,6.976392517E0
1.715481483E1,-3.902384949E-1,6.854695587E0,6.659202118E0
1.716476983E1,-9.819580078E-2,6.230643311E0,6.665489044E0
1.717472483E1,8.008346558E-2,6.734794922E0,6.444099426E0
1.718467983E1,1.046324158E-1,6.406976624E0,7.147935791E0
1.719463383E1,-5.074447632E-2,6.061644745E0,7.860603790E0
1.720458883E1,-1.932481384E-1,7.022197266E0,7.698790283E0
1.721454383E1,-8.771759033E-2,6.756948853E0,7.606881409E0
1.722449883E1,3.412902832E-1,6.562353516E0,7.265591125E0
1.723445383E1,5.713618469E-1,7.041207733E0,6.686146088E0
1.724440783E1,1.883084106E-1,6.468798065E0,6.530020752E0
1.725436283E1,5.339396667E-1,5.952371979E0,7.176077271E0
1.726431783E1,2.757266235E-1,6.493945770E0,7.239994354E0
1.727427283E1,2.880010986E-1,6.450386353E0,7.643854523E0
1.728422783E1,6.768923950E-1,6.864575043E0,7.519463196E0
1.729418183E1,3.730242920E-1,7.411687317E0,7.330705719E0
1.730413683E1,3.861968994E-1,6.825057220E0,7.513475647E0
1.731409183E1,9.595046997E-2,6.374045105E0,7.838300171E0
1.732404683E1,1.938468933E-1,6.777605896E0,7.990533600E0
1.733400183E1,4.905299377E-1,6.597829742E0,7.477400665E0
1.734395583E1,2.306703186E-1,6.416706390E0,7.451654205E0
1.735391083E1,2.561174011E-1,6.186036072E0,7.452402649E0
1.736386583E1,1.142124939E-1,6.268215179E0,7.313042450E0
1.737382083E1,2.424957275E-2,6.515950012E0,7.026238861E0
1.738377583E1,3.068618774E-1,6.839127960E0,6.812483368E0
1.739372983E1,-2.062710571E-1,6.444698181E0,6.894512787E0
1.740368483E1,-3.248245239E-1,6.638545074E0,6.727011108E0
1.741363983E1,3.345542908E-1,6.696773987E0,7.325915680E0
1.742359483E1,1.942959595E-1,6.535708923E0,7.717201996E0
1.743354983E1,-2.315684509E-1,6.459517365E0,8.065527649E0
1.744350383E1,3.876937866E-2,6.713239746E0,8.078550568E0
1.745345883E1,2.130070496E-1,6.755451965E0,7.393574982E0
1.746341383E1,3.047662354E-1,6.479126587E0,7.118297424E0
1.747336883E1,4.607418823E-1,6.557264099E0,6.875652008E0
1.748332383E1,3.329077148E-1,6.483467560E0,6.735243988E0
1.749327783E1,3.284170532E-1,6.479725342E0,6.776258698E0
1.750323283E1,4.745132446E-1,6.519692230E0,6.895710297E0
1.751318783E1,3.740721130E-1,6.453679504E0,7.364235992E0
1.752314283E1,1.532812500E-1,6.337071991E0,9.132359161E0
1.753309783E1,-1.827699280E-1,7.088958435E0,9.185947723E0
1.754305183E1,1.534309387E-1,7.293882294E0,7.606582031E0
1.755300683E1,3.823049927E-1,6.661148071E0,6.052214355E0
1.756296183E1,-1.303788757E-1,6.464457092E0,4.885390778E0
1.757291683E1,-3.406915283E-1,5.977519684E0,5.541476440E0
1.758287183E1,-1.383123779E-1,5.798791351E0,7.253915405E0
1.759282583E1,-1.249900818E-1,6.290818176E0,9.157656555E0
1.760278083E1,1.507365417E-1,7.216343536E0,8.517587585E0
1.761273575E1,2.435435486E-1,7.326813812E0,7.547155609E0
1.762269075E1,-7.634124756E-3,7.092251587E0,7.070995789E0
1.763264575E1,-8.038284302E-2,6.646628265E0,6.890920258E0
1.764259975E1,3.185375977E-1,6.615792389E0,7.035519562E0
1.765255475E1,3.210823059E-1,6.821165314E0,6.779402161E0
1.766250975E1,-7.409591675E-2,6.713389435E0,6.709347839E0
1.767246475E1,-2.040257263E-1,6.778054962E0,6.649322662E0
1.768241975E1,-3.591032410E-1,6.705006866E0,7.196135559E0
1.769237375E1,-3.611988831E-1,6.794221344E0,7.486681366E0
1.770232875E1,-1.550775146E-1,6.573280792E0,7.580835571E0
1.771228375E1,-1.869612122E-1,6.758296051E0,7.137158203E0
1.772223875E1,-1.471440125E-1,7.207960968E0,6.395450592E0
1.773219375E1,3.366499329E-1,6.818620605E0,6.793472900E0
1.774214775E1,3.989204407E-1,7.176975403E0,7.259753265E0
1.775210275E1,1.730401611E-1,7.135811005E0,7.482041016E0
1.776205775E1,4.891827393E-1,6.634353790E0,7.719147949E0
1.777201275E1,2.664459229E-1,6.612199860E0,7.329957275E0
1.778196775E1,2.064207458E-1,6.375691681E0,6.830595703E0
1.779192175E1,6.698570251E-1,6.342760162E0,6.662495270E0
1.780187675E1,5.701643372E-1,6.918163605E0,7.418273621E0
1.781183175E1,4.237687683E-1,7.134763184E0,7.151678009E0
1.782178675E1,3.447331238E-1,6.641538849E0,7.479795685E0
1.783174175E1,2.802172852E-1,6.968608704E0,7.269183655E0
1.784169575E1,4.767585754E-1,6.643185425E0,7.190746765E0
1.785165075E1,9.256750488E-1,6.348598022E0,7.474706268E0
1.786160575E1,6.414161682E-1,6.547983398E0,7.457941132E0
1.787156075E1,6.724017334E-1,6.355184326E0,7.497458954E0
1.788151575E1,6.462062073E-1,6.568939819E0,7.218588867E0
1.789146975E1,7.791297913E-1,6.703060913E0,7.323221283E0
1.790142475E1,8.637039185E-1,5.998625793E0,7.689958649E0
1.791137975E1,6.454577637E-1,6.120921478E0,7.727829895E0
1.792133475E1,7.032376099E-1,6.957531738E0,7.358098755E0
1.793128975E1,7.924520874E-1,6.488107910E0,7.483388214E0
1.794124375E1,1.187330933E0,6.779551849E0,7.105124817E0
1.795119875E1,8.044271851E-1,7.453899536E0,6.516099701E0
1.796115375E1,2.567161560E-1,6.069877625E0,7.724836121E0
1.797110875E1,5.363346863E-1,6.345753937E0,7.411537628E0
1.798106375E1,6.691085815E-1,6.752607880E0,7.222630463E0
1.799101775E1,5.730084229E-1,5.962700500E0,7.766150208E0
1.800097275E1,7.005432129E-1,5.957910461E0,7.303612061E0
1.801092775E1,7.026388550E-1,6.753056946E0,6.502627716E0
1.802088275E1,5.125341797E-1,6.843618622E0,6.097719727E0
1.803083675E1,7.306306458E-1,6.588698730E0,6.963369598E0
1.804079175E1,8.363108826E-1,6.504274292E0,7.760611725E0
1.805074675E1,4.658312988E-1,6.434968414E0,8.169561310E0
1.806070175E1,7.201524353E-1,6.933731232E0,7.615114288E0
1.807065675E1,5.225633240E-1,6.876101074E0,7.335645447E0
1.808061075E1,7.674540710E-1,6.418951721E0,7.239245911E0
1.809056575E1,5.691165161E-1,6.442303162E0,7.067702637E0
1.810052075E1,4.959187317E-1,6.739584961E0,7.164102173E0
1.811047575E1,5.646258545E-1,6.531068573E0,7.210954742E0
1.812043075E1,8.749305725E-1,6.333778839E0,6.913672943E0
1.813038475E1,9.142987061E-1,6.785090332E0,6.978188782E0
1.814033975E1,4.096980286E-1,6.429729309E0,7.196584625E0
1.815029475E1,3.844006348E-1,6.269412689E0,7.603588257E0
1.816024975E1,5.287005615E-1,7.007976837E0,7.048392792E0
1.817020475E1,4.073030090E-1,6.652017059E0,7.240293732E0
1.818015875E1,1.466949463E-1,7.111860809E0,7.183262329E0
1.819011375E1,-3.876937866E-2,7.231312408E0,7.194189606E0
1.820006875E1,2.495310974E-1,6.645879822E0,7.237299957E0
1.821002375E1,6.137237549E-2,6.810986481E0,6.929090881E0
1.821997875E1,4.285588074E-1,7.183112640E0,6.661297760E0
1.822993275E1,4.082011414E-1,6.743626556E0,6.654412079E0
1.823988775E1,9.490264893E-2,6.644832001E0,6.964866486E0
1.824984275E1,4.558021545E-1,6.925198975E0,7.074887695E0
1.825979775E1,5.257067871E-1,7.060367889E0,6.677913208E0
1.826975275E1,4.616400146E-1,7.050638123E0,6.368955688E0
1.827970675E1,4.644841003E-1,6.882837067E0,6.513554993E0
1.828966175E1,4.204756165E-1,6.079607391E0,8.114326172E0
1.829961675E1,3.059637451E-1,6.638844452E0,8.258925476E0
1.830957175E1,4.113446045E-1,7.465425568E0,7.477250977E0
1.831952675E1,3.876937866E-1,6.932384033E0,6.423592072E0
1.832948075E1,3.477268982E-1,6.422993317E0,5.694458313E0
1.833943575E1,9.624984741E-2,6.370751953E0,6.046226807E0
1.834939075E1,1.437011719E-2,5.787265320E0,7.672594757E0
1.835934575E1,4.646337891E-1,6.399342499E0,8.880732422E0
1.836930075E1,2.528242493E-1,7.409741364E0,8.238717499E0
1.837925475E1,1.586700439E-1,6.937024384E0,7.657625885E0
1.838920975E1,2.122586060E-1,6.782845001E0,7.501799927E0
1.839916475E1,2.200424194E-2,6.671326904E0,7.420818329E0
1.840911975E1,6.285429382E-1,6.509812775E0,7.131320343E0
1.841907475E1,6.854246521E-1,6.819069672E0,6.794071655E0
1.842902875E1,1.215472412E-1,6.785389709E0,7.121141510E0
1.843898375E1,-1.227447510E-2,6.263724518E0,6.662944336E0
1.844893875E1,-2.604583740E-1,6.066883850E0,7.212002563E0
1.845889375E1,-2.888992310E-1,6.375691681E0,7.754175110E0
1.846884775E1,-2.170486450E-1,6.382277985E0,8.164471893E0
1.847880275E1,-1.261875916E-1,6.626719666E0,8.255931702E0
1.848875775E1,-4.793032837E-1,6.879094849E0,7.629334717E0
1.849871275E1,-1.218466187E-1,7.015760651E0,7.258705444E0
1.850866775E1,-3.583547974E-1,7.181915131E0,7.110513611E0
1.851862175E1,-3.891906738E-1,6.498436432E0,7.271578674E0
1.852857675E1,-3.381468201E-1,6.234385529E0,7.366780701E0
1.853853175E1,-2.261796570E-1,5.987548828E0,7.489375763E0
1.854848675E1,-8.637039185E-2,6.383475494E0,6.490353241E0
1.855844175E1,3.487747192E-2,6.449039154E0,6.619534607E0
1.856839575E1,-2.730322266E-1,6.691085815E0,7.075636139E0
1.857835075E1,-3.891906738E-1,6.944508820E0,7.383545837E0
1.858830575E1,-2.968327332E-1,6.643484802E0,7.779622192E0
1.859826075E1,-5.748046875E-2,6.896159363E0,7.677983551E0
1.860821571E1,-1.005908203E-1,6.843768311E0,7.615114288E0
1.861816971E1,-2.260299683E-2,6.116580505E0,7.838599548E0
1.862812471E1,-1.652563477E-1,6.060746613E0,7.507488098E0
1.863807971E1,-2.136058044E-1,6.321803741E0,6.941365356E0
1.864803471E1,-2.818638611E-1,6.545289001E0,6.561305695E0
1.865798971E1,-3.848497009E-1,6.831793213E0,6.901398468E0
1.866794371E1,-3.905378723E-1,6.517895966E0,7.229366455E0
1.867789871E1,1.657054138E-1,6.162235565E0,7.601342926E0
1.868785371E1,-1.236428833E-1,6.597979431E0,7.224576416E0
1.869780871E1,-3.198847961E-1,6.697522430E0,6.696025543E0
1.870776371E1,-4.254153442E-1,6.782096558E0,6.577472076E0
1.871771771E1,-1.899549866E-1,6.544839935E0,7.148534546E0
1.872767271E1,-1.754351807E-1,6.540798340E0,7.530689850E0
1.873762771E1,2.191442871E-1,6.815626831E0,7.409292297E0
1.874758271E1,-1.598675537E-1,6.890471191E0,7.142097931E0
1.875753771E1,-2.878514099E-1,6.489006042E0,6.854246521E0
1.876749171E1,-1.483415222E-1,6.472390594E0,6.664441223E0
1.877744671E1,2.570155334E-1,6.603817291E0,6.820416870E0
1.878740171E1,-1.993853760E-1,6.806196442E0,7.085066528E0
1.879735671E1,-6.242019653E-2,7.227121124E0,7.236850891E0
1.880731071E1,8.786727905E-2,6.987918549E0,7.489675140E0
1.881726571E1,-1.456471252E-1,6.644382935E0,7.358847198E0
1.882722071E1,-3.312611389E-1,7.122189331E0,6.811136169E0
1.883717571E1,-6.626719666E-1,6.981781311E0,6.839726715E0
1.884713071E1,-8.713380432E-1,6.490502930E0,7.351662140E0
1.885708471E1,-5.902226257E-1,6.666536865E0,7.356751556E0
1.886703971E1,-9.131011963E-2,7.053482208E0,7.234156494E0
1.887699471E1,1.225950623E-1,6.715036011E0,7.205565948E0
1.888694971E1,-1.874102783E-1,6.969955902E0,6.927893372E0
1.889690471E1,-3.501219177E-1,7.099286957E0,7.059170380E0
1.890685871E1,-3.719764709E-1,6.597081299E0,7.284751282E0
1.891681371E1,4.370910645E-2,6.471492462E0,7.507039032E0
1.892676871E1,9.879455566E-2,6.692582703E0,7.234755249E0
1.893672371E1,-1.540296936E-1,6.485114136E0,7.488777008E0
1.894667871E1,-2.769241333E-1,7.007827148E0,7.461084595E0
1.895663271E1,-1.969903564E-1,7.097041626E0,7.726782074E0
1.896658771E1,7.274871826E-2,6.528972931E0,7.841743011E0
1.897654271E1,8.023315430E-2,6.536157990E0,7.651039581E0
1.898649771E1,3.447331238E-1,6.699169006E0,6.699318695E0
1.899645271E1,5.273533630E-1,6.182742920E0,6.640491028E0
1.900640671E1,6.209088135E-1,6.291117554E0,6.940467224E0
1.901636171E1,8.559201050E-1,6.276897125E0,7.085665283E0
1.902631671E1,6.351292419E-1,6.262077942E0,7.500752106E0
1.903627171E1,5.198689270E-1,6.637497253E0,7.930358734E0
1.904622671E1,3.147953796E-1,6.453080750E0,8.347690887E0
1.905618071E1,4.014651489E-1,6.440955963E0,8.227490845E0
1.906613571E1,2.520758057E-1,6.997648315E0,7.509583740E0
1.907609071E1,7.604187012E-2,6.711742859E0,6.485862579E0
1.908604571E1,6.436614990E-3,6.021677856E0,5.957311707E0
1.909599971E1,3.891906738E-2,6.391408997E0,5.920937347E0
1.910595471E1,-4.984634399E-2,6.094725952E0,7.303312683E0
1.911590971E1,4.984634399E-2,6.220763855E0,8.564140778E0
1.912586471E1,-1.689985657E-1,7.264094238E0,8.687933350E0
1.913581971E1,-3.429368591E-1,7.566016388E0,7.576045532E0
1.914577371E1,-1.613644409E-1,7.140301666E0,6.971602478E0
1.915572871E1,1.249900818E-1,6.994055786E0,6.818021851E0
1.916568371E1,-3.397933960E-2,6.455775146E0,6.591542816E0
1.917563871E1,2.541714478E-1,6.169720001E0,6.804699554E0
1.918559371E1,7.484436035E-2,6.967111816E0,6.486311646E0
1.919554771E1,2.065704346E-1,6.566544800E0,6.843169556E0
1.920550271E1,3.191363525E-1,6.441554718E0,7.415728912E0
1.921545771E1,-2.725831604E-1,6.684649200E0,7.970175934E0
1.922541271E1,-2.552192688E-1,6.127657471E0,8.250842285E0
1.923536771E1,2.305206299E-2,6.448590088E0,7.711214447E0
1.924532171E1,1.079255676E-1,6.894363098E0,7.121740265E0
1.925527671E1,4.105961609E-1,6.863676910E0,6.262826385E0
1.926523171E1,2.460882568E-1,7.120243378E0,6.563251648E0
1.927518671E1,-2.912942505E-1,7.100035400E0,6.619983673E0
1.928514171E1,-7.319778442E-2,6.446793823E0,7.163653107E0
1.929509571E1,-6.167175293E-2,6.099066925E0,7.791148224E0
1.930505071E1,-2.856060791E-1,6.214177551E0,7.472011871E0
1.931500571E1,-3.008743286E-2,6.829398193E0,6.938970337E0
1.932496071E1,-4.667294312E-1,7.351662140E0,6.899901581E0
1.933491571E1,-1.513352966E-1,6.915020142E0,7.682773590E0
1.934486971E1,-4.920268250E-1,6.936725006E0,7.317682800E0
1.935482471E1,-5.810916138E-1,7.020101624E0,7.380252686E0
1.936477971E1,-6.885681152E-3,7.180567932E0,7.084916840E0
1.937473471E1,-8.711883545E-2,6.663992157E0,7.045099640E0
1.938468871E1,3.528163147E-1,6.389612732E0,7.079827423E0
1.939464371E1,6.885681152E-2,6.689888306E0,6.504573669E0
1.940459871E1,-1.213975525E-1,6.362369385E0,6.738237762E0
1.941455371E1,2.260299683E-2,6.825655975E0,6.595285034E0
1.942450871E1,1.444496155E-1,6.669530640E0,7.193141785E0
1.943446271E1,2.061213684E-1,6.455924835E0,7.470964050E0
1.944441771E1,1.706451416E-1,7.038064270E0,7.346123657E0
1.945437271E1,-1.034349060E-1,6.544690247E0,7.171287231E0
1.946432771E1,1.570234680E-1,6.099366302E0,7.126530304E0
1.947428271E1,2.639012146E-1,6.739884338E0,7.200626221E0
1.948423671E1,2.441423035E-1,6.466702423E0,7.581434326E0
1.949419171E1,6.614744568E-1,6.335874481E0,7.905660095E0
1.950414671E1,3.944297791E-1,7.039411469E0,7.004683685E0
1.951410171E1,-2.065704346E-2,6.501879272E0,6.936425629E0
1.952405671E1,4.336482239E-1,6.367009735E0,6.553521881E0
1.953401071E1,5.882766724E-1,6.769073639E0,6.556365967E0
1.954396571E1,6.051914978E-1,6.439459076E0,7.002588043E0
1.955392071E1,4.384382629E-1,6.425088959E0,7.500901794E0
1.956387571E1,1.252894592E-1,6.649771729E0,7.976911926E0
1.957382971E1,9.729766846E-3,6.512058105E0,7.893834686E0
1.958378471E1,2.833607483E-1,6.860084381E0,7.863896942E0
1.959373971E1,3.592529297E-3,6.931785278E0,7.556585999E0
1.960369471E1,-1.913021851E-1,6.595135345E0,7.397616577E0
1.961365021E1,2.125579834E-1,6.960375824E0,7.120991821E0
1.962360421E1,2.215393066E-1,6.799759827E0,7.039411469E0
1.963355921E1,8.981323242E-2,6.529421997E0,6.826554108E0
1.964351421E1,-1.667532349E-1,6.756799164E0,6.574927368E0
1.965346921E1,7.694000244E-2,6.406677246E0,7.105873260E0
1.966342421E1,5.239105225E-2,6.051615601E0,7.598648529E0
1.967337821E1,2.113604736E-1,6.348298645E0,7.989785156E0
1.968333321E1,6.167175293E-2,6.742578735E0,7.603288879E0
1.969328821E1,-4.855902100E-1,6.536607056E0,7.405999146E0
1.970324321E1,5.403762817E-2,6.650520172E0,7.089706879E0
1.971319821E1,2.844085693E-3,6.644832001E0,6.902146912E0
1.972315221E1,-1.118174744E-1,6.431974640E0,7.003186798E0
1.973310721E1,-2.558180237E-1,6.522386627E0,7.588020630E0
1.974306221E1,-2.877017212E-1,6.508615265E0,7.679031372E0
1.975301721E1,-1.043330383E-1,6.356681213E0,7.774981842E0
1.976297221E1,1.378633118E-1,6.795568542E0,7.786058807E0
1.977292621E1,-2.731819153E-1,6.899602203E0,7.287146301E0
1.978288121E1,-3.832031250E-2,6.501579895E0,7.367828522E0
1.979283621E1,2.619552612E-2,6.778504028E0,7.473658447E0
1.980279121E1,4.655319214E-2,6.481521606E0,7.426506500E0
1.981274521E1,-3.049159241E-1,6.508914642E0,7.245383148E0
1.982270021E1,-3.715274048E-1,6.996750183E0,7.025340729E0
1.983265521E1,-2.695893860E-1,6.746919708E0,6.307733002E0
1.984261021E1,-6.481521606E-2,6.469396820E0,5.810467072E0
1.985256521E1,2.080673218E-1,6.651268616E0,6.041436768E0
1.986251921E1,-2.115101624E-1,6.171366577E0,7.380851440E0
1.987247421E1,-1.930984497E-1,6.412964172E0,8.511001282E0
1.988242921E1,3.125500488E-1,7.653733978E0,8.206983490E0
1.989238421E1,4.451742554E-1,7.281607819E0,7.578440552E0
1.990233921E1,3.740721130E-1,6.609804840E0,7.353159027E0
1.991229321E1,5.269042969E-2,7.120692444E0,6.660848694E0
1.992224821E1,3.989204407E-1,6.381080475E0,7.006629639E0
1.993220321E1,1.676513672E-1,6.546785889E0,7.091652832E0
1.994215821E1,-3.335064697E-1,7.448660431E0,7.016958160E0
1.995211321E1,-4.577481079E-1,6.766678619E0,7.209158478E0
1.996206721E1,-5.351371765E-1,6.588698730E0,7.455246735E0
1.997202221E1,-5.962101746E-1,6.939569092E0,7.034621429E0
1.998197721E1,-1.173559570E-1,6.142326965E0,7.014263763E0
1.999193221E1,-1.170565796E-1,6.532266083E0,6.544091492E0
2.000188721E1,-4.558021545E-1,7.143744507E0,6.594237213E0
2.001184121E1,7.140151978E-2,6.824009399E0,7.442523193E0
2.002179621E1,6.851252747E-1,6.987768860E0,8.294551392E0
2.003175121E1,7.096742249E-1,6.662495270E0,8.408464508E0
2.004170621E1,6.709048462E-1,5.793701935E0,8.318800964E0
2.005166021E1,5.757028198E-1,6.304439850E0,7.146289215E0
2.006161521E1,4.646337891E-1,6.776707764E0,6.148464203E0
2.007157021E1,7.050338745E-1,7.030130768E0,6.143374786E0
2.008152521E1,6.361770630E-1,7.185657349E0,6.841073914E0
2.009148021E1,6.322851562E-1,6.531367950E0,7.538024597E0
2.010143421E1,2.118095398E-1,6.858737183E0,7.611222382E0
2.011138921E1,2.222877502E-1,7.164401550E0,7.543413391E0
2.012134421E1,5.554948425E-1,6.382128296E0,7.790998535E0
2.013129921E1,6.506968689E-1,6.156996460E0,7.697892151E0
2.014125421E1,6.042933655E-1,6.427933044E0,7.303162994E0
2.015120821E1,6.412664795E-1,6.713838501E0,6.780300293E0
2.016116321E1,7.861651611E-1,6.753356323E0,6.973398743E0
2.017111821E1,9.981243896E-1,6.654112701E0,7.066804504E0
2.018107321E1,9.017248535E-1,6.415059814E0,7.166646881E0
2.019102821E1,7.888595581E-1,6.478677521E0,7.432793427E0
2.020098221E1,5.584886169E-1,6.265520782E0,7.491770782E0
2.021093721E1,1.021924896E0,6.000272369E0,7.555987244E0
2.022089221E1,1.010997620E0,6.345753937E0,7.420818329E0
2.023084721E1,6.661148071E-1,6.445446625E0,7.524103546E0
2.024080121E1,7.240443420E-1,6.370153198E0,7.050338745E0
2.025075621E1,5.517526245E-1,6.725514221E0,7.207960968E0
2.026071121E1,5.186714172E-1,6.571334839E0,7.309749298E0
2.027066621E1,6.053411865E-1,6.242618408E0,7.395970001E0
2.028062121E1,6.625222778E-1,6.548432465E0,6.965764618E0
2.029057521E1,5.138813782E-1,6.611451416E0,6.770121460E0
2.030053021E1,7.559280396E-1,6.353537750E0,7.064259796E0
2.031048521E1,7.743397522E-1,6.363417206E0,7.707472229E0
2.032044021E1,6.081852722E-1,6.371051331E0,7.773484955E0
2.033039521E1,7.699987793E-1,6.305637360E0,7.699389038E0
2.034034921E1,5.766009521E-1,7.013665009E0,7.297474823E0
2.035030421E1,6.057902527E-1,6.848408661E0,7.295229492E0
2.036025921E1,8.774752808E-1,6.605164490E0,7.361691284E0
2.037021421E1,5.731581116E-1,6.778653717E0,7.663763123E0
2.038016921E1,5.644761658E-1,6.515051880E0,7.194488983E0
2.039012321E1,9.273216248E-1,6.522087250E0,6.676416321E0
2.040007821E1,8.161029053E-1,6.940167847E0,6.465654602E0
2.041003321E1,3.306623840E-1,6.493945770E0,6.709647217E0
2.041998821E1,2.420466614E-1,6.674769745E0,6.766977997E0
2.042994321E1,4.279600525E-1,7.215445404E0,6.552623749E0
2.043989721E1,3.171903992E-1,6.749614105E0,7.009324036E0
2.044985221E1,3.388952637E-1,6.840774536E0,7.276817780E0
2.045980721E1,4.529580688E-1,7.012766876E0,7.036866760E0
2.046976221E1,2.562670898E-1,6.637946320E0,7.229516144E0
2.047971621E1,3.423381042E-1,7.098688202E0,6.959028625E0
2.048967121E1,8.479866028E-1,7.326215057E0,6.639592896E0
2.049962621E1,5.046006775E-1,6.731651459E0,6.535559235E0
2.050958121E1,5.004093933E-1,6.464457092E0,6.761738892E0
2.051953621E1,7.415579224E-1,6.897207184E0,6.521338806E0
2.052949021E1,7.671546936E-1,6.531817017E0,6.741381226E0
2.053944521E1,8.478369141E-1,6.405330048E0,7.388186188E0
2.054940021E1,2.680924988E-1,6.504124603E0,7.704927521E0
2.055935521E1,1.546284485E-1,6.343508606E0,8.055199127E0
2.056931021E1,4.806504822E-1,6.879843292E0,7.900720367E0
2.057926421E1,2.139051819E-1,6.844367065E0,7.175628204E0
2.058921921E1,4.287084961E-1,6.199208679E0,6.722819824E0
2.059917421E1,1.661544800E-1,6.353837128E0,6.406377869E0
2.060912921E1,-2.236349487E-1,5.820945282E0,7.370073853E0
2.061908263E1,-4.236190796E-2,5.928272095E0,8.309969330E0
2.062903762E1,7.005432129E-2,7.062463531E0,8.174351349E0
2.063899262E1,3.041674805E-1,7.137607269E0,7.807314606E0
2.064894762E1,2.216889954E-1,6.684200134E0,7.561974792E0
2.065890263E1,1.661544800E-2,6.932533722E0,7.204967194E0
2.066885662E1,-1.264869690E-1,6.734196167E0,6.634952545E0
2.067881163E1,-1.347198486E-2,6.201903076E0,7.499554596E0
2.068876662E1,-1.942959595E-1,6.931934967E0,7.275320892E0
2.069872162E1,-3.010240173E-1,6.737938385E0,7.258256378E0
2.070867663E1,-2.634521484E-1,7.114405518E0,6.856491852E0
2.071863062E1,-4.784051514E-1,6.292165375E0,7.173831940E0
2.072858563E1,-4.162843323E-1,6.295308838E0,6.583759003E0
2.073854062E1,-4.245172119E-1,6.334078217E0,6.470444641E0
2.074849562E1,-7.610174561E-1,6.750811615E0,6.706803131E0
2.075845062E1,-4.189787292E-1,6.568490753E0,7.162754974E0
2.076840462E1,-4.070036316E-1,6.616690521E0,8.133636017E0
2.077835963E1,-4.098477173E-1,6.810088348E0,8.665629730E0
2.078831462E1,-6.638694763E-1,6.205196228E0,8.412955170E0
2.079826962E1,-2.585124207E-1,5.897885284E0,7.768545227E0
2.080822362E1,-2.163002014E-1,6.232140198E0,6.353537750E0
2.081817862E1,-1.437011719E-1,6.335126038E0,6.089486847E0
2.082813362E1,-2.637515259E-1,6.336024170E0,6.523434448E0
2.083808863E1,-4.959187317E-1,6.340365143E0,7.255711670E0
2.084804362E1,-4.790039062E-1,6.322552185E0,7.975415039E0
2.085799763E1,-3.959266663E-1,6.899153137E0,8.643326111E0
2.086795262E1,-8.247848511E-2,6.851103058E0,8.860823822E0
2.087790762E1,-1.438508606E-1,6.082900543E0,8.877588959E0
2.088786263E1,-4.331991577E-1,6.634353790E0,8.069419556E0
2.089781762E1,-2.751278687E-1,6.723717957E0,7.136709137E0
2.090777163E1,-3.555107117E-1,6.625821533E0,6.539151764E0
2.091772662E1,-6.559359741E-1,6.934779053E0,6.292764130E0
2.092768162E1,-3.242257690E-1,6.558311920E0,6.562952271E0
2.093763663E1,-2.871029663E-1,6.615493011E0,6.901099091E0
2.094759062E1,-2.793191528E-1,7.248227234E0,6.371051331E0
2.095754563E1,-2.947370911E-1,6.511758728E0,6.616091766E0
2.096750062E1,-4.567002869E-1,6.538103943E0,7.096891937E0
2.097745562E1,-5.116360474E-1,6.970105591E0,6.992558899E0
2.098741062E1,-3.321592712E-1,6.510561218E0,7.323820038E0
2.099736462E1,-2.094145203E-1,6.805298309E0,7.301815796E0
2.100731963E1,-4.716691589E-1,6.894961853E0,7.098987579E0
2.101727463E1,-3.549119568E-1,6.729406128E0,6.737788696E0
2.102722962E1,-5.912704468E-2,6.448440399E0,6.953340454E0
2.103718462E1,-1.802252197E-1,6.936275940E0,6.744075623E0
2.104713862E1,-3.457809448E-1,6.895261230E0,7.038962402E0
2.105709362E1,-1.591191101E-1,6.761589203E0,7.784711609E0
2.106704863E1,-1.255888367E-1,7.026837616E0,7.544610901E0
2.107700362E1,1.392105103E-2,6.689439240E0,7.782017212E0
2.108695763E1,-1.916015625E-1,7.007827148E0,7.417525177E0
2.109691262E1,-6.542893982E-1,7.052284698E0,6.988966370E0
2.110686762E1,-4.929249573E-1,6.906936951E0,6.754553833E0
2.111682263E1,-8.472381592E-2,6.617888031E0,7.485633545E0
2.112677762E1,2.713856506E-1,6.194418640E0,7.612120514E0
2.113673163E1,4.993615723E-1,5.895789642E0,7.417525177E0
2.114668662E1,3.995191956E-1,6.563401337E0,7.053182831E0
2.115664162E1,2.863545227E-1,6.545588379E0,7.274123383E0
2.116659663E1,1.987866211E-1,6.602320404E0,7.371870117E0
2.117655163E1,6.312373352E-1,6.704707489E0,7.312743073E0
2.118650563E1,5.405259705E-1,6.458768921E0,7.391778717E0
2.119646062E1,3.948788452E-1,6.445596313E0,7.591014404E0
2.120641562E1,5.975573730E-1,6.556365967E0,7.548353119E0
2.121637062E1,6.245013428E-1,6.569089508E0,7.493567047E0
2.122632462E1,6.450086975E-1,6.665489044E0,7.580386505E0
2.123627962E1,9.698332214E-1,6.636898499E0,7.373816071E0
2.124623463E1,1.097368011E0,6.605463867E0,6.850803680E0
2.125618962E1,8.731343079E-1,7.189698944E0,6.396498413E0
2.126614462E1,1.030008087E0,7.272177429E0,6.420149231E0
2.127609862E1,1.009650421E0,6.916217651E0,6.687792664E0
2.128605362E1,5.105882263E-1,6.693630524E0,7.468569031E0
2.129600863E1,2.664459229E-1,6.768025818E0,7.619455261E0
2.130596362E1,5.932164001E-1,6.674470367E0,8.071066132E0
2.131591862E1,4.188290405E-1,6.758296051E0,7.785909119E0
2.132587262E1,-4.400848389E-2,6.214327240E0,7.310497742E0
2.133582762E1,-9.430389404E-2,6.227499847E0,6.695426788E0
2.134578263E1,-1.911524963E-1,6.290069733E0,7.061864777E0
2.135573762E1,-3.263214111E-2,5.757028198E0,8.200995941E0
2.136569163E1,3.891906738E-3,6.409820709E0,8.261470184E0
2.137564662E1,-1.386117554E-1,7.081174622E0,7.853418732E0
2.138560162E1,-1.586700439E-1,6.626270599E0,7.117249603E0
2.139555662E1,1.706451416E-1,6.454877014E0,6.629713440E0
2.140551163E1,2.932402039E-1,6.339916077E0,6.504873047E0
2.141546563E1,1.666035461E-1,6.009104004E0,6.802603912E0
2.142542063E1,2.324665833E-1,6.638096008E0,7.091503143E0
2.143537562E1,-1.392105103E-1,6.661148071E0,7.350314941E0
2.144533062E1,3.050656128E-1,6.155798950E0,8.250393219E0
2.145528563E1,1.755848694E-1,7.018904114E0,7.889194336E0
2.146523962E1,-2.299218750E-1,6.544690247E0,7.953710175E0
2.147519463E1,7.244934082E-2,6.443949738E0,7.304659882E0
2.148514962E1,1.068777466E-1,7.198829956E0,6.613696747E0
2.149510462E1,1.550775146E-1,7.214397583E0,6.117179260E0
2.150505862E1,1.766326904E-1,6.959477692E0,6.696175232E0
2.151501362E1,-9.041198730E-2,6.803052979E0,7.482340393E0
2.152496863E1,-1.646575928E-1,6.549779663E0,7.595355377E0
2.153492362E1,-6.152206421E-2,6.383625183E0,8.108188934E0
2.154487862E1,9.789642334E-2,6.963369598E0,6.972799988E0
2.155483262E1,1.070274353E-1,7.149582367E0,6.320157166E0
2.156478762E1,-2.471360779E-1,7.317084045E0,6.139333191E0
2.157474263E1,-7.978408813E-2,7.069349213E0,6.749464417E0
2.158469763E1,-2.888992310E-2,6.903943176E0,6.744674377E0
2.159465163E1,-6.233038330E-1,7.010521545E0,7.133865051E0
2.160460662E1,-1.811233521E-1,6.984326019E0,7.511080627E0
2.161456162E1,-1.245410156E-1,6.446644135E0,8.075107727E0
2.162451662E1,1.922003174E-1,7.005581818E0,7.623347168E0
2.163447163E1,1.761836243E-1,7.205865326E0,6.802603912E0
2.164442562E1,-2.032772827E-1,6.280339966E0,6.704258423E0
2.165438063E1,-1.419049072E-1,6.379433899E0,6.419849854E0
2.166433562E1,1.990859985E-1,6.169121246E0,6.475983124E0
2.167429062E1,3.433859253E-1,6.005511475E0,7.117848358E0
2.168424563E1,1.860630798E-1,6.572682037E0,7.398963776E0
2.169419962E1,-2.920426941E-1,5.914351044E0,7.993677063E0
2.170415463E1,-2.887495422E-1,6.246660004E0,8.178392944E0
2.171410962E1,-4.879852295E-2,6.766229553E0,8.033943329E0
2.172406462E1,2.266287231E-1,6.513255615E0,7.861801300E0
2.173401862E1,1.535806274E-1,6.768025818E0,7.162156219E0
2.174397362E1,-2.035766602E-2,6.442901917E0,6.752458191E0
2.175392863E1,-6.481521606E-2,5.938600616E0,6.900200958E0
2.176388362E1,-2.185455322E-2,6.482120361E0,6.910978546E0
2.177383862E1,6.915618896E-2,6.426286469E0,7.490722961E0
2.178379262E1,2.439926147E-2,5.957461395E0,8.308173065E0
2.179374762E1,7.873626709E-2,6.620432739E0,8.297994232E0
2.180370262E1,1.586700439E-1,6.713389435E0,7.898774414E0
2.181365763E1,-1.781295776E-2,6.619983673E0,7.343578949E0
2.182361262E1,-2.863545227E-1,6.748266907E0,7.371271362E0
2.183356663E1,-4.095483398E-1,6.837930450E0,7.014862518E0
2.184352162E1,-3.338058472E-1,7.010671234E0,6.972500610E0
2.185347662E1,-1.450483704E-1,6.771468658E0,7.282206573E0
2.186343163E1,2.520758057E-1,6.377188568E0,7.353009338E0
2.187338562E1,7.679031372E-2,6.609206085E0,6.921606445E0
2.188334063E1,3.974235535E-1,6.529272308E0,7.047644348E0
2.189329562E1,4.373904419E-1,6.025420074E0,7.512577515E0
2.190325062E1,3.174897766E-1,6.393804016E0,7.067552948E0
2.191320563E1,4.914280701E-1,6.696923676E0,7.113058319E0
2.192315962E1,2.345622253E-1,6.558760986E0,7.175777893E0
2.193311463E1,2.887495422E-1,6.490053864E0,7.231462097E0
2.194306962E1,5.438191223E-1,6.672973480E0,7.362439728E0
2.195302462E1,6.256988525E-2,6.416107635E0,7.582482147E0
2.196297862E1,-2.121089172E-1,6.565946045E0,7.536827087E0
2.197293362E1,-1.571731567E-1,6.746171265E0,7.444319458E0
2.198288863E1,4.355941772E-2,6.278992767E0,7.222630463E0
2.199284363E1,7.574249268E-2,6.580765228E0,7.148534546E0
2.200279862E1,-1.842668152E-1,7.129224701E0,6.910379791E0
2.201275262E1,-1.026864624E-1,6.898704071E0,7.063511353E0
2.202270762E1,-2.206411743E-1,6.704557800E0,7.317982178E0
2.203266262E1,-5.388793945E-3,6.490652618E0,7.676336975E0
2.204261763E1,-3.203338623E-2,6.673123169E0,7.526199188E0
2.205257162E1,-1.486408997E-1,6.981631622E0,7.271129608E0
2.206252663E1,-5.284011841E-2,6.262826385E0,7.125332794E0
2.207248162E1,-1.282832336E-1,6.281687164E0,6.310726776E0
2.208243662E1,2.423460388E-1,6.746770020E0,6.070775757E0
2.209239163E1,-1.811233521E-2,6.546336823E0,7.132817230E0
2.210234562E1,2.350112915E-2,6.619534607E0,8.288114777E0
2.211230063E1,4.700225830E-1,7.384893036E0,8.316256256E0
2.212225562E1,3.818559265E-1,7.431895294E0,7.635771332E0
2.213221062E1,3.806584167E-1,7.068900146E0,7.311844940E0
2.214216563E1,3.118016052E-1,6.848558350E0,6.894961853E0
2.215211962E1,1.630110168E-1,6.673123169E0,6.482719116E0
2.216207463E1,6.966513062E-1,7.078180847E0,6.148763580E0
2.217202962E1,6.456074524E-1,7.052584076E0,6.173761597E0
2.218198462E1,2.389031982E-1,6.451583862E0,6.615792389E0
2.219193862E1,1.251397705E-1,6.884184265E0,7.064559174E0
2.220189362E1,2.070195007E-1,6.856192474E0,7.426356812E0
2.221184862E1,5.909710693E-1,5.897885284E0,7.833061066E0
2.222180363E1,9.674382019E-1,6.502627716E0,7.384294281E0
2.223175862E1,5.731581116E-1,7.175777893E0,7.092550964E0
2.224171263E1,4.037104797E-1,7.037615204E0,7.227121124E0
2.225166762E1,6.634204102E-1,6.822662201E0,7.673343201E0
2.226162262E1,5.658233643E-1,6.275100861E0,8.038284302E0
2.227157763E1,4.781057739E-1,5.625302124E0,8.071515198E0
2.228153162E1,8.105644226E-1,6.537654877E0,7.114854584E0
2.229148663E1,6.382727051E-1,6.975943451E0,6.273903351E0
2.230144162E1,2.173480225E-1,6.702013092E0,6.910230103E0
2.231139662E1,3.191363525E-1,6.921157379E0,6.858437805E0
2.232135163E1,1.745370483E-1,6.407725067E0,7.232809296E0
2.233130562E1,-1.561253357E-1,6.671177216E0,7.340435486E0
2.234126063E1,3.457809448E-2,7.104226685E0,7.603737946E0
2.235121562E1,5.424719238E-1,6.447093201E0,7.758815460E0
2.236117062E1,1.221459961E-1,6.149961090E0,7.887697449E0
2.237112562E1,2.800675964E-1,6.587201843E0,7.417974243E0
2.238107962E1,9.729766846E-3,6.565796356E0,7.054530029E0
2.239103463E1,-9.999206543E-2,6.500083008E0,7.029232635E0
2.240098963E1,1.992356873E-1,6.345304871E0,6.957831116E0
2.241094462E1,9.490264893E-2,6.481371918E0,6.914122009E0
2.242089862E1,3.397933960E-2,6.288872223E0,7.566315765E0
2.243085362E1,-9.654922485E-2,6.094276886E0,7.849227448E0
2.244080862E1,1.384620667E-1,6.180946655E0,7.580236816E0
2.245076363E1,2.550695801E-1,6.733896790E0,7.458988953E0
2.246071862E1,7.619155884E-2,6.492897949E0,7.531288605E0
2.247067263E1,2.119592285E-1,6.702013092E0,6.948400726E0
2.248062762E1,5.309458923E-1,6.905739441E0,6.990014191E0
2.249058262E1,3.089575195E-1,6.410569153E0,7.198530579E0
2.250053763E1,4.993615723E-1,6.485263824E0,6.802903290E0
2.251049162E1,6.316864014E-1,6.759942627E0,6.650819550E0
2.252044663E1,5.010081482E-1,6.294560394E0,7.201823730E0
2.253040162E1,8.656498718E-1,6.405030670E0,7.718848572E0
2.254035662E1,6.685098267E-1,6.793921967E0,8.117619324E0
2.255031163E1,3.074606323E-1,6.557413788E0,8.090675354E0
2.256026562E1,6.143225098E-1,6.712940369E0,7.499554596E0
2.257022063E1,3.975732422E-1,6.992109833E0,7.204518127E0
2.258017562E1,2.571652222E-1,6.649472351E0,6.805897064E0
2.259013062E1,4.059558105E-1,6.514153748E0,6.720125427E0
2.260008462E1,3.760180664E-1,6.505322113E0,6.774761810E0
2.261003962E1,3.116519165E-1,6.416407013E0,7.028334503E0
2.261999525E1,4.399351501E-1,6.581064606E0,6.963070221E0
2.262995025E1,4.348457336E-1,6.466103668E0,7.582482147E0
2.263990525E1,1.526824951E-2,6.749165039E0,7.082222443E0
2.264985925E1,3.038681030E-2,6.966812439E0,7.272177429E0
2.265981425E1,3.637435913E-1,6.899003448E0,7.132368164E0
2.266976925E1,-1.017883301E-2,6.812333679E0,7.162305908E0
2.267972425E1,1.634600830E-1,6.737788696E0,7.081324310E0
2.268967825E1,-1.817221069E-1,6.721472626E0,6.925498352E0
2.269963325E1,-2.357597351E-1,6.880741425E0,6.888375549E0
2.270958825E1,3.201841736E-1,7.004983063E0,7.122638397E0
2.271954325E1,3.085084534E-1,6.770720215E0,7.296127625E0
2.272949825E1,2.888992310E-2,6.747518463E0,6.877747650E0
2.273945225E1,-8.367599487E-2,6.873406677E0,6.698719940E0
2.274940725E1,-7.933502197E-2,6.890620880E0,6.544390869E0
2.275936225E1,1.218466187E-1,6.645879822E0,6.913223877E0
2.276931725E1,1.833686829E-1,6.524631958E0,7.923772430E0
2.277927125E1,-1.282832336E-1,6.687343597E0,8.045319672E0
2.278922625E1,1.350192261E-1,7.010671234E0,7.854616241E0
2.279918125E1,2.381547546E-1,6.889872437E0,7.206613770E0
2.280913625E1,2.662962341E-1,6.247707825E0,6.565496979E0
2.281909125E1,3.038681030E-1,6.320007477E0,5.844147034E0
2.282904525E1,-2.589614868E-2,5.886658630E0,6.940766602E0
2.283900025E1,1.453477478E-1,5.743256836E0,8.201295319E0
2.284895525E1,1.511856079E-1,6.833290100E0,8.428672485E0
2.285891025E1,1.854643250E-1,7.183412018E0,8.409212952E0
2.286886525E1,2.779719543E-1,6.752009125E0,7.910001068E0
2.287881925E1,3.929328918E-1,6.660549316E0,7.590715027E0
2.288877425E1,3.832031250E-2,6.487209778E0,7.169041901E0
2.289872925E1,5.777984619E-2,6.415359192E0,6.906637573E0
2.290868425E1,1.431024170E-1,6.564299469E0,7.182214508E0
2.291863825E1,-2.698887634E-1,6.315067749E0,7.414980469E0
2.292859325E1,1.670526123E-1,6.445147247E0,7.593110046E0
2.293854825E1,9.280700684E-3,6.591991882E0,7.548203430E0
2.294850325E1,-1.770817566E-1,6.174060974E0,7.576195221E0
2.295845825E1,-8.502319336E-2,6.402635651E0,7.491770782E0
2.296841225E1,2.309696960E-1,6.783892822E0,7.346423035E0
2.297836725E1,7.289840698E-2,6.753206635E0,6.444099426E0
2.298832225E1,2.585124207E-1,6.238726501E0,7.119195557E0
2.299827725E1,4.885839844E-1,6.231242065E0,8.468938751E0
2.300823125E1,1.535806274E-1,6.151607666E0,7.941585388E0
2.301818625E1,6.391708374E-2,6.291267242E0,7.683821411E0
2.302814125E1,3.823049927E-1,6.680607605E0,6.941664734E0
2.303809625E1,-6.885681152E-3,6.734944611E0,6.622378693E0
2.304805125E1,-1.678010559E-1,6.951244812E0,6.832092590E0
2.305800525E1,-3.802093506E-1,6.937174072E0,7.296876068E0
2.306796025E1,-1.772314453E-1,6.404132538E0,7.351811829E0
2.307791525E1,-6.014492798E-1,6.810088348E0,7.391030273E0
2.308787025E1,-3.297642517E-1,6.775959320E0,7.542515259E0
2.309782425E1,-5.173242188E-1,6.225553894E0,7.741301880E0
2.310777925E1,-4.498146057E-1,6.795119476E0,7.354955292E0
2.311773425E1,-2.261796570E-1,6.891668701E0,6.773115234E0
2.312768925E1,-9.145980835E-2,6.787784729E0,6.549180908E0
2.313764425E1,-4.805007935E-2,6.626420288E0,6.877597961E0
2.314759825E1,-1.472937012E-1,6.464307404E0,7.255412292E0
2.315755325E1,-1.124162292E-1,6.548282776E0,7.701933746E0
2.316750825E1,2.454895020E-2,7.013515320E0,7.326065369E0
2.317746325E1,9.175918579E-2,6.913972321E0,6.910379791E0
2.318741725E1,-1.213975525E-1,6.994804230E0,6.461613007E0
2.319737225E1,-1.543290710E-1,6.464756470E0,7.172335052E0
2.320732725E1,-1.954934692E-1,6.601272583E0,6.920858002E0
2.321728225E1,-1.758842468E-1,7.084617462E0,6.813830566E0
2.322723725E1,-1.468446350E-1,6.697522430E0,7.187154236E0
2.323719125E1,1.663041687E-1,6.538403320E0,7.055877228E0
2.324714625E1,6.559359741E-1,6.785539398E0,6.783443756E0
2.325710125E1,5.941145325E-1,6.809489594E0,6.914421387E0
2.326705625E1,6.164181519E-1,6.390660553E0,7.333100739E0
2.327701025E1,4.493655396E-1,6.507567444E0,7.814499664E0
2.328696525E1,1.785786438E-1,7.176376648E0,7.536527710E0
2.329692025E1,5.321434021E-1,6.826254730E0,7.490124207E0
2.330687525E1,6.671626282E-1,6.806046753E0,7.452702026E0
2.331683025E1,3.472778320E-1,7.183412018E0,7.012018433E0
2.332678425E1,1.234931946E-1,7.113657074E0,6.860533447E0
2.333673925E1,3.197351074E-1,6.729555817E0,7.373965759E0
2.334669425E1,3.993695068E-1,6.657854919E0,7.230563965E0
2.335664925E1,5.602848816E-1,6.565946045E0,6.967560883E0
2.336660325E1,6.551875305E-1,6.909930725E0,6.965465240E0
2.337655825E1,-7.035369873E-3,6.210435333E0,7.667056274E0
2.338651325E1,-9.400451660E-2,6.514752502E0,7.351362762E0
2.339646825E1,4.016148376E-1,7.217840424E0,7.339088287E0
2.340642325E1,5.284011841E-2,6.978937225E0,6.867119751E0
2.341637725E1,-5.421725464E-1,6.147416382E0,6.915319519E0
2.342633225E1,1.454974365E-1,6.728807373E0,6.197113037E0
2.343628725E1,-1.200503540E-1,6.310427399E0,6.755002899E0
2.344624225E1,-5.628295898E-2,6.298452301E0,7.319029999E0
2.345619625E1,2.146536255E-1,6.602619781E0,7.508835297E0
2.346615125E1,-1.945953369E-3,6.228847046E0,7.984995117E0
2.347610625E1,-6.960525513E-2,6.601721649E0,8.097561035E0
2.348606125E1,3.326083374E-1,6.932833099E0,7.957452393E0
2.349601625E1,3.369493103E-1,6.568640442E0,7.525899811E0
2.350597025E1,-6.691085815E-2,6.225104828E0,7.797884216E0
2.351592525E1,1.167572021E-1,6.479276276E0,7.249125366E0
2.352588025E1,2.838098145E-1,6.638545074E0,7.060218201E0
2.353583525E1,2.462379456E-1,6.584507446E0,7.144792328E0
2.354578925E1,1.975891113E-2,6.188580780E0,6.993157654E0
2.355574425E1,1.221459961E-1,6.476432190E0,6.398294678E0
2.356569925E1,2.963836670E-1,6.095624084E0,6.996899872E0
2.357565425E1,3.918850708E-1,5.890700226E0,7.697293396E0
2.358560925E1,6.224057007E-1,6.484964447E0,8.157436523E0
2.359556325E1,2.363584900E-1,7.262747040E0,7.983198853E0
2.360551825E1,1.637594604E-1,6.554869080E0,7.746840363E0
2.361547275E1,6.414161682E-1,6.631958771E0,6.936126251E0
2.362542775E1,4.974156189E-1,6.588998108E0,7.378456421E0
2.363538175E1,1.097218323E-1,6.847660217E0,7.016808472E0
2.364533675E1,2.046244812E-1,6.851103058E0,7.177125092E0
2.365529175E1,-1.451980591E-1,6.723867645E0,7.287595367E0
2.366524675E1,1.990859985E-2,6.439010010E0,7.384743347E0
2.367520175E1,2.356100464E-1,6.893165588E0,7.371870117E0
2.368515575E1,-2.529739380E-1,6.591093750E0,7.521109772E0
2.369511075E1,-1.767823792E-1,6.396648102E0,7.378905487E0
2.370506575E1,1.472937012E-1,7.194039917E0,6.729406128E0
2.371502075E1,-3.697311401E-2,7.129075012E0,6.969207458E0
2.372497475E1,1.317260742E-1,7.055577850E0,6.670428772E0
2.373492975E1,-2.195933533E-1,6.836134186E0,7.325616302E0
2.374488475E1,-1.321751404E-1,6.242019653E0,7.774532776E0
2.375483975E1,-5.493576050E-2,6.045478363E0,7.964487762E0
2.376479475E1,2.122586060E-1,6.944059753E0,6.960675201E0
2.377474875E1,-2.095642090E-2,7.006629639E0,6.443500671E0
2.378470375E1,-2.984793091E-1,6.973847809E0,6.215075684E0
2.379465875E1,-1.947450256E-1,6.912475433E0,6.700815582E0
2.380461375E1,-1.920506287E-1,6.596781921E0,6.947053528E0
2.381456775E1,-1.651066589E-1,6.530918884E0,7.180567932E0
2.382452275E1,-1.369651794E-1,6.506968689E0,7.191794586E0
2.383447775E1,-2.251318359E-1,5.951623535E0,7.169041901E0
2.384443275E1,1.823208618E-1,6.183790741E0,7.014563141E0
2.385438775E1,4.191284180E-1,6.874604187E0,6.931485901E0
2.386434175E1,2.454895020E-1,6.665638733E0,7.110513611E0
2.387429675E1,4.700225830E-2,6.756200409E0,7.263495483E0
2.388425175E1,-1.999841309E-1,6.561904449E0,7.818092194E0
2.389420675E1,-7.229965210E-2,6.759942627E0,7.795938263E0
2.390416075E1,4.182302856E-1,6.817872162E0,8.054450684E0
2.391411575E1,8.741821289E-2,6.586453400E0,7.694149933E0
2.392407075E1,5.269042969E-2,6.256988525E0,7.365882568E0
2.393402575E1,7.005432129E-2,6.648574219E0,6.856491852E0
2.394398075E1,-1.435514832E-1,6.586453400E0,6.990014191E0
2.395393475E1,-1.353186035E-1,6.563401337E0,7.163952484E0
2.396388975E1,-8.113128662E-2,6.705904999E0,7.381599884E0
2.397384475E1,-1.526824951E-1,6.724316711E0,7.412136383E0
2.398379975E1,2.179467773E-1,6.370153198E0,7.191794586E0
2.399375375E1,2.302212524E-1,6.450835419E0,6.876250763E0
2.400370875E1,-1.911524963E-1,6.505172424E0,6.732699280E0
2.401366375E1,1.216969299E-1,5.954766998E0,7.330256653E0
2.402361875E1,4.906796265E-1,6.336473236E0,7.880512390E0
2.403357375E1,4.430786133E-1,6.705755310E0,7.666906586E0
2.404352775E1,2.885998535E-1,6.609804840E0,7.495513000E0
2.405348275E1,2.258802795E-1,6.506669312E0,7.904462585E0
2.406343775E1,-1.121168518E-1,6.752607880E0,7.504494324E0
2.407339275E1,2.451901245E-1,6.347699890E0,7.780071259E0
2.408334675E1,6.629713440E-1,6.278394012E0,7.927364960E0
2.409330175E1,2.351609802E-1,6.417305145E0,7.643854523E0
2.410325675E1,3.171903992E-1,6.825655975E0,6.559060364E0
2.411321175E1,5.382806396E-1,6.407126312E0,6.820566559E0
2.412316675E1,-1.736389160E-2,6.298901367E0,7.318131866E0
2.413312075E1,-1.913021851E-1,6.525230713E0,7.338489532E0
2.414307575E1,3.591032410E-1,6.740183716E0,7.505392456E0
2.415303075E1,-3.562591553E-1,6.814279633E0,7.052733765E0
2.416298575E1,-8.726852417E-2,6.526278534E0,7.148684235E0
2.417293975E1,-2.677931213E-1,6.562353516E0,7.290589142E0
2.418289475E1,-5.798941040E-1,6.536307678E0,7.639513550E0
2.419284975E1,-3.531156921E-1,6.714886322E0,7.854765930E0
2.420280475E1,-1.029858398E-1,6.801705780E0,7.438780975E0
2.421275875E1,2.122586060E-1,6.598727875E0,6.864575043E0
2.422271375E1,1.851649475E-1,6.769373016E0,6.400540009E0
2.423266875E1,1.395098877E-1,6.745871887E0,6.701114960E0
2.424262375E1,1.706451416E-1,6.451583862E0,6.967860260E0
2.425257875E1,2.565664673E-1,6.217171326E0,7.728578339E0
2.426253275E1,4.583468628E-1,6.669680328E0,7.867639160E0
2.427248775E1,1.347198486E-1,7.301067352E0,7.211254120E0
2.428244275E1,-1.880090332E-1,7.281458130E0,7.055727539E0
2.429239775E1,2.110610962E-2,7.060068512E0,6.201004944E0
2.430235175E1,5.209167480E-2,6.790030060E0,5.116959229E0
2.431230675E1,-6.346801758E-2,6.971752167E0,4.984784088E0
2.432226175E1,-2.580633545E-1,6.060447235E0,6.945706329E0
2.433221675E1,-1.601669312E-2,6.165229340E0,8.728798370E0
2.434217175E1,2.197430420E-1,7.002588043E0,9.468260651E0
2.435212575E1,1.511856079E-1,7.043752441E0,8.568182373E0
2.436208075E1,3.441343689E-1,6.925198975E0,7.176526337E0
2.437203575E1,-4.819976807E-2,6.897805939E0,6.786886597E0
2.438199075E1,-2.234852600E-1,6.859785004E0,6.802603912E0
2.439194475E1,2.935395813E-1,6.675368500E0,7.323370972E0
2.440189975E1,3.409909058E-1,6.311924286E0,7.650740204E0
2.441185475E1,7.574249268E-2,5.851332092E0,7.958949280E0
2.442180975E1,3.023712158E-2,6.711443481E0,7.216642914E0
2.443176475E1,-1.841171265E-2,6.819369049E0,7.305558014E0
2.444171875E1,1.899549866E-1,6.219865723E0,7.082222443E0
2.445167375E1,5.652246094E-1,6.225404205E0,7.128625946E0
2.446162875E1,7.664062500E-1,7.025939484E0,6.817123718E0
2.447158375E1,2.463876343E-1,6.936874695E0,7.031477966E0
2.448153775E1,5.489085388E-1,6.665938110E0,7.401059418E0
2.449149275E1,5.099894714E-1,6.183790741E0,8.138725433E0
2.450144775E1,5.980064392E-1,5.852230225E0,7.943830719E0
2.451140275E1,4.834945679E-1,6.343508606E0,7.464527435E0
2.452135775E1,4.680766296E-1,6.842121735E0,6.883884888E0
2.453131175E1,4.866380310E-1,6.815626831E0,6.788533173E0
2.454126675E1,2.692900085E-1,6.848109283E0,7.342231750E0
2.455122175E1,-2.369572449E-1,7.027436371E0,6.829547882E0
2.456117675E1,-2.344125366E-1,6.696025543E0,6.738387451E0
2.457113075E1,-2.552192688E-1,6.621330872E0,6.644981689E0
2.458108575E1,7.349716187E-2,6.280938721E0,6.981781311E0
2.459104075E1,4.785548401E-1,6.382277985E0,7.045997772E0
2.460099575E1,-3.323089600E-2,6.749763794E0,7.531138916E0
2.461094975E1,9.729766846E-3,6.713988190E0,8.196505280E0
2.462090521E1,-3.397933960E-2,6.733447723E0,7.610923004E0
2.463086021E1,1.898052979E-1,6.685996399E0,7.790100403E0
2.464081521E1,1.784289551E-1,6.786587219E0,7.011269989E0
2.465077021E1,4.116439819E-2,6.288572845E0,7.009174347E0
2.466072421E1,3.245251465E-1,6.289620667E0,6.869963837E0
2.467067921E1,4.535568237E-2,6.342161407E0,6.967261505E0
2.468063421E1,2.510279846E-1,6.449637909E0,7.319928131E0
2.469058921E1,1.453477478E-1,6.158493347E0,7.933651886E0
2.470054321E1,2.558180237E-1,6.189778290E0,7.970625000E0
2.471049821E1,5.487588501E-1,6.566844177E0,7.275320892E0
2.472045321E1,3.492237854E-1,6.528823242E0,7.447462921E0
2.473040821E1,4.308041382E-1,6.275250549E0,7.484286346E0
2.474036321E1,2.730322266E-1,6.662794647E0,6.775809631E0
2.475031721E1,1.892065430E-1,6.952292633E0,6.900500336E0
2.476027221E1,1.193019104E-1,6.646777954E0,6.859485626E0
2.477022721E1,4.418811035E-1,6.311475220E0,7.292235718E0
2.478018221E1,5.298980713E-2,6.788682861E0,7.539072418E0
2.479013621E1,-1.712438965E-1,6.805747375E0,7.689359894E0
2.480009121E1,7.035369873E-2,6.937174072E0,7.223678284E0
2.481004621E1,-1.152603149E-1,6.858437805E0,7.232060852E0
2.482000121E1,3.861968994E-2,6.847660217E0,7.277266846E0
2.482995621E1,1.065783691E-1,6.890920258E0,7.313042450E0
2.483991021E1,-1.082249451E-1,6.717730408E0,7.355853424E0
2.484986521E1,-1.908531189E-1,6.646328888E0,7.281458130E0
2.485982021E1,-9.894424438E-2,6.783144379E0,6.841223602E0
2.486977521E1,1.889071655E-1,6.812333679E0,7.112459564E0
2.487972921E1,-2.591111755E-1,7.123686218E0,6.445147247E0
2.488968421E1,-3.453318787E-1,6.615792389E0,6.606960754E0
2.489963921E1,-3.712280273E-2,6.721023560E0,6.822512512E0
2.490959421E1,-4.920268250E-1,6.999594269E0,6.782994690E0
2.491954921E1,-1.092727661E-1,6.843169556E0,7.121141510E0
2.492950321E1,-2.389031982E-1,6.693630524E0,7.431146851E0
2.493945821E1,-4.975653076E-1,6.799610138E0,7.269932098E0
2.494941321E1,7.020401001E-2,6.884333954E0,7.335944824E0
2.495936821E1,3.405418396E-1,6.813830566E0,7.487130432E0
2.496932221E1,4.567002869E-1,6.299949188E0,7.614066467E0
2.497927721E1,4.959187317E-1,6.623426514E0,7.112010498E0
2.498923221E1,3.927832031E-1,6.394103394E0,7.289391632E0
2.499918721E1,3.017724609E-1,6.407874756E0,6.910529480E0
2.500914121E1,7.057823181E-1,6.598727875E0,7.182663574E0
2.501909621E1,6.062393188E-1,6.636299744E0,7.609126740E0
2.502905121E1,3.917353821E-1,6.727609863E0,8.002359009E0
2.503900621E1,3.403921509E-1,6.578819275E0,8.043822784E0
2.504896121E1,3.004252625E-1,6.333329773E0,7.070995789E0
2.505891521E1,4.357438660E-1,6.009553070E0,6.795718231E0
2.506887021E1,1.791773987E-1,6.367608490E0,6.572083282E0
2.507882521E1,9.340576172E-2,5.905369720E0,7.785010986E0
2.508878021E1,4.966671753E-1,6.368207245E0,7.937094727E0
2.509873421E1,4.617897034E-1,7.129524078E0,7.936945038E0
2.510868921E1,7.247927856E-1,6.965016174E0,7.183112640E0
2.511864421E1,6.608757019E-1,6.385122070E0,7.200925598E0
2.512859921E1,9.737251282E-1,6.494694214E0,7.355554047E0
2.513855421E1,8.262817383E-1,6.702013092E0,7.287295990E0
2.514850821E1,8.140072632E-1,6.365662537E0,7.995024261E0
2.515846321E1,4.605921936E-1,6.461163940E0,7.783663788E0
2.516841821E1,2.992277527E-1,6.367309113E0,7.561825104E0
2.517837321E1,4.650828552E-1,6.352340240E0,7.318281555E0
2.518832721E1,3.152444458E-1,6.426136780E0,6.787485352E0
2.519828221E1,2.194436646E-1,6.208938446E0,6.387517090E0
2.520823721E1,3.046165466E-1,6.317462769E0,6.574478302E0
2.521819221E1,3.981719971E-1,6.916816406E0,6.849306793E0
2.522814721E1,4.122427368E-1,6.830146637E0,7.214696960E0
2.523810121E1,5.795947266E-1,6.255042572E0,8.586444397E0
2.524805621E1,2.508782959E-1,6.393654327E0,8.933722229E0
2.525801121E1,5.867797852E-2,6.496789856E0,8.187224579E0
2.526796621E1,7.351213074E-1,6.519991608E0,7.309898987E0
2.527792021E1,2.908451843E-1,7.059170380E0,5.945186920E0
2.528787521E1,1.386117554E-1,6.752757568E0,5.762716370E0
2.529783021E1,-8.232879639E-2,6.272406464E0,6.911277924E0
2.530778521E1,-2.242337036E-1,6.397546234E0,7.907456360E0
2.531773921E1,-3.002755737E-1,6.918313293E0,7.627987518E0
2.532769421E1,-1.924996948E-1,7.312443695E0,7.461234283E0
2.533764921E1,-2.430944824E-1,6.749314728E0,7.563771057E0
2.534760421E1,-6.376739502E-2,6.614445190E0,7.063211975E0
2.535755921E1,-2.395019531E-3,7.021598511E0,6.992858276E0
2.536751321E1,5.792953491E-2,7.146289215E0,6.719227295E0
2.537746821E1,1.481918335E-2,6.812034302E0,6.715634766E0
2.538742321E1,-5.643264771E-2,6.659351807E0,6.815926208E0
2.539737821E1,1.076261902E-1,6.589896240E0,7.267088013E0
2.540733221E1,1.517843628E-1,6.694528656E0,7.299121399E0
2.541728721E1,2.124082947E-1,6.562054138E0,7.414381714E0
2.542724221E1,9.235794067E-2,6.739584961E0,6.887477417E0
2.543719721E1,-8.143066406E-2,7.032675476E0,6.383026428E0
2.544715221E1,6.571334839E-2,6.487060089E0,7.082072754E0
2.545710621E1,-1.460961914E-1,6.543492737E0,7.275769958E0
2.546706121E1,2.859054565E-2,6.739135895E0,7.280559998E0
2.547701621E1,-7.499404907E-2,6.705156555E0,7.593858490E0
2.548697121E1,-5.947132874E-1,7.071295166E0,7.440726929E0
2.549692521E1,-1.151106262E-1,6.947053528E0,6.878945160E0
2.550688021E1,1.091230774E-1,6.385870514E0,6.900051270E0
2.551683521E1,-5.792953491E-2,6.477929077E0,6.752907257E0
2.552679021E1,1.182540894E-1,6.248456268E0,6.684200134E0
2.553674421E1,1.796264648E-3,6.361920319E0,7.585326233E0
2.554669921E1,-2.546205139E-1,6.957531738E0,7.498057709E0
2.555665421E1,-1.923500061E-1,6.795119476E0,7.424859924E0
2.556660921E1,2.574645996E-2,6.823710022E0,7.309150543E0
2.557656421E1,-6.511459351E-2,6.456972656E0,7.476203156E0
2.558651821E1,-1.697470093E-1,6.294710083E0,7.677534485E0
2.559647321E1,3.293151855E-2,6.437064056E0,7.997419281E0
2.560642821E1,3.236270142E-1,6.014343109E0,8.016579437E0
2.561638262E1,7.140151978E-2,5.984405365E0,7.179520111E0
2.562633662E1,1.667532349E-1,6.358178101E0,6.737639008E0
2.563629162E1,6.227050781E-2,6.781048737E0,6.352489929E0
2.564624663E1,-2.240840149E-1,6.727609863E0,6.904990997E0
2.565620162E1,5.023553467E-1,6.869664459E0,7.481292572E0
2.566615662E1,-1.392105103E-2,6.807543640E0,7.792495422E0
2.567611062E1,-3.595523071E-1,6.634054413E0,7.686216431E0
2.568606562E1,-2.646496582E-1,6.723867645E0,7.813601532E0
2.569602063E1,-4.116439819E-2,6.873556366E0,7.443121948E0
2.570597562E1,4.131408691E-2,6.645879822E0,7.644752655E0
2.571592963E1,9.759704590E-2,6.886279907E0,7.497608643E0
2.572588462E1,-2.544708252E-3,6.879543915E0,6.909182281E0
2.573583962E1,2.058219910E-1,6.663842468E0,6.630012817E0
2.574579463E1,2.237846375E-1,6.806196442E0,6.708000641E0
2.575574862E1,9.235794067E-2,6.176455994E0,7.306306458E0
2.576570363E1,-8.996292114E-2,6.077960815E0,7.556735687E0
2.577565862E1,2.142045593E-1,6.461163940E0,7.857011261E0
2.578561362E1,2.543211365E-1,6.627168732E0,7.547005920E0
2.579556862E1,2.469863892E-2,6.495442657E0,7.434140625E0
2.580552262E1,8.187973022E-2,6.399941254E0,6.984326019E0
2.581547763E1,-1.802252197E-1,6.206992493E0,6.337970123E0
2.582543263E1,1.556762695E-2,5.952371979E0,6.032006378E0
2.583538762E1,1.194515991E-1,5.920637970E0,6.794071655E0
2.584534162E1,3.498225403E-1,6.071075134E0,7.853269043E0
2.585529662E1,1.519340515E-1,6.974596252E0,8.294252014E0
2.586525162E1,-3.481759644E-1,7.234755249E0,8.491392059E0
2.587520663E1,-2.525248718E-1,6.819219360E0,7.556286621E0
2.588516162E1,8.936416626E-2,7.056176605E0,6.671177216E0
2.589511563E1,-2.359094238E-1,7.148534546E0,6.840624847E0
2.590507062E1,-4.337979126E-1,6.725963287E0,6.820267181E0
2.591502562E1,-4.477189636E-1,6.422544250E0,7.261848907E0
2.592498063E1,-8.644523621E-1,6.651717682E0,7.483088837E0
2.593493462E1,-5.102888489E-1,6.833589478E0,7.572752380E0
2.594488963E1,-3.471281433E-1,6.715784454E0,7.467221832E0
2.595484462E1,-4.089495850E-1,6.621181183E0,7.340435486E0
2.596479962E1,-2.137554932E-1,7.065756683E0,6.497089233E0
2.597475463E1,6.242019653E-2,7.101382599E0,6.665938110E0
2.598470862E1,2.570155334E-1,7.106172638E0,6.981032867E0
2.599466363E1,1.207987976E-1,6.831793213E0,7.065606995E0
2.600461862E1,-3.757186890E-2,6.633455658E0,7.795339508E0
2.601457362E1,-7.065307617E-2,6.490652618E0,7.842192078E0
2.602452762E1,2.983296204E-1,6.496789856E0,7.252119141E0
2.603448262E1,7.842192078E-1,6.985224152E0,6.945406952E0
2.604443762E1,1.839674377E-1,7.432643738E0,6.464906158E0
2.605439263E1,-3.098556519E-2,6.776857452E0,6.523284760E0
2.606434663E1,-3.634442139E-1,6.527026978E0,6.718478851E0
2.607430163E1,-1.692979431E-1,6.803052979E0,6.759643250E0
2.608425662E1,-4.954696655E-2,6.903643799E0,6.768923950E0
2.609421162E1,1.616638184E-2,6.597230988E0,7.442223816E0
2.610416663E1,-1.077758789E-1,6.088588715E0,8.201744385E0
2.611412062E1,3.951782227E-2,6.144721985E0,8.231083374E0
2.612407563E1,5.010081482E-1,7.040608978E0,7.707921295E0
2.613403062E1,6.289920044E-1,6.912325745E0,7.388934631E0
2.614398562E1,8.026309204E-1,6.068829803E0,7.416327667E0
2.615393962E1,6.641688538E-1,6.134842529E0,7.424410858E0
2.616389462E1,4.697232056E-1,6.515351257E0,7.259603577E0
2.617384963E1,1.016536102E0,6.174360352E0,7.374115448E0
2.618380462E1,8.393046570E-1,6.103108521E0,7.641758881E0
2.619375863E1,5.565426636E-1,6.486760712E0,7.284302216E0
2.620371362E1,7.457492065E-1,6.281986542E0,7.332801361E0
2.621366862E1,7.241940308E-1,6.206693115E0,7.597600708E0
2.622362363E1,5.801934814E-1,6.677613831E0,7.257208557E0
2.623357863E1,7.369175720E-1,6.541696472E0,7.126380615E0
2.624353263E1,6.713539124E-1,6.426136780E0,7.505542145E0
2.625348762E1,5.239105225E-1,6.469097443E0,7.142097931E0
2.626344262E1,8.029302979E-1,6.474935303E0,6.788682861E0
2.627339762E1,7.722441101E-1,6.376589813E0,6.968009949E0
2.628335162E1,3.532653809E-1,6.384822693E0,7.218289490E0
2.629330662E1,5.393284607E-1,6.371201019E0,7.275171204E0
2.630326163E1,1.001716919E0,6.409671021E0,7.956254883E0
2.631321662E1,7.909552002E-1,6.890171814E0,7.738457794E0
2.632317162E1,5.167254639E-1,6.950496368E0,7.426955566E0
2.633312562E1,6.038442993E-1,7.053931274E0,7.276668091E0
2.634308062E1,4.379891968E-1,6.832242279E0,7.180717621E0
2.635303563E1,6.722520447E-1,6.444099426E0,7.227869568E0
2.636299062E1,9.467811584E-1,6.345604248E0,7.362290039E0
2.637294463E1,3.171903992E-1,6.584657135E0,7.292984161E0
2.638289962E1,2.451901245E-1,6.456074524E0,6.952142944E0
2.639285462E1,5.189707947E-1,6.687792664E0,6.906637573E0
2.640280963E1,5.174739075E-1,6.735094299E0,6.948400726E0
2.641276362E1,2.011816406E-1,6.636299744E0,7.001540222E0
2.642271863E1,6.053411865E-1,7.025490417E0,7.234006805E0
2.643267362E1,2.469863892E-1,6.605912933E0,7.474107513E0
2.644262862E1,4.339476013E-1,6.444249115E0,7.350464630E0
2.645258362E1,4.629872131E-1,7.164251862E0,6.722969513E0
2.646253762E1,1.980381775E-1,6.756350098E0,6.686295776E0
2.647249263E1,8.861572266E-2,6.580615540E0,6.892267456E0
2.648244763E1,4.784051514E-1,6.606212311E0,7.307803345E0
2.649240262E1,5.481600952E-1,6.564149780E0,7.252119141E0
2.650235662E1,4.550537109E-1,6.918013916E0,6.849007416E0
2.651231162E1,3.867956543E-1,6.892417145E0,7.010521545E0
2.652226662E1,2.167492676E-1,6.889423370E0,6.788383484E0
2.653222163E1,1.746867371E-1,6.667734375E0,7.061864777E0
2.654217562E1,2.694396973E-2,6.804699554E0,7.393125916E0
2.655213063E1,-2.058219910E-1,7.126081238E0,7.285499725E0
2.656208562E1,-4.273612976E-1,6.957980804E0,7.318131866E0
2.657204062E1,-2.255809021E-1,6.541995850E0,7.141648865E0
2.658199563E1,-2.143542480E-1,6.763385468E0,6.184539185E0
2.659194962E1,-2.261796570E-1,6.511908417E0,5.716462555E0
2.660190463E1,-3.279679871E-1,6.221661987E0,6.593788147E0
2.661185962E1,-6.559359741E-1,6.752158813E0,7.607330475E0
2.662181487E1,-6.155200195E-1,7.005881195E0,8.787326660E0
2.663176887E1,-2.579136658E-1,6.976392517E0,8.940158844E0
2.664172387E1,-7.897576904E-1,6.716383209E0,7.709418182E0
2.665167888E1,-6.508465576E-1,6.733896790E0,6.558162231E0
2.666163387E1,-1.131796417E0,7.386090546E0,6.274502106E0
2.667158887E1,-1.116677856E0,6.911876678E0,6.505172424E0
2.668154287E1,-5.769003296E-1,6.021378479E0,7.366930389E0
2.669149787E1,-6.105802917E-1,6.073320465E0,8.196505280E0
2.670145288E1,-5.230123901E-1,6.442003784E0,7.817942505E0
2.671140787E1,-5.914201355E-1,6.375991058E0,7.718249817E0
2.672136188E1,-8.985813904E-1,6.345304871E0,7.474257202E0
2.673131687E1,-4.851411438E-1,6.349346466E0,7.204218750E0
2.674127187E1,1.466949463E-2,6.545438690E0,7.174580383E0
2.675122687E1,-8.352630615E-2,6.450386353E0,7.371720428E0
2.676118087E1,-2.616558838E-1,6.196065216E0,7.291636963E0
2.677113588E1,-1.806742859E-1,6.301446075E0,7.573500824E0
2.678109087E1,-2.041754150E-1,6.005511475E0,8.515342255E0
2.679104587E1,-3.879931641E-1,6.080206146E0,7.933352509E0
2.680100087E1,-1.859133911E-1,6.584956512E0,7.414381714E0
2.681095487E1,-4.123924255E-1,7.191345520E0,6.501879272E0
2.682090987E1,-7.020401001E-1,6.968159637E0,6.187383270E0
2.683086488E1,-1.886077881E-1,6.798861694E0,6.459816742E0
2.684081987E1,-7.427554321E-1,6.715634766E0,6.981481934E0
2.685077388E1,-7.936495972E-1,6.647975464E0,7.352260895E0
2.686072887E1,-6.376739502E-1,6.760391693E0,7.407046967E0
2.687068387E1,-2.008822632E-1,6.174659729E0,8.366551666E0
2.688063888E1,4.475692749E-2,6.548432465E0,7.804620209E0
2.689059287E1,9.849517822E-2,6.920558624E0,7.586374054E0
2.690054788E1,2.152523804E-1,7.007827148E0,6.517895966E0
2.691050287E1,7.110214233E-2,6.722370758E0,6.261628876E0
2.692045787E1,6.340814209E-1,6.542444916E0,6.542295227E0
2.693041288E1,5.324427795E-1,6.511309662E0,7.315437469E0
2.694036687E1,5.463638306E-1,6.346801758E0,8.557554474E0
2.695032188E1,5.846841431E-1,6.514303436E0,7.620353394E0
2.696027687E1,6.104306030E-1,6.641538849E0,6.905739441E0
2.697023187E1,7.655081177E-1,6.460565186E0,6.745871887E0
2.698018587E1,4.058061218E-1,6.374643860E0,7.155569916E0
2.699014087E1,3.929328918E-1,6.843917999E0,7.045249329E0
2.700009588E1,9.385482788E-2,6.437662811E0,6.892716522E0
2.701005088E1,6.459068298E-1,6.427184601E0,7.886200562E0
2.702000488E1,4.373904419E-1,6.832541656E0,7.812404022E0
2.702995987E1,4.282594299E-1,6.694977722E0,7.521708527E0
2.703991487E1,7.101232910E-1,6.926546173E0,7.127129059E0
2.704986987E1,1.718426514E-1,6.617139587E0,6.825057220E0
2.705982488E1,6.328839111E-1,6.380182343E0,6.756799164E0
2.706977887E1,6.385720825E-1,6.808591461E0,6.792724457E0
2.707973388E1,3.818559265E-1,6.530170441E0,7.517816620E0
2.708968887E1,3.287164307E-1,6.797514496E0,7.310048676E0
2.709964387E1,1.519340515E-1,7.114405518E0,7.405400391E0
2.710959787E1,4.752616882E-1,7.262148285E0,7.235803070E0
2.711955287E1,4.854405212E-1,6.818919983E0,7.328011322E0
2.712950788E1,4.385879517E-1,6.508914642E0,7.711663513E0
2.713946287E1,6.794371033E-1,6.951993256E0,7.049290924E0
2.714941688E1,6.084846497E-1,6.777007141E0,6.935377808E0
2.715937187E1,7.764353943E-1,6.681954803E0,6.945856018E0
2.716932687E1,8.258326721E-1,6.715036011E0,6.873107300E0
2.717928188E1,4.715194702E-1,6.492598572E0,7.091802521E0
2.718923687E1,6.559359741E-1,6.715185699E0,7.072342987E0
2.719919088E1,5.673202515E-1,6.883286133E0,7.011120300E0
2.720914587E1,6.080355835E-1,6.384223938E0,7.020850067E0
2.721910087E1,7.206015015E-1,6.577472076E0,7.250921631E0
2.722905587E1,5.730084229E-1,6.679410095E0,7.384443970E0
2.723900987E1,4.770579529E-1,6.059249725E0,7.812703400E0
2.724896488E1,8.994795227E-1,6.361321564E0,7.872578888E0
2.725891988E1,1.077908478E0,6.858437805E0,7.295229492E0
2.726887487E1,1.286125488E0,6.571484528E0,7.398514709E0
2.727882887E1,9.752220154E-1,6.958729248E0,6.930587769E0
2.728878387E1,8.348139954E-1,6.382876740E0,7.389084320E0
2.729873887E1,9.849517822E-1,6.350543976E0,7.282655640E0
2.730869388E1,8.913963318E-1,6.637796631E0,7.633076935E0
2.731864887E1,7.307803345E-1,6.700366516E0,7.378606110E0
2.732860288E1,4.902305603E-1,6.216422882E0,7.564968567E0
2.733855787E1,4.852908325E-1,6.442153473E0,7.298672333E0
2.734851287E1,3.984713745E-1,6.546636200E0,6.675069122E0
2.735846788E1,4.775070190E-1,6.295757904E0,6.458170166E0
2.736842187E1,5.089416504E-3,6.258036346E0,6.848558350E0
2.737837688E1,1.437011719E-1,6.264023895E0,7.643405457E0
2.738833187E1,6.047424316E-1,6.719826050E0,8.131540375E0
2.739828687E1,6.339317322E-1,6.721622314E0,8.218509521E0
2.740824087E1,4.685256958E-1,6.781946869E0,7.560477905E0
2.741819587E1,5.516029358E-1,6.655310211E0,6.938521271E0
2.742815088E1,6.221063232E-1,6.801107025E0,7.163653107E0
2.743810587E1,3.658392334E-1,6.578819275E0,7.435936890E0
2.744806087E1,5.072950745E-1,6.343209229E0,7.645950165E0
2.745801487E1,5.164260864E-2,6.594087524E0,7.457342377E0
2.746796987E1,-1.775308228E-1,6.444847870E0,7.163353729E0
2.747792487E1,2.894979858E-1,6.179300079E0,7.171436920E0
2.748787988E1,4.924758911E-2,6.376889191E0,6.855593719E0
2.749783388E1,-4.378395081E-1,6.606661377E0,6.819518738E0
2.750778888E1,-2.736309814E-1,6.881938934E0,6.511758728E0
2.751774387E1,-3.233276367E-1,7.168892212E0,6.678661652E0
2.752769887E1,2.200424194E-2,6.603667603E0,7.163653107E0
2.753765287E1,4.543052673E-1,6.268963623E0,7.953710175E0
2.754760787E1,-1.339714050E-1,6.597680054E0,8.374485168E0
2.755756288E1,-3.971241760E-1,6.321803741E0,8.073311462E0
2.756751787E1,-7.469467163E-2,6.845564575E0,7.295379181E0
2.757747287E1,4.715194702E-2,7.428003387E0,6.268364868E0
2.758742687E1,-1.543290710E-1,6.762487335E0,6.228697357E0
2.759738187E1,-2.838098145E-1,6.455176392E0,6.970554657E0
2.760733688E1,-2.558180237E-1,6.600075073E0,7.787256317E0
2.761729196E1,-2.170486450E-1,6.873855743E0,7.581134949E0
2.762724596E1,-2.260299683E-2,6.840325470E0,7.339088287E0
2.763720096E1,1.172062683E-1,6.326743469E0,7.286397858E0
2.764715596E1,-2.230361938E-2,6.524182892E0,7.028633881E0
2.765711096E1,3.332070923E-1,6.869664459E0,6.997648315E0
2.766706496E1,1.919009399E-1,7.082970886E0,6.775061188E0
2.767701996E1,4.640350342E-3,7.086264038E0,6.474037170E0
2.768697496E1,-7.214996338E-2,6.472390594E0,6.898554382E0
2.769692996E1,-1.857637024E-1,6.681805115E0,7.001091156E0
2.770688496E1,-1.496887207E-3,6.636449432E0,7.363337860E0
2.771683896E1,2.709365845E-1,6.144721985E0,7.849377136E0
2.772679396E1,3.098556519E-2,6.704108734E0,7.416776733E0
2.773674896E1,-2.642005920E-1,6.995402985E0,7.282356262E0
2.774670396E1,-2.380050659E-1,6.467750244E0,7.495513000E0
2.775665796E1,-4.355941772E-2,6.957980804E0,7.263495483E0
2.776661296E1,2.923420715E-1,6.653813324E0,7.121141510E0
2.777656796E1,3.855981445E-1,6.508615265E0,7.337591400E0
2.778652296E1,2.245330811E-1,6.853049011E0,7.224875793E0
2.779647696E1,-1.721420288E-1,7.063511353E0,6.539301453E0
2.780643196E1,1.924996948E-1,6.769672394E0,6.836433563E0
2.781638696E1,2.529739380E-2,6.462511139E0,6.603068848E0
2.782634196E1,1.769320679E-1,5.754932556E0,6.864425354E0
2.783629696E1,9.265731812E-2,6.387666779E0,6.859785004E0
2.784625096E1,-5.336402893E-1,7.060816956E0,7.485334167E0
2.785620596E1,-3.770658875E-1,6.911277924E0,7.732619934E0
2.786616096E1,-5.400769043E-1,6.798861694E0,7.695796509E0
2.787611596E1,-6.119274902E-1,6.813680878E0,7.656578064E0
2.788606996E1,-7.105723572E-1,6.255042572E0,7.633975067E0
2.789602496E1,-6.755451965E-1,6.218219147E0,7.793692932E0
2.790597996E1,-3.174897766E-1,6.550977173E0,7.534881134E0
2.791593496E1,-4.114942932E-1,6.189179535E0,7.738906860E0
2.792588896E1,-4.719685364E-1,6.183940430E0,7.599846039E0
2.793584396E1,-5.569917297E-1,6.684649200E0,6.990912323E0
2.794579896E1,-7.352709961E-1,6.707102509E0,6.847809906E0
2.795575396E1,-2.103126526E-1,6.698420563E0,6.852300568E0
2.796570896E1,1.766326904E-2,6.682852936E0,6.900200958E0
2.797566296E1,-4.810995483E-1,6.392756195E0,6.638395386E0
2.798561796E1,-4.953199768E-1,6.414610748E0,6.896458740E0
2.799557296E1,-2.026785278E-1,6.745871887E0,7.048093414E0
2.800552796E1,-1.850152588E-1,6.191873932E0,7.659422150E0
2.801548196E1,-1.438508606E-1,6.841223602E0,7.775131531E0
2.802543696E1,-2.969824219E-1,7.072193298E0,7.653135223E0
2.803539196E1,-1.299298096E-1,6.517895966E0,7.424859924E0
2.804534696E1,2.728825378E-1,6.783593445E0,6.799460449E0
2.805530096E1,3.731739807E-1,6.677613831E0,6.949298859E0
2.806525596E1,2.005828857E-2,5.927074585E0,7.401209106E0
2.807521096E1,-1.002914429E-1,6.342011719E0,7.281458130E0
2.808516596E1,-1.510359192E-1,6.754254456E0,7.114555206E0
2.809512096E1,-6.646179199E-2,6.600524139E0,7.535479889E0
2.810507496E1,-8.996292114E-2,6.455026703E0,7.927963715E0
2.811502996E1,-3.481759644E-1,6.538852386E0,7.339836731E0
2.812498496E1,-4.288581848E-1,6.476731567E0,6.466702423E0
2.813493996E1,-1.930984497E-2,6.481521606E0,6.233487396E0
2.814489396E1,-2.942880249E-1,6.588249664E0,6.696624298E0
2.815484896E1,-3.817062378E-2,6.903194733E0,7.156018982E0
2.816480396E1,-1.537303162E-1,6.959178314E0,8.063132629E0
2.817475896E1,-2.694396973E-2,7.098089447E0,8.063581696E0
2.818471296E1,4.549040222E-1,7.106172638E0,7.114405518E0
2.819466796E1,3.677851868E-1,7.309150543E0,6.854096832E0
2.820462296E1,-6.676116943E-2,7.217990112E0,6.990014191E0
2.821457796E1,3.532653809E-2,6.708000641E0,7.218738556E0
2.822453296E1,-1.377136230E-1,6.446494446E0,7.471413116E0
2.823448696E1,1.157093811E-1,6.740183716E0,7.138206024E0
2.824444196E1,3.571572876E-1,6.721322937E0,6.933731232E0
2.825439696E1,1.293310547E-1,6.500831451E0,6.938371582E0
2.826435196E1,2.514770508E-1,6.757248230E0,6.504873047E0
2.827430596E1,4.251159668E-1,6.851851501E0,6.522686005E0
2.828426096E1,5.243595886E-1,6.879094849E0,6.564000092E0
2.829421596E1,4.221221924E-1,6.556066589E0,7.161707153E0
2.830417096E1,3.028202820E-1,6.275549927E0,7.711663513E0
2.831412496E1,3.477268982E-1,6.122568054E0,8.793314209E0
2.832407996E1,1.993853760E-1,6.281088409E0,8.586294708E0
2.833403496E1,6.322851562E-1,6.724316711E0,7.782615967E0
2.834398996E1,7.003935242E-1,7.339237976E0,6.558910675E0
2.835394496E1,-1.646575928E-2,6.735243988E0,6.082601166E0
2.836389896E1,-5.703140259E-2,6.069877625E0,6.516099701E0
2.837385396E1,3.547622681E-2,6.270759888E0,6.829547882E0
2.838380896E1,-1.797761536E-1,6.481521606E0,7.518864441E0
2.839376396E1,1.856140137E-2,6.494993591E0,7.974516907E0
2.840371796E1,-1.863624573E-1,6.211782532E0,8.345146179E0
2.841367296E1,-3.981719971E-2,6.554120636E0,8.131540375E0
2.842362796E1,-6.975494385E-2,6.970854034E0,7.638316040E0
2.843358296E1,-5.328918457E-2,7.086862793E0,7.125033417E0
2.844353696E1,-1.019380188E-1,6.966962128E0,6.379284210E0
2.845349196E1,-2.448907471E-1,6.578819275E0,6.347999268E0
2.846344696E1,-2.231858826E-1,6.429130554E0,6.866820374E0
2.847340196E1,-3.053649902E-1,6.340215454E0,6.894662476E0
2.848335696E1,-3.017724609E-1,6.288123779E0,7.218439178E0
2.849331096E1,-3.468287659E-1,6.607409821E0,7.168293457E0
2.850326596E1,-3.122506714E-1,6.411616974E0,7.751181335E0
2.851322096E1,-1.169068909E-1,6.436465302E0,7.810458069E0
2.852317596E1,-2.429447937E-1,6.927444305E0,7.572902069E0
2.853312996E1,-5.239105225E-2,6.471642151E0,7.451354828E0
2.854308496E1,-2.525248718E-1,6.151008911E0,7.391179962E0
2.855303996E1,5.089416504E-3,6.353088684E0,6.925797729E0
2.856299496E1,-3.637435913E-2,6.253695374E0,6.963519287E0
2.857294896E1,1.797761536E-1,6.087989960E0,7.452252960E0
2.858290396E1,6.780899048E-2,5.878575439E0,7.731272736E0
2.859285896E1,-1.401086426E-1,6.373446350E0,7.246281281E0
2.860281396E1,4.026626587E-2,6.693480835E0,7.288643188E0
2.861276796E1,-2.395019531E-2,6.543642426E0,7.791148224E0
2.862272296E1,-3.736230469E-1,6.615043945E0,7.784412231E0
2.863267796E1,-4.173321533E-1,6.910379791E0,7.533084869E0
2.864263296E1,-7.496411133E-1,6.913972321E0,7.540269928E0
2.865258796E1,-4.790039062E-1,6.459068298E0,7.542814636E0
2.866254196E1,-3.487747192E-1,6.405330048E0,6.939868469E0
2.867249696E1,-5.981561279E-1,6.755451965E0,7.236551514E0
2.868245196E1,-3.523672485E-1,6.703509979E0,7.341782684E0
2.869240696E1,-2.776725769E-1,6.361620941E0,7.318281555E0
2.870236096E1,9.580078125E-3,6.621480560E0,7.261399841E0
2.871231596E1,-4.387376404E-1,7.159012756E0,6.586752777E0
2.872227096E1,-1.267863464E-1,7.040010223E0,6.822961578E0
2.873222596E1,-7.244934082E-2,6.871011658E0,6.697073364E0
2.874217996E1,-3.168910217E-1,6.446793823E0,6.943910065E0
2.875213496E1,2.252815247E-1,6.934479675E0,7.089856567E0
2.876208996E1,5.508544922E-2,6.890920258E0,7.396568756E0
2.877204496E1,-1.407073975E-1,6.485862579E0,7.414232025E0
2.878199996E1,-8.981323242E-3,6.502777405E0,7.649692383E0
2.879195396E1,3.653901672E-1,6.862180023E0,7.113657074E0
2.880190896E1,-1.344204712E-1,7.185807037E0,6.272107086E0
2.881186396E1,-2.155517578E-2,6.836583252E0,6.609954529E0
2.882181896E1,-8.023315430E-2,6.623426514E0,6.939269714E0
2.883177296E1,-1.498384094E-1,6.686595154E0,7.138655090E0
2.884172796E1,-1.047821045E-3,6.506968689E0,7.571554871E0
2.885168296E1,-2.604583740E-1,6.722221069E0,7.550748138E0
2.886163796E1,-7.499404907E-1,6.746320953E0,7.732769623E0
2.887159196E1,-6.176156616E-1,6.680757294E0,7.580536194E0
2.888154696E1,-4.448748779E-1,6.666985931E0,6.826703796E0
2.889150196E1,2.499801636E-2,6.342460785E0,6.070775757E0
2.890145696E1,1.766326904E-2,6.363566895E0,6.121520233E0
2.891141096E1,-1.543290710E-1,6.693630524E0,6.851103058E0
2.892136596E1,-2.911445618E-1,6.708449707E0,7.952063599E0
2.893132096E1,2.245330811E-2,7.128476257E0,8.618328094E0
2.894127596E1,1.953437805E-1,6.966662750E0,8.170309753E0
2.895123096E1,3.454815674E-1,6.577771454E0,7.525450745E0
2.896118496E1,2.064207458E-1,6.944658508E0,7.286697235E0
2.897113996E1,-2.778222656E-1,7.146738281E0,6.744075623E0
2.898109496E1,-2.469863892E-2,6.403384094E0,7.677684174E0
2.899104996E1,-7.185058594E-2,6.243815918E0,7.644153900E0
2.900100396E1,-1.127156067E-1,6.016738129E0,7.174580383E0
2.901095896E1,9.669891357E-2,6.293512573E0,6.714437256E0
2.902091396E1,-1.790277100E-1,6.254892883E0,6.762936401E0
2.903086896E1,2.101629639E-1,6.224206696E0,6.950496368E0
2.904082296E1,8.412506104E-2,6.419849854E0,7.624245300E0
2.905077796E1,-9.729766846E-2,6.701114960E0,8.179291077E0
2.906073296E1,3.188369751E-2,6.520889740E0,7.811206512E0
2.907068796E1,-1.257385254E-2,5.860014038E0,8.599167938E0
2.908064296E1,3.068618774E-1,6.001619568E0,8.602910156E0
2.909059696E1,1.618135071E-1,6.821464691E0,7.361840973E0
2.910055196E1,3.387455750E-1,7.056326294E0,6.828500061E0
2.911050696E1,-1.308279419E-1,7.043003998E0,6.066584473E0
2.912046196E1,2.969824219E-1,6.608457642E0,5.665718079E0
2.913041596E1,1.898052979E-1,6.216572571E0,6.490652618E0
2.914037096E1,-7.439529419E-2,6.736142120E0,7.214397583E0
2.915032596E1,9.535171509E-2,6.365213470E0,7.912096710E0
2.916028096E1,4.236190796E-2,6.333778839E0,8.394842834E0
2.917023496E1,5.150788879E-1,6.583609314E0,8.803493042E0
2.918018996E1,8.415499878E-1,7.114106140E0,7.621101837E0
2.919014496E1,8.869056702E-1,6.757846985E0,7.333400116E0
2.920009996E1,8.252339172E-1,7.004833374E0,6.042185211E0
2.921005496E1,6.276448059E-1,6.313570862E0,6.024671631E0
2.922000896E1,8.716374207E-1,6.280040588E0,6.370751953E0
2.922996396E1,5.605842590E-1,6.350394287E0,7.242239685E0
2.923991896E1,4.957690430E-1,6.263574829E0,8.120762787E0
2.924987396E1,3.061134338E-1,6.555767212E0,8.191715240E0
2.925982796E1,2.796185303E-1,7.164401550E0,7.535779266E0
2.926978296E1,4.525090027E-1,6.562353516E0,7.470365295E0
2.927973796E1,7.723937988E-2,6.752308502E0,7.301366730E0
2.928969296E1,-8.891510010E-2,6.684200134E0,7.303162994E0
2.929964696E1,5.066963196E-1,6.273753662E0,7.095245361E0
2.930960196E1,6.233038330E-1,6.515201569E0,7.372917938E0
2.931955696E1,5.788462830E-1,7.083719330E0,6.604715424E0
2.932951196E1,5.664221191E-1,6.675667877E0,6.881789246E0
2.933946596E1,3.041674805E-1,6.663094025E0,7.004384308E0
2.934942096E1,3.641926575E-1,6.686744843E0,6.854396210E0
2.935937596E1,5.188211060E-1,6.955585785E0,7.079528046E0
2.936933096E1,1.667532349E-1,7.325915680E0,7.257807312E0
2.937928596E1,-1.122665405E-2,6.817722473E0,7.729925537E0
2.938923996E1,8.083190918E-3,7.117399292E0,7.032226410E0
2.939919496E1,1.050814819E-1,7.178921356E0,6.917864227E0
2.940914996E1,3.412902832E-1,6.376889191E0,6.693181458E0
2.941910496E1,3.456312561E-1,6.258784790E0,6.873855743E0
2.942905896E1,6.830296326E-1,6.537954254E0,7.706873474E0
2.943901396E1,1.073268127E-1,6.426436157E0,8.322393494E0
2.944896896E1,6.315367126E-1,6.824159088E0,8.035739594E0
2.945892396E1,6.870712280E-1,7.367379456E0,7.165000305E0
2.946887796E1,5.718109131E-2,6.787185974E0,6.594386902E0
2.947883296E1,3.543132019E-1,7.011868744E0,5.801785126E0
2.948878796E1,1.095721436E-1,6.761439514E0,5.961203613E0
2.949874296E1,6.271957397E-2,6.018384705E0,6.758445740E0
2.950869696E1,2.279759216E-1,5.778283997E0,7.608078918E0
2.951865196E1,2.398013306E-1,6.307433624E0,7.673343201E0
2.952860696E1,1.865121460E-1,6.203399963E0,7.595205688E0
2.953856196E1,2.549198914E-1,6.574178925E0,8.005053406E0
2.954851696E1,5.542973328E-1,7.066505127E0,7.795938263E0
2.955847096E1,5.824388123E-1,7.059918823E0,7.930358734E0
2.956842596E1,4.528083801E-1,7.180567932E0,7.950566711E0
2.957838096E1,4.022135925E-1,6.663692780E0,7.705526276E0
2.958833596E1,6.113287354E-1,6.128854980E0,7.807015228E0
2.959828996E1,1.660047913E-1,6.422244873E0,7.539820862E0
2.960824496E1,5.433700562E-2,6.542295227E0,7.449109497E0
2.961820046E1,4.326004028E-2,6.071224823E0,7.792495422E0
2.962815546E1,7.574249268E-2,6.474037170E0,7.412435760E0
2.963810946E1,2.642005920E-1,6.634952545E0,6.511609039E0
2.964806446E1,3.188369751E-2,6.210135956E0,6.553671570E0
2.965801946E1,-1.645079041E-1,6.496340790E0,6.829098816E0
2.966797446E1,-1.360670471E-1,6.440506897E0,7.391329651E0
2.967792946E1,1.577719116E-1,6.481222229E0,8.086633759E0
2.968788346E1,3.749702454E-1,6.766528931E0,7.518565063E0
2.969783846E1,3.083587646E-1,6.692732391E0,6.638694763E0
2.970779346E1,6.864724731E-1,6.612499237E0,6.653214569E0
2.971774846E1,6.354286194E-1,6.330186310E0,7.676336975E0
2.972770246E1,5.581892395E-1,6.421795807E0,8.131540375E0
2.973765746E1,4.355941772E-1,6.518644409E0,8.759634247E0
2.974761246E1,2.573149109E-1,6.483018494E0,8.745114441E0
2.975756746E1,5.051994324E-1,6.519243164E0,7.991880798E0
2.976752146E1,3.549119568E-1,6.771019592E0,7.412136383E0
2.977747646E1,-2.043251038E-1,6.943910065E0,6.341862030E0
2.978743146E1,-1.733395386E-1,6.921606445E0,5.985153809E0
2.979738646E1,-1.510359192E-1,6.829098816E0,5.749543762E0
2.980734046E1,-1.351689148E-1,6.333329773E0,6.376889191E0
2.981729546E1,4.981640625E-1,6.155649261E0,7.444169769E0
2.982725046E1,-1.842668152E-1,6.031707001E0,8.671317902E0
2.983720546E1,-8.951385498E-2,7.130122833E0,8.092471619E0
2.984716046E1,2.221380615E-1,7.523055725E0,7.074588318E0
2.985711446E1,1.546284485E-1,7.557484131E0,6.080954590E0
2.986706946E1,-1.351689148E-1,6.889722748E0,5.702541504E0
2.987702446E1,-3.706292725E-1,6.040838013E0,6.715036011E0
2.988697946E1,-1.320254517E-1,6.483766937E0,7.235503693E0
2.989693346E1,-1.068777466E-1,6.757098541E0,7.310647430E0
2.990688846E1,-3.038681030E-2,6.632856903E0,7.689060516E0
2.991684346E1,-1.460961914E-1,6.369853821E0,7.869136047E0
2.992679846E1,-3.570075989E-1,6.904242554E0,7.360344086E0
2.993675246E1,-1.110690308E-1,6.886429596E0,7.426057434E0
2.994670746E1,2.803669739E-1,6.878645782E0,7.134763184E0
2.995666246E1,-2.574645996E-2,6.913223877E0,6.343358917E0
2.996661746E1,-2.685415649E-1,7.160210266E0,6.012995911E0
2.997657146E1,-2.667453003E-1,7.125781860E0,6.617289276E0
2.998652646E1,-9.774673462E-2,6.353238373E0,7.518265686E0
2.999648146E1,1.707948303E-1,6.514602814E0,7.634274445E0
3.000643646E1,-6.571334839E-2,6.684050446E0,7.463329926E0
3.001639146E1,-4.984634399E-2,6.390510864E0,7.278164978E0
3.002634546E1,-1.773811340E-1,7.059769135E0,6.854396210E0
3.003630046E1,-2.028282166E-1,6.982829132E0,6.756649475E0
3.004625546E1,-8.981323242E-4,6.054459686E0,7.115453339E0
3.005621046E1,1.055305481E-1,5.975573730E0,7.477700043E0
3.006616446E1,-1.059796143E-1,6.631509705E0,6.646478577E0
3.007611946E1,-1.103205872E-1,6.300398254E0,6.732100525E0
3.008607446E1,7.185058594E-2,5.621110840E0,6.908284149E0
3.009602946E1,1.251397705E-1,5.175637207E0,7.407945099E0
3.010598346E1,2.640509033E-1,6.033353577E0,7.239395599E0
3.011593846E1,-1.047821045E-3,6.570137329E0,8.255931702E0
3.012589346E1,1.916015625E-2,6.772516479E0,8.236472168E0
3.013584846E1,-2.769241333E-1,7.288493500E0,7.779023438E0
3.014580246E1,-4.496649170E-1,7.177274780E0,7.736960907E0
3.015575746E1,-7.000941467E-1,6.543492737E0,7.607330475E0
3.016571246E1,-4.797523499E-1,6.402485962E0,7.108118591E0
3.017566746E1,-3.068618774E-1,6.491999817E0,6.596931610E0
3.018562246E1,-1.323248291E-1,5.994883575E0,6.804849243E0
3.019557646E1,-3.441343689E-1,6.374643860E0,6.595285034E0
3.020553146E1,-1.222956848E-1,6.306086426E0,7.696544952E0
3.021548646E1,-3.002755737E-1,6.410569153E0,8.685388641E0
3.022544146E1,-3.496728516E-1,7.350764008E0,8.599916382E0
3.023539546E1,7.364685059E-2,7.511529694E0,8.455915833E0
3.024535046E1,-5.376818848E-1,6.941964111E0,7.639513550E0
3.025530546E1,-3.017724609E-1,6.803352356E0,6.920858002E0
3.026526046E1,3.603007507E-1,7.136110382E0,6.818470917E0
3.027521446E1,4.176315308E-1,6.476881256E0,7.291636963E0
3.028516946E1,6.270460510E-1,6.344855804E0,7.428901520E0
3.029512446E1,5.920188904E-1,6.747668152E0,6.850354614E0
3.030507946E1,5.393284607E-1,6.665938110E0,5.594166870E0
3.031503446E1,6.063890076E-1,6.378984833E0,5.771548004E0
3.032498846E1,4.240681458E-1,6.188880157E0,7.142247620E0
3.033494346E1,7.110214233E-2,6.192023621E0,8.362659760E0
3.034489846E1,-1.670526123E-1,6.556066589E0,9.631271667E0
3.035485346E1,-3.965254211E-1,7.158863068E0,9.328750763E0
3.036480746E1,-3.469784546E-1,6.821015625E0,8.896300049E0
3.037476246E1,-7.259902954E-2,6.627318420E0,8.041427765E0
3.038471746E1,-1.207987976E-1,6.539451141E0,6.728507996E0
3.039467246E1,8.592132568E-2,6.467001801E0,5.445525970E0
3.040462646E1,2.354603577E-1,6.671925659E0,5.515580292E0
3.041458146E1,2.748284912E-1,6.886130219E0,6.671626282E0
3.042453646E1,1.767823792E-1,6.612648926E0,8.596473541E0
3.043449146E1,1.839674377E-1,6.978488159E0,9.697134705E0
3.044444546E1,3.408412170E-1,7.280260620E0,8.433462524E0
3.045440046E1,8.213420105E-1,7.281009064E0,7.200027466E0
3.046435546E1,6.682104492E-1,7.307503967E0,6.272406464E0
3.047431046E1,3.821553040E-1,6.614445190E0,5.636079712E0
3.048426546E1,2.636018372E-1,6.136189728E0,6.029311981E0
3.049421946E1,1.356179810E-1,6.271807709E0,6.586453400E0
3.050417446E1,4.346960449E-1,6.165379028E0,7.940687256E0
3.051412946E1,4.210743713E-1,6.388714600E0,8.968300323E0
3.052408446E1,5.230123901E-1,6.854096832E0,9.505383453E0
3.053403846E1,4.643344116E-1,7.449109497E0,8.316256256E0
3.054399346E1,5.984555054E-1,7.461383972E0,6.843917999E0
3.055394846E1,7.238946533E-1,7.116201782E0,5.809868317E0
3.056390346E1,7.560777283E-1,6.444698181E0,4.984634399E0
3.057385746E1,9.741741943E-1,5.683231659E0,5.864953766E0
3.058381246E1,7.560777283E-1,5.467230835E0,6.825805664E0
3.059376746E1,6.405180359E-1,6.333030396E0,7.227869568E0
3.060372246E1,1.012344818E0,7.297923889E0,7.532635803E0
3.061367646E1,4.942721558E-1,7.511829071E0,6.979236603E0
3.062363100E1,5.435197449E-1,7.001689911E0,7.394622803E0
3.063358600E1,6.740483093E-1,7.244934082E0,7.129973145E0
3.064354100E1,2.088157654E-1,6.644382935E0,7.680228882E0
3.065349600E1,5.507048035E-1,6.408473511E0,7.948171692E0
3.066345000E1,5.252577209E-1,6.376440125E0,7.752229156E0
3.067340500E1,7.903564453E-1,6.508315887E0,7.781717834E0
3.068336000E1,8.027806091E-1,6.882537689E0,7.245383148E0
3.069331500E1,7.560777283E-1,6.888225861E0,7.126230927E0
3.070326900E1,6.111790466E-1,5.708678741E0,7.450456696E0
3.071322400E1,3.978726196E-1,5.634732513E0,7.270979919E0
3.072317900E1,1.100361786E0,6.516249390E0,6.494544525E0
3.073313400E1,8.934919739E-1,5.860762482E0,6.630761261E0
3.074308800E1,7.340734863E-1,6.155349884E0,6.668482819E0
3.075304300E1,5.047503662E-1,6.946903839E0,5.780080261E0
3.076299800E1,3.623963928E-1,6.260730743E0,7.175478516E0
3.077295300E1,5.707630920E-1,6.522236938E0,7.569309540E0
3.078290700E1,4.938230896E-1,6.090085602E0,8.263416138E0
3.079286200E1,6.584806824E-1,5.667214966E0,8.467292175E0
3.080281700E1,5.650749207E-1,6.587650909E0,7.460785217E0
3.081277200E1,7.500901794E-1,6.652765503E0,6.583010559E0
3.082272700E1,1.014141083E0,5.849685516E0,7.169191589E0
3.083268100E1,7.899073792E-1,6.570137329E0,7.553592224E0
3.084263600E1,4.122427368E-1,6.803352356E0,7.781418457E0
3.085259100E1,5.707630920E-1,6.604565735E0,8.865314484E0
3.086254600E1,6.694079590E-1,7.273374939E0,9.386530609E0
3.087250000E1,1.977388000E-1,7.610174561E0,8.203989716E0
3.088245500E1,5.324427795E-1,6.795269165E0,7.744894409E0
3.089241000E1,5.993536377E-1,7.112908630E0,6.689289551E0
3.090236500E1,5.502557373E-1,6.897356873E0,5.901777191E0
3.091231900E1,8.681945801E-1,6.499633942E0,5.525459747E0
3.092227400E1,7.005432129E-1,6.846762085E0,5.743855591E0
3.093222900E1,3.948788452E-1,6.834188232E0,6.577771454E0
3.094218400E1,3.691323853E-1,6.533463593E0,7.561226349E0
3.095213800E1,5.761518860E-1,6.765331421E0,8.204588470E0
3.096209300E1,7.186555481E-1,6.438111877E0,7.943231964E0
3.097204800E1,8.002359009E-1,6.473887482E0,7.733069000E0
3.098200300E1,6.973997498E-1,6.739884338E0,7.370073853E0
3.099195700E1,6.755451965E-1,6.173611908E0,7.764054565E0
3.100191200E1,7.367678833E-1,6.840774536E0,7.341932373E0
3.101186700E1,6.035449219E-1,7.465874634E0,7.434440002E0
3.102182200E1,7.963439941E-1,7.005432129E0,7.492818604E0
3.103177700E1,9.815089417E-1,6.620283051E0,7.374863892E0
3.104173100E1,1.363813934E0,6.798861694E0,7.095844116E0
3.105168600E1,1.440903625E0,6.699169006E0,6.307134247E0
3.106164100E1,1.535806274E0,6.845414886E0,5.835914154E0
3.107159600E1,1.484912109E0,6.752907257E0,5.986051941E0
3.108155000E1,8.735833740E-1,6.440357208E0,6.744674377E0
3.109150500E1,1.427281952E0,6.447392578E0,7.389383698E0
3.110146000E1,1.237326965E0,6.576873322E0,7.834857330E0
3.111141500E1,7.855664063E-1,6.240073700E0,7.998467102E0
3.112136900E1,6.997947693E-1,6.370452576E0,7.640561371E0
3.113132400E1,3.736230469E-1,7.001540222E0,6.754703522E0
3.114127900E1,2.963836670E-1,6.295159149E0,6.159990234E0
3.115123400E1,7.017407227E-1,5.889053650E0,5.939498749E0
3.116118900E1,6.465055847E-1,6.222260742E0,6.705455933E0
3.117114300E1,6.602769470E-1,6.225254517E0,7.971672821E0
3.118109800E1,6.039939880E-1,6.856342163E0,8.572673035E0
3.119105300E1,4.330494690E-1,6.921905823E0,8.475974121E0
3.120100800E1,5.200186157E-1,6.625671844E0,7.137457581E0
3.121096200E1,7.957452393E-1,6.823410645E0,6.165229340E0
3.122091700E1,2.621049500E-1,6.566544800E0,6.043083344E0
3.123087200E1,2.356100464E-1,5.985004120E0,6.759942627E0
3.124082700E1,2.478845215E-1,6.375691681E0,7.376510468E0
3.125078100E1,-3.101550293E-1,6.739285583E0,7.848479004E0
3.126073600E1,-1.199006653E-1,6.621779938E0,7.637417908E0
3.127069100E1,-1.204994202E-1,6.959028625E0,6.873706055E0
3.128064600E1,-2.636018372E-1,7.222630463E0,6.585704956E0
3.129060000E1,1.291813660E-1,6.603966980E0,6.886429596E0
3.130055500E1,1.362167358E-1,6.425837402E0,7.911497955E0
3.131051000E1,-8.412506104E-2,6.307733002E0,8.588839417E0
3.132046500E1,-3.173400879E-2,6.076763306E0,8.503816223E0
3.133041900E1,4.070036316E-1,5.849984894E0,8.518336029E0
3.134037400E1,5.578898621E-1,6.471043396E0,6.971003723E0
3.135032900E1,6.686595154E-1,6.530020752E0,6.452182617E0
3.136028400E1,4.345463562E-1,6.834786987E0,5.890550537E0
3.137023900E1,3.817062378E-1,6.691834259E0,6.062243500E0
3.138019300E1,4.743635559E-1,6.474186859E0,6.378984833E0
3.139014800E1,1.728904724E-1,6.660399628E0,7.261848907E0
3.140010300E1,1.481918335E-1,6.953789520E0,7.589517517E0
3.141005800E1,5.074447632E-2,6.674919434E0,7.804021454E0
3.142001200E1,4.834945679E-2,6.308631134E0,7.910001068E0
3.142996700E1,9.624984741E-2,6.587650909E0,7.156018982E0
3.143992200E1,1.917512512E-1,6.457421722E0,7.097939758E0
3.144987700E1,2.887495422E-1,6.789730682E0,7.053482208E0
3.145983100E1,1.573228455E-1,6.366261292E0,7.532336426E0
3.146978600E1,5.266049194E-1,6.405030670E0,7.313192139E0
3.147974100E1,2.350112915E-1,6.798113251E0,7.452702026E0
3.148969600E1,2.101629639E-1,6.495292969E0,7.604785767E0
3.149965000E1,7.259902954E-2,6.428980865E0,7.360793152E0
3.150960500E1,-8.187973022E-2,6.891069946E0,7.050638123E0
3.151956000E1,-1.737886047E-1,6.499933319E0,7.094646606E0
3.152951500E1,1.757345581E-1,6.441554718E0,7.059320068E0
3.153947000E1,2.574645996E-2,7.169940033E0,6.380930786E0
3.154942400E1,-4.077520752E-1,6.826703796E0,6.567293243E0
3.155937900E1,-1.131646729E-1,6.500382385E0,6.780300293E0
3.156933400E1,1.101708984E-1,6.656956787E0,7.018754425E0
3.157928900E1,1.519340515E-1,7.175029449E0,6.806196442E0
3.158924300E1,2.668949890E-1,6.783593445E0,7.425159302E0
3.159919800E1,1.167572021E-1,6.564449158E0,7.753127289E0
3.160915300E1,-3.549119568E-1,6.682703247E0,7.177424469E0
3.161910800E1,1.248403931E-1,6.816824341E0,6.732399902E0
3.162906196E1,2.115101624E-1,6.666686554E0,6.818919983E0
3.163901696E1,-1.297801208E-1,6.522835693E0,6.722370758E0
3.164897196E1,-2.408491516E-1,6.280190277E0,6.786138153E0
3.165892696E1,-2.176473999E-1,6.673572235E0,7.252119141E0
3.166888196E1,-1.095721436E-1,6.784491577E0,7.872578888E0
3.167883596E1,1.169068909E-1,6.222560120E0,8.280929718E0
3.168879096E1,1.017883301E-1,6.636748810E0,8.053253174E0
3.169874596E1,-4.355941772E-2,6.527026978E0,7.391928406E0
3.170870096E1,-1.779798889E-1,6.182593231E0,7.065008240E0
3.171865496E1,1.772314453E-1,7.034471741E0,5.963299255E0
3.172860996E1,-4.475692749E-2,6.726262665E0,6.528673553E0
3.173856496E1,-8.472381592E-2,6.324797516E0,7.686066742E0
3.174851996E1,-1.167572021E-2,6.729106750E0,8.079149323E0
3.175847396E1,-4.272116089E-1,6.453380127E0,8.211923218E0
3.176842896E1,-7.360194397E-1,6.184688873E0,8.124205627E0
3.177838396E1,-5.604345703E-1,6.742578735E0,7.536827087E0
3.178833896E1,-7.873626709E-1,6.540049896E0,6.795119476E0
3.179829296E1,-6.258485413E-1,6.276298370E0,6.682852936E0
3.180824796E1,-9.131011963E-2,6.698869629E0,6.725364532E0
3.181820296E1,-3.149450684E-1,6.738836517E0,6.745572510E0
3.182815796E1,-3.192860413E-1,6.811734924E0,6.773264923E0
3.183811196E1,-2.993774414E-1,6.546486511E0,7.364385681E0
3.184806696E1,-3.553610229E-1,6.000122681E0,7.519014130E0
3.185802196E1,-1.323248291E-1,6.262676697E0,7.535330200E0
3.186797696E1,-1.811233521E-2,6.533164215E0,7.854915619E0
3.187793196E1,-4.447251892E-1,6.354735260E0,7.997568970E0
3.188788596E1,-2.844085693E-1,6.347999268E0,7.967182159E0
3.189784096E1,-1.669029236E-1,6.648574219E0,7.394622803E0
3.190779596E1,-2.555186462E-1,6.581214294E0,6.683302002E0
3.191775096E1,-3.836521912E-1,6.189628601E0,6.059249725E0
3.192770496E1,-3.023712158E-1,5.942492523E0,6.379583588E0
3.193765996E1,-1.059796143E-1,6.397995300E0,6.798113251E0
3.194761496E1,-2.784210205E-1,6.401587830E0,7.741002502E0
3.195756996E1,-5.164260864E-2,6.151607666E0,8.794062653E0
3.196752396E1,-4.093986511E-1,6.575077057E0,7.979606323E0
3.197747896E1,-4.093986511E-1,6.864874420E0,7.321425018E0
3.198743396E1,-3.218307495E-1,7.267537079E0,6.715784454E0
3.199738896E1,-5.400769043E-1,6.959777069E0,6.532565460E0
3.200734296E1,-3.579057312E-1,6.414910126E0,6.797963562E0
3.201729796E1,-6.310876465E-1,6.581064606E0,7.226971436E0
3.202725296E1,-5.427713013E-1,6.701414337E0,7.598498840E0
3.203720796E1,-1.314266968E-1,6.113287354E0,7.925269318E0
3.204716296E1,-3.472778320E-2,6.417005768E0,7.795040131E0
3.205711696E1,-2.356100464E-1,6.875801697E0,7.204518127E0
3.206707196E1,-3.993695068E-1,6.865173798E0,7.145540771E0
3.207702696E1,-2.583627319E-1,6.828200684E0,7.239395599E0
3.208698196E1,-1.571731567E-2,6.775061188E0,6.933282166E0
3.209693596E1,4.775070190E-2,6.597829742E0,7.217391357E0
3.210689096E1,-1.938468933E-1,6.330335999E0,7.631729736E0
3.211684596E1,-5.125341797E-1,6.310128021E0,7.810458069E0
3.212680096E1,-2.167492676E-1,6.891369324E0,7.614365845E0
3.213675496E1,-6.647676086E-1,6.933431854E0,7.134164429E0
3.214670996E1,-5.837860107E-1,6.900200958E0,6.619384918E0
3.215666496E1,-1.062789917E0,6.793921967E0,6.193221130E0
3.216661996E1,-1.130598907E0,7.077133026E0,6.105503540E0
3.217657396E1,-5.060975647E-1,7.181466064E0,6.131998444E0
3.218652896E1,-1.896556091E-1,6.229296112E0,7.166048126E0
3.219648396E1,-1.225950623E-1,6.208040314E0,7.972271576E0
3.220643896E1,-1.447489929E-1,6.987319794E0,7.930807800E0
3.221639296E1,-2.963836670E-1,7.192992096E0,8.216862946E0
3.222634796E1,4.445755005E-2,7.174430695E0,7.511230316E0
3.223630296E1,5.049000549E-1,6.435267792E0,7.241790619E0
3.224625796E1,5.715115356E-1,6.482270050E0,7.023394775E0
3.225621196E1,1.484912109E-1,7.240742798E0,6.503076782E0
3.226616696E1,2.260299683E-1,6.802454224E0,7.006330261E0
3.227612196E1,2.296224976E-1,6.216871948E0,7.452552338E0
3.228607696E1,3.827540588E-1,6.762337646E0,7.545958099E0
3.229603196E1,3.194357300E-1,6.510561218E0,7.471413116E0
3.230598596E1,3.168910217E-1,6.791676636E0,7.291487274E0
3.231594096E1,9.175918579E-2,7.073989563E0,7.131919098E0
3.232589596E1,5.179229736E-2,6.133794708E0,7.286547546E0
3.233585096E1,3.707789612E-1,6.132148132E0,7.207511902E0
3.234580496E1,1.191522217E-1,6.139782257E0,7.092850342E0
3.235575996E1,4.819976807E-2,5.987848206E0,7.255711670E0
3.236571496E1,4.125421143E-1,6.587650909E0,7.233258362E0
3.237566996E1,2.442919922E-1,6.340215454E0,7.531737671E0
3.238562396E1,1.013392639E-1,5.863606567E0,7.648195496E0
3.239557896E1,1.992356873E-1,6.687642975E0,6.944508820E0
3.240553396E1,-7.274871826E-2,6.622678070E0,7.177723846E0
3.241548896E1,-1.227447510E-1,6.396947479E0,7.139553223E0
3.242544296E1,2.642005920E-1,6.567742310E0,7.475155334E0
3.243539796E1,1.423539734E-1,6.550528107E0,7.904612274E0
3.244535296E1,-1.930984497E-2,6.327791290E0,8.168214111E0
3.245530796E1,5.129832458E-1,6.875053253E0,7.844587097E0
3.246526296E1,5.957611084E-1,7.067253571E0,7.310797119E0
3.247521696E1,4.020639038E-1,6.232439575E0,7.380701752E0
3.248517196E1,6.906637573E-1,6.821913757E0,6.579567719E0
3.249512696E1,5.602848816E-1,6.777156830E0,6.659351807E0
3.250508196E1,1.399589539E-1,6.590345306E0,6.848558350E0
3.251503596E1,3.875440979E-1,6.258934479E0,7.323820038E0
3.252499096E1,4.984634399E-1,6.682254181E0,7.179669800E0
3.253494596E1,-3.876937866E-2,6.571933594E0,7.557484131E0
3.254490096E1,8.876541138E-2,7.048692169E0,7.435338135E0
3.255485496E1,2.586621094E-1,6.918762360E0,7.563920746E0
3.256480996E1,1.537303162E-1,6.295308838E0,7.902816010E0
3.257476496E1,2.597099304E-1,6.610553284E0,7.646698608E0
3.258471996E1,2.137554932E-1,6.648274841E0,6.994654541E0
3.259467396E1,2.880010986E-1,6.327342224E0,6.615043945E0
3.260462896E1,4.242178345E-1,6.909032593E0,6.589297485E0
3.261458396E1,1.095721436E-1,6.788084106E0,6.875202942E0
3.262453896E1,7.454498291E-2,6.292315063E0,7.397017822E0
3.263449396E1,-6.182144165E-2,6.941664734E0,7.348219299E0
3.264444796E1,-1.881587219E-1,6.950646057E0,7.652536469E0
3.265440296E1,3.323089600E-2,6.432274017E0,8.135731659E0
3.266435796E1,-1.091230774E-1,6.768474884E0,7.468868408E0
3.267431296E1,-1.213975525E-1,6.588998108E0,6.697372742E0
3.268426696E1,-1.242416382E-1,6.519243164E0,6.059399414E0
3.269422196E1,3.203338623E-2,7.055877228E0,6.167624359E0
3.270417696E1,1.224453735E-1,6.575376434E0,7.435188446E0
3.271413196E1,1.059796143E-1,6.502927094E0,8.373437347E0
3.272408596E1,-1.766326904E-1,7.013066254E0,8.252039795E0
3.273404096E1,-2.544708252E-2,6.662944336E0,6.812782745E0
3.274399596E1,2.996768188E-1,6.685697021E0,6.084247742E0
3.275395096E1,1.538800049E-1,6.977140961E0,5.969286804E0
3.276390496E1,-1.794767761E-1,6.198310547E0,6.895710297E0
3.277385996E1,-2.465373230E-1,6.159990234E0,7.673343201E0
3.278381496E1,-3.876937866E-1,6.612499237E0,8.221054230E0
3.279376996E1,-2.098635864E-1,6.469396820E0,8.570876770E0
3.280372396E1,2.507286072E-1,6.659202118E0,8.161927185E0
3.281367896E1,7.050338745E-2,6.674919434E0,7.525450745E0
3.282363396E1,-2.968327332E-1,6.593039703E0,6.729256439E0
3.283358896E1,-2.763253784E-1,6.752308502E0,6.631809082E0
3.284354396E1,-2.679428101E-2,7.110214233E0,6.416706390E0
3.285349796E1,-4.790039062E-3,6.435267792E0,6.876101074E0
3.286345296E1,8.562194824E-2,5.790259094E0,8.292755127E0
3.287340796E1,-1.751358032E-2,6.287375336E0,8.194559326E0
3.288336296E1,-2.891986084E-1,6.883435822E0,7.561675415E0
3.289331696E1,-1.823208618E-1,7.148684235E0,7.231611786E0
3.290327196E1,-3.447331238E-1,6.996301117E0,6.902895355E0
3.291322696E1,-3.462300110E-1,6.647227020E0,6.709198151E0
3.292318196E1,-6.207591248E-1,6.563401337E0,7.137906647E0
3.293313596E1,-4.441264343E-1,6.434968414E0,8.234376526E0
3.294309096E1,-2.662962341E-1,6.427483978E0,7.818391571E0
3.295304596E1,-5.074447632E-1,6.315067749E0,7.085066528E0
3.296300096E1,-2.567161560E-1,6.579867096E0,6.991211700E0
3.297295496E1,-3.806584167E-1,6.613247681E0,7.932154999E0
3.298290996E1,9.355545044E-2,7.088509369E0,6.700815582E0
3.299286496E1,8.083190918E-2,6.218817902E0,6.712341614E0
3.300281996E1,-3.089575195E-1,5.819298706E0,7.172634430E0
3.301277396E1,-1.073268127E-1,6.423741760E0,7.560028839E0
3.302272896E1,-2.026785278E-1,6.156248016E0,8.041727142E0
3.303268396E1,-6.646179199E-2,6.028264160E0,7.817343750E0
3.304263896E1,-9.355545044E-2,6.633605347E0,7.285200348E0
3.305259396E1,-3.323089600E-2,6.407425690E0,7.488627319E0
3.306254796E1,-1.065783691E-1,6.559659119E0,7.152276764E0
3.307250296E1,-6.451583862E-2,6.722520447E0,7.060367889E0
3.308245796E1,-1.779798889E-1,6.231541443E0,7.249424744E0
3.309241296E1,-4.620890808E-1,6.387367401E0,7.313940582E0
3.310236696E1,-4.044589233E-1,6.953190765E0,7.072642365E0
3.311232196E1,-2.595602417E-1,6.567891998E0,7.272476807E0
3.312227696E1,-3.001258850E-1,6.623276825E0,7.310348053E0
3.313223196E1,-6.192622375E-1,6.331982574E0,7.502698059E0
3.314218596E1,-6.497987366E-1,5.570665741E0,7.698341217E0
3.315214096E1,-5.679190063E-1,6.523883514E0,7.051985321E0
3.316209596E1,-4.336482239E-1,7.216942291E0,6.909631348E0
3.317205096E1,-5.831872559E-1,5.978268127E0,7.823331299E0
3.318200496E1,-4.638853455E-1,6.919660492E0,6.856641541E0
3.319195996E1,-3.125500488E-1,7.445367279E0,7.133415985E0
3.320191496E1,-2.634521484E-2,6.366860046E0,8.039481812E0
3.321186996E1,-1.646575928E-3,7.049889679E0,7.385491791E0
3.322182396E1,2.107617188E-1,6.995852051E0,7.149732056E0
3.323177896E1,-2.619552612E-1,6.323450317E0,7.288044434E0
3.324173396E1,-1.901046753E-1,6.936126251E0,6.634503479E0
3.325168896E1,1.886077881E-1,6.917415161E0,6.490502930E0
3.326164396E1,-4.285588074E-1,6.388864288E0,7.193141785E0
3.327159796E1,-3.993695068E-1,7.252568207E0,6.988517303E0
3.328155296E1,-7.978408813E-2,6.979835358E0,7.017407227E0
3.329150796E1,-2.276765442E-1,6.309529266E0,7.296726379E0
3.330146296E1,-1.070274353E-1,6.773863678E0,6.972350922E0
3.331141696E1,3.903881836E-1,6.933431854E0,7.060966644E0
3.332137196E1,9.939331055E-2,6.747069397E0,7.258855133E0
3.333132696E1,9.744735718E-2,7.056775360E0,7.359895020E0
3.334128196E1,6.252497864E-1,6.928641815E0,7.371271362E0
3.335123596E1,6.715036011E-1,6.619534607E0,7.353458405E0
3.336119096E1,8.762777710E-1,6.794071655E0,7.239096222E0
3.337114596E1,4.625381470E-1,6.459217987E0,7.223678284E0
3.338110096E1,2.707868958E-1,6.411467285E0,7.419471130E0
3.339105496E1,4.230203247E-1,6.733747101E0,7.373367004E0
3.340100996E1,3.284170532E-1,6.410868530E0,7.658673706E0
3.341096496E1,5.764512634E-1,6.087091827E0,7.532037048E0
3.342091996E1,3.540138245E-1,6.611451416E0,7.013964386E0
3.343087396E1,9.580078125E-3,6.581813049E0,6.759044495E0
3.344082896E1,1.107696533E-2,6.041586456E0,6.800957336E0
3.345078396E1,9.714797974E-2,6.395600281E0,6.909182281E0
3.346073896E1,1.457968140E-1,6.187383270E0,7.891289978E0
3.347069396E1,9.011260986E-2,6.612948303E0,8.052953796E0
3.348064796E1,2.615061951E-1,6.953041077E0,8.211474152E0
3.349060296E1,4.655319214E-1,6.530320129E0,7.701933746E0
3.350055796E1,4.499642944E-1,6.570436707E0,7.665709076E0
3.351051296E1,-1.245410156E-1,6.978338470E0,7.063361664E0
3.352046696E1,-4.520599365E-1,6.126310272E0,7.220385132E0
3.353042196E1,-2.839595032E-1,6.416407013E0,6.841822357E0
3.354037696E1,-2.415975952E-1,6.399492188E0,7.281757507E0
3.355033196E1,-1.591191101E-1,5.974226532E0,7.817493439E0
3.356028596E1,1.589694214E-1,6.207291870E0,7.854765930E0
3.357024096E1,1.901046753E-2,6.841972046E0,7.459138641E0
3.358019596E1,1.826202393E-1,7.002887421E0,7.023694153E0
3.359015096E1,2.680924988E-1,6.771768036E0,7.186405792E0
3.360010496E1,1.136137390E-1,6.560706940E0,7.125632172E0
3.361005996E1,2.392025757E-1,6.199508057E0,7.218289490E0
3.362001496E1,5.150788879E-1,5.869594116E0,7.984546051E0
3.362996958E1,4.372407532E-1,6.147416382E0,8.130043488E0
3.363992358E1,5.137316895E-1,6.793323212E0,7.231162720E0
3.364987858E1,1.857637024E-1,6.939718781E0,6.985673218E0
3.365983358E1,1.811233521E-1,6.884333954E0,6.744824066E0
3.366978858E1,4.294569397E-1,6.501579895E0,6.663094025E0
3.367974358E1,2.700384521E-1,6.482120361E0,7.272626495E0
3.368969758E1,1.429527283E-1,6.817572784E0,7.407795410E0
3.369965258E1,4.999603271E-2,6.104605408E0,7.857460327E0
3.370960758E1,1.950444031E-1,6.080804901E0,8.015232239E0
3.371956258E1,1.260379028E-1,6.941814423E0,7.575147400E0
3.372951658E1,2.103126526E-1,6.900650024E0,7.202572174E0
3.373947158E1,1.510359192E-1,6.965914307E0,6.954088898E0
3.374942658E1,-9.624984741E-2,6.940317535E0,6.621630249E0
3.375938158E1,9.041198730E-2,6.389013977E0,6.701564026E0
3.376933558E1,1.106199646E-1,6.903793488E0,6.997648315E0
3.377929058E1,7.559280396E-2,6.521189117E0,7.449857941E0
3.378924558E1,3.353027344E-2,6.254144440E0,7.649542694E0
3.379920058E1,-4.834945679E-2,7.249574432E0,7.065157928E0
3.380915458E1,1.160087585E-1,6.797364807E0,7.103328552E0
3.381910958E1,3.119512939E-1,6.552324371E0,7.179370422E0
3.382906458E1,8.128097534E-2,7.043303375E0,6.825805664E0
3.383901958E1,1.395098877E-1,6.575226746E0,7.046895905E0
3.384897358E1,4.670288086E-1,6.608757019E0,7.064259796E0
3.385892858E1,4.881349182E-1,7.107819214E0,6.956932983E0
3.386888358E1,7.089257812E-1,6.847360840E0,6.914720764E0
3.387883858E1,8.466394043E-1,6.704557800E0,6.929090881E0
3.388879358E1,4.778063965E-1,6.965914307E0,6.730453949E0
3.389874758E1,3.514691162E-1,6.901548157E0,6.678062897E0
3.390870258E1,8.981323242E-1,7.135212250E0,7.182813263E0
3.391865758E1,8.307723999E-1,6.978488159E0,7.605085144E0
3.392861258E1,2.908451843E-1,6.291865997E0,7.680827637E0
3.393856658E1,2.570155334E-1,6.489754486E0,7.362439728E0
3.394852158E1,4.552033997E-1,6.519392853E0,7.223229218E0
3.395847658E1,4.674778748E-1,6.222859497E0,7.379953308E0
3.396843158E1,5.596861267E-1,6.323300629E0,7.532935181E0
3.397838558E1,5.378315735E-1,6.156996460E0,7.735164642E0
3.398834058E1,4.730163574E-1,5.706583099E0,7.817493439E0
3.399829558E1,9.574090576E-1,5.997128906E0,7.704029388E0
3.400825058E1,9.174421692E-1,6.112838287E0,7.714058533E0
3.401820458E1,1.857637024E-1,6.443800049E0,7.357799377E0
3.402815958E1,9.460327148E-2,6.724466400E0,7.860903168E0
3.403811458E1,4.469705200E-1,6.161487122E0,8.444389801E0
3.404806958E1,6.706054688E-2,6.230044556E0,7.827372894E0
3.405802358E1,2.332150269E-1,6.568790131E0,7.623047791E0
3.406797858E1,1.695973206E-1,6.183790741E0,7.543263702E0
3.407793358E1,-1.309776306E-1,6.189179535E0,7.409741364E0
3.408788858E1,1.230441284E-1,6.880891113E0,7.267986145E0
3.409784258E1,1.389111328E-1,6.568341064E0,7.659422150E0
3.410779758E1,3.297642517E-1,6.774013367E0,7.327262878E0
3.411775258E1,3.225791931E-1,6.728058929E0,7.280110931E0
3.412770758E1,-0.000000000E0,6.299350433E0,6.785090332E0
3.413766258E1,-1.300794983E-1,6.336772614E0,6.537505188E0
3.414761658E1,1.901046753E-2,6.514004059E0,6.944658508E0
3.415757158E1,-6.242019653E-2,6.040388947E0,7.804320831E0
3.416752658E1,-3.502716064E-2,6.411916351E0,7.972421265E0
3.417748158E1,1.487905884E-1,6.825805664E0,7.464078369E0
3.418743558E1,-1.338217163E-1,6.465055847E0,6.611002350E0
3.419739058E1,5.074447632E-2,6.423741760E0,5.727090454E0
3.420734558E1,-8.562194824E-2,6.706803131E0,6.032605133E0
3.421730058E1,-2.469863892E-2,6.256090393E0,7.489525452E0
3.422725458E1,9.445358276E-2,6.347550201E0,9.062903595E0
3.423720958E1,2.607577515E-1,7.052733765E0,9.304501190E0
3.424716458E1,1.755848694E-1,6.902595978E0,8.415050812E0
3.425711958E1,1.839674377E-1,7.100933533E0,6.787485352E0
3.426707358E1,-2.980302429E-1,6.940167847E0,6.177952881E0
3.427702858E1,-4.772076416E-1,6.112688599E0,6.532266083E0
3.428698358E1,-4.248165894E-1,6.174210663E0,7.103927307E0
3.429693858E1,-3.552113342E-1,6.346801758E0,7.925868073E0
3.430689258E1,-4.475692749E-1,6.161038055E0,8.328979797E0
3.431684758E1,-3.749702454E-1,6.880142670E0,7.736960907E0
3.432680258E1,-4.156855774E-1,7.219187622E0,7.208859100E0
3.433675758E1,-3.848497009E-1,6.678511963E0,7.014712830E0
3.434671258E1,-4.984634399E-2,6.677314453E0,6.918313293E0
3.435666658E1,5.837860107E-3,6.691834259E0,7.086862793E0
3.436662158E1,4.460723877E-2,5.779631195E0,7.703131256E0
3.437657658E1,3.233276367E-1,5.559738464E0,8.135581970E0
3.438653158E1,2.565664673E-1,6.440955963E0,7.876470795E0
3.439648558E1,3.778143311E-1,6.817572784E0,7.016808472E0
3.440644058E1,2.225871277E-1,7.165898438E0,6.667584686E0
3.441639558E1,2.176473999E-1,7.090754700E0,6.138285370E0
3.442635058E1,2.863545227E-1,6.218069458E0,6.511758728E0
3.443630458E1,2.023791504E-1,6.321803741E0,7.059469757E0
3.444625958E1,-1.164578247E-1,6.865173798E0,7.210056610E0
3.445621458E1,-1.181044006E-1,6.451883240E0,7.745493164E0
3.446616958E1,-1.206491089E-1,5.866899719E0,8.471782837E0
3.447612358E1,-1.056802368E-1,7.034322052E0,7.803273010E0
3.448607858E1,3.953279114E-1,6.877148895E0,7.527696075E0
3.449603358E1,8.008346558E-2,6.892716522E0,7.315587158E0
3.450598858E1,-7.394622803E-2,6.613247681E0,7.059619446E0
3.451594258E1,3.299139404E-1,6.284082184E0,6.891968079E0
3.452589758E1,-2.351609802E-1,6.524182892E0,7.092101898E0
3.453585258E1,-1.704954529E-1,6.411766663E0,7.591762848E0
3.454580758E1,-1.362167358E-2,5.934409332E0,7.982899475E0
3.455576158E1,-4.026626587E-2,6.639143829E0,7.819289703E0
3.456571658E1,-1.728904724E-1,6.656956787E0,7.433691559E0
3.457567158E1,-1.667532349E-1,6.199957123E0,7.195387115E0
3.458562658E1,-6.212081909E-2,6.816974030E0,6.606062622E0
3.459558158E1,-2.154020691E-1,6.669231262E0,6.887028351E0
3.460553558E1,1.035845947E-1,6.067931671E0,7.467820587E0
3.461549058E1,2.115101624E-1,6.343658295E0,7.736811218E0
3.462544608E1,1.604663086E-1,6.707551575E0,7.657326508E0
3.463540108E1,1.338217163E-1,6.554719391E0,7.485483856E0
3.464535508E1,3.119512939E-1,6.637796631E0,7.027136993E0
3.465531008E1,6.346801758E-2,6.479875031E0,7.069199524E0
3.466526508E1,2.309696960E-1,6.505322113E0,6.878645782E0
3.467522008E1,3.867956543E-1,6.593488770E0,7.533983002E0
3.468517408E1,8.831634521E-2,6.700067139E0,7.668403473E0
3.469512908E1,3.125500488E-1,6.542444916E0,7.948471069E0
3.470508408E1,7.469467163E-1,6.782246246E0,7.479047241E0
3.471503908E1,4.987628174E-1,6.411167908E0,7.584428101E0
3.472499308E1,8.048762512E-1,6.498436432E0,7.052584076E0
3.473494808E1,8.985813904E-1,6.561455383E0,6.918912048E0
3.474490308E1,6.975494385E-1,6.543193359E0,7.638465729E0
3.475485808E1,7.735913086E-1,6.600224762E0,7.615713043E0
3.476481208E1,9.684860229E-1,6.541546783E0,7.572303314E0
3.477476708E1,9.583071899E-1,6.521039429E0,7.506589966E0
3.478472208E1,6.514453125E-1,6.546785889E0,7.191495209E0
3.479467708E1,7.909552002E-1,6.728657684E0,6.851701813E0
3.480463108E1,6.352789307E-1,6.618486786E0,7.026987305E0
3.481458608E1,1.817221069E-1,6.320905609E0,7.372319183E0
3.482454108E1,4.917274475E-1,6.353687439E0,7.535928955E0
3.483449608E1,5.637277222E-1,6.618935852E0,7.910001068E0
3.484445108E1,3.516188049E-1,6.442003784E0,7.709867249E0
3.485440508E1,5.864804077E-1,6.398743744E0,7.298822021E0
3.486436008E1,5.180726624E-1,6.881639557E0,6.627767487E0
3.487431508E1,5.397775269E-1,6.437962189E0,6.682703247E0
3.488427008E1,7.592211914E-1,6.308780823E0,6.889123993E0
3.489422408E1,4.188290405E-1,6.732848969E0,7.230264587E0
3.490417908E1,5.688171387E-2,6.527775421E0,7.412435760E0
3.491413408E1,3.161425781E-1,6.496939545E0,7.534581757E0
3.492408908E1,7.394622803E-2,6.716233521E0,7.741601257E0
3.493404308E1,-3.724255371E-1,6.273454285E0,7.872279510E0
3.494399808E1,8.966354370E-2,6.515201569E0,7.782466278E0
3.495395308E1,1.315763855E-1,6.492598572E0,7.486082611E0
3.496390808E1,-3.397933960E-2,6.218967590E0,6.696773987E0
3.497386208E1,5.484594727E-1,6.401288452E0,5.731581116E0
3.498381708E1,5.294490051E-1,6.901099091E0,5.788462830E0
3.499377208E1,8.652008057E-2,6.353837128E0,7.644303589E0
3.500372708E1,3.445834351E-1,6.219117279E0,9.256002045E0
3.501368108E1,1.550775146E-1,6.853049011E0,9.593999176E0
3.502363608E1,1.330732727E-1,6.984176331E0,8.539741516E0
3.503359108E1,5.192701721E-1,7.026388550E0,6.702162781E0
3.504354608E1,4.303550720E-1,7.143295441E0,5.446274414E0
3.505350008E1,-1.519340515E-1,6.381978607E0,5.753735046E0
3.506345508E1,2.230361938E-2,6.217620392E0,6.541097717E0
3.507341008E1,1.248403931E-1,6.316714325E0,7.730075226E0
3.508336508E1,-3.704795837E-1,6.172863464E0,8.602012024E0
3.509332008E1,2.026785278E-1,6.333778839E0,8.267607422E0
3.510327408E1,1.146615601E-1,6.858288116E0,7.449558563E0
3.511322908E1,-2.538720703E-1,7.107819214E0,6.760391693E0
3.512318408E1,-5.688171387E-3,6.575526123E0,6.829098816E0
3.513313908E1,5.792953491E-2,6.374344482E0,7.268135834E0
3.514309308E1,-2.230361938E-1,6.371051331E0,7.509434052E0
3.515304808E1,2.034269714E-1,5.837710419E0,7.740254059E0
3.516300308E1,-1.960922241E-1,5.787864075E0,8.223898315E0
3.517295808E1,-3.766168213E-1,6.579418030E0,7.581733704E0
3.518291208E1,2.415975952E-1,7.089407501E0,6.591393127E0
3.519286708E1,-7.319778442E-2,7.167545013E0,6.577023010E0
3.520282208E1,-3.162922668E-1,6.848857727E0,6.633006592E0
3.521277708E1,1.475930786E-1,6.034401398E0,7.424710236E0
3.522273108E1,-2.568658447E-1,6.684499512E0,8.108338623E0
3.523268608E1,-4.429289246E-1,6.948550415E0,8.085136871E0
3.524264108E1,6.256988525E-2,5.934559021E0,7.791896667E0
3.525259608E1,6.137237549E-3,6.392007751E0,7.042854309E0
3.526255008E1,1.733395386E-1,6.739884338E0,6.613097992E0
3.527250508E1,8.020321655E-1,6.454427948E0,6.675518188E0
3.528246008E1,5.649252319E-1,6.664740601E0,7.260501709E0
3.529241508E1,3.784130859E-1,6.653813324E0,7.718549194E0
3.530236908E1,3.623963928E-1,6.201154633E0,8.190966797E0
3.531232408E1,3.121009827E-1,6.491401062E0,7.372019806E0
3.532227908E1,1.583706665E-1,6.477629700E0,7.137457581E0
3.533223408E1,8.891510010E-2,6.168522491E0,7.244934082E0
3.534218808E1,2.278262329E-1,6.337521057E0,6.955585785E0
3.535214308E1,1.046324158E-1,6.493047638E0,7.093898163E0
3.536209808E1,3.353027344E-2,6.352938995E0,7.377109222E0
3.537205308E1,1.805245972E-1,6.463558960E0,7.371720428E0
3.538200808E1,3.528163147E-1,6.680757294E0,7.790848846E0
3.539196208E1,-1.276844788E-1,6.548282776E0,7.506739655E0
3.540191708E1,3.218307495E-2,6.081104279E0,7.591313782E0
3.541187208E1,5.179229736E-2,6.484964447E0,6.966363373E0
3.542182708E1,-2.210902405E-1,6.812633057E0,6.648424530E0
3.543178108E1,1.055305481E-1,6.405928802E0,6.658004608E0
3.544173608E1,3.442840576E-3,6.170618134E0,6.989714813E0
3.545169108E1,-4.414320374E-1,6.582711182E0,7.304659882E0
3.546164608E1,-3.077600098E-1,6.442003784E0,7.432793427E0
3.547160008E1,-1.157093811E-1,6.375541992E0,7.983647919E0
3.548155508E1,-5.572911072E-1,6.657854919E0,7.931256866E0
3.549151008E1,-3.225791931E-1,6.311325531E0,8.199499054E0
3.550146508E1,-3.061134338E-1,6.684200134E0,7.484585724E0
3.551141908E1,-2.788700867E-1,6.522985382E0,7.725434875E0
3.552137408E1,2.942880249E-1,6.364465027E0,7.264992371E0
3.553132908E1,4.119433594E-1,6.488856354E0,6.765930176E0
3.554128408E1,1.203497314E-1,6.524182892E0,7.225474548E0
3.555123808E1,2.303709412E-1,6.601871338E0,7.157216492E0
3.556119308E1,-1.856140137E-1,6.715485077E0,7.223528595E0
3.557114808E1,4.251159668E-2,6.602619781E0,7.670648804E0
3.558110308E1,-1.469943237E-1,6.831344147E0,7.114106140E0
3.559105808E1,-5.116360474E-1,6.375242615E0,7.264842682E0
3.560101208E1,-2.062710571E-1,6.471193085E0,7.680378571E0
3.561096708E1,-2.519261169E-1,6.809639282E0,7.237000580E0
3.562092208E1,-2.317181396E-1,6.535708923E0,6.944209442E0
3.563087696E1,-2.987786865E-1,6.234385529E0,6.997947693E0
3.564083096E1,-4.484674072E-1,6.619534607E0,7.209757233E0
3.565078596E1,-3.520678711E-1,6.447392578E0,7.998616791E0
3.566074096E1,-7.903564453E-2,6.799310760E0,7.779322815E0
3.567069596E1,3.951782227E-2,6.902595978E0,7.356152802E0
3.568064996E1,1.079255676E-1,6.307733002E0,7.062613220E0
3.569060496E1,-1.408570862E-1,6.371500397E0,7.260052643E0
3.570055996E1,-1.507365417E-1,6.601272583E0,7.381150818E0
3.571051496E1,-3.924838257E-1,6.108347626E0,7.847131805E0
3.572046896E1,-7.063810730E-1,6.282285919E0,7.626490631E0
3.573042396E1,-3.823049927E-1,6.736591187E0,7.364535370E0
3.574037896E1,-5.310955811E-1,6.826254730E0,7.294031982E0
3.575033396E1,-3.861968994E-1,6.176156616E0,7.679031372E0
3.576028796E1,-4.394860840E-1,6.482868805E0,7.554340668E0
3.577024296E1,-4.334985352E-1,6.654412079E0,7.209757233E0
3.578019796E1,-9.280700684E-2,6.201154633E0,6.490353241E0
3.579015296E1,-2.582130432E-1,6.623276825E0,5.828429718E0
3.580010696E1,-2.525248718E-1,6.742129669E0,6.460565186E0
3.581006196E1,-2.420466614E-1,6.601721649E0,7.708070984E0
3.582001696E1,-1.004411316E-1,6.104904785E0,9.471853180E0
3.582997196E1,-1.851649475E-1,6.678961029E0,9.234297180E0
3.583992596E1,-5.673202515E-2,6.991660767E0,8.037685547E0
3.584988096E1,1.228944397E-1,7.451055450E0,6.260581055E0
3.585983596E1,1.526824951E-1,6.757697296E0,6.075715485E0
3.586979096E1,-2.555186462E-1,5.949078827E0,6.368207245E0
3.587974596E1,-9.295669556E-2,5.963448944E0,6.975344696E0
3.588969996E1,-2.146536255E-1,6.424041138E0,7.803871765E0
3.589965496E1,-8.575666809E-1,6.609954529E0,8.145760803E0
3.590960996E1,-3.543132019E-1,6.185437317E0,8.303083649E0
3.591956496E1,-2.151026917E-1,6.867119751E0,7.578889618E0
3.592951896E1,-4.556524658E-1,7.210056610E0,7.141199799E0
3.593947396E1,-2.350112915E-2,6.557713165E0,6.581513672E0
3.594942896E1,-1.686991882E-1,6.498586121E0,6.637048187E0
3.595938396E1,-4.959187317E-1,6.587950287E0,7.049440613E0
3.596933796E1,-2.059716797E-1,6.100414124E0,7.386090546E0
3.597929296E1,-7.589218140E-2,5.594915314E0,8.297694855E0
3.598924796E1,-5.821394348E-1,6.536756744E0,7.851622467E0
3.599920296E1,-2.157014465E-1,7.009024658E0,7.551945648E0
3.600915696E1,7.454498291E-2,7.026238861E0,7.001540222E0
3.601911196E1,-4.598437500E-1,6.993756409E0,6.689139862E0
3.602906696E1,-2.375559998E-1,6.703060913E0,6.563850403E0
3.603902196E1,4.760101318E-2,6.178701324E0,6.884633331E0
3.604897596E1,-6.280938721E-1,6.703210602E0,7.457791443E0
3.605893096E1,-5.334906006E-1,6.911427612E0,7.616760864E0
3.606888596E1,-3.471281433E-1,6.065386963E0,8.183182983E0
3.607884096E1,-3.561094666E-1,6.412066040E0,8.406817932E0
3.608879496E1,-1.460961914E-1,6.854695587E0,7.795638885E0
3.609874996E1,2.059716797E-1,6.590045929E0,7.050937500E0
3.610870496E1,-3.697311401E-2,6.777306519E0,6.559808807E0
3.611865996E1,4.041595459E-3,6.999294891E0,5.902375946E0
3.612861396E1,6.840774536E-2,6.229595490E0,6.197262726E0
3.613856896E1,-2.682421875E-1,5.997128906E0,6.935078430E0
3.614852396E1,-4.968168640E-1,6.485413513E0,7.998766479E0
3.615847896E1,-6.200106812E-1,6.407126312E0,8.795110474E0
3.616843296E1,-4.806504822E-1,6.304739227E0,8.499026184E0
3.617838796E1,-2.697390747E-1,6.892566833E0,7.265441437E0
3.618834296E1,-1.737886047E-1,6.667584686E0,6.442153473E0
3.619829796E1,8.173004150E-2,6.335575104E0,6.361471252E0
3.620825296E1,3.040177917E-1,6.748266907E0,6.337371368E0
3.621820696E1,2.395019531E-3,6.648873596E0,7.370822296E0
3.622816196E1,6.092330933E-2,6.039041748E0,8.173902283E0
3.623811696E1,-9.759704590E-2,6.413712616E0,7.865842896E0
3.624807196E1,-2.854563904E-1,7.293582916E0,7.008276215E0
3.625802596E1,-1.981878662E-1,6.698270874E0,6.914720764E0
3.626798096E1,1.448986816E-1,6.133195953E0,6.831942902E0
3.627793596E1,-6.556365967E-2,6.411766663E0,6.986721039E0
3.628789096E1,-3.067121887E-1,6.734794922E0,7.393874359E0
3.629784496E1,-2.396516418E-1,6.477330322E0,7.660919037E0
3.630779996E1,-2.758763123E-1,6.498286743E0,8.134534149E0
3.631775496E1,-2.897973633E-1,6.641538849E0,7.902816010E0
3.632770996E1,-1.541793823E-1,6.386169891E0,7.663164368E0
3.633766396E1,-3.128494263E-2,6.706803131E0,7.243287506E0
3.634761896E1,-1.088237000E-1,6.627318420E0,7.316934357E0
3.635757396E1,2.154020691E-1,6.318660278E0,7.332651672E0
3.636752896E1,2.504292297E-1,6.626270599E0,7.209757233E0
3.637748296E1,-1.182540894E-2,6.866820374E0,7.349865875E0
3.638743796E1,2.342628479E-1,6.660399628E0,7.289541321E0
3.639739296E1,9.565109253E-2,6.257736969E0,7.280110931E0
3.640734796E1,-1.357676697E-1,6.620133362E0,7.076234894E0
3.641730196E1,9.744735718E-2,6.653064880E0,7.203320618E0
3.642725696E1,-1.721420288E-1,6.262676697E0,7.347021790E0
3.643721196E1,-7.170089722E-2,6.510261841E0,7.403903503E0
3.644716696E1,-4.236190796E-2,6.927743683E0,7.177125092E0
3.645712196E1,-9.205856323E-2,6.329288177E0,7.379953308E0
3.646707596E1,5.269042969E-2,6.366860046E0,7.432344360E0
3.647703096E1,-6.616241455E-2,6.869963837E0,7.236401825E0
3.648698596E1,8.023315430E-2,6.566993866E0,7.409591675E0
3.649694096E1,1.663041687E-1,6.457571411E0,7.399412842E0
3.650689496E1,2.559677124E-1,6.756799164E0,7.307503967E0
3.651684996E1,2.163002014E-1,6.690487061E0,7.155869293E0
3.652680496E1,3.291654968E-1,6.426885223E0,7.394772491E0
3.653675996E1,1.064286804E-1,6.868167572E0,7.648494873E0
3.654671396E1,-8.532257080E-2,6.712491302E0,8.114775238E0
3.655666896E1,5.553451538E-2,6.126010895E0,7.984845428E0
3.656662396E1,5.568420410E-2,6.415359192E0,6.958729248E0
3.657657896E1,-1.032852173E-1,6.998845825E0,6.483317871E0
3.658653296E1,2.962339783E-1,6.099515991E0,6.889573059E0
3.659648796E1,1.288819885E-1,5.918841705E0,7.514673157E0
3.660644296E1,-8.966354370E-2,6.544091492E0,8.093968506E0
3.661639796E1,-1.264869690E-1,6.720574493E0,8.109087067E0
3.662635171E1,2.336640930E-1,6.454128571E0,7.407346344E0
3.663630671E1,1.450483704E-1,6.899602203E0,6.479276276E0
3.664626171E1,1.618135071E-1,6.852001190E0,6.624025269E0
3.665621671E1,3.125500488E-1,6.305936737E0,7.422315216E0
3.666617071E1,2.513273621E-1,6.365961914E0,8.084388428E0
3.667612571E1,-1.007405090E-1,6.708300018E0,8.199648743E0
3.668608071E1,2.613565063E-1,6.897057495E0,6.499035187E0
3.669603571E1,5.640270996E-1,6.600673828E0,6.068081360E0
3.670599071E1,2.627037048E-1,6.612199860E0,7.010521545E0
3.671594471E1,-2.442919922E-1,6.406677246E0,8.018675079E0
3.672589971E1,-1.447489929E-1,6.434818726E0,7.986641693E0
3.673585471E1,-1.267863464E-1,6.507268066E0,8.005203094E0
3.674580871E1,-2.342628479E-1,6.566993866E0,8.540489960E0
3.675576371E1,2.755769348E-1,6.457870789E0,7.943830719E0
3.676571871E1,5.131329346E-1,6.747069397E0,6.849755859E0
3.677567371E1,2.537223816E-1,6.951394501E0,6.190077667E0
3.678562871E1,3.484753418E-1,6.607858887E0,6.071823578E0
3.679558271E1,2.781216431E-1,6.714886322E0,6.428531799E0
3.680553771E1,5.688171387E-2,6.436465302E0,7.143594818E0
3.681549271E1,-7.185058594E-2,6.232289886E0,7.976163483E0
3.682544771E1,2.094145203E-1,5.561385040E0,8.705895996E0
3.683540171E1,-1.624122620E-1,6.321953430E0,8.622669067E0
3.684535671E1,-1.225950623E-1,7.042704620E0,7.564669189E0
3.685531171E1,5.517526245E-1,6.706653442E0,7.031627655E0
3.686526671E1,3.171903992E-1,6.566395111E0,7.169790344E0
3.687522071E1,1.865121460E-1,7.221133575E0,6.655459900E0
3.688517571E1,4.825964355E-1,6.727011108E0,6.434968414E0