"Time (s)","X (m/s^2)","Y (m/s^2)","Z (m/s^2)"
1.149416668E-3,3.323089600E-2,6.059998169E0,7.720495148E0
1.110641658E-2,-6.286926270E-3,6.018534393E0,7.759414215E0
2.106441662E-2,-1.212478638E-2,6.012546844E0,7.781418457E0
3.102141665E-2,-5.313949585E-2,5.952072601E0,7.814050598E0
4.097841657E-2,-9.116043091E-2,5.933062134E0,7.811954956E0
5.093641661E-2,-9.879455566E-2,5.903573456E0,7.832612000E0
6.089341664E-2,-1.293310547E-1,5.918542328E0,7.819289703E0
7.085141668E-2,-1.663041687E-1,5.916895752E0,7.821984100E0
8.080841659E-2,-1.859133911E-1,5.907615051E0,7.843090210E0
9.076541662E-2,-1.673519897E-1,5.924529877E0,7.860154724E0
1.007234167E-1,-1.465452576E-1,5.926475830E0,7.852370911E0
1.106804166E-1,-1.246907043E-1,5.927224274E0,7.853867798E0
1.206384166E-1,-1.377136230E-1,5.969137115E0,7.828420715E0
1.305954166E-1,-1.297801208E-1,5.951024780E0,7.834557953E0
1.405524167E-1,-1.209484863E-1,5.962251434E0,7.815547485E0
1.505104166E-1,-1.167572021E-1,5.971382446E0,7.835456085E0
1.604674166E-1,-1.222956848E-1,5.972729645E0,7.822133789E0
1.704254167E-1,-1.242416382E-1,5.992039490E0,7.806715851E0
1.803824166E-1,-1.134640503E-1,5.994584198E0,7.802374878E0
1.903404166E-1,-8.801696777E-2,5.980962524E0,7.796087952E0
2.002974167E-1,-3.697311401E-2,5.994733887E0,7.792495422E0
2.102544166E-1,2.814147949E-2,6.004763031E0,7.772137756E0
2.202124166E-1,7.364685059E-2,6.006559296E0,7.793692932E0
2.301694166E-1,8.936416626E-2,5.988446960E0,7.800279236E0
2.401274167E-1,4.281097412E-2,5.961952057E0,7.805817719E0
2.500844166E-1,-2.080673218E-2,5.917644196E0,7.799231415E0
2.600414166E-1,-4.685256958E-2,5.896089020E0,7.765551453E0
2.699994167E-1,-5.777984619E-2,5.930816803E0,7.729476471E0
2.799564166E-1,-7.768844604E-2,5.957611084E0,7.753576355E0
2.899144166E-1,-3.293151855E-2,5.998925171E0,7.817493439E0
2.998714166E-1,-3.068618774E-2,6.039041748E0,7.867190094E0
3.098284167E-1,-3.293151855E-2,6.074667664E0,7.856412506E0
3.197864166E-1,-1.227447510E-2,6.050418091E0,7.800129547E0
3.297434166E-1,6.885681152E-3,6.045328674E0,7.766599274E0
3.397014167E-1,1.407073975E-2,6.005212097E0,7.764653320E0
3.496584166E-1,-3.382965088E-2,5.996829529E0,7.770790558E0
3.596154166E-1,-7.858657837E-2,5.979315948E0,7.782316589E0
3.695734167E-1,-5.059478760E-2,5.974076843E0,7.807613983E0
3.795304166E-1,1.377136230E-2,5.957311707E0,7.836653595E0
3.894884166E-1,7.170089722E-2,5.963598633E0,7.863298187E0
3.994454166E-1,7.304809570E-2,5.979166260E0,7.851622467E0
4.094034167E-1,7.723937988E-2,5.976022797E0,7.815547485E0
4.193604166E-1,4.445755005E-2,5.969586182E0,7.792046356E0
4.293174166E-1,3.098556519E-2,5.957012329E0,7.782765656E0
4.392754167E-1,6.631210327E-2,5.961502991E0,7.791148224E0
4.492324166E-1,8.173004150E-2,5.950575714E0,7.769593048E0
4.591904166E-1,4.445755005E-2,5.980363770E0,7.756270752E0
4.691474166E-1,2.769241333E-2,5.999673615E0,7.768844604E0
4.791044167E-1,6.331832886E-2,5.985752563E0,7.822133789E0
4.890624166E-1,1.142124939E-1,5.958359528E0,7.841293945E0
4.990194166E-1,1.788780212E-1,5.928122406E0,7.819439392E0
5.089774167E-1,1.802252197E-1,5.931714935E0,7.749235382E0
5.189344166E-1,1.079255676E-1,6.006559296E0,7.755671997E0
5.288924166E-1,1.234931946E-1,6.027964783E0,7.824828186E0
5.388494167E-1,1.422042847E-1,5.971532135E0,7.848479004E0
5.488064166E-1,1.577719116E-1,5.950875092E0,7.785160675E0
5.587644166E-1,6.167175293E-2,5.988446960E0,7.724686432E0
5.687214166E-1,-1.291813660E-1,6.025719452E0,7.774233398E0
5.786794167E-1,-2.591111755E-1,5.991740112E0,7.824977875E0
5.886364166E-1,-2.152523804E-1,6.003266144E0,7.808063049E0
5.985934166E-1,-7.125183105E-2,6.033353577E0,7.747588806E0
6.085514167E-1,-1.496887207E-3,6.014492798E0,7.734266510E0
6.185084166E-1,-1.086740112E-1,6.020330658E0,7.794441376E0
6.284664166E-1,-2.139051819E-1,6.042185211E0,7.851323090E0
6.384234166E-1,-2.103126526E-1,6.037245483E0,7.848329315E0
6.483804167E-1,-1.043330383E-1,5.993087311E0,7.819289703E0
6.583384166E-1,-3.607498169E-2,5.969885559E0,7.772287445E0
6.682954166E-1,-3.188369751E-2,5.928122406E0,7.761659546E0
6.782534167E-1,-5.613327026E-2,5.917494507E0,7.809410248E0
6.882104166E-1,-8.622070312E-2,5.880820770E0,7.894882507E0
6.981684166E-1,-9.804611206E-2,5.874384155E0,7.925119629E0
7.081254167E-1,-8.577163696E-2,5.886658630E0,7.873027954E0
7.180824166E-1,-7.499404907E-2,5.909561005E0,7.820487213E0
7.280404166E-1,-1.104702759E-1,5.931116180E0,7.793094177E0
7.379974166E-1,-1.085243225E-1,5.945635986E0,7.799381104E0
7.479554167E-1,-1.297801208E-1,5.952970734E0,7.817942505E0
7.579124166E-1,-1.303788757E-1,5.993536377E0,7.801476746E0
7.678694166E-1,-1.254391479E-1,6.010600891E0,7.775580597E0
7.778274167E-1,-1.203497314E-1,6.045178986E0,7.772287445E0
7.877844166E-1,-7.694000244E-2,6.047124939E0,7.770640869E0
7.977424166E-1,-1.098715210E-1,6.024821320E0,7.785759430E0
8.076994166E-1,-1.399589539E-1,5.992189178E0,7.782615967E0
8.176574166E-1,-1.483415222E-1,5.998326416E0,7.774233398E0
8.276144166E-1,-1.666035461E-1,5.973328400E0,7.772137756E0
8.375714166E-1,-1.627116394E-1,6.004613342E0,7.792495422E0
8.475294167E-1,-1.317260742E-1,6.027964783E0,7.797435150E0
8.574864166E-1,-1.267863464E-1,6.032006378E0,7.813302155E0
8.674444166E-1,-1.269360352E-1,6.021378479E0,7.786956940E0
8.774014167E-1,-1.148112488E-1,5.995332642E0,7.801476746E0
8.873584166E-1,-1.218466187E-1,5.985453186E0,7.802674255E0
8.973164166E-1,-1.333726501E-1,5.981860657E0,7.794141998E0
9.072734166E-1,-1.163081360E-1,5.962251434E0,7.790998535E0
9.172314166E-1,-1.089733887E-1,5.975573730E0,7.780819702E0
9.271884166E-1,-1.043330383E-1,5.953419800E0,7.784262543E0
9.371464166E-1,-1.302291870E-1,5.971083069E0,7.790100403E0
9.471034167E-1,-1.776805115E-1,6.004164276E0,7.771688690E0
9.570604166E-1,-1.284329224E-1,6.004164276E0,7.766449585E0
9.670184166E-1,-8.696914673E-2,5.990692291E0,7.766748962E0
9.769754166E-1,-3.906875610E-2,6.002368011E0,7.762857056E0
9.869334166E-1,-1.107696533E-2,5.990841980E0,7.765102386E0
9.968904166E-1,-7.574249268E-2,5.984854431E0,7.786507874E0
1.006847375E0,-1.023870850E-1,5.957760773E0,7.813451843E0
1.016805375E0,-1.094224548E-1,5.928272095E0,7.822133789E0
1.026762375E0,-8.292755127E-2,5.942342834E0,7.839198303E0
1.036720375E0,-2.050735474E-2,5.945785675E0,7.858358459E0
1.046677375E0,-1.556762695E-2,5.952970734E0,7.856412506E0
1.056635375E0,-4.565505981E-2,5.941744080E0,7.856113129E0
1.066592375E0,-5.763015747E-2,5.963149567E0,7.869136047E0
1.076549375E0,-7.140151978E-2,5.986051941E0,7.845335541E0
1.086507375E0,-7.843688965E-2,5.972579956E0,7.794291687E0
1.096464375E0,-7.544311523E-2,5.984854431E0,7.765401764E0
1.106422375E0,-1.222956848E-1,6.015241241E0,7.754923553E0
1.116379375E0,-1.583706665E-1,6.017336884E0,7.738008728E0
1.126336375E0,-1.772314453E-1,6.001918945E0,7.765102386E0
1.136294375E0,-2.071691895E-1,5.991590424E0,7.777526550E0
1.146251375E0,-2.234852600E-1,6.004613342E0,7.774233398E0
1.156209375E0,-2.128573608E-1,5.983207855E0,7.778574371E0
1.166166375E0,-1.935475159E-1,5.970484314E0,7.782166901E0
1.176124375E0,-1.547781372E-1,5.961802368E0,7.812703400E0
1.186081375E0,-1.588197327E-1,5.954617310E0,7.815098419E0
1.196038375E0,-1.128652954E-1,5.960006104E0,7.802674255E0
1.205996375E0,-6.167175293E-2,5.957910461E0,7.811954956E0
1.215953375E0,-2.230361938E-2,5.971981201E0,7.812404022E0
1.225911375E0,-2.290237427E-2,5.983357544E0,7.807913361E0
1.235868375E0,-1.451980591E-2,5.998027039E0,7.794141998E0
1.245825375E0,-2.110610962E-2,6.014043732E0,7.780370636E0
1.255783375E0,-4.610412598E-2,6.021528168E0,7.791597290E0
1.265740375E0,-5.104385376E-2,6.008954315E0,7.802674255E0
1.275698375E0,-5.209167480E-2,6.008056183E0,7.801476746E0
1.285655375E0,-4.999603271E-2,6.016289062E0,7.790399780E0
1.295613375E0,-1.586700439E-2,6.021079102E0,7.789801025E0
1.305570375E0,-2.395019531E-3,6.001619568E0,7.812553711E0
1.315527375E0,1.107696533E-2,5.976621552E0,7.814799042E0
1.325485375E0,1.122665405E-2,5.967041473E0,7.817343750E0
1.335442375E0,2.185455322E-2,5.945635986E0,7.826175385E0
1.345400375E0,2.724334717E-2,5.920637970E0,7.840395813E0
1.355357375E0,3.936813354E-2,5.898933105E0,7.834857330E0
1.365314375E0,2.260299683E-2,5.915099487E0,7.825576630E0
1.375272375E0,6.436614990E-3,5.942791901E0,7.804021454E0
1.385229375E0,1.242416382E-2,5.936654663E0,7.807164917E0
1.395187375E0,-8.232879639E-3,5.948779449E0,7.785609741E0
1.405144375E0,-3.757186890E-2,5.987249451E0,7.775580597E0
1.415102375E0,-3.607498169E-2,6.015989685E0,7.768694916E0
1.425059375E0,-2.365081787E-2,6.017037506E0,7.773634644E0
1.435016375E0,-1.032852173E-2,6.024222565E0,7.774682465E0
1.444974375E0,-2.948867798E-2,6.039041748E0,7.766748962E0
1.454931375E0,5.987548828E-3,6.036646729E0,7.773934021E0
1.464889375E0,2.993774414E-4,6.022725677E0,7.807015228E0
1.474846375E0,1.691482544E-2,6.011349335E0,7.822882233E0
1.484803375E0,6.107299805E-2,5.985902252E0,7.812853088E0
1.494761375E0,1.049317932E-1,5.968538361E0,7.820487213E0
1.504718375E0,1.139131165E-1,5.945186920E0,7.823930054E0
1.514676375E0,1.550775146E-1,5.918841705E0,7.822433167E0
1.524633375E0,1.330732727E-1,5.934109955E0,7.835605774E0
1.534591375E0,1.050814819E-1,5.936355286E0,7.824678497E0
1.544548375E0,6.376739502E-2,5.947282562E0,7.828570404E0
1.554505375E0,6.915618896E-2,5.956114197E0,7.831115112E0
1.564463375E0,7.559280396E-2,5.962700500E0,7.800129547E0
1.574420375E0,8.113128662E-2,5.980064392E0,7.776628418E0
1.584378375E0,6.945556641E-2,6.005810852E0,7.766000519E0
1.594335375E0,5.119354248E-2,6.011049957E0,7.767048340E0
1.604293375E0,5.688171387E-2,6.000871124E0,7.787705383E0
1.614250375E0,5.538482666E-2,5.987548828E0,7.796686707E0
1.624207375E0,5.613327026E-2,5.990243225E0,7.804470520E0
1.634165375E0,8.711883545E-2,5.961353302E0,7.795040131E0
1.644122375E0,8.322692871E-2,5.968238983E0,7.799231415E0
1.654080375E0,7.828720093E-2,5.974076843E0,7.824379120E0
1.664037375E0,7.409591675E-2,5.971382446E0,7.827522583E0
1.673994375E0,6.227050781E-2,5.973478088E0,7.823031921E0
1.683952375E0,7.888595581E-2,5.972579956E0,7.816146240E0
1.693909375E0,8.038284302E-2,5.960305481E0,7.812254333E0
1.703867375E0,4.760101318E-2,5.968089294E0,7.806117096E0
1.713824375E0,2.095642090E-3,5.970484314E0,7.791896667E0
1.723782375E0,8.831634521E-3,5.972579956E0,7.809559937E0
1.733739375E0,2.499801636E-2,5.960904236E0,7.834408264E0
1.743696375E0,7.708969116E-2,5.950126648E0,7.832612000E0
1.753654375E0,9.355545044E-2,5.947881317E0,7.802524567E0
1.763611375E0,8.517288208E-2,5.955515442E0,7.781119080E0
1.773569375E0,4.086502075E-2,5.959257660E0,7.770640869E0
1.783526375E0,7.200027466E-2,5.970933380E0,7.805967407E0
1.793483375E0,7.454498291E-2,6.008205872E0,7.826025696E0
1.803441375E0,1.110690308E-1,6.015540619E0,7.818690948E0
1.813398375E0,9.415420532E-2,6.010451202E0,7.810009003E0
1.823356375E0,1.002914429E-1,5.984854431E0,7.813302155E0
1.833313375E0,7.484436035E-2,5.990243225E0,7.796087952E0
1.843271375E0,4.281097412E-2,5.978118439E0,7.779322815E0
1.853228375E0,7.289840698E-2,5.963598633E0,7.783214722E0
1.863185375E0,3.622467041E-2,5.969286804E0,7.781717834E0
1.873143375E0,1.945953369E-3,5.981561279E0,7.770491180E0
1.883100375E0,3.966751099E-2,6.002517700E0,7.771838379E0
1.893058375E0,3.502716064E-2,6.011798401E0,7.789052582E0
1.903015375E0,6.271957397E-2,5.993686066E0,7.789651337E0
1.912972375E0,7.574249268E-2,5.979166260E0,7.806865540E0
1.922930375E0,9.355545044E-2,5.982758789E0,7.803871765E0
1.932887375E0,1.013392639E-1,5.973178711E0,7.795788574E0
1.942845375E0,1.140628052E-1,5.946085052E0,7.793842621E0
1.952802375E0,1.225950623E-1,5.942791901E0,7.785759430E0
1.962760375E0,1.173559570E-1,5.943390656E0,7.827073517E0
1.972717375E0,1.035845947E-1,5.929020538E0,7.862400055E0
1.982674375E0,6.735992432E-2,5.923182678E0,7.860603790E0
1.992632375E0,7.604187012E-2,5.924978943E0,7.844437408E0
2.002589542E0,7.170089722E-2,5.917793884E0,7.825576630E0
2.012547542E0,1.038839722E-1,5.937253418E0,7.815846863E0
2.022504542E0,1.176553345E-1,5.955515442E0,7.819289703E0
2.032462542E0,9.355545044E-2,5.963448944E0,7.805967407E0
2.042419542E0,9.595046997E-2,5.965694275E0,7.828420715E0
2.052376542E0,8.816665649E-2,5.976172485E0,7.809559937E0
2.062334542E0,1.139131165E-1,5.985453186E0,7.797435150E0
2.072291542E0,1.493893433E-1,5.992039490E0,7.796237640E0
2.082249542E0,2.046244812E-1,5.976621552E0,7.793094177E0
2.092206542E0,2.107617188E-1,5.988446960E0,7.795638885E0
2.102163542E0,1.679507446E-1,5.965394897E0,7.777077484E0
2.112121542E0,1.487905884E-1,5.971831512E0,7.811805267E0
2.122078542E0,1.163081360E-1,5.953120422E0,7.825127563E0
2.132036542E0,9.550140381E-2,5.962550812E0,7.817792816E0
2.141993542E0,6.092330933E-2,5.985902252E0,7.797435150E0
2.151951542E0,6.930587769E-2,5.998176727E0,7.795040131E0
2.161908542E0,8.652008057E-2,5.991740112E0,7.796237640E0
2.171865542E0,9.490264893E-2,5.994284821E0,7.808512115E0
2.181823542E0,1.047821045E-1,5.996979218E0,7.800428925E0
2.191780542E0,7.933502197E-2,6.003266144E0,7.787705383E0
2.201738542E0,8.143066406E-2,5.991889801E0,7.782316589E0
2.211695542E0,7.050338745E-2,5.989644470E0,7.782615967E0
2.221653542E0,7.903564453E-2,5.970933380E0,7.779173126E0
2.231610542E0,1.113684082E-1,5.964796143E0,7.780969391E0
2.241567542E0,1.196012878E-1,5.959407349E0,7.766000519E0
2.251525542E0,1.378633118E-1,5.946983185E0,7.806566162E0
2.261482542E0,1.451980591E-1,5.950875092E0,7.827372894E0
2.271440542E0,1.683998108E-1,5.955066376E0,7.826175385E0
2.281397542E0,1.874102783E-1,5.957162018E0,7.839048615E0
2.291355542E0,2.029779053E-1,5.951024780E0,7.812404022E0
2.301312542E0,1.975891113E-1,5.952222290E0,7.799979858E0
2.311269542E0,1.441502380E-1,5.953419800E0,7.814799042E0
2.321227542E0,1.290316772E-1,5.974226532E0,7.819738770E0
2.331184542E0,1.094224548E-1,5.980962524E0,7.813451843E0
2.341142542E0,9.220825195E-2,6.004463654E0,7.817942505E0
2.351099542E0,9.190887451E-2,6.001320190E0,7.799081726E0
2.361056542E0,8.607101440E-2,5.984704742E0,7.786358185E0
2.371014542E0,5.358856201E-2,5.974825287E0,7.783364410E0
2.380971542E0,5.733078003E-2,5.983507233E0,7.792944489E0
2.390929542E0,8.681945801E-2,5.981561279E0,7.796237640E0
2.400886542E0,7.843688965E-2,5.969436493E0,7.797285461E0
2.410844542E0,7.005432129E-2,5.979914703E0,7.811954956E0
2.420801542E0,7.933502197E-2,5.981860657E0,7.796537018E0
2.430758542E0,1.140628052E-1,5.967939606E0,7.783065033E0
2.440716542E0,1.745370483E-1,5.982459412E0,7.804769897E0
2.450673542E0,1.919009399E-1,5.947731628E0,7.788304138E0
2.460631542E0,1.842668152E-1,5.935906219E0,7.817493439E0
2.470588542E0,1.706451416E-1,5.958658905E0,7.840246124E0
2.480545542E0,1.615141296E-1,5.946384430E0,7.848179626E0
2.490503542E0,1.588197327E-1,5.929319916E0,7.843838654E0
2.500460542E0,1.389111328E-1,5.945486298E0,7.830815735E0
2.510418542E0,1.234931946E-1,5.937852173E0,7.806416473E0
2.520375542E0,1.098715210E-1,5.960006104E0,7.803572388E0
2.530333542E0,9.430389404E-2,5.975274353E0,7.815697174E0
2.540290542E0,6.646179199E-2,5.987099762E0,7.800428925E0
2.550247542E0,1.025367737E-1,5.993985443E0,7.799680481E0
2.560205542E0,1.056802368E-1,5.999673615E0,7.794441376E0
2.570162542E0,1.254391479E-1,5.991291046E0,7.798033905E0
2.580120542E0,1.290316772E-1,5.984555054E0,7.808063049E0
2.590077542E0,1.481918335E-1,5.980064392E0,7.808063049E0
2.600035542E0,1.841171265E-1,5.945785675E0,7.811206512E0
2.609992542E0,1.914518738E-1,5.951473846E0,7.804769897E0
2.619949542E0,1.606159973E-1,5.950426025E0,7.797435150E0
2.629907542E0,1.434017944E-1,5.958808594E0,7.785909119E0
2.639864542E0,8.517288208E-2,5.977369995E0,7.820636902E0
2.649822542E0,9.669891357E-2,5.998925171E0,7.827372894E0
2.659779542E0,1.038839722E-1,5.992787933E0,7.824229431E0
2.669736542E0,1.022373962E-1,5.970035248E0,7.816744995E0
2.679694542E0,1.399589539E-1,5.977819061E0,7.779023438E0
2.689651542E0,1.222956848E-1,5.984704742E0,7.765252075E0
2.699609542E0,8.577163696E-2,5.970933380E0,7.784861298E0
2.709566542E0,5.658233643E-2,5.976322174E0,7.799081726E0
2.719524542E0,4.909790039E-2,5.969586182E0,7.805668030E0
2.729481542E0,2.918930054E-2,5.984255676E0,7.794441376E0
2.739438542E0,5.298980713E-2,5.996679840E0,7.804919586E0
2.749396542E0,9.071136475E-2,5.993536377E0,7.795339508E0
2.759353542E0,8.996292114E-2,5.976172485E0,7.814200287E0
2.769311542E0,7.110214233E-2,5.982010345E0,7.815397797E0
2.779268542E0,6.242019653E-2,5.964197388E0,7.807314606E0
2.789226542E0,4.071533203E-2,5.957162018E0,7.800728302E0
2.799183542E0,2.245330811E-2,5.965095520E0,7.806715851E0
2.809140542E0,3.667373657E-2,5.965993652E0,7.809709625E0
2.819098542E0,2.754272461E-2,5.974076843E0,7.817643127E0
2.829055542E0,1.377136230E-2,5.977220306E0,7.821984100E0
2.839013542E0,-1.107696533E-2,5.989195404E0,7.789801025E0
2.848970542E0,-3.442840576E-2,5.982758789E0,7.792645111E0
2.858928542E0,-4.849914551E-2,5.976322174E0,7.818092194E0
2.868885542E0,-4.026626587E-2,5.980513458E0,7.810009003E0
2.878842542E0,-1.257385254E-2,5.977968750E0,7.801626434E0
2.888800542E0,-6.197113037E-2,5.988746338E0,7.786657562E0
2.898757542E0,-4.550537109E-2,5.972130890E0,7.775730286E0
2.908715542E0,1.437011719E-2,5.957910461E0,7.785010986E0
2.918672542E0,9.280700684E-2,5.964796143E0,7.798333282E0
2.928629542E0,9.460327148E-2,5.959257660E0,7.838898926E0
2.938587542E0,7.768844604E-2,5.963748322E0,7.816295929E0
2.948544542E0,5.313949585E-2,5.992787933E0,7.819589081E0
2.958502542E0,2.948867798E-2,5.990991669E0,7.813302155E0
2.968459542E0,4.760101318E-2,5.974825287E0,7.809260559E0
2.978417542E0,6.047424316E-2,5.977669373E0,7.816295929E0
2.988374542E0,4.640350342E-2,5.969885559E0,7.813302155E0
2.998331542E0,2.634521484E-2,5.993536377E0,7.798333282E0
3.008290167E0,6.002517700E-2,6.007008362E0,7.794740753E0
3.018247167E0,8.457412720E-2,6.000422058E0,7.821385345E0
3.028205167E0,6.406677246E-2,5.980363770E0,7.849077759E0
3.038162167E0,4.819976807E-2,5.946534119E0,7.849377136E0
3.048120167E0,-4.535568237E-2,5.921087036E0,7.853718109E0
3.058077167E0,-1.273851013E-1,5.909710693E0,7.796686707E0
3.068034167E0,-2.177970886E-1,5.916596375E0,7.797884216E0
3.077992167E0,-2.956352234E-1,6.034551086E0,7.794890442E0
3.087949167E0,-2.760260010E-1,6.007158051E0,7.810907135E0
3.097907167E0,-2.847079468E-1,6.022575989E0,7.767347717E0
3.107864167E0,-3.417393494E-1,6.007756805E0,7.692952423E0
3.117821167E0,-4.026626587E-1,6.157595215E0,7.636370087E0
3.127779167E0,-4.311035156E-1,6.309678955E0,7.606582031E0
3.137736167E0,-5.559439087E-1,6.254144440E0,7.613617401E0
3.147694167E0,-6.020480347E-1,6.124514008E0,7.625592499E0
3.157651167E0,-4.605921936E-1,6.326294403E0,7.570806427E0
3.167609167E0,-2.486329651E-1,6.486910400E0,7.558831329E0
3.177566167E0,-1.100212097E-1,6.210285645E0,7.426656189E0
3.187523167E0,-5.878276062E-1,6.225104828E0,7.459138641E0
3.197481167E0,-7.593708801E-1,6.601871338E0,7.567513275E0
3.207438167E0,-6.249504089E-1,6.678062897E0,7.455546112E0
3.217396167E0,-4.480183411E-1,6.528523865E0,7.386389923E0
3.227353167E0,-1.845661926E-1,6.568490753E0,7.335346069E0
3.237311167E0,4.041595459E-3,6.675667877E0,7.284152527E0
3.247268167E0,4.400848389E-2,6.669979706E0,7.160060577E0
3.257225167E0,4.475692749E-2,6.620432739E0,7.279063110E0
3.267183167E0,1.416055298E-1,6.696923676E0,7.325316925E0
3.277140167E0,1.034349060E-1,6.697223053E0,7.175328827E0
3.287098167E0,-3.966751099E-2,6.830146637E0,7.023394775E0
3.297055167E0,-3.951782227E-2,6.929839325E0,6.980583801E0
3.307013167E0,1.842668152E-1,6.807393951E0,7.026687927E0
3.316970167E0,2.643502808E-1,6.713988190E0,7.072043610E0
3.326927167E0,7.379653931E-2,6.640191650E0,7.354955292E0
3.336885167E0,6.227050781E-1,6.685247955E0,7.458839264E0
3.346842167E0,6.240522766E-1,6.628216553E0,7.401957550E0
3.356800167E0,3.974235535E-1,6.454577637E0,7.431446228E0
3.366757167E0,8.187973022E-2,6.354735260E0,7.361990662E0
3.376715167E0,1.047821045E-1,6.189478912E0,7.409591675E0
3.386672167E0,3.165916443E-1,6.133944397E0,7.579188995E0
3.396629167E0,6.191125488E-1,6.238576813E0,7.806117096E0
3.406587167E0,5.159770203E-1,6.389912109E0,7.788004761E0
3.416544167E0,5.448669434E-1,6.312073975E0,7.595205688E0
3.426502167E0,4.007167053E-1,6.362369385E0,7.432494049E0
3.436459167E0,4.510121155E-1,6.236032104E0,7.255412292E0
3.446416167E0,6.942562866E-1,6.136189728E0,7.309898987E0
3.456374167E0,5.218148804E-1,6.288423157E0,7.368277588E0
3.466331167E0,3.938310242E-1,6.532715149E0,7.710765381E0
3.476289167E0,3.647914124E-1,6.736591187E0,7.673792267E0
3.486246167E0,4.089495850E-1,6.708449707E0,7.444768524E0
3.496204167E0,2.433938599E-1,6.474785614E0,7.177274780E0
3.506161167E0,4.939727783E-2,6.407276001E0,7.145690460E0
3.516118167E0,-2.694396973E-2,6.437812500E0,7.123237152E0
3.526076167E0,8.113128662E-2,6.572831726E0,7.276518402E0
3.536033167E0,9.759704590E-2,6.842720490E0,7.428751831E0
3.545991167E0,4.221221924E-2,7.160509644E0,7.293133850E0
3.555948167E0,2.859054565E-2,7.084018707E0,7.184459839E0
3.565906167E0,-4.523593140E-1,6.283034363E0,7.353009338E0
3.575863167E0,-5.037025452E-1,5.674849091E0,7.460186462E0
3.585820167E0,-3.879931641E-1,5.614374847E0,7.457492065E0
3.595778167E0,-2.951861572E-1,6.140979767E0,7.298971710E0
3.605735167E0,-3.312611389E-1,6.583609314E0,7.347770233E0
3.615693167E0,-3.115022278E-1,6.811734924E0,7.453749847E0
3.625650167E0,-3.758683777E-1,6.851851501E0,7.385342102E0
3.635608167E0,-3.288661194E-1,6.866820374E0,7.315587158E0
3.645565167E0,-2.032772827E-1,7.152725830E0,7.136858826E0
3.655522167E0,2.619552612E-2,7.148235168E0,7.409292297E0
3.665480167E0,9.924362183E-2,6.956633606E0,7.656877441E0
3.675437167E0,2.698887634E-1,6.911876678E0,7.366032257E0
3.685395167E0,5.122348022E-1,6.785539398E0,6.940916290E0
3.695352167E0,4.718188477E-1,6.979086914E0,6.621031494E0
3.705310167E0,3.538641357E-1,7.046446838E0,6.735393677E0
3.715267167E0,5.993536377E-1,7.066804504E0,7.399263153E0
3.725224167E0,7.867639160E-1,7.285499725E0,7.531737671E0
3.735182167E0,1.131796417E0,6.754853210E0,7.192093964E0
3.745139167E0,1.309626617E0,6.182144165E0,6.664590912E0
3.755097167E0,1.179397430E0,6.005810852E0,6.308331757E0
3.765054167E0,1.028062134E0,6.197412415E0,6.593488770E0
3.775012167E0,7.611671448E-1,6.282585297E0,7.511679382E0
3.784969167E0,9.325607300E-1,6.458469543E0,8.012238464E0
3.794926167E0,1.693129120E0,6.880591736E0,7.768395538E0
3.804884167E0,1.742676086E0,6.997049561E0,7.272177429E0
3.814841167E0,1.589544525E0,6.762637024E0,6.924450531E0
3.824799167E0,1.964963837E0,6.196514282E0,7.341183929E0
3.834756167E0,2.064207458E0,6.044131165E0,7.529342651E0
3.844714167E0,2.359393616E0,6.224057007E0,7.637866974E0
3.854671167E0,2.702929230E0,6.613397369E0,7.202572174E0
3.864628167E0,2.510579224E0,7.130422211E0,6.355932770E0
3.874586167E0,2.428100739E0,7.632029114E0,6.013444977E0
3.884543167E0,2.527943115E0,7.669002228E0,6.199957123E0
3.894501167E0,2.198627930E0,6.734645233E0,7.916737061E0
3.904458167E0,2.315983887E0,6.185137939E0,9.436826019E0
3.914415167E0,2.670596466E0,6.347849579E0,8.914711761E0
3.924373167E0,2.834355927E0,6.620283051E0,7.185657349E0
3.934330167E0,3.004402313E0,7.234755249E0,5.624254303E0
3.944288167E0,2.571352844E0,7.697443085E0,5.851332092E0
3.954245167E0,1.290765839E0,6.955735474E0,7.274123383E0
3.964203167E0,1.360371094E0,6.510710907E0,7.547005920E0
3.974160167E0,1.923799438E0,6.690337372E0,7.593110046E0
3.984117167E0,1.828747101E0,6.855294342E0,7.960745544E0
3.994075167E0,1.764530640E0,7.191046143E0,7.294031982E0
4.004031667E0,1.935026093E0,7.926915894E0,5.590724030E0
4.013989667E0,1.684147797E0,8.046367493E0,4.092789001E0
4.023946667E0,1.747017059E0,6.856042786E0,4.291875000E0
4.033904667E0,1.585053864E0,5.999823303E0,6.137686615E0
4.043861667E0,1.121018829E0,6.172115021E0,7.985144806E0
4.053818667E0,1.654509430E0,6.901548157E0,8.440198517E0
4.063776667E0,1.715432739E0,7.442373505E0,8.014034729E0
4.073733667E0,5.650749207E-1,5.989345093E0,8.872200165E0
4.083691667E0,1.172960815E0,5.434898071E0,8.125702515E0
4.093648667E0,1.424138489E0,6.421945496E0,6.256240082E0
4.103606667E0,-2.164498901E-1,7.306605835E0,5.658233643E0
4.113563667E0,1.410067749E-1,6.476132812E0,6.730154572E0
4.123520667E0,1.092128906E0,6.268215179E0,7.212152252E0
4.133478667E0,-2.607577515E-1,6.263724518E0,8.965007172E0
4.143435667E0,-2.275268555E-2,6.673721924E0,9.431287537E0
4.153393667E0,9.068142700E-1,7.498955841E0,7.397167511E0
4.163350667E0,3.011737061E-1,7.094347229E0,5.353916473E0
4.173308667E0,-2.321672058E-1,6.006708984E0,5.436394958E0
4.183265667E0,2.275268555E-2,5.697003021E0,6.242768097E0
4.193222667E0,1.236428833E-1,6.526727600E0,7.308402100E0
4.203180667E0,-2.095642090E-2,7.739206238E0,7.980803833E0
4.213137667E0,-1.522334290E-1,7.244784393E0,9.220226440E0
4.223095667E0,-6.930587769E-2,5.735323334E0,9.312135315E0
4.233052667E0,-1.167572021E-2,4.896318054E0,8.436755676E0
4.243010667E0,1.148112488E-1,5.483097839E0,7.640711060E0
4.252967667E0,1.594184875E-1,7.361092529E0,5.982908478E0
4.262924667E0,2.561174011E-1,8.698710938E0,4.522844696E0
4.272882667E0,2.502795410E-1,7.386539612E0,5.551206207E0
4.282839667E0,3.308120728E-2,6.020779724E0,7.879165192E0
4.292797667E0,-1.414558411E-1,6.513255615E0,8.717721405E0
4.302754667E0,-5.219645691E-1,7.226821747E0,8.296497345E0
4.312712667E0,-5.959107971E-1,7.390730896E0,6.464157715E0
4.322669667E0,1.637594604E-1,6.887327728E0,4.909939728E0
4.332626667E0,5.522016907E-1,7.172784119E0,4.273313599E0
4.342584667E0,2.278262329E-1,6.642736359E0,5.134772186E0
4.352541667E0,2.402503967E-1,4.474495239E0,8.680897980E0
4.362499667E0,6.842271423E-1,5.872438202E0,1.035561539E1
4.372456667E0,7.200027466E-2,8.348289642E0,8.825646973E0
4.382414667E0,2.579136658E-1,7.432044983E0,7.371271362E0
4.392371667E0,7.521858215E-1,6.716083832E0,6.274801483E0
4.402328667E0,1.431024170E-1,5.392985229E0,7.343279572E0
4.412286667E0,5.119354248E-2,6.176156616E0,8.675060120E0
4.422243667E0,9.857002258E-1,6.751560059E0,8.007747803E0
4.432201667E0,1.452429657E0,6.696923676E0,6.659950562E0
4.442158667E0,7.231462097E-1,7.393724670E0,6.508764954E0
4.452116667E0,3.493734741E-1,7.112758942E0,8.817563782E0
4.462073667E0,1.938468933E-1,5.957461395E0,9.359586639E0
4.472030667E0,-3.626957703E-1,5.953270111E0,6.759792938E0
4.481988667E0,1.642085266E-1,6.442602539E0,5.508095856E0
4.491945667E0,4.923262024E-1,7.386240234E0,6.287375336E0
4.501903667E0,4.360432434E-1,6.623725891E0,8.209228821E0
4.511860667E0,8.976832581E-1,6.330635376E0,9.087003479E0
4.521818667E0,4.703219604E-1,5.599705353E0,8.143365784E0
4.531775667E0,2.165995789E-1,5.029990082E0,7.723189545E0
4.541732667E0,1.733395386E-1,5.835465088E0,7.565267944E0
4.551690667E0,4.062551880E-1,7.161108398E0,6.536008301E0
4.561647667E0,2.866539001E-1,6.339616699E0,5.569318542E0
4.571605667E0,3.330574036E-1,3.958967285E0,7.115603027E0
4.581562667E0,4.062551880E-1,4.806804199E0,9.076525269E0
4.591519667E0,3.206332397E-1,6.223757629E0,1.058254349E1
4.601477667E0,4.520599365E-1,7.149582367E0,9.501491547E0
4.611434667E0,1.808239746E-1,5.625152435E0,7.143594818E0
4.621392667E0,-3.589535522E-1,6.104455719E0,5.126389618E0
4.631349667E0,-1.148711243E0,6.479875031E0,6.862180023E0
4.641307667E0,-8.913963318E-1,6.809040527E0,8.020171967E0
4.651264667E0,-3.712280273E-2,5.189558258E0,8.833580475E0
4.661222667E0,-1.454974365E-1,4.335284729E0,8.926836548E0
4.671179667E0,-4.909790039E-2,5.677842865E0,7.979456635E0
4.681136667E0,-3.255729675E-1,7.623496857E0,7.397167511E0
4.691094667E0,-1.273252258E0,7.271428986E0,7.858059082E0
4.701051667E0,-1.332978058E0,4.898713074E0,9.022337952E0
4.711009667E0,-4.921765137E-1,5.672005005E0,7.442672882E0
4.720966667E0,-4.213737488E-1,6.810088348E0,5.381758575E0
4.730923667E0,1.362167358E-1,5.887706451E0,7.424560547E0
4.740881667E0,2.321672058E-1,5.863007812E0,9.851164398E0
4.750838667E0,-4.459226990E-1,7.264992371E0,8.682694244E0
4.760796667E0,-3.679348755E-1,6.092630310E0,7.065157928E0
4.770753667E0,-4.686753845E-1,4.884193268E0,5.982758789E0
4.780711667E0,-4.302053833E-1,5.237159271E0,7.402855682E0
4.790668667E0,3.457809448E-1,6.945107574E0,8.998687134E0
4.800625667E0,9.011260986E-2,6.970105591E0,8.290509796E0
4.810583667E0,-3.112028503E-1,7.510032806E0,5.349725189E0
4.820540667E0,1.998344421E-1,5.201683044E0,6.904990997E0
4.830498667E0,2.065704346E-1,5.520520020E0,8.143964539E0
4.840455667E0,-7.589218140E-2,6.409970398E0,8.267457733E0
4.850413667E0,-5.319937134E-1,6.323600006E0,7.809709625E0
4.860370667E0,-1.111738129E0,5.242697754E0,8.711733856E0
4.870327667E0,-5.855822754E-1,7.219337311E0,7.749534760E0
4.880285667E0,-6.301895142E-1,8.588240662E0,7.024741974E0
4.890242667E0,-1.221459961E-1,6.233337708E0,6.906787262E0
4.900200667E0,-2.993774414E-3,4.301155701E0,6.783144379E0
4.910157667E0,6.087840271E-1,4.715194702E0,6.429130554E0
4.920115667E0,9.719288635E-1,6.588549042E0,7.626191254E0
4.930072667E0,8.969348145E-1,7.311545563E0,7.233707428E0
4.940029667E0,5.938151550E-1,6.432423706E0,8.473579102E0
4.949987667E0,-1.145118713E-1,5.895789642E0,9.770332489E0
4.959944667E0,-8.307723999E-2,6.219865723E0,1.051847672E1
4.969902667E0,8.237370300E-1,6.392456818E0,7.477101288E0
4.979859667E0,1.069226532E0,5.772446136E0,7.527247009E0
4.989817667E0,1.148262177E0,7.237749023E0,6.067931671E0
4.999774667E0,6.068380737E-1,6.770121460E0,5.804928589E0
5.009732917E0,3.751199341E-1,6.483317871E0,4.738845520E0
5.019689917E0,4.508624268E-1,5.790558472E0,5.067112885E0
5.029646917E0,8.711883545E-1,6.317163391E0,7.104975128E0
5.039604917E0,3.764671326E-1,6.990912323E0,1.048494644E1
5.049561917E0,1.541793823E-1,7.235952759E0,9.961934052E0
5.059519917E0,-6.598278809E-1,6.353687439E0,7.128326569E0
5.069476917E0,-2.076182556E-1,5.300028534E0,4.805457001E0
5.079434917E0,-1.838177490E-1,6.345005493E0,4.285288696E0
5.089391917E0,2.308200073E-1,6.669530640E0,6.690487061E0
5.099348917E0,-5.159770203E-1,6.906188507E0,8.893306274E0
5.109306917E0,-1.105002136E0,7.163503418E0,8.779692535E0
5.119263917E0,-1.068178711E0,5.944887543E0,1.072355026E1
5.129221917E0,-1.454974365E-1,6.346053314E0,1.127904510E1
5.139178917E0,5.951623535E-1,5.730682983E0,9.979447632E0
5.149136917E0,1.990261230E0,7.066056061E0,6.287525024E0
5.159093917E0,1.933229828E0,7.490872650E0,4.459676056E0
5.169050917E0,1.753453674E0,6.941814423E0,3.574566650E0
5.179008917E0,1.376387787E0,6.283483429E0,4.731810150E0
5.188965917E0,1.396296387E0,5.188061371E0,7.254065094E0
5.198923917E0,9.906399536E-1,6.492897949E0,9.174421692E0
5.208880917E0,1.521436157E0,8.406668243E0,7.970924377E0
5.218838917E0,3.317102051E-1,6.585555267E0,9.254954224E0
5.228795917E0,2.625540161E-1,5.196443939E0,8.748407593E0
5.238752917E0,7.536827087E-1,6.666087799E0,7.053931274E0
5.248710917E0,7.840695190E-1,6.708898773E0,5.201383667E0
5.258667917E0,1.569635925E0,7.183112640E0,3.558250580E0
5.268625917E0,1.659000092E0,5.330714722E0,6.398893433E0
5.278582917E0,1.086590424E0,5.414390717E0,1.007584717E1
5.288540917E0,1.205143890E0,6.921456757E0,9.850415955E0
5.298497917E0,1.858385468E0,7.008575592E0,7.196734314E0
5.308454917E0,1.539997559E0,5.179978180E0,7.294031982E0
5.318412917E0,1.745071106E0,6.186185760E0,8.555458832E0
5.328369917E0,1.245709534E0,6.742578735E0,8.957971802E0
5.338327917E0,1.769021301E0,6.579717407E0,7.541617126E0
5.348284917E0,2.230361938E0,8.354875946E0,5.952371979E0
5.358242917E0,1.694176941E0,6.915618896E0,8.661139069E0
5.368199917E0,1.099613342E0,6.054010620E0,7.096143494E0
5.378156917E0,1.864822083E0,5.473667450E0,4.316423950E0
5.388114917E0,1.864971771E0,4.499343567E0,6.940616913E0
5.398071917E0,1.119372253E0,6.673422546E0,9.079818420E0
5.408029917E0,8.499325562E-1,8.543184357E0,6.582262115E0
5.417986917E0,9.310638428E-1,5.802234192E0,7.502099304E0
5.427944917E0,3.568579102E-1,5.607788544E0,9.502090302E0
5.437901917E0,1.363813934E0,5.823939056E0,8.985065460E0
5.447858917E0,1.948647766E0,5.586233368E0,6.229296112E0
5.457816917E0,1.426982574E0,5.769751740E0,7.020401001E0
5.467773917E0,1.368903351E0,7.069349213E0,8.643026733E0
5.477731917E0,1.460662537E0,7.455695801E0,8.369246063E0
5.487688917E0,7.339237976E-1,4.296215973E0,7.447163544E0
5.497646917E0,1.304387512E0,2.864443359E0,7.505093079E0
5.507603917E0,1.797462158E0,6.338568878E0,7.408992920E0
5.517560917E0,9.163943481E-1,7.919132080E0,5.862558746E0
5.527518917E0,2.045646057E0,7.333250427E0,5.040168915E0
5.537475917E0,1.322948914E0,3.960015106E0,8.695717163E0
5.547433917E0,6.975494385E-2,4.705464935E0,1.130314499E1
5.557390917E0,1.717378693E0,6.455326080E0,9.972711639E0
5.567348917E0,2.163600769E0,5.183421021E0,8.828790436E0
5.577305917E0,1.094224548E-1,6.766229553E0,5.900130615E0
5.587262917E0,1.713187408E0,6.697372742E0,7.472910004E0
5.597220917E0,1.644031219E0,5.553900604E0,9.265582123E0
5.607177917E0,-2.236349487E-1,8.583450623E0,4.688101044E0
5.617135917E0,4.555027771E-1,5.361101532E0,4.801714783E0
5.627092917E0,7.414082336E-1,4.876708832E0,5.456902313E0
5.637050917E0,3.486250305E-1,6.729106750E0,7.317832489E0
5.647007917E0,8.008346558E-1,8.065078583E0,8.247399445E0
5.656964917E0,-3.592529297E-2,7.567363586E0,9.550589447E0
5.666922917E0,-8.972341919E-1,3.939657440E0,1.120779327E1
5.676879917E0,-1.972897339E-1,4.708758087E0,9.111552429E0
5.686837917E0,9.026229858E-2,6.147117004E0,8.085885315E0
5.696794917E0,-4.261637878E-1,7.862400055E0,5.533992004E0
5.706752917E0,5.936654663E-1,7.301217041E0,4.881049805E0
5.716709917E0,1.090781708E0,5.187013550E0,6.188580780E0
5.726666917E0,1.386117554E-1,4.862039337E0,6.990762634E0
5.736624917E0,2.183958435E-1,5.156926117E0,8.194259949E0
5.746581917E0,-2.357597351E-1,7.961344299E0,8.702453156E0
5.756539917E0,-5.872288513E-1,7.007976837E0,8.270451508E0
5.766496917E0,-2.775228882E-1,4.745581512E0,7.764054565E0
5.776454917E0,-1.745370483E-1,4.919220428E0,8.290060730E0
5.786411917E0,1.859133911E-1,6.688541107E0,1.025936554E1
5.796368917E0,-1.877096558E-1,7.213050385E0,1.005474106E1
5.806326917E0,-5.715115356E-1,6.444099426E0,6.105802917E0
5.816283917E0,-1.095122681E0,4.059258728E0,5.857918396E0
5.826241917E0,-1.459165649E0,2.927612000E0,8.819659424E0
5.836198917E0,-7.182064819E-1,6.843169556E0,8.601113892E0
5.846156917E0,-2.433938599E-1,7.904612274E0,7.459138641E0
5.856113917E0,-5.219645691E-1,7.499853973E0,6.256090393E0
5.866071917E0,1.140628052E-1,5.729934540E0,6.892267456E0
5.876028917E0,-9.550140381E-2,5.444777527E0,7.475454712E0
5.885985917E0,3.384461975E-1,3.298540649E0,9.489965515E0
5.895943917E0,5.752537537E-1,6.166726227E0,8.489895172E0
5.905900917E0,9.918374634E-1,8.052055664E0,6.658303986E0
5.915858917E0,-2.621049500E-1,7.533384247E0,7.697592773E0
5.925815917E0,3.209326172E-1,6.189179535E0,7.155569916E0
5.935773917E0,8.412506104E-1,4.851860504E0,8.558901672E0
5.945730917E0,5.634283447E-1,6.363117828E0,6.647975464E0
5.955687917E0,4.366419983E-1,7.570956116E0,7.158414001E0
5.965645917E0,-6.478527832E-1,5.050497437E0,9.295370178E0
5.975602917E0,-6.029461670E-1,5.250631256E0,9.072333984E0
5.985560917E0,9.189390564E-1,6.830146637E0,7.544012146E0
5.995517917E0,1.527723083E0,7.251819763E0,7.620952148E0
6.005475875E0,8.529263306E-1,6.470444641E0,5.390440521E0
6.015432875E0,1.196911011E0,4.511468353E0,5.033432922E0
6.025389875E0,8.467890930E-1,5.908363495E0,6.720724182E0
6.035347875E0,3.336561584E-1,5.983806610E0,1.002285736E1
6.045304875E0,1.144370270E0,8.004155273E0,9.072483673E0
6.055262875E0,1.037043457E0,6.074817352E0,7.932154999E0
6.065219875E0,9.723779297E-1,5.025499420E0,9.295968933E0
6.075177875E0,4.727169800E-1,6.504723358E0,8.143365784E0
6.085134875E0,8.692424011E-1,6.715784454E0,5.940247192E0
6.095091875E0,3.552113342E-1,4.601281586E0,6.804549866E0
6.105049875E0,4.505630493E-1,4.621639252E0,9.568552094E0
6.115006875E0,1.657952271E0,9.283993835E0,6.978637848E0
6.124964875E0,1.689386902E0,6.170767822E0,7.973768463E0
6.134921875E0,1.207838287E0,3.609893188E0,8.758736115E0
6.144879875E0,-5.373825073E-2,5.219346313E0,7.998616791E0
6.154836875E0,4.912783813E-1,8.286468201E0,6.114035797E0
6.164793875E0,7.532336426E-1,7.483837280E0,6.966962128E0
6.174751875E0,5.433700562E-1,6.291566620E0,6.378086700E0
6.184708875E0,6.367758179E-1,5.312752075E0,8.297395477E0
6.194666875E0,1.529369659E0,5.536536713E0,8.179740143E0
6.204623875E0,1.155896301E0,6.291716309E0,5.763764191E0
6.214581875E0,1.689835968E0,6.257736969E0,5.404511261E0
6.224538875E0,1.233584747E0,5.325026550E0,1.030472122E1
6.234496875E0,1.278341675E0,5.544619904E0,9.728419647E0
6.244453875E0,1.213526459E0,6.615792389E0,8.645421753E0
6.254410875E0,1.505269775E0,6.301146698E0,7.910300446E0
6.264368875E0,1.442250824E0,6.202950897E0,7.154073029E0
6.274325875E0,1.693578186E0,6.675518188E0,5.536985779E0
6.284283875E0,1.102008362E0,5.596262512E0,8.719966736E0
6.294240875E0,9.041198730E-1,6.505022736E0,9.105415192E0
6.304198875E0,1.299896851E0,6.315965881E0,8.754844208E0
6.314155875E0,1.538949738E0,6.002817078E0,6.992409210E0
6.324112875E0,7.473957825E-1,4.377347260E0,7.235653381E0
6.334070875E0,1.305135956E0,6.101162567E0,6.091283112E0
6.344027875E0,2.342628479E-1,5.860762482E0,7.482490082E0
6.353985875E0,-1.502874756E-1,5.170996857E0,8.634045410E0
6.363942875E0,3.278182983E-2,8.209677887E0,6.683451691E0
6.373900875E0,-9.160949707E-2,6.330186310E0,8.897796936E0
6.383857875E0,-7.680528259E-1,4.409829712E0,1.075303894E1
6.393814875E0,-2.260299683E-1,6.079308014E0,7.593110046E0
6.403772875E0,1.254690857E0,8.412955170E0,4.750521240E0
6.413729875E0,2.589614868E-1,5.888155518E0,6.692433014E0
6.423687875E0,-7.203021240E-1,4.884193268E0,5.012476501E0
6.433644875E0,-2.948867798E-2,4.747677155E0,7.234755249E0
6.443602875E0,-6.328839111E-1,5.290149078E0,1.120973923E1
6.453559875E0,-1.126407623E0,6.946754150E0,1.087039490E1
6.463516875E0,1.799258423E-1,6.265670471E0,7.561376038E0
6.473474875E0,4.517605591E-1,6.049519958E0,6.564748535E0
6.483431875E0,-2.664459229E-2,5.703589325E0,7.738457794E0
6.493389875E0,1.191372528E0,7.172634430E0,5.153782654E0
6.503346875E0,1.140927429E0,4.832850037E0,7.524402924E0
6.513304875E0,1.032702484E0,4.474195862E0,8.651109924E0
6.523261875E0,1.069076843E0,6.363716583E0,1.040336609E1
6.533219875E0,1.242566071E0,6.256838837E0,7.548951874E0
6.543176875E0,8.731343079E-1,5.487139435E0,6.185886383E0
6.553133875E0,1.027762756E0,6.176156616E0,7.194938049E0
6.563091875E0,4.793032837E-1,6.586453400E0,1.034049683E1
6.573048875E0,1.196012878E0,6.108197937E0,8.586594086E0
6.583006875E0,1.210382996E0,3.976480865E0,9.765542450E0
6.592963875E0,1.104104004E0,6.527925110E0,8.150251465E0
6.602921875E0,6.131250000E-1,6.426585846E0,7.680228882E0
6.612878875E0,9.963281250E-1,5.643564148E0,8.847950592E0
6.622835875E0,-1.871109009E-2,7.826175385E0,7.413333893E0
6.632793875E0,8.786727905E-2,5.503455505E0,7.606731720E0
6.642750875E0,8.635542297E-1,5.552852783E0,5.640270996E0
6.652708875E0,1.539548492E0,5.757177887E0,4.105662231E0
6.662665875E0,1.536105652E0,8.787476349E0,4.242477722E0
6.672623875E0,1.104104004E0,5.576802979E0,8.437504120E0
6.682580875E0,1.585951996E0,3.802542572E0,9.208999786E0
6.692537875E0,1.731000366E0,6.163283386E0,9.006321259E0
6.702495875E0,6.021977234E-1,6.366261292E0,1.034004776E1
6.712452875E0,1.113983459E0,7.641459503E0,6.065087585E0
6.722410875E0,7.822732544E-1,6.509214020E0,3.550167389E0
6.732367875E0,-3.594026184E-1,5.111720123E0,6.597081299E0
6.742325875E0,-2.607577515E-1,4.918621674E0,1.021865021E1
6.752282875E0,9.087602234E-1,5.079836426E0,1.046937881E1
6.762240875E0,8.873547363E-1,6.687493286E0,8.899144135E0
6.772197875E0,8.876541138E-1,6.841522980E0,7.748936005E0
6.782154875E0,1.416504364E0,7.698790283E0,6.740782471E0
6.792112875E0,1.274150391E0,7.034771118E0,5.410798187E0
6.802069875E0,6.367758179E-1,5.051994324E0,8.281977539E0
6.812027875E0,6.768923950E-1,6.256988525E0,8.088430023E0
6.821984875E0,1.236279144E0,6.422993317E0,8.922944641E0
6.831942875E0,8.894503784E-1,5.370831299E0,8.312064972E0
6.841899875E0,8.813671875E-1,7.063062286E0,5.882018280E0
6.851856875E0,1.244362335E0,7.795339508E0,4.541106720E0
6.861814875E0,3.652404785E-1,5.210364990E0,9.164093170E0
6.871771875E0,6.586303711E-2,4.331692200E0,9.578281860E0
6.881729875E0,-8.083190918E-3,6.350993042E0,7.647896118E0
6.891686875E0,7.574249268E-2,8.001311188E0,7.077432404E0
6.901644875E0,1.695973206E-1,6.701414337E0,7.392826538E0
6.911601875E0,2.866539001E-1,4.949008484E0,6.484365692E0
6.921558875E0,2.374063110E-1,5.826633453E0,5.447771301E0
6.931516875E0,2.225871277E-1,7.085665283E0,6.298601990E0
6.941473875E0,2.841091919E-1,5.169949036E0,9.818083191E0
6.951431875E0,5.780978394E-1,5.634283447E0,8.982520752E0
6.961388875E0,1.477427673E-1,5.140759735E0,8.946296082E0
6.971346875E0,6.688092041E-1,5.915997620E0,8.729995880E0
6.981303875E0,5.294490051E-1,6.997648315E0,6.174959106E0
6.991261875E0,8.744815063E-1,5.916746063E0,6.238127747E0
7.001218875E0,3.318598938E-1,7.035070496E0,5.949976959E0
7.011175750E0,-1.043330383E-1,5.718558197E0,8.473728790E0
7.021133750E0,-8.009843445E-1,5.878276062E0,8.829987946E0
7.031090750E0,-5.472619629E-1,6.657256165E0,8.253536682E0
7.041048750E0,-5.358856201E-2,6.620732117E0,8.093519440E0
7.051005750E0,-3.474275208E-1,5.988596649E0,7.374714203E0
7.060963750E0,-1.278341675E-1,5.466781769E0,6.153852997E0
7.070920750E0,2.296224976E-1,5.278922424E0,8.297395477E0
7.080877750E0,5.325924683E-1,6.399492188E0,9.848619690E0
7.090835750E0,3.929328918E-1,5.125192108E0,9.983938293E0
7.100792750E0,3.791615295E-1,6.220763855E0,7.365583191E0
7.110750750E0,2.083666992E-1,7.759114838E0,6.266718292E0
7.120707750E0,1.772314453E-1,6.643634491E0,6.453829193E0
7.130665750E0,5.972579956E-2,4.549638977E0,7.225923615E0
7.140622750E0,1.719923401E-1,5.606740723E0,8.077353058E0
7.150580750E0,-9.669891357E-2,7.602839813E0,8.506510620E0
7.160537750E0,2.724334717E-1,5.822142792E0,9.563762054E0
7.170494750E0,2.275268555E-2,5.923332367E0,7.955057373E0
7.180452750E0,2.107617188E-1,5.529351654E0,7.693401489E0
7.190409750E0,-2.887495422E-1,5.339246979E0,7.591912537E0
7.200367750E0,-4.418811035E-1,3.490142212E0,8.253836060E0
7.210324750E0,-3.999682617E-1,6.590494995E0,7.258855133E0
7.220282750E0,-6.646179199E-2,6.333778839E0,7.654482422E0
7.230239750E0,1.460961914E-1,5.464536438E0,8.638536072E0
7.240196750E0,5.074447632E-1,4.358636169E0,9.142388306E0
7.250154750E0,7.310797119E-1,7.436385956E0,7.266040192E0
7.260111750E0,7.441026306E-1,6.362219696E0,8.024213562E0
7.270069750E0,4.924758911E-2,6.360124054E0,6.141877899E0
7.280026750E0,-3.779640198E-1,5.811814270E0,5.527256012E0
7.289984750E0,1.321751404E-1,6.179449768E0,6.164031830E0
7.299941750E0,7.843688965E-2,6.621181183E0,8.368497620E0
7.309898750E0,3.562591553E-1,6.018833771E0,9.120533752E0
7.319856750E0,5.733078003E-1,4.767735443E0,1.110525650E1
7.329813750E0,3.963757324E-1,7.071444855E0,7.894134064E0
7.339771750E0,1.839674377E-1,8.773704987E0,6.490203552E0
7.349728750E0,1.164578247E-1,5.682183838E0,7.055428162E0
7.359686750E0,-9.879455566E-3,3.733835449E0,8.109386444E0
7.369643750E0,3.055146790E-1,7.432344360E0,5.601800995E0
7.379601750E0,8.080197144E-1,7.976013794E0,5.855673065E0
7.389558750E0,4.189787292E-1,4.807253265E0,9.023385773E0
7.399515750E0,1.603166199E-1,3.081192627E0,1.107756409E1
7.409473750E0,5.673202515E-2,7.202721863E0,1.009231293E1
7.419430750E0,-6.744973755E-1,7.563621368E0,8.156089325E0
7.429388750E0,-8.885522461E-1,5.062472534E0,6.392756195E0
7.439345750E0,-5.119354248E-2,4.808301086E0,6.477929077E0
7.449303750E0,6.306385803E-1,6.976841583E0,6.695277100E0
7.459260750E0,-2.769241333E-2,8.154742126E0,5.131628723E0
7.469217750E0,6.346801758E-2,4.475243683E0,7.065906372E0
7.479175750E0,-2.484832764E-1,4.335883484E0,7.414381714E0
7.489132750E0,2.695893860E-1,6.522386627E0,9.472302246E0
7.499090750E0,-2.106120300E-1,6.065536652E0,1.024843826E1
7.509047750E0,2.811154175E-1,7.523205414E0,6.852749634E0
7.519005750E0,5.908213806E-1,5.683830414E0,7.207212524E0
7.528962750E0,6.667135620E-1,6.320456543E0,5.757926331E0
7.538920750E0,-7.798782349E-2,6.048771515E0,4.428391113E0
7.548877750E0,-5.451663208E-1,5.499713287E0,6.416556702E0
7.558834750E0,-3.532653809E-1,6.326893158E0,9.099128265E0
7.568792750E0,6.086343384E-1,6.432124329E0,1.047312103E1
7.578749750E0,3.442840576E-1,5.976322174E0,1.066771637E1
7.588707750E0,1.059796143E-1,6.051166534E0,1.025951523E1
7.598664750E0,-1.181044006E-1,7.770341492E0,6.912325745E0
7.608622750E0,-3.043171692E-1,7.374414825E0,4.788841553E0
7.618579750E0,-4.802014160E-1,5.011129303E0,5.342689819E0
7.628536750E0,-2.320175171E-2,4.789140930E0,8.715775452E0
7.638494750E0,1.181642761E0,6.804998932E0,8.491092682E0
7.648451750E0,4.700225830E-1,5.657784576E0,9.028774567E0
7.658409750E0,1.121168518E-1,5.159770203E0,8.944050751E0
7.668366750E0,-9.767189026E-1,7.295828247E0,7.805069275E0
7.678324750E0,-6.361770630E-2,6.396797791E0,7.630382538E0
7.688281750E0,-1.092727661E-2,5.532345428E0,7.018155670E0
7.698239750E0,-2.041754150E-1,5.021607513E0,7.537126465E0
7.708196750E0,4.918771362E-1,7.626640320E0,4.711003418E0
7.718153750E0,4.689747620E-1,5.930367737E0,6.231242065E0
7.728111750E0,-9.927355957E-1,3.927682343E0,8.776848450E0
7.738068750E0,-6.038442993E-1,5.610033875E0,8.668024750E0
7.748026750E0,9.220825195E-2,5.969286804E0,1.048883835E1
7.757983750E0,-5.941145325E-1,6.875951385E0,9.474996643E0
7.767941750E0,-6.713539124E-1,6.215075684E0,6.443500671E0
7.777898750E0,2.839595032E-1,5.482499084E0,6.550378418E0
7.787856750E0,-2.897973633E-1,7.744744720E0,5.051844635E0
7.797813750E0,-5.333409119E-1,6.399791565E0,7.113058319E0
7.807770750E0,-1.282832336E-1,4.915178833E0,1.015623001E1
7.817728750E0,-6.770420837E-1,5.129084015E0,1.067654800E1
7.827685750E0,-1.276994476E0,7.731123047E0,8.203690338E0
7.837643750E0,-7.297325134E-1,6.377637634E0,7.754923553E0
7.847600750E0,-3.285667419E-1,4.739893341E0,7.210805054E0
7.857558750E0,-6.791377258E-1,6.969806213E0,4.307891693E0
7.867515750E0,-4.767585754E-1,6.097719727E0,5.753585358E0
7.877472750E0,-1.038690033E0,4.386328583E0,1.081590820E1
7.887430750E0,-9.455836487E-1,4.307143250E0,1.120270386E1
7.897387750E0,-5.090913391E-1,7.225175171E0,7.974367218E0
7.907345750E0,-8.557704163E-1,5.871540070E0,7.776179352E0
7.917302750E0,-8.289761353E-1,5.970334625E0,5.525160370E0
7.927260750E0,-1.137634277E-2,6.034401398E0,6.796167297E0
7.937217750E0,5.496569824E-1,5.090464325E0,8.376431122E0
7.947175750E0,-2.525248718E-1,4.832101593E0,9.912536774E0
7.957132750E0,6.789880371E-1,5.295837250E0,1.034214340E1
7.967089750E0,1.437011719E0,7.149582367E0,8.620274048E0
7.977047750E0,1.088237000E0,6.897057495E0,4.340074768E0
7.987004750E0,1.521136780E0,5.894891510E0,5.289700012E0
7.996962750E0,1.099014587E0,5.851481781E0,8.598419495E0
8.006919292E0,5.119354248E-2,5.743256836E0,1.094164673E1
8.016877292E0,1.078656921E0,5.032085724E0,1.065199905E1
8.026834292E0,8.815168762E-1,6.080505524E0,6.700665894E0
8.036791292E0,1.340312805E0,7.705077209E0,4.995861053E0
8.046749292E0,1.549877014E0,7.730673981E0,4.223916321E0
8.056706292E0,1.448238373E0,4.909640350E0,4.933440857E0
8.066664292E0,5.498066711E-1,5.167104950E0,6.663393402E0
8.076621292E0,9.761201477E-1,6.495592346E0,8.629704437E0
8.086579292E0,9.512718201E-1,6.147715759E0,8.695417786E0
8.096536292E0,9.310638428E-1,5.534740448E0,9.893077240E0
8.106494292E0,7.629634094E-1,6.632407837E0,8.881630554E0
8.116451292E0,1.862127686E-1,6.428980865E0,7.449708252E0
8.126408292E0,9.099577332E-1,3.512146454E0,9.153914337E0
8.136366292E0,5.638774109E-1,7.698790283E0,6.607559509E0
8.146323292E0,9.147477722E-1,6.718927917E0,7.555687866E0
8.156281292E0,1.212628326E0,7.124135284E0,7.050488434E0
8.166238292E0,-3.847000122E-2,5.009931793E0,8.680598602E0
8.176196292E0,-3.785627747E-1,5.206772461E0,8.755143585E0
8.186153292E0,-2.275268555E-2,5.705984344E0,9.929900665E0
8.196110292E0,7.005432129E-2,5.934858398E0,8.824599152E0
8.206068292E0,1.255888367E-1,6.626120911E0,7.834707642E0
8.216025292E0,1.219514008E0,6.252198486E0,6.038293304E0
8.225983292E0,1.276246033E0,4.396657104E0,6.013444977E0
8.235940292E0,8.740324402E-1,6.925049286E0,3.843856659E0
8.245898292E0,4.929249573E-1,7.459887085E0,5.570216675E0
8.255855292E0,7.457492065E-1,7.053482208E0,6.801556091E0
8.265813292E0,1.634600830E-1,5.542673950E0,9.709409180E0
8.275770292E0,-6.593788147E-1,4.348906403E0,1.246338226E1
8.285727292E0,2.243833923E-1,7.414830780E0,9.274114380E0
8.295685292E0,8.232879639E-1,5.715265045E0,7.928263092E0
8.305642292E0,-5.869294739E-1,7.312892761E0,5.660928040E0
8.315600292E0,4.903802490E-1,6.907086639E0,4.245920563E0
8.325557292E0,9.279203796E-1,5.684279480E0,6.869963837E0
8.335515292E0,-2.775228882E-1,4.618495789E0,8.502618713E0
8.345472292E0,-4.222718811E-1,5.659431152E0,7.114405518E0
8.355430292E0,5.105882263E-1,8.005652161E0,5.440586243E0
8.365387292E0,-4.721182251E-1,5.320984955E0,8.333919525E0
8.375344292E0,-5.294490051E-1,4.804708557E0,7.995772705E0
8.385302292E0,2.371069336E-1,4.646038513E0,9.693691864E0
8.395259292E0,5.590873718E-1,7.709567871E0,1.077189972E1
8.405217292E0,2.649490356E-2,7.501500549E0,8.621920624E0
8.415174292E0,3.305126953E-1,4.861739960E0,8.335117035E0
8.425132292E0,3.230282593E-1,6.706204376E0,8.699160004E0
8.435089292E0,-4.141886902E-1,6.980134735E0,8.648265839E0
8.445046292E0,-5.839356995E-1,6.214925995E0,6.812633057E0
8.455004292E0,3.962260437E-1,5.396128693E0,5.170098724E0
8.464961292E0,9.746232605E-1,6.044430542E0,3.976331177E0
8.474919292E0,6.816824341E-1,6.607260132E0,5.272186432E0
8.484876292E0,4.658312988E-1,4.934039612E0,9.782008209E0
8.494834292E0,1.709445190E-1,5.401517487E0,1.082638641E1
8.504791292E0,4.364923096E-1,6.612648926E0,9.939181366E0
8.514749292E0,1.007405090E0,6.938371582E0,9.735455017E0
8.524706292E0,5.212161255E-1,6.206992493E0,6.764582977E0
8.534663292E0,7.649093628E-1,6.177354126E0,3.992198181E0
8.544621292E0,1.126108246E0,3.876788177E0,6.927294617E0
8.554578292E0,2.248324585E-1,4.486320648E0,1.001746857E1
8.564536292E0,-1.866618347E-1,6.485563202E0,8.440497894E0
8.574493292E0,7.985893250E-1,5.182971954E0,9.252708893E0
8.584451292E0,8.041278076E-1,5.571114807E0,7.643106079E0
8.594408292E0,2.592608643E-1,5.382357330E0,7.237898712E0
8.604366292E0,1.486558685E0,7.990832977E0,6.842720490E0
8.614323292E0,1.726060638E0,6.348598022E0,7.459438019E0
8.624280292E0,2.402503967E-1,4.800217896E0,8.729546814E0
8.634238292E0,8.530760193E-1,7.114106140E0,7.350464630E0
8.644195292E0,8.837622070E-1,8.184380493E0,7.281607819E0
8.654153292E0,3.529660034E-1,5.294789429E0,8.779991913E0
8.664110292E0,5.517526245E-1,6.741680603E0,6.217171326E0
8.674068292E0,2.829116821E-1,4.731361084E0,7.273225250E0
8.684025292E0,-1.088237000E-1,4.984335022E0,7.705825653E0
8.693983292E0,-2.258802795E-1,6.700665894E0,6.248905334E0
8.703940292E0,-2.234852600E-1,6.814728699E0,7.770042114E0
8.713897292E0,-3.954776001E-1,6.130651245E0,8.404722290E0
8.723855292E0,4.644841003E-1,2.437680817E0,1.251682114E1
8.733812292E0,8.866062927E-1,6.661746826E0,7.465126190E0
8.743770292E0,9.848020935E-1,7.857610016E0,5.538183289E0
8.753727292E0,5.578898621E-1,6.718927917E0,7.294181671E0
8.763685292E0,-5.677693176E-1,4.409081268E0,7.901768188E0
8.773642292E0,-4.972659302E-1,6.706354065E0,7.029681702E0
8.783599292E0,7.147636414E-1,6.551875305E0,8.290060730E0
8.793557292E0,4.667294312E-1,5.955515442E0,7.505991211E0
8.803514292E0,8.936416626E-1,7.033423920E0,5.827830963E0
8.813472292E0,-3.170407104E-1,3.026107178E0,1.109807144E1
8.823429292E0,7.484436035E-4,4.320016479E0,1.113998428E1
8.833387292E0,1.917512512E-1,7.439828796E0,7.827821960E0
8.843344292E0,9.701325989E-1,8.158184967E0,5.655688934E0
8.853302292E0,5.441184998E-1,7.459737396E0,6.163582764E0
8.863259292E0,-2.442919922E-1,4.262835388E0,6.664740601E0
8.873216292E0,-5.032534790E-1,4.143533478E0,7.152725830E0
8.883174292E0,1.051862640E0,7.165299683E0,7.225923615E0
8.893131292E0,5.243595886E-1,8.872499542E0,7.867040405E0
8.903089292E0,1.296304321E-1,5.267246704E0,9.621990967E0
8.913046292E0,1.489253082E0,5.840404816E0,8.384364624E0
8.923004292E0,1.126557312E0,8.795858917E0,5.311554565E0
8.932961292E0,-4.185296631E-1,5.404810638E0,8.769813080E0
8.942919292E0,3.342549133E-1,3.678600311E0,8.173004150E0
8.952876292E0,1.310225372E0,5.476511536E0,6.547684021E0
8.962833292E0,8.966354370E-1,5.991440735E0,1.097906891E1
8.972791292E0,7.033872986E-1,7.919281769E0,1.021670425E1
8.982748292E0,1.248254242E0,4.977000275E0,6.759044495E0
8.992706292E0,1.698667603E0,5.506598969E0,5.147495728E0
9.002663292E0,8.469387817E-1,7.460485840E0,5.715265045E0
9.012621375E0,8.247848511E-2,5.470673676E0,9.794132996E0
9.022578375E0,1.001567230E0,3.984863434E0,9.866133270E0
9.032536375E0,8.972341919E-1,6.419849854E0,8.792416077E0
9.042493375E0,9.542655945E-1,8.575966187E0,7.723488922E0
9.052450375E0,1.146914978E0,4.603826294E0,8.359067230E0
9.062408375E0,1.272204437E0,4.033512268E0,6.428681488E0
9.072365375E0,1.024469604E0,6.556515656E0,6.747219086E0
9.082323375E0,1.674567719E0,9.954150238E0,5.043761444E0
9.092280375E0,3.370989990E-1,5.622308350E0,7.025640106E0
9.102238375E0,3.784130859E-1,3.893253937E0,6.667734375E0
9.112195375E0,5.324427795E-1,5.600453796E0,8.231233063E0
9.122152375E0,6.807843018E-1,6.711443481E0,9.525741119E0
9.132110375E0,1.049168243E0,4.879552917E0,8.603957977E0
9.142067375E0,1.725162506E0,5.389093323E0,8.224796448E0
9.152025375E0,7.252418518E-1,6.638395386E0,9.423803101E0
9.161982375E0,1.480421448E0,7.832911377E0,7.182214508E0
9.171940375E0,1.025218048E0,5.250631256E0,7.487130432E0
9.181897375E0,1.701062622E0,3.837120667E0,7.862100677E0
9.191855375E0,1.713037720E0,5.360652466E0,6.519392853E0
9.201812375E0,1.642983398E0,6.544839935E0,6.964267731E0
9.211769375E0,1.261875916E-1,5.156626740E0,1.077983322E1
9.221727375E0,6.896159363E-1,7.785010986E0,7.920778656E0
9.231684375E0,3.722758484E-1,6.604266357E0,8.636739807E0
9.241642375E0,3.035687256E-1,5.026996307E0,7.512128448E0
9.251599375E0,1.158590698E0,6.749763794E0,3.911366272E0
9.261557375E0,1.589993591E0,4.423002319E0,5.961353302E0
9.271514375E0,1.380130005E0,4.356839905E0,7.996970215E0
9.281472375E0,1.968706055E0,5.060376892E0,1.292068130E1
9.291429375E0,1.285826111E0,7.900121613E0,1.088192093E1
9.301386375E0,8.292755127E-1,6.203699341E0,8.550968170E0
9.311344375E0,1.392105103E0,7.410489807E0,5.260361023E0
9.321301375E0,1.379531250E0,6.934928741E0,3.855083313E0
9.331259375E0,2.109413452E0,5.897735596E0,4.545447693E0
9.341216375E0,1.047671356E0,3.389850769E0,1.001986359E1
9.351174375E0,-3.712280273E-2,5.514233093E0,1.049213150E1
9.361131375E0,1.600621490E0,7.684420166E0,8.756640472E0
9.371089375E0,1.051563263E0,8.342002716E0,5.096152496E0
9.381046375E0,3.076103210E-1,4.986879730E0,3.992198181E0
9.391003375E0,5.523513794E-1,3.282973022E0,8.010142822E0
9.400961375E0,1.306333466E0,5.125341797E0,1.002555176E1
9.410918375E0,1.212029572E0,6.181246033E0,9.630074158E0
9.420876375E0,1.205293579E0,6.951095123E0,7.705077209E0
9.430833375E0,6.002517700E-1,6.046376495E0,9.434880066E0
9.440791375E0,2.709365845E-2,6.111940155E0,8.608448639E0
9.450748375E0,-3.100053406E-1,6.024222565E0,7.956554260E0
9.460706375E0,-2.380050659E-1,6.873256989E0,6.292464752E0
9.470663375E0,6.099815369E-1,4.485572205E0,5.168452148E0
9.480620375E0,2.208357697E0,5.411846008E0,4.436923370E0
9.490578375E0,1.427731018E0,7.392078094E0,7.354057159E0
9.500535375E0,7.643106079E-1,6.030359802E0,1.245739471E1
9.510493375E0,-3.793112183E-1,3.833827515E0,1.360026810E1
9.520450375E0,2.462379456E-1,7.542066193E0,8.435408478E0
9.530408375E0,-3.311114502E-1,7.651488647E0,5.472320251E0
9.540365375E0,8.572673035E-1,6.219566345E0,4.130809937E0
9.550323375E0,1.586550751E0,4.015100555E0,5.971083069E0
9.560280375E0,9.934840393E-1,3.341800690E0,9.154662781E0
9.570237375E0,5.307962036E-1,6.922654266E0,9.405391388E0
9.580195375E0,3.215313721E-1,6.637197876E0,1.128218857E1
9.590152375E0,-2.866539001E-1,7.686366119E0,6.629414062E0
9.600110375E0,-3.649411011E-1,6.481521606E0,4.821623383E0
9.610067375E0,5.188211060E-1,6.792275391E0,2.884801025E0
9.620025375E0,6.481521606E-1,5.861510925E0,5.544320526E0
9.629982375E0,4.248165894E-1,5.148393860E0,9.535770264E0
9.639940375E0,6.957531738E-1,4.571493530E0,9.835147705E0
9.649897375E0,6.083349609E-1,4.462071075E0,1.102711899E1
9.659854375E0,3.305126953E-1,9.856253815E0,5.470074921E0
9.669812375E0,1.334175568E0,9.612261200E0,1.996099091E0
9.679769375E0,8.949888611E-1,3.805985413E0,7.159012756E0
9.689727375E0,4.888833618E-1,4.924609222E0,1.101050354E1
9.699684375E0,5.001100159E-1,9.690398712E0,7.941136322E0
9.709642375E0,-1.339714050E-1,4.289030914E0,1.052670959E1
9.719599375E0,-1.166075134E0,3.550466766E0,9.993817749E0
9.729556375E0,2.091151428E-1,8.147407379E0,4.293970642E0
9.739514375E0,6.695576477E-1,7.030430145E0,6.661597137E0
9.749471375E0,-2.766247559E-1,2.903212738E0,1.087234085E1
9.759429375E0,4.884342957E-1,6.408772888E0,9.554930420E0
9.769386375E0,1.582509155E0,7.649243317E0,7.505093079E0
9.779344375E0,1.227148132E0,5.732628937E0,5.875132599E0
9.789301375E0,1.427581329E0,4.325704651E0,5.283562775E0
9.799259375E0,1.918560333E0,8.808582458E0,3.800596619E0
9.809216375E0,1.002016296E0,6.199358368E0,6.126310272E0
9.819174375E0,-7.952961731E-1,3.627257080E0,1.088461533E1
9.829131375E0,-1.201251984E0,3.539090424E0,1.269240601E1
9.839088375E0,-3.281176758E-1,8.057893524E0,8.594826965E0
9.849046375E0,5.284011841E-1,7.057823181E0,8.522677002E0
9.859003375E0,6.634204102E-1,4.816983032E0,7.973169708E0
9.868961375E0,1.232237549E0,6.247558136E0,5.589376831E0
9.878918375E0,1.060993652E0,6.353687439E0,7.934849396E0
9.888876375E0,3.743714905E-1,5.826184387E0,8.225395203E0
9.898833375E0,6.155200195E-1,7.969577179E0,4.055815887E0
9.908791375E0,1.566193085E0,5.957910461E0,5.563780060E0
9.918748375E0,4.525090027E-1,2.361339569E0,9.324559479E0
9.928705375E0,-1.910028076E-1,5.541027374E0,6.125861206E0
9.938663375E0,-9.026229858E-2,6.340514832E0,8.335715790E0
9.948620375E0,-2.371069336E-1,6.487658844E0,1.120958954E1
9.958578375E0,1.273851013E-1,4.948110352E0,1.206865311E1
9.968535375E0,2.418969727E-1,7.964787140E0,9.628726959E0
9.978493375E0,5.595364380E-1,6.446344757E0,8.108638000E0
9.988450375E0,6.840774536E-2,6.835236053E0,5.580545197E0
9.998408375E0,4.311035156E-1,5.582790527E0,4.726121979E0
1.000836504E1,7.934999084E-1,5.819897461E0,3.370989990E0
1.001832204E1,1.614392853E0,4.375101929E0,6.865772552E0
1.002828004E1,7.222480774E-1,5.842500458E0,8.770561523E0
1.003823704E1,3.712280273E-2,5.341492310E0,1.180490158E1
1.004819504E1,5.101391602E-1,6.480773163E0,1.211745163E1
1.005815204E1,2.495310974E-1,8.013286285E0,8.543783112E0
1.006811004E1,3.649411011E-1,5.985004120E0,5.325924683E0
1.007806704E1,1.103505249E0,5.457351379E0,4.615052948E0
1.008802504E1,8.032296753E-1,4.616549835E0,8.411907349E0
1.009798204E1,-3.085084534E-1,6.210884399E0,8.629704437E0
1.010793904E1,-8.460406494E-1,5.717510376E0,6.559060364E0
1.011789704E1,-2.125579834E-2,6.556066589E0,6.484066315E0
1.012785404E1,3.917353821E-1,6.130501556E0,8.506660309E0
1.013781204E1,1.566791840E0,4.977000275E0,7.601043549E0
1.014776904E1,3.659889221E-1,6.214925995E0,8.170309753E0
1.015772704E1,-1.197509766E-3,7.178621979E0,9.304201813E0
1.016768404E1,-1.342707825E-1,3.535647583E0,1.137798935E1
1.017764204E1,2.239343262E-1,7.400011597E0,5.153632965E0
1.018759904E1,-2.700384521E-1,9.399852905E0,2.589165802E0
1.019755604E1,-6.179150391E-1,6.465654602E0,6.144871674E0
1.020751404E1,-1.220112762E0,3.922742615E0,8.087382202E0
1.021747104E1,-5.442681885E-1,6.937623138E0,8.341254272E0
1.022742904E1,2.008822632E-1,7.030879211E0,1.269046005E1
1.023738604E1,-1.893562317E-1,4.633764038E0,1.230216751E1
1.024734404E1,5.713618469E-1,6.258186035E0,5.162913666E0
1.025730104E1,8.342152405E-1,8.157436523E0,3.123704224E0
1.026725904E1,1.272354126E-2,7.042105865E0,4.355492706E0
1.027721604E1,1.012644196E0,2.828368378E0,5.335654449E0
1.028717304E1,1.771116943E0,4.943020935E0,6.704408112E0
1.029713104E1,1.116677856E-1,8.156089325E0,1.025921585E1
1.030708804E1,7.319778442E-1,6.379284210E0,1.417207901E1
1.031704604E1,8.303233337E-1,5.330864410E0,1.073193283E1
1.032700304E1,-6.885681152E-2,6.995253296E0,5.350773010E0
1.033696104E1,-1.362167358E-1,4.962031403E0,8.703051910E0
1.034691804E1,1.904040527E-1,6.941065979E0,5.913901978E0
1.035687604E1,-9.822573853E-1,3.300636292E0,6.611900482E0
1.036683304E1,2.917433167E-1,4.509522400E0,8.160879364E0
1.037679004E1,8.939410400E-1,7.916287994E0,7.297175446E0
1.038674804E1,1.280736694E0,7.130422211E0,5.478307800E0
1.039670504E1,1.473535767E0,3.141966248E0,8.047415314E0
1.040666304E1,1.807191925E0,7.043153687E0,6.708449707E0
1.041662004E1,9.104067993E-1,7.523504791E0,8.771908722E0
1.042657804E1,4.074526978E-1,6.243965607E0,1.032373169E1
1.043653504E1,2.005828857E-1,5.391039276E0,1.160850998E1
1.044649304E1,-3.803590393E-1,5.446124725E0,1.100376755E1
1.045645004E1,-3.200344849E-1,5.127287750E0,9.690249023E0
1.046640704E1,2.565664673E-1,6.997798004E0,5.182522888E0
1.047636504E1,-2.183958435E-1,8.255482635E0,2.242786102E0
1.048632204E1,6.682104492E-1,4.731810150E0,7.372618561E0
1.049628004E1,8.979826355E-1,6.499783630E0,6.414910126E0
1.050623704E1,1.184037781E-1,6.933880920E0,4.382736053E0
1.051619504E1,8.903485107E-1,5.805078278E0,5.605692902E0
1.052615204E1,5.493576050E-1,3.500470734E0,8.231532440E0
1.053611004E1,9.009764099E-1,6.548582153E0,4.795577545E0
1.054606704E1,1.413360901E0,5.600304108E0,9.290430450E0
1.055602504E1,1.125659180E-1,4.314178619E0,1.506422379E1
1.056598204E1,-5.287005615E-1,4.255800018E0,1.509655655E1
1.057593904E1,-7.201524353E-1,7.484585724E0,1.125105331E1
1.058589704E1,-1.182391205E0,8.221802673E0,8.635093231E0
1.059585404E1,-2.197430420E-1,6.183341675E0,2.527943115E0
1.060581204E1,8.280780029E-1,6.848408661E0,-1.728904724E-1
1.061576904E1,8.729846191E-1,6.289920044E0,2.226170654E0
1.062572704E1,5.221142578E-1,3.972439270E0,1.004590942E1
1.063568404E1,-2.866539001E-1,3.239413605E0,1.157453064E1
1.064564204E1,4.432283020E-1,5.946833496E0,1.068627777E1
1.065559904E1,-1.071771240E0,6.564598846E0,1.159728333E1
1.066555604E1,-9.229806519E-1,7.738757172E0,8.332272949E0
1.067551404E1,4.581971741E-1,5.990692291E0,4.484823761E0
1.068547104E1,1.073268127E0,6.334976349E0,5.151237946E0
1.069542904E1,-5.881269836E-1,5.798042908E0,7.718698883E0
1.070538604E1,7.970924377E-1,4.186344452E0,8.848549347E0
1.071534404E1,-8.711883545E-2,4.473597107E0,1.174607391E1
1.072530104E1,-1.623972931E0,7.620353394E0,8.499475250E0
1.073525904E1,-9.328601074E-1,6.933132477E0,6.977739716E0
1.074521604E1,-9.565109253E-2,5.783223724E0,5.015919342E0
1.075517304E1,-5.887257385E-1,5.217250671E0,7.295828247E0
1.076513104E1,1.294208679E0,7.204967194E0,5.532794495E0
1.077508804E1,1.986668701E0,7.531288605E0,5.438490601E0
1.078504604E1,5.728587341E-1,3.866759033E0,9.295370178E0
1.079500304E1,6.496490479E-1,5.672903137E0,9.627080383E0
1.080496104E1,6.828799438E-1,7.040309601E0,8.256231079E0
1.081491804E1,2.441423035E-1,5.007387085E0,9.415869598E0
1.082487604E1,6.502478027E-1,5.132377167E0,7.292834473E0
1.083483304E1,1.096918945E0,6.984775085E0,4.557273102E0
1.084479004E1,-1.101708984E-1,6.043532410E0,6.648873596E0
1.085474804E1,3.218307495E-2,4.344415741E0,8.451574860E0
1.086470504E1,-3.128494263E-2,6.237528992E0,9.337582397E0
1.087466304E1,4.025129700E-1,7.414681091E0,7.419920197E0
1.088462004E1,4.941224670E-1,6.782845001E0,7.085066528E0
1.089457804E1,7.996371460E-1,7.166646881E0,4.547094269E0
1.090453504E1,2.034269714E-1,6.215075684E0,3.892206116E0
1.091449304E1,1.410666504E0,4.906945953E0,6.652765503E0
1.092445004E1,6.608757019E-1,5.380710754E0,1.041698776E1
1.093440704E1,2.213896179E-1,4.903353424E0,1.285436920E1
1.094436504E1,9.376501465E-1,6.748266907E0,1.319700668E1
1.095432204E1,9.919871521E-1,7.595205688E0,9.487121429E0
1.096428004E1,1.117725677E0,5.390290833E0,5.976172485E0
1.097423704E1,1.886526947E0,4.490212555E0,6.033802643E0
1.098419504E1,9.830058289E-1,6.481371918E0,5.588329010E0
1.099415204E1,5.535488892E-1,5.928122406E0,3.636837158E0
1.100411004E1,1.278790741E0,5.692811737E0,5.145849152E0
1.101406729E1,1.395547943E0,8.469836884E0,8.237070923E0
1.102402529E1,9.473799133E-1,6.493347015E0,1.589290054E1
1.103398229E1,1.223256226E0,7.635172577E0,1.475227249E1
1.104393929E1,1.735940094E0,8.041577454E0,7.437134399E0
1.105389729E1,1.539249115E0,4.891378326E0,4.823269958E0
1.106385429E1,1.754800873E0,4.087250519E0,3.407813416E0
1.107381229E1,2.080673218E0,5.759273529E0,3.448977814E0
1.108376929E1,1.257834320E0,3.568878479E0,8.229885864E0
1.109372729E1,2.633024597E-1,4.349505157E0,9.369316406E0
1.110368429E1,1.164877625E0,7.984546051E0,8.268056488E0
1.111364229E1,1.291065216E0,5.999224548E0,9.111103363E0
1.112359929E1,1.139879608E0,5.620961151E0,7.023993530E0
1.113355629E1,9.538165283E-1,4.908293152E0,5.178930359E0
1.114351429E1,1.123264160E0,6.407575378E0,4.542453918E0
1.115347129E1,8.419990540E-1,3.266507263E0,1.034498749E1
1.116342929E1,1.113684082E0,2.927911377E0,1.261441818E1
1.117338629E1,1.584904175E0,5.998027039E0,1.393931305E1
1.118334429E1,8.786727905E-1,7.664960632E0,1.361403946E1
1.119330129E1,2.607577515E-1,9.343270569E0,6.813830566E0
1.120325929E1,2.423460388E-1,6.005511475E0,4.150868225E0
1.121321629E1,4.041595459E-1,4.769681396E0,5.188660126E0
1.122317329E1,1.036295013E0,6.919959869E0,1.695973206E0
1.123313129E1,8.102650452E-1,6.257587280E0,1.890119476E0
1.124308829E1,-4.320016479E-1,4.473447418E0,7.670050049E0
1.125304629E1,1.448986816E-1,2.296075287E0,1.563019684E1
1.126300329E1,5.433700562E-2,6.649921417E0,1.310524750E1
1.127296129E1,-5.641767883E-1,7.785160675E0,1.113459549E1
1.128291829E1,-2.433938599E-1,6.818770294E0,9.339528351E0
1.129287629E1,-1.511856079E-1,4.282743988E0,5.354365540E0
1.130283329E1,4.912783813E-1,6.396498413E0,3.085683289E0
1.131279129E1,3.526666260E-1,7.547604675E0,3.599864044E0
1.132274829E1,4.870870972E-1,3.807931366E0,6.070326691E0
1.133270529E1,6.484515381E-1,5.045108643E0,5.182373199E0
1.134266329E1,1.799258423E-1,6.754254456E0,6.701264648E0
1.135262029E1,-5.715115356E-1,3.478616180E0,1.310704376E1
1.136257829E1,-5.903723145E-1,5.343587952E0,1.105615860E1
1.137253529E1,-4.775070190E-2,7.946824493E0,9.287586365E0
1.138249329E1,-5.640270996E-1,7.008725281E0,8.672515411E0
1.139245029E1,-5.499563599E-1,6.474037170E0,6.659950562E0
1.140240829E1,-5.248086548E-1,7.515720978E0,4.307442627E0
1.141236529E1,2.993774414E-2,4.214186554E0,6.739734650E0
1.142232229E1,-6.792874146E-1,5.203329620E0,8.964109039E0
1.143228029E1,-5.635780334E-1,7.206913147E0,9.189689941E0
1.144223729E1,7.649093628E-2,2.902613983E0,1.190908493E1
1.145219529E1,-2.597099304E-1,6.458918610E0,6.592440948E0
1.146215229E1,5.595364380E-1,1.240036331E1,-3.782633972E-1
1.147211029E1,2.315684509E-1,7.482041016E0,2.200723572E0
1.148206729E1,1.769320679E-1,2.455044708E0,1.002480331E1
1.149202529E1,-6.825805664E-2,6.891069946E0,1.132739456E1
1.150198229E1,-1.460961914E-1,5.766458588E0,1.669283707E1
1.151193929E1,-1.180295563E0,4.678670654E0,1.538485703E1
1.152189729E1,-5.760021973E-1,7.218139801E0,4.766837311E0
1.153185429E1,1.526824951E-2,6.603667603E0,4.017046509E0
1.154181229E1,-2.640509033E-1,6.418203278E0,5.746100922E0
1.155176929E1,-4.201762390E-1,4.728067932E0,5.155878296E0
1.156172729E1,7.113208008E-1,6.982380066E0,4.535268860E0
1.157168429E1,-3.799099731E-1,4.981041870E0,6.063291321E0
1.158164229E1,-2.553689575E-1,3.864064636E0,7.733069000E0
1.159159929E1,5.351371765E-1,5.519172821E0,6.839427338E0
1.160155729E1,-7.361691284E-1,6.393504639E0,8.889414368E0
1.161151429E1,-4.840933228E-1,5.026696930E0,1.418016220E1
1.162147129E1,1.454974365E-1,7.684420166E0,1.096035782E1
1.163142929E1,-5.180726624E-1,8.982820129E0,6.303990784E0
1.164138629E1,-8.921447754E-2,7.056625671E0,6.204597473E0
1.165134429E1,-6.427633667E-1,4.148622894E0,5.839806061E0
1.166130129E1,-8.089178467E-1,4.892575836E0,5.495222626E0
1.167125929E1,-1.095721436E-1,4.508324890E0,7.198979645E0
1.168121629E1,-1.071771240E-1,5.023254089E0,9.475745087E0
1.169117429E1,7.074288940E-1,6.158643036E0,1.077040283E1
1.170113129E1,2.751278687E-1,6.864724731E0,7.955057373E0
1.171108829E1,1.411564636E-1,5.620811462E0,7.757468262E0
1.172104629E1,-2.634521484E-2,7.487878876E0,5.079087982E0
1.173100329E1,-2.553689575E-1,7.412136383E0,3.463347931E0
1.174096129E1,7.271878052E-1,2.532284088E0,8.033194885E0
1.175091829E1,1.228645020E0,4.787644043E0,8.383765869E0
1.176087629E1,6.971003723E-1,7.180567932E0,8.473429413E0
1.177083329E1,4.034111023E-1,2.979553986E0,1.372376129E1
1.178079129E1,1.207987976E-1,7.461982727E0,1.044078827E1
1.179074829E1,2.395019531E-1,8.848399658E0,8.083190918E0
1.180070629E1,1.893562317E-1,6.206543427E0,7.156018982E0
1.181066329E1,3.103047180E-1,4.590204620E0,3.840264130E0
1.182062029E1,9.969268799E-2,4.553530884E0,5.504503326E0
1.183057829E1,1.009351044E0,7.224426727E0,5.818550262E0
1.184053529E1,-2.990780640E-1,7.086264038E0,8.916807404E0
1.185049329E1,-1.606159973E-1,4.455185394E0,1.034199371E1
1.186045029E1,1.345851288E0,7.354655914E0,8.752598877E0
1.187040829E1,1.078058167E0,7.502847748E0,6.844217377E0
1.188036529E1,1.252146149E0,6.470294952E0,5.139562225E0
1.189032329E1,1.808239746E-1,2.500999146E0,9.360634460E0
1.190028029E1,1.152603149E-2,5.004393311E0,8.239166565E0
1.191023829E1,-8.442443848E-2,5.838159485E0,9.828860779E0
1.192019529E1,9.469308472E-1,8.888516235E0,7.061565399E0
1.193015229E1,1.300495605E0,8.945847015E0,4.401596832E0
1.194011029E1,1.241967316E0,5.297633514E0,6.700665894E0
1.195006729E1,1.242266693E0,7.381150818E0,6.486161957E0
1.196002529E1,4.888833618E-1,5.557642822E0,9.628876648E0
1.196998229E1,3.381468201E-1,2.192790070E0,1.170685547E1
1.197994029E1,5.405259705E-1,5.341043243E0,7.153174896E0
1.198989729E1,4.710704041E-1,7.937244415E0,6.319857788E0
1.199985529E1,-6.242019653E-2,5.300926666E0,9.243577881E0
1.200981229E1,-1.425036621E-1,3.270399170E0,1.198662369E1
1.201976929E1,8.855584717E-1,5.016069031E0,1.123877884E1
1.202972729E1,1.044378204E0,6.592440948E0,8.896150360E0
1.203968429E1,1.467548218E0,9.311686249E0,4.891228638E0
1.204964229E1,5.325924683E-1,6.150110779E0,4.664899292E0
1.205959929E1,8.842112732E-1,5.661676483E0,4.435576172E0
1.206955729E1,9.681866455E-1,8.856931915E0,3.100502472E0
1.207951429E1,-2.523751831E-1,4.969366150E0,6.511159973E0
1.208947229E1,9.012757874E-1,4.091591492E0,6.777755585E0
1.209942929E1,8.623567200E-1,5.551206207E0,7.764653320E0
1.210938729E1,-1.589694214E-1,5.213658142E0,1.104283630E1
1.211934429E1,-8.913963318E-1,4.521946564E0,1.231309479E1
1.212930129E1,-9.845027161E-1,7.058421936E0,9.558373260E0
1.213925929E1,-6.783892822E-1,8.208181000E0,9.240284729E0
1.214921629E1,-8.631051636E-1,7.805668030E0,5.824986877E0
1.215917429E1,1.752854919E-1,4.741090851E0,4.148173828E0
1.216913129E1,1.560953979E0,5.194497986E0,6.107449493E0
1.217908929E1,6.322851562E-1,5.912255402E0,8.817264404E0
1.218904629E1,2.742297363E-1,4.883444824E0,1.122036713E1
1.219900429E1,1.202299805E0,6.633455658E0,7.685767365E0
1.220896129E1,1.173110504E0,8.702453156E0,4.904101868E0
1.221891929E1,1.100960541E0,6.444698181E0,5.029241638E0
1.222887629E1,1.463955688E0,6.070476379E0,4.394411774E0
1.223883329E1,1.346450043E0,5.890700226E0,7.682174835E0
1.224879129E1,7.936495972E-1,5.812712402E0,9.711804199E0
1.225874829E1,-3.418890381E-1,2.860401764E0,1.246862137E1
1.226870629E1,4.688250732E-1,6.090235291E0,8.981772308E0
1.227866329E1,1.659000092E0,8.423882446E0,6.223907318E0
1.228862129E1,1.584006042E0,7.148534546E0,7.078180847E0
1.229857829E1,1.090332642E0,4.626429291E0,7.697892151E0
1.230853629E1,2.009421387E0,5.423072662E0,7.291936340E0
1.231849329E1,1.525028687E0,5.056035919E0,9.970915375E0
1.232845129E1,1.010249176E0,6.303242340E0,8.315358124E0
1.233840829E1,1.075363770E0,5.484744415E0,7.433990936E0
1.234836529E1,1.008452911E0,5.369334412E0,8.421487427E0
1.235832329E1,6.845265198E-1,6.026916962E0,7.879763947E0
1.236828029E1,1.392404480E0,6.905140686E0,6.251000977E0
1.237823829E1,2.085313568E0,4.339476013E0,6.163732452E0
1.238819529E1,1.455273743E0,3.885320435E0,9.735754395E0
1.239815329E1,1.177601166E0,4.383484497E0,1.188618256E1
1.240811029E1,8.198451233E-1,7.826025696E0,8.208779755E0
1.241806829E1,6.010002136E-1,7.510481873E0,6.513405304E0
1.242802529E1,3.921844482E-2,5.032983856E0,9.093739471E0
1.243798229E1,8.080197144E-1,9.003926239E0,3.070864105E0
1.244794029E1,7.481442261E-1,5.992638245E0,4.858147430E0
1.245789729E1,5.376818848E-1,4.345014496E0,6.843169556E0
1.246785529E1,1.796264648E-1,5.710325317E0,9.865983582E0
1.247781229E1,1.177451477E0,4.749473419E0,1.210008774E1
1.248777029E1,1.111738129E0,7.192393341E0,1.013796799E1
1.249772729E1,1.203796692E0,5.833369446E0,9.039252777E0
1.250768529E1,9.997709656E-1,3.473077698E0,1.090033264E1
1.251764229E1,1.057101746E0,6.253845062E0,6.440207520E0
1.252760029E1,-3.472778320E-1,8.782536621E0,5.280119934E0
1.253755729E1,-2.050735474E-2,5.135071564E0,7.062463531E0
1.254751429E1,2.354603577E-1,7.496111755E0,3.370540924E0
1.255747229E1,5.712121582E-1,7.626790009E0,1.909279633E0
1.256742929E1,1.830693054E-1,2.145189056E0,9.860744476E0
1.257738729E1,1.178349609E0,5.871839447E0,1.017838394E1
1.258734429E1,1.611698456E0,7.147786102E0,8.884474640E0
1.259730229E1,9.936337280E-1,5.614973602E0,8.597221985E0
1.260725929E1,5.291496277E-1,5.460045776E0,5.850134583E0
1.261721729E1,2.836601257E-1,8.204289093E0,4.009562073E0
1.262717429E1,8.946894836E-1,5.093907166E0,1.053778656E1
1.263713229E1,7.355703735E-1,5.796695709E0,1.392389511E1
1.264708929E1,5.134323120E-1,4.326153717E0,1.230650848E1
1.265704629E1,9.678872681E-1,6.851851501E0,5.891298981E0
1.266700429E1,9.698332214E-1,5.779481506E0,2.210303650E0
1.267696129E1,3.712280273E-2,9.765093384E0,-1.783541107E0
1.268691929E1,3.107537842E-1,5.509443054E0,3.185675354E0
1.269687629E1,3.122506714E-1,3.204087067E0,1.176493469E1
1.270683429E1,-7.481442261E-1,7.739954681E0,1.721225693E1
1.271679129E1,1.059646454E0,6.977140961E0,1.559786407E1
1.272674929E1,1.149010620E0,4.695735168E0,9.165440369E0
1.273670629E1,4.685256958E-2,5.947731628E0,3.192860413E-1
1.274666429E1,3.688330078E-1,8.187673645E0,-1.448986816E0
1.275662129E1,-1.307081909E0,5.712271271E0,3.509901123E0
1.276657829E1,-1.139879608E0,3.031046906E0,1.027253815E1
1.277653629E1,8.128097534E-1,5.330864410E0,1.185759201E1
1.278649329E1,3.592529297E-2,6.397246857E0,1.450259171E1
1.279645129E1,3.665876770E-1,8.353379059E0,9.980944519E0
1.280640829E1,-4.340972900E-2,7.522606659E0,4.856201477E0
1.281636629E1,-1.989363098E-1,3.630550232E0,5.153483276E0
1.282632329E1,-2.487826538E-1,6.143524475E0,6.054759064E0
1.283628129E1,-1.320254517E-1,7.795339508E0,5.265899506E0
1.284623829E1,-4.921765137E-1,3.716471558E0,1.117276611E1
1.285619529E1,-1.913021851E-1,4.755760345E0,1.221774307E1
1.286615329E1,-4.822970581E-1,9.215735779E0,8.807235260E0
1.287611029E1,-1.748364258E-1,6.745572510E0,6.465953979E0
1.288606829E1,-2.005828857E-2,5.015769653E0,4.693340149E0
1.289602529E1,-8.750802612E-1,5.535039825E0,7.281009064E0
1.290598329E1,-2.799179077E-2,5.914500732E0,8.896749115E0
1.291594029E1,-1.438508606E-1,6.026916962E0,8.682095490E0
1.292589829E1,6.734495544E-1,3.320395203E0,9.504635010E0
1.293585529E1,8.997789001E-1,8.381520538E0,4.902754669E0
1.294581329E1,-9.295669556E-2,9.213041382E0,4.245471497E0
1.295577029E1,1.975891113E-2,3.137475586E0,9.918973389E0
1.296572729E1,5.348377991E-1,4.680915985E0,9.894873505E0
1.297568529E1,-1.417552185E-1,6.159092102E0,1.150342850E1
1.298564229E1,-6.256988525E-2,4.664150848E0,1.231339417E1
1.299560029E1,4.815486145E-1,6.077811127E0,5.494623871E0
1.300555729E1,1.270408173E0,8.878936157E0,-9.909393311E-2
1.301551612E1,3.576063538E-1,3.593577118E0,6.706354065E0
1.302547312E1,5.222639465E-1,4.897365875E0,8.384813690E0
1.303543112E1,4.863386536E-1,5.974675598E0,8.859626312E0
1.304538812E1,5.659730530E-1,4.436025238E0,1.284134628E1
1.305534612E1,-2.338137817E-1,8.599766693E0,8.085286560E0
1.306530312E1,2.942880249E-1,7.126679993E0,5.819897461E0
1.307526012E1,5.626799011E-1,6.132148132E0,6.873256989E0
1.308521812E1,-9.430389404E-2,5.329068146E0,7.649093628E0
1.309517512E1,1.122665405E-1,4.203558655E0,9.596543884E0
1.310513312E1,4.987628174E-1,6.459517365E0,6.666836243E0
1.311509013E1,1.234333191E0,5.362149353E0,6.387666779E0
1.312504812E1,1.276395721E0,4.746629333E0,8.378826141E0
1.313500512E1,7.976911926E-1,8.290060730E0,6.781198425E0
1.314496312E1,4.174818420E-1,7.483837280E0,7.895331573E0
1.315492012E1,7.493417358E-1,4.250411224E0,9.705517273E0
1.316487812E1,1.112336884E0,5.287454681E0,7.602091370E0
1.317483512E1,1.032403107E0,7.200775909E0,7.488028564E0
1.318479212E1,-1.824705505E-1,4.845124512E0,1.001088226E1
1.319475012E1,3.046165466E-1,5.082680511E0,9.496252441E0
1.320470712E1,6.319857788E-1,6.653364258E0,6.149961090E0
1.321466513E1,1.057550812E0,7.672145691E0,5.405559082E0
1.322462212E1,1.233584747E0,8.349936218E0,5.277575226E0
1.323458012E1,-1.209484863E-1,5.249284058E0,9.966724091E0
1.324453712E1,-7.274871826E-2,3.499871979E0,1.245380219E1
1.325449512E1,6.249504089E-1,7.537725220E0,7.798932037E0
1.326445212E1,1.180295563E0,7.939938812E0,4.427343292E0
1.327441012E1,1.913171539E0,6.034102020E0,3.355871429E0
1.328436712E1,1.588945770E0,6.493646393E0,1.559307404E0
1.329432512E1,2.011816406E-1,4.853357391E0,9.346563721E0
1.330428212E1,-6.628216553E-1,4.798122253E0,1.368304596E1
1.331423913E1,-5.580395508E-1,5.322332153E0,1.236548584E1
1.332419712E1,-2.362088013E-1,7.710915070E0,6.378086700E0
1.333415412E1,6.271957397E-1,7.591313782E0,2.765199738E0
1.334411212E1,1.222058716E0,4.957840118E0,2.187850342E0
1.335406912E1,9.342073059E-1,3.789369965E0,7.664212189E0
1.336402712E1,1.181493073E0,5.109923859E0,1.069421127E1
1.337398412E1,-5.682183838E-1,4.332590332E0,1.364712067E1
1.338394212E1,-2.374063110E-1,8.987909546E0,8.905880127E0
1.339389912E1,1.273851013E-1,8.925339661E0,5.564827881E0
1.340385712E1,5.444178772E-1,4.469854889E0,7.702532501E0
1.341381413E1,8.164022827E-1,7.102280731E0,6.263275452E0
1.342377112E1,9.731263733E-1,5.979914703E0,7.057972870E0
1.343372912E1,5.179229736E-2,3.175346832E0,9.602381744E0
1.344368612E1,-5.484594727E-1,5.261558533E0,8.519533539E0
1.345364412E1,-7.072792053E-1,7.802674255E0,8.203091583E0
1.346360112E1,-1.796264648E-3,5.746849365E0,9.068741455E0
1.347355912E1,1.842668152E-1,7.366481323E0,6.740034027E0
1.348351613E1,3.168910217E-1,7.469317474E0,5.734724579E0
1.349347412E1,7.066804504E-1,4.569996643E0,7.203170929E0
1.350343112E1,-4.076023865E-1,5.597759399E0,7.553741913E0
1.351338913E1,-1.528321838E-1,4.075425110E0,1.044557831E1
1.352334612E1,-4.050576782E-1,5.983357544E0,9.314829712E0
1.353330312E1,2.279759216E-1,6.551426239E0,8.222251740E0
1.354326112E1,6.674620056E-1,5.695805511E0,7.808063049E0
1.355321812E1,1.190025330E0,6.331832886E0,5.232818298E0
1.356317612E1,6.021977234E-1,4.655618591E0,7.245981903E0
1.357313312E1,-1.181044006E-1,5.674250336E0,9.256750488E0
1.358309113E1,-6.393205261E-1,4.748874664E0,9.586963806E0
1.359304812E1,-1.697470093E-1,5.823190613E0,8.359516296E0
1.360300612E1,5.737568665E-1,6.732549591E0,7.397317200E0
1.361296312E1,2.508782959E-1,6.427483978E0,7.026388550E0
1.362292112E1,-3.668870544E-1,4.472249908E0,8.944499817E0
1.363287812E1,-2.613565063E-1,6.918163605E0,8.011340332E0
1.364283512E1,1.676513672E-2,5.973029022E0,9.117689667E0
1.365279312E1,4.450245667E-1,6.826254730E0,7.194938049E0
1.366275012E1,1.105151825E0,8.301586761E0,3.994443512E0
1.367270812E1,2.998265076E-1,6.965315552E0,6.369255066E0
1.368266513E1,1.936972046E-1,2.939886475E0,1.016745667E1
1.369262312E1,6.520440674E-1,5.285209351E0,8.866212616E0
1.370258012E1,1.749861145E0,6.867119751E0,6.614594879E0
1.371253812E1,2.089055786E0,6.717580719E0,7.156767426E0
1.372249512E1,9.681866455E-1,5.750591583E0,7.842790833E0
1.373245312E1,6.503974915E-1,6.297254791E0,8.193661194E0
1.374241012E1,8.644523621E-1,4.518054657E0,1.077713882E1
1.375236713E1,6.674620056E-1,7.970026245E0,8.112679596E0
1.376232512E1,8.725355530E-1,5.634732513E0,7.110363922E0
1.377228212E1,8.616082764E-1,5.064717865E0,5.640420685E0
1.378224013E1,-7.634124756E-3,7.765551453E0,4.427043915E0
1.379219712E1,4.026626587E-2,5.563929749E0,6.913523254E0
1.380215512E1,-4.999603271E-2,6.330186310E0,6.894812164E0
1.381211212E1,-3.483256531E-1,7.298372955E0,6.555467834E0
1.382207012E1,-9.271719360E-1,5.321134644E0,1.017389328E1
1.383202712E1,-1.115480347E0,4.562961273E0,1.201476517E1
1.384198512E1,-4.580474854E-1,5.278473358E0,9.179211731E0
1.385194213E1,5.957611084E-1,6.773264923E0,7.009473724E0
1.386189912E1,-1.983375549E-1,8.089627533E0,6.673272858E0
1.387185712E1,5.686674500E-1,7.428452454E0,4.883145447E0
1.388181412E1,8.077203369E-1,3.932622070E0,7.540419617E0
1.389177212E1,1.215472412E0,7.153324585E0,6.375242615E0
1.390172912E1,6.156697083E-1,6.089037781E0,7.167545013E0
1.391168712E1,-1.122665405E-1,5.096751251E0,8.119864655E0
1.392164412E1,-5.144801331E-1,4.682562561E0,1.069495972E1
1.393160212E1,2.157014465E-1,7.029681702E0,1.068642746E1
1.394155912E1,1.682501221E-1,6.464457092E0,1.017913239E1
1.395151713E1,1.220861206E0,5.882916412E0,7.563471680E0
1.396147412E1,7.409591675E-1,5.464087372E0,7.178322601E0
1.397143112E1,8.652008057E-2,6.552324371E0,4.946463776E0
1.398138912E1,1.174607391E0,5.209167480E0,5.615722046E0
1.399134612E1,1.889371033E0,4.743186493E0,8.102949829E0
1.400130412E1,7.253915405E-1,7.089856567E0,8.019423523E0
1.401126112E1,8.943901062E-1,7.994425507E0,7.658374329E0
1.402121854E1,-1.489402771E-1,4.034111023E0,1.132380203E1
1.403117554E1,-4.393363953E-1,5.498815155E0,7.541018372E0
1.404113354E1,1.273851013E-1,6.969656525E0,6.054609375E0
1.405109054E1,4.147874451E-1,6.208639069E0,9.320517883E0
1.406104854E1,4.104464722E-1,7.118447113E0,7.342082062E0
1.407100554E1,1.936373291E0,4.278852081E0,7.759414215E0
1.408096354E1,1.463656311E0,5.610333252E0,8.327183533E0
1.409092054E1,8.071215820E-1,5.846841431E0,7.843838654E0
1.410087754E1,1.057550812E0,7.174131317E0,4.742138672E0
1.411083554E1,1.375190277E0,5.736670532E0,4.195325775E0
1.412079254E1,8.824150085E-1,4.412973175E0,7.009473724E0
1.413075054E1,8.261320496E-1,5.874084778E0,8.277037811E0
1.414070754E1,1.718725891E0,4.991819458E0,1.167811523E1
1.415066554E1,9.207353210E-1,5.522316284E0,1.075423645E1
1.416062254E1,8.460406494E-1,7.119944000E0,8.908275146E0
1.417058054E1,1.345252533E0,7.389234009E0,7.431146851E0
1.418053754E1,3.595523071E-1,4.762945404E0,7.869884491E0
1.419049554E1,6.628216553E-1,6.743776245E0,4.641398163E0
1.420045254E1,4.342469788E-1,6.507417755E0,6.190676422E0
1.421040954E1,3.821553040E-1,5.971382446E0,6.033203888E0
1.422036754E1,8.556207275E-1,2.454595642E0,9.106463013E0
1.423032454E1,1.877695312E0,5.301076355E0,1.010473709E1
1.424028254E1,1.351240082E0,8.199648743E0,9.637857971E0
1.425023954E1,1.982926483E0,7.776628418E0,7.469317474E0
1.426019754E1,5.557942200E-1,4.156107330E0,7.635471954E0
1.427015454E1,8.744815063E-1,6.424340515E0,6.158343658E0
1.428011254E1,-9.280700684E-2,5.289550323E0,8.800948334E0
1.429006954E1,-5.854325867E-1,3.652255096E0,9.478289795E0
1.430002754E1,-7.694000244E-2,4.752467194E0,8.903185730E0
1.430998454E1,3.279679871E-1,7.176376648E0,7.530240784E0
1.431994254E1,3.429368591E-1,6.086792450E0,8.353678436E0
1.432989954E1,3.760180664E-1,6.725514221E0,5.754782867E0
1.433985654E1,6.276448059E-1,7.158414001E0,4.182602234E0
1.434981454E1,7.147636414E-1,5.678591309E0,8.012388153E0
1.435977154E1,-1.134640503E-1,6.203250275E0,1.012719040E1
1.436972954E1,8.035290527E-1,5.025798798E0,8.636889496E0
1.437968654E1,1.094224548E0,5.625451813E0,9.306896210E0
1.438964454E1,1.692979431E-1,9.575587463E0,5.838608551E0
1.439960154E1,3.754193115E-1,5.115911407E0,7.586673431E0
1.440955954E1,9.662406921E-1,3.763922882E0,7.783514099E0
1.441951654E1,1.009949799E0,6.187383270E0,8.446335754E0
1.442947454E1,1.384171600E0,8.006999359E0,7.951614532E0
1.443943154E1,3.809577942E-1,6.871011658E0,5.633684692E0
1.444938854E1,4.119433594E-1,3.686982880E0,7.516319733E0
1.445934654E1,-1.933978271E-1,4.641098785E0,8.370293884E0
1.446930354E1,-2.993774414E-2,7.991731110E0,6.143823853E0
1.447926154E1,-4.134402466E-1,5.970184937E0,9.772877197E0
1.448921854E1,-8.681945801E-2,5.436394958E0,8.571774902E0
1.449917654E1,1.136736145E0,8.068820801E0,5.909710693E0
1.450913354E1,1.577868805E0,6.648125153E0,8.296048279E0
1.451909154E1,1.363364868E0,6.061794434E0,7.636819153E0
1.452904854E1,2.897973633E-1,3.801195374E0,9.875563660E0
1.453900654E1,2.350112915E-1,4.317771149E0,7.983947296E0
1.454896354E1,-9.460327148E-2,7.220235443E0,5.502707062E0
1.455892154E1,-3.203338623E-2,5.981860657E0,6.510561218E0
1.456887854E1,7.692503357E-1,5.809568939E0,7.788304138E0
1.457883554E1,4.113446045E-1,6.660998383E0,9.147178345E0
1.458879354E1,5.358856201E-2,7.918832703E0,7.249125366E0
1.459875054E1,5.619314575E-1,6.621779938E0,7.671546936E0
1.460870854E1,5.284011841E-1,4.849914551E0,7.584278412E0
1.461866554E1,1.068927155E0,4.848267975E0,7.625742188E0
1.462862354E1,5.773493958E-1,5.763165436E0,7.258855133E0
1.463858054E1,-1.083746338E-1,6.146518250E0,7.973169708E0
1.464853854E1,3.131488037E-1,5.133724365E0,8.043822784E0
1.465849554E1,7.385641479E-1,6.120622101E0,9.183702393E0
1.466845354E1,8.173004150E-1,6.397995300E0,8.525072021E0
1.467841054E1,1.591191101E-1,7.078330536E0,5.803132324E0
1.468836754E1,7.732919312E-1,5.356461182E0,6.725813599E0
1.469832554E1,2.435435486E-1,4.294120331E0,1.040710831E1
1.470828254E1,3.454815674E-1,5.463488617E0,8.011490021E0
1.471824054E1,2.875520325E-1,5.934109955E0,8.936865692E0
1.472819754E1,2.389031982E-1,5.961502991E0,9.384884033E0
1.473815554E1,3.772155762E-1,6.178401947E0,7.248227234E0
1.474811254E1,1.239721985E0,6.073919220E0,5.781427460E0
1.475807054E1,4.983137512E-1,5.749693451E0,5.022954712E0
1.476802754E1,-2.035766602E-1,5.478307800E0,6.305936737E0
1.477798554E1,1.193019104E-1,5.854026489E0,8.938063202E0
1.478794254E1,3.903881836E-1,5.295388184E0,1.075483521E1
1.479790054E1,1.032253418E0,6.338718567E0,1.039468414E1
1.480785754E1,1.457668762E0,7.051985321E0,9.075776825E0
1.481781454E1,9.418414307E-1,5.685926056E0,8.720266113E0
1.482777254E1,2.661465454E-1,5.227429504E0,7.715405731E0
1.483772954E1,2.906954956E-1,6.889573059E0,5.706134033E0
1.484768754E1,6.177653503E-1,4.919070740E0,5.342989197E0
1.485764454E1,4.432283020E-1,4.944517822E0,4.767436066E0
1.486760254E1,2.932402039E-1,5.751340027E0,5.871240692E0
1.487755954E1,-1.541793823E-1,5.873785400E0,9.377399597E0
1.488751754E1,4.302053833E-1,6.102809143E0,1.006447083E1
1.489747454E1,8.355624390E-1,8.194559326E0,8.303532715E0
1.490743254E1,1.592388611E0,5.015919342E0,1.029184799E1
1.491738954E1,8.680448914E-1,5.575605469E0,6.546037445E0
1.492734654E1,1.118623810E0,7.891739044E0,3.914509735E0
1.493730454E1,4.471202087E-1,4.254752197E0,9.557175751E0
1.494726154E1,3.547622681E-2,5.049599304E0,9.539362793E0
1.495721954E1,-5.529501343E-1,7.028783569E0,8.014034729E0
1.496717654E1,-3.341052246E-1,5.173541565E0,8.612789612E0
1.497713454E1,-5.409750366E-1,9.068142700E0,4.965474243E0
1.498709154E1,6.020480347E-1,7.447013855E0,3.967948608E0
1.499704954E1,3.650907898E-1,3.298540649E0,9.713301086E0
1.500700654E1,-3.585044861E-1,5.737718353E0,1.202135147E1
1.501696429E1,8.071215820E-1,6.291865997E0,1.031160690E1
1.502692129E1,4.790039062E-1,6.161187744E0,8.449479218E0
1.503687929E1,1.498384094E-1,5.555547180E0,6.375991058E0
1.504683629E1,4.331991577E-1,8.159382477E0,3.903732147E0
1.505679329E1,-1.341210938E-1,3.883673859E0,6.742878113E0
1.506675129E1,-1.456471252E0,4.868176575E0,6.769822083E0
1.507670829E1,-6.770420837E-1,5.660478973E0,7.833959198E0
1.508666629E1,1.047821045E-1,6.948849792E0,8.678353271E0
1.509662329E1,3.719764709E-1,5.092559967E0,9.238937531E0
1.510658129E1,3.144960022E-1,4.291575623E0,1.049557434E1
1.511653829E1,-3.282673645E-1,6.803801422E0,9.178463287E0
1.512649629E1,-5.718109131E-2,7.555538177E0,6.670578461E0
1.513645329E1,8.786727905E-2,5.167254639E0,3.541335754E0
1.514641129E1,-4.287084961E-1,6.070177002E0,2.940185852E0
1.515636829E1,6.780899048E-2,5.903423767E0,3.166365509E0
1.516632529E1,-3.475772095E-1,2.304158478E0,1.336361023E1
1.517628329E1,-1.822310486E0,4.848717041E0,1.564232162E1
1.518624029E1,-5.513035583E-1,8.504564667E0,1.312725174E1
1.519619829E1,4.011657715E-1,8.133636017E0,9.907447357E0
1.520615529E1,7.973918152E-1,7.043303375E0,4.975802765E0
1.521611329E1,4.278103638E-1,6.486311646E0,4.584217072E0
1.522607029E1,6.833290100E-1,3.930077362E0,7.434140625E0
1.523602829E1,-1.055305481E-1,7.371271362E0,6.580465851E0
1.524598529E1,-8.680448914E-1,7.788154449E0,7.258855133E0
1.525594329E1,-2.646496582E-1,3.963008881E0,7.810009003E0
1.526590029E1,-2.764750671E-1,4.526437225E0,7.988587646E0
1.527585829E1,-6.730004883E-1,6.763535156E0,9.391620026E0
1.528581529E1,-3.884422302E-1,5.944438477E0,6.890770569E0
1.529577229E1,-1.085243225E-1,5.270090790E0,7.244185638E0
1.530573029E1,-9.699829102E-2,6.840624847E0,7.279512177E0
1.531568729E1,-2.465373230E-1,5.012177124E0,8.800948334E0
1.532564529E1,-2.171983337E-1,6.287225647E0,7.452851715E0
1.533560229E1,3.847000122E-2,6.507417755E0,6.153553619E0
1.534556029E1,-3.005749512E-1,5.120551758E0,6.373146973E0
1.535551729E1,-9.648934937E-1,4.957540741E0,6.872807922E0
1.536547529E1,-1.056353302E0,6.468348999E0,6.392606506E0
1.537543229E1,-1.057850189E0,6.089935913E0,8.620573425E0
1.538539029E1,-8.053253174E-1,5.157824249E0,9.304650879E0
1.539534729E1,-4.725672913E-1,5.631738739E0,8.263266449E0
1.540530529E1,-3.962260437E-1,5.672154694E0,8.638985138E0
1.541526229E1,-4.574487305E-1,4.722978516E0,8.854985962E0
1.542521929E1,7.500901794E-1,5.464087372E0,8.275989990E0
1.543517729E1,8.906478882E-1,7.760462036E0,7.300318909E0
1.544513429E1,-3.189866638E-1,6.113137665E0,6.995253296E0
1.545509229E1,-1.877096558E-1,5.819598083E0,8.568781128E0
1.546504929E1,1.496887207E-3,7.041956177E0,8.774752808E0
1.547500729E1,-1.122665405E-2,3.943399658E0,1.129670837E1
1.548496429E1,8.241860962E-1,6.777605896E0,8.732839966E0
1.549492229E1,4.143383789E-1,7.385491791E0,7.331753540E0
1.550487929E1,5.848338318E-1,5.799839172E0,7.086862793E0
1.551483729E1,-5.718109131E-2,4.878355408E0,5.738766174E0
1.552479429E1,7.325765991E-1,6.191275177E0,4.992118835E0
1.553475229E1,6.592291260E-1,7.392377472E0,6.553372192E0
1.554470929E1,1.886077881E-2,6.579418030E0,8.102201385E0
1.555466629E1,6.348298645E-1,5.260361023E0,9.003028107E0
1.556462429E1,4.936734009E-1,5.330265656E0,8.193661194E0
1.557458129E1,4.724176025E-1,5.164709930E0,8.224048004E0
1.558453929E1,1.168470154E0,5.060077515E0,8.773255920E0
1.559449629E1,1.360371094E0,6.220913544E0,7.316784668E0
1.560445429E1,1.075513458E0,7.330705719E0,8.015531616E0
1.561441129E1,4.210743713E-1,6.491550751E0,7.895780640E0
1.562436929E1,3.098556519E-1,5.984704742E0,5.465883636E0
1.563432629E1,9.518705750E-1,8.464597778E0,3.009192352E0
1.564428429E1,-2.264790344E-1,7.344477081E0,6.731651459E0
1.565424129E1,-3.433859253E-1,4.625680847E0,1.003153931E1
1.566419929E1,6.706054688E-1,6.683002625E0,7.323071594E0
1.567415629E1,1.709445190E0,4.264332275E0,1.226294907E1
1.568411329E1,7.360194397E-1,6.258485413E0,1.078716797E1
1.569407129E1,4.306544495E-1,4.781506805E0,8.844507751E0
1.570402829E1,9.560618591E-1,6.326743469E0,6.074517975E0
1.571398629E1,3.032693481E-1,7.713759155E0,7.001390533E0
1.572394329E1,8.345146179E-1,6.912176056E0,6.779701538E0
1.573390129E1,9.472302246E-1,6.072721710E0,5.617667999E0
1.574385829E1,1.301992493E0,4.602030029E0,6.596183167E0
1.575381629E1,7.129673767E-1,5.698649597E0,7.634873199E0
1.576377329E1,7.729925537E-1,6.070177002E0,6.222111053E0
1.577373129E1,1.118025055E0,2.932402039E0,1.148711243E1
1.578368829E1,5.363346863E-1,5.581742706E0,1.070019882E1
1.579364629E1,-2.158511353E-1,6.634802856E0,1.084854034E1
1.580360329E1,3.260220337E-1,6.634802856E0,6.849606171E0
1.581356029E1,6.023474121E-1,5.367388458E0,5.760620728E0
1.582351829E1,6.963519287E-1,4.630770264E0,8.458310852E0
1.583347529E1,9.366023254E-1,8.034841461E0,7.044201508E0
1.584343329E1,1.369053040E0,6.069877625E0,5.859564972E0
1.585339029E1,8.599617004E-1,4.462969208E0,5.607638855E0
1.586334829E1,1.233734436E0,6.159241791E0,4.799469452E0
1.587330529E1,9.855505371E-1,4.622238007E0,1.022867935E1
1.588326329E1,3.640429688E-1,5.154231720E0,1.246787292E1
1.589322029E1,2.213896179E-1,7.002438354E0,1.136840927E1
1.590317829E1,1.125210114E0,8.484207001E0,8.844208374E0
1.591313529E1,4.569996643E-1,7.506589966E0,6.478677521E0
1.592309329E1,-3.023712158E-2,4.380341034E0,5.481750641E0
1.593305029E1,-3.082090759E-1,3.995940399E0,6.294111328E0
1.594300729E1,1.031355286E-1,5.499862976E0,5.253475342E0
1.595296529E1,-3.454815674E-1,5.364544373E0,7.785460052E0
1.596292229E1,7.032376099E-1,4.197122040E0,9.884544983E0
1.597288029E1,1.412911835E0,5.782924347E0,1.113324829E1
1.598283729E1,6.854246521E-1,7.677833862E0,9.530830536E0
1.599279529E1,9.147477722E-1,7.637567596E0,7.649842072E0
1.600275229E1,8.509803772E-1,6.200705566E0,6.387217712E0
1.601271029E1,6.182144165E-1,5.047353973E0,6.353837128E0
1.602266779E1,1.140328674E0,6.049819336E0,4.661306763E0
1.603262579E1,5.167254639E-1,5.790109406E0,4.789440308E0
1.604258279E1,-2.336640930E-1,3.047961731E0,1.114911530E1
1.605254079E1,-1.598675537E-1,4.492757263E0,1.362781082E1
1.606249779E1,7.821235657E-1,6.830296326E0,1.041593994E1
1.607245479E1,1.231489105E0,7.086713104E0,7.389683075E0
1.608241279E1,8.069718933E-1,6.663692780E0,2.742746429E0
1.609236979E1,4.273612976E-1,6.912325745E0,2.121538239E0
1.610232779E1,-4.119433594E-1,5.224884796E0,5.235662384E0
1.611228479E1,-8.128097534E-1,5.903872833E0,8.083789673E0
1.612224279E1,1.020877075E0,5.929469604E0,1.275063492E1
1.613219979E1,-3.980223083E-1,6.590944061E0,1.299627411E1
1.614215779E1,5.957611084E-2,6.327042847E0,9.169182587E0
1.615211479E1,3.037184143E-1,8.002957764E0,4.096381531E0
1.616207279E1,2.454895020E-2,5.540129242E0,3.689078522E0
1.617202979E1,-4.260140991E-1,5.918692017E0,6.784641266E0
1.618198779E1,2.671943665E-1,5.005890198E0,9.299711151E0
1.619194479E1,4.906796265E-1,3.991300049E0,1.278162048E1
1.620190179E1,3.971241760E-1,8.071515198E0,8.608149261E0
1.621185979E1,-1.103205872E-1,6.921606445E0,5.272336121E0
1.622181679E1,6.818321228E-1,5.243446198E0,7.163054352E0
1.623177479E1,7.831713867E-1,7.075187073E0,7.924969940E0
1.624173179E1,4.939727783E-1,7.650590515E0,7.022496643E0
1.625168979E1,6.045927429E-1,5.221591644E0,7.580236816E0
1.626164679E1,1.345701599E-1,5.489833832E0,5.346881104E0
1.627160479E1,-7.897576904E-1,5.126239929E0,6.026767273E0
1.628156179E1,-4.102967834E-1,2.820734253E0,1.164174088E1
1.629151979E1,-1.344204712E-1,5.925278320E0,1.082159637E1
1.630147679E1,5.194198608E-2,6.687942352E0,8.589887238E0
1.631143479E1,1.182091827E0,6.226601715E0,8.741521912E0
1.632139179E1,1.328337708E0,8.858279114E0,4.050576782E0
1.633134879E1,1.959425354E-1,6.791676636E0,5.406756592E0
1.634130679E1,3.047662354E-1,5.367687836E0,7.790549469E0
1.635126379E1,-2.582130432E-1,4.477788391E0,5.918392639E0
1.636122179E1,-6.481521606E-2,2.643951874E0,1.009800110E1
1.637117879E1,4.710704041E-1,6.471342773E0,8.074658661E0
1.638113679E1,1.084644470E0,8.615334320E0,4.267176361E0
1.639109379E1,1.166224823E0,5.159620514E0,1.019769379E1
1.640105179E1,4.478686523E-1,4.061653748E0,1.231189728E1
1.641100879E1,7.789801025E-1,7.455845490E0,1.038375687E1
1.642096679E1,1.055904236E0,6.243666229E0,1.065753754E1
1.643092379E1,1.187779999E0,8.340954895E0,6.067183228E0
1.644088179E1,9.229806519E-1,7.479795685E0,1.333876190E0
1.645083879E1,7.496411133E-1,3.256178741E0,5.831872559E0
1.646079579E1,2.140548706E-1,4.069287872E0,6.946305084E0
1.647075379E1,6.978488159E-1,7.052434387E0,7.046596527E0
1.648071079E1,3.326083374E-1,2.144440613E0,1.164967438E1
1.649066879E1,7.168592834E-1,5.980064392E0,1.113848740E1
1.650062579E1,1.150956573E0,6.626569977E0,8.951834564E0
1.651058379E1,1.066382446E0,8.502469025E0,7.260052643E0
1.652054079E1,2.158511353E-1,3.393293610E0,1.042342438E1
1.653049879E1,8.849597168E-1,7.669750671E0,3.821553040E0
1.654045579E1,1.055754547E0,5.936504974E0,5.770500183E0
1.655041379E1,5.366340637E-1,6.056555328E0,6.120322723E0
1.656037079E1,3.637435913E-1,5.348078613E0,8.114176483E0
1.657032879E1,3.305126953E-1,4.440366211E0,9.579928436E0
1.658028579E1,4.616400146E-1,6.098168793E0,1.309925995E1
1.659024379E1,-3.038681030E-2,6.844217377E0,7.958350525E0
1.660020079E1,5.864804077E-1,7.877668304E0,3.613036652E0
1.661015779E1,4.448748779E-1,4.033961334E0,7.143594818E0
1.662011579E1,2.417472839E-1,5.450166321E0,9.238488464E0
1.663007279E1,1.946252747E0,5.964496765E0,7.765701141E0
1.664003079E1,1.388662262E0,3.621718597E0,1.253942413E1
1.664998779E1,4.613406372E-1,6.994055786E0,9.924212494E0
1.665994579E1,4.168830872E-1,7.938591614E0,6.649322662E0
1.666990279E1,3.697311401E-2,5.578299866E0,4.495301971E0
1.667986079E1,-2.929408264E-1,5.447172546E0,4.212689667E0
1.668981779E1,8.065228271E-1,6.082152100E0,3.847299500E0
1.669977579E1,7.444020081E-1,5.697302399E0,7.274422760E0
1.670973279E1,1.437011719E-2,5.611830139E0,9.638905792E0
1.671969079E1,-4.960684204E-1,5.621559906E0,1.004261627E1
1.672964779E1,1.434017944E-1,6.954388275E0,7.770341492E0
1.673960479E1,-4.565505981E-1,6.072721710E0,6.975943451E0
1.674956279E1,1.926493835E-1,5.770949249E0,7.695347443E0
1.675951979E1,-1.239422607E-1,4.405339050E0,1.002989273E1
1.676947779E1,7.975415039E-1,7.181915131E0,8.203241272E0
1.677943479E1,3.375480652E-1,6.677164764E0,8.197553101E0
1.678939279E1,5.174739075E-1,5.641019440E0,7.998317413E0
1.679934979E1,3.384461975E-1,6.398144989E0,8.936566315E0
1.680930779E1,5.703140259E-2,6.417454834E0,8.563542023E0
1.681926479E1,-1.020877075E-1,7.405101013E0,5.939648438E0
1.682922279E1,1.721420288E-2,5.893993378E0,6.774761810E0
1.683917979E1,3.867956543E-1,6.450386353E0,5.746849365E0
1.684913779E1,4.568499756E-1,7.062613220E0,6.140979767E0
1.685909479E1,-6.343807983E-1,4.565206604E0,9.344318390E0
1.686905279E1,-1.386117554E-1,5.480403442E0,7.328460388E0
1.687900979E1,8.723858643E-1,7.109166412E0,6.253845062E0
1.688896679E1,9.503736877E-1,3.669169922E0,1.093640762E1
1.689892479E1,5.228627014E-1,5.488037567E0,8.776998138E0
1.690888179E1,7.580236816E-1,7.176226959E0,8.010442200E0
1.691883979E1,8.508306885E-1,6.146368561E0,9.566157074E0
1.692879679E1,3.938310242E-1,6.312073975E0,6.111940155E0
1.693875479E1,1.186732178E0,7.122339020E0,5.328319702E0
1.694871179E1,8.646020508E-1,6.540349274E0,6.299200745E0
1.695866979E1,-1.431024170E0,2.651436310E0,1.116558105E1
1.696862679E1,-3.833528137E-1,5.585035858E0,9.839788055E0
1.697858479E1,8.050259399E-1,7.414232025E0,8.324040070E0
1.698854179E1,5.457650757E-1,4.753365326E0,1.150926636E1
1.699849979E1,3.362008667E-1,5.852379913E0,7.934100952E0
1.700845679E1,1.102307739E0,7.663763123E0,2.320175171E0
1.701841312E1,1.388662262E0,2.967728577E0,5.851032715E0
1.702837112E1,1.016386414E-1,5.153183899E0,7.631430359E0
1.703832812E1,4.326004028E-2,7.650740204E0,8.908125458E0
1.704828612E1,-6.839277649E-1,5.820945282E0,1.079584991E1
1.705824312E1,-4.510121155E-1,3.991300049E0,1.105466171E1
1.706820112E1,4.257147217E-1,7.494165802E0,6.505621490E0
1.707815812E1,1.705104218E0,8.661438446E0,1.889670410E0
1.708811612E1,1.157093811E0,1.474882965E0,8.936865692E0
1.709807313E1,5.180726624E-1,2.789748688E0,1.009889923E1
1.710803112E1,5.481600952E-1,7.210505676E0,9.720486145E0
1.711798812E1,1.095571747E0,6.387517090E0,1.002285736E1
1.712794612E1,2.968327332E-1,5.681734772E0,6.888674927E0
1.713790312E1,8.116122437E-1,6.413562927E0,3.265459442E0
1.714786112E1,1.355131989E0,5.262007599E0,7.051536255E0
1.715781812E1,1.163979492E0,6.467301178E0,6.980883179E0
1.716777513E1,1.043779449E0,5.839506683E0,8.946595459E0
1.717773312E1,1.416055298E0,4.225263519E0,1.116812576E1
1.718769012E1,6.424639893E-1,7.711813202E0,8.858877869E0
1.719764813E1,3.936813354E-1,9.143885193E0,7.218888245E0
1.720760512E1,2.667453003E-1,4.839735718E0,6.109096069E0
1.721756312E1,4.135899353E-1,5.081033936E0,4.634213104E0
1.722752012E1,7.894583130E-1,5.354814606E0,6.956633606E0
1.723747812E1,-9.744735718E-2,6.917415161E0,1.046653473E1
1.724743512E1,6.212081909E-2,4.953798523E0,1.395802414E1
1.725739312E1,1.325942688E0,6.046825562E0,1.029903305E1
1.726735013E1,1.767225037E0,7.991581421E0,5.460644531E0
1.727730812E1,1.523382111E0,5.395230560E0,6.320007477E0
1.728726512E1,6.472540283E-1,3.598666534E0,7.367529144E0
1.729722212E1,8.970845032E-1,6.427184601E0,7.626490631E0
1.730718012E1,5.322930908E-1,6.759493561E0,6.581064606E0
1.731713712E1,-6.586303711E-2,7.208709412E0,6.039041748E0
1.732709512E1,4.462220764E-1,4.593647461E0,7.609426117E0
1.733705212E1,7.021897888E-1,6.735992432E0,7.295977936E0
1.734701012E1,-1.272354126E-2,1.009515701E1,7.344028015E0
1.735696712E1,-2.305206299E-2,3.754941559E0,9.663604431E0
1.736692513E1,-8.053253174E-2,4.415817261E0,8.093070374E0
1.737688212E1,7.574249268E-2,5.902226257E0,7.335645447E0
1.738684012E1,1.055305481E0,8.153095551E0,6.021079102E0
1.739679712E1,6.158193970E-1,5.428012390E0,6.039790192E0
1.740675512E1,9.304650879E-1,5.873486023E0,4.348307648E0
1.741671212E1,8.604107666E-1,5.609135742E0,7.158713379E0
1.742667012E1,1.091230774E-1,4.824916534E0,1.128144012E1
1.743662712E1,1.468446350E-1,4.291875000E0,1.172781189E1
1.744658412E1,2.600093079E-1,6.308631134E0,9.575737152E0
1.745654212E1,9.145980835E-2,6.275100861E0,7.776478729E0
1.746649913E1,1.007255402E0,7.013814697E0,6.375991058E0
1.747645712E1,1.179846497E0,5.287454681E0,6.947203217E0
1.748641412E1,9.493258667E-1,5.201683044E0,8.325836334E0
1.749637212E1,5.553451538E-1,6.698121185E0,9.122479706E0
1.750632912E1,3.073109436E-1,5.234165497E0,9.272018738E0
1.751628712E1,5.960604858E-1,4.568649445E0,9.704170074E0
1.752624412E1,6.348298645E-1,6.474635925E0,8.847950592E0
1.753620212E1,1.224004669E0,8.250393219E0,5.929469604E0
1.754615912E1,1.385668488E0,5.343737640E0,5.411846008E0
1.755611712E1,1.132694550E0,4.265679474E0,5.199138336E0
1.756607413E1,9.768685913E-1,6.922205200E0,3.892505493E0
1.757603212E1,5.563929749E-1,6.155948639E0,6.373895416E0
1.758598912E1,-4.385879517E-1,4.124073944E0,1.027717850E1
1.759594612E1,-2.636018372E-1,5.720653839E0,1.115016312E1
1.760590412E1,1.114881592E0,7.016060028E0,1.025517426E1
1.761586112E1,1.920506287E-1,6.911876678E0,8.780291290E0
1.762581912E1,-5.882766724E-2,3.887116699E0,8.889863434E0
1.763577613E1,7.412585449E-1,6.040838013E0,6.527026978E0
1.764573412E1,6.433621216E-1,6.936575317E0,7.480993195E0
1.765569112E1,4.034111023E-1,5.662424927E0,7.371121674E0
1.766564913E1,4.007167053E-1,6.029311981E0,4.882247314E0
1.767560612E1,9.370513916E-1,7.026687927E0,7.900870056E0
1.768556412E1,1.486408997E-1,6.582860870E0,1.080692688E1
1.769552112E1,4.935237122E-1,6.054759064E0,7.350464630E0
1.770547912E1,7.702981567E-1,4.071682892E0,7.484585724E0
1.771543612E1,1.872605896E-1,3.518583069E0,9.009165344E0
1.772539412E1,1.186432800E0,6.891069946E0,7.768694916E0
1.773535113E1,3.375480652E-1,6.226452026E0,9.025930481E0
1.774530812E1,1.037342834E-1,2.763104095E0,1.155641830E1
1.775526612E1,2.860551453E-1,8.455317078E0,6.548133087E0
1.776522312E1,4.504133606E-1,8.285121002E0,5.006788330E0
1.777518112E1,1.348695374E-1,2.797682190E0,6.352938995E0
1.778513812E1,4.346960449E-1,4.836442566E0,5.509443054E0
1.779509612E1,3.577560425E-1,5.523813171E0,9.436826019E0
1.780505312E1,4.388873291E-1,5.332960052E0,1.225711121E1
1.781501112E1,2.743794250E-1,3.841761017E0,1.294313461E1
1.782496812E1,5.394781494E-1,8.641230469E0,6.077212372E0
1.783492613E1,9.596543884E-1,7.569459229E0,5.022505646E0
1.784488312E1,-7.185058594E-2,5.212760010E0,5.249134369E0
1.785484112E1,6.132746887E-1,5.410648499E0,5.381309509E0
1.786479812E1,1.865121460E-1,6.699169006E0,7.467521210E0
1.787475612E1,-1.033899994E0,6.326294403E0,1.120420074E1
1.788471312E1,-5.075944519E-1,7.232809296E0,8.563691711E0
1.789467012E1,1.077010345E0,6.236331482E0,6.614295502E0
1.790462812E1,1.248852997E0,6.661746826E0,5.918093262E0
1.791458512E1,1.005908203E0,6.974446564E0,4.770429840E0
1.792454312E1,7.038363647E-1,5.236261139E0,6.884034576E0
1.793450013E1,1.160087585E-1,5.214705963E0,7.681426392E0
1.794445812E1,2.100132751E-1,7.181615753E0,7.066804504E0
1.795441512E1,2.671943665E-1,6.059549103E0,1.020278320E1
1.796437312E1,3.861968994E-2,8.112829285E0,8.339458008E0
1.797433012E1,7.119195557E-1,3.421135712E0,9.731563110E0
1.798428812E1,-2.526745605E-1,3.884571991E0,1.018077896E1
1.799424512E1,-4.613406372E-1,6.107150116E0,8.118517456E0
1.800420312E1,7.993377686E-2,7.352560272E0,5.137167206E0
1.801416012E1,2.091151428E-1,4.549339600E0,6.794820099E0
1.802411867E1,-4.692741394E-1,4.690196686E0,6.755751343E0
1.803407567E1,-2.393522644E-1,6.995702362E0,6.286926270E0
1.804403367E1,-1.112187195E-1,6.703509979E0,8.474776611E0
1.805399067E1,-4.586462402E-1,5.195396118E0,1.050515442E1
1.806394767E1,1.251397705E-1,5.495671692E0,1.051937485E1
1.807390567E1,-4.490661621E-3,7.479196930E0,8.292006683E0
1.808386267E1,3.194357300E-1,6.790479126E0,5.904770966E0
1.809382067E1,3.827540588E-1,5.931864624E0,3.986360321E0
1.810377767E1,1.841171265E-2,4.643344116E0,7.405849457E0
1.811373567E1,1.889071655E-1,7.974666595E0,8.353079681E0
1.812369267E1,-5.034031677E-1,5.838009796E0,9.275461578E0
1.813365067E1,-7.255412292E-1,4.479584656E0,9.324110413E0
1.814360767E1,3.348536682E-1,4.077820129E0,9.696985016E0
1.815356567E1,2.920426941E-1,8.161478119E0,6.779551849E0
1.816352267E1,-3.490740967E-1,7.287745056E0,7.944279785E0
1.817348067E1,8.816665649E-2,4.813839569E0,8.098758545E0
1.818343767E1,2.143542480E-1,6.783294067E0,6.146368561E0
1.819339467E1,4.993615723E-1,6.673871613E0,6.432423706E0
1.820335267E1,-1.730401611E-1,3.810027008E0,7.496261444E0
1.821330967E1,-3.158432007E-1,4.692142639E0,5.597909088E0
1.822326767E1,1.935475159E-1,5.208868103E0,5.794001312E0
1.823322467E1,3.281176758E-1,6.271508331E0,7.434589691E0
1.824318267E1,2.519261169E-1,4.731810150E0,1.147633484E1
1.825313967E1,6.731501770E-1,6.337670746E0,1.233300339E1
1.826309767E1,9.446855164E-1,6.722670135E0,1.191567123E1
1.827305467E1,2.197430420E-1,5.387596436E0,9.062753906E0
1.828301267E1,1.919009399E-1,7.225923615E0,4.923561401E0
1.829296967E1,-5.074447632E-2,5.716163177E0,5.609135742E0
1.830292767E1,2.814147949E-2,4.922214203E0,7.180418243E0
1.831288467E1,4.785548401E-1,6.397246857E0,7.308252411E0
1.832284267E1,1.343755646E0,5.797743530E0,8.592731323E0
1.833279967E1,1.544338531E0,6.349196777E0,7.873177643E0
1.834275767E1,1.648372192E0,3.510350189E0,1.049901718E1
1.835271467E1,1.120569763E0,4.719535675E0,7.897576904E0
1.836267167E1,1.253193970E0,7.465425568E0,3.846551056E0
1.837262967E1,1.691183167E0,6.384223938E0,5.695955200E0
1.838258667E1,1.178798676E0,4.956193542E0,7.129673767E0
1.839254467E1,6.563850403E-1,6.867269440E0,8.521629181E0
1.840250167E1,7.484436035E-3,7.482939148E0,1.120030884E1
1.841245967E1,-1.221310272E0,5.468128967E0,1.219678665E1
1.842241667E1,-3.270698547E-1,5.325325928E0,7.019353180E0
1.843237467E1,1.629062347E0,7.428901520E0,3.686533813E0
1.844233167E1,1.921703796E0,5.438490601E0,6.705755310E0
1.845228967E1,9.750723267E-1,4.967869263E0,6.433770905E0
1.846224667E1,9.228309631E-1,8.815019073E0,3.105741577E0
1.847220467E1,3.234773254E-1,5.136119385E0,8.414152679E0
1.848216167E1,-4.595443726E-1,4.594096527E0,1.070483917E1
1.849211967E1,-1.751358032E-1,8.540340271E0,9.123826904E0
1.850207667E1,9.261241150E-1,4.703518982E0,9.729168091E0
1.851203367E1,-2.213896179E-1,5.570516052E0,6.587052155E0
1.852199167E1,-7.146139526E-1,7.502847748E0,5.701643372E0
1.853194867E1,-5.867797852E-1,6.323749695E0,6.495143280E0
1.854190667E1,-7.364685059E-1,5.416935425E0,8.439599762E0
1.855186367E1,-1.171912994E0,6.211034088E0,1.005069946E1
1.856182167E1,-7.209008789E-1,4.156855774E0,1.177720917E1
1.857177867E1,-1.234183502E0,8.039631500E0,8.748257904E0
1.858173667E1,-6.420149231E-1,7.401209106E0,9.471404114E0
1.859169367E1,-1.956431580E-1,5.092709656E0,6.366860046E0
1.860165167E1,5.863307190E-1,5.410498810E0,2.937790833E0
1.861160867E1,-4.056564331E-2,7.492219849E0,8.292755127E-1
1.862156667E1,-2.076182556E-1,4.917723541E0,4.396657104E0
1.863152367E1,-6.734495544E-1,2.448458405E0,1.162886765E1
1.864148167E1,-1.510359192E-1,3.864962769E0,1.592957428E1
1.865143867E1,1.534309387E-1,5.804329834E0,1.667906570E1
1.866139567E1,1.057700500E0,7.020251312E0,8.538843384E0
1.867135367E1,1.422342224E0,7.010521545E0,4.739144897E-1
1.868131067E1,1.684596863E0,6.794820099E0,-1.291813660E0
1.869126867E1,5.879772949E-1,5.264851685E0,5.161416779E0
1.870122567E1,-7.005432129E-1,5.775140533E0,1.241114090E1
1.871118367E1,-7.839198303E-1,4.218677216E0,1.604902588E1
1.872114067E1,-3.092568970E-1,6.257886658E0,1.292427383E1
1.873109867E1,1.817221069E-1,7.480095062E0,5.900130615E0
1.874105567E1,2.134261780E0,7.665409698E0,7.949967957E-1
1.875101367E1,3.657793579E0,5.513484650E0,2.188598785E0
1.876097067E1,1.437760162E0,5.494324493E0,6.360722809E0
1.877092867E1,4.870870972E-1,1.895657959E0,1.319506073E1
1.878088567E1,3.052153015E-1,5.748046875E0,1.236892868E1
1.879084367E1,1.055305481E-1,6.286926270E0,1.169532944E1
1.880080067E1,1.543440399E0,5.852978668E0,9.842332764E0
1.881075867E1,1.426533508E0,6.875053253E0,5.150190125E0
1.882071567E1,-5.316943359E-1,3.777095490E0,6.037544861E0
1.883067267E1,-3.095562744E-1,4.058959351E0,6.230643311E0
1.884063067E1,-5.041516113E-1,7.352410583E0,7.432494049E0
1.885058767E1,-5.281018066E-1,6.383176117E0,1.014949402E1
1.886054567E1,5.983058167E-1,4.377796326E0,1.035621414E1
1.887050267E1,1.184187469E0,6.499633942E0,7.545359344E0
1.888046067E1,8.303233337E-1,5.139711914E0,6.494394836E0
1.889041767E1,-1.930984497E-2,4.335733795E0,7.062313843E0
1.890037567E1,-9.879455566E-2,8.313112793E0,4.669090576E0
1.891033267E1,-5.325924683E-1,8.809330902E0,7.129374390E0
1.892029067E1,-3.930825806E-1,3.974085846E0,9.362730103E0
1.893024767E1,9.924362183E-2,3.810476074E0,1.008512787E1
1.894020567E1,-2.329156494E-1,7.047644348E0,9.790839844E0
1.895016267E1,-2.736309814E-1,5.440885620E0,9.684111786E0
1.896012067E1,-3.547622681E-1,6.668033752E0,6.674919434E0
1.897007767E1,-3.201841736E-1,6.687942352E0,5.503904572E0
1.898003567E1,3.622467041E-2,6.952292633E0,5.304818573E0
1.898999267E1,1.014141083E0,5.549559631E0,6.658603363E0
1.899994967E1,7.232958984E-1,7.706424408E0,6.130351868E0
1.900990767E1,1.532662811E0,6.922803955E0,7.948620758E0
1.901986467E1,3.778143311E-1,5.720504150E0,1.143576920E1
1.902982267E1,-8.701405334E-1,5.472020874E0,1.101229980E1
1.903977967E1,-5.162763977E-1,4.333189087E0,1.034259247E1
1.904973767E1,3.956272888E-1,3.772604828E0,9.656419373E0
1.905969467E1,6.849755859E-1,6.815028076E0,6.758445740E0
1.906965267E1,1.557810516E0,6.455775146E0,5.702990570E0
1.907960967E1,7.952961731E-1,5.894891510E0,4.101620636E0
1.908956767E1,1.810335388E0,7.409891052E0,4.600233765E0
1.909952467E1,4.062551880E-1,6.432124329E0,7.923922119E0
1.910948267E1,-5.590873718E-1,3.963607635E0,1.141810593E1
1.911943967E1,-1.332229614E-2,5.541925507E0,1.171868088E1
1.912939767E1,2.210902405E-1,5.559588776E0,9.168134766E0
1.913935467E1,-4.514611816E-1,6.809938660E0,5.220543823E0
1.914931267E1,-3.068618774E-2,7.291187897E0,2.184108124E0
1.915926967E1,-5.436694336E-1,6.070626068E0,3.621568909E0
1.916922667E1,-8.574169922E-1,3.286116486E0,8.989705811E0
1.917918467E1,-6.056405640E-1,4.713548126E0,1.299567535E1
1.918914167E1,5.679190063E-1,4.924758911E0,1.153531219E1
1.919909967E1,8.244854736E-1,6.807393951E0,7.069648590E0
1.920905667E1,5.864804077E-1,8.083041229E0,4.185146942E0
1.921901467E1,3.098556519E-2,7.031627655E0,5.954168243E0
1.922897167E1,-1.227597198E0,3.774700470E0,1.046803162E1
1.923892967E1,-1.370400238E0,5.654192047E0,1.095901062E1
1.924888667E1,-6.072871399E-1,6.584657135E0,9.986782379E0
1.925884467E1,1.196911011E0,7.436385956E0,6.292464752E0
1.926880167E1,2.083367615E0,5.974076843E0,3.748954010E0
1.927875967E1,1.751058655E0,6.402186584E0,3.077001343E0
1.928871667E1,1.230890350E0,6.396648102E0,5.506449280E0
1.929867467E1,8.394543457E-1,5.351820831E0,8.570427704E0
1.930863167E1,3.805087280E-1,4.721481628E0,1.049287994E1
1.931858967E1,1.227447510E-1,5.468727722E0,9.961335297E0
1.932854667E1,5.758525085E-1,6.036796417E0,8.873547363E0
1.933850367E1,6.740483093E-1,7.357500000E0,6.186185760E0
1.934846167E1,6.744973755E-1,5.223986664E0,8.041577454E0
1.935841867E1,4.074526978E-1,5.067711639E0,8.420439606E0
1.936837667E1,6.759942627E-1,4.926704865E0,9.390272827E0
1.937833367E1,9.722282410E-1,5.997128906E0,1.080153809E1
1.938829167E1,1.266516266E0,7.933053131E0,8.792266388E0
1.939824867E1,1.742676086E0,5.642965393E0,6.821315002E0
1.940820667E1,6.225553894E-1,4.812941437E0,7.358398132E0
1.941816367E1,-1.475930786E-1,6.534361725E0,9.069489899E0
1.942812167E1,1.398242340E0,5.567671967E0,7.596552887E0
1.943807867E1,2.189347229E0,4.768932953E0,5.379812622E0
1.944803667E1,1.059347076E0,5.339246979E0,5.362748108E0
1.945799367E1,7.497908020E-1,6.538403320E0,5.852529602E0
1.946795167E1,3.323089600E-2,5.260660400E0,9.662107544E0
1.947790867E1,-1.059945831E0,5.512885895E0,1.364128281E1
1.948786667E1,4.355941772E-1,7.310198364E0,1.057655594E1
1.949782367E1,1.166524200E0,6.378535767E0,7.950716400E0
1.950778167E1,8.644523621E-1,6.755601654E0,4.030219116E0
1.951773867E1,7.045848083E-1,5.426066437E0,3.042722626E0
1.952769567E1,1.555864563E0,4.401896210E0,3.684438171E0
1.953765367E1,-5.763015747E-2,3.613635406E0,8.331973572E0
1.954761067E1,-2.260299683E-2,4.670587463E0,1.398242340E1
1.955756867E1,5.643264771E-1,6.505920868E0,1.485765335E1
1.956752567E1,3.712280273E-2,6.608457642E0,1.330119003E1
1.957748367E1,2.679428101E-1,6.029761047E0,7.895181885E0
1.958744067E1,1.798659668E0,6.511459351E0,1.257984009E0
1.959739867E1,1.746867371E0,7.318131866E0,-3.549119568E-1
1.960735567E1,5.364843750E-1,4.642146606E0,3.725602570E0
1.961731367E1,1.181792450E0,4.008214874E0,8.554710388E0
1.962727067E1,-5.002597046E-1,5.154531097E0,1.491872635E1
1.963722867E1,-9.704319763E-1,6.052364044E0,1.549263290E1
1.964718567E1,-4.140390015E-1,7.382498016E0,1.125180176E1
1.965714367E1,-3.493734741E-1,6.442452850E0,5.539979553E0
1.966710067E1,3.752696228E-1,6.368207245E0,1.714235229E0
1.967705867E1,1.594035187E0,5.644911346E0,1.872007141E0
1.968701567E1,1.264270935E0,5.418282623E0,5.529800720E0
1.969697267E1,1.432521057E-1,3.377576294E0,1.159264297E1
1.970693067E1,7.529342651E-2,5.428012390E0,1.366508331E1
1.971688767E1,1.336720276E-1,6.084098053E0,1.322859100E1
1.972684567E1,-3.586541748E-1,7.976762238E0,6.502028961E0
1.973680267E1,9.650431824E-1,5.317242737E0,4.381089478E0
1.974676067E1,5.257067871E-1,5.517825623E0,5.244494019E0
1.975671767E1,5.261558533E-1,7.168443146E0,4.192631378E0
1.976667567E1,1.160536652E0,5.315745850E0,6.752458191E0
1.977663267E1,1.555265808E-1,3.970193939E0,1.147289200E1
1.978659067E1,-2.104623413E-1,7.409441986E0,9.594148865E0
1.979654767E1,5.090913391E-1,7.974516907E0,6.810986481E0
1.980650567E1,-4.640350342E-3,6.890022125E0,5.068909149E0
1.981646267E1,3.626957703E-1,5.843697968E0,3.037333832E0
1.982642067E1,9.108558655E-1,5.101990356E0,6.753356323E0
1.983637767E1,5.632786560E-1,4.080813904E0,1.236144424E1
1.984633567E1,-5.616320801E-1,6.156996460E0,1.195279404E1
1.985629267E1,2.782713318E-1,7.477700043E0,9.729018402E0
1.986624967E1,1.018931122E0,8.231532440E0,5.406457214E0
1.987620767E1,1.586401062E0,5.488037567E0,4.018094330E0
1.988616467E1,1.089284821E0,1.830543365E0,7.657476196E0
1.989612267E1,-8.265811157E-1,4.253554688E0,1.052416489E1
1.990607967E1,7.229965210E-1,6.674021301E0,9.489067383E0
1.991603767E1,2.207160187E0,5.921985168E0,9.512119446E0
1.992599467E1,1.002764740E0,7.516918488E0,5.637127533E0
1.993595267E1,2.088157654E-1,5.864804077E0,7.062762909E0
1.994590967E1,-7.453001404E-1,6.639443207E0,5.986351318E0
1.995586767E1,-6.984475708E-1,5.242697754E0,6.878346405E0
1.996582467E1,2.251318359E-1,5.753735046E0,8.233478394E0
1.997578267E1,3.838018799E-1,5.118456116E0,9.935289459E0
1.998573967E1,-2.633024597E-1,4.089645538E0,1.081186661E1
1.999569767E1,-4.737648010E-1,4.617298279E0,9.552236023E0
2.000565467E1,1.473386078E0,6.669530640E0,6.711892548E0
2.001561267E1,1.821711731E0,8.651109924E0,5.173242188E0
2.002556912E1,1.344354401E0,6.931785278E0,5.431604919E0
2.003552713E1,7.997868347E-1,6.887776794E0,6.803202667E0
2.004548412E1,3.430865479E-1,5.384902039E0,9.531429291E0
2.005544212E1,-1.930984497E-1,4.275409241E0,9.348809052E0
2.006539912E1,-5.433700562E-2,3.892355804E0,1.032462982E1
2.007535612E1,1.300196228E0,6.634353790E0,9.156908112E0
2.008531412E1,5.960604858E-1,7.157216492E0,7.020251312E0
2.009527112E1,-2.691403198E-1,5.967490540E0,7.161108398E0
2.010522913E1,1.130149841E-1,5.033881989E0,7.461234283E0
2.011518612E1,9.128018188E-1,6.769672394E0,7.367529144E0
2.012514412E1,4.658312988E-1,6.418352966E0,8.585546265E0
2.013510112E1,7.881111145E-1,5.046605530E0,9.675280151E0
2.014505912E1,1.966460724E0,5.309009857E0,7.719297638E0
2.015501612E1,6.697073364E-1,6.039041748E0,7.022197266E0
2.016497412E1,-2.146536255E-1,5.893394623E0,7.862549744E0
2.017493112E1,1.082399139E0,6.633455658E0,7.533833313E0
2.018488912E1,3.200344849E-1,5.872887268E0,6.828050995E0
2.019484612E1,-6.589297485E-1,3.991300049E0,8.295150146E0
2.020480413E1,1.703457642E-1,5.900130615E0,8.045319672E0
2.021476112E1,-5.078938293E-1,7.463479614E0,8.861422577E0
2.022471912E1,-1.172511749E0,3.851341095E0,1.703742050E1
2.023467612E1,-1.180594940E0,3.240461426E0,1.962134720E1
2.024463412E1,-2.029030609E0,7.678731995E0,1.720462280E1
2.025459112E1,-4.899311829E-1,5.872438202E0,1.206116867E1
2.026454812E1,1.682800598E0,5.735323334E0,1.854343872E0
2.027450612E1,2.593806152E0,7.832312622E0,-5.394631805E0
2.028446312E1,2.392474823E0,8.328081665E0,-6.238576813E0
2.029442112E1,2.734663239E0,5.356610870E0,-6.231541443E-1
2.030437813E1,5.843847656E-1,4.953798523E0,4.154909821E0
2.031433612E1,-8.264314270E-1,3.573818207E0,1.006626709E1
2.032429312E1,-4.222718811E-1,4.435576172E0,1.284628601E1
2.033425112E1,-5.222639465E-1,7.885452118E0,7.979456635E0