"Time (s)","Linear Acceleration x (m/s^2)","Linear Acceleration y (m/s^2)","Linear Acceleration z (m/s^2)","Absolute acceleration (m/s^2)"
3.700250003E-3,1.442759678E0,8.140435159E-1,6.665007234E-2,1.657909698E0
1.366925001E-2,7.786052229E-1,4.247165435E0,-2.788420785E0,5.140032179E0
2.363925002E-2,4.488475859E-1,6.088985156E0,-2.934678944E0,6.774182230E0
3.360825003E-2,-1.018178220E0,6.085118977E0,-2.214297298E0,6.555034125E0
4.357825004E-2,2.937016771E-1,4.388706061E0,-4.543343280E0,6.323683240E0
5.354725005E-2,1.670675081E0,2.409629969E0,-4.946029912E0,5.749842059E0
6.351725000E-2,3.990122712E0,3.129236859E0,-4.109674591E0,6.527068854E0
7.348625001E-2,4.678431503E0,6.058462690E0,-2.606715635E0,8.086263531E0
8.345625002E-2,5.715131729E0,9.059009349E0,-1.510095482E0,1.081705919E1
9.342525003E-2,6.697049391E0,7.809051229E0,-6.220841038E-1,1.030624763E1
1.033952500E-1,5.810077647E0,5.033498411E0,-9.076814121E-1,7.740606828E0
1.133642500E-1,6.027297031E0,2.615235613E0,-3.434783113E-1,6.579190236E0
1.233342500E-1,5.103867897E0,-5.888087690E-1,1.563926119E0,5.370477464E0
1.333032500E-1,3.338841999E0,-4.272743203E0,2.038455151E0,5.793056169E0
1.432732500E-1,2.277546191E0,8.456906936E-1,6.534959310E-1,2.515843066E0
1.532422500E-1,3.132824418E0,1.048036222E1,2.268070632E0,1.117124548E1
1.632122500E-1,3.237011861E0,1.522246347E1,2.956677339E0,1.584119885E1
1.731812501E-1,8.473888712E-1,8.830063959E0,2.716367301E0,9.277216648E0
1.831512500E-1,2.236669038E0,-5.029684857E0,2.674507084E0,6.119918814E0
1.931202500E-1,3.220159308E0,-1.174969685E1,9.086730999E-1,1.221681173E1
2.030902500E-1,-7.525167739E-1,-1.023022302E1,-8.179699212E-1,1.029042367E1
2.130592500E-1,-4.414451936E-1,-5.473845205E0,1.749165326E-1,5.494401786E0
2.230282500E-1,-6.471189576E-1,-7.186286509E-1,4.355281037E-1,1.060601156E0
2.329982501E-1,-1.905939703E0,3.154620499E0,3.481870741E-1,3.702090070E0
2.429672500E-1,-7.129967590E-1,3.603959434E0,1.822185940E0,4.100884000E0
2.529372500E-1,-1.104747490E0,7.052318028E-1,1.986317284E0,2.379763699E0
2.629062500E-1,-1.388942928E0,-4.255341889E0,-2.350756109E-1,4.482449954E0
2.728762500E-1,-1.258880972E0,-6.281007718E0,-1.920118616E0,6.687502879E0
2.828452500E-1,2.322568509E-1,-4.532552828E0,-5.898636067E-1,4.576671002E0
2.928152501E-1,2.155252407E0,-1.802979299E0,2.018505621E0,3.459799449E0
3.027842500E-1,3.694820195E0,-7.121800491E-1,3.650287508E0,5.242470371E0
3.127542500E-1,4.784682136E0,-5.796093446E-1,1.889854013E0,5.176937157E0
3.227232500E-1,4.684490388E0,-4.243248385E-1,4.785601026E-1,4.727951093E0
3.326932500E-1,4.452411183E0,-1.843269246E0,6.639080679E-1,4.864399323E0
3.426622500E-1,2.886360478E0,-3.936735294E0,6.418605566E-2,4.881913706E0
3.526322500E-1,2.229788034E0,-4.512577570E0,6.508535743E-2,5.033840195E0
3.626012500E-1,2.002769156E0,-2.074952302E0,-4.065036947E-1,2.912345550E0
3.725712500E-1,1.625500516E0,8.500810754E-1,-4.926419520E-1,1.899364592E0
3.825402500E-1,1.425504691E0,1.747900574E0,-9.782444412E-1,2.458491860E0
3.925102500E-1,9.810954704E-1,1.914469914E0,-1.570580251E0,2.663543823E0
4.024792500E-1,2.667831245E-1,1.426112801E0,-1.077060632E0,1.806939557E0
4.124492500E-1,-3.316471282E-1,5.105051959E-1,-9.950183487E-1,1.166476269E0
4.224182500E-1,-6.956976984E-1,4.399766654E-1,-1.579701322E0,1.781300374E0
4.323872500E-1,-8.499479051E-1,1.496868788E0,-2.649885044E0,3.159892143E0
4.423572500E-1,-1.115775485E0,2.393727297E0,-2.180099857E0,3.424575987E0
4.523262500E-1,-1.132384793E0,2.542483386E0,-4.253434235E-1,2.815569946E0
4.622962500E-1,-5.363580751E-1,3.099963066E0,8.161145997E-1,3.250152925E0
4.722652500E-1,-2.313754928E-1,2.532608316E0,9.716043431E-1,2.722435399E0
4.822352500E-1,1.282466885E-1,1.323511708E0,1.109276451E0,1.731653747E0
4.922042500E-1,1.869081487E-1,4.162062719E-1,1.401952398E0,1.474324538E0
5.021742500E-1,3.204884481E-2,-1.039614478E-1,7.529085374E-1,7.607275312E-1
5.121432500E-1,-1.518861043E-1,-3.131599134E-1,-7.816031635E-1,8.555945449E-1
5.221132500E-1,-5.732932553E-1,-4.001942566E-1,-1.020228034E0,1.236804690E0
5.320822501E-1,-1.140465645E0,-2.048539844E-1,-5.742790228E-1,1.293222115E0
5.420522500E-1,-1.573759966E0,-1.720651379E-1,-9.828935623E-2,1.586186509E0
5.520212500E-1,-1.931401842E0,-1.093172927E0,2.187513542E-1,2.230065532E0
5.619912500E-1,-2.303191933E0,-1.016854483E0,-4.541585022E-1,2.558309220E0
5.719602500E-1,-2.650851296E0,-1.697199074E0,-5.600580096E-1,3.197055249E0
5.819302500E-1,-2.871124388E0,-1.717382493E0,-1.498195229E0,3.665698682E0
5.918992501E-1,-2.581083488E0,-1.115302299E0,-1.524438118E0,3.198406285E0
6.018692500E-1,-2.434930871E0,-1.741371280E0,1.041991371E-1,2.995349686E0
6.118382500E-1,-2.767382503E0,-2.227981829E0,1.351459352E0,3.801151317E0
6.218082500E-1,-2.579764649E0,-2.089950995E0,1.635755070E0,3.701185682E0
6.317772500E-1,-2.134966369E0,-1.085120726E0,1.188098672E0,2.673414828E0
6.417460000E-1,-1.362666564E0,-6.284154689E-1,4.935962176E-1,1.579684587E0
6.517160001E-1,-5.598006590E-1,-1.250270947E0,1.403781407E0,1.961416952E0
6.616850000E-1,-6.044028180E-1,-1.320078223E0,1.654474931E0,2.201180724E0
6.716550000E-1,8.518903501E-2,-1.247943755E0,1.777577532E0,2.173569108E0
6.816240000E-1,4.487967516E-1,-1.360463772E0,1.471792712E0,2.053887530E0
6.915940000E-1,3.591148623E-1,-9.427799088E-1,1.246933941E0,1.603945664E0
7.015630000E-1,4.827499250E-1,-1.033904379E0,1.032869130E0,1.539098566E0
7.115330001E-1,-4.088677239E-1,-1.607246093E0,4.227191931E-1,1.711462631E0
7.215020000E-1,-2.074731168E-1,-1.110015247E0,-2.653472310E-1,1.159994868E0
7.314720000E-1,8.925645324E-1,-1.185086479E0,-4.183086383E-1,1.541455002E0
7.414410000E-1,-3.244435047E-1,-1.559309158E0,-2.299066722E-2,1.592870744E0
7.514110000E-1,-4.745608994E-1,-1.265956687E0,6.832582587E-1,1.514825478E0
7.613800000E-1,-7.937835715E-1,-5.226600954E-1,4.294967008E-1,1.042944557E0
7.713500001E-1,-5.718827973E-1,-8.957548463E-1,-3.851970255E-2,1.063442733E0
7.813190000E-1,-7.981361657E-1,-1.169492539E0,-7.730019093E-3,1.415907445E0
7.912890000E-1,-8.869442618E-1,-4.753014493E-1,-3.791182601E-1,1.075319602E0
8.012580000E-1,-9.285047358E-1,-6.381516677E-1,1.230383981E0,1.668293540E0
8.112270000E-1,-8.355345185E-1,-2.318868318E-1,2.014590325E0,2.193276912E0
8.211970000E-1,-3.416945451E-1,-4.000664949E-3,9.305130351E-1,9.912747731E-1
8.311660000E-1,-1.488324508E-1,1.612086126E-1,5.372070909E-2,2.258876486E-1
8.411360000E-1,-1.398769101E-2,1.272006217E0,-1.928024637E0,2.309864600E0
8.511050000E-1,3.445778802E-2,1.444497909E0,-2.437317705E0,2.833421808E0
8.610750000E-1,1.140239212E-1,1.177077255E0,-1.505049335E0,1.914075709E0
8.710440000E-1,-2.286302433E-1,1.052819537E0,-4.754423672E-1,1.177601890E0
8.810140000E-1,-7.043084543E-1,1.197722897E0,6.492374039E-1,1.533655679E0
8.909830000E-1,-4.148018438E-1,1.545279641E0,-8.790411651E-2,1.602397227E0
9.009530000E-1,-5.190213365E-1,1.543492147E0,-5.372947991E-1,1.714770205E0
9.109220000E-1,-8.909050195E-1,1.050936441E0,-5.644171089E-1,1.488874014E0
9.208920000E-1,-1.073888663E0,1.345252533E0,-8.098346901E-1,1.902307405E0
9.308610000E-1,-8.737946047E-1,9.506286263E-1,-7.233187026E-1,1.480000588E0
9.408310000E-1,-1.055784002E0,3.212849119E-1,-5.904114908E-1,1.251594816E0
9.508000000E-1,-5.862158212E-1,-3.396516010E-1,7.476489669E-1,1.008955488E0
9.607700000E-1,4.227171466E-4,-1.978382027E-1,1.335872430E-1,2.387167456E-1
9.707390000E-1,-2.217268561E-1,4.147517771E-2,-4.604237938E-1,5.127114773E-1
9.807090000E-1,-1.538273434E-1,4.217625886E-2,-8.137856537E-1,8.292700275E-1
9.906780000E-1,3.980788802E-1,-3.592903519E-1,-5.981023335E-1,8.032949354E-1
1.000648000E0,4.834244013E-1,-7.730361155E-1,-3.287333876E-1,9.692005095E-1
1.010617000E0,7.634092596E-1,-9.445931304E-1,-7.326613837E-1,1.418394368E0
1.020586000E0,9.885180721E-1,-7.930733541E-1,-6.817935312E-1,1.439088511E0
1.030556000E0,1.487863638E0,-6.304064459E-1,-2.234039837E-1,1.631275523E0
1.040525000E0,1.797979198E0,-4.362017030E-1,2.298037612E-1,1.864352674E0
1.050495000E0,1.772644967E0,-1.880990803E-1,6.196656954E-1,1.887229985E0
1.060464000E0,1.634313293E0,-9.047104418E-3,6.974950594E-1,1.776952770E0
1.070434000E0,1.184860338E0,-1.953420264E-1,1.241835169E0,1.727485778E0
1.080403000E0,1.282500068E0,-9.251923612E-1,9.661681867E-1,1.853177891E0
1.090373000E0,8.405407584E-1,-7.474618560E-1,9.863083363E-2,1.129130654E0
1.100342000E0,7.652926478E-1,-3.966210231E-1,3.767507225E-1,9.407030242E-1
1.110312000E0,5.489976358E-1,-6.392448047E-1,7.655543107E-1,1.138466393E0
1.120281000E0,-1.086487586E-2,1.612062737E-1,9.407801610E-1,9.545537280E-1
1.130251000E0,3.158683803E-1,-7.870603698E-1,6.013077772E-1,1.039619114E0
1.140220000E0,2.172785320E-1,-6.331192616E-1,-3.051018655E-1,7.356202201E-1
1.150190000E0,2.748450279E-1,-4.995647630E-1,-6.617872828E-1,8.735371483E-1
1.160159000E0,5.549957096E-1,-1.068537438E0,2.388792247E-1,1.227540540E0
1.170129000E0,3.427129108E-1,-7.729247260E-1,4.713282663E-1,9.679954059E-1
1.180098000E0,4.839730163E-1,2.832262623E-1,2.749360800E-1,6.245292981E-1
1.190067000E0,-7.327779992E-2,5.077265990E-1,2.219193757E-1,5.589312521E-1
1.200037000E0,-2.521538294E-1,-5.361633629E-1,1.008130145E0,1.169349860E0
1.210006000E0,-1.651160510E-1,-5.625562325E-1,1.743003531E0,1.838965506E0
1.219976000E0,-1.249330714E-1,-2.960568076E-1,1.274764933E0,1.314641982E0
1.229945000E0,-1.414103059E-1,-8.928698301E-2,5.570396769E-1,5.816031650E-1
1.239915000E0,5.507989436E-1,2.792177036E-1,4.497859544E-1,7.639695066E-1
1.249884000E0,1.275584566E0,-1.950803635E-1,4.290920734E-2,1.291128783E0
1.259854000E0,1.255275140E0,3.962000236E-1,-1.125331736E0,1.731779908E0
1.269823000E0,1.023339338E0,5.195818287E-1,-2.269528343E0,2.543215991E0
1.279793000E0,1.809612965E0,1.774001375E-1,-2.703707494E0,3.258251694E0
1.289762000E0,1.808215042E0,8.854964912E-2,-2.069402125E0,2.749528656E0
1.299732000E0,1.993824816E0,1.672052246E-1,-1.087309631E0,2.277177467E0
1.309701000E0,2.394061319E0,1.245670357E-1,2.750606257E-1,2.413028158E0
1.319671000E0,1.251959915E0,-1.225688375E0,8.302533426E0,8.485386079E0
1.329640000E0,7.206270830E-1,1.340137973E-1,1.240294310E1,1.242458292E1
1.339609000E0,3.616570489E-1,1.508524336E0,8.365704405E0,8.508316618E0
1.349579000E0,1.445350433E0,3.651762761E0,2.525556867E0,4.669351842E0
1.359548000E0,3.071006193E0,4.654045983E0,-5.836874267E0,8.072194513E0
1.369518000E0,2.096212778E0,8.556221893E-1,-6.563459224E0,6.942996063E0
1.379487000E0,1.374909318E0,-2.090233415E0,-8.488657317E0,8.849675384E0
1.389457000E0,1.662712635E0,-1.699558718E0,-7.086721290E0,7.474940253E0
1.399426000E0,1.187903667E0,9.251107925E-1,-3.010691578E0,3.366186103E0
1.409396000E0,7.755821393E-1,1.285057202E-1,-4.121111745E-1,8.876243547E-1
1.419365000E0,5.097544865E-1,-1.745885915E0,-1.235859314E0,2.198935086E0
1.429335000E0,5.552929674E-1,-2.021798773E0,-2.483662736E0,3.250323237E0
1.439304000E0,1.057530420E0,-1.370509289E0,-4.679000437E-1,1.793208507E0
1.449274000E0,1.607876131E0,-4.609436113E-1,3.095120695E0,3.518168100E0
1.459243000E0,1.215795325E0,-2.811224341E-1,4.120974335E0,4.305765619E0
1.469213000E0,1.597285946E0,-1.021343391E0,1.687146249E0,2.537898182E0
1.479182000E0,1.652193933E0,-1.155065997E0,1.034978220E0,2.266076381E0
1.489152000E0,1.283681937E0,-9.510034329E-1,2.387160873E0,2.872417776E0
1.499121000E0,1.297876345E0,-6.915759230E-1,2.823043903E0,3.183133227E0
1.509090000E0,1.172114577E0,1.997359166E-1,8.282803166E-1,1.449067045E0
1.519060000E0,8.360017110E-1,5.762553817E-1,-9.428641087E-1,1.385626881E0
1.529029000E0,3.947030633E-1,5.409162721E-1,-1.823219728E0,1.942295317E0
1.538999000E0,4.398578938E-1,8.334574413E-1,-1.903007324E0,2.123573203E0
1.548968000E0,7.082953783E-1,2.226534936E0,-2.365176512E0,3.324635333E0
1.558938000E0,1.071387590E0,4.775496745E0,-1.841703361E0,5.229255377E0
1.568907000E0,1.148684857E0,3.476245719E-1,5.590528733E-1,1.323956139E0
1.578877000E0,6.887183887E-1,-2.374076559E0,-5.138112116E-1,2.524791969E0
1.588846000E0,5.732200921E-2,-1.055035632E0,-1.785770066E0,2.074936318E0
1.598816000E0,-2.048974000E0,-6.284294438E0,-2.113964340E0,6.939704335E0
1.608785000E0,-1.457379033E0,-3.553320792E0,-1.988519930E0,4.324841478E0
1.618755000E0,-9.183313845E-1,2.552680930E-1,-2.790992975E-2,9.535582286E-1
1.628724000E0,-6.870546366E-1,5.439512694E-1,3.600180963E0,3.705297562E0
1.638693917E0,-7.625753005E-1,-2.469580302E-1,4.188100955E0,4.264117608E0
1.648663917E0,-1.014714475E0,-1.256043318E-1,7.421712953E-1,1.263423977E0
1.658632917E0,-1.307516942E0,7.248822480E-1,-3.483827219E0,3.791056175E0
1.668602917E0,-1.013510241E0,6.661864355E-1,-7.610760452E0,7.706794536E0
1.678571917E0,-9.692927194E-1,-5.454689142E-1,-9.141910588E0,9.209321034E0
1.688541917E0,-1.633260356E0,-3.870308878E0,-7.571913890E0,8.659140266E0
1.698510917E0,-1.393946975E0,-6.321344735E0,8.631013044E0,1.078873828E1
1.708480917E0,-1.896473353E0,1.161360524E0,2.527982876E1,2.537745282E1
1.718449917E0,-2.717185911E0,1.168624053E1,6.402001228E0,1.359915205E1
1.728419917E0,1.283489563E0,4.184536200E0,-3.286390720E0,5.473394983E0
1.738388917E0,-1.006117680E0,-3.005306585E0,-4.138017799E0,5.212229059E0
1.748358917E0,-4.707058302E-1,-8.156383440E-1,-7.242581162E0,7.303547890E0
1.758327917E0,1.670308314E-1,3.613427246E-1,-3.453986539E0,3.476850712E0
1.768297917E0,-9.297653224E-1,-9.426734895E-1,-4.278606498E-1,1.391460239E0
1.778266917E0,-1.593581735E0,-2.234766061E0,-6.761995000E-1,2.826822927E0
1.788236917E0,-2.131989990E0,-8.420335525E-1,1.021657094E0,2.509618505E0
1.798205917E0,-8.777311695E-1,1.093466457E0,4.307600502E0,4.530066554E0
1.808174917E0,3.850288085E-1,-5.413936973E-3,3.229498481E0,3.252374046E0
1.818144917E0,4.595730239E-1,-2.191573849E0,2.197559059E-2,2.239349509E0
1.828113917E0,4.426020652E-1,-2.016836826E0,-1.561970226E0,2.589069013E0
1.838083917E0,8.642015165E-1,8.462733686E-2,-9.337839675E-1,1.275130795E0
1.848052917E0,1.245057715E0,8.261209399E-1,3.354500842E-1,1.531395207E0
1.858022917E0,1.365984275E0,5.056224784E-1,9.726334530E-1,1.751451673E0
1.867991917E0,3.989363012E-1,1.736290927E0,-5.359791756E-2,1.782338097E0
1.877961917E0,7.234488031E-1,2.896810329E0,-3.981509471E-1,3.012210556E0
1.887930917E0,5.017549473E-1,1.686296648E0,-5.348594338E-1,1.838866234E0
1.897900917E0,3.537189786E-1,-1.439837678E0,-3.230432866E0,3.554426277E0
1.907869917E0,6.708093904E-2,-5.367696607E0,-5.471465389E0,7.665089707E0
1.917839917E0,5.146629316E-1,-5.509392768E0,-6.049331093E0,8.198334787E0
1.927808917E0,4.706620857E-1,3.774001143E0,-5.066204812E0,6.334906363E0
1.937777917E0,7.159658289E-1,1.291785359E1,1.390880696E0,1.301222877E1
1.947747917E0,1.039878151E-1,1.082274711E1,7.641372380E0,1.324889581E1
1.957716917E0,-5.895850600E-1,-3.633102542E0,8.351471697E0,9.126561462E0
1.967686917E0,6.499815352E-1,-1.262139976E1,1.943364222E0,1.278666776E1
1.977655917E0,1.697808354E0,-5.640256963E0,-5.829674590E0,8.287349253E0
1.987625917E0,-2.566982489E-1,3.342902013E0,-4.009548624E0,5.226601958E0
1.997594917E0,-1.945485446E0,1.780606390E0,4.069687822E0,4.849518708E0
2.007564917E0,-1.196653514E0,-2.868332050E0,5.992196780E0,6.750239302E0
2.017533917E0,4.354484354E-1,-1.568750072E0,2.032869891E0,2.604448526E0
2.027503917E0,4.941057294E-1,2.714838839E-1,6.063679576E-2,5.670280346E-1
2.037472917E0,-3.504136207E-1,9.434464914E-1,7.081065863E-1,1.230567318E0
2.047442917E0,8.359308318E-2,1.249487712E0,1.065111262E-1,1.256802278E0
2.057411917E0,8.166585369E-1,3.160230026E-1,-7.322643578E-2,8.787285218E-1
2.067380917E0,6.659928927E-1,4.073617736E-1,2.427898425E-1,8.175799993E-1
2.077350917E0,4.280299633E-1,1.477412471E0,-4.415209150E-1,1.600280593E0
2.087319917E0,6.143681180E-1,3.160285574E-1,4.207288009E-1,8.089097338E-1
2.097289917E0,-1.276549503E-1,-1.185032977E0,4.034011620E-1,1.258304987E0
2.107258917E0,-4.061706226E-1,6.873314291E-2,4.396731949E-1,6.025042223E-1
2.117228917E0,-3.333916085E-1,4.601986760E-1,2.919830525E-1,6.388950531E-1
2.127197917E0,1.520772169E-1,-2.974984387E-1,-5.600697041E-1,6.521586267E-1
2.137167917E0,1.900426765E-1,-1.075292726E0,-1.666381617E0,1.992284708E0
2.147136917E0,7.270082957E-1,-1.417679947E0,-1.585739742E0,2.247871887E0
2.157106917E0,5.509293731E-1,7.057779327E-1,-1.549463616E0,1.789548312E0
2.167075917E0,7.644377849E-1,2.111344495E0,-1.409530390E0,2.651210407E0
2.177045917E0,1.264815896E0,1.191302069E0,-4.167901164E-1,1.786805493E0
2.187014917E0,9.945744719E-1,-7.072414908E-1,1.785676510E0,2.162870663E0
2.196984917E0,4.412273848E-1,3.958711177E-1,1.804012794E0,1.898909610E0
2.206953917E0,-4.181852255E-1,2.147011926E0,6.053411865E-1,2.269576402E0
2.216922917E0,-2.852129269E-1,1.115064610E0,-7.893858075E-1,1.395652339E0
2.226892917E0,-6.559098809E-1,2.617196184E-1,-1.813254903E0,1.945920932E0
2.236861917E0,-2.235201606E-1,-2.400363886E-1,-8.674829739E-1,9.274186973E-1
2.246831917E0,-3.778180587E-1,3.419135964E-1,9.992540717E-1,1.121677357E0
2.256800917E0,-9.666320170E-1,9.563346317E-1,1.865631337E0,2.308578279E0
2.266770917E0,-2.708273146E-2,-1.095747748E-1,1.618917428E0,1.622847419E0
2.276739917E0,5.124924635E-2,-1.609975866E0,3.006743538E-1,1.638613390E0
2.286709917E0,2.467429988E-1,-1.407339731E0,-9.952896595E-1,1.741289387E0
2.296678917E0,2.389134857E-2,-1.476381022E0,-7.718020606E-1,1.666118285E0
2.306648917E0,2.089574873E-1,-2.027447768E0,2.550087690E-2,2.038346874E0
2.316617917E0,-1.577841908E-1,-1.559984219E0,6.671790004E-1,1.703987803E0
2.326587917E0,-1.692984182E-1,-1.014743054E0,8.576941502E-1,1.339404597E0
2.336556917E0,-2.026295391E-1,-1.117247083E0,1.888531957E0,2.203599947E0
2.346525917E0,-5.221171814E-1,-9.286042115E-1,2.616871079E0,2.825407294E0
2.356495917E0,-5.502965216E-1,-1.579074501E0,1.769566262E0,2.434680122E0
2.366464917E0,-4.314683088E-1,-4.601562837E-1,4.916777462E-1,7.997847917E-1
2.376434917E0,-8.586988846E-2,1.501784250E-1,1.051621735E-2,1.733141307E-1
2.386403917E0,-2.424871577E-1,3.443349284E-1,-2.910428202E-1,5.119301591E-1
2.396373917E0,8.257238774E-2,-3.612865913E-1,-7.145262444E-1,8.049186010E-1
2.406342917E0,5.272607212E-1,1.860850069E-1,-1.647493356E0,1.739789026E0
2.416312917E0,8.942393211E-1,1.175090371E0,-1.916151280E0,2.419119070E0
2.426281917E0,8.908094906E-1,2.985690638E-1,-1.187971203E0,1.514582653E0
2.436251917E0,8.993864789E-1,-1.846024454E-2,1.023438156E-2,8.996341265E-1
2.446220917E0,9.768757541E-1,-4.437364250E-1,-1.174465889E-1,1.079343298E0
2.456190917E0,5.068360680E-1,-5.829940054E-1,-1.282370406E-1,7.830769750E-1
2.466159917E0,8.821846282E-1,6.833132225E-1,4.678924423E-1,1.209995874E0
2.476128917E0,6.779302027E-1,1.163822202E0,5.723424250E-1,1.463436821E0
2.486098917E0,9.910340559E-1,1.266268929E0,6.279517847E-1,1.726241276E0
2.496067917E0,9.599847561E-1,9.499167278E-1,5.461884141E-3,1.350534100E0
2.506037917E0,5.173407371E-1,3.043399733E-1,-4.711902720E-1,7.630757040E-1
2.516006917E0,5.296002653E-1,4.757730272E-1,-8.823384100E-1,1.133736073E0
2.525976917E0,4.653230296E-1,9.495775893E-1,-7.820218241E-1,1.315211486E0
2.535945917E0,1.069271117E0,1.025786397E0,-4.934769344E-1,1.561761166E0
2.545915917E0,7.947449999E-1,9.180964726E-1,-5.465293068E-1,1.331621204E0
2.555884917E0,1.048781012E0,8.950862172E-1,-3.886509758E-1,1.432539887E0
2.565854917E0,1.149689409E0,1.031088653E0,-9.505707389E-1,1.813426115E0
2.575823917E0,1.318730001E0,5.081566617E-1,-7.838631123E-1,1.616079635E0
2.585793917E0,1.548605829E0,-6.916495979E-1,-1.140207052E-1,1.699870555E0
2.595762917E0,7.942020860E-1,-1.089166122E0,1.368772958E0,1.921088026E0
2.605731917E0,4.556250570E-1,-1.859745530E0,2.202721565E0,2.918600679E0
2.615701917E0,1.768711837E-1,-1.028049270E0,1.588136516E0,1.900091132E0
2.625670917E0,5.963459031E-1,-2.802775115E-1,1.180694343E0,1.352117987E0
2.635640917E0,4.290516546E-1,-7.562312177E-1,3.185609865E-1,9.259870836E-1
2.645608625E0,1.959564956E-1,-6.251202706E-1,2.989061558E-1,7.200827666E-1
2.655578625E0,-4.121592678E-2,-4.920051903E-1,-1.769689053E-1,5.244862756E-1
2.665547625E0,-3.117401364E-1,2.025843877E-1,-6.759246808E-1,7.714249937E-1
2.675517625E0,1.612882809E-1,4.572288752E-2,-8.008814335E-1,8.182393064E-1
2.685486625E0,-2.316554283E-1,-8.412088028E-1,-1.727290893E-1,8.894559155E-1
2.695456625E0,3.678585693E-2,-7.524556705E-1,7.706776410E-1,1.077722952E0
2.705425625E0,-9.945938408E-2,-8.268284529E-2,1.438430253E0,1.444233435E0
2.715395625E0,9.631117009E-2,-5.413720626E-1,1.441543896E0,1.542857205E0
2.725364625E0,1.125429676E-1,-1.234888384E0,9.882893729E-1,1.585664254E0
2.735333625E0,-3.622182720E-1,-1.485260019E0,5.122067356E-1,1.612313598E0
2.745303625E0,1.663211256E-1,-1.160194882E0,6.427487487E-1,1.336727659E0
2.755272625E0,1.065371097E-1,-4.457493290E-1,5.964405549E-1,7.521861176E-1
2.765242625E0,2.765562338E-1,-1.627413433E0,1.410106341E0,2.171026882E0
2.775211625E0,8.115629809E-1,-1.417013072E0,1.816669092E0,2.442713063E0
2.785181625E0,4.598829994E-1,-3.218570620E-2,8.649616545E-1,9.801463955E-1
2.795150625E0,-6.466797587E-2,1.853678459E-1,8.516738570E-1,8.740088924E-1
2.805120625E0,3.380910157E-1,-7.503047723E-1,-9.205856323E-3,8.230112599E-1
2.815089625E0,2.071292091E-2,-7.374332964E-2,-1.066292399E0,1.069040029E0
2.825059625E0,-1.233917088E-1,3.625647926E-1,-1.988074372E0,2.024627978E0
2.835028625E0,-8.401810815E-1,4.736770928E-1,-1.368128595E0,1.673932522E0
2.844997625E0,-1.408924618E0,3.832300222E-1,-5.026354283E-1,1.544207306E0
2.854967625E0,-1.466100740E0,3.980942291E-1,-8.389058769E-2,1.521501898E0
2.864936625E0,-1.240648915E0,5.680584624E-1,-1.484771776E-1,1.372568985E0
2.874906625E0,-7.597022711E-1,6.781989554E-1,4.386516863E-1,1.108835725E0
2.884875625E0,1.619259929E-1,3.859255886E-1,3.823734051E-1,5.668932951E-1
2.894845625E0,2.993522618E-1,-5.116021335E-3,-2.649373412E-3,2.994076978E-1
2.904814625E0,5.244278183E-1,-5.649278632E-1,-3.637780899E-1,8.523511752E-1
2.914784625E0,1.102839397E0,3.262796035E-1,-1.140442695E0,1.619667452E0
2.924753625E0,1.231785413E0,7.253210816E-1,-6.002792519E-1,1.550393871E0
2.934723625E0,1.454141868E0,-4.073000854E-1,-6.359431744E-2,1.511445060E0
2.944692625E0,7.751357775E-1,-8.152606139E-1,7.091994309E-1,1.329830506E0
2.954662625E0,5.187794445E-1,-2.473512554E-1,1.438514453E-1,5.924592762E-1
2.964631625E0,5.536936808E-1,1.273085028E-2,-7.223176593E-1,9.102096284E-1
2.974600625E0,4.985129220E-1,-8.797843462E-1,-8.699458212E-1,1.333919548E0
2.984570625E0,2.992149071E-2,-1.091564942E0,-8.993894756E-2,1.095672548E0
2.994539625E0,1.476253662E-1,-1.353250355E-2,1.328972715E-1,1.990930993E-1
3.004509625E0,-1.171322919E-2,5.974372128E-1,1.555710781E0,1.666524665E0
3.014478625E0,-5.791113811E-1,2.511200783E-1,2.061832904E0,2.156289918E0
3.024448625E0,-6.762315866E-1,3.447790244E-1,-1.127945441E0,1.359567083E0
3.034417625E0,-1.394915713E0,3.237544835E-1,-2.067123465E0,2.514678157E0
3.044387625E0,-8.436954043E-1,-1.086456522E-1,-7.420847565E-1,1.128855880E0
3.054356625E0,-1.141640643E0,-4.519874310E-1,2.078133772E0,2.413768003E0
3.064326625E0,-1.791802857E-1,3.123448116E-1,1.165137826E0,1.219512611E0
3.074295625E0,-1.234317805E-1,8.559019786E-1,7.960323375E-1,1.175359981E0
3.084265625E0,5.617471240E-2,4.604846048E-1,2.182806534E-1,5.126871495E-1
3.094234625E0,1.642902597E-1,-4.926124236E-1,9.476757824E-2,5.278628451E-1
3.104203625E0,2.936544243E-1,-3.633734626E-1,-5.528548247E-1,7.238243235E-1
3.114173625E0,2.910217520E-1,-1.695549282E-1,9.204289269E-1,9.801183313E-1
3.124142625E0,-4.812367386E-1,-1.923964915E-1,2.540659055E0,2.592981613E0
3.134112625E0,-6.878174058E-1,-3.123284394E-1,4.249937600E0,4.316550873E0
3.144081625E0,-1.685392376E0,9.025601283E-1,6.314045656E-1,2.013413513E0
3.154051625E0,-1.484791657E0,2.018778101E0,-4.373058327E0,5.040209362E0
3.164020625E0,-1.658655398E0,5.679988208E-1,-6.343810322E0,6.581617567E0
3.173990625E0,-1.239218247E0,-3.045616413E0,-3.946412728E0,5.136692965E0
3.183959625E0,-1.059998091E0,-4.088166777E0,7.330145556E-1,4.286492026E0
3.193929625E0,-1.519913104E0,-1.108819199E0,2.609559721E0,3.217051102E0
3.203898625E0,-1.464959655E0,1.197721727E0,3.182692105E0,3.702725099E0
3.213867625E0,-2.167551294E0,8.189537153E-1,2.512401801E0,3.417766319E0
3.223837625E0,-1.739112939E0,4.529545605E-2,1.350998007E0,2.202671358E0
3.233806625E0,-1.743500836E0,-5.610397571E-1,-5.142567694E-2,1.832267823E0
3.243776625E0,-9.688750090E-1,-4.687049130E-1,-6.019550639E-1,1.233188135E0
3.253745625E0,-8.872232471E-2,-3.158627889E-1,-7.152746880E-1,7.869300042E-1
3.263715625E0,5.189416317E-1,-6.455513191E-1,-1.480035532E-1,8.413928776E-1
3.273684625E0,1.178095694E0,-3.912524021E-1,-1.797510105E-1,1.254311896E0
3.283654625E0,1.010065062E0,1.033558224E0,8.921038449E-2,1.447906255E0
3.293623625E0,1.141798080E0,4.122977006E-1,6.413003933E-1,1.372937888E0
3.303593625E0,5.504447851E-1,-2.849953374E-1,1.062283548E0,1.229901679E0
3.313562625E0,9.795711013E-1,-5.977360055E-1,4.370349312E-1,1.227944382E0
3.323532625E0,7.802344034E-1,7.821001768E-1,-3.017496568E-1,1.145207084E0
3.333501625E0,5.344580955E-1,1.643666646E0,-6.764099997E-1,1.856021548E0
3.343470625E0,2.230109960E-1,-4.728678381E-1,1.377320418E0,1.473210586E0
3.353440625E0,2.627685541E-1,-4.621364433E-1,1.572268927E0,1.659712922E0
3.363409625E0,1.036455373E0,-1.002720886E0,4.373729002E-1,1.506978424E0
3.373379625E0,1.798865490E0,-2.200308419E0,-4.134636354E-1,2.871972557E0
3.383348625E0,1.186200958E0,-1.318818148E0,-1.702886369E0,2.458897315E0
3.393318625E0,8.563913175E-1,-8.916670579E-1,-7.324988312E-1,1.437021492E0
3.403287625E0,8.859714313E-1,1.250695162E0,-1.457301557E-1,1.539617174E0
3.413257625E0,9.299550645E-1,2.057001642E0,5.734107113E-1,2.329135467E0
3.423226625E0,7.570932434E-1,-3.986462063E-1,5.788550538E-1,1.033045086E0
3.433196625E0,-9.432385680E-2,-9.928662810E-1,-1.353961961E0,1.681634155E0
3.443165625E0,-3.226749413E-1,-1.621696025E-1,-2.295440279E0,2.323674713E0
3.453135625E0,-6.848347411E-1,2.114057896E-1,-2.840559822E0,2.929585489E0
3.463104625E0,-6.406494521E-1,1.022201470E-1,-4.297340977E0,4.346034992E0
3.473073625E0,-6.495250138E-1,-1.302552071E-1,-5.473082144E0,5.513027962E0
3.483043625E0,-4.829601689E-1,-1.055562174E0,-7.809599698E-1,1.399057004E0
3.493012625E0,-9.563667183E-1,-1.664904318E0,4.468603000E0,4.863636136E0
3.502982625E0,-1.071916397E0,7.384618217E-1,4.328718891E0,4.520192237E0
3.512951625E0,-1.521375785E0,1.646690533E0,3.523537415E0,4.176300983E0
3.522921625E0,-1.323214962E0,1.193144234E0,2.481394016E0,3.054800691E0
3.532890625E0,-5.713405777E-1,4.538839754E-1,7.645889354E-1,1.056899692E0
3.542860625E0,-7.460619595E-1,1.716611246E0,-1.952208136E0,2.704529390E0
3.552829625E0,-6.879157121E-1,1.322034409E0,-7.461380464E-1,1.666650830E0
3.562799625E0,-1.354888306E0,7.301652074E-2,-9.189133286E-2,1.359962408E0
3.572768625E0,-1.537139586E0,-1.504837081E0,-2.905937541E-1,2.170662912E0
3.582737625E0,-1.064985181E0,-2.087850090E0,2.697098386E-1,2.359248786E0
3.592707625E0,-8.283384964E-1,-7.330078313E-1,6.212929755E-1,1.268641047E0
3.602676625E0,-4.871784599E-1,-1.059282757E0,1.679225610E0,2.044314423E0
3.612646625E0,-1.091612159E0,-1.749990076E0,1.105026695E0,2.339907342E0
3.622615625E0,-6.219422358E-1,-1.063407675E0,1.413410602E0,1.874934015E0
3.632585625E0,-5.991722278E-1,4.165696764E-1,1.570106041E-1,7.464515950E-1
3.642554917E0,-2.077440438E-1,-6.072991267E-1,1.446307622E0,1.582332315E0
3.652524917E0,1.729714015E-1,-1.806472718E0,2.480967754E-1,1.831615351E0
3.662493917E0,4.853781388E-1,-1.455354727E0,-4.679444826E-1,1.603939324E0
3.672463917E0,-3.643208211E-1,-1.774991893E0,1.650239793E0,2.450840112E0
3.682432917E0,-1.474974328E0,-1.895575806E0,1.727342348E0,2.958457113E0
3.692402917E0,1.592464880E-1,-9.261238226E-1,-3.773512316E-1,1.012649362E0
3.702371917E0,6.258326807E-1,9.220307717E-1,-2.543676803E0,2.777066612E0
3.712340917E0,6.493913318E-1,2.478395856E0,-2.592118061E0,3.644616738E0
3.722310917E0,1.718694170E0,3.064665180E0,-2.807074572E0,4.497304745E0
3.732279917E0,1.236280752E0,9.700390434E-1,-1.851056567E0,2.428121962E0
3.742249917E0,-3.684482245E-2,-9.883533999E-1,9.373034066E-1,1.362621613E0
3.752218917E0,-1.253575062E0,-2.275435200E-1,3.841624192E0,4.047382231E0
3.762188917E0,-3.724475811E0,2.273631334E-2,3.609607260E0,5.186665748E0
3.772157917E0,-2.921967682E0,1.269164470E-1,1.140155012E0,3.139101204E0
3.782127917E0,-1.971106775E0,7.354692167E-1,-2.771648632E0,3.479685765E0
3.792096917E0,-3.736766951E-1,1.004223913E0,-3.610414760E0,3.766058242E0
3.802066917E0,-7.034853125E-1,-3.796126422E-1,-9.380822557E-1,1.232475420E0
3.812035917E0,-1.380161434E0,-1.413806459E0,1.993704071E0,2.806875524E0
3.822005917E0,-2.372031203E0,-5.145432830E-2,2.200863320E0,3.236198222E0
3.831974917E0,-2.691226320E0,8.019377330E-1,-3.656568003E-1,2.831873607E0
3.841943917E0,-2.357227369E0,5.597881606E-1,-1.708957533E0,2.964864162E0
3.851913917E0,-2.120875457E0,-1.500477105E0,-4.202990305E-1,2.631766616E0
3.861882917E0,-3.095312483E0,-1.413445393E0,2.893855439E0,4.466898986E0
3.871852917E0,-3.727624244E0,5.164795884E-1,2.046279895E0,4.283596046E0
3.881821917E0,-2.752895442E0,1.371007471E0,2.980214721E-1,3.089807696E0
3.891791917E0,-1.297897103E0,-1.657764575E-1,-1.986036617E0,2.378310360E0
3.901760917E0,-1.043837483E0,-2.034327309E0,-1.134836969E0,2.552633785E0
3.911730917E0,-1.979965453E0,-5.919691890E-1,-2.325209624E-1,2.079604942E0
3.921699917E0,-2.325481373E0,1.045167578E0,5.483928144E-1,2.607867627E0
3.931669917E0,-1.641372783E0,-3.125991654E-1,1.210664831E0,2.063378827E0
3.941638917E0,-8.666582242E-1,-4.068229526E-1,-4.724199414E-1,1.067605729E0
3.951607917E0,-1.176177807E0,1.663089049E0,-2.004883363E0,2.858114189E0
3.961577917E0,-7.333681659E-1,1.473054833E0,-1.785818013E0,2.428346224E0
3.971546917E0,3.861954742E-1,1.744716472E0,-8.633472383E-1,1.984578284E0
3.981516917E0,5.518563030E-1,4.654635090E-1,-2.728913087E-1,7.717974628E-1
3.991485917E0,6.305510183E-1,-1.456420382E0,1.590702274E0,2.247017721E0
4.001455917E0,4.158554390E-1,-9.091864854E-2,1.280514500E0,1.349414440E0
4.011424917E0,5.533793199E-1,1.377603131E0,1.003748242E0,1.792074103E0
4.021394917E0,1.764313269E0,2.552847576E-1,2.149956876E-1,1.795604290E0
4.031363917E0,2.129162423E0,7.598614615E-1,-8.370254123E-1,2.410670779E0
4.041333917E0,1.783777627E0,-2.027710015E0,-3.166664886E-1,2.719144754E0
4.051302917E0,1.360837994E0,-2.527450780E0,2.717569488E-1,2.883355567E0
4.061272917E0,8.857738685E-2,-2.008952732E0,9.440376449E-1,2.221473410E0
4.071241917E0,-3.453269085E-1,-1.932315323E0,5.131364429E-1,2.028891863E0
4.081210917E0,-4.279475541E-1,-2.176499727E0,1.861387428E0,2.895695655E0
4.091180917E0,1.946677510E-1,-2.169939443E0,1.612948591E0,2.710744524E0
4.101149917E0,-2.357496121E-1,-1.098540378E0,1.285996265E0,1.707675389E0
4.111119917E0,-4.811535346E-2,-1.194745787E0,5.058397025E-1,1.298309049E0
4.121088917E0,4.330689475E-1,-9.606288269E-1,2.970888412E-1,1.094814247E0
4.131058917E0,6.983947266E-1,-2.286218051E0,-2.874502909E-1,2.407732510E0
4.141027917E0,8.852854433E-2,-1.706026323E0,-4.839933354E-1,1.775559818E0
4.150997917E0,-1.337111857E-1,-1.231410753E0,1.635735190E-1,1.249402825E0
4.160966917E0,5.389025641E-1,-3.505391166E-1,4.346545297E-1,7.760271941E-1
4.170936917E0,-1.086135108E-1,-1.132380554E-1,4.191822124E-1,4.475862812E-1
4.180905917E0,3.405438861E-1,3.715662888E-1,-7.705308759E-1,9.207331188E-1
4.190875917E0,8.278943273E-1,8.866957551E-1,-1.847017311E0,2.209776307E0
4.200844917E0,1.811470771E0,5.717919096E-1,-8.778378081E-1,2.092599236E0
4.210813917E0,1.936756576E0,3.283536109E-1,-1.022320753E0,2.214493588E0
4.220783917E0,1.805975997E0,-4.706476504E-1,-1.452003980E-1,1.871935273E0
4.230752917E0,1.538600220E0,-6.849978054E-1,7.772756392E-1,1.854904324E0
4.240722917E0,1.014086850E0,1.016294028E0,9.300639689E-2,1.438706321E0
4.250691917E0,7.860526022E-1,1.969323228E0,-9.630867040E-1,2.328872833E0
4.260661917E0,8.197729833E-1,1.756003645E0,-1.284694090E0,2.325083966E0
4.270630917E0,1.142972639E0,2.427705467E-2,-2.846944982E-1,1.178145486E0
4.280600917E0,2.881483754E-1,-7.019152620E-1,-3.690727437E-1,8.437589771E-1
4.290569917E0,7.803645770E-1,-2.174813390E-2,-1.467547633E0,1.662268904E0
4.300539917E0,8.923003844E-1,1.289350812E0,-1.344316978E0,2.065384621E0
4.310508917E0,2.145253522E0,5.144394949E-1,-6.009674692E-1,2.286465081E0
4.320477917E0,1.319240609E0,-3.069115788E-2,1.149233984E0,1.749878991E0
4.330447917E0,8.107250749E-1,-6.164073345E-1,2.177820028E0,2.404190763E0
4.340416917E0,7.392671295E-1,2.112452835E-1,4.317782843E-1,8.818009669E-1
4.350386917E0,1.390116464E0,-1.004627663E-1,2.869906998E-1,1.422982858E0
4.360355917E0,2.318278919E0,3.888082659E-1,2.948597072E0,3.770916826E0
4.370325917E0,2.145905486E0,1.070167641E0,4.524567870E0,5.120730764E0
4.380294917E0,2.850740117E0,2.145913526E0,-2.530850351E-2,3.568235502E0
4.390264917E0,5.488896523E0,2.639148094E0,-5.374537264E0,8.122729745E0
4.400233917E0,6.805484251E0,5.305246004E-1,-7.732700041E0,1.031458783E1
4.410203917E0,5.934634450E0,-1.437082470E0,-4.455311109E0,7.558762410E0
4.420172917E0,4.478601154E0,-1.320686918E0,1.322904475E0,4.853056612E0
4.430142917E0,3.616688530E0,4.226993126E-1,5.323679352E0,6.449858330E0
4.440111917E0,2.695501804E0,1.534748221E0,3.258947983E0,4.499102581E0
4.450080917E0,1.780500994E0,9.043718880E-1,7.399850214E-1,2.129706584E0
4.460050917E0,7.467832866E-1,-1.440324166E0,9.819083065E-1,1.896407895E0
4.470019917E0,-1.457176719E0,-1.679111005E0,2.955460533E0,3.698313767E0
4.479989917E0,-2.248468134E0,-6.284321335E-1,3.423139552E0,4.143479250E0
4.489958917E0,-1.800960694E0,2.106821966E-1,2.156530901E0,2.817529402E0
4.499928917E0,-1.307357898E0,-9.900868070E-1,-1.472544664E0,2.204051802E0
4.509897917E0,-7.735563715E-1,-2.707040992E0,-3.560702317E0,4.539279831E0
4.519867917E0,-1.060577915E0,-3.875826603E0,1.822585890E0,4.412332342E0
4.529836917E0,-1.456732331E0,-2.781875120E0,4.715029226E0,5.665015346E0
4.539806917E0,-7.282142839E-1,5.914850396E-1,3.738820785E-1,1.009919999E0
4.549775917E0,9.925345977E-1,2.921799575E0,-7.018345120E0,7.666759805E0
4.559745917E0,2.146556866E0,4.192205116E-1,-1.015811048E1,1.039089316E1
4.569714917E0,5.925357842E-1,-4.975040288E0,-2.523206286E0,5.609696470E0
4.579683917E0,-1.027184540E0,-6.575816730E0,8.155579448E0,1.052663051E1
4.589653917E0,-3.256013265E0,-2.846992052E0,1.356815753E1,1.424085267E1
4.599622917E0,-4.909640935E0,-1.410766784E0,1.723840801E1,1.797936450E1
4.609592917E0,-2.681118531E0,-2.319978997E0,1.024158065E1,1.083792754E1
4.619561917E0,-3.050594732E0,-4.753844798E-1,3.020529519E0,4.319226458E0
4.629531917E0,1.751900654E0,4.494657901E0,-9.455788540E0,1.061522691E1
4.639500917E0,7.415590918E0,2.490801894E0,-1.177338158E1,1.413533150E1
4.649470750E0,3.508025044E0,-2.104142480E0,-9.506086289E0,1.034888070E1
4.659439750E0,2.501959258E0,-3.084082613E0,-5.373195913E0,6.681511806E0
4.669409750E0,2.153906378E0,1.654669936E0,-1.569861628E0,3.137150110E0
4.679378750E0,2.784621557E0,4.906748317E0,3.630220449E-1,5.653501682E0
4.689347750E0,3.231706682E0,3.642564798E0,-7.150074703E-1,4.921731613E0
4.699317750E0,7.225489166E-1,-1.718034750E-1,-2.364108226E0,2.478023623E0
4.709286750E0,-1.605297655E0,-2.084454904E0,-2.479406548E0,3.615161081E0
4.719256750E0,-4.110188561E0,-2.671284976E0,1.532864540E0,5.136057547E0
4.729225750E0,-4.949323649E0,-7.138976687E-1,8.918443455E0,1.022468034E1
4.739195750E0,-4.615990257E0,7.943746519E-1,1.431404473E1,1.506088555E1
4.749164750E0,-3.290566801E0,2.967046791E0,9.050808045E0,1.007711877E1
4.759134750E0,-1.075087196E0,2.219388761E0,-2.094757406E0,3.235661840E0
4.769103750E0,2.237638798E0,-7.228518024E-1,-1.202234433E1,1.225015532E1
4.779073750E0,3.877871667E0,1.575748312E0,-1.575175110E1,1.629842121E1
4.789042750E0,3.098391335E0,2.551415008E0,-1.147079402E1,1.215273067E1
4.799011750E0,1.482892481E0,-3.379795897E-1,-1.717607903E0,2.294205140E0
4.808981750E0,1.137879349E0,6.205044785E-1,6.413368800E0,6.543018767E0
4.818950750E0,9.422114132E-1,3.576692990E0,7.672701761E0,8.517678522E0
4.828920750E0,-1.449537039E0,4.168961849E0,3.956985079E0,5.927826874E0
4.838889750E0,-4.006611275E0,1.234976385E0,-1.255759728E-1,4.194504727E0
4.848859750E0,-3.867893685E0,-6.293668109E0,-1.069362772E0,7.464207699E0
4.858828750E0,-2.759706278E0,-4.349111640E0,-3.610680224E0,6.290291128E0
4.868798750E0,-2.266283285E0,3.388303303E0,-6.900296853E0,8.014408017E0
4.878767750E0,4.096701812E-2,5.118746138E0,-7.173182899E0,8.812365926E0
4.888737750E0,7.653429338E-1,-1.997555924E0,-7.047081846E-1,2.252241795E0
4.898706750E0,5.276456507E-1,-5.780360928E0,9.708128639E0,1.131100102E1
4.908676750E0,-1.612709293E0,-1.653059320E0,1.427331069E1,1.445893614E1
4.918645750E0,-2.339671250E0,4.648281797E0,9.995203539E0,1.126874789E1
4.928614750E0,-3.957081266E-1,4.973974925E0,2.330490829E0,5.507104410E0
4.938584750E0,3.203140402E0,2.321634636E0,-7.977789009E-1,4.035659425E0
4.948553750E0,3.542573318E0,8.546968675E-1,3.218073606E-2,3.644361130E0
4.958523750E0,1.733618165E0,-1.023225317E0,2.418658070E0,3.146796601E0
4.968492750E0,-3.428800680E-1,-4.803841415E0,3.634730991E0,6.033715974E0
4.978462750E0,-4.992198138E-1,-6.565559544E0,-5.116664529E-2,6.584710364E0
4.988431750E0,-8.638335805E-1,-3.459890472E0,-4.135698209E0,5.460865335E0
4.998401750E0,-3.127920505E-1,4.990519622E-1,-3.246223272E0,3.299220705E0
5.008370750E0,3.439428360E-1,-2.459835917E-2,7.412983060E-1,8.175725853E-1
5.018340750E0,1.404424016E0,-2.436357299E0,2.969052386E0,4.089439544E0
5.028309750E0,1.563510382E0,-1.809728447E0,2.404097918E0,3.391071891E0
5.038279750E0,2.357960317E0,7.758182207E-1,4.487328708E-2,2.482717137E0
5.048248750E0,3.943418369E0,9.904192212E-1,-3.239824664E0,5.198840498E0
5.058217750E0,5.331923341E0,-7.124925828E-1,-8.610826702E0,1.015299900E1
5.068187750E0,4.687617771E0,-2.042774490E0,-1.165940531E1,1.273139506E1
5.078156750E0,4.400561583E0,-3.141687335E0,-8.125490845E0,9.760058557E0
5.088126750E0,2.986141459E0,-3.646402911E0,-5.149679663E0,6.980866395E0
5.098095750E0,2.088476766E0,-5.168821692E-2,-7.300533502E0,7.593562819E0
5.108065750E0,1.199146840E0,4.011677011E0,-1.127465735E1,1.202702806E1
5.118034750E0,-2.416181774E0,-5.221487564E-1,2.144385181E1,2.158586005E1
5.128004750E0,-3.255671788E0,2.479046944E-1,4.170567261E1,4.183328798E1
5.137973750E0,-6.898348560E0,7.774310582E0,1.751002522E1,2.036241884E1
5.147943750E0,3.096613489E0,5.397412741E0,-1.466706686E1,1.593248034E1
5.157912750E0,2.448707057E0,-2.885529588E0,-1.848145122E1,1.886495392E1
5.167882750E0,1.521456842E-1,-3.388536023E0,-9.126794951E0,9.736719713E0
5.177851750E0,3.767098213E0,-7.210265940E-1,3.703290764E0,5.331535499E0
5.187820750E0,-1.040436158E0,-6.148554835E-1,9.602560084E0,9.678311570E0
5.197790750E0,-1.122359084E0,-1.351605825E0,6.742831335E0,6.967948237E0
5.207759750E0,-1.775935341E0,6.149627799E-1,2.670067293E0,3.265177623E0
5.217729750E0,-4.554932169E0,3.299021583E0,-1.903930600E0,5.937668077E0
5.227698750E0,-2.664299015E0,1.899952154E0,-2.757313013E0,4.279145064E0
5.237668750E0,-3.246947157E-1,1.312251433E0,-2.378401744E0,2.735731226E0
5.247637750E0,-1.676267358E-1,1.164323308E0,-1.922129474E0,2.253514855E0
5.257607750E0,2.985065717E-1,-2.646938047E-1,-1.382263654E0,1.438687524E0
5.267576750E0,-6.740676051E-1,-2.339312231E0,-3.055865997E-1,2.453595733E0
5.277546750E0,-1.496979008E0,-2.399763085E0,1.805573416E-1,2.834150661E0
5.287515750E0,-1.119143993E0,-5.713986844E-1,-7.266410905E-1,1.451546419E0
5.297485750E0,2.870228595E-1,5.454165816E-2,-3.464990999E0,3.477286231E0
5.307454750E0,1.371159060E0,-3.429549563E0,-5.533619537E0,6.653031831E0
5.317423750E0,2.504809776E0,-1.383398598E-1,-6.662843179E0,7.119458488E0
5.327393750E0,4.873760958E0,1.717068790E1,-7.343291266E0,1.930051801E1
5.337362750E0,7.668385931E0,2.332578051E1,-2.038348147E0,2.463840584E1
5.347332750E0,5.820297410E0,5.361093346E0,6.358914265E0,1.015150109E1
5.357301750E0,-2.295128915E0,-1.311093216E1,9.409777969E0,1.630055460E1
5.367271750E0,-8.943758390E0,-1.402449295E1,3.400247703E0,1.697759998E1
5.377240750E0,-5.510696697E0,-3.260196948E0,-5.561096773E0,8.480711028E0
5.387210750E0,7.524131320E-1,3.073038977E0,-6.160696578E0,6.925595744E0
5.397179750E0,2.801055741E0,1.650613430E-1,-3.535510173E0,4.513644946E0
5.407149750E0,5.080070899E0,-5.160157288E0,2.265851614E0,7.587386053E0
5.417118750E0,5.700152332E-1,-5.900094947E0,4.158768398E0,7.240952447E0
5.427088750E0,-8.248460276E-1,-2.754409578E0,5.241118421E0,5.977998444E0
5.437057750E0,-1.365984128E0,-2.559620114E0,4.288433329E0,5.177666287E0
5.447026750E0,2.642043927E-1,-5.196498903E0,4.589436881E0,6.938035435E0
5.456996750E0,1.923340432E0,-4.535756225E0,3.361455520E0,5.964202056E0
5.466965750E0,3.240309983E0,-1.696349766E0,1.987386739E0,4.162561395E0
5.476935750E0,3.383112145E0,-3.321650015E0,2.093131880E0,5.182664149E0
5.486904750E0,1.884434521E0,-5.917165893E0,2.299219335E0,6.621960074E0
5.496874750E0,2.306017600E-1,-3.158053400E0,2.084368658E-1,3.173314415E0
5.506843750E0,2.203920829E-1,-1.855764453E0,1.574187398E0,2.443460730E0
5.516813750E0,4.110121903E-1,-2.970379412E0,2.285670751E0,3.770460934E0
5.526782750E0,5.022447612E-1,-2.936972222E0,-4.701898134E-1,3.016477100E0
5.536752750E0,8.753646552E-1,-8.288036424E-1,-5.514204442E0,5.644433487E0
5.546721750E0,1.024960113E0,-1.460953143E0,-6.123730481E-1,1.886777165E0
5.556691750E0,-6.071014908E-1,-3.950516597E0,1.170651399E1,1.237002924E1
5.566660750E0,-1.220667005E0,-8.150635627E-1,1.126166484E1,1.135691206E1
5.576629750E0,7.042979293E-1,4.427153258E0,1.387658880E0,4.692687791E0
5.586599750E0,4.013100808E0,4.846668177E0,-8.417818884E0,1.050975001E1
5.596568750E0,7.061361331E0,1.977511084E0,-1.194485820E1,1.401616964E1
5.606538750E0,4.166701900E0,2.775126556E-1,-1.096036717E1,1.172894141E1
5.616507750E0,1.618548177E0,8.845366707E-1,-7.310376120E0,7.539476264E0
5.626477750E0,-1.108641224E0,2.267348501E-1,2.882626446E0,3.096777241E0
5.636446750E0,-4.980004574E0,1.988602960E-1,1.038055610E1,1.151503087E1
5.646417250E0,-3.513082593E0,5.204840541E-1,1.138280395E1,1.192396237E1
5.656386250E0,-1.684743628E0,2.453665935E0,6.526651002E0,7.173284527E0
5.666356250E0,3.192655760E-1,3.842570271E0,-1.023703619E0,3.989391670E0
5.676325250E0,2.826951013E0,3.088051119E0,-4.527069894E0,6.166204146E0
5.686295250E0,3.289011734E0,4.381456098E-1,-5.339231776E0,6.286252120E0
5.696264250E0,1.797298582E0,6.864654565E-1,-6.009991611E0,6.310429160E0
5.706234250E0,1.335533474E-1,8.353832218E-1,-3.065974663E0,3.180550622E0
5.716203250E0,-5.878399219E-1,1.273000243E-1,1.319127758E0,1.449778987E0
5.726172250E0,-1.976455370E0,-1.393005866E0,4.454928702E0,5.068849071E0
5.736142250E0,-1.916221886E0,2.519205621E-1,2.778451282E0,3.384547505E0
5.746111250E0,-1.747578246E0,2.259742735E0,-1.550371689E0,3.250249118E0
5.756081250E0,-2.359997779E0,2.790628109E0,-6.825413316E0,7.742316300E0
5.766050250E0,-3.667465751E0,4.260096845E0,-5.535613437E0,7.889343844E0
5.776020250E0,-3.916124444E0,6.442994303E-1,-7.399043298E-1,4.037153803E0
5.785989250E0,-4.378860811E0,-2.963529691E-1,2.437723501E0,5.020432547E0
5.795959250E0,-6.022471324E0,-8.781798702E-1,1.783590224E0,6.342125418E0
5.805928250E0,-4.556341933E0,-2.962231609E0,1.351110274E0,5.600050615E0
5.815898250E0,-2.563192470E0,-3.599369954E0,-4.203358680E-1,4.438704986E0
5.825867250E0,-1.263259074E0,-2.106664968E0,-4.535691029E-1,2.497916273E0
5.835837250E0,-2.551739529E-2,-8.767341462E-1,-1.374300331E-1,8.878068002E-1
5.845806250E0,1.343082047E-1,2.341385946E-1,-4.641660118E-1,5.369447475E-1
5.855775250E0,3.807155367E-1,-1.232738363E0,-3.658871806E-1,1.341067344E0
5.865745250E0,-1.085352422E0,-1.736609600E0,9.121182793E-1,2.241821255E0
5.875714250E0,-2.222790379E0,-7.775101125E-1,1.322598081E0,2.700848890E0
5.885684250E0,-3.460084892E0,-5.494874132E-1,1.378815551E0,3.765004144E0
5.895653250E0,-3.487705677E0,-1.561203948E0,1.992314188E0,4.309380986E0
5.905623250E0,-3.349021124E0,-1.016817061E0,1.064613079E0,3.658313878E0
5.915592250E0,-3.153793703E0,-4.097442216E-1,-7.245928109E-2,3.181124863E0
5.925562250E0,-3.647323847E0,8.824863446E-1,-9.108061641E-1,3.861518000E0
5.935531250E0,-2.964489219E0,-5.513234389E-1,1.535957717E0,3.383979902E0
5.945501250E0,-1.746751888E-1,-1.654188125E0,2.638630908E0,3.119170217E0
5.955470250E0,-4.428247710E-1,-1.662717167E0,2.037601458E0,2.666934918E0
5.965440250E0,4.649922234E-1,-1.177623970E0,1.887521558E0,2.272829430E0
5.975409250E0,1.438945393E0,-6.201553997E-1,7.923784125E-1,1.755853101E0
5.985379250E0,5.725316555E-1,8.915547913E-1,-5.121786690E-1,1.176855739E0
5.995348250E0,1.707835160E0,2.119268642E0,-1.459396614E0,3.088339196E0
6.005317250E0,1.481539143E0,1.742742160E-1,5.152624905E-1,1.578234827E0
6.015287250E0,1.099994069E0,-2.170743728E-1,2.731363070E-1,1.153998127E0
6.025256250E0,1.122570096E0,8.381255659E-1,-3.356895277E0,3.637494190E0
6.035226250E0,1.176465490E0,2.128626526E0,-1.009690650E1,1.038569414E1
6.045195250E0,4.834832754E-1,-1.783945150E0,-8.673148665E0,8.867904157E0
6.055165250E0,7.198901146E-1,-7.644310021E0,-3.568944553E0,8.467058680E0
6.065134250E0,-1.648695251E0,-9.022115757E0,2.287151266E1,2.464189238E1
6.075104250E0,2.405726953E0,4.315306255E0,2.062183854E1,2.120541476E1
6.085073250E0,-5.146744945E0,1.122463326E1,-4.977725329E0,1.331386964E1
6.095043250E0,-5.797888176E-1,4.913932791E-1,-7.493487525E0,7.531930544E0
6.105012250E0,4.480154175E-1,-3.626333805E0,-5.997991955E0,7.023312763E0
6.114982250E0,-8.390006018E-1,9.201742807E-1,-5.842954786E0,5.974174701E0
6.124951250E0,1.835696078E0,3.419283898E0,-3.968623377E0,5.550788591E0
6.134921250E0,1.983148093E0,-1.710959619E-1,-3.459405153E0,3.991194583E0
6.144890250E0,5.783439340E-1,-3.447222187E0,-4.749914299E0,5.897415397E0
6.154859250E0,3.642623855E-1,-1.741406364E0,-4.269843861E0,4.625662094E0
6.164829250E0,3.181931236E-1,-6.207035762E-1,1.921003885E0,2.043716154E0
6.174798250E0,1.848529620E-1,-2.326093723E0,1.788577197E1,1.803734242E1
6.184768250E0,-2.707138421E-1,3.766168213E-1,1.526560423E1,1.527264871E1
6.194737250E0,5.007368008E-1,5.981038538E0,5.593998470E0,8.204655887E0
6.204707250E0,1.678127321E-1,7.727001345E0,-6.370203484E0,1.001569785E1
6.214676250E0,-2.591836225E0,1.528544910E0,-8.098372629E0,8.639311535E0
6.224646250E0,-1.516445120E0,-2.849639086E0,-4.303952424E0,5.379967955E0
6.234615250E0,-1.174336300E0,-2.989374092E0,-6.435185931E0,7.192151359E0
6.244585250E0,-1.169009340E0,-4.291201401E0,-5.511580212E0,7.082267202E0
6.254554250E0,-1.977976377E-1,-4.392024940E-1,-4.913567340E0,4.937121301E0
6.264524250E0,6.835484633E-2,9.498116534E0,-2.437990134E0,9.806257490E0
6.274493250E0,7.066453671E-1,1.092497047E1,4.936284943E0,1.200921465E1
6.284463250E0,1.794131584E0,2.552768054E0,6.428269259E0,7.145500581E0
6.294432250E0,1.446648844E-1,-7.721755807E0,6.644202840E-1,7.751638213E0
6.304401250E0,-2.289195307E0,-1.158935684E1,-2.024133566E0,1.198543799E1
6.314371250E0,-6.144697865E-1,-5.902709237E0,3.993063569E-3,5.934607435E0
6.324340250E0,1.290251137E0,1.534276058E0,4.033374858E0,4.504094112E0
6.334310250E0,1.785097928E0,3.064477484E0,3.443155741E0,4.942966551E0
6.344279250E0,2.237601888E-1,3.475289699E-1,6.648360211E-1,7.828486073E-1
6.354249250E0,-3.546342871E-1,-1.483733311E0,-2.532827294E0,2.956762439E0
6.364218250E0,-3.219281057E-1,4.393270397E-1,-2.916394701E0,2.966817151E0
6.374188250E0,1.868178275E-1,5.061097269E0,-3.365227559E0,6.080654816E0
6.384157250E0,1.241483312E0,2.972579719E0,5.034341580E-1,3.260514829E0
6.394127250E0,1.248571307E0,-2.001251365E0,4.033147987E0,4.672282099E0
6.404096250E0,-1.275065772E0,-1.067829164E1,3.341069203E0,1.126119215E1
6.414066250E0,-4.507699677E-1,-1.067845069E1,8.800387001E-1,1.072413030E1
6.424035250E0,-1.108098018E0,-2.852287290E0,1.153448657E0,3.270147979E0
6.434005250E0,-5.490330845E-1,1.531848002E0,4.882049094E0,5.146105225E0
6.443974250E0,6.842006106E-2,2.531740882E0,4.580611678E0,5.234156718E0
6.453943250E0,-1.608656734E-1,-6.162456590E-1,1.410092307E0,1.547254598E0
6.463913250E0,1.215559682E0,-1.383303289E0,-3.660433012E-1,1.877525240E0
6.473882250E0,4.094993694E-1,8.996701419E-1,-1.038991165E0,1.434084634E0
6.483852250E0,1.139286481E-1,1.674770325E0,-1.098785377E0,2.006281306E0
6.493821250E0,-1.200076511E-1,8.000748101E-1,-2.558209473E-1,8.485080407E-1
6.503791250E0,-9.825396230E-2,1.747478405E0,-2.061756306E0,2.704472902E0
6.513760250E0,-8.493038708E-2,1.738139817E0,-4.253991475E0,4.596170869E0
6.523730250E0,1.422084325E-1,-2.176503235E-1,-1.426778507E0,1.450273012E0
6.533699250E0,-2.406769694E-1,-1.325592147E0,2.796658927E0,3.104258543E0
6.543669250E0,-5.477831325E-1,5.612587354E-1,1.291685606E0,1.511135147E0
6.553638250E0,-6.029137149E-1,2.643591685E0,4.411724210E-2,2.711831167E0
6.563608250E0,1.641802773E-1,2.350257341E0,-1.151385759E0,2.622280286E0
6.573577250E0,8.044559095E-1,1.148806552E0,-2.591566669E0,2.946714035E0
6.583547250E0,1.214068130E0,1.550114703E0,-3.642054044E0,4.140214328E0
6.593516250E0,1.194181969E0,1.512134114E0,-3.463447334E0,3.963342981E0
6.603486250E0,1.235577186E0,1.551277422E0,-4.166441115E0,4.614362815E0
6.613455250E0,1.310237505E0,-6.844458282E-3,-3.482595211E0,3.720919049E0
6.623424250E0,1.713857353E0,-9.545535699E-1,-1.519180301E0,2.481207031E0
6.633394250E0,1.942900392E0,7.141567004E-1,-5.089106601E-1,2.131635941E0
6.643362917E0,2.350078124E0,2.257910510E0,2.519097447E-2,3.259089082E0
6.653332917E0,2.268770105E0,1.033602078E0,1.133051814E0,2.738513732E0
6.663301917E0,2.384676099E0,-9.317505983E-1,9.289103132E-1,2.723547988E0
6.673271917E0,1.662550082E0,-1.797727914E0,1.260731031E0,2.754149807E0
6.683240917E0,1.502775499E0,-2.580995488E0,2.883226955E0,4.151249159E0
6.693210917E0,9.644251317E-1,-2.105106101E0,3.662063801E0,4.332701099E0
6.703179917E0,3.328333090E-1,-4.554553562E0,3.552036744E0,5.785473290E0
6.713149917E0,4.664827517E-1,-2.534563333E0,1.760573829E0,3.121095585E0
6.723118917E0,-4.705070979E-1,-1.434043380E0,1.064365157E0,1.846816323E0
6.733088917E0,-9.912993734E-1,-1.681033570E-1,3.350361013E-1,1.059802989E0
6.743057917E0,-1.272245660E0,-7.845542532E-1,4.059283286E-1,1.548842214E0
6.753027917E0,-1.285480394E0,-2.699360674E0,9.319368321E-1,3.131695092E0
6.762996917E0,-1.450634854E0,-3.318309208E0,9.319608057E-1,3.739527835E0
6.772966917E0,-2.479749194E0,-1.552729578E0,1.137580483E0,3.139142330E0
6.782935917E0,-2.349696155E0,-3.081988433E-1,2.159469711E0,3.206145346E0
6.792904917E0,-1.480676386E0,-7.358457774E-2,2.697542775E0,3.078076392E0
6.802874917E0,-1.542788581E0,-2.285501182E-1,1.491337030E0,2.157896638E0
6.812843917E0,-1.468268595E0,1.325187812E0,-9.758073217E-1,2.205478482E0
6.822813917E0,-1.490824375E0,2.050217118E0,-1.908015465E0,3.172770172E0
6.832782917E0,-1.308900686E0,2.302352858E0,-2.278968088E0,3.493958390E0
6.842752917E0,-1.335312120E0,1.377597283E0,-1.784482509E0,2.620154682E0
6.852721917E0,-1.041408477E0,7.335305724E-1,3.151473820E-1,1.312218194E0
6.862691917E0,-8.095320967E-1,1.242482455E0,1.034882911E0,1.808338327E0
6.872660917E0,-6.350365636E-1,2.156352561E0,1.219343269E-1,2.251220954E0
6.882630917E0,-4.601751775E-1,2.592249624E0,-2.040574767E0,3.330985543E0
6.892599917E0,6.985521629E-1,2.055491014E0,-4.813900380E0,5.280781694E0
6.902569917E0,1.257764775E-1,1.675902345E0,-6.546230988E0,6.758521180E0
6.912538917E0,1.404954816E-1,-8.325879604E-2,-6.395713717E0,6.397798446E0
6.922508917E0,3.392424421E-1,-1.936321836E0,-2.923388556E0,3.522872171E0
6.932477917E0,2.655385263E-1,-2.163843428E0,1.555961627E-1,2.185621023E0
6.942447917E0,3.308470099E-1,-1.178327098E0,2.485675347E0,2.770649098E0
6.952416917E0,-1.721214905E-1,-1.176409796E0,6.081630528E0,6.196756869E0
6.962385917E0,-1.069768057E0,-4.041162765E-1,7.096953333E0,7.188494994E0
6.972355917E0,-9.752193841E-1,1.525514590E0,3.458859023E0,3.904094435E0
6.982324917E0,-5.325094013E-1,2.624210504E0,-9.956141800E-1,2.856797968E0
6.992294917E0,-6.526491080E-1,1.491870881E0,-1.877329277E0,2.485154884E0
7.002263917E0,9.484348241E-2,-2.834203899E-1,-2.217030287E-2,2.996897160E-1
7.012233917E0,1.638258446E-1,-7.767751175E-1,1.130880743E0,1.381705376E0
7.022202917E0,-1.483734626E-1,6.032148466E-1,1.377867717E0,1.511423925E0
7.032172917E0,-1.523147418E-1,2.384109212E0,-1.016640183E0,2.596292313E0
7.042141917E0,-1.415070042E-1,2.337242316E0,-4.701940234E0,5.252710523E0
7.052111917E0,6.559649178E-1,8.066099507E-1,-6.175577742E0,6.262481140E0
7.062080917E0,1.203698970E0,-1.888227902E0,-1.810864561E0,2.879848309E0
7.072050917E0,4.297162637E-2,-3.653349403E0,6.051201618E0,7.068652590E0
7.082019917E0,-5.072012267E-1,-2.088302665E0,9.890833079E0,1.012160264E1
7.091989917E0,-1.554390334E0,-5.761983714E-1,6.739699566E0,6.940582405E0
7.101958917E0,-1.165616128E0,1.015929746E0,2.842464845E0,3.235796749E0
7.111928917E0,-7.022387592E-1,6.863710240E-1,2.358398420E-1,1.009883601E0
7.121897917E0,-1.061694149E0,2.877675024E-1,-5.524958056E-1,1.230957439E0
7.131867917E0,-2.594178985E-1,8.442952555E-1,-9.551882851E-1,1.300967634E0
7.141836917E0,3.246460377E-1,2.526759639E0,-2.302482081E0,3.433851053E0
7.151805917E0,-1.419926886E-2,3.314776028E0,-4.893232478E0,5.910301670E0
7.161775917E0,1.846473227E0,1.984038916E0,-6.477501061E0,7.021673148E0
7.171744917E0,2.116736213E0,-1.597323661E0,-5.165815054E0,5.806690989E0
7.181714917E0,2.005621135E0,-4.606549342E0,1.762192923E-1,5.027312027E0
7.191683917E0,2.035560633E0,-2.065714871E0,1.617360899E0,3.320623631E0
7.201653917E0,2.261002518E0,1.737028846E0,1.497227515E0,3.220417959E0
7.211622917E0,2.001800857E0,2.082453987E0,8.581940871E-1,3.013356662E0
7.221592917E0,1.094516982E0,-2.253682389E0,2.075099652E0,3.253166196E0
7.231561917E0,-3.127569672E-2,-4.856432442E0,6.876202816E-1,4.904970528E0
7.241531917E0,-2.360432885E-1,-3.714380886E0,2.336155611E-1,3.729198041E0
7.251500917E0,-1.120981261E0,-1.142358828E0,-2.619365501E-1,1.621787111E0
7.261470917E0,4.609732859E-2,5.675716817E-1,6.652704692E-1,8.756982213E-1
7.271439917E0,9.662961676E-1,1.419321260E0,1.469626318E0,2.260089077E0
7.281409917E0,1.697923252E0,1.141851874E0,1.968642905E0,2.839423174E0
7.291378917E0,1.838200441E0,-9.742320818E-1,3.172194014E0,3.793537118E0
7.301348917E0,1.275179062E0,-3.402319372E0,1.597869206E0,3.969262494E0
7.311317917E0,1.221093048E0,-2.677075766E0,-1.311963750E0,3.221653577E0
7.321287917E0,6.388765032E-1,-1.140057364E0,-9.746343702E-1,1.630277932E0
7.331256917E0,1.707450559E-1,-1.622126965E0,1.817163767E0,2.441830035E0
7.341225917E0,1.687010520E-1,-1.850863025E0,9.767159790E-1,2.099554258E0
7.351195917E0,-2.460165188E-1,-1.676397897E0,1.012943573E0,1.974053879E0
7.361164917E0,-3.738769988E-1,-1.417984879E0,2.297654035E0,2.725743787E0
7.371134917E0,-5.222818536E-1,1.324768567E-1,1.605032045E0,1.693061227E0
7.381103917E0,-6.884615497E-1,2.848353868E0,-3.907466179E-1,2.956312227E0
7.391073917E0,-5.907130975E-1,2.280790958E0,-1.137682809E0,2.616346982E0
7.401042917E0,-7.970358659E-1,4.623548368E-1,-2.699522057E0,2.852447634E0
7.411012917E0,-7.726210362E-1,-9.789461070E-1,-4.431269113E0,4.603414461E0
7.420981917E0,-4.543751781E-1,-3.234094977E-1,-3.939004891E0,3.978292352E0
7.430951917E0,-3.659308154E-1,1.351246221E0,-2.327876539E0,2.716391152E0
7.440920917E0,-3.877653054E-1,1.671380986E0,7.290922433E-1,1.864256375E0
7.450890917E0,-2.125543289E-2,9.071344051E-1,1.432085440E0,1.695350503E0
7.460859917E0,-4.297729086E-2,1.167025599E0,2.145144618E-1,1.187355149E0
7.470829917E0,7.714488157E-1,2.002137803E0,-1.737168009E0,2.760695881E0
7.480798917E0,9.814680111E-1,1.749462365E0,-2.467056643E0,3.179664527E0
7.490768917E0,1.474990846E0,6.490491235E-1,-2.620233228E0,3.076115234E0
7.500737917E0,1.192434967E0,1.496293715E-1,-2.935865929E0,3.172317584E0
7.510707917E0,1.254704013E0,-1.014813805E0,-2.097969282E0,2.646810217E0
7.520676917E0,5.928294241E-1,-1.625245285E0,-3.627267605E-1,1.767608459E0
7.530645917E0,7.649783599E-1,-2.029154278E0,2.120036674E0,3.032690962E0
7.540615917E0,4.482957184E-1,-2.589626563E-1,3.046382983E0,3.090061486E0
7.550584917E0,4.971229292E-1,1.353137796E0,3.163351269E0,3.476334902E0
7.560554917E0,7.022264801E-1,5.327149674E-1,2.055409738E0,2.236429399E0
7.570523917E0,1.068408068E0,6.824051499E-2,7.264861393E-1,1.293806275E0
7.580493917E0,3.983155828E-1,-9.982705700E-1,-1.001798195E0,1.469285220E0
7.590462917E0,9.149353217E-1,-1.433482339E0,-1.405936691E0,2.206498638E0
7.600432917E0,5.510684272E-1,-1.975277156E-2,-3.473481156E0,3.516978522E0
7.610401917E0,1.420714944E0,-1.116065068E0,-9.746161854E0,9.912199709E0
7.620371917E0,4.736420460E-1,-3.003239887E0,-1.537174757E1,1.566953764E1
7.630340917E0,-7.765618403E-1,-7.824796026E0,-6.999331729E0,1.052716134E1
7.640310917E0,-5.987356601E-1,-8.609495291E0,1.677255800E1,1.886267732E1
7.650279375E0,6.533116706E-1,3.598995148E0,1.951085821E1,1.985077254E1
7.660249375E0,7.508003969E-1,1.027642187E1,1.137192462E1,1.534565792E1
7.670218375E0,9.676207812E-1,2.310629591E-1,8.531158973E0,8.588966963E0
7.680188375E0,1.149553461E0,-6.027198797E0,9.346604651E-1,6.206624581E0
7.690157375E0,2.154182074E0,-2.414672315E0,-8.092811342E0,8.715775250E0
7.700127375E0,3.782105676E0,8.796378735E-1,-6.232124995E0,7.342851496E0
7.710096375E0,4.068608426E0,-9.696554661E-2,-2.016983006E0,4.542157779E0
7.720066375E0,2.957843274E0,3.009678841E-2,-6.402984145E0,7.053222569E0
7.730035375E0,2.073894248E0,-1.242290082E0,1.298391777E-1,2.420987446E0
7.740005375E0,-1.245751634E0,-7.624836454E-1,1.353212932E1,1.361072380E1
7.749974375E0,-6.401674953E-1,2.991607436E0,9.977829123E0,1.043631178E1
7.759943375E0,1.366254270E0,4.441454378E0,-2.031311023E-1,4.651282615E0
7.769913375E0,1.437067267E0,1.846401307E0,-5.900614180E0,6.347567079E0
7.779882375E0,-1.027016798E0,-1.630734943E0,-1.073675561E1,1.090834456E1
7.789852375E0,4.205088359E-1,-3.442526288E0,-1.040138505E1,1.096433427E1
7.799821375E0,9.119171351E-3,-5.765628283E0,-1.783501346E0,6.035182657E0
7.809791375E0,-2.210595280E0,-6.293974503E0,2.772654353E0,7.224157992E0
7.819760375E0,-2.414740143E0,-4.884912768E0,1.510265052E0,5.654577193E0
7.829730375E0,-2.507652692E0,5.721572437E0,2.798529451E0,6.845179345E0
7.839699375E0,-4.109822233E-1,2.192938121E1,8.717937167E0,2.360231122E1
7.849669375E0,3.113710674E-1,1.785075650E1,8.484799324E0,1.976710093E1
7.859638375E0,7.800935586E-1,4.430099085E-1,3.374115912E0,3.491340992E0
7.869608375E0,-1.504673944E0,-4.614760002E0,-5.018175783E0,6.981557258E0
7.879577375E0,-2.623112397E0,-2.697431970E0,-4.333791350E0,5.739216440E0
7.889547375E0,2.887212198E-1,3.583997917E0,-2.320870405E0,4.279584144E0
7.899516375E0,8.501512420E-1,7.787615336E0,-8.250204939E-1,7.877205632E0
7.909486375E0,1.652337811E-1,5.765028359E0,-8.297908278E0,1.010535185E1
7.919455375E0,4.141094239E-1,7.616647428E-1,-1.409571905E1,1.412235516E1
7.929425375E0,-2.561924501E0,-8.801876872E0,1.170545915E1,1.486789385E1
7.939394375E0,-3.166233947E0,-1.828954969E0,1.819205965E1,1.855589254E1
7.949364375E0,-6.972923364E0,4.694323066E-1,1.093578899E1,1.297819355E1
7.959333375E0,-5.054530261E0,-3.007853632E0,6.818683755E-1,5.921182662E0
7.969303375E0,-4.108162793E0,-6.148465372E0,-4.814340675E0,8.823746603E0
7.979272375E0,-3.634164981E0,-2.488720870E0,-7.831655980E0,8.985305897E0
7.989242375E0,-1.182751028E0,4.113516212E0,-5.835594311E0,7.236993615E0
7.999211375E0,-1.996362800E0,3.818796370E0,-2.259509139E0,4.865598801E0
8.009181375E0,-2.074300484E0,-8.874494612E-1,-5.424637377E-1,2.320464598E0
8.019150375E0,-1.768794575E0,-4.851836823E0,5.746906668E-1,5.196077768E0
8.029119375E0,-2.509346338E0,-1.562686217E0,1.936315404E0,3.533854072E0
8.039089375E0,-2.555294051E0,-2.522744648E0,4.546055219E0,5.793132684E0
8.049058375E0,-2.157232566E0,-3.702438532E0,3.509011177E0,5.538489223E0
8.059028375E0,-2.498754984E0,-4.438061531E0,7.056560183E-1,5.141800953E0
8.068997375E0,-1.589608552E0,-2.528530176E0,2.587825035E0,3.951855085E0
8.078967375E0,-4.781554387E-1,2.563331634E-2,1.704059905E-1,5.082596699E-1
8.088936375E0,-6.514354453E-1,-2.823091266E0,-2.001307206E0,3.521284278E0
8.098906375E0,6.871673416E-1,-8.104611023E0,-3.769083635E0,8.964536253E0
8.108875375E0,4.984505761E-1,-1.756611755E0,-6.841177994E0,7.080667637E0
8.118845375E0,-2.709765831E-1,6.553303195E0,-3.875243928E0,7.618183942E0
8.128814375E0,-1.848248150E0,9.850417124E0,1.182307005E-2,1.002231902E1
8.138784375E0,-8.550871691E-1,-1.840270501E0,9.772930992E-1,2.252303573E0
8.148753375E0,2.377443715E-1,-1.064164247E1,-4.044195131E0,1.138668481E1
8.158723375E0,1.153582777E0,-8.943631505E0,2.672719590E0,9.405462654E0
8.168692375E0,7.527610414E-1,5.321258605E-3,9.186367553E0,9.217159342E0
8.178662375E0,-1.309882141E0,6.461623532E0,1.157611173E1,1.332196429E1
8.188631375E0,-2.160090393E0,6.269219731E0,3.532121712E0,7.512988109E0
8.198601375E0,1.195634564E0,1.376059758E0,-2.789202558E0,3.332076436E0
8.208570375E0,1.215596739E0,-2.002671361E-2,-7.483523870E0,7.581636103E0
8.218540375E0,7.927635247E-1,1.025214832E0,-7.388086785E0,7.500891001E0
8.228509375E0,-2.367719978E-1,8.561674422E-1,-1.989922092E0,2.179191043E0
8.238479375E0,-1.831035262E0,3.454251418E-1,1.386543816E0,2.322608967E0
8.248448375E0,-1.016915806E0,2.503290669E0,1.165105666E0,2.942456991E0
8.258418375E0,-4.173082894E-2,5.086044999E0,7.437149602E-1,5.140302242E0
8.268387375E0,1.168734521E0,4.156512542E0,1.964255154E-2,4.317745097E0
8.278357375E0,1.628881961E0,1.233866583E0,-4.638633599E0,5.068787316E0
8.288326375E0,2.484672258E0,-2.117917935E0,-7.520629131E0,8.198721554E0
8.298296375E0,1.983237263E0,-3.951766439E0,-2.909079834E0,5.292677348E0
8.308265375E0,1.164932296E0,-2.177062229E0,-1.480313859E0,2.878888036E0
8.318234375E0,2.237483482E-1,-1.808620692E0,-1.745427786E0,2.523428281E0
8.328204375E0,-4.117604694E-3,-7.046081972E-1,-1.781260108E0,1.915561860E0
8.338173375E0,2.343108316E-1,3.639019631E0,-1.182616907E0,3.833529469E0
8.348143375E0,5.333517658E-1,6.324121578E0,8.934182405E0,1.095895036E1
8.358112375E0,1.749410617E0,5.988622377E0,2.142074595E1,2.231081336E1
8.368082375E0,3.230103522E-1,2.944434439E0,1.289395719E1,1.322982093E1
8.378051375E0,1.201323904E0,-1.233180705E0,2.354787764E0,2.917008602E0
8.388021375E0,3.035848639E0,-2.700140693E0,-9.419377928E0,1.025825605E1
8.397990375E0,2.711785715E0,-4.017773902E0,-1.265394068E1,1.355059053E1
8.407960375E0,1.215749058E0,-9.260089248E-1,-8.728521797E0,8.861299626E0
8.417929375E0,1.468140102E0,5.936461705E-1,-6.790394926E0,6.972611734E0
8.427899375E0,1.823149707E0,-1.171472114E0,-4.103367199E0,4.640457320E0
8.437868375E0,8.661843804E-1,-6.725601929E0,7.151899034E-1,6.818760393E0
8.447838375E0,-3.227473371E-1,-5.480595231E0,6.478862877E0,8.492158390E0
8.457807375E0,-1.790984759E0,-2.619591496E0,8.641976573E0,9.206174293E0
8.467777375E0,-1.304855728E0,-5.750005692E-2,6.458501703E0,6.589248741E0
8.477746375E0,-8.126260778E-1,9.146910542E-1,3.443891321E0,3.654778830E0
8.487716375E0,-2.656815090E-1,-2.062581933E-1,-1.252774140E0,1.297139989E0
8.497685375E0,8.428146674E-1,-1.012667584E-1,-5.437183163E0,5.503049361E0
8.507655375E0,1.810730514E0,-3.107103686E0,-5.429419815E0,6.512406455E0
8.517624375E0,2.032656906E0,-3.483343654E0,-5.226710297E0,6.601808664E0
8.527594375E0,1.457630317E0,-1.716799234E0,5.311400784E0,5.769147600E0
8.537563375E0,3.112585158E0,8.806866885E0,6.504722773E0,1.138246498E1
8.547533375E0,3.755767186E0,8.427911178E0,3.311235539E0,9.803048239E0
8.557502375E0,4.657766274E0,-7.164298055E-1,2.169961370E0,5.188139423E0
8.567472375E0,2.311041528E0,-1.107400664E1,-5.945355320E-1,1.132819529E1
8.577441375E0,1.675665826E-2,-9.712494755E0,-4.625317150E0,1.075762027E1
8.587410375E0,-1.962980461E-1,-1.690377713E0,-3.727525719E0,4.097603900E0
8.597380375E0,3.366512485E-2,1.636881537E0,9.802295709E-1,1.908235970E0
8.607349375E0,7.352356204E-1,4.334201825E-1,9.173737568E-1,1.252996042E0
8.617319375E0,8.932415669E-1,-1.537308132E0,-2.481006346E0,3.052308844E0
8.627288375E0,2.405989639E-1,-1.277038915E0,-4.239089845E0,4.433801864E0
8.637258375E0,3.274183488E-1,1.856176389E0,-2.804334567E0,3.378888268E0
8.647228042E0,1.152814088E0,4.111968161E0,-1.043238582E0,4.396090220E0
8.657198042E0,1.403005190E0,3.485026775E0,-1.727849302E0,4.135129792E0
8.667167042E0,9.155696715E-1,2.069972813E-2,-1.392801506E0,1.666911017E0
8.677137042E0,-7.770803422E-3,-2.061812147E0,3.082155079E0,3.708208414E0
8.687106042E0,-5.536211754E-1,-2.913915189E0,7.466179274E0,8.033755727E0
8.697076042E0,5.616420203E-1,-2.543416894E0,6.251749420E0,6.772649561E0
8.707045042E0,1.062024151E0,4.033445902E0,-7.815131164E-1,4.243506085E0
8.717015042E0,6.440912694E-1,1.274639452E1,-4.647562298E0,1.358253519E1
8.726984042E0,1.059616268E0,1.213875421E1,-4.369160573E0,1.294456274E1
8.736954042E0,6.449125839E-1,2.662523800E-1,-1.837594523E0,1.965593091E0
8.746923042E0,-2.119457068E0,-8.870092828E0,8.174132663E-1,9.156353504E0
8.756893042E0,-2.777126888E0,-8.043568431E0,1.599283648E0,8.658471865E0
8.766862042E0,-2.346935100E0,-4.509752780E-2,2.956743413E0,3.775244331E0
8.776832042E0,-1.416980327E0,3.666473771E0,7.809242433E0,8.742718715E0
8.786801042E0,-1.970544127E0,2.621934768E0,2.392408749E0,4.059705126E0
8.796771042E0,-1.712299801E0,2.470387217E-1,-2.955824230E0,3.424893519E0
8.806740042E0,-6.067077539E-1,-1.485919000E0,-3.516273419E0,3.865259154E0
8.816710042E0,-8.309962752E-1,-2.005781203E0,2.987281081E0,3.692906890E0
8.826679042E0,-4.510922223E-1,-2.986523867E-2,2.784587350E0,2.821046408E0
8.836649042E0,3.068499637E-1,8.918027133E-2,-3.697426007E0,3.711208576E0
8.846618042E0,1.985216399E0,-4.484136128E-1,-8.056062176E0,8.309169435E0
8.856588042E0,1.831130864E-1,-3.313931983E0,-4.830107692E0,5.860513280E0
8.866557042E0,-7.901498924E-1,-4.981761078E0,9.405898926E0,1.067301339E1
8.876527042E0,-9.022584850E-1,-1.328548500E0,1.573918075E1,1.582090144E1
8.886496042E0,-2.068441135E0,4.197573152E0,7.549861701E0,8.882481680E0
8.896466042E0,4.259660058E-1,-3.525987983E-1,-1.095018016E0,1.226718144E0
8.906435042E0,1.015650834E0,-7.848429887E0,1.795180575E0,8.114928934E0
8.916405042E0,2.325915675E-1,-3.669540635E0,3.549628276E0,5.110722865E0
8.926374042E0,-1.162897538E0,6.174304218E0,-1.523937011E0,6.465040393E0
8.936344042E0,-5.765494236E-1,9.243315341E0,-5.934750225E0,1.099966127E1
8.946313042E0,9.992324370E-1,3.512016061E-1,-7.931135244E0,8.001544494E0
8.956282042E0,1.660663186E0,-7.159417384E0,-8.403325390E0,1.116382269E1
8.966252042E0,6.228050655E-1,-6.712452711E0,-3.323501828E0,7.516021018E0
8.976221042E0,7.142964488E-1,-8.141505200E-1,4.004445174E0,4.148329982E0
8.986191042E0,6.660956575E-1,1.963211718E0,6.164422424E0,6.503690298E0
8.996160042E0,-7.550988313E-2,-1.936986664E-1,5.179540808E0,5.183711402E0
9.006130042E0,2.398721184E-1,6.873925325E-1,1.734471858E0,1.881074096E0
9.016099042E0,8.940338646E-1,2.182460378E0,-1.681461001E0,2.896504955E0
9.026069042E0,1.560031435E0,-3.131780398E-1,-5.027719608E0,5.273494384E0
9.036038042E0,1.822183017E0,-4.142856370E0,-4.990501496E0,6.737114741E0
9.046008042E0,1.231301848E0,-3.992955396E-1,1.445512986E0,1.940373408E0
9.055977042E0,3.634332138E-1,8.776213442E0,5.688933279E0,1.046508327E1
9.065947042E0,4.772783929E-1,1.171807511E1,4.174301527E0,1.244852891E1
9.075916042E0,1.867033499E0,1.326484725E0,-1.255198980E0,2.611685336E0
9.085886042E0,2.945045473E0,-7.555358083E0,-7.535944158E0,1.107010311E1
9.095855042E0,3.280034797E0,-2.164181398E0,-8.125759233E0,9.026088438E0
9.105825042E0,2.370011282E0,2.888842913E0,6.106007570E-1,3.786185434E0
9.115794042E0,1.753921013E0,2.385623056E0,6.809925211E0,7.425800810E0
9.125764042E0,3.049895990E-1,-6.058951517E0,5.038009538E0,7.885775311E0
9.135733042E0,1.263192708E0,-7.817547818E0,-3.567742950E-1,7.926979097E0
9.145703042E0,3.986694489E-1,-1.180880284E-1,-7.853255010E-1,8.886046671E-1
9.155672042E0,-7.501683860E-1,4.381229518E0,1.687288921E0,4.754457761E0
9.165642042E0,-5.590242219E-1,1.530849297E0,1.041927636E0,1.934326976E0
9.175611042E0,-9.845892549E-1,-2.780668547E0,-1.423496464E0,3.275343608E0
9.185581042E0,-1.875577378E-1,-1.376099227E0,-3.915627138E0,4.154631496E0
9.195550042E0,-2.228632624E-1,1.105204450E0,-1.910922700E0,2.218731727E0
9.205520042E0,-6.099858126E-1,-1.344211729E0,1.737130587E0,2.279607541E0
9.215489042E0,-9.845880123E-1,-4.679748004E0,1.583164043E0,5.037446111E0
9.225459042E0,-1.911644831E-1,-1.399067090E0,3.471690738E-1,1.454117928E0
9.235428042E0,-7.544304214E-2,4.463366818E0,3.151783723E0,5.464528858E0
9.245398042E0,2.246549590E-1,3.979814948E0,5.428143952E0,6.734548510E0
9.255367042E0,2.945746481E-1,-2.443735901E0,2.204140685E0,3.304066515E0
9.265337042E0,1.388161156E-1,-5.786342629E0,-2.846158531E0,6.449934056E0
9.275306042E0,7.643100232E-1,-2.415520162E0,-3.188410681E0,4.072452595E0
9.285276042E0,1.967154935E0,1.542345508E0,6.881354213E-1,2.592693302E0
9.295245042E0,2.076615835E0,6.789652330E-1,3.977015886E0,4.537618590E0
9.305214042E0,1.856337919E0,-1.660661870E0,4.332537707E0,4.997466488E0
9.315184042E0,1.809331714E0,1.548433337E-1,1.382547829E0,2.282344454E0
9.325153042E0,1.960890666E0,2.631362234E0,-1.066854317E0,3.450701022E0
9.335123042E0,1.858654293E0,6.081259230E-1,-2.518143182E0,3.188331539E0
9.345092042E0,1.217197487E0,-3.301360469E0,-4.526243098E0,5.733012057E0
9.355062042E0,9.578859711E-1,-2.525822915E0,-5.695162902E0,6.303348905E0
9.365031042E0,4.022903372E-1,-7.131196967E-1,-2.947273847E0,3.058888744E0
9.375001042E0,-2.299048084E-1,-3.267216530E-1,1.235158233E0,1.298159898E0
9.384970042E0,-1.235633465E0,-1.361731156E0,2.272117490E0,2.922947090E0
9.394940042E0,-1.599148284E0,-3.385707432E-1,5.692732215E-1,1.730889189E0
9.404909042E0,-9.696675991E-1,2.111199484E0,6.779027939E-1,2.420117913E0
9.414879042E0,-7.130187591E-1,2.662541049E0,2.863518330E0,3.974576432E0
9.424848042E0,-4.720960422E-1,1.251837416E0,4.589673693E0,4.780698296E0
9.434818042E0,-4.825925983E-1,8.961606431E-1,2.584075216E0,2.777308812E0
9.444787042E0,-3.832738398E-1,2.771070634E0,8.507581830E-2,2.798744217E0
9.454757042E0,-3.813552587E-1,3.567636530E0,-2.130235387E0,4.172692782E0
9.464726042E0,-5.922382341E-1,2.465653019E0,-4.217072155E0,4.920760967E0
9.474696042E0,-7.626581848E-1,1.581593189E0,-6.014959990E0,6.266005762E0
9.484665042E0,-2.758048300E-1,1.025806278E-2,-5.636019486E0,5.642773181E0
9.494635042E0,-2.333742538E-1,-1.235557598E0,-2.745585837E0,3.019819152E0
9.504604042E0,-4.857518489E-1,-4.394320849E0,1.681922346E0,4.730208596E0
9.514574042E0,-6.787439159E-1,-5.447612257E0,5.531058456E0,7.792931429E0
9.524543042E0,-1.194779043E0,-3.544290060E0,5.213948749E0,6.416755453E0
9.534513042E0,-8.395015620E-1,-4.049381027E-1,2.469153455E0,2.639215134E0
9.544482042E0,-7.280034918E-1,7.406346470E-2,9.223275179E-1,1.177354038E0
9.554452042E0,-1.609778230E0,-1.360163810E0,-8.772922629E-1,2.282777531E0
9.564421042E0,-1.991303935E0,-8.122908130E-1,-3.600050570E0,4.193503528E0
9.574391042E0,-1.386873453E0,1.238411039E-2,-4.408115893E0,4.621153218E0
9.584360042E0,-6.978533475E-1,-3.151672626E-1,-2.840435861E0,2.941837110E0
9.594330042E0,-3.261008980E-1,-1.173366027E0,-1.111774381E0,1.648991178E0
9.604299042E0,-3.600428885E-1,-8.899006140E-1,2.001794279E-2,9.601847231E-1
9.614269042E0,5.828788883E-1,1.236952159E-1,1.064965081E-1,6.053014217E-1
9.624238042E0,7.711990665E-1,-6.525562835E-1,-1.255759728E-1,1.018011310E0
9.634208042E0,5.882432701E-1,-4.397870402E0,5.849245221E0,7.341727581E0
9.644177042E0,-4.622980822E-1,-4.451862714E0,7.703655751E0,8.909495669E0
9.654146667E0,-1.113606753E0,3.189694145E-1,3.762566328E0,3.936847325E0
9.664115667E0,-1.607558371E-1,3.045127586E0,6.700833124E-1,3.122123652E0
9.674085667E0,1.059999553E0,5.220692343E-1,8.022835958E-1,1.428220678E0
9.684054667E0,4.197660568E-1,-1.427513209E0,-8.421189219E-1,1.709725646E0
9.694024667E0,1.330073271E-1,4.711668831E-1,-2.552295014E0,2.598826470E0
9.703993667E0,8.870056576E-1,2.475690057E0,-1.036852838E0,2.826815187E0
9.713963667E0,2.520043783E-1,1.451952817E0,1.578348861E0,2.159365258E0
9.723932667E0,2.472752051E-1,-1.924233010E0,1.858409441E0,2.686541150E0
9.733902667E0,-1.560245078E-1,-1.707758269E0,5.235918492E-1,1.793022693E0
9.743871667E0,-3.036099850E-1,-1.833295065E-1,-3.124892378E-1,4.726925583E-1
9.753840667E0,7.054420833E-1,4.695299551E-1,-1.095522630E0,1.385018680E0
9.763810667E0,1.695857431E0,-1.075075502E0,-2.008924373E0,2.840333941E0
9.773779667E0,1.278599391E0,-9.292023817E-1,-2.476116904E0,2.937582065E0
9.783749667E0,6.998892749E-1,1.164047028E0,-2.036378805E0,2.447792703E0
9.793718667E0,1.378429635E0,1.538122941E0,-1.004575623E0,2.296750448E0
9.803688667E0,1.753550738E0,-3.138510543E-1,1.437374246E-1,1.787205395E0
9.813657667E0,1.233212280E0,9.069794539E-1,-9.045782948E-1,1.778113086E0
9.823627667E0,4.503549250E-1,3.746490578E0,6.188570255E-1,3.823871759E0
9.833596667E0,3.491556653E-1,5.488955580E0,1.083125948E0,5.605685048E0
9.843566667E0,1.981864410E-2,1.332526360E0,9.714762890E-1,1.649177207E0
9.853535667E0,1.012783213E0,-3.647839279E0,-4.590064287E-4,3.785823748E0
9.863505667E0,1.006380804E0,-1.308207791E0,-7.224638397E-1,1.801711394E0
9.873474667E0,8.783052930E-1,1.587351235E0,9.542983389E-1,2.049826688E0
9.883444667E0,1.041918500E0,2.473384208E0,1.580911696E-1,2.688534251E0
9.893413667E0,-1.742291742E-1,-9.458780560E-1,1.535882288E-1,9.739766147E-1
9.903383667E0,6.480354904E-2,-4.198579751E0,1.041106102E0,4.326219289E0
9.913352667E0,-1.569653979E-1,-2.421286101E0,1.353989443E0,2.778588118E0
9.923322667E0,-5.990946060E-1,-5.273451769E-1,2.395365686E0,2.524833471E0
9.933291667E0,-2.931783330E-1,-2.085966702E0,2.522906324E0,3.286680230E0
9.943261667E0,2.041865978E-3,-2.267206998E0,-1.299765873E-1,2.270930571E0
9.953230667E0,-6.251910219E-1,-1.606835619E0,-1.474433899E-1,1.730469322E0
9.963200667E0,-9.934276137E-1,-1.262654765E0,-7.562087059E-2,1.608388633E0
9.973169667E0,-1.320011857E0,-8.946678489E-1,1.565036505E-1,1.602296869E0
9.983139667E0,-2.102234241E0,-2.238820813E0,1.018337629E0,3.235539980E0
9.993108667E0,-1.635218588E0,-1.798038401E0,1.303695202E0,2.757988960E0
1.000307867E1,-1.391108445E0,-1.714356852E-1,1.016631997E0,1.731506141E0
1.001304767E1,-6.210753860E-1,2.855233410E-1,2.477075263E0,2.569661470E0
1.002301767E1,-2.157746281E-1,-6.888227615E-1,4.139243960E-3,7.218397469E-1
1.003298667E1,4.368863205E-2,-5.006064445E-1,-4.085586986E0,4.116374197E0
1.004295667E1,4.937917339E-1,-7.755483717E-1,-2.955217874E0,3.094934286E0
1.005292567E1,1.256288462E0,5.784536424E-1,-3.399021542E-1,1.424220064E0
1.006289567E1,1.033996692E0,1.956165531E-1,-5.354587734E-2,1.053699272E0
1.007286467E1,5.558386588E-1,-4.012265825E-1,-8.047347486E-2,6.902284878E-1
1.008283467E1,8.310310661E-1,-6.105554411E-1,8.386252105E-2,1.034612730E0
1.009280367E1,1.122243821E0,5.385148206E-1,1.679934293E-1,1.256045858E0
1.010277367E1,1.267265733E0,1.756053054E0,2.005659288E-1,2.174835961E0
1.011274267E1,1.473178209E0,8.250950459E-1,-6.163181645E-1,1.797465981E0
1.012271267E1,1.065877685E0,-2.132684201E-1,-1.146210389E0,1.579676205E0
1.013268167E1,4.285413388E-1,-1.696130788E0,1.910069007E-1,1.759826970E0
1.014265167E1,5.903470252E-1,-8.388816109E-1,1.518660484E0,1.832637889E0
1.015262067E1,1.908120057E-2,1.650699384E0,-1.103626871E0,1.985740371E0
1.016259067E1,1.728412096E-1,9.465306053E-1,-2.042115508E0,2.257438819E0
1.017255967E1,7.581185527E-1,1.043486504E0,-1.236473272E0,1.786749556E0
1.018252867E1,-1.480030781E-1,2.520737591E-1,-3.721080333E-1,4.731918000E-1
1.019249867E1,-5.570425640E-1,7.910826695E-1,1.724980658E0,1.977793335E0
1.020246767E1,1.951970885E-1,1.247292667E0,1.385321748E0,1.874288464E0
1.021243767E1,-7.058261722E-1,9.067306548E-2,4.802832770E-1,8.585360892E-1
1.022240667E1,-1.292176479E0,1.127009887E-1,-5.636382598E-1,1.414252331E0
1.023237667E1,-6.170994987E-1,1.072396308E0,-1.744429082E-1,1.249510288E0
1.024234567E1,-7.744903911E-2,1.246273498E0,-8.541817278E-1,1.512885458E0
1.025231567E1,1.103143160E0,8.636065623E-1,-4.624966317E-1,1.475345472E0
1.026228467E1,1.663456547E0,2.099477863E-1,-8.878593510E-1,1.897224284E0
1.027225467E1,9.498592789E-1,-8.141470116E-1,-1.282080969E0,1.791312261E0
1.028222367E1,1.361776764E0,-1.318590399E0,1.620052958E0,2.493529262E0
1.029219367E1,6.724746774E-1,-2.030290099E0,2.788454114E0,3.514224869E0
1.030216267E1,-3.994893382E-1,-1.322267128E0,2.688808789E0,3.022858712E0
1.031213267E1,-9.359053373E-2,-1.387072989E0,-5.208863425E-1,1.484605418E0
1.032210167E1,-3.244125510E-1,-1.906738140E0,2.572178471E-1,1.951167563E0
1.033207167E1,-4.755781688E-2,-6.317548138E-1,6.503062749E-1,9.078954465E-1
1.034204067E1,-2.000741049E-1,-1.360616092E0,5.230796331E-1,1.471366066E0
1.035201067E1,-6.641751395E-1,-9.795460314E-1,-1.225687498E-1,1.189816012E0
1.036197967E1,-1.203309838E-1,-6.331774414E-2,-7.860856390E-1,7.977589324E-1
1.037194967E1,2.483446974E-1,-3.236989349E-2,-7.919661838E-1,8.306222577E-1
1.038191867E1,4.913073251E-1,-8.130860344E-1,1.920912668E0,2.142987929E0
1.039188867E1,1.978395549E-1,2.598648816E-2,7.868668270E-1,8.117728688E-1
1.040185767E1,1.422135306E-1,-1.861051798E-1,1.258844134E0,1.280448508E0
1.041182767E1,-7.389813468E-2,-7.360059911E-1,1.335045633E0,1.526274090E0
1.042179667E1,-5.411589316E-1,-4.592216063E-1,2.405263853E-1,7.493933646E-1
1.043176667E1,-4.863235970E-1,-7.421674946E-1,1.470194668E-1,8.994097813E-1
1.044173567E1,-1.413833721E-1,-6.825165394E-1,-1.746371527E0,1.880327523E0
1.045170567E1,-1.164201833E0,-1.684420277E0,-3.285948086E-1,2.073791726E0
1.046167467E1,-7.377268267E-1,-7.607610556E-1,2.448135638E-1,1.087626745E0
1.047164467E1,2.038463630E-2,2.263381165E-1,4.843798363E-1,5.350404678E-1
1.048161367E1,2.017983392E-1,7.241703495E-1,1.907230768E0,2.050042553E0
1.049158367E1,1.636035956E-1,-5.184995091E-1,1.310649295E0,1.418946600E0
1.050155267E1,-3.671856279E-1,-2.129786613E0,-2.529955727E-1,2.175964858E0
1.051152267E1,8.529931350E-1,-1.163570479E0,-8.367716432E-1,1.667837022E0
1.052149167E1,2.527621591E-1,-5.863807127E-1,-1.598371482E-1,6.582392903E-1
1.053146167E1,6.342218272E-1,-3.261679217E-1,1.294785215E0,1.478205531E0
1.054143067E1,1.684437965E0,-5.352824798E-1,8.107737529E-1,1.944534049E0
1.055140067E1,1.595592446E0,-2.270742810E-1,2.806663513E-2,1.611913683E0
1.056136967E1,1.952868286E0,4.568423742E-1,-7.917422354E-2,2.007154218E0
1.057133967E1,9.775366357E-1,9.749077275E-1,6.113345826E-1,1.509885070E0
1.058130867E1,7.280218374E-1,9.657805163E-1,1.582265911E0,1.991560497E0
1.059127867E1,7.790165745E-1,1.357038766E0,1.680169351E0,2.295950802E0
1.060124767E1,7.181067869E-1,1.656010410E0,4.826081300E-1,1.868410673E0
1.061121767E1,1.132255131E0,1.762515104E0,-1.353318182E0,2.493979005E0
1.062118667E1,1.261447899E0,9.952308950E-1,-1.632822107E0,2.290817184E0
1.063115667E1,1.220608899E0,1.458611333E0,-1.814368798E0,2.628567526E0
1.064112567E1,6.198476169E-1,1.353875714E0,-1.373959438E0,2.026068867E0
1.065109575E1,5.201778062E-1,8.739701673E-1,-8.352952212E-1,1.316102925E0
1.066106475E1,3.167704229E-1,-1.181956172E-2,6.774391097E-1,7.479351243E-1
1.067103475E1,-3.462187551E-2,-6.608572832E-1,-3.587904149E-1,7.527692773E-1
1.068100375E1,1.422549544E-1,-1.417958567E-1,-1.273514798E0,1.289256560E0
1.069097275E1,3.953152668E-1,-5.265119487E-1,-3.397776085E-1,7.409033780E-1
1.070094275E1,7.298971125E-1,-1.683800180E0,1.128393922E0,2.154345767E0
1.071091175E1,1.328501466E-1,-1.251067337E0,1.084395379E0,1.660943100E0
1.072088175E1,1.846336001E-1,-1.003011785E0,1.997834544E0,2.243092747E0
1.073085075E1,3.190397273E-1,-7.258049387E-1,2.155523425E0,2.296706423E0
1.074082075E1,-6.192583638E-1,-3.771945262E-1,1.074513000E0,1.296277292E0
1.075078975E1,-6.456966224E-1,-1.049246888E0,-9.857510966E-1,1.577830278E0
1.076075975E1,-1.167400260E-1,-3.120714542E-1,-1.636054448E0,1.669637980E0
1.077072875E1,-1.271090104E0,-7.718891841E-1,1.489584035E-1,1.494547280E0
1.078069875E1,-1.617826484E0,-1.591391368E0,-2.440965782E0,3.332897084E0
1.079066775E1,-1.949735787E0,-1.893941801E0,-2.810831993E0,3.910148549E0
1.080063775E1,-1.353343033E0,-1.721629618E0,-1.306890121E0,2.550197580E0
1.081060675E1,-2.815224385E-1,-2.237542319E0,2.047251703E0,3.045831586E0
1.082057675E1,-7.157825187E-2,-2.533687420E0,3.017815826E0,3.941054142E0
1.083054575E1,4.137424015E-1,-2.039613485E0,3.151741038E0,3.776860801E0
1.084051575E1,3.712458979E-1,-5.982988000E-1,1.778110213E0,1.912448928E0
1.085048475E1,1.399811733E-1,2.192466134E-1,1.347098499E0,1.371983299E0
1.086045475E1,-1.194193298E-1,4.631082505E-1,1.730320335E0,1.795198788E0
1.087042375E1,1.693762044E-1,-1.438005745E-2,-2.347733098E-1,2.898509819E-1
1.088039375E1,7.387042619E-1,2.608062834E-1,-6.919174004E0,6.963380845E0
1.089036275E1,1.515140798E-2,-6.181930742E-1,-4.433626125E0,4.476542512E0
1.090033275E1,-3.967025552E-1,-2.083928947E0,1.348043409E0,2.513434664E0
1.091030175E1,1.594062084E-1,-3.533168364E-1,3.456899621E0,3.478562651E0
1.092027175E1,8.653372102E-2,9.835689157E-1,2.281498763E0,2.485987229E0
1.093024075E1,3.367865384E-1,3.644052038E-1,1.677101317E0,1.748966882E0
1.094021075E1,2.401467685E-2,-1.170266126E0,1.064661611E0,1.582278059E0
1.095017975E1,-1.584252466E-1,-8.085006478E-1,1.475568259E-1,8.369855872E-1
1.096014975E1,1.558402291E-1,7.315144524E-1,4.044355345E-1,8.502750570E-1
1.097011875E1,-2.806946190E-1,1.752783583E0,2.166032041E0,2.800488272E0
1.098008875E1,-1.996734975E-1,2.291317115E0,1.684102188E0,2.850649717E0
1.099005775E1,-5.894715874E-1,1.160546884E0,-6.429586637E-1,1.451806346E0
1.100002775E1,-8.103989464E-1,2.879778267E0,-3.175695326E0,4.362901572E0
1.100999675E1,-5.372311010E-1,3.253384065E0,-3.046253175E0,4.489185175E0
1.101996675E1,-4.847593572E-1,1.528684366E0,-1.033621082E0,1.907941316E0
1.102993575E1,-4.566652401E-1,1.237477823E0,3.343905687E-2,1.319474394E0
1.103990575E1,1.456770831E-1,8.098993018E-1,5.148543549E-1,9.706872299E-1
1.104987475E1,3.955068727E-1,-1.117402034E0,2.229487780E0,2.525000743E0
1.105984475E1,-3.031047856E-1,-2.146902875E0,1.038165538E0,2.403924323E0
1.106981375E1,-2.632732054E-1,-8.049206901E-1,-1.371045771E0,1.611513761E0
1.107978375E1,-8.377313905E-1,-2.042537677E-1,-2.886304345E0,3.012352279E0
1.108975275E1,-9.924512018E-1,8.393523118E-1,-8.445437622E-1,1.550072856E0
1.109972275E1,-1.027113313E-1,3.850648785E-1,2.036614448E-1,4.475517426E-1
1.110969175E1,-8.826733824E-2,-1.540819969E0,-2.357275754E-1,1.561244629E0
1.111966175E1,-4.626243020E-2,-2.121247047E0,-8.926230776E-1,2.301869937E0
1.112963075E1,1.107110715E0,-7.209991121E-1,5.297530603E-1,1.423436743E0
1.113960075E1,4.008525069E-1,-6.927781105E-1,2.184733776E0,2.326732884E0
1.114956975E1,-2.693611070E-1,-1.057989645E0,3.231184233E0,3.410637630E0
1.115953875E1,4.973353385E-2,-9.791241547E-1,1.924246750E0,2.159602531E0
1.116950875E1,1.068816660E-1,-9.065356502E-1,1.328803146E0,1.612125422E0
1.117947775E1,-6.194057136E-1,-8.769642341E-1,2.295464838E-1,1.097916797E0
1.118944775E1,-7.016967224E-1,-2.584477212E0,-3.904080641E-1,2.706347946E0
1.119941675E1,-1.190777720E0,-2.542972506E0,-1.312173080E0,3.099428808E0
1.120938675E1,-1.363907782E0,-1.719211795E0,1.300198567E-1,2.198371851E0
1.121935575E1,1.773326387E-1,-1.069644023E0,1.236194360E0,1.644311922E0
1.122932575E1,-1.169461842E0,-6.768517569E-1,2.457403475E0,2.804389620E0
1.123929475E1,-1.312544086E0,-1.123891859E0,2.128046190E0,2.741256185E0
1.124926475E1,-8.668659465E-1,-1.541533622E-1,-9.917403996E-2,8.860334748E-1
1.125923375E1,-4.680077421E-1,-1.194121889E0,-9.111540735E-1,1.573264147E0
1.126920375E1,-5.498023588E-1,-5.776803482E-1,-1.671998452E0,1.852451360E0
1.127917275E1,-4.208056187E-1,3.975057068E-1,-1.080893481E0,1.226139826E0
1.128914275E1,-1.221986795E0,1.793645973E0,-1.417556278E0,2.592273791E0
1.129911175E1,-1.662893168E0,1.877242153E0,-1.570655680E0,2.959089565E0
1.130908175E1,-1.282489982E0,2.798307842E-1,-1.281258266E0,1.834314195E0
1.131905075E1,-9.082234490E-1,4.855343691E-1,-1.874966417E0,2.139185013E0
1.132902075E1,-7.431727771E-1,1.775558781E0,-2.632317084E0,3.260982673E0
1.133898975E1,-6.477031676E-1,1.498683472E0,-8.503085321E-1,1.840813989E0
1.134895975E1,-4.251729041E-1,2.010448158E-1,1.362053338E0,1.440965062E0
1.135892875E1,-4.351791711E-1,-2.049741447E-3,7.219907999E-1,8.430040496E-1
1.136889875E1,-8.550493084E-1,4.355017912E-1,-6.885447264E-2,9.620353779E-1
1.137886775E1,-2.781582247E-1,5.352699083E-1,-4.101903641E-1,7.294806423E-1
1.138883775E1,-1.141711248E0,3.707780841E-1,2.703062546E-1,1.230465942E0
1.139880675E1,-1.041771881E0,7.121160221E-1,4.426348096E-1,1.337282115E0
1.140877675E1,-1.321076635E0,9.700092226E-2,7.322175801E-1,1.513537327E0
1.141874575E1,-8.048253804E-1,6.116012156E-1,-8.082208586E-1,1.294225983E0
1.142871575E1,-4.546312862E-1,-4.187033254E-1,4.664189440E-1,7.743053095E-1
1.143868475E1,-2.322462894E-1,-7.915320280E-1,2.191827033E0,2.341915249E0
1.144865475E1,-4.695833475E-1,1.007045487E-1,1.747828653E0,1.812609976E0
1.145862375E1,-1.508015555E-1,-1.599552619E-1,1.323903179E-1,2.566203251E-1
1.146859375E1,-9.601157337E-2,-1.123503019E0,3.479929465E-1,1.180074721E0
1.147856275E1,-9.388589121E-2,-2.202519836E0,3.416919869E-1,2.230843250E0
1.148853275E1,6.463990923E-2,-1.533176489E0,-5.367053998E-1,1.625687901E0
1.149850175E1,-1.066403058E0,-1.188168254E0,3.266061705E-1,1.629610650E0
1.150847175E1,-1.580880998E0,-9.092192298E-1,1.821528713E0,2.577563033E0
1.151844075E1,-1.273261614E0,-5.378689957E-1,2.543024254E-1,1.405406673E0
1.152841075E1,-1.017167455E0,-6.693085563E-1,-3.655959892E-1,1.271323721E0
1.153837975E1,-1.754496964E0,-1.204435793E-1,-1.344216406E-2,1.758677612E0
1.154834975E1,-1.269014196E0,-2.121548179E-1,-3.118758649E-1,1.323885664E0
1.155831875E1,-1.386811911E0,-3.210349435E-1,-8.085383624E-1,1.637084296E0
1.156828875E1,-1.413022347E0,-1.646180071E0,-1.919839704E-1,2.177934532E0
1.157825775E1,-1.358051796E0,-1.245780870E0,1.371646864E0,2.297322306E0
1.158822775E1,-6.759517242E-1,-2.760856426E-1,9.440317976E-1,1.193452995E0
1.159819675E1,2.795014946E-1,-2.778567642E-2,9.283033723E-1,9.698661146E-1
1.160816575E1,4.358649033E-1,-2.565957034E-1,4.890020603E-1,7.035215590E-1
1.161813575E1,6.175965120E-1,-8.060527110E-1,3.130827302E-1,1.062622803E0
1.162810475E1,1.635547787E0,-1.420554730E-1,-8.024695373E-1,1.827335130E0
1.163807475E1,1.811372977E0,-1.713450533E-1,7.373876882E-1,1.963204470E0
1.164804350E1,2.005062434E0,-1.444613099E-2,6.871875876E-1,2.119601574E0
1.165801350E1,1.608010032E0,-7.224483445E-1,2.347657084E-2,1.763002843E0
1.166798250E1,7.693537583E-1,-5.200282636E-1,-4.327407360E-1,1.024499461E0
1.167795250E1,5.192104574E-1,-1.125333782E0,2.730930376E-1,1.269068725E0
1.168792150E1,1.143443121E-1,-1.935656422E-1,1.161675104E0,1.183229195E0
1.169789150E1,1.676845867E-1,5.595501789E-1,6.608926588E-1,8.820394718E-1
1.170786050E1,4.593309857E-1,2.867623660E-1,-2.681153029E-1,6.042378875E-1
1.171783050E1,1.035961503E0,2.988421288E-1,-8.640904194E-1,1.381729028E0
1.172779950E1,6.420108300E-1,-4.602007225E-1,-1.087786764E0,1.344337255E0
1.173776950E1,3.577988733E-1,-9.136613595E-1,-1.113717996E0,1.484306198E0
1.174773850E1,-4.913801960E-1,-4.195538029E-1,-1.230358838E0,1.389698803E0
1.175770850E1,-1.832627934E-1,-5.839488557E-1,-1.910402298E-2,6.123287362E-1
1.176767750E1,-3.596134471E-2,2.173491919E-1,3.127535319E-1,3.825554356E-1
1.177764750E1,-2.285051860E-1,1.044559760E0,6.900369358E-1,1.272584255E0
1.178761650E1,-2.302882396E-1,1.586012222E0,-4.282032967E-2,1.603215838E0
1.179758650E1,-1.023734171E-1,4.412241688E-1,1.602973241E-1,4.804730126E-1
1.180755550E1,-3.293428867E-1,1.026664357E0,-1.025231497E0,1.487819230E0
1.181752550E1,-4.833736036E-2,1.151448909E0,-3.383877254E-1,1.201115042E0
1.182749450E1,1.855519601E-1,1.042598604E0,9.787244976E-2,1.063494427E0
1.183746450E1,5.977709061E-1,1.185497831E0,-6.498384976E-1,1.478183086E0
1.184743350E1,3.163652840E-1,-1.110126051E-1,-1.794498789E-1,3.802802262E-1
1.185740350E1,1.493868582E-2,3.473275334E-1,-1.439378672E0,1.480766876E0
1.186737250E1,-2.115854087E-1,-2.373846763E-1,-1.081196952E-1,3.358716097E-1
1.187734250E1,5.911115121E-1,-3.675448662E-1,1.432309388E0,1.592486179E0
1.188731150E1,5.848101506E-1,-2.660196608E-1,-1.593728793E-1,6.619434166E-1
1.189728150E1,1.005662182E0,-1.140135716E0,5.256003678E-2,1.521193095E0
1.190725050E1,3.575572371E-3,-2.089221847E0,1.225959978E0,2.422362190E0
1.191722050E1,-1.748935823E-1,-1.161974190E0,1.629599122E0,2.009070701E0
1.192718950E1,-5.492277602E-1,-3.783110520E-1,1.916161805E-1,6.938927477E-1
1.193715950E1,-1.131542356E0,-3.981293124E-1,1.854730958E-1,1.213793772E0
1.194712850E1,-1.300537705E0,-9.070563447E-1,3.409341878E-1,1.621846373E0
1.195709850E1,-1.205708878E0,-7.772376323E-1,1.224722123E0,1.886206911E0
1.196706750E1,-8.495339222E-1,1.321792334E-1,6.759451461E-1,1.093654916E0
1.197703750E1,-3.771994232E-1,-1.004364538E-1,7.585785824E-1,8.531168454E-1
1.198700650E1,-4.869188435E-1,-5.461591780E-3,-1.670257151E-2,4.872358413E-1
1.199697650E1,-7.060336753E-1,-1.621584928E0,-5.856951267E-1,1.863078101E0
1.200694550E1,-8.347515763E-1,-2.033520101E0,-1.783342302E-2,2.198256634E0
1.201691550E1,-9.411018310E-1,-1.480846540E0,-3.452921176E-1,1.788240973E0
1.202688450E1,-5.101121899E-2,-1.018848091E0,-1.701721019E-1,1.034220538E0
1.203685350E1,5.327171601E-2,-3.115370187E-1,1.325188982E0,1.362357893E0
1.204682350E1,-2.118495567E-1,-2.021169028E-1,2.900287376E0,2.915029732E0
1.205679250E1,-3.888673959E-1,7.089222729E-1,1.390462035E-1,8.204404228E-1
1.206676250E1,2.719757078E-1,1.176738994E0,-1.221490366E0,1.717767202E0
1.207673150E1,-1.124436746E-1,-2.607323161E-1,-2.616377574E-1,3.861078045E-1
1.208670150E1,-1.230597332E-1,-1.195674032E0,-4.279688233E-1,1.275906502E0
1.209667050E1,-6.613521769E-1,-3.232256028E-1,-2.595604171E0,2.697966365E0
1.210664050E1,-1.033748478E0,8.009399056E-2,-7.222352135E-1,1.263595927E0
1.211660950E1,-4.672431821E-1,-4.464375463E-1,3.930147529E-2,6.474312936E-1
1.212657950E1,-6.378499514E-1,-1.453354686E-2,7.594246745E-1,9.918616944E-1
1.213654850E1,-7.598466242E-1,9.963328028E-1,-2.720066249E-1,1.282198717E0
1.214651850E1,7.433086518E-2,2.061157551E0,2.870164275E-2,2.062697096E0
1.215648750E1,2.674859050E-1,-1.270787072E-1,7.940489620E-1,8.474735755E-1
1.216645750E1,1.296687899E0,-2.990751404E-1,-5.058689386E-1,1.423639290E0
1.217642650E1,1.407473047E0,-2.247523516E-1,-3.285375059E-1,1.462679353E0
1.218639650E1,1.112952011E0,1.402438887E0,4.388639402E-1,1.843393221E0
1.219636550E1,5.836974985E-1,2.056825349E0,8.041389173E-1,2.284266334E0
1.220633550E1,-3.798771556E-3,2.464129527E0,-1.918894794E0,3.123156414E0
1.221630450E1,7.874339338E-1,3.542778847E0,-2.917783415E0,4.656693485E0
1.222627450E1,5.123437432E-1,2.887629908E-1,-1.338306625E0,1.461829265E0
1.223624350E1,2.705517646E-2,-9.322712928E-2,1.233891141E0,1.237703773E0
1.224621350E1,6.667035487E-1,-1.898789728E-1,3.475728241E0,3.544183185E0
1.225618250E1,5.094738932E-1,-2.351276511E-1,3.029537154E0,3.081062159E0
1.226615250E1,3.034404706E-1,3.343551931E-1,1.556773805E0,1.620930040E0
1.227612150E1,1.002077546E0,2.821708399E-1,4.958807248E-1,1.153116423E0
1.228609150E1,7.632032914E-1,-6.628605393E-1,-7.198039412E-2,1.013432058E0
1.229606050E1,9.632789312E-1,-8.391035128E-1,-1.088681973E0,1.678460438E0
1.230603050E1,6.932379209E-1,-1.105382498E0,-1.137088147E0,1.730727805E0
1.231599950E1,4.821250038E-1,-8.509490946E-1,-2.996113300E-2,9.784970876E-1
1.232596950E1,-2.945910203E-1,-2.093434474E0,4.489229053E-1,2.161199560E0
1.233593850E1,-1.230219236E0,-1.963730074E0,1.180526528E0,2.600638009E0
1.234590850E1,-8.804222044E-1,-6.296606335E-1,1.530845497E0,1.874860983E0
1.235587750E1,-5.778928214E-1,-3.279320267E-1,8.577736723E-1,1.085023133E0
1.236584750E1,-1.241158865E-1,-1.405967681E0,3.055472479E0,3.365718638E0
1.237581650E1,4.181126835E-1,-2.102812823E0,7.403453853E0,7.707643539E0
1.238578650E1,1.252852931E0,-1.169611238E0,4.273665016E0,4.604545970E0
1.239575550E1,1.434179327E0,8.074618900E-1,-1.109493967E0,1.984903502E0
1.240572550E1,1.373969525E0,7.934326655E-1,-3.838535693E0,4.153514646E0
1.241569450E1,1.725662297E0,-1.809415329E0,-5.303311746E0,5.863191082E0
1.242566450E1,1.343906796E0,-2.295597862E0,-4.947242040E0,5.617032920E0
1.243563350E1,1.157863889E0,-2.044850543E0,-2.044754357E0,3.114977193E0
1.244560350E1,7.930644371E-1,-9.872514921E-1,1.512283511E0,1.972464987E0
1.245557250E1,3.663700875E-1,-1.058203653E0,2.294195407E0,2.552911001E0
1.246554150E1,3.661223117E-2,-1.678215504E0,5.129429001E-1,1.755237349E0
1.247551150E1,5.003459876E-1,-7.436620429E-1,-2.932133067E-1,9.430553454E-1
1.248548050E1,7.321443437E-1,1.318462345E-1,-1.117880629E0,1.342786606E0
1.249545050E1,1.137853694E0,1.387044337E-1,-1.572262495E0,1.945754173E0
1.250541950E1,1.175744529E0,-5.854708859E-1,-2.072071379E0,2.453289863E0
1.251538950E1,1.208941365E0,-1.033763169E0,-6.037063050E-1,1.701372039E0
1.252535850E1,1.113608141E0,6.224586180E-1,1.031580403E0,1.640651076E0
1.253532850E1,4.599183385E-1,5.512790000E-1,1.586591097E0,1.741466256E0
1.254529750E1,2.105135410E-1,1.680990593E0,1.676873860E0,2.383684389E0
1.255526750E1,8.265543647E-2,2.718611170E0,1.013230671E0,2.902467055E0
1.256523650E1,1.822816855E-1,3.768191057E0,5.407008022E-1,3.811147834E0
1.257520650E1,3.526854102E-1,8.850658438E-1,3.140106833E-1,1.003160633E0
1.258517550E1,3.061903978E-1,-2.288045013E0,-7.600620210E-2,2.309692509E0
1.259514550E1,-2.407262139E-1,-1.527388915E0,-1.316319925E0,2.030656089E0
1.260511450E1,-7.390248355E-2,1.574122494E0,-1.042239293E0,1.889334789E0
1.261508450E1,1.359127537E-1,2.956506893E0,7.271334261E-1,3.047643073E0
1.262505350E1,3.584980541E-1,2.427478302E0,2.519132531E-1,2.466704695E0
1.263502350E1,7.680236629E-1,1.452515611E-1,-1.258902606E0,1.481821222E0
1.264499250E1,1.428981299E0,-9.184242091E-1,-9.384137928E-1,1.940647064E0
1.265496275E1,1.067395769E0,1.639489102E-1,-3.224335974E-1,1.127021028E0
1.266493175E1,4.912720956E-2,-1.259423009E-1,7.249851590E-1,7.374811365E-1
1.267490175E1,-5.559277558E-1,-9.715751070E-1,4.372191185E-1,1.201738081E0
1.268487075E1,-1.134777401E0,-9.145144683E-1,2.340523481E-1,1.476088400E0
1.269484075E1,-1.036385499E0,5.040589330E-1,-8.056574392E-1,1.406148719E0
1.270480975E1,-8.318051644E-1,8.603195500E-1,-5.130347013E-1,1.302019264E0
1.271477975E1,-4.592415964E-1,-3.438484401E-2,-7.602140486E-2,4.667594834E-1
1.272474875E1,-4.668820435E-1,-9.281981224E-1,-7.191461295E-1,1.263606645E0
1.273471875E1,-4.458666388E-2,-9.217506900E-1,-6.445561230E-1,1.125639774E0
1.274468775E1,3.963611875E-1,-1.338363051E0,-1.531888640E-1,1.404202505E0
1.275465775E1,-2.488417838E-2,-2.304100883E0,8.325558007E-1,2.450030461E0
1.276462675E1,-3.680284309E-1,-2.633534182E0,8.039278328E-1,2.777993372E0
1.277459675E1,-2.364485371E-1,-8.761766142E-1,6.343392831E-1,1.107239674E0
1.278456575E1,-5.523027744E-2,4.283079618E-1,1.366476172E0,1.433092886E0
1.279453575E1,-5.012655353E-1,-7.071371180E-1,1.693758865E0,1.902663694E0
1.280450475E1,-9.531188093E-1,-1.902058614E0,4.584263849E-1,2.176331129E0
1.281447475E1,-3.174261516E-1,-1.692827988E0,-4.402567470E-1,1.777709752E0
1.282444375E1,-1.369494651E-2,-1.269881631E0,3.684330583E-1,1.322319865E0
1.283441375E1,3.831898957E-1,-1.107840082E0,1.293912810E0,1.745953752E0
1.284438275E1,1.231357397E0,-1.425997319E0,8.240738297E-1,2.056406348E0
1.285435275E1,1.168342319E0,-1.231651365E0,7.511917949E-1,1.856415356E0
1.286432175E1,1.425013232E0,-8.914752692E-1,9.858809048E-1,1.948679560E0
1.287429175E1,6.734077469E-1,-1.012514095E0,3.843947875E-1,1.275312565E0
1.288426075E1,4.956837102E-1,-7.307551914E-1,-2.524938816E-1,9.184000493E-1
1.289423075E1,-1.005654946E-1,1.243369478E-1,-9.027715051E-1,9.168257663E-1
1.290419975E1,-8.125105952E-1,1.317268051E0,-4.307158452E-1,1.606513220E0
1.291416975E1,-7.874381000E-1,7.641679358E-1,-2.156955993E-1,1.118273664E0
1.292413875E1,-4.715828029E-1,6.465918311E-1,-1.981486899E-1,8.244599683E-1
1.293410875E1,-4.348208099E-1,3.317502585E-1,-6.847984153E-1,8.763995894E-1
1.294407775E1,-1.255061717E-1,1.312663077E0,-9.161394095E-1,1.605661100E0
1.295404775E1,-3.578660798E-1,1.497105016E0,-1.054779816E0,1.865998934E0
1.296401675E1,-1.049624545E-1,1.552119129E0,-9.478973919E-1,1.821702603E0
1.297398675E1,3.632728904E-1,1.424288470E0,-8.551178670E-1,1.700526802E0
1.298395575E1,8.587511075E-1,1.305133032E0,-3.342473119E-1,1.597669228E0
1.299392575E1,9.887510106E-1,1.289426826E0,-2.123176628E-1,1.638697315E0
1.300389475E1,7.840891803E-1,2.812747541E-1,-5.014659852E-1,9.723062605E-1
1.301386475E1,4.347775039E-1,-2.994417608E-2,-2.852798045E-1,5.208768554E-1
1.302383375E1,1.018605797E-1,-2.503298271E-1,6.481919217E-1,7.022772724E-1
1.303380275E1,1.143887874E-1,1.827097017E-1,9.498404217E-1,9.739940741E-1
1.304377275E1,1.419212977E-1,3.325808555E-2,4.032427025E-1,4.287801676E-1
1.305374275E1,1.066483018E0,-2.510358784E-1,-8.305180460E-1,1.374832814E0
1.306371175E1,1.157869883E0,-2.142399350E-1,-5.748128736E-1,1.310332498E0
1.307368075E1,1.484209713E0,-6.982274231E-1,3.454143244E-1,1.676219276E0
1.308365075E1,9.457993378E-1,-4.702757674E-1,1.349759567E0,1.713927237E0
1.309361975E1,5.045925645E-1,-3.302861157E-1,8.989977121E-1,1.082543053E0
1.310358975E1,-1.066428895E-1,-6.745856684E-1,8.762690002E-1,1.110984199E0
1.311355875E1,-1.119815070E-1,-6.477264833E-1,1.259447567E0,1.420668022E0
1.312352875E1,-4.000348469E-1,-9.538264686E-1,9.574616826E-1,1.409448717E0
1.313349775E1,-2.920304880E-1,-9.174409997E-1,7.541136485E-1,1.222974729E0
1.314346775E1,-8.885385051E-1,-8.423115876E-1,-4.186460227E-1,1.293929665E0
1.315343675E1,-6.366682291E-1,-1.036845821E0,-1.751720560E0,2.132819873E0
1.316340675E1,-4.469319284E-3,-1.001541502E0,-8.144066280E-1,1.290877032E0
1.317337575E1,6.341933951E-1,-1.126015860E0,1.034190601E0,1.655192792E0
1.318334575E1,1.143410157E0,-1.291073695E0,1.626093131E-1,1.732252828E0
1.319331475E1,1.058359116E0,-1.270257314E0,-6.362092227E-1,1.771564235E0
1.320328475E1,1.250078427E0,-1.256545301E0,-9.227204508E-1,1.998253037E0
1.321325375E1,1.154641489E0,-4.827829617E-1,-6.948158652E-1,1.431448721E0
1.322322375E1,1.260278310E0,-1.017427218E-1,6.597109365E-1,1.426138675E0
1.323319275E1,8.644381095E-1,1.244369352E-1,8.094440961E-1,1.190771826E0
1.324316275E1,3.333665751E-1,-1.596459442E-1,-1.067751864E0,1.129917760E0
1.325313175E1,8.985264631E-2,-8.685454130E-2,-9.846395409E-1,9.925382788E-1
1.326310175E1,4.766881165E-1,3.211697218E-1,4.937248564E-1,7.577240820E-1
1.327307075E1,1.750104535E-1,1.971774673E-1,1.388761665E0,1.413565200E0
1.328304075E1,1.921409681E-2,8.341678780E-1,7.192227280E-1,1.101583661E0
1.329300975E1,-7.732029073E-4,1.113094098E0,-1.429527283E-1,1.122236406E0
1.330297975E1,-2.225531225E-1,1.299656530E0,-9.037023818E-1,1.598535262E0
1.331294875E1,8.001655150E-2,1.266970595E0,-1.018386746E0,1.627491536E0
1.332291875E1,2.507820727E-1,4.334654984E-1,-7.848828667E-1,9.310344251E-1
1.333288775E1,-1.151316579E-1,7.968722901E-1,-4.837594467E-1,9.392997113E-1
1.334285775E1,-6.308756849E-1,8.059027299E-1,3.107046676E-1,1.069589047E0
1.335282675E1,-8.950963037E-1,1.647895644E0,1.930665824E0,2.691510351E0
1.336279675E1,-1.092212375E0,2.406989659E0,1.053056642E0,2.845251374E0
1.337276575E1,-7.571167054E-1,2.652518922E0,-1.681434104E0,3.230526734E0
1.338273575E1,-4.776672328E-1,1.793903250E0,-2.263747786E0,2.927594387E0
1.339270475E1,1.277104989E-2,5.956541044E-1,-1.246847987E0,1.381881621E0
1.340267475E1,4.608715078E-2,4.293519822E-1,-8.524141145E-1,9.555506123E-1
1.341264375E1,-1.131635217E-1,1.531695682E-1,-1.102341068E0,1.118670072E0
1.342261375E1,-1.134867631E-1,-5.518049571E-1,-3.046106994E-1,6.404339422E-1
1.343258275E1,-1.162373993E0,-2.171501527E0,3.399103403E-1,2.486377127E0
1.344255275E1,-1.291458587E0,-1.580096594E0,8.008504432E-1,2.192243591E0
1.345252175E1,-1.239176440E0,-3.403918585E-1,1.123248373E0,1.706784044E0
1.346249175E1,-1.576402762E0,-4.734934902E-1,1.256078401E0,2.070501075E0
1.347246075E1,-1.517997702E0,-1.635036740E0,9.349417162E-1,2.419044889E0
1.348243075E1,-1.495611491E0,-2.325192374E0,2.737403244E-1,2.778184132E0
1.349239975E1,-1.070279177E0,-2.155245975E0,6.485953796E-1,2.492239695E0
1.350236975E1,-6.107631634E-1,-5.964007938E-1,6.782571352E-1,1.090301926E0
1.351233875E1,-9.634279987E-2,-5.453411525E-1,4.349042058E-1,7.041452804E-1
1.352230875E1,4.926083671E-2,-6.539794958E-1,-8.948801029E-1,1.109471140E0
1.353227775E1,-3.219981991E-1,-1.274897372E0,7.859207475E-1,1.531899988E0
1.354224775E1,-3.034035600E-1,-1.286597943E0,2.450584452E0,2.784376437E0
1.355221675E1,-2.310706519E-1,-5.388805640E-1,2.767747954E0,2.829172078E0
1.356218675E1,-6.408404367E-1,3.928507385E-1,6.509915686E-1,9.943833217E-1
1.357215575E1,-8.596686818E-1,8.152310854E-1,-1.385562068E0,1.823023371E0
1.358212575E1,-8.563025860E-1,4.466193947E-1,-1.620676271E0,1.886614581E0
1.359209475E1,-6.767641948E-1,-4.513781512E-1,-1.248952984E0,1.490515202E0
1.360206475E1,-1.056242351E0,-1.007831645E0,-1.296847528E0,1.952738087E0
1.361203375E1,-1.004082410E0,-9.146264425E-1,-6.032864749E-1,1.486162032E0
1.362200375E1,-5.610226175E-1,2.986728519E-2,2.441615993E-1,6.125792346E-1
1.363197275E1,-6.893683798E-1,4.228873006E-1,3.427170038E-1,8.783606188E-1
1.364194275E1,-4.845848543E-1,-5.820122579E-1,3.200713223E-1,8.221960841E-1
1.365191137E1,-5.928251118E-1,-6.213903317E-1,4.170555800E-1,9.547266176E-1
1.366188138E1,-9.131543329E-1,-3.541874868E-1,4.204726928E-1,1.065878463E0
1.367185038E1,-1.241787221E0,-4.054088035E-1,2.212393445E-1,1.324891939E0
1.368182038E1,-1.528510119E0,-8.157500258E-1,7.341834140E-1,1.881705762E0
1.369178938E1,-1.435384877E0,-8.404998279E-1,3.971732926E-1,1.710121730E0
1.370175938E1,-1.042164595E0,-5.579471648E-2,-6.047319067E-1,1.206200967E0
1.371172837E1,-6.453347529E-1,5.325258100E-1,-3.524192888E-1,9.078766638E-1
1.372169838E1,2.779030668E-1,1.389459822E0,6.890703911E-1,1.575641684E0
1.373166738E1,7.155870755E-1,1.932261529E0,8.991859925E-1,2.248162567E0
1.374163738E1,8.926494632E-1,1.710349170E0,9.672873437E-2,1.931702305E0
1.375160638E1,1.274561888E0,8.765034735E-1,-6.242224306E-1,1.668058749E0
1.376157638E1,1.550426652E0,2.907712170E-1,-6.594758785E-1,1.709759965E0
1.377154537E1,1.219355987E0,1.481226609E0,-5.276591724E-1,1.989795339E0
1.378151538E1,6.928727623E-1,3.109689617E0,-1.725677061E-1,3.190614642E0
1.379148438E1,6.982303467E-1,2.182052827E0,-5.957453209E-1,2.367233120E0
1.380145438E1,5.346460835E-1,7.257795033E-1,-1.516352003E0,1.764065112E0
1.381142338E1,2.556899331E-1,-1.695151672E-1,-1.828552973E0,1.854108602E0
1.382139338E1,2.609199386E-1,-9.643406394E-1,-9.157979321E-1,1.355255672E0
1.383136238E1,4.417333517E-1,-3.961830667E-1,3.076313710E-1,6.683759696E-1
1.384133238E1,5.871107010E-3,-1.774866178E0,1.903973284E0,2.602940393E0
1.385130138E1,3.446105515E-1,-1.281156524E0,1.331036198E0,1.879301953E0
1.386127138E1,6.147780810E-1,-1.309513766E0,1.349377744E0,1.978281751E0
1.387124038E1,2.881513538E-1,-6.801855469E-1,8.146884638E-1,1.099727636E0
1.388121038E1,4.834646009E-2,-1.137196906E0,-2.030258524E-1,1.156189292E0
1.389117938E1,-4.565329103E-1,-1.565973229E0,-1.390350938E-2,1.631222781E0
1.390114838E1,-4.780784382E-1,-1.193390695E0,-8.915483594E-2,1.288677201E0
1.391111838E1,-9.844767690E-1,-1.028513246E0,1.281914324E-1,1.429498881E0
1.392108738E1,-1.667663911E-1,-1.780275145E0,9.298335886E-1,2.015386098E0
1.393105738E1,1.406260481E-1,-2.008298429E0,1.885328268E0,2.758169854E0
1.394102737E1,5.282853361E-1,-9.796474805E-1,1.571680112E0,1.925869403E0
1.395099638E1,6.101307870E-1,6.037688702E-2,1.265504113E0,1.406202548E0
1.396096538E1,1.026051423E0,2.042610767E-1,1.328614866E0,1.691071131E0
1.397093538E1,8.893883979E-1,-5.745833704E-1,9.229338741E-1,1.404622621E0
1.398090438E1,1.228878470E0,-5.976506361E-1,-2.545561945E-1,1.390009868E0
1.399087438E1,1.205716260E0,2.621511430E-2,-8.612521809E-1,1.481956224E0
1.400084338E1,7.473598221E-1,6.810503501E-1,-7.279350793E-1,1.245899580E0
1.401081338E1,8.138403252E-1,-3.818962723E-2,1.249199152E-2,8.148316221E-1
1.402078238E1,1.137408356E0,3.998212042E-1,-1.006200564E0,1.570348476E0
1.403075238E1,1.369217054E0,1.042372902E0,-1.505639319E0,2.286535888E0
1.404072138E1,1.250897330E0,1.125861493E0,-1.316988847E0,2.136999732E0
1.405069138E1,1.774912371E0,-1.977966875E-2,-2.097079920E0,2.747444149E0
1.406066038E1,1.250769422E0,-9.332702896E-1,-1.512473545E0,2.173244994E0
1.407063038E1,6.412226254E-1,-1.481508445E0,4.515883001E0,4.795751558E0
1.408059938E1,1.210956169E0,4.946384838E-1,5.427589636E0,5.582993044E0
1.409056938E1,1.183643752E0,3.206081552E0,8.149673760E-1,3.513423298E0
1.410053838E1,4.435498989E-1,2.457889086E0,-2.086401150E0,3.254385508E0
1.411050838E1,3.723197391E-1,1.404460269E0,-5.547051761E0,5.734188161E0
1.412047738E1,2.993435276E-1,3.260965857E-1,-8.039975901E0,8.052152385E0
1.413044738E1,4.033382314E-1,-2.047463956E-1,-3.883916518E0,3.910167558E0
1.414041638E1,-2.917727720E-1,-6.522867268E-1,4.136419755E0,4.197687187E0
1.415038638E1,4.480063543E-2,9.859130645E-1,6.860068594E0,6.930697856E0
1.416035538E1,1.167941273E0,2.885919305E0,3.043380437E0,4.353708941E0
1.417032538E1,9.539210473E-1,1.191357910E0,2.670931512E0,3.076227263E0
1.418029438E1,8.436147127E-1,-1.021530502E0,3.747329069E0,3.974630234E0
1.419026438E1,7.963025520E-1,-7.770014048E-2,2.801463000E0,2.913473872E0
1.420023338E1,1.003166298E0,1.869074762E0,-1.524155697E0,2.612055451E0
1.421020338E1,1.285738403E0,1.587755862E0,-4.184762195E0,4.656858012E0
1.422017238E1,-4.684295091E-1,-1.697516286E0,-3.744922355E0,4.138288437E0
1.423014238E1,-1.831632263E0,-3.295395432E0,-2.044659632E0,4.288955678E0
1.424011138E1,-1.964344617E0,-6.200285152E-1,-9.754453790E-1,2.279161868E0
1.425008138E1,-2.696752231E0,1.336170345E0,-4.458572102E-1,3.042468149E0
1.426005038E1,-2.429331285E0,-2.917705062E-1,-1.219177208E0,2.733710589E0
1.427002038E1,-3.202271799E0,-3.950317499E0,-2.728723052E0,5.771090236E0
1.427998938E1,-2.343949804E0,-5.865267177E0,-1.331006961E0,6.455001105E0
1.428995938E1,-1.424673217E0,-3.939007522E0,2.929701794E0,5.111616832E0
1.429992838E1,-9.455497348E-1,-1.217081273E0,7.681533396E0,7.834622291E0
1.430989838E1,-2.338662605E-1,1.344342414E0,1.010420616E1,1.019592723E1
1.431986738E1,5.095946382E-1,3.738572863E0,6.225654466E0,7.279793080E0
1.432983738E1,2.943284803E-1,4.641358986E0,3.232948923E-1,4.661905413E0
1.433980638E1,-3.984654542E-1,1.982766562E0,-5.118769526E0,5.503811354E0
1.434977638E1,-1.637251373E0,-1.966569774E0,-8.916409208E0,9.276332352E0
1.435974537E1,-1.654559862E0,-4.696725979E0,-8.612335868E0,9.948323093E0
1.436971538E1,-1.192861887E0,-2.912872338E0,-6.630374760E0,7.339592237E0
1.437968438E1,-1.043506896E0,-2.085265621E0,-3.814433470E0,4.470698161E0
1.438965438E1,-2.100405378E-1,-5.669043975E0,9.991018102E0,1.148923928E1
1.439962338E1,2.935716313E-1,-4.646305439E0,1.584362255E1,1.651347068E1
1.440959338E1,-4.712627774E-1,5.071273178E0,5.822165011E0,7.735470617E0
1.441956237E1,-7.179122208E-1,5.614317545E0,3.090928826E0,6.449015464E0
1.442953238E1,3.516034560E-1,-1.319114310E-1,4.978336948E-1,6.235896115E-1
1.443950138E1,1.288904304E-1,-2.581214758E0,-7.178760558E0,7.629802456E0
1.444947138E1,-1.082049476E0,1.820989600E-1,-9.890750048E0,9.951428421E0
1.445944038E1,-3.251612139E-1,3.762135096E0,-5.110088165E0,6.353927239E0
1.446941038E1,-8.570365577E-1,3.325005732E0,-1.189669819E0,3.633935753E0
1.447937937E1,-1.044575658E-1,2.235480883E0,-4.873554844E-1,2.290371483E0
1.448934938E1,7.440523446E-1,2.918346794E0,-5.811547637E-3,3.011709759E0
1.449931838E1,3.835646291E-1,2.587436196E0,1.433745464E0,2.982880143E0
1.450928838E1,7.828827535E-1,-9.965304387E-1,1.954672152E0,2.329532473E0
1.451925738E1,1.267776487E0,-4.674066264E0,-8.087324899E-1,4.910010275E0
1.452922638E1,7.039158138E-1,-1.913418877E0,-2.044955501E0,2.887648225E0
1.453919638E1,3.404292807E-1,2.843529331E0,-7.024248469E-1,2.948720369E0
1.454916638E1,-1.716745805E-1,3.202637250E0,1.184872178E0,3.419105087E0
1.455913538E1,1.329739431E-1,1.053760062E0,4.199002504E-2,1.062946612E0
1.456910538E1,-7.865470574E-1,2.464827100E0,-1.731971589E0,3.113479483E0
1.457907438E1,-4.965661646E-1,3.244547460E0,4.623562986E-1,3.314730686E0
1.458904338E1,-2.665954654E-1,1.235643844E0,3.437303263E0,3.662368438E0
1.459901338E1,4.122118928E-1,-5.518851224E0,3.001564075E0,6.295794181E0
1.460898238E1,1.559171894E0,-4.444641110E0,-4.232466120E-1,4.729163699E0
1.461895238E1,7.864579605E-1,-9.868682072E-1,1.342789686E-1,1.269037361E0
1.462892138E1,-1.314731182E-1,7.646634874E-1,3.425234025E0,3.512011326E0
1.463889138E1,-6.831261847E-1,-2.470176718E-1,2.525559790E0,2.627951934E0
1.464886038E1,-1.404492429E0,-1.787798465E0,-5.287075782E-1,2.334170953E0
1.465883104E1,-1.942161742E0,-8.267337281E-1,-5.089047545E0,5.509436069E0
1.466880004E1,-2.430128261E0,-1.807780740E-1,-3.432223787E0,4.209318733E0
1.467877004E1,-1.568728584E0,-3.140042806E0,2.239525110E0,4.163682374E0
1.468873904E1,-9.875059191E-1,-3.767096751E0,2.502312430E0,4.629012137E0
1.469870904E1,4.422409265E-1,-9.545430449E-1,9.194629669E-2,1.056022530E0
1.470867804E1,1.193537898E0,5.826741627E-1,1.838966864E0,2.268444626E0
1.471864804E1,1.070701784E0,-7.624242961E-2,2.756820678E0,2.958424491E0
1.472861704E1,1.915983465E0,-1.161842043E0,-9.565191114E-1,2.436349396E0
1.473858704E1,2.474241117E0,-1.452058651E0,-2.553365055E0,3.840575027E0
1.474855604E1,1.532155273E0,-7.397645813E-1,-1.937376089E0,2.578406005E0
1.475852604E1,2.176422251E0,-1.979952005E-1,-1.997114752E0,2.960486995E0
1.476849504E1,1.706613822E0,-7.837292111E-1,-1.178112797E0,2.216914969E0
1.477846504E1,1.340861128E0,-7.359948814E-1,1.874149561E-1,1.541013107E0
1.478843404E1,1.443102325E0,1.942883581E-1,1.671245915E0,2.216608941E0
1.479840404E1,5.119239496E-1,7.685203108E-1,2.172983796E0,2.361048110E0
1.480837304E1,1.807219407E-1,7.618272954E-1,-2.989769071E-1,8.381100399E-1
1.481834304E1,-5.086981869E-1,-5.719261032E-1,2.431693268E-1,8.031218055E-1
1.482831204E1,-5.467087067E-1,-6.895320287E-1,1.294936073E-1,8.894455705E-1
1.483828204E1,-2.586905415E-1,-3.301101145E-1,-2.911901700E-1,5.105734022E-1
1.484825104E1,-6.753460258E-1,1.328559025E0,-1.774595452E0,2.317401639E0
1.485822104E1,-1.373501894E0,1.796612558E0,1.272319043E-1,2.265063375E0
1.486819004E1,-1.175854091E0,3.641335714E0,1.389435264E0,4.070932200E0
1.487816004E1,-2.036666634E0,4.132798282E0,7.963802469E-1,4.675708943E0
1.488812904E1,-2.099030697E0,2.765163777E0,-3.229528302E-1,3.486597068E0
1.489809904E1,-2.672061486E0,7.540619007E-1,-6.352251363E-1,2.848163076E0
1.490806804E1,-2.470281383E0,6.532936174E-1,-1.851288117E0,3.155368497E0
1.491803804E1,-1.724787261E0,1.237733347E0,-1.883636084E0,2.838126112E0
1.492800704E1,-1.859037578E0,1.313346031E0,-6.864087385E-1,2.377405197E0
1.493797704E1,-1.286505119E0,1.025523857E0,-6.923536026E-1,1.784978463E0
1.494794604E1,-1.082087337E0,-3.632056475E-2,-4.613084775E-1,1.176876246E0
1.495791604E1,-1.038679143E0,4.798999920E-1,-8.450331742E-1,1.422406211E0
1.496788504E1,-5.504810378E-1,-3.043771031E-1,9.977273637E-1,1.179463728E0
1.497785504E1,-4.127221354E-1,-1.204592206E0,1.881932205E0,2.272234752E0
1.498782404E1,-6.302728370E-1,-3.925145236E-1,5.326047474E-1,9.137720269E-1
1.499779404E1,-6.173186231E-1,7.740222484E-1,5.803303063E-2,9.917462155E-1
1.500776304E1,-6.310386030E-1,-2.193851924E-1,1.981527829E-1,6.968530020E-1
1.501773304E1,-1.956266396E-1,-6.556111613E-1,-2.954662389E-1,7.452490022E-1
1.502770204E1,1.658609498E-1,-1.582439866E0,-8.949134320E-1,1.825512485E0
1.503767204E1,5.990441738E-1,-1.259711276E0,-1.337486261E-1,1.401290518E0
1.504764104E1,9.113697626E-1,-1.286835048E0,7.610583866E-1,1.750928083E0
1.505761004E1,9.293389872E-1,-1.858760859E0,6.024982703E-1,2.163716028E0
1.506758004E1,7.901320584E-1,-3.575520916E0,7.611390781E-1,3.740052297E0
1.507755004E1,9.682725996E-1,-2.700637998E0,9.856885314E-1,3.033575334E0
1.508751904E1,8.784788091E-1,-1.906621488E0,1.878110465E0,2.816776426E0
1.509748904E1,5.031668671E-1,-9.324034399E-1,2.815642498E0,3.008387566E0
1.510745804E1,3.702554161E-1,-1.017040132E0,1.885258686E0,2.173858325E0
1.511742704E1,1.405307567E-1,-7.318559298E-1,6.552764082E-1,9.923452860E-1
1.512739704E1,2.841764349E-1,3.932471797E-1,5.102543503E-1,7.041016208E-1
1.513736604E1,1.092724007E0,5.456095397E-2,-1.411312621E0,1.785728414E0
1.514733604E1,1.448799998E0,-3.497260612E-1,-3.223689857E0,3.551549809E0
1.515730504E1,1.645952176E0,-1.364786911E0,-1.275512792E0,2.489725840E0
1.516727504E1,1.283812184E0,-9.527160823E-1,-1.611982630E0,2.270314881E0
1.517724404E1,2.003027164E0,-6.644658923E-2,-1.746548113E0,2.658376060E0
1.518721404E1,1.942305584E0,2.066376776E-2,2.400936913E-1,1.957197729E0
1.519718304E1,1.440934616E0,-4.894905952E-1,1.567952512E0,2.185032881E0
1.520715304E1,7.023459095E-1,1.159544964E0,-2.047519505E-1,1.371042545E0
1.521712204E1,-1.430668952E-1,2.366572242E0,-1.359505706E0,2.733018126E0
1.522709204E1,-8.837631572E-1,1.057987599E0,1.732448137E-1,1.389384339E0
1.523706104E1,-7.364392698E-1,3.321309122E-1,8.922938794E-1,1.203678573E0
1.524703104E1,-8.044757900E-1,1.155539621E0,-3.253209525E-1,1.445090597E0
1.525700004E1,-4.377447832E-1,3.674939954E0,-1.322246078E0,3.930030388E0
1.526697004E1,-1.282490128E0,3.932142014E0,-6.894440281E-1,4.193072241E0
1.527693904E1,-1.572414376E0,2.022927578E0,-1.475661229E0,2.956737902E0
1.528690904E1,-8.927392910E-1,1.044987777E0,-2.258846065E0,2.644119596E0
1.529687804E1,-1.042806180E0,-2.454055944E-1,-1.209787164E0,1.615937381E0
1.530684804E1,-1.158413235E0,-7.165756935E-1,1.730592815E0,2.202351798E0
1.531681704E1,-4.599332489E-1,-5.716381279E-1,7.113494521E-1,1.021923082E0
1.532678704E1,5.320974466E-2,-1.499724861E0,8.337077022E-2,1.502982575E0
1.533675604E1,-4.752858811E-1,-1.813456924E0,2.685932543E0,3.275478028E0
1.534672604E1,1.166408974E-2,-1.262446019E0,2.784874449E0,3.057684041E0
1.535669504E1,1.295067050E0,-2.815627295E-1,-7.178240740E-1,1.507231779E0
1.536666504E1,7.196983259E-1,-1.014562082E-1,-9.944102383E-1,1.231710504E0
1.537663404E1,1.297730896E0,-1.768690641E0,1.391070145E-1,2.198118019E0
1.538660404E1,7.243798260E-1,-1.885711553E0,9.524704993E-2,2.022302201E0
1.539657304E1,8.536766014E-1,-5.796143147E-1,-7.253330684E-1,1.261278936E0
1.540654304E1,1.687950278E-1,2.049773607E-1,3.101433349E-1,4.082846653E-1
1.541651204E1,-5.343434535E-1,-1.323240105E0,1.420530172E0,2.013552401E0
1.542648204E1,-8.331443229E-1,-1.984172232E0,2.047683812E0,2.970534952E0
1.543645104E1,-1.070251257E0,-9.251894376E-1,1.084080214E0,1.782313990E0
1.544642104E1,-8.735609353E-1,-5.932049981E-1,3.116390526E-2,1.056395791E0
1.545639004E1,-2.918124052E-1,7.390091211E-2,-1.082870425E0,1.123932463E0
1.546636004E1,-7.119654746E-2,-6.240163162E-1,-9.970327145E-1,1.178363079E0
1.547632904E1,6.017709863E-1,-9.166592270E-1,-9.434692955E-1,1.446556867E0
1.548629904E1,8.651098815E-1,-1.853099585E-2,2.207733214E-1,8.930281990E-1
1.549626804E1,5.437750124E-1,-2.750334361E-1,4.395118117E-2,6.109552859E-1
1.550623804E1,4.221498570E-1,4.535240793E-1,2.114937901E-3,6.195958887E-1
1.551620704E1,1.410884167E0,2.485183597E-1,-5.185299146E-1,1.523557934E0
1.552617704E1,1.032959762E0,4.628451258E-2,-1.590122230E0,1.896743744E0
1.553614604E1,8.759055957E-1,-1.628270927E0,-1.555891460E-1,1.855447333E0
1.554611604E1,3.529907079E-1,-2.248329263E0,7.164920783E-1,2.385989902E0
1.555608504E1,1.002614832E0,-3.609939381E-1,-2.412251276E-1,1.092585322E0
1.556605504E1,1.081551659E0,2.763584152E-1,-8.070607710E-1,1.377488676E0
1.557602404E1,2.098429110E-2,1.910013458E-1,7.507561773E-1,7.749559293E-1
1.558599404E1,5.505507659E-1,-5.733817676E-1,5.311973226E-1,9.560561661E-1
1.559596304E1,3.042897604E-1,5.207454246E-1,-2.660430497E-1,6.592017596E-1
1.560593304E1,-5.125338142E-1,2.416952145E0,8.727080458E-1,2.620299203E0
1.561590204E1,-1.144825622E0,1.840568124E0,9.811218560E-2,2.169779419E0
1.562587204E1,-9.409137699E-1,1.154939989E0,-4.764358091E-1,1.564032027E0
1.563584104E1,-1.091600756E0,1.175686495E0,-4.814334244E-1,1.674995250E0
1.564581104E1,-1.386495284E0,3.057785930E0,-5.494991076E-1,3.402113055E0
1.565577938E1,-1.742378171E0,3.540187069E0,-7.344102859E-2,3.946416065E0
1.566574938E1,-2.070930879E0,3.164192391E0,-1.397852916E-1,3.784231510E0
1.567571838E1,-1.648165201E0,1.988707625E0,-6.111486411E-1,2.654224785E0
1.568568838E1,-1.860032628E0,2.722697496E-2,-1.242084260E0,2.236791451E0
1.569565738E1,-1.339470952E0,-1.025391126E-1,4.347089088E-1,1.411973278E0
1.570562738E1,-1.593104164E0,-2.152792776E-1,1.377338544E0,2.116928792E0
1.571559637E1,-1.368532784E0,1.213962076E0,-3.073638609E0,3.576847802E0
1.572556638E1,-1.258491986E0,2.639634874E-1,-5.573288217E0,5.719704569E0
1.573553538E1,-1.477624578E0,-2.308636276E0,-2.312781367E0,3.586381672E0
1.574550538E1,-2.032233422E0,-3.712486680E0,-1.093601820E0,4.371326454E0
1.575547438E1,-2.178393786E0,-3.429261295E0,2.167469872E0,4.604688715E0
1.576544338E1,-1.216395249E0,-1.209304769E0,6.388391833E0,6.614649321E0
1.577541337E1,-1.123073468E0,9.324589884E-1,5.930181211E0,6.107194362E0
1.578538238E1,-1.966854059E-1,5.563444430E-1,2.800559605E0,2.862051430E0
1.579535238E1,-2.470868151E-1,1.090201664E-1,4.662558067E-1,5.388244316E-1
1.580532138E1,-3.175005209E-1,-3.308872095E-1,-1.779471445E-1,4.918923789E-1
1.581529138E1,4.573662116E-1,2.654211983E-1,-2.528012697E0,2.582727330E0
1.582526038E1,-1.303613889E-1,-4.890400672E-1,-2.629349037E0,2.677616597E0
1.583523037E1,5.854911319E-1,-9.989774984E-1,-2.125908448E0,2.420793803E0
1.584519938E1,-4.625981540E-1,-2.031019247E0,-1.165272896E0,2.386817370E0
1.585516938E1,-1.758742152E-1,-1.547338445E0,-4.040010864E-1,1.608852039E0
1.586513838E1,-5.431875499E-1,-1.205893211E0,1.708733000E0,2.160786805E0
1.587510838E1,-7.298361553E-1,-9.124024540E-1,2.948829206E0,3.171865814E0
1.588507738E1,-4.593993982E-1,-2.008788426E0,1.388958131E0,2.485051999E0
1.589504738E1,-2.538277046E-1,-1.790882871E0,-2.070599050E0,2.749376363E0
1.590501638E1,2.840591434E-1,-2.438017032E0,1.040634817E0,2.665996524E0
1.591498638E1,1.852698502E-1,-1.224155235E0,2.498101850E0,2.788080668E0
1.592495538E1,-5.737269726E-2,2.941824534E0,-8.448331994E-1,3.061268749E0
1.593492538E1,-3.615537360E-1,4.330100880E0,-7.625535196E-1,4.411573711E0
1.594489438E1,9.530717392E-1,3.223115953E0,-2.214435877E0,4.024990489E0
1.595486438E1,1.693544565E0,-1.638600910E0,7.274386507E-1,2.466226495E0
1.596483338E1,2.031949685E0,-2.741795380E0,3.616659586E0,4.972573578E0
1.597480338E1,2.480522489E0,1.184909893E0,-1.231835260E0,3.012378027E0
1.598477238E1,3.308420105E0,3.642180929E0,-5.012919720E0,7.024278584E0
1.599474238E1,3.343608941E0,9.869971383E-1,-3.032651381E0,4.620698919E0
1.600471138E1,3.355495453E0,-9.052016079E-1,-2.069446564E-1,3.481603909E0
1.601468138E1,2.446389806E0,2.023532180E0,1.841808611E-1,3.180161655E0
1.602465038E1,2.438636106E-2,3.765641379E0,1.138340621E0,3.934014369E0
1.603462038E1,-3.040464431E-1,3.470535328E0,2.756485047E0,4.442439591E0
1.604458938E1,2.318963335E-1,1.277896994E0,1.870599716E0,2.277265890E0
1.605455938E1,2.994750168E-2,8.149205983E-1,-7.686890030E-1,1.120658386E0
1.606452838E1,-6.185213953E-1,9.081357408E-1,-1.784482509E0,2.095628084E0
1.607449838E1,8.156398058E-2,-4.947653684E-1,-1.268144715E0,1.363684887E0
1.608446738E1,1.294443883E0,-2.455723570E0,2.025176125E0,3.436204528E0
1.609443738E1,1.291094306E0,4.698939443E-2,3.643194836E0,3.865488471E0
1.610440638E1,1.440555570E0,-1.486204344E0,3.082300674E0,3.712759237E0
1.611437638E1,1.223552241E0,-9.049957860E-1,5.063729686E-1,1.603904935E0
1.612434538E1,1.397350494E0,-1.581909231E0,-4.878413880E-1,2.166336640E0
1.613431538E1,1.679862957E0,-1.663959700E0,-1.733845621E0,2.932050831E0
1.614428438E1,2.009911091E0,-8.465569586E-2,-4.868730891E-1,2.069771626E0
1.615425438E1,2.064822147E0,-2.998109247E0,2.068765948E0,4.187116204E0
1.616422338E1,1.302858758E0,-3.136721587E0,2.724849272E0,4.354453676E0
1.617419338E1,1.749508850E0,7.393620005E-1,2.218197976E0,2.920246504E0
1.618416238E1,8.001153021E-1,1.730013649E0,4.288916309E0,4.693392678E0
1.619413238E1,1.546192245E0,2.145817632E0,9.258779472E-1,2.802230137E0
1.620410138E1,2.580052916E0,-2.781950256E-1,-4.505922854E-1,2.633837302E0
1.621407138E1,2.178272603E0,-1.731353830E0,-2.470939195E0,3.721289846E0
1.622404038E1,2.444465633E0,-1.260256529E0,-2.867600856E0,3.973259798E0
1.623401038E1,1.572602218E0,-1.156757888E0,-2.539458622E0,3.203126073E0
1.624397938E1,8.534793310E-1,-2.352607630E0,-2.833672387E0,3.780593713E0
1.625394938E1,1.304663647E-1,-1.475460670E0,-2.267161390E0,2.708140770E0
1.626391838E1,2.702064134E-2,-2.133090582E-1,2.525120080E-1,3.316522027E-1
1.627388838E1,2.604108654E-1,-1.766709897E-1,3.425259753E0,3.439684700E0
1.628385738E1,-5.713960897E-1,-1.172373170E0,3.536649796E0,3.769462046E0
1.629382738E1,-2.463063580E-1,-1.211207453E0,2.596618078E0,2.875780896E0
1.630379638E1,1.908396703E-1,-1.084640962E-1,2.296143115E-1,3.176585776E-1
1.631376638E1,-4.989673968E-2,1.790241432E0,-1.445025913E0,2.301207065E0
1.632373538E1,-2.947507955E-1,1.667942531E0,-1.557156798E0,2.300792822E0
1.633370538E1,-6.693964107E-1,2.663851118E0,-1.390317609E0,3.078502459E0
1.634367438E1,-1.608811685E-1,3.019924624E0,-1.936607180E0,3.591138379E0
1.635364438E1,1.420394663E-2,2.347498625E0,-6.539075750E-1,2.436913347E0
1.636361337E1,-8.902141710E-1,9.371668741E-1,1.463259870E0,1.952406839E0
1.637358338E1,-9.997354437E-1,-3.924680382E-2,1.052748494E0,1.452339719E0
1.638355238E1,-1.057312538E0,2.023604685E0,-1.209199519E0,2.583611659E0
1.639352238E1,-2.121673309E0,2.517778023E0,-1.305501407E0,3.541897476E0
1.640349138E1,-2.828688220E0,5.900562724E-1,1.210559582E0,3.132905673E0
1.641346138E1,-2.552248821E0,-8.021567112E-1,3.164858097E-1,2.693991964E0
1.642343037E1,-1.473489427E0,-7.940322974E-1,-1.900436888E0,2.532453109E0
1.643340038E1,-2.963209848E0,-3.838498271E-1,-5.427221847E-1,3.036857037E0
1.644336938E1,-3.030162514E0,4.166202548E-1,-4.733952570E-1,3.095086488E0
1.645333938E1,-3.953379978E0,1.139505386E-1,-6.828717577E-1,4.013541057E0
1.646330838E1,-3.974729332E0,-1.644541097E0,-2.757774943E-1,4.310341275E0
1.647327838E1,-3.549254931E0,-1.043378915E0,-8.828728455E-1,3.803329408E0
1.648324737E1,-3.010353025E0,-2.182551887E0,1.877583046E0,4.165462299E0
1.649321738E1,-2.062786585E0,-1.888336660E0,9.130889171E-1,2.941876138E0
1.650318638E1,-1.850139139E0,-2.225462849E0,4.274653780E-1,2.925478828E0
1.651315638E1,-4.587137756E-1,-7.505752060E-1,1.806006110E-1,8.979966862E-1
1.652312538E1,8.747468238E-1,-1.161081612E-2,9.115242022E-1,1.263405393E0
1.653309538E1,1.180078485E0,2.077261367E-1,1.334338705E0,1.793375353E0
1.654306438E1,9.555546132E-1,1.171021879E-2,1.696051558E0,1.946744112E0
1.655303438E1,1.255145478E0,-2.086888808E-1,1.211223240E0,1.756702296E0
1.656300338E1,5.438968903E-1,1.127232081E-1,-5.399804252E-1,7.746671598E-1
1.657297338E1,1.379371329E0,6.579243198E-1,-1.876313031E-2,1.528359162E0
1.658294238E1,1.643303241E0,-1.737836346E-1,3.272277296E-2,1.652790693E0
1.659291238E1,9.143951120E-1,-1.086052772E0,-9.110833222E-1,1.686920823E0
1.660288138E1,9.744240897E-1,-6.578313491E-1,-8.621006119E-1,1.457896380E0
1.661285138E1,1.730355382E-1,-1.438739571E0,-2.410426944E-1,1.469018186E0
1.662282038E1,-1.512774640E-1,-1.606033966E0,6.089723074E-1,1.724261361E0
1.663279038E1,-1.307322486E-1,-8.990205163E-1,6.727782941E-1,1.130468683E0
1.664275938E1,-3.489978271E-1,-9.768528038E-1,1.665201064E0,1.961870400E0
1.665273025E1,-7.977408209E-1,4.560603091E-1,1.328061719E0,1.614970387E0
1.666269925E1,-1.956558026E-1,4.717340630E-1,2.199769306E-1,5.560612100E-1
1.667266925E1,-6.615508360E-1,-1.143004068E0,-5.576893026E-1,1.433570775E0
1.668263825E1,-7.676780194E-2,-7.910113335E-1,-9.100448567E-1,1.208211019E0
1.669260825E1,8.029696204E-1,7.263586700E-2,-2.014049458E0,2.169431123E0
1.670257725E1,8.447514845E-1,1.003952017E0,-2.409627630E0,2.743689129E0
1.671254725E1,1.631650471E0,3.366820925E-1,-1.103645582E0,1.998417289E0
1.672251625E1,1.620182035E0,1.283202758E0,-3.323370266E-1,2.093333954E0
1.673248625E1,1.518697175E0,1.074575857E0,-8.355484056E-1,2.039435099E0
1.674245525E1,2.181026933E0,1.023435232E0,-7.488698655E-1,2.522915820E0
1.675242525E1,4.410374965E-1,4.739524966E-1,-2.896891898E-1,7.092706599E-1
1.676239425E1,5.907938987E-1,4.107821023E-1,7.509988368E-1,1.040085871E0
1.677236425E1,6.805470144E-2,7.099160072E-1,1.276505064E0,1.462216591E0
1.678233325E1,-4.276633428E-1,8.633378828E-1,1.181985408E0,1.524905813E0
1.679230325E1,-2.157756696E-1,5.307663828E-1,-1.035064175E0,1.183059567E0
1.680227225E1,-9.784740905E-1,-1.758275288E-1,-1.408383751E0,1.723911731E0
1.681224225E1,-1.116199116E0,-1.272517556E0,9.899277627E-1,1.960907538E0
1.682221125E1,-8.163608406E-1,-9.162209782E-1,1.194637029E0,1.712618911E0
1.683218125E1,1.975570613E-1,4.382993916E-1,5.152455336E-1,7.047078182E-1
1.684215025E1,1.123139395E0,-6.038247111E-1,3.352068400E-1,1.318487773E0
1.685212025E1,4.413062857E-1,-8.457327935E-1,4.025503922E-1,1.035404276E0
1.686208925E1,4.512336153E-1,-3.112642461E-1,-1.196051470E0,1.315688537E0
1.687205925E1,1.032662869E-1,-1.008200312E0,-1.110652885E0,1.503556326E0
1.688202825E1,-3.325932443E-1,-1.153225878E0,5.721605766E-1,1.329629992E0
1.689199825E1,-7.460801864E-2,-1.057018715E-1,4.987832826E-1,5.152902145E-1
1.690196725E1,-3.336040451E-1,-3.875218785E-1,-5.416743636E-2,5.141974099E-1
1.691193625E1,5.736885637E-1,-6.456130072E-1,1.077152433E0,1.380649154E0
1.692190625E1,9.291004939E-1,-9.979568669E-1,1.673050951E0,2.158296810E0
1.693187625E1,8.318365201E-1,8.205511746E-1,1.778645234E0,2.128105987E0
1.694184525E1,6.391493489E-1,1.353324322E0,1.963419002E-1,1.509486254E0
1.695181525E1,5.612970346E-1,3.029600304E-1,-6.568972564E-1,9.156162660E-1
1.696178425E1,-5.140844593E-1,-2.046023787E0,2.981302303E-1,2.130581565E0
1.697175325E1,-1.186118110E-1,-2.659249359E0,-1.036476277E0,2.856564193E0
1.698172325E1,7.091312378E-1,-1.045794985E-1,-1.653661584E0,1.802331994E0
1.699169225E1,1.439416532E0,9.406971306E-2,1.028684862E0,1.771711492E0
1.700166225E1,1.006528739E0,-1.087939376E0,2.634802735E0,3.023060972E0
1.701163225E1,4.344852163E-1,-1.585447089E0,1.328135979E0,2.113377641E0
1.702160125E1,6.935146404E-1,6.327090794E-1,-7.369029540E-1,1.193444301E0
1.703157125E1,4.957367371E-1,1.307179850E0,-3.190252554E-1,1.433963454E0
1.704154025E1,4.668107805E-1,-2.264515525E-1,-4.438492763E-1,6.827845858E-1
1.705151025E1,4.149546023E-2,6.346427536E-1,-2.317977203E0,2.403645483E0
1.706147925E1,3.803525343E-1,1.907795317E0,-1.943168340E0,2.749591646E0
1.707144925E1,1.155110143E-2,2.835325980E0,-7.962679803E-1,2.945038121E0
1.708141825E1,-4.383037039E-1,2.461734800E0,-3.758286166E-1,2.528536239E0
1.709138725E1,-2.202915291E-1,1.646690533E0,-8.808350909E-1,1.880422433E0
1.710135725E1,-3.673211371E-1,1.758961751E0,-3.163513237E-1,1.824540879E0
1.711132625E1,-1.174556082E0,1.620903143E0,-4.194429982E-1,2.045199603E0
1.712129625E1,-8.714233395E-1,8.064713717E-2,-3.215290332E-1,9.323430251E-1
1.713126525E1,-1.524205837E0,-1.034463081E-1,-8.824617863E-3,1.527737689E0
1.714123525E1,-1.617692437E0,1.297843893E0,-1.188584576E0,2.390410192E0
1.715120425E1,7.835488976E-1,1.074110126E-1,5.326766682E-1,9.535357536E-1
1.716117425E1,2.836392950E-3,-3.413978720E-1,1.297817581E0,1.341972811E0
1.717114325E1,-3.344187085E-1,-2.193442619E-1,1.256209964E-1,4.191997287E-1
1.718111325E1,-1.380968057E0,-1.953825768E0,1.782748225E0,2.983739120E0
1.719108225E1,-9.073688784E-1,2.859729919E-1,1.159391767E0,1.499762682E0
1.720105225E1,-1.892226594E-1,-1.244097164E0,1.093399506E0,1.667064920E0
1.721102125E1,-1.535549728E0,-2.599796040E0,2.439311605E0,3.881635419E0
1.722099125E1,-8.111193234E-1,6.117152363E-2,1.758187580E0,1.937235164E0
1.723096025E1,-5.454230136E-1,8.524246395E-2,1.463221278E0,1.563895473E0
1.724093025E1,-4.751963821E-1,4.433040234E-1,1.985930783E-1,6.795360693E-1
1.725089925E1,-1.640935192E-1,-1.238599319E0,-1.548104723E0,1.989392669E0
1.726086925E1,4.031609146E-1,-1.703457057E0,-2.677537111E0,3.198985722E0
1.727083825E1,3.274259136E-1,-1.651194936E0,1.238050851E0,2.089598611E0
1.728080825E1,2.940958342E-1,2.642055622E-1,8.591799277E-1,9.457732746E-1
1.729077725E1,1.042142960E0,3.441995654E-1,-2.124696904E0,2.391416364E0
1.730074725E1,4.622586135E-1,-9.917316288E-1,-2.449784553E-1,1.121262277E0
1.731071625E1,1.697934216E-1,-1.345797786E0,-2.403766966E-1,1.377600248E0
1.732068625E1,1.075803992E-1,-1.096013504E0,-1.893006831E-1,1.117431829E0
1.733065525E1,1.151903311E-1,-9.709053084E-1,9.801710987E-1,1.384435377E0
1.734062525E1,-1.245554144E-1,-1.424519727E0,1.241003110E0,1.893372447E0
1.735059425E1,-4.038876504E-2,-9.034404266E-1,1.736389160E-1,9.208617322E-1
1.736056425E1,1.825413749E-1,-8.525097165E-1,5.424625683E-1,1.026820241E0
1.737053325E1,-3.349529978E-1,-3.043525448E-1,1.742832792E-1,4.849728278E-1
1.738050325E1,-2.089201016E-1,2.217293411E-1,-1.568141962E0,1.597460711E0
1.739047225E1,4.595604524E-1,7.462810108E-1,-1.922734661E0,2.113064062E0
1.740044225E1,6.632635586E-1,-4.435124767E-1,-4.627468926E-1,9.223646522E-1
1.741041125E1,4.744686596E-2,-1.697093532E0,7.278058559E-1,1.847181373E0
1.742038125E1,6.558624454E-1,-8.266702858E-1,-1.366934593E0,1.726861167E0
1.743035025E1,2.761705734E-1,1.052175759E0,-2.073559495E0,2.341579167E0
1.744032025E1,6.592313187E-1,1.670888943E0,-3.469381088E-1,1.829432109E0
1.745028925E1,1.877749070E-1,1.538997977E0,3.684856832E-2,1.550848802E0
1.746025925E1,8.207257871E-1,1.443249528E0,-1.221305010E0,2.061103090E0
1.747022825E1,1.370087412E0,9.099048159E-1,-5.551498568E-1,1.735873744E0
1.748019825E1,7.105993275E-2,1.158719922E0,5.674564916E-1,1.292164169E0
1.749016725E1,-1.208677582E-1,1.488869797E0,5.537897944E-2,1.494794006E0
1.750013725E1,-9.120177803E-1,1.361170700E0,1.494177607E0,2.217459995E0
1.751010625E1,-1.291085097E0,-3.209975213E-2,1.415634883E0,1.916234130E0
1.752007625E1,-1.164724866E0,1.301324156E-1,8.493092430E-1,1.447357817E0
1.753004525E1,-1.898978666E-1,-4.662689629E-1,1.075977142E0,1.187937185E0
1.754001525E1,1.038952189E-1,-1.771948710E0,1.378152477E0,2.247198410E0
1.754998425E1,-2.803023804E-1,-9.503280795E-1,8.763988084E-1,1.322787872E0
1.755995425E1,5.738313454E-1,-6.866522750E-1,1.393818337E-1,9.056495212E-1
1.756992325E1,9.332448542E-1,-6.249378374E-1,3.637669802E-2,1.123751095E0
1.757989325E1,2.291216104E-1,-5.994805223E-1,1.393421896E0,1.534111530E0
1.758986225E1,8.982619862E-1,-4.673618075E-1,6.590385067E-1,1.208152891E0
1.759983225E1,6.549735224E-1,-1.391818589E-1,3.648551470E-1,7.625491350E-1
1.760980125E1,8.584156235E-1,6.275059345E-1,-1.645483083E0,1.959146666E0
1.761977125E1,9.815213670E-1,5.348155797E-1,-1.882516927E0,2.189356498E0
1.762974025E1,7.977573393E-1,1.464084327E-2,-6.093772271E0,6.145786493E0
1.763971025E1,-1.118976470E0,-1.675148347E0,-6.583908107E0,6.885207062E0
1.764967925E1,-1.437509463E0,-4.268853635E0,2.560490472E0,5.181279405E0
1.765964913E1,-5.694890934E-1,-2.545205850E0,8.504041341E0,8.895004765E0
1.766961813E1,-1.369531287E-1,2.283164635E0,5.068359511E0,5.560563374E0
1.767958813E1,-3.725706211E-1,2.620204577E0,2.573495264E0,3.691498174E0
1.768955713E1,-1.601720840E-1,5.382329848E-1,4.906579918E-1,7.457178470E-1
1.769952713E1,8.034568396E-1,-1.208692566E0,-1.670384036E0,2.212840581E0
1.770949612E1,2.287697177E-1,-9.309065527E-1,-2.082282956E0,2.292340486E0
1.771946613E1,2.412330396E-1,-5.711984172E-1,-2.924349253E0,2.989361063E0
1.772943513E1,-3.446903295E-1,-1.117837944E0,-2.000233072E0,2.317176177E0
1.773940513E1,-7.746994291E-1,-2.078549217E0,2.272169530E-2,2.218342247E0
1.774937413E1,-8.488922634E-1,-3.704328060E-1,-9.602613294E-1,1.334144055E0
1.775934413E1,-1.401552449E0,6.086539266E-1,8.985515696E-1,1.772626242E0
1.776931312E1,-6.427053331E-1,7.018021184E-1,1.529282536E0,1.801194446E0
1.777928313E1,-2.814116155E-1,-2.818395951E-1,1.861288610E0,1.903423585E0
1.778925213E1,-5.332746556E-1,1.219611364E0,-9.418443543E-1,1.630614769E0
1.779922213E1,8.890985588E-2,-7.117640197E-1,-1.521509247E0,1.682112770E0
1.780919113E1,-3.850123814E-2,1.399379331E0,-4.861720079E-1,1.481927150E0
1.781916113E1,-3.472136040E-2,3.533968847E0,-3.259105858E0,4.807485037E0
1.782913012E1,2.760786259E-1,5.948550239E0,-2.480327484E0,6.450852174E0
1.783910013E1,-2.140725402E-1,4.822363348E0,-6.449484712E-1,4.870007581E0
1.784906913E1,-5.268256884E-1,3.884270275E-1,-2.151295888E-1,6.889859226E-1
1.785903913E1,-7.166896411E-1,-1.292476734E0,-2.953995806E-1,1.507116804E0
1.786900813E1,-3.768561186E-1,4.779423442E-1,1.587527236E0,1.700203559E0
1.787897813E1,2.812697657E-1,3.683529806E0,1.133335404E0,3.864188615E0
1.788894713E1,7.666000852E-1,1.667237064E0,1.695587874E0,2.498474206E0
1.789891713E1,6.876860628E-1,-1.631970752E0,2.387094800E0,2.972282329E0
1.790888613E1,-7.849981300E-1,-7.155869293E-1,-3.245438576E-1,1.110682418E0
1.791885613E1,1.832237815E-2,4.906398654E-1,-1.452620861E0,1.533352716E0
1.792882513E1,-5.447886638E-1,-1.367605269E-2,3.499073249E-1,6.476240102E-1
1.793879513E1,-1.749167519E0,-3.076137709E0,3.855870348E-1,3.559619021E0
1.794876413E1,-1.370938182E0,-2.351590506E0,-2.171558245E0,3.482113528E0
1.795873413E1,-1.795377333E0,-2.615151998E0,2.082544327E-1,3.178957321E0
1.796870313E1,-1.067346067E0,-1.798880985E0,1.656286399E0,2.668048924E0
1.797867313E1,-1.536297148E0,-1.652650892E0,8.516925681E-1,2.411813453E0
1.798864213E1,-1.372140662E0,-1.913498983E0,-2.852277642E-1,2.371835414E0
1.799861212E1,-8.580966579E-1,-1.534624552E0,2.089755698E0,2.731022019E0
1.800858113E1,-5.262893160E-1,-1.114642441E0,3.031034042E0,3.272090399E0
1.801855113E1,2.006530889E-1,8.738081995E-1,-5.230737859E-1,1.037982956E0
1.802852013E1,1.168159301E-1,7.837099153E-1,-9.907206452E-1,1.268611284E0
1.803849013E1,4.659362929E-1,6.153346628E-2,-6.361560130E-1,7.909345544E-1
1.804845913E1,1.012279622E0,-1.647583695E0,-1.732187351E0,2.596096124E0
1.805842912E1,6.100197996E-1,-2.981478597E0,-2.576739299E-1,3.054134023E0
1.806839813E1,8.936776230E-1,-9.046537238E-1,3.066396832E-1,1.308084840E0
1.807836813E1,2.081810501E0,4.383707276E-1,5.463012654E-1,2.196485586E0
1.808833713E1,2.023336006E0,-8.576616982E-1,1.470385872E0,2.644145758E0
1.809830713E1,1.574269259E0,-1.835272886E0,8.724864364E-1,2.570560804E0
1.810827613E1,1.394000624E0,-1.797071272E0,2.855540389E-1,2.292213778E0
1.811824612E1,9.275547825E-1,7.400230283E-1,-5.413872653E-1,1.304259226E0
1.812821513E1,1.077740809E0,1.459687221E0,-1.316857869E0,2.241947074E0
1.813818513E1,2.261612383E-1,-1.422773749E-1,5.291377578E0,5.298119330E0
1.814815413E1,5.270640355E-1,2.827771962E-2,7.541414228E0,7.559862743E0
1.815812413E1,1.054401794E0,4.131901319E0,1.566920478E0,4.543083913E0
1.816809313E1,1.008058078E0,4.631031927E0,1.779997694E-1,4.742817908E0
1.817806313E1,1.785115909E0,1.824725386E0,-1.176438155E0,2.810741588E0
1.818803213E1,2.013527448E0,6.727592906E-1,-3.790452284E0,4.344470781E0
1.819800113E1,1.499215568E0,-1.364892161E-1,-5.330492527E0,5.538991534E0
1.820797113E1,1.226967015E0,1.902814659E0,-3.557422614E0,4.216800604E0
1.821794013E1,4.371752278E-1,1.579944274E0,-1.694255294E0,2.357508662E0
1.822791013E1,4.277353732E-1,-5.470690048E-1,-1.887377717E0,2.011078490E0
1.823787913E1,3.000891937E-1,-5.339569160E-1,-2.220201817E0,2.303141250E0
1.824784913E1,-1.507507578E-1,-5.779189146E-1,-4.924016315E-1,7.740642282E-1
1.825781813E1,-4.209828990E-1,-2.351741657E0,2.786706966E0,3.670647237E0
1.826778813E1,2.724004349E-1,-2.306054145E0,5.638209268E0,6.097662787E0
1.827775713E1,8.887045661E-1,-4.323609594E-1,4.881862568E0,4.980894893E0
1.828772713E1,-8.129690900E-2,1.167620261E0,2.280013570E0,2.562890583E0
1.829769613E1,-2.665483222E-1,2.181647908E0,3.168471676E-1,2.220591752E0
1.830766613E1,4.649856087E-1,1.418041597E0,-3.387455750E-1,1.530294792E0
1.831763513E1,4.418501864E-1,3.993431944E-1,-1.696646805E0,1.798142640E0
1.832760513E1,2.899626385E-1,-8.114985153E-1,-3.763956796E0,3.861344187E0
1.833757413E1,-6.423952114E-1,-2.413999009E0,-3.455222640E0,4.263640031E0
1.834754413E1,-5.011242885E-1,-4.402835857E0,7.650280613E-1,4.496816326E0
1.835751312E1,-1.831843311E-1,-3.770954451E0,2.507222337E0,4.532087579E0
1.836748313E1,-4.784344605E-1,-8.288837492E-1,1.516940818E0,1.793615691E0
1.837745213E1,-4.638903887E-1,-1.544498160E-1,1.289141482E0,1.378743921E0
1.838742213E1,-4.501946747E-1,-1.025252839E0,1.253220867E0,1.680589531E0
1.839739113E1,1.817521470E-1,-2.079902847E0,-4.071240842E-2,2.088225849E0
1.840736113E1,-3.017080867E-1,-1.424698944E0,-2.726000589E0,3.090610629E0
1.841733012E1,5.103411449E-2,-3.519535580E-1,-4.845477099E0,4.858510482E0
1.842730013E1,3.822033242E-1,1.587682772E-1,-6.986140410E0,6.998388713E0
1.843726913E1,4.927028362E-1,7.813926637E-3,-5.653777480E0,5.675210739E0
1.844723913E1,-2.176522604E-1,-1.816024437E0,3.853553681E0,4.265582403E0
1.845720813E1,-6.340146165E-1,-1.983003959E0,1.226838581E1,1.244377634E1
1.846717813E1,3.448184200E-1,1.833743839E0,8.887436839E0,9.081192090E0
1.847714712E1,9.805876397E-1,4.475087270E0,-3.591020715E0,5.820943907E0
1.848711713E1,2.212235570E-2,4.310079136E-1,-4.367192985E0,4.388465767E0
1.849708613E1,-7.021590909E-1,-2.860635653E0,8.974248111E-1,3.079226367E0
1.850705613E1,-1.679798930E0,5.823610443E-1,5.379906178E-2,1.778697043E0
1.851702513E1,-1.451709426E0,5.678487228E0,-3.262836966E0,6.708113187E0
1.852699513E1,-6.237738761E-1,6.135641844E0,-3.221228179E0,6.957837715E0
1.853696412E1,-1.090567919E0,2.113204202E0,-1.981427257E0,3.095322982E0
1.854693413E1,-5.982338228E-1,-6.867888075E-1,-1.492203587E-1,9.229459834E-1
1.855690313E1,-9.165042758E-1,-1.307913968E-1,1.335658422E0,1.625136885E0
1.856687313E1,-2.723039924E-1,1.683768605E0,1.011748402E0,1.983144223E0
1.857684213E1,3.238577599E-1,9.831011385E-2,1.591968196E0,1.627547684E0
1.858681213E1,1.143073796E0,-2.057585194E0,6.516452873E-1,2.442317775E0
1.859678113E1,5.407070514E-1,-2.108121510E0,-1.435395548E0,2.607086649E0
1.860675113E1,-5.030353048E-1,4.280328503E-1,-2.666578259E0,2.747161490E0
1.861672013E1,3.637606213E-1,3.005288751E0,-2.251653405E0,3.772800727E0
1.862669013E1,-4.005191425E-1,1.742980726E0,3.336491418E-1,1.819263353E0
1.863665913E1,-5.616135517E-1,-4.028113534E0,1.944147749E0,4.507861898E0
1.864662912E1,-6.051149358E-1,-3.917540055E0,2.495482882E0,4.684092119E0
1.865659813E1,-8.475015762E-1,-7.295047644E-1,1.569144759E0,1.926824174E0
1.866656813E1,-3.489361389E-1,8.525828066E-1,6.902211231E-1,1.151112101E0
1.867653713E1,7.505252123E-2,6.141856849E-1,1.239171177E0,1.385063949E0
1.868650713E1,1.350658393E-1,-1.922355469E0,4.127631390E-1,1.970803577E0
1.869647613E1,-2.548043540E-1,-1.806326245E0,-8.717882788E-1,2.021819617E0
1.870644612E1,-4.301114989E-2,-3.235670802E-1,-1.585846746E-1,3.628976625E-1
1.871641513E1,-3.198617362E-1,5.769897920E-1,9.351533854E-1,1.144438991E0
1.872638513E1,-2.970496649E-1,-4.628614980E-1,1.512084121E-1,5.703886864E-1
1.873635413E1,-1.360745023E-1,-1.416737083E0,2.457197653E0,2.839626831E0
1.874632413E1,-6.695095544E-1,-1.305584437E0,2.529883221E0,2.924568837E0
1.875629313E1,-1.953057188E-1,4.842052969E-1,1.401783999E0,1.495860111E0
1.876626312E1,6.221659648E-1,-5.800516865E-1,4.950410646E-1,9.841829619E-1
1.877623213E1,9.061773621E-1,-2.753321411E0,4.155107456E-1,2.928239298E0
1.878620113E1,5.733945584E-1,-2.220891788E0,-2.236161207E0,3.203366760E0
1.879617113E1,1.224260046E-1,-1.039605415E0,-3.301425081E0,3.463405132E0
1.880614013E1,-1.267699742E-1,-6.761720181E-2,-3.382806044E0,3.385855792E0
1.881611013E1,-5.502442621E-1,-8.220863611E-1,-8.815016735E-1,1.325005635E0
1.882607913E1,-9.382584031E-1,-1.299827269E0,1.515802950E0,2.206249837E0
1.883604913E1,-7.394782139E-1,-6.592507607E-1,3.001392167E0,3.160663622E0
1.884601813E1,-8.917304271E-1,1.096227220E0,1.582321460E0,2.121470828E0
1.885598813E1,-1.094137388E-1,1.746452218E-1,5.748824555E-1,6.107062775E-1
1.886595713E1,5.233968446E-1,2.007504085E-1,2.144448799E-1,6.001929606E-1
1.887592713E1,1.238758656E0,1.450428740E0,-1.124151767E0,2.214042397E0
1.888589613E1,1.878797220E0,3.148725336E0,-1.788641049E0,4.079655260E0
1.889586613E1,1.116740787E0,2.732212086E0,-2.232647030E0,3.700919565E0
1.890583513E1,1.044866081E0,1.996426242E0,-4.045993735E0,4.631147608E0
1.891580513E1,2.806975426E-1,2.093455231E0,-3.712505391E0,4.271304507E0
1.892577413E1,-1.204202635E-1,1.077928066E0,1.143756312E-1,1.090647395E0
1.893574413E1,-7.806907055E-1,-1.388517836E-1,1.445395457E0,1.648613303E0
1.894571313E1,-8.472954619E-1,-1.329356585E0,2.878581927E0,3.281970816E0
1.895568313E1,-2.218660564E-1,-1.346321404E-3,2.660245140E0,2.669481329E0
1.896565213E1,-1.658851134E0,-2.245339581E-1,3.515547194E0,3.893748150E0
1.897562213E1,-9.104306998E-1,5.431575099E-1,7.767599148E-1,1.314252679E0
1.898559113E1,-4.720384837E-1,1.360330748E0,-2.573897552E-1,1.462726755E0
1.899556113E1,5.249515096E-2,7.152583158E-1,-9.649543047E-1,1.202284080E0
1.900553013E1,-7.035497050E-1,2.440209737E-1,-4.528738689E-1,8.715636318E-1
1.901550013E1,-4.218071736E-1,1.008776262E-1,2.495685196E-1,5.003818873E-1
1.902546913E1,3.076868099E-1,-2.034391044E0,1.223325807E0,2.393730170E0
1.903543913E1,-2.444543255E-1,-8.243255523E-1,1.194057570E0,1.471408853E0
1.904540813E1,-6.550561874E-1,-2.881361693E-2,1.445746289E0,1.587485801E0
1.905537813E1,3.150638399E-1,-9.517208862E-1,2.234145087E-1,1.027108520E0
1.906534712E1,1.380542380E0,-1.798781582E0,-3.638219440E-1,2.296492728E0
1.907531713E1,1.164469635E0,-2.736573232E0,-2.015289652E-1,2.980844932E0
1.908528613E1,1.026232101E0,-5.179539639E-1,-4.567534965E-1,1.236952865E0
1.909525613E1,6.447373867E-1,-6.369678989E-1,4.414098179E-1,1.008095744E0
1.910522513E1,-1.439167331E-1,-7.700133973E-1,1.834682025E0,1.994916236E0
1.911519513E1,-1.076957812E-1,-4.912128925E-2,-1.442449629E-2,1.192449095E-1
1.912516412E1,-2.794292084E-1,3.671504715E-1,-3.544278073E-1,5.818068596E-1
1.913513413E1,-5.326270765E-1,-3.836463439E-1,-1.887294102E-1,6.830043265E-1
1.914510313E1,-2.249614810E-1,-2.149306958E0,-1.225624348E0,2.484408000E0
1.915507313E1,2.226287526E-1,-2.277753037E0,-4.019286577E0,4.625190488E0
1.916504213E1,1.230718479E-1,-3.621257544E0,8.972967571E-1,3.732799801E0
1.917501113E1,5.800839923E-1,-1.480252756E0,3.951736034E0,4.259561402E0
1.918498112E1,6.823204384E-1,2.221101411E0,1.737768518E0,2.901498248E0
1.919495013E1,-5.474415455E-2,2.602713801E0,2.978624278E-1,2.620274428E0
1.920492013E1,6.264620604E-1,1.384549038E0,-1.172447430E0,1.919391499E0
1.921488913E1,5.871358440E-1,7.533561417E-1,-1.396093488E0,1.691552838E0
1.922485913E1,3.851238623E-1,1.151410317E0,-2.524458759E0,2.801242249E0
1.923482813E1,2.753632008E-1,2.205592548E0,-1.231980856E0,2.541306792E0
1.924479813E1,2.561979282E-1,1.826307935E0,-1.198778611E-1,1.848082453E0
1.925476713E1,-8.778313396E-2,1.033296269E0,4.823391581E-1,1.143703686E0
1.926473713E1,2.306787240E-1,2.146754064E0,-5.130697846E-1,2.219235519E0
1.927470613E1,-4.173518146E-1,1.153149279E0,2.239881206E-1,1.246638069E0
1.928467613E1,-6.009909312E-1,5.516915211E-1,1.908776772E-1,8.378471946E-1
1.929464513E1,-6.910060387E-1,-1.795724073E0,-4.061131006E-1,1.966479632E0
1.930461513E1,-1.423099877E0,-7.771835455E-1,-9.105231589E-1,1.859645113E0
1.931458413E1,-1.694999937E0,-1.411304727E0,1.305665714E-1,2.209491672E0
1.932455413E1,-1.623589427E-1,-1.107551230E0,2.299656706E0,2.557626071E0
1.933452313E1,-9.232369061E-1,-6.361981130E-1,3.135817900E0,3.330235476E0
1.934449313E1,-1.167142982E0,1.015241236E0,5.840397799E-1,1.653493264E0
1.935446213E1,-1.276239601E0,2.167112607E-1,1.606217276E0,2.062931222E0
1.936443213E1,-1.000440179E0,-1.470368330E0,1.251145105E0,2.174448816E0
1.937440113E1,-4.642939197E-1,-1.419936972E0,-7.681346869E-1,1.679827594E0
1.938437113E1,1.861740673E-1,-6.293545318E-1,-6.583064353E-1,9.295780079E-1
1.939434013E1,7.108199137E-1,5.367130011E-1,9.118674338E-2,8.953439660E-1
1.940431013E1,3.767112538E-1,-1.536437774E-1,2.891933459E-1,4.991498476E-1
1.941427913E1,-2.527479796E-1,-1.387161282E0,-3.908892900E0,4.155423163E0
1.942424913E1,-8.285976011E-1,-1.538383435E0,-1.547383761E-1,1.754178310E0
1.943421813E1,-3.107839704E-1,-1.181335490E0,3.279811433E0,3.499900463E0
1.944418813E1,-5.027161930E-1,5.771172613E-2,2.058289492E0,2.119577752E0
1.945415713E1,-4.214366063E-1,-2.320961621E-1,1.833778045E0,1.895842652E0
1.946412713E1,1.972424811E-1,1.825240526E-1,9.679626971E-1,1.004575238E0
1.947409613E1,1.644172357E-1,-1.016933128E-1,8.249123204E-1,8.472631785E-1
1.948406613E1,-5.771969296E-3,1.592208517E-1,-3.562883914E-2,1.632605568E-1
1.949403513E1,-6.142090738E-1,-2.530154532E-1,-2.476691101E0,2.564228620E0
1.950400413E1,-3.547205336E-1,-2.194229069E0,-2.644371119E0,3.454441559E0
1.951397413E1,-3.813829233E-1,-2.772514020E0,-2.183013525E0,3.549342893E0
1.952394313E1,3.190999536E-1,-1.511999921E0,-1.027311936E0,1.855623441E0
1.953391313E1,5.569741881E-1,-7.786780939E-1,2.588825494E-1,9.917560156E-1
1.954388212E1,3.216209441E-1,-1.343512694E0,1.806760401E-1,1.393237317E0
1.955385213E1,7.551268979E-1,-1.173185641E0,6.779864091E-1,1.551208158E0
1.956382113E1,6.811047292E-1,-8.761617038E-1,-5.584558725E-1,1.242350975E0
1.957379113E1,7.339898711E-1,-7.820589539E-1,-8.225810355E-1,1.351664492E0
1.958376013E1,1.261822121E0,-1.320236390E0,-1.933299994E-1,1.836462818E0
1.959373013E1,2.936562040E0,1.182686197E0,-4.759557527E-1,3.201355515E0
1.960369913E1,2.592760085E0,3.250348483E0,2.312532860E-1,4.164210394E0
1.961366913E1,1.412523287E0,3.131762272E0,2.894938928E-1,3.447747624E0
1.962363813E1,1.193862346E0,1.534841484E0,-3.677641368E-1,1.978963401E0
1.963360813E1,2.160460814E0,-1.136099968E0,-2.446883749E0,3.456234099E0
1.964357713E1,9.063698816E-1,-8.868083140E-1,-9.474758077E-1,1.582923168E0
1.965354713E1,-3.914910781E-1,-1.070242193E0,7.862937999E-1,1.384536585E0
1.966351579E1,-8.130986059E-1,4.101049948E-1,1.467939981E0,1.727473079E0
1.967348579E1,-1.523504902E0,5.563505825E-1,3.040664406E0,3.446191113E0
1.968345479E1,-5.899420690E-1,-8.667313144E-1,2.014649382E0,2.271137809E0
1.969342479E1,6.028226446E-1,1.239382262E0,-1.355906160E0,1.933376592E0
1.970339379E1,5.984432262E-1,7.864908510E-1,8.608317661E-1,1.310623319E0
1.971336379E1,3.681644518E-2,5.686148250E-1,1.612066246E0,1.709805793E0
1.972333279E1,3.339844796E-1,-3.595289183E-1,-8.565644681E-1,9.871724083E-1
1.973330279E1,3.605835002E-1,-4.248575199E-1,-1.727876784E0,1.815511650E0
1.974327179E1,6.540183797E-3,-2.581083781E-1,-1.185139396E0,1.212937796E0
1.975324179E1,2.421011501E-1,1.124057043E-1,-1.493168378E0,1.516838757E0
1.976321079E1,8.343731884E-1,-6.574550807E-1,-2.154721772E0,2.402342964E0
1.977318079E1,6.063787749E-1,3.199748433E-1,-3.038767569E0,3.115154484E0
1.978314979E1,9.816694477E-1,-1.455171416E0,-5.274667990E-1,1.832872058E0
1.979311879E1,1.275041214E0,-1.541887086E0,1.562556117E0,2.538646786E0
1.980308879E1,1.733621381E0,-6.108527720E-1,9.018002826E-1,2.047395406E0
1.981305779E1,2.004549487E0,-9.669306636E-2,1.697248483E0,2.628349407E0
1.982302779E1,1.470874553E0,-1.671705506E0,5.999012879E0,6.398923876E0
1.983299679E1,-1.561009967E0,-1.165483396E0,7.153570753E0,7.414086469E0
1.984296679E1,-7.555263358E-1,1.311863177E0,3.533164855E0,3.843833885E0
1.985293579E1,-3.919516194E-1,2.335295778E0,1.378755909E0,2.740109542E0
1.986290579E1,-2.669400126E-3,-6.544806021E-1,-1.482476159E0,1.620520764E0
1.987287479E1,1.006730833E-1,-3.311522053E0,-3.123665632E0,4.553416339E0
1.988284479E1,-1.248834066E-1,-3.418142522E0,-2.550008168E0,4.266360958E0
1.989281379E1,-9.224808611E-1,-8.991728362E-1,-1.614978159E0,2.065826029E0
1.990278379E1,-3.639291673E-1,2.796278858E-1,-8.057404697E-2,4.659703536E-1
1.991275279E1,-8.196262912E-1,-7.009367305E-1,6.996883500E-1,1.285559545E0
1.992272279E1,2.021563715E-1,-3.925092611E-1,1.297087848E-1,4.601685424E-1
1.993269179E1,4.010345746E-1,1.528280908E-1,-4.189073932E-1,5.997237359E-1
1.994266179E1,-2.147263210E0,2.445715768E0,-2.280335752E0,3.973939613E0
1.995263079E1,-1.068372400E0,2.565028203E0,-2.327121663E0,3.624401261E0
1.996260079E1,3.680105238E-1,1.865293076E0,-4.636742610E-1,1.956973128E0
1.997256979E1,4.585033124E-1,3.226749997E0,-5.930977017E-1,3.312688593E0
1.998253979E1,5.236392482E-1,3.453541858E0,-5.478689039E-1,3.535719129E0
1.999250879E1,3.380556766E-1,4.628624043E0,-2.211176054E0,5.140791935E0
2.000247879E1,1.198156468E0,1.470340556E0,1.429059505E-3,1.896703011E0
2.001244779E1,1.837070174E0,-9.064725003E-1,4.144342148E0,4.622995896E0
2.002241779E1,1.030628477E0,-1.013996072E0,3.558741746E0,3.841227135E0
2.003238679E1,-5.443399630E-1,-1.369469069E0,8.272862899E-1,1.690016015E0
2.004235579E1,-4.925459846E-1,-5.728400230E-1,-5.773663527E-1,9.508412823E-1
2.005232579E1,-6.439019658E-1,1.570275611E-1,1.935199170E0,2.045547170E0
2.006229479E1,5.779534497E-1,-3.227946630E-1,1.801345294E0,1.919132995E0
2.007226479E1,2.560444571E-2,-1.042052767E-1,5.125949907E-1,5.237059784E-1
2.008223379E1,-3.216396187E-1,-2.170149651E0,-4.356631744E-1,2.236694872E0
2.009220379E1,1.246254713E-1,-2.644864624E0,-1.104419169E0,2.868899107E0
2.010217279E1,-1.230721220E-1,-1.994969993E0,1.068300918E0,2.266344826E0
2.011214279E1,-2.343136456E-2,-2.738538773E0,4.711423248E-1,2.778870046E0
2.012211179E1,6.433779091E-2,-1.890149882E0,-2.074182808E-1,1.902584629E0
2.013208179E1,-2.370857374E-1,-1.206216854E0,-4.037426394E-1,1.293899867E0
2.014205079E1,-7.197922468E-2,-1.110968927E0,1.974119407E-1,1.130665486E0
2.015202079E1,-7.716883323E-1,-3.500459039E-1,1.442753685E-1,8.595640749E-1
2.016198979E1,-7.425434706E-1,-1.711374772E-1,-1.312290024E0,1.517486062E0
2.017195979E1,-1.589492485E-3,2.781052709E-1,-3.104657503E0,3.117088911E0
2.018192879E1,-3.780289970E-1,-3.865489018E-1,-2.446103146E0,2.505144023E0
2.019189879E1,-7.420821983E-1,-1.152455800E0,-9.943225300E-1,1.693374635E0
2.020186779E1,-3.044419707E-1,-2.119011072E0,5.335993588E-2,2.141434127E0
2.021183779E1,1.238250241E-2,-2.437711222E0,-3.044072163E-1,2.456675209E0
2.022180679E1,-1.294872667E-1,-1.546322784E0,-6.458080119E-1,1.680758487E0
2.023177679E1,-4.486990666E-1,-8.535768333E-1,7.282537526E-1,1.208419543E0
2.024174579E1,-2.195388097E-1,-9.436508515E-1,1.801094449E0,2.045144355E0
2.025171579E1,-3.976976417E-1,-9.560741383E-1,1.819820157E0,2.093797167E0
2.026168479E1,-5.735897457E-1,-2.196988955E-1,1.839473818E0,1.939313468E0
2.027165379E1,2.593802388E-1,-1.583320749E-1,2.180493960E0,2.201567865E0
2.028162379E1,-6.996165754E-1,3.385695738E-1,2.935557781E0,3.036707459E0
2.029159279E1,-5.496392580E-1,1.924608693E0,1.633654751E0,2.583611770E0
2.030156279E1,-4.089235649E-2,1.571935635E0,5.419386578E-1,1.663235201E0
2.031153179E1,6.312347040E-1,3.065076239E0,-1.080040373E0,3.310534218E0
2.032150179E1,2.115880911E0,2.617455508E0,-2.590907688E0,4.247449589E0
2.033147079E1,1.013859612E0,2.580391763E0,-3.304400144E0,4.313396953E0
2.034144079E1,7.933142594E-1,1.262771417E0,-2.586759673E0,2.985844063E0
2.035140979E1,7.635707159E-1,-9.520202637E-2,-8.044494045E-1,1.113212697E0
2.036137979E1,-9.182449188E-1,1.794503175E0,-6.430346775E-1,2.115870736E0
2.037134879E1,-1.054872129E0,1.462791508E0,-4.915982240E-1,1.869273393E0
2.038131879E1,2.214493509E-1,8.443613291E-1,-2.246880323E-1,9.013714999E-1
2.039128779E1,-8.839053176E-2,-3.984696203E-1,7.215060657E-1,8.289523070E-1
2.040125779E1,1.302388715E-2,-1.203721555E0,1.047309998E0,1.595610678E0
2.041122679E1,-3.451337311E-1,5.889359459E-1,-4.160457659E-1,7.994103578E-1
2.042119679E1,3.620170547E-1,8.856952965E-2,-5.196484870E-1,6.394806170E-1
2.043116579E1,-9.510392105E-2,-2.490598118E-1,4.871993637E-1,5.553726368E-1
2.044113579E1,1.731243757E0,1.010277535E0,-9.540096034E0,9.748399765E0
2.045110479E1,-1.422463663E-1,9.793720767E-1,-1.547655891E1,1.550816815E1
2.046107479E1,-2.525757426E0,-1.008708318E1,1.743703559E1,2.030218973E1
2.047104379E1,-2.082283833E0,-7.056544395E0,2.877098605E1,2.969680729E1
2.048101279E1,-4.950319283E-1,1.013713768E1,1.052041916E1,1.461799700E1
2.049098279E1,1.039260487E1,1.170416341E1,-1.281991858E1,2.023225122E1
2.050095179E1,-5.246853955E0,-4.629629180E0,-6.866302310E0,9.803522335E0
2.051092179E1,3.696029692E0,-9.363066902E0,-8.443449569E-1,1.010151354E1
2.052089079E1,1.947205843E0,-1.312390012E0,-1.355491592E0,2.711334652E0
2.053086079E1,-1.312140335E0,3.493270180E0,-2.562966183E0,4.526968573E0
2.054082979E1,-6.768806275E-2,-7.985621354E-1,-3.929019601E0,4.009922466E0
2.055079979E1,3.067740230E-1,-6.065805624E0,-2.255433630E0,6.478818490E0
2.056076879E1,-7.287528124E-1,-4.265503765E0,3.204737862E0,5.384788556E0
2.057073879E1,-2.089004184E0,9.735891804E-1,4.668408791E0,5.206328362E0
2.058070779E1,7.837334686E-2,1.868996702E0,3.197200216E0,3.704238151E0
2.059067779E1,7.745509098E-1,-1.778110798E0,-2.373285431E-1,1.953952906E0
2.060064679E1,1.754684550E-2,-2.822254821E0,-1.720602263E0,3.305435269E0
2.061061679E1,1.337696121E-1,-3.659263277E0,-2.773772925E-1,3.672198279E0
2.062058579E1,1.053896887E0,-5.307617050E0,-3.107254837E0,6.239914264E0
2.063055579E1,2.480764271E0,9.395039477E0,-7.784937896E0,1.245095242E1
2.064052479E1,2.646412090E0,1.451709514E1,-3.638869650E0,1.519838546E1
2.065049479E1,-1.507355039E0,3.943567181E0,6.989574480E-1,4.279297003E0
2.066046350E1,-5.045261255E0,-1.604715711E1,9.938324164E0,1.953807052E1
2.067043350E1,-1.252067357E0,-1.123335964E1,6.128682488E0,1.285755772E1
2.068040250E1,1.591930335E0,7.221430029E0,-8.341346658E0,1.114725787E1
2.069037250E1,2.477903813E0,9.476631525E0,-5.929381896E0,1.145007083E1
2.070034150E1,-8.026958976E-1,6.531085530E-1,6.160844513E0,6.247149477E0
2.071031050E1,-1.830111987E0,-2.864643627E0,6.829936137E0,7.629123189E0
2.072028050E1,-2.767074757E-1,3.409483088E0,1.467420164E0,3.722158499E0
2.073024950E1,-1.052837444E0,6.690655460E0,-2.559278929E0,7.240389893E0
2.074021950E1,-1.991388062E-1,2.602765841E0,-1.107881305E0,2.835744571E0
2.075018850E1,-3.439623146E-1,-4.515735359E0,-1.305556955E0,4.713242501E0
2.076015850E1,8.172175490E-2,-2.512682467E0,-4.332962215E-2,2.514384434E0
2.077012750E1,-8.555966078E-1,2.262873335E0,8.882709950E-1,2.577143117E0
2.078009750E1,-5.774677653E-1,1.532733270E0,9.733859897E-3,1.637936215E0
2.079006650E1,-2.369998930E-1,-2.720519116E0,-2.265327703E0,3.548112571E0
2.080003650E1,-9.258633292E-1,-4.488568318E0,-1.356090347E0,4.779482135E0
2.081000550E1,-1.359652763E0,-9.287717342E-1,-8.673800629E-1,1.861080531E0
2.081997550E1,-4.181317601E-1,7.933782864E-1,-2.650308967E-1,9.351602270E-1
2.082994450E1,-4.065694027E-1,-9.566112050E-1,-9.712084866E-1,1.422550386E0
2.083991450E1,-3.070045130E-1,-2.021986176E0,-1.418317001E0,2.488835668E0
2.084988350E1,-8.275379395E-1,-1.244927469E0,-6.682203895E-1,1.637431505E0
2.085985350E1,-1.434536592E0,5.239877057E-1,-2.884150815E-1,1.554233448E0
2.086982250E1,-1.446621471E0,8.832537916E-1,-9.191080409E-1,1.928110612E0
2.087979250E1,-1.543133274E0,-1.369491873E0,9.398001677E-1,2.267155188E0
2.088976150E1,-1.225168923E0,-1.750281852E0,2.938304803E0,3.632927272E0
2.089973150E1,-7.242418317E-1,-9.576543483E-1,3.723606915E0,3.912400355E0
2.090970050E1,1.528153640E-1,-5.436425364E-1,1.565158128E0,1.663916977E0
2.091966950E1,-2.866731594E-1,-2.261068299E0,-4.467687911E-1,2.322544662E0
2.092963950E1,3.043870251E-1,-1.524563833E0,-1.695313640E0,2.300224919E0
2.093960850E1,6.822352883E-1,-2.241750560E0,-1.249108520E0,2.655402542E0
2.094957850E1,3.366715310E-1,-2.023282796E0,-1.827576488E-1,2.059228339E0
2.095954750E1,3.058453207E-1,-1.681834930E0,7.805038869E-1,1.879174396E0
2.096951750E1,-1.377477813E-2,-8.577964765E-1,1.837148965E0,2.027589914E0
2.097948650E1,-4.358147635E-1,1.311605023E0,5.685832500E-1,1.494499634E0
2.098945650E1,-6.473877834E-1,1.811948927E0,1.758365920E0,2.606553388E0
2.099942550E1,-6.889326160E-1,8.091301006E-1,8.938685346E-1,1.388639848E0
2.100939550E1,-7.787326922E-1,1.324173905E0,-5.629237300E-1,1.636075873E0
2.101936450E1,-8.097751947E-1,2.726834109E0,-1.180734104E0,3.079852780E0
2.102933450E1,-3.467657987E-1,3.404657089E0,-9.238366842E-1,3.544772296E0
2.103930350E1,-5.815996637E-1,2.460739604E0,-1.396292294E0,2.888447634E0
2.104927350E1,2.196135079E-1,2.174681535E0,-1.976048988E0,2.946564012E0
2.105924250E1,4.820159167E-1,2.357901114E0,-4.774830455E-1,2.453574345E0
2.106921250E1,-4.070507200E-3,1.768941194E0,4.107156195E0,4.471901333E0
2.107918150E1,-3.386075076E-1,1.456439385E0,5.514752326E0,5.713874687E0
2.108915150E1,-4.536869243E-1,2.391296609E0,1.136154932E0,2.686071355E0
2.109912050E1,7.086225300E-1,1.250177099E0,6.213549560E-1,1.565621490E0
2.110909050E1,1.180538807E0,-4.636309916E-1,1.584228237E0,2.029385295E0
2.111905950E1,9.144742687E-1,5.894811988E-1,-3.670496070E-1,1.148249401E0
2.112902850E1,8.641099345E-1,8.813297653E-1,-2.581909407E0,2.861762450E0
2.113899850E1,1.091948337E-2,1.628768232E-1,-1.516719208E0,1.525478696E0
2.114896750E1,2.968378312E-2,-1.631490696E0,-1.298681799E0,2.085477747E0
2.115893750E1,-6.245557219E-1,-1.842491858E0,-2.676688680E0,3.309004138E0
2.116890650E1,-4.743154991E-1,-7.210584614E-1,-3.047499801E0,3.167357816E0
2.117887650E1,-8.350307078E-1,-1.285562986E0,-1.237974252E0,1.970413338E0
2.118884550E1,-9.255132271E-1,-3.281699791E0,9.390008533E-1,3.536644010E0
2.119881550E1,4.350318213E-1,-2.815662963E0,2.632000750E0,3.878741877E0
2.120878450E1,5.384906643E-1,-8.725490016E-1,3.283485823E0,3.439853646E0
2.121875450E1,1.099983983E0,-1.365941736E-1,3.231007063E0,3.415849729E0
2.122872350E1,8.920841105E-1,1.385246319E0,2.406249694E0,2.916291997E0
2.123869350E1,7.192874859E-1,2.949850130E-1,1.962265931E0,2.110658246E0
2.124866250E1,4.750864910E-1,-6.240876523E-1,1.342141230E0,1.554521036E0
2.125863250E1,1.071912487E-1,-2.291350444E0,7.355604333E-1,2.408905555E0
2.126860150E1,4.832878688E-1,-2.735605225E0,-3.443220645E-1,2.799225035E0
2.127857150E1,3.064766921E-1,-3.345712185E0,-1.088386104E0,3.531614687E0
2.128854050E1,1.059355409E0,-2.331835981E0,-4.819965112E-1,2.606149182E0
2.129851050E1,1.270749796E0,-2.528031408E0,1.254854579E0,3.095223394E0
2.130847950E1,1.068254213E0,-2.315191589E0,6.563739306E-1,2.632889267E0
2.131844950E1,1.531980587E0,-1.080889681E0,-1.074783141E0,2.161121427E0
2.132841850E1,1.251836246E0,-9.647730410E-1,-1.660070717E0,2.292098556E0
2.133838850E1,1.360573261E0,-1.617017083E0,-1.590580067E0,2.644966691E0
2.134835750E1,9.794048211E-1,-1.728307431E0,-1.945083888E0,2.780221522E0
2.135832650E1,8.532871038E-1,-1.256648505E-1,-2.563390106E0,2.704599669E0
2.136829650E1,9.515672506E-1,1.882193576E0,-1.692966567E0,2.704490467E0
2.137826550E1,6.822477137E-1,1.716906822E0,4.347906529E0,4.724142479E0
2.138823550E1,9.194919837E-1,2.548403692E0,6.231775916E0,6.795208456E0
2.139820450E1,1.074255284E0,5.946392031E0,-4.404198843E-1,6.058677436E0
2.140817450E1,2.009519620E0,6.278488153E0,-4.364372873E0,7.906031442E0
2.141814350E1,1.269800208E0,2.597115092E0,-3.880082499E0,4.838640260E0
2.142811350E1,-8.342807293E-2,-3.729588032E-1,-2.786888815E0,2.812971343E0
2.143808250E1,-2.022747410E-1,1.260446271E-1,-9.731521010E-1,1.001911838E0
2.144805250E1,3.318416578E-1,1.445228811E0,5.255132443E-1,1.573203538E0
2.145802150E1,3.031136295E-1,9.981808153E-1,2.703834379E-1,1.077659508E0
2.146799150E1,1.525158495E-1,-6.596229360E-1,-7.396581620E-1,1.002725136E0
2.147796050E1,-7.786843065E-2,-1.659677784E0,-1.044540757E-1,1.664783617E0
2.148793050E1,-8.998511133E-1,-1.061341269E0,6.447508353E-1,1.533584349E0
2.149789950E1,-1.662162412E0,-1.570704796E0,9.883688951E-1,2.491339100E0
2.150786950E1,-1.662945793E0,-2.033196750E0,1.770198346E0,3.167472165E0
2.151783850E1,-1.640309028E0,-3.371890461E-1,9.326496077E-1,1.916806055E0
2.152780850E1,-1.187383411E0,4.409221601E-1,2.288795503E0,2.615889251E0
2.153777750E1,-6.678526727E-1,1.699770680E0,2.660649183E0,3.227119711E0
2.154774750E1,-1.188553220E0,1.763417915E0,1.572921476E0,2.645067762E0
2.155771650E1,-2.228612159E-1,5.803145188E-1,2.839951712E-1,6.834364049E-1
2.156768650E1,3.793649761E-1,-1.080511951E0,6.780934131E-1,1.330877356E0
2.157765550E1,-1.956081478E-1,-2.600835967E0,3.017286068E-1,2.625576209E0
2.158762450E1,-3.933896690E-1,-3.069859554E0,5.493014717E-1,3.143330275E0
2.159759450E1,-6.116472990E-1,-1.032742538E0,1.161152363E0,1.670013287E0
2.160756350E1,-1.475541581E-1,1.962477601E-1,1.307356728E0,1.330213151E0
2.161753350E1,5.284545399E-2,-1.495342373E0,2.482658184E0,2.898695071E0
2.162750250E1,-2.517315508E-1,-1.773380401E0,7.453200209E-1,1.940038338E0
2.163747250E1,-1.120626554E-1,-1.370178336E0,-1.024583625E0,1.714560677E0
2.164744150E1,4.084947447E-1,-8.039941987E-1,-1.863547974E0,2.070286376E0
2.165741213E1,7.516942900E-2,-2.090236339E0,-7.197612566E-1,2.211966243E0
2.166738113E1,-3.965986941E-1,-2.552734140E0,-8.127015799E-1,2.708177611E0
2.167735113E1,-5.494656323E-1,-1.284595564E0,-1.788383771E0,2.269452524E0
2.168732012E1,-4.014742121E-2,-1.742519966E-1,-5.679476577E-1,5.954327129E-1
2.169729013E1,4.260173516E-1,-4.123661131E-2,6.681373590E-1,7.934726035E-1
2.170725913E1,1.734560443E-1,-2.870330921E-1,3.005556554E-1,4.503428663E-1
2.171722913E1,4.751276043E-1,-4.671369821E-2,-8.966956633E-1,1.015869835E0
2.172719813E1,2.789311718E-1,2.500827822E-1,-1.664650841E0,1.706284390E0
2.173716813E1,1.035398635E0,-1.309223744E-1,-1.161073426E0,1.561179843E0
2.174713712E1,9.870086865E-1,-2.071238735E-1,-1.335494115E0,1.673508583E0
2.175710713E1,9.065036367E-1,7.860157648E-1,-9.671756619E-1,1.541102977E0
2.176707613E1,1.384554739E0,1.981312067E0,8.257595819E-1,2.554303862E0
2.177704613E1,1.093336064E0,2.475921607E0,1.989673001E0,3.359221666E0
2.178701513E1,6.362796816E-1,2.059975244E0,1.632297027E0,2.704208465E0
2.179698513E1,1.710012736E-1,6.441661137E-1,1.410889283E0,1.560384564E0
2.180695413E1,-7.060578682E-1,1.258288356E0,9.115499300E-1,1.706672369E0
2.181692313E1,-1.225765485E0,4.495520657E-1,7.744853479E-1,1.518033477E0
2.182689313E1,-6.932245454E-1,5.357619515E-1,5.141222835E-2,8.776356626E-1
2.183686213E1,-7.914047780E-1,-1.407746404E-2,-3.812405071E0,3.893706733E0
2.184683213E1,-8.028976265E-2,-1.234698934E0,-5.349518198E-1,1.347999018E0
2.185680113E1,4.284431239E-2,-1.699602865E0,3.331402586E0,3.740150896E0
2.186677113E1,-6.298079102E-1,-5.642840847E-1,1.762163687E0,1.954557595E0
2.187674013E1,-4.075399309E-1,9.493828771E-1,3.122682130E-1,1.079318340E0
2.188671013E1,-4.416666021E-2,-7.661431253E-2,-9.964614415E-1,1.000377854E0
2.189667913E1,-1.406800983E-1,-1.296994877E0,-1.437822143E0,1.941473440E0
2.190664913E1,3.683176488E-1,-1.382880535E0,-2.526214678E0,2.903407837E0
2.191661813E1,2.283036033E-1,-7.750656840E-1,-2.397177154E0,2.529685288E0
2.192658813E1,-4.053486137E-1,-7.682422757E-2,1.279592979E-1,4.319525929E-1
2.193655713E1,-5.842517780E-1,-1.948189929E-1,2.149758655E0,2.236239445E0
2.194652713E1,-3.261976329E-1,-2.327171364E-1,3.562075828E0,3.584542700E0
2.195649613E1,1.981654092E-1,7.328455710E-1,1.737960307E0,1.896533203E0
2.196646613E1,2.528029252E-1,1.656700089E0,-2.997371036E0,3.434064303E0
2.197643513E1,4.390756460E-1,-2.509425568E0,-1.397370520E0,2.905623595E0
2.198640513E1,5.412126163E-1,-4.037512056E0,7.264621657E-1,4.137893423E0
2.199637413E1,-1.815480975E-1,-3.032345864E0,1.279620461E0,3.296287256E0
2.200634413E1,-3.269018935E-1,-7.701186472E-1,7.123715454E-1,1.098827010E0
2.201631313E1,-5.718014114E-1,3.173023733E-1,5.213956350E-1,8.363558204E-1
2.202628313E1,-4.301690575E-1,9.073036820E-2,-3.815308213E-1,5.821023839E-1
2.203625213E1,-9.112338149E-1,-2.608703104E-1,-8.800059557E-2,9.519162195E-1
2.204622213E1,-6.651807144E-1,-9.852681166E-1,-9.050203443E-1,1.494081814E0
2.205619113E1,-6.786304068E-1,-1.314809882E0,-2.855096585E0,3.215717768E0
2.206616113E1,-5.452117098E-1,-2.227825124E0,-9.652718085E-1,2.488415210E0
2.207613013E1,8.036090865E-1,-1.100427859E0,-3.318949771E-1,1.402456172E0
2.208609913E1,8.472410828E-1,1.826258818E0,3.897572690E-1,2.050597340E0
2.209606913E1,6.774801864E-1,3.068723440E0,1.180991381E0,3.357198772E0
2.210603812E1,-1.887231244E-1,2.457124270E0,-9.035819292E-1,2.624792640E0
2.211600813E1,-1.048914986E0,2.434942858E0,-4.693751793E0,5.390776870E0
2.212597713E1,-9.370043946E-1,5.807054052E-1,-1.983693638E0,2.269413240E0
2.213594713E1,-4.893141189E-1,-2.526637432E0,4.694966844E0,5.354067490E0
2.214591613E1,-1.642936328E0,-1.441090152E-1,5.490706821E0,5.733050548E0
2.215588613E1,-1.114668607E0,3.799368703E0,1.685576271E0,4.303354042E0
2.216585513E1,1.116149414E0,4.841520873E0,5.144795483E-1,4.995077885E0
2.217582513E1,1.008022776E0,1.349357278E0,-8.805421454E-1,1.900586607E0
2.218579413E1,-5.515127059E-1,-5.099093646E-1,-3.934478561E0,4.005533095E0
2.219576413E1,-6.672938982E-1,-2.406425695E0,-1.548232777E0,2.938229144E0
2.220573313E1,-1.395589020E0,-1.396623246E0,8.087055928E-1,2.133595543E0
2.221570313E1,-3.195331592E-1,-1.075377510E0,4.859170693E-1,1.222560276E0
2.222567213E1,-5.505429818E-1,-1.345385849E-2,-6.055242044E-1,8.184974912E-1
2.223564213E1,-1.557963385E-1,-5.240824306E-1,1.787482131E-1,5.752267525E-1
2.224561113E1,-5.058079083E-1,-1.710914011E0,-1.726168227E-1,1.792446641E0
2.225558113E1,-6.853815289E-1,-7.220103881E-1,7.724581182E-1,1.260054913E0
2.226555013E1,-2.446586857E-1,-1.502099415E0,1.059721298E0,1.854499867E0
2.227552012E1,1.997523436E-1,-8.779649851E-1,1.596728414E-1,9.144500698E-1
2.228548913E1,5.815772250E-1,-1.728048399E0,-6.719684547E-1,1.943173935E0
2.229545913E1,2.053650128E-1,-5.555211550E-1,-2.033974430E0,2.118450029E0
2.230542813E1,8.043484669E-2,6.373055756E-1,-1.253982174E-1,6.544867258E-1
2.231539813E1,2.242140241E-1,1.056667882E0,1.498947181E0,1.847609697E0
2.232536713E1,-2.075235855E-1,2.391698313E-1,1.158221739E0,1.200727214E0
2.233533712E1,-6.932996821E-1,-2.275876080E0,3.074608662E0,3.887607852E0
2.234530613E1,-1.168696880E0,-1.859143851E0,3.290891907E0,3.956290914E0
2.235527513E1,-3.298223219E-1,-3.978313968E-1,2.990015239E0,3.034344034E0
2.236524513E1,1.999962931E0,6.220066282E-1,1.643944681E-1,2.100897311E0
2.237521413E1,1.180963388E0,6.711247015E-1,-3.170290160E0,3.449032123E0
2.238518413E1,9.609807562E-1,-2.570528094E0,9.072592431E-1,2.890366418E0
2.239515313E1,-2.074351062E0,-3.196156488E0,2.319802119E0,4.460922606E0
2.240512313E1,-2.129477588E0,1.779990678E0,-5.319287508E0,5.999821764E0
2.241509213E1,1.678758418E0,5.261076137E-1,-5.412417281E0,5.691158043E0
2.242506213E1,2.426326986E0,-1.503397497E0,-5.155598214E0,5.893000901E0
2.243503113E1,-7.408070668E-1,-4.668164085E0,2.514813777E0,5.353955488E0
2.244500113E1,-1.502113156E0,-2.210039356E0,1.032730551E1,1.066742035E1
2.245497013E1,5.658352414E-1,3.646134523E0,8.196288348E0,8.988526529E0
2.246494013E1,1.360606006E0,4.891026032E0,3.334994531E-1,5.087691641E0
2.247490913E1,2.449367647E0,1.627782392E0,-2.545374835E-1,2.951925933E0
2.248487913E1,-1.377503436E0,1.743751682E0,-5.415961279E0,5.854128647E0
2.249484813E1,4.096451697E0,3.033480517E0,-4.163391792E0,6.581546305E0
2.250481813E1,9.118949157E-1,3.873274293E0,-6.572101409E0,7.682859039E0
2.251478713E1,1.718126405E0,2.975294289E0,-6.870674273E0,7.681829172E0
2.252475713E1,1.985092292E0,8.581005317E-1,1.580314111E0,2.678492228E0
2.253472613E1,-5.953174875E-1,-1.528675595E0,6.231243820E0,6.443574437E0
2.254469613E1,-7.569742526E-1,3.175021435E0,2.677862801E0,4.221933243E0
2.255466513E1,-2.007880645E0,3.008002152E0,-4.209182507E-1,3.640993519E0
2.256463513E1,1.223727511E0,-1.059150025E-1,-2.789169813E0,3.047654058E0
2.257460413E1,1.566484568E0,-2.818818120E0,-3.336739340E0,4.640413658E0
2.258457413E1,4.786884124E-1,-3.355005457E0,1.208561003E-1,3.391137038E0
2.259454313E1,1.293254706E0,-4.484999470E0,1.460795853E0,4.890976641E0
2.260451313E1,-8.651831178E-1,-3.017391026E0,3.747188151E-2,3.139202856E0
2.261448213E1,-1.444906337E0,8.587422636E-1,3.455885714E-1,1.715990693E0
2.262445213E1,-3.270007991E0,-8.059018528E-1,2.242346392E0,4.046053311E0
2.263442113E1,-9.931256050E-1,-4.279682386E-1,2.932939982E-1,1.120480544E0
2.264439113E1,1.093381745E0,-2.614922495E0,-4.640601772E-1,2.872047204E0
2.265436013E1,3.223881938E0,-4.679094285E0,3.672221584E0,6.765541326E0
2.266432963E1,-2.150162259E-1,-3.619065423E0,5.068929030E0,6.232006741E0
2.267429863E1,4.867812147E-1,-1.878360433E0,6.412740809E-1,2.043630670E0
2.268426763E1,-5.690435356E-2,4.933053187E-1,3.805221766E-1,6.256080001E-1
2.269423763E1,2.368868225E-1,-1.305931177E0,-2.347551835E-1,1.347843315E0
2.270420662E1,1.267849431E0,1.485944728E0,-2.482728935E0,3.159021507E0
2.271417663E1,-4.270977709E-1,2.425452242E0,-1.186616403E-1,2.465626020E0
2.272414563E1,8.912484703E-1,-2.626066411E-1,1.366313034E-1,9.391241648E-1
2.273411563E1,1.575138301E-1,-2.297266949E0,-1.432802308E0,2.712041389E0
2.274408463E1,6.202994971E-2,-4.434007656E0,-1.331544905E0,4.630041409E0
2.275405463E1,-1.120657471E0,-2.280314994E0,1.319648745E0,2.863072205E0
2.276402363E1,-9.422432075E-1,1.417453367E0,1.332440114E0,2.161571874E0
2.277399363E1,1.078404979E0,4.599778559E0,-2.352796787E-1,4.730356923E0
2.278396263E1,1.233851380E0,2.213071137E0,-2.001356907E0,3.228854682E0
2.279393263E1,1.584021830E0,-1.120951586E0,-3.075899727E0,3.636869086E0
2.280390163E1,1.478680732E0,-2.328277658E0,6.316630125E-1,2.829553272E0
2.281387163E1,4.428226880E-1,-2.366979209E-1,2.724242916E0,2.770129474E0
2.282384063E1,5.873501810E-1,5.374543111E0,-8.117864907E-2,5.407151178E0
2.283381063E1,2.247816754E0,5.803851532E0,-8.252684158E-1,6.278410684E0
2.284377963E1,9.385347571E-1,1.165346571E0,1.273787279E0,1.965048130E0
2.285374963E1,-1.381824236E-1,-1.116343688E0,1.555742356E0,1.919805170E0
2.286371863E1,-1.348380793E0,9.675115845E-1,-1.371894786E0,2.153208010E0
2.287368862E1,-1.408915117E0,4.282575296E0,-4.329945636E0,6.250913708E0
2.288365763E1,-4.482717813E-1,2.467935188E0,-2.707214069E0,3.690617793E0
2.289362763E1,-7.476929672E-2,-5.787854719E-1,-2.177403706E-1,6.228915951E-1
2.290359663E1,9.141423661E-2,-1.496253076E0,2.231131432E0,2.687950390E0
2.291356663E1,-4.298872948E-3,4.891163734E-1,9.888881278E-1,1.103246589E0
2.292353563E1,4.166544245E-1,1.691460325E0,2.856271291E-1,1.765282356E0
2.293350562E1,3.225733094E-1,-2.130195918E0,1.527640053E0,2.641111948E0
2.294347463E1,1.563154433E-2,-3.201332443E0,1.021993893E-1,3.203001479E0
2.295344463E1,-1.295119383E0,-2.487322508E0,2.604466796E-2,2.804422543E0
2.296341363E1,-1.961886447E0,-5.889198661E-1,1.589976634E0,2.593038900E0
2.297338363E1,-1.608503830E0,-3.263184875E-1,1.139598942E0,1.998112628E0
2.298335263E1,-7.540575153E-1,5.408791423E-2,6.118514764E-1,9.725690042E-1
2.299332262E1,-1.131150446E0,-2.588578157E0,3.668517957E0,4.630147104E0
2.300329163E1,-8.266295014E-1,-2.459489762E0,3.701286923E0,4.520169367E0
2.301326163E1,-8.536850068E-1,2.252736309E-1,8.766467303E-1,1.244200864E0
2.302323063E1,-2.684731891E-1,1.541153553E0,-1.471006261E0,2.147345233E0
2.303320063E1,8.029061781E-1,-1.709693697E-1,7.874538875E-1,1.137529112E0
2.304316963E1,-1.709170006E-1,-2.232285672E0,1.526041424E-1,2.244014253E0
2.305313863E1,-3.376940994E-1,-1.251406476E0,-3.272602986E0,3.519941161E0
2.306310863E1,-3.057109261E-1,4.301904729E-1,-2.771955611E0,2.821747848E0
2.307307763E1,-7.032645801E-1,7.763874471E-2,1.288819885E-1,7.191796795E-1
2.308304763E1,-7.723139112E-1,-1.049658240E0,1.770842124E0,2.198666193E0
2.309301663E1,-2.009920447E-1,-1.015200891E0,1.106673270E0,1.515175362E0
2.310298663E1,8.469278913E-2,6.763518199E-1,-3.343759507E-1,7.592311435E-1
2.311295563E1,-2.474335915E-1,9.810575366E-2,7.565373194E-1,8.019955341E-1
2.312292563E1,-8.892017987E-2,-1.316375766E0,3.281457424E-1,1.359570368E0
2.313289463E1,-6.073336618E-1,-1.147301771E0,-1.906706273E0,2.306660864E0
2.314286463E1,-5.789250742E-1,-9.343032002E-2,-1.032968532E0,1.187816255E0
2.315283363E1,-6.006190117E-1,-5.237643421E-3,3.663654828E-1,7.035583111E-1
2.316280363E1,-5.776524277E-1,6.048085052E-1,1.030343717E-1,8.426694114E-1
2.317277263E1,1.913469163E-1,1.350777275E0,-3.168114996E-1,1.400565034E0
2.318274263E1,6.778716575E-1,9.409862754E-1,4.409151435E-1,1.240714036E0
2.319271163E1,1.037241385E0,-2.641193157E-1,6.894650781E-1,1.273181369E0
2.320268163E1,1.549862688E0,-1.257822626E0,-8.652727264E-1,2.175520398E0
2.321265063E1,2.592814757E0,3.556782344E-1,-2.365152538E0,3.527483792E0
2.322262063E1,3.051530287E0,1.161600260E0,-7.807319283E-2,3.266075271E0
2.323258962E1,2.593344807E0,1.089415798E0,2.184688752E0,3.561618875E0
2.324255963E1,1.309509088E0,1.409167863E0,9.166498715E-1,2.130918840E0
2.325252863E1,9.533190764E-1,1.849534830E0,-1.242781833E0,2.423654891E0
2.326249863E1,1.393817313E0,1.999319152E0,-8.799217558E-1,2.591190088E0
2.327246763E1,4.158601899E-1,3.046744341E-1,5.286748338E-1,7.384194527E-1
2.328243763E1,1.430375129E-1,-1.403889289E0,1.872160923E0,2.344429864E0
2.329240662E1,5.650549305E-1,-6.327508870E-1,7.919854796E-1,1.160560968E0
2.330237663E1,5.545377630E-1,7.892530757E-1,4.070831537E-3,9.645979057E-1
2.331234563E1,1.346283982E0,-4.189652807E-1,1.246749753E0,1.882125770E0
2.332231563E1,1.595216178E0,-1.210980289E0,1.115252305E0,2.292373359E0
2.333228463E1,2.204549697E0,-4.434443566E-1,-1.640628140E0,2.783584552E0
2.334225463E1,1.391581631E0,-2.996575230E-1,-1.212406132E0,1.869818894E0
2.335222362E1,1.331165129E0,-7.676265639E-1,-9.465823531E-2,1.539549065E0
2.336219363E1,9.500811808E-1,-2.025079938E0,-1.152539415E0,2.516336644E0
2.337216263E1,6.391334152E-1,-1.995841228E0,-1.079724038E0,2.357472742E0
2.338213263E1,1.210744207E-1,-1.561499232E0,8.368494111E-1,1.775740917E0
2.339210163E1,-1.041312728E0,-5.850668433E-1,1.774008976E0,2.138631164E0
2.340207163E1,3.086315373E-1,-6.176606852E-1,4.281685642E0,4.337002431E0
2.341204063E1,1.168555085E0,-1.847106189E-2,2.872737635E0,3.101368034E0
2.342201063E1,1.219490911E0,8.245439458E-1,-5.171090412E-1,1.560266824E0
2.343197963E1,1.341696403E0,-4.961695772E-1,-7.429326028E-1,1.611918837E0
2.344194963E1,9.675636247E-1,-1.589006874E0,-1.061088377E0,2.141735454E0
2.345191863E1,9.477696303E-1,-1.624435738E0,-1.996052313E0,2.742495866E0
2.346188863E1,1.092786864E0,-6.243007833E-1,-2.928363367E0,3.187357308E0
2.347185763E1,8.628977336E-1,-1.210941405E0,-2.287079930E-2,1.487109498E0
2.348182763E1,3.245555520E-1,-1.596707364E0,4.883624918E0,5.148262140E0
2.349179663E1,8.167947771E-1,2.871859968E-3,3.564852086E0,3.657230148E0
2.350176563E1,8.555634248E-1,1.252346416E0,3.259623921E-1,1.551325820E0
2.351173563E1,4.751716777E-1,7.228880551E-1,-7.156459862E-1,1.122721889E0
2.352170463E1,7.860097714E-1,-1.063045440E0,-1.485358252E0,1.988508513E0
2.353167463E1,8.349090126E-1,-9.423399058E-1,-3.710834257E0,3.918592661E0
2.354164363E1,7.618532424E-1,3.420194310E-1,-2.841480759E0,2.961656725E0
2.355161363E1,5.873389617E-1,1.252839336E0,-6.815204662E-1,1.542414861E0
2.356158263E1,1.659955454E-1,7.697336081E-1,-6.014644825E-1,9.908601678E-1
2.357155263E1,3.592096968E-1,1.586073618E0,1.382414512E0,2.134415848E0
2.358152163E1,1.502919706E-1,1.205041564E0,3.112796828E0,3.341289712E0
2.359149163E1,4.401122477E-2,2.489488024E0,3.891555905E-1,2.520105094E0
2.360146063E1,1.305339731E-1,1.188279351E0,-1.130805899E0,1.645529980E0
2.361143063E1,-4.140160511E-1,3.625560218E-1,-4.947060192E-1,7.399933817E-1
2.362139963E1,-6.919233938E-1,8.924409369E-1,-2.198898071E-1,1.150460923E0
2.363136963E1,-5.406466789E-1,7.788248590E-1,-6.149388063E-1,1.130051648E0
2.364133863E1,-5.093335600E-1,2.922914931E-1,1.033191311E-1,5.962632264E-1
2.365130863E1,-1.543695265E-1,3.975980929E-1,-8.206514543E-1,9.248691819E-1
2.366127763E1,3.697128676E-2,-9.826649362E-1,-8.681665134E-1,1.311758495E0
2.367124763E1,-2.195479643E-1,-2.057484915E0,2.108376156E0,2.954098085E0
2.368121663E1,-1.371195752E0,-3.248522690E0,3.269965307E0,4.808924054E0
2.369118663E1,-1.376288677E0,-1.246182573E0,-2.951130670E-1,1.879955651E0
2.370115563E1,-9.327044253E-1,4.269280189E-1,-2.921434416E0,3.096285537E0
2.371112563E1,-1.455623699E0,6.119198889E-2,-9.156552601E-1,1.720758370E0
2.372109463E1,-1.062985653E0,-2.313566940E0,1.861965718E0,3.154274373E0
2.373106463E1,-4.299605311E-1,-1.596838050E0,1.775608190E0,2.426425820E0
2.374103363E1,-3.140015470E-1,6.869306025E-1,9.380921960E-1,1.204361903E0
2.375100363E1,1.915599011E-1,1.594647098E0,9.848664129E-1,1.884026649E0
2.376097263E1,-4.019150191E-1,-5.165719745E-1,4.432113451E-1,7.904546690E-1
2.377094263E1,-5.294080015E-1,-1.717694735E0,-1.532478624E0,2.362041229E0
2.378091163E1,-4.245935181E-1,-6.036267829E-1,-2.774806128E0,2.871270450E0
2.379088163E1,-4.972487174E-1,1.335407576E-1,-1.060898343E0,1.179234800E0
2.380085063E1,-6.085263111E-1,-4.546718878E-1,2.373376063E0,2.491976069E0
2.381082063E1,-1.144107803E0,-7.278818697E-1,1.527982700E0,2.042920902E0
2.382078963E1,-8.150059676E-1,-1.681612444E-1,6.437012601E-1,1.052076159E0
2.383075963E1,-1.048455906E0,-4.722772694E-1,1.289629725E0,1.727845605E0
2.384072863E1,-7.498402841E-1,-9.842235115E-1,1.429936588E-1,1.245553515E0
2.385069863E1,-7.445923349E-1,-1.042212688E0,-1.184728922E0,1.744765787E0
2.386066763E1,-8.313424303E-1,-1.633942726E0,-9.856698203E-1,2.081452393E0
2.387063763E1,-3.816798522E-1,-1.563708310E0,-3.468214568E0,3.823529192E0
2.388060662E1,-1.880700197E0,-2.866468543E0,-1.946336362E0,3.942321698E0
2.389057663E1,-1.791521387E0,-3.192730897E0,4.866479128E0,6.089802834E0
2.390054563E1,-1.435182417E0,1.284355536E0,3.964202882E0,4.407291935E0
2.391051563E1,-1.776021442E0,3.358381931E0,8.342427224E-1,3.889594102E0
2.392048463E1,-1.761158112E0,9.417124996E-1,-6.340270418E-1,2.095349760E0
2.393045463E1,-8.640264655E-1,-1.350617061E0,-2.281342058E0,2.788409899E0
2.394042362E1,-1.723356996E-1,-9.255934802E-1,-2.275525247E0,2.462607974E0
2.395039363E1,-2.979940267E-1,1.680851136E0,-8.268869251E-1,1.896787539E0
2.396036263E1,-2.861595546E-1,2.698171058E0,-8.273897856E-1,2.836650878E0
2.397033263E1,5.456651614E-1,3.039830593E0,-2.690395138E0,4.095918273E0
2.398030163E1,6.086325842E-1,2.125780393E0,-7.580546719E-1,2.337524928E0
2.399027163E1,-6.791179915E-1,1.574002334E0,1.508733666E0,2.283629100E0
2.400024062E1,8.676721679E-2,7.144788820E-1,2.342048435E0,2.450142750E0
2.401021063E1,-5.173069695E-1,-1.132576436E-1,2.169684797E0,2.233375453E0
2.402017963E1,-7.611790585E-1,4.167190728E-1,5.521975976E-1,1.028576945E0
2.403014963E1,-1.366963976E0,4.069720566E-1,-1.072258898E0,1.784364287E0
2.404011863E1,-1.062508227E0,-2.590885176E0,2.424530429E-1,2.810763812E0
2.405008763E1,-4.758354463E-2,-7.441961861E-1,1.777833055E0,1.927895881E0
2.406005762E1,5.100217773E-1,2.689929700E-1,2.505697968E0,2.571186835E0
2.407002663E1,1.329054211E-1,2.130593529E0,-1.583178077E0,2.657733143E0
2.407999663E1,-1.615093495E0,8.612121275E-1,-4.354798057E0,4.723820429E0
2.408996563E1,-8.065098171E-1,-2.821235067E0,-9.686192225E0,1.012087670E1
2.409993563E1,-1.368613621E0,-7.576672938E0,3.841983796E0,8.604644998E0
2.410990463E1,2.667466890E-1,-4.238687265E0,1.519788295E1,1.578015430E1
2.411987463E1,1.210245878E0,5.223433517E0,5.524894322E0,7.698922656E0
2.412984363E1,-1.119179295E0,6.295492440E0,-2.708767090E0,6.944293089E0
2.413981363E1,-8.122462280E-2,-1.840557307E0,-2.220304728E-1,1.855679436E0
2.414978263E1,2.619611962E0,-4.455452612E0,-1.173341469E0,5.300014624E0
2.415975263E1,1.744040827E0,1.992158067E-1,-3.350100812E0,3.782134423E0
2.416972163E1,7.965020882E-1,2.853349145E0,-1.780895827E0,3.456531045E0
2.417969163E1,7.176159132E-1,3.533226836E-1,-7.610238880E-1,1.104068329E0
2.418966063E1,1.037712671E0,-3.013638283E0,-1.151627249E0,3.388968664E0
2.419963063E1,3.874060305E-1,-9.388268986E-1,-2.166683421E0,2.392905436E0
2.420959963E1,-5.911896821E-1,2.478901056E0,-3.686261333E0,4.481403608E0
2.421956963E1,-1.108218324E0,1.047214396E0,-5.285491186E0,5.501020171E0
2.422953863E1,-8.698978009E-1,-5.076112919E0,-2.044018192E0,5.540907409E0
2.423950863E1,-9.030328757E-1,-6.191721904E0,2.805563067E0,6.857410053E0
2.424947763E1,-3.685047232E-1,-1.377758667E0,4.508371668E0,4.728575871E0
2.425944763E1,-8.503254890E-1,-2.322788876E0,5.529408372E0,6.057454791E0
2.426941663E1,-8.682748331E-1,5.931360009E-1,9.294441640E-1,1.403416530E0
2.427938663E1,-4.020700434E-1,7.070708690E0,-2.147877606E0,7.400672937E0
2.428935563E1,2.384768266E-1,8.009225979E0,-5.913259953E-1,8.034565228E0
2.429932563E1,1.051475463E-1,2.495474696E-1,2.271746192E0,2.287828819E0
2.430929463E1,-8.573838092E-1,-6.004810978E0,2.428242241E0,6.533698972E0
2.431926463E1,-5.792724719E-1,-1.774700117E0,-3.006672787E0,3.539095697E0
2.432923363E1,-7.032174370E-1,4.230342411E0,-4.663898249E0,6.335791865E0
2.433920363E1,-9.527182750E-1,4.294390472E0,-5.674155611E-1,4.435247688E0
2.434917263E1,-9.789694228E-1,-8.173963094E-1,1.527472238E0,1.989896805E0
2.435914263E1,-1.089749089E0,-2.257688024E0,2.136455655E-1,2.516019221E0
2.436911163E1,-2.482067396E-1,1.359703926E0,5.073424369E-1,1.472344288E0
2.437908163E1,4.422270760E-1,2.379039676E0,1.863419335E0,3.054132640E0
2.438905063E1,5.444699540E-1,-5.848832408E-1,-5.023781508E-1,9.438854499E-1
2.439902063E1,-4.533231909E-1,-1.841210149E0,-4.251424547E0,4.655122706E0
2.440898963E1,-3.898868579E-1,6.342799339E-1,-5.805720302E0,5.853264988E0
2.441895963E1,6.223945910E-1,2.508398505E0,-5.393695081E0,5.980918384E0
2.442892863E1,1.928910563E-1,-8.664500633E-1,3.723787594E-1,9.626051175E-1
2.443889863E1,-7.900379182E-1,-4.372410163E0,8.792167570E0,9.851108624E0
2.444886763E1,-1.581118103E0,-8.535733250E-1,7.595564708E0,7.805198595E0
2.445883763E1,-1.684539268E0,3.491092677E0,2.358883154E0,4.537590810E0
2.446880663E1,5.323729053E-2,1.891021702E0,-5.474677849E-1,1.969395405E0
2.447877663E1,1.145945437E0,-2.510513442E0,-3.067623578E0,4.126279572E0
2.448874563E1,4.817309014E-2,-2.430349578E0,-4.398770873E0,5.025744214E0
2.449871563E1,4.879762759E-2,7.185985377E-1,-1.675053037E0,1.823339723E0
2.450868463E1,4.541441035E-1,-3.765840769E-1,7.955668992E-1,9.904489511E-1
2.451865463E1,-7.513860686E-1,-2.761418051E0,1.674622682E0,3.315776199E0
2.452862363E1,-1.233980311E0,-2.280894746E0,1.593767969E0,3.043892999E0
2.453859363E1,-1.031375751E0,1.003967220E0,2.565141347E0,2.941366391E0
2.454856263E1,2.439085245E-1,6.686785188E-1,3.180560210E0,3.259230826E0
2.455853263E1,3.280724330E-1,-2.439528244E0,2.762064461E0,3.699720214E0
2.456850163E1,-2.659202582E-1,-3.142649787E0,2.854365098E-1,3.166770479E0
2.457847163E1,2.664838201E-1,-1.799152004E0,-6.686945987E-1,1.937811659E0
2.458844062E1,3.380056098E-1,-1.502052930E0,1.877213502E-1,1.551015829E0
2.459841063E1,3.474546372E-1,-1.065982204E0,-1.424067153E0,1.812459666E0
2.460837963E1,5.539288485E-2,1.801779158E0,-1.850254329E0,2.583199100E0
2.461834963E1,5.592872004E-1,3.544809000E0,-3.440817440E-1,3.605116540E0
2.462831863E1,4.011484491E-1,5.198990402E-1,8.096639514E-1,1.042483000E0
2.463828863E1,3.256166755E-1,-3.104689955E0,-9.165867215E-1,3.253499217E0
2.464825762E1,-1.600176810E-1,-4.465853347E0,-1.778758669E0,4.809722880E0
2.465822763E1,2.260917295E-1,-1.375866800E0,-2.218748199E0,2.620490506E0
2.466819713E1,1.209035797E0,2.248857266E0,-3.433461642E-1,2.576240119E0
2.467816713E1,8.510508361E-1,1.881843912E0,4.777993798E-1,2.119885913E0
2.468813613E1,7.600410441E-1,9.056980366E-1,8.709690839E-1,1.468515736E0
2.469810612E1,3.537295767E-1,2.294344511E0,1.474277194E0,2.750024471E0
2.470807513E1,2.445225187E-2,4.732258339E0,4.441311121E-1,4.753116803E0
2.471804513E1,-3.552547133E-1,4.374794073E0,-1.570246959E0,4.661620384E0
2.472801413E1,-6.829403163E-1,1.035267658E0,-2.517663125E0,2.806566267E0
2.473798413E1,-8.654574984E-1,-1.964299008E-1,-1.404668430E0,1.661533865E0
2.474795313E1,-4.397592951E-1,1.699053811E0,6.580374634E-1,1.874349326E0
2.475792312E1,2.546891822E-3,2.017894002E0,2.705582696E-1,2.035952963E0
2.476789213E1,-5.881307478E-1,-4.751751494E-1,-3.170435756E0,3.259348414E0
2.477786213E1,-3.164961885E-1,-2.763170754E0,-3.355111876E0,4.357987856E0
2.478783113E1,5.639252484E-1,-3.505765387E0,2.472921985E0,4.327094381E0
2.479780113E1,-2.252963072E-1,-2.874305858E0,8.276090562E0,8.763907096E0
2.480777013E1,-6.817653915E-1,-1.072133475E0,7.079406424E0,7.192514828E0
2.481774012E1,-5.226750058E-1,7.196805650E-1,1.488411668E0,1.733925768E0
2.482770913E1,2.833460572E-1,-7.984127390E-1,1.999707992E0,2.171768851E0
2.483767913E1,7.985470057E-1,-5.273969248E-1,3.485825797E0,3.614803774E0
2.484764813E1,1.432388673E-1,8.247129303E-1,2.211229849E-1,8.657737377E-1
2.485761813E1,2.529798035E-1,1.740678678E0,-5.539875473E0,5.812416132E0
2.486758713E1,9.075002946E-1,7.624126017E-1,-9.535765586E0,9.609144346E0
2.487755713E1,7.496329272E-1,-1.841523267E0,-7.793884136E0,8.043493482E0
2.488752613E1,3.449833115E-1,-5.014986126E0,1.113032702E0,5.148586323E0
2.489749613E1,2.064558657E-1,-3.288169735E0,4.422883036E0,5.515122717E0
2.490746513E1,-6.574670675E-1,7.494066399E-1,6.571499730E0,6.646689549E0
2.491743513E1,-3.757678056E-1,6.838295317E-1,6.434477248E0,6.481614130E0
2.492740413E1,-4.142822822E-1,3.661570296E-1,1.926313156E0,2.004091604E0
2.493737413E1,-7.014823488E-1,-3.572394410E-1,-1.838941137E0,2.000350471E0
2.494734313E1,-1.177485391E0,-1.450323782E0,-7.150226730E-1,2.000292064E0
2.495731313E1,-6.882395017E-1,-5.103289023E-1,-2.673077440E0,2.807036195E0
2.496728213E1,-2.548960457E-1,2.510460525E0,-5.258845425E0,5.832910015E0
2.497725213E1,9.647011203E-1,2.285165844E0,-3.423854082E0,4.227931878E0
2.498722113E1,5.423544679E-2,-9.499608743E-1,7.148776621E-1,1.190133277E0
2.499719113E1,-8.688506377E-1,-3.133385166E0,3.664263523E0,4.898962257E0
2.500716013E1,3.363872102E-1,-1.227684907E0,1.853130575E0,2.248212515E0
2.501713013E1,8.474935363E-1,8.861870474E-1,1.531620253E0,1.961997292E0
2.502709913E1,5.550625506E-1,-4.816062096E-1,2.294117054E0,2.408944174E0
2.503706913E1,1.507698343E-1,-1.691983066E0,7.451112753E-1,1.854920227E0
2.504703813E1,8.825133879E-1,-1.863402379E-1,-1.015869520E0,1.358507801E0
2.505700813E1,5.694041991E-1,4.088663498E0,-1.425349447E0,4.367265894E0
2.506697713E1,2.189004217E-1,4.918628690E0,-7.567039651E-1,4.981307708E0
2.507694713E1,4.572853739E-1,3.245141245E0,-2.046162951E-1,3.283583323E0
2.508691613E1,4.950495065E-1,1.582172648E0,-5.159425217E-1,1.736243355E0
2.509688613E1,-5.226950691E-1,1.531461501E0,-1.851084634E0,2.458678260E0
2.510685513E1,-5.060541491E-1,9.134292251E-1,-1.279335117E0,1.651406095E0
2.511682513E1,-3.346561420E-1,-8.982232484E-1,-2.165814525E-1,9.827040566E-1
2.512679413E1,-2.823546252E-1,-3.306712426E0,-4.785156637E-1,3.353065529E0
2.513676413E1,-4.184845299E-1,-2.875131485E0,5.065676808E-1,2.949257732E0
2.514673313E1,4.648638770E-2,-1.678410509E0,9.929080886E-1,1.950663808E0
2.515670313E1,-4.456555178E-1,-4.711815012E-1,7.700221682E-1,1.006754681E0
2.516667213E1,-3.970080357E-1,-8.505582082E-1,1.310506039E0,1.611983475E0
2.517664213E1,1.748689875E-1,-1.265963119E0,7.283443844E-1,1.470961361E0
2.518661113E1,-6.755715090E-1,2.508899903E-1,-4.607605934E-1,8.553613128E-1
2.519658113E1,-8.167313348E-1,6.334317952E-2,3.903127545E-1,9.074174772E-1
2.520655013E1,-1.409230135E0,-7.248614904E-1,1.406661161E0,2.118973661E0
2.521652013E1,-9.008289139E-1,-9.326572090E-1,-8.539554405E-1,1.552604939E0
2.522648913E1,2.758475147E-1,-4.180121845E-1,2.624394107E-1,5.654206240E-1
2.523645913E1,5.999284190E-1,-7.718739814E-1,6.890949494E-1,1.196058276E0
2.524642813E1,5.805112045E-1,-4.229077658E-1,-3.406909436E-1,7.949305353E-1
2.525639813E1,1.678262574E0,-2.185291016E0,4.993452001E-1,2.800251367E0
2.526636713E1,1.546265189E0,-6.799879110E-1,3.496430308E-1,1.724984012E0
2.527633713E1,4.927417932E-1,-1.251620192E0,4.166030055E-1,1.408156825E0
2.528630613E1,7.579649902E-1,-1.599665178E0,1.255788964E-1,1.774601270E0
2.529627613E1,3.454853681E-1,-1.218975187E0,1.064853399E0,1.655044835E0
2.530624513E1,2.036038863E-1,-5.015697733E-1,2.469542879E0,2.528174997E0
2.531621513E1,2.045440820E-1,9.669429427E-1,3.268804049E-1,1.040993629E0
2.532618413E1,3.082027902E-1,4.510884216E-1,-3.687441301E0,3.727692728E0
2.533615413E1,9.086032256E-1,-2.246550832E0,1.601043659E-1,2.428617687E0
2.534612312E1,-5.064202214E-1,-3.062540886E0,3.601366779E0,4.754520038E0
2.535609313E1,1.753578147E-1,-6.272694147E-1,4.330536790E0,4.379242648E0
2.536606213E1,-4.739075096E-1,2.048512655E0,2.484229916E0,3.254595320E0
2.537603213E1,6.123617191E-2,2.264006233E0,3.650007427E-2,2.265128329E0
2.538600113E1,7.158969779E-1,2.428638098E-1,-1.342528900E0,1.540738511E0
2.539597113E1,1.180097196E0,-9.517536306E-1,-3.072860345E0,3.426504788E0
2.540594012E1,1.349818624E0,2.314594004E-1,-3.396554017E0,3.662262001E0
2.541591013E1,1.497361709E0,8.583139551E-1,-1.856741815E0,2.535011854E0
2.542587913E1,1.083134719E0,7.014302355E-1,3.543588102E-2,1.290907005E0
2.543584913E1,6.280197586E-1,6.595323041E-1,-2.247669697E-3,9.107122100E-1
2.544581813E1,7.721162023E-1,1.533911192E0,6.810836792E-3,1.717292451E0
2.545578713E1,3.761490806E-1,1.640673456E0,-4.020703357E-1,1.730594717E0
2.546575712E1,2.212527200E-1,1.998120473E0,-9.105377769E-1,2.206924837E0
2.547572713E1,-3.415963849E-1,1.302471087E0,-1.698247188E0,2.167293827E0
2.548569613E1,-3.065335928E-1,1.099783496E0,-1.852311965E0,2.175901238E0
2.549566613E1,-1.125742649E0,-1.100091060E0,5.015671420E-1,1.651988635E0
2.550563513E1,-8.671100678E-1,-2.238208902E-1,1.188903834E0,1.488444821E0
2.551560513E1,-1.100198064E0,-7.983495891E-3,1.158563216E0,1.597738477E0
2.552557413E1,-8.740091975E-1,9.834472936E-1,9.110347903E-1,1.600326543E0
2.553554313E1,-7.502285392E-1,-4.949635890E-1,1.714618807E0,1.935910501E0
2.554551313E1,-7.660153636E-1,-1.670109509E0,1.009678488E0,2.096543813E0
2.555548213E1,-6.260127018E-1,-2.394901417E0,-1.013228917E-1,2.477440419E0
2.556545213E1,-2.564293866E-1,-2.090541856E0,-5.304360151E-2,2.106878000E0
2.557542113E1,-1.438878991E-1,-2.431579247E-1,1.767308067E0,1.789750627E0
2.558539113E1,-4.619770335E-1,-7.102837971E-1,2.283240649E0,2.435387795E0
2.559536013E1,-7.562119219E-1,-1.288627804E0,1.618176001E0,2.202478527E0
2.560533013E1,5.316352425E-2,-4.466518468E-1,6.290048683E-1,7.732860770E-1
2.561529913E1,5.102535463E-1,3.770290500E-1,1.763865227E-1,6.584996518E-1
2.562526913E1,9.525535297E-1,-2.896023586E-1,-3.313465083E-1,1.049294173E0
2.563523813E1,9.874085630E-1,-1.352858591E0,-1.153934560E0,2.033904375E0
2.564520813E1,1.206302370E0,-1.813178304E0,-1.659146272E0,2.737799723E0
2.565517713E1,1.902588079E0,-1.135498289E0,-1.053663583E0,2.453447515E0
2.566514675E1,1.857234589E0,-2.083938888E-1,1.960781908E-1,1.879147410E0
2.567511575E1,7.593621824E-1,-4.024580061E-2,8.575625879E-1,1.146151927E0
2.568508575E1,2.868844632E-1,2.045367730E-1,-4.989779949E-2,3.558479691E-1
2.569505475E1,3.915390253E-1,3.600437656E-1,-2.583171237E-1,5.913222961E-1
2.570502475E1,3.181612562E-2,8.842217982E-2,1.070268506E-1,1.424271550E-1
2.571499375E1,8.596468644E-2,-7.161391988E-1,2.161107516E-1,7.529602489E-1
2.572496375E1,4.291658945E-1,-6.418202108E-1,-7.797846794E-3,7.721252194E-1
2.573493275E1,3.324497317E-1,-6.910853416E-2,-4.518546993E-1,5.652180843E-1
2.574490275E1,2.037266412E-1,4.844915181E-1,-5.470532173E-1,7.586196663E-1
2.575487175E1,5.540975773E-1,8.022181070E-1,-6.462933308E-1,1.169732057E0
2.576484175E1,4.684859347E-1,8.670277682E-1,-3.992303431E-1,1.063297272E0
2.577481075E1,1.381573536E-1,7.976891461E-1,-1.488012303E0,1.693982303E0
2.578478075E1,2.474633027E-2,6.613247681E-1,-1.284913945E0,1.445325803E0
2.579474975E1,-3.408949018E-1,2.070776805E-1,-1.298355525E0,1.358240615E0
2.580471975E1,3.917250764E-3,2.586998239E-1,2.372858584E-1,3.510634164E-1
2.581468875E1,-4.214015961E-1,1.188332853E0,1.245267484E0,1.772118896E0
2.582465875E1,-8.369086142E-1,2.315995289E0,8.593658692E-1,2.608210096E0
2.583462775E1,-6.644800718E-1,1.817397363E0,-5.454955190E-1,2.010480615E0
2.584459775E1,-1.010211388E0,8.349505278E-1,-1.697712752E0,2.144737285E0
2.585456675E1,-4.224038820E-1,1.010343316E-1,-2.935746646E-1,5.242318756E-1
2.586453675E1,-9.948277295E-2,1.275798136E-1,1.042913477E0,1.055387110E0
2.587450575E1,-1.242741085E-1,8.842250142E-1,-2.970268607E-2,8.934093011E-1
2.588447575E1,-1.430782972E-1,-1.911609748E-1,-2.281771828E0,2.294231155E0
2.589444475E1,1.181461169E-1,-1.885527658E0,-2.223362237E0,2.917621067E0
2.590441475E1,-4.749161909E-1,-3.851750692E0,1.283258014E0,4.087576289E0
2.591438375E1,-1.074978511E0,-2.734706216E0,3.121786337E0,4.287160694E0
2.592435375E1,-2.011420257E0,-1.207688306E0,3.065528521E0,3.860283359E0
2.593432275E1,-2.313161143E0,-1.838876233E-1,2.006745116E0,3.067825793E0
2.594429275E1,-2.715424437E0,-5.761597797E-1,1.402613134E0,3.110114720E0
2.595426175E1,-1.948778159E0,-1.164191454E0,1.486750474E0,2.713577901E0
2.596423175E1,-1.933835892E0,2.657211605E-1,-5.021471858E-2,1.952652173E0
2.597420075E1,-1.321711350E0,6.382770905E-1,-8.686325365E-1,1.705532474E0
2.598417075E1,4.645314993E-1,8.783745825E-1,-1.040348303E0,1.438629908E0
2.599413975E1,3.805788946E-1,4.295858708E-1,-1.109648919E0,1.249281809E0
2.600410975E1,1.243783022E0,-6.346392453E-2,-8.537139505E-1,1.509917675E0
2.601407875E1,8.993682794E-1,-1.076560110E-1,-2.764510936E-1,9.470366022E-1
2.602404875E1,4.201836211E-1,4.974664897E-1,-2.274999583E-1,6.897705523E-1
2.603401775E1,1.206499860E-1,4.341233101E-1,9.820556563E-1,1.080487288E0
2.604398775E1,1.590086343E-2,4.265251458E-1,7.765616941E-1,8.861289986E-1
2.605395675E1,-4.003507427E-1,-5.127069649E-1,1.992928730E0,2.096405036E0
2.606392675E1,-9.124012846E-1,-1.756162105E0,4.490478603E0,4.907237464E0
2.607389575E1,-1.212764640E0,-2.465475556E-1,2.671404551E0,2.944144365E0
2.608386575E1,-1.352251650E0,2.996311229E0,-4.208825827E-2,3.287588314E0
2.609383475E1,-3.877507604E-1,2.482076386E0,-1.166437077E0,2.769770621E0
2.610380475E1,-2.223513022E-1,2.395648107E-1,-4.210277106E0,4.222945028E0
2.611377375E1,2.742374473E-1,-1.894998393E0,-6.853109822E0,7.115570204E0
2.612374375E1,5.225793673E-1,-2.478363989E0,-7.111707612E0,7.549288868E0
2.613371275E1,7.806384460E-1,-1.819473709E0,-4.956421584E0,5.337227359E0
2.614368275E1,1.158866979E0,-2.603857808E0,-1.227665026E0,3.103257897E0
2.615365175E1,5.160171468E-1,-3.812053653E0,3.933987980E0,5.502207573E0
2.616362175E1,3.060505032E-1,-2.488976685E0,7.670211432E0,8.069746914E0
2.617359075E1,1.952663963E-1,1.110067579E0,6.278687543E0,6.379051360E0
2.618356075E1,-4.835691930E-1,2.332060514E0,2.316832902E0,3.322658589E0
2.619352975E1,-7.979308554E-1,1.391929686E0,-8.839235902E-2,1.606852548E0
2.620349975E1,3.887633155E-1,1.905945843E0,-1.627468981E0,2.536221945E0
2.621346875E1,1.404538183E0,3.272697710E0,-1.721213881E0,3.955484172E0
2.622343875E1,1.967435747E0,3.148130382E0,-1.535303999E0,4.017298432E0
2.623340775E1,1.768917221E0,2.175491667E0,-1.202977497E0,3.051063255E0
2.624337775E1,1.374947618E0,6.763401255E-1,-4.372197032E-2,1.532915042E0
2.625334675E1,1.224740761E0,6.353619611E-1,2.145203090E0,2.550602095E0
2.626331675E1,5.933313710E-1,-1.548263767E-1,2.939077805E0,3.002364346E0
2.627328575E1,7.341259651E-1,-1.866485031E0,1.828762304E0,2.714236332E0
2.628325575E1,1.283072803E0,-7.825480735E-1,-3.963769019E-2,1.503405618E0
2.629322475E1,1.421396291E0,6.779451862E-1,-1.125432892E0,1.935607472E0
2.630319475E1,1.070951388E0,4.302773041E-1,-8.517048472E-1,1.434390665E0
2.631316375E1,8.409461166E-1,-6.488354078E-1,-1.179655877E0,1.587377002E0
2.632313375E1,1.167125623E-1,-6.639697561E-1,-3.078126347E-1,7.410980214E-1
2.633310275E1,3.177372600E-1,1.467344442E0,1.469724551E0,2.100987134E0
2.634307275E1,1.355271664E-1,3.702483264E0,1.151685721E0,3.879836328E0
2.635304175E1,3.788913516E-2,3.143316077E0,-1.035716139E0,3.309770305E0
2.636301175E1,4.836302233E-1,-2.902306420E-1,-1.402168745E0,1.511360053E0
2.637298075E1,6.866334908E-1,-2.710638784E0,6.637057543E-1,2.873940412E0
2.638295075E1,1.199461201E0,-1.640938335E0,-1.990162413E0,2.844667330E0
2.639291975E1,1.058769810E0,3.732251438E-1,-9.678328305E0,9.743219658E0
2.640288975E1,8.085842265E-2,-2.915720517E0,-7.427108763E0,7.979342630E0
2.641285875E1,-2.535925551E-1,-8.532500324E0,6.811236157E0,1.092065973E1
2.642282875E1,5.136331639E-1,-4.837124059E0,1.570639541E1,1.644239779E1
2.643279775E1,1.382973213E0,4.390231599E0,1.126427270E1,1.216842586E1
2.644276775E1,7.255668108E-1,6.499854966E0,9.287910300E-1,6.605846998E0
2.645273675E1,-1.059652009E0,-1.034630896E0,-5.876590894E0,6.060333655E0
2.646270575E1,-9.402560312E-1,-5.497775520E0,-9.263466015E0,1.081302084E1
2.647267575E1,2.506847896E-1,-4.277966228E0,-4.452725471E0,6.179854531E0
2.648264475E1,4.362575439E-1,-1.228676302E0,2.671784036E0,2.972944001E0
2.649261475E1,2.716551707E-1,1.298750796E0,4.778619450E0,4.959410652E0
2.650258375E1,-5.358957066E-1,1.545046629E0,2.359026411E0,2.870428348E0
2.651255375E1,-1.065416267E0,9.985652697E-1,5.395395452E-1,1.556710423E0
2.652252275E1,-3.706653790E-1,2.112499613E-1,2.479465020E0,2.515902652E0
2.653249275E1,2.402423568E-2,2.870515108E-2,3.327515942E0,3.327726475E0
2.654246175E1,6.567949301E-1,2.266652682E0,1.074283789E0,2.592909490E0
2.655243175E1,1.171016105E0,3.159452931E0,-8.229184198E-1,3.468517877E0
2.656240075E1,2.704898937E-1,1.154360530E0,-2.257330467E0,2.549755645E0
2.657237075E1,-4.844912989E-1,-1.017630116E0,-3.674513692E0,3.843481982E0
2.658233975E1,-6.471996492E-1,1.140456144E0,-4.776045506E0,4.952788939E0
2.659230975E1,-7.443429512E-1,7.425185030E0,-5.490906796E0,9.264851677E0
2.660227875E1,3.908707982E-1,7.824174467E0,-2.505703815E0,8.224903506E0
2.661224875E1,3.559477910E-2,-3.822058824E-1,2.843709717E0,2.869500528E0
2.662221775E1,-1.114004509E0,-6.291695843E0,6.465416036E0,9.089997093E0
2.663218775E1,-5.740606659E-1,-3.782512935E0,2.834015619E0,4.761154721E0
2.664215675E1,-3.447703632E-1,2.033255222E0,-2.239599954E0,3.044470620E0
2.665212675E1,-1.902038587E-1,3.089070581E0,-1.287217163E0,3.351934156E0
2.666209513E1,-3.506755029E-1,6.671708143E-1,7.980227298E-1,1.097693254E0
2.667206513E1,-6.459796277E-1,-4.915862373E-1,3.747533137E-1,8.940843104E-1
2.668203413E1,-2.100671426E-1,-1.054234271E0,-6.456056982E-1,1.253931745E0
2.669200413E1,1.353655274E-1,-6.496648353E-1,-1.544618028E0,1.681140410E0
2.670197313E1,-2.581335576E-1,-7.172215185E-1,-1.113094098E0,1.349080469E0
2.671194313E1,-7.788318756E-1,-2.299269328E0,1.510918770E0,2.859387009E0
2.672191213E1,-6.828207408E-1,-2.010481487E0,3.678168787E0,4.247023145E0
2.673188213E1,-8.488323294E-1,-1.948386103E0,3.149966993E0,3.799870628E0
2.674185113E1,-8.944144452E-1,-7.235914752E-1,9.140963924E-1,1.469399210E0
2.675182113E1,-1.086112414E0,-6.489888972E-1,-2.238583124E-1,1.284888831E0
2.676179013E1,-8.986275834E-1,-1.175643226E0,-7.583663285E-2,1.481694882E0
2.677176013E1,-1.071934524E0,-8.586908081E-1,-9.218878073E-1,1.654167663E0
2.678172913E1,-4.714687456E-1,-8.764929485E-1,-7.882689893E-1,1.269602562E0
2.679169913E1,-8.096429014E-1,-3.153821477E-1,-8.379060030E-3,8.689405823E-1
2.680166813E1,-7.694927759E-1,-2.622037679E-2,3.424568027E-1,8.426644065E-1
2.681163813E1,-6.686780072E-1,-3.195772326E-1,9.544895428E-1,1.208432941E0
2.682160713E1,-1.022209656E0,-1.559502408E0,1.394394287E0,2.328367619E0
2.683157713E1,-8.277599144E-1,-1.217156118E0,4.133396745E-2,1.472536583E0
2.684154613E1,-7.658373890E-1,-8.134006146E-1,-5.424479502E-1,1.241924815E0
2.685151613E1,-6.515141635E-1,-8.566796583E-1,-6.237341881E-1,1.243951398E0
2.686148513E1,-6.244995886E-1,-1.338832290E0,-2.545386529E-1,1.499086910E0
2.687145513E1,-5.947971949E-1,-1.339834795E0,4.064078003E-1,1.521219340E0
2.688142413E1,-9.421652202E-1,-1.174413264E-1,-8.296848178E-2,9.530747800E-1
2.689139413E1,-7.059443591E-1,8.338269854E-1,-3.665537632E-1,1.152382984E0
2.690136313E1,-4.580479604E-1,6.808585614E-1,-1.224032736E-1,8.296739577E-1
2.691133313E1,-5.984115416E-2,-1.112774840E-1,-8.980995798E-1,9.069434919E-1
2.692130213E1,2.816430739E-1,-1.239048386E-1,-1.647720228E0,1.676203203E0
2.693127213E1,8.258286522E-1,-3.731105384E-1,-1.596180530E0,1.835482694E0
2.694124113E1,7.711581360E-1,7.542753240E-1,-1.418081358E0,1.781732548E0
2.695121113E1,9.544453964E-1,1.794968905E0,-1.223481343E0,2.372717005E0
2.696118013E1,1.149272575E0,1.393306121E0,-4.007962275E-1,1.850072165E0
2.697115013E1,8.112706201E-1,1.584106615E0,-8.720841479E-1,1.981939592E0
2.698111913E1,8.519605167E-1,1.714772881E0,-1.125424122E0,2.221004775E0
2.699108913E1,1.093196827E0,1.651247561E0,-4.744354767E-1,2.036366085E0
2.700105813E1,1.442288539E0,1.580561155E0,-4.831285322E-1,2.193577665E0
2.701102813E1,1.003846767E0,-3.643724594E-1,6.765959412E-1,1.264222168E0
2.702099713E1,1.324192909E0,-5.430341336E-1,1.194396708E0,1.864123501E0
2.703096713E1,2.003515114E0,5.506235272E-2,1.163995864E0,2.317755606E0
2.704093613E1,2.061935815E0,2.329051244E-1,1.862626453E0,2.788404814E0
2.705090513E1,1.690037697E0,-2.010190588E0,8.848030699E0,9.229557999E0
2.706087512E1,8.116258384E-1,-9.583653697E-1,1.100565503E1,1.107707738E1
2.707084513E1,-3.747200576E-1,2.163225085E0,3.494224738E0,4.126689280E0
2.708081413E1,1.515956731E0,3.761928104E0,-7.281425970E0,8.334830054E0
2.709078313E1,3.035617674E0,1.052964841E0,-6.376001583E0,7.139825335E0
2.710075313E1,1.424761510E0,-2.529878544E0,-3.460841230E0,4.517483018E0
2.711072213E1,3.753553941E-1,-2.867917483E0,-3.892717747E0,4.849648834E0
2.712069212E1,-3.205135911E-1,3.220535284E-1,-6.226846713E0,6.243401912E0
2.713066113E1,-6.172095725E-1,-1.050089765E-1,-7.416601902E0,7.442980472E0
2.714063113E1,3.184457964E-1,-4.483666597E0,-6.525715447E0,7.923991164E0
2.715060013E1,6.908961841E-1,-7.810784343E0,-7.544874026E0,1.088167329E1
2.716057013E1,-7.955742082E-1,-9.643203496E0,-1.901045583E0,9.860947535E0
2.717053913E1,4.329768173E-2,-3.272596261E0,3.029657607E1,3.047284500E1
2.718050912E1,1.679712391E0,1.121632319E1,1.809557825E1,2.135596619E1
2.719047813E1,9.065673713E-1,6.723241408E0,-2.524423676E0,7.238546424E0
2.720044813E1,-4.242127182E-1,-2.815306867E0,-4.962896206E0,5.721559922E0
2.721041713E1,1.632844034E0,-1.127745759E0,-1.037902530E1,1.056703157E1
2.722038713E1,3.192436489E0,3.234770331E-1,-1.254311607E1,1.294704788E1
2.723035613E1,2.520991068E0,-1.586627934E0,-1.062620231E1,1.103580353E1
2.724032613E1,-3.295782372E-1,-5.889176441E0,-7.635503529E0,9.648416197E0
2.725029513E1,-6.265185591E-1,-6.181313276E0,9.687479782E-1,6.288054704E0
2.726026513E1,-1.389725578E0,-5.523899710E0,1.292325408E1,1.412286448E1
2.727023413E1,-5.831051025E-1,-1.992934870E0,1.584696833E1,1.598243430E1
2.728020413E1,-1.627131012E0,1.558770044E0,4.813417400E0,5.314725435E0
2.729017313E1,9.353917325E-1,3.732833529E0,9.563121200E-2,3.849434916E0
2.730014313E1,-6.780536520E-1,2.877066621E0,-2.623649756E0,3.952316680E0
2.731011213E1,-6.533759169E-1,-1.249748498E0,-7.174042439E-1,1.582226357E0
2.732008213E1,1.021074419E0,-4.002326143E0,2.251341748E-1,4.136652381E0
2.733005113E1,-7.944996361E-1,1.704779989E0,-2.910203084E0,3.465081020E0
2.734002113E1,3.044402896E-1,1.290284145E1,-4.582858763E0,1.369593355E1
2.734999013E1,9.507297832E-1,1.588165284E1,-4.263345265E-1,1.591579546E1
2.735996013E1,-2.507022582E-1,9.168227152E0,-7.372438467E-1,9.201237374E0
2.736992913E1,-1.390891951E0,-8.912089285E-1,-8.689722598E-2,1.654202195E0
2.737989913E1,-3.248517135E0,-5.739208224E0,1.916136662E0,6.867528982E0
2.738986813E1,-2.721040980E0,-5.171371078E0,-1.610904989E0,6.061530972E0
2.739983813E1,-1.628865442E0,-6.747742411E-1,-3.473005777E0,3.894905908E0
2.740980713E1,-1.114583384E0,2.082874694E-1,7.437541366E-2,1.136314873E0
2.741977713E1,-4.581483133E-1,-7.641392845E-1,2.314960039E0,2.480493642E0
2.742974613E1,-2.671042097E-1,9.901362160E-1,-5.009145927E-1,1.141328092E0
2.743971613E1,3.603253090E-1,3.331796396E0,-5.504586357E-1,3.396131073E0
2.744968513E1,4.726152750E-1,2.610694958E0,1.487143407E0,3.041494513E0
2.745965513E1,-6.068510838E-1,1.338199621E-1,1.200608790E-1,6.329222976E-1
2.746962413E1,-4.281704061E-1,-1.843863615E0,-1.673777175E0,2.526794997E0
2.747959413E1,-3.448632243E-1,-3.572306409E0,-8.549564838E-2,3.589932204E0
2.748956313E1,-6.210389140E-1,-3.043626021E0,1.567388256E0,3.479375609E0
2.749953313E1,-6.080525770E-1,-1.792551082E0,2.160497067E0,2.872405768E0
2.750950213E1,1.557646721E-1,-2.617985559E-1,3.803294524E0,3.815475115E0
2.751947213E1,6.193503843E-1,-1.635748054E0,4.046563838E0,4.408394888E0
2.752944113E1,7.645105827E-1,-2.515190046E0,3.173162897E0,4.120633467E0
2.753941113E1,1.041388815E0,-1.563415365E0,2.078436073E0,2.801545070E0
2.754938013E1,7.550578277E-1,-6.047731295E-1,1.497090105E0,1.782453827E0
2.755935013E1,1.196184056E0,-1.584435520E0,1.195146321E0,2.317254182E0
2.756931913E1,6.175004715E-1,-1.933843201E0,2.460268611E-1,2.044892558E0
2.757928913E1,7.793186563E-1,-9.324844238E-1,-7.144133931E-1,1.409698998E0
2.758925813E1,1.164773544E0,-1.553482407E-1,-5.960107845E-1,1.317596046E0
2.759922813E1,4.948606049E-1,-5.561301425E-1,-9.175006413E-1,1.181513936E0
2.760919713E1,4.703980108E-1,-1.943508356E0,-7.869013256E-1,2.148886389E0
2.761916613E1,2.726410478E-3,-1.174894490E0,-3.460826612E-1,1.224809252E0
2.762913613E1,-1.499737725E-2,9.216626894E-1,-4.685379750E-1,1.034028466E0
2.763910513E1,3.787928260E-1,1.078563658E0,3.250718611E-1,1.188467620E0
2.764907513E1,1.476591156E-1,-5.767409930E-1,3.800514758E-1,7.063090765E-1
2.765904413E1,-2.032101128E-1,3.566757694E-1,-2.994858488E0,3.022861114E0
2.766901479E1,7.062055103E-1,1.798711123E0,-3.974790435E0,4.419620678E0
2.767898379E1,1.292237144E0,1.414067245E0,-1.810721304E0,2.635939045E0
2.768895379E1,1.020147489E0,7.207014889E-1,2.843512666E-1,1.281002411E0
2.769892279E1,8.328506465E-1,1.288705572E0,5.731534338E-1,1.637958214E0
2.770889279E1,1.037037464E0,2.831752746E0,1.289577684E0,3.279829404E0
2.771886179E1,1.118759173E0,3.608274094E0,2.986459547E-1,3.789518892E0
2.772883179E1,1.186236919E0,2.085498925E0,-1.728207736E0,2.956884470E0
2.773880079E1,2.350352359E0,7.098861864E-1,-3.444009435E0,4.229573926E0
2.774877079E1,2.335054873E0,1.487549204E-1,-2.260476853E0,3.253362090E0
2.775873979E1,2.246473210E0,-5.249367088E-2,-9.962152737E-1,2.458015936E0
2.776870979E1,9.363257521E-1,-7.123113191E-1,-3.557627851E0,3.747106785E0
2.777867879E1,8.242711732E-1,-7.896579954E-1,-1.333757024E1,1.338632745E1
2.778864879E1,-3.899061172E-1,-6.722011739E0,2.910949774E0,7.335604759E0
2.779861779E1,-1.647479030E0,-8.119327880E0,2.599311423E1,2.728148932E1
2.780858779E1,-1.770626801E0,5.498380122E0,1.723331626E1,1.817565659E1
2.781855679E1,-3.301594065E0,1.027751881E1,-1.409004725E0,1.088637729E1
2.782852679E1,-3.145655841E-3,1.025975555E0,-1.118969380E1,1.123663131E1
2.783849579E1,1.028535904E0,-4.415871055E0,-1.198212952E1,1.281129311E1
2.784846579E1,7.156573517E-2,-3.826553578E0,-1.246897805E1,1.304312261E1
2.785843479E1,-2.182649828E0,-3.904427674E0,-8.533670352E0,9.634938786E0
2.786840479E1,-3.653402320E0,-6.197008957E0,1.762424473E1,1.903586800E1
2.787837379E1,-2.822154542E0,1.561078818E0,1.928782319E1,1.955560397E1
2.788834379E1,-1.220327282E0,7.808011009E0,2.497432929E0,8.288027861E0
2.789831279E1,6.025453404E-1,-2.000186294E-2,-1.123820230E0,1.275316773E0
2.790828279E1,3.888320202E-1,-5.353069797E0,1.285191103E0,5.518900503E0
2.791825179E1,1.836415578E0,-2.651565241E0,-1.284715140E0,3.471845819E0
2.792822179E1,6.513186472E-1,6.339369947E-1,-3.902242861E0,4.006693330E0
2.793819079E1,9.379853381E-1,1.388456440E-1,-3.837941031E0,3.953338585E0
2.794816079E1,-3.232031276E-1,-4.074507974E0,-2.040392334E0,4.568290311E0
2.795812979E1,-3.305507753E-1,-7.226550436E0,-1.131974173E0,7.322134972E0
2.796809979E1,-4.460479025E-1,4.458628527E0,-2.543835263E0,5.152613407E0
2.797806879E1,-1.123320586E0,1.507748644E1,1.674361312E0,1.521170379E1
2.798803879E1,-1.965831856E0,6.967683674E0,5.968056550E0,9.382473536E0
2.799800779E1,-1.241781813E0,-7.881170787E0,6.092988744E0,1.003889371E1
2.800797779E1,-1.531343387E-1,-1.347758416E1,-1.374376345E0,1.354834437E1
2.801794679E1,-6.143852212E-1,-6.615446234E0,-9.597238533E0,1.167255694E1
2.802791679E1,-2.890979449E-1,-1.052421049E0,-3.756586965E0,3.911919390E0
2.803788579E1,-5.531225540E-1,7.535102159E0,7.956967074E-1,7.597160151E0
2.804785579E1,-3.049176965E-1,1.716389227E1,-1.742328177E0,1.725479296E1
2.805782479E1,-5.613013104E-1,1.435940860E1,-3.085118448E0,1.469781039E1
2.806779479E1,-6.793488103E-1,9.658410349E-1,-9.803324819E-2,1.184894185E0
2.807776379E1,-7.070626391E-1,-6.585771614E0,1.717507916E0,6.842671903E0
2.808773379E1,-1.422946826E0,-3.413828154E0,-3.033989224E0,4.783731906E0
2.809770279E1,-1.274083294E0,3.357092620E0,-2.523464148E0,4.388761831E0
2.810767279E1,-1.491411728E0,2.106419678E0,2.134071161E0,3.348965888E0
2.811764179E1,-1.683441014E0,-2.114952227E0,2.610456099E0,3.757855454E0
2.812761179E1,-1.482971565E0,-3.601636335E0,5.663659859E-1,3.935957238E0
2.813758079E1,-1.010981832E0,-4.842517823E-1,-8.166601449E-1,1.386909458E0
2.814755079E1,-4.702406476E-1,-1.231337662E0,1.699438266E0,2.150676434E0
2.815751979E1,2.834560579E-1,-3.576792393E0,2.755724325E0,4.524136129E0
2.816748979E1,-6.371794950E-1,-6.179095427E0,1.902760572E0,6.496746555E0
2.817745879E1,-1.414391911E0,-4.125055107E0,1.506091309E0,4.613555586E0
2.818742879E1,-1.281188976E0,-9.773591727E-1,8.151170647E-1,1.805849378E0
2.819739779E1,-1.408617055E0,-1.038448543E0,3.968300611E-1,1.794450189E0
2.820736779E1,-1.172542593E0,-2.405026748E0,4.927781922E-1,2.720632305E0
2.821733679E1,-7.595781639E-1,-1.478429301E0,-4.385253865E-1,1.719016201E0
2.822730679E1,-1.388030598E-1,-3.137995988E-1,-2.253850204E-1,4.105300050E-1
2.823727579E1,2.169891679E-2,2.852935454E-1,-1.949993795E-1,3.462484773E-1
2.824724579E1,-3.297758000E-1,-1.331574726E-1,-2.456707656E-2,3.564919803E-1
2.825721479E1,-3.479141735E-2,2.854230613E-1,4.615090370E-2,2.912158521E-1
2.826718479E1,6.443884541E-1,1.169631118E0,1.338860357E-1,1.342087517E0
2.827715379E1,1.612834935E-1,1.826316121E0,3.882393318E-1,1.874079165E0
2.828712379E1,4.526008040E-1,1.602561597E0,-1.360600305E-1,1.670797262E0
2.829709279E1,5.184412197E-1,8.531780532E-1,-5.895174515E-1,1.159407139E0
2.830706279E1,-1.242423965E-1,6.470543459E-1,-1.360985636E0,1.512083794E0
2.831703179E1,1.914655599E-1,1.057103500E-1,-2.163834073E0,2.174858992E0
2.832700179E1,-2.496087009E-1,-1.505380872E0,-3.738025564E-1,1.571052013E0
2.833697079E1,-4.193454228E-1,-1.504451750E0,6.458729160E-1,1.690082091E0
2.834694079E1,-2.758656045E-1,-8.316114753E-2,-7.768446994E-1,8.285561509E-1
2.835690979E1,-1.343274731E-1,2.673978496E-1,8.432269692E-3,2.993602898E-1
2.836687979E1,-2.143000151E-1,-9.267944983E-1,1.371725802E0,1.669282545E0
2.837684879E1,2.964812424E-4,-1.252590245E0,6.649845403E-1,1.418163195E0
2.838681879E1,3.435589298E-1,-8.253929615E-2,6.641501427E-2,3.595224997E-1
2.839678779E1,1.072065428E-1,1.178264825E0,-9.916293025E-3,1.183173518E0
2.840675779E1,3.489771060E-1,9.263600501E-1,-1.924301130E-1,1.008443013E0
2.841672679E1,4.417823952E-1,1.550626042E-1,-2.640023714E-1,5.375066028E-1
2.842669679E1,2.501672745E-1,6.330414936E-1,-6.296047926E-1,9.272148579E-1
2.843666579E1,5.085484251E-1,1.070290433E0,-1.590566618E0,1.983442784E0
2.844663579E1,6.722777724E-1,1.451136253E0,-1.323164676E0,2.075697133E0
2.845660479E1,1.200081517E0,6.107592165E-1,-2.548932281E0,2.882755321E0
2.846657479E1,1.083696417E0,-1.693219167E-1,-1.142668730E0,1.583906456E0
2.847654379E1,5.147841883E-1,-2.445688578E-1,2.592502223E0,2.654408496E0
2.848651379E1,2.439318951E-1,6.662405223E-2,2.903327343E0,2.914318307E0
2.849648279E1,4.406412380E-2,1.075671333E0,3.605825865E-1,1.135354687E0
2.850645279E1,2.785174630E-1,-2.050025037E-1,-6.027999866E-1,6.949574286E-1
2.851642179E1,1.850197356E-1,-3.384862509E-1,-8.981136131E-1,9.774524575E-1
2.852639179E1,-3.909832474E-1,-1.094508138E0,-1.153515900E0,1.637502640E0
2.853636079E1,1.253225252E0,-1.675987422E0,-1.066140372E0,2.348651244E0
2.854633079E1,4.814687269E-1,-1.874271475E0,5.899624246E-1,2.023057429E0
2.855629979E1,4.238999287E-2,-5.912724933E-1,3.040583130E0,3.097829214E0
2.856626979E1,-4.561460439E-2,-8.260610059E-1,3.704250877E0,3.795514726E0
2.857623879E1,-2.015979989E-1,5.952310583E-1,1.032855096E0,1.209020850E0
2.858620879E1,5.033780978E-1,7.848425210E-2,3.182697952E-1,6.007037121E-1
2.859617879E1,7.553363013E-1,-3.381585145E-1,8.834312546E-1,1.210510178E0
2.860614779E1,5.983881893E-1,-1.459497187E-1,9.193635643E-1,1.106616062E0
2.861611779E1,6.803805515E-1,1.361489081E0,-8.635782033E-1,1.749953578E0
2.862608679E1,6.940381855E-1,3.505174819E-1,6.983154237E-2,7.806586657E-1
2.863605679E1,7.797298618E-1,-1.719198346E-2,-9.477868795E-2,7.856571907E-1
2.864602579E1,9.445437214E-1,8.709062263E-1,-2.714190967E0,3.002910772E0
2.865599579E1,1.058344206E0,1.603943001E0,-2.995098808E0,3.558559046E0
2.866596513E1,4.348212484E-1,9.349607196E-1,-9.330483878E-1,1.390611506E0
2.867593513E1,-1.569631138E-1,-1.358366376E0,1.302857881E0,1.888712600E0
2.868590413E1,-2.797858703E-1,-8.262405154E-1,-1.059205574E-1,8.787335700E-1
2.869587412E1,-1.387191431E-1,-6.442453435E-1,-1.799865949E0,1.916719201E0
2.870584313E1,-3.590511642E-1,2.603937623E-1,-7.961323249E-1,9.113447914E-1
2.871581313E1,-1.373863982E0,-3.406277937E-1,1.270494711E-1,1.421151330E0
2.872578213E1,-9.208449563E-1,1.238130957E0,-7.391178793E-1,1.710911728E0
2.873575213E1,-9.097988351E-1,2.672602938E0,-1.084574888E0,3.024374824E0
2.874572113E1,-8.917986933E-1,1.020031275E0,1.322999784E0,1.893699327E0
2.875569112E1,-1.887439003E-1,-3.026940698E0,2.990040382E0,4.258912506E0
2.876566013E1,2.420758975E-1,-3.646982954E0,2.087548959E0,4.209150278E0
2.877563013E1,8.608736468E-1,-1.839699813E0,4.971407998E-1,2.091111621E0
2.878559913E1,7.351155332E-1,-1.860689270E-1,1.160440757E0,1.386232031E0
2.879556913E1,1.178696569E0,-5.798052263E-1,1.403582602E0,1.922379729E0
2.880553813E1,1.555653186E0,-1.143772684E0,6.777876037E-1,2.046379443E0
2.881550813E1,1.321228078E0,-1.758833405E0,6.665434080E-1,2.298568836E0
2.882547713E1,5.656939946E-1,-2.265722098E0,-7.935519487E-1,2.466420689E0
2.883544713E1,2.111971170E-1,-2.167354681E0,-1.480352451E0,2.633149049E0
2.884541613E1,-1.383007018E-1,-8.028577924E-1,-1.339804682E0,1.568051117E0
2.885538613E1,-8.919312058E-1,3.165401888E-1,9.688432878E-1,1.354398864E0
2.886535513E1,-6.969644976E-1,1.436770521E0,1.138542350E0,1.961210780E0
2.887532513E1,-6.448730421E-1,1.021350115E0,-1.278726422E0,1.759022046E0
2.888529413E1,-1.038578644E0,2.832689470E-1,-2.119188243E0,2.376940408E0
2.889526413E1,-4.912169125E-1,-3.596183807E-2,-1.324162211E0,1.412796117E0
2.890523313E1,-4.128847245E-1,-4.721623716E-1,5.532664686E-1,8.363700654E-1
2.891520313E1,3.880312075E-1,-6.608412033E-1,1.660860091E0,1.829135193E0
2.892517213E1,1.003451642E0,6.837687206E-1,1.943614483E0,2.291744340E0
2.893514213E1,1.275466014E0,2.159842179E0,9.007588935E-1,2.665163855E0
2.894511113E1,1.223644261E0,1.631380768E0,7.527828223E-1,2.173796326E0
2.895508113E1,7.792129679E-1,1.089359957E0,-4.530960631E-1,1.413921500E0
2.896505013E1,8.736174341E-1,-6.605979592E-2,-5.137106395E-1,1.015613085E0
2.897502013E1,7.186918739E-1,-3.723059615E-1,-4.126958960E-1,9.085414912E-1
2.898498913E1,5.682572678E-1,8.727738270E-1,-1.049110356E0,1.478270278E0
2.899495913E1,-1.780392016E-1,2.169957277E-1,-1.084871927E0,1.120594575E0
2.900492813E1,-8.205478124E-1,-5.917244831E-1,4.780157268E-1,1.118899286E0
2.901489813E1,-1.161963884E0,-4.504949293E-1,7.836976361E-1,1.472171095E0
2.902486813E1,-1.409297086E0,3.439066198E-1,-9.128906965E-2,1.453521150E0
2.903483713E1,-9.584587790E-1,6.521446395E-1,1.081553632E-1,1.164316729E0
2.904480712E1,-1.039108401E0,-1.069552222E-1,5.632178450E-1,1.186760309E0
2.905477613E1,-7.520525781E-1,-8.056749809E-1,5.233164454E-1,1.220063669E0
2.906474613E1,-6.314807256E-1,-1.014115647E0,-1.373417401E-1,1.202522851E0
2.907471513E1,-7.029286576E-1,-3.068800038E-1,-5.584038323E-1,9.487354080E-1
2.908468513E1,-7.104578979E-1,-3.588661364E-1,-4.991721225E-1,9.395254847E-1
2.909465413E1,-6.293720734E-1,-7.588267967E-1,-1.147582730E0,1.512902322E0
2.910462413E1,-6.475910472E-1,-1.080059376E0,-5.862184525E-1,1.389084049E0
2.911459313E1,-8.896434096E-1,-1.151411487E0,1.169146092E0,1.866578794E0
2.912456313E1,-3.668762371E-1,-1.076182672E0,1.247615726E0,1.687990615E0
2.913453213E1,-9.279581673E-1,-5.993226475E-1,3.286287224E-1,1.152515003E0
2.914450213E1,-8.520547300E-1,3.840840080E-1,-4.323910725E0,4.423767822E0
2.915447113E1,-1.092492384E0,-1.673258819E0,-6.985072124E-1,2.116895607E0
2.916444113E1,-7.003994445E-1,-2.978369924E0,5.382712841E0,6.191513895E0
2.917441013E1,-1.131814178E0,-1.396782875E-2,3.720562854E0,3.888931265E0
2.918438013E1,-3.985159961E-1,2.730159421E0,-1.990333736E-2,2.759163207E0
2.919434913E1,-1.460037049E-1,1.274698275E0,-6.681005216E-1,1.446558357E0
2.920431913E1,9.822201275E-2,-1.041201704E0,-8.969248742E-1,1.377760060E0
2.921428813E1,7.982295385E-2,-6.565505165E-1,-5.462767071E-1,8.578161373E-1
2.922425813E1,3.465327232E-3,6.086679599E-1,1.842393333E-1,6.359503328E-1
2.923422713E1,-9.749895886E-1,8.506239894E-1,1.548927426E-1,1.303133773E0
2.924419713E1,-5.250600851E-1,-1.042974873E0,4.245160425E-1,1.242456658E0
2.925416613E1,3.338118040E-1,-5.735373035E-1,2.403883910E-1,7.058058781E-1
2.926413613E1,-1.082893010E-1,5.589356366E-1,3.265167081E-1,6.563145429E-1
2.927410513E1,1.820721176E-1,8.831915188E-1,5.823820943E-1,1.073473995E0
2.928407513E1,4.360882670E-2,-2.366672230E-1,1.572287053E-1,2.874612495E-1
2.929404413E1,1.581881283E-2,-6.741000572E-1,-5.873072040E-1,8.941984533E-1
2.930401413E1,2.455338677E-1,-1.257736087E-3,1.708147109E-1,2.991088891E-1
2.931398313E1,4.224816500E-1,9.403419122E-1,1.023297822E-1,1.035956100E0
2.932395313E1,-8.379726978E-2,-1.172794462E0,-1.044081166E0,1.572442150E0
2.933392213E1,-3.045606509E-1,-1.086254793E0,-1.559733666E0,1.924961240E0
2.934389213E1,-2.661319091E-1,9.592787048E-1,5.261424047E-1,1.125996295E0
2.935386113E1,-3.347495147E-1,2.835428306E0,1.572451944E0,3.259496285E0
2.936383113E1,-3.870451842E-1,3.308746380E-1,1.027632948E0,1.146870296E0
2.937380013E1,3.895394968E-1,-2.274762186E0,-1.035578145E0,2.529566389E0
2.938377013E1,1.365405711E-1,-1.836051443E0,-2.196600700E0,2.866144250E0
2.939373913E1,6.866568066E-1,1.309805542E-2,-9.936518544E-1,1.207896161E0
2.940370913E1,1.019930265E0,4.472511864E-1,1.402134832E0,1.790607007E0
2.941367813E1,5.182413180E-1,-8.332887492E-1,1.634787356E0,1.906691874E0
2.942364813E1,6.287381256E-2,-1.125001368E0,9.259726721E-1,1.458426064E0
2.943361713E1,-2.612474740E-1,8.232119501E-2,7.115546894E-1,7.624546530E-1
2.944358713E1,-2.452634888E-1,1.082269916E0,1.389408367E0,1.778178270E0
2.945355613E1,-6.351749233E-1,-4.793313503E-2,1.092110195E0,1.264298006E0
2.946352613E1,-9.271197131E-2,-5.639452386E-1,-4.927167964E-1,7.545857030E-1
2.947349513E1,-2.276290356E-1,2.756739986E-1,-9.914375138E-1,1.053925745E0
2.948346513E1,-2.829747042E-1,2.638275397E-1,-8.916863537E-1,9.720001066E-1
2.949343413E1,-3.357332356E-1,-6.663600978E-1,-4.315151596E-1,8.619500673E-1
2.950340413E1,-5.842287911E-1,-1.222148471E0,-4.753412104E-1,1.435590273E0
2.951337313E1,-1.129084826E-1,-1.002330000E0,-4.891429782E-1,1.121014989E0
2.952334313E1,-2.891897462E-1,9.350092515E-1,6.069667125E-1,1.151643000E0
2.953331213E1,3.736803130E-1,5.637680680E-2,1.678288887E0,1.720310701E0
2.954328213E1,-1.022384341E0,-5.266730395E-1,1.128021455E-1,1.155585806E0
2.955325113E1,-4.001089603E-1,-1.265865763E0,5.413387334E-1,1.433719266E0
2.956322113E1,3.848076375E-1,-2.445910773E-1,-2.171287519E-1,5.050213935E-1
2.957319012E1,-6.058972567E-1,1.508730742E-1,-3.385818529E-1,7.102899699E-1
2.958316013E1,1.809869703E-2,-8.016737312E-2,9.393779987E-1,9.429662746E-1
2.959312913E1,-6.409358925E-1,2.764546019E-1,1.254192674E-1,7.091938789E-1
2.960309913E1,1.759076722E-1,6.315592244E-1,-1.721437830E-1,6.778230190E-1
2.961306813E1,2.421542501E-1,2.433859661E-1,4.737612927E-1,5.850856107E-1
2.962303813E1,-4.359081362E-1,-2.135081559E-2,-9.481529152E-1,1.043774742E0
2.963300712E1,-2.097123811E-1,-2.494349107E-1,3.855969751E-1,5.048584798E-1
2.964297713E1,3.830219710E-1,-5.662203902E-1,1.324205480E0,1.490245454E0
2.965294613E1,-1.242187153E-1,-8.248228580E-2,2.028855193E-1,2.517859222E-1
2.966291525E1,-7.968342832E-1,-1.607735798E-1,7.261142564E-1,1.089970152E0
2.967288425E1,-1.993689672E-1,-4.370898950E-1,1.033932738E0,1.140093184E0
2.968285425E1,-5.794084197E-1,3.116910928E-1,2.652355492E-2,6.584595303E-1
2.969282325E1,-9.262653983E-1,9.795732209E-1,-5.998775482E-2,1.349492428E0
2.970279325E1,-9.003138473E-1,8.806699070E-1,-1.307344449E0,1.815294471E0
2.971276225E1,-8.194908551E-1,-3.194877702E-1,-1.857399627E0,2.055132860E0
2.972273225E1,-6.140829201E-1,-1.118765312E0,-2.634702748E-1,1.303130938E0
2.973270125E1,6.857085527E-2,-3.799365780E-1,3.191971636E-1,5.009397117E-1
2.974267125E1,-1.205789058E-1,-5.250366962E-1,1.038232196E0,1.169670423E0
2.975264025E1,-7.809980498E-1,-1.031272840E0,1.145972992E0,1.728217498E0
2.976261025E1,-6.481172235E-1,-3.208820388E-1,-9.927928984E-2,7.299846544E-1
2.977257925E1,-4.524209290E-1,-6.058080867E-1,-6.628199011E-1,1.005494086E0
2.978254925E1,2.886341328E-1,-5.109124544E-1,-1.472381526E-1,6.049960928E-1
2.979251825E1,4.144767752E-1,-1.320777842E-1,3.758841652E-1,5.749125533E-1
2.980248825E1,-2.795076890E-2,-1.125365065E0,2.736631411E-1,1.158498722E0
2.981245725E1,-7.943165452E-1,-1.467680365E-1,-5.266499430E-1,9.642820090E-1
2.982242725E1,-1.194724444E0,-9.726188350E-1,-3.340426594E-1,1.576368737E0
2.983239625E1,-1.011991500E0,-4.501897046E-1,-4.929986322E-1,1.212371732E0
2.984236625E1,-1.958890334E-1,-2.269368714E-1,-1.377105240E0,1.409358613E0
2.985233525E1,-8.342542706E-1,-4.758484563E-1,-2.360006404E-1,9.889935509E-1
2.986230525E1,-1.479358424E0,-1.003811099E0,9.447200149E-1,2.022037086E0
2.987227425E1,-1.873391981E-1,-6.410898936E-1,2.162699713E0,2.263484543E0
2.988224425E1,6.687457618E-1,-1.245468628E-1,-7.070687056E-1,9.811620505E-1
2.989221325E1,-1.129330866E0,4.241482526E-2,-1.758394572E0,2.090248476E0
2.990218325E1,-2.877928829E-1,-1.519144049E0,1.999940127E0,2.527920864E0
2.991215225E1,1.764191794E0,-3.230408308E-1,1.625055835E0,2.420234396E0
2.992212125E1,-1.516689826E0,8.393678069E-1,1.403558629E0,2.230440129E0
2.993209125E1,-2.749043881E0,8.528438848E-1,1.922502526E0,3.461300466E0
2.994206025E1,-1.498764017E0,6.531518224E-1,1.489660633E0,2.211784276E0
2.995203025E1,-1.053028868E0,9.845278591E-2,7.497393465E-1,1.296407280E0
2.996199925E1,-6.471419811E-1,4.289865312E-1,-2.200993713E0,2.333922774E0
2.997196925E1,5.234261537E-1,1.913145812E0,-4.026171674E0,4.488224613E0
2.998193825E1,1.064841047E0,1.087365764E-1,-2.207782915E0,2.453571988E0
2.999190825E1,5.428419429E-1,-1.314537986E0,-4.647887403E-1,1.496233961E0
3.000187725E1,9.993318214E-2,-1.413976320E0,1.767419164E0,2.265631518E0