"Time (s)","Linear Acceleration x (m/s^2)","Linear Acceleration y (m/s^2)","Linear Acceleration z (m/s^2)","Absolute acceleration (m/s^2)"
8.632374986E-3,4.742873082E0,8.241563339E0,6.177488027E0,1.133929317E1
1.860237500E-2,-2.127924275E0,4.647828346E0,1.497002982E0,5.326479886E0
2.857237501E-2,-1.584750247E0,2.296386943E0,-4.901667672E0,5.640139387E0
3.854137502E-2,5.088927530E-1,5.307331122E0,-2.416839001E0,5.853874463E0
4.851137497E-2,-2.737587431E0,2.805365139E0,-5.955406684E-1,3.964735451E0
5.848137499E-2,2.581674057E0,2.460329129E0,-3.905357088E0,5.288674158E0
6.845137500E-2,1.438543543E0,7.014387724E0,-6.738474575E0,9.832501323E0
7.842137502E-2,-1.144435247E0,7.149532081E0,-5.620693933E0,9.166119206E0
8.839137497E-2,-1.452866152E0,6.617182857E0,-2.917868199E0,7.376441137E0
9.836137498E-2,3.077733122E-2,6.609604865E0,-4.541610165E0,8.019603894E0
1.083303750E-1,-5.111313742E0,4.216574849E0,-2.655367393E0,7.138347681E0
1.183003750E-1,-4.463469729E0,1.384543776E0,-3.928151874E0,6.104907914E0
1.282703750E-1,-5.495709114E0,7.217189044E-2,-2.516514148E0,6.044904540E0
1.382403750E-1,-1.017748698E1,4.916119650E0,-1.586241433E0,1.141339719E1
1.482103750E-1,-8.222991997E0,8.401483517E0,-2.125374012E0,1.194653663E1
1.581803750E-1,-7.882430862E0,2.037973048E0,3.344901468E0,8.801955252E0
1.681503750E-1,-7.230831183E0,-4.832212982E0,4.969442164E0,1.001651423E1
1.781203750E-1,-1.626861455E0,-4.888157095E0,5.512383619E0,7.545007034E0
1.880893750E-1,-1.164398591E0,-2.541188228E0,2.149624169E0,3.526236770E0
1.980593750E-1,-1.303273179E0,-2.373964292E0,-4.362859029E0,5.135052711E0
2.080293750E-1,-3.190382947E0,-6.719228464E-1,1.035135511E0,3.420749799E0
2.179993750E-1,-4.588304860E0,4.336937445E0,1.113747232E0,6.411084213E0
2.279693750E-1,-2.458864110E0,3.689892747E0,2.823333925E-1,4.443088265E0
2.379393750E-1,-3.208211400E0,-1.523103491E0,3.617444283E0,5.069355755E0
2.479093750E-1,-6.423557573E0,-5.385506641E0,5.102469828E0,9.813305866E0
2.578783750E-1,-4.403494838E0,-6.747816671E0,6.319098235E0,1.023986324E1
2.678483750E-1,-2.894207149E0,-5.889621999E0,3.309335194E0,7.349542961E0
2.778183750E-1,-3.021005190E0,-4.637348966E0,6.635221517E-1,5.574203031E0
2.877883750E-1,-1.088674225E0,-5.167376261E0,2.755213863E-1,5.287995936E0
2.977583750E-1,9.142466658E-1,-4.937257919E0,3.622993290E-1,5.034245081E0
3.077283750E-1,-3.547853938E0,-4.869643933E0,9.398767662E-1,6.097874051E0
3.176983750E-1,6.769768873E-1,-1.692831789E0,2.594955715E0,3.171399113E0
3.276683750E-1,1.279159993E0,1.292047548E-1,3.104896654E0,3.360554625E0
3.376373750E-1,-1.538316338E0,-2.738055208E-1,4.620318366E0,4.877369006E0
3.476073750E-1,2.213928156E-1,1.296690530E0,4.093196552E0,4.299381249E0
3.575773750E-1,1.230868716E0,-4.591338980E-1,-9.479260433E-1,1.620001702E0
3.675473750E-1,4.133507111E-1,-1.482000488E0,-3.093263619E0,3.454774099E0
3.775173750E-1,4.929344225E-1,-3.234570356E0,-2.939867764E0,4.398664820E0
3.874873750E-1,-1.544336485E0,-2.827040475E0,-2.550630312E0,4.108874300E0
3.974573750E-1,-3.898865802E0,1.529761131E0,-1.991199124E0,4.637477505E0
4.074273750E-1,-1.924024849E0,4.584132579E0,-4.479449000E0,6.691906042E0
4.173963750E-1,-1.690776493E0,-9.585147661E-1,-2.351743703E0,3.050930047E0
4.273663750E-1,-2.973665839E0,-1.329848043E0,-2.527097023E0,4.122790767E0
4.373363750E-1,-2.653957044E0,1.352247557E0,-1.534908142E0,3.350821460E0
4.473063750E-1,1.197416119E-1,-8.160391706E-1,1.945565114E0,2.113168615E0
4.572763750E-1,2.098121017E0,2.098594057E0,-2.076908196E0,3.622120438E0
4.672455416E-1,-4.092332846E-2,6.295224638E0,-2.926589906E0,6.942366775E0
4.772155416E-1,2.114260502E0,5.964682707E0,-4.647505580E0,7.851550507E0
4.871855417E-1,3.412314310E0,1.852381254E0,-4.310664443E0,5.801468193E0
4.971545417E-1,2.954348393E0,-2.947917625E-1,1.036828279E0,3.144851267E0
5.071245417E-1,3.239244328E0,-1.834520934E0,4.807982413E0,6.080696157E0
5.170945416E-1,4.303194040E0,-5.086711582E0,-2.770902527E0,7.215955549E0
5.270645416E-1,2.492247033E0,3.013188632E0,-1.487594227E0,4.183722934E0
5.370345417E-1,5.326670203E0,1.585368561E1,-3.508421193E0,1.708864483E1
5.470045417E-1,5.158860376E0,9.499236860E0,1.225365901E0,1.087891828E1
5.569745416E-1,6.072896542E0,3.322934064E0,2.219140547E0,7.269563121E0
5.669435416E-1,5.492725280E0,-1.301426190E0,-6.275262244E0,8.440536556E0
5.769135416E-1,5.733517129E0,-1.453308786E0,-2.421106884E0,6.391172321E0
5.868835417E-1,8.273693789E0,2.445190688E0,-2.094255130E0,8.877999266E0
5.968535417E-1,4.626081089E0,1.283833029E1,-6.846324713E0,1.526746583E1
6.068235416E-1,5.994451466E0,9.786361461E0,-5.468696147E0,1.271270847E1
6.167935416E-1,4.698818698E0,3.049756534E0,4.665335494E-1,5.621171197E0
6.267635417E-1,2.815709448E0,1.994074785E0,3.668569413E0,5.036164759E0
6.367335417E-1,1.444682096E0,4.328355778E0,9.997820753E0,1.098991310E1
6.467035417E-1,-1.468748505E0,4.782240631E0,7.787127678E0,9.255614788E0
6.566725416E-1,-3.033612664E0,-4.399314079E0,3.071782118E-1,5.352674903E0
6.666425416E-1,-2.553542810E0,-7.056556674E0,-6.165368503E0,9.712226406E0
6.766125417E-1,-3.364534079E0,-2.378689427E0,-6.704733801E0,7.869670153E0
6.865825417E-1,-5.199514897E0,4.055044055E-2,-4.305508368E0,6.750851932E0
6.965525416E-1,-7.631411063E0,-2.325162261E0,-1.943605712E0,8.211115486E0
7.065225416E-1,-5.751863353E0,-1.072531671E0,3.379343323E0,6.756790474E0
7.164925417E-1,-2.899746216E0,2.818397998E0,4.071215115E0,5.738178100E0
7.264615417E-1,-1.594264398E0,3.942853528E0,1.299957077E0,4.447208261E0
7.364315417E-1,-2.580220731E0,-2.732848263E0,5.096899186E0,6.332801904E0
7.464015416E-1,-7.338239564E-1,-6.906231776E0,5.505388595E0,8.862496179E0
7.563715416E-1,-1.848061039E0,-6.313812352E0,-2.655542225E-1,6.584077389E0
7.663415417E-1,-1.115632740E0,1.193650603E-1,9.703097695E-1,1.483369636E0
7.763115417E-1,6.763811291E-1,4.722633238E0,-1.672667373E0,5.055548662E0
7.862815416E-1,3.587579629E0,-1.324612154E0,-2.984435826E0,4.850998057E0
7.962515416E-1,4.814935630E0,-2.813198361E0,-6.006776812E0,8.196283170E0
8.062205416E-1,2.195127348E0,-4.968894864E0,6.142529864E0,8.199949596E0
8.161905417E-1,4.161391167E0,2.605842353E0,9.769790452E0,1.093418476E1
8.261605417E-1,4.761184223E0,4.339875086E0,2.005466915E0,6.747243030E0
8.361305416E-1,4.552959611E0,-1.983447762E0,-2.053732756E0,5.374134766E0
8.461005416E-1,3.108896150E0,-3.007358081E0,-5.707940238E0,7.161705080E0
8.560705417E-1,2.764921410E0,-3.548071162E0,-5.728452855E0,7.283458759E0
8.660405417E-1,2.762756186E0,-2.316477099E0,-2.289055704E0,4.270674878E0
8.760105416E-1,6.952548175E-2,2.639142247E0,2.399792613E0,3.567759826E0
8.859795416E-1,-6.970154415E-1,3.961204722E0,2.624471875E0,4.802585345E0
8.959495416E-1,-4.146658961E-1,5.262220438E0,-1.187139144E0,5.410379939E0
9.059195417E-1,-3.135627866E0,1.877232213E0,1.060421210E0,3.805345718E0
9.158895417E-1,-1.695997179E0,-1.673753786E0,2.962760198E0,3.802079189E0
9.258595416E-1,3.932895355E-1,-7.549138400E-1,-8.776612222E-1,1.222644996E0
9.358295416E-1,-1.685981630E0,-9.107169941E-1,-8.345873573E0,8.563033644E0
9.457995417E-1,-1.977727724E0,-3.104054655E0,-7.797735112E0,8.622716227E0
9.557695417E-1,-3.367717377E-1,-1.811075353E0,1.817659611E0,2.587913368E0
9.657385417E-1,-1.969543047E-1,1.350755640E0,1.189655786E1,1.197461568E1
9.757085416E-1,2.811606238E-1,4.864471487E0,4.906381112E-1,4.897229819E0
9.856785416E-1,-9.651490901E-2,3.376097533E-1,-4.551118323E0,4.564643848E0
9.956485417E-1,-1.727754431E0,-2.895348818E0,-3.639553775E0,4.961303440E0
1.005618542E0,-1.277586945E0,-1.686929902E0,-1.194731169E0,2.430091246E0
1.015588542E0,-3.196637714E-1,5.882491904E-1,6.270507288E-1,9.172865710E-1
1.025558542E0,-1.091214694E0,-1.600860934E0,4.772614360E-2,1.937984268E0
1.035528542E0,-4.248681910E0,-3.080463772E0,1.117766023E0,5.365627261E0
1.045498542E0,-2.613410697E0,-1.529206230E0,3.813524812E0,4.869431041E0
1.055467542E0,-4.812798472E0,-1.045871583E0,7.681762022E-1,4.984673628E0
1.065437542E0,-3.496024511E0,1.552486919E0,-2.374888737E0,4.502499254E0
1.075407542E0,-2.705256129E0,2.169744731E0,-6.225511209E0,7.126232717E0
1.085377542E0,-4.389107764E0,-1.598357156E0,-1.682851469E0,4.964977506E0
1.095347542E0,-3.764851712E0,-1.731093337E0,4.487806426E0,6.108289374E0
1.105317542E0,-1.957180316E0,-6.442871511E-1,4.437954234E0,4.892964184E0
1.115287542E0,-1.686587547E0,2.915804717E-1,4.020255461E0,4.369445124E0
1.125256542E0,-6.146567512E-1,-1.662696409E0,2.518841924E0,3.080085536E0
1.135226542E0,-4.099056047E0,-3.917517543E-2,-1.405106971E0,4.333372910E0
1.145196542E0,1.948957011E-1,4.284848401E-1,-2.671491675E0,2.712646560E0
1.155166542E0,3.080964805E-1,-1.074782849E0,2.594997230E0,2.825613604E0
1.165136542E0,-4.559580559E-1,2.830161426E0,8.699171698E-1,2.995741533E0
1.175106542E0,3.839492005E0,2.237515714E0,-6.231962442E-2,4.444328877E0
1.185076542E0,1.213297686E0,-4.358613073E0,-3.383672601E-1,4.536969429E0
1.195046542E0,9.850926270E-1,-3.655554973E0,2.669434624E0,4.632426023E0
1.205016542E0,1.393697153E0,-5.321080264E-1,7.342354542E-1,1.662718379E0
1.214985542E0,3.370040914E-1,4.991522419E-1,4.495843424E0,4.536004057E0
1.224955542E0,4.819206801E-1,3.546068198E0,1.109965253E0,3.746848018E0
1.234925542E0,-1.531018720E0,1.356608995E0,-5.161619677E0,5.552181911E0
1.244895542E0,-2.533338341E0,-5.484688282E-4,-6.868215519E0,7.320531939E0
1.254865542E0,-2.526996159E0,-1.588829118E0,-4.427234534E0,5.339521811E0
1.264835542E0,-7.672934188E-1,-5.192018766E0,-8.507383025E-1,5.316912047E0
1.274805542E0,-1.494980722E0,-3.655858735E0,3.098506233E0,5.020060889E0
1.284775542E0,1.067974716E0,1.790861529E0,5.466326855E0,5.850511456E0
1.294744542E0,3.328674275E0,1.213681995E0,6.585547666E0,7.478137099E0
1.304714542E0,1.171422852E0,3.858300451E0,2.947505397E-1,4.042968185E0
1.314684542E0,2.947789571E0,7.857672581E-1,-2.066968514E0,3.685003715E0
1.324654542E0,6.336508319E0,-2.290067273E0,-1.322962947E0,6.866292796E0
1.334624542E0,5.273338114E-1,-3.749760341E0,-2.056962758E0,4.309278287E0
1.344594542E0,1.194651866E0,-6.351792356E-1,1.144998845E0,1.772475133E0
1.354564542E0,2.250275070E0,3.661745712E0,-1.949357618E0,4.719334135E0
1.364534542E0,2.372967488E-1,5.132653740E-1,-5.168269131E0,5.199111164E0
1.374503542E0,1.653511603E0,-1.047236323E-2,-5.095206417E0,5.356803032E0
1.384473542E0,3.921884828E0,6.017460260E-1,-3.693810673E0,5.421025381E0
1.394443542E0,8.852213066E-1,-6.313437545E-1,-9.023598611E-2,1.091033561E0
1.404413542E0,2.288563954E0,-1.591709749E0,6.174998868E0,6.775077557E0
1.414383542E0,2.413591019E0,1.844840685E0,2.291132051E0,3.805015747E0
1.424353542E0,2.313645731E0,4.140734708E0,-3.680347459E0,6.003632060E0
1.434323542E0,2.929642153E0,2.672733039E-1,-3.722849116E0,4.744875520E0
1.444293542E0,1.290985840E0,-1.366001670E0,-5.169756662E0,5.500817116E0
1.454262542E0,-2.320387863E0,-2.967220746E0,1.795161279E0,4.172673341E0
1.464232542E0,5.119859301E-1,9.573462000E-1,4.427716929E0,4.558872508E0
1.474202750E0,2.072870401E0,4.062847749E0,2.880941278E0,5.394751725E0
1.484172750E0,1.272979047E-2,1.480130841E0,3.340993774E-1,1.517422732E0
1.494142750E0,-1.033774279E0,-1.195907336E0,-2.418999547E0,2.889713208E0
1.504112750E0,5.218716349E-1,-3.903265539E0,-1.052155001E0,4.076133219E0
1.514082750E0,-2.061103318E-1,-1.038719561E0,-3.285497265E0,3.451943232E0
1.524052750E0,-1.139055370E0,-1.365837656E0,-7.994699156E-1,1.949900455E0
1.534021750E0,1.220370405E0,-3.184294242E0,5.017054871E0,6.066289914E0
1.543991750E0,1.656229388E0,8.627180779E-1,7.167198274E0,7.406491029E0
1.553961750E0,1.704536599E0,1.152234190E0,5.305136077E0,5.690128069E0
1.563931750E0,2.013825510E0,-1.581680605E-1,4.778139979E-1,2.075768902E0
1.573901750E0,2.423358354E0,-5.480022204E-1,-1.133911355E0,2.731067027E0
1.583871750E0,3.052894734E0,5.562856784E-1,2.215402422E0,3.812824138E0
1.593841750E0,9.684763750E-1,8.143809003E-1,-3.832311916E-1,1.322130435E0
1.603811750E0,-2.098324646E0,-5.854144018E0,-7.544709134E-1,6.264438911E0
1.613780750E0,-1.981940935E0,-2.664303108E0,-2.445638877E-1,3.329626468E0
1.623750750E0,-2.550216037E0,1.234641339E0,2.618974323E0,3.858363328E0
1.633720750E0,-1.510876232E0,-2.215597719E-2,5.175768769E0,5.391829025E0
1.643690750E0,-2.441087916E-1,-2.765687980E0,2.674417037E0,3.855013047E0
1.653660750E0,-1.225726893E0,-2.026804866E0,3.361014640E-1,2.392343742E0
1.663630750E0,-2.736268007E0,1.763975739E0,-7.576582307E-1,3.342576702E0
1.673600750E0,-3.902834892E0,2.102107649E0,-2.329477506E0,5.007738233E0
1.683570750E0,-1.871939167E0,5.118155569E-2,-1.889243563E0,2.660078390E0
1.693540750E0,-8.454966025E-2,-1.437666022E0,-1.877010019E0,2.365839988E0
1.703509750E0,1.031387007E0,1.027678849E0,-6.401035268E0,6.564536196E0
1.713479750E0,1.239310926E0,2.434477420E0,-4.878353654E0,5.591145343E0
1.723449750E0,2.457705484E0,-7.475460559E-2,-3.240836817E-1,2.480107806E0
1.733419750E0,2.390111378E0,1.257875835E0,1.063087540E0,2.902591796E0
1.743389750E0,3.276227090E-1,4.793978624E0,3.453942685E0,5.917709671E0
1.753359750E0,2.516411529E0,5.507792970E0,-3.102726753E0,6.804044656E0
1.763329750E0,2.288375819E0,1.519419160E0,-2.626075181E0,3.800206486E0
1.773299750E0,1.451165197E0,-1.192233531E0,1.803019937E0,2.603494212E0
1.783268750E0,6.919297526E-1,-4.946859047E0,3.020834159E0,5.837432675E0
1.793238750E0,-3.491911506E-1,-2.634081481E0,-1.508269397E0,3.055355345E0
1.803208750E0,1.736879778E-1,4.055247830E0,-5.990398761E0,7.236026520E0
1.813178750E0,-2.091080385E0,4.700890951E0,-2.975333465E0,5.943366229E0
1.823148750E0,-1.771364573E0,2.003209305E0,-7.548071283E-1,2.778545261E0
1.833118750E0,-1.450893593E0,-6.277240357E-1,2.510446492E0,2.966727367E0
1.843088750E0,-2.479917009E0,-3.573413579E0,2.013026780E0,4.792864467E0
1.853058750E0,-2.834427847E0,-2.953389742E0,3.605279151E0,5.454771301E0
1.863027750E0,-1.007565889E0,1.607950098E0,-6.019913167E-1,1.990750131E0
1.872997750E0,-4.833224405E-1,-2.048132001E0,-3.582600725E-1,2.134665209E0
1.882967750E0,-1.462200501E0,-1.942355577E0,9.941120303E-1,2.626601268E0
1.892937750E0,2.888755497E-1,2.924817908E0,6.411947926E0,7.053444909E0
1.902907750E0,1.996661520E-2,1.922325355E0,3.300031105E0,3.819154190E0
1.912877750E0,-1.406343804E0,-2.479008937E-1,-1.241220626E0,1.892058770E0
1.922847750E0,-1.211546738E-1,2.299738275E0,-1.539127493E0,2.769907585E0
1.932817750E0,-3.182370873E-2,1.879574900E0,-1.942395923E0,2.703093871E0
1.942786750E0,2.942125775E-1,-1.898199451E0,-2.917898020E0,3.493401073E0
1.952756750E0,-2.058880645E-1,-1.527395055E0,2.828010528E0,3.220709409E0
1.962726750E0,-8.868575037E-1,-2.430012778E0,3.247214960E0,4.151612136E0
1.972696750E0,-1.403981675E0,-9.762031782E-1,2.361921952E0,2.915958246E0
1.982666750E0,-1.820812868E0,1.849825436E0,4.422424614E-1,2.633019567E0
1.992636750E0,-1.881610462E0,3.717944764E0,-2.968266521E0,5.116070497E0
2.002606750E0,-2.010427546E0,3.737136787E-1,-3.062076910E0,3.682091231E0
2.012576750E0,-3.941076267E0,-1.325485728E0,-1.304325532E0,4.357781506E0
2.022546750E0,-1.964709483E0,-1.536893857E0,-3.103430173E0,3.981633448E0
2.032515750E0,-4.541930300E0,-3.229241788E-2,-1.403872624E0,4.754054270E0
2.042485750E0,-4.534139324E-1,-3.783765408E-1,-1.013313702E0,1.172841702E0
2.052455750E0,3.914764601E-1,-9.508914587E-1,2.426328447E0,2.635245362E0
2.062425750E0,-1.044915783E0,2.065190668E0,-1.187330933E0,2.601272041E0
2.072395750E0,2.112340130E0,-3.143574524E0,-2.001576762E0,4.283730985E0
2.082365750E0,7.000443723E-1,-3.102487894E0,5.950302064E-2,3.181042890E0
2.092335750E0,-6.119930521E-1,-2.719808972E-1,1.478203599E0,1.622835477E0
2.102305750E0,1.138864020E0,1.196283897E0,3.008528693E0,3.432105959E0
2.112274750E0,-1.770889779E0,2.325141211E0,9.579078251E-1,3.075698240E0
2.122244750E0,-4.701480058E-1,2.548789608E-1,9.632925260E-1,1.101787149E0
2.132214750E0,-1.066676561E0,-2.459511396E-1,1.751573210E0,2.065502253E0
2.142184750E0,1.009486261E0,2.088183674E0,-8.625321364E-1,2.474577793E0
2.152154750E0,1.685944938E0,5.397839588E-1,-2.118250934E0,2.760573143E0
2.162124750E0,1.962055432E0,-2.741742755E0,-3.119261509E-1,3.385869574E0
2.172094750E0,1.407609872E0,-1.724328401E0,-3.723191178E-1,2.256833071E0
2.182064750E0,9.224779375E-1,-3.026440469E0,2.327441506E0,3.927759084E0
2.192034750E0,-2.412204498E-1,-2.794243150E0,5.074307883E0,5.797808429E0
2.202003750E0,-4.299064809E-1,1.642052522E0,7.325415158E-1,1.848722029E0
2.211973750E0,-3.788224641E-2,3.470839968E-1,-2.931845968E0,2.952562133E0
2.221943750E0,1.279485829E0,-1.929523863E0,-1.889133636E0,2.988138587E0
2.231913750E0,9.610042913E-1,-4.862211245E-1,-7.870533532E-1,1.333938983E0
2.241883750E0,5.059562448E-1,-5.402607992E-1,4.046514137E0,4.113654107E0
2.251853750E0,-3.484917725E0,9.852681166E-1,1.483940887E0,3.913755915E0
2.261823750E0,-1.003719590E0,9.828590637E-1,-5.130610138E-1,1.495558945E0
2.271793750E0,-1.889932658E-1,-2.088165840E0,-2.133272431E0,2.991154676E0
2.281762750E0,5.221555903E-1,-1.391891387E0,-2.607291586E0,3.001329290E0
2.291732750E0,-2.519292964E-1,2.326051623E-2,1.034126281E0,1.064625092E0
2.301702750E0,-1.356371306E-2,2.917722019E0,-1.764458719E0,3.409780099E0
2.311672750E0,7.728248848E-1,1.196689109E0,-5.059524953E0,5.256245416E0
2.321642750E0,-2.371109170E-1,-1.152102628E0,3.489883765E0,3.682777586E0
2.331612750E0,-1.244638324E0,4.068460491E-1,4.301979573E0,4.496851845E0
2.341582750E0,-1.943958445E0,1.156471375E0,6.595764506E-1,2.356149735E0
2.351552750E0,-9.763600297E-2,-5.021869469E-1,1.138776823E0,1.248413862E0
2.361522750E0,7.520630300E-1,4.270497872E0,-5.055777472E0,6.660603330E0
2.371491750E0,1.485635118E0,2.076871943E0,-4.433043158E0,5.115894879E0
2.381461750E0,2.304990975E0,-2.725931007E-1,-2.524471039E0,3.429321277E0
2.391431750E0,1.061917147E0,1.711442307E0,-3.346211244E0,3.905615507E0
2.401401750E0,-1.014084072E-1,-3.258501548E0,1.006815691E0,3.412007303E0
2.411371750E0,5.045998004E-1,-3.454559858E0,6.582231125E0,7.450796693E0
2.421341750E0,-8.432629296E-1,3.137734033E0,3.367527269E0,4.679391749E0
2.431311750E0,-2.275503174E-1,1.053314796E0,1.405448449E-1,1.086740107E0
2.441281750E0,2.498260017E0,-3.564390156E0,5.491558176E0,7.007381215E0
2.451250750E0,1.176906005E0,4.392653516E-1,1.629705541E0,2.057669056E0
2.461220750E0,1.511159676E0,4.183491303E0,1.086354196E0,4.578795528E0
2.471190667E0,1.711886842E0,-1.479606638E0,5.984863202E0,6.398310707E0
2.481160667E0,4.894648674E-1,-9.474372160E-1,-3.754695976E-1,1.130570897E0
2.491130667E0,3.522199572E0,2.128478006E0,-1.287567412E0,4.312092101E0
2.501100667E0,2.662525847E0,2.408598813E0,2.914530024E0,4.624378594E0
2.511070667E0,-5.075971197E-1,2.317231975E0,-6.353754097E0,6.782139042E0
2.521040667E0,2.783107420E0,-6.373470908E-1,-7.249352238E0,7.791341739E0
2.531010667E0,3.283481730E0,-2.812922080E0,-5.358124714E0,6.885004238E0
2.540979667E0,-9.281051517E-1,-1.102418544E0,-4.792421803E0,5.004399320E0
2.550949667E0,-3.218774395E0,-1.188291630E0,8.929236245E-1,3.545399583E0
2.560919667E0,-8.671129183E-1,-1.983506819E0,4.180165699E0,4.707437667E0
2.570889667E0,-1.003209932E0,4.555478007E-1,-8.059965777E-1,1.365131660E0
2.580859667E0,1.447071853E0,1.672064525E0,-9.070101517E-1,2.390080363E0
2.590829667E0,1.946497160E0,-1.567863342E0,2.810494024E0,3.761106661E0
2.600799667E0,2.750829913E0,-2.477402414E0,-1.076745467E0,3.855381788E0
2.610769667E0,3.287366036E0,-1.314137160E0,6.053411281E0,7.012668540E0
2.620739667E0,1.035495114E0,-6.888850343E-1,1.397671067E0,1.870908104E0
2.630708667E0,-1.144650059E0,1.105329580E0,-2.867170501E0,3.279122431E0
2.640678667E0,-3.952275585E-2,2.333515593E-1,-9.184636778E-1,9.484674617E-1
2.650648667E0,1.103424265E0,-9.792820296E-1,2.793194452E0,3.158872211E0
2.660618667E0,2.157799454E0,-1.074307178E0,1.851896812E0,3.039696728E0
2.670588667E0,9.845179188E-1,1.289174227E0,2.705589713E0,3.154593700E0
2.680558667E0,1.016135860E0,1.912228091E0,-1.643219626E-1,2.171669880E0
2.690528667E0,1.682089138E0,2.704519088E0,2.936295699E0,4.331937188E0
2.700498667E0,7.511692100E-1,2.815412702E0,-1.446211728E0,3.253049681E0
2.710468667E0,1.785532669E0,-2.294909060E0,-1.489344299E-2,2.907740758E0
2.720437667E0,4.998717418E-1,-2.652094414E0,-2.894239601E0,3.957284347E0
2.730407667E0,-5.709985887E-1,-2.142984071E-1,-5.085877184E0,5.122314899E0
2.740377667E0,-6.009470771E-1,-2.051359079E0,1.850594053E0,2.827350316E0
2.750347667E0,-2.974092686E0,-2.016220529E0,4.028122305E0,5.397790458E0
2.760317667E0,-2.812644630E0,2.832511130E-1,3.048926522E0,4.157782335E0
2.770287667E0,-2.095497664E0,-6.637499008E-1,-1.472234761E0,2.645590592E0
2.780257667E0,-1.080262932E0,-1.966626200E-1,-4.922908267E0,5.043874503E0
2.790227667E0,-8.041232760E-1,2.434123371E0,-2.633295908E0,3.675026281E0
2.800196667E0,2.153098877E0,2.327159670E-1,1.223702368E0,2.487456328E0
2.810166667E0,-3.110888296E-1,-1.799416298E0,6.315874080E0,6.574567717E0
2.820136667E0,2.334682698E0,1.597105560E0,-2.069271147E-2,2.828766101E0
2.830106667E0,2.511329129E0,5.791607462E0,-5.289334561E0,8.235687651E0
2.840076667E0,1.915268643E-1,-7.329008272E-1,5.742842853E-1,9.505938158E-1
2.850046667E0,1.679592231E0,-4.745784411E-1,-3.146211326E-2,1.745635879E0
2.860016667E0,2.213464947E0,2.096534960E0,-2.992131346E0,4.271736872E0
2.869986667E0,1.022784218E0,5.962836156E0,-8.134607239E0,1.013771856E1
2.879956667E0,3.513811156E0,-5.026675880E-2,-6.502218996E0,7.391092440E0
2.889925667E0,4.556398212E-1,-7.502622045E0,3.329247302E0,8.220756218E0
2.899895667E0,-3.649283834E0,-7.829923450E0,1.134290606E1,1.425785719E1
2.909865667E0,-1.725163383E0,5.098640487E-1,5.847024449E0,6.117503163E0
2.919835667E0,9.153424340E-1,7.381463059E0,-5.024010719E0,8.975774750E0
2.929805667E0,2.367965195E-1,5.693511064E0,-4.673059666E-1,5.717562041E0
2.939775667E0,6.206344329E-2,-3.449433019E0,-5.990063131E-2,3.450511283E0
2.949745667E0,-1.135919801E0,-6.807316768E0,6.096145656E0,9.208304254E0
2.959715667E0,-3.276128272E0,1.096903450E0,2.763207006E0,4.423971812E0
2.969685667E0,1.046059279E0,2.315859926E0,2.510613137E-1,2.553522859E0
2.979654667E0,1.091455892E0,-3.758023041E-1,9.113230580E-1,1.470718549E0
2.989624667E0,1.081168739E0,-7.226550436E-1,-1.040794446E0,1.665655797E0
2.999594667E0,1.700871710E0,-2.275600969E0,-1.732549294E0,3.327619479E0
3.009564667E0,1.011680209E0,-3.902033823E0,-3.817711419E-1,4.049088047E0
3.019534667E0,6.807508995E-1,-8.664167342E-1,9.760815561E-1,1.472017306E0
3.029504667E0,1.065617704E0,-3.422216862E0,2.618567356E0,4.438919276E0
3.039474667E0,-7.694743571E-1,-1.918806501E0,-2.664873211E0,3.372752349E0
3.049444667E0,-1.266592426E-1,-2.121127179E-1,-2.728217268E-1,3.680571470E-1
3.059414667E0,3.395190885E-1,-8.178091228E-1,3.307596817E0,3.424073842E0
3.069383667E0,6.682380042E-1,-1.242735055E-1,1.229499882E0,1.404868640E0
3.079353667E0,-1.103045292E0,1.980168644E0,-9.992768759E-1,2.477161894E0
3.089323667E0,-3.831782451E0,-2.343586838E0,1.713853991E0,4.807520309E0
3.099293667E0,-2.057996838E0,-2.360174511E0,-3.649352539E-1,3.152610418E0
3.109263667E0,2.018648147E-1,-2.180802400E0,-1.020910404E0,2.416382951E0
3.119233667E0,-1.163380518E0,1.510889534E0,-2.769400962E0,3.362413286E0
3.129203667E0,-2.919185869E-2,-1.519120660E0,-1.372196503E0,2.047316044E0
3.139173667E0,-1.554762655E0,-4.791857547E0,3.984753506E0,6.423195946E0
3.149143667E0,-2.277183079E0,4.657973850E-1,5.292227179E-1,2.383821861E0
3.159112667E0,1.900468171E0,7.805750476E0,3.143246788E0,8.626790836E0
3.169082667E0,1.658411569E0,7.951021625E0,2.158004399E0,8.403931032E0
3.179052667E0,2.920764618E0,4.132718468E-1,1.307583600E-1,2.952754192E0
3.189022667E0,2.633885015E0,-6.827452240E0,-3.535962163E0,8.127390896E0
3.198992667E0,7.261347216E-1,-7.624441767E-1,-8.806037750E0,8.868759418E0
3.208962667E0,1.185018432E0,4.786031381E0,-5.325313649E0,7.257363882E0
3.218932667E0,6.002503082E-2,1.702142018E-1,4.380128780E0,4.383845801E0
3.228902667E0,1.031167882E0,-1.668617299E0,6.164500777E0,6.469054082E0
3.238872667E0,1.748406650E0,7.273202446E-1,4.445617011E0,4.832124911E0
3.248841667E0,-2.381296408E0,8.231210259E-1,-5.935309803E-1,2.588509191E0
3.258811667E0,-3.626726738E-1,2.148772523E0,-9.854020178E-2,2.181390610E0
3.268781667E0,2.281164010E-1,1.148438178E0,2.153021402E0,2.450805683E0
3.278751667E0,-1.389359104E-1,7.356653908E-1,-2.391154522E0,2.505619026E0
3.288721667E0,-9.681520738E-1,3.555791826E0,-4.505580207E0,5.820758279E0
3.298691667E0,-1.126459298E0,2.347061253E0,-4.789111694E0,5.450981370E0
3.308661667E0,-6.251421976E-1,-1.528615369E0,-7.901471150E-1,1.830792226E0
3.318631667E0,6.017771624E-1,-2.681846801E0,2.039711133E0,3.422697697E0
3.328601667E0,2.875524418E0,-4.405350745E-2,1.207730699E-1,2.878396693E0
3.338570667E0,2.860348847E0,-4.165638877E0,1.630203139E0,5.309586147E0
3.348540667E0,3.975087035E-1,-2.710463367E0,3.516873928E0,4.457917345E0
3.358510667E0,1.062593597E0,-2.837849638E-1,2.045104020E0,2.322087318E0
3.368480667E0,-3.802746932E-1,-2.394635954E0,1.654529895E0,2.935363584E0
3.378450667E0,7.894139472E-1,-1.297651227E0,1.012843001E-1,1.522278423E0
3.388420667E0,1.342890550E0,1.294828484E0,2.002810525E0,2.737003075E0
3.398390667E0,2.591894990E0,-9.617883298E-1,8.584963882E-1,2.894818212E0
3.408360667E0,3.471492810E0,1.930326685E-1,-3.686084747E0,5.067123909E0
3.418330667E0,-4.023980356E-1,-1.011837572E0,-2.117114820E0,2.380738249E0
3.428299667E0,-1.461735208E0,-3.095582332E0,-2.403945306E0,4.183091301E0
3.438269667E0,3.135310654E-1,-4.920989796E0,-4.404385954E-1,4.950598798E0
3.448239667E0,-5.499218247E-1,-1.736280987E0,2.208288699E0,2.862450813E0
3.458209667E0,-1.462243916E-1,2.926950972E0,2.727285222E0,4.003312159E0
3.468179667E0,-1.774282480E0,1.830336959E0,6.304643333E0,6.800495515E0
3.478150000E0,-1.860001199E0,3.647522945E0,-2.568902276E0,4.833558420E0
3.488120000E0,9.970723294E-2,-7.983378947E-2,-2.808959715E0,2.811862309E0
3.498090000E0,5.775680451E-1,-3.057291841E0,5.089124728E0,5.964881285E0
3.508060000E0,3.080091596E0,2.780639895E0,2.439323884E0,4.813441958E0
3.518029000E0,1.603656488E0,1.164939313E0,1.627818060E0,2.564876092E0
3.527999000E0,-1.363299233E0,-2.787305429E0,2.753259138E0,4.148263762E0
3.537969000E0,-1.165635058E0,2.450397341E0,-2.835267507E0,3.924524692E0
3.547939000E0,4.820099233E-1,2.941461130E0,-5.020243358E0,5.838439048E0
3.557909000E0,2.230309021E0,-2.833850142E0,-2.426214427E0,4.346435483E0
3.567879000E0,-5.962870654E-1,-2.950778960E0,-6.751855928E0,7.392578252E0
3.577849000E0,2.085425104E0,7.544735447E-1,-6.796376043E0,7.149052770E0
3.587819000E0,-1.780857235E-1,-1.205785038E0,1.820272731E0,2.190667683E0
3.597789000E0,-1.767433490E0,9.270973840E-1,4.081334306E0,4.543194957E0
3.607758000E0,1.414481081E0,7.387322554E-1,5.133241385E0,5.375560361E0
3.617728000E0,6.141001694E-2,1.956901696E0,-1.303613341E-1,1.962200172E0
3.627698000E0,-9.889963013E-1,-1.425685077E0,1.482405408E0,2.282151927E0
3.637668000E0,-5.495160280E-1,-7.756708708E-1,3.214407402E0,3.352021496E0
3.647638000E0,8.107225898E-1,-1.139862067E0,2.437744551E0,2.810543568E0
3.657608000E0,4.142499763E-1,5.560596836E-1,-2.948460832E0,3.028898594E0
3.667578000E0,1.240078957E0,1.518656391E0,-2.858110240E0,3.465964108E0
3.677548000E0,1.541363468E0,-5.589637032E-1,6.205322528E-1,1.753083580E0
3.687518000E0,2.307997760E0,-4.181676912E0,3.170680169E0,5.732930158E0
3.697487000E0,1.687863117E-1,1.138460197E0,4.298381197E0,4.449793406E0
3.707457000E0,-1.199851210E-1,6.583633872E0,-2.756249989E0,7.138315305E0
3.717427000E0,-4.869941630E-1,4.225458232E0,-3.991584224E0,5.833044248E0
3.727397000E0,-1.790118786E0,-2.483610988E0,-2.696269251E0,4.079548588E0
3.737367000E0,1.864336471E0,-2.331246874E0,-2.117442849E0,3.659785060E0
3.747337000E0,6.069888588E-2,1.400221330E0,4.455694687E0,4.670922743E0
3.757307000E0,-5.040361288E-1,5.414380192E0,3.912907013E0,6.699284034E0
3.767277000E0,2.832117905E-1,2.281466311E0,3.592517602E-1,2.326877580E0
3.777247000E0,-9.857570169E-1,5.740334398E-1,-1.794259053E0,2.126169522E0
3.787216000E0,-1.608473424E0,-3.706196246E-1,-3.210799085E0,3.610232185E0
3.797186000E0,-1.473348510E-1,-4.667515336E0,1.325715816E0,4.854372194E0
3.807156000E0,1.007238664E0,-7.412685437E0,5.582915658E0,9.334419229E0
3.817126000E0,6.975288270E-1,1.770017374E0,-3.730335891E0,4.187471054E0
3.827096000E0,8.235849293E-1,4.425083928E0,-5.042134749E0,6.758903959E0
3.837066000E0,-1.571628072E0,-4.379313093E0,1.392051893E0,4.856563233E0
3.847036000E0,2.946362266E-1,-3.081407220E0,-2.787287595E0,4.165435523E0
3.857006000E0,2.121957484E-1,-4.246370506E0,-3.137253392E0,5.283847874E0
3.866976000E0,-2.588977522E-1,-5.959126098E0,3.845924819E0,7.097136719E0
3.876945000E0,2.019818906E0,-1.738880074E-1,4.736979674E0,5.152560711E0
3.886915000E0,-9.787027898E-1,3.640137619E0,1.383166464E0,4.015172537E0
3.896885000E0,1.527704665E0,6.578412893E-1,-2.047903667E0,2.638284695E0
3.906855000E0,-2.180802400E-1,-1.154722180E0,-1.688276516E0,2.056992926E0
3.916825000E0,4.198311071E-1,-2.416092896E0,1.126895281E0,2.698824933E0
3.926795000E0,-4.327258256E-1,-3.069663087E0,5.292440017E0,6.133514853E0
3.936765000E0,1.719259742E-1,3.036514345E0,2.549311180E0,3.968496617E0
3.946735000E0,1.004457728E0,4.445744480E0,-5.692118257E-1,4.593210360E0
3.956705000E0,1.896913210E0,1.238187968E0,7.206091028E-1,2.377113091E0
3.966674000E0,1.429785730E0,-2.447299194E0,-1.365085704E0,3.145952885E0
3.976644000E0,2.841462632E0,-3.545511836E0,-3.331942284E0,5.634394684E0
3.986614000E0,1.027235703E0,-2.149420102E0,-2.924932805E0,3.772327117E0
3.996584000E0,2.590494143E-1,-2.943741544E0,2.095642090E-1,2.962539119E0
4.006554000E0,1.168316153E0,2.922320269E0,2.212118041E0,3.846866857E0
4.016524000E0,1.177072577E0,1.929450480E0,2.513081832E0,3.379920014E0
4.026494000E0,5.512107338E-1,-2.702524895E0,4.257198672E0,5.072594466E0
4.036464000E0,3.392685353E-1,-1.277975639E0,1.168224571E0,1.764390411E0
4.046433000E0,4.807001104E-1,1.068708761E0,-1.162643988E0,1.650742880E0
4.056403000E0,-1.544748421E0,-1.265504113E-1,3.775178772E0,4.080960359E0
4.066373000E0,-1.323333514E0,1.496377037E0,2.264419046E0,3.019594252E0
4.076343000E0,-4.963599772E-1,1.588169845E0,5.095673025E-1,1.740205597E0
4.086313000E0,4.222249572E-1,1.599595889E0,-2.040543192E0,2.626936893E0
4.096283000E0,1.423487986E0,-2.215897389E0,-2.397312809E0,3.561408147E0
4.106253000E0,2.245672873E0,-7.265101129E-1,-2.537293398E0,3.465360209E0
4.116223000E0,1.964672938E0,1.112694148E0,-5.339536416E0,5.797299126E0
4.126193000E0,1.579108122E0,7.325008777E-1,-2.455124815E0,3.009614237E0
4.136162000E0,-3.282669260E-1,2.020371175E0,5.467095764E0,5.837704596E0
4.146132000E0,-1.038241478E0,5.792231360E-1,4.325423400E0,4.485836867E0
4.156102000E0,1.394319443E0,1.171904808E0,2.649131922E0,3.214869753E0
4.166072000E0,3.225994537E0,4.829898362E0,-2.973105091E0,6.524899450E0
4.176042000E0,4.151333079E0,9.692762741E-1,-5.069811959E0,6.623900371E0
4.186012000E0,1.977894077E0,-1.445411536E0,-7.960009965E0,8.328447522E0
4.195982000E0,4.559004609E-1,-1.577521480E0,-6.105878931E0,6.322829807E0
4.205952000E0,-7.643345084E-1,2.414470294E-1,1.676984373E0,1.858703983E0
4.215922000E0,-7.325345723E-1,-1.440959174E0,1.054828699E1,1.067142580E1
4.225891000E0,2.058563580E0,-1.039527062E0,7.598603505E0,7.940848554E0
4.235861000E0,1.724389504E0,1.546563105E0,7.357253247E-1,2.430363831E0
4.245831000E0,1.230635850E0,1.664102957E0,-3.350290262E0,3.938038609E0
4.255801000E0,1.255891583E0,-7.411225972E-1,-1.377097639E0,2.005722882E0
4.265771000E0,4.934257713E-1,-8.330449203E-1,-1.069555146E0,1.442699220E0
4.275741000E0,-1.695382637E0,-1.685839104E0,1.372885305E0,2.757025540E0
4.285711000E0,-6.136475949E-1,6.426496384E-1,1.154392397E0,1.456771683E0
4.295681000E0,1.754940621E0,2.161185577E0,2.737976271E-1,2.797410378E0
4.305651000E0,9.840983080E-1,-1.717317005E0,-8.705276191E-2,1.981213102E0
4.315620000E0,1.448296480E-1,-3.960798633E0,3.441881633E-1,3.978362343E0
4.325590000E0,-1.560043276E0,-3.060994005E0,3.701592148E0,5.050267691E0
4.335560000E0,-1.282287084E0,2.093744961E0,1.861820707E0,3.081299153E0
4.345530000E0,4.439728718E-2,5.051161095E-1,3.804615995E0,3.838256931E0
4.355500000E0,-1.575597308E0,2.544638085E-1,6.664235401E-1,1.729560361E0
4.365470000E0,-1.167118497E0,2.981398197E0,-4.044619054E0,5.158473039E0
4.375440000E0,-1.040648704E0,-2.049557844E0,-8.823202837E-1,2.462138535E0
4.385410000E0,-4.935506678E0,-3.123347251E0,7.709056824E-1,5.891419166E0
4.395380000E0,-1.118755884E0,7.574225879E-1,4.135618102E0,4.350705781E0
4.405349000E0,-9.426480541E-1,-2.680766528E0,8.934464241E0,9.375486430E0
4.415319000E0,3.882345444E-1,-5.331429836E-1,1.532566917E0,1.668451035E0
4.425289000E0,2.585603971E0,-1.673338634E-1,-9.305036795E-1,2.753032076E0
4.435259000E0,-7.102818237E-1,-3.023639653E0,1.019107123E0,3.268864688E0
4.445229000E0,-9.889338823E-1,1.164296411E0,-1.271356591E0,1.987441556E0
4.455199000E0,7.898812129E-1,3.061112704E0,-5.179210441E0,6.067828615E0
4.465169000E0,-1.289372593E0,-1.360174627E0,-3.483761730E0,3.955900971E0
4.475138875E0,-5.879083343E-1,1.091925131E0,1.022672170E-1,1.244345324E0
4.485108875E0,7.850098975E-2,2.943611443E0,-4.934400970E-1,2.985714967E0
4.495077875E0,3.091026036E-1,-9.469027805E-1,-4.601158209E0,4.707741089E0
4.505047875E0,2.520534035E-1,-4.608334497E0,-7.891010481E0,9.141571209E0
4.515017875E0,-6.679752450E-1,-2.318159636E0,-1.702879352E0,2.952939741E0
4.524987875E0,1.947045775E0,-4.142679784E0,7.940104873E0,9.165044923E0
4.534957875E0,1.467209225E0,1.173648740E0,5.714027190E0,6.015002993E0
4.544927875E0,1.607229429E0,5.773143125E0,-4.105576862E0,7.264167491E0
4.554897875E0,1.367426637E0,-7.446654251E-1,-5.123674171E0,5.355036808E0
4.564867875E0,-8.801106209E-1,-2.619670434E0,-1.688504557E0,3.238566894E0
4.574836875E0,-1.005351841E0,-1.086970200E0,3.873935321E0,4.147241422E0
4.584806875E0,6.377727681E-1,9.895702055E-1,4.269532789E0,4.428872716E0
4.594776875E0,-1.997186673E-1,1.435193235E0,2.387236887E0,2.792591471E0
4.604746875E0,3.495697359E0,3.293962864E0,-1.935431889E0,5.178415585E0
4.614716875E0,2.256651605E0,2.667256244E0,2.868836957E-1,3.505571935E0
4.624686875E0,-1.429662207E0,-8.299993980E-1,1.082649985E0,1.976098180E0
4.634656875E0,7.748137421E-1,4.866292602E-1,-4.084856669E0,4.186071951E0
4.644626875E0,-8.283374000E-2,8.363395339E-1,-3.014879354E0,3.129827913E0
4.654596875E0,-4.168348476E-1,-1.933440035E0,3.452297278E0,3.978730722E0
4.664565875E0,-1.621786657E0,-3.073080200E0,3.215271621E0,4.734129854E0
4.674535875E0,-1.280443018E0,-1.396365676E0,4.538649720E-1,1.948169612E0
4.684505875E0,3.151195200E0,2.936036083E-1,-1.430945233E0,3.473303691E0
4.694475875E0,1.546262558E0,-1.281785977E0,-1.843299066E0,2.726106131E0
4.704445875E0,1.129428587E0,-3.826593047E0,2.346471269E0,4.628644585E0
4.714415875E0,-6.385638964E-1,-2.509421183E0,3.213139141E0,4.126647751E0
4.724385875E0,-2.542973091E0,2.642646775E0,-7.400060713E-1,3.741377167E0
4.734355875E0,-3.087646784E0,-1.505898936E0,1.413303598E0,3.714663016E0
4.744324875E0,-1.969698620E0,-1.785824445E0,2.514219700E0,3.659259802E0
4.754294875E0,-7.570708048E-1,-1.903334184E0,-8.042459214E-1,2.200601900E0
4.764264875E0,-2.072562983E0,-7.895623934E-1,-1.128889182E0,2.488637555E0
4.774234875E0,-1.911425561E0,3.027118454E0,-1.800948268E0,4.007543945E0
4.784204875E0,-5.496130552E-1,2.826391726E0,-1.755577383E0,3.372331041E0
4.794174875E0,-4.836169574E-1,1.326848129E0,-1.841975257E0,2.321052383E0
4.804144875E0,1.378667909E0,-2.933458338E0,-4.354766482E-1,3.270404093E0
4.814114875E0,6.341086835E-1,-4.140873872E0,4.899317091E0,6.446102559E0
4.824084875E0,-8.840084479E-1,5.297556916E-1,4.348186610E0,4.468650672E0
4.834054875E0,1.648787637E0,4.329212396E0,-1.024239809E0,4.744433351E0
4.844023875E0,3.833227883E0,1.294552203E0,1.597581523E0,4.349915876E0
4.853993875E0,-2.318435624E-1,-7.918331596E-1,-2.020060980E0,2.182062683E0
4.863963875E0,-5.691684467E-1,1.515126719E0,-5.301893796E0,5.543432106E0
4.873933875E0,5.498609406E-1,-2.748396009E-1,-5.464339387E0,5.498807943E0
4.883903875E0,3.352729136E-1,-2.399718646E0,-7.074680704E0,7.478112367E0
4.893873875E0,7.137152356E-1,-5.057328154E0,-2.903989248E0,5.875296677E0
4.903843875E0,-1.503411092E0,-3.566422648E0,1.414413400E0,4.120701480E0
4.913813875E0,-1.349830464E0,-1.276979274E0,8.528894346E0,8.728960827E0
4.923782875E0,-1.841184859E0,-1.514920312E0,1.209772195E1,1.233044288E1
4.933752875E0,8.652706799E-1,2.344911232E0,3.336469198E0,4.168852210E0
4.943722875E0,1.539778727E0,5.648269987E-1,-6.572749865E-1,1.766906470E0
4.953692875E0,8.823300777E-1,-2.016703217E0,-3.162715677E0,3.853358105E0
4.963662875E0,3.489999467E-1,-3.568120095E-1,-2.906742702E0,2.949282779E0
4.973632875E0,-7.026639249E-1,4.715574771E-2,1.953938912E0,2.076977979E0
4.983602875E0,5.255493143E-1,-2.537165344E-2,-5.732814878E-1,7.781371774E-1
4.993572875E0,4.205865674E-2,5.815751785E-1,-2.789076258E0,2.849376246E0
5.003542875E0,1.290748151E0,1.716112478E0,1.669923860E-1,2.153824339E0
5.013511875E0,1.618436787E0,-8.793013662E-2,1.404838584E0,2.144910439E0
5.023481875E0,-2.217265052E0,-1.705723438E0,-1.414562504E0,3.134763761E0
5.033451875E0,-1.950184707E0,9.195009738E-1,-2.167137165E0,3.056989683E0
5.043421875E0,7.163993999E-1,2.070108176E0,-3.931582435E0,4.500657331E0
5.053391875E0,1.974848701E0,6.213029158E-1,-2.846114677E-1,2.089748404E0
5.063361875E0,-6.860265864E-2,-3.552125037E-2,2.484257982E0,2.485458873E0
5.073331875E0,7.714040845E-1,5.650567943E-1,1.459032918E0,1.744457078E0
5.083301875E0,3.631487468E-1,2.861063961E0,-3.349959894E0,4.420384067E0
5.093270875E0,-2.454458123E-1,1.847229565E0,-1.008597922E-1,1.866192222E0
5.103240875E0,7.439144965E-1,-4.684759945E-1,1.204409480E-1,8.873469205E-1
5.113210875E0,4.808398223E-1,-3.932356022E0,-5.187649727E-2,3.961984602E0
5.123180875E0,-1.638269592E-1,-3.677091437E0,2.788987380E0,4.618039770E0
5.133150875E0,-2.925970467E-1,1.293044499E0,-4.293452579E-1,1.393525908E0
5.143120875E0,2.201860782E-1,1.457779275E0,5.141801709E-1,1.561404358E0
5.153090875E0,9.718365506E-1,-7.608706909E-1,-2.276911622E-1,1.255083166E0
5.163060875E0,-2.372424245E-1,-2.955940005E-1,-6.588151431E-1,7.600639275E-1
5.173029875E0,-8.043485400E-1,-1.013211083E0,1.831291809E0,2.242142494E0
5.182999875E0,-1.846009689E0,1.720352879E0,5.227963940E0,5.805081632E0
5.192969875E0,1.349849906E0,4.086947048E0,6.774081194E-1,4.357076165E0
5.202939875E0,2.994246869E0,-7.946468398E-1,-1.470150229E0,3.429040625E0
5.212909875E0,4.401194105E-1,-1.590598486E0,-4.814986208E0,5.089970611E0
5.222879875E0,-1.172243362E0,-2.720919943E-1,-3.137955642E0,3.360796657E0
5.232849875E0,-2.745703659E0,-2.939080144E0,3.062090943E0,5.055045164E0
5.242819875E0,-2.491420237E0,-9.530926430E-1,1.509741141E0,3.065106637E0
5.252789875E0,-1.493533683E0,1.111802156E0,-3.011082172E-1,1.886110562E0
5.262758875E0,-1.962512867E-1,-1.875274858E0,1.330719278E0,2.307809385E0
5.272728875E0,-7.886785137E-1,-1.271180005E0,4.090872284E0,4.355817770E0
5.282698875E0,-1.125159097E0,-1.227353954E-1,1.675846505E0,2.022253317E0
5.292668875E0,1.394533597E0,1.116069454E0,-2.579356513E0,3.137421712E0
5.302638875E0,1.082695210E-1,9.455897883E-1,-3.366105226E0,3.498074718E0
5.312608875E0,-9.635800628E-1,-2.581314453E0,-8.566118306E-1,2.885386399E0
5.322578875E0,3.105442529E-2,-2.344914448E0,-8.561750436E-1,2.496522351E0
5.332548875E0,-9.571544114E-1,-3.518968400E-1,1.240953408E0,1.606219573E0
5.342517875E0,-8.480411463E-2,-1.364042560E0,-1.354204035E0,1.923973080E0
5.352487875E0,9.988413314E-1,1.116367954E-1,1.943800424E0,2.188265722E0
5.362457875E0,2.445554641E-1,-7.275506249E-1,5.012675307E0,5.071099587E0
5.372427875E0,-2.137885007E0,-3.507699939E0,1.525986460E0,4.382139414E0
5.382397875E0,5.985074725E-1,2.546702152E-1,2.466104717E0,2.550439293E0
5.392367875E0,1.327844056E0,3.119170293E0,3.336900723E-1,3.406426605E0
5.402337875E0,-1.172881878E0,4.533469087E-1,-6.149584529E0,6.276827639E0
5.412307875E0,-1.727625646E0,-5.178890598E-1,-4.521781672E0,4.868203872E0
5.422277875E0,-2.396463794E0,-1.385511490E0,-3.001551211E0,4.083134883E0
5.432246875E0,1.859183430E-1,-1.678397645E0,1.082904924E0,2.006057666E0
5.442216875E0,-5.785536298E-1,-2.394806108E-1,3.754101314E0,3.805962683E0
5.452186875E0,-2.509969030E-1,3.493020796E0,3.100380850E-1,3.515724298E0
5.462156875E0,-8.272440438E-1,3.647405416E-1,1.521046733E0,1.769449500E0
5.472126917E0,-3.057629846E-1,-1.958136335E0,2.121135950E-2,1.981978515E0
5.482096917E0,3.713012089E-2,3.433075726E-1,-2.359816954E0,2.384947545E0
5.492066917E0,6.464517172E-1,9.592906916E-1,-1.771315749E0,2.115584537E0
5.502036917E0,1.569411831E0,9.209791499E-1,-3.867284113E-1,1.860326572E0
5.512005917E0,-6.450193687E-1,1.695011046E0,1.387103394E0,2.283236356E0
5.521975917E0,-1.286475298E0,-2.294108284E-1,1.714794808E0,2.155961329E0
5.531945917E0,-1.091173983E0,1.059604939E0,1.335536799E0,2.024124954E0
5.541915917E0,-3.853385282E-1,-1.534572512E-1,4.050050533E-1,5.797102745E-1
5.551885917E0,6.482802878E-1,-1.836327724E0,2.413566899E-1,1.962299644E0
5.561855917E0,8.519780584E-2,-2.959451258E-2,-1.026718444E-1,1.366601951E-1
5.571825917E0,-2.586836162E-1,-1.360638312E-1,9.703547931E-1,1.013419461E0
5.581795917E0,2.918630201E-1,1.464654723E0,-3.305594730E-1,1.529597021E0
5.591764917E0,2.014870992E0,5.349693614E-1,-5.598398500E0,5.973940333E0
5.601734917E0,1.377358425E0,-3.710622588E-1,-5.408493215E-1,1.525556101E0
5.611704917E0,5.438789466E-1,-2.988546419E0,5.148340650E0,5.977677263E0
5.621674917E0,-1.307937211E0,-1.495432127E0,2.614521668E0,3.283708353E0
5.631644917E0,4.752081862E-1,2.780363614E0,1.536818427E0,3.212173023E0
5.641614917E0,-2.257258400E0,2.196998311E0,-5.340484250E-1,3.194874767E0
5.651584917E0,-2.547794705E0,-2.230309314E-1,-4.286294417E0,4.991324522E0
5.661554917E0,-2.127507588E-1,-2.041326719E0,-3.849350703E-1,2.088169693E0
5.671524917E0,-1.800302005E0,-3.540510712E0,1.217853983E0,4.154452038E0
5.681493917E0,-2.547011141E-1,1.201838167E0,-1.180367483E0,1.703688655E0
5.691463917E0,-9.747158658E-1,3.642429435E0,-3.533267766E-1,3.787110115E0
5.701433917E0,-1.063582799E0,5.987469891E-1,-5.841193020E-1,1.353108158E0
5.711403917E0,1.867659152E0,3.652317077E-2,-8.075741565E-1,2.035107041E0
5.721373917E0,-1.112287328E0,-4.749674563E0,4.851576329E0,6.879998869E0
5.731343917E0,6.229851963E-2,-7.165122512E-1,6.419962120E-1,9.640695244E-1
5.741313917E0,-1.345293610E0,2.784799604E0,-1.629596198E0,3.495784247E0
5.751283917E0,-8.447302884E-1,-5.620045477E-1,-1.249044201E0,1.609201599E0
5.761252917E0,-6.052578637E-1,2.896599537E-1,-2.878686007E0,2.955854039E0
5.771222917E0,-4.022007287E-1,-1.866983798E0,6.057376277E-1,2.003574806E0
5.781192917E0,-1.558283118E0,-8.921319115E-1,5.877363896E-1,1.889333133E0
5.791162917E0,-2.164373917E0,1.105212344E0,-1.680219052E0,2.954512623E0
5.801132917E0,-3.205299998E-1,-1.755974994E0,-1.150304609E0,2.123532047E0
5.811102917E0,-6.699177631E-1,-3.672715381E0,2.280911118E0,4.374949555E0
5.821072917E0,-1.453268623E-1,-2.367165442E0,3.081689640E0,3.888624843E0
5.831042917E0,2.712387576E-1,-1.443718183E0,6.849112081E0,7.004871801E0
5.841012917E0,-1.473484019E0,-3.022121716E-1,3.221341031E0,3.555211018E0
5.850981917E0,1.995996947E-1,-3.703266791E-1,-3.394910365E0,3.420876828E0
5.860951917E0,4.296751139E-1,1.234755068E0,-1.920851857E0,2.323556033E0
5.870921917E0,-7.393675554E-1,2.234504691E-1,-2.293379136E0,2.419955031E0
5.880891917E0,-7.814122153E-2,-3.559261856E0,8.618918663E-1,3.662964455E0
5.890861917E0,-8.541027904E-1,6.300705233E-1,2.260491471E0,2.497258924E0
5.900831917E0,4.684373298E-1,1.034649607E0,2.034774914E0,2.330288027E0
5.910801917E0,4.707784818E-1,-2.495099597E0,1.241154553E0,2.826237606E0
5.920771917E0,1.622726414E-1,2.447182542E-1,-3.308237672E-1,4.423390092E-1
5.930740917E0,-2.952139680E-1,8.951628157E-1,2.582633293E-1,9.773268137E-1
5.940710917E0,1.768074674E-1,1.500938743E0,-1.657727153E0,2.243242587E0
5.950680917E0,6.072892961E-1,3.208453183E0,3.902501893E-1,3.288657374E0
5.960650917E0,6.073181301E-1,5.257874787E-1,1.799291752E0,1.970466593E0
5.970620917E0,4.652283047E-1,-1.622778052E0,-7.867598230E-1,1.862481410E0
5.980590917E0,1.399430494E0,4.872937670E0,-2.785812342E0,5.784866260E0
5.990560917E0,5.899144044E-1,2.974670976E0,6.665673816E-1,3.104992511E0
6.000530917E0,1.701249221E-1,-8.939808011E-2,1.746454557E0,1.756996877E0
6.010499917E0,2.293810806E0,-5.791482916E-1,2.663010288E0,3.562106758E0
6.020469917E0,2.172218140E-1,2.348713676E0,-2.750679347E0,3.623517368E0
6.030439917E0,6.181225421E-1,4.288085712E0,-5.971809293E0,7.377822225E0
6.040409917E0,2.964697490E-1,2.448745795E0,-3.588954894E0,4.354864810E0
6.050379917E0,-2.278815914E0,-1.490547948E0,-4.499996116E0,5.259724347E0
6.060349917E0,3.166756980E-1,-4.494899391E0,1.805172881E0,4.854178938E0
6.070319917E0,2.375480183E0,-9.413359389E-1,3.887902565E0,4.652397855E0
6.080289917E0,4.709264164E-1,1.094852247E0,2.951814795E0,3.183344737E0
6.090258917E0,1.918981625E0,7.531734163E-1,-7.719195896E-1,2.201277022E0
6.100228917E0,1.463704551E0,-3.063085847E0,-3.860606008E0,5.140934221E0
6.110198917E0,2.027542493E0,-7.576158968E0,-9.469320166E-1,7.899733762E0
6.120168917E0,2.849509863E0,-2.416869114E0,-6.502630055E-2,3.737002970E0
6.130138917E0,-2.282763406E-1,-1.161983545E0,3.843766612E-1,1.245014564E0
6.140108917E0,6.694997603E-1,-6.195271164E-1,4.693940073E-1,1.025853065E0
6.150078917E0,-1.464335027E0,-3.522283772E-1,3.891955270E0,4.173207127E0
6.160048917E0,1.091336682E0,5.390752763E-2,3.873696755E0,4.024853826E0
6.170018917E0,7.333253351E-1,-6.309516987E-1,3.070470588E0,3.219263227E0
6.179987917E0,-2.803045548E-1,7.813985109E-2,4.631933275E0,4.641064785E0
6.189957917E0,-8.686330482E-1,1.799658665E0,-1.622316999E0,2.573947771E0
6.199927917E0,-1.107151865E0,-2.238937757E0,-4.670931280E-1,2.541024109E0
6.209897917E0,-1.291107170E0,-6.740459704E-1,-2.211715752E0,2.648203592E0
6.219867917E0,-1.227853891E0,1.833024339E0,-5.608134699E0,6.026506302E0
6.229837917E0,-7.549992093E-1,-3.315330929E0,3.215088018E0,4.679554887E0
6.239807917E0,-1.483024190E0,-1.186695340E0,2.060645335E0,2.802474937E0
6.249777917E0,7.610104394E-1,1.728505067E0,3.508539891E-1,1.920928207E0
6.259746917E0,-6.187205661E-2,-1.865230803E0,4.287867318E0,4.676400351E0
6.269716917E0,-1.290946956E0,-7.573781490E-1,1.906043199E0,2.423461652E0
6.279686917E0,2.558307779E-1,9.789408445E-3,3.546728057E-1,4.374220142E-1
6.289656917E0,7.026816858E-1,-6.999008963E-1,1.283338121E0,1.621906146E0
6.299626917E0,2.301876310E0,-1.607056351E0,-9.885004574E-1,2.976306069E0
6.309596917E0,2.600527234E0,-4.287663835E-1,-3.132194381E0,4.093558861E0
6.319566917E0,1.156579987E0,4.386797529E-1,-2.760942965E0,3.025379851E0
6.329536917E0,7.517013797E-1,3.367834248E0,-2.412659996E0,4.210497684E0
6.339505917E0,1.949389339E-1,9.815054333E-1,-5.462087039E0,5.552994591E0
6.349475917E0,-6.062446910E-1,-2.729675564E0,2.356710913E0,3.656876760E0
6.359445917E0,-3.899049112E-1,-4.243212132E0,8.345515723E0,9.370405953E0
6.369415917E0,1.308444310E0,-3.377269900E-1,2.239826826E0,2.615895687E0
6.379385917E0,2.602990959E0,4.250383742E0,-4.136847187E0,6.477254707E0
6.389355917E0,-5.276942557E-1,2.457611344E0,-5.876448807E0,6.391475990E0
6.399325917E0,-7.350194196E-1,7.841855863E-1,2.594392043E-1,1.105671417E0
6.409295917E0,-2.155534389E-1,8.614474779E-1,4.970723873E-1,1.017662027E0
6.419265917E0,5.667828923E-1,2.328074467E0,-8.087927163E-1,2.528896840E0
6.429234917E0,2.290171646E-2,4.219692292E0,-9.852418041E-1,4.333246928E0
6.439204917E0,-3.238898465E-1,1.280813585E0,-2.030525742E0,2.422482789E0
6.449174917E0,7.499565706E-3,-2.624803412E0,-3.726191384E0,4.557866982E0
6.459144917E0,1.321782394E0,-6.906731129E-1,-3.734172834E0,4.020968142E0
6.469114917E0,6.195701665E-1,-1.190560057E0,3.101207061E0,3.379169377E0
6.479084375E0,-5.672572477E-1,-1.533194908E0,8.265503009E0,8.425616144E0
6.489054375E0,1.224403303E0,1.210079233E0,1.409968931E0,2.225189337E0
6.499024375E0,1.574263850E0,2.276817482E0,-5.546978670E-1,2.823100112E0
6.508993375E0,1.364940693E0,-1.133490063E0,-2.771607116E0,3.290846217E0
6.518963375E0,2.209579911E0,-1.299631387E-2,-3.472230436E0,4.115676917E0
6.528933375E0,1.789910187E-1,-2.424305311E0,9.365046769E-1,2.605059507E0
6.538903375E0,-1.693570731E-1,-3.784713534E0,3.099175154E0,4.894652694E0
6.548873375E0,2.613428239E0,4.869976348E-1,2.419794184E0,3.594798708E0
6.558843375E0,2.500323792E0,-9.326735812E-1,8.457418567E-1,2.799424649E0
6.568813375E0,1.591845405E0,-1.593456897E0,1.127404574E0,2.518753213E0
6.578783375E0,8.037334129E-2,-1.570558324E0,-2.503787683E0,2.956698510E0
6.588753375E0,4.660929617E-1,3.069299975E-1,-3.345804278E0,3.392028146E0
6.598722375E0,8.998062359E-1,-2.025560287E0,-1.379582705E0,2.610707601E0
6.608692375E0,-1.464163849E0,-2.349449841E0,9.116832465E-1,2.914593741E0
6.618662375E0,-1.494544812E0,-2.498850001E0,2.129777550E0,3.607473900E0
6.628632375E0,-8.449546753E-1,-1.115034789E0,4.004513587E0,4.241860447E0
6.638602375E0,3.355041710E-1,1.998138599E0,7.583517104E-1,2.163381203E0
6.648572375E0,3.364009584E0,2.618956196E-1,3.817348891E-1,3.395713669E0
6.658542375E0,1.111155600E0,-1.137252747E0,2.874367254E0,3.284813189E0
6.668512375E0,8.067960383E-1,5.897899318E-1,1.682702365E0,1.957104816E0
6.678481375E0,6.853214487E-1,7.282625234E-1,3.400337166E-1,1.056245577E0
6.688451375E0,-9.362350472E-1,5.028818884E-1,1.823648914E0,2.110715902E0
6.698421375E0,-6.794515751E-2,-1.218865551E0,-7.729504538E-1,1.444888293E0
6.708391375E0,-1.331944855E0,2.662810314E-1,-1.252198774E-1,1.364061106E0
6.718361375E0,-2.026547589E0,3.223099873E0,-1.735594524E0,4.184203182E0
6.728331375E0,-3.691146974E-1,3.942999709E-1,-3.181399870E0,3.226921638E0
6.738301375E0,9.800598554E-2,-1.246487213E0,5.103654474E-1,1.350484519E0
6.748271375E0,-1.716800988E0,5.123622715E-1,-3.955601043E0,4.342430234E0
6.758240375E0,-8.447686607E-1,-8.945941740E-1,-5.199490339E-1,1.335769375E0
6.768210375E0,2.002130494E-1,1.041003484E0,-3.683886779E0,3.833379099E0
6.778180375E0,8.711792913E-1,-2.023171407E0,4.530931395E-1,2.248881787E0
6.788150375E0,1.856838148E-1,-2.114137125E0,4.063393294E0,4.584235959E0
6.798120375E0,8.625398840E-1,8.531590497E-1,2.493292515E0,2.772789747E0
6.808090375E0,8.366041935E-1,2.397782633E0,1.960553282E0,3.208276376E0
6.818060375E0,6.759363753E-1,1.620424840E0,-1.030052526E0,2.035601841E0
6.828030375E0,-5.841284383E-1,-1.504822171E0,-3.243575653E0,3.623048277E0
6.837999375E0,1.459161264E0,-2.469444354E0,-3.489065740E0,4.516734080E0
6.847969375E0,4.482110068E-3,-2.379234388E0,-2.197754356E0,3.238965972E0
6.857939375E0,-3.225548175E-1,2.002601779E0,1.448924251E0,2.492756904E0
6.867909375E0,-4.598048660E-1,4.901797188E0,3.141842287E0,5.840394605E0
6.877879375E0,-2.547506729E0,2.959257423E0,4.643825927E0,6.067298762E0
6.887849375E0,-1.058803724E0,2.709172302E0,1.417032368E0,3.235530964E0
6.897819375E0,-2.558676519E-1,1.505835786E0,-3.554391418E0,3.868682982E0
6.907789375E0,-4.835653192E-1,-3.564325252E-1,-1.172384280E0,1.317332328E0
6.917759375E0,1.390355469E0,7.834158003E-1,-2.705497912E0,3.141106110E0
6.927728375E0,-7.694279814E-2,2.528134319E-1,-4.968917084E0,4.975939289E0
6.937698375E0,2.095541591E-1,-2.662415627E-1,1.728365026E0,1.761261814E0
6.947668375E0,-9.351953392E-1,1.366331453E0,1.600424439E0,2.302783174E0
6.957638375E0,-2.523876450E-1,-1.706891711E0,5.089679629E0,5.374199248E0
6.967608375E0,-1.337346074E0,-4.181595636E0,2.407018018E0,5.006792618E0
6.977578375E0,8.387668593E-1,6.656303653E-1,-1.902327878E0,2.182989918E0
6.987548375E0,3.051376797E-1,-7.160684475E-1,2.444908560E0,2.565821680E0
6.997518375E0,-1.606675844E0,2.785417655E-1,4.265754318E-1,1.685514575E0
7.007487375E0,5.961694999E-1,3.941751328E-1,-7.304721862E-1,1.021949961E0
7.017457375E0,-6.143975003E-1,-6.412872371E-1,-3.632120794E0,3.739122233E0
7.027427375E0,-1.748805576E0,-2.542065310E-1,-2.848534255E0,3.352176801E0
7.037397375E0,-8.704909278E-1,-3.519991955E0,-2.993499595E-1,3.638366147E0
7.047367375E0,-1.086551759E0,-1.965492133E0,1.220466519E0,2.556030628E0
7.057337375E0,-1.410049330E0,5.532907346E-1,2.108235823E0,2.595963797E0
7.067307375E0,-7.097179328E-1,-6.371368834E-1,1.619875202E0,1.879797495E0
7.077277375E0,-2.193351841E0,6.946711466E-1,1.665178844E0,2.840102266E0
7.087246375E0,-4.853424342E-1,-6.307821295E-1,-2.264256493E0,2.400062674E0
7.097216375E0,3.951469035E-1,-3.503111336E0,-5.749684095E-1,3.571906883E0
7.107186375E0,-3.066924544E-1,1.255708565E0,2.877198476E-1,1.324253364E0
7.117156375E0,-1.579861024E-1,1.195489845E0,4.450678945E0,4.611149385E0
7.127126375E0,7.150128789E-2,1.766108803E0,2.136307721E0,2.772735728E0
7.137096375E0,-6.349465165E-1,1.057128643E0,6.110124010E-1,1.376231885E0
7.147066375E0,-2.917597985E-1,-4.786942962E-1,2.250163534E0,2.318945437E0
7.157036375E0,4.751431359E-1,-7.113424355E-1,1.287105482E0,1.545448019E0
7.167005375E0,6.189885148E-1,6.460489172E-1,-1.782842950E0,1.994756869E0
7.176975375E0,1.687725160E-1,-2.810529985E0,-1.203226588E0,3.061913973E0
7.186945375E0,1.278796734E0,5.596981135E-1,-5.953506339E-1,1.517572220E0
7.196915375E0,1.309838798E-1,2.964585406E0,1.724188945E0,3.432018491E0
7.206885375E0,-9.474998543E-1,-5.862900808E-1,2.481457751E0,2.720133196E0
7.216855375E0,-6.510688249E-1,-1.594713464E0,3.641176377E0,4.028047549E0
7.226825375E0,8.976643277E-1,4.509448725E-1,-4.767644227E-1,1.111960808E0
7.236795375E0,1.386692481E0,8.168267906E-3,-7.408761370E-1,1.572221425E0
7.246765375E0,-3.393705327E-1,9.251201481E-2,-2.514058317E0,2.538546839E0
7.256734375E0,9.527807672E-2,-3.256019697E0,-8.625017309E-1,3.369666366E0
7.266704375E0,8.844681852E-1,-1.347478860E0,6.964624411E-1,1.755859670E0
7.276674375E0,-1.616410727E0,1.551320692E0,1.652154171E-1,2.246480728E0
7.286644375E0,3.093611601E-1,-1.174449517E0,-8.328230184E-1,1.472626964E0
7.296614375E0,1.771576973E-1,1.692672452E0,-2.552518963E0,3.067878409E0
7.306584375E0,-8.177897539E-2,2.283990554E0,-2.607384557E0,3.467240239E0
7.316554375E0,1.490364199E0,-1.507345245E0,-3.697683869E0,4.262175633E0
7.326524375E0,-1.229511577E0,-7.636212212E-1,5.640551662E-1,1.553375137E0
7.336493375E0,-1.600130946E-1,2.137694680E0,-2.111802040E0,3.009161111E0
7.346463375E0,2.361296592E0,-5.913602015E-1,-2.490966493E-1,2.446932288E0
7.356433375E0,-2.092503780E-1,1.863683045E-1,1.624189863E0,1.648184327E0
7.366403375E0,-4.121699024E-1,2.218612836E0,-3.649820316E-1,2.285900004E0
7.376373375E0,3.943531805E-1,1.975656932E0,5.404493719E-1,2.085861997E0
7.386343375E0,-8.735083835E-1,-3.839427978E-1,1.742780752E0,1.986885431E0
7.396313375E0,1.765879300E0,-9.027410996E-1,9.839472306E-1,2.213915840E0
7.406283375E0,1.280551630E0,-4.089604023E-1,8.273137718E-1,1.578451509E0
7.416252375E0,1.047222071E-1,-2.174684751E-1,-1.992950950E0,2.007514076E0
7.426222375E0,-5.052136484E-1,5.569355965E-2,-7.516431999E-1,9.073643717E-1
7.436192375E0,3.669505333E-1,1.006854283E0,-1.368886979E0,1.738464783E0
7.446162375E0,-1.092037397E0,-2.398400391E0,-1.596514991E0,3.081189743E0
7.456132375E0,-6.934082942E-1,-3.186033788E0,2.443297067E0,4.074472594E0
7.466102375E0,-5.538511171E-1,-2.224247213E0,9.521594274E-1,2.482062509E0
7.476072875E0,1.650401176E0,-6.638118812E-1,4.043700457E0,4.417689853E0
7.486042875E0,1.063324937E-1,-3.145480424E-1,2.556386896E0,2.577859777E0
7.496011875E0,2.089492281E-1,-8.069683850E-1,6.912402928E-1,1.082899301E0
7.505981875E0,3.982696821E-1,-4.357222897E0,1.185773819E0,4.533218467E0
7.515951875E0,6.078747120E-1,3.263448000E-2,-1.822259030E0,1.921250803E0
7.525921875E0,8.588754340E-1,-8.207783389E-1,2.162992659E0,2.467768493E0
7.535891875E0,-8.811143685E-1,-5.371310771E-1,2.928478557E-1,1.072675250E0
7.545861875E0,-1.787202634E0,-1.569769242E0,5.039224005E-1,2.431502933E0
7.555831875E0,-9.883930148E-1,-3.769169296E0,2.899330187E-1,3.907380080E0
7.565801875E0,6.826521948E-1,-2.497570631E0,2.535726929E-1,2.601571099E0
7.575770875E0,1.935346520E-1,2.324921648E0,-1.485002741E0,2.765492628E0
7.585740875E0,1.107915219E0,2.875615634E0,-2.046318487E0,3.699197313E0
7.595710875E0,-2.393492677E-1,-1.882543531E0,6.156556749E-1,1.995066447E0
7.605680875E0,-9.649144705E-2,1.069218931E0,-1.015992896E0,1.478100567E0
7.615650875E0,1.894141557E-1,2.266445691E0,-2.911501751E0,3.694522464E0
7.625620875E0,-2.974749036E-2,-5.535556135E-1,4.559261155E-1,7.177585619E-1
7.635590875E0,1.324654912E-1,-1.330827744E0,1.700943339E-1,1.348177167E0
7.645560875E0,-9.092801870E-1,1.354343199E0,-1.555371058E-1,1.638666455E0
7.655530875E0,1.059498300E-1,1.875158206E-1,-3.373849279E-1,4.002700826E-1
7.665499875E0,1.537964043E0,-7.354548910E-1,3.154874561E0,3.586009034E0
7.675469875E0,5.123633679E-2,2.056638238E-1,3.557184632E0,3.563493410E0
7.685439875E0,3.150737436E-1,1.242860478E0,-5.048509383E-1,1.377986974E0
7.695409875E0,1.942480415E0,-2.507093114E0,-2.063008195E0,3.783483693E0
7.705379875E0,1.153717921E0,-1.150219240E0,-7.087831092E-1,1.776638071E0
7.715349875E0,9.426566787E-1,3.571511480E-1,-3.065720310E0,3.227196860E0
7.725319875E0,1.808718341E0,-8.395134026E-1,-1.054229593E-1,1.996837197E0
7.735289875E0,1.054270816E0,4.282635230E-1,1.907399168E0,2.221051144E0
7.745258875E0,1.629601315E0,7.128472164E-1,1.612631087E0,2.400902043E0
7.755228875E0,1.243452070E0,3.191112095E-1,2.633550847E-1,1.310481177E0
7.765198875E0,5.608908724E-2,1.094282143E0,-2.058997005E0,2.332395348E0
7.775168875E0,-1.152215260E0,1.221541822E-2,7.964638621E-1,1.400751193E0
7.785138875E0,2.447213971E-1,4.813711515E-1,-1.064514846E0,1.193649280E0
7.795108875E0,-9.710345319E-1,2.365997461E0,-1.924639099E0,3.200794856E0
7.805078875E0,-2.149838616E0,2.045085602E0,1.224854854E0,3.210054611E0
7.815048875E0,-1.701914561E0,2.380119072E0,-3.313605416E-1,2.944703683E0
7.825017875E0,-2.926873131E-1,1.503144897E0,-1.906965889E0,2.445736974E0
7.834987875E0,-7.944437952E-1,1.034090321E0,-5.099200065E0,5.263299824E0
7.844957875E0,-1.257462145E0,-1.075632157E0,-1.729597619E0,2.393679909E0
7.854927875E0,1.402789135E0,-5.976328021E-1,3.193280243E0,3.538646780E0
7.864897875E0,2.679442719E-1,-2.902287709E0,8.270895311E0,8.769422862E0
7.874867875E0,-4.465824476E-1,6.883447516E-1,-8.126232272E-1,1.154820717E0
7.884837875E0,9.522351488E-1,4.184361661E0,-2.913567572E0,5.186955782E0
7.894807875E0,-1.125229848E0,3.896394476E-1,-1.422261533E0,1.854936381E0
7.904776875E0,8.632205730E-1,-4.888394785E0,-1.990493950E0,5.348235175E0
7.914746875E0,6.986803631E-1,-4.552844421E0,-2.501772147E-1,4.612931303E0
7.924716875E0,-9.635264146E-1,-1.612618515E0,5.502398329E0,5.814233311E0
7.934686875E0,-3.437600375E-1,1.162373847E-1,3.408392290E0,3.427655189E0
7.944656875E0,1.577175618E0,7.066380581E-1,9.242956907E-1,1.959883363E0
7.954626875E0,9.050318925E-1,-2.175294908E0,2.114126308E0,3.165520606E0
7.964596875E0,1.861780215E0,1.305070467E0,-1.411972772E0,2.676397131E0
7.974566875E0,-8.869163413E-1,-7.856356958E-1,-9.879052109E-1,1.542660283E0
7.984535875E0,3.804837312E-1,-1.557318473E0,-1.922579125E0,2.503261710E0
7.994505875E0,1.164968622E0,-2.878379613E-1,-2.080632872E0,2.401881706E0
8.004475875E0,-4.714516791E-2,-2.426080526E0,1.006485908E0,2.626995102E0
8.014445875E0,-1.651437303E0,-1.827066319E0,3.390543664E0,4.190608886E0
8.024415875E0,-5.838036986E-1,2.482673679E0,2.902086564E0,3.863496057E0
8.034385875E0,-3.975013214E-1,2.168917350E0,3.072032964E0,3.781480702E0
8.044355875E0,-1.415469845E0,-1.981716987E0,1.820945161E0,3.040821990E0
8.054325875E0,-2.072947584E-3,-1.897125610E0,3.511780418E0,3.991452315E0
8.064294875E0,-1.089540125E0,3.194214043E-1,-1.058239614E0,1.552094970E0
8.074264875E0,5.112622641E-1,-1.869065407E-1,-2.922714372E0,2.972975354E0
8.084234875E0,1.761015878E0,-4.121819258E-1,-3.895825542E0,4.295174911E0
8.094204875E0,-1.930069408E-1,-8.224328086E-1,-1.633042547E0,1.838606909E0
8.104174875E0,2.898322273E-1,-7.854930237E-1,-2.539723501E0,2.674172296E0
8.114144875E0,3.523241984E-1,6.619235229E-1,3.655749393E-1,8.342182731E-1
8.124114875E0,1.730684324E0,2.258866530E0,4.107546204E-1,2.875146186E0
8.134084875E0,-4.483687355E-1,4.096091509E-1,-1.961271320E0,2.053143777E0
8.144054875E0,1.051939677E-2,-1.011001128E0,-1.668373178E0,1.950821109E0
8.154023875E0,-1.635824506E0,-3.444649705E0,1.168585344E0,3.988373742E0
8.163993875E0,1.447670608E0,-1.466489872E0,6.763141054E-1,2.168811542E0
8.173963875E0,1.674807162E0,3.483648294E0,-5.364001751E-1,3.902372306E0
8.183933875E0,-2.982685535E-1,1.794835589E0,-1.855312171E0,2.598573103E0
8.193903875E0,1.146125750E0,-1.083916492E0,-5.152315003E-1,1.659500737E0
8.203873875E0,6.372612099E-1,1.185820889E0,6.016007227E-1,1.474515670E0
8.213843875E0,-8.582358216E-1,9.178824645E-1,-1.453005608E0,1.921015940E0
8.223813875E0,-2.551019152E0,-3.126402129E0,4.299864051E0,5.896687192E0
8.233782875E0,-6.852277471E-1,-2.579961115E0,6.582131723E0,7.102830030E0
8.243752875E0,2.433486317E0,5.151704553E0,-9.823731601E-1,5.781606393E0
8.253722875E0,-4.967104812E-1,4.104068280E0,-3.108473396E-1,4.145687376E0
8.263692875E0,8.704627150E-1,7.843341056E-1,-1.017170525E0,1.551618898E0
8.273662875E0,2.645624762E0,-4.320300069E-1,-3.751338505E0,4.610696356E0
8.283632875E0,2.249260139E0,1.728872857E0,-4.869409168E0,5.635540628E0
8.293602875E0,6.946253921E-1,2.811923961E0,-4.818200423E0,5.621785847E0
8.303572875E0,5.899760194E-1,-3.247254721E0,-7.315819877E-1,3.380524683E0
8.313541875E0,1.339380467E0,-6.283786315E0,4.468896530E0,7.826298402E0
8.323511875E0,-1.593136616E0,-1.897964978E0,5.765804869E0,6.275735903E0
8.333481875E0,-1.573895330E0,1.243899528E0,4.161908938E0,4.620164342E0
8.343451875E0,1.120797878E0,1.516797269E0,-1.150645502E0,2.209263884E0
8.353421875E0,-2.673432512E-1,-3.728533779E0,3.820864822E0,5.345319873E0
8.363391875E0,1.123639040E0,-2.541876445E0,1.760079739E0,3.289617188E0
8.373361875E0,1.794795243E0,2.521427855E0,-2.522133322E0,3.992498577E0
8.383331875E0,-3.226493597E-1,9.741762409E-1,-7.294840068E-1,1.259074610E0
8.393300875E0,6.330268756E-2,-3.473324743E0,2.375630164E0,4.208516446E0
8.403270875E0,1.739338788E0,-1.646076576E0,-2.944480047E0,3.795369582E0
8.413240875E0,1.444931480E0,1.994423279E0,7.182918513E-1,2.565442336E0
8.423210875E0,2.628878921E0,3.294541154E0,-3.428780361E0,5.433372853E0
8.433180875E0,7.897123745E-1,-9.188314676E-2,-2.996986290E0,3.100647508E0
8.443150875E0,-4.263592310E-2,-4.929387567E0,-2.179754287E-1,4.934388807E0
8.453120875E0,-1.062981998E0,-3.555217044E0,1.404899395E0,3.967775355E0
8.463090875E0,-9.640531757E-1,1.807661164E0,2.100854298E0,2.934386851E0
8.473059875E0,6.244843858E-1,3.272312379E0,-2.042014351E0,3.907407282E0
8.483030125E0,1.403568276E0,3.654386991E-1,-1.167535184E0,1.861904336E0
8.493000125E0,1.113126185E0,3.099936461E-1,1.337557012E0,1.767542001E0
8.502970125E0,-3.515002526E-2,-2.338940055E0,1.887842571E0,3.005965016E0
8.512940125E0,-2.098381364E0,-8.162572718E-1,4.838475643E0,5.336696247E0
8.522910125E0,1.417277366E0,1.243696922E-1,3.149667615E0,3.456088691E0
8.532880125E0,1.252044261E0,-1.302865190E0,-6.429498929E-1,1.917930421E0
8.542850125E0,-8.304771886E-1,-2.678203401E0,8.944573492E-1,2.943215889E0
8.552820125E0,6.185669305E-1,-5.268502101E-1,-3.036010022E0,3.142857465E0
8.562789125E0,7.678497814E-2,-1.857771510E-1,-1.434968117E0,1.448979841E0
8.572759125E0,-6.088528050E-1,1.743586790E0,1.807853830E0,2.584401692E0
8.582729125E0,7.720910592E-1,1.022938803E0,-1.078494954E0,1.675016347E0
8.592699125E0,-1.569055004E0,-2.666261925E0,-2.940524991E0,4.268204948E0
8.602669125E0,5.704790635E-1,-2.321689015E0,4.747581260E0,5.315563382E0
8.612639125E0,4.649302429E-1,1.708915725E0,2.701612437E0,3.230365745E0
8.622609125E0,3.188951549E0,3.279210339E0,-7.454638624E-1,4.634473951E0
8.632579125E0,3.690257905E0,-3.025057895E0,1.240582695E0,4.930316835E0
8.642548125E0,7.119788318E-1,-1.962383460E0,-4.468812330E0,4.932357078E0
8.652518125E0,1.782434814E0,2.053740650E0,-2.540311731E0,3.721304638E0
8.662488125E0,-9.412723504E-1,2.266039602E0,2.425942531E0,3.450525508E0
8.672458125E0,-2.845602315E-1,3.256462624E0,-4.066768892E0,5.217675015E0
8.682428125E0,-1.004822156E0,-1.953830446E0,1.256043318E0,2.530763875E0
8.692398125E0,-2.802139522E0,-9.465671504E-1,3.495539777E0,4.578948963E0
8.702368125E0,1.210063738E0,1.497226930E0,3.946867642E0,4.391321773E0
8.712338125E0,-5.055405443E-1,4.659700533E0,3.110110032E0,5.625047974E0
8.722307125E0,-1.087850499E0,1.014317669E0,-2.828694068E0,3.195898804E0
8.732277125E0,3.030086208E0,-1.959940786E0,-4.472348142E0,5.746711078E0
8.742247125E0,-3.388354028E-1,3.020889707E0,-6.788485225E0,7.438018265E0
8.752217125E0,-1.206140987E0,8.082699752E-1,-4.387822546E0,4.621803017E0
8.762187125E0,-6.594484697E-1,-3.170469962E0,1.238492900E0,3.467076106E0
8.772157125E0,-1.100533255E0,-3.965380511E0,6.082174904E0,7.343586835E0
8.782127125E0,1.117229541E0,-4.699433532E-1,2.785526998E0,3.037796777E0
8.792097125E0,4.781589836E-2,9.064464802E-1,-3.949031112E0,4.052009169E0
8.802066125E0,-1.924500666E-1,1.936085316E0,-3.522923457E0,4.024481713E0
8.812036125E0,2.583122120E0,-3.448308015E0,4.588783747E0,6.294464579E0
8.822006125E0,1.588763922E0,-6.451168710E0,5.744136842E0,8.782759053E0
8.831976125E0,1.759975366E0,-3.416036940E-1,3.905851178E0,4.297659805E0
8.841946125E0,9.383430415E-1,5.454972732E0,-2.318222201E-1,5.539941941E0
8.851916125E0,-1.510092413E0,-3.703334033E-2,-6.013557243E-1,1.625847247E0
8.861886125E0,8.686291744E-1,3.985210758E-1,2.489744425E-2,9.560102370E-1
8.871856125E0,-1.452094319E0,-1.180619206E0,-2.248260266E-1,1.884936700E0
8.881826125E0,-2.507437003E-1,7.409191141E-1,-1.811905366E0,1.973533529E0
8.891795125E0,2.496234249E0,3.912670201E-1,1.124361098E0,2.765585505E0
8.901765125E0,-2.294292909E0,6.738416103E-1,-4.687666011E-1,2.436715945E0
8.911735125E0,4.125309315E-2,-1.072779008E0,-1.069736994E0,1.515550677E0
8.921705125E0,-1.509119582E-1,-1.877112053E0,-1.623309857E0,2.486254003E0
8.931675125E0,-1.098108854E0,-9.025215366E-1,5.739240968E-1,1.532898251E0
8.941645125E0,-2.146805227E-2,7.956747803E-1,1.009285555E0,1.285385765E0
8.951615125E0,-2.106878099E0,-7.299286875E-1,9.328712171E-1,2.417018809E0
8.961585125E0,4.475016665E-1,-4.493760645E-2,-1.645526353E0,1.705882208E0
8.971555125E0,1.255832818E0,-7.988834399E-1,1.588916534E0,2.177151021E0
8.981524125E0,1.968805750E-1,-1.001128981E0,2.641113635E0,2.831342867E0
8.991494125E0,1.778659852E0,-9.626195115E-1,8.784418255E-1,2.204977830E0
9.001464125E0,1.394671445E0,-3.666779288E0,7.297436231E-1,3.990351431E0
9.011434125E0,1.543870170E0,1.204314170E0,-2.125053585E0,2.889595207E0
9.021404125E0,2.378790292E0,9.170565453E-1,-1.573089291E0,2.995704571E0
9.031374125E0,1.870028736E0,6.652494192E-2,-1.019076717E0,2.130715935E0
9.041344125E0,8.966361679E-1,-8.663059294E-1,-1.997704736E0,2.354838974E0
9.051314125E0,-6.293662262E-1,-2.216560755E0,-2.892757916E-1,2.322266977E0
9.061283125E0,-1.184653639E0,-1.294051681E0,2.364752589E0,2.944491264E0
9.071253125E0,-2.411171880E0,1.237801175E0,2.306145362E0,3.558680656E0
9.081223125E0,-3.112394831E0,2.329695607E0,-1.417556863E0,4.138109553E0
9.091193125E0,-7.898013984E-1,9.384947768E-1,1.746498996E-1,1.238975901E0
9.101163125E0,-8.216513282E-1,-9.424015939E-1,9.313497716E-1,1.559052298E0
9.111133125E0,-3.377592959E-2,-1.137031429E0,-3.052871053E0,3.257913896E0
9.121103125E0,3.450136805E-1,1.215267467E0,-9.890588665E-1,1.604414815E0
9.131073125E0,-5.896928314E-1,-3.578197771E-1,3.095700154E0,3.171613481E0
9.141042125E0,-3.904720546E-1,2.268797441E0,-1.128366441E-1,2.304916997E0
9.151012125E0,-7.100491776E-1,1.432364352E0,-7.227947921E-1,1.754499867E0
9.160982125E0,-1.864015021E0,3.991207078E-1,2.119484696E0,2.850625320E0
9.170952125E0,-9.329731780E-1,-6.169113645E-1,-9.070265239E-1,1.440040172E0
9.180922125E0,4.640386887E-1,1.296375657E0,8.131418753E-1,1.599100203E0
9.190892125E0,1.547823764E0,1.733348316E0,-3.094948202E0,3.870266032E0
9.200862125E0,2.434005111E-1,-9.666575986E-1,-3.183786703E0,3.336190716E0
9.210832125E0,1.240513698E0,-2.559761616E0,2.190343595E0,3.590105685E0
9.220802125E0,1.355343292E-1,9.584510314E-1,1.682957304E-1,9.825077032E-1
9.230771125E0,-7.352324045E-1,1.719256234E0,-1.521875283E0,2.410915399E0
9.240741125E0,-1.315898633E0,-1.389960636E0,5.851401089E0,6.156498558E0
9.250711125E0,3.925418593E-1,-1.161061732E0,3.342061476E0,3.559709028E0
9.260681125E0,-2.152206592E-1,8.268547654E-3,-5.396857256E-1,5.810757123E-1
9.270651125E0,-1.242628709E-1,3.745279035E-1,-7.023991191E-1,8.056531103E-1
9.280621125E0,-1.000124649E0,2.056480071E0,-2.110401632E0,3.111776766E0
9.290591125E0,-1.154144475E0,1.437599364E-1,-3.986046326E0,4.152262239E0
9.300561125E0,-8.967909729E-1,-3.096336623E0,-9.194623822E-1,3.352155367E0
9.310530125E0,-5.435574594E-1,-2.721657277E0,2.677861047E0,3.856658246E0
9.320500125E0,-2.379777302E-1,1.218714986E0,1.740807316E0,2.138295987E0
9.330470125E0,-1.372064356E0,2.565742733E0,2.784385037E0,4.027207023E0
9.340440125E0,1.273274624E0,-1.412257531E0,4.811764977E0,5.173855603E0
9.350410125E0,-2.473288167E-2,-1.602390273E0,-2.518356605E0,2.985027017E0
9.360380125E0,-9.412241109E-1,-2.713081750E-1,-2.192331648E0,2.401214069E0
9.370350125E0,-1.463845322E-1,2.893079513E-1,-5.489541471E-1,6.375564113E-1
9.380320125E0,-1.754508951E0,3.906030688E-1,7.725832486E-1,1.956465510E0
9.390290125E0,7.258952782E-1,-1.651913559E0,1.761546221E0,2.521663627E0
9.400259125E0,2.599644890E0,-3.965677550E0,1.882896996E0,5.101965609E0
9.410229125E0,-3.817274339E-2,7.947149599E-1,3.551772450E0,3.639796225E0
9.420199125E0,6.227970256E-1,3.593425675E0,5.835170388E-1,3.693382779E0
9.430169125E0,1.516206554E0,-3.538428519E0,2.914846943E0,4.828632456E0
9.440139125E0,-6.089456661E-1,-7.924281138E-1,-2.017526797E0,2.251482071E0
9.450109125E0,-7.794737537E-1,1.550448287E0,-4.207287424E0,4.551124772E0
9.460079125E0,-3.155464545E-1,-1.395658455E0,-3.871725073E0,4.127673332E0
9.470049125E0,-3.689967591E0,-3.818278599E-1,-3.581453501E0,5.156400151E0
9.480018042E0,2.702022911E0,-4.418330979E0,4.447743058E-1,5.198115104E0
9.489988042E0,1.584369739E0,-1.086245730E0,-9.845109022E-1,2.158568733E0
9.499958042E0,1.896160089E0,1.460554655E0,1.264077977E0,2.706757491E0
9.509928042E0,1.903252761E0,-3.858177075E-1,-1.583658133E0,2.505833087E0
9.519898042E0,3.782743607E-1,-3.548452693E0,2.286846042E-3,3.568558986E0
9.529868042E0,4.414016318E-1,2.790984204E-1,-9.491451877E-1,1.083331859E0
9.539838042E0,8.300486608E-1,-5.979783726E-1,3.517542849E0,3.663286313E0
9.549808042E0,5.879944711E-1,6.445102224E-1,3.195888686E0,3.312828914E0
9.559778042E0,-1.354625547E-1,2.104142772E0,1.442714508E0,2.554836993E0
9.569747042E0,1.010681724E0,2.296229069E0,7.675938195E-1,2.623613111E0
9.579717042E0,1.881600083E0,2.302710415E0,1.523849888E0,3.341408776E0
9.589687042E0,1.722964099E0,1.894473605E0,1.554713831E0,2.995792153E0
9.599657042E0,1.538578147E0,-1.001874501E0,3.758994849E0,4.183421746E0
9.609627042E0,9.555671847E-1,-2.040824443E-1,2.148893852E0,2.360614978E0
9.619597042E0,7.525952728E-1,3.221952649E0,-5.016547918E0,6.009420232E0
9.629567042E0,2.727694527E0,1.369719622E0,3.999203146E-2,3.052547893E0
9.639537042E0,1.981162378E0,-1.639525063E0,1.088279099E0,2.792382173E0
9.649506042E0,-2.990124655E-1,-3.129355265E0,-3.875382507E-1,3.167405678E0
9.659476042E0,2.333931477E-1,1.729326308E0,1.140025789E-1,1.748724801E0
9.669446042E0,-9.325849959E-1,2.297651989E0,-2.920447991E0,3.831179440E0
9.679416042E0,-1.078569359E-1,-4.778377668E0,-1.646520964E0,5.055250492E0
9.689386042E0,-9.621755616E-1,-2.811179610E0,-4.354170066E-1,3.003015248E0
9.699356042E0,-4.906464435E-1,-9.844018516E-1,3.089744765E-1,1.142473704E0
9.709326042E0,7.123146813E-1,-3.388594495E0,4.032873167E0,5.315452082E0
9.719296042E0,2.202001919E0,1.610600056E0,2.692018910E0,3.832728898E0
9.729265042E0,1.202345632E0,1.630765349E0,-3.647495463E0,4.172439789E0
9.739235042E0,3.791970514E-2,-1.270837066E0,-9.299522871E-1,1.575206656E0
9.749205042E0,-7.641223276E-1,-9.792837837E-1,-1.528106661E0,1.969261188E0
9.759175042E0,-1.880593777E0,-2.431748816E-1,1.374038960E0,2.341740815E0
9.769145042E0,-1.600367283E0,1.776673552E-1,6.619340479E-1,1.740947389E0
9.779115042E0,1.306054992E0,1.261618638E0,-9.226578856E-1,2.036850216E0
9.789085042E0,1.164193939E0,6.033531332E-1,3.417340869E-1,1.355051555E0
9.799055042E0,-3.831340182E-1,3.510858020E0,-3.323525217E0,4.849611900E0
9.809025042E0,1.345699260E0,-8.263653535E-1,-4.605990933E0,4.869182547E0
9.818994042E0,1.425230749E0,-1.744532285E0,-4.141402168E0,4.714433953E0
9.828964042E0,2.112317253E-1,-2.980208581E0,-3.421349135E0,4.542234245E0
9.838934042E0,6.336925080E-1,-1.516729149E0,1.605153667E0,2.297509913E0
9.848904042E0,-3.065961507E0,-1.547617065E0,3.321595636E0,4.777890341E0
9.858874042E0,1.820710761E-1,-2.856988159E0,8.814236716E0,9.267486181E0
9.868844042E0,-5.786963750E-2,-2.341555515E-1,5.899767503E0,5.904695954E0
9.878814042E0,-3.384320911E-2,-1.862861511E-1,3.890698119E0,3.895302266E0
9.888784042E0,3.765592628E-1,3.503262779E-1,2.053821049E0,2.117240251E0
9.898753042E0,-1.452951082E0,-1.833295065E-1,-3.188679069E0,3.508895946E0
9.908723042E0,-1.612956484E0,-3.537649962E0,-4.182380624E0,5.710420612E0
9.918693042E0,-1.308105464E0,-7.918322825E-1,-3.873419597E0,4.164314786E0
9.928663042E0,-1.583427899E0,-1.783989296E0,2.193969453E0,3.240889335E0
9.938633042E0,1.809815278E0,2.802804351E-2,4.203625313E0,4.576754602E0
9.948603042E0,2.118667548E0,8.823743704E-1,2.540458496E0,3.423633461E0
9.958573042E0,5.027320901E-1,2.752512449E-1,1.690287373E0,1.784817695E0
9.968543042E0,8.790613380E-1,3.605474740E0,-3.341743387E0,4.993940909E0
9.978513042E0,1.485835604E-1,-8.527295718E-1,-3.088656013E0,3.207650349E0
9.988482042E0,1.197208342E0,-8.163379633E-1,-1.585407620E0,2.147843757E0
9.998452042E0,4.106544503E-1,2.064216814E0,-6.420912293E0,6.757051339E0
1.000842204E1,-5.139682824E-1,-1.187866245E0,-2.661258463E0,2.959305023E0
1.001839204E1,-1.440169069E0,-1.604563391E0,-2.312406560E0,3.161634818E0
1.002836204E1,-7.360787889E-1,1.081246068E0,-2.599687867E0,2.910203094E0
1.003833204E1,4.204051575E-1,3.285237357E0,-1.725816225E0,3.734697662E0
1.004830204E1,-1.208309427E0,5.239444363E-1,-1.303014586E0,1.852667389E0
1.005827204E1,-7.536185355E-1,-4.165320496E0,1.042262097E0,4.359374497E0
1.006824104E1,7.646449225E-1,-5.399842844E0,4.556024721E0,7.106359536E0
1.007821104E1,-2.481271517E0,8.490323773E-1,5.122155649E0,5.754480238E0
1.008818104E1,-1.813703969E0,3.092280410E0,2.251262226E0,4.233190502E0
1.009815104E1,-3.236411937E-2,2.382514091E0,5.992518961E-1,2.456933794E0
1.010812104E1,-5.229161669E-1,2.657481161E0,-4.224074196E0,5.017813294E0
1.011809104E1,9.593682403E-1,7.281739381E-1,-4.914328063E0,5.059767289E0
1.012806104E1,2.058153398E-1,2.437460377E0,-4.876282570E0,5.455428924E0
1.013803104E1,5.041560333E-1,-4.126207885E0,3.562633653E0,5.474680206E0
1.014800104E1,-7.589088039E-1,-4.902023183E0,8.333937067E0,9.698467966E0
1.015797004E1,-1.027902066E0,1.530407833E0,2.612789138E0,3.197717603E0
1.016794004E1,-8.063569855E-1,4.692634682E0,1.596536626E0,5.021947934E0
1.017791004E1,2.447863743E0,-3.255177113E-1,-1.944441279E0,3.143063883E0
1.018788004E1,-2.878950082E-1,-1.389694588E0,-1.138052938E0,1.819147898E0
1.019785004E1,-3.871141814E-1,-1.685693800E-1,-1.805816660E0,1.854520648E0
1.020782004E1,8.546798375E-1,1.203100873E0,-1.306432284E0,1.970962873E0
1.021779004E1,-6.686439472E-1,2.811908466E-1,6.328630950E0,6.370064578E0
1.022776004E1,3.836705003E-1,-8.736862850E-1,2.566946383E0,2.738566141E0
1.023773004E1,-2.850491318E-1,-1.834590516E0,1.713793765E0,2.526670623E0
1.024769904E1,2.531525704E0,1.316121120E0,4.203472701E0,5.080352344E0
1.025766904E1,1.284085102E0,-5.225604004E-1,2.951220133E0,3.260620216E0
1.026763904E1,-1.565109011E0,-3.262611848E-1,3.189574277E-1,1.630259617E0
1.027760904E1,4.073929465E-1,2.372273862E-2,-1.758475848E0,1.805206107E0
1.028757904E1,1.240419265E0,-2.115376443E-1,-1.973785531E0,2.340772832E0
1.029754904E1,6.423954307E-1,-7.032583675E-1,-4.174420810E-1,1.039952937E0
1.030751904E1,2.052953615E0,-7.077911291E-1,-5.843052435E-1,2.248777322E0
1.031748904E1,1.541344026E0,1.194567447E0,-3.859057665E0,4.323778308E0
1.032745804E1,1.155940959E0,1.623739042E0,1.373470026E0,2.420567680E0
1.033742804E1,9.316911028E-1,4.467682064E0,-3.131026107E-1,4.574523426E0
1.034739804E1,-2.452044136E-1,-1.059989101E-1,6.925301886E-1,7.422661487E-1
1.035736804E1,-3.271760913E-1,-1.132150759E0,-3.656242313E0,3.841473335E0
1.036733804E1,8.468316315E-1,-1.676975017E0,-1.539016981E0,2.428567950E0
1.037730804E1,1.016591797E0,-5.104653178E0,-2.350752600E0,5.711127800E0
1.038727804E1,-2.410790787E0,-2.033628567E0,2.183747351E0,3.836184284E0
1.039724804E1,-1.981923978E0,-2.883049200E0,3.154468764E0,4.710697244E0
1.040721804E1,-7.466295049E-2,4.074013592E0,-1.837247783E-1,4.078837592E0
1.041718704E1,9.072912566E-1,3.618449419E0,1.411667547E0,3.988628698E0
1.042715704E1,3.548293356E0,-1.645388358E0,-1.214837404E0,4.095548622E0
1.043712704E1,1.722071668E0,-5.241328336E0,-1.105143639E0,5.626579424E0
1.044709704E1,-1.646464465E-1,-9.009489280E-1,-2.821608412E0,2.966528519E0
1.045706704E1,3.500105575E0,6.967068547E-1,-6.508262093E0,7.422507322E0
1.046703704E1,2.441160641E0,-1.638679263E0,-3.079007522E0,4.257325725E0
1.047700704E1,-2.428694377E-1,6.661387807E-1,1.043754306E0,1.261804062E0
1.048697704E1,-1.193730345E0,-2.783864635E0,6.814093691E0,7.456994520E0
1.049694704E1,-3.689811982E-1,-7.324678409E-1,4.297260286E0,4.374825965E0
1.050691604E1,1.445227788E0,2.889754786E0,5.092731875E-1,3.270890592E0
1.051688604E1,9.710226182E-1,3.203963106E0,-1.164001127E0,3.544455266E0
1.052685604E1,-3.430013247E-1,-3.310951365E0,2.233207194E0,4.008399084E0
1.053682604E1,1.094532989E-1,1.196851369E0,2.486689839E0,2.761894202E0
1.054679604E1,-1.521677793E0,2.135506067E0,3.996143298E0,4.779649645E0
1.055676604E1,-4.086284632E-1,9.291395241E-1,2.359001852E0,2.568105764E0
1.056673604E1,1.504001368E0,-6.818943956E-1,8.171244138E-1,1.842469101E0
1.057670604E1,-4.449694566E-3,-3.148392338E-1,4.394574326E-1,5.406166645E-1
1.058667504E1,-3.494249296E-1,-8.501278532E-1,6.501712042E-1,1.125849787E0
1.059664504E1,2.134726889E-1,-2.962937076E0,1.937300075E0,3.546505080E0
1.060661504E1,6.748128328E-1,-4.532589081E-1,-1.022409046E-1,8.193101974E-1
1.061658504E1,-8.312118912E-1,-4.958450568E-1,-2.561885033E0,2.738618347E0
1.062655504E1,-3.215245747E-1,-3.612182958E0,3.283910331E0,4.892372721E0
1.063652504E1,-7.835827383E-1,-1.501800915E0,3.892573321E-1,1.738082037E0
1.064649504E1,7.274069661E-2,8.726808563E-1,-1.869588733E-1,8.954421847E-1
1.065646504E1,6.012784680E-1,1.541105606E0,-3.876828523E0,4.215013841E0
1.066643504E1,-1.396921308E0,1.175792037E0,-7.481046989E0,7.700645434E0
1.067640404E1,-9.234922832E-1,-2.972680876E0,-5.690075240E0,6.485878956E0
1.068637404E1,-1.781306009E0,-2.903588714E0,-1.960357400E0,3.930251856E0
1.069634404E1,-1.740733934E0,-3.349042759E0,4.787852204E0,6.096701629E0
1.070631404E1,-7.123646750E-1,-1.574783814E-1,3.141946952E0,3.225537710E0
1.071628404E1,-8.103083146E-1,1.071572435E0,2.488860911E0,2.828302615E0
1.072625404E1,-8.765859924E-1,1.355441014E0,2.221724432E0,2.746212445E0
1.073622404E1,-4.140002637E-1,1.413576663E0,-1.177400022E0,1.885700403E0
1.074619404E1,8.624887940E-1,8.271175978E-1,-3.701969878E0,3.890063164E0
1.075616404E1,-8.329921491E-1,1.690076581E0,-3.926625751E0,4.355298446E0
1.076613304E1,-9.110208301E-1,-1.131558143E0,-3.239151649E0,3.549998055E0
1.077610304E1,-8.087309550E-1,1.372034535E-1,-2.692794836E0,2.814962624E0
1.078607304E1,1.186645456E-1,1.449909799E0,-1.176985454E0,1.871260126E0
1.079604304E1,2.518396512E-1,-5.858790216E-1,1.905263765E0,2.009155905E0
1.080601304E1,-3.235336049E-1,1.006223660E0,1.801948142E0,2.089061310E0
1.081598304E1,-9.255797392E-1,3.984067335E0,2.312232898E0,4.698500970E0
1.082595304E1,-3.642437110E-2,-3.770191097E-1,1.446650854E0,1.495415941E0
1.083592304E1,9.522366837E-1,-9.683129454E-1,2.577615212E0,2.913500445E0
1.084589304E1,6.833991035E-1,-1.191174307E-1,3.849643064E0,3.911646075E0
1.085586204E1,-2.344250533E-1,-2.538676849E-1,6.378608272E0,6.387961130E0
1.086583204E1,-1.561357145E0,4.047185397E-1,4.296552188E0,4.589334803E0
1.087580204E1,-3.631588113E0,7.691597039E-1,4.691675447E0,5.982629636E0
1.088577204E1,-7.539766775E-1,-3.232717958E-1,2.563697085E0,2.691751888E0
1.089574204E1,-8.512234021E-2,-1.974008310E-1,3.982825094E0,3.988622398E0
1.090571204E1,-6.002374078E-1,-2.744919547E0,2.063452583E0,3.486072981E0
1.091568204E1,-2.116498962E0,-1.129387657E0,-4.196060185E0,4.833425847E0
1.092565204E1,-2.010650033E0,-1.122410174E0,-3.560847913E0,4.240537232E0
1.093562204E1,9.435384388E-1,-8.876432964E-1,-1.975743179E0,2.362569896E0
1.094559104E1,1.691936873E0,-2.668764826E0,-2.110994539E0,3.800164999E0
1.095556104E1,3.361589129E0,8.333682713E-1,-3.065137927E0,4.624916719E0
1.096553104E1,5.175612868E-1,5.036460026E0,-4.927277892E0,7.064833098E0
1.097550104E1,-8.059189560E-1,2.299208810E0,-3.734538869E0,4.458996196E0
1.098547104E1,-2.046717559E0,9.872240102E-1,-2.897537431E0,3.682307317E0
1.099544104E1,-2.160189942E0,-2.908719938E0,4.332979757E-1,3.648947711E0
1.100541104E1,-4.031791140E-1,-3.393120824E0,4.970758957E0,6.031937245E0
1.101538104E1,-7.475482486E-1,2.312805048E0,1.702038522E0,2.967293498E0
1.102535004E1,-5.402850104E-2,3.052553257E0,-1.386561942E-1,3.056178334E0
1.103532004E1,3.405293266E0,7.468057984E-1,-2.061541128E-1,3.492311648E0
1.104529004E1,1.414106713E0,-1.464514975E0,-4.593721136E0,5.024616979E0
1.105526004E1,1.532098116E0,3.125626788E0,-5.640338824E0,6.627992871E0
1.106523004E1,1.227237010E0,3.033669674E0,-3.442886184E0,4.750023963E0
1.107520004E1,-2.244190969E-1,-2.838442838E0,-1.411735375E0,3.178068351E0
1.108517004E1,-1.290182287E0,-6.477626776E0,4.465460122E0,7.972738117E0
1.109514004E1,-1.761744588E0,-5.776043344E-1,3.675330548E0,4.116482163E0
1.110511004E1,-2.518168032E0,1.539492652E0,2.947038204E0,4.170880248E0
1.111507904E1,3.556393504E-1,5.042697251E-2,3.705103401E0,3.722474102E0
1.112504904E1,1.405307385E0,9.195600307E-1,2.009103298E-3,1.679429526E0
1.113501904E1,4.042752477E-1,-2.014239492E0,-7.310446286E-1,2.180602086E0
1.114498904E1,4.808751980E-1,-1.417397819E0,-5.591809273E-1,1.597792490E0
1.115495904E1,6.951074950E-1,-1.928583923E0,2.455345255E-1,2.064678566E0
1.116492904E1,-7.922551093E-1,-4.761088328E0,1.339230486E0,5.008908915E0
1.117489904E1,-6.838080432E-1,-6.395838847E0,4.295447649E0,7.734676367E0
1.118486904E1,1.097439055E-1,-9.226385897E-1,4.438434291E0,4.534644931E0
1.119483904E1,2.827561170E0,-1.512443140E0,6.646607800E0,7.379700649E0
1.120480804E1,1.134224620E0,-3.317294424E0,5.833539015E0,6.805959537E0
1.121477804E1,3.062966271E0,-3.148187100E0,3.272368512E0,5.477338777E0
1.122474804E1,1.609014291E0,-7.343722790E-2,-1.307819828E0,2.074780162E0
1.123471804E1,1.225436506E0,1.808207294E0,-3.552212160E0,4.170074278E0
1.124468804E1,1.341797669E-1,-2.499825902E0,-3.573419427E0,4.363079205E0
1.125465804E1,-1.851362523E0,-3.483131693E0,-4.509404286E0,5.991199930E0
1.126462804E1,-1.120490533E0,8.678311756E-1,-5.430765844E0,5.612650678E0
1.127459804E1,-8.990846895E-1,4.022061373E0,-1.487701231E0,4.381619098E0
1.128456804E1,-2.512996755E0,3.340492375E0,-1.421356968E0,4.415234720E0
1.129453704E1,-1.122526899E0,-5.771725175E-1,7.414140809E-1,1.463861194E0
1.130450704E1,-1.367989577E0,-7.348435646E-1,1.666129602E0,2.277581699E0
1.131447704E1,-1.710367881E0,3.136782691E0,-2.091366606E0,4.139876595E0
1.132444704E1,-9.212259024E-1,2.044204134E-1,-5.048602939E-1,1.070200348E0
1.133441704E1,-1.833238640E0,-1.147945842E0,-1.734629733E0,2.772631219E0
1.134438704E1,1.600072108E-1,-1.803936780E0,-4.286974449E0,4.653809207E0
1.135435704E1,-1.104732360E0,-3.025054094E-1,-4.581450754E0,4.722460600E0
1.136432704E1,-2.271628809E0,7.420707232E0,-3.953035870E0,8.709402152E0
1.137429604E1,-1.802791603E0,6.221874241E0,1.508581638E-3,6.477791206E0
1.138426604E1,-2.730530719E0,-1.088060121E0,7.295087990E0,7.864984527E0
1.139423604E1,-3.403259312E-1,-2.556163240E0,5.102599636E0,5.717194705E0
1.140420604E1,-6.642567082E-1,1.512616217E-1,3.383728150E0,3.451627622E0
1.141417604E1,-5.911989097E-2,-1.013567471E0,-1.858728114E0,2.117943432E0
1.142414604E1,1.342765858E0,-1.677248959E0,-2.558452132E0,3.340937224E0
1.143411604E1,-2.216670537E0,-2.999799677E0,7.928128606E-1,3.813263511E0
1.144408604E1,-2.894517344E0,4.192681664E-1,8.668567371E-1,3.050484724E0
1.145405604E1,-3.368956329E0,-1.696113539E0,2.892668454E0,4.753335531E0
1.146402504E1,-1.772098252E0,-2.573688515E0,4.624306167E0,5.581076268E0
1.147399504E1,-1.483075499E0,6.864587322E-1,-9.052881467E-1,1.868230488E0
1.148396467E1,-1.344023010E0,-7.238268256E-1,2.658308542E0,3.065440822E0
1.149393467E1,-1.219679191E0,-2.987063272E0,4.013454564E0,5.149561327E0
1.150390467E1,-1.446102970E0,-6.322207199E0,2.874681249E0,7.094033405E0
1.151387467E1,8.524826731E-1,-4.884920954E0,-4.531397418E0,6.717346351E0
1.152384467E1,-1.811290531E-1,-7.239978567E-1,-1.668778975E0,1.828060146E0
1.153381467E1,-1.907651914E0,3.061137262E-1,-4.682315809E-1,1.987984470E0
1.154378467E1,-1.487527130E0,-3.213585284E0,3.352423326E0,4.876331562E0
1.155375467E1,-3.523766041E-2,-4.769067439E0,4.660820859E0,6.668470365E0
1.156372367E1,-9.025349122E-2,-3.263996176E0,1.098057398E0,3.444930592E0
1.157369367E1,3.306622744E-1,1.145803715E0,-1.539376584E0,1.947276036E0
1.158366367E1,-5.181798126E-1,1.672139662E0,-2.469249349E0,3.026838898E0
1.159363367E1,5.748136045E-1,-3.435955480E-1,-8.263834798E-1,1.063662652E0
1.160360367E1,7.575678912E-1,-1.745814872E-1,-7.936273777E-1,1.110960044E0
1.161357367E1,1.078958418E0,2.244775325E-2,2.111540669E0,2.371341217E0
1.162354367E1,6.792320122E-1,-1.834920883E0,6.773573071E0,7.050502317E0
1.163351367E1,1.122728628E0,3.370627463E-1,3.009404022E-1,1.210246253E0
1.164348267E1,-1.288827779E0,5.709718376E-1,-4.404259654E0,4.624347412E0
1.165345267E1,-1.077355039E0,1.878966205E0,-3.170152751E0,3.839410937E0
1.166342267E1,-3.255864892E-2,2.326835734E0,-2.266364999E0,3.248328018E0
1.167339267E1,-3.111402851E-1,-4.985464704E-1,-1.409544423E0,1.527145160E0
1.168336267E1,-9.990377247E-1,3.059520214E0,1.560742895E0,3.576962217E0
1.169333267E1,1.048729556E-1,5.258397528E0,-1.549312173E0,5.482892586E0
1.170330267E1,-7.320609478E-1,2.535726929E0,2.973689228E-1,2.655984293E0
1.171327267E1,-2.622621121E-1,-5.294776565E-1,1.005039307E0,1.165861061E0
1.172324267E1,-6.316019091E-1,9.107927155E-1,-4.482721102E0,4.617710777E0
1.173321267E1,-1.474342682E0,3.056733432E0,-2.432981409E0,4.175727979E0
1.174318167E1,3.333402626E-1,5.844238250E0,-2.237742879E0,6.266875589E0
1.175315167E1,-2.644120858E0,4.773508691E0,-1.756264431E0,5.732558337E0
1.176312167E1,-6.340611749E-1,1.536521389E0,-1.081793368E-2,1.662242034E0
1.177309167E1,1.840485496E-1,4.603325772E-1,2.380141291E0,2.431224489E0
1.178306167E1,-1.282538514E0,1.303353724E0,3.204748971E0,3.689722475E0
1.179303167E1,2.778268886E-1,3.007877898E0,-2.086550839E0,3.671268396E0
1.180300167E1,-4.706208116E0,1.188718185E0,-2.067955524E0,5.276162034E0
1.181297167E1,-2.628243329E0,6.406004816E-2,-5.034405899E0,5.679525459E0
1.182294167E1,-2.442800785E0,2.541907436E0,-3.622416170E0,5.054747075E0
1.183291067E1,1.298441844E-2,6.818145812E-1,4.328786134E0,4.382171734E0
1.184288067E1,-3.282224286E0,-1.131547033E0,5.844222463E0,6.797671009E0
1.185285067E1,-7.667765980E-1,-1.103538871E0,-5.981701612E-3,1.343793202E0
1.186282067E1,4.365112765E-1,-1.316897338E0,-2.327881801E-1,1.406751943E0
1.187279067E1,1.017842443E0,7.826600477E-1,-2.461092483E0,2.775884760E0
1.188276067E1,9.965832829E-1,2.652290880E0,-1.773489159E0,3.342617081E0
1.189273067E1,1.414238422E0,-1.763080823E0,1.479020455E0,2.701115660E0
1.190270067E1,9.199196345E-1,-6.160923450E0,1.691295433E0,6.454743227E0
1.191267067E1,1.393253934E0,-4.843856251E0,2.494384190E0,5.623704508E0
1.192263967E1,2.044945707E0,-3.805546287E-1,-1.469743263E0,2.546913824E0
1.193260967E1,2.172308443E0,2.582130432E-3,-2.682165182E0,3.451512814E0
1.194257967E1,1.236159423E0,-5.753604653E0,1.701812235E0,6.126028200E0
1.195254967E1,6.737790450E-1,-7.158349682E0,5.372798302E0,8.975684373E0
1.196251967E1,-7.222651074E-1,-1.242358787E0,2.117766200E0,2.559307703E0
1.197248967E1,-2.476746795E-1,-9.991137385E-1,-7.141625476E-1,1.252836443E0
1.198245967E1,-1.230100684E0,-6.528972931E0,2.414310665E0,7.068913015E0
1.199242967E1,9.885894813E-1,-3.503850132E0,3.033860001E0,4.739048577E0
1.200239967E1,-9.741653504E-1,-5.789527023E-1,-1.609905115E0,1.968750578E0
1.201236867E1,1.582824613E0,1.487479037E-1,-2.474827008E0,2.941467051E0
1.202233867E1,1.533083226E0,-1.261945205E0,2.259649472E0,3.008133244E0
1.203230867E1,5.225717293E-1,1.302708777E0,1.008177508E0,1.728164707E0
1.204227867E1,1.508633240E0,2.478613665E0,-1.370366324E0,3.208956811E0
1.205224867E1,1.236522242E0,-1.714539869E0,2.967912179E-1,2.134647335E0
1.206221867E1,-1.554808446E-1,-1.888115928E0,-1.617296580E0,2.490944455E0
1.207218867E1,9.165041296E-1,-1.596769345E-1,-8.481228429E-1,1.258883990E0
1.208215867E1,1.985467391E0,-1.104050210E0,1.560573910E0,2.756156482E0
1.209212867E1,9.855602581E-1,1.335297356E0,-3.068954405E0,3.488958181E0
1.210209767E1,7.050519278E-1,3.362301028E-1,-2.029311860E0,2.174455226E0
1.211206767E1,7.980338395E-1,4.179847026E-1,9.245979917E-1,1.290910790E0
1.212203767E1,6.530221604E-1,3.280856915E0,3.065793985E0,4.537571244E0
1.213200767E1,-1.783402601E-1,3.442026351E0,1.207175213E0,3.651934097E0
1.214197767E1,5.622273266E-1,1.209359148E-1,1.196088307E0,1.327159486E0
1.215194767E1,9.003725387E-1,-5.481668195E-1,1.377119858E0,1.734248158E0
1.216191767E1,-9.334199783E-1,1.439143906E0,4.827975798E-1,1.781993698E0
1.217188767E1,1.268843604E-1,-1.067366825E0,-9.036520958E-1,1.404264466E0
1.218185767E1,8.818950449E-1,-9.670885384E-1,1.158023518E0,1.747574771E0
1.219182767E1,1.883620881E0,5.537909639E-1,6.608990908E-1,2.071593508E0
1.220179667E1,6.411793560E-1,1.723862085E0,-2.864819920E-1,1.861419724E0
1.221176667E1,-1.738303027E-1,-1.395940876E-1,6.944322878E-1,7.293419539E-1
1.222173667E1,-1.618003508E0,-5.799736261E-2,-2.940334956E0,3.356615662E0
1.223170667E1,-1.999505240E0,-2.538128965E0,-3.584932010E0,4.826163835E0
1.224167667E1,-1.233783991E0,-2.883575157E0,-9.190068841E-1,3.268302659E0
1.225164667E1,4.073410525E-1,8.067909220E-1,-1.340825021E-2,9.038905387E-1
1.226161667E1,6.770121899E-1,-1.236236752E0,5.104250305E0,5.295280728E0
1.227158667E1,-1.801131432E0,-1.923630746E0,6.928161759E0,7.412412228E0
1.228155667E1,1.927948038E0,1.031591221E0,3.126300972E0,3.815091329E0
1.229152567E1,1.644968967E0,3.491635591E-2,5.804039812E-1,1.744709384E0
1.230149567E1,-3.855741709E-2,-8.566670868E-1,-2.845576733E-1,9.035143836E-1
1.231146567E1,1.016005614E-1,3.850452318E0,-5.660653805E0,6.846846517E0
1.232143567E1,9.201595165E-1,1.168104118E0,-4.732373237E0,4.960495663E0
1.233140567E1,1.119532906E0,-3.035587268E0,-5.617367452E-1,3.283853249E0
1.234137567E1,-9.991099378E-1,-1.107148941E0,-1.222837565E0,1.928556755E0
1.235134567E1,3.689883610E-1,-9.272286540E-1,2.829996827E0,3.000797799E0
1.236131567E1,4.344661032E-1,1.375982575E0,1.292879607E0,1.937427810E0
1.237128567E1,8.436191712E-1,9.826491487E-1,3.290061017E0,3.535787628E0
1.238125467E1,3.460196574E0,-2.626727146E-1,2.087026218E0,4.049399427E0
1.239122467E1,1.308155750E0,3.058269203E-1,4.050418907E-1,1.403160898E0
1.240119467E1,3.291140706E0,6.595127159E-1,-2.052952738E0,3.934612956E0
1.241116467E1,1.939434308E0,-9.461876661E-1,-4.627907467E0,5.106290636E0
1.242113467E1,1.377160204E0,-5.944068933E-1,-6.099756896E-2,1.501203013E0
1.243110467E1,5.015385637E-1,-1.046487880E-1,5.168465012E-1,7.277517472E-1
1.244107467E1,-1.152867151E0,2.721656692E-1,-1.728356255E0,2.095326267E0
1.245104467E1,-1.065461802E0,-1.729861913E0,-2.862861103E-1,2.051728741E0
1.246101467E1,-9.264182299E-1,-3.160165999E0,-9.199757677E-1,3.419247767E0
1.247098467E1,3.574279040E-1,-1.124464301E0,-6.165198934E-1,1.331266859E0
1.248095404E1,6.792476535E-1,-1.453664589E-1,4.460782349E-1,8.255268462E-1
1.249092404E1,1.416159086E-1,-1.843806312E0,1.566005389E0,2.423231244E0
1.250089404E1,1.602571098E0,-2.852849793E0,8.902988094E-1,3.391108673E0
1.251086404E1,1.200378190E0,-2.205646343E0,-2.576639897E-1,2.524316605E0
1.252083404E1,-9.994976813E-1,7.331385165E-2,2.994609396E0,3.157856231E0
1.253080404E1,-1.282194405E0,-1.155167738E0,5.406789336E0,5.675544549E0
1.254077404E1,-8.536444417E-1,4.383014381E-1,2.591872478E0,2.763805334E0
1.255074404E1,2.945916781E-1,-6.380487567E-1,3.411265612E-1,7.811899919E-1
1.256071404E1,1.344633020E-1,-9.366300997E-1,-3.213461323E0,3.349879102E0
1.257068304E1,7.660283006E-1,2.109453213E-1,-8.171700221E-1,1.139764945E0
1.258065304E1,-2.453562220E-1,2.142121607E-1,1.425023172E0,1.461772064E0
1.259062304E1,1.810415787E0,-1.579564497E0,1.710181940E0,2.949127259E0
1.260059304E1,1.165175979E0,-6.200311464E-1,3.986167363E0,4.199000349E0
1.261056304E1,1.375293480E0,3.196187186E0,-1.592900827E0,3.826797320E0
1.262053304E1,-2.791662774E0,-6.944112378E-1,-3.262939877E0,4.349984443E0
1.263050304E1,-1.831389458E0,-1.950832286E0,4.043109888E-1,2.706141410E0
1.264047304E1,2.762125637E-1,8.354557273E-1,2.066176216E0,2.245743487E0
1.265044304E1,-1.060989998E0,2.960988199E0,1.930667578E0,3.690613524E0
1.266041204E1,2.919339359E0,-7.058849367E-1,4.354318001E0,5.289697637E0
1.267038204E1,-2.031908609E0,-2.281894619E0,1.239197490E0,3.297166369E0
1.268035204E1,1.805541256E0,-1.590490897E0,-2.322108260E0,3.343923937E0
1.269032204E1,1.364835151E0,8.625528941E-1,-3.630033338E-1,1.654854647E0
1.270029204E1,1.809246052E0,3.619979051E0,-1.948704484E0,4.491666592E0
1.271026204E1,2.599692544E0,1.041397879E0,-4.099118028E0,4.964441506E0
1.272023204E1,2.221583660E0,-5.748397708E-1,-2.753128746E0,3.584074861E0
1.273020204E1,-4.655821490E0,2.053315265E0,1.123153063E0,5.210974009E0
1.274017204E1,-6.719924283E-1,9.279288581E-1,-2.018645369E0,2.321110708E0
1.275014204E1,3.451167304E0,1.800767882E0,2.782468904E0,4.784919427E0
1.276011104E1,8.255914014E-2,-1.684868758E0,-1.507063701E0,2.262043267E0
1.277008104E1,-4.437613488E-1,-4.847278041E0,-5.066096638E0,7.025550775E0
1.278005104E1,-9.274040705E-1,-3.592706175E0,-4.093608196E0,5.524965524E0
1.279002104E1,4.286240038E0,3.337523159E0,-1.721166519E0,5.698537417E0
1.279999104E1,2.735232173E0,6.267681913E0,3.188042307E-1,6.845945351E0
1.280996104E1,6.780104557E-1,4.552267885E0,3.353776957E0,5.694792442E0
1.281993104E1,1.720508561E0,7.597263908E-1,6.895327304E0,7.147228311E0
1.282990104E1,2.617611629E0,7.004332852E-1,2.267920359E0,3.533547818E0
1.283987104E1,1.633991258E-1,4.194981082E0,-2.405171467E0,4.838327742E0
1.284984004E1,-7.322990026E-1,2.594265743E0,-2.654793196E0,3.783438052E0
1.285981004E1,-1.307424848E0,-1.635836931E0,-6.324413354E0,6.662096252E0
1.286978004E1,-5.462338031E-1,-4.942641451E0,-4.455956642E0,6.677097084E0
1.287975004E1,3.054544526E-1,-2.959840390E0,-2.920260880E0,4.169158328E0
1.288972004E1,4.237248411E-1,1.988390414E0,3.032654305E0,3.651058930E0
1.289969004E1,-5.767599233E-1,-2.025485735E0,1.074639416E1,1.095080965E1
1.290966004E1,-1.106874269E-1,-4.320154474E0,7.704191941E0,8.833490808E0
1.291963004E1,-5.662770351E-1,-9.363163966E-1,-2.864456223E0,3.066344327E0
1.292960004E1,-3.710584581E-2,1.908625329E0,-7.112330341E0,7.364066157E0
1.293957004E1,-4.627653844E-1,-3.223990989E0,6.977973604E-1,3.330944439E0
1.294953904E1,1.281384420E-1,-3.130227085E0,3.632654060E0,4.796969521E0
1.295950904E1,6.449543184E-1,-1.686681980E-1,1.901724445E0,2.015185078E0
1.296947904E1,-8.179581537E-1,-1.340181828E-2,-2.272225664E0,2.415004061E0
1.297944904E1,-2.229659396E0,-8.092756963E-1,-3.899761888E0,4.564477073E0
1.298941904E1,-5.631697516E-1,-3.036999371E0,4.572066557E-1,3.122429066E0
1.299938904E1,-4.090386454E-1,-6.523036838E-1,4.760290183E0,4.822154637E0
1.300935904E1,2.219072573E0,2.922690690E0,2.730244498E0,4.573908501E0
1.301932904E1,1.817861632E0,3.449608728E0,5.010666203E-1,3.931346976E0
1.302929904E1,-6.485070866E-1,-5.515082109E-1,-8.436859757E-1,1.198552783E0
1.303926804E1,-1.247752551E0,1.372946993E0,-3.158661218E0,3.663196768E0
1.304923804E1,-3.129202361E0,4.095276992E0,-1.802376743E0,5.460014924E0
1.305920804E1,-1.423356716E0,4.805677441E-1,2.183288929E0,2.650215132E0
1.306917804E1,-2.271467572E0,5.681195658E-1,-2.839507324E-1,2.358591273E0
1.307914804E1,-2.624106424E0,2.910685480E-1,-1.910262550E0,3.258797083E0
1.308911804E1,-1.527192449E0,1.495544102E0,2.197069647E0,3.065303242E0
1.309908804E1,-1.630924393E0,2.639163004E0,1.146947138E0,3.307655284E0
1.310905804E1,-6.812313214E-2,2.899458241E0,-2.924618810E0,4.118846202E0
1.311902804E1,1.445742927E0,-2.443141531E0,6.250118047E-1,2.906845870E0
1.312899804E1,1.357886831E-1,-2.489510244E0,-1.595122769E0,2.959816965E0
1.313896704E1,-8.677706569E-1,-5.898592213E-1,-4.118498039E0,4.250057166E0
1.314893704E1,-5.688401255E-1,2.146895859E-1,-5.813026983E-1,8.411798462E-1
1.315890704E1,1.865344751E-1,-2.449214157E0,-2.342909145E-1,2.467455639E0
1.316887704E1,7.123317113E-1,5.177209523E-1,-2.246115507E0,2.412568408E0
1.317884704E1,1.908918421E0,-6.485199505E-1,-3.529776978E-1,2.046739094E0
1.318881704E1,2.102400886E0,-1.446370187E0,1.705977792E-1,2.557573031E0
1.319878704E1,1.363665123E0,-1.361385293E0,-2.692074459E0,3.310621901E0
1.320875704E1,-2.409257136E-1,-5.189180528E0,9.492381585E-1,5.280785248E0
1.321872704E1,-1.323430139E0,-3.407548829E0,5.223282074E0,6.375384850E0
1.322869704E1,-1.402204706E0,-6.714164776E-1,2.435702119E0,2.889571410E0
1.323866604E1,-1.820515683E0,1.735130255E0,1.957844852E0,3.187179131E0
1.324863604E1,-5.999831636E-1,3.349511705E0,-1.261830892E0,3.629245880E0
1.325860604E1,-1.388860921E0,1.532898746E0,4.328062248E-1,2.113299423E0
1.326857604E1,-1.029014499E0,1.478220556E0,-1.004438798E0,2.062257052E0
1.327854604E1,-1.231008172E0,-1.069733486E-1,1.067211581E0,1.632717053E0
1.328851604E1,-1.435116929E0,-1.805324909E-1,7.143864959E-1,1.613226780E0
1.329848604E1,-9.830869590E-1,3.304981942E0,-1.757606952E0,3.870212889E0
1.330845604E1,-9.816391884E-1,2.130802859E0,-2.729544586E-1,2.361872236E0
1.331842604E1,4.066386922E-1,-5.113974810E-1,-4.012972754E0,4.065812678E0
1.332839604E1,-9.747624242E-1,-7.198515961E-1,-5.873294819E0,5.996994258E0
1.333836504E1,6.158572577E-1,-4.220584577E-1,-2.322221696E0,2.439288239E0
1.334833504E1,2.291867923E0,-3.700673550E-1,4.845662456E0,5.373085990E0
1.335830504E1,1.807218859E-1,7.069663793E-1,7.440866092E0,7.476560042E0
1.336827504E1,2.031687876E0,1.839257763E0,2.713501580E0,3.856645637E0
1.337824504E1,2.357537125E0,2.481363903E0,-2.233969671E0,4.087269089E0
1.338821504E1,1.270184370E0,1.895652989E0,-2.334203226E0,3.264256928E0
1.339818504E1,2.402373136E-1,-2.237224523E0,2.036702156E-1,2.259285084E0
1.340815504E1,-9.111856484E-1,-1.232139900E0,1.429341341E0,2.095577412E0
1.341812504E1,-4.680969122E-1,1.731647945E0,-3.022953190E0,3.515105306E0
1.342809504E1,9.427095960E-1,3.827218699E0,-2.889334372E0,4.887182978E0
1.343806404E1,1.274138989E0,-2.292035446E-1,-2.754909807E-1,1.323578372E0
1.344803404E1,3.453905555E0,-1.389844277E0,1.388690913E0,3.973612103E0
1.345800404E1,2.805216912E0,-2.105213690E0,5.745123267E0,6.731092627E0
1.346797404E1,7.150541749E-2,2.592439658E0,-1.603249814E0,3.048977922E0
1.347794413E1,2.049010253E0,3.225769127E0,-4.690620024E0,6.050284761E0
1.348791412E1,3.971022782E0,-1.420758506E0,-3.791106588E0,5.670984555E0
1.349788412E1,2.731804242E0,7.991535813E-1,-6.025352247E0,6.663803011E0
1.350785412E1,-4.634117575E-1,7.658478409E-2,1.563884604E-1,4.950485196E-1
1.351782413E1,-2.472476135E0,3.574724525E-2,2.923408436E0,3.828933662E0
1.352779412E1,-1.063484274E-1,1.046569448E0,-4.264604171E0,4.392432849E0
1.353776312E1,3.555279025E0,-1.456117496E0,1.020733234E0,3.975196025E0
1.354773312E1,9.033802003E-1,-3.810638919E0,5.282205051E0,6.575618219E0
1.355770312E1,1.966824421E0,-1.976017998E0,1.138378160E1,1.172021881E1
1.356767313E1,1.650037772E0,6.478421413E0,5.573529707E0,8.703838351E0
1.357764312E1,-1.932313642E-1,3.480405136E0,-2.864271451E0,4.511608274E0
1.358761312E1,4.745037429E-2,-4.015990502E0,-1.517823747E0,4.293509075E0
1.359758312E1,-2.412022357E0,-2.768224210E0,-3.838809342E0,5.312002852E0
1.360755313E1,4.421535472E-1,7.908309469E-1,-5.508861256E0,5.582872530E0
1.361752312E1,-1.696048050E0,1.611156127E0,-6.700457148E0,7.097078909E0
1.362749312E1,-3.021989422E-1,3.541392472E-1,-6.825577623E-1,8.262105700E-1
1.363746212E1,7.509532285E-1,-3.788756884E0,4.979912188E0,6.302232531E0
1.364743212E1,2.293363933E0,-1.263794387E0,3.330928377E0,4.236953886E0
1.365740213E1,4.028825725E0,9.020496663E-1,5.477070529E0,6.858821466E0
1.366737212E1,1.434023207E0,1.359628497E0,3.448952086E0,3.974956943E0
1.367734212E1,1.638779835E0,-4.046463266E-1,2.642725128E0,3.135814743E0
1.368731212E1,1.256007211E0,6.030382606E-1,-1.894793741E0,2.351904032E0
1.369728213E1,1.479984661E0,-4.960233968E-1,-1.587793869E0,2.226540630E0
1.370725212E1,-8.855980866E-2,-5.519449979E-2,-7.664454263E-1,7.735165571E-1
1.371722212E1,3.680000719E0,1.045212310E0,-5.125508443E0,6.395757255E0
1.372719212E1,3.169404015E0,1.746337905E0,-3.797000581E0,5.245191255E0
1.373716213E1,-8.246298999E-2,-1.071271596E0,5.296992660E-1,1.197916645E0
1.374713113E1,2.022344610E0,-4.090680203E0,2.453076535E0,5.180842281E0
1.375710112E1,1.604171920E0,-1.083904213E0,1.937702363E0,2.739143359E0
1.376707112E1,1.043697442E0,2.112851323E0,-8.963202721E-1,2.521276481E0
1.377704112E1,1.705642161E0,9.526605338E-1,-1.173752528E0,2.279138494E0
1.378701113E1,-5.039174303E-2,-4.746377903E-1,-7.541270971E-1,8.924841950E-1
1.379698112E1,9.515174031E-1,-2.651412336E0,4.033291243E0,4.919635251E0
1.380695112E1,2.184777045E-1,2.203593678E0,-4.643098533E-1,2.262551932E0
1.381692112E1,2.471410480E0,5.603009030E0,-2.789273309E0,6.729162321E0
1.382689113E1,2.149791400E0,2.995414558E-1,-1.697148496E-1,2.177184254E0
1.383686113E1,2.273894605E0,-1.075105030E0,1.392697425E0,2.875074542E0
1.384683012E1,1.337214658E0,-1.486129207E0,6.351280725E0,6.658490062E0
1.385680012E1,6.313843927E-1,-5.963247800E-1,1.118795718E0,1.416316827E0
1.386677012E1,7.393281598E-1,-3.446753241E0,-2.247379090E0,4.180601249E0
1.387674013E1,4.796648609E-1,6.064720380E-1,-6.246463537E-1,9.940169913E-1
1.388671012E1,1.486590991E-1,3.674151457E0,-1.419644904E0,3.941684933E0
1.389668012E1,8.022836689E-1,7.478296459E-2,9.433552748E-1,1.240633206E0
1.390665012E1,-8.806558006E-1,4.581217450E-1,9.710348243E-1,1.388646392E0
1.391662013E1,-1.219802495E0,2.227044228E0,8.321277845E-1,2.672092957E0
1.392659013E1,-2.630956145E0,3.566544563E0,-2.024604267E-1,4.436570813E0
1.393656012E1,-1.055255560E0,1.246855296E0,-1.884040126E0,2.493555619E0
1.394653012E1,-2.994369953E0,3.926861393E-1,5.532044882E-1,3.070258788E0
1.395649912E1,-2.646577858E0,1.948573799E0,-1.078744630E0,3.459046716E0
1.396646913E1,-3.655095966E0,-2.804298314E-1,-2.899776329E0,4.674084956E0
1.397643912E1,-4.086720761E0,-1.033959343E0,-1.364162428E0,4.430722022E0
1.398640912E1,-4.551232051E0,4.890991241E-1,-8.143177503E-1,4.649305812E0
1.399637912E1,-2.755097795E0,-2.496535966E0,8.707427967E-1,3.818566316E0
1.400634913E1,-1.568311823E0,-1.094499367E0,4.041272108E0,4.470951922E0
1.401631913E1,-6.932502732E-1,1.195585447E0,6.425370795E-1,1.524097897E0
1.402628912E1,-2.000594503E-1,1.561385212E0,-3.620930977E0,3.948302003E0
1.403625912E1,-5.808118245E-1,-2.193993134E0,-3.722811109E-1,2.299900318E0
1.404622913E1,-2.094544421E0,-2.196648355E0,-9.406100070E-1,3.177597758E0
1.405619813E1,-1.181721699E0,-3.087910785E0,-1.159926202E0,3.503867575E0
1.406616812E1,-2.768314184E-1,3.069457850E-1,-7.388617712E-1,8.466215601E-1
1.407613812E1,-1.077542351E-1,-1.607519451E-1,3.746194709E0,3.751190073E0
1.408610812E1,-5.450647620E-1,1.399908797E0,3.379292452E0,3.698169508E0
1.409607813E1,-6.762363374E-2,1.108418372E0,3.674451127E0,3.838587674E0
1.410604813E1,-1.390186777E0,-1.148061032E0,6.061469913E0,6.323929231E0
1.411601812E1,-1.593182809E0,1.549409822E0,-4.615131301E-1,2.269778982E0
1.412598812E1,1.830348982E-1,-1.881660017E0,-2.010282682E0,2.759598278E0
1.413595812E1,-6.526466230E-1,-4.319519759E0,1.278237010E0,4.551712690E0
1.414592813E1,-1.600290830E0,-6.992445463E-1,-4.561480758E0,4.884360796E0
1.415589812E1,5.240088653E-1,2.587457538E0,-7.183849390E0,7.653575233E0
1.416586812E1,-8.763922851E-2,-2.453499874E0,-4.929969365E0,5.507444072E0
1.417583712E1,-2.143341482E-1,-1.574825622E0,1.993954917E0,2.549876678E0
1.418580713E1,-5.861203289E-3,3.713402354E0,3.569508809E0,5.150804261E0
1.419577713E1,-2.803905382E0,2.076219978E0,3.673554164E0,5.066317695E0
1.420574712E1,-4.226478571E0,-2.197897905E0,7.450294143E-1,4.821715995E0
1.421571712E1,1.536291301E0,-5.410701123E0,3.998969257E-2,5.624720152E0
1.422568712E1,1.028144872E0,-1.948585493E0,4.311046851E-1,2.244976292E0
1.423565713E1,9.765676059E-2,6.829433861E-1,1.302066168E0,1.473541590E0
1.424562712E1,-7.046503337E-2,3.158058370E0,-1.687255007E0,3.581218710E0
1.425559712E1,-8.759078615E-1,-9.562612492E-1,-7.969854337E-1,1.522115613E0
1.426556712E1,-2.989772872E0,4.709680778E-1,-7.089111632E-1,3.108553972E0
1.427553613E1,-3.912018237E-1,3.682076189E0,-4.035959913E0,5.477197855E0
1.428550613E1,-6.637822066E-1,-1.192087643E0,-2.168135870E0,2.561736308E0
1.429547612E1,-1.459293630E-1,-3.142709429E0,-5.265803611E-1,3.189859685E0
1.430544612E1,-5.779748286E-1,-2.266930133E0,7.990992022E-1,2.472162346E0
1.431541612E1,-1.010241282E0,9.378287789E-1,2.282554185E0,2.666489054E0
1.432538613E1,-5.850433448E-1,1.329808282E0,6.361633805E0,6.525415730E0
1.433535612E1,-8.490190018E-2,7.978794730E-1,2.911440940E0,3.019984823E0
1.434532612E1,-8.811534718E-1,3.017627253E0,-1.890311265E-1,3.149323490E0
1.435529612E1,-1.871627218E0,2.595041377E0,-4.038321018E0,5.152209704E0
1.436526613E1,-1.045270782E0,-7.247351906E-1,-2.120534272E0,2.472751039E0
1.437523612E1,-1.523841117E0,1.356328914E-1,2.773919106E-1,1.554810054E0
1.438520612E1,4.727122291E-1,2.007978294E0,-1.929888144E0,2.824872020E0
1.439517512E1,1.530816699E0,-6.207854372E-1,-2.766750419E-1,1.674909969E0
1.440514512E1,1.256219319E0,-2.156516283E0,-8.542068708E-1,2.637862550E0
1.441511513E1,8.308089450E-3,-1.796283360E0,1.859510472E0,2.585436545E0
1.442508512E1,9.598062699E-1,2.946148843E-2,-3.112993294E-1,1.009456947E0
1.443505512E1,-1.712659113E0,4.006480005E-1,1.488067852E0,2.303924041E0
1.444502512E1,-2.327695787E-1,2.402173600E0,1.275809830E0,2.729892013E0
1.445499513E1,-2.578505524E-1,5.124178201E-1,-2.996506818E0,3.050919868E0
1.446496512E1,-1.418574717E0,-1.419957730E0,3.612097589E0,4.132297566E0
1.447493512E1,-1.806462631E0,8.120311967E-1,1.428673589E-1,1.985727319E0
1.448490517E1,-8.496921625E-2,-1.482508904E-1,-5.857395655E-1,6.101548433E-1
1.449487517E1,2.405734846E0,-9.173901290E-1,2.689559571E0,3.723290948E0
1.450484417E1,-2.331829037E-1,2.808380548E0,-2.447769018E0,3.732686530E0
1.451481417E1,-3.906244842E-1,-1.329750395E-1,4.680462241E-1,6.239688427E-1
1.452478417E1,-1.032646497E0,1.613505245E0,-1.671921269E0,2.542651902E0
1.453475417E1,3.881224606E-1,2.219187909E0,-2.934060309E0,3.699208553E0
1.454472417E1,1.131838225E-2,-3.034135405E0,-1.470644903E-1,3.037718507E0
1.455469417E1,-1.327583709E0,-1.412389386E0,-6.232903844E-1,2.036127006E0
1.456466417E1,-2.544300116E0,-1.731565207E-1,-1.527768107E0,2.972796941E0
1.457463417E1,6.027558401E-2,-2.275341353E0,1.223941519E0,2.584346002E0
1.458460417E1,-1.178903560E0,-1.357298382E0,5.765734702E-1,1.887990855E0
1.459457417E1,-8.388104942E-1,-8.216557136E-1,1.560592037E0,1.952989673E0
1.460454417E1,-5.923006896E-1,-9.024744666E-1,3.884351551E0,4.031558910E0
1.461451417E1,3.101794780E-1,5.085761994E-1,2.717593462E0,2.782117051E0
1.462448317E1,1.563409956E0,1.056579589E0,-8.352642310E-1,2.063559414E0
1.463445317E1,-1.760560819E0,-1.692052063E0,-2.403984482E0,3.426624574E0
1.464442317E1,-2.384337692E0,-1.116902974E-1,-2.395359254E0,3.381610106E0
1.465439317E1,-1.337889719E0,4.215725541E-2,-3.881298135E0,4.105630444E0
1.466436317E1,1.021451783E0,-2.291201633E0,-3.890384123E0,4.629044966E0
1.467433317E1,1.714987255E-1,-2.765466371E0,2.596390037E0,3.797164374E0
1.468430317E1,2.227300921E0,-2.486791581E-1,5.680787523E0,6.106886080E0
1.469427317E1,-1.271559197E0,4.871449846E-1,8.722654701E0,8.828299840E0
1.470424317E1,2.246347130E-1,2.931197220E0,4.887251362E0,5.703297622E0
1.471421317E1,-9.076866015E-1,-1.245974413E-1,-3.986871368E-1,9.991851290E-1
1.472418317E1,-3.136449034E-1,2.082306637E0,-4.911281664E0,5.343693633E0
1.473415217E1,2.440504108E-1,3.609429797E0,-7.140647821E0,8.004773287E0
1.474412217E1,1.851171904E0,-3.176374773E0,-7.324698874E0,8.195572446E0
1.475409217E1,1.178650449E0,-3.208783258E0,-2.128729729E0,4.027033292E0
1.476406217E1,-7.176300561E-2,1.288350354E0,1.581701655E0,2.041268402E0
1.477403217E1,-2.297981625E0,2.759536417E0,3.315824434E0,4.887786049E0
1.478400217E1,-2.978187784E0,1.000408897E0,3.013980637E0,4.353676575E0
1.479397217E1,-1.657205143E0,-2.772967471E0,6.872758806E-1,3.302730025E0
1.480394217E1,2.128743031E0,-1.777942983E0,-2.791039753E-1,2.787566533E0
1.481391217E1,8.398195043E-1,2.461535702E0,8.042862672E-1,2.722376023E0
1.482388217E1,-1.701950522E0,8.364102852E-1,1.859679456E0,2.656054484E0
1.483385217E1,6.347248339E-1,6.450490433E-1,7.415006196E-1,1.169951731E0
1.484382217E1,-5.458524185E-1,1.615543877E0,1.468424131E0,2.250379148E0
1.485379117E1,-3.637319334E-1,1.971167440E0,-1.713175129E0,2.636810767E0
1.486376117E1,7.234591088E-1,2.804687739E0,-2.505817251E0,3.829985182E0
1.487373117E1,7.663406881E-1,1.663648920E0,-1.569989097E0,2.412440993E0
1.488370117E1,1.067531461E-1,-3.788773549E0,-1.334643345E0,4.018391979E0
1.489367117E1,-1.295711706E0,-1.371223234E0,1.147112029E0,2.207937497E0
1.490364117E1,-1.069393835E0,2.138938383E0,-1.916215600E0,3.064399257E0
1.491361117E1,-8.037563632E-1,-1.885190858E0,2.863323033E-2,2.049582573E0
1.492358117E1,5.918986936E-1,-1.621237311E0,2.152272373E-1,1.739274920E0
1.493355117E1,-5.244495261E-1,2.327858412E-1,2.658076408E0,2.719302621E0
1.494352117E1,-1.725860371E0,-2.759982267E-1,2.107161105E0,2.737680946E0
1.495349117E1,-1.537963897E0,-2.558390737E-2,2.088130172E0,2.593506333E0
1.496346117E1,-4.089634721E-1,3.215289455E0,3.226701758E0,4.573504306E0
1.497343017E1,6.585994539E-1,2.181018747E0,-5.028354031E-1,2.333117970E0
1.498340017E1,-3.019106891E0,-3.208352026E0,2.580792589E0,5.105782950E0
1.499337017E1,-6.018918409E-1,-1.603063872E0,-5.684674752E-1,1.804229153E0
1.500334017E1,-1.340029654E0,1.168623936E0,-7.130694691E0,7.349024980E0
1.501331017E1,-4.502619908E-1,-1.515869608E0,-5.140780785E0,5.378496408E0
1.502328017E1,3.918108112E-1,-2.638171316E0,-1.353075523E0,2.990698410E0
1.503325017E1,-1.113636135E0,-3.249406204E0,2.422274573E0,4.203122675E0
1.504322017E1,-3.445737287E0,-1.112726893E0,8.148976187E0,8.917234969E0
1.505319017E1,-5.417729623E-1,1.857988442E0,5.066952086E0,5.423987688E0
1.506316017E1,3.256348749E-1,2.750257763E0,-2.478145303E0,3.716336903E0
1.507313017E1,-3.061357446E-1,-4.122795743E-1,-1.790068354E0,1.862266966E0
1.508310017E1,1.705230371E0,2.885136071E-1,-3.673014466E0,4.059813541E0
1.509306917E1,-7.672752924E-1,-1.649628467E0,-2.059581726E0,2.748065199E0
1.510303917E1,-1.356291820E-2,-3.178102040E-1,1.927766190E0,1.953834630E0
1.511300917E1,1.470260906E-1,2.243889472E-1,-1.635864998E0,1.657715706E0
1.512297917E1,-8.566852862E-1,-2.199013261E0,5.294536829E-2,2.360587261E0
1.513294917E1,3.487971214E-1,-2.406361083E0,-2.380266421E0,3.402631530E0
1.514291917E1,-6.472549054E-1,-9.561849430E-1,-7.300704825E-1,1.366100826E0
1.515288917E1,2.443006716E-1,-2.461283103E-1,3.146118355E0,3.165173403E0
1.516285917E1,3.090311944E0,2.867872167E-1,5.857047161E0,6.628519915E0
1.517282917E1,1.278818369E0,-1.158787165E0,4.635177310E0,4.946011809E0
1.518279917E1,-9.720729974E-1,2.971870744E0,-2.954554215E0,4.301898679E0
1.519276917E1,6.471456356E-1,5.722610902E0,-2.565944754E0,6.304850949E0
1.520273917E1,2.777310783E0,1.108132151E-1,1.700510645E-1,2.784717601E0
1.521270817E1,6.164938002E-1,-1.948273544E0,-2.355692328E0,3.118512587E0
1.522267817E1,4.053640723E-1,-6.888446885E-1,-1.768502069E-1,8.185982114E-1
1.523264817E1,2.122745396E0,1.266009312E0,-1.514713029E0,2.898824444E0
1.524261817E1,1.045805656E0,2.104726324E0,-3.861860821E0,4.520791011E0
1.525258817E1,1.738344177E0,7.083200097E-2,-6.255704477E0,6.493126839E0
1.526255817E1,2.307932198E-1,-4.522458487E0,-8.086015123E-1,4.599970944E0
1.527252817E1,3.232400747E-1,-3.911101978E0,6.663853578E0,7.733572741E0
1.528249817E1,1.385675066E0,2.972893715E0,5.366352916E0,6.289351004E0
1.529246817E1,-4.894893526E-1,5.104552606E0,3.229200858E-1,5.138125584E0
1.530243817E1,-2.448899248E-1,1.027537346E0,-9.066014314E-1,1.392023789E0
1.531240817E1,2.177488052E0,-7.143826953E-1,-1.203458723E0,2.588457021E0
1.532237817E1,1.195666943E0,-1.876789579E-1,2.776947963E0,3.029237993E0
1.533234817E1,6.931595682E-1,2.663339194E0,1.379638254E0,3.078513856E0
1.534231717E1,-1.983363270E0,-1.109026775E-1,-3.439829260E-1,2.016024186E0
1.535228717E1,-1.077636875E0,1.872587770E0,1.053783451E0,2.403818993E0
1.536225717E1,2.956183944E-1,-1.165303594E0,6.378522903E-1,1.360947554E0
1.537222717E1,-1.213579011E0,6.297384015E-1,1.260555030E0,1.859662188E0
1.538219717E1,-1.681802332E0,4.772642134E0,-1.071468354E0,5.172486487E0
1.539216717E1,6.312597374E-2,-3.065116292E0,-6.679063940E-1,3.137677760E0
1.540213717E1,1.848652412E-1,-3.174873793E0,-6.161605235E0,6.933929465E0
1.541210717E1,-4.802443931E-1,1.311521992E0,-7.305792487E0,7.438099790E0
1.542207717E1,3.068426547E-1,3.845704964E-1,-3.087885350E0,3.126832713E0
1.543204717E1,1.250473699E0,-4.203313364E0,5.994193604E0,7.427104730E0
1.544201717E1,-4.145975567E0,-2.097964019E0,8.175748833E0,9.403905328E0
1.545198717E1,-2.076374930E0,1.795253080E0,2.078584592E0,3.443077167E0
1.546195617E1,-1.898293591E0,7.191285878E-1,-2.881907238E0,3.525060824E0
1.547192617E1,-1.463696511E0,-1.834703952E0,5.582477117E-1,2.412506285E0
1.548189600E1,9.111775354E-1,-4.146955561E0,4.141117408E0,5.930964366E0
1.549186600E1,-8.560934749E-1,6.055364835E-1,-1.160210962E0,1.563860590E0
1.550183600E1,-1.141649560E0,5.053909287E-1,-4.380289578E-1,1.323122473E0
1.551180600E1,2.012923284E0,-1.291108778E0,-3.195831968E0,3.991511492E0
1.552177600E1,3.346320295E0,-4.033692947E-1,-3.759690667E0,5.049340573E0
1.553174600E1,1.099877636E0,1.191694710E0,-2.740061973E0,3.183992260E0
1.554171600E1,1.002928827E0,-1.517992147E0,1.805198609E0,2.562988180E0
1.555168600E1,9.059916399E-1,-5.341244388E-1,3.992976446E0,4.129161012E0
1.556165600E1,-1.295010259E-1,6.450043121E-1,2.997390332E0,3.068737506E0
1.557162600E1,4.355638448E-1,-1.404259125E0,2.908206845E0,3.258730827E0
1.558159500E1,1.617678623E-1,4.361560070E0,-1.183320912E0,4.522125989E0
1.559156500E1,1.344483039E0,1.812441555E0,-1.587793284E0,2.759287326E0
1.560153500E1,2.423965149E0,-2.725571988E0,-4.384417713E-2,3.647776311E0
1.561150500E1,3.196362310E0,-3.269575882E-1,-3.221785419E0,4.550113687E0
1.562147500E1,1.266553396E0,4.972802559E-1,-2.464108477E0,2.814831388E0
1.563144500E1,1.781309517E0,-2.550279479E0,1.761814023E0,3.575049324E0
1.564141500E1,1.240211689E0,-7.364036018E-1,7.379086751E-1,1.620161878E0
1.565138500E1,2.345771723E-1,-1.278277940E0,-7.801881373E-1,1.515821385E0
1.566135500E1,-2.182734540E-1,-1.084510277E0,2.168974360E0,2.434800940E0
1.567132500E1,1.840281026E0,-5.036867577E-1,2.538233045E0,3.175367947E0
1.568129500E1,-5.414868142E-1,2.245727836E0,-2.235700446E-1,2.320880232E0
1.569126500E1,4.829396306E-1,9.348358816E-1,1.336625551E0,1.701092789E0
1.570123500E1,1.947949024E0,-2.222997370E-1,-7.912393749E-2,1.962188363E0
1.571120400E1,1.642146223E0,2.157071768E0,-1.200074354E0,2.964756531E0
1.572117400E1,-2.688250453E-1,2.060109145E0,2.808525267E0,3.493441107E0
1.573114400E1,-1.114713557E-1,-2.001095536E0,-6.910531819E-2,2.005388928E0
1.574111400E1,5.498783726E-1,-2.894328479E0,-5.326453271E0,6.086921062E0
1.575108400E1,-1.803557296E0,6.314505247E0,-3.308359879E0,7.353301335E0
1.576105400E1,-3.320159048E-1,4.901199310E0,1.168529795E0,5.049500086E0
1.577102400E1,1.126371005E0,-2.478131562E0,-2.531020505E0,3.716976254E0
1.578099400E1,-2.112747096E0,-1.340053481E0,-1.086334316E0,2.727556758E0
1.579096400E1,-1.488595709E0,-2.591412887E-1,-1.916954103E0,2.440857314E0
1.580093400E1,-1.513657606E0,-1.518504656E0,3.231162599E0,3.877812202E0
1.581090400E1,-1.300181025E0,1.441967234E0,2.310351264E0,3.017857380E0
1.582087400E1,-7.142757643E-1,4.262515253E0,8.140248048E-1,4.397938441E0
1.583084400E1,-9.629013473E-1,1.437599364E0,7.792251009E-1,1.897646620E0
1.584081300E1,9.842884156E-1,-1.658967347E0,-1.652072310E-1,1.936050044E0
1.585078300E1,8.712607869E-1,-2.852544276E0,5.691796660E-1,3.036456766E0
1.586075300E1,-1.475860181E0,-2.016171705E0,-1.278393130E0,2.806670735E0
1.587072300E1,-1.098847357E0,-1.511203822E0,-2.482558197E0,3.107136577E0
1.588069300E1,-8.266438271E-1,-2.037474573E0,3.881660078E0,4.461157654E0
1.589066300E1,-1.654252152E0,1.208175379E0,9.542948306E-1,2.259848790E0
1.590063300E1,2.614098256E-1,-5.097526592E-1,-1.162337594E0,1.295843954E0
1.591060300E1,-4.235623981E-1,-3.578106262E0,5.476444877E0,6.555432711E0
1.592057300E1,-1.419500331E0,4.356900716E-1,-2.161309245E0,2.622225139E0
1.593054300E1,1.325398020E0,1.162320052E0,-3.076038891E-1,1.789493774E0
1.594051300E1,1.065982277E0,1.657989693E-1,-1.477667409E-1,1.088872134E0
1.595048300E1,4.896350579E-1,-6.094222507E-1,-2.559585323E0,2.676306222E0
1.596045300E1,-2.399607768E-1,6.248840430E-1,-1.694479827E0,1.821900965E0
1.597042200E1,1.333927646E0,-3.530386551E0,2.854901288E0,4.732172178E0
1.598039200E1,-1.338233974E-2,-1.882383025E0,4.341035466E0,4.731610070E0
1.599036200E1,-3.950996142E-1,3.936568649E0,1.277181002E0,4.157387129E0
1.600033200E1,-2.193954543E0,4.596079026E0,-6.959356070E-3,5.092880067E0
1.601030200E1,5.023472337E-1,-1.223103029E0,1.608690648E0,2.082359086E0
1.602027200E1,1.795723196E0,-3.797719496E0,-1.488426286E-1,4.203504407E0
1.603024200E1,-4.815491992E-1,-2.177013112E0,-2.645083895E0,3.459442807E0
1.604021200E1,-2.196365130E-1,-1.163692394E-1,-1.837874604E0,1.854606443E0
1.605018200E1,1.828081907E-1,-4.915610942E-1,-3.786639315E-1,6.468674647E-1
1.606015200E1,-1.117812801E0,-8.893688098E-1,2.665524591E0,3.024153383E0
1.607012200E1,-1.015726555E0,-6.829205820E-1,2.999580699E0,3.239685992E0
1.608009200E1,-1.359264581E-1,1.362869024E-1,1.265952594E0,1.280502281E0
1.609006200E1,-6.491087651E-1,2.254125023E0,1.965377820E-1,2.353943268E0
1.610003100E1,1.418655408E0,2.108887495E0,-4.520084226E0,5.185667849E0
1.611000100E1,1.152557395E0,-3.359353446E0,-5.365541908E0,6.434491751E0
1.611997100E1,1.776044246E0,-2.241158822E0,-2.387626897E0,3.725303776E0
1.612994100E1,2.318010678E0,-4.876186091E-1,1.549198737E0,2.830364312E0
1.613991100E1,1.422785882E0,1.153966428E0,1.478712891E0,2.354262092E0
1.614988100E1,7.770753720E-1,6.660712454E-1,4.178648347E-1,1.105489963E0
1.615985100E1,8.315781462E-1,7.098812163E-3,2.284755662E0,2.431394876E0
1.616982100E1,2.135050131E0,3.340572774E-1,6.742354202E-1,2.263763841E0
1.617979100E1,2.268172374E0,2.426512635E-1,2.615256078E0,3.470309771E0
1.618976100E1,-1.553332572E-1,-1.105132529E-1,4.523087940E0,4.527103502E0
1.619973100E1,-1.773970969E0,1.991194738E0,-2.251713631E0,3.490278465E0
1.620970100E1,2.282927384E0,4.393162224E-1,-1.492158564E0,2.762479568E0
1.621967100E1,2.066759476E0,1.328359050E0,-1.718644030E0,2.998294482E0
1.622964000E1,1.448994125E0,2.187256849E0,-3.364884912E0,4.266863834E0
1.623961000E1,3.770090233E-1,9.770466390E-1,-2.242539350E0,2.475022964E0
1.624958000E1,-9.449012786E-1,2.303820509E-1,7.167043322E-1,1.208130546E0
1.625955000E1,-1.929987108E0,-4.368972293E-1,-1.051066250E-1,1.981609656E0
1.626952000E1,9.326592556E-1,2.207933189E0,-4.822608054E0,5.385384916E0
1.627949000E1,2.069790965E0,6.357627878E-1,-3.720530110E0,4.304715236E0
1.628946000E1,1.972148311E0,-5.120290972E0,2.047491438E0,5.856532232E0
1.629943000E1,-2.014887656E-1,-3.250295858E0,9.514660061E0,1.005652907E1
1.630940000E1,-8.247845587E-1,1.592813703E-1,9.566721915E0,9.603531034E0
1.631937000E1,1.244216155E0,2.703682643E0,2.372280294E0,3.806006762E0
1.632934000E1,2.148039574E0,1.421780307E0,-8.614392918E-1,2.716175787E0
1.633931000E1,2.567413575E0,1.552912304E0,-3.870314140E0,4.897191096E0
1.634928000E1,1.140554231E-2,9.644929594E-1,-1.012565843E1,1.017149622E1
1.635924900E1,-6.594900580E-1,-5.639059453E0,-7.220699127E0,9.185445800E0
1.636921900E1,-1.607657884E0,-6.093813787E0,9.060406834E-1,6.367106097E0
1.637918900E1,-1.146708425E-1,-1.236086479E0,2.291943644E0,2.606542701E0
1.638915900E1,-7.271235589E-2,-8.266863656E-1,7.232993483E0,7.280445876E0
1.639912900E1,1.285152950E-1,1.979345941E0,6.666903486E0,6.955711942E0
1.640909900E1,2.228285885E0,-5.896428743E-1,8.411897993E-1,2.453678255E0
1.641906900E1,-5.610244447E-1,-1.608564348E0,-2.978467573E0,3.431252945E0
1.642903900E1,-1.339279895E-1,2.113645959E0,-4.993700507E0,5.424249322E0
1.643900900E1,-1.800762254E-1,1.394741904E0,-3.449236845E0,3.724911709E0
1.644897900E1,-3.111054942E-2,6.545402437E-2,6.609803671E-1,6.649414570E-1
1.645894900E1,-6.522770789E-1,-3.078879468E0,4.435965012E0,5.439002643E0
1.646891900E1,-1.171739771E0,-1.727404913E-1,3.462212402E0,3.659197737E0
1.647888900E1,-7.673104488E-1,2.406587078E0,2.539839275E0,3.582067871E0
1.648885737E1,5.885610663E-1,2.133855398E0,1.854815742E0,2.887920433E0
1.649882738E1,-1.199918088E0,8.200836897E-2,9.720323592E-1,1.546407352E0
1.650879738E1,-4.866875131E-1,-1.022053827E0,-1.047307659E0,1.542177712E0
1.651876737E1,-3.166268738E0,-3.638693064E-1,-3.345162839E0,4.620365030E0
1.652873737E1,-2.206312048E0,8.571415883E-1,5.195514232E-1,2.423311420E0
1.653870738E1,-1.942094353E0,1.516888193E0,1.228591225E0,2.753564356E0
1.654867738E1,-1.564924239E0,-1.151830440E0,2.069727230E-1,1.954108222E0
1.655864737E1,-6.770941240E-1,9.049589485E-2,-1.326329774E0,1.491910395E0
1.656861737E1,1.296083443E0,7.375423470E-1,1.167435781E0,1.893860425E0
1.657858737E1,2.925292190E-1,1.951305618E0,8.093382615E-1,2.132649849E0
1.658855738E1,1.887032439E0,-1.889159656E0,-1.724550887E0,3.178661887E0
1.659852737E1,1.466930752E0,-5.075944519E0,-7.081855237E-1,5.330912242E0
1.660849737E1,-9.356735683E-1,-3.264632061E0,-9.335535872E-1,3.522049094E0
1.661846637E1,1.037755940E0,-1.263673350E0,8.812350404E-1,1.857520639E0
1.662843638E1,2.237655755E0,2.078657683E0,-1.769724721E0,3.529850794E0
1.663840638E1,3.467171718E0,4.456559782E0,-4.660382318E0,7.321295525E0
1.664837637E1,9.222147397E-1,-3.184218228E-2,-5.461802280E-1,1.072290442E0
1.665834637E1,2.947792203E0,2.392990547E-1,-2.031640221E0,3.588078162E0
1.666831637E1,1.684668199E0,1.821401829E0,5.931357086E-2,2.481759388E0
1.667828638E1,1.571646783E0,7.483941945E-1,1.949797913E0,2.613786407E0
1.668825637E1,2.260204519E0,-3.043464930E0,3.866449131E0,5.414852918E0
1.669822637E1,1.092191398E0,-3.662604961E0,2.886471575E0,4.789496351E0
1.670819637E1,3.484026317E0,-2.797153602E0,1.363670678E0,4.671413637E0
1.671816638E1,1.321449980E0,2.186151433E0,-1.860016256E0,3.159928577E0
1.672813637E1,7.570395952E-1,-8.193174121E-1,2.574578168E0,2.805858641E0
1.673810637E1,2.278894705E0,-1.460678616E0,1.892377671E0,3.302731650E0
1.674807537E1,-5.809076457E-1,-9.984456941E-1,-2.524599677E-1,1.182405824E0
1.675804537E1,-9.756502508E-1,-2.880455375E-1,3.625323991E0,3.765346954E0
1.676801538E1,-2.232435873E-1,1.152070176E0,9.110540861E-1,1.485638899E0
1.677798537E1,-3.416179100E-1,-9.444188833E-1,2.490132680E0,2.685030835E0
1.678795537E1,-4.756484815E-1,8.574745873E-1,2.524628913E0,2.708367644E0
1.679792537E1,-1.034257186E0,9.197553277E-1,-2.120433699E0,2.532168411E0
1.680789538E1,-3.774001289E-1,1.323661982E0,-7.238538398E0,7.368239276E0
1.681786537E1,-8.781646675E-1,-1.606125475E0,-5.272219761E0,5.580959902E0
1.682783537E1,-3.494689299E0,-4.402484147E0,-2.228803071E0,6.046675375E0
1.683780537E1,-2.287263971E0,-2.160681839E0,2.276725096E0,3.883761018E0
1.684777538E1,-2.507430498E0,-1.594952323E0,8.868169679E0,9.352834547E0
1.685774538E1,-2.495291386E0,3.788791090E-2,7.529604607E0,7.932393090E0
1.686771537E1,-1.177230379E0,4.549431986E-1,1.990976345E0,2.357293254E0
1.687768437E1,-2.134188580E-1,1.663607113E0,1.716736668E0,2.400066879E0
1.688765437E1,2.332115185E0,5.933225271E-1,-5.725742671E0,6.210871275E0
1.689762438E1,1.206811443E0,-1.109501276E0,-7.134541574E0,7.320455615E0
1.690759437E1,1.094770094E0,-2.117717960E0,-6.454428533E0,6.880617603E0
1.691756437E1,5.500677676E-2,-8.139967382E-1,-5.404310701E0,5.465545773E0
1.692753437E1,-1.591593536E0,6.766544133E-2,-9.341921031E-2,1.595768073E0
1.693750438E1,-2.986630578E0,1.032339664E0,-5.921773499E-1,3.215021214E0
1.694747438E1,-3.563122188E0,-1.475931371E0,1.537715390E0,4.151961194E0
1.695744437E1,-3.207546791E-1,-1.854762240E0,8.493321056E0,8.699398203E0
1.696741437E1,2.078189467E0,2.815664717E0,4.247530886E0,5.503485976E0
1.697738438E1,1.400220599E0,2.362177183E0,8.410465425E-1,2.871908434E0
1.698735438E1,2.543154939E0,1.128410879E0,-7.191777045E-1,2.873702268E0
1.699732437E1,2.316422282E0,2.131860328E0,-3.948893702E-1,3.172787144E0
1.700729337E1,-5.529803059E0,5.164899965E0,3.231181895E0,8.227724470E0
1.701726337E1,1.894455479E0,-3.024192507E0,-1.414582384E0,3.838716609E0
1.702723338E1,-1.183805500E0,-6.881740129E0,-4.019625716E0,8.057116951E0
1.703720338E1,-3.899777091E0,-2.944727969E0,-2.142224518E0,5.335617120E0
1.704717337E1,-5.131856765E0,5.967846635E-1,-2.378307019E0,5.687569786E0
1.705714337E1,-2.660745369E0,-2.225201771E0,-2.027609736E-1,3.474507282E0
1.706711338E1,8.166302510E-1,-5.652579385E0,7.199494200E0,9.189736416E0
1.707708338E1,3.211898947E0,-1.572025682E0,7.847048190E0,8.623440432E0
1.708705337E1,1.094033271E0,4.597040308E0,2.784904854E0,5.485014443E0
1.709702337E1,-8.431905703E-1,3.454684989E0,3.141714817E-1,3.569947118E0
1.710699337E1,-1.114253382E0,-1.582665861E-2,-4.177500538E0,4.323577434E0
1.711696338E1,-1.087278349E0,9.550868359E-1,-6.069857744E0,6.239995040E0
1.712693337E1,8.323548026E-1,4.839114451E0,-7.044048311E0,8.586527808E0
1.713690237E1,1.737496330E0,2.867021104E0,-4.062743669E0,5.267313322E0
1.714687237E1,5.620820964E-1,5.142786965E-1,-2.736748356E0,2.840811578E0
1.715684237E1,-1.695485840E0,-2.049352607E-1,1.162199015E0,2.065763115E0
1.716681238E1,-1.308102394E0,-2.075308982E0,3.204632027E0,4.035802978E0
1.717678237E1,-4.132599696E-1,-2.155124353E0,2.403399761E0,3.254485395E0
1.718675237E1,-1.212938521E0,1.089939709E0,8.059328431E-1,1.818987678E0
1.719672237E1,7.361201580E-1,2.030357050E0,1.167859704E0,2.455222786E0
1.720669238E1,1.291930750E0,6.019389841E-1,1.539882368E0,2.098250060E0
1.721666237E1,-1.496299708E0,-1.340668316E0,-4.990335435E-1,2.070105994E0
1.722663237E1,-6.903363132E-1,4.133165487E0,-1.338288499E0,4.398935926E0
1.723660237E1,-2.675172497E0,3.281910876E0,-3.817588627E0,5.701006035E0
1.724657238E1,-1.015492813E0,-1.986967786E0,-2.222406217E0,3.149342158E0
1.725654237E1,-2.836336671E0,-3.926065003E0,-1.432809325E0,5.050914242E0
1.726651137E1,-3.608631359E0,-3.381136371E0,4.318291551E0,6.565207184E0
1.727648137E1,-3.327158677E0,-2.341660765E-1,3.556841401E0,4.876057769E0
1.728645137E1,-1.700765876E0,4.771772361E-1,-2.815391652E0,3.323662563E0
1.729642138E1,-2.733641438E0,-3.068561179E0,-2.236562326E0,4.678789828E0
1.730639137E1,-2.968156593E0,-5.287540051E0,4.420946438E0,7.504185549E0
1.731636137E1,5.035613349E-1,-8.882359117E-1,4.634941667E-1,1.121322387E0
1.732633137E1,-1.016621472E0,5.050547138E-1,-2.816018474E0,3.036208083E0
1.733630138E1,-1.108573616E0,-2.630384579E-1,3.540152278E0,3.718978736E0
1.734627138E1,1.304063576E0,-1.788195491E-2,3.587617636E0,3.817316057E0
1.735624137E1,-4.667205507E-1,-1.165338385E0,7.933635514E0,8.032335531E0
1.736621137E1,-2.957594767E-3,5.969975021E-1,6.297357702E0,6.325593158E0
1.737618138E1,-2.820346875E0,1.025277982E0,1.937871348E0,3.572239745E0
1.738615138E1,-3.556765387E0,2.607434258E-1,-6.947591472E-1,3.633353468E0
1.739612137E1,-3.701375216E0,-1.582708838E0,-7.152091407E0,8.207164995E0
1.740609037E1,-5.100090596E0,-1.315222110E0,-7.348806360E0,9.041332214E0
1.741606037E1,-2.437116414E0,-2.055084340E0,-5.303567854E0,6.187951199E0
1.742603038E1,-1.555986039E0,-1.802758274E0,-2.519842967E0,3.467079250E0
1.743600038E1,1.142980387E0,2.538211995E0,2.403649437E0,3.677832910E0
1.744597037E1,-2.633144831E-1,3.909460080E0,5.770501353E0,6.975091289E0
1.745594037E1,-7.762180240E-1,3.935120878E0,6.148724989E0,7.341288016E0
1.746591038E1,-2.077196463E0,2.375641566E0,4.601658146E0,5.579755881E0
1.747588038E1,4.875808214E-1,4.304632455E-2,2.939231586E-1,5.709455899E-1
1.748585100E1,-4.699001569E-1,-1.624990054E0,-3.601830463E0,3.979268968E0
1.749582100E1,-5.497111788E-1,1.216347740E0,-7.380099488E0,7.499836843E0
1.750579100E1,-5.579795803E-1,1.494035228E0,-7.986768578E0,8.144443185E0
1.751576100E1,2.796681951E-1,-3.652008636E0,-4.045494382E0,5.457234297E0
1.752573100E1,-7.175903316E-1,-5.036569954E0,2.690001036E0,5.754830871E0
1.753570000E1,5.037339009E-1,-1.560427730E0,6.550547403E0,6.752655316E0
1.754567000E1,3.803246504E-1,1.234296646E0,5.197477142E0,5.355548869E0
1.755564000E1,2.333966414E0,3.091367659E0,3.655381018E0,5.325951897E0
1.756561000E1,2.912845441E0,-3.367320862E-1,-2.931397487E0,4.146220965E0
1.757558000E1,3.666742889E-1,-4.441603482E-2,-1.994289962E0,2.028204938E0
1.758555000E1,-5.016687374E-1,2.339149386E-2,-1.795680512E0,1.864587671E0
1.759552000E1,-1.114285761E0,-3.151194908E0,-1.302090141E0,3.587074134E0
1.760549000E1,2.015120449E-2,1.693687237E0,-2.231212708E0,2.801301961E0
1.761546000E1,5.040970495E-1,6.005581641E0,-2.218898472E0,6.422198620E0
1.762543000E1,1.000618666E0,1.068251216E-1,3.384136285E0,3.530584614E0
1.763540000E1,-2.622015752E-2,6.199364215E-2,6.203777694E0,6.204142840E0
1.764537000E1,-1.613214273E-1,2.220646790E-1,4.615423661E0,4.623577933E0
1.765534000E1,-2.245517191E-1,7.057665306E-1,-1.090247857E0,1.318017549E0
1.766530900E1,-1.357596005E0,1.534812248E0,-3.668846571E0,4.202279228E0
1.767527900E1,-1.218294242E-1,6.356046206E-1,-1.934817932E0,2.040185303E0
1.768524900E1,1.875744681E0,1.999448083E0,-2.764849489E0,3.893661958E0
1.769521900E1,-4.187906682E-1,1.627552304E0,-1.745030760E0,2.422693641E0
1.770518900E1,6.036434840E-1,-8.000563914E-1,-3.385374141E-1,1.057867320E0
1.771515900E1,1.857445893E-1,1.393134797E0,-3.019396913E0,3.330477944E0
1.772512900E1,-4.008404470E-1,3.108262897E-2,4.931073904E-2,4.050564686E-1
1.773509900E1,7.764396335E-1,-3.501026804E0,-2.737721917E0,4.511670254E0
1.774506900E1,9.795387954E-1,-2.813133750E0,-4.364789779E0,5.284373904E0
1.775503900E1,6.694295937E-1,-2.949007839E0,6.205825388E-2,3.024670964E0
1.776500900E1,1.303358695E0,-4.320179032E0,3.627244216E0,5.789610640E0
1.777497900E1,1.541658899E0,-2.688402407E0,4.945339941E0,5.836146571E0
1.778494900E1,1.483235859E0,1.393063461E0,4.729565404E0,5.148728322E0
1.779491800E1,-8.694256382E-1,2.842897539E0,1.283049268E0,3.237928780E0
1.780488800E1,-2.747478289E0,1.125455697E0,2.493439865E0,3.877180655E0
1.781485800E1,9.163076632E-1,1.053719424E0,-7.767207384E-1,1.597885936E0
1.782482800E1,-7.377717771E-1,7.096938130E-1,-1.188633692E-1,1.030582847E0
1.783479800E1,6.208837435E-1,-1.448630721E0,-4.744717294E-1,1.645949881E0
1.784476800E1,4.320871269E-1,-2.218028991E0,-4.226471554E0,4.792641619E0
1.785473800E1,-4.671175401E-1,-3.145651455E0,-1.318517894E-1,3.182877121E0
1.786470800E1,4.693026080E-1,-1.699197945E-1,6.749610597E-1,8.394582221E-1
1.787467800E1,-1.312285639E0,1.786812624E0,-1.259303725E0,2.549635038E0
1.788464800E1,-1.108472459E0,1.595506639E0,2.886082150E0,3.479054872E0
1.789461800E1,1.581966972E0,-4.102125835E-1,9.527950197E-1,1.891748454E0
1.790458800E1,1.457475950E0,3.663641379E0,-4.466859360E0,5.958131993E0
1.791455800E1,-1.199663588E0,1.598237288E0,-6.171022761E-1,2.091499551E0
1.792452800E1,-2.180678878E-1,-2.669367089E0,1.625009642E0,3.132687440E0
1.793449700E1,3.281401876E-1,4.719346225E-2,-1.683049690E0,1.715389012E0
1.794446700E1,1.368676771E0,3.023370096E-1,3.082373180E0,3.386105165E0
1.795443700E1,2.735428054E0,-1.192563898E0,5.724656843E0,6.455731660E0
1.796440700E1,1.520641521E0,1.268959233E0,1.746293759E0,2.640482922E0
1.797437700E1,1.007601849E0,6.055467162E-1,2.201043414E0,2.495303674E0
1.798434700E1,2.601928520E0,-6.564294791E-1,-8.157421321E-1,2.804704424E0
1.799431700E1,8.566908411E-1,-2.795301496E0,-2.861240839E0,4.090761395E0
1.800428700E1,-1.169521483E0,1.903906041E-1,-2.362154671E0,2.642688739E0
1.801425700E1,-2.044706263E-1,4.052330655E0,-4.230527183E0,5.861787459E0
1.802422700E1,-1.058252843E-1,8.741204408E-1,-4.259729347E0,4.349779264E0
1.803419700E1,-5.556934286E-1,-1.296332096E0,-1.909542173E0,2.373946797E0
1.804416700E1,-8.191699161E-1,-1.196426861E0,3.278028617E0,3.584403465E0
1.805413700E1,-3.461726352E-1,1.770919307E0,2.514406811E0,3.094871936E0
1.806410600E1,1.161551582E0,2.673087380E0,1.191337445E0,3.148631945E0
1.807407600E1,2.110836080E0,5.471128589E-1,1.515372010E0,2.655430994E0
1.808404600E1,1.594604413E0,2.977361280E-1,-1.365877417E0,2.120620464E0
1.809401600E1,3.503468601E0,1.671844085E0,-2.710263977E0,4.734436155E0
1.810398600E1,2.059117311E0,2.081908150E0,-4.186712826E0,5.109096783E0
1.811395600E1,1.702104011E0,-6.958318189E-1,-5.060738835E0,5.384460747E0
1.812392600E1,1.085303013E0,-1.133829494E0,-4.084217568E0,4.375418277E0
1.813389600E1,2.048865826E-1,-7.957621962E-2,7.229965210E-1,7.556684828E-1
1.814386600E1,1.134422694E0,4.334210595E-1,6.851279059E0,6.958073973E0
1.815383600E1,4.254408527E-1,-1.974207115E-1,5.762407637E0,5.781463191E0
1.816380600E1,1.960536033E0,-1.330679225E0,1.779906478E0,2.963524220E0
1.817377600E1,3.848256543E-1,3.057967194E0,1.389089693E0,3.380654422E0
1.818374600E1,3.974139787E-1,4.210059589E0,-3.609632403E-1,4.244152928E0
1.819371500E1,-4.657402284E-1,-3.669388023E-1,1.603657365E-1,6.142273313E-1
1.820368500E1,2.212694576E-1,1.216513216E-2,-9.025633442E-1,9.293700844E-1
1.821365500E1,-7.195787504E-1,1.349440016E0,-1.593024203E0,2.208281696E0
1.822362500E1,-8.473083258E-1,7.420675072E-1,-1.214932129E0,1.656700233E0
1.823359500E1,4.811678146E-1,-2.921596384E-1,-9.892155719E-1,1.138168339E0
1.824356500E1,-1.112800056E0,-1.236113960E0,8.918389660E-1,1.887240957E0
1.825353500E1,-9.021805709E-1,-2.626247090E0,-3.625168455E-1,2.800450325E0
1.826350500E1,3.922535916E-1,-4.782171049E0,2.627116570E0,5.470353215E0
1.827347500E1,1.428547289E0,-2.350788268E0,2.333155990E-1,2.760686329E0
1.828344500E1,2.721982674E-1,5.270855606E-2,1.889662224E0,1.909893560E0
1.829341500E1,-5.589796369E-1,-6.169566804E-1,5.897987026E-1,1.020272655E0
1.830338500E1,-1.302546224E0,-1.538121772E0,-1.516394688E0,2.522280337E0
1.831335500E1,-2.398267513E0,-3.788167485E0,-1.939661765E-1,4.487707971E0
1.832332500E1,-2.465401004E0,-3.964263108E-1,5.038340490E0,5.623186893E0
1.833329400E1,-8.866657881E-1,3.768693918E0,2.529598462E0,4.624726851E0
1.834326400E1,1.390911101E0,-1.289167795E-1,2.427894917E0,2.801058184E0
1.835323400E1,1.078582442E0,-2.270881974E0,1.024965448E0,2.714921581E0
1.836320400E1,1.513597818E-1,-9.547941828E-1,-2.484404163E0,2.665859291E0
1.837317400E1,-2.079519854E0,-2.908244267E-1,-9.970233589E-1,2.324443428E0
1.838314400E1,-2.548881994E0,2.099154220E0,-2.016322855E0,3.868954086E0
1.839311400E1,-1.484740640E0,2.720246051E0,-4.599805748E0,5.546386776E0
1.840308400E1,-1.158172695E0,2.788392134E0,-8.794954938E-1,3.144838153E0
1.841305400E1,1.139544417E0,-1.952940792E0,-2.594655168E-1,2.275930923E0
1.842302400E1,1.714211768E-1,-2.621207959E0,-8.321406484E-2,2.628124990E0
1.843299400E1,7.436627738E-1,-1.380468851E0,-1.556429404E-1,1.575738968E0
1.844296400E1,1.865429901E-2,-9.488349929E-1,6.352572960E-1,1.142010358E0
1.845293400E1,-1.423509182E0,4.653053418E-1,2.501032475E0,2.915141659E0
1.846290400E1,6.249545020E-1,2.333792167E0,1.317013990E0,2.751668559E0
1.847287300E1,2.870424184E0,3.617532868E0,-9.741432041E-1,4.719622234E0
1.848284275E1,2.026326272E0,1.855029166E-3,-2.003058447E0,2.849253366E0
1.849281275E1,7.671310124E-1,-2.997900502E0,-1.595278305E0,3.481495408E0
1.850278275E1,2.453938634E-1,-2.075244955E0,-3.340150605E0,3.939982974E0
1.851275275E1,5.369293847E-1,-1.227857692E0,-1.427401820E0,1.957907973E0
1.852272275E1,8.306702929E-1,1.159236816E0,1.328725378E0,1.949193233E0
1.853269275E1,-1.927379689E-1,-4.572338453E-1,4.499099153E-1,6.697982128E-1
1.854266275E1,5.123949794E-1,-9.371733060E-1,-5.236368728E-1,1.189553696E0
1.855263275E1,2.690746848E0,-1.106936103E0,-5.347383964E-1,2.958271673E0
1.856260275E1,-1.650428804E0,8.120642334E-1,2.778668214E0,3.332320603E0
1.857257275E1,-5.306276942E-1,-6.662601104E-1,4.964163297E0,5.036703836E0
1.858254275E1,-6.128132338E-2,1.022545578E0,2.800843195E0,2.982293993E0
1.859251275E1,7.676711489E-1,4.821752898E0,-4.048065403E0,6.342353941E0
1.860248275E1,1.620789707E0,2.172522743E0,-2.426292779E0,3.637816790E0
1.861245175E1,2.576842503E0,1.397956411E0,-2.017351965E0,3.558666655E0
1.862242175E1,9.174838306E-1,3.622294548E-1,-2.699967615E0,2.874510720E0
1.863239175E1,-8.682332448E-1,-2.239151765E0,1.195725780E0,2.682795135E0
1.864236175E1,8.946486262E-1,3.917596480E-1,1.497638574E0,1.787957797E0
1.865233175E1,-1.573640683E0,1.298628590E-1,3.276210133E0,3.636861586E0
1.866230175E1,-1.041245997E0,3.729652351E-1,-1.671685626E0,2.004452325E0
1.867227175E1,8.790251766E-2,1.619265338E0,-1.335713385E0,2.100922972E0
1.868224175E1,1.330748661E0,-3.360947397E-1,2.168576750E0,2.566432698E0
1.869221175E1,1.057174105E0,-1.545787472E0,4.749887987E0,5.105733236E0
1.870218175E1,-8.904028898E-1,3.610239051E0,1.673336295E0,4.077584784E0
1.871215175E1,-3.713456295E-1,-1.026710550E0,3.134045609E0,3.318775981E0
1.872212175E1,-6.244519338E-1,5.246738765E-1,6.271466231E-1,1.028851681E0
1.873209175E1,-1.578023318E0,3.202056036E0,-3.499707087E0,4.999126938E0
1.874206175E1,-4.220626970E-1,-3.595123122E0,-2.738555145E-1,3.630157576E0
1.875203075E1,-1.813797232E0,-1.972100948E0,6.254181862E-3,2.679380836E0
1.876200075E1,-3.537733577E0,1.005930130E0,-2.153305576E0,4.261945471E0
1.877197075E1,-2.488019204E0,-2.135098516E0,-7.568372816E-1,3.364771598E0
1.878194075E1,-1.654624182E0,8.873851418E-2,-6.060009279E0,6.282465134E0
1.879191075E1,-8.584490258E-1,2.171006852E-1,-6.877358810E0,6.934128038E0
1.880188075E1,-1.949765608E0,-1.791337785E0,-1.772229668E0,3.186106555E0
1.881185075E1,-5.265918363E-1,-1.410392562E0,2.790077301E0,3.170337125E0
1.882182075E1,-1.023146672E0,-6.998684442E-1,7.330364826E0,7.434439686E0
1.883179075E1,8.392635803E-1,-2.012043863E0,8.928023533E0,9.190336668E0
1.884176075E1,-2.351163514E0,-3.151739869E-1,-8.149966121E-2,2.373593627E0
1.885173075E1,-2.570472546E0,2.711355652E0,-3.539319634E0,5.146412542E0
1.886170075E1,4.811802399E-1,1.461304853E0,-3.204051983E-1,1.571497944E0
1.887167075E1,1.115887605E0,-3.611299151E0,-2.918242421E0,4.775230417E0
1.888164075E1,1.191492067E-1,-2.034753279E0,-4.660393428E0,5.086618163E0
1.889160975E1,8.388894316E-1,1.832498382E0,-1.368336171E0,2.436006912E0
1.890157975E1,-2.122004700E0,-1.267255354E-1,4.420521346E0,4.905096561E0
1.891154975E1,-1.843344967E0,-3.538553942E0,1.385297774E0,4.223545263E0
1.892151975E1,-1.224543782E0,-6.056066501E-1,1.606131907E0,2.108536599E0
1.893148975E1,-3.618558177E-1,1.931839360E0,1.050712493E0,2.228663207E0
1.894145975E1,-5.278901374E-1,8.370274588E-1,1.368827337E-1,9.990094328E-1
1.895142975E1,4.500360690E-1,1.927325894E0,-2.715408942E0,3.360143343E0
1.896139975E1,-2.663271513E-2,-2.336509368E0,-1.144124687E-2,2.336689160E0
1.897136975E1,-4.469567791E-2,-1.561914385E0,2.612560512E0,3.044182432E0
1.898133975E1,-1.210317214E0,6.100101882E-1,8.214759117E-1,1.584866828E0
1.899130975E1,-1.832680961E0,7.773823509E-1,1.781629068E0,2.671562270E0
1.900127975E1,-3.310676546E0,-2.195215202E0,1.336476447E0,4.191147607E0
1.901124975E1,-3.360499501E0,-4.546672100E-1,-2.001703062E0,3.937828629E0
1.902121975E1,-9.374169888E-1,7.318959832E-3,-1.790160155E0,2.020761629E0
1.903118875E1,4.475095602E-1,-1.490183959E0,5.499526176E0,5.715391605E0
1.904115875E1,7.483355031E-1,2.617332132E0,-2.995546120E-1,2.738643182E0
1.905112875E1,1.102813962E0,1.364020341E0,-3.790068707E0,4.176286739E0
1.906109875E1,3.116112784E-2,2.114407851E0,-3.619839302E0,4.192246194E0
1.907106875E1,-3.790055916E-1,1.354164274E0,-2.401697636E0,2.783084199E0
1.908103875E1,-1.823552727E0,1.021267962E0,-4.187931971E0,4.680502857E0
1.909100875E1,-1.057161387E0,1.457824006E0,6.864660412E-1,1.927193985E0
1.910097875E1,-1.833286843E-1,-2.491372874E-1,5.875420867E0,5.883557525E0
1.911094875E1,-6.994558500E-1,6.187754568E-1,-6.033449471E-1,1.111821333E0
1.912091875E1,1.327688886E-1,2.717129778E0,-3.315680008E0,4.288840837E0
1.913088875E1,1.733279172E0,2.102482747E0,-4.907548801E0,5.613263367E0
1.914085875E1,1.263327341E0,-2.954942763E0,2.558055691E0,4.107472656E0
1.915082875E1,-2.080678480E0,-1.541680680E0,2.839412599E0,3.842950190E0
1.916079875E1,-3.182088087E0,5.060867473E-1,8.708878076E-1,3.337701899E0
1.917076775E1,-1.512623234E0,-4.777862236E-1,-2.859288454E-4,1.586287743E0
1.918073775E1,-1.060477562E0,1.341091947E0,7.736070961E-1,1.876594844E0
1.919070775E1,-2.274559872E0,-1.059263461E0,7.807985281E0,8.201237458E0
1.920067775E1,-6.407362832E-1,1.333661305E0,4.633028458E0,4.863553038E0
1.921064775E1,-1.623663065E-1,3.777724358E0,-6.868472212E0,7.840502195E0
1.922061775E1,-1.108334391E0,-1.130449219E0,-1.029794898E1,1.041892862E1
1.923058775E1,-1.045294865E-2,-3.112452427E0,-2.665174928E0,4.097636730E0
1.924055775E1,-2.415315582E-1,-4.172622206E0,1.527195080E0,4.449880715E0
1.925052775E1,-1.428465867E0,-5.087583987E0,6.785393218E0,8.600324800E0
1.926049775E1,1.004717052E0,-1.858742148E-2,7.340344854E0,7.408809919E0
1.927046775E1,-2.814356622E-1,5.663476841E0,1.944719022E0,5.994673305E0
1.928043775E1,2.025333999E0,2.077924149E0,1.791071736E0,3.409939082E0
1.929040775E1,-1.934964258E-2,-2.538689421E0,-1.048040900E0,2.746581168E0
1.930037775E1,-1.176317848E0,-2.586286633E0,-4.313976890E0,5.165558909E0
1.931034775E1,4.928797144E-1,-2.731973227E0,-2.689394095E0,3.865158305E0
1.932031675E1,2.235904368E-1,-9.457578957E-3,-3.572422476E0,3.579425160E0
1.933028675E1,1.148311293E0,-3.919037527E0,-1.523216634E0,4.358630849E0
1.934025675E1,7.795651896E-1,-3.486365495E0,1.355472296E0,3.820964721E0
1.935022675E1,5.527290364E-1,1.211568811E0,3.668721440E0,3.902938044E0
1.936019675E1,-1.845360795E0,2.048037276E0,8.368912772E0,8.811271993E0
1.937016675E1,-3.493278658E-1,3.981443982E0,1.188420854E0,4.169684672E0
1.938013675E1,2.455470678E0,-4.196725014E-1,-9.505274695E-1,2.666264002E0
1.939010675E1,6.896255842E-1,-3.286807334E0,-4.687186539E-1,3.390926581E0
1.940007675E1,-4.225684811E-1,-1.186298314E0,-3.598861831E0,3.812830221E0
1.941004675E1,2.213654251E-1,1.910413992E-1,-4.231999512E0,4.242089030E0
1.942001675E1,5.058882344E-1,3.220915061E0,-5.748232232E0,6.608508949E0
1.942998675E1,1.655270445E0,6.215034753E-1,-3.555198333E0,3.970594666E0
1.943995675E1,2.042886318E0,-3.659296898E0,-6.024093926E-1,4.233997564E0
1.944992675E1,8.049416669E-1,-1.161344152E0,2.867840007E0,3.197054524E0
1.945989575E1,2.409259402E0,3.990891913E0,4.038142678E0,6.167523443E0
1.946986575E1,5.326579571E-1,4.872840022E0,1.299019184E0,5.071069435E0
1.947983575E1,1.768411437E0,-2.523924616E0,3.300298907E0,4.515467568E0
1.948980562E1,2.778081592E-2,-4.229403056E0,7.739386332E-1,4.299721269E0
1.949977563E1,-6.880547297E-1,2.440070866E0,-3.347622178E0,4.199278436E0
1.950974562E1,-1.296175536E0,3.817419935E0,2.233981365E-1,4.037656834E0
1.951971562E1,-3.788928865E-1,1.158080821E0,1.787834718E0,2.163576665E0
1.952968562E1,2.603705488E0,3.011982936E0,-7.760933322E-1,4.056309201E0
1.953965563E1,1.732443751E0,-1.676618922E-1,-1.590539137E0,2.357813947E0
1.954962563E1,2.060448284E0,-2.796739326E0,-9.563360935E-1,3.603023274E0
1.955959562E1,8.436478226E-1,1.362459134E0,-3.067814198E0,3.461144391E0
1.956956562E1,7.510633023E-1,4.871824068E-1,-1.142040739E0,1.451102971E0
1.957953563E1,-7.387018499E-1,-1.951545061E0,1.963179851E0,2.865010240E0
1.958950563E1,8.388901625E-2,-1.979325768E0,3.840888612E0,4.321711836E0
1.959947562E1,2.120332323E-1,8.500421914E-1,5.756023062E0,5.822313227E0
1.960944462E1,4.722177009E-1,2.599928479E0,4.019149168E0,4.810008076E0
1.961941462E1,7.387898505E-1,2.628540952E0,2.251352273E0,3.538873414E0
1.962938463E1,1.812323734E0,2.358604242E0,-3.005225601E0,4.228346272E0
1.963935463E1,1.774261941E-1,1.859586193E0,-1.965067332E0,2.711278386E0
1.964932462E1,1.066617651E0,-2.298225308E0,-4.230627755E0,4.931300435E0
1.965929462E1,-4.996569297E-1,-1.516732657E0,-3.582303101E0,3.922120665E0
1.966926463E1,-2.984985318E-1,5.806483948E-1,2.125268177E0,2.223290075E0
1.967923463E1,5.224199210E-1,-3.197640511E-1,-1.431743962E0,1.557261184E0
1.968920462E1,6.162702173E-1,-1.780801687E-1,5.983104944E-2,6.442680201E-1
1.969917462E1,1.510135901E-1,3.404434894E0,3.135592782E0,4.630866458E0
1.970914462E1,-7.737225055E-1,-5.201975405E-1,2.044326341E0,2.246891671E0
1.971911463E1,-5.241299758E-1,5.325892523E-1,-2.177225951E0,2.301885398E0
1.972908462E1,4.682218599E-1,5.748321694E-1,-7.056217536E0,7.095059524E0
1.973905462E1,-7.442226447E-2,-2.842071620E0,2.196962643E-1,2.851521737E0
1.974902362E1,8.199044725E-1,-7.353522724E-1,1.122428593E0,1.572524167E0
1.975899363E1,-3.116793253E-1,-2.032281953E0,3.869720063E0,4.382014070E0
1.976896363E1,-2.509914395E0,-3.370984143E-1,3.951774040E0,4.693593898E0
1.977893362E1,-2.708364874E-1,-5.206454372E-1,5.310441256E-2,5.892742595E-1
1.978890362E1,-5.412544604E-2,-8.834733546E-1,-3.219616102E0,3.339069118E0
1.979887362E1,2.036794981E-1,-2.364564309E0,-2.045954790E0,3.133461458E0
1.980884363E1,-1.039998201E0,-3.777226175E0,-5.381698934E0,6.656704684E0
1.981881362E1,-1.611894922E0,-2.926769123E0,-1.419126840E0,3.630165799E0
1.982878362E1,1.568369053E-1,-1.993128705E-1,5.460908825E0,5.466795097E0
1.983875362E1,-4.913794285E-1,3.648988549E0,6.581892571E0,7.541742570E0
1.984872363E1,3.793254343E-1,3.521880314E0,3.566798040E0,5.026885416E0
1.985869362E1,3.795543163E0,-4.273861483E-1,-1.337560521E0,4.046958730E0
1.986866362E1,-7.257958755E-2,-2.146644136E0,-4.648049371E0,5.120323407E0
1.987863362E1,-1.782709925E0,-3.435211129E0,-6.660432372E0,7.703251882E0
1.988860262E1,2.955810636E-1,8.085792929E-2,-1.889673334E0,1.914359287E0
1.989857263E1,7.991858871E-1,-4.685084465E-1,6.597778872E0,6.662498352E0
1.990854262E1,-1.060148584E0,-3.661114213E-1,4.147475671E0,4.296452843E0
1.991851262E1,8.841112858E-1,5.749321568E-1,-6.751850080E-1,1.252227833E0
1.992848262E1,-1.917418957E-2,5.245002726E0,1.126781845E-1,5.246247957E0
1.993845263E1,9.119261983E-1,2.217734876E0,-2.958388234E0,3.808151562E0
1.994842262E1,5.384232752E-1,-2.131341680E0,-1.227840443E0,2.517957334E0
1.995839262E1,4.517496686E-2,-5.407984507E-1,-6.619545132E-1,8.559716815E-1
1.996836262E1,1.386747299E0,2.991702453E0,1.097047584E0,3.475178419E0
1.997833263E1,-9.681348246E-1,1.579402822E0,2.256731712E0,2.919697986E0
1.998830263E1,-1.928333808E0,1.707030290E-1,-1.393533577E0,2.385277055E0
1.999827262E1,3.210466744E-1,1.743267532E0,-1.295327252E0,2.195432838E0
2.000824262E1,8.901185690E-1,1.724035455E0,7.485465145E-1,2.079646894E0
2.001821263E1,1.733563201E0,2.608910680E-1,2.824443727E0,3.324272535E0
2.002818163E1,6.702742240E-1,1.632020161E0,3.958664399E0,4.334025977E0
2.003815162E1,3.697326750E-1,1.726570808E0,1.230503849E0,2.152182318E0
2.004812162E1,1.149238808E-1,6.647515288E-1,-2.053673699E0,2.161637749E0
2.005809162E1,-4.193663996E-1,7.079656684E-1,-4.371724577E0,4.448489557E0
2.006806163E1,-9.946900275E-1,-1.039091444E0,-7.109072272E0,7.253139172E0
2.007803163E1,-3.145240104E0,-1.213770580E0,-3.369120635E0,4.766208995E0
2.008800162E1,-3.259433886E-1,1.302742106E-1,-7.647585046E-1,8.414665965E-1
2.009797162E1,2.249639916E0,8.801451194E-1,-3.371774102E0,4.147818195E0
2.010794162E1,9.773866546E-1,-2.413977959E0,4.011668825E0,4.782892536E0
2.011791163E1,-1.689210901E0,-5.160321010E0,6.836849885E0,8.730685125E0
2.012788162E1,-8.622731779E-1,-3.329188830E0,3.680562052E0,5.037216525E0
2.013785162E1,7.022048454E-1,5.380178073E-1,-4.454642773E-2,8.857421691E-1
2.014782162E1,-2.470509717E0,2.990704626E0,-2.308453258E0,4.514054592E0
2.015779163E1,-1.471745642E0,-9.642763200E-1,-6.939545703E-1,1.891411378E0
2.016776162E1,-3.113721857E0,1.897887210E0,-1.158272610E0,3.826073066E0
2.017773062E1,-1.599179129E0,7.747098809E-1,1.887961269E0,2.592671795E0
2.018770062E1,1.454971588E0,1.656992742E-1,5.783896154E-1,1.574462803E0
2.019767062E1,8.821605085E-1,2.017368630E0,1.551401968E0,2.693479426E0
2.020764063E1,2.465594255E0,-2.201762622E0,1.753252530E0,3.741765373E0
2.021761062E1,-4.114711236E-2,2.575841167E0,-1.675976313E0,3.073360930E0
2.022758062E1,9.744677246E-1,1.828778091E0,6.045126361E-1,2.158576424E0
2.023755062E1,2.809866326E-1,-1.321332158E0,-2.516588992E-1,1.374119486E0
2.024752063E1,-4.554315872E-2,-1.314215512E0,-3.793164808E0,4.014640189E0
2.025749062E1,2.570678368E0,-2.424474880E0,-2.034883672E-1,3.539473581E0
2.026746062E1,1.072734861E0,-1.955396622E-1,1.432247992E0,1.800091707E0
2.027743062E1,-2.336980434E-1,-9.782333314E-2,2.992817225E0,3.003521121E0
2.028740063E1,2.318368747E-1,6.340287960E-1,1.541635948E0,1.682968285E0
2.029737063E1,1.014263436E0,-8.638731954E-1,-1.854163778E0,2.283184296E0
2.030734062E1,1.579466410E0,-2.572603856E0,-1.629582165E0,3.430530975E0
2.031730962E1,-8.729143064E-1,-4.040031329E0,8.794259119E-1,4.225780692E0
2.032727962E1,-1.986489192E0,-3.671950273E0,1.723331158E0,4.516550497E0
2.033724963E1,1.000393986E0,-2.145416221E0,-3.217632142E0,3.994590778E0
2.034721962E1,8.773604561E-1,-7.154846030E-1,-5.834711967E0,5.943529534E0
2.035718962E1,4.916777462E-2,-7.004098964E-1,-1.682990633E0,1.823581356E0
2.036715962E1,-1.051387408E0,-1.952125690E0,6.388869551E0,6.762681741E0
2.037712963E1,-2.509201620E0,-2.248497078E-1,1.031314121E1,1.061638035E1
2.038709963E1,5.247177671E-1,5.338183955E0,6.829923858E0,8.684434154E0
2.039706962E1,1.114903446E0,7.336218474E0,1.338024790E0,7.540120790E0
2.040703962E1,1.426049066E0,2.325890824E0,-1.187728543E0,2.975581146E0
2.041700963E1,3.599427842E0,-5.661437917E-1,-6.716749830E0,7.641408761E0
2.042697963E1,3.773747374E0,-5.844783211E-1,-9.166114553E0,9.929775433E0
2.043694962E1,1.775389650E0,1.897698930E0,-7.237277738E0,7.689698219E0
2.044691962E1,3.542249820E-1,8.717230824E-1,1.369482810E0,1.661583473E0
2.045688962E1,1.132071236E0,8.231859300E-1,8.074301396E0,8.194727780E0
2.046685863E1,2.303642753E0,2.794673797E-1,2.920585985E0,3.730240535E0
2.047682863E1,2.624538533E0,2.496682731E0,-3.829183071E0,5.271078653E0
2.048679879E1,-6.966903363E-1,7.034063020E-1,-1.238470681E0,1.585549582E0
2.049676879E1,1.322281892E0,-3.771059409E-1,9.522342718E-1,1.672539507E0
2.050673879E1,3.199552551E-1,-3.623674491E-1,1.839037031E-1,5.172060570E-1
2.051670879E1,5.765033402E-1,-5.138711455E-1,-2.345081386E0,2.468972734E0
2.052667879E1,-7.700931387E-1,3.619879648E-1,-3.146380895E-1,9.072352817E-1
2.053664879E1,-2.185524173E0,3.229489126E0,3.869079208E-1,3.918649469E0
2.054661879E1,6.208829395E-3,-8.309621421E-1,3.945674225E0,4.032230366E0
2.055658879E1,-2.251242346E0,-2.727589862E0,7.230349372E0,8.048962082E0
2.056655879E1,-7.468459980E-1,2.297798169E0,1.113966503E0,2.660559479E0
2.057652879E1,2.370421940E-1,1.215026270E0,-2.901517630E0,3.154565326E0
2.058649879E1,2.109306010E0,6.577494881E-1,-5.857751166E0,6.260595415E0
2.059646879E1,-2.847878344E-1,-1.446517537E0,-6.833578953E0,6.990802414E0
2.060643779E1,-1.947111301E-1,-2.385164049E-1,-4.314161078E0,4.325134484E0
2.061640779E1,-9.986832373E-1,-3.945521613E0,3.361587667E0,5.278710131E0
2.062637779E1,-2.708357200E0,-6.188589551E0,4.940903658E0,8.369370843E0
2.063634779E1,3.547945739E0,4.606889650E0,2.362632973E0,6.276415042E0
2.064631779E1,-1.515826923E0,4.037308280E0,2.371531851E0,4.921559990E0
2.065628779E1,-2.850478454E0,1.943022745E0,-5.986554801E-2,3.450238932E0
2.066625779E1,6.427714066E-1,-4.044531346E0,-2.046065887E0,4.577966197E0
2.067622779E1,7.811364826E-2,-4.361984285E0,-1.965364956E0,4.784941803E0
2.068619779E1,1.976632248E-1,-2.101078539E0,-3.853339673E0,4.393384619E0
2.069616779E1,-1.750356550E0,-2.323845468E0,-5.837216914E-1,2.967277679E0
2.070613779E1,-2.549087524E0,-1.637280317E0,1.385049852E0,3.331200554E0
2.071610779E1,2.424661260E0,-5.032993796E-1,3.613317318E0,4.380451407E0
2.072607779E1,-3.231675984E0,9.822842824E-1,5.968842416E0,6.858257203E0
2.073604779E1,-5.758895653E-1,2.889178836E0,9.675177240E-1,3.100821453E0
2.074601679E1,-3.595220478E-1,-2.671520326E0,-1.645667855E0,3.158243126E0
2.075598679E1,-2.301708056E0,-6.543590385E0,3.444221104E0,7.744617106E0
2.076595679E1,-7.822452608E-1,-9.581943387E-1,4.831059034E0,4.986900383E0
2.077592679E1,-1.090446078E0,7.690519397E0,3.040329945E-1,7.773390335E0
2.078589679E1,9.760299544E-1,4.548518066E0,-4.016338996E0,6.145944191E0
2.079586679E1,-1.057245477E-1,-2.506761284E0,-1.143057219E1,1.170269244E1
2.080583679E1,-4.893845413E-2,-3.170535451E0,-1.308243985E1,1.346123777E1
2.081580679E1,9.522610959E-1,-2.019066661E0,2.496261731E0,3.348843682E0
2.082577679E1,-1.595213255E0,-2.911807853E0,1.607665280E1,1.641590983E1
2.083574679E1,-3.761434344E-2,-9.047686216E-1,8.065916489E0,8.116589795E0
2.084571679E1,1.414083324E0,4.760940101E0,-4.880013093E0,6.962809066E0
2.085568679E1,1.638864620E0,-1.376751191E0,-6.158447154E0,6.519800030E0
2.086565679E1,-2.308748250E0,-6.811905078E0,4.402295575E0,8.432827260E0
2.087562679E1,-1.247011014E-1,3.040388417E0,3.165048716E0,4.390563229E0
2.088559679E1,1.408510635E0,8.995758263E0,-9.214627147E-3,9.105364015E0
2.089556679E1,-2.077279055E0,2.451386983E0,5.948752552E-1,3.267761157E0
2.090553579E1,2.670642367E0,7.393687248E-1,-3.744189699E0,4.658106188E0
2.091550579E1,-2.254656023E-1,-1.652114995E0,-5.600341530E0,5.843299064E0
2.092547579E1,-1.945953662E0,-7.256877020E-1,-2.505454139E0,3.254329230E0
2.093544579E1,-1.328166384E0,-1.635314190E-1,2.695191025E0,3.009123315E0
2.094541579E1,-2.902285589E-1,1.560152911E0,4.878057200E0,5.129693145E0
2.095538579E1,-4.882563576E-1,4.071463329E0,-4.024698760E0,5.745729546E0
2.096535579E1,-5.005429291E-1,2.701741076E-1,-2.580083322E0,2.642038459E0
2.097532579E1,7.285898944E-1,-2.424484236E0,4.660893365E0,5.304045060E0
2.098529579E1,1.366842500E0,1.945934950E0,7.521799743E-2,2.379197133E0
2.099526579E1,1.473908088E0,2.251970324E0,-3.101547369E0,4.106503559E0
2.100523579E1,-2.582423670E0,-1.090185876E0,-5.655660868E-2,2.803678995E0
2.101520579E1,-2.258637465E0,-2.755390156E0,-1.483497668E0,3.859324221E0
2.102517579E1,-2.628122584E0,-6.882874489E-2,-3.945859582E0,4.741473774E0
2.103514579E1,2.243859359E0,-1.673675726E0,1.425800852E0,3.141496988E0
2.104511479E1,-2.664470046E0,-2.156681174E0,-5.734247446E-1,3.475556107E0
2.105508479E1,-2.074150210E0,-2.861296973E0,8.293354467E0,9.014923614E0
2.106505479E1,-1.889487831E0,2.219895422E-1,6.622232512E0,6.890094852E0
2.107502479E1,-3.832350654E-1,3.756796588E0,1.220752448E0,3.968705867E0
2.108499479E1,3.416071146E0,2.031044390E0,9.089432412E-1,4.076869044E0
2.109496479E1,-2.747332547E-1,-1.173920051E0,-1.506698835E0,1.929691174E0
2.110493479E1,-2.908608256E0,9.021245107E-1,-8.424092361E0,8.957631536E0
2.111490479E1,-1.009695225E0,-1.051559170E0,-9.523287043E0,9.634223230E0
2.112487479E1,2.747252586E0,-5.490612681E0,-2.183761969E0,6.516367141E0
2.113484479E1,-9.063569447E-1,-2.249527357E0,2.726334465E0,3.648939004E0
2.114481479E1,5.969120597E-1,2.219468576E0,7.705309929E0,8.040780177E0
2.115478479E1,1.135858039E0,2.581820530E0,2.390699024E0,3.697487330E0
2.116475479E1,1.158802441E0,5.147537827E-1,1.183664144E0,1.734605246E0
2.117472479E1,-1.084222667E0,-2.858725952E0,2.645507233E0,4.043088099E0
2.118469479E1,-1.807303315E0,-2.053403558E0,4.292797691E-1,2.768951528E0
2.119466379E1,-1.434621962E0,2.970052553E0,-2.765375154E0,4.304259760E0
2.120463379E1,-1.688759788E0,3.794857576E-1,2.191558646E0,2.792641825E0
2.121460379E1,-1.307722618E0,-3.000597530E0,6.094587958E-1,3.329438993E0
2.122457379E1,9.366735153E-1,-1.821979241E0,-6.211052799E0,6.540194378E0
2.123454379E1,1.257103272E0,5.279728755E-1,-6.105276668E0,6.255674799E0
2.124451379E1,-1.574569842E-1,-4.075630347E0,-1.606487417E-1,4.081833344E0
2.125448379E1,-1.486859049E-1,-2.965761573E0,2.827595376E0,4.100383496E0
2.126445379E1,-1.149476936E0,-2.251183581E0,4.719067313E0,5.353384074E0
2.127442379E1,-7.997113325E-1,-9.340622950E-1,7.526857585E0,7.626637246E0
2.128439379E1,-2.090248216E-1,2.257860517E0,4.710597621E0,5.227939885E0
2.129436379E1,1.237262207E0,1.820690807E0,1.742148668E-1,2.208185591E0
2.130433379E1,2.173656811E0,5.429294685E-1,-5.231595061E0,5.691146037E0
2.131430379E1,2.891587596E0,1.613571027E0,-6.421208746E0,7.224736123E0
2.132427379E1,7.718022068E-1,-2.011439261E-1,-4.623257176E0,4.691550324E0
2.133424379E1,-1.216743378E0,-2.826571821E0,4.018379674E0,5.061358307E0
2.134421379E1,-8.213308277E-1,-4.368209231E-1,5.274977893E0,5.356378311E0
2.135418279E1,1.138740351E0,-1.262279373E-1,1.230348898E0,1.681196446E0
2.136415279E1,1.240029256E0,1.333608095E0,-2.207574170E0,2.861741921E0
2.137412279E1,9.030864508E-1,2.295837598E0,1.263579794E0,2.771835007E0
2.138409279E1,2.399239942E-1,7.705194739E-1,1.181678429E0,1.430953421E0
2.139406279E1,1.975686643E-1,2.201823725E0,1.103381873E0,2.470731198E0
2.140403279E1,-7.768797827E-1,1.146371479E0,2.566942874E0,2.916659988E0
2.141400279E1,1.338337762E0,7.304299693E0,-4.956487073E0,8.928085241E0
2.142397279E1,2.007270050E0,3.837578211E0,-1.316604802E1,1.386004906E1
2.143394279E1,4.946811685E-1,-4.249821533E0,-1.171834408E1,1.247498619E1
2.144391279E1,-1.392704735E0,-5.055951719E0,-3.512555174E0,6.311918735E0
2.145388279E1,-5.195499614E-1,-1.755070429E0,1.275384387E1,1.288451543E1
2.146385279E1,8.240443012E-1,3.468352563E0,1.788900548E1,1.824075206E1
2.147382279E1,-1.244288953E0,8.209268582E0,4.804289896E0,9.592786199E0
2.148379279E1,5.777453984E-1,-1.939917288E0,-2.241093333E0,3.019862275E0
2.149376387E1,5.646016251E-1,-6.344003280E0,-6.439964860E0,9.057499656E0
2.150373287E1,-3.033562341E-1,2.904896736E-1,-2.897324007E0,2.927609205E0
2.151370288E1,-1.660989314E0,4.104293398E0,-5.414427554E0,6.994293069E0
2.152367288E1,-1.928023029E0,-2.915309750E0,-3.131442429E0,4.692785465E0
2.153364287E1,-1.271436844E0,-3.028402502E0,-6.182962775E-1,3.342164516E0
2.154361287E1,-5.213258339E-1,1.999247231E0,-7.878064746E-1,2.211200841E0
2.155358287E1,5.556193151E-1,-2.357823638E0,2.874050919E0,3.758751631E0
2.156355288E1,-1.774404248E0,-8.193732530E-2,1.620966877E0,2.404736530E0
2.157352287E1,-1.370499202E0,-1.703453841E0,-6.710796779E-1,2.287000434E0
2.158349287E1,-6.593204887E-1,-2.737814888E0,2.498812287E0,3.764890000E0
2.159346287E1,-2.846274599E0,-1.977439456E0,6.534057085E0,7.396313128E0
2.160343288E1,2.773842178E-1,1.488230112E0,3.072029455E0,3.424782598E0
2.161340287E1,1.757853412E0,-9.657422170E-1,5.222100352E0,5.594018121E0
2.162337287E1,3.656238804E0,3.798341932E0,7.088462591E-2,5.272618729E0
2.163334287E1,1.640663223E0,3.167110152E0,-1.895628723E0,4.039278498E0
2.164331288E1,2.026380505E0,-1.848206342E0,-2.718625495E0,3.861736555E0
2.165328188E1,4.466985368E0,-3.046989047E0,-6.644295811E0,8.566490959E0
2.166325187E1,8.935536620E-1,-2.278923942E0,-3.725504336E0,4.457725321E0
2.167322187E1,-1.203641594E0,-2.305244306E-1,-1.163974814E0,1.690186963E0
2.168319187E1,-9.995762533E-1,-5.977430221E-1,-3.198760253E-1,1.207795545E0
2.169316188E1,-1.419148475E-1,-2.948400605E0,3.934759228E0,4.918895825E0
2.170313187E1,-8.492785451E-1,8.143499100E-1,-2.101762955E0,2.408702419E0
2.171310187E1,1.176774954E0,1.615764317E0,-5.915493590E-1,2.084568125E0
2.172307187E1,2.743212453E0,3.794720167E0,3.400298574E0,5.786807937E0
2.173304188E1,8.489326092E-1,6.342246777E0,4.576612183E0,7.867029924E0
2.174301188E1,2.066659196E0,-2.658524305E-2,3.355355120E0,3.940836839E0
2.175298187E1,1.129731108E0,-3.610903880E0,-1.578530710E0,4.099594907E0
2.176295187E1,-1.480572598E0,-9.483268699E-1,-4.134218863E0,4.492569942E0
2.177292188E1,-1.197266668E0,-1.343488428E-1,4.012593269E-1,1.269844925E0
2.178289188E1,2.903455105E0,2.813884825E-2,5.127347392E-1,2.948514924E0
2.179286187E1,3.258360045E0,3.226981840E0,-5.589717724E0,7.230163636E0
2.180283087E1,-2.846359895E-1,4.215678763E-1,-5.028271000E0,5.053933752E0
2.181280087E1,-1.991775806E-1,2.009116454E0,-3.219823678E0,3.800458545E0
2.182277088E1,1.096762971E0,-3.048972715E0,7.404487056E-1,3.323761110E0
2.183274088E1,-9.429947940E-1,-3.639129851E0,5.095073100E0,6.331846110E0
2.184271087E1,-7.682309467E-1,2.548448716E0,2.453697510E0,3.620138273E0
2.185268087E1,4.630937421E-1,3.278790217E0,-5.174937880E-1,3.351525163E0
2.186265088E1,-6.898186154E-1,1.519837528E0,1.442356074E0,2.205934468E0
2.187262088E1,-1.298491180E-1,-5.197031584E-1,3.387668003E0,3.429758981E0
2.188259087E1,6.982165327E-1,-7.765035143E-1,1.050520120E0,1.481234808E0
2.189256087E1,-8.614433849E-1,3.024769627E0,9.966292566E-1,3.299179576E0
2.190253087E1,1.541503217E0,7.433699745E-1,-2.061213099E0,2.679072699E0
2.191250088E1,1.662139900E0,-2.042642927E0,-1.812043360E0,3.196654550E0
2.192247087E1,-3.494993354E0,1.461315671E-1,4.953176379E-3,3.498050531E0
2.193244087E1,8.993090764E-2,7.656022578E-2,6.591209525E-1,6.696188963E-1
2.194241087E1,6.146337278E-2,2.938222065E0,1.208696074E0,3.177715035E0
2.195237988E1,-6.992615032E-1,1.477511873E0,2.698092413E0,3.154633204E0
2.196234988E1,1.264334231E0,-2.041474361E0,-9.933600783E-2,2.403336484E0
2.197231987E1,-1.082017389E-1,-1.549696335E-1,-2.822953271E0,2.829273471E0
2.198228987E1,-1.267837152E0,1.434200085E0,2.651343924E-1,1.932520937E0
2.199225987E1,-7.815508309E-1,1.072037873E0,-1.909396577E-1,1.340352512E0
2.200222988E1,-3.413310383E0,-6.189982358E-1,6.708081917E0,7.551967266E0
2.201219987E1,-2.210845979E0,-1.767186737E0,1.632400523E0,3.267341484E0
2.202216987E1,9.145309136E-1,-9.926423326E-1,-3.973632687E0,4.196601282E0
2.203213987E1,-4.281432531E-1,-1.410300468E0,-4.509799558E-1,1.541310149E0
2.204210988E1,-2.111742691E0,-1.376843870E-2,-5.567660857E0,5.954703534E0
2.205207987E1,3.876363962E0,-8.291302094E-1,-5.343056440E0,6.652962242E0
2.206204987E1,1.487067539E-1,-3.718138599E0,4.190670222E0,5.604318446E0
2.207201987E1,-8.202164215E-1,-1.348069429E0,4.291781445E0,4.572683472E0
2.208198988E1,2.183578366E-1,5.702947301E-1,7.248325467E-1,9.477860754E-1
2.209195988E1,-2.366985787E0,-1.063632208E0,3.233741221E0,4.146205189E0
2.210192887E1,-4.936135400E-1,1.663560627E0,-1.981504440E-2,1.735361900E0
2.211189887E1,-1.616438501E0,2.731653677E0,-4.871943351E0,5.814691501E0
2.212186887E1,-6.127957652E-1,-3.463082467E0,-6.771873870E0,7.630644438E0
2.213183888E1,-8.068609424E-1,-1.582827829E0,-8.721028005E0,8.900151571E0
2.214180887E1,-1.795203964E0,-9.033647051E-1,4.348312910E0,4.790266196E0
2.215177887E1,2.374746650E0,-4.479202248E0,1.018070646E1,1.137319033E1
2.216174887E1,6.462700150E-1,5.086443195E-1,6.640383439E0,6.691119203E0
2.217171888E1,-9.076003551E-1,2.918456722E0,1.362057431E0,3.346091524E0
2.218168888E1,3.188132939E-1,-1.826158538E-1,-1.346082838E0,1.395324146E0
2.219165887E1,-4.437475348E-1,-7.726794353E-1,-5.930672961E-1,1.070361716E0
2.220162887E1,-4.348774548E-1,2.043486388E0,-3.464998015E0,4.046129788E0
2.221159888E1,2.210472634E0,9.653563008E-1,-6.591298987E0,7.018783683E0
2.222156888E1,6.582476708E-1,-3.706543278E0,-8.593799025E-1,3.861384063E0
2.223153887E1,-1.151799596E0,-1.766507291E0,2.871897390E0,3.563002236E0
2.224150787E1,-2.274404921E0,6.830237854E-1,2.621292744E0,3.537034759E0
2.225147787E1,-9.356142922E-1,7.019345579E-1,1.569243577E0,1.957194837E0
2.226144788E1,1.134737128E0,-1.756643915E-1,1.159524499E0,1.631865004E0
2.227141788E1,9.650635014E-1,2.376380070E0,4.656277573E0,5.315961872E0
2.228138787E1,2.236488651E0,-6.203606370E-1,3.933103881E0,4.566840806E0
2.229135787E1,1.694946581E0,1.406632802E0,-2.699470602E0,3.484049552E0
2.230132788E1,1.173034637E0,1.673967794E0,-4.612352119E0,5.044994599E0
2.231129788E1,7.048873287E-3,-8.532698545E-1,-4.509079181E0,4.589108213E0
2.232126787E1,2.405688690E-1,-2.123754626E0,-3.867965314E0,4.419203860E0
2.233123787E1,-1.362639229E0,1.403127396E0,6.034694928E-1,2.046882407E0
2.234120787E1,2.244766189E-1,3.145321088E0,4.819903132E0,5.759765681E0
2.235117788E1,7.403593893E-1,-3.018858969E-1,5.297591999E0,5.357587900E0
2.236114787E1,-1.256804625E0,2.206871627E0,-2.140356917E0,3.321290107E0
2.237111787E1,-1.394999017E-1,2.039898537E0,-1.191532157E0,2.366515401E0
2.238108787E1,2.734791000E0,-7.235110760E-1,-1.523840532E0,3.213197793E0
2.239105687E1,1.214596792E0,6.513336307E-1,-5.413069246E0,5.585767586E0
2.240102688E1,1.299845395E0,9.909843546E-1,-2.858392661E0,3.292727842E0
2.241099687E1,1.430932953E0,6.915534112E-1,2.938217679E0,3.340499718E0
2.242096687E1,-1.908537950E-1,1.704638487E0,2.607824852E0,3.121372775E0
2.243093687E1,-1.610511763E0,2.082098184E0,2.185672254E0,3.421409679E0
2.244090688E1,-1.576066985E0,-5.124181125E-1,-2.414446905E0,2.928500183E0
2.245087687E1,-6.853438143E-1,-2.946113467E0,-1.212324271E0,3.258682378E0
2.246084687E1,-8.862846228E-1,-1.551173927E0,-1.243775859E0,2.176837011E0
2.247081687E1,-1.254621860E0,-2.145825526E0,1.354771800E0,2.830909717E0
2.248078688E1,-2.388981112E0,-2.464844057E0,3.027584769E0,4.577003005E0
2.249075567E1,1.578882895E-1,5.810810888E-1,1.465236229E0,1.584140508E0
2.250072567E1,-8.684622364E-1,1.591843066E0,1.921892661E0,2.642321404E0
2.251069567E1,-1.296377119E0,3.176651346E0,-2.005188587E0,3.973976432E0
2.252066567E1,-3.804109041E0,-8.577496988E-1,-3.789269392E0,5.437420590E0
2.253063467E1,-3.568849828E0,-5.218386785E0,2.035661352E-1,6.325321249E0
2.254060467E1,-1.205951245E0,3.243463094E0,-2.235120987E0,4.119482622E0
2.255057467E1,-1.991729393E-1,-1.423204688E0,8.581560802E-1,1.673802050E0
2.256054467E1,8.860933457E-1,-3.154302118E0,2.430954180E0,4.079745273E0
2.257051467E1,1.215697603E0,-1.470533514E0,1.222054038E0,2.265790270E0
2.258048467E1,2.845866755E0,1.180672708E0,-1.515524037E0,3.433621811E0
2.259045467E1,1.416751555E0,-3.373305488E-1,8.934381795E-1,1.708569182E0
2.260042467E1,-1.299308475E0,-1.144832200E-1,6.078069574E-1,1.439005982E0
2.261039467E1,1.324798242E0,-1.028273803E-1,-3.033402749E0,3.311675722E0
2.262036467E1,4.147208964E-2,-1.283377589E0,-3.753897246E0,3.967432735E0
2.263033467E1,-4.222286117E-1,-9.009483433E-1,1.028048685E0,1.430688302E0
2.264030467E1,1.657476015E0,6.162333798E-1,1.790873516E0,2.516783317E0
2.265027467E1,2.397628705E0,-3.181026818E0,4.080453715E0,5.702425584E0
2.266024467E1,1.104516598E0,2.007103843E0,2.793868051E0,3.613048773E0
2.267021367E1,-8.059202716E-1,1.148689023E0,8.234384127E0,8.353087807E0
2.268018367E1,1.093040195E0,2.455359581E0,5.146622154E0,5.806138745E0
2.269015367E1,2.323833920E0,4.134352180E0,-4.178764122E0,6.321007959E0
2.270012367E1,8.770523078E-1,2.705661634E-1,-1.312868314E0,1.601889512E0
2.271009367E1,2.214920611E0,-2.081666660E0,-4.276886247E0,5.246995842E0
2.272006367E1,6.742447758E-1,-2.591173151E-1,-9.134339029E0,9.162854211E0
2.273003367E1,4.386996700E-1,-1.679609773E-1,-5.336672450E0,5.357307264E0
2.274000367E1,-2.291989764E-1,1.289118970E0,1.082416096E0,1.698818559E0
2.274997367E1,1.835126413E0,-1.206164522E0,3.874537584E0,4.453601161E0
2.275994367E1,2.449827384E0,-2.978662285E-1,3.823427657E0,4.550711763E0
2.276991367E1,2.958691997E0,2.376833521E0,-1.301879641E0,4.012242082E0
2.277988367E1,-1.326487648E-1,1.629002998E0,-2.586867262E0,3.059922988E0
2.278985367E1,-1.522890360E0,-1.958609960E0,2.773762985E0,3.721439119E0
2.279982267E1,-6.246339284E-2,5.571665615E-2,1.233902251E0,1.236737962E0
2.280979267E1,-3.840638717E-1,2.296475529E0,-3.970838302E0,4.603136076E0
2.281976267E1,-8.144652463E-2,2.271446230E0,-2.075656307E0,3.078059554E0
2.282973267E1,-1.019680004E0,3.923201036E-1,2.789741086E0,2.996050351E0
2.283970267E1,3.702531138E-1,-2.534022465E0,4.878874056E0,5.510151475E0
2.284967267E1,2.964327251E0,9.000429019E-1,1.049738932E0,3.270973113E0
2.285964267E1,2.588561785E0,6.421605188E0,-4.790203369E0,8.419246618E0
2.286961267E1,1.683030394E-1,3.613107403E0,-4.664128044E0,5.902284425E0
2.287958267E1,-1.864799863E0,-5.010803613E0,-2.807362840E0,6.038784438E0
2.288955267E1,-2.773142888E0,-9.099781984E-1,-1.908510724E0,3.487233141E0
2.289952267E1,-1.293225470E0,2.083579869E0,-1.595090024E0,2.925414393E0
2.290949267E1,-1.760653936E0,2.280114435E0,6.556938994E-1,2.954447259E0
2.291946267E1,-1.119037062E0,-6.941229701E-3,3.261882700E0,3.448502701E0
2.292943167E1,-1.367674705E0,-2.027333162E0,5.105277661E0,5.660783854E0
2.293940167E1,-1.251261319E0,-4.987587243E-2,3.570709827E0,3.783928007E0
2.294937167E1,5.744936522E-1,-7.996432856E-1,3.584689350E0,3.717454785E0
2.295934167E1,-1.662555491E0,-2.476920311E0,1.130987163E0,3.190353735E0
2.296931167E1,-1.892869422E0,-3.174414201E0,-1.230849420E0,3.895491043E0
2.297928167E1,-1.068000663E0,-1.893390116E0,-2.909476860E0,3.631887546E0
2.298925167E1,-2.509831657E0,-1.718308108E0,1.876213628E0,3.573795640E0
2.299922167E1,-1.023440568E0,-3.268973619E-1,3.896802612E0,4.042197803E0
2.300919167E1,-1.387100032E0,1.210846680E0,1.283019447E-1,1.845713296E0
2.301916167E1,-5.859545968E-1,-9.313202432E-1,-2.931267094E0,3.130978595E0
2.302913167E1,-1.953480197E0,-1.808513688E0,-4.340722640E0,5.092021178E0
2.303910167E1,-4.680841945E-1,-7.687600467E-1,-2.710682638E0,2.856202931E0
2.304907167E1,4.301669744E-1,-4.153530755E0,3.578160349E0,5.499099275E0
2.305904167E1,-6.517466634E-1,-2.551426703E0,6.284288006E0,6.813723481E0
2.306901067E1,-1.873148591E-1,4.402300837E0,2.245104523E0,4.945284000E0
2.307898067E1,-2.185150171E-3,3.428214643E0,-3.943416615E0,5.225245929E0
2.308895067E1,3.783397765E-1,-1.111156331E0,-3.017657951E0,3.237911192E0
2.309892067E1,-2.394573827E0,6.667696953E-1,-1.520153278E0,2.913662923E0
2.310889067E1,-2.285661834E0,-7.029440796E-1,-4.800751162E-1,2.439026961E0
2.311886067E1,-1.031373485E0,-4.914906353E-2,2.307772642E0,2.528232873E0
2.312883067E1,-2.858059077E0,-2.447918999E0,6.829596999E0,7.797705065E0
2.313880067E1,-1.155941106E0,1.077996478E0,3.960860614E0,4.264585917E0
2.314877067E1,-4.302902776E-1,4.518416015E0,-5.590098962E0,7.200724923E0
2.315874067E1,1.744613269E-1,3.442440919E0,-7.150882788E0,7.938259310E0
2.316871067E1,1.247524802E0,-5.543215987E-1,-5.667789162E0,5.829873460E0
2.317868067E1,1.215080649E0,-2.523011574E0,-1.643303241E0,3.246914524E0
2.318864967E1,-2.668894707E-1,-1.645920747E0,3.717103057E0,4.073958791E0
2.319861967E1,-8.374555847E-3,1.619652716E0,1.999912060E0,2.573517690E0
2.320858967E1,-2.108848575E-2,1.003129606E0,-2.418502534E0,2.618371295E0
2.321855967E1,1.069703957E0,1.743774194E-1,-1.391070730E0,1.763448841E0
2.322852967E1,1.807318517E0,-2.943680440E0,1.601913725E0,3.807595349E0
2.323849967E1,8.942838331E-1,-5.871642396E-1,3.556936710E0,3.714337650E0
2.324846967E1,6.011493907E-1,3.042177081E0,3.960953000E0,5.030444378E0
2.325843967E1,3.845199180E-1,2.705999018E0,1.893752351E0,3.325144241E0
2.326840967E1,-1.438841605E0,1.592544439E0,-2.847698688E0,3.565929160E0
2.327837967E1,-9.939472850E-1,4.023691285E-1,-2.813033470E0,3.010479932E0
2.328834967E1,-2.509462113E0,3.060839346E0,-3.948214840E0,5.590575822E0
2.329831967E1,-1.755612613E0,3.195696312E-1,-5.720821069E0,5.992670031E0
2.330828967E1,-1.042043850E0,-1.750784420E0,5.727593315E-1,2.116401362E0
2.331825967E1,-5.102812840E-1,2.275603893E0,1.646895186E0,2.854999793E0
2.332822867E1,3.757651012E-1,2.318720676E0,1.643432465E0,2.866798781E0
2.333819867E1,-2.914317514E-1,-7.898459834E-1,2.308716382E0,2.457429649E0
2.334816867E1,1.177767007E0,-1.566217058E0,-1.430012602E-1,1.964846141E0
2.335813867E1,1.939796397E0,7.548357797E-1,-1.772772290E0,2.734101079E0
2.336810867E1,-3.934731746E-1,-1.445533451E0,8.876237082E-1,1.741339698E0
2.337807867E1,-8.415878485E-1,2.760914898E-1,2.412836582E0,2.570267883E0
2.338804867E1,-7.600764198E-1,2.212958286E0,6.362612629E-1,2.424815237E0
2.339801867E1,7.114184493E-1,-1.605332592E-1,4.617429256E-1,8.631880830E-1
2.340798867E1,-2.732735338E-1,-3.901453195E0,-9.758640397E-1,4.030921245E0
2.341795867E1,1.751849564E-2,-2.546623800E0,8.205187225E-1,2.675602857E0
2.342792867E1,-6.607318604E-1,-1.821062398E0,-4.637672317E-1,1.991962573E0
2.343789867E1,-1.899082673E0,-6.771581510E-1,-5.191204834E-1,2.081956829E0
2.344786867E1,-2.491369585E-1,1.059563716E0,7.075645494E-1,1.298226515E0
2.345783767E1,6.843722995E-1,-2.135079805E0,5.442471385E-2,2.242742354E0
2.346780767E1,-6.984334644E-1,-6.138868922E-1,-2.218738843E0,2.405715793E0
2.347777767E1,-2.811020858E0,-9.169895947E-2,1.129210778E0,3.030736535E0
2.348774812E1,1.989570309E-1,-5.668869728E-1,1.254793183E0,1.391204756E0
2.349771812E1,-4.511452127E-1,3.427503330E-1,-4.772327846E-1,7.407839931E-1
2.350768813E1,-8.560651890E-1,1.609371849E0,-4.644946253E-1,1.881138116E0
2.351765812E1,8.825894018E-1,-9.357202730E-1,1.349157304E0,1.864071327E0
2.352762812E1,-1.086680398E0,-1.685091537E-1,1.855741357E0,2.157091932E0
2.353759812E1,1.632229346E0,-6.126171693E-1,-1.851495109E0,2.543129287E0
2.354756813E1,-1.201853881E0,-1.080373664E0,2.222743016E0,2.748135099E0
2.355753812E1,1.155934016E0,8.139125383E-1,-3.707275057E-1,1.461532057E0
2.356750812E1,8.201306501E-2,1.185891933E0,-5.306406677E-2,1.189908238E0
2.357747812E1,-1.195177750E0,-5.825072247E-1,-5.045094609E-2,1.330529901E0
2.358744712E1,-1.247651394E0,-2.546044633E0,1.838757534E0,3.379350018E0
2.359741713E1,1.306218568E0,1.406061237E0,2.364205289E0,3.045107847E0
2.360738712E1,-2.201511046E0,3.431235315E0,9.134988070E-1,4.177859110E0
2.361735712E1,3.635762513E-1,-5.773213291E-1,-1.674350202E-1,7.025112765E-1
2.362732712E1,1.745175698E-1,-1.253361200E0,-2.743084399E0,3.020907595E0
2.363729713E1,-8.510888430E-1,1.957957118E0,-6.967170873E0,7.286934765E0
2.364726712E1,4.371589287E-1,1.421884679E0,-4.703592072E0,4.933218255E0
2.365723712E1,-5.746650852E-1,-1.927548966E0,-4.187150198E-1,2.054509003E0
2.366720712E1,-7.361443508E-2,-1.127868550E0,2.275460928E0,2.540714267E0
2.367717713E1,-1.654936423E0,2.334768067E0,4.431724611E0,5.275427899E0
2.368714713E1,-2.893242687E-1,1.365389467E0,3.897610697E0,4.139971748E0
2.369711712E1,6.799564822E-1,-4.796549937E-1,1.996941090E-2,8.323511927E-1
2.370708612E1,-8.656242172E-1,1.972042768E0,1.224155527E-1,2.157137810E0
2.371705612E1,9.976664613E-2,7.007706696E-1,9.165510535E-3,7.078961235E-1
2.372702613E1,-6.582200610E-2,1.156790341E0,-2.277567095E0,2.555348959E0
2.373699612E1,-1.242284966E0,3.141417779E0,-1.450757353E0,3.676475825E0
2.374696612E1,-1.261843171E0,-1.398555458E0,-4.344726813E-1,1.933124949E0
2.375693612E1,-5.584459323E-1,1.724302965E0,-2.051273417E0,2.737298889E0
2.376690613E1,-1.060057221E0,-5.737928268E-1,1.013447603E0,1.574812866E0
2.377687613E1,5.465973537E-2,-4.888301522E-1,-1.497371941E0,1.576091791E0
2.378684612E1,7.023609661E-1,7.280105084E-1,1.817508752E0,2.080059685E0
2.379681612E1,9.172378090E-1,-2.037275183E0,1.950722358E0,2.965996138E0
2.380678613E1,3.145335413E0,1.892346096E0,-4.547988893E0,5.844511235E0
2.381675613E1,-4.297799399E0,-1.212988223E0,-1.147569866E0,4.610784825E0
2.382672612E1,-1.983060092E0,-4.970954254E0,2.846456155E0,6.061784074E0
2.383669512E1,9.055153476E-2,-5.263929579E-1,1.417054002E0,1.514374845E0
2.384666512E1,-1.891002698E0,4.137597969E-1,2.373515811E0,3.062787240E0
2.385663513E1,-3.565762936E-1,8.990441975E-1,-1.174006298E0,1.521091026E0
2.386660513E1,-1.261054966E0,-2.317303603E0,1.100424936E0,2.858511966E0
2.387657512E1,-1.856556312E0,-6.042813202E0,2.997358173E0,6.996181012E0
2.388654512E1,-2.327360814E0,-2.043767639E0,6.967904114E0,7.625305388E0
2.389651513E1,-8.341840310E-1,2.392119312E-1,8.639401460E-1,1.224531715E0
2.390648513E1,7.606109284E-1,3.450378222E0,3.385227960E-1,3.549399462E0
2.391645512E1,-2.151172914E-1,2.823021976E0,-5.397827893E-1,2.882202974E0
2.392642512E1,-8.070827711E-1,2.796749559E-1,-4.613185932E0,4.691597289E0
2.393639512E1,-9.132060807E-2,-2.249922629E0,-1.983887765E0,3.001050142E0
2.394636513E1,1.287360128E0,-1.161107925E0,-5.234082466E-1,1.810917973E0
2.395633512E1,1.153847802E0,2.065181312E0,-1.610295124E0,2.861710850E0
2.396630412E1,1.636046262E0,-1.384982609E0,8.083068126E-1,2.290891552E0
2.397627412E1,6.985392990E-1,-1.044091983E0,-1.408566769E0,1.887364714E0
2.398624413E1,1.445547484E0,-2.207921787E0,-2.743513584E-3,2.639040294E0
2.399621413E1,8.094214381E-1,3.127628875E-1,3.500030438E0,3.605994559E0
2.400618412E1,6.305632974E-1,1.028970206E0,2.529350540E0,2.802499583E0
2.401615412E1,-6.439771025E-1,2.806905003E0,7.888876247E-1,2.985927978E0
2.402612412E1,2.908919621E-1,1.409239491E0,-1.437920961E0,2.034254351E0
2.403609413E1,-4.457521065E-1,-2.698718942E0,1.754961087E0,3.249871887E0
2.404606412E1,2.088245947E0,-1.883472362E0,-1.422105412E0,3.151289113E0
2.405603412E1,7.530049434E-1,1.886875441E0,1.083837554E0,2.302611391E0
2.406600412E1,5.570059092E-1,1.519094347E0,1.461395193E0,2.180270426E0
2.407597413E1,2.015767224E0,2.259577259E0,-4.225319068E0,5.198300503E0
2.408594412E1,1.799787742E0,-1.519498098E0,-1.498367722E0,2.791633252E0
2.409591312E1,1.471534849E0,-4.285225546E-1,-1.452168871E0,2.111359946E0
2.410588312E1,4.158459665E0,-2.213910797E-1,-6.838575983E0,8.006742301E0
2.411585312E1,4.806601593E0,-1.490746169E0,-1.365962201E-1,5.034322352E0
2.412582313E1,2.757882824E0,-3.236422754E0,6.977359647E0,8.170917791E0
2.413579312E1,-1.000275873E-2,1.952848406E0,2.031092922E0,2.817632944E0
2.414576312E1,2.040723725E0,5.584806647E0,-2.567106012E0,6.476469091E0
2.415573312E1,2.526088963E0,3.162705444E0,-1.949196820E0,4.492571582E0
2.416570313E1,1.615112791E0,-3.158590466E0,2.870398164E-3,3.547575412E0
2.417567312E1,2.482056506E0,-1.058750368E0,-3.156824023E-1,2.716838644E0
2.418564312E1,8.692969264E-1,7.099841273E-1,3.132589068E0,3.327592054E0
2.419561312E1,-9.111822132E-2,1.186880405E0,6.600801882E0,6.707277623E0
2.420558212E1,-1.686305931E-1,1.659476932E0,4.400715657E0,4.706229728E0
2.421555213E1,-3.743201081E-2,1.747431335E0,-2.397474192E0,2.966951285E0
2.422552212E1,-9.708726371E-1,-1.511484781E-1,-1.519177378E0,1.809237255E0
2.423549212E1,-1.937529286E0,1.061092763E0,-5.855428652E0,6.258273107E0
2.424546212E1,-3.664021156E0,-5.520908859E-1,-9.417631949E0,1.012035804E1
2.425543213E1,-2.814052055E0,-3.674867156E0,-3.606236925E0,5.867578916E0
2.426540212E1,-1.844160069E0,-4.809220561E0,3.765488182E0,6.380315824E0
2.427537212E1,-6.546694672E-1,-1.064324811E0,4.314102606E0,4.491420789E0
2.428534212E1,2.611211194E-1,-3.052468765E-1,6.135782762E0,6.148917790E0
2.429531213E1,-2.188592792E0,9.957977825E-1,6.055617435E0,6.515524089E0
2.430528213E1,2.116724811E0,-6.310587028E-1,5.606446608E0,6.025861148E0
2.431525212E1,1.797062355E0,-4.218301240E-1,-3.621886997E0,4.065149343E0
2.432522212E1,3.849053957E0,4.656354756E0,-5.013780431E0,7.850786596E0
2.433519112E1,1.854612552E0,-1.427782181E0,-2.301932443E0,3.282840637E0
2.434516113E1,-8.135747154E-1,-6.203104094E0,-6.101481825E-1,6.285911631E0
2.435513113E1,-6.455816516E-1,-3.133062692E0,1.438104563E0,3.507278466E0
2.436510112E1,-1.767593557E0,-8.702405208E-1,-3.405338874E0,3.934213822E0
2.437507112E1,1.910154888E-1,4.276424317E0,-6.962787216E0,8.173414077E0
2.438504113E1,1.426477594E-1,-1.711318638E0,1.543041619E0,2.308665698E0
2.439501113E1,-7.463689383E-2,-3.523656113E0,5.472346564E0,6.509093638E0
2.440498112E1,-2.129178941E0,4.382303944E-1,4.002591022E0,4.554797881E0
2.441495112E1,-3.827175137E-1,2.547410835E0,2.183363773E0,3.376810925E0
2.442492112E1,8.011433887E-1,1.172439244E0,4.851890910E0,5.055421833E0
2.443489113E1,7.020323525E-1,1.993872178E0,-1.941907096E-1,2.122754277E0
2.444486112E1,2.059455134E0,-2.127435740E0,4.974296522E-1,3.002461413E0
2.445483012E1,1.041129491E0,1.316305600E0,-4.341731284E0,4.654808438E0
2.446480012E1,1.669978824E0,4.402083905E0,-4.085307489E0,6.233531043E0
2.447477013E1,1.842632922E0,-1.344938830E0,6.551337361E-1,2.373469350E0
2.448474013E1,2.146623963E0,-5.614032201E0,2.087934290E0,6.362768390E0
2.449471025E1,1.709172272E0,-1.602905705E0,-2.571020722E-2,2.343338979E0
2.450468025E1,7.740307269E-1,2.308800290E0,-2.485809833E0,3.479789199E0
2.451465025E1,-1.849039570E0,2.783683663E0,-9.710564590E-1,3.480056424E0
2.452462025E1,-6.346396107E-1,-3.126274075E0,1.290768762E0,3.441284793E0
2.453459025E1,-1.692697303E-1,-2.278344190E-1,-1.910033923E0,1.931007600E0
2.454456025E1,-3.035257486E-1,4.895473132E0,1.857109020E0,5.244677204E0
2.455453025E1,1.824207469E0,1.570876412E0,2.810968818E0,3.700936542E0
2.456450025E1,-3.891226999E-1,-1.764652846E0,7.180550390E-1,1.944484297E0
2.457447025E1,-3.278126704E-1,3.285866225E-1,1.033239259E0,1.132701938E0
2.458443925E1,-1.318941963E0,7.942211625E-1,4.381511647E-1,1.600740953E0
2.459440925E1,-1.895281398E0,2.223644072E0,-9.063862538E-1,3.059120884E0
2.460437925E1,1.800354410E-1,1.483140403E0,-2.768605741E0,3.145996815E0
2.461434925E1,2.307122139E0,-1.303603401E0,-4.668548539E0,5.368197077E0
2.462431925E1,1.927713126E0,-1.018034451E0,-8.102229452E0,8.390387007E0
2.463428925E1,1.421019584E0,9.145279169E-1,-6.916743901E0,7.120182874E0
2.464425925E1,-2.038390393E0,1.965554405E0,3.607245569E0,4.585919767E0
2.465422925E1,-5.826824584E-1,-2.330898672E0,1.163506219E1,1.188054206E1
2.466419925E1,-2.845068026E0,-2.036197541E0,1.070231902E1,1.125966895E1
2.467416925E1,9.929986473E-2,4.655414523E0,-2.524162306E0,5.296615919E0
2.468413925E1,-1.208145997E0,2.224218561E0,-4.246657897E0,4.943770651E0
2.469410925E1,-2.235354437E0,-4.824496120E0,1.036054693E0,5.417193147E0
2.470407825E1,-4.215121451E-1,-1.829874152E0,-1.818734913E0,2.614174551E0
2.471404825E1,-9.169148965E-1,2.354490141E0,-6.481925649E0,6.956990504E0
2.472401825E1,-4.097724709E-1,3.026590158E0,-6.968044447E0,7.608009259E0
2.473398825E1,-4.087283409E-1,-5.719042346E0,1.923926323E0,6.047809249E0
2.474395825E1,-1.436956463E0,-5.368691218E0,1.076467841E1,1.211470142E1
2.475392825E1,-7.243510285E-1,3.676723355E-1,7.685374432E0,7.728185266E0
2.476389825E1,-7.891190283E-1,5.025755528E0,4.007301539E-1,5.103088489E0
2.477386825E1,-8.558155860E-1,1.611085083E0,1.192121556E0,2.179258880E0
2.478383825E1,-1.095580518E0,-2.073750114E-1,-1.710070258E0,2.041480187E0
2.479380825E1,2.338511747E0,-1.419342895E0,-2.503949066E0,3.708494623E0
2.480377825E1,1.751428491E0,-2.224707681E-1,-1.913411860E0,2.603486114E0
2.481374825E1,1.912288464E0,1.482039957E0,-9.787958336E-1,2.609852656E0
2.482371725E1,1.141895216E0,4.355313197E-1,1.463600762E0,1.906761497E0
2.483368725E1,-2.955614023E-1,-8.306832299E-1,-2.366281636E0,2.525208892E0
2.484365725E1,6.412677951E-1,-1.572618882E0,-2.710949855E0,3.199000415E0
2.485362725E1,7.557483838E-1,-1.239054233E-2,3.227616262E-1,8.218784658E-1
2.486359725E1,9.610328695E-1,-1.206553654E0,3.341077974E0,3.679967109E0
2.487356725E1,-4.482212394E-2,-4.172028714E0,1.078009635E0,4.309285020E0
2.488353725E1,-3.131755840E0,-1.813305481E0,9.483306706E-1,3.741029600E0
2.489350725E1,-6.243180326E-1,2.761091776E0,1.069275649E0,3.026012428E0
2.490347725E1,-1.448427676E-1,2.135194118E0,-1.030223265E0,2.375161747E0
2.491344725E1,-1.281048205E0,-6.452808854E-1,1.988136352E0,2.451562375E0
2.492341725E1,-1.014022750E0,-3.358842400E-1,3.307229612E0,3.475460842E0
2.493338725E1,-1.011611577E0,7.296497753E-1,9.984161657E-1,1.597680074E0
2.494335625E1,-7.216604322E-2,-9.796278924E-1,-1.121977188E0,1.491211439E0
2.495332625E1,2.365855520E0,-2.951281528E0,-6.566156545E0,7.577713822E0
2.496329625E1,2.046830995E0,-2.266399790E0,-4.991677371E0,5.851745732E0
2.497326625E1,1.360263066E0,-2.813254202E0,-2.805779414E0,4.199656288E0
2.498323625E1,1.932863500E0,-2.685464474E0,4.711902720E0,5.757578309E0
2.499320625E1,2.420916411E0,2.981894041E0,3.936376567E0,5.499780798E0
2.500317625E1,1.664089800E0,4.403304512E0,2.166613839E0,5.181939889E0
2.501314625E1,1.797883158E0,1.077541857E0,4.499071087E0,4.963377977E0
2.502311625E1,5.392502542E-1,1.325730434E0,7.754863912E-1,1.627799485E0
2.503308625E1,-1.447627887E-1,1.183165084E0,-5.117978983E0,5.254954305E0
2.504305625E1,8.980076323E-1,-1.595578852E0,-4.750606610E0,5.091223108E0
2.505302525E1,-4.113460663E-1,-1.212595582E-1,-2.227867516E0,2.268766876E0
2.506299525E1,-1.381430426E0,3.004613690E0,4.056985331E-1,3.331763009E0
2.507296525E1,-2.095867208E0,9.375238466E-1,1.615258825E0,2.807253353E0
2.508293525E1,-6.607272557E-1,-5.037487382E-1,1.437761917E0,1.660566959E0
2.509290525E1,4.790433750E-1,1.669256400E0,1.373163047E0,2.213927786E0
2.510287525E1,7.201640566E-1,4.529656410E0,-1.659353263E0,4.877486721E0
2.511284525E1,-5.819408488E-2,2.012120169E0,3.564450967E-1,2.044276702E0
2.512281525E1,-6.874894501E-1,-1.456801035E0,-9.667996860E-1,1.878726333E0
2.513278525E1,-3.917097640E-1,1.184043628E-1,-4.145412773E-1,5.824951527E-1
2.514275525E1,-3.133278381E-1,1.364128515E0,-2.372144639E0,2.754285956E0
2.515272525E1,1.227940869E0,-2.209682968E0,-1.260270270E0,2.824680292E0
2.516269525E1,-8.338561483E-1,-1.962115366E0,-3.461458111E0,4.065329634E0
2.517266425E1,-2.620343083E-1,-1.607045826E0,-1.095145485E0,1.962295059E0
2.518263425E1,-2.211392292E-2,-1.998145324E0,3.875008285E-2,1.998643372E0
2.519260425E1,-4.265972127E-1,-1.812764614E0,-1.832917335E0,2.612984249E0
2.520257425E1,-5.597426620E-1,-2.968344288E0,-4.477213025E-1,3.053659121E0
2.521254425E1,-1.235211150E0,-3.905770779E0,2.539028851E0,4.819487470E0
2.522251425E1,-7.729126661E-1,-2.785967001E0,6.266575035E0,6.901374413E0
2.523248425E1,-1.426152416E0,2.094637538E0,3.440168399E0,4.272724627E0
2.524245425E1,5.411253832E-1,2.067593873E0,6.095235245E0,6.459075305E0
2.525242425E1,8.845616676E-1,2.702886253E0,3.509836804E0,4.517410522E0
2.526239425E1,2.146669462E-1,1.653518327E0,-2.286074209E-1,1.682993199E0
2.527236425E1,5.536386439E-1,1.792719189E0,-1.997637493E0,2.740604567E0
2.528233325E1,-1.142102427E0,6.784357676E-1,-3.831716670E0,4.055456285E0
2.529230325E1,-1.150870766E0,-5.015412973E0,-3.074995163E0,5.994536351E0
2.530227325E1,-3.094949152E-1,-2.587156699E0,-3.089175246E0,4.041308029E0
2.531224325E1,-5.704366347E-1,-3.739025438E-1,1.924195295E0,2.041501555E0
2.532221325E1,-4.364896418E-1,1.959393779E0,1.871272731E0,2.744341236E0
2.533218325E1,-1.005612334E0,1.553578886E0,2.507578433E-1,1.867550004E0
2.534215325E1,-1.550716126E-1,1.558367756E0,-2.936460006E0,3.327965540E0
2.535212325E1,9.660449931E-3,-9.226239717E-1,-5.684335613E-1,1.083718151E0
2.536209325E1,1.623277258E0,-1.654219700E0,4.517538348E0,5.077363942E0
2.537206325E1,1.306811183E0,4.559962821E-1,1.671993774E0,2.170541697E0
2.538203325E1,-3.515815289E-1,9.607869941E-1,4.179794401E-1,1.105182352E0
2.539200225E1,-2.296453200E-1,1.921678653E-1,-1.797498411E0,1.822269464E0
2.540197225E1,-8.116830681E-2,-3.854762301E-1,-8.625830072E-1,9.482772075E-1
2.541194225E1,8.099338369E-2,-2.043955919E0,1.817026942E0,2.736037762E0
2.542191225E1,4.058099225E-1,-1.176367696E0,3.785487413E0,3.984775728E0
2.543188225E1,-1.019098571E0,1.280077713E0,3.667567200E0,4.015994275E0
2.544185225E1,-3.926575611E-1,2.954550122E0,2.349898322E0,3.795466837E0
2.545182225E1,1.425698234E0,-1.365199140E-1,-4.397109679E0,4.624481232E0
2.546179225E1,2.534386455E-1,9.293643495E-1,-7.806016524E0,7.865230016E0
2.547176225E1,-1.892406322E0,4.068727417E0,-9.742063540E0,1.072583547E1
2.548173225E1,-3.245260601E-1,9.482800922E-1,-6.784072332E0,6.857710237E0
2.549170167E1,-3.838384542E0,2.976478350E-1,-3.593973559E0,5.266729162E0
2.550167067E1,-2.357764435E0,-4.478973037E-1,6.495049140E0,6.924256527E0
2.551164067E1,-5.610270760E-1,-1.776381192E0,8.756807118E0,8.952762279E0
2.552161067E1,-8.345484587E-1,4.879852295E-1,3.909227360E0,4.026991342E0
2.553158067E1,-6.158663940E-2,3.021447824E0,-5.749280053E0,6.495164432E0
2.554155067E1,-2.926713282E0,4.785852456E-1,-4.201111010E0,5.142375735E0
2.555152067E1,-1.988435145E0,-6.845607845E0,6.301340826E0,9.514363735E0
2.556149067E1,1.448353709E0,1.865240451E0,4.930665768E0,5.467020699E0
2.557146067E1,3.883381498E-1,3.539265548E0,-6.578024054E-1,3.620761127E0
2.558143067E1,-8.436343740E-1,2.740312818E0,-8.041565174E0,8.537435432E0
2.559140067E1,-1.620968485E0,-2.041773739E0,-1.159008189E1,1.187966233E1
2.560137067E1,-1.403636689E0,-6.792584124E0,-6.379386536E0,9.423691825E0
2.561134067E1,3.059305914E0,-7.137472199E0,5.150960203E0,9.318543506E0
2.562130967E1,-8.594667336E-1,3.579159638E-1,1.501713265E1,1.504596490E1
2.563127967E1,7.269824217E-1,2.616557084E0,5.937676756E0,6.529232702E0
2.564124967E1,1.065901440E0,-1.394274712E0,-5.604011242E0,5.872400689E0
2.565121967E1,-8.462048100E-1,2.069627827E-1,-2.171834233E0,2.340034212E0
2.566118967E1,-7.770851844E-2,-1.685796711E0,-6.834161335E-1,1.820716007E0
2.567115967E1,-2.659439028E-1,-2.305903287E0,3.500780636E-1,2.347439196E0
2.568112967E1,-9.016608265E-1,1.364744226E0,9.729655749E-1,1.903202842E0
2.569109967E1,-7.394537287E-1,4.196023348E-1,3.393495923E-1,9.154321832E-1
2.570106967E1,-7.872053077E-1,-2.978480729E0,3.301253757E0,4.515453025E0
2.571103967E1,-1.230102146E0,-2.707880067E0,2.448370696E0,3.852309024E0
2.572100967E1,-1.357034965E0,7.918469006E-1,3.420767337E0,3.764334547E0
2.573097867E1,-4.176670161E-1,-1.031887382E-1,2.545802266E0,2.581899074E0
2.574094867E1,5.785843277E-1,-5.932935834E-2,-2.558666140E0,2.623938302E0
2.575091867E1,-1.819376061E0,3.148646691E0,-1.944449465E0,4.123710582E0
2.576088867E1,-1.543100968E0,3.749479967E0,-2.673116616E0,4.856471256E0
2.577085867E1,-4.820341161E-1,5.004243037E-1,3.139997490E0,3.215954852E0
2.578082867E1,-1.118054218E0,7.871232274E-1,1.242214068E0,1.847350535E0
2.579079867E1,2.815939024E-1,1.201133285E0,8.062012303E-1,1.473762775E0
2.580076867E1,9.859253436E-1,-1.596498911E0,9.552093351E-1,2.105536138E0
2.581073867E1,5.040252018E-1,2.150472016E0,-2.829934847E0,3.589861074E0
2.582070867E1,1.825190532E0,1.746304576E0,-1.291970365E0,2.837267625E0
2.583067767E1,7.551585460E-1,-3.816338493E0,2.791530919E0,4.788251120E0
2.584064767E1,1.048623795E0,-2.455606626E0,3.742717370E0,4.597559034E0
2.585061767E1,-2.427159922E0,1.271187606E-1,6.356309330E-1,2.512228323E0
2.586058767E1,-4.119784427E-1,3.151716480E-1,1.629724252E-1,5.437089445E-1
2.587055767E1,-1.302355897E0,2.186600499E0,-2.123718665E0,3.314744876E0
2.588052767E1,1.376735550E0,3.745597416E0,-4.031921241E0,5.672855513E0
2.589049767E1,2.276247525E0,3.251973424E0,-5.818833268E0,7.043823858E0
2.590046767E1,2.589759587E0,-1.174872855E0,-5.437824018E0,6.136539008E0
2.591043767E1,1.804642393E0,-1.611946378E0,-1.094160229E0,2.655615164E0
2.592040767E1,1.186726495E-1,-3.443521777E-1,-9.537159562E-2,3.765067878E-1
2.593037767E1,5.249454431E-1,-2.237536472E-1,1.938542608E0,2.020787187E0
2.594034667E1,-2.082959187E0,3.140550929E0,3.375676534E0,5.059344935E0
2.595031667E1,-1.645083718E0,3.550522900E0,2.690362394E-2,3.913213143E0
2.596028667E1,2.803820305E-1,9.561837736E-1,-1.139901828E0,1.514026971E0
2.597025667E1,1.405967206E-1,4.061309639E0,-4.633560555E0,6.163106914E0
2.598022667E1,-1.931461867E-2,3.385517398E-1,-4.214408748E0,4.228029261E0
2.599019667E1,1.256849503E0,-2.565494227E0,3.482737298E0,4.504541085E0
2.600016667E1,1.289531638E0,1.704782036E-1,1.957326788E0,2.350124001E0
2.601013667E1,6.548085579E-1,1.021300121E0,-3.258921086E0,3.477412088E0
2.602010667E1,1.056672048E0,7.447809076E-1,-7.499749308E0,7.610354401E0
2.603007667E1,6.196890112E-1,-2.764818207E0,-1.466740133E0,3.190542400E0
2.604004667E1,3.460734152E-1,-3.862766554E0,5.001433450E0,6.328907395E0
2.605001567E1,3.695211155E-1,-4.221258177E0,4.783571457E0,6.390471214E0
2.605998567E1,-1.350790139E0,1.259443181E0,4.998173043E0,5.328467405E0
2.606995567E1,3.279297974E-1,-3.125582349E-1,5.176038911E0,5.195826153E0
2.607992567E1,-1.357236401E0,-4.003325433E-1,1.978014822E0,2.432056626E0
2.608989567E1,-1.612880324E0,-1.615109137E0,-1.366363320E0,2.660246076E0
2.609986567E1,-1.109982246E-1,-9.162431976E-1,-7.421850947E0,7.479016893E0
2.610983567E1,4.321637346E-2,-3.990791926E-1,-4.862221770E0,4.878763409E0
2.611980567E1,-1.360067039E0,-3.832204035E0,2.520761565E0,4.784329523E0
2.612977567E1,-1.310752791E0,-7.936200103E0,7.919726157E0,1.128819770E1
2.613974567E1,1.936379650E-1,1.107034921E0,4.085790469E0,4.237535337E0
2.614971567E1,-1.090155325E0,4.299790668E0,-2.065078694E-1,4.440640035E0
2.615968467E1,-3.397997695E0,1.330305880E-1,4.730776362E0,5.826176316E0
2.616965467E1,-2.010446842E0,3.078231597E-1,2.404808355E0,3.149564228E0
2.617962467E1,2.060858466E0,9.407322139E-2,4.347860920E-1,2.108323109E0
2.618959467E1,5.703601458E-1,1.352683175E0,1.664434494E0,2.219325269E0
2.619956467E1,-3.281096724E-1,2.943515841E0,-6.452426446E0,7.099700593E0
2.620953467E1,1.065047399E-1,1.135400641E-1,-4.687046206E0,4.689630768E0
2.621950467E1,-1.494130099E0,-2.734294279E0,-5.713108007E0,6.507564296E0
2.622947467E1,-4.212367778E-1,-4.527492063E0,-1.251523420E0,4.716135672E0
2.623944467E1,1.912924056E0,-1.012784236E0,6.182200883E0,6.550161686E0
2.624941467E1,1.126480640E0,3.214798581E0,6.464346580E0,7.306960056E0
2.625938367E1,1.181201662E0,3.368359036E0,3.041736200E0,4.689694987E0
2.626935367E1,2.015770878E0,1.613148565E0,-1.273327687E0,2.878705252E0
2.627932367E1,7.887646870E-1,-1.332369947E-1,-4.457437742E-1,9.157452378E-1
2.628929367E1,-8.753916986E-1,-2.411514527E-1,-8.455828124E-1,1.240755795E0
2.629926367E1,1.268970050E0,5.129151258E-1,8.109439069E-1,1.590910725E0
2.630923367E1,7.679670180E-1,5.209307814E0,-2.965050552E0,6.043027885E0
2.631920367E1,9.300475967E-1,6.121008017E0,-6.725916510E0,9.141645397E0
2.632917367E1,-1.075894039E0,-3.066880982E0,-3.006855220E0,4.427695253E0
2.633914367E1,-8.733886617E-1,-4.910793421E0,-4.672445709E-1,5.009692333E0
2.634911367E1,-8.170532971E-1,-2.282909111E0,3.370515781E0,4.152062949E0
2.635908367E1,2.696605758E0,1.434134889E0,2.219538742E0,3.775549990E0
2.636905267E1,8.099625979E-1,4.308774038E0,-9.682024330E-1,4.489876287E0
2.637902267E1,-2.719495598E-1,4.255597412E0,-2.833218058E0,5.119686559E0
2.638899267E1,-2.095308250E-1,5.097472798E0,-6.612058942E0,8.351494210E0
2.639896267E1,-1.224374286E0,3.873150625E0,-8.033170912E0,9.001789991E0
2.640893267E1,-1.400364295E0,-4.040224579E0,-7.534313954E0,8.663158868E0
2.641890267E1,-9.803134053E-1,-5.273641219E0,-5.487606627E0,7.673730030E0
2.642887267E1,2.833428558E0,-4.331095199E0,4.523229443E0,6.873594955E0
2.643884267E1,1.309056368E-1,-1.419044102E0,1.874575238E1,1.879984188E1
2.644881267E1,2.465571743E0,3.845994401E-1,1.297052414E1,1.320838587E1
2.645878267E1,2.361677538E0,-3.255875856E-2,-2.088509656E0,3.152848466E0
2.646875167E1,4.651002507E-1,5.699450666E-1,-1.034469513E0,1.269363145E0
2.647872167E1,-1.767810343E0,-2.386532298E-1,2.549978347E0,3.111992665E0
2.648869167E1,-1.722377477E0,6.688366860E-2,1.775140997E0,2.474304581E0
2.649866150E1,-1.690272901E-1,-5.367147553E-1,-9.892208344E-1,1.138064503E0
2.650863150E1,-2.422326905E0,2.047638204E0,-1.024016211E1,1.072014039E1
2.651860150E1,-2.035646295E0,-2.065180435E0,-6.774879339E0,7.369383701E0
2.652857150E1,-2.036739140E0,-3.293369957E0,9.221468389E-1,3.980571163E0
2.653854150E1,-1.667228440E0,-1.571533054E0,3.252141239E0,3.978164080E0
2.654851150E1,3.027085271E-2,-1.767902729E-1,1.885154021E0,1.893667555E0
2.655848150E1,-2.842280366E-1,2.406179235E0,3.973074278E0,4.653579622E0
2.656845050E1,4.246056145E-1,1.738949948E0,9.517805278E-2,1.792566794E0
2.657842050E1,-1.068752761E0,-3.333847599E0,3.095071578E-1,3.514621880E0
2.658839050E1,-1.380719112E0,-9.414727637E-1,-3.688466903E0,4.049388142E0
2.659836050E1,1.425134416E0,2.752025668E0,-4.508535975E0,5.470973407E0
2.660833050E1,1.432801723E-1,2.997098849E0,-6.300632143E-1,3.065959943E0
2.661830050E1,9.340013377E-2,-2.811475772E0,3.429907705E0,4.435920024E0
2.662827050E1,-8.228921074E-1,-2.952538972E0,5.687791902E0,6.461084625E0
2.663824050E1,4.089283157E-2,5.781571886E-1,3.584398744E0,3.630957492E0
2.664821050E1,5.232320627E-1,2.568093606E0,1.799124522E0,3.178950394E0
2.665818050E1,-6.739668868E-1,-6.868408477E-1,2.892208278E-2,9.627139770E-1
2.666814950E1,-2.498421327E-1,-1.502661625E0,-3.374657364E0,3.702529591E0
2.667811950E1,-1.869017167E0,2.401024622E-1,-5.937932280E0,6.229760358E0
2.668808950E1,-6.025646727E-1,4.082971234E0,-4.558614453E0,6.149366147E0
2.669805950E1,1.346199161E-1,5.651088345E0,-2.225901682E0,6.075159282E0
2.670802950E1,-1.673550011E0,8.298318753E-1,1.191524556E0,2.215653706E0
2.671799950E1,9.783924488E-1,-2.191171853E0,2.953119308E0,3.805180616E0
2.672796950E1,9.543917482E-1,-1.345595472E0,2.917683427E0,3.351770781E0
2.673793950E1,1.035321598E0,-1.337540348E0,-5.336806351E-1,1.773617776E0
2.674790950E1,2.616423475E0,-1.920497516E0,-6.593688744E-1,3.311910298E0
2.675787950E1,1.514648417E0,-4.791727154E0,2.861440229E0,5.782961968E0
2.676784950E1,1.338520195E0,-3.736432490E0,7.743958855E-1,4.043791915E0
2.677781850E1,2.286393613E0,1.351869827E0,-3.853701031E-1,2.683963096E0
2.678778850E1,5.681852739E-1,2.086223395E0,2.702863741E-1,2.179040450E0
2.679775850E1,9.889012109E-3,1.097168621E-1,4.547229924E0,4.548564121E0
2.680772850E1,-7.241506883E-1,1.425121990E0,-3.384900516E-1,1.633995845E0
2.681769850E1,-3.227448155E-1,-9.690420932E-1,1.422314742E0,1.751052832E0
2.682766850E1,-7.955085001E-1,1.158916681E0,4.958555818E0,5.153949693E0
2.683763850E1,-2.019203194E0,1.981597119E0,-1.202148947E0,3.073934087E0
2.684760850E1,-8.976831119E-1,2.538739414E0,-3.729229597E0,4.599802841E0
2.685757850E1,1.808855896E0,6.103842931E0,-9.338910885E0,1.130239420E1
2.686754850E1,6.861585508E-1,4.294417369E0,-9.372854556E0,1.033262971E1
2.687751750E1,-1.050443010E0,7.035288012E-1,-6.890266539E0,7.005294874E0
2.688748750E1,1.476950541E0,-8.734807554E-1,4.288728029E-1,1.768695398E0
2.689745750E1,2.358229727E0,-4.920203930E0,8.282889120E0,9.918462902E0
2.690742750E1,9.878996560E-1,2.066640777E0,5.253672393E0,5.731319520E0
2.691739750E1,6.745060732E-1,4.493836952E0,-3.168595637E0,5.539812930E0
2.692736750E1,-2.063365021E0,-2.687073043E0,7.245454484E-1,3.464506149E0
2.693733750E1,-3.807124304E-1,-2.865372774E0,2.262366089E0,3.670640736E0
2.694730750E1,4.430678325E-1,1.279878323E0,-7.361819923E-1,1.541545183E0
2.695727750E1,-1.198040985E0,2.852159821E0,-6.027315742E-1,3.151730191E0
2.696724750E1,3.561027788E-1,-2.081726301E0,1.299419133E0,2.479694269E0
2.697721650E1,4.079567277E-1,-4.539577088E0,4.628155389E0,6.495691737E0
2.698718650E1,-2.232747018E0,-9.661605853E-1,6.723806834E-1,2.524028785E0
2.699715650E1,4.710984707E-2,4.423627971E0,-1.127009887E-1,4.425314145E0
2.700712650E1,9.308585324E-1,4.058754113E-1,4.121940880E0,4.245188933E0
2.701709650E1,2.412786844E-2,-2.726835279E0,1.167802987E0,2.966475452E0
2.702706650E1,3.106625311E-1,4.943291661E-1,-1.510594250E0,1.619496070E0
2.703703650E1,-5.499674696E-1,-2.521366167E-1,-2.583725553E0,2.653615425E0
2.704700650E1,-1.124952909E0,-3.463431546E0,-1.559986265E0,3.961620157E0
2.705697650E1,-1.286954989E-1,-1.744048428E0,6.557342452E-1,1.867687032E0
2.706694650E1,-1.698494635E-1,-1.044059239E0,4.252899799E0,4.382472503E0
2.707691550E1,-1.527756413E0,-1.289666270E0,3.074250813E0,3.667191951E0
2.708688550E1,-2.058219910E0,1.297397751E-1,4.371425200E-1,2.108125990E0
2.709685550E1,1.329660494E0,5.358935139E-1,-2.768213977E0,3.117400762E0
2.710682550E1,9.541088160E-2,-2.237775331E0,-4.812588265E0,5.308271609E0
2.711679550E1,-1.023254699E0,-3.203606133E0,-3.500716317E-1,3.381226491E0
2.712676550E1,-2.371478641E-1,-3.769249696E-1,-1.280832589E-2,4.455059992E-1
2.713673550E1,-5.895169399E-1,2.630309150E0,2.104777780E0,3.419962858E0
2.714670550E1,1.163129599E0,4.728978051E0,-8.442853153E-1,4.942562247E0
2.715667550E1,-2.347752102E-1,1.554764702E0,5.685890973E-2,1.573418448E0
2.716664550E1,4.575644505E-2,-1.628298993E0,-3.629059192E0,3.977879068E0
2.717661450E1,-3.774702224E-1,-2.430279996E0,-3.781221285E0,4.510696070E0
2.718658450E1,-9.256347030E-1,7.469256663E-1,-7.442002791E-1,1.403043695E0
2.719655450E1,-1.420843619E-1,-2.259288114E-1,2.813517035E0,2.826147536E0
2.720652450E1,1.264758410E-1,1.656908835E0,3.621391738E0,3.984447408E0
2.721649450E1,-1.202536982E0,3.083517772E0,-1.794289459E0,3.764791058E0
2.722646450E1,-5.076812831E-1,2.678829053E0,-3.912224643E0,4.768581240E0
2.723643450E1,-1.059323980E-1,1.633386948E0,-7.122013915E0,7.307684777E0
2.724640450E1,-5.605893023E-1,6.667039141E-1,-3.332558581E0,3.444517552E0
2.725637450E1,-1.353681733E0,-2.618093440E0,6.640133178E0,7.264863118E0
2.726634450E1,-1.022236041E0,-2.282458291E0,8.645441049E0,8.999901850E0
2.727631350E1,-3.406258202E-1,3.722018226E0,2.248501756E0,4.361789286E0
2.728628350E1,1.630842386E0,4.843537285E0,-4.179611968E0,6.602170592E0
2.729625350E1,-2.583645226E-1,-1.102639276E0,-3.541966669E0,3.718614458E0
2.730622350E1,-8.149472762E-1,-1.797672366E0,-1.113633211E0,2.266262104E0
2.731619350E1,-4.000592225E-1,-2.665849696E0,4.332143605E0,5.102378876E0
2.732616350E1,6.653863902E-1,6.538005710E-2,6.713970648E0,6.747178333E0
2.733613350E1,8.752540697E-1,-3.477765995E-1,4.818921969E0,4.910094418E0
2.734610350E1,1.410635952E0,-1.810056184E0,5.835089112E0,6.270124570E0
2.735607350E1,6.205810770E-1,6.523908073E-1,4.194131774E-1,9.932985714E-1
2.736604350E1,4.031598913E-1,5.309359521E-2,3.200981026E0,3.226706735E0
2.737601350E1,-2.090775745E0,2.070291194E0,-2.669698334E-1,2.954441019E0
2.738598250E1,-1.800315307E0,4.325571627E0,-9.068230408E0,1.020708126E1
2.739595250E1,-2.818538623E0,-1.969448651E0,-9.065115597E0,9.695318909E0
2.740592250E1,-2.831990143E0,-6.016255733E0,-2.822443979E0,7.223689586E0
2.741589250E1,-2.562874966E0,6.550147453E-1,-3.000744880E0,4.000230274E0
2.742586250E1,-7.579010363E-1,2.026058177E0,1.551790808E0,2.662213445E0
2.743583250E1,5.320275907E-1,5.308646160E-1,3.306249034E0,3.390597775E0
2.744580250E1,2.759712930E-1,2.718689230E0,-8.781670064E-1,2.870297646E0
2.745577250E1,1.382458074E0,7.994976899E-1,-6.793879867E-3,1.597007526E0
2.746574250E1,2.891361309E0,-8.401779386E-1,-8.123536706E-2,3.012053846E0
2.747571250E1,9.495351970E-1,-1.354196726E0,-6.577263916E-1,1.779907265E0
2.748568150E1,-1.634950786E0,-1.184866039E0,2.039803519E0,2.870151564E0
2.749565117E1,5.430580707E-1,1.371463554E0,-2.141503556E0,2.600358020E0
2.750562117E1,1.180096757E0,8.380185619E-1,2.191375043E0,2.626219345E0
2.751559117E1,-5.710538814E-1,2.289831922E0,2.056547606E-1,2.368908324E0
2.752556117E1,2.996798886E0,8.100060135E-2,-3.030820034E0,4.263007710E0
2.753553117E1,1.300625560E0,-5.398757601E0,-4.642794478E-1,5.572590590E0
2.754550117E1,3.362956793E0,-2.875831104E0,-4.587271657E0,6.373613119E0
2.755547117E1,2.879644366E0,-3.217866030E-1,-9.355778933E-1,3.044865233E0
2.756544117E1,1.084070127E0,-5.605012286E-1,5.039642665E0,5.185303064E0
2.757541117E1,5.911473263E-1,1.207450909E0,2.380923648E0,2.734262292E0
2.758538017E1,-2.102025057E-1,-9.456868520E-1,5.304080654E0,5.391825322E0
2.759535017E1,2.419472295E0,-1.818391390E0,6.031633911E0,6.748407298E0
2.760532017E1,2.136828269E0,-2.557512485E0,1.651312757E0,3.719373466E0
2.761529017E1,1.447453969E0,-3.118952191E0,1.956989404E0,3.956361117E0
2.762526017E1,1.212597044E0,-4.432069597E-1,1.907282224E0,2.303160759E0
2.763523017E1,-1.257410543E0,1.992748636E-1,7.739082277E-2,1.275453286E0
2.764520017E1,-1.506662290E0,-9.645947009E-2,-3.451996146E0,3.767706607E0
2.765517017E1,1.109305541E0,6.433051112E-1,-9.760599214E-1,1.611549943E0
2.766514017E1,1.031537280E0,1.271832554E0,3.418931311E-1,1.672877198E0
2.767511017E1,2.098779706E0,2.458812654E0,-2.406146783E-1,3.241686497E0
2.768507917E1,3.748326019E0,1.960783955E0,1.286246526E0,4.421430966E0
2.769504917E1,2.470024398E0,-4.243453038E-1,-1.559525505E0,2.951814571E0
2.770501917E1,6.511389184E-1,2.615515110E0,-4.546155791E0,5.285114346E0
2.771498917E1,4.841838084E-2,3.175760230E0,-9.275023037E-1,3.308784959E0
2.772495917E1,-3.863859472E-1,2.184747224E0,8.027443564E-1,2.359409468E0
2.773492917E1,-8.470125297E-1,2.605316396E0,2.270246381E0,3.557966046E0
2.774489917E1,7.804378134E-1,2.267409604E0,-5.490441942E-1,2.460016061E0
2.775486917E1,2.001237331E0,1.916134908E0,-1.821949713E0,3.316025422E0
2.776483917E1,4.426971190E-1,8.347721878E-1,-6.329182343E0,6.399326095E0
2.777480917E1,8.548388086E-2,-3.653252631E-2,-6.309888870E0,6.310573641E0
2.778477917E1,1.202719269E-1,-3.422960920E0,2.738812423E0,4.385455539E0
2.779474817E1,-1.714165940E0,-1.677724046E-1,5.425035573E0,5.691882238E0
2.780471817E1,1.454477352E0,2.849096465E0,3.024589825E0,4.402385563E0
2.781468817E1,1.325890502E0,3.980661625E0,3.545476753E-1,4.210624259E0
2.782465817E1,3.418128416E-1,2.382324641E0,-2.788513756E0,3.683492321E0
2.783462817E1,-1.365938520E0,-3.739559289E0,-3.259780042E0,5.145508491E0
2.784459817E1,-1.001863465E0,-2.765089810E0,-4.102053915E0,5.047405113E0
2.785456817E1,-2.054833202E0,-9.653753042E-4,-5.178524562E0,5.571306585E0
2.786453817E1,-2.890010091E-1,-3.254853762E0,1.800878102E-1,3.272617640E0
2.787450817E1,1.055611729E0,-7.321667678E0,1.050639871E1,1.284934035E1
2.788447817E1,2.687853207E-1,-2.285359972E0,9.903967094E0,1.016777655E1
2.789444717E1,-1.737769249E0,7.227654390E0,-3.738768160E-2,7.433722337E0
2.790441717E1,-1.580757622E0,3.271446991E-1,4.572123275E0,4.848724529E0
2.791438717E1,-3.759818137E0,-3.048401149E0,-1.006252604E0,4.943837203E0
2.792435717E1,6.203023841E-1,-3.460228734E0,-6.406348048E0,7.307479268E0
2.793432717E1,-1.436520699E0,-7.932011157E-1,-7.829217106E-1,1.818165596E0
2.794429717E1,-2.062763781E0,-6.612829605E-1,1.172716402E0,2.463240412E0
2.795426717E1,-1.019995242E0,-2.424553525E0,1.885558063E0,3.236383676E0
2.796423717E1,-6.355265602E-1,5.540353775E-1,4.378207970E-1,9.500190833E-1
2.797420717E1,-6.422505659E-1,1.162175334E0,-3.575184701E0,3.813801639E0
2.798417717E1,5.857990975E-2,-8.307352701E-1,-4.974547952E-1,9.700587447E-1
2.799414717E1,4.782113162E-1,1.011268346E0,-7.446867675E-1,1.343840806E0
2.800411617E1,1.581056122E0,-1.834885508E0,-5.869914544E-1,2.492208309E0
2.801408617E1,2.328809754E0,-3.807882834E0,1.213145220E-1,4.465203664E0
2.802405617E1,2.099301277E0,2.067372849E0,1.377682360E0,3.252553618E0
2.803402617E1,1.760071261E0,4.571349981E0,4.353142710E0,6.553239119E0
2.804399617E1,9.625123613E-1,-3.614675626E-1,3.665190892E0,3.806666930E0
2.805396617E1,8.143925216E-2,1.494302153E0,-4.059291472E0,4.326363200E0
2.806393617E1,-7.251873996E-1,-1.210420418E-1,-5.503315757E0,5.552209674E0
2.807390617E1,-3.598420001E-1,-9.237209094E-1,-6.384874733E0,6.461375391E0
2.808387617E1,7.289274249E-1,7.909601703E-1,-2.792265914E0,2.992273737E0
2.809384617E1,2.100886750E0,-1.403175928E0,1.992256885E0,3.217408168E0
2.810381517E1,8.247486714E-1,-2.406422771E0,8.170940083E0,8.557765057E0
2.811378517E1,-4.311934897E-1,3.980846397E0,2.792940683E0,4.881965129E0
2.812375517E1,1.084824053E0,5.603521246E0,-1.964886653E0,6.036312876E0
2.813372517E1,-4.592057091E-1,2.685439331E0,2.491147757E-1,2.735783700E0
2.814369517E1,-1.032631294E0,-1.132909435E0,2.833561875E0,3.221627551E0
2.815366517E1,-2.650801302E0,-4.218064427E-2,-2.773194636E0,3.836552520E0
2.816363517E1,1.783620775E-1,1.053445774E0,-4.657228914E0,4.778215377E0
2.817360517E1,1.724012980E-1,3.528864813E-1,-3.796363819E0,3.816625384E0
2.818357517E1,-1.850389108E0,1.702178563E0,8.458973926E-1,2.652714480E0
2.819354517E1,-6.551384870E-3,-1.517971682E0,4.619309721E0,4.862335164E0
2.820351417E1,1.305605633E0,-1.596638660E0,4.696492968E0,5.129415880E0
2.821348417E1,9.205540208E-2,1.600379416E0,-2.273398615E0,2.781731427E0
2.822345417E1,9.598844033E-1,-1.761938861E0,-3.188561540E0,3.767324158E0
2.823342417E1,-4.273464238E-1,-1.655323947E0,-1.187014598E0,2.081279893E0
2.824339417E1,-1.119062643E0,1.746303699E0,1.389391994E-1,2.078745273E0
2.825336417E1,-4.705484304E-1,-6.800905296E-1,2.095193608E0,2.252504209E0
2.826333417E1,-7.030459674E-1,-1.757033924E0,-3.913751936E-1,1.932515559E0
2.827330417E1,-1.928062351E0,-1.486467469E-1,-2.734315914E-1,1.953019488E0
2.828327417E1,-2.168321080E0,2.542896492E0,2.887600672E0,4.416579731E0
2.829324417E1,-2.262278234E0,-1.273481177E0,1.529220555E0,3.013000601E0
2.830321417E1,-7.396839263E-2,-2.845775246E0,2.897531583E0,4.061969639E0
2.831318317E1,-1.980034450E0,-9.941658247E-1,1.429180543E0,2.636561992E0
2.832315317E1,-3.983748224E-1,1.362172329E0,-7.362671278E0,7.498209406E0
2.833312317E1,-1.809464445E0,1.043727994E-1,-5.222999654E0,5.528542362E0
2.834309317E1,-2.757007204E0,5.738062754E-1,-4.062130296E0,4.942797275E0
2.835306317E1,-6.264812831E-1,-1.951041324E0,2.648875229E0,3.348967158E0
2.836303317E1,-3.211213068E0,-1.651418592E0,4.240056390E0,5.569304349E0
2.837300317E1,-1.841799402E0,1.322313029E0,1.047919863E0,2.497773573E0
2.838297317E1,-8.433409899E-2,5.854267395E-1,2.479026479E0,2.548609226E0
2.839294317E1,1.483693111E0,-3.287490289E0,3.231363158E0,4.842586655E0
2.840291317E1,1.813099513E0,-2.874645874E0,1.637142030E0,3.772420015E0
2.841288217E1,2.920453619E-1,-1.787260813E0,4.347475004E-1,1.862417004E0
2.842285217E1,9.985688511E-1,-2.351247275E0,1.687401187E-1,2.560073578E0
2.843282217E1,1.181138475E-1,1.562105296E0,-2.360330924E0,2.832893558E0
2.844279217E1,1.870440818E0,1.622824245E0,-1.937638044E0,3.144288246E0
2.845276217E1,1.661090471E0,-1.432428086E0,-1.110602015E0,2.458558238E0
2.846273217E1,1.871206950E0,-2.307768256E0,-1.460596463E0,3.310672409E0
2.847270217E1,6.524036711E-1,-1.982740834E0,1.440062796E0,2.535877091E0
2.848267217E1,-5.268166983E-1,-8.236452287E-1,2.595555639E0,2.773596289E0
2.849264254E1,1.151315519E0,3.068686017E0,2.121656937E0,3.904329578E0
2.850261254E1,2.249939513E-1,2.837593237E0,2.080339926E0,3.525673250E0
2.851258254E1,-7.880831940E-1,2.815738100E0,-2.362928842E0,3.759373469E0
2.852255154E1,-2.255690249E-1,7.337206069E-1,-4.785185874E0,4.846362673E0
2.853252154E1,1.471161066E0,6.366834319E-1,-6.704332098E0,6.893311944E0
2.854249154E1,-4.912982619E-1,-2.263983428E-1,-4.711113346E-1,7.173395858E-1
2.855246154E1,-6.429941855E-1,7.841467023E-1,2.605483627E0,2.795867039E0
2.856243154E1,-5.343032905E-1,-1.095129113E0,4.103103490E0,4.280215652E0
2.857240154E1,2.026838269E-1,-9.873488483E-1,5.956704766E-1,1.170795370E0
2.858237154E1,4.977903523E-1,4.716202762E0,-2.713086428E0,5.463625325E0
2.859234154E1,-9.895069094E-1,3.044549004E0,1.981219096E0,3.764788396E0
2.860231154E1,2.043924929E-1,-4.840128066E0,2.285606432E0,5.356548585E0
2.861228154E1,6.475462429E-1,7.356592512E-1,-9.825462377E-1,1.387770795E0
2.862225054E1,3.349717527E0,5.594186751E0,-4.822863577E0,8.110212451E0
2.863222054E1,4.181142184E-1,5.151198184E-1,-1.633706206E-1,6.832699954E-1
2.864219054E1,3.714907866E-1,-3.759082557E0,2.014884440E0,4.281175818E0
2.865216054E1,-7.975871853E-1,7.869972199E-1,2.918848193E0,3.126529180E0
2.866213054E1,-4.282090342E-1,1.701219035E0,1.628444881E0,2.393604377E0
2.867210054E1,-1.315780373E0,9.621467641E-1,-1.949004446E0,2.540791750E0
2.868207054E1,-8.840829999E-1,1.035936287E0,-5.441131203E0,5.608981682E0
2.869204054E1,-1.795950543E-1,-3.227213682E0,-1.476230748E0,3.553367382E0
2.870201054E1,2.234021930E-1,-3.388892703E0,1.411967509E0,3.678063966E0
2.871198054E1,-7.698373231E-1,1.467405838E0,4.349038550E0,4.654037570E0
2.872195054E1,5.218612196E-1,3.620102135E0,4.219759535E0,5.584250096E0
2.873191954E1,-1.830987754E0,3.687452996E-1,-1.630295525E0,2.479183888E0
2.874188954E1,-1.376453568E0,-1.984339170E0,8.490104502E-1,2.559891621E0
2.875185954E1,1.769933905E-1,-1.029200879E0,1.874746562E0,2.145985969E0
2.876182954E1,5.221262081E-1,5.976497591E-1,-3.801471362E0,3.883424459E0
2.877179954E1,-3.263817836E-1,-2.236229619E0,-1.044440770E0,2.489599265E0
2.878176954E1,2.092610893E0,-3.819255961E0,1.768848224E0,4.700485133E0
2.879173954E1,5.339342581E-1,3.489238232E-2,-6.090711254E-1,8.107224593E-1
2.880170954E1,1.538654161E0,3.412596146E0,-3.042005757E0,4.823594936E0
2.881167954E1,1.133617752E0,-1.689186927E0,-1.664038637E0,2.628205903E0
2.882164954E1,-1.009301708E0,-3.582249015E0,-3.579606950E-1,3.738894730E0
2.883161854E1,-3.777340415E-1,-3.729727780E0,5.978506694E0,7.056634794E0
2.884158854E1,-4.503759384E-1,1.025654250E-1,5.248308742E-1,6.991463358E-1
2.885155854E1,2.105670211E0,2.976759601E0,-3.461237671E0,5.027435825E0
2.886152854E1,4.831258644E-1,-2.772964548E0,-1.006898137E0,2.989412457E0
2.887149854E1,9.376179137E-1,-2.447570505E0,-5.114311609E0,5.746817551E0
2.888146854E1,1.171446387E0,-1.362964334E0,-7.839689469E-1,1.960756416E0
2.889143854E1,3.696769072E-1,-5.822534555E-1,7.292094800E0,7.324638330E0
2.890140854E1,1.779759713E0,1.543226976E0,5.505559334E0,5.988345156E0
2.891137854E1,2.209443817E0,-2.851517504E-1,1.931803107E-1,2.236128827E0
2.892134854E1,-1.511831082E0,9.394016799E-1,-1.619726098E0,2.406578769E0
2.893131854E1,-3.023322441E0,1.929370081E0,2.710400802E-1,3.596722149E0
2.894128754E1,-2.076489535E0,-1.349628004E0,3.348933708E0,4.165172448E0
2.895125754E1,2.767621837E-1,9.665178502E-1,2.298987785E0,2.509202841E0
2.896122754E1,-1.299199132E0,4.641330628E0,-1.102510638E0,4.944228765E0
2.897119754E1,1.072703780E-1,4.072618739E0,-2.350351481E0,4.703390523E0
2.898116754E1,-7.719124999E-1,-4.667735776E-1,-4.678455477E0,4.764627176E0
2.899113754E1,-2.324891389E0,-2.568374857E-1,-3.051483509E0,3.844819511E0
2.900110754E1,-3.198639289E-1,3.684915304E-1,1.203886154E0,1.299015325E0
2.901107754E1,-8.306551632E-1,-9.452111810E-1,5.751020184E0,5.887074429E0
2.902104754E1,-3.674952380E-1,5.389747626E0,-6.451876223E-2,5.402647027E0
2.903101754E1,7.627451621E-1,3.438035334E0,-7.609503300E0,8.384891628E0
2.904098654E1,-1.069001560E0,-5.899820713E0,1.355796232E0,6.147262171E0
2.905095654E1,4.508201806E-1,-3.808373415E-1,2.708094075E0,2.771651031E0
2.906092654E1,-1.776545791E0,3.133102161E0,-5.116132432E-1,3.637882929E0
2.907089654E1,-1.576597913E0,-2.758310548E0,1.678571307E0,3.593263098E0
2.908086654E1,4.572335529E-1,1.031092746E0,2.260432999E0,2.526216957E0
2.909083654E1,-1.020364896E-1,1.224768900E0,-1.729642058E0,2.121822790E0
2.910080654E1,-1.688454125E0,-4.710701994E0,-1.864408684E0,5.340188232E0
2.911077654E1,-1.083730550E0,-7.531623065E-1,-1.122850762E0,1.732777885E0
2.912074654E1,5.162359788E-1,-3.965134344E-1,-1.201073059E0,1.366125537E0
2.913071654E1,-5.343469984E-1,1.586654831E0,1.714699498E0,2.396496325E0
2.914068654E1,2.505258550E-1,5.021191192E-1,1.023243443E0,1.167010693E0
2.915065554E1,9.715240900E-1,6.230740374E-1,-3.466472098E0,3.653561156E0
2.916062554E1,1.811539768E0,1.773635924E-1,-1.742210063E0,2.519609113E0
2.917059554E1,1.852105923E-1,-1.688387028E0,-4.317560649E-1,1.752531603E0
2.918056554E1,1.145574138E0,-4.158307638E0,2.442840400E0,4.956947824E0
2.919053554E1,6.384513375E-1,2.009044826E0,-2.449814374E0,3.231945496E0
2.920050554E1,1.469650292E0,1.000680500E0,3.020481572E0,3.504931150E0
2.921047554E1,-2.079397794E-3,-3.296730936E0,4.283799995E0,5.405495499E0
2.922044554E1,-7.010204188E-1,-3.363138934E0,5.691231819E0,6.647725381E0
2.923041554E1,-9.822899835E-1,2.904237170E0,3.320749544E0,4.519608909E0
2.924038554E1,-1.634618956E0,7.554137769E-1,1.125828749E-1,1.804246106E0
2.925035454E1,-6.721949978E-2,2.620428525E0,-1.774340513E0,3.165351224E0
2.926032454E1,1.748540113E0,5.877445757E-1,-6.456066923E0,6.714434922E0
2.927029454E1,8.502564188E-1,-7.193920634E0,-3.257195572E0,7.942591080E0
2.928026454E1,-2.462284146E0,-2.346306962E0,-1.513347119E0,3.722662902E0
2.929023454E1,-1.794116820E0,2.693855228E0,1.328955173E-2,3.236647612E0
2.930020454E1,-5.417606831E-1,-2.187960562E0,5.096057771E0,5.572295835E0
2.931017454E1,6.689545074E-1,-1.944066765E0,3.271527098E0,3.863908031E0
2.932014454E1,-1.921291860E0,-5.986066559E-1,5.186003151E0,5.562761996E0
2.933011454E1,-1.448349178E0,2.793908982E0,3.762355828E-1,3.169415711E0
2.934008454E1,-4.649469440E-1,-1.057747863E0,4.537591374E-1,1.241331365E0
2.935005454E1,1.254905888E0,-2.130249420E0,-1.985064225E0,3.170683106E0
2.936002354E1,1.188722497E0,-1.188205968E0,-3.516059411E0,3.897123090E0
2.936999354E1,-3.222947261E-1,1.642550412E0,-2.028074589E0,2.629625883E0
2.937996354E1,6.098871043E-1,2.679607025E0,-1.304557081E0,3.042059380E0
2.938993354E1,-8.784469418E-2,2.474416241E0,-3.414375161E0,4.217630871E0
2.939990354E1,1.318148057E0,-1.454825261E0,-2.684808708E0,3.325992881E0
2.940987354E1,1.132708583E0,-2.912995715E0,-2.031340844E0,3.727588817E0
2.941984354E1,4.086093501E-1,2.568661371E-1,-2.057316515E0,2.113171327E0
2.942981354E1,2.907094193E-1,1.616016040E0,-1.830717613E0,2.459176038E0
2.943978354E1,-9.419982822E-1,1.231851048E0,2.108682550E0,2.617510242E0
2.944975354E1,-8.143670862E-1,1.512741932E-1,7.497476496E0,7.543091636E0
2.945972254E1,-1.813629600E-1,-1.776100525E-1,9.869674344E0,9.872938241E0
2.946969254E1,1.217990662E0,4.383672777E0,2.049526854E0,4.990054969E0
2.947966254E1,-1.160778653E0,4.857697487E0,-1.645487176E0,5.258541623E0
2.948963254E1,3.177712104E-1,5.338692078E-1,-1.097187449E1,1.098945061E1
2.949960304E1,-8.800090620E-2,-7.031481475E-2,-1.351292473E1,1.351339421E1
2.950957304E1,-1.409764279E0,-3.722189257E0,-9.680268996E0,1.046660098E1
2.951954304E1,3.678902612E0,-8.040974606E0,7.806701233E0,1.179560008E1
2.952951304E1,2.579908856E-1,-3.487527045E0,1.749388924E1,1.783999902E1
2.953948304E1,1.128232612E0,4.518117222E0,9.802827221E0,1.085272839E1
2.954945304E1,3.346441917E-1,6.284530665E0,2.091261941E0,6.631793794E0
2.955942304E1,-1.944345092E0,-4.068609595E-1,3.052500924E0,3.641946674E0
2.956939204E1,-4.281756320E-1,3.791027650E-1,8.967535508E-1,1.063588365E0
2.957936204E1,2.510715171E0,2.845920550E0,-5.552099662E0,6.725233461E0
2.958933204E1,-1.090876798E0,6.976403627E-1,-1.037637651E1,1.045685917E1
2.959930204E1,-2.979969723E0,-1.463823541E0,-1.151471947E1,1.198381256E1
2.960927204E1,-4.653931414E-2,-5.528250039E0,-6.860034095E0,8.810435981E0
2.961924204E1,-5.926419843E-2,-6.479556942E0,-2.926127976E-1,6.486431427E0
2.962921204E1,1.737949819E-1,-1.279954922E0,3.673861728E0,3.894322700E0
2.963918204E1,3.235527545E-1,-2.159830484E0,1.017233792E1,1.040413441E1
2.964915204E1,-3.275055454E-1,1.265039259E-1,1.059554302E1,1.060135817E1
2.965912204E1,9.555740552E-1,3.756663564E-1,9.077601156E0,9.135485194E0
2.966909104E1,1.991324108E-1,2.495308051E-1,4.117301699E0,4.129660109E0
2.967906104E1,-1.080864099E0,5.380532999E0,-4.577924883E0,7.146733435E0
2.968903104E1,8.597086256E-2,2.786622766E0,-7.135777676E0,7.661069146E0
2.969900104E1,7.878042088E-1,-2.320564888E0,-9.737445409E0,1.004109058E1
2.970897104E1,-3.643003924E-1,-1.665411564E0,-8.681236534E0,8.847043472E0
2.971894104E1,6.403982411E-1,-3.276803918E0,5.602749413E-1,3.385478080E0
2.972891104E1,1.498049341E0,-7.983207039E0,1.154453793E1,1.411566869E1
2.973888104E1,-6.410761161E-2,-3.237386083E0,1.153715875E1,1.198293830E1
2.974885104E1,1.707994496E0,8.407325470E-1,2.521907619E0,3.159761772E0
2.975882104E1,8.037961243E-1,1.915342610E0,-4.605534850E0,5.052284313E0
2.976879104E1,-3.692516392E0,2.518104883E0,-9.951376319E-1,4.578845751E0
2.977876004E1,-3.638588399E0,7.911761665E0,2.133538479E0,8.965895640E0
2.978873004E1,-3.461820638E0,7.122160095E0,6.307759899E-1,7.944006854E0
2.979870004E1,-1.437384040E0,2.698401731E0,-8.660867758E0,9.184665214E0
2.980867004E1,-7.881603042E-1,-4.167826905E0,-9.242020183E0,1.016891906E1
2.981864004E1,-3.089560577E-1,-2.893333282E0,-3.961864581E0,4.915608028E0
2.982861004E1,-4.147986279E-1,-2.110249312E0,6.258916937E0,6.618100278E0
2.983858004E1,9.648144832E-1,-6.825478220E-1,1.204801010E1,1.210583685E1
2.984855004E1,2.179575947E0,5.138223798E0,4.969660850E0,7.473247223E0
2.985852004E1,2.779840690E-1,8.230378785E0,-9.332497074E0,1.244636138E1
2.986849004E1,-1.996496847E0,2.653220003E0,-1.326518054E1,1.367445029E1
2.987846004E1,-8.173835917E-1,2.017640525E0,-8.206752525E0,8.490569841E0
2.988842904E1,-3.264274504E0,-3.131990313E0,1.101911064E1,1.191157633E1
2.989839904E1,1.016846882E0,-4.488050839E-1,1.818291344E1,1.821685331E1
2.990836904E1,2.685852729E-1,2.824529681E0,5.421296863E0,6.118869638E0
2.991833904E1,-7.619404390E-1,-7.756872430E-1,-7.518644001E0,7.596858005E0
2.992830904E1,-1.958294795E0,-4.034377071E0,-9.574414512E0,1.057263118E1
2.993827904E1,-1.721606083E0,-7.168452501E0,1.064145886E0,7.448694197E0
2.994824904E1,-1.599289787E0,-4.608534764E0,4.176077911E0,6.421522188E0
2.995821904E1,-1.986981235E0,1.352145815E0,6.467912797E0,6.900020919E0
2.996818904E1,-1.207013172E0,4.626970743E0,6.206752172E0,7.835145919E0
2.997815904E1,2.031487317E0,-1.977484480E-1,7.995775044E-2,2.042654745E0
2.998812904E1,5.932780883E-1,-9.293935856E-1,-7.376406387E0,7.458359237E0
2.999809804E1,1.503913368E0,1.152717170E-1,-1.126470072E1,1.136523318E1