"Time (s)","Linear Acceleration x (m/s^2)","Linear Acceleration y (m/s^2)","Linear Acceleration z (m/s^2)","Absolute acceleration (m/s^2)"
2.717825008E-2,1.962002514E0,3.353457114E-1,-1.441514075E-2,1.990507073E0
3.714825009E-2,1.510096944E0,1.390736854E-1,1.150983471E-1,1.520849072E0
4.711725004E-2,1.692797875E0,-4.662452817E-2,7.376677698E-1,1.847130811E0
5.708625005E-2,1.849945012E0,7.932306442E-1,-1.813414532E-1,2.020988898E0
6.705625006E-2,1.544537775E0,5.167166930E-1,-9.715435320E-1,1.896441382E0
7.702525007E-2,1.481807238E0,-1.387094039E-1,-5.541306871E-1,1.588097543E0
8.699525008E-2,1.348198506E0,-9.511577994E-2,1.204795396E-1,1.356908819E0
9.696425009E-2,1.553629757E0,1.956016427E-1,-1.595412791E-2,1.565975721E0
1.069332501E-1,9.595017761E-1,-1.171577072E0,8.225804508E-2,1.516576038E0
1.169032500E-1,9.022056408E-1,-9.869500682E-1,5.755975699E-1,1.455801504E0
1.268722501E-1,6.940560195E-1,-3.963961977E-1,2.387215253E0,2.517467054E0
1.368422501E-1,5.576613821E-1,-1.712053049E-1,2.216960705E0,2.292424969E0
1.468112501E-1,5.392080081E-1,8.092546463E-3,7.441605181E-1,9.190134068E-1
1.567802501E-1,5.315290059E-1,2.150930437E-1,1.817896423E0,1.906183492E0
1.667502501E-1,6.497664307E-1,1.725510415E-1,1.304191046E0,1.467271127E0
1.767192500E-1,4.208878452E-1,-7.872664842E-1,-1.320272058E-1,9.024224501E-1
1.866882500E-1,2.237599330E-1,-1.005968137E0,1.377825032E0,1.720593566E0
1.966582501E-1,1.215700454E-1,2.964055941E-1,1.814035506E0,1.842107589E0
2.066272501E-1,8.680008911E-1,1.882866590E0,-1.318231380E-1,2.077495964E0
2.165972501E-1,1.077554721E0,-2.227201518E-1,6.707189047E-1,1.288639706E0
2.265662501E-1,1.483117891E0,-1.318978362E0,1.215973518E0,2.327645634E0
2.365352501E-1,1.766163913E0,2.984915882E-2,-9.764779973E-1,2.018349628E0
2.465052500E-1,1.396185290E0,1.263896713E0,-2.349301322E0,3.010977410E0
2.564742501E-1,9.867557944E-1,3.688312536E-1,-1.187551373E0,1.587451339E0
2.664432501E-1,8.117212942E-1,-4.679117382E-1,-1.132011595E0,1.469449933E0
2.764132501E-1,5.025225770E-1,5.262502858E-1,-1.409467240E0,1.586211274E0
2.863822501E-1,3.291466396E-1,2.671002263E-1,-1.233601120E0,1.304397088E0
2.963522501E-1,-1.125796589E-1,-7.070304063E-1,-1.459541041E-1,7.306632436E-1
3.063212500E-1,3.315485296E-1,-3.317391488E-1,1.284633279E0,1.367573746E0
3.162902500E-1,5.913847598E-1,1.417960028E0,4.390563136E-1,1.597847622E0
3.262602501E-1,1.470703814E0,5.447473678E-1,2.237963319E-2,1.568508926E0
3.362292501E-1,1.054091599E0,-5.378494075E-1,-6.109270316E-1,1.331774351E0
3.461992501E-1,9.346683589E-1,7.181053251E-2,-8.227967978E-1,1.247299589E0
3.561682501E-1,3.057912523E-1,1.469535102E0,-7.644415855E-1,1.684462123E0
3.661372501E-1,5.321419403E-1,-4.908758005E-1,-6.007663250E-2,7.264594262E-1
3.761072500E-1,5.194555289E-1,-1.750767463E0,6.785243529E-1,1.948182757E0
3.860770417E-1,4.802014160E-1,2.015368590E-1,-7.908575517E-1,9.469245865E-1
3.960460417E-1,9.223272255E-1,4.966344309E-1,1.292989535E0,1.664077885E0
4.060160418E-1,8.981475270E-1,5.601340234E-2,2.293322418E0,2.463561283E0
4.159850417E-1,5.872189111E-1,5.404522955E-2,2.752175065E0,2.814642877E0
4.259550417E-1,6.412771507E-1,6.062533522E-1,2.958141482E0,3.086969475E0
4.359240417E-1,-1.678873023E-1,2.831669131E-1,1.547149288E0,1.581783982E0
4.458930417E-1,6.097898944E-1,2.311848736E-1,2.607361168E-1,7.023343105E-1
4.558630417E-1,-3.208823311E-1,1.394178525E0,-8.027110273E-1,1.640440253E0
4.658320418E-1,-3.303245611E-1,1.749666140E0,-1.830428175E0,2.553607884E0
4.758010418E-1,5.987578064E-1,2.652095291E-1,-1.936720031E0,2.044439161E0
4.857710417E-1,4.885332598E-1,-7.502463001E-1,-1.658004895E0,1.884280895E0
4.957400417E-1,3.783863349E-1,1.023071828E0,-3.604105030E0,3.765557761E0
5.057100417E-1,1.450422308E-1,9.696314925E-1,-2.865252029E0,3.028348010E0
5.156790417E-1,-7.788564339E-2,-7.214288825E-1,-1.509271610E0,1.674642230E0
5.256480417E-1,1.825085574E-1,-1.342267822E0,-6.558997214E-1,1.505057050E0
5.356180418E-1,-2.261865275E-1,8.137157795E-1,1.319919471E0,1.566997487E0
5.455870417E-1,-4.737653857E-1,1.065705631E0,1.423566631E0,1.840305433E0
5.555570417E-1,7.329333524E-1,-8.348841619E-1,7.534710395E-1,1.342364135E0
5.655260417E-1,5.399408104E-1,-4.210389957E-1,-3.883744025E-1,7.871750702E-1
5.754950417E-1,-1.506922491E-2,8.082781613E-1,-1.234899201E0,1.475979914E0
5.854650417E-1,6.523207869E-1,-1.004007858E-1,-3.875359118E-2,6.611388414E-1
5.954340418E-1,3.925148159E-2,-3.842679030E-1,6.895872849E-1,7.904006096E-1
6.054030418E-1,5.280252081E-1,9.815870020E-1,4.958462262E-1,1.219912760E0
6.153730417E-1,-2.992895870E-1,-3.568672657E-1,1.274757916E0,1.357179519E0
6.253420417E-1,-2.147683771E-1,-9.843237913E-1,8.503880543E-1,1.318400025E0
6.353120417E-1,2.196192272E-2,1.643006787E0,-3.133540410E-1,1.672765490E0
6.452810417E-1,1.522750904E-1,2.402431462E0,4.880302531E-1,2.456224371E0
6.552500417E-1,1.994563466E-1,-1.087190348E0,2.344379135E0,2.591887192E0
6.652200418E-1,1.303282973E0,-7.477241036E-1,9.314146757E-2,1.505427905E0
6.751890417E-1,1.490295056E0,2.170627953E0,-2.680322725E0,3.757224371E0
6.851590417E-1,-7.044581430E-1,2.424127263E0,-3.161595351E0,4.045780447E0
6.951280417E-1,-1.126252818E0,9.796425104E-3,-2.172122501E0,2.446764709E0
7.050970417E-1,1.075866484E-1,-8.579195604E-1,-5.668530589E-1,1.033887445E0
7.150670417E-1,4.353316373E-1,1.661056557E0,-2.787554812E-1,1.739634197E0
7.250360418E-1,-7.177201398E-1,3.459934911E-1,1.179296274E0,1.423226404E0
7.350060417E-1,-1.293173137E-1,-6.970313752E-1,2.008116288E0,2.129579004E0
7.449750417E-1,8.558805632E-1,1.839425871E-1,1.087389153E0,1.395987673E0
7.549440417E-1,5.124691294E-1,1.064267801E0,1.786522018E0,2.141716947E0
7.649140417E-1,1.582660013E-1,4.679342499E-1,1.554640156E0,1.631231622E0
7.748830417E-1,2.343265095E-1,4.685660416E-1,-8.056293726E-1,9.609899762E-1
7.848520417E-1,2.769060800E-1,1.604785000E0,-1.267578120E0,2.063677825E0
7.948220418E-1,-1.168355037E0,-1.708474553E-1,-4.746863222E-1,1.272623059E0
8.047910417E-1,-3.412170468E-1,-1.127582037E0,-3.315786427E-1,1.223852409E0
8.147610417E-1,-2.649751288E-1,-3.250759542E-2,4.680380380E-1,5.388210906E-1
8.247300417E-1,-6.492436165E-1,-1.024719281E0,2.025353880E0,2.360852646E0
8.346990417E-1,-1.096610651E0,-1.489026795E0,2.547272256E0,3.147753431E0
8.446690417E-1,-1.735407559E0,-1.200401506E0,1.369593322E-1,2.114559299E0
8.546380418E-1,-2.224594976E0,2.110350761E-1,5.634692752E-1,2.304529504E0
8.646080417E-1,-2.804631898E0,-7.803541982E-1,-1.672952718E-1,2.915973331E0
8.745770417E-1,-1.537869172E0,-8.373613349E-1,-7.246851969E-1,1.895094781E0
8.845460417E-1,-1.462009735E0,-2.647499380E-1,-1.391592886E0,2.035705223E0
8.945160417E-1,-1.449958624E0,2.500760579E-1,-1.273835226E0,1.946169116E0
9.044850417E-1,-7.761046612E-1,-8.223199573E-1,-1.950986652E0,2.254971724E0
9.144540417E-1,1.055891664E-1,-7.667953822E-1,-2.033031274E0,2.175394307E0
9.244240417E-1,1.195882047E-1,1.165121161E0,-8.744318050E-1,1.461656471E0
9.343930417E-1,-6.960138866E-1,9.931557181E-1,6.065316796E-2,1.214278558E0
9.443630417E-1,1.041593906E0,1.413476676E-1,-5.982461751E-2,1.052841875E0
9.543320417E-1,-8.053720951E-2,4.666838229E-2,-8.781962425E-1,8.831154060E-1
9.643010417E-1,-1.389426201E0,1.311125551E0,-1.601724275E0,2.493005422E0
9.742710417E-1,-8.851539905E-1,3.918833166E-1,-1.504124891E0,1.788703946E0
9.842400418E-1,-3.159062775E-1,-1.047789178E0,-1.252891669E0,1.663549359E0
9.942100417E-1,-3.861695637E-1,-1.858633974E-1,-1.138365179E0,1.216366481E0
1.004179042E0,-4.580762098E-1,-6.421271896E-1,2.066739303E-1,8.153988319E-1
1.014148042E0,6.509683259E-2,-1.508149821E0,9.349943411E-1,1.775659849E0
1.024118042E0,3.409613773E-1,-7.140052575E-1,6.293580401E-1,1.011014199E0
1.034087042E0,8.334225773E-1,-2.082374758E-1,1.728282580E0,1.930004331E0
1.044057042E0,1.321306869E0,-1.702863564E0,2.660192515E0,3.423772828E0
1.054026042E0,7.262426028E-1,-4.500479096E-1,2.399923006E0,2.547469701E0
1.063995042E0,1.172379529E0,1.614269477E0,1.259577375E0,2.359422571E0
1.073965042E0,1.997534874E0,1.326328604E0,2.855312347E-1,2.414709346E0
1.083934042E0,2.154230606E0,-1.172779552E0,-6.579637885E-2,2.453660642E0
1.093904042E0,1.262032329E0,-7.623672858E-1,4.235547602E-1,1.534056098E0
1.103873042E0,5.003542833E-1,1.721632250E0,8.038325232E-1,1.964820281E0
1.113842042E0,5.289128155E-1,4.392065871E-1,4.232547981E-1,8.073387248E-1
1.123812042E0,3.298083251E-1,-8.867021871E-1,-3.326954609E-1,1.002846234E0
1.133781042E0,1.437486805E-1,5.193151957E-1,-1.119206192E0,1.242165229E0
1.143750042E0,6.368496390E-1,1.675642437E-1,-9.241085798E-1,1.134738695E0
1.153720042E0,6.899595333E-1,-3.528964216E-1,-9.275069815E-1,1.208655965E0
1.163689042E0,9.002845381E-1,-1.509034798E-1,1.153293121E-1,9.201005163E-1
1.173659042E0,1.190702291E0,1.166811883E-1,5.373316365E-1,1.311530302E0
1.183628042E0,1.689452683E0,-1.657612547E-1,-7.203986031E-1,1.844099051E0
1.193597042E0,1.212103246E0,1.321093592E-1,6.057288569E-1,1.361453125E0
1.203567042E0,6.024434526E-1,1.386359336E0,1.962885152E0,2.477468151E0
1.213536042E0,2.167370030E0,-6.198750257E-1,1.349442063E0,2.627305041E0
1.223506042E0,1.412062819E0,-1.043686771E0,-7.225252354E-1,1.898748587E0
1.233475042E0,1.498331323E0,5.180369943E-2,8.293795931E-1,1.713344941E0
1.243444042E0,1.934095947E0,1.024206480E0,1.332666986E0,2.562367526E0
1.253414042E0,1.847322828E0,7.449732810E-1,-9.291746074E-1,2.197942736E0
1.263383042E0,1.120945154E0,2.313728616E-1,-6.967179644E-1,1.339950507E0
1.273353042E0,5.048890914E-1,1.058371176E0,-7.368614388E-1,1.384928634E0
1.283322042E0,1.035572005E0,2.620061320E-1,-1.534628645E0,1.869797227E0
1.293291042E0,1.164663763E0,-7.237575361E-1,-1.240643506E0,1.849178996E0
1.303261042E0,8.652319421E-1,-5.721214002E-1,-3.921060956E-1,1.108916769E0
1.313230042E0,1.013078790E0,1.659977746E-1,-1.344348553E0,1.691495471E0
1.323200042E0,1.148275040E0,-6.560742608E-1,-8.216583449E-1,1.556949402E0
1.333169042E0,6.181550673E-1,-5.789453933E-1,-5.956108350E-1,1.035396408E0
1.343138042E0,3.861914907E-1,3.784493387E-2,-1.161441801E0,1.224550188E0
1.353108042E0,2.874504371E-1,-1.047694160E0,-1.010629830E0,1.483800344E0
1.363077042E0,6.926594120E-1,-2.528795055E-1,1.051919943E-1,7.448425747E-1
1.373047042E0,8.023327124E-1,-2.549356788E-2,1.475602757E0,1.679818800E0
1.383015417E0,8.126624036E-1,3.534922528E-1,2.741153648E0,2.880850617E0
1.392984417E0,1.872596102E0,3.062762788E-1,1.709628793E0,2.554065765E0
1.402954417E0,1.782126081E0,4.291353428E-1,7.068693155E-1,1.964636033E0
1.412923417E0,1.397359995E0,1.081930777E0,5.637037486E-1,1.854980075E0
1.422892417E0,1.237010631E0,1.501132286E-1,-1.734985828E-2,1.246206363E0
1.432862417E0,1.144411931E0,-3.886094606E-1,-8.466739029E-1,1.475653306E0
1.442831417E0,7.086420451E-1,2.045546070E-1,-4.742109436E-1,8.768649579E-1
1.452801417E0,8.005563283E-1,1.497346213E-1,9.681118011E-1,1.265128986E0
1.462770417E0,1.432573682E0,-7.349841902E-1,6.963396496E-1,1.754240013E0
1.472739417E0,9.198811890E-1,-9.525640547E-2,7.092006004E-1,1.165427251E0
1.482709417E0,6.081424414E-1,9.570769358E-1,1.205942620E0,1.655334133E0
1.492678417E0,1.013729877E0,3.886071217E-1,8.193574655E-1,1.360150880E0
1.502648417E0,1.707276458E0,4.534027496E-1,-5.414165014E-1,1.847565638E0
1.512617417E0,1.499328712E0,3.670697799E-1,-1.166576825E0,1.934845808E0
1.522586417E0,1.178763154E0,-7.352025837E-1,5.185790312E-1,1.482878830E0
1.532556417E0,1.311540703E0,-4.611014861E-1,3.889649713E-1,1.443622993E0
1.542525417E0,8.572846989E-1,9.646446946E-1,-3.120764244E-1,1.327730446E0
1.552495417E0,3.761494826E-1,1.258000381E0,7.747063726E-1,1.524540375E0
1.562464417E0,3.160721192E-1,-6.434010056E-1,5.116044724E-1,8.806847192E-1
1.572433417E0,1.169415649E0,-1.856394491E-1,-6.583690006E-1,1.354785852E0
1.582403417E0,1.818094790E0,7.487283629E-1,-4.171339327E-1,2.009990931E0
1.592372417E0,1.274243361E0,-2.996431974E-1,-7.313872755E-2,1.311042129E0
1.602342417E0,1.708731684E0,-1.087873595E0,-1.064414274E0,2.288276791E0
1.612311417E0,2.000177523E0,-8.462742457E-1,-6.520639479E-1,2.267614962E0
1.622280417E0,2.476858623E-1,-2.907466587E-1,9.800331044E-1,1.051830211E0
1.632250417E0,5.177493113E-1,-1.462759641E0,2.128904561E0,2.634381283E0
1.642219417E0,1.166239733E0,-1.155100788E0,1.928463178E0,2.532457931E0
1.652189417E0,9.482686901E-1,1.172235176E-1,1.332543610E0,1.639703429E0
1.662158417E0,9.093893838E-1,1.513090426E0,-1.317114562E-1,1.770248456E0
1.672127417E0,1.166376120E0,-7.152396047E-1,6.564201236E-2,1.369784588E0
1.682097417E0,1.783958306E0,-1.037317107E0,-1.465702252E0,2.531169119E0
1.692066417E0,1.289278453E0,4.049690929E-1,-1.692250868E0,2.165629677E0
1.702036417E0,6.443368524E-1,4.826730341E-1,1.270208783E0,1.503852915E0
1.712005417E0,1.304281239E0,5.427002576E-1,1.629206189E0,2.156382602E0
1.721974417E0,1.063182704E0,6.106028035E-1,8.674268407E-1,1.501873020E0
1.731944417E0,5.447497067E-1,9.771276230E-1,8.109672958E-1,1.381737525E0
1.741913417E0,5.284089316E-1,8.449065819E-1,2.042701399E-1,1.017255829E0
1.751882417E0,1.815952954E0,9.780775031E-1,-2.382215298E0,3.151074493E0
1.761852417E0,9.386884658E-1,8.569886836E-1,-2.015427062E0,2.382753005E0
1.771821417E0,-4.397056469E-1,-9.193170789E-1,5.323077089E-1,1.149711461E0
1.781791417E0,6.182679185E-1,-7.720874047E-1,-1.030144912E-1,9.944778354E-1
1.791760417E0,9.625281487E-1,4.581430873E-1,2.298996556E-1,1.090508770E0
1.801729417E0,6.153634603E-1,8.153658637E-1,6.168882680E-1,1.193333489E0
1.811699417E0,1.994669446E0,2.774804959E-1,-4.411244738E-1,2.061623736E0
1.821668417E0,2.386848047E0,-2.902128080E-1,8.286966383E-2,2.405854205E0
1.831638417E0,1.879422726E0,4.128689736E-1,2.035965407E-1,1.934978585E0
1.841607417E0,1.428138277E0,-1.538922256E0,2.019438252E0,2.913072519E0
1.851576417E0,1.263959571E0,-1.438885167E0,3.751846628E0,4.212402810E0
1.861546417E0,1.109881492E0,1.987507484E0,1.848230608E0,2.932231114E0
1.871515417E0,6.048299937E-1,1.334543357E0,1.929401656E0,2.422687773E0
1.881485417E0,8.996892916E-1,-1.631970168E0,1.156497980E0,2.193229360E0
1.891454417E0,1.372558884E0,8.428167871E-1,-3.022173756E0,3.424586433E0
1.901423417E0,1.440055341E0,1.603458267E0,-2.252282565E0,3.117308864E0
1.911393417E0,9.146591869E-1,-7.726610166E-1,-1.225301582E0,1.713175543E0
1.921362417E0,2.368677679E0,-2.237978229E0,-1.659276665E0,3.656826431E0
1.931332417E0,2.127954681E0,-1.198354396E0,-1.949468130E0,3.124847256E0
1.941301417E0,7.123181896E-1,8.828883407E-1,-1.816729903E0,2.141820853E0
1.951270417E0,1.195288555E0,-1.107824295E0,-7.776679873E-2,1.631575028E0
1.961240417E0,5.774919216E-1,-2.114420131E0,-6.053365088E-1,2.273917698E0
1.971209417E0,1.411690498E0,1.552339277E-1,-6.722017586E-2,1.421789782E0
1.981179417E0,1.030399997E0,5.903910255E-1,1.371596578E0,1.814266488E0
1.991148417E0,1.766943493E0,-4.263468057E-2,3.113081587E0,3.579830162E0
2.001117417E0,2.429712670E0,1.772937182E-1,2.492775621E0,3.485522489E0
2.011087417E0,2.092958949E0,1.350256872E0,6.046325040E-1,2.563055061E0
2.021056417E0,1.763377276E0,-1.245752218E0,1.878366573E0,2.861758024E0
2.031026417E0,1.714488414E0,-1.212983252E0,1.623678816E0,2.654643439E0
2.040995417E0,1.531893025E0,2.491187810E0,2.040678263E-2,2.924573368E0
2.050964417E0,1.698613516E0,5.939706910E-1,1.606709027E0,2.412385325E0
2.060934417E0,1.762493324E0,-1.531007465E0,2.213411445E0,3.217072706E0
2.070903417E0,2.059488609E0,3.469793317E-1,1.700991871E0,2.693559231E0
2.080873417E0,1.951877622E0,3.155458405E0,2.080756248E0,4.253973503E0
2.090842417E0,1.574186521E0,8.603376764E-1,1.411811389E0,2.282861257E0
2.100811417E0,1.601554706E0,-3.108566952E-1,3.486916888E-1,1.668291118E0
2.110781417E0,4.434516656E-1,1.759000343E0,-6.251363504E-1,1.918730581E0
2.120750417E0,1.407068274E0,3.376025612E0,-3.360346304E0,4.966821654E0
2.130720417E0,2.290170476E0,2.278490371E-1,-1.789932114E0,2.915587928E0
2.140689417E0,1.172246578E0,-1.071999574E0,-1.193027875E0,1.986620406E0
2.150658417E0,8.942021182E-1,8.834663379E-1,-3.254704658E0,3.489013129E0
2.160628417E0,1.148426922E0,1.094111112E0,-6.343422067E-1,1.708318927E0
2.170597417E0,5.451794770E-1,-3.923759446E-1,-3.500301164E-1,7.574302783E-1
2.180567417E0,1.616411165E0,8.921509150E-1,-3.828347504E-1,1.885545215E0
2.190536417E0,4.046137284E-1,7.765350893E-1,2.103645759E0,2.278605822E0
2.200505417E0,9.377777620E-1,-8.446519357E-1,2.684902849E0,2.966743556E0
2.210475417E0,2.194506812E0,-1.500325662E0,2.780574991E0,3.846873344E0
2.220444417E0,7.232116985E-1,1.844694212E-1,2.013745987E-1,7.730561799E-1
2.230414417E0,1.114212670E0,-9.276157397E-1,9.452456796E-1,1.730731126E0
2.240383417E0,2.222399200E0,-8.141534436E-1,1.332755864E0,2.716273592E0
2.250352417E0,7.867335105E-1,-3.691069499E-1,1.097574418E0,1.399949699E0
2.260322417E0,7.059230898E-1,6.825340810E-1,-2.470664960E-1,1.012532485E0
2.270291417E0,1.006129959E0,-1.136540848E-1,4.097179091E-1,1.092283622E0
2.280261417E0,3.056981938E0,3.126971063E-1,-5.898969358E-1,3.129040819E0
2.290230417E0,1.773464747E0,-6.064556658E-2,-1.903902533E0,2.602633272E0
2.300199417E0,1.839016566E0,-2.716674864E-1,-2.091477703E0,2.798225176E0
2.310169417E0,1.814010656E0,2.488759169E-1,-3.184010652E0,3.672941289E0
2.320138417E0,2.697788358E0,-2.417604402E-1,-1.877888855E0,3.295903015E0
2.330108417E0,2.263083542E0,-4.783879021E-1,-1.211679323E0,2.611238956E0
2.340077417E0,1.189082905E0,-4.965031609E-1,-4.168211067E-1,1.354316572E0
2.350046417E0,1.220776714E0,-7.785617343E-1,-8.484245592E-1,1.678177104E0
2.360016417E0,7.303942721E-1,7.556979516E-1,-2.879198223E-1,1.089703176E0
2.369985417E0,4.951391517E-1,5.800908628E-1,1.068899673E0,1.313093561E0
2.379955417E0,5.348915935E-1,-2.474372387E0,2.365985182E0,3.465041646E0
2.389924250E0,8.903214674E-1,-9.011383778E-1,1.990903255E0,2.359749661E0
2.399893250E0,7.606759787E-2,1.128798257E0,3.158597483E0,3.355102062E0
2.409863250E0,7.448697853E-1,3.408371240E-2,4.977329473E0,5.032872080E0
2.419832250E0,-4.498165061E-1,-1.630815927E0,5.082765881E0,5.356902508E0
2.429802250E0,9.036459562E-1,-3.837545174E-1,3.486222823E0,3.621821795E0
2.439771250E0,-6.000997424E-2,8.536028534E-1,3.927853666E0,4.019984260E0
2.449740250E0,7.248044801E-1,-3.989116699E-2,3.444937972E0,3.520586666E0
2.459710250E0,-5.122486894E-1,-2.332406961E0,2.880425554E0,3.741573509E0
2.469679250E0,-3.153162204E-1,-1.196759860E0,1.786719654E0,2.173482368E0
2.479649250E0,-6.524497180E-1,1.756413535E0,1.265064987E0,2.260767251E0
2.489618250E0,3.270580141E-1,7.291018912E-1,2.422915428E0,2.551289024E0
2.499587250E0,2.193824150E-1,-1.825493710E0,1.758189919E0,2.543970857E0
2.509557250E0,9.145833193E-1,-1.512372388E0,-3.405786771E-1,1.799924088E0
2.519526250E0,9.857933427E-1,9.722223938E-1,-3.159408492E-1,1.420149118E0
2.529496250E0,1.800379480E0,1.716907992E0,1.074981362E0,2.710115173E0
2.539465250E0,1.436708541E0,-6.665776142E-1,1.136584702E0,1.949431182E0
2.549434250E0,1.411182959E0,-1.312807795E0,-6.385323215E-1,2.030424876E0
2.559404250E0,1.716475736E0,1.387753897E0,-1.568222653E0,2.707669131E0
2.569373250E0,2.304559451E0,1.167702414E0,-4.120287287E-1,2.616159564E0
2.579343250E0,1.615442428E0,-2.659775609E0,1.910705768E0,3.651692356E0
2.589312250E0,1.652193202E0,-3.457376462E0,1.300174009E0,4.046436312E0
2.599281250E0,1.517767468E0,-2.895278066E-2,-1.674819149E0,2.260414902E0
2.609251250E0,1.781122991E0,1.236061043E0,-1.581170728E0,2.683346210E0
2.619220250E0,2.178306224E0,-1.155024774E0,-4.354918510E-1,2.503747868E0
2.629190250E0,1.338834337E0,-2.938206570E0,2.536463678E-2,3.228959367E0
2.639159250E0,1.052185553E0,-9.824769482E-1,-1.934450142E0,2.411317636E0
2.649128250E0,2.060088095E0,2.571674733E0,-3.192920054E0,4.588268995E0
2.659098250E0,3.077774345E0,2.925666046E0,-4.478523386E0,6.171660105E0
2.669067250E0,2.190130610E0,-1.492644467E0,-1.960703555E0,3.296819380E0
2.679037250E0,1.456655294E0,-2.044897906E0,-7.662904751E-1,2.625005368E0
2.689006250E0,1.556546056E0,2.413849612E0,7.214914477E-1,2.961427947E0
2.698975250E0,2.231108189E0,5.119897454E0,-1.793405945E0,5.865790533E0
2.708945250E0,3.522693077E0,1.229466261E0,-4.860363525E-1,3.762603505E0
2.718914250E0,2.941624852E0,-1.180489398E0,4.716030854E-1,3.204546997E0
2.728884250E0,1.501586614E0,2.395673835E0,-6.425142753E-1,2.899455134E0
2.738853250E0,2.739609983E0,5.573741961E0,-7.421683717E-1,6.254828231E0
2.748822250E0,3.614690829E0,2.007521334E0,1.611040059E0,4.437519777E0
2.758792250E0,4.138162810E0,-1.175674508E0,1.881242818E0,4.695282370E0
2.768761250E0,3.570124521E0,1.418527208E0,1.264839869E0,4.044481231E0
2.778731250E0,2.594847249E0,2.588340760E0,-3.757186890E-2,3.665262853E0
2.788700250E0,4.000367326E0,7.465350723E-1,7.164353603E-1,4.132013188E0
2.798669250E0,3.455637792E0,5.555574077E-1,1.641348517E-1,3.503857422E0
2.808639250E0,2.898990756E0,8.001821065E-1,-4.412098432E-1,3.039589599E0
2.818608250E0,8.875975420E-1,-1.785420695E0,1.589827530E0,2.550119219E0
2.828578250E0,1.958113677E0,-2.727064782E0,4.314817135E0,5.467059393E0
2.838547250E0,1.687451620E0,-6.175028104E-1,1.314524245E0,2.226381971E0
2.848517250E0,1.884795002E0,-8.709556353E-1,2.611781663E-1,2.092660974E0
2.858486250E0,3.137940440E-1,-4.272058494E0,3.455660596E0,5.503684278E0
2.868455250E0,5.922065860E-1,-3.167285568E0,3.723064878E0,4.923780925E0
2.878425250E0,1.569535499E0,-2.253832370E0,3.040789536E0,4.097511811E0
2.888394250E0,6.731598249E-1,-1.523384449E0,3.451481007E0,3.832305503E0
2.898364250E0,5.032996720E-1,-1.071604010E0,3.965953538E0,4.138892748E0
2.908333250E0,1.120237495E0,-1.009944536E0,2.828654891E0,3.205652586E0
2.918302250E0,2.669140802E0,-1.267298916E0,4.779420519E-1,2.993123413E0
2.928272250E0,2.676084663E0,-5.525639257E-1,-5.900372690E-1,2.795514263E0
2.938241250E0,2.286430158E0,-1.099951019E0,-1.202973989E0,2.807988877E0
2.948211250E0,2.548820014E0,-8.087664038E-2,-1.862703052E0,3.157956167E0
2.958180250E0,2.619387721E0,-1.874965248E-1,-1.727593778E0,3.143394223E0
2.968149250E0,1.324404139E0,-8.589355141E-1,-1.279684196E0,2.032094531E0
2.978119250E0,1.338054903E0,4.516936085E-1,-1.934792204E0,2.395378657E0
2.988088250E0,8.768529908E-1,-1.470203438E-1,-5.827680105E-1,1.063063828E0
2.998058250E0,6.220120369E-1,-6.835175827E-1,1.387962350E0,1.667493552E0
3.008027250E0,8.833577259E-1,7.598526907E-1,-2.053552662E0,2.361096254E0
3.017996250E0,9.355227832E-1,1.472798140E0,-3.301889350E0,3.734542879E0
3.027966250E0,-1.216074675E-3,1.115525663E0,-3.696136696E0,3.860806322E0
3.037935250E0,2.218060274E0,5.359204111E-1,-2.680051414E0,3.519897391E0
3.047905250E0,1.602998237E0,-1.069280326E0,1.515100699E0,2.451222938E0
3.057874250E0,1.087205697E0,-1.542118344E0,3.801121114E0,4.243661972E0
3.067843250E0,1.100919903E0,1.190924631E0,1.272695019E0,2.061571905E0
3.077813250E0,1.248843203E0,1.028595985E0,-7.109021401E-1,1.767201431E0
3.087782250E0,8.268348849E-1,-1.241013927E0,-2.543755156E-1,1.512771760E0
3.097752250E0,1.876381736E0,-2.059036473E0,8.261934453E-1,2.905690146E0
3.107721250E0,1.141226953E0,1.107343654E0,-3.554428840E-1,1.629401292E0
3.117691250E0,-2.544860280E-1,2.369323357E0,2.074455873E0,3.159402393E0
3.127660250E0,-1.748852939E0,7.278555572E-2,2.691628316E0,3.210708229E0
3.137629250E0,-5.463974521E-2,-1.431051067E0,1.100522000E-1,1.436316172E0
3.147599250E0,9.565484937E-1,9.119033942E-1,-7.708542269E-1,1.529957209E0
3.157568250E0,3.926919866E-1,2.866317977E0,2.248064969E0,3.663847956E0
3.167538250E0,3.749738999E-1,-1.274792415E0,5.024295478E0,5.197042061E0
3.177507250E0,9.111333159E-1,-2.479075595E0,3.381486327E0,4.290737641E0
3.187476250E0,3.609831208E-1,1.248621739E0,7.850769943E-1,1.518456766E0
3.197446250E0,5.654747240E-1,2.249755106E0,-7.882105172E-2,2.321071403E0
3.207415250E0,2.614533947E0,-6.759699968E-1,-2.962860185E-1,2.716709149E0
3.217385250E0,1.442691119E0,-1.543761996E0,-2.906621080E0,3.593466971E0
3.227354250E0,1.149527514E-1,-1.781588137E-2,-4.674254837E0,4.675702067E0
3.237323250E0,-4.645428649E-1,4.736604282E-1,-5.759055428E0,5.797143581E0
3.247293250E0,-3.114080876E-3,-1.166851645E0,-5.004113229E0,5.138355930E0
3.257262250E0,-8.916628186E-1,-2.513666846E0,-5.190901363E0,5.836012385E0
3.267232250E0,-1.065546002E0,-3.104079798E0,-2.196759744E0,3.949234489E0
3.277201250E0,-5.161327024E-1,-1.998993755E0,2.382714066E0,3.152728234E0
3.287170250E0,1.149533069E0,-1.825886643E-1,6.524377019E0,6.627387146E0
3.297140250E0,1.014888649E0,1.618297039E0,2.465654481E0,3.119028101E0
3.307109250E0,1.733521247E0,3.884290740E-1,1.330329854E0,2.219403203E0
3.317079250E0,6.183500719E-1,4.551329407E-1,1.155540206E0,1.387362956E0
3.327048250E0,1.778304633E0,1.283900623E0,1.069341137E0,2.440134965E0
3.337018250E0,2.331922520E0,5.444760570E-1,1.098003019E0,2.634374203E0
3.346987250E0,8.321331932E-1,2.361416752E0,9.292395115E-3,2.503761386E0
3.356956250E0,1.135808046E0,3.242444509E0,4.229893345E-1,3.461564139E0
3.366926250E0,1.887858358E0,1.398732629E0,1.342859852E0,2.706239962E0
3.376895250E0,1.430209653E0,1.697430332E0,1.826587724E0,2.874576855E0
3.386865375E0,1.511183503E0,1.784111211E0,-7.386898631E-1,2.452017762E0
3.396834375E0,1.624311923E0,-1.121565836E0,-8.619263649E-2,1.975785494E0
3.406803375E0,1.271330425E0,1.479270131E0,5.753122258E-1,2.033594189E0
3.416773375E0,1.250079304E0,2.605564318E0,-1.807926920E0,3.408850749E0
3.426742375E0,2.144894649E0,-1.879550049E0,7.512853503E-2,2.852880253E0
3.436712375E0,1.713543212E0,-1.846218581E0,5.586605251E-1,2.580088171E0
3.446681375E0,9.841308331E-1,-1.059966004E0,-6.674807167E-1,1.592975811E0
3.456650375E0,1.400664403E0,-1.276841572E0,2.316590828E0,2.993121820E0
3.466620375E0,-6.734618336E-2,2.172986720E0,8.158169764E-1,2.322060320E0
3.476589375E0,-2.664793982E-1,1.287934032E-1,8.435596758E-1,8.939753559E-1
3.486559375E0,8.394638474E-1,-2.096405444E0,8.343058723E-1,2.407422195E0
3.496528375E0,1.220891173E0,1.950332934E-1,-1.619039050E0,2.037130504E0
3.506497375E0,2.025501084E0,-1.118240817E0,-8.170425528E-1,2.453706522E0
3.516467375E0,1.267045585E0,-3.416850872E0,1.794702857E0,4.062170940E0
3.526436375E0,2.000074759E0,-2.371714576E0,-3.809653956E-1,3.125774097E0
3.536406375E0,2.366217024E0,-1.521330323E0,1.107065034E-1,2.815259293E0
3.546375375E0,1.035065929E0,-1.809306571E0,2.250547112E0,3.067558320E0
3.556345375E0,1.599609484E0,5.881217211E-2,6.975026608E-2,1.602209247E0
3.566314375E0,2.016978621E0,2.524400872E-1,-2.363446906E0,3.117340217E0
3.576283375E0,8.363016732E-1,-1.154357606E0,-2.328410974E0,2.730098833E0
3.586253375E0,1.121278153E0,5.741945305E-1,-2.314325032E0,2.634969527E0
3.596222375E0,1.149869576E0,2.787315954E0,-1.632319247E0,3.428672686E0
3.606192375E0,1.235624110E0,3.120081581E0,-3.810045719E-2,3.356058352E0
3.616161375E0,1.019678688E0,3.364273001E0,-1.151901484E-2,3.515424603E0
3.626130375E0,1.254516902E0,1.947856638E0,-1.074014817E0,2.553716109E0
3.636100375E0,1.329626872E0,1.044954740E0,-8.564106864E-1,1.895594179E0
3.646069375E0,1.459671141E0,1.447486421E0,3.337327570E-1,2.082602778E0
3.656039375E0,2.137176909E0,2.451521176E-1,8.150352037E-1,2.300414546E0
3.666008375E0,2.195628308E0,-1.393555797E0,2.944524486E0,3.928486461E0
3.675978375E0,2.317139297E0,-4.135580680E-1,3.219734216E0,3.988339656E0
3.685947375E0,2.490001118E0,-1.220987798E0,2.463126730E0,3.709165682E0
3.695916375E0,2.139264219E0,-1.356973861E0,2.631035374E0,3.652420649E0
3.705886375E0,1.135022326E0,-6.468920857E-1,2.706961470E0,3.005725445E0
3.715855375E0,8.489405760E-1,-1.759581849E0,1.685948154E0,2.580552182E0
3.725825375E0,1.944602662E-1,-2.651588337E0,-4.104102194E-1,2.690199259E0
3.735794375E0,-4.214722744E-1,-2.163728531E0,4.043314540E-1,2.241170221E0
3.745763375E0,5.584437396E-1,-2.951670368E0,3.561997476E0,4.659618374E0
3.755733375E0,5.803237282E-1,-2.269703467E0,3.985009030E0,4.622621164E0
3.765702375E0,7.384738085E-1,-2.132431894E0,4.197950006E0,4.766066890E0
3.775672375E0,1.279910190E0,-1.006825924E0,2.922337811E0,3.345433726E0
3.785641375E0,1.389806708E0,1.001555828E0,1.931243529E0,2.581545725E0
3.795610375E0,1.972429123E0,1.971317421E0,-7.105244100E-2,2.789555067E0
3.805580375E0,3.005077959E0,1.717833606E0,-3.087504696E0,4.638332792E0
3.815549375E0,2.324709102E0,1.978428805E0,-5.502355059E0,6.292405275E0
3.825519375E0,2.138090244E0,1.630716525E0,-6.662733836E0,7.184893071E0
3.835488375E0,1.764135806E0,9.131687316E-1,-5.176406701E0,5.544478209E0
3.845458375E0,1.465875476E0,6.597477740E-1,-3.209679928E0,3.589721894E0
3.855427375E0,1.842553546E0,9.485937953E-2,-1.816232890E-1,1.853911781E0
3.865396375E0,1.102735317E0,1.523185644E0,8.047587222E-1,2.045423254E0
3.875366375E0,1.741892267E0,2.701342003E0,1.451784124E0,3.526912876E0
3.885335375E0,1.664829473E0,2.204974790E0,4.108569467E-1,2.793273068E0
3.895305375E0,1.379209945E0,3.889281338E-1,3.454306966E-1,1.474044617E0
3.905274375E0,2.552740572E0,1.909270862E-1,4.327249485E-1,2.596187293E0
3.915243375E0,1.499258984E0,4.933462492E-1,1.116309482E0,1.933213615E0
3.925213375E0,1.065251741E0,-1.860624951E-1,1.712303309E0,2.025182250E0
3.935182375E0,1.476054162E0,7.827097490E-1,-3.335626030E-1,1.703711963E0
3.945152375E0,1.327622447E0,-1.936577359E-1,6.448198324E-1,1.488582311E0
3.955121375E0,1.186581173E0,-2.625094311E0,2.074977445E0,3.550299483E0
3.965091375E0,1.645311906E0,-1.028413551E0,4.887658328E-1,2.000894235E0
3.975060375E0,1.187907322E0,-7.410878062E-1,5.135439938E-1,1.491329063E0
3.985029375E0,1.089486988E0,-2.707734472E0,3.712645140E0,4.722556701E0
3.994999375E0,1.598784588E0,-2.151368979E-1,1.861444146E0,2.463203270E0
4.004968375E0,1.033483672E0,-1.123247203E-1,3.021130028E0,3.194985444E0
4.014938375E0,6.621930796E-1,-5.902989319E-1,4.684700303E0,4.767952331E0
4.024907375E0,-3.963121440E-1,1.884309975E0,-1.708264053E-1,1.933098306E0
4.034876375E0,1.107505475E0,1.090501041E0,-4.392077565E-2,1.554892258E0
4.044846375E0,8.260966739E-1,-1.285843652E-1,1.859262550E-1,8.564684617E-1
4.054815375E0,7.426395111E-1,1.657536533E-1,-2.047820637E0,2.184618291E0
4.064785375E0,6.454548401E-1,4.953883892E-1,-1.079864371E0,1.352083085E0
4.074754375E0,7.945108920E-1,-1.290520256E0,6.292779332E-1,1.640939001E0
4.084723375E0,1.732952021E0,-8.869360757E-1,3.430783617E-1,1.976734952E0
4.094693375E0,1.286940736E0,-2.860525140E-1,-2.576049328E-2,1.318600054E0
4.104662375E0,1.106222158E0,-6.044433466E-1,8.760637629E-1,1.535111376E0
4.114632375E0,1.804067904E0,1.450758523E-1,-1.654112989E-1,1.817434704E0
4.124601375E0,1.841471958E0,6.949059123E-1,-5.192444444E-1,2.035565767E0
4.134571375E0,1.773219456E0,1.548582441E-1,4.111422908E-1,1.826835049E0
4.144540375E0,1.497576594E0,-3.258799464E-2,-1.838646437E0,2.371585620E0
4.154509375E0,2.163745341E0,2.057240501E-1,-1.924314578E0,2.902947275E0
4.164479375E0,2.118804811E0,7.251868880E-1,-1.682512915E-1,2.245782347E0
4.174448375E0,1.718783340E0,1.454515066E0,-2.056542343E0,3.049458421E0
4.184418375E0,2.476012824E0,1.445334646E0,-1.580841529E0,3.273941307E0
4.194387375E0,1.596307707E0,7.496531001E-1,-9.254177713E-1,1.991626501E0
4.204357375E0,2.232281872E0,-4.611038250E-1,-1.295643001E0,2.621905772E0
4.214326375E0,1.862554240E0,5.547072226E-1,-9.404766905E-1,2.159005513E0
4.224295375E0,1.484178869E0,5.126107782E-1,3.285749280E-1,1.604218878E0
4.234265375E0,1.622964725E0,-2.218559334E0,6.286908728E-1,2.819800033E0
4.244234375E0,9.704259829E-1,-1.069729685E0,-1.938977641E-1,1.457272977E0
4.254204375E0,6.552799165E-1,-4.691107097E-1,5.268370539E-1,9.628156149E-1
4.264173375E0,6.710969272E-1,-1.034144408E0,1.236371530E0,1.745978322E0
4.274142375E0,1.124307303E0,7.727802998E-1,1.428384152E0,1.975231022E0
4.284112375E0,8.451238060E-1,-1.229067773E0,2.117922320E0,2.590451079E0
4.294081375E0,6.571150652E-1,-2.505714048E0,4.250376141E-1,2.625082870E0
4.304051375E0,6.135709964E-1,-7.365363336E-1,1.205829769E0,1.540448172E0
4.314020375E0,1.772127342E-1,-1.136184753E0,2.732541284E0,2.964641971E0
4.323990375E0,6.153668225E-2,-1.244514070E0,1.264021844E0,1.774923451E0
4.333959375E0,-1.645362630E-2,-1.116370293E0,1.757357275E0,2.082032167E0
4.343928375E0,-2.550448756E-1,-1.504275456E0,2.148191602E0,2.634885139E0
4.353898375E0,9.061794086E-1,-1.387814708E0,2.650836385E0,3.126359597E0
4.363867375E0,1.194056546E0,1.108275408E0,2.292526027E0,2.812422621E0
4.373837375E0,7.767457353E-1,2.802970996E-1,5.790544438E-1,1.008565541E0
4.383806625E0,2.024233992E0,-7.859330267E-2,-1.692388862E0,2.639674265E0
4.393775625E0,8.396231841E-1,8.880049467E-2,-2.409561557E0,2.553201816E0
4.403745625E0,1.833533778E0,-2.118001842E-1,-2.438459666E0,3.058233309E0
4.413714625E0,1.684987457E0,-7.739196298E-1,-8.234774137E-1,2.028854202E0
4.423684625E0,1.194610570E0,1.408252189E-1,4.053364735E0,4.228083706E0
4.433653625E0,1.027440282E0,2.114366921E0,2.832864302E0,3.681209198E0
4.443623625E0,1.580670206E0,1.829120738E0,1.867165647E0,3.054588111E0
4.453592625E0,1.580165737E0,1.143947516E0,2.114356688E0,2.876811409E0
4.463561625E0,2.249713445E0,1.030401020E0,-2.871275246E-1,2.491059827E0
4.473531625E0,2.638418361E0,6.758328795E-1,-9.943482578E-2,2.725415347E0
4.483500625E0,1.753266417E0,2.405246019E0,-3.929007322E-1,3.002252909E0
4.493470625E0,1.919089506E0,2.369468368E0,-2.248712255E0,3.788666215E0
4.503439625E0,2.105200095E0,-3.149433142E-1,-1.093995922E0,2.393299774E0
4.513408625E0,1.257083538E0,6.754911098E-1,-1.014275569E0,1.750800442E0
4.523378625E0,1.554263303E0,1.322243447E0,-1.702746035E0,2.657706946E0
4.533347625E0,1.405380913E0,-2.865971822E-1,-7.579657942E-1,1.622265577E0
4.543317625E0,1.068823220E0,-1.368833184E-2,-5.920680070E-1,1.221930837E0
4.553286625E0,1.240440315E0,5.849826434E-1,-1.070784230E0,1.739964292E0
4.563256625E0,4.547676359E-1,-3.048618373E-1,-2.567904156E-1,6.047277570E-1
4.573225625E0,3.875609086E-1,1.064547005E-1,5.980538017E-1,7.205584021E-1
4.583194625E0,6.858077909E-1,-3.953691342E-1,-5.111203229E-1,9.422807771E-1
4.593164625E0,6.476861376E-1,-1.751770846E0,-4.491170329E-1,1.920912423E0
4.603133625E0,1.156859630E0,5.478572094E-1,-6.363758683E-2,1.281608937E0
4.613103625E0,1.396858743E0,5.132832080E-2,-4.042004764E-2,1.398385756E0
4.623072625E0,1.547725093E0,-9.496483406E-1,1.270651417E0,2.216267122E0
4.633042625E0,1.334496580E0,-8.558701113E-1,8.212811995E-1,1.785468448E0
4.643011625E0,1.899687860E0,-1.564985050E0,2.821152914E-1,2.477414218E0
4.652980625E0,7.901998861E-1,-1.326768315E-1,1.250607162E0,1.485273468E0
4.662950625E0,8.947584808E-1,-5.898235533E-1,1.228481297E0,1.630230309E0
4.672919625E0,1.092413081E0,-2.140159281E0,1.387894523E0,2.774869239E0
4.682889625E0,3.025651972E-1,4.992525217E-1,7.151554048E-1,9.231717240E-1
4.692858625E0,4.098247670E-1,1.265822494E0,2.643233836E-1,1.356513832E0
4.702827625E0,4.884152922E-1,1.153833988E-1,2.008531440E0,2.070280506E0
4.712797625E0,2.410586281E-1,2.190582161E0,1.260692439E0,2.538918055E0
4.722766625E0,5.501523878E-1,1.344428368E0,9.643052638E-2,1.455834514E0
4.732736625E0,2.355027500E-1,-1.705115327E-1,8.809871185E-1,9.277251915E-1
4.742705625E0,1.614670596E-1,1.580336038E0,-3.282170784E-1,1.622115919E0
4.752675625E0,7.537550680E-1,2.351753059E-1,-8.483684260E-1,1.158957770E0
4.762644625E0,3.900285798E-1,-6.201112533E-1,-3.849327314E-1,8.275466556E-1
4.772613625E0,6.035846829E-2,4.644209504E-2,-1.005156251E0,1.008037252E0
4.782583625E0,5.083249153E-1,-1.232711173E0,1.120572102E-1,1.338106078E0
4.792552625E0,1.258122003E-1,-6.209877509E-1,5.951477355E-1,8.692843744E-1
4.802522625E0,2.353679717E-1,-1.853886035E-1,6.646185046E-1,7.290300221E-1
4.812491625E0,9.412678188E-1,-1.279622215E0,4.257550675E-1,1.644592806E0
4.822461625E0,5.811752290E-1,-1.390693000E-1,7.609396881E-1,9.675402451E-1
4.832430625E0,6.501299813E-1,-2.767443314E-1,1.455765494E0,1.618180951E0
4.842399625E0,5.465293068E-1,-1.495921247E0,1.573888021E0,2.239106554E0
4.852369625E0,7.949003166E-1,4.605085784E-1,7.933765322E-1,1.213829060E0
4.862338625E0,5.104231887E-1,5.500516695E-1,-3.341046399E-1,8.214101174E-1
4.872308625E0,1.352749394E0,-1.150547853E0,-2.819825596E-1,1.798111634E0
4.882277625E0,8.350968544E-1,2.129170024E-1,-9.067259771E-1,1.250948602E0
4.892246625E0,9.712231046E-1,8.541796812E-1,-1.958002142E0,2.346629420E0
4.902216625E0,1.292264041E0,-9.253116444E-1,-9.956609577E-1,1.875496930E0
4.912185625E0,3.632534485E-1,-6.357765287E-2,-1.233872430E0,1.287802920E0
4.922155625E0,8.544755504E-1,1.150715961E0,-2.445840606E0,2.834856603E0
4.932124625E0,8.566084684E-1,-5.924621093E-1,-6.841049355E-1,1.246109539E0
4.942094625E0,6.580773707E-1,1.423779470E0,-7.042661351E-1,1.719361682E0
4.952063625E0,8.864114343E-1,1.469178421E0,5.940478742E-2,1.716898190E0
4.962032625E0,6.608317016E-1,-5.723459333E-1,1.688413340E0,1.901320071E0
4.972002625E0,1.230300805E0,3.609454063E-1,-9.894658327E-2,1.285967372E0
4.981971625E0,1.790461287E0,1.365190369E-1,-9.774381101E-2,1.798316691E0
4.991941625E0,1.572897795E0,-6.111457175E-1,1.001004143E0,1.962018312E0
5.001910625E0,1.436840980E0,1.466584597E0,-1.002799823E0,2.284948548E0
5.011880625E0,1.744680366E0,-2.881402624E-1,-3.083823874E0,3.554842342E0
5.021849625E0,2.711353898E0,-1.844680179E0,-3.719858850E0,4.958995340E0
5.031818625E0,2.428590735E0,-1.828905268E0,-3.338018126E0,4.515009684E0
5.041788625E0,1.641743789E0,-3.935654729E0,1.947423944E0,4.687980464E0
5.051757625E0,-6.725901599E-1,-2.773044070E0,6.505336731E0,7.103629841E0
5.061727625E0,-4.482797116E-2,-3.724816704E-1,5.090919823E0,5.104724947E0
5.071696625E0,-1.986474574E-2,8.964132428E-2,2.810439645E0,2.811939042E0
5.081666625E0,1.098875716E0,2.421902105E-1,3.170527557E0,3.364287284E0
5.091635625E0,1.884997023E0,2.065490922E-1,1.661141342E0,2.520965462E0
5.101604625E0,1.251723834E0,-7.676657403E-1,1.779687207E0,2.307251568E0
5.111574625E0,1.707685909E0,7.472209507E-1,9.855131149E-1,2.108498616E0
5.121543625E0,8.731376700E-1,2.097457358E0,-3.650697398E-1,2.301080762E0
5.131513625E0,1.351487565E0,1.234294599E0,5.679423952E-1,1.916392538E0
5.141482625E0,1.005687178E0,1.569436535E0,-9.730410039E-2,1.866549176E0
5.151452625E0,6.346111786E-1,1.029483300E0,-2.389823695E0,2.678399617E0
5.161421625E0,1.435508400E0,-4.636286527E-2,-1.772114478E0,2.281057563E0
5.171390625E0,7.322164106E-1,1.288964019E0,-1.373624393E0,2.020993094E0
5.181360625E0,7.717150833E-1,5.806960496E-1,-1.542163952E0,1.819621314E0
5.191329625E0,8.165046090E-1,-6.736816889E-1,-5.266873652E-1,1.182339365E0
5.201299625E0,8.187610495E-1,-3.956462923E-1,-2.392271340E-2,9.096581451E-1
5.211268625E0,1.338757592E0,-4.906115064E-1,-9.688479656E-1,1.723843937E0
5.221238625E0,1.194467898E0,1.635515919E-1,-5.881182128E-1,1.341411836E0
5.231207625E0,5.939970034E-1,9.253098902E-1,2.564594632E-1,1.129071428E0
5.241176625E0,-1.114045148E-1,-6.881845379E-1,7.106746835E-1,9.955236963E-1
5.251146625E0,-3.182043064E-1,-7.411416006E-1,2.194192817E0,2.337739714E0
5.261115625E0,-2.637244825E-1,7.668906918E-1,1.008213760E0,1.293896025E0
5.271085625E0,1.235068478E0,1.546185082E-1,-7.155588627E-1,1.435731700E0
5.281054625E0,1.174879725E0,2.264340109E-1,-1.082278102E0,1.613363140E0
5.291023625E0,-3.572458729E-2,-3.906448764E-1,-6.230214125E-1,7.362304979E-1
5.300993625E0,-3.967262730E-1,-1.472533554E0,-6.821303308E-1,1.670643167E0
5.310962625E0,-7.324960537E-1,8.055095047E-2,-1.093368516E0,1.318519486E0
5.320932625E0,-3.617993921E-1,1.148324157E0,-1.568588689E0,1.977376455E0
5.330901625E0,-1.150585860E-1,2.677153534E-1,-1.360283970E0,1.391144302E0
5.340871625E0,-3.203752314E-1,1.428059047E0,-8.400706422E-1,1.687516404E0
5.350840625E0,1.909754719E-1,1.357687514E0,-5.237292588E-1,1.467678219E0
5.360809625E0,4.355478381E-1,-5.334379756E-1,-3.829049170E-2,6.897275947E-1
5.370779625E0,4.413169203E-1,2.593348315E-1,2.126170403E-1,5.542753691E-1
5.380748625E0,3.628368343E-1,-4.580094784E-1,-6.584432602E-2,5.880125220E-1
5.390719125E0,4.578522614E-1,-2.869485998E-1,1.613943787E0,1.701993754E0
5.400688125E0,5.711202107E-2,5.065708968E-1,1.593876143E0,1.673414776E0
5.410658125E0,1.904873025E-1,-9.812259364E-1,7.369930011E-1,1.241872954E0
5.420627125E0,5.511556238E-2,3.126520827E-1,5.633435601E-1,6.466413355E-1
5.430596125E0,-9.479301363E-2,6.065021512E-1,1.774916464E-1,6.390100620E-1
5.440566125E0,6.216262668E-2,-1.794624212E0,5.048012370E-1,1.865305483E0
5.450535125E0,-4.145142339E-1,3.602504647E-1,5.488272625E-1,7.764108523E-1
5.460505125E0,-3.645211248E-1,2.872164023E-1,-4.739226758E-2,4.664921641E-1
5.470474125E0,1.556620900E-1,-5.663718331E-1,-1.254899018E0,1.385561000E0
5.480444125E0,7.446174049E-1,1.149307659E0,4.864427340E-1,1.453268629E0
5.490413125E0,1.021954425E-2,-4.010245612E-1,2.184544326E0,2.221071600E0
5.500382125E0,-6.096117005E-2,-1.578797050E0,2.043068020E0,2.582720140E0
5.510352125E0,3.537656102E-1,1.586187639E0,2.544298947E-2,1.625358015E0
5.520321125E0,5.746614307E-1,4.954913002E-1,2.761523008E-2,7.592825492E-1
5.530291125E0,1.902322177E-1,-4.225037232E-1,2.250786263E-1,5.151291884E-1
5.540260125E0,-3.266022968E-1,1.808110815E0,-5.136533368E-1,1.907819051E0
5.550230125E0,-3.399073436E-1,-1.009724388E0,1.192798079E0,1.599327234E0
5.560199125E0,-9.750159010E-2,-9.480853799E-1,8.215519255E-1,1.258300447E0
5.570168125E0,2.873192402E-1,5.944463620E-1,-8.930177647E-1,1.110585229E0
5.580138125E0,-1.669776218E-1,-8.286674023E-1,-3.824915189E-1,9.278313164E-1
5.590107125E0,-3.876928364E-1,-6.984937638E-2,-4.200195336E-1,5.758481392E-1
5.600077125E0,-4.511403157E-1,7.038372418E-1,-1.716344905E0,1.909123956E0
5.610046125E0,-3.940726604E-1,-5.967747232E-1,-7.549322587E-1,1.039882708E0
5.620016125E0,4.322524935E-1,1.618701958E0,-6.793540728E-1,1.807915984E0
5.629985125E0,4.022299647E-3,9.628659716E-1,-1.280996895E0,1.602523043E0
5.639954125E0,1.253434729E-1,-1.001612546E0,-3.313359833E-1,1.062413391E0
5.649924125E0,4.466077003E-1,9.160250965E-1,-6.599027252E-1,1.214097205E0
5.659893125E0,3.339917886E-1,2.670116410E-1,-2.574838954E-1,4.991429532E-1
5.669863125E0,8.737183716E-1,9.906165648E-1,5.696790183E-1,1.438485021E0
5.679832125E0,9.049267157E-1,1.040436012E0,-1.038361419E0,1.726150020E0
5.689802125E0,7.353142655E-1,-1.386437981E0,-1.153621734E0,1.947752667E0
5.699771125E0,3.729610690E-1,-6.014115652E-1,-8.119203919E-1,1.077037860E0
5.709740125E0,2.244624759E-1,-7.019094148E-1,-9.896932894E-1,1.233917759E0
5.719710125E0,4.350087248E-1,-1.443627259E0,-3.252642345E-1,1.542429601E0
5.729679125E0,2.366572827E-1,-1.690754566E-1,7.643246412E-2,3.007242941E-1
5.739649125E0,3.286198785E-1,-5.572083691E-1,6.519107509E-1,9.184006850E-1
5.749618125E0,-1.688520929E-1,-1.549370061E0,2.872606657E0,3.268168848E0
5.759588125E0,-7.221823693E-1,1.111791046E0,2.270655102E0,2.629353779E0
5.769557125E0,-9.361014383E-1,7.758819553E-1,2.315368760E-1,1.237694646E0
5.779526125E0,-8.150891443E-1,4.484171212E-2,9.740057945E-1,1.270853406E0
5.789496125E0,-2.807581526E-1,1.476527202E-1,-2.111657614E-1,3.810740674E-1
5.799465125E0,1.439569876E-1,-1.765387257E0,1.097765037E0,2.083843530E0
5.809435125E0,-2.499154788E-1,2.798161662E-1,1.711161348E0,1.751807065E0
5.819404125E0,3.055724202E-1,9.817144713E-1,-2.816861057E-1,1.066060444E0
5.829374125E0,2.227739462E-1,1.703513190E-1,6.648138016E-1,7.215436188E-1
5.839343125E0,-9.048713133E-1,6.931529170E-1,4.789851952E-1,1.236397945E0
5.849312125E0,-5.979018471E-1,-1.350579054E0,6.575948292E-1,1.616781172E0
5.859282125E0,-9.169895947E-3,7.867077827E-2,1.099704559E0,1.102553080E0
5.869251125E0,8.663795312E-1,1.430095632E0,2.303802967E-1,1.687857248E0
5.879221125E0,1.057951638E0,-6.059101206E-1,6.246621412E-1,1.369887417E0
5.889190125E0,9.545108852E-1,9.565024468E-1,9.034006655E-2,1.354307679E0
5.899160125E0,5.606057476E-1,1.787557852E0,-1.236477950E0,2.244664696E0
5.909129125E0,1.703185015E-1,5.453873456E-2,-6.027625644E-1,6.287333096E-1
5.919098125E0,2.996929718E-1,1.463439964E0,-9.154968005E-1,1.752029337E0
5.929068125E0,-1.205521182E-1,1.038343001E0,-1.737272090E0,2.027511606E0
5.939037125E0,-1.368183412E-1,4.423903960E-1,-7.704583704E-1,8.989074600E-1
5.949007125E0,2.813753262E-3,1.254010241E0,-7.975379956E-1,1.486141466E0
5.958976125E0,-2.831008396E-1,-1.681784937E-1,-1.953788638E0,1.981343013E0
5.968946125E0,6.092784092E-2,3.748337129E-1,-2.124202230E0,2.157880355E0
5.978915125E0,2.113076294E-1,8.270319360E-1,-1.956138634E0,2.134270623E0
5.988884125E0,-7.013099290E-2,-6.674552813E-1,-8.736956406E-1,1.101707303E0
5.998854125E0,3.092367972E-1,2.528227875E-1,1.050434750E-1,4.130143947E-1
6.008823125E0,-6.764000595E-2,5.261418200E-1,3.982216984E-1,6.633105654E-1
6.018793125E0,-2.376460469E-1,3.615099549E-1,8.403103781E-1,9.451384145E-1
6.028762125E0,5.448260859E-1,1.361248761E0,-2.722633177E-1,1.491295064E0
6.038732125E0,2.237104509E-1,-1.195540716E0,7.686018795E-1,1.438788663E0
6.048701125E0,4.819187433E-2,-5.239660710E-1,1.608171415E0,1.692063297E0
6.058671125E0,-3.741596751E-2,1.954832366E-1,4.091881514E-3,1.990738404E-1
6.068640125E0,-2.695495518E-1,-1.533310098E0,9.580522513E-1,1.827993691E0
6.078609125E0,4.247937121E-1,-2.996996230E-1,9.686468214E-1,1.099338995E0
6.088579125E0,8.604857571E-2,-1.229514793E0,5.736440152E-1,1.359477267E0
6.098548125E0,9.683910057E-2,-1.092450503E0,7.196864122E-1,1.311782926E0
6.108518125E0,-9.761531845E-2,-4.652112016E-1,5.409452158E-1,7.201193922E-1
6.118487125E0,-1.718057408E-1,-9.769133225E-1,3.996946120E-1,1.069407609E0
6.128457125E0,2.038716156E-1,1.576497048E-1,5.686908388E-1,6.243607413E-1
6.138426125E0,-2.520895466E-2,-1.232921381E0,1.913127100E-1,1.247930757E0
6.148395125E0,-8.997647937E-2,-2.159484622E0,1.134474442E0,2.441004272E0
6.158365125E0,-4.013402012E-1,-3.254998773E-1,1.505084419E0,1.591321223E0
6.168334125E0,-2.367040604E-1,-1.075551465E0,2.142721531E0,2.409169012E0
6.178304125E0,-3.992899116E-2,-7.343123451E-1,2.877639356E0,2.970120739E0
6.188273125E0,-2.608683735E-1,3.416022322E-1,6.733355337E-1,7.988273495E-1
6.198243125E0,-3.034326316E-1,-7.998350742E-1,5.282257676E-2,8.570867707E-1
6.208212125E0,-3.872383982E-1,4.116697097E-1,-5.315779763E-1,7.758870226E-1
6.218181125E0,3.585711809E-1,6.743479791E-1,-2.108178520E0,2.242261172E0
6.228151125E0,-7.302134469E-2,-1.050838501E0,-2.428750949E0,2.647342978E0
6.238120125E0,-4.367021515E-1,-3.706760502E-1,-2.179886434E0,2.253888721E0
6.248090125E0,1.653864117E-1,7.125773674E-1,-2.314054890E0,2.426925875E0
6.258059125E0,-7.716574151E-2,-1.768022597E-1,-1.442288246E0,1.455131944E0
6.268029125E0,-2.103271244E-1,8.417271584E-1,-7.907984948E-1,1.173926901E0
6.277998125E0,-2.588570409E-1,1.611538242E0,-7.668015218E-1,1.803343297E0
6.287967125E0,-9.453969763E-1,1.242282481E0,7.622716838E-1,1.737267776E0
6.297937125E0,-1.176457158E0,7.048169428E-1,1.057871824E0,1.732025162E0
6.307906125E0,-1.414480935E0,1.379747012E-1,6.056528431E-1,1.544865269E0
6.317876125E0,-1.085366894E0,2.026808082E0,4.083245176E-1,2.335101970E0
6.327845125E0,-4.681880556E-1,4.282094362E-1,1.560563385E0,1.684613148E0
6.337815125E0,-8.517327677E-1,-1.056491881E0,3.448679606E0,3.706078092E0
6.347784125E0,-1.016428806E0,3.634570777E-2,8.288369715E-2,1.020450016E0
6.357753125E0,-1.025779819E0,-5.687908262E-2,-2.450203798E0,2.656869986E0
6.367723125E0,-6.328435653E-1,-3.444521651E-1,-2.664905956E0,2.760590883E0
6.377692125E0,-2.210773035E-1,-1.638600326E0,-1.758629630E0,2.413848457E0
6.387661542E0,1.577677455E-1,-2.837160836E0,1.023279111E0,3.020177546E0
6.397630542E0,1.456844378E-1,-3.910997897E-1,2.636369205E0,2.669199427E0
6.407600542E0,-6.654160649E-2,4.699459845E-1,1.836606928E0,1.896945445E0
6.417569542E0,-2.252807572E-1,1.537466884E-2,7.033890527E-1,7.387448542E-1
6.427538542E0,-2.256836304E-1,5.164193621E-1,-7.078001922E-1,9.047669151E-1
6.437508542E0,-8.834398793E-1,-9.566322550E-1,7.110646927E-1,1.483652348E0
6.447477542E0,-1.409263465E0,6.236543736E-1,1.105136622E0,1.896390056E0
6.457447542E0,-1.592316836E0,1.120323011E0,-3.127471000E-1,1.971904487E0
6.467416542E0,-1.144625135E0,-6.913069510E-1,-9.940061957E-1,1.666169355E0
6.477386542E0,-7.878846080E-1,-5.084367433E-1,-1.272885638E0,1.580983215E0
6.487355542E0,-9.241609123E-1,-6.177521941E-1,-7.615454596E-1,1.347457848E0
6.497325542E0,-8.116200643E-1,-6.686343724E-1,1.448842390E0,1.790235550E0
6.507294542E0,-6.142659380E-1,1.055686719E0,2.943780720E-2,1.221746159E0
6.517263542E0,-6.762068090E-1,-2.049566031E-2,-8.884838337E-1,1.116727023E0
6.527233542E0,-1.876678116E-1,3.656272718E-1,-1.287922338E0,1.351904752E0
6.537202542E0,1.752383122E-2,9.267377803E-1,-2.576622940E0,2.738272406E0
6.547172542E0,3.593565350E-2,-5.768792796E-1,-1.367694147E0,1.484812565E0
6.557141542E0,2.445772449E-1,8.297605392E-1,-1.353187205E0,1.606062325E0
6.567111542E0,-2.193115723E-1,1.133279856E0,-1.353221703E0,1.778659545E0
6.577080542E0,-1.310036690E-1,5.919928703E-1,-5.125949907E-1,7.939591578E-1
6.587049542E0,1.198915473E-1,7.857815838E-1,-1.055486745E-1,8.018523575E-1
6.597019542E0,-2.391803563E-2,-9.018856519E-1,1.352888412E0,1.626123260E0
6.606988542E0,2.153416052E-1,2.416195223E-1,2.239072536E0,2.262343436E0
6.616958542E0,-1.362180332E-1,2.947680813E-1,7.219492847E-1,7.916150226E-1
6.626927542E0,-6.145652058E-2,-1.077815799E0,1.386421609E0,1.757164955E0
6.636897542E0,4.932084011E-1,3.277235734E-1,5.476244903E-1,8.065667051E-1
6.646866542E0,-1.838060180E-1,-8.010901791E-1,8.255701321E-1,1.164944707E0
6.656835542E0,-2.428640656E-1,-1.134783760E-1,1.808534446E0,1.828293504E0
6.666805542E0,-3.961727975E-1,8.305104446E-1,1.268846381E0,1.567377307E0
6.676774542E0,-1.153210383E0,-1.257699249E0,2.358677917E0,2.911196164E0
6.686744542E0,-3.472113930E-1,1.140170799E0,5.109080690E-1,1.296754510E0
6.696713542E0,-1.043888500E0,-4.381795236E-1,-4.407438201E-1,1.214890781E0
6.706683542E0,-9.255369084E-1,-4.680532408E-1,-3.049843365E-1,1.081067921E0
6.716652542E0,-8.911826891E-1,2.716791809E-2,-1.541402645E0,1.780692785E0
6.726621542E0,-8.598549888E-1,-2.329719581E0,-9.052542329E-1,2.643185418E0
6.736591542E0,-1.648135124E-1,-3.329293495E-1,-2.696601373E-1,4.590446986E-1
6.746560542E0,-4.633002950E-1,-1.805471089E-1,-4.007716691E-1,6.386410202E-1
6.756530542E0,-6.853023722E-1,-1.429708546E0,3.108952868E-1,1.615661397E0
6.766499542E0,-6.793724184E-1,-2.389184010E-1,5.756694907E-1,9.219675959E-1
6.776469542E0,-5.442750590E-1,-5.917241907E-1,5.841368437E-1,9.937749795E-1
6.786438542E0,-1.120312266E-1,-8.943099993E-1,1.279987666E0,1.565474304E0
6.796408542E0,-9.037849372E-2,-3.041926235E-2,-4.984558386E-1,5.074956420E-1
6.806377542E0,2.009110790E-1,-1.152716293E0,1.820080358E-1,1.184165123E0
6.816346542E0,-4.554639297E-2,6.911534616E-1,-1.040704983E-1,7.004271911E-1
6.826316542E0,-7.343848506E-1,1.223804987E0,-1.299085842E0,1.929933620E0
6.836285542E0,-6.898790610E-1,-6.140222552E-1,-6.632555187E-2,9.259349478E-1
6.846255542E0,-1.205883344E-1,-2.330729395E-2,-1.499033720E0,1.504056804E0
6.856224542E0,1.147726206E-1,-2.300367728E-1,-1.526626731E0,1.548121069E0
6.866194542E0,5.497805049E-1,1.377416312E0,-5.081242096E-1,1.567713147E0
6.876163542E0,-2.101359936E-1,2.594561613E0,-1.438666481E-1,2.607029864E0
6.886132542E0,-6.792405637E-1,-7.509473813E-1,9.328589380E-1,1.376777219E0
6.896102542E0,1.508451538E-1,-9.833914527E-1,7.588925779E-2,9.977836385E-1
6.906071542E0,2.299294764E-1,-1.237981269E0,-1.118271223E0,1.684041482E0
6.916041542E0,7.575350006E-1,4.579138765E-1,6.954128659E-1,1.125674664E0
6.926010542E0,5.638999958E-2,1.276351867E0,1.672525871E0,2.104660711E0
6.935980542E0,-8.774206824E-1,-1.922346990E0,2.639039043E0,3.380800508E0
6.945949542E0,-4.113370031E-3,-1.040764625E0,1.103052090E0,1.516552616E0
6.955919542E0,-2.991359514E-1,-1.147221080E0,-8.194071668E-1,1.441189310E0
6.965888542E0,-2.134487702E-1,-1.368183266E0,7.834824586E-1,1.591015585E0
6.975857542E0,-1.033002008E-2,-2.120814353E-1,3.634453833E-1,4.209249234E-1
6.985827542E0,-7.799500094E-1,-1.673927448E0,-4.371951449E-1,1.897760447E0
6.995796542E0,-2.769507747E-1,-2.585931122E-3,-7.265259004E-1,7.775270430E-1
7.005766542E0,-4.008744705E-1,-1.795533746E-1,-6.464611459E-1,7.815700663E-1
7.015735542E0,1.671751115E-1,-1.943424448E0,2.355832077E0,3.058560262E0
7.025705542E0,1.132663413E0,1.289554880E0,3.477771842E-1,1.751235897E0
7.035674542E0,5.183052354E-1,1.830826663E0,-1.229725000E0,2.265566190E0
7.045643542E0,-4.105538417E-2,1.685936460E-1,-1.908132409E0,1.916005911E0
7.055613542E0,-2.056560762E-2,-3.132566848E-1,-1.633467055E0,1.663360248E0
7.065582542E0,7.525284684E-1,-1.062965918E0,-1.314445893E0,1.850395537E0
7.075552542E0,8.580727574E-1,1.677293983E0,-1.127236758E0,2.195510572E0
7.085521542E0,3.051704972E-1,1.589826069E0,-2.980267346E-2,1.619124504E0
7.095491542E0,-5.752895313E-1,-4.796459305E-1,-1.462062360E0,1.642755188E0
7.105460542E0,-5.894953783E-1,-1.170310565E0,-3.630957198E-1,1.359768407E0
7.115429542E0,-2.161323132E-1,-8.968941763E-1,9.887489641E-1,1.352315368E0
7.125399542E0,-3.590848222E-3,6.731963700E-1,3.043799683E0,3.117358298E0
7.135368542E0,3.003671557E-1,2.334423666E0,1.284287124E0,2.681258603E0
7.145338542E0,-5.760937793E-1,3.701407376E-1,2.949727339E-1,7.455850869E-1
7.155307542E0,-7.151937772E-2,9.749311164E-1,6.382294357E-2,9.796321102E-1
7.165277542E0,2.716028016E-1,2.687558654E-1,1.463680869E-1,4.091716191E-1
7.175246542E0,1.173905287E-1,5.834416097E-1,1.053067167E0,1.209601218E0
7.185215542E0,3.097137107E-1,1.698877225E0,-3.415259260E-1,1.760325642E0
7.195185542E0,-5.441960485E-1,-5.520569721E-1,-7.067628962E-1,1.049013837E0
7.205154542E0,-4.818053073E-1,-3.695492917E-1,6.369869024E-1,8.800314465E-1
7.215124542E0,-1.982005108E-2,-8.260501885E-1,4.035379869E-1,9.195622085E-1
7.225093542E0,4.024119593E-2,-1.934458328E0,2.228068076E0,2.950938110E0
7.235063542E0,6.733672549E-1,1.446221083E-1,5.789053398E-1,8.997057334E-1
7.245032542E0,3.847827138E-1,-7.237534431E-1,4.360227782E-1,9.284355908E-1
7.255002542E0,-1.637304436E-1,6.273653090E-2,7.294208568E-1,7.501988516E-1
7.264971542E0,-6.261252607E-1,-1.176404241E-1,-1.274108291E-2,6.372083228E-1
7.274940542E0,-1.304420549E0,-2.685484062E0,2.114618644E0,3.658544741E0
7.284910542E0,-7.307245667E-1,9.563939810E-2,3.546605265E-1,8.178565741E-1
7.294879542E0,-7.715193477E-1,5.591604620E-1,-7.651391584E-1,1.222023100E0
7.304849542E0,-7.742673929E-1,-7.714506429E-1,-5.858500779E-2,1.094558492E0
7.314818542E0,-6.652052727E-1,-1.048777942E0,-1.521113391E0,1.963725840E0
7.324788542E0,-7.907028928E-1,-2.487488569E0,1.073588555E0,2.822304525E0
7.334757542E0,-3.759777572E-1,3.120746702E-1,8.351876324E-1,9.676198918E-1
7.344726542E0,-3.339103661E-1,2.055544809E0,-4.662692553E-1,2.134049580E0
7.354696542E0,2.220362103E-1,3.904861245E-1,-8.985831445E-1,1.004604977E0
7.364665542E0,4.808963211E-1,-3.444311151E-1,-2.707460237E0,2.771323691E0
7.374635542E0,-1.699664260E-1,-3.856905305E-1,-2.165578882E0,2.206213423E0
7.384604542E0,-4.389026415E-1,1.736862200E0,-1.091959337E0,2.098023123E0
7.394574625E0,-9.384882718E-1,1.667770623E0,-2.065065830E0,2.815442411E0
7.404543625E0,-3.488668494E-1,-1.154737675E0,-1.988504142E0,2.325785008E0
7.414513625E0,8.376583734E-1,-2.084204351E0,-5.928410089E-1,2.323152985E0
7.424482625E0,6.696674292E-1,-2.292836514E0,2.597192275E0,3.528591994E0
7.434451625E0,-3.249822891E-1,3.450386408E-1,4.849240952E0,4.872350866E0
7.444421625E0,-2.603667189E-1,1.812572533E0,1.809774640E0,2.574586232E0
7.454390625E0,-1.751065671E-1,-1.669044439E0,2.156048505E0,2.732199994E0
7.464360625E0,7.662397505E-1,4.584032884E-1,3.064607584E-1,9.440207236E-1
7.474329625E0,4.320485719E-1,-1.356425393E-1,2.807803720E-1,5.328250034E-1
7.484299625E0,-5.057665757E-1,-1.036345884E-1,1.180637625E0,1.288582616E0
7.494268625E0,-1.793721475E-1,-2.168109557E-1,-5.626062262E-1,6.290525603E-1
7.504238625E0,-5.550563014E-1,-2.388513334E0,1.528620046E-1,2.456918851E0
7.514207625E0,7.441401990E-1,5.584441781E-1,-7.822083503E-1,1.215505837E0
7.524176625E0,4.992837312E-1,-5.944703355E-1,-4.153008306E-1,8.804283071E-1
7.534146625E0,-1.222819439E-1,-9.958512846E-1,9.156447351E-1,1.358336459E0
7.544115625E0,4.814583847E-1,-8.601555356E-1,7.389360309E-2,9.884988549E-1
7.554085625E0,-3.694126496E-1,-1.111391096E0,-5.095538539E-1,1.277223945E0
7.564054625E0,-6.080753446E-2,4.755090255E-1,9.678925306E-1,1.080102930E0
7.574024625E0,-1.202950600E-1,-1.242597646E-1,-1.423299998E-1,2.239848642E-1
7.583993625E0,-6.589960413E-1,-2.214653394E-1,-1.605364167E0,1.749433276E0
7.593963625E0,-1.267851770E-2,-3.586959824E-1,-3.769559598E-1,5.204991337E-1
7.603932625E0,-6.551368059E-1,-1.177105030E0,6.426364821E-1,1.492568971E0
7.613901625E0,-4.468753200E-1,-5.436542308E-1,2.129216802E0,2.242503437E0
7.623871625E0,-1.281642428E-1,4.495397866E-1,6.819514060E-1,8.267828088E-1
7.633840625E0,-4.594411692E-1,-3.475193220E-1,3.165027666E-1,6.572897903E-1
7.643810625E0,1.579630790E-1,1.551795486E0,1.985422075E-2,1.559940946E0
7.653779625E0,1.815747206E-1,1.843932905E0,-4.439323068E-1,1.905291009E0
7.663749625E0,3.155384146E-1,-5.756782615E-1,4.462834722E-1,7.938128806E-1
7.673718625E0,1.502280167E-1,8.242401829E-1,-1.872915798E0,2.051768487E0
7.683687625E0,-3.763504075E-1,1.794598192E0,-3.670439937E0,4.102968636E0
7.693657625E0,-6.116848673E-1,2.032755870E0,-1.313182309E0,2.496137533E0
7.703626625E0,-3.321314239E-1,1.009896297E0,-8.151597494E-1,1.339659371E0
7.713596625E0,1.346694164E-2,-1.329107786E0,9.213463551E-1,1.617277951E0
7.723565625E0,4.907666403E-1,1.448992664E-1,-8.002265453E-2,5.179298388E-1
7.733535625E0,3.227811413E-1,-1.555642954E-1,2.242062217E-1,4.226775899E-1
7.743504625E0,1.544569789E-1,5.745962343E-1,2.212154294E0,2.290773758E0
7.753474625E0,-8.546516977E-2,1.873430353E-1,1.719927494E0,1.732210233E0
7.763443625E0,-7.180556238E-2,-1.022187729E0,1.776481179E0,2.050831336E0
7.773413625E0,2.471194133E-1,7.276351172E-1,1.360109138E-1,7.803972302E-1
7.783382625E0,-5.982898099E-1,-1.064567763E0,-2.362088013E-1,1.243804573E0
7.793351625E0,-5.639090589E-1,-8.739245591E-1,1.064438832E-1,1.045498858E0
7.803321625E0,-5.408848433E-1,-3.166618109E-1,-1.464407678E0,1.592897035E0
7.813290625E0,-4.721757471E-1,-2.413656946E0,-4.142611957E-1,2.494053353E0
7.823260625E0,1.386789984E-1,-2.928884938E-1,9.739531696E-2,3.383805287E-1
7.833229625E0,-3.227616262E-1,-9.184996381E-1,-8.630922997E-1,1.301055330E0
7.843199625E0,-1.556355583E-1,-2.102780371E0,-1.105322564E-1,2.111427265E0
7.853168625E0,1.780598496E-1,4.875349939E-2,-1.096972740E-1,2.147456767E-1
7.863138625E0,-3.650354605E-1,-9.472892815E-1,-2.847845453E-1,1.054376644E0
7.873107625E0,-4.966874213E-1,-5.282865787E-1,9.636901367E-1,1.206019810E0
7.883077625E0,-7.316075693E-1,1.366754499E-1,7.636767697E-1,1.066363926E0
7.893046625E0,-5.499057084E-1,-3.389663073E-1,1.227292559E0,1.386917975E0
7.903015625E0,-5.329777998E-1,3.200268835E-1,9.286553746E-1,1.117534494E0
7.912985625E0,-8.857338881E-1,-1.135822225E0,6.052458769E-1,1.562350543E0
7.922954625E0,-8.856572896E-2,2.965795487E-2,1.089580105E0,1.093575918E0
7.932924625E0,-1.523841409E-1,6.713100582E-1,3.129289484E-1,7.561763336E-1
7.942893625E0,-2.858734430E-1,-1.180870344E0,6.906193185E-1,1.397545505E0
7.952863625E0,-2.389625475E-2,1.342021362E0,-1.413081404E0,1.948946233E0
7.962832625E0,1.221339362E-1,-5.616952300E-2,-1.457937734E0,1.464122314E0
7.972802625E0,1.203322921E0,-6.697970912E-1,-5.777282953E-2,1.378387426E0
7.982771625E0,1.539493090E0,1.152385341E0,-1.534628060E0,2.460307751E0
7.992741625E0,9.652953435E-1,-8.111055824E-1,-1.784747388E0,2.185179765E0
8.002710625E0,6.141139834E-1,-7.311416924E-1,4.156189191E-1,1.041366048E0
8.012679625E0,6.514580302E-1,-9.427530116E-1,5.573004627E-1,1.274270227E0
8.022649625E0,6.029431703E-1,-8.108871889E-1,2.258823261E0,2.474542589E0
8.032618625E0,9.345865709E-1,4.941806468E-1,2.025134609E0,2.284477349E0
8.042588625E0,7.452780671E-1,-7.134681907E-1,6.301281184E-1,1.208940736E0
8.052557625E0,8.065981100E-1,-7.338460296E-1,2.370385212E-1,1.115938066E0
8.062527625E0,9.206252472E-1,-6.035229948E-1,-7.986898971E-1,1.360035442E0
8.072496625E0,-3.348280866E-1,-1.572806286E0,1.976260657E0,2.547829595E0
8.082466625E0,6.786439285E-2,4.267508483E-1,1.138205550E0,1.217470220E0
8.092435625E0,-4.635014758E-3,5.105671763E-1,-2.537329066E-1,5.701584980E-1
8.102405625E0,7.564585282E-1,-6.428741714E-1,8.153375047E-1,1.284636895E0
8.112374625E0,1.322908568E0,9.789107314E-1,-7.703437650E-1,1.817080850E0
8.122343625E0,7.453833901E-1,4.238705099E-1,-1.803563728E0,1.997023968E0
8.132313625E0,7.327316234E-1,1.280049354E0,-1.436584287E0,2.058930887E0
8.142282625E0,4.034210426E-1,1.189898153E0,-2.063914513E0,2.416267632E0
8.152252625E0,1.110120204E-1,-5.693387103E-1,-1.042226429E0,1.192772470E0
8.162221625E0,3.311086728E-1,-1.733021164E-1,-2.732538360E-1,4.629624560E-1
8.172191625E0,7.083222755E-1,-2.430912665E-1,-6.054476058E-1,9.630060297E-1
8.182160625E0,1.214638088E0,3.598318040E-1,2.587375385E-1,1.292969344E0
8.192130625E0,1.241312428E0,-2.117881975E-1,-1.545816708E-1,1.268702596E0
8.202099625E0,1.347664656E0,-1.336820263E0,6.002517700E-2,1.899181788E0
8.212069625E0,1.227921719E0,9.756342441E-2,3.335304433E-1,1.276147690E0
8.222038625E0,1.039484816E0,-6.044521174E-1,6.112854660E-1,1.348911029E0
8.232008625E0,1.277429509E0,-1.328847877E0,2.421813228E0,3.043491768E0
8.241977625E0,8.835069030E-1,5.801110357E-2,7.855634826E-1,1.183663686E0
8.251946625E0,3.950291917E-1,-4.891692907E-1,2.261245177E0,2.347033108E0
8.261916625E0,9.066469666E-1,1.962686639E0,1.510633426E0,2.637453490E0
8.271885625E0,1.064662195E0,8.032138878E-1,9.099729359E-2,1.336764245E0
8.281855625E0,1.261484737E0,5.109577703E-1,3.325826097E-1,1.401082716E0
8.291824625E0,1.511410667E0,1.533738114E0,-1.891331019E0,2.865981129E0
8.301794625E0,1.122796968E0,-1.498933148E0,-1.510647460E0,2.406144085E0
8.311763625E0,1.578887975E0,5.734235752E-1,-1.511037469E0,2.259410557E0
8.321733625E0,9.082131433E-1,-7.547995269E-2,-1.117522194E0,1.442013936E0
8.331702625E0,8.555548002E-1,-2.285529541E0,4.292262670E0,4.937523482E0
8.341672625E0,1.306886027E0,-5.643527895E-2,4.798558456E0,4.973660552E0
8.351641625E0,2.748727839E-1,-7.198624134E-2,4.785879938E0,4.794307442E0
8.361611625E0,7.569246975E-1,1.864840794E0,1.666886231E0,2.613250063E0
8.371580625E0,5.294271512E-1,7.922278467E-1,-5.072833800E-1,1.079469544E0
8.381549625E0,-5.071459705E-1,3.266687357E-1,-1.439777452E0,1.561047280E0
8.391519667E0,-2.378623208E-1,8.008147752E-1,-3.681697581E0,3.775285402E0
8.401488667E0,4.263089450E-1,-1.801550824E0,-4.286295587E0,4.669010018E0
8.411458667E0,1.027958273E0,-1.156863723E0,-3.208889385E0,3.562583749E0
8.421427667E0,-3.674660750E-1,-2.348012010E0,-2.304452008E-1,2.387738827E0
8.431397667E0,-1.471013278E0,-2.467308366E0,1.183108073E0,3.106643744E0
8.441366667E0,-6.083665359E-1,6.066383913E-1,4.187384087E-1,9.557519734E-1
8.451336667E0,3.118658515E-1,-8.743841502E-1,8.176921785E-1,1.237104866E0
8.461305667E0,6.400481390E-1,-2.005975330E0,3.135581088E-1,2.128830039E0
8.471275667E0,5.840573946E-1,-1.102690147E0,-1.496285529E0,1.948311829E0
8.481244667E0,9.711121537E-1,-1.157874122E0,4.653296077E-1,1.581221977E0
8.491213667E0,6.529607646E-1,1.562567519E0,2.010038853E-2,1.693628955E0
8.501183667E0,1.003168856E0,7.925140679E-1,-7.435085535E-1,1.478929096E0
8.511152667E0,-2.593514961E-1,-1.305420423E0,-5.024395466E-2,1.331882177E0
8.521122667E0,-6.771128350E-1,-1.262874912E0,-4.901294035E-1,1.514450946E0
8.531091667E0,-7.062872252E-1,-9.284916526E-1,-1.124544700E0,1.620351560E0
8.541061667E0,-1.358782698E0,2.728074011E-1,-5.082247818E-1,1.476145903E0
8.551030667E0,-2.006067131E-1,-1.356819787E0,4.745682085E-1,1.451350396E0
8.561000667E0,-8.145479114E-1,-2.517803166E0,1.904676704E0,3.260462303E0
8.570969667E0,-1.190167855E0,4.872087193E-1,1.050322484E0,1.660436443E0
8.580939667E0,-7.952317075E-1,2.228432357E-1,2.607828360E0,2.735474608E0
8.590908667E0,-6.614907559E-1,1.921727770E0,2.633079561E0,3.326216412E0
8.600878667E0,-2.564482804E-1,1.205091265E0,1.121612322E0,1.666140714E0
8.610847667E0,-4.075631370E-1,-3.513825774E-2,6.644109285E-1,7.802463007E-1
8.620816667E0,-4.374843628E-1,2.485932040E-1,-4.853247464E-1,6.990931685E-1
8.630786667E0,1.891641507E-1,-1.882592356E0,-9.985699475E-1,2.139410899E0
8.640755667E0,-2.649662849E-1,-1.180454607E0,-4.422272587E-1,1.288116905E0
8.650725667E0,-6.140305875E-1,-8.665485889E-1,-3.958050442E-1,1.133402688E0
8.660694667E0,-7.814803720E-1,-1.976723172E0,1.942417558E0,2.879432590E0
8.670664667E0,-8.017511337E-1,1.612027654E-1,2.377295451E0,2.514025631E0
8.680633667E0,-5.717115104E-2,1.530301121E-1,6.150955117E-1,6.364190791E-1
8.690603667E0,3.008096438E-1,-8.626335856E-1,7.505257970E-1,1.182333336E0
8.700572667E0,5.926398647E-1,1.264067744E0,-8.713672793E-1,1.645712674E0
8.710542667E0,2.908937528E-1,4.326100507E-1,-1.947823309E0,2.016379496E0
8.720511667E0,-5.270538394E-1,-1.856382796E-1,-8.248813301E-1,9.963315358E-1
8.730480667E0,-8.938239495E-1,1.166766275E0,-1.437468971E0,2.055865228E0
8.740450667E0,-7.788978030E-1,6.796689454E-1,-1.918633423E0,2.179400348E0
8.750419667E0,1.335701764E-1,9.998414245E-1,-2.713424397E0,2.894856788E0
8.760389667E0,-4.086196558E-1,-3.988303936E-1,-2.795707000E0,2.853421339E0
8.770358667E0,-1.390498726E0,-1.546965685E0,-8.057679516E-1,2.230661680E0
8.780328667E0,-1.224728408E0,1.116487237E0,-5.422333574E-1,1.743708817E0
8.790297667E0,-9.504499939E-1,6.520025522E-1,8.939924955E-2,1.156051359E0
8.800267667E0,3.562397864E-2,4.951603478E-1,1.968345281E0,2.029984233E0
8.810236667E0,-8.651000874E-1,2.341859570E-1,2.998439907E0,3.129518030E0
8.820206667E0,-8.190980684E-1,6.111635515E-1,2.910846278E0,3.085039479E0
8.830175667E0,-5.670430569E-1,3.290455997E0,-1.166806036E-1,3.340995788E0
8.840144667E0,-7.569908441E-1,1.629383360E0,-1.108353176E0,2.111012087E0
8.850114667E0,-1.292292766E-1,3.663979349E-1,-1.548337442E0,1.596338463E0
8.860083667E0,-1.145562517E0,-1.115265462E0,-2.212523253E0,2.729723370E0
8.870053667E0,-1.199798366E0,-1.195489260E0,4.281331301E-2,1.694267886E0
8.880022667E0,-8.882110611E-1,-8.803436324E-1,9.294307154E-1,1.558128767E0
8.889992667E0,-9.538220101E-1,-2.178171738E0,2.505567575E0,3.454283923E0
8.899961667E0,-2.479458807E-1,-7.162798244E-1,2.164112400E0,2.293014703E0
8.909931667E0,-7.547656862E-1,-1.091303279E0,1.438202212E0,1.956793216E0
8.919900667E0,-2.557621828E-1,-4.501195380E-1,1.689512617E0,1.767052567E0
8.929869667E0,4.390023731E-2,5.991407990E-2,-2.197190684E-1,2.319340355E-1
8.939839667E0,-1.301625653E-1,-2.344742540E0,-7.174633008E-1,2.455506762E0
8.949808667E0,3.268065473E-1,-4.739463571E-1,-8.529924041E-1,1.029088777E0
8.959778667E0,-6.804798080E-1,-1.766302346E0,1.514087377E0,2.423909514E0
8.969747667E0,-1.033664643E0,-2.363161561E0,4.489179352E0,5.177424689E0
8.979717667E0,-1.241901096E-1,1.469504696E0,1.157320683E0,1.874635538E0
8.989686667E0,-1.475666638E0,6.637949243E-1,1.243277092E0,2.040576795E0
8.999656667E0,1.558054930E-1,1.215321262E0,-2.615880561E-1,1.252880454E0
9.009625667E0,-7.577878196E-1,1.200535700E-1,-2.908361211E0,3.007859733E0
9.019595667E0,-8.585941829E-1,-2.037369323E0,-2.746965196E0,3.526170092E0
9.029564667E0,-3.271555895E-1,4.165994972E-2,-3.027659613E0,3.045568759E0
9.039533667E0,-8.915880474E-1,3.668312135E-1,-2.899248911E0,3.055345910E0
9.049503667E0,-1.496053979E-2,2.949130923E-1,-6.942919546E-1,7.544792032E-1
9.059472667E0,-4.153423458E-2,9.090329960E-1,9.819866592E-1,1.338791948E0
9.069442667E0,-2.757994579E-1,5.588125527E-2,3.091994188E0,3.104773118E0
9.079411667E0,5.349218528E-1,5.457197598E-1,3.397105994E0,3.481993765E0
9.089381667E0,3.337909368E-1,-1.550229601E0,2.076729271E0,2.612935642E0
9.099350667E0,7.182728478E-1,-1.213365368E0,1.223466725E0,1.866826780E0
9.109320667E0,3.894531407E-1,-3.363210270E-1,-1.669140333E-1,5.409675374E-1
9.119289667E0,9.026120223E-2,-1.086461200E0,8.794282508E-1,1.400692355E0
9.129258667E0,4.526909242E-1,1.423354962E0,-8.945444727E-1,1.740999206E0
9.139228667E0,1.475078920E-1,-5.938169092E-2,-2.819608664E0,2.824088841E0
9.149197667E0,3.018158034E-1,-5.663902518E-1,-3.863107447E0,3.916055393E0
9.159167667E0,3.333689140E-1,-8.450954470E-1,-2.949050816E0,3.085809758E0
9.169136667E0,9.496853974E-2,-2.920423433E0,-1.646863026E0,3.354109401E0
9.179106667E0,-7.015876718E-2,-1.571830093E0,1.333337077E0,2.062367536E0
9.189075667E0,-3.031653043E-1,-1.397657911E0,3.014333224E0,3.336399500E0
9.199045667E0,-6.068491834E-1,-3.711230698E-1,4.014332231E0,4.076869084E0
9.209014667E0,-4.549151319E-1,1.395514029E0,2.323322142E0,2.748132632E0
9.218983667E0,-4.767808679E-1,1.051384923E-1,3.985625911E-1,6.302588656E-1
9.228953667E0,-6.948791613E-1,3.711949906E-1,7.789526206E-1,1.107885353E0
9.238922667E0,4.592140049E-2,6.640641886E-1,-2.421659446E-1,7.083321017E-1
9.248892667E0,1.589326570E-1,-4.550031325E-1,2.461677790E-3,4.819683599E-1
9.258861667E0,2.108125164E-1,-6.048614225E-1,-1.672531718E0,1.790994585E0
9.268831667E0,1.667859062E-1,-1.853034680E0,-1.208556325E0,2.218594929E0
9.278800667E0,8.460879388E-1,-2.312322360E-1,-1.181808822E0,1.471735452E0
9.288769667E0,8.571165184E-1,4.018940422E-1,-4.170970953E-1,1.034474521E0
9.298739667E0,1.134125948E-2,-2.008072726E0,2.331075550E0,3.076751196E0
9.308708667E0,4.019298564E-1,1.724710809E0,1.014976650E0,2.041164516E0
9.318678667E0,-2.858912040E-1,2.424137788E0,-2.274085663E0,3.336112018E0
9.328647667E0,6.116555216E-1,7.874150035E-1,-2.161902738E0,2.380749527E0
9.338617667E0,5.238858911E-1,1.787517214E-1,-6.531702411E-1,8.561775334E-1
9.348586667E0,-4.340728779E-1,-1.493204923E0,1.664310533E0,2.277720298E0
9.358555667E0,-1.287728649E-1,1.066459630E0,2.818817536E0,3.016562761E0
9.368525667E0,-1.950924233E-1,1.798756147E0,1.786537220E0,2.542695414E0
9.378494667E0,5.008132897E-2,3.564474356E-1,2.017051418E0,2.048916626E0
9.388464667E0,6.815279945E-1,5.214853898E-1,2.366186911E-1,8.901774115E-1
9.398433875E0,4.496708373E-1,-3.966596147E-1,-4.522107947E-1,7.510241772E-1
9.408403875E0,1.033018599E0,1.365968926E0,-1.061351502E0,2.014811540E0
9.418372875E0,9.505444995E-1,5.062057382E-1,-2.691671001E0,2.899115705E0
9.428341875E0,7.473965865E-1,-2.012650512E0,-2.059006945E0,2.974705589E0
9.438311875E0,1.428973551E0,-4.432455513E-1,-1.921437163E0,2.435231571E0
9.448280875E0,9.688193873E-1,-1.353992951E-1,4.659716320E-1,1.083546739E0
9.458250875E0,1.100346802E0,1.097485833E0,1.999708577E0,2.532601949E0
9.468219875E0,8.963293353E-1,-1.262293991E-1,1.473786027E0,1.729562197E0
9.478189875E0,2.089130484E-1,-1.267028482E0,-2.226210415E-1,1.303290437E0
9.488158875E0,7.795074483E-1,-1.225482261E0,-1.243127403E0,1.911754266E0
9.498127875E0,2.246772880E-1,-2.734507703E0,-2.405584865E0,3.648952014E0
9.508097875E0,7.546373398E-1,-2.145339915E0,-9.517559695E-1,2.465319511E0
9.518066875E0,8.602410512E-1,-1.173609272E0,9.118148088E-3,1.455148284E0
9.528036875E0,3.867915612E-1,-2.046439524E0,1.680605553E0,2.676183376E0
9.538005875E0,8.078162313E-1,7.631818029E-1,2.151457272E0,2.421524710E0
9.547975875E0,7.252226291E-1,-1.779831049E-1,2.354862608E0,2.470425824E0
9.557944875E0,1.201141252E0,-1.134131795E-1,2.421075894E0,2.705034443E0
9.567913875E0,1.684814379E0,3.262243474E-1,5.697912848E-1,1.808226735E0
9.577883875E0,1.341994757E0,-1.363963038E0,4.428657746E-1,1.964045618E0
9.587852875E0,1.214353694E0,5.815930125E-1,-8.672549325E-1,1.601573115E0
9.597822875E0,6.840444168E-1,5.196277294E-1,-7.835128641E-1,1.162678868E0
9.607791875E0,1.206344178E-1,-3.600130677E-2,3.320002270E-1,3.550674690E-1
9.617760875E0,1.251835662E0,9.171430841E-1,-1.264530551E-1,1.556995291E0
9.627730875E0,9.409477568E-1,4.822391707E-1,-1.731945276E-2,1.057467381E0
9.637699875E0,1.013577119E0,2.793454653E-1,3.326364040E-2,1.051893024E0
9.647669875E0,1.457173357E0,-1.233004996E0,9.761107922E-2,1.911330279E0
9.657638875E0,7.670642079E-1,-1.367935637E0,5.807887280E-1,1.672408727E0
9.667608875E0,9.948678560E-1,6.509675950E-1,-6.074847758E-2,1.190466815E0
9.677577875E0,8.172996110E-1,-4.080035055E-1,1.376495376E0,1.652024526E0
9.687546875E0,4.274610657E-1,2.409815910E-1,1.662183316E0,1.733103709E0
9.697516875E0,2.275256129E-1,2.148518461E-1,2.379518563E-1,3.931288672E-1
9.707485875E0,-3.382394984E-2,1.885089701E-1,8.260665607E-1,8.479773901E-1
9.717455875E0,4.189616261E-1,1.183377045E0,7.786637682E-1,1.477236386E0
9.727424875E0,5.866304619E-1,-6.988387495E-1,8.168279600E-1,1.224630072E0
9.737394875E0,8.558258186E-1,-7.881526297E-1,9.697414201E-1,1.514602529E0
9.747363875E0,3.998268322E-1,-1.286647645E-1,-6.196060538E-1,7.485504521E-1
9.757332875E0,1.884453086E-1,-7.334858412E-1,-2.239202929E-1,7.897172982E-1
9.767302875E0,7.315990178E-1,2.938108921E-1,-1.356292076E0,1.568786206E0
9.777271875E0,1.062857672E0,2.503394750E-1,-2.260358739E0,2.510290404E0
9.787241875E0,1.082410468E0,-2.104217032E-1,-2.240681105E0,2.497306855E0
9.797210875E0,7.895744533E-1,-3.167229143E-1,-6.644378257E-1,1.079453031E0
9.807179875E0,8.299391717E-2,-1.292366222E0,2.249201083E0,2.595381273E0
9.817149875E0,-4.186930928E-1,3.404196328E-1,1.539159068E0,1.631011977E0
9.827118875E0,-8.223509476E-1,2.404623583E-1,3.403067815E-1,9.218958359E-1
9.837088875E0,-7.736361129E-1,2.456394830E-1,-6.657984728E-1,1.049828175E0
9.847057875E0,-7.439469485E-1,5.371109042E-1,-1.706673610E0,1.937699666E0
9.857026875E0,-4.001432396E-1,-1.084833043E0,-1.207593874E0,1.671903199E0
9.866996875E0,-2.229597415E-1,6.629885933E-1,-1.540068895E0,1.691471880E0
9.876965875E0,-2.304529484E-1,-8.591197014E-2,-7.758916032E-1,8.139393147E-1
9.886935875E0,-7.468902176E-1,-6.333955425E-1,3.183808923E-1,1.029757886E0
9.896904875E0,-1.142160826E0,4.593186700E-1,3.666654450E-1,1.284503228E0
9.906874875E0,-1.359666504E0,-3.945388296E-1,5.292420137E-1,1.511440042E0
9.916843875E0,-9.876371160E-1,7.471569237E-1,-8.181277961E-1,1.484251876E0
9.926812875E0,-7.758334234E-1,-4.752558410E-2,-4.796950471E-1,9.133912197E-1
9.936782875E0,-7.717303591E-1,-4.524967235E-1,3.748778594E-1,9.699765159E-1
9.946751875E0,-2.379546337E-1,-7.832374603E-2,9.592123389E-2,2.682496971E-1
9.956721875E0,7.953572765E-2,-9.308474958E-1,5.213658142E-1,1.069871630E0
9.966690875E0,-2.882049472E-1,1.207412025E0,1.173008763E0,1.707880396E0
9.976659875E0,-9.971280241E-1,8.104340297E-1,6.255018014E-1,1.429097658E0
9.986629875E0,-1.090119291E0,-2.970534655E-1,3.264898109E-1,1.176093715E0
9.996598875E0,-8.838684071E-1,-5.169149137E-1,-1.191719268E0,1.571184013E0
1.000656888E1,-8.684378242E-1,-1.504040106E0,-9.922561240E-1,2.000223265E0
1.001653788E1,-1.257881975E0,-3.245391798E-1,1.483023459E-1,1.307511502E0
1.002650688E1,-9.164144479E-1,-1.534464631E0,1.305541168E0,2.213331174E0
1.003647688E1,-2.201659419E-3,-1.301712411E0,2.404722401E0,2.734437762E0
1.004644588E1,-6.764912760E-1,5.158159295E-1,1.286800257E0,1.542582711E0
1.005641588E1,-5.637515496E-1,2.199137807E-1,1.303802791E0,1.437386377E0
1.006638488E1,-1.203244788E0,1.364884852E0,6.302304447E-1,1.925590583E0
1.007635388E1,-1.556726881E0,-3.923364758E-2,-6.157211637E-1,1.674529908E0
1.008632388E1,-1.414723887E0,-1.154521036E0,1.460575998E-2,1.826082098E0
1.009629288E1,-1.993956525E0,7.494493246E-2,-1.545048968E0,2.523619559E0
1.010626288E1,-1.509254653E0,-5.635303786E-1,-1.805958163E0,2.420103506E0
1.011623188E1,-1.706559005E0,-2.992488027E-1,-1.378679311E0,2.214192883E0
1.012620188E1,-1.398690675E0,-1.253891250E0,-1.894777953E0,2.668100891E0
1.013617088E1,-9.638558321E-1,-9.397756094E-1,-6.428393805E-1,1.491790444E0
1.014613988E1,-1.209200177E0,1.285207183E0,9.053875494E-1,1.983342932E0
1.015610988E1,-1.060162544E0,1.655875924E-1,1.559765825E0,1.893207147E0
1.016607888E1,-5.167151581E-1,-1.357100746E-1,1.913893670E0,1.987058318E0
1.017604888E1,-5.811135043E-1,-5.303442138E-1,9.149407303E-1,1.206679092E0
1.018601788E1,-9.366917147E-1,-3.200660598E-1,1.635389619E0,1.911630942E0
1.019598688E1,-9.488630596E-1,1.459642490E0,1.197129697E-1,1.745058308E0
1.020595688E1,-5.187183777E-1,-7.880584896E-3,-4.807744431E-1,7.073011552E-1
1.021592588E1,-2.513616779E-1,-5.779066354E-2,-8.552652168E-1,8.933090423E-1
1.022589588E1,-3.276561477E-1,-3.552051947E-1,-1.430839983E0,1.510242476E0
1.023586488E1,-3.278641259E-1,-1.069938138E-1,3.629951477E-3,3.448996054E-1
1.024583388E1,-5.406785097E-1,4.490752253E-1,-8.522901535E-3,7.029042955E-1
1.025580388E1,2.960827547E-1,-9.389561221E-1,5.485629684E-1,1.127042558E0
1.026577288E1,9.380947541E-2,-4.287158051E-1,-9.398428524E-1,1.037256982E0
1.027574288E1,-6.953222340E-1,-1.050284185E0,4.803563672E-1,1.348077192E0
1.028571188E1,-1.041344230E0,-3.048296776E-1,3.111479450E0,3.295242526E0
1.029568088E1,-7.322874543E-1,1.820441716E0,1.012783359E0,2.208162831E0
1.030565088E1,-1.000427754E0,-7.660536629E-1,-4.332880354E-1,1.332453537E0
1.031561988E1,-7.544003083E-1,-9.016780758E-1,-1.712620229E-1,1.188054653E0
1.032558988E1,-6.059028116E-1,-1.075792663E0,-9.530207223E-1,1.559710411E0
1.033555888E1,-9.760992439E-1,-1.218416485E0,4.950919354E-1,1.637810883E0
1.034552788E1,-1.196049789E-1,3.532191879E-1,1.113015161E0,1.173827881E0
1.035549788E1,-3.090537793E-1,-8.420089942E-1,1.395180738E0,1.658620715E0
1.036546688E1,4.631184831E-1,4.750622982E-1,-5.928310686E-1,8.897255715E-1
1.037543688E1,2.948942533E-1,-6.898799381E-1,-7.227146852E-1,1.041735795E0
1.038540588E1,-9.115041755E-3,-3.909021538E-1,-1.142117922E0,1.207195480E0
1.039537475E1,-1.569113842E-1,1.497502626E0,-7.956417435E-1,1.702991804E0
1.040534475E1,-5.936246089E-1,1.213481435E-1,-4.700114733E-1,7.668287509E-1
1.041531375E1,-7.040953964E-2,8.421221378E-1,-1.380238178E0,1.618389517E0
1.042528375E1,-2.465581172E-1,5.307719377E-1,-1.497011753E0,1.607343754E0
1.043525275E1,-3.785209671E-2,4.558933711E-1,-4.485293877E-1,6.406638422E-1
1.044522175E1,2.944949067E-1,1.433089406E0,1.673823953E-1,1.472579153E0
1.045519175E1,1.778972604E-1,-3.970934781E-1,5.287800837E-1,6.847912401E-1
1.046516075E1,3.231951607E-1,-1.271512127E-1,2.793758708E-1,4.457279664E-1
1.047513075E1,-1.823866064E-1,-9.095811725E-2,7.702525485E-1,7.967604670E-1
1.048509975E1,-6.698350981E-1,2.613489050E-1,1.489966443E0,1.654382758E0
1.049506875E1,-1.349390827E-1,1.237397132E0,2.956153429E-1,1.279354778E0
1.050503875E1,1.862820581E-2,-9.122504264E-2,-3.241000539E-1,3.372089314E-1
1.051500775E1,5.872101402E-1,1.969693065E-2,-3.009877646E-1,6.601494924E-1
1.052497775E1,2.646718411E-1,-1.627722166E0,-4.530557173E-1,1.710201776E0
1.053494675E1,-1.234186791E-1,-4.811884260E-1,-1.598092570E0,1.673521536E0
1.054491575E1,9.564948454E-3,-8.484964800E-1,-9.186765164E-1,1.250601578E0
1.055488575E1,1.017222565E0,-3.118876470E0,3.354220760E0,4.691793803E0
1.056485475E1,7.826289844E-1,-2.110622656E-1,1.338496660E0,1.564809482E0
1.057482475E1,1.724950179E-1,-1.006467782E0,-1.029694676E-1,1.026320923E0
1.058479375E1,3.923043162E-3,-4.254407796E-1,1.456685845E0,1.517547001E0
1.059476275E1,-5.247478803E-1,3.524944255E-1,2.163037097E-1,6.681316881E-1
1.060473275E1,-1.297945781E0,-1.473121784E0,1.879844749E0,2.718191921E0
1.061470175E1,-8.042655826E-1,1.175015527E-1,2.236471109E0,2.379590882E0
1.062467175E1,-9.441382170E-1,1.192216866E0,-7.980110353E-1,1.717439851E0
1.063464075E1,-2.500333732E-1,9.978925475E-1,2.692560947E-1,1.063393186E0
1.064461075E1,4.353941294E-1,-2.759280601E-1,5.742252284E-1,7.716469110E-1
1.065457975E1,-1.137707733E0,-1.778735281E0,1.896963642E0,2.838441323E0
1.066454875E1,1.219859286E-1,1.364639269E0,1.446133375E-1,1.377691518E0
1.067451875E1,4.132065041E-1,1.821282253E0,-1.080342089E0,2.157532778E0
1.068448775E1,9.748016006E-1,1.081939256E0,-1.256471919E0,1.923422054E0
1.069445775E1,1.496487842E0,-4.153938013E-1,-2.451266237E0,2.901850106E0
1.070442675E1,1.017173449E0,-1.333946064E0,-2.523029115E0,3.029806899E0
1.071439575E1,1.263360816E0,8.092917761E-1,-1.340848995E0,2.012190289E0
1.072436575E1,5.611045881E-1,-4.124818879E-1,-1.390748549E-1,7.101559561E-1
1.073433475E1,8.187005308E-1,-1.073525405E0,1.423455534E0,1.961874872E0
1.074430475E1,1.728639407E-1,-8.376788387E-1,4.825005412E-1,9.820359214E-1
1.075427375E1,-2.755553001E-1,-3.870491311E-1,3.804625350E-1,6.086784815E-1
1.076424275E1,5.725312901E-1,3.178394401E-1,4.043829095E-1,7.696359693E-1
1.077421275E1,1.245179191E-2,-2.123948753E0,-2.445481002E-1,2.138017102E0
1.078418175E1,3.284685818E-1,-1.345999515E0,-1.061109427E0,1.745153151E0
1.079415175E1,6.531939223E-2,-1.058264172E-1,-1.154944375E0,1.161620576E0
1.080412075E1,4.732691764E-1,-3.217067885E-1,2.117879051E-1,6.101910257E-1
1.081408975E1,8.013022868E-1,1.654121760E-1,1.655707524E0,1.846838907E0
1.082405975E1,-3.455119729E-3,-1.458206998E0,2.459613138E0,2.859383915E0
1.083402875E1,5.191650684E-1,1.547034098E0,1.229290552E0,2.043037476E0
1.084399875E1,1.215103453E0,1.340977634E0,3.220938742E-2,1.809899130E0
1.085396775E1,1.626712644E0,-1.260186070E-1,-5.886772066E-1,1.734536125E0
1.086393675E1,1.914090137E0,-2.415891168E-1,-1.241974917E0,2.294473371E0
1.087390675E1,9.329817295E-1,-1.080473944E0,-1.296510728E0,1.928423947E0
1.088387575E1,1.293730085E0,3.958100143E-1,-1.469928035E0,1.997771640E0
1.089384575E1,6.242874078E-1,-5.566859204E-1,-1.327903259E0,1.569382378E0
1.090381475E1,2.805362508E-1,-2.023980954E0,-4.217315984E-1,2.086398100E0
1.091378375E1,1.732753654E-1,-9.113341677E-1,9.042508507E-1,1.295462820E0
1.092375375E1,-3.801653503E-1,-8.505541152E-1,1.229384692E0,1.542515711E0
1.093372275E1,2.145292260E-1,-6.693453938E-2,1.872245708E0,1.885684759E0
1.094369275E1,2.319465465E-1,-8.670011634E-1,8.673993587E-1,1.248147373E0
1.095366175E1,2.609425235E-1,2.019107884E-1,-4.370051104E-1,5.475695696E-1
1.096363075E1,2.119670492E-1,1.346046585E0,-1.521632624E-1,1.371103605E0
1.097360075E1,5.326981567E-2,-1.113178298E-1,9.099828762E-1,9.183126741E-1
1.098356975E1,6.733758064E-1,1.522212375E0,1.231777958E0,2.070710610E0
1.099353975E1,3.262809192E-1,1.632732645E-1,1.840683022E0,1.876494440E0
1.100350875E1,4.461512520E-1,9.423147628E-1,2.194508566E0,2.429583483E0
1.101347775E1,4.598657501E-1,2.875855370E0,1.264629954E-1,2.915135247E0
1.102344775E1,4.871617223E-1,4.394258577E-1,4.941183740E-1,8.213249025E-1
1.103341675E1,1.068152691E0,1.676079516E0,-1.127410421E0,2.285004808E0
1.104338675E1,7.326014498E-1,8.024613512E-1,-3.043340676E0,3.231496801E0
1.105335575E1,8.152277233E-1,8.058331481E-1,-2.763708113E0,2.991996965E0
1.106332475E1,7.558648165E-1,8.243995196E-1,-2.352744747E0,2.605066992E0
1.107329475E1,1.055023353E-1,-6.202971947E-1,-8.118344378E-1,1.027119519E0
1.108326375E1,5.366916588E-1,-2.882791337E-1,-1.833534801E-1,6.362085305E-1
1.109323375E1,-2.831973186E-1,-2.191544320E0,1.120370958E0,2.477558942E0
1.110320275E1,-4.436992952E-1,-1.186865787E0,1.877898211E0,2.265396467E0
1.111317275E1,-4.922059690E-1,-1.290370274E0,1.816829306E0,2.282146115E0
1.112314175E1,-9.214366946E-1,-1.375275354E0,2.634129721E0,3.111119938E0
1.113311075E1,-8.015814183E-1,6.029125455E-1,7.480261123E-1,1.251231143E0
1.114308075E1,-9.305246564E-1,-8.376686060E-1,5.175662935E-1,1.354784004E0
1.115304975E1,-1.057190331E0,4.501183686E-1,-9.185753596E-1,1.471067175E0
1.116301975E1,-1.279668408E0,1.268980283E-1,-1.804216277E0,2.215592634E0
1.117298875E1,-1.572153152E0,-5.134235412E-1,-9.414853352E-1,1.903066972E0
1.118295775E1,-1.397260154E0,4.379701933E-1,-1.173706920E0,1.876630428E0
1.119292775E1,-1.234266240E0,-1.112673976E0,4.325015849E-1,1.717123801E0
1.120289675E1,-1.211771563E0,-5.430981606E-2,3.986929840E-1,1.276830440E0
1.121286675E1,-9.186409946E-1,-2.245713803E-1,1.287943972E0,1.597852702E0
1.122283575E1,-1.076599579E0,6.454799831E-2,8.821904755E-1,1.393374728E0
1.123280475E1,-1.062759146E0,7.068260461E-1,-7.089246118E-1,1.460011701E0
1.124277475E1,-5.796794746E-1,4.724760747E-1,-7.777866858E-1,1.078987518E0
1.125274375E1,-3.771041502E-1,-2.809704065E-1,-2.030492413E-1,5.122312991E-1
1.126271375E1,-4.123450265E-1,-2.097284280E0,1.215968256E0,2.459107272E0
1.127268275E1,-3.660688097E-1,-9.771124202E-1,1.258235439E0,1.634598261E0
1.128265175E1,-6.200875720E-1,-1.850272456E0,9.098828888E-1,2.153114867E0
1.129262175E1,-3.369848687E-1,-5.929942060E-1,8.374931896E-1,1.080090632E0
1.130259075E1,-3.650293940E-1,-5.747111320E-2,2.614547396E-1,4.526676134E-1
1.131256075E1,-8.214592472E-1,-1.361023058E0,-3.307150090E-1,1.623746125E0
1.132252975E1,-2.776318291E-1,1.744525561E-1,-6.974728400E-1,7.707019458E-1
1.133249975E1,-2.353582141E-1,-2.175865889E-1,-9.147331542E-1,9.692647502E-1
1.134246875E1,-7.477613065E-2,-1.214226955E-1,-9.455216682E-1,9.562144978E-1
1.135243775E1,-1.177947906E-1,-6.804083258E-1,-1.673964286E-1,7.105298493E-1
1.136240775E1,-4.656933411E-1,-1.287103435E0,1.834958598E0,2.289231006E0
1.137237675E1,-1.556265682E-2,1.673685081E0,1.078441159E0,1.991105040E0
1.138234675E1,-2.609028720E-1,2.304057321E-1,-2.360725611E-1,4.205797952E-1
1.139231538E1,7.624582831E-2,-2.250330180E-1,-1.261122794E0,1.283309778E0
1.140228438E1,1.636355360E-1,-3.852493581E-1,-2.586588349E0,2.620235284E0
1.141225438E1,1.710150145E-1,-1.374739164E0,-2.595094294E0,2.941711798E0
1.142222338E1,2.661401866E-1,2.419133449E-1,-7.929929549E-1,8.707413461E-1
1.143219338E1,2.422812078E-2,-9.673370451E-1,1.517151902E0,1.799465992E0
1.144216238E1,3.108693032E-1,6.688545200E-1,2.763188880E0,2.859933370E0
1.145213138E1,4.279668499E-2,9.499582431E-1,1.042924002E0,1.411361999E0
1.146210138E1,-2.243028469E-1,9.778567708E-1,3.645142543E-1,1.067420382E0
1.147207038E1,-7.031291440E-2,1.111914422E0,-4.021071732E-2,1.114860749E0
1.148204038E1,-6.192963707E-1,-1.108481522E0,-1.801720101E-1,1.282466854E0
1.149200938E1,-1.882400713E-1,1.029534463E0,1.144884825E-2,1.046664517E0
1.150197838E1,-3.636267932E-1,1.099216901E0,3.809110165E-2,1.158427025E0
1.151194838E1,-6.606547502E-1,1.401471465E0,1.275582958E0,2.006912766E0
1.152191738E1,2.125185147E-1,1.724976857E0,3.873903161E-1,1.780668564E0
1.153188738E1,-2.274442635E-1,3.121188167E-1,-2.218883854E-1,4.454026317E-1
1.154185638E1,7.943497282E-2,1.444135089E0,-1.542563317E0,2.114553773E0
1.155182538E1,-1.931660216E-1,-8.486908999E-1,2.880484611E-1,9.168212865E-1
1.156179538E1,-1.801318835E-2,-2.235431474E-1,1.721086997E0,1.735637193E0
1.157176438E1,4.156578397E-1,1.827383530E-1,1.858274370E-1,4.906083792E-1
1.158173438E1,-2.166948154E-1,1.862080908E-1,-1.425896162E0,1.454238619E0
1.159170338E1,-6.001007291E-1,1.016869686E0,-2.224335213E0,2.518295452E0
1.160167338E1,-3.824374321E-1,-1.809738095E0,4.522002697E-1,1.904178418E0
1.161164238E1,-5.409433155E-1,-1.082721029E0,6.539216083E-1,1.375688179E0
1.162161138E1,5.447518628E-1,-8.551953426E-1,-1.335714555E0,1.676975563E0
1.163158138E1,-1.555675479E-1,-6.532801688E-1,-1.235568123E0,1.406273383E0
1.164155038E1,-1.382248524E-1,-2.007777442E0,-3.536197221E-1,2.043360779E0
1.165152038E1,-3.073849474E-1,-3.399615912E0,1.314452909E0,3.657821798E0
1.166148938E1,-1.151218821E0,3.405204973E-1,4.134349841E-1,1.269719445E0
1.167145838E1,-2.556690293E-1,1.088245770E-1,1.162087333E0,1.194845769E0
1.168142838E1,-5.889976341E-1,7.100686195E-1,1.010070251E0,1.367975720E0
1.169139738E1,-6.229638174E-1,-4.371992379E-2,-3.580285227E-1,7.198470481E-1
1.170136738E1,-9.052939939E-1,-6.774914423E-1,-1.003224331E-1,1.135172436E0
1.171133638E1,-7.297853576E-1,5.228051063E-1,-5.076973629E-1,1.031343037E0
1.172130538E1,1.187675480E-2,-5.025029889E-1,-3.123465657E-2,5.036128621E-1
1.173127538E1,4.072092709E-1,3.877636608E-1,-7.326637226E-1,9.235670942E-1
1.174124438E1,6.380407899E-1,-1.156183692E0,1.716220359E0,2.165472027E0
1.175121438E1,2.900386340E-1,7.243875736E-1,2.365946590E0,2.491297460E0
1.176118338E1,6.026387496E-1,1.233657545E0,1.563220945E0,2.080563415E0
1.177115338E1,9.542378202E-1,-6.583257312E-1,1.558192924E0,1.942145148E0
1.178112238E1,1.019984425E0,-3.719647765E-2,5.044340318E-1,1.138510209E0
1.179109138E1,5.771896937E-1,-1.063618467E0,1.032755694E0,1.590916877E0
1.180106138E1,1.081721739E-1,-4.154285923E-1,8.537531269E-1,9.556027083E-1
1.181103038E1,-1.390323164E-1,-4.526300400E-1,5.657859421E-1,7.377788764E-1
1.182100038E1,8.688670099E-2,-5.186743408E-2,5.504849482E-1,5.597081451E-1
1.183096938E1,2.111268774E-2,-8.562528116E-1,-1.080261397E0,1.378614997E0
1.184093838E1,-1.239821680E-2,-1.529256223E0,-8.747785449E-1,1.761821732E0
1.185090838E1,-1.962780194E-1,8.742525879E-1,-3.346455073E-1,9.564675969E-1
1.186087738E1,-1.868134238E-2,-2.929156834E-1,2.837969506E-1,4.082760087E-1
1.187084738E1,-4.035230034E-1,-2.780859751E-1,1.630344057E-1,5.164715299E-1
1.188081638E1,-3.473336729E-1,2.553049305E-1,-1.290605625E0,1.360692532E0
1.189078638E1,2.490107683E-1,-1.335305250E-1,-4.690753341E-2,2.864211593E-1
1.190075538E1,5.120058838E-1,1.448274626E0,1.914612293E-1,1.548000910E0
1.191072438E1,3.522485501E-1,-3.163425529E-1,1.366411268E0,1.446109057E0
1.192069438E1,2.732422878E-1,7.007338321E-1,9.481090611E-1,1.210206612E0
1.193066338E1,2.541144374E-1,5.520981950E-1,2.984570897E-1,6.770991054E-1
1.194063338E1,6.898895860E-2,6.195820802E-1,4.620996058E-1,7.760009512E-1
1.195060238E1,5.305707934E-1,9.804196054E-1,-1.017407337E0,1.509253345E0
1.196057138E1,4.260325179E-1,-6.532711056E-1,-1.901648431E0,2.055367023E0
1.197054138E1,2.960860437E-1,-1.636928022E-2,-2.050437266E0,2.071769263E0
1.198051038E1,2.487252780E-1,-5.421798554E-1,-1.173995773E0,1.316848258E0
1.199048038E1,1.504549252E-1,9.389353645E-1,-5.377117056E-1,1.092414839E0
1.200044938E1,7.697640136E-1,-6.744798338E-1,4.214497626E-2,1.024322157E0
1.201041938E1,1.100809244E-1,-2.007499992E0,7.573623616E-1,2.148434726E0
1.202038838E1,-4.619574454E-1,-9.223301491E-1,1.087356409E0,1.498813379E0
1.203035738E1,-1.008316452E0,-3.953279114E-1,1.730100480E0,2.041135443E0
1.204032738E1,-6.951311032E-1,1.727514256E0,6.535631740E-1,1.973488682E0
1.205029638E1,1.195357259E-1,1.286706117E-1,6.748558098E-1,6.973344105E-1
1.206026638E1,-2.473971561E-2,-2.302194983E-1,6.129975307E-1,6.552702065E-1
1.207023538E1,-1.828493770E-1,-9.466566128E-1,-4.021416718E-1,1.044658107E0
1.208020438E1,-5.127891914E-1,9.770638883E-2,4.688198107E-1,7.016347399E-1
1.209017438E1,-4.724937625E-1,1.501752968E0,-3.593915087E-1,1.614829585E0
1.210014338E1,-1.568351146E-1,1.102013040E-1,-1.058863512E0,1.076073193E0
1.211011338E1,-3.233561419E-1,5.897738519E-1,-1.446360832E0,1.595102519E0
1.212008238E1,-6.709339361E-1,-1.810660493E0,-2.062338104E0,2.825222509E0
1.213005238E1,-6.003082687E-1,-6.451352897E-1,-1.141876432E0,1.442376978E0
1.214002138E1,-5.685567183E-1,-9.213416773E-1,7.408831537E-2,1.085180311E0
1.214999038E1,2.146691206E-1,-1.762012536E0,1.073195037E0,2.074251334E0
1.215996038E1,2.936774294E-1,-3.142878413E-3,1.408678451E0,1.438968828E0
1.216992938E1,3.184297896E-1,-1.954468669E0,1.849348596E0,2.709508357E0
1.217989938E1,-1.815611623E-2,-4.286181566E-1,2.129252470E0,2.172040343E0
1.218986838E1,-7.644654129E-1,-7.567641914E-1,2.046440694E0,2.311929697E0
1.219983738E1,-3.795117778E-1,-1.300700258E0,3.672753096E0,3.914711439E0
1.220980738E1,-6.599287453E-1,6.852948439E-1,1.004958615E0,1.383862996E0
1.221977638E1,-5.190966560E-1,-3.241725594E-2,-6.419295537E-1,8.261874901E-1
1.222974638E1,-9.729254483E-1,7.231196049E-1,-2.319957654E0,2.617573191E0
1.223971538E1,-8.766462918E-1,-8.261557308E-1,-2.500254795E0,2.775304677E0
1.224968538E1,4.718750540E-1,-1.436927519E0,-1.643312597E0,2.233361379E0
1.225965438E1,7.116822318E-1,1.732439366E-1,-2.985088375E0,3.073639157E0
1.226962338E1,3.410453580E-1,-9.707225829E-2,-2.979695488E0,3.000719941E0
1.227959338E1,-7.512107983E-2,-6.752189219E-1,-2.470214725E-1,7.228992855E-1
1.228956238E1,-1.056311933E-1,-2.013145186E0,2.258530315E0,3.027353741E0
1.229953238E1,2.605341686E-1,-1.355837747E-1,2.354937453E0,2.373181708E0
1.230950138E1,-5.263955891E-4,9.863273397E-1,1.135447419E0,1.504022187E0
1.231947038E1,4.914001496E-1,9.884256130E-1,-1.424954760E-1,1.112997871E0
1.232944038E1,3.428327056E-1,1.029873016E-1,-3.890731448E-1,5.286951488E-1
1.233940938E1,-4.222490770E-1,-2.682497596E0,1.693597482E0,3.200368739E0
1.234937938E1,-7.545846418E-2,-2.473170492E-1,1.974869020E0,1.991724717E0
1.235934838E1,-6.619113169E-1,1.252947802E0,-7.341559321E-1,1.595929108E0
1.236931838E1,-4.423228607E-2,1.270573649E-1,2.557519501E-1,2.889794614E-1
1.237928738E1,1.992267703E-1,8.477088600E-2,-2.663354105E-1,3.432374688E-1
1.238925638E1,1.138233617E-2,-6.269831935E-1,-3.718361378E-2,6.281879524E-1
1.239922704E1,3.657526215E-1,2.363988650E0,-1.080823315E0,2.624956448E0
1.240919604E1,-1.223839047E-1,1.417768240E0,-8.243995196E-1,1.644590882E0
1.241916604E1,2.354744641E-1,1.470071876E-1,1.533075625E-1,3.171159806E-1
1.242913504E1,3.888404987E-1,-8.204979649E-1,-1.350190507E0,1.627091960E0
1.243910404E1,5.548822005E-1,6.747610849E-1,-1.513591533E0,1.747614404E0
1.244907404E1,3.137927283E-1,7.835403460E-1,6.131799638E-1,1.043259804E0
1.245904304E1,-9.977145729E-1,-2.685696900E0,2.469184445E0,3.782231357E0
1.246901304E1,-6.579534097E-1,-1.445964391E0,2.073276490E0,2.611932448E0
1.247898204E1,-2.660583986E-1,-1.612174127E0,8.035395777E-1,1.820870215E0
1.248895204E1,4.600147080E-1,2.402772939E-1,6.254719806E-1,8.127495974E-1
1.249892104E1,1.048123273E0,1.557911673E-1,-7.583137035E-2,1.062348191E0
1.250889004E1,4.394402564E-1,-8.948765945E-1,1.596991539E-1,1.009661170E0
1.251886004E1,1.449954823E0,1.759991446E0,-9.582305914E-1,2.473488376E0
1.252882904E1,1.268807790E0,1.445949188E0,-4.729040909E-1,1.980979692E0
1.253879904E1,1.224093547E0,1.588293806E0,-4.444427687E-1,2.053925899E0
1.254876804E1,1.417866473E0,3.530083957E-1,-2.636123621E-1,1.484739620E0
1.255873804E1,1.069644096E0,1.074016571E-2,1.846117424E0,2.133636189E0
1.256870704E1,1.586523269E0,7.336811382E-1,-1.098890626E-1,1.751405065E0
1.257867604E1,8.135208479E-1,1.319697862E0,-3.455416768E0,3.787258065E0
1.258864604E1,5.649320293E-1,1.413809675E0,-3.091014195E0,3.445631255E0
1.259861504E1,9.526380951E-1,-1.796216994E0,5.512532723E-1,2.106607462E0
1.260858504E1,1.347436614E0,-7.941682452E-1,2.501278642E0,2.950031098E0
1.261855404E1,1.179585053E0,9.658369419E-1,-5.096731371E-1,1.607491400E0
1.262852304E1,1.072020405E0,1.014100737E0,-2.646026466E0,3.029700334E0
1.263849304E1,4.174198616E-1,-1.477556897E0,-6.240318114E-1,1.657356155E0
1.264846204E1,1.531825782E-1,-4.068788812E0,2.891168059E0,4.993732076E0
1.265843204E1,1.025565080E-1,-3.952615455E-1,2.111240122E0,2.150368429E0
1.266840104E1,7.727342530E-1,3.549289137E-2,7.254272085E-1,1.060482252E0
1.267837104E1,7.141797969E-1,1.932060385E-1,-3.354050606E-1,8.123286960E-1
1.268834004E1,2.663463740E-1,-2.835211374E0,1.632807489E0,3.282594130E0
1.269830904E1,1.118967041E-1,-2.406962762E0,3.369407149E0,4.142329676E0
1.270827904E1,9.466762009E-1,2.481624981E0,6.478603846E-1,2.733931501E0
1.271824804E1,8.775068557E-1,1.213460093E0,3.763086730E-1,1.544056960E0
1.272821804E1,-2.665349467E-1,-5.175648317E-1,-8.202327937E-1,1.005831034E0
1.273818704E1,-4.792003727E-1,-2.900061966E0,-7.896120948E-1,3.043596501E0
1.274815704E1,-4.676283675E-1,-2.682126591E-1,-2.361117375E-1,5.885261873E-1
1.275812604E1,1.462893688E-1,1.437561942E0,-1.802842766E-1,1.456189320E0
1.276809504E1,2.564012104E-1,-3.306924972E-1,9.972361976E-1,1.081470824E0
1.277806504E1,-2.478505345E-1,-7.241732731E-1,-6.426323891E-2,7.681058396E-1
1.278803404E1,4.849791028E-1,-1.392566740E0,2.016515813E0,2.498155896E0
1.279800404E1,2.647930612E-1,1.528867676E0,1.732355166E0,2.325641021E0
1.280797304E1,5.185087916E-1,2.983848765E-1,2.379251930E0,2.453308918E0
1.281794304E1,-2.169450762E-1,-1.809011579E-1,1.045023737E0,1.082527139E0
1.282791204E1,-1.398408401E-1,1.713614255E-2,-1.045876261E0,1.055322823E0
1.283788104E1,1.022120339E-1,1.425229579E-2,-1.976645404E-1,2.229836280E-1
1.284785104E1,-8.216231154E-1,1.512880511E0,-2.011491301E0,2.647634650E0
1.285782004E1,-1.730759022E-1,-9.423097926E-1,-1.361392602E0,1.664720046E0
1.286779004E1,-5.643823911E-1,-7.920834205E-1,-1.635268582E0,1.902636845E0
1.287775904E1,-2.562485980E-1,-2.037558773E-1,-1.151301559E0,1.196944060E0
1.288772904E1,-1.019061369E0,1.250546935E-1,-1.145731502E0,1.538449032E0
1.289769804E1,-9.260804801E-1,2.119779396E-1,-1.394061581E0,1.686999524E0
1.290766704E1,-1.282739073E0,-1.143587912E0,-3.720442986E-1,1.758303103E0
1.291763704E1,-1.541188636E0,-3.551800516E-1,3.922645551E-1,1.629505067E0
1.292760604E1,-9.291283413E-1,-3.872122684E-1,1.099689356E0,1.490815044E0
1.293757604E1,-1.092168813E0,4.659999910E-1,1.221164092E0,1.703299870E0
1.294754504E1,-1.869444380E-1,-1.065973434E0,1.884604383E-1,1.098528525E0
1.295751404E1,-3.661051721E-1,-6.920951557E-1,-3.133148646E-1,8.433237255E-1
1.296748404E1,-2.766085298E-1,-4.580682430E-1,-3.454283577E-1,6.369140792E-1
1.297745304E1,-1.372226762E-1,-1.558011076E0,1.254138880E0,2.004767544E0
1.298742304E1,-5.653159356E-1,1.047443900E-1,1.019105369E0,1.170097965E0
1.299739204E1,-5.627605196E-1,-8.375329506E-1,8.496782023E-1,1.319133766E0
1.300736204E1,-1.037406715E0,7.532541078E-1,5.253664792E-2,1.283107378E0
1.301733104E1,-8.803515261E-1,4.413528076E-1,-1.867501861E0,2.111249467E0
1.302730004E1,-1.130348062E0,-1.572596955E-1,-2.595443957E0,2.835268363E0
1.303727004E1,-8.786232354E-1,-4.921455234E-2,-2.132635084E0,2.307061608E0
1.304723904E1,-6.538391626E-1,-1.242792650E0,1.503886324E-1,1.412322896E0
1.305720904E1,-1.048739496E0,-2.783186942E-1,1.854613429E0,2.148698861E0
1.306717804E1,-8.176134603E-1,-6.751826692E-1,1.824144757E0,2.109944905E0
1.307714804E1,-9.707540117E-1,1.225217089E0,6.255398083E-1,1.683692466E0
1.308711704E1,-7.036350743E-1,4.439071637E-1,3.505990505E-2,8.326974750E-1
1.309708604E1,-7.006128678E-1,9.545608789E-2,6.021526998E-1,9.287400762E-1
1.310705604E1,-1.144514550E0,4.716229659E-1,-4.299165308E-2,1.238624261E0
1.311702504E1,-1.018843414E0,-3.358465254E-1,-9.486768258E-1,1.432069310E0
1.312699504E1,-7.592967667E-1,6.506743571E-1,-1.112881259E0,1.496132814E0
1.313696404E1,-7.347076900E-1,-1.190879608E0,-8.613515836E-1,1.643142167E0
1.314693404E1,-5.165251236E-1,-2.377398947E-1,-1.201592876E0,1.329339649E0
1.315690304E1,-8.967047996E-1,9.175626218E-2,-1.128273470E0,1.444125940E0
1.316687204E1,-4.855251597E-1,-5.934339166E-1,3.577729994E-1,8.461087478E-1
1.317684204E1,-5.138821822E-1,-1.578140116E-1,3.710689831E-1,6.532016148E-1
1.318681104E1,-5.426501908E-1,-1.183127954E0,-9.965421331E-1,1.639316079E0
1.319678104E1,-5.895892626E-1,-4.695284933E-2,-5.822745055E-1,8.299781132E-1
1.320675004E1,-5.623401413E-1,-9.864293736E-1,-2.746682775E-1,1.168208888E0
1.321672004E1,-6.318352130E-1,-7.583888403E-1,3.781727654E-1,1.057063863E0
1.322668904E1,-1.005735126E0,-2.873856792E-1,4.788700050E-1,1.150395651E0
1.323665804E1,-8.910943231E-1,-2.774360570E-1,9.051577538E-1,1.300127078E0
1.324662804E1,-1.139989097E0,1.250663880E-1,1.074663858E0,1.571661271E0
1.325659704E1,-1.223009765E0,-2.395978475E0,3.667626842E0,4.548401080E0
1.326656704E1,-5.777494549E-1,-1.902704439E-1,3.115123435E0,3.173955149E0
1.327653604E1,-5.906294458E-1,1.193747375E0,-3.085932380E-1,1.367152414E0
1.328650604E1,-1.048503050E0,1.205191838E0,-5.652965301E-1,1.694522404E0
1.329647504E1,-7.565832201E-1,1.263738546E0,-5.174733227E-1,1.561163643E0
1.330644404E1,-7.397984952E-1,-1.744804473E0,1.459063908E0,2.391759175E0
1.331641404E1,8.564584874E-2,5.040387601E-2,9.809990644E-2,1.396400865E-1
1.332638304E1,1.517220899E-2,-7.137140661E-2,2.438362602E0,2.439454089E0
1.333635304E1,2.944708235E-1,1.664825965E0,9.744846815E-1,1.951404354E0
1.334632204E1,-6.690597573E-1,-5.968364114E-1,1.189602576E0,1.489633831E0
1.335629204E1,-3.755980901E-2,-5.652120379E-1,-1.813209879E-1,5.947711221E-1
1.336626104E1,-3.924293004E-2,1.452536661E0,-1.858517615E0,2.359129179E0
1.337623004E1,-6.279101964E-2,5.247791263E-1,-1.059862216E0,1.184332623E0
1.338620004E1,2.482926571E-1,5.137802213E-2,-1.379218424E0,1.402331061E0
1.339616850E1,-5.760369882E-2,-1.505494893E0,-1.435163999E0,2.080751970E0
1.340613850E1,4.918938373E-1,5.950302064E-2,-1.335474819E0,1.424427306E0
1.341610750E1,-1.251289532E-2,2.487019622E-1,-6.162263632E-1,6.646383748E-1
1.342607750E1,1.236549432E-1,-4.948334885E-1,-9.066563952E-1,1.040277148E0
1.343604650E1,6.662182298E-1,-1.476208529E0,-1.725109881E0,2.366229586E0
1.344601550E1,3.310321473E-1,-1.357018885E0,-2.877251685E0,3.198383935E0
1.345598550E1,-4.266161431E-1,6.560055560E-1,-8.577432668E-1,1.161063364E0
1.346595450E1,-3.897653089E-1,-1.640213865E0,4.864704498E0,5.148550123E0
1.347592450E1,2.672239680E-1,-8.925958881E-1,3.256060043E0,3.386748156E0
1.348589350E1,6.700703754E-1,-6.285607722E-1,-5.536260724E-2,9.204064160E-1
1.349586350E1,1.132445239E0,1.120878789E0,-1.251339818E0,2.025994279E0
1.350583250E1,1.520200641E0,5.160936722E-1,1.516873575E0,2.208680173E0
1.351580150E1,1.023995761E0,-1.867890409E0,2.918365797E0,3.613092972E0
1.352577150E1,5.052111268E-1,3.128669679E-1,-2.031942523E-1,6.280222340E-1
1.353574050E1,2.404914482E-1,1.104498691E0,-6.945784682E-1,1.326722557E0
1.354571050E1,1.082075496E-1,1.561480814E0,6.042448336E-1,1.677808995E0
1.355567950E1,1.048368198E0,2.245798588E-1,4.636321610E-1,1.168103922E0
1.356564950E1,1.366379400E0,-1.913670892E-1,4.127976376E-1,1.440144409E0
1.357561850E1,1.455579406E0,-3.168167621E-2,1.916717291E-2,1.456050314E0
1.358558850E1,1.123657239E0,7.341120780E-2,1.938474780E-1,1.142616139E0
1.359555750E1,1.149368470E0,6.961636484E-2,8.611311436E-2,1.154690342E0
1.360552650E1,1.339615379E0,-1.846760910E0,1.997625214E-1,2.290196561E0
1.361549650E1,1.109629623E0,5.894619030E-1,-4.813696897E-1,1.345533356E0
1.362546550E1,7.193946362E-1,9.899043739E-3,-5.232135344E-1,8.895948719E-1
1.363543550E1,7.623982760E-1,2.205499578E-1,5.788170469E-1,9.823047332E-1
1.364540450E1,1.023064226E0,-7.213791811E-1,3.944256860E-1,1.312486174E0
1.365537450E1,1.425850700E0,-1.734934665E0,-8.158660930E-1,2.389285666E0
1.366534350E1,1.420042514E0,5.102224830E-1,-8.783383298E-1,1.745945574E0
1.367531250E1,1.932454195E0,-5.898454803E-1,1.019350952E0,2.263045132E0
1.368528250E1,2.296583118E0,-9.061400861E-1,4.591099244E-1,2.511208035E0
1.369525150E1,2.064377612E0,3.512919456E-1,-1.941097841E0,2.855332168E0
1.370522150E1,2.108407585E0,6.582090792E-1,-1.965569023E0,2.956701426E0
1.371519050E1,2.182771450E0,-7.780433786E-1,7.715804511E-1,2.442371613E0
1.372516050E1,1.284629186E0,-8.237203655E-1,1.850377706E0,2.398475566E0
1.373512950E1,1.247490011E0,3.307243645E-2,7.814487970E-1,1.472408685E0
1.374509850E1,1.825612555E0,-6.209333718E-2,-1.962079990E-1,1.837175648E0
1.375506850E1,1.880598309E0,1.881827540E0,2.320847601E-1,2.670540811E0
1.376503750E1,1.286772190E0,4.707148933E-1,2.323896924E0,2.697749450E0
1.377500750E1,9.887774692E-1,-1.390202126E0,1.886827494E0,2.543710052E0
1.378497650E1,2.173433447E0,-5.156966463E-1,6.314396489E-1,2.321308254E0
1.379494650E1,1.260693462E0,-1.867586061E-1,1.837198082E0,2.235961443E0
1.380491550E1,1.712310034E0,1.424558319E0,1.938442036E0,2.952783362E0
1.381488450E1,9.482609425E-1,-9.071548703E-1,2.453563609E0,2.782463505E0
1.382485450E1,7.860885626E-1,-2.111197730E0,1.603124099E0,2.764977027E0
1.383482350E1,1.134791361E0,-1.177695891E0,9.194980502E-2,1.638039624E0
1.384479350E1,8.860481760E-1,5.155282465E-1,1.042444530E0,1.462033290E0
1.385476250E1,1.368297579E0,6.634297657E-1,-4.439217818E-1,1.584122428E0
1.386473250E1,6.864341739E-1,-1.707686056E0,-1.047654984E0,2.117773478E0
1.387470150E1,5.174549040E-1,-1.088960592E0,-3.002120145E0,3.235169256E0
1.388467150E1,9.417002204E-1,-7.599921468E-1,-1.725608064E0,2.107631504E0
1.389464050E1,2.708928765E-1,6.432855231E-1,-1.381043340E0,1.547410715E0
1.390460950E1,6.538539268E-1,-1.559649173E0,1.328001493E0,2.150260093E0
1.391457950E1,1.074748935E-1,-2.474411271E0,4.288087174E0,4.951964620E0
1.392454850E1,4.534727700E-1,7.662793654E-1,2.838860037E0,2.975222332E0
1.393451850E1,1.089760492E0,2.266874292E0,2.143534879E0,3.304699496E0
1.394448750E1,1.023492096E0,1.606890875E0,2.321888405E-1,1.919256630E0
1.395445750E1,1.774449272E0,-6.207064998E-1,-1.760167447E0,2.575293424E0
1.396442650E1,1.333760415E0,2.035561949E-1,-2.938134649E0,3.233107976E0
1.397439550E1,9.429032850E-1,-1.086026752E-1,-1.829691426E0,2.061220964E0
1.398436550E1,9.465924396E-1,-7.272588488E-1,-5.153554612E-1,1.300205342E0
1.399433450E1,1.076309557E0,-1.856404723E0,-1.646330345E-1,2.152158171E0
1.400430450E1,1.084572549E0,-1.505112778E0,5.776756704E-1,1.943031464E0
1.401427350E1,1.163210730E0,7.097619331E-1,-3.062245309E-1,1.396636913E0
1.402424350E1,1.206114528E0,-1.150685263E0,1.566796517E0,2.287715051E0
1.403421250E1,4.016509442E-1,-3.178523040E-1,1.434115008E0,1.522839264E0
1.404418250E1,2.744440368E-1,-6.329616791E-1,1.371779011E0,1.535492648E0
1.405415150E1,6.857336774E-1,1.155572658E0,4.387703848E-1,1.413541048E0
1.406412050E1,-3.110427828E-1,9.530122438E-1,1.614249596E0,1.900205701E0
1.407409050E1,-5.007510169E-1,9.467753112E-2,2.205526475E0,2.263639204E0
1.408405950E1,-2.452867498E-1,1.362898553E0,-8.138710231E-1,1.606251567E0
1.409402950E1,-4.387429029E-2,6.716816488E-1,-1.240972120E0,1.411769454E0
1.410399850E1,2.903272672E-1,1.448251237E0,-1.206773509E0,1.907360446E0
1.411396850E1,2.241392711E-1,1.342549950E-2,-9.752448195E-1,1.000760268E0
1.412393750E1,2.188114344E-1,-8.843825966E-2,-1.009520028E0,1.036740304E0
1.413390650E1,1.824885307E-1,9.307542327E-1,-1.647605622E0,1.901107517E0
1.414387650E1,4.274229857E-1,-6.296460155E-1,8.640313625E-2,7.659047039E-1
1.415384550E1,6.757590584E-2,5.142111611E-1,-3.811583537E-1,6.436313478E-1
1.416381550E1,2.704277305E-1,-6.519753626E-1,3.152818680E-3,7.058420299E-1
1.417378450E1,8.434433162E-2,-1.685258183E-1,1.079817009E-1,2.171979867E-1
1.418375450E1,6.327258901E-1,-1.259250808E0,1.378388119E0,1.971296136E0
1.419372350E1,1.038932327E0,-2.859630224E0,2.767681881E0,4.113019376E0
1.420369350E1,-2.162158553E-1,-1.397281935E0,5.026909769E-1,1.500614647E0
1.421366250E1,-7.384884265E-1,-6.508395410E-1,-6.590273970E-1,1.184598824E0
1.422363150E1,-1.038010440E0,-3.380216897E-2,5.249168283E-1,1.163677764E0
1.423360150E1,-1.141515367E-1,-1.250465074E0,3.872962929E0,4.071429150E0
1.424357050E1,-1.171193641E-1,-3.890333837E-1,2.662763536E0,2.693580065E0
1.425354050E1,-7.044003287E-1,8.442531556E-2,-7.940600717E-1,1.064818696E0
1.426350950E1,-1.493823997E-1,1.819236312E0,-1.306463858E0,2.244723519E0
1.427347950E1,-7.450111417E-1,9.608527753E-1,-1.080311099E0,1.626453727E0
1.428344850E1,-7.968636654E-2,-1.581647568E0,-2.114031583E-1,1.597701550E0
1.429341750E1,-1.040732173E0,2.816399127E-1,-1.837368820E0,2.130344732E0
1.430338750E1,-7.495547207E-1,6.181968749E-1,-2.031615078E-2,9.718088296E-1
1.431335650E1,-3.472001372E-1,5.323769984E-1,1.158487203E0,1.321387832E0
1.432332650E1,-5.874552847E-1,-1.562344447E0,8.013725996E-2,1.671061299E0
1.433329550E1,-5.133939397E-1,-8.665874729E-1,-1.191740903E0,1.560382506E0
1.434326550E1,-4.374730338E-1,2.368914637E-1,-7.810348141E-1,9.260213830E-1
1.435323450E1,1.063841685E-1,-5.310528964E-2,7.198168051E-1,7.295711042E-1
1.436320450E1,-2.349864408E-2,-8.728685519E-1,1.174641305E-1,8.810502353E-1
1.437317350E1,2.482558197E-1,-1.515568184E0,-1.593758029E0,2.213287719E0
1.438314250E1,2.840179022E-1,5.261961991E-1,-1.684147797E0,1.787149241E0
1.439311250E1,-1.715402041E-1,2.413900191E-1,5.894765210E-1,6.596800374E-1
1.440308088E1,-8.061412963E-1,-6.794265783E-1,1.659618727E0,1.966168503E0
1.441305088E1,-1.498131933E-1,-6.030192572E-1,1.030887508E-1,6.298440346E-1
1.442301988E1,-9.636445284E-2,2.269979748E-1,-1.351611965E0,1.373924704E0
1.443298988E1,-6.513546807E-1,4.521798044E-1,-1.389836968E0,1.600117587E0
1.444295888E1,-4.714699151E-1,-2.576718542E0,8.690973902E-1,2.759908078E0
1.445292788E1,-6.743575539E-1,-1.789813708E0,8.645956188E-1,2.098979943E0
1.446289788E1,-8.201835309E-1,-5.206328657E-1,-3.117057109E-1,1.020254897E0
1.447286688E1,-1.522666558E0,1.142405605E0,-1.382831419E-1,1.908592738E0
1.448283688E1,-1.344456142E0,-5.019878492E-1,9.772276103E-1,1.736239592E0
1.449280588E1,-1.029962625E0,-2.702690079E0,2.008829064E0,3.521469988E0
1.450277588E1,-1.019877201E0,-2.980308276E-1,7.230263418E-1,1.285199973E0
1.451274488E1,-5.186101677E-1,4.751845050E-1,1.297410030E0,1.475814895E0
1.452271488E1,-6.564091600E-1,9.022490564E-1,8.172244012E-1,1.383033646E0
1.453268388E1,-6.225352896E-1,-1.105000090E0,-1.209393647E0,1.752486342E0
1.454265288E1,-8.286448174E-1,-1.814212677E-1,-1.537859232E0,1.756296366E0
1.455262288E1,-3.464729993E-1,3.734794977E-1,-1.250240541E0,1.350048845E0
1.456259188E1,-1.695062136E-1,-3.311026794E-1,-2.630399197E-1,4.555780286E-1
1.457256188E1,-3.721370501E-1,1.653159893E-1,5.674898207E-1,6.984697968E-1
1.458253088E1,-1.782019369E-2,-8.009536466E-1,1.346928345E0,1.567182271E0
1.459250088E1,-4.517315423E-1,1.365483899E0,1.589885418E0,2.143908418E0
1.460246988E1,-2.475714762E-2,2.188742919E0,5.376924098E-2,2.189543243E0
1.461243988E1,-4.220092680E-2,1.500894012E0,-8.256864917E-1,1.713540760E0
1.462240888E1,3.559572928E-2,-2.181841743E-1,-1.831666616E0,1.844959073E0
1.463237788E1,2.512625311E-1,-7.186415148E-1,-1.716119202E0,1.877403420E0
1.464234788E1,-2.801824942E-1,7.979835534E-1,-1.835351531E0,2.020840227E0
1.465231688E1,2.757859728E-1,-1.062007560E0,-1.310022474E0,1.708823233E0
1.466228688E1,-5.390533492E-2,-1.231320705E0,-7.381899261E-1,1.436656129E0
1.467225588E1,1.397955973E-1,-8.547357515E-1,-4.384300768E-2,8.672013740E-1
1.468222588E1,2.558880441E-2,-5.673202515E-2,8.210554969E-1,8.234108565E-1
1.469219488E1,5.133409493E-2,6.562616640E-1,5.427666235E-1,8.531765167E-1
1.470216488E1,7.327325736E-1,-2.203950065E-1,3.496740210E-1,8.412745713E-1
1.471213388E1,1.674558509E-1,-2.089710090E-1,-5.386338115E-1,6.015286589E-1
1.472210288E1,5.001990397E-1,-9.942921245E-1,1.107234603E0,1.569963176E0
1.473207288E1,-5.781215206E-3,1.150842553E0,1.679013357E0,2.035573102E0
1.474204188E1,4.401938163E-1,1.729784730E-1,1.515190746E0,1.587291764E0
1.475201188E1,7.038221122E-1,-1.684050733E-1,1.168476586E0,1.374432016E0
1.476198088E1,6.050550384E-1,2.387353832E-1,-1.239268826E0,1.399597587E0
1.477195088E1,4.650074992E-1,-1.266219520E0,-9.509970009E-2,1.352252861E0
1.478191988E1,1.122687332E-1,9.417163002E-1,-6.300047421E-1,1.138569205E0
1.479188988E1,-4.264840691E-1,-8.927335900E-1,2.272169530E-2,9.896353871E-1
1.480185888E1,-8.277603529E-2,-1.640828115E0,1.014619385E0,1.930963819E0
1.481182788E1,3.666549200E-1,-9.924946904E-1,1.004897220E0,1.459212103E0
1.482179788E1,4.472741367E-1,3.202692506E-1,2.250445370E0,2.316706911E0
1.483176688E1,9.161820942E-1,6.610218823E-1,7.866037023E-1,1.376620842E0
1.484173688E1,3.017858364E-1,-8.271091193E-1,9.632001400E-2,8.856984427E-1
1.485170588E1,5.532889804E-1,-1.133155018E0,-1.339222299E0,1.839479643E0
1.486167588E1,4.784283210E-1,-2.125819277E0,-9.325952286E-1,2.370176179E0
1.487164488E1,2.701064260E-1,-8.063868794E-1,-6.254661334E-1,1.055663377E0
1.488161388E1,3.884615260E-1,-1.180523604E0,-9.006548131E-1,1.534834659E0
1.489158388E1,-1.858512644E-1,-2.150860271E-1,-1.341446580E0,1.371233612E0
1.490155288E1,6.138213303E-1,6.580164135E-2,-1.121650329E0,1.280314782E0
1.491152288E1,2.430871003E-1,-9.978828996E-2,-6.107580471E-1,6.648867823E-1
1.492149188E1,5.615595015E-1,2.856090027E-1,-1.065437536E0,1.237771675E0
1.493146188E1,1.693299566E-1,-1.535646353E0,1.593378544E0,2.219400266E0
1.494143088E1,-1.115467775E0,-2.133321548E-1,2.068338516E0,2.359619288E0
1.495140088E1,-5.518470570E-1,1.231191190E0,-1.231540561E-2,1.349265944E0
1.496136988E1,-5.479080071E-1,1.828982159E0,-6.398321575E-1,2.013644485E0
1.497133988E1,3.884992406E-1,-5.169230998E-2,-6.568370301E-1,7.648781857E-1
1.498130888E1,7.685163639E-1,-1.933355835E0,2.141843864E0,2.985963383E0
1.499127788E1,6.150427406E-1,3.421702892E-2,2.331148056E0,2.411161470E0
1.500124788E1,1.299769674E0,2.690926650E-1,1.600608042E0,2.079364848E0
1.501121688E1,7.127210627E-1,1.233007042E0,1.242418136E0,1.889941932E0
1.502118688E1,9.427682874E-1,-7.249009591E-1,7.376934975E-1,1.399458874E0
1.503115588E1,7.946754181E-1,1.245633520E0,-8.201129258E-1,1.689880794E0
1.504112588E1,5.433154578E-1,2.003288242E0,-1.502915686E0,2.562637514E0
1.505109488E1,5.006222320E-1,1.799261346E-1,-1.128982152E0,1.248037152E0
1.506106488E1,1.301628942E-1,-1.144718471E0,-1.814756468E0,2.149572933E0
1.507103388E1,-4.350405921E-1,-1.880889939E0,-1.149996461E0,2.247109062E0
1.508100288E1,-4.616539018E-1,3.843480098E-1,1.072536641E0,1.229301657E0
1.509097288E1,2.149213549E-1,-3.665531784E-1,2.430493419E0,2.467357024E0
1.510094188E1,3.801791643E-1,8.998981833E-2,2.201993587E0,2.236383268E0
1.511091188E1,3.822259091E-2,-9.611419201E-2,7.161149329E-1,7.235464750E-1
1.512088088E1,-2.484991369E-1,9.704103416E-1,1.246569659E0,1.599182281E0
1.513085088E1,-2.218372954E-1,1.663334925E0,-7.719038022E-1,1.847086987E0
1.514081988E1,-1.861539675E-1,-5.569803277E-1,-1.545797997E0,1.653593611E0
1.515078888E1,-1.560628801E-1,6.687472236E-1,-2.911354401E0,2.991247720E0
1.516075888E1,-3.473324304E-1,-5.051131859E-1,-2.314164233E0,2.393978957E0
1.517072788E1,-5.277101163E-2,2.936597416E-1,-5.164787114E-1,5.964654917E-1
1.518069788E1,-8.184955859E-1,-8.200848591E-1,1.816315920E0,2.154408903E0
1.519066688E1,-7.991310695E-1,-6.943705997E-1,2.460506008E0,2.678591199E0
1.520063688E1,-1.951201976E-1,-5.116693765E-2,8.593810719E-1,8.827376585E-1
1.521060588E1,5.509223930E-1,4.154116353E-1,1.491881990E-1,7.059316033E-1
1.522057588E1,3.399438156E-1,1.227497211E0,1.874260658E-1,1.287415912E0
1.523054488E1,2.412227887E-1,-1.470115730E0,3.110182537E0,3.448574214E0
1.524051488E1,3.364608851E-1,3.242076427E-1,4.472757447E-1,6.468169096E-1
1.525048388E1,-8.484549648E-1,-6.374225199E-2,3.494915879E-1,9.198278491E-1
1.526045288E1,-7.085894202E-1,4.644694823E-1,-1.563814437E-1,8.615602256E-1
1.527042288E1,-1.334157149E0,-1.063894456E0,-9.769995689E-1,1.966309963E0
1.528039188E1,-1.199752611E0,-2.100785008E0,-1.065684873E0,2.643555982E0
1.529036188E1,-1.278840881E0,-7.743944237E-1,-1.237245689E0,1.940592079E0
1.530033088E1,-1.543692999E0,-1.449941082E0,6.001605535E-1,2.201251895E0
1.531030088E1,-1.301124620E0,-6.284990841E-1,5.483325881E-1,1.545511243E0
1.532026988E1,-1.552794482E0,-9.052437079E-1,5.814670050E-1,1.889111101E0
1.533023988E1,-1.392754582E0,1.577599248E-1,-5.291320860E-1,1.498210360E0
1.534020888E1,-2.086223249E0,-5.802037141E-1,-7.645029813E-1,2.296394696E0
1.535017788E1,-1.833357777E0,-1.727612197E0,4.138203156E-1,2.552859552E0
1.536014788E1,-1.511259809E0,-2.061780572E0,-3.707830542E-1,2.583084476E0
1.537011688E1,-1.457160493E0,-8.843925369E-1,-1.380245195E0,2.193295160E0
1.538008688E1,-1.016910543E0,9.823059171E-1,-5.809547889E-1,1.528574642E0
1.539005588E1,-1.395714443E0,-2.434959522E0,3.783941410E0,4.711184487E0
1.540002613E1,-1.303212807E0,-7.806252167E-1,2.475532182E0,2.904479116E0
1.540999513E1,-2.408788993E0,1.549196983E0,-1.359273571E0,3.170157780E0
1.541996513E1,-2.294066476E0,9.374720988E-1,-5.957061446E-1,2.548815557E0
1.542993413E1,-1.979526912E0,-7.756761333E-1,-4.394697118E-1,2.171021392E0
1.543990313E1,-1.373204270E0,-1.523962447E0,3.326937068E-1,2.078181082E0
1.544987313E1,-3.583713523E-1,-4.038306400E-1,-1.400525093E-2,5.400975458E-1
1.545984213E1,-8.213611601E-1,3.457809448E-1,6.656131160E-1,1.112312653E0
1.546981213E1,-1.530574771E0,1.884747932E0,1.386989374E0,2.796189088E0
1.547978113E1,-1.865989333E0,-1.088602743E0,3.118541132E0,3.793714659E0
1.548975113E1,-1.684737196E0,-1.166617171E0,1.425369912E0,2.496199998E0
1.549972013E1,-1.117239920E0,-4.254431185E-1,2.007869536E-1,1.212246793E0
1.550969013E1,-1.439619285E0,8.122393575E-1,2.957200080E-1,1.679192300E0
1.551965913E1,-1.369018833E0,1.237770477E0,-2.709371692E-1,1.865394132E0
1.552962913E1,-1.103073067E0,-1.168781810E0,-3.219085175E-1,1.639038195E0
1.553959813E1,-1.253673734E0,-7.070336223E-2,-1.047179605E0,1.635017407E0
1.554956713E1,-1.381283368E0,6.639083603E-1,-1.491101387E0,2.138247273E0
1.555953713E1,-1.829944611E0,8.740339020E-1,-3.195415646E-1,2.052983037E0
1.556950613E1,-1.011141461E0,-6.322231758E-1,-3.239632291E-1,1.235744865E0
1.557947613E1,-1.782772344E0,-1.825736662E0,9.775609016E-1,2.732620886E0
1.558944513E1,-9.083292105E-1,1.375018077E0,6.519826716E-1,1.772235331E0
1.559941513E1,-1.811276498E0,2.674467615E0,7.873240793E-1,3.324662206E0
1.560938413E1,-1.409900519E0,2.311150578E0,-3.667204088E-1,2.731981026E0
1.561935413E1,-1.302602796E0,-1.235030179E0,-1.388715472E0,2.269494271E0
1.562932313E1,-1.249096972E0,-2.413865107E-1,-2.848734230E0,3.119903429E0
1.563929213E1,-5.994545753E-1,-3.046750188E-2,-1.651633769E0,1.757318458E0
1.564926213E1,-5.158065008E-1,1.414953098E-1,-5.385314852E-1,7.590081881E-1
1.565923113E1,3.997746092E-1,-2.308725738E0,-4.205013442E-1,2.380515837E0
1.566920113E1,1.145746284E-1,-2.258231522E0,-6.787518096E-1,2.360813625E0
1.567917013E1,2.577241246E-1,3.470632392E-1,3.404471147E-1,5.502534455E-1
1.568914013E1,-2.326499483E-1,-4.998995161E-1,1.553935567E0,1.648860597E0
1.569910913E1,-2.383478041E-1,-7.569358072E-1,1.450739227E0,1.653603881E0
1.570907913E1,-3.876319158E-1,-2.199439523E0,1.075844411E0,2.478958232E0
1.571904813E1,-5.049870323E-1,-2.900189728E-1,1.756802959E0,1.850805107E0
1.572901713E1,1.709129075E-1,-6.467461976E-1,2.486457705E0,2.574871605E0
1.573898713E1,-7.891901085E-2,-8.199705461E-1,2.127818148E0,2.281707689E0
1.574895613E1,3.281616030E-1,-3.157625091E-1,5.447236866E-1,7.100140101E-1
1.575892613E1,-2.068863669E-1,-8.231695578E-1,-1.042221166E0,1.344111249E0
1.576889513E1,1.134993346E-1,-1.229730847E-1,7.640907526E-1,7.822014809E-1
1.577886513E1,1.288418182E0,-1.722332454E0,3.055194737E0,3.736397379E0
1.578883413E1,3.287504176E-1,-1.039877602E-1,7.621050382E-1,8.364773640E-1
1.579880413E1,6.173131413E-1,3.030494928E-2,1.028388408E0,1.199823580E0
1.580877313E1,-9.887122728E-2,1.770936849E0,-2.641672629E-1,1.793258817E0
1.581874313E1,1.724886225E-1,6.207141012E-1,-9.977320415E-1,1.187647905E0
1.582871213E1,-9.223130460E-1,-2.043509777E0,-1.145215192E0,2.517560605E0
1.583868113E1,-3.843279466E-1,-1.665789878E-1,-3.794571648E0,3.817621055E0
1.584865113E1,-3.635115299E-2,-3.601718196E-1,-5.207584054E0,5.220151035E0
1.585862013E1,9.873584231E-1,-1.139898612E0,-5.466387666E0,5.670594292E0
1.586859013E1,8.245101050E-1,-4.455990848E0,-3.099306132E0,5.490115650E0
1.587855913E1,-6.698178488E-1,-4.985099838E0,2.307506009E0,5.533937145E0
1.588852913E1,-5.701699651E-1,-8.663366273E-1,5.575755742E0,5.671391808E0
1.589849813E1,-2.737623245E-1,1.886376674E0,5.881209025E0,6.182392932E0
1.590846813E1,9.561763184E-1,1.773611658E0,3.332369131E0,3.894182262E0
1.591843713E1,1.337838264E0,-5.903588659E-1,7.789075971E-1,1.656813766E0
1.592840613E1,2.145540766E-2,1.655917439E0,1.521316874E-1,1.663029450E0
1.593837613E1,-5.184965855E-1,1.688377088E0,-6.386457574E-1,1.878117223E0
1.594834513E1,-4.357735406E-1,9.042572826E-2,-3.215006157E0,3.245664798E0
1.595831513E1,1.214026103E0,-3.887521327E-3,-4.964131722E0,5.110428382E0
1.596828413E1,3.638490605E-1,-2.010146734E0,-2.067857291E0,2.906735248E0
1.597825413E1,4.062310682E-1,-5.190067551E-1,2.388317453E0,2.477589947E0
1.598822313E1,5.014521711E-1,-8.843960452E-1,4.437449035E0,4.552424034E0
1.599819313E1,4.857547360E-1,7.111544475E-1,3.879696583E0,3.974134357E0
1.600816213E1,1.584019783E0,1.172146591E0,2.291983990E0,3.022620869E0
1.601813113E1,4.425764105E-1,4.219447294E-1,1.162049911E0,1.313115086E0
1.602810113E1,1.700614141E0,2.293514206E0,-2.464451124E0,3.771712504E0
1.603807013E1,1.433113088E0,4.708675057E-1,-3.523970109E0,3.833261621E0
1.604804013E1,7.624736320E-1,-2.434695813E0,-2.297175733E0,3.433092788E0
1.605800913E1,-3.581558459E-1,-3.943598756E0,8.698195213E-1,4.054236396E0
1.606797913E1,-1.422052202E0,-7.968269742E-1,3.505849587E0,3.866283360E0
1.607794813E1,2.343906827E-1,6.758474976E-1,2.723094522E0,2.815484436E0
1.608791813E1,2.218345179E-1,-8.734076652E-1,1.771078352E0,1.987151235E0
1.609788713E1,7.758969388E-1,6.091629267E-3,-2.416656568E0,2.538165112E0
1.610785713E1,-2.576876709E-1,-4.629813659E-1,-2.883822201E0,2.932095696E0
1.611782613E1,-7.737648978E-1,1.367507620E0,-2.593583373E0,3.032402335E0
1.612779513E1,-6.525284361E-1,2.123288310E0,7.978730410E-1,2.360243207E0
1.613776513E1,-8.710502140E-1,1.574701076E0,1.812058563E0,2.553814439E0
1.614773413E1,1.720071043E-1,3.126333717E-1,5.462924945E-1,6.525040679E-1
1.615770413E1,3.488247495E-1,7.058884451E-1,-1.587279899E0,1.771839349E0
1.616767313E1,5.461139717E-1,5.550878763E-1,-2.790169687E0,2.896793038E0
1.617764313E1,2.192683943E-2,-1.767129435E0,-1.779091961E0,2.507667328E0
1.618761213E1,8.296687379E-3,-6.483281618E-1,-1.474480677E0,1.610742533E0
1.619758213E1,-3.293978506E-1,-7.970096996E-1,-9.632100803E-1,1.292865447E0
1.620755113E1,-9.537592256E-1,-2.311310792E-1,1.233887633E0,1.576564914E0
1.621752113E1,-5.959426279E-1,-3.438434699E-1,2.814748458E0,2.897617095E0
1.622749013E1,-1.125066784E-1,1.386842608E-2,3.902740459E0,3.904386402E0
1.623745913E1,-1.147758000E-1,9.134602153E-1,3.452441704E0,3.573085049E0
1.624742913E1,-6.867063618E-1,-1.226848755E0,4.008499634E0,4.247916290E0
1.625739813E1,-1.054658194E0,-1.387106903E0,3.164553457E0,3.612584677E0
1.626736813E1,-6.795442535E-1,-1.939307131E0,4.506060264E0,4.952501554E0
1.627733713E1,-1.832700111E-2,1.655091520E0,-2.121662199E-1,1.668735547E0
1.628730713E1,-2.260576329E-1,1.243012213E0,3.282211715E-1,1.305339248E0
1.629727613E1,-1.538473043E0,1.111797770E0,-3.237485193E0,3.752906069E0
1.630724613E1,-1.428203181E0,1.109658274E-1,-3.927441437E0,4.180535131E0
1.631721513E1,-1.578795589E0,-2.065304104E0,-1.369938893E0,2.938504572E0
1.632718413E1,-7.413735889E-1,-1.183017734E0,2.195413131E-1,1.413281340E0
1.633715413E1,-3.299990540E-1,-2.032265581E0,8.528836459E-1,2.228545104E0
1.634712313E1,-5.194245386E-1,-9.798916018E-1,-4.170894939E-1,1.184885247E0
1.635709313E1,-6.511747326E-1,-7.916027793E-1,-4.581848949E-1,1.122763061E0
1.636706213E1,-1.640211599E-1,7.192104489E-1,3.216617650E-1,8.047564238E-1
1.637703213E1,-7.660630915E-2,1.145686478E0,-1.602142936E0,1.971123543E0
1.638700113E1,-7.287732046E-1,-1.383540393E0,-2.692022418E0,3.113242539E0
1.639697129E1,-1.068939434E0,-3.024370847E0,-3.023101124E0,4.407787533E0
1.640694029E1,-1.046906906E0,-4.632918238E0,4.772649443E-1,4.773649264E0
1.641691029E1,6.895431384E-2,-1.341498036E0,3.127761022E0,3.404006564E0
1.642687929E1,1.113311030E0,1.184571632E0,1.408220029E0,2.150756855E0
1.643684829E1,6.640662351E-1,1.248329379E0,1.341858809E0,1.949332005E0
1.644681829E1,2.102290009E-1,1.028010971E0,-3.406003118E-2,1.049839452E0
1.645678729E1,1.617052240E-1,-3.059403563E-1,-4.316233331E-1,5.532149516E-1
1.646675729E1,6.144700058E-2,4.277887291E-1,-5.290736139E-1,6.831528522E-1
1.647672629E1,-2.593662969E-1,-3.164095035E-1,5.243040401E-1,6.650417854E-1
1.648669629E1,-4.663525781E-1,-5.369401655E-1,8.377609921E-1,1.098923541E0
1.649666529E1,-6.232218258E-1,-1.271103991E0,7.013548064E-1,1.579876377E0
1.650663529E1,-1.708658886E0,-2.931358311E-1,3.428856375E0,3.842199871E0
1.651660429E1,-2.542462044E0,6.678847593E-1,3.303714851E0,4.221932627E0
1.652657329E1,-2.207487046E0,-1.208723848E0,2.272004639E0,3.390577750E0
1.653654329E1,-8.017153195E-1,-9.824731475E-1,-1.020477126E0,1.627689928E0
1.654651229E1,-1.091235525E0,-1.606142431E0,-1.227849798E0,2.297412372E0
1.655648229E1,-1.546113892E0,9.928507859E-1,-2.205552202E-1,1.850639202E0
1.656645129E1,-1.173515424E0,1.289478574E0,-7.950231081E-1,1.916234637E0
1.657642129E1,-4.635674397E-1,-6.005736592E-1,-1.091333100E0,1.329131832E0
1.658639029E1,-1.062710249E-1,3.348086447E-2,-1.140981808E0,1.146409170E0
1.659636029E1,6.276247792E-2,-8.222585616E-1,-1.076106951E0,1.355748664E0
1.660632929E1,5.009851613E-1,-8.320807144E-1,-6.936943692E-1,1.193547789E0
1.661629929E1,6.725931566E-2,-1.817240365E0,-1.177067900E0,2.166189096E0
1.662626829E1,6.197719686E-2,-1.543554420E0,-9.337635022E-1,1.805080524E0
1.663623729E1,-2.619682713E-1,2.660652691E-1,1.419820905E-2,3.736571848E-1
1.664620729E1,-2.883810580E-1,1.258263798E0,2.440712013E0,2.761062577E0
1.665617629E1,9.451673269E-2,2.674768454E0,1.462282215E0,3.049850648E0
1.666614629E1,-2.406001333E-1,2.006038188E0,-1.793987158E0,2.701937741E0
1.667611529E1,-1.494197488E-2,1.270663111E0,-4.302509916E0,4.486245600E0
1.668608529E1,-4.662313580E-1,-1.786473778E0,-4.944642953E0,5.278101379E0
1.669605429E1,-6.451283462E-1,-3.041516053E0,-3.423351222E0,4.624537174E0
1.670602429E1,-7.247109246E-1,-1.245075988E0,-7.133953929E-2,1.442397126E0
1.671599329E1,2.386778977E-1,-9.627703696E-1,4.980361254E0,5.078178034E0
1.672596329E1,1.048287068E0,1.510200732E0,3.234986093E0,3.720853000E0
1.673593229E1,1.006909904E-1,-1.325428425E0,1.632661309E0,2.105346084E0
1.674590129E1,3.646988802E-1,-1.841227398E0,2.285722792E0,2.957643028E0
1.675587129E1,1.176508029E-1,6.053289074E-1,1.068409091E-1,6.258432530E-1
1.676584029E1,-1.230904530E0,-7.821244428E-1,2.272690517E0,2.700364196E0
1.677581029E1,-2.519296618E-1,-8.228345123E-1,2.512966057E0,2.656223559E0
1.678577929E1,-7.759625738E-1,-7.287542742E-1,4.943078238E-1,1.173686897E0
1.679574929E1,-8.970804101E-1,5.788951072E-1,1.506049209E0,1.846092367E0
1.680571829E1,1.354732258E-1,-3.015701473E-1,1.932415895E0,1.960491964E0
1.681568829E1,-4.564114344E-1,-1.358053842E0,2.991750693E0,3.317106245E0
1.682565729E1,4.036000405E-1,6.612660035E-1,6.483117896E-1,1.010185080E0
1.683562629E1,-6.598381866E-2,-5.305813184E-1,1.777803819E0,1.856463525E0
1.684559629E1,5.009398454E-1,1.776960651E0,-7.928976452E-1,2.009282598E0
1.685556529E1,9.688865572E-2,4.924393460E-1,-2.047430627E0,2.108045563E0
1.686553529E1,2.786260751E-1,-9.573081931E-1,-2.157718470E0,2.376935099E0
1.687550429E1,4.765672984E-1,-4.567026258E-2,-3.673764079E0,3.704827212E0
1.688547429E1,-3.856706500E-2,1.992997143E-1,-3.033410935E0,3.040195667E0
1.689544329E1,-9.538029335E-2,1.899117172E-2,-1.692485341E0,1.695277174E0
1.690541329E1,-6.881824914E-1,-2.804911687E0,-5.205015957E-1,2.934628874E0
1.691538229E1,-8.051418610E-1,-2.633392679E0,-3.964821517E-2,2.754012055E0
1.692535229E1,-9.745198379E-1,-1.620740590E0,-6.154165238E-1,1.988775119E0
1.693532129E1,-1.286171974E0,-1.442001148E0,4.944183362E-1,1.994506241E0
1.694529029E1,-1.371002209E0,8.880634189E-1,1.437385941E-1,1.639806231E0
1.695526029E1,-9.288997883E-1,5.926416188E-2,1.311502404E0,1.608230585E0
1.696522929E1,-6.042448336E-1,-2.670929173E-1,3.824441564E-1,7.633570450E-1
1.697519929E1,-2.900815380E-1,-1.381124909E0,2.433938599E-1,1.432094230E0
1.698516829E1,6.835833639E-3,-5.639654115E-1,3.835814399E-1,6.820838914E-1
1.699513829E1,8.520539260E-1,-4.962146008E-1,-9.795682508E-1,1.389884449E0
1.700510729E1,6.696829974E-1,8.579882652E-1,-1.826936218E0,2.126573565E0
1.701507729E1,2.941812401E-1,6.617717877E-1,4.078748667E-1,8.311717079E-1
1.702504629E1,1.471868725E0,-3.980818330E0,5.892159691E0,7.261601610E0
1.703501629E1,1.858950455E0,-1.936059880E-1,2.646636915E0,3.240041208E0
1.704498529E1,1.282255216E0,2.029971134E0,-2.419665545E-1,2.413194782E0
1.705495429E1,-2.423461119E-1,1.474467813E0,-3.609895527E-2,1.494687293E0
1.706492429E1,-7.142083751E-1,1.733341591E0,-1.726071163E0,2.548310879E0
1.707489329E1,-1.152247493E0,-1.618829428E0,2.417238951E-3,1.987030157E0
1.708486329E1,-1.228946151E0,-5.583956462E-1,1.212992608E0,1.814790734E0
1.709483229E1,-8.736092480E-1,-2.813311797E-1,5.153507835E-1,1.052581009E0
1.710480229E1,-2.074953910E-1,1.142242176E0,1.508588070E0,1.903578076E0
1.711477129E1,-1.016761366E-1,2.931472331E-1,-8.153006673E-2,3.208122330E-1
1.712474129E1,4.447916282E-1,-1.971397528E0,-1.897951237E0,2.772447782E0
1.713471029E1,1.634793788E-1,7.711483419E-2,-2.372697201E0,2.379572275E0
1.714467929E1,1.231232851E-1,-8.071323994E-1,-1.005428147E0,1.295186400E0
1.715464929E1,4.980463142E-1,-1.225945068E0,1.559828975E0,2.045496974E0
1.716461829E1,1.120848091E0,3.193035829E-1,-1.941199583E-1,1.181498108E0
1.717458829E1,1.501680462E0,5.477379262E-2,-2.138353077E0,2.613541325E0
1.718455729E1,1.468806246E0,1.386003533E-1,-1.233733267E0,1.923200359E0
1.719452729E1,9.177511214E-1,-1.641072528E0,9.568103027E-1,2.109709013E0
1.720449629E1,1.003310724E0,-1.375938136E0,2.176336589E0,2.763381825E0
1.721446629E1,1.058390837E0,4.561448014E-1,5.411808586E-1,1.273238378E0
1.722443529E1,1.338582322E0,1.728359179E0,4.279998136E-1,2.227602281E0
1.723440529E1,2.541378555E0,4.680131873E-1,1.061076683E0,2.793479019E0
1.724437429E1,1.554368261E0,-2.499185047E0,2.326811761E0,3.751804840E0
1.725434329E1,1.744164495E0,6.675637472E-1,-1.249347087E0,2.246913279E0
1.726431329E1,1.991135097E0,2.641892192E0,-1.789740910E0,3.761301085E0
1.727428229E1,1.692128077E0,2.168158674E0,-1.617763188E0,3.190825472E0
1.728425229E1,1.219390047E0,-2.443817469E-1,-2.273706179E0,2.591596865E0
1.729422129E1,3.523159392E-1,-2.628207369E0,-1.103562552E0,2.872185718E0
1.730419129E1,-1.862213932E-1,-5.621665156E-1,3.814214784E-1,7.044089315E-1
1.731416029E1,-1.356703282E0,-1.498475603E0,2.744278400E0,3.408392123E0
1.732413029E1,-4.086192173E-1,9.036064875E-1,2.892698860E0,3.057970085E0
1.733409929E1,5.861763525E-1,7.783889490E-1,1.999976379E0,2.224724160E0
1.734406929E1,1.076804962E0,-1.212506704E0,2.071964960E0,2.631106274E0
1.735403829E1,1.041686877E0,-5.105917346E-1,3.654059547E-1,1.216279977E0
1.736400729E1,5.374164212E-1,-2.260053807E0,1.743015810E0,2.904266471E0
1.737397729E1,8.807334955E-1,-5.554770085E-1,3.705988669E-1,1.105255499E0
1.738394629E1,8.700943404E-1,-5.259386292E-1,-4.821280736E-1,1.125221348E0
1.739391629E1,1.264584931E0,-2.904993215E-1,-6.078736156E-1,1.432855622E0
1.740388550E1,1.343456999E0,2.486449519E-1,-1.346227849E0,1.918079884E0
1.741385550E1,1.104933431E0,-1.660662747E0,-1.762298173E-1,2.002432420E0
1.742382450E1,1.204206582E0,-1.363185066E0,-3.723138553E-1,1.856611059E0
1.743379450E1,1.545779724E0,-2.816843516E-1,-1.149077278E0,1.946576384E0
1.744376350E1,1.597753431E0,1.530516298E0,-7.463783669E-1,2.335032512E0
1.745373250E1,1.186992086E0,-3.773562017E-1,-1.991637665E-1,1.261354083E0
1.746370250E1,7.387652922E-1,-1.883715606E0,6.973541415E-1,2.140201261E0
1.747367150E1,6.592704950E-1,-5.321132889E-1,-5.643475270E-1,1.017973609E0
1.748364150E1,1.241236706E0,3.046612778E-1,-1.922891951E-1,1.292463612E0
1.749361050E1,1.409379970E0,8.445572108E-1,1.574075131E0,2.275377178E0
1.750358050E1,1.810430552E0,-1.544460154E0,1.850409865E0,3.014470537E0
1.751354950E1,1.573638198E0,-1.908571535E0,2.106029084E0,3.248744524E0
1.752351950E1,8.822911938E-1,-7.794718534E-2,2.827789503E-1,9.297727943E-1
1.753348850E1,8.046226282E-1,-3.500295317E-1,1.761674860E0,1.968104814E0
1.754345850E1,6.694070819E-1,1.117986171E0,6.323851436E-1,1.448416338E0
1.755342750E1,6.797000818E-1,5.331128705E-1,-5.539143401E-1,1.026168909E0
1.756339650E1,1.171318479E0,5.391200075E-1,1.977212584E-1,1.304504142E0
1.757336650E1,1.825155741E-1,3.298113218E-1,1.766204113E-1,4.162718012E-1
1.758333550E1,4.529481286E-1,-2.092756489E-1,1.155396364E0,1.258530517E0
1.759330550E1,4.534441186E-1,1.992445458E0,-1.053989273E0,2.299205049E0
1.760327450E1,1.227559338E0,-4.435472676E-1,6.421096480E-1,1.454627412E0
1.761324450E1,1.584589595E0,4.748289943E-2,-5.096620274E-1,1.665212957E0
1.762321350E1,1.105388637E0,-5.585511822E-1,-1.967356517E0,2.324726893E0
1.763318350E1,7.493171775E-1,-1.883395471E0,-5.428584248E-1,2.098416070E0
1.764315250E1,7.574060695E-1,-3.650788030E-1,-2.046437770E-1,8.653470760E-1
1.765312250E1,1.594138244E0,-1.231606634E0,3.084817901E0,3.684322614E0
1.766309150E1,1.173785711E0,-7.789456040E-2,1.864491130E0,2.204578788E0
1.767306050E1,5.374617371E-1,-1.177737114E0,7.479372346E-1,1.495105326E0
1.768303050E1,4.323140354E-1,-6.834251967E-1,1.562496475E0,1.759363709E0
1.769299950E1,8.295868769E-2,4.624671033E-1,6.927898049E-1,8.370876175E-1
1.770296950E1,5.808324359E-1,-9.748220658E-1,8.457962358E-1,1.415279354E0
1.771293850E1,-1.192492855E-1,3.574139804E-2,-4.346299714E-1,4.521073453E-1
1.772290850E1,-1.891549559E0,-1.464802950E0,2.419273782E-1,2.404607301E0
1.773287750E1,-1.769313516E0,2.879721549E-1,-6.178150517E-1,1.896073236E0
1.774284750E1,-2.352443469E0,7.796507782E-1,-1.315693104E0,2.805867772E0
1.775281650E1,-1.500995753E0,-3.898727515E-1,-1.584935750E0,2.217433278E0
1.776278550E1,-1.975058762E0,1.820925280E-1,-1.810722474E0,2.685652747E0
1.777275550E1,-6.621329264E-1,-1.459588403E0,2.625600972E0,3.076133740E0
1.778272450E1,2.428585473E-1,4.702918473E-1,4.015628559E0,4.050361394E0
1.779269450E1,4.382117564E-1,1.546990536E0,1.108049705E0,1.952686204E0
1.780266350E1,7.870383697E-1,7.600444794E-1,-6.862274748E-1,1.291512738E0
1.781263350E1,-3.510017044E-1,5.986546031E-1,-2.998667949E0,3.077921214E0
1.782260250E1,6.232050151E-2,-1.215958900E0,-2.411783499E0,2.701691977E0
1.783257250E1,-5.230526628E-1,-1.282941972E0,-1.666906697E0,2.167510583E0
1.784254150E1,2.843958516E-1,-9.566825411E-1,-1.648618360E0,1.927190956E0
1.785251150E1,4.015961996E-1,1.431211281E-1,-4.364182838E0,4.384957812E0
1.786248050E1,-5.556769102E-1,-2.639218260E0,-2.730391847E0,3.837875649E0
1.787244950E1,-6.813981863E-1,-4.973756824E0,2.170816818E0,5.469461225E0
1.788241950E1,1.482640466E-1,-1.388117301E0,5.046720720E0,5.236243109E0
1.789238850E1,-2.468117767E-1,-5.120652330E-1,9.365297030E0,9.382532458E0
1.790235850E1,-8.469648018E-2,1.641209938E0,6.789871016E0,6.985920982E0
1.791232750E1,-6.968199983E-1,1.164600174E0,2.785773751E0,3.098771864E0
1.792229750E1,-6.681285151E-1,-3.685497102E-1,3.195743090E0,3.285574303E0
1.793226650E1,2.724752793E-1,3.358257386E0,-2.562535828E0,4.233051537E0
1.794223650E1,9.417181275E-1,1.426308390E0,-3.878806636E0,4.238670732E0
1.795220550E1,1.265740340E0,-4.491641030E-1,-3.629764366E0,3.870276005E0
1.796217550E1,1.372239334E0,-4.342785537E-2,-4.246106504E0,4.462549407E0
1.797214450E1,1.527357048E0,6.869338185E-2,-1.291227769E0,2.001201510E0
1.798211350E1,2.047905421E0,1.286975381E0,3.249315280E-1,2.440451340E0
1.799208350E1,1.249993204E0,-1.921109135E0,1.361873828E0,2.666053946E0
1.800205250E1,9.009821840E-1,-2.065141551E0,1.015377769E0,2.471349942E0
1.801202250E1,1.107743749E0,-2.894167095E-2,2.711757356E-1,1.140819931E0
1.802199150E1,6.943722077E-1,1.243614476E0,1.060781983E0,1.775947112E0
1.803196150E1,1.039614185E0,1.309872785E-1,-1.111491376E-1,1.053712225E0
1.804193050E1,-4.842507590E-1,-3.356831542E0,1.506535113E0,3.711127167E0
1.805190050E1,-6.021483875E-1,-1.192072440E0,4.436253279E-1,1.407274960E0
1.806186950E1,-2.789337482E-1,-6.546308756E-1,-1.060991313E0,1.277516413E0
1.807183850E1,6.914828791E-1,-1.465260495E0,-1.179136645E0,2.003871282E0
1.808180850E1,7.734680785E-1,-1.827263077E0,-1.124296778E0,2.280610986E0
1.809177750E1,4.297313934E-1,-3.038456497E0,4.008032441E-2,3.068956401E0
1.810174750E1,1.736341359E0,-1.074447511E0,-2.386225319E-1,2.055786828E0
1.811171650E1,1.967947963E0,-6.561891586E-2,-7.583949798E-1,2.110044543E0
1.812168650E1,1.303113404E0,2.023563462E-1,-2.473895547E0,2.803428581E0
1.813165550E1,1.032109284E0,1.974276697E0,-2.127995319E0,3.080808681E0
1.814162550E1,9.379037695E-1,2.506140018E0,1.462755840E0,3.049599304E0
1.815159450E1,1.094153212E0,2.386693973E0,3.098629024E0,4.061401384E0
1.816156450E1,1.028298800E0,-2.105770344E0,3.372532486E0,4.106780069E0
1.817153350E1,1.034672996E0,6.531977230E-1,3.770091695E-1,1.280371582E0
1.818150250E1,5.807217774E-1,-1.481640007E0,-3.832808930E-1,1.636887026E0
1.819147250E1,1.818240531E0,-3.855149387E0,3.083406383E-1,4.273552313E0
1.820144150E1,1.414836007E0,-4.382985145E-2,8.658761591E-1,1.659344300E0
1.821141150E1,1.248117856E0,4.939321402E-1,2.087134391E-1,1.358428666E0
1.822138050E1,1.467602012E0,2.303320572E-1,2.230379480E0,2.679832298E0
1.823135050E1,1.045012920E0,-8.477416044E-1,1.876651000E0,2.309228617E0
1.824131950E1,3.364800712E-1,-3.591266591E0,2.976515188E0,4.676543299E0
1.825128950E1,3.558172520E-1,6.561745405E-3,1.229395802E0,1.279868357E0
1.826125850E1,4.009796838E-1,7.808374706E-1,1.652222584E0,1.870917243E0
1.827122750E1,4.321792571E-1,1.039796911E0,1.043433294E0,1.535157831E0
1.828119750E1,-4.892195767E-1,1.621410096E0,-7.655069482E-1,1.858576709E0
1.829116650E1,9.544009575E-1,-1.573373466E0,-9.077509940E-1,2.051925222E0
1.830113650E1,1.079278773E0,-4.277612472E-1,-2.181226616E0,2.470945549E0
1.831110550E1,1.042527561E0,-1.006966549E-1,-2.774425474E0,2.965542150E0
1.832107550E1,1.665982690E0,-1.187652529E0,-2.256801293E0,3.046172834E0
1.833104450E1,2.071933677E0,-8.344932756E-1,-2.327386542E0,3.225835753E0
1.834101450E1,2.710623873E0,-7.678388178E-2,-4.447175878E-1,2.747935822E0
1.835098350E1,2.103359976E0,1.956672485E0,1.239462368E0,3.128730951E0
1.836095350E1,2.179951338E0,1.478889477E0,1.828526661E0,3.206682347E0
1.837092250E1,7.517893803E-1,-4.001004088E-1,2.249985194E0,2.405764116E0
1.838089150E1,1.034266176E0,1.057685298E-1,-1.038761369E0,1.469666182E0
1.839086150E1,1.745788852E0,1.402547937E0,-1.302239830E0,2.590511148E0
1.840083079E1,1.962540458E0,3.517337904E0,-6.551922083E-1,4.080748438E0
1.841080079E1,2.726687052E0,1.837426708E0,-2.225315791E-1,3.295524160E0
1.842076979E1,1.403249457E0,1.288182539E-1,1.925272937E0,2.385870714E0
1.843073979E1,9.476658422E-1,-2.794986624E-1,4.126514572E-1,1.070733989E0
1.844070879E1,1.359558185E0,-6.725847512E-2,-3.909460080E-1,1.416248898E0
1.845067879E1,1.853634166E0,2.616804421E-1,1.582923138E-1,1.878694422E0
1.846064779E1,2.220382349E0,-2.336051823E0,3.533938442E0,4.782881643E0
1.847061779E1,1.112887253E0,-1.153753297E0,4.819600246E0,5.079193956E0
1.848058679E1,1.686497646E0,1.942438900E0,1.076044385E0,2.788407200E0
1.849055579E1,1.855180901E0,1.095786047E0,1.927501895E0,2.890969871E0
1.850052579E1,1.302838585E0,3.518874845E-1,5.398558795E-1,1.453498383E0
1.851049479E1,1.045818374E0,-1.553873586E0,-2.855507644E0,3.414993865E0
1.852046479E1,-8.679387644E-2,-9.962298918E-1,-3.381057726E0,3.525841534E0
1.853043379E1,-4.791725984E-1,-1.252823256E0,-2.050738397E0,2.450449033E0
1.854040379E1,2.706312136E-1,-3.109843399E0,2.514500951E0,4.008376511E0
1.855037279E1,-8.096256521E-1,-2.082069825E0,3.612047887E0,4.247045843E0
1.856034279E1,-5.367305428E-2,-1.592099174E0,3.994836445E0,4.300741657E0
1.857031179E1,1.010495051E0,4.983409408E-1,2.817455719E0,3.034386375E0
1.858028179E1,4.048762684E-1,6.336735776E-1,-2.232273978E-1,7.844089920E-1
1.859025079E1,1.213281607E0,-9.839045459E-1,-1.888071781E-1,1.573457519E0
1.860021979E1,7.758411710E-1,7.081498557E-1,-2.180324391E0,2.420169455E0
1.861018979E1,2.591029894E-1,8.825644049E-1,-2.081436864E0,2.275617215E0
1.862015879E1,4.992593922E-2,4.090440175E-1,-2.184929073E-1,4.664212240E-1
1.863012879E1,-7.460242449E-1,1.683395845E-1,-3.410096169E-1,8.373636895E-1
1.864009779E1,-8.112302743E-1,-5.971872443E-1,-1.110469868E0,1.499289995E0
1.865006779E1,-1.583573349E0,-6.355329922E-1,-9.793869871E-1,1.967436303E0
1.866003679E1,-1.083125583E0,-1.664707266E0,-8.652972847E-1,2.166368090E0
1.867000679E1,-7.817068054E-1,-2.589930618E-1,-3.398308182E-1,8.908579688E-1
1.867997579E1,-4.902789460E-1,1.071768317E0,-2.551867583E0,2.810887570E0
1.868994579E1,-5.431610182E-2,6.968068421E-1,-6.982160211E-3,6.989554812E-1
1.869991479E1,-1.410520324E0,-2.549473733E-2,2.280635129E0,2.681699863E0
1.870988379E1,-6.549453827E-1,-1.358874791E0,6.880383575E-1,1.657977965E0
1.871985379E1,-5.478040729E-1,-5.929807574E-2,-5.700304359E-1,7.928053115E-1
1.872982279E1,-1.284482128E0,-6.228006801E-1,-1.141042619E0,1.827499189E0
1.873979279E1,-7.954997293E-1,-1.692862779E0,-1.790084141E-1,1.879001921E0
1.874976179E1,-2.152692496E0,-1.376567881E0,2.023388046E0,3.259313317E0
1.875973179E1,-1.642508605E0,-1.536570505E0,1.727231251E0,2.835879269E0
1.876970079E1,-1.083741441E0,4.845575917E-1,1.967506206E0,2.297906056E0
1.877967079E1,-1.185203496E0,5.825314906E-1,-1.123811460E-1,1.325397973E0
1.878963979E1,4.147258300E-2,-5.459779143E-2,-1.450035222E0,1.451655276E0
1.879960979E1,2.905094080E-1,1.310672684E0,-2.511942794E0,2.848177523E0
1.880957879E1,-1.041570956E0,-7.057241383E-1,-2.293051692E0,2.615531051E0
1.881954779E1,-1.343756815E0,-1.448857593E0,9.804880178E-1,2.205952732E0
1.882951779E1,-1.458417060E0,-2.678898928E-1,2.666603402E0,3.051150442E0
1.883948679E1,-7.771163025E-1,-9.349563342E-1,2.534665659E0,2.811153339E0
1.884945679E1,-2.258673426E-1,8.098104241E-1,1.586810367E0,1.795766165E0
1.885942579E1,-3.996624889E-1,1.086127032E0,-9.102857620E-1,1.472420525E0
1.886939579E1,-3.912231294E-2,4.080947220E-1,-1.700680214E-1,4.438411759E-1
1.887936479E1,-5.322919214E-1,1.904740147E0,-1.023102525E0,2.226681049E0
1.888933479E1,-1.686006188E0,2.917819083E-1,-3.158731969E0,3.592400479E0
1.889930379E1,-1.672964120E0,-8.284685969E-2,-1.025679393E0,1.964100498E0
1.890927379E1,-1.258625156E0,-8.299011648E-2,-1.847778618E0,2.237255118E0
1.891924279E1,-1.229495497E0,-7.919594595E-1,-1.322214503E0,1.971575552E0
1.892921179E1,-3.725941562E-1,1.818112770E-1,-2.764347214E-1,4.982949938E-1
1.893918179E1,-8.567053860E-1,4.447380531E-1,2.596222222E-2,9.656138417E-1
1.894915079E1,-6.866042548E-1,5.460776094E-1,8.500208491E-1,1.221540667E0
1.895912079E1,-5.558483067E-1,6.209956446E-1,4.497596419E-1,9.470410056E-1
1.896908979E1,-1.161929385E0,2.685906816E-1,9.284425360E-1,1.511365738E0
1.897905979E1,-6.547228231E-1,6.786845666E-1,4.277378583E-1,1.035487514E0
1.898902879E1,-8.394142923E-1,2.663871583E-1,-7.677721596E-1,1.168354638E0
1.899899879E1,-7.403351234E-1,1.348347464E0,6.173256397E-2,1.539463507E0
1.900896779E1,-9.302565616E-1,7.414731377E-1,-8.257443792E-1,1.448106855E0
1.901893779E1,-1.316943823E0,-2.932703170E-1,-1.682797090E0,2.156885383E0
1.902890679E1,-7.581781212E-1,-5.054499856E-1,-2.000519586E0,2.198270312E0
1.903887579E1,-1.055148337E-2,-2.126230337E0,-1.830797719E0,2.805848725E0
1.904884579E1,-2.131709543E-1,-1.094132747E0,-1.335522181E0,1.739594154E0
1.905881479E1,-1.718752130E-1,-1.140137178E0,-1.088051643E0,1.585342313E0
1.906878479E1,-4.494866135E-1,-2.391964361E-1,2.768182987E-1,5.795528632E-1
1.907875379E1,-3.866645670E-1,-1.752740899E-1,1.866093267E0,1.913774954E0
1.908872379E1,-7.083270264E-1,-2.432078307E0,1.886312939E0,3.158307865E0
1.909869279E1,-9.695251463E-1,-3.955340257E-1,2.335795423E0,2.559759057E0
1.910866279E1,-9.278110367E-1,-6.097023323E-1,1.564481020E0,1.918377209E0
1.911863179E1,-1.837009801E0,-2.085583125E0,2.864779574E0,3.991393740E0
1.912860079E1,-2.556052143E0,6.288621962E-1,1.426808912E0,2.994103186E0
1.913857079E1,-3.061018564E0,-2.723048329E-1,7.263154006E-1,3.157771149E0
1.914853979E1,-1.512395192E0,-7.506012261E-2,5.553702968E-1,1.612888529E0
1.915850979E1,-3.951312622E-1,-8.150416356E-1,-3.636447734E-1,9.760425725E-1
1.916847879E1,-9.218398601E-1,-1.562050040E0,2.230368370E0,2.874775143E0
1.917844879E1,-6.626089628E-1,8.971961850E-1,1.449134751E0,1.828661576E0
1.918841779E1,-1.388727897E0,2.308860516E0,1.621773208E0,3.144765555E0
1.919838779E1,2.075962920E-1,3.199628565E0,1.911078821E0,3.732685552E0
1.920835679E1,2.474294619E-1,1.187890804E0,-1.620450568E-1,1.224158691E0
1.921832679E1,3.092863523E-1,9.569038582E-1,-9.684696507E-1,1.396157765E0
1.922829579E1,2.037901749E-2,8.907832512E-1,-1.602638780E0,1.833674225E0
1.923826479E1,1.911193134E-1,-1.583227193E-1,-1.095464743E0,1.123225569E0
1.924823479E1,2.287633223E-1,1.532354078E0,-1.250658032E0,1.991127116E0
1.925820379E1,-1.796961198E-1,-4.749500316E-1,-1.028987748E0,1.147468524E0
1.926817379E1,3.545846223E-1,-1.300588284E0,7.305528778E-1,1.533286550E0
1.927814279E1,6.501363402E-1,2.148851752E-2,-1.695321241E0,1.815834003E0
1.928811279E1,-8.456436966E-1,-3.147716984E-1,-1.440291422E0,1.699598148E0
1.929808179E1,-1.435246865E-1,-6.765754759E-2,-1.559419670E0,1.567471399E0
1.930805179E1,-1.260996640E0,-1.909112695E0,-9.967473704E-1,2.495662062E0
1.931802079E1,-7.492771972E-1,-2.600636870E-2,-6.642887217E-1,1.001684659E0
1.932799079E1,-7.467189673E-1,1.436163580E0,-1.704869159E0,2.350900656E0
1.933795979E1,-6.723276199E-1,1.134757740E0,-2.478017249E0,2.807181690E0
1.934792879E1,9.278344438E-2,1.055267474E-1,-2.528361776E0,2.532263401E0
1.935789879E1,-4.359166877E-1,-1.730884884E0,-1.161966881E0,2.129824610E0
1.936786779E1,7.659820345E-1,-6.696064720E-1,-3.963751477E-1,1.091885783E0
1.937783779E1,-1.221216936E-1,-1.489829325E0,1.512798066E0,2.126749424E0
1.938780679E1,2.377793268E-1,-1.602318352E-1,3.103575184E0,3.116791968E0
1.939777679E1,7.955808411E-2,3.238334209E-1,3.913948987E0,3.928128593E0
1.940774563E1,-3.809596214E-1,5.601419172E-1,3.880558462E0,3.939241447E0
1.941771563E1,-1.791559102E-1,2.717173632E0,9.856803453E-1,2.895979131E0
1.942768463E1,-1.420167937E0,5.617197883E-1,8.020058531E-1,1.724998399E0
1.943765463E1,-1.251829668E0,4.551259241E-1,-9.810329783E-1,1.654280154E0
1.944762363E1,-1.719673286E0,-1.731375173E-1,-2.215105383E0,2.809616463E0
1.945759263E1,-1.536169825E0,-9.507970262E-1,1.481438863E-1,1.812671875E0
1.946756263E1,-1.740262210E-1,-8.365895024E-1,1.537208437E0,1.758742988E0
1.947753163E1,-3.517945138E-1,-1.581614239E0,4.014559103E0,4.329197128E0
1.948750163E1,5.063331344E-1,1.099747244E0,2.461903492E0,2.743498870E0
1.949747063E1,-1.269525901E-1,8.062456691E-1,1.899280309E0,2.067223919E0
1.950744063E1,-1.283647109E-1,1.915374185E0,-1.520714611E-1,1.925684683E0
1.951740963E1,1.890847564E-1,-4.101693141E-1,-1.022473365E0,1.117785173E0
1.952737963E1,-1.302629985E0,-1.641852547E0,1.334807652E0,2.484801025E0
1.953734863E1,-1.301919402E0,4.634868577E-1,-3.483016795E-1,1.425176571E0
1.954731863E1,-1.572855402E0,1.636740911E-1,6.496256590E-4,1.581348711E0
1.955728763E1,-4.958910305E-1,1.225780469E0,-1.652310877E0,2.116264848E0
1.956725663E1,-1.020159037E0,-9.693894178E-1,-1.731915455E0,2.231584963E0
1.957722663E1,-2.072121299E-1,-1.547143148E0,-3.215813658E0,3.574639320E0
1.958719563E1,-2.237356305E-1,-7.932601726E-1,-5.743076742E0,5.801917769E0
1.959716563E1,1.822071700E-1,-1.224429177E0,-6.426117484E0,6.544265595E0
1.960713463E1,7.878417771E-1,-9.201137620E-1,-4.088842131E0,4.264496919E0
1.961710463E1,-1.145685674E0,-9.139616141E-1,4.057824991E0,4.314378884E0
1.962707363E1,-1.353104759E0,2.350396505E0,6.118454538E0,6.692588599E0
1.963704363E1,-1.550947639E0,3.050392711E0,3.680260921E0,5.025400951E0
1.964701263E1,-7.990625109E-1,2.442378177E0,3.465313180E0,4.314175181E0
1.965698263E1,8.708053619E-1,-5.453048998E-1,1.822311071E0,2.092003119E0
1.966695163E1,-1.459999755E0,-1.794032474E0,-3.563883787E-1,2.340334266E0
1.967692063E1,-1.424050086E-1,-3.609638250E-1,-1.479161373E0,1.529213012E0
1.968689063E1,6.712721244E-1,-1.083945143E-1,-2.808125317E-1,7.356706557E-1
1.969685963E1,1.171803798E0,2.313155589E0,-5.194426650E-1,2.644547901E0
1.970682963E1,8.591309573E-1,3.748784441E-1,1.720332706E-1,9.530137962E-1
1.971679863E1,8.168601928E-1,-2.092689538E0,6.682981575E-1,2.343764601E0
1.972676863E1,-5.748109002E-2,-1.453321942E0,-2.522722721E-1,1.476174123E0
1.973673763E1,-7.464309919E-1,-2.240559775E0,2.078691596E0,3.146144638E0
1.974670763E1,6.717002137E-1,-1.360893542E0,2.707905210E0,3.104184762E0
1.975667663E1,-7.238933377E-1,-2.538910738E0,2.703911562E0,3.779051076E0
1.976664663E1,3.757139746E-1,-2.059550151E-1,1.791369359E0,1.841896479E0
1.977661563E1,-3.757140477E-1,-9.414613616E-1,2.450927684E0,2.652273940E0
1.978658463E1,-6.794708709E-1,1.605265349E-1,1.596938329E0,1.742888826E0
1.979655463E1,-1.725730782E-1,6.543852925E-1,-7.645632076E-1,1.021057529E0
1.980652363E1,-7.039841531E-1,-2.597441074E0,-1.167657976E0,2.933550574E0
1.981649363E1,-2.021023578E-1,-1.454381750E0,-1.122492912E0,1.848259174E0
1.982646263E1,-2.947313169E-1,-6.712080243E-1,-2.662104555E0,2.761193116E0
1.983643263E1,-1.644871099E-1,9.834402770E-2,-2.946772156E0,2.952997409E0
1.984640163E1,1.008358552E-1,4.089726815E-1,-1.938800470E0,1.984029684E0
1.985637163E1,5.139465015E-2,5.550267729E-1,-1.070182552E0,1.206642790E0
1.986634063E1,6.845366062E-1,3.693413355E0,8.158503056E-2,3.757199581E0
1.987631063E1,4.340251866E-1,2.610515448E0,4.747161430E-1,2.688591487E0
1.988627963E1,8.249434568E-1,-6.058270901E-2,9.644923747E-2,8.327691318E-1
1.989624863E1,1.254963337E0,-1.926378645E0,-1.591243726E0,2.796055124E0
1.990621863E1,9.552474882E-1,6.738386866E-1,-2.692032359E0,2.934892598E0
1.991618763E1,7.701027866E-1,1.649183201E0,-5.861184651E-1,1.912171119E0
1.992615763E1,3.877093183E-1,-2.305967314E0,8.638085836E-1,2.492783392E0
1.993612663E1,7.704618788E-1,-1.013623019E0,-2.557963890E-1,1.298643494E0
1.994609663E1,3.456187577E-1,-8.691453373E-1,-1.623350787E-1,9.493253504E-1
1.995606563E1,4.543274868E-1,1.993970704E-1,6.213958865E-1,7.951763985E-1
1.996603563E1,-3.121983754E-1,5.335663220E-1,5.843450046E-1,8.506585272E-1
1.997600463E1,-7.965746668E-1,-1.363176880E0,2.177924109E-1,1.593805490E0
1.998597463E1,-8.214741576E-1,3.165866742E-1,2.585755706E-2,8.807471414E-1
1.999594363E1,-1.298730185E0,-3.121691027E-1,3.884814066E-1,1.391067017E0
2.000591263E1,-7.454823542E-1,3.347001788E-1,1.758917897E0,1.939474238E0
2.001588263E1,-7.550581200E-1,-3.684406596E-1,9.044245130E-1,1.234441163E0
2.002585163E1,-6.683497591E-1,-2.603999019E-1,1.192721481E0,1.391791665E0
2.003582163E1,-5.733246841E-1,7.366538626E-1,6.413319683E-1,1.132548807E0
2.004579063E1,-5.916187581E-1,-3.663368315E-1,-3.512890220E-1,7.794994586E-1
2.005576063E1,-3.786382768E-2,2.833744892E-1,-7.221954525E-1,7.767245600E-1
2.006572963E1,-9.273874059E-1,-1.120083275E0,-9.507677901E-1,1.737409950E0
2.007569963E1,-8.536522624E-1,-6.160094315E-1,4.062236130E-1,1.128364936E0
2.008566863E1,-9.763554981E-1,2.564658952E-1,8.810964614E-1,1.339916336E0
2.009563863E1,-7.800501430E-1,-4.418378341E-1,2.079574526E0,2.264581442E0
2.010560763E1,-5.115242925E-1,8.295804450E-1,1.140844399E0,1.500462182E0
2.011557663E1,-1.084778956E0,-4.069717643E-1,4.426248693E-1,1.240277459E0
2.012554663E1,-6.050032175E-1,2.034445131E-1,4.311812836E-1,7.702829755E-1
2.013551563E1,-1.334204804E0,6.935818103E-1,-8.805304509E-1,1.742553316E0
2.014548563E1,-1.049232636E0,-9.842167872E-1,-2.675989938E-1,1.463277496E0
2.015545463E1,-1.288690223E0,-4.423421565E-1,-1.810816029E0,2.266151753E0
2.016542463E1,-1.585432471E0,1.107977200E-1,-1.493084178E0,2.180635828E0
2.017539363E1,-1.246894033E0,4.915973470E-1,-1.587741244E-1,1.349674740E0
2.018536363E1,-1.553868324E0,-7.842946368E-1,-1.387485802E-2,1.740637055E0
2.019533263E1,-7.684279248E-1,-7.002470514E-1,-2.006741023E-1,1.058818919E0
2.020530263E1,-5.941218049E-1,-2.605191851E-1,-9.841097832E-1,1.178695478E0
2.021527163E1,-5.786684545E-1,-7.257280478E-1,3.489308399E-1,9.916103623E-1
2.022524063E1,-4.400519117E-1,-3.669127822E-2,-3.642984921E-1,5.724555234E-1
2.023521063E1,-1.164853578E0,-1.096592671E0,5.476490486E-1,1.690952047E0
2.024517963E1,-4.931657895E-1,7.389658517E-1,4.315812331E-1,9.876970116E-1
2.025514963E1,-1.131849042E0,5.134065843E-1,4.611646360E-1,1.325647539E0
2.026511863E1,-1.027581493E0,-3.847637469E-1,1.495701976E0,1.855017862E0
2.027508863E1,-3.199253247E-1,-2.471235064E-1,2.016774845E-1,4.517699066E-1
2.028505763E1,-8.535422616E-1,-1.192309544E0,9.413292146E-1,1.742480167E0
2.029502763E1,5.484963832E-1,2.644941223E-1,-2.494568378E-1,6.580532934E-1
2.030499663E1,-2.872247163E-1,-7.410322577E-1,-6.437240642E-1,1.022745088E0
2.031496663E1,-1.750693094E-1,2.258346713E-1,-3.971575052E-1,4.892695022E-1
2.032493563E1,-5.954055246E-2,2.446635827E-1,-1.479471860E0,1.500747257E0
2.033490463E1,-7.602018426E-1,1.141630849E-1,-1.322593988E0,1.529769560E0
2.034487463E1,-9.244776852E-2,-3.890327990E-1,-1.298260800E0,1.358445513E0
2.035484363E1,-7.446891063E-1,-2.044756988E0,-4.135542673E-1,2.215089194E0
2.036481363E1,-1.834244141E-1,-9.351902229E-1,9.468489861E-1,1.343409197E0
2.037478263E1,-5.502281823E-1,-1.763303017E0,1.932485477E0,2.673291735E0
2.038475263E1,-1.926683505E-1,1.398265144E-1,2.395165712E0,2.406967248E0
2.039472163E1,7.718902074E-1,1.789011177E-1,1.421220143E0,1.627171410E0
2.040469150E1,4.054838306E-1,-8.184330207E-1,1.189671573E0,1.499856059E0
2.041466050E1,8.842292534E-1,7.000353822E-1,1.905981803E-1,1.143782573E0
2.042463050E1,-4.768895896E-1,-6.273109299E-1,5.248606950E-1,9.467953489E-1
2.043459950E1,-1.096473534E-1,9.793369934E-1,2.546392250E-1,1.017823474E0
2.044456850E1,1.431099453E-1,5.117363271E-1,-1.871877918E0,1.945836957E0
2.045453850E1,-1.673195012E-1,-1.019964910E-1,-1.735594524E0,1.746621725E0
2.046450750E1,5.479246717E-1,6.238400227E-1,-1.427974847E0,1.651820203E0
2.047447750E1,-2.894878263E-1,1.445431709E-3,-5.600375444E-1,6.304342487E-1
2.048444650E1,4.227702466E-1,1.339210020E0,7.122744817E-1,1.574659677E0
2.049441650E1,2.227736173E-1,2.918783873E-2,9.738198531E-1,9.994023818E-1
2.050438550E1,5.418950960E-2,1.022599957E0,1.625047064E0,1.920787635E0
2.051435550E1,2.262383484E-1,1.202370556E0,1.088589002E0,1.637652209E0
2.052432450E1,-7.639027646E-1,1.239273503E0,1.444315476E0,2.050705597E0
2.053429450E1,-2.803250201E-2,2.043995096E0,-3.027863681E-2,2.044411546E0
2.054426350E1,-6.544930275E-1,9.572359800E-2,2.194723159E-1,6.969162272E-1
2.055423250E1,-3.546776296E-1,1.152958075E0,-1.139523513E0,1.659404225E0
2.056420250E1,5.312443927E-2,-2.171252435E-1,-1.197702724E0,1.218383106E0
2.057417150E1,4.304621492E-1,3.171167243E-1,-1.209528133E0,1.322429197E0
2.058414150E1,1.028822272E0,2.059137923E-1,-1.913714746E0,2.182471050E0
2.059411050E1,1.197822811E0,-1.391639664E0,-1.178085900E0,2.181588144E0
2.060408050E1,1.195271963E0,-8.897284135E-1,-1.347266899E0,2.008835437E0
2.061404950E1,5.470845730E-1,-1.837888345E0,3.136376309E-1,1.943065533E0
2.062401950E1,1.946271311E-1,-8.709310770E-2,8.014217162E-1,8.293019334E-1
2.063398850E1,-1.179129774E-1,-1.768012657E0,6.365542084E-1,1.882809997E0
2.064395850E1,3.305708751E-2,-1.430624220E0,5.040820295E-1,1.517193832E0
2.065392750E1,-1.425081206E-1,-3.759242186E-1,-7.307803345E-1,8.340668317E-1
2.066389750E1,-1.565715513E-1,-9.206791878E-1,5.227907807E-1,1.070268666E0
2.067386650E1,2.550738193E-1,-1.902216196E-1,5.915025812E-1,6.716563269E-1
2.068383550E1,-9.560592279E-2,-1.400315178E0,1.583103817E0,2.115712832E0
2.069380550E1,4.776782694E-1,8.503313363E-1,4.487112361E-1,1.073583571E0
2.070377450E1,4.203783334E-1,1.887504601E-1,3.386058265E-1,5.718379011E-1
2.071374450E1,7.901572014E-1,-9.088912010E-3,1.223704122E0,1.456668387E0
2.072371350E1,7.320874064E-1,3.506928983E-1,1.506296546E0,1.711101039E0
2.073368350E1,5.354124342E-1,9.772334576E-2,1.378632533E0,1.482175424E0
2.074365250E1,9.849036158E-1,2.103624416E0,-9.793466413E-1,2.520791673E0
2.075362250E1,8.715942974E-1,7.491379604E-1,-2.755028506E0,2.985140930E0
2.076359150E1,8.897768723E-1,-4.759768027E-1,-3.614574469E0,3.752786351E0
2.077356150E1,9.221197224E-1,-2.788182803E0,-3.793094641E0,4.797065257E0
2.078353050E1,2.844377323E-1,-3.177800324E0,-1.776692263E0,3.651842702E0
2.079349950E1,1.242613725E-1,-2.480127802E0,1.302865482E0,2.804270541E0
2.080346950E1,2.403368624E-1,-1.336505391E0,2.197165541E0,2.582933387E0
2.081343850E1,9.852448739E-2,-3.466691369E-1,2.315362912E0,2.343243901E0
2.082340850E1,1.216795345E-1,-2.250173767E0,1.048250815E0,2.485340553E0
2.083337750E1,8.036405884E-2,-9.258662528E-1,2.406801086E0,2.579995769E0
2.084334750E1,2.970710803E-1,3.653331569E-1,2.912133250E0,2.949955866E0
2.085331650E1,9.519603297E-2,-1.949084553E-1,5.000906616E0,5.005608711E0
2.086328650E1,7.710277431E-2,1.865963167E0,1.708431868E0,2.531107035E0
2.087325550E1,6.963887662E-3,1.117850516E0,6.416102958E-1,1.288915064E0
2.088322550E1,5.765902079E-1,1.732368030E0,-1.071725632E0,2.117109135E0
2.089319450E1,8.920346285E-1,7.854094085E-1,-3.238100320E0,3.449331443E0
2.090316350E1,3.264681032E-1,-7.544750065E-2,-3.094238935E0,3.112328442E0
2.091313350E1,6.920097133E-1,1.051424392E0,-2.628885938E0,2.914689000E0
2.092310250E1,7.914547717E-1,5.641422898E-1,-8.898941821E-1,1.317789374E0
2.093307250E1,1.063705518E0,1.038673368E0,-5.835404277E-2,1.487856508E0
2.094304150E1,1.267209015E0,-2.411160770E-1,-6.485158575E-1,1.443789620E0
2.095301150E1,9.699052884E-1,2.995350239E-1,-1.176278526E-1,1.021897162E0
2.096298050E1,6.741617453E-1,6.708940288E-1,5.577775955E-2,9.527350184E-1
2.097295050E1,3.754790262E-1,8.249950585E-1,3.383479643E-1,9.675126307E-1
2.098291950E1,-4.068814248E-2,3.663499877E-1,-7.052853048E-2,3.752893711E-1
2.099288950E1,1.121914038E-1,-2.447062967E0,-1.015248545E0,2.651685065E0
2.100285850E1,-3.636057432E-1,-1.197592504E0,-6.436638379E-1,1.407387679E0
2.101282750E1,-6.860465766E-1,-1.217984376E0,1.805672818E-1,1.409521333E0
2.102279750E1,-5.102851213E-1,2.425232095E-1,1.009086750E0,1.156487994E0
2.103276650E1,-5.795472910E-1,1.739727336E0,-2.813346881E-1,1.855175321E0
2.104273650E1,-2.301564945E-1,4.673787645E-1,2.195003825E-1,5.653276390E-1
2.105270550E1,-1.934228971E-1,6.758314177E-1,-6.782173741E-1,9.768005573E-1
2.106267550E1,-1.977605809E-1,-8.542787915E-1,-4.662031817E-1,9.930996464E-1
2.107264450E1,4.438182861E-3,8.362225896E-1,-4.649343359E-1,9.567924820E-1
2.108261450E1,-4.985955870E-1,1.744627887E-1,-1.125390208E-1,5.400924506E-1
2.109258350E1,-1.248717488E-1,6.341115341E-1,9.592994624E-1,1.156696092E0
2.110255350E1,-6.118748653E-1,-7.014495313E-1,1.839932824E0,2.061983291E0
2.111252250E1,-3.143302336E-2,-1.677090792E0,2.671027991E0,3.154046938E0
2.112249150E1,-6.330327959E-1,-1.535858899E-2,1.065712355E0,1.239640767E0
2.113246150E1,-7.679425328E-1,-1.313659150E0,4.110914201E-1,1.576208188E0
2.114243050E1,1.066062165E-1,9.680559602E-1,-7.119183862E-1,1.206368524E0
2.115240050E1,-6.467956797E-1,-1.275161082E0,7.208938622E-1,1.601270869E0
2.116236950E1,-6.391793890E-1,-1.085432090E0,7.443809581E-1,1.463152803E0
2.117233950E1,-9.122282070E-1,9.005092174E-2,-7.772013795E-1,1.201795097E0
2.118230850E1,-8.475429453E-2,-4.873084143E-1,-1.242013509E0,1.336880824E0
2.119227850E1,5.126161138E-1,-4.598703548E-1,-3.589313328E-2,6.895972306E-1
2.120224750E1,-7.826575626E-1,-2.705004991E0,1.620091549E0,3.248738446E0
2.121221750E1,1.742451261E-1,-9.485250905E-1,1.614011614E0,1.880184752E0
2.122218650E1,2.254955328E-1,1.043073691E0,3.645616168E-1,1.127721655E0
2.123215650E1,-2.910974186E-1,4.587058818E-1,-6.159106135E-2,5.467561175E-1
2.124212550E1,-1.564198161E-1,2.514141932E-1,-1.219867764E0,1.255290252E0
2.125209450E1,-4.839241190E-1,-8.458406746E-1,-4.383090395E-1,1.068524129E0
2.126206450E1,4.572895400E-2,5.510068122E-1,-1.119528374E0,1.248616604E0
2.127203350E1,-1.201308629E-1,1.227292851E0,-2.014510219E0,2.361975992E0
2.128200350E1,1.572238082E-1,9.209551764E-1,-3.467750300E0,3.591402220E0
2.129197250E1,2.857969907E-1,-1.218113307E0,-2.088903174E0,2.434953063E0
2.130194250E1,1.013263489E0,-2.855514369E0,2.528286932E0,3.946251388E0
2.131191150E1,8.757181925E-1,7.743988091E-1,2.762353313E0,2.999528579E0
2.132188150E1,-2.058989549E-1,1.612336972E0,3.774530316E0,4.109635507E0
2.133185050E1,-6.265403400E-1,8.097013736E-1,2.600192481E0,2.794489229E0
2.134182050E1,-1.001013499E0,-1.489530533E0,1.655996962E0,2.441936766E0
2.135178950E1,-5.401380077E-1,8.129708442E-1,2.926309240E-1,1.018971795E0
2.136175850E1,-5.919245309E-1,1.992148419E0,-3.795889610E-1,2.112609229E0
2.137172850E1,-4.779384339E-1,-7.466917777E-1,8.268477488E-1,1.212291614E0
2.138169750E1,8.878295302E-2,-9.529031932E-1,-1.400844936E0,1.696547507E0
2.139166750E1,-8.503900277E-1,-1.966346118E0,-1.406389266E0,2.562735067E0
2.140163600E1,-6.569866457E-1,2.579908490E-2,2.171609116E-1,6.924275463E-1
2.141160600E1,-6.672887088E-1,-2.068949550E-2,1.696533369E0,1.823164213E0
2.142157500E1,-4.175018688E-1,-5.398146567E-1,1.909791849E0,2.028056355E0
2.143154500E1,-2.765913536E-1,-1.785230953E-1,-3.106280690E-1,4.526180175E-1
2.144151400E1,-6.075865904E-1,1.825073880E-1,3.405348229E-1,7.200238726E-1
2.145148400E1,-7.580304790E-1,1.275272471E0,8.489519781E-1,1.709283342E0
2.146145300E1,-5.962041081E-1,-6.736115223E-1,6.755375952E-1,1.124972384E0
2.147142300E1,-2.519630275E-1,2.333810878E-1,-6.287037367E-1,7.163940870E-1
2.148139200E1,-1.414646850E-1,2.380100361E-1,-2.933491960E0,2.946529503E0
2.149136100E1,4.432954719E-1,5.712147895E-1,-3.859228989E0,3.926378178E0
2.150133100E1,1.494754435E-1,-9.997943544E-1,-2.969176932E0,3.136549587E0
2.151130000E1,3.961884023E-1,-3.015628675E0,-2.689687040E0,4.060221414E0
2.152127000E1,-1.707289761E-1,-1.553473637E0,1.673239231E-2,1.562916727E0
2.153123900E1,-2.895758269E-1,-6.372120202E-1,1.958062368E0,2.079399326E0
2.154120900E1,-6.864411905E-2,1.316069664E0,3.327614175E0,3.579073550E0
2.155117800E1,-1.342642044E-1,9.395458138E-1,1.439688574E0,1.724377106E0
2.156114800E1,-3.271207986E-1,7.777872705E-1,1.225845373E-1,8.526359269E-1
2.157111700E1,-2.709513487E-1,2.074704380E0,-1.200283100E0,2.412155140E0
2.158108700E1,-4.589079031E-1,2.039304167E-2,-6.764018136E-1,8.176379108E-1
2.159105600E1,-2.626107341E-1,-7.146955213E-1,1.370656346E0,1.567945441E0
2.160102600E1,-2.127156390E-1,-9.401033458E-1,-1.586560106E-1,9.768387654E-1
2.161099500E1,3.551027953E-1,6.512163940E-1,-1.441110617E-1,7.556115306E-1
2.162096400E1,1.074619565E0,5.609233975E-2,1.092175684E0,1.533232300E0
2.163093400E1,1.776364235E0,-9.669812420E-1,1.222639929E0,2.363338954E0
2.164090300E1,1.338682309E0,-3.196585089E-2,1.265098316E0,1.842163372E0
2.165087300E1,1.058463928E0,3.706716648E-1,-1.052264929E-2,1.121540947E0
2.166084200E1,8.859701157E-3,7.437009269E-1,-1.860607409E-1,7.666734392E-1
2.167081200E1,4.739780782E-1,-1.488583868E0,-5.189854127E-1,1.646172230E0
2.168078100E1,4.403157308E-1,-1.048382962E0,-8.228950310E-1,1.403617117E0
2.169075100E1,2.738780994E-1,2.891600168E-1,-9.108967960E-2,4.085585128E-1
2.170072000E1,-3.433996662E-3,-1.285323250E0,6.917794061E-1,1.459666536E0
2.171069000E1,-2.230505195E-1,-1.571006513E0,-7.179445267E-2,1.588385168E0
2.172065900E1,6.435755450E-1,-3.551026637E0,4.136823213E-1,3.632507773E0
2.173062800E1,1.830983368E0,-1.277004124E0,1.287361590E0,2.576924425E0
2.174059800E1,1.731789448E0,1.289053774E0,8.397315037E-1,2.316441953E0
2.175056700E1,6.786184931E-1,-9.589006823E-1,9.508397108E-1,1.511327143E0
2.176053700E1,5.154279667E-1,-1.535378843E0,-4.363595778E-1,1.677338326E0
2.177050600E1,7.427859107E-1,-8.358308262E-1,-1.426831716E-1,1.127254437E0
2.178047600E1,1.268404039E0,2.590266833E0,1.102976076E0,3.087861282E0
2.179044500E1,1.294619008E0,3.539985340E0,-8.704744095E-1,3.868495868E0
2.180041500E1,8.399411995E-1,1.419984627E-1,-1.958447115E0,2.135691898E0
2.181038400E1,1.170676454E0,-2.738428261E0,-2.850909979E0,4.122761260E0
2.182035400E1,2.030525742E0,-2.639478754E0,-2.461848528E0,4.141326002E0
2.183032300E1,2.053449897E0,1.234906218E0,-4.834454513E-1,2.444456862E0
2.184029300E1,1.748615396E0,7.250795916E-1,7.679885066E-1,2.042841786E0
2.185026200E1,9.950979439E-1,-9.205666289E-1,1.722435949E0,2.191905207E0
2.186023200E1,8.799853443E-1,-3.745214716E-1,1.044981637E0,1.416554680E0
2.187020100E1,5.523916521E-1,-6.764494684E-1,2.334696731E0,2.492695177E0
2.188017000E1,7.083466876E-1,9.660836944E-1,1.970128682E0,2.305749284E0
2.189014000E1,3.984032544E-1,-2.411716256E-1,1.745006202E0,1.806082930E0
2.190010900E1,-2.692471777E-1,-9.630437270E-1,1.214621642E0,1.573293678E0
2.191007900E1,5.769531007E-1,1.511493552E-1,2.026574779E-1,6.299135348E-1
2.192004800E1,8.222529336E-1,6.291270751E-1,1.246269697E0,1.620212616E0
2.193001800E1,1.034768232E0,3.737318051E-1,6.825437289E-1,1.294714910E0
2.193998700E1,1.002939426E0,-1.180394965E0,7.851366359E-1,1.736565375E0
2.194995700E1,9.863754331E-1,9.187732878E-1,-5.531214577E-1,1.457060121E0
2.195992600E1,1.273110171E0,4.275799835E-1,-1.289000564E0,1.861493112E0
2.196989600E1,1.662740263E0,3.937105715E-1,-2.640042425E0,3.144763458E0
2.197986500E1,1.300774810E0,-1.140913104E0,-3.317909551E0,3.741954250E0
2.198983500E1,5.898700386E-2,-1.891132214E0,5.522975850E-1,1.971013227E0
2.199980400E1,-1.035511194E-1,1.984162000E-1,1.541120224E0,1.557287182E0
2.200977300E1,-6.370673016E-2,1.537890807E-1,3.323939785E0,3.328105365E0
2.201974300E1,6.447832143E-1,1.491492274E0,2.752206055E0,3.196080844E0
2.202971200E1,7.340202036E-1,-7.153922170E-2,2.068055511E0,2.195622262E0
2.203968200E1,8.666047952E-1,3.918438479E-1,1.117892908E0,1.467729548E0
2.204965100E1,1.213370484E0,1.827392009E0,-7.116078991E-1,2.306082238E0
2.205962100E1,8.920444226E-1,1.414263126E-1,-2.426775759E-1,9.352203268E-1
2.206959000E1,1.134088526E0,1.041436178E0,-1.407276288E0,2.085946463E0
2.207956000E1,4.051037981E-1,8.306241730E-1,-2.185764640E0,2.373101908E0
2.208952900E1,4.369143324E-1,1.453453797E0,-1.991421903E0,2.503833714E0
2.209949900E1,5.763742264E-1,8.120040071E-1,-1.241109529E0,1.591197857E0
2.210946800E1,5.458207704E-1,-1.066086870E0,-4.063288629E-2,1.198379138E0
2.211943800E1,2.775130210E-1,-3.090803111E-1,-1.225826077E0,1.294292736E0
2.212940700E1,1.920969678E-1,4.560930535E-1,-1.831029854E0,1.896732043E0
2.213937700E1,1.483541668E-1,-8.089187238E-1,2.478330660E-1,8.589410277E-1
2.214934600E1,7.502019344E-1,-2.374189995E0,1.812073765E0,3.079479243E0
2.215931500E1,9.757979661E-2,-1.698774022E-1,2.340076754E0,2.348263052E0
2.216928500E1,-4.518279482E-1,-1.445177940E0,1.703175221E0,2.278923783E0
2.217925400E1,1.155665629E-1,5.047024190E-2,1.765757970E0,1.770255373E0
2.218922400E1,-1.882040378E-1,3.377749372E-1,2.584188652E-1,4.650730888E-1
2.219919300E1,1.027632071E-1,-3.050742667E0,-1.105583349E0,3.246522083E0
2.220916300E1,7.316727658E-1,-2.720349255E0,-9.741548985E-1,2.980708451E0
2.221913200E1,2.288220137E-2,-2.250999101E0,-6.935628068E-1,2.355536015E0
2.222910200E1,1.013534288E0,1.233554927E-1,4.076526725E-1,1.099385752E0
2.223907100E1,-5.318927027E-2,1.501179063E-1,8.023900151E-1,8.180429210E-1
2.224904100E1,1.345814158E-1,-1.058231135E0,1.468266841E0,1.814875425E0
2.225901000E1,4.106418423E-1,1.358162893E0,1.205128688E0,1.861603696E0
2.226898000E1,-4.526029967E-2,6.187491444E-1,4.520137435E-1,7.676036886E-1
2.227894900E1,1.958978773E-1,-2.281349659E-2,2.721457887E-1,3.360948739E-1
2.228891900E1,-3.376175740E-1,-1.178230034E0,-1.703721351E0,2.098780141E0
2.229888800E1,-1.168318272E-1,-4.660812673E-1,-1.906315094E0,1.965939638E0
2.230885700E1,-1.058789837E0,1.365032494E-1,9.639795738E-1,1.438376055E0
2.231882700E1,-1.377571117E0,-7.417599437E-1,1.739741954E0,2.339788893E0
2.232879600E1,-9.182084468E-1,4.381751382E-1,6.956356448E-1,1.232482517E0
2.233876600E1,-7.250089864E-1,-1.740400350E-1,-3.230995953E-2,7.463054989E-1
2.234873500E1,2.861950399E-1,4.995919526E-1,4.123713756E-1,7.082018577E-1
2.235870500E1,6.098256355E-1,4.980994508E-1,-2.138800389E-1,8.159258787E-1
2.236867400E1,6.160268269E-1,-1.683570384E0,5.023489147E-1,1.861787507E0
2.237864400E1,8.810887869E-1,2.496082807E-1,-5.126920545E-1,1.049511737E0
2.238861300E1,5.238271265E-1,6.092257842E-1,1.310460430E-1,8.140786081E-1
2.239858300E1,3.379383668E-1,8.998607612E-1,2.251787891E0,2.448366891E0
2.240855213E1,-1.475466663E-1,1.024180460E0,1.547079706E0,1.861228425E0
2.241852213E1,-6.962794232E-1,1.260972521E-1,1.233590010E0,1.422128639E0
2.242849113E1,-7.048230824E-1,-3.713420480E-2,5.473794919E-1,8.931846589E-1
2.243846013E1,-4.585713228E-1,-8.263317320E-1,-1.263445308E0,1.577785105E0
2.244843013E1,-4.607539422E-1,-4.816205353E-1,-2.442976055E0,2.532268655E0
2.245839913E1,-3.010573465E-1,-1.387223262E0,-2.729067453E0,3.076171820E0
2.246836913E1,-1.415414297E-1,-5.275609392E-1,-2.124185858E0,2.193289785E0
2.247833813E1,-1.044796573E-1,1.154403799E0,-2.784259322E0,3.015901872E0
2.248830813E1,-8.306198607E-1,-6.155603653E-1,5.356072927E-1,1.164353507E0
2.249827713E1,-1.129823420E0,-2.978024939E-1,8.739283597E-1,1.459088094E0
2.250824713E1,-8.988986018E-1,-7.287700617E-1,-1.590933824E0,1.967281101E0
2.251821613E1,1.369626213E-1,3.519439101E-2,-2.943402990E0,2.946798019E0
2.252818613E1,4.547408849E-1,-1.064230086E0,-1.412910081E0,1.826387101E0
2.253815513E1,1.009133747E0,-2.087140531E0,-1.686328223E0,2.866741947E0
2.254812513E1,1.879966810E-1,-1.506677493E0,-2.936810839E-1,1.546501988E0
2.255809413E1,-5.366237580E-1,-2.349295182E0,3.216001353E0,4.018683567E0
2.256806413E1,-5.670132726E-1,-7.547325763E-1,5.581740367E0,5.661002636E0
2.257803313E1,-8.600124250E-1,7.838242283E-1,4.396188743E0,4.547579274E0
2.258800313E1,-9.225506622E-1,4.430768591E-1,4.179982681E0,4.303448854E0
2.259797213E1,-6.995974258E-1,-2.798155814E-1,5.104306439E0,5.159619902E0
2.260794113E1,-1.088576357E0,-4.545093352E-1,5.267886389E0,5.398351992E0
2.261791113E1,-1.302638318E-1,2.330375931E0,1.886668450E0,3.001189512E0
2.262788013E1,6.122158311E-1,2.280258861E0,-1.617343943E0,2.861850822E0
2.263785013E1,3.496721938E-1,2.089135893E0,-2.708675289E0,3.438558018E0
2.264781913E1,7.619364191E-1,9.062453359E-1,-4.893985015E0,5.035168025E0
2.265778913E1,2.280218223E-1,-2.439107830E0,-3.724839508E0,4.458213803E0
2.266775813E1,4.589095111E-1,-1.968080403E0,1.004224205E-1,2.023369238E0
2.267772813E1,1.693994654E-1,-1.488123985E0,1.003848229E0,1.803030904E0
2.268769713E1,1.027904771E0,7.547790617E-2,1.013156412E0,1.445258124E0
2.269766713E1,7.530069168E-1,-1.207602352E0,1.817832103E0,2.308643847E0
2.270763613E1,4.908046107E-1,-2.058842053E0,1.329970835E0,2.499708421E0
2.271760613E1,1.315803616E0,-4.696124008E-1,7.963422400E-1,1.608115645E0
2.272757513E1,1.571044520E0,-7.344325054E-1,-1.087476861E-1,1.737641518E0
2.273754513E1,1.559433850E0,5.494052598E-1,-1.502718050E0,2.234242961E0
2.274751413E1,1.236952305E0,6.211789548E-3,-1.686097843E0,2.091175633E0
2.275748313E1,1.578712997E0,-1.272702328E0,-1.707488712E0,2.650966549E0
2.276745313E1,1.737101643E0,-6.717044529E-1,-2.955760496E0,3.493598303E0
2.277742213E1,6.030806530E-1,-1.236783174E0,-3.003358001E0,3.303558411E0
2.278739213E1,-2.894663378E-1,-1.625299079E0,-5.188059032E-2,1.651689878E0
2.279736113E1,-5.318633936E-1,1.978561829E0,4.034303981E-1,2.088143115E0
2.280733113E1,-4.620007879E-1,3.827945800E0,-4.424307418E-1,3.881025475E0
2.281730013E1,1.445735034E-1,3.155714806E0,4.614108038E-1,3.192544027E0
2.282727013E1,3.675311983E-1,-9.757102579E-1,1.301800704E0,1.667865331E0
2.283723913E1,5.260260451E-1,-2.309586156E0,1.047333387E0,2.589941859E0
2.284720913E1,5.666916758E-1,-8.259326595E-1,-5.784065723E-1,1.156658280E0
2.285717813E1,1.140788850E-1,-1.946397758E-1,5.061583757E-1,5.541614707E-1
2.286714813E1,4.035857879E-2,-3.330662329E0,3.181368295E0,4.606087775E0
2.287711713E1,5.292249106E-2,-4.160407957E0,3.334601013E0,5.332106439E0
2.288708713E1,3.452897787E-1,-1.038683893E0,3.605412467E0,3.767902377E0
2.289705613E1,3.258879863E-1,8.071151501E-1,2.843907938E0,2.974130159E0
2.290702613E1,7.857227462E-1,1.387188764E0,3.652709425E0,3.985465976E0
2.291699513E1,-1.052905418E0,-1.640053359E-1,1.521028022E0,1.857157455E0
2.292696413E1,-6.185005646E-1,-7.928809807E-1,-6.019193959E-1,1.171968497E0
2.293693413E1,-1.006929054E0,1.754902030E0,-9.403334337E-1,2.231101571E0
2.294690313E1,-1.182233915E-1,1.366201937E-2,-3.185077769E-1,3.400156246E-1
2.295687313E1,-5.353472377E-1,-1.313697157E0,-5.449429572E-1,1.519657761E0
2.296684213E1,1.209989186E-1,-2.491635999E-1,-2.617073393E0,2.631690784E0
2.297681213E1,1.817905194E-1,4.987943923E-1,-2.727224411E0,2.778416208E0
2.298678113E1,-1.276578739E-1,2.738540527E-1,-1.741782047E0,1.767794466E0
2.299675113E1,5.931232101E-1,-1.836970917E0,-1.206302224E0,2.276273786E0
2.300672013E1,2.979572258E-1,-2.483082692E0,-1.176264492E0,2.763706989E0
2.301669013E1,7.301716393E-1,-1.087123397E0,-8.157924181E-1,1.542888581E0
2.302665913E1,6.152033197E-1,9.574081805E-1,-1.985532002E0,2.288546019E0
2.303662913E1,-1.808899751E-1,1.178351364E0,-1.690410749E0,2.068507099E0
2.304659813E1,-3.449287131E-2,4.828045964E-1,-1.445369729E0,1.524264967E0
2.305656813E1,1.832656988E-1,-1.015755207E0,-1.106076270E0,1.512861418E0
2.306653713E1,9.445051298E-2,-9.853435457E-1,8.450261575E-1,1.301496066E0
2.307650713E1,3.868051560E-1,-4.262450641E-1,-1.157643449E-1,5.871153779E-1
2.308647613E1,-1.301417711E-1,-3.187074593E-1,1.696927471E0,1.731494778E0
2.309644513E1,-3.184039157E-1,-5.075175610E-1,1.344356155E0,1.471818127E0
2.310641513E1,-2.841531922E-1,-5.168710595E-1,3.561036193E-1,6.889909408E-1
2.311638413E1,-7.511600737E-1,-6.989635876E-1,-5.872294360E-1,1.182214009E0
2.312635413E1,-8.712001951E-1,-2.197678927E-1,-1.413426390E0,1.674831892E0
2.313632313E1,-9.117443499E-1,7.575205287E-1,6.893510574E-1,1.371247604E0
2.314629313E1,-1.431490778E0,-1.436564407E-1,6.599535960E-1,1.582827144E0
2.315626213E1,-8.673225410E-1,3.878127775E-1,1.739915031E0,1.982410517E0
2.316623213E1,-8.698234682E-1,2.580399656E-1,2.256181489E0,2.431775565E0
2.317620113E1,-4.075389807E-1,-1.713126013E0,2.919056354E0,3.409073005E0
2.318617113E1,6.910085969E-1,1.020987880E0,2.722209254E0,2.988366168E0
2.319614013E1,-6.979623981E-1,2.242190563E0,1.050774474E0,2.572682846E0
2.320611013E1,-5.796195772E-1,-3.853183553E-1,2.531682994E0,2.625613809E0
2.321607913E1,-5.677276562E-1,-4.061607555E-1,1.516584138E0,1.669523494E0
2.322604913E1,1.937815507E-1,-1.222076842E0,-1.349729161E0,1.831063054E0
2.323601813E1,1.485692420E0,-6.774741930E-1,-1.245570955E0,2.053704032E0
2.324598813E1,1.246489552E0,-1.117286844E0,-1.525294735E0,2.264639071E0
2.325595713E1,7.347236967E-1,-7.541914165E-1,-1.924253767E0,2.193484936E0
2.326592713E1,5.203546479E-1,1.725805700E-1,-1.181223516E0,1.302244987E0
2.327589613E1,4.381882945E-1,-1.155025358E0,2.149167502E-1,1.253906603E0
2.328586513E1,4.379961038E-1,-1.016735785E0,4.347510087E-1,1.189369868E0
2.329583513E1,-5.527241394E-2,-8.427770260E-1,-1.020808663E0,1.324906971E0
2.330580413E1,-7.202894063E-1,-6.182015526E-1,-8.845457339E-1,1.297463350E0
2.331577413E1,-1.102317753E0,-2.420305815E-1,5.924562621E-1,1.274632360E0
2.332574313E1,-1.505668409E0,2.091142657E-1,-3.583700001E-1,1.561792301E0
2.333571313E1,-1.498906251E0,1.129925308E0,-7.252599782E-1,2.012325318E0
2.334568213E1,-1.089507599E0,1.690247027E0,-1.207335427E0,2.345553379E0
2.335565213E1,-2.925891895E-2,-3.137832266E-1,-1.844499500E0,1.871228047E0
2.336562113E1,2.634588179E-1,-1.899725575E0,1.908934647E-1,1.927383751E0
2.337559113E1,2.859892545E-1,-1.178165130E0,-9.749366713E-1,1.555752049E0
2.338556013E1,-2.022186443E-1,8.024408859E-1,7.044824821E-1,1.086783936E0
2.339553013E1,-1.546100151E0,1.063807917E0,1.878004045E0,2.654997581E0
2.340549900E1,-1.408190939E0,4.570949739E-1,5.878375465E-1,1.592950256E0
2.341546900E1,-1.542254584E0,2.103429412E0,-1.980735531E0,3.275099653E0
2.342543800E1,-2.033758814E0,2.507230523E-1,-2.597948905E0,3.308832947E0
2.343540800E1,-1.412348163E0,-2.442995936E-1,-2.125841205E0,2.563905313E0
2.344537700E1,-2.144960284E0,-1.567530635E0,-7.425981420E-1,2.758524771E0
2.345534700E1,-1.560890537E0,-1.469889151E0,1.093623455E0,2.406858044E0
2.346531600E1,-1.250027556E0,3.972276717E-1,2.414486082E0,2.747744849E0
2.347528500E1,-1.231953082E0,-1.397837128E0,2.902614568E0,3.449177926E0
2.348525500E1,-3.325107620E-1,-1.656202784E0,2.991585801E0,3.435572248E0
2.349522400E1,-7.738911246E-1,-9.502906573E-1,9.253259701E-1,1.535639267E0
2.350519400E1,-1.100059850E0,-6.277424544E-1,7.968275589E-1,1.496371084E0
2.351516300E1,-7.919005488E-1,-2.155315849E-1,7.853752023E-1,1.135946544E0
2.352513300E1,-8.642627661E-1,-1.441275216E0,-4.174356490E-1,1.731611070E0
2.353510200E1,-5.616234554E-1,-7.999397394E-1,-5.379298067E-1,1.115658088E0
2.354507200E1,-5.581600765E-1,-5.599817035E-1,-7.058589166E-1,1.059886310E0
2.355504100E1,-8.827371170E-1,-1.128560276E0,-8.318535501E-1,1.656759923E0
2.356501100E1,-1.604938819E-1,-3.262000814E-1,-1.191034559E0,1.245282337E0
2.357498000E1,-1.039153425E0,-1.192513320E0,-3.750386578E-1,1.625601997E0
2.358495000E1,-1.716623525E0,-1.083960931E0,1.213024183E0,2.364993719E0
2.359491900E1,-1.198242714E0,6.177285129E-1,7.983636224E-1,1.566766923E0
2.360488900E1,-1.791322582E0,3.591400784E-1,3.251198083E-1,1.855672675E0
2.361485800E1,-1.094826592E0,5.121453398E-1,9.386009037E-2,1.212331569E0
2.362482800E1,-1.518423233E0,7.977657446E-1,-1.122589976E0,2.049938427E0
2.363479700E1,-7.388628676E-1,8.004934707E-1,-6.288756448E-1,1.257852420E0
2.364476700E1,-1.388707870E0,4.642306235E-1,6.961203790E-1,1.621296766E0
2.365473600E1,-1.378420718E0,-2.358082670E-1,2.057759734E0,2.487975952E0
2.366470600E1,-8.375605787E-1,1.823700369E0,1.146218575E0,2.311105316E0
2.367467500E1,-1.249589015E0,6.865695369E-1,-5.455937523E-1,1.526605050E0
2.368464500E1,-1.146457433E0,-1.011019839E0,9.478839433E-1,1.798613280E0
2.369461400E1,-6.918551275E-1,8.506350991E-1,-3.332076770E-1,1.145980342E0
2.370458300E1,-8.970818719E-1,1.518691182E0,-1.786160660E-1,1.772874076E0
2.371455300E1,-1.548325455E0,1.731822777E0,-1.946286660E-1,2.331180423E0
2.372452200E1,-1.498448706E0,-3.675284940E-1,-4.532650477E-1,1.608065584E0
2.373449200E1,-1.048770925E0,-5.236269325E-2,-8.137803912E-2,1.053225850E0
2.374446100E1,-1.703833691E-1,1.421192369E0,-1.613560209E0,2.156941073E0
2.375443100E1,-9.582311030E-1,-8.423232821E-1,-1.162467987E0,1.725991651E0
2.376440000E1,-3.302342217E-1,-1.163226078E0,-8.303139782E-1,1.466823389E0
2.377437000E1,-6.966437048E-1,-1.997239298E0,-6.689881289E-1,2.218518059E0
2.378433900E1,-4.582534535E-1,-7.926628795E-1,1.280802183E0,1.574409382E0
2.379430900E1,-2.701265624E-1,-5.368784773E-1,2.863850452E0,2.926234145E0
2.380427800E1,-1.251195538E0,-2.111384256E0,4.170558724E0,4.839110850E0
2.381424800E1,7.442614739E-2,-7.931707102E-1,1.372294151E0,1.586773539E0
2.382421700E1,-8.661799950E-1,-7.837815437E-1,1.033431047E-1,1.172715264E0
2.383418700E1,-4.473557784E-1,5.249185824E-1,-6.436310935E-1,9.433597910E-1
2.384415600E1,-7.117207503E-1,3.153882873E-1,-1.467068161E0,1.660814616E0
2.385412600E1,-1.612407285E0,-2.267801368E0,-2.081082523E-1,2.790356490E0
2.386409500E1,-4.307023966E-1,-2.957708788E-1,-7.186672425E-1,8.885198775E-1
2.387406500E1,-1.313820387E0,5.943139225E-1,-6.041319823E-1,1.563428444E0
2.388403400E1,-2.987632279E-1,7.632651258E-1,-5.453984553E-1,9.845265835E-1
2.389400400E1,-7.638501397E-1,-4.419173563E-1,-1.101582100E0,1.411467714E0
2.390397300E1,-8.189740343E-1,-1.510898013E0,2.867363459E-1,1.742340095E0
2.391394300E1,-4.501526844E-1,6.097774690E-1,1.950677919E-1,7.826349369E-1
2.392391200E1,-1.639806899E0,-3.139416862E-1,2.019613668E0,2.620375053E0
2.393388200E1,-3.903595688E-2,1.708965719E-2,1.857900149E0,1.858388771E0
2.394385100E1,-2.228236476E-1,-2.613030043E-1,-5.930421531E-2,3.484919338E-1
2.395382100E1,-7.869421830E-1,-4.011505687E-1,6.164286768E-1,1.077118421E0
2.396379000E1,-8.616602435E-1,7.179363406E-1,-4.119217247E-1,1.194809806E0
2.397375900E1,-1.751885451E0,-1.679054872E0,1.210184775E0,2.711618536E0
2.398372900E1,1.201336586E-1,2.457727996E-1,9.381401432E-1,9.772120001E-1
2.399369800E1,3.441009667E-1,1.071036245E0,-1.737658006E-1,1.138296388E0
2.400366800E1,-4.967731561E-1,-6.591528198E-1,1.608176093E0,1.807621740E0
2.401363700E1,4.890307482E-1,-3.488115567E-1,2.096495783E-1,6.362181391E-1
2.402360700E1,-2.513137490E-1,-1.398369517E0,7.047929692E-1,1.585978889E0
2.403357600E1,1.341846365E-1,1.105618140E0,-3.840977490E-1,1.178103590E0
2.404354600E1,-3.605409251E-1,1.497310253E0,-1.479316324E0,2.135486956E0
2.405351500E1,-6.036865707E-1,1.048325952E0,-2.444419148E0,2.727381482E0
2.406348500E1,-2.531434890E-1,-3.161472559E-2,-2.792284040E0,2.803913565E0
2.407345400E1,-1.182966571E0,-3.944531972E0,-1.227314778E0,4.297097153E0
2.408342400E1,-5.277933660E-1,-9.812896711E-1,2.497562152E-1,1.141872770E0
2.409339300E1,-6.083765127E-1,-5.801198065E-1,3.031411187E0,3.145809078E0
2.410336300E1,2.901500417E-1,-3.982693532E-1,5.056568016E0,5.080520212E0
2.411333200E1,8.637357858E-1,2.274590278E-1,3.558443538E0,3.668827814E0
2.412330200E1,-1.885335102E-1,-2.622704262E-1,2.860296514E0,2.878476474E0
2.413327100E1,8.285625178E-1,1.407296754E0,5.043796527E-1,1.709210002E0
2.414324100E1,-2.325762551E-1,8.327876428E-1,-7.587651086E-1,1.150370141E0
2.415321000E1,-4.222614292E-1,2.566994914E-1,-2.619407601E0,2.665613536E0
2.416318000E1,2.418746253E-1,1.953259465E-1,-4.317417392E0,4.328596597E0
2.417314900E1,-1.157595868E0,-1.444396752E0,-1.892035024E0,2.646905118E0
2.418311900E1,-1.218689660E-1,3.376734880E-1,-1.076292892E0,1.134584426E0
2.419308800E1,-7.278974379E-1,1.060215388E0,-1.079641593E0,1.679141840E0
2.420305800E1,2.968015236E-1,-5.353620020E-1,-1.749048382E-1,6.366280861E-1
2.421302700E1,8.791547473E-1,-2.404625337E0,-5.027067643E-1,2.609185730E0
2.422299700E1,-3.774736577E-1,-2.615967100E0,-4.321647853E-1,2.678159187E0
2.423296600E1,-1.297763932E-1,1.138910140E0,-2.854324168E-1,1.181283151E0
2.424293600E1,-7.276289045E-1,1.520966041E-1,6.723198724E-1,1.002292976E0
2.425290500E1,-3.741202795E-1,-1.681354582E0,6.961963928E-1,1.857850540E0
2.426287500E1,-2.261609459E-1,-1.955125896E0,-6.763521123E-1,2.081133879E0
2.427284400E1,-1.424315367E0,-2.311610169E0,5.358680785E-1,2.767556763E0
2.428281400E1,-1.084967456E0,2.710909510E-1,2.348754607E0,2.601402100E0
2.429278300E1,-1.119089833E0,-7.657244647E-1,3.216694248E0,3.490819087E0
2.430275200E1,-3.918427150E-1,-1.871826462E0,3.179383750E0,3.710223180E0
2.431272200E1,2.070166502E-1,6.772224703E-1,-9.859148186E-1,1.213883931E0
2.432269100E1,-8.026005149E-1,-1.901523301E-1,-1.280505145E0,1.523160832E0
2.433266100E1,-5.346319040E-1,9.290398291E-1,-1.688981105E0,2.000400822E0
2.434263000E1,-1.582506524E0,1.692726539E0,-2.426913754E0,3.355526844E0
2.435260000E1,-1.558091037E0,-7.038147300E-2,-4.246750867E-1,1.616462236E0
2.436256900E1,-9.469178371E-1,1.264559203E0,6.002242881E-1,1.689980048E0
2.437253900E1,-1.569729481E0,4.413545617E-1,2.376921229E0,2.882464054E0
2.438250800E1,-7.992633627E-1,1.023911780E0,2.217514436E0,2.569939208E0
2.439247800E1,-4.853483180E-1,-6.148902744E-2,1.236334693E0,1.329611734E0
2.440244700E1,-2.851920231E-1,-7.378651133E-1,1.499420221E0,1.695299506E0
2.441241788E1,1.623454210E-1,1.074334660E0,-8.888527930E-2,1.090161268E0
2.442238688E1,-3.439076066E-1,-1.136507227E0,9.178222382E-1,1.500772727E0
2.443235688E1,4.409206253E-1,-2.762768465E-1,2.834338385E-1,5.925155141E-1
2.444232588E1,8.160896759E-2,6.175405249E-1,-1.191770139E0,1.344742498E0
2.445229588E1,-3.442208346E-1,-7.672377241E-1,-8.136307025E-1,1.170101119E0
2.446226488E1,2.619057426E-1,2.192249787E-1,-1.948692790E0,1.978397786E0
2.447223488E1,-2.618048782E-1,-1.198227219E0,-2.882604811E0,3.132682678E0
2.448220388E1,2.403631018E-1,-1.285340207E0,-1.695386730E0,2.141076840E0
2.449217388E1,1.483049040E-1,-1.015480095E-1,-1.551953945E0,1.562327556E0
2.450214288E1,-2.053400708E-1,-1.450293377E0,3.036546797E-1,1.495901597E0
2.451211288E1,5.854411748E-1,-9.221281278E-1,1.035132002E0,1.504845479E0
2.452208188E1,-2.440964028E-2,-1.127589638E0,1.505850404E0,1.881393011E0
2.453205188E1,8.234816529E-3,-2.083105659E-1,2.656771309E0,2.664938066E0
2.454202088E1,1.428312889E-1,2.110207504E0,1.280394632E0,2.472405084E0
2.455199088E1,-7.475769000E-1,9.726445627E-1,1.912899059E0,2.272463746E0
2.456195988E1,6.596243978E-1,1.230206518E0,-4.010540897E-1,1.452362492E0
2.457192988E1,3.167272997E-1,-1.192374448E0,-2.484220560E0,2.773702363E0
2.458189888E1,7.076947231E-1,-1.484188516E0,-2.875406889E0,3.312342396E0
2.459186888E1,9.318779214E-1,-5.519596159E-2,-2.567012456E0,2.731482382E0
2.460183788E1,-1.660613631E-1,-1.535568585E0,3.513708830E-1,1.583985086E0
2.461180788E1,5.510937529E-1,9.415142789E-1,1.633051903E0,1.963927692E0
2.462177688E1,-2.962890517E-1,1.298370143E0,1.596807352E0,2.079265723E0
2.463174688E1,-8.806422058E-1,-2.415867779E-1,2.134785690E0,2.321896813E0
2.464171588E1,-7.249468598E-1,1.318547130E-1,3.504552090E-1,8.159365590E-1
2.465168588E1,-7.539619133E-3,-1.622800857E0,1.347877933E0,2.109576827E0
2.466165488E1,-4.294239029E-2,-5.024775535E-2,1.399765540E0,1.401325249E0
2.467162488E1,-2.159393551E-1,-9.162031442E-2,6.303070432E-1,6.725407466E-1
2.468159388E1,-1.580028035E-1,-1.077889767E0,1.474699947E0,1.833453345E0
2.469156388E1,1.124763459E-1,-1.372894076E-1,1.406477559E0,1.417631275E0
2.470153288E1,1.519781614E-1,-1.862004309E0,1.788413592E0,2.586229028E0
2.471150288E1,-1.143229332E-1,-4.790085840E-1,1.545382844E0,1.621951631E0
2.472147188E1,1.931764369E-1,-4.967735946E-2,-2.079404372E-1,2.881392046E-1
2.473144188E1,1.997792590E-1,-1.267819026E0,-9.623341674E-1,1.604170778E0
2.474141088E1,8.979810275E-1,-1.954396749E-1,-1.832141994E0,2.049709950E0
2.475138088E1,7.961177800E-1,-1.037976380E0,-7.484237230E-1,1.507095403E0
2.476134988E1,-2.749616615E-2,-6.568241662E-1,1.517214468E0,1.653515577E0
2.477131988E1,1.891665626E-1,1.917943452E0,-4.695711780E-1,1.983630047E0
2.478128888E1,1.267180802E-1,1.700100170E0,-1.282302579E0,2.133236500E0
2.479125888E1,8.660697750E-1,2.086890562E0,-3.255064262E0,3.962402355E0
2.480122788E1,8.477122953E-1,-8.314945310E-2,-4.098080732E0,4.185665497E0
2.481119788E1,1.468291691E0,-5.375061759E-1,-6.237739491E0,6.430722148E0
2.482116688E1,1.303938738E0,-4.923674253E-1,-6.749708830E0,6.892115147E0
2.483113688E1,7.777964799E-1,-2.889786654E0,-5.390642250E0,6.165619039E0
2.484110588E1,6.310186493E-1,-2.927150069E0,-3.054127620E0,4.277158821E0
2.485107488E1,8.849183477E-2,-3.425807345E0,1.146386390E0,3.613611562E0
2.486104488E1,2.202903414E-1,-2.445309679E0,3.591068078E0,4.350153698E0
2.487101388E1,-2.012835284E-1,4.020788142E-1,4.219326257E0,4.243217705E0
2.488098388E1,-6.221919850E-1,1.405878219E-1,3.647497802E0,3.702854037E0
2.489095288E1,-9.989405148E-2,1.656147820E-1,-1.812930967E0,1.823218519E0
2.490092288E1,2.151492501E-1,-1.136744623E0,-1.771253768E0,2.115612784E0
2.491089188E1,8.126926629E-1,-2.462781452E0,2.019894919E0,3.287208136E0
2.492086188E1,2.760476357E-1,-1.303807176E0,5.847878142E0,5.997815787E0
2.493083088E1,-6.947094458E-1,-3.306749555E-1,6.031874231E0,6.080746161E0
2.494080088E1,-1.174000158E0,-1.120703664E-1,9.667815011E0,9.739480645E0
2.495076988E1,3.576021876E-1,3.226624867E0,6.002365088E0,6.824029162E0
2.496073988E1,3.778768963E-1,1.531259187E0,3.834905741E0,4.146570594E0
2.497070888E1,-1.817673498E-1,6.998558727E-1,-1.627338588E-1,7.411611976E-1
2.498067888E1,-7.503750119E-1,2.072477760E0,-9.697455132E-1,2.408035109E0
2.499064788E1,-2.284524697E-1,1.310502823E0,-6.472314581E0,6.607606542E0
2.500061788E1,4.251714423E-1,6.771411940E-1,-5.129591553E0,5.191531610E0
2.501058688E1,6.767762547E-1,6.879263833E-1,-3.001945313E0,3.153243484E0
2.502055688E1,1.003945220E0,2.049282441E-1,-5.849361581E-1,1.179852490E0
2.503052588E1,9.834015392E-1,-6.422531971E-1,1.166945785E0,1.655696295E0
2.504049588E1,4.033577465E-1,-1.377014608E0,-3.170629299E-1,1.469488212E0
2.505046488E1,2.844587823E-1,1.426416564E-1,-3.824634522E-1,4.975356603E-1
2.506043488E1,6.283982196E-1,-4.969840944E-2,-4.248247755E-1,7.601515271E-1
2.507040388E1,6.918861908E-1,-2.158416920E0,-2.833353714E0,3.628410584E0
2.508037388E1,4.860494357E-1,-3.791988640E0,-1.552421722E0,4.126188932E0
2.509034288E1,5.788843630E-1,-3.415356908E0,1.507278294E0,3.777784771E0
2.510031288E1,1.033763608E-1,-1.639297314E0,5.238195983E0,5.489688471E0
2.511028188E1,2.914451087E-1,4.724687657E-1,3.998754079E0,4.037103067E0
2.512025188E1,-1.125416520E-1,2.159269444E0,2.826542877E0,3.558715329E0
2.513022088E1,2.018281965E-1,3.616485047E0,4.002524364E-1,3.644159811E0
2.514019088E1,8.764199314E-1,5.268097474E0,-1.894217205E0,5.666482305E0
2.515015988E1,1.001765962E0,4.121071984E0,-4.877630353E0,6.463593985E0
2.516012988E1,1.422617628E0,-9.683565071E-1,-6.162036175E0,6.397831278E0
2.517009888E1,8.103424477E-1,-2.384778425E0,-5.824530795E0,6.345784585E0
2.518006888E1,-6.024452068E-2,1.007772295E0,-3.507480376E0,3.649883969E0
2.519003788E1,-4.798691480E-1,5.530270836E0,-5.241327167E-1,5.575740760E0
2.520000788E1,-1.349647593E0,6.729594408E0,3.604164671E0,7.752353997E0
2.520997688E1,-1.810941014E0,3.211353109E0,4.889542885E0,6.123718296E0
2.521994688E1,-2.300349894E0,-5.091213938E0,4.690168619E0,7.294501400E0
2.522991588E1,-2.301904376E0,-5.329574515E0,1.817820409E0,6.083387157E0
2.523988588E1,-2.423146100E0,-2.881800234E0,-3.720454681E-1,3.783494079E0
2.524985488E1,-1.786853555E0,-2.708911516E0,3.417905125E0,4.713079956E0
2.525982488E1,-9.226299651E-1,-1.482460079E0,4.300718329E0,4.641671260E0
2.526979388E1,-2.817241126E-1,-1.728653001E0,6.308541087E0,6.547159714E0
2.527976388E1,-5.752414745E-1,-3.706029600E-1,3.969957127E0,4.028499584E0
2.528973288E1,-9.606742159E-1,-1.273989007E0,7.500094879E-1,1.763081726E0
2.529970288E1,-1.084460064E0,-3.376366505E0,-3.395478129E-2,3.546414715E0
2.530967188E1,-8.000194808E-1,-6.210754591E-1,-3.092520438E0,3.254143290E0
2.531964188E1,8.958241358E-2,-8.342269349E-1,-3.070181150E0,3.182761676E0
2.532961088E1,7.057865573E-1,-2.983270768E0,-8.128389895E-1,3.171552674E0
2.533958088E1,1.232998272E0,-1.237262646E0,-1.568213882E0,2.347423774E0
2.534954988E1,1.522991370E0,1.673608775E0,-2.597817927E0,3.445159942E0
2.535951988E1,1.297687480E0,3.163736893E0,-1.662895507E0,3.802426251E0
2.536948888E1,1.687525148E0,1.358916599E0,-2.398399222E-1,2.179889593E0
2.537945888E1,1.612055428E0,-6.005903238E-1,7.443236554E-1,1.874419682E0
2.538942788E1,1.423874341E0,-2.076835690E0,1.427247453E0,2.894425662E0
2.539939788E1,1.296625041E0,-1.735896240E0,5.889929563E-1,2.245325134E0
2.540936700E1,1.118969380E0,-9.240848985E-1,-4.086981547E-1,1.507666925E0
2.541933700E1,1.097505786E0,-1.369725177E0,-1.211595123E0,2.132751452E0
2.542930600E1,9.804520574E-1,-9.930703488E-1,6.286516964E-2,1.396934853E0
2.543927600E1,1.119893460E0,1.819002424E0,5.625489235E-1,2.208934691E0
2.544924500E1,8.460987561E-1,2.190574560E0,2.296219128E-1,2.359497029E0
2.545921500E1,7.387474582E-2,5.797552326E-1,-3.483408558E-1,6.803785415E-1
2.546918400E1,-1.194256521E-1,2.507449794E-1,-1.470281206E0,1.496282847E0
2.547915400E1,-7.182302362E-1,-8.592462936E-1,-7.655695134E-1,1.356560189E0
2.548912300E1,-6.670665877E-1,1.945558682E-1,3.102398139E-1,7.609721154E-1
2.549909300E1,-1.341819779E-1,8.084424680E-1,2.114043278E-1,8.463307965E-1
2.550906200E1,-5.709148273E-3,-4.553864175E-1,1.123253050E0,1.212067159E0
2.551903200E1,8.475484271E-1,9.056264082E-1,8.498471868E-1,1.503574996E0
2.552900100E1,1.114071314E0,5.045597470E-1,9.575441283E-1,1.553263078E0
2.553897100E1,1.572379439E0,2.392587090E-1,1.611820078E0,2.264417319E0
2.554894000E1,1.857831151E0,1.611594960E-1,2.834467024E-1,1.886226658E0
2.555891000E1,1.776500621E0,-1.316608485E0,3.439975441E-1,2.237799515E0
2.556887900E1,2.134182550E0,-4.595464191E-1,6.271682578E-1,2.271400029E0
2.557884900E1,1.398017222E0,-5.703938404E-1,-3.562860525E-1,1.551367474E0
2.558881800E1,6.998452746E-1,-1.689261771E0,1.107564971E0,2.137776627E0
2.559878800E1,7.762637054E-1,-6.400344712E-1,7.407053983E-1,1.249349411E0
2.560875700E1,2.353380778E-1,-1.491482626E0,2.818925124E-1,1.536023379E0
2.561872700E1,2.343702905E-2,-1.292886331E0,1.492207096E0,1.974534471E0
2.562869600E1,6.097508642E-1,-6.000579348E-1,-2.111260003E-1,8.811582318E-1
2.563866600E1,1.781286275E-1,-2.014640319E0,4.253054166E-1,2.066734168E0
2.564863500E1,1.040008653E0,-4.183752966E-1,-2.863469213E-1,1.157000625E0
2.565860500E1,1.023171961E0,2.784710142E-1,-2.145701272E0,2.393420339E0
2.566857400E1,6.454965746E-1,-7.395976433E-1,-1.766802868E0,2.021203323E0
2.567854400E1,1.265203858E0,-6.591861489E-1,-1.921364073E0,2.393095711E0
2.568851300E1,4.869561195E-1,-1.351996711E0,-1.182418102E-1,1.441874646E0
2.569848300E1,3.849662798E-1,-7.173791009E-1,1.375481468E0,1.598368256E0
2.570845200E1,3.504243650E-1,3.070340779E-1,6.670784283E-1,8.136711805E-1
2.571842200E1,2.761207259E-1,-1.261086541E-1,-2.575107926E-1,3.980676528E-1
2.572839100E1,8.555573583E-1,3.106602287E-1,-1.386133341E0,1.658268317E0
2.573836100E1,3.511886691E-1,-6.467614004E-1,6.028830171E-1,9.513683423E-1
2.574833000E1,-5.026469035E-1,-4.305217177E-1,1.483609350E0,1.624530567E0
2.575830000E1,-1.266108569E-1,1.220460964E0,3.594996822E-1,1.278591137E0
2.576826900E1,-1.624624018E-1,7.804585710E-1,9.937343001E-2,8.033583831E-1
2.577823900E1,1.484909186E-1,6.405601358E-1,3.742241406E-1,7.565781836E-1
2.578820800E1,-6.574297915E-1,9.469004416E-1,-1.104845431E0,1.596720953E0
2.579817800E1,-7.648789573E-1,-5.694074151E-1,-1.029237424E0,1.403066035E0
2.580814700E1,-8.935005254E-1,6.104735801E-1,-9.055272979E-1,1.411028302E0
2.581811700E1,-8.476519228E-1,8.340646747E-1,-1.856096867E0,2.204375931E0
2.582808600E1,-6.767844408E-1,-1.551071308E0,-9.220182002E-2,1.694803988E0
2.583805600E1,-1.357246342E0,-8.327221540E-1,4.912813050E-1,1.666403654E0
2.584802500E1,-1.225112790E0,-7.896793377E-1,5.284321743E-1,1.550398454E0
2.585799500E1,-1.169411556E0,-8.654338172E-1,1.816315336E0,2.327122789E0
2.586796400E1,-1.490368877E0,2.056638238E-1,2.596056161E0,3.000500723E0
2.587793400E1,-6.099435300E-2,-1.282421570E0,1.991427165E0,2.369410802E0
2.588790300E1,-3.183432508E-2,-6.860394868E-1,-2.000613141E-1,7.153237946E-1
2.589787300E1,-1.531218110E0,6.775133693E-1,-1.130693048E0,2.020425706E0
2.590784200E1,4.323915111E-1,-1.026923973E0,-3.602452022E-1,1.171030261E0
2.591781200E1,-6.155663587E-1,-7.979806298E-1,-7.954101938E-1,1.283889561E0
2.592778100E1,-4.609985020E-1,-9.128836799E-1,-3.268874216E-1,1.073653398E0
2.593775100E1,-2.531742782E-1,-1.461693985E0,2.202577139E0,2.655558807E0
2.594772000E1,-1.103899863E0,8.269527063E-1,4.770836806E-1,1.459470632E0
2.595769000E1,-8.685269943E-1,5.427078590E-1,-1.005018257E0,1.434898135E0
2.596765900E1,-7.223863640E-1,4.222803596E-1,-1.748409281E0,1.938323445E0
2.597762900E1,-8.223164490E-1,6.427855861E-1,-2.397740241E0,2.615059447E0
2.598759800E1,-4.578666602E-1,-2.518463024E-1,-1.772980451E0,1.848385273E0
2.599756800E1,-1.164304524E0,-4.470374706E-1,-1.746703649E-1,1.259347951E0
2.600753700E1,-8.334201653E-1,-4.224288788E-1,-4.683543724E-1,1.045175176E0
2.601750700E1,-5.977598694E-1,-6.031996438E-1,-8.922529489E-1,1.231780011E0
2.602747600E1,-8.712155440E-1,4.368320328E-1,6.032385278E-1,1.146183000E0
2.603744600E1,-9.540214001E-1,-6.851258594E-1,4.035183402E0,4.202649089E0
2.604741500E1,-1.887394674E0,-2.268988645E-1,4.438666425E0,4.828612781E0
2.605738500E1,-3.224492387E-1,2.388910945E0,1.127600455E-1,2.413210277E0
2.606735400E1,-7.137652293E-1,3.727164361E-1,-2.670698208E-1,8.483540731E-1
2.607732400E1,-3.712490042E-1,2.548348144E-1,-1.832137316E0,1.886662066E0
2.608729300E1,-2.407596892E-1,4.031342366E-1,-2.965971488E0,3.002910140E0
2.609726300E1,-1.412417233E-1,-9.760748318E-1,-9.487516701E-1,1.368503209E0
2.610723200E1,2.202509823E-1,1.990333736E-1,-2.505882740E-2,2.979139538E-1
2.611720200E1,-4.180469023E-1,3.071247098E-1,7.044900835E-1,8.748686059E-1
2.612717100E1,-1.173359815E0,1.290386939E-1,1.038471932E0,1.572211243E0
2.613714100E1,-1.489543981E0,7.462430039E-1,6.913794565E-1,1.803780875E0
2.614711100E1,-8.552551304E-1,-2.189855352E-1,5.198338437E-1,1.024520975E0
2.615708000E1,2.004060075E-3,8.267407447E-2,5.400868446E-1,5.463815686E-1
2.616704900E1,-4.259486469E-1,-5.111723632E-2,6.869250476E-1,8.098834747E-1
2.617701900E1,-8.573570582E-1,-1.340368646E0,1.095198694E0,1.931607986E0
2.618698900E1,-9.282504550E-1,2.229695356E-1,-1.368537315E0,1.668609812E0
2.619695800E1,-1.187805215E0,-1.424795131E0,2.046581027E0,2.762139803E0
2.620692800E1,-4.770260125E-1,-4.908676144E-1,4.470312726E0,4.522410939E0
2.621689700E1,4.576319676E-2,1.724713148E0,7.782182103E-1,1.892710568E0
2.622686700E1,-6.599448252E-1,-5.924474913E-1,8.912636000E-1,1.257327327E0
2.623683600E1,-7.675020182E-1,-3.835489878E-1,-1.930773997E0,2.112831608E0
2.624680600E1,-7.124655394E-1,-1.382139693E0,-2.525219482E0,2.965577635E0
2.625677500E1,-3.949059982E-1,-2.300897486E0,1.224525656E0,2.636198602E0
2.626674500E1,5.037328776E-1,9.618158117E-1,3.258080256E-1,1.133572820E0
2.627671400E1,1.384379469E-2,1.583959557E0,-2.569114530E0,3.018189689E0
2.628668400E1,-9.167646231E-1,-1.267516140E0,-3.343527957E0,3.691372880E0
2.629665300E1,-1.070261197E0,-1.025027721E0,-3.645022091E0,3.934758811E0
2.630662300E1,-1.767555112E0,-4.581936657E-2,-3.136468695E0,3.600525846E0
2.631659200E1,-1.363812034E0,9.387003064E-2,5.696059281E-1,1.480961093E0
2.632656200E1,-8.104165611E-1,-8.008288085E-1,1.974512925E0,2.279649770E0
2.633653100E1,-8.063922881E-1,-2.403257089E0,1.696376079E0,3.050181135E0
2.634650100E1,-1.296283125E0,-7.612414044E-1,-8.212063551E-2,1.505517258E0
2.635647000E1,-1.525536517E0,-7.225918937E-1,5.020436901E-1,1.761093006E0
2.636644000E1,-1.211282224E0,-1.215946621E0,4.913129384E0,5.204283923E0
2.637640900E1,7.122440396E-2,1.956735635E0,2.205214233E0,2.949043417E0
2.638637900E1,-1.082376043E0,8.245755208E-1,6.523492920E-1,1.508980545E0
2.639634800E1,-1.640167526E0,-5.617879084E-1,1.820016038E-1,1.743238294E0
2.640631792E1,-1.444748901E0,-1.368774712E-1,-1.888116805E0,2.381390329E0
2.641628692E1,-9.166565227E-1,-1.016492248E0,2.530060977E-1,1.391951061E0
2.642625692E1,-7.790738773E-1,8.539332211E-1,1.763461769E-1,1.169297236E0
2.643622592E1,-7.573871391E-1,1.311482524E0,-6.574030405E-1,1.650999832E0
2.644619592E1,-1.629358801E0,-4.409326851E-1,8.634057105E-1,1.895969714E0
2.645616492E1,-1.514847515E0,4.351465729E-1,-7.018658531E-1,1.725320610E0
2.646613492E1,-1.842831435E0,-2.625832522E-1,-3.259764254E-2,1.861730450E0
2.647610392E1,-2.189499841E0,-6.731498846E-1,1.154573076E0,2.565166527E0
2.648607392E1,-2.112354602E0,-2.654457566E-1,1.451600522E0,2.576751344E0
2.649604292E1,-1.125385969E0,-1.303365419E0,2.408075194E0,2.960419081E0
2.650601292E1,-1.514924698E0,-3.313383222E-1,9.020932281E-1,1.794032919E0
2.651598192E1,-1.669737187E0,-1.450023820E0,1.462978034E0,2.651583693E0
2.652595192E1,-1.990271171E0,-1.364345739E0,2.911552037E0,3.781501539E0
2.653592092E1,-1.584016860E0,2.007927423E0,9.528213322E-2,2.559289088E0
2.654589092E1,-1.278071095E0,6.199583486E-1,-1.251369638E0,1.893076874E0
2.655585992E1,-9.562192223E-1,-1.966880262E0,-1.673040426E0,2.753549969E0
2.656582992E1,-5.083687694E-1,-2.135121613E0,-3.622894472E0,4.235864430E0
2.657579892E1,-6.988406499E-1,-2.156067216E0,-2.750001655E0,3.563637635E0
2.658576892E1,-9.048333795E-1,-5.473870933E-2,-1.095454803E0,1.421879388E0
2.659573792E1,-1.393919786E0,2.569641364E0,-7.837321347E-1,3.026599605E0
2.660570792E1,-1.229496959E0,1.751553914E0,-9.731023997E-1,2.350857751E0
2.661567692E1,-1.152103651E0,6.380510956E-2,-1.051547475E0,1.561142533E0
2.662564692E1,-1.260057139E0,-7.701686409E-1,-1.075500010E0,1.826911054E0
2.663561592E1,-1.753502791E0,-1.243825561E-1,-4.286435920E-1,1.809413824E0
2.664558592E1,-1.474221645E0,1.301798657E0,1.428438531E0,2.430729487E0
2.665555492E1,-1.290791274E0,8.560221389E-1,2.530546296E0,2.966914318E0
2.666552492E1,-7.310892136E-1,-2.317187244E-1,2.418301975E0,2.537000088E0
2.667549392E1,-3.364489348E-1,-4.935754600E-1,1.043067259E0,1.201999969E0
2.668546392E1,-6.751200309E-1,5.084534079E-2,-6.323997617E-1,9.264457692E-1
2.669543292E1,-1.343631977E0,1.228796170E0,-4.018189055E-1,1.864603269E0
2.670540292E1,-1.701912807E0,-1.686556265E-1,1.384293222E-1,1.715842242E0
2.671537192E1,-1.677223524E0,-2.263589034E0,2.645320122E0,3.864535239E0
2.672534192E1,-9.547016506E-1,1.362757927E-1,1.946486635E0,2.172288322E0
2.673531092E1,-1.539602579E0,6.788909733E-3,1.592697929E0,2.215199513E0
2.674528092E1,-1.614842065E0,-1.233733267E-2,1.853251027E0,2.458130687E0
2.675524992E1,-9.222764278E-1,-5.477692088E-1,5.543318313E-1,1.207447181E0
2.676521992E1,-5.327438746E-1,-1.312888194E0,-3.095334703E-1,1.450276669E0
2.677518892E1,-8.000390690E-1,1.091296847E0,-5.077435559E-1,1.445266356E0
2.678515892E1,-1.502795965E0,2.457994044E-1,-2.037380433E-1,1.536334029E0
2.679512792E1,-2.118842964E0,-2.526040724E0,1.085360169E-1,3.298811500E0
2.680509792E1,-1.213496199E0,-1.895078500E0,9.949809265E-1,2.460463898E0
2.681506692E1,1.575886745E-2,-1.016948039E0,4.298393476E-1,1.104170965E0
2.682503692E1,-6.869568419E-1,-8.557926357E-1,1.873547298E0,2.171283080E0
2.683500592E1,1.174497318E-1,4.242526254E-1,6.519376481E-1,7.866431380E-1
2.684497592E1,-5.010885109E-1,-9.607820240E-1,2.048104227E-1,1.102786971E0
2.685494492E1,-9.875293080E-2,-4.139252731E-1,-2.025124669E-1,4.712722911E-1
2.686491492E1,-1.525783781E-1,1.094926799E0,-2.415324572E0,2.656301498E0
2.687488392E1,-3.869101135E-1,-2.708985776E-1,-2.159072101E0,2.210130722E0
2.688485392E1,5.607570808E-1,-5.607982671E-1,-1.379715437E0,1.591401234E0
2.689482292E1,2.832035313E-1,8.412295604E-1,-2.290906348E0,2.456852317E0
2.690479292E1,-8.123582022E-1,1.304023523E0,-6.623182100E-1,1.673041724E0
2.691476192E1,7.497367153E-1,6.997643638E-1,1.012738920E0,1.441324193E0
2.692473192E1,-9.704806544E-3,1.752626878E-1,4.937885910E-1,5.240595058E-1
2.693470092E1,-7.981248368E-1,-5.898954740E-1,1.913045239E0,2.155161714E0
2.694467092E1,-5.881618111E-1,1.119412892E0,2.839455283E0,3.108299510E0
2.695463992E1,-1.247238873E0,1.324038835E0,1.395119927E0,2.292388111E0
2.696460992E1,-1.328916728E0,4.644171497E-1,2.129965246E-1,1.423752253E0
2.697457892E1,-4.415085628E-1,2.430336714E-1,-1.887375963E0,1.953505362E0
2.698454892E1,-9.995186582E-1,-5.621293858E-1,-2.499397593E0,2.749911876E0
2.699451792E1,-1.271049758E0,2.144884416E-1,-8.347607857E-1,1.535707768E0
2.700448792E1,-6.998549956E-1,-1.057726521E0,1.833148885E-1,1.281478348E0
2.701445692E1,-9.692648721E-1,-1.221626022E0,7.131626737E-1,1.714772734E0
2.702442692E1,-1.037243286E0,-7.401621920E-1,1.302698836E0,1.822289209E0
2.703439592E1,-1.401025907E0,-2.113680165E0,1.636750851E0,3.018189985E0
2.704436592E1,-1.801402451E0,-1.853380836E0,2.529470993E0,3.616392514E0
2.705433492E1,-1.121656395E0,-6.000389314E-1,2.391227612E0,2.708528988E0
2.706430492E1,-6.086443152E-1,-1.376123785E0,1.380344598E0,2.041939221E0
2.707427392E1,-9.841159958E-1,1.685986161E-1,3.045440412E-1,1.043866304E0
2.708424392E1,-5.823062266E-1,6.609955698E-1,-3.514001191E-1,9.484079969E-1
2.709421292E1,-4.297332572E-1,-1.166971512E0,-8.738804126E-1,1.519921103E0
2.710418292E1,-8.800736372E-1,-4.188848814E-1,-1.294617400E0,1.620502503E0
2.711415192E1,-1.139240361E0,1.416388589E-1,-1.135773693E0,1.614903108E0
2.712412192E1,-1.597151022E0,-9.028282231E-1,-9.781152177E-1,2.079110282E0
2.713409092E1,-2.079409634E0,-9.092800409E-1,-2.771071512E-1,2.286377701E0
2.714406092E1,-1.354792558E0,-6.605459189E-1,4.011786354E-1,1.559720514E0
2.715402992E1,-9.993781058E-1,-4.413247409E-1,9.631393290E-1,1.456420781E0
2.716399992E1,-1.147849509E0,1.125641346E0,1.168691763E0,1.987578268E0
2.717396892E1,-1.807929990E0,1.133779500E0,1.131746131E-1,2.137024870E0
2.718393892E1,-9.421470939E-1,-6.148727328E-2,1.692512239E0,1.938045280E0
2.719390792E1,-5.370244019E-1,1.281442161E0,-1.474615163E0,2.026074801E0
2.720387792E1,-1.022866006E0,9.172781548E-1,-2.899137813E0,3.208216660E0
2.721384692E1,-1.226100384E0,3.542012277E-1,-2.239773617E0,2.577860841E0
2.722381692E1,-1.619945076E0,3.977919281E-2,-1.290328467E0,2.071413041E0
2.723378592E1,-1.546501124E0,-1.238326839E0,-2.745858318E-1,2.000129113E0
2.724375592E1,-1.407169138E0,-9.974981529E-1,4.630936325E-2,1.725477356E0
2.725372492E1,-6.765655357E-1,-7.931297797E-1,6.412553698E-1,1.223929827E0
2.726369492E1,-1.989202300E-1,-1.551840509E0,8.214876062E-1,1.767093690E0
2.727366392E1,-3.219095773E-1,-9.871678770E-1,4.143231761E-1,1.117940020E0
2.728363392E1,-8.702675642E-1,-1.479962149E0,2.474172705E0,3.011508620E0
2.729360292E1,1.266671363E-1,-6.228071120E-1,1.514752790E0,1.642683559E0
2.730357292E1,-7.188956494E-1,7.811479577E-1,-3.667578310E-1,1.123171578E0
2.731354192E1,-1.488822289E0,1.422235805E-1,7.666869164E-2,1.497563836E0
2.732351192E1,-8.321784360E-1,-1.506511724E0,-7.683182895E-2,1.722788917E0
2.733348092E1,-1.838829162E0,-4.821298277E-1,-3.083301133E-1,1.925826918E0
2.734345092E1,-1.098978627E0,-1.488680640E-1,3.456569839E-1,1.161634398E0
2.735341992E1,-1.054942734E0,3.173783872E-1,-1.566217643E-1,1.112727995E0
2.736338992E1,-1.065583570E0,3.294692597E-1,-3.431631464E-1,1.166952991E0
2.737335892E1,-1.241472934E0,-7.683641902E-1,2.927104461E-1,1.489066143E0
2.738332892E1,-1.213502631E0,-1.021526701E0,3.195801562E-1,1.618096695E0
2.739329792E1,-9.289682738E-1,5.284637493E-1,2.249650149E0,2.490618754E0
2.740326792E1,-8.548041639E-1,-2.956293762E-2,2.442058627E0,2.587511249E0
2.741323692E1,-6.465810869E-2,4.774245733E-1,8.033489585E-3,4.818500090E-1
2.742320692E1,-1.126028870E0,1.232586920E0,-6.352122724E-1,1.786254786E0
2.743317592E1,-1.467386250E0,1.538082888E0,-1.611718336E0,2.667687645E0
2.744314592E1,-1.789914718E0,-7.373675153E-1,-1.773568681E0,2.625462134E0
2.745311492E1,-1.399198652E0,-6.622000962E-1,-1.044007491E0,1.867141526E0
2.746308492E1,-1.738271671E0,-4.381491181E-1,4.874051857E-1,1.857720880E0
2.747305392E1,-1.390288519E0,-4.106420615E-1,3.739463979E-1,1.497118892E0
2.748302392E1,-2.116217272E0,-9.059728557E-1,1.281919586E0,2.634858665E0
2.749299292E1,-8.619770895E-1,-1.593764461E0,5.988379133E-1,1.908322956E0
2.750296292E1,-1.410905070E0,-3.076190919E-2,-1.958461733E0,2.413953556E0
2.751293192E1,-2.219695155E0,-9.041950098E-1,1.110271062E0,2.641461154E0
2.752290192E1,-5.638651683E-1,-1.146257751E0,1.615362906E0,2.059429066E0
2.753287092E1,-1.055224497E0,-3.988061276E-1,-4.882670653E-1,1.229206978E0
2.754283992E1,-3.986980272E-1,-3.262822348E-1,8.167566240E-1,9.656664002E-1
2.755280992E1,-9.761632709E-1,1.255560923E-1,-2.870474178E-1,1.025209873E0
2.756277992E1,-1.177915600E0,2.056532988E-1,1.232227024E0,1.717021222E0
2.757274892E1,-4.139502334E-1,1.599818668E0,6.347515118E-1,1.770221468E0
2.758271892E1,-1.556244047E0,3.496348447E-1,1.242907548E-1,1.599871323E0
2.759268792E1,-5.252321759E-1,-5.615958273E-2,-7.161307204E-1,8.898684993E-1
2.760265692E1,-1.683634557E0,6.284198543E-1,-1.542383223E0,2.368223562E0
2.761262692E1,-1.501006863E0,1.070488653E0,-2.480482435E0,3.090592285E0
2.762259592E1,-1.874092404E0,-4.660648951E-1,-1.000086715E0,2.174767175E0
2.763256592E1,-7.968684163E-1,-6.142049807E-1,2.607768719E0,2.795121593E0
2.764253492E1,-1.217976044E0,1.332188684E-1,1.057941406E0,1.618781309E0
2.765250492E1,-2.760408529E0,5.293504795E-1,8.511090159E-2,2.811994140E0
2.766247392E1,-2.280022780E0,6.079592773E-1,-6.312396741E-1,2.442658774E0
2.767244392E1,-3.445471531E0,-1.771089754E0,1.465522742E-1,3.876791271E0
2.768241292E1,-2.785584301E0,-6.863175219E-1,4.919297612E-1,2.910757037E0
2.769238292E1,-2.511101965E0,5.089211851E-1,2.358450460E0,3.482373102E0
2.770235192E1,-2.166122381E0,-1.768690349E0,3.859833006E0,4.766409818E0
2.771232192E1,-1.444693206E0,-9.132377288E-1,6.593735522E-1,1.831915689E0
2.772229092E1,-1.593126968E0,-7.840648413E-2,-1.285989248E0,2.048894692E0
2.773226092E1,-1.634226462E0,-8.259101477E-1,-1.326635583E0,2.261146981E0
2.774222992E1,-1.689338224E0,-1.058704467E0,-6.984756374E-1,2.112483609E0
2.775219992E1,-3.370763045E-1,-2.155561432E-1,-1.259304310E0,1.321337289E0
2.776216892E1,-1.383251322E-1,-1.125486102E0,-1.026675759E0,1.529678372E0
2.777213892E1,-5.893640717E-1,-1.291660755E0,-5.826066273E-1,1.534655661E0
2.778210792E1,-5.945007045E-1,-4.597949257E-1,-1.105841212E0,1.337059179E0
2.779207792E1,-6.306868199E-1,-1.108246171E0,1.638132548E-1,1.285616671E0
2.780204692E1,-5.278125887E-1,-2.340470856E-1,1.340305204E0,1.459377335E0
2.781201692E1,-1.337596774E0,1.128932159E0,1.528451647E0,2.323750715E0
2.782198592E1,-1.666967946E0,7.741427010E-1,2.412989194E0,3.033248408E0
2.783195592E1,-1.276548772E0,1.351391232E0,4.613768899E-1,1.915386036E0
2.784192492E1,-1.289508833E0,1.399984226E0,-2.573500527E0,3.200889536E0
2.785189492E1,-9.891666014E-1,-6.819221699E-1,-1.295020273E0,1.766506699E0
2.786186392E1,-2.908258885E-4,-2.782923818E-1,-1.609428567E0,1.633311680E0
2.787183392E1,-5.015447399E-1,3.981053388E-1,-1.765650381E0,1.878178973E0
2.788180292E1,-1.618493213E-1,-1.239753267E0,1.186487179E0,1.723640100E0
2.789177292E1,4.732201329E-1,-1.066416653E0,1.435235335E0,1.849616781E0
2.790174192E1,-7.242324762E-1,2.058369014E-1,1.943251371E0,2.084012332E0
2.791171192E1,6.670563550E-1,-1.090084720E-1,1.555350008E0,1.695865760E0
2.792168092E1,4.054306575E-1,-9.194617975E-1,5.211991686E-1,1.132003793E0
2.793165092E1,3.039241815E-1,-9.214247078E-2,4.583907169E-1,5.576577735E-1
2.794161992E1,-5.181427924E-2,-4.468997687E-1,-6.555138052E-2,4.546439335E-1
2.795158992E1,-5.525948794E-1,-1.998005868E0,9.291330922E-1,2.271712317E0
2.796155892E1,1.131518638E-1,-4.800151822E-1,1.041243512E0,1.152131056E0
2.797152892E1,-8.741810326E-2,9.488975582E-1,7.836812639E-1,1.233776651E0
2.798149792E1,-7.259987739E-1,-5.501744610E-1,1.965465528E0,2.166291970E0
2.799146792E1,-4.229451514E-1,4.367437398E-1,4.039724350E-2,6.093107850E-1
2.800143692E1,-2.171140973E-1,1.158705304E0,-8.921804434E-1,1.478418904E0
2.801140692E1,8.480737263E-1,-4.505370292E-1,-5.853454632E-1,1.124651933E0
2.802137592E1,1.119019739E0,-5.732753482E-1,-1.888269417E0,2.268570297E0
2.803134592E1,4.588252016E-1,4.896926165E-2,-1.270413435E0,1.351617124E0
2.804131492E1,5.407622711E-1,-4.972682691E-1,-1.982905433E0,2.114619002E0
2.805128492E1,-7.005032326E-1,-1.524445427E0,-8.173951399E-1,1.866219026E0
2.806125392E1,-9.838254623E-2,1.156130775E0,-4.009231120E-1,1.227622432E0
2.807122292E1,-1.293659918E0,6.198487133E-1,2.753617573E-1,1.460682206E0
2.808119292E1,-1.735665275E0,-6.700564152E-1,8.065859771E-1,2.027829008E0
2.809116192E1,-1.074534050E0,1.533620293E0,2.368169117E-1,1.887510762E0
2.810113192E1,-1.401047249E0,1.811518865E0,-3.313535249E-1,2.313942340E0
2.811110092E1,-6.475708012E-1,-3.572894347E-1,-4.062920254E-1,8.438464864E-1
2.812107092E1,-2.384854147E-1,-9.016655043E-1,-1.838228946E0,2.061300956E0
2.813103992E1,-4.203720476E-1,4.944677451E-1,-2.139996729E0,2.236246187E0
2.814100992E1,-9.951167281E-1,-6.606099460E-1,-7.199705869E-1,1.394639899E0
2.815097892E1,-9.736235328E-1,-1.984888809E0,9.851114112E-1,2.420365852E0
2.816094892E1,-8.594009525E-1,3.920867997E-1,-1.918565011E-1,9.639040267E-1
2.817091792E1,-1.167388638E0,-2.198681724E-1,5.451686597E-1,1.307037533E0
2.818088792E1,-7.365945864E-1,-1.721002212E0,3.417533827E0,3.896659808E0
2.819085692E1,-7.923110964E-1,7.716482788E-2,2.225385958E0,2.363483435E0
2.820082692E1,-1.282369822E0,2.629086497E-1,2.107644085E0,2.481079786E0
2.821079592E1,-4.883828767E-1,-2.936688048E-1,1.613558455E0,1.711236421E0
2.822076592E1,-1.008405257E0,4.447713822E-1,5.488956749E-2,1.103501522E0
2.823073492E1,-1.064395416E0,8.999648416E-1,-9.712435699E-1,1.698878568E0
2.824070492E1,-1.386807525E0,-3.483730155E-1,-1.172875446E0,1.849387921E0
2.825067392E1,-1.133441093E0,-2.296990961E-2,-1.409204700E0,1.808611128E0
2.826064392E1,-8.778959879E-1,7.372198731E-1,-2.613524133E-1,1.175797428E0
2.827061292E1,-6.009793829E-1,-5.700590873E-1,8.641845596E-1,1.197062461E0
2.828058292E1,-5.540854443E-1,-6.115915677E-1,1.268500226E0,1.513323412E0
2.829055192E1,-1.349716078E-1,7.574389601E-1,3.937526715E-1,8.642755807E-1
2.830052192E1,-8.401753622E-2,-1.615743560E-1,1.128873394E0,1.143468565E0
2.831049092E1,3.943433499E-1,-7.414734301E-1,6.954672450E-1,1.090396356E0
2.832046092E1,-2.255600348E-1,-1.899403685E-1,1.131942013E0,1.169721075E0
2.833042992E1,-3.507075529E-1,3.726798910E-1,4.662394345E-2,5.138675714E-1
2.834039992E1,-4.854686244E-1,4.947510427E-1,-2.783818442E-1,7.469637412E-1
2.835036892E1,-1.129841766E0,5.950477481E-1,-1.271610360E0,1.802114632E0
2.836033892E1,-7.418567151E-1,3.216652733E-1,-2.595835136E0,2.718856375E0
2.837030792E1,-7.812431212E-1,-2.820749456E-1,-2.522955440E0,2.656164762E0
2.838027792E1,-2.249666886E-1,-1.398047335E0,-4.673112291E-1,1.491149271E0
2.839024692E1,1.391325047E-1,-2.105170128E-1,3.029267013E-1,3.942586117E-1
2.840021692E1,-3.701696082E-1,-1.606113195E-1,-1.955601275E-2,4.039851141E-1
2.841018513E1,-2.128724174E-1,-1.005450951E0,8.133997375E-1,1.310673649E0
2.842015513E1,-4.245220359E-1,-2.647680643E-1,1.498047295E0,1.579388104E0
2.843012413E1,-8.140147184E-1,-2.087128544E-1,1.286397969E0,1.536554832E0
2.844009313E1,-6.247423942E-1,-1.252347878E-1,7.799600959E-3,6.372186791E-1
2.845006313E1,-8.630030566E-1,4.299855280E-1,-3.690060854E-2,9.648955824E-1
2.846003213E1,-2.363531361E-1,1.234720569E0,-9.676984030E-1,1.586454502E0
2.847000213E1,-9.793439370E-1,3.322873253E-1,-5.326866084E-1,1.163307542E0
2.847997113E1,-5.339110885E-1,4.015803391E-1,-6.133512872E-1,9.069330850E-1
2.848994113E1,-2.558809361E-1,5.988326508E-1,-6.790377384E-1,9.408335917E-1
2.849991013E1,-6.261577128E-1,-6.496586958E-1,5.912412107E-1,1.078747455E0
2.850988013E1,-3.299054620E-1,-7.367012250E-1,4.178092861E-1,9.089174376E-1
2.851984913E1,-1.630392662E-1,5.748236910E-1,3.760034484E-1,7.059622307E-1
2.852981913E1,-5.638433509E-1,-5.679184216E-1,1.377449641E0,1.593053098E0
2.853978813E1,-5.155868648E-1,-5.312332830E-1,2.692853308E-1,7.877519949E-1
2.854975813E1,-6.139929095E-2,5.707157296E-1,-2.292266411E-1,6.180867010E-1
2.855972713E1,-1.545705976E-1,-1.033473732E0,-3.182896757E-1,1.092368226E0
2.856969713E1,-2.335876955E-1,-1.401684596E0,-5.814126259E-1,1.535357795E0
2.857966613E1,-1.487141726E-1,-2.399896109E-1,-6.709720892E-1,7.279522394E-1
2.858963613E1,3.934198553E-2,-7.252368817E-1,1.487151593E-1,7.413720557E-1
2.859960513E1,-8.672303742E-1,-2.647742916E0,2.097616110E0,3.487495436E0
2.860957513E1,-2.029254265E-2,-5.517912161E-1,6.913051969E-1,8.847531909E-1
2.861954413E1,3.607411557E-1,1.357095776E0,-1.544436765E-1,1.412691040E0
2.862951413E1,-3.286833208E-1,-1.341181409E0,2.111634809E0,2.523054075E0
2.863948313E1,-2.417200578E-2,-1.715507291E0,1.326243820E0,2.168518439E0
2.864945313E1,-2.043671672E-1,-1.285013348E-1,-8.718397343E-1,9.046452644E-1
2.865942213E1,6.304549778E-1,6.231249082E-1,-5.041095114E-1,1.019747287E0
2.866939213E1,1.063033161E0,8.229494101E-1,-3.321176391E0,3.582945416E0
2.867936113E1,3.479744547E-1,2.025838029E-1,-3.386588023E0,3.410440566E0
2.868933113E1,2.445832201E-1,4.226285613E-1,-3.487350166E0,3.521370051E0
2.869930013E1,6.293687844E-1,-2.702685401E-1,-2.769620233E0,2.853059127E0
2.870927013E1,7.174673939E-1,-1.385877818E-1,-3.568117756E0,3.642173850E0
2.871923913E1,-4.797465026E-2,3.737955397E-1,-4.059394383E-1,5.539056781E-1
2.872920913E1,-8.396327589E-3,-8.732869202E-1,2.062852074E0,2.240102503E0
2.873917813E1,-6.117128243E-1,-2.021326610E0,2.835126005E0,3.535235962E0
2.874914813E1,-4.585849907E-1,-6.879307687E-2,2.759419765E0,2.798111885E0
2.875911713E1,-2.649269624E-1,2.118357353E0,1.439734767E0,2.574968033E0
2.876908713E1,-7.828727402E-2,-3.529692194E-1,1.902855881E0,1.936898725E0
2.877905613E1,-2.203910597E-2,-1.906969398E0,6.797125071E-1,2.024605418E0
2.878902513E1,-5.448439930E-1,1.040720186E0,-2.525932842E-1,1.201564335E0
2.879899513E1,-5.110269868E-1,1.982398187E0,1.021314447E0,2.287823060E0
2.880896413E1,-8.824028756E-1,-1.633348941E0,2.394581575E0,3.029931438E0
2.881893413E1,-2.873047683E-3,-1.251228136E0,9.211036956E-1,1.553709149E0
2.882890313E1,-2.354324920E-1,2.220972187E0,1.728875488E-1,2.240097324E0
2.883887313E1,-6.852468967E-2,-2.221912712E-2,2.319643659E0,2.320761950E0
2.884884213E1,1.543796312E-1,-1.186812285E0,2.049977674E0,2.373765982E0
2.885881213E1,1.820110690E-1,4.518017820E-1,-6.356882358E-1,8.008448117E-1
2.886878113E1,-8.346202333E-2,8.577534994E-1,2.516197228E-1,8.977858654E-1
2.887875113E1,-3.078802066E-1,-6.459647173E-1,2.611967604E0,2.708216277E0
2.888872013E1,-1.523423882E-1,-1.723156911E-1,-3.409932446E-1,4.113116744E-1
2.889869013E1,-2.944036719E-1,3.256937125E-1,-9.200371635E-1,1.019420570E0
2.890865913E1,-7.271666821E-1,3.797602844E-1,4.634485584E-1,9.422175033E-1
2.891862913E1,-1.060377356E0,1.286136013E-1,-9.462490618E-1,1.426999959E0
2.892859813E1,-1.590921252E0,2.825760520E-1,-3.211856847E0,3.595400403E0
2.893856813E1,-9.894895139E-1,4.497692898E-1,-2.619580679E0,2.836121444E0
2.894853713E1,-1.046429115E0,-1.342971534E0,-7.495229995E-1,1.860207290E0
2.895850713E1,-5.647063268E-1,-1.098303858E0,-6.989317203E-1,1.419038460E0
2.896847613E1,-5.406793868E-1,-6.377277446E-1,-4.671732348E-1,9.577482481E-1
2.897844613E1,-6.368581905E-1,-1.607352805E0,-1.445766170E0,2.253754914E0
2.898841513E1,-8.296949042E-1,-1.899862984E0,-1.341335483E0,2.469221309E0
2.899838513E1,-6.593212927E-1,-1.081647187E-2,-1.208773842E0,1.376937095E0
2.900835413E1,-7.228257092E-1,1.843822977E-1,-2.962532741E-1,8.026455257E-1
2.901832413E1,-1.299214773E0,-8.848293239E-1,7.778814107E-1,1.753847612E0
2.902829313E1,-7.713278514E-1,3.039774460E-1,-1.874371170E0,2.049540492E0
2.903826313E1,-9.779035485E-1,1.786686909E0,-5.497598934E-1,2.109687513E0
2.904823213E1,-7.073329266E-1,1.610216479E0,9.404369295E-1,1.994376744E0
2.905820213E1,-1.523200993E0,-8.228204790E-1,-3.270394492E-1,1.761854026E0
2.906817113E1,-1.142834572E0,-1.926866595E0,-7.723645627E-1,2.369690434E0
2.907814013E1,-1.055174796E0,1.104363913E0,4.749243039E-1,1.599551998E0
2.908811013E1,-1.683344535E0,1.441178737E0,2.171647123E0,3.102691767E0
2.909807913E1,-6.604102635E-1,-4.801254022E-1,1.896444409E0,2.064742966E0
2.910804913E1,-2.584255895E-1,3.393753201E-2,1.476692094E0,1.499518283E0
2.911801813E1,-6.454840761E-1,9.831499627E-1,1.390380174E0,1.821095980E0
2.912798813E1,-1.528116601E0,-1.894339997E-1,1.053068336E0,1.865470050E0
2.913795713E1,-1.417826858E0,-1.267992688E0,3.201023126E-1,1.928860790E0
2.914792713E1,-9.683193773E-1,-1.492305621E0,4.116726333E-1,1.825949846E0
2.915789613E1,-7.558227897E-1,-1.518039217E0,1.685179830E0,2.390720020E0
2.916786613E1,-3.101040854E-1,-2.778702128E-1,1.094736180E0,1.171248779E0
2.917783513E1,-3.386482554E-1,-6.268811595E-1,1.221593277E0,1.414196862E0
2.918780513E1,-6.180768608E-1,-3.656283536E0,4.013397846E0,5.464228269E0
2.919777413E1,-1.116086922E0,-1.809741311E0,2.062077903E0,2.961921489E0
2.920774413E1,-1.033235458E0,4.345238444E-1,9.465835226E-1,1.467108329E0
2.921771313E1,-2.880917670E-1,-8.910960773E-1,1.638057704E0,1.886870988E0
2.922768313E1,-5.360037339E-1,-1.899204003E0,-9.434733886E-1,2.187331224E0
2.923765213E1,-1.064979261E0,-9.681553629E-1,-3.039218389E0,3.362789623E0
2.924762213E1,-6.465660303E-1,2.277724385E-1,-1.617160925E0,1.756455912E0
2.925759113E1,-9.507437434E-1,-3.186086413E-1,-1.095809144E-1,1.008678893E0
2.926756113E1,-1.302887701E0,-6.732735533E-1,-9.757114273E-1,1.761484155E0
2.927753013E1,-9.564672904E-1,1.797454557E-1,-1.052730952E0,1.433659849E0
2.928750013E1,-6.628731108E-1,2.230478883E-2,1.271459502E-1,6.753253714E-1
2.929746913E1,-8.943542920E-1,1.690845197E-1,3.991543293E-2,9.110721246E-1
2.930743913E1,-1.249721455E0,2.253870669E-1,-1.603433416E0,2.045385481E0
2.931740813E1,-9.612649309E-1,5.988446376E-1,-1.150529142E0,1.614423264E0
2.932737813E1,-5.480366093E-1,1.136045296E0,-1.803170210E-1,1.274149626E0
2.933734713E1,-8.924710500E-1,1.054464944E0,-1.058492798E0,1.740347062E0
2.934731713E1,-1.840231179E0,5.641259176E-1,-4.333523548E-1,1.972937684E0
2.935728613E1,-1.383962855E0,1.111738713E0,-7.859172392E-1,1.941386633E0
2.936725613E1,-1.614466235E0,3.673624331E-1,-1.296843435E0,2.103154601E0
2.937722513E1,-1.582925331E0,-1.196815116E0,-5.858559251E-1,2.069117249E0
2.938719413E1,-1.629536557E0,-2.123913378E-2,9.873608351E-2,1.632663255E0
2.939716413E1,-1.403372833E0,1.192201956E0,-2.310790390E-1,1.855855149E0
2.940713313E1,-1.684124554E0,-1.927553059E0,2.705302030E0,3.724297971E0
2.941710375E1,-7.258939625E-1,-2.053704690E0,2.953585916E0,3.669917542E0
2.942707275E1,-1.834343179E0,8.620599738E-1,1.588951617E0,2.575408616E0
2.943704275E1,-1.114782993E0,-6.497668692E-1,3.181398116E0,3.433108224E0
2.944701175E1,-1.114763624E0,-2.669232311E0,2.666400504E0,3.934106088E0
2.945698175E1,-2.093747592E0,-1.332477536E0,7.621792978E-1,2.596188099E0
2.946695075E1,-2.396969578E0,9.477108657E-1,5.872890776E-1,2.643582324E0
2.947692075E1,-1.921360857E0,-1.594609091E0,2.133380604E0,3.284161765E0
2.948688975E1,-1.743323666E0,-2.193048517E0,1.429574060E-1,2.805187341E0
2.949685975E1,-1.831108937E0,-7.403960806E-1,-3.520667017E-2,1.975445723E0
2.950682875E1,-1.702172131E0,8.453226113E-1,5.214488447E-1,1.970753455E0
2.951679875E1,-1.210107519E0,-1.736117557E0,1.262773463E0,2.464358172E0
2.952676775E1,-6.836403742E-1,-1.559240161E0,-1.898532450E-2,1.702631634E0
2.953673775E1,-3.048885883E-1,-7.074341565E-1,-9.809961408E-1,1.247306524E0
2.954670675E1,-1.296866239E0,-6.431448975E-1,5.733545780E-2,1.448718315E0
2.955667675E1,-1.003462678E0,-1.771461052E0,-1.453845853E-1,2.041114471E0
2.956664575E1,-8.859677768E-1,-1.563508043E0,-2.733684415E-1,1.817753176E0
2.957661575E1,-1.046188722E0,-3.825435591E-1,1.231134179E0,1.660283645E0
2.958658475E1,-1.854001225E0,5.216277695E-1,1.149750293E0,2.243065271E0
2.959655475E1,-1.862015565E0,-6.278944820E-1,5.189895058E-1,2.032413234E0
2.960652375E1,-4.392093645E-1,-9.860124671E-1,9.598099244E-1,1.444423948E0
2.961649375E1,-1.008038709E0,9.519065353E-1,-1.612765573E0,2.126800622E0
2.962646275E1,-2.405475522E0,1.184280148E0,-1.164519775E0,2.923172637E0
2.963643275E1,-2.132937385E0,-6.402809313E-1,-9.568833929E-1,2.423841453E0
2.964640175E1,-1.524117106E0,-1.466728730E0,-1.280500467E0,2.472631709E0
2.965637175E1,-1.317882740E0,-2.580116066E-1,-9.712827462E-1,1.657339759E0
2.966634075E1,-1.332569922E0,1.367642691E0,7.064412993E-1,2.035988320E0
2.967630975E1,-2.599657753E0,-7.481044650E-2,2.138132052E0,3.366812396E0
2.968627975E1,-1.054899465E0,-1.009049912E0,9.824386489E-1,1.759596631E0
2.969624875E1,-3.300574165E-1,-4.527458149E-1,7.564835250E-1,9.413734619E-1
2.970621875E1,-1.513941781E0,2.339868886E0,3.566515034E-1,2.809663043E0
2.971618775E1,-2.903784303E0,7.440713480E-1,7.930461645E-1,3.100730183E0
2.972615775E1,-3.301005836E0,-1.672465937E0,-1.083418894E-1,3.702096676E0
2.973612675E1,-1.409588277E0,-1.305584730E0,-4.107125205E-1,1.964732901E0
2.974609675E1,-1.400518954E0,7.763634735E-1,-1.071040338E-1,1.604887802E0
2.975606575E1,-2.760029337E0,-1.222015446E0,2.867382755E0,4.163288070E0
2.976603575E1,-2.504740194E0,-1.943044379E0,2.636683785E0,4.123256757E0
2.977600475E1,-2.125054315E0,-2.300759491E0,1.182674210E0,3.347845332E0
2.978597475E1,-1.409458615E0,-1.325937425E0,2.174851981E0,2.911127752E0
2.979594375E1,-1.860231434E0,2.577511132E-1,7.103776449E-1,2.007867780E0
2.980591375E1,-3.409485134E0,-7.250559103E-1,-4.288453209E-1,3.512008437E0
2.981588275E1,-2.673322730E0,-3.015612010E0,-6.271255732E-1,4.078462541E0
2.982585275E1,-1.157630805E0,-2.268256281E0,-1.806676785E0,3.122367154E0
2.983582175E1,-1.247557839E0,-1.063132856E0,1.633199837E0,2.313869862E0
2.984579175E1,-1.111132065E0,-1.520452071E0,2.689451982E0,3.283221121E0
2.985576075E1,-1.551539962E0,-1.093871377E0,2.821907204E-1,1.919234859E0
2.986573075E1,-2.289802686E0,-1.910696121E0,1.818395190E0,3.492923858E0
2.987569975E1,-1.435651949E0,-8.616296187E-1,7.111868995E-1,1.819145108E0
2.988566975E1,-2.968123848E0,-5.750941247E-2,-7.966959965E-1,3.073725919E0
2.989563875E1,-2.489304714E0,-7.889884892E-1,1.290804430E0,2.912956724E0
2.990560875E1,-1.282116637E0,-5.827548543E-1,-4.103242654E-1,1.466898870E0
2.991557775E1,-2.266981296E0,1.373449561E-1,-1.328330106E0,2.631069878E0
2.992554775E1,-1.696247732E0,1.380548081E-1,1.113736707E0,2.033894037E0
2.993551675E1,-2.163209298E0,-5.020641553E-1,9.678860986E-1,2.422467003E0
2.994548575E1,-2.035252485E0,-2.378714570E-1,-2.520886695E-1,2.064554239E0
2.995545575E1,-1.531923723E0,8.200339884E-2,9.694239163E-1,1.814744495E0
2.996542475E1,-1.362341459E0,1.147325745E0,1.898199159E-1,1.791190168E0
2.997539475E1,-2.983363154E0,6.330856401E-1,5.735884666E-1,3.103265517E0
2.998536375E1,-2.178525202E0,-2.125907278E-1,2.464180398E0,3.295959937E0
2.999533375E1,-1.015714495E0,-3.903563163E-1,1.152354058E0,1.584920776E0
3.000530275E1,-1.672022572E0,-6.246273503E-1,1.655136836E0,2.434193245E0
3.001527275E1,-8.724821971E-1,7.594363689E-2,1.812115281E0,2.012648606E0