"Time (s)","Linear Acceleration x (m/s^2)","Linear Acceleration y (m/s^2)","Linear Acceleration z (m/s^2)","Absolute acceleration (m/s^2)"
7.893249975E-3,6.035658622E-1,4.839018264E-1,-1.492279601E-1,7.878589415E-1
1.786324999E-2,2.189560068E0,1.895398343E0,-4.182208132E0,5.087000395E0
2.783325000E-2,1.975183600E0,7.603613985E-1,-2.245795664E0,3.085951697E0
3.780325002E-2,2.101486382E0,-5.116459876E-1,-2.409938702E0,3.238183314E0
4.777324997E-2,5.102680547E-1,-3.679808054E0,1.796320197E0,4.126515122E0
5.774324998E-2,-4.655944135E-1,-3.103971917E0,3.220932895E0,4.497313480E0
6.771325000E-2,1.091163239E0,2.621961665E-1,3.347796425E0,3.530881610E0
7.768325001E-2,1.105331481E0,3.576126103E0,1.830169144E0,4.166527893E0
8.765225002E-2,1.748941670E-1,2.174752286E0,1.539837930E0,2.670437478E0
9.762224997E-2,6.438170350E-1,4.416808364E-1,-2.151791732E0,2.289058757E0
1.075922500E-1,2.405490871E0,2.143905593E0,-5.422751065E0,6.307848020E0
1.175622500E-1,9.965771433E-1,1.535416265E0,-5.537114418E0,5.831835490E0
1.275322500E-1,1.929573272E0,-1.932566169E0,2.241070529E0,3.532769753E0
1.375022500E-1,1.257071551E0,5.815301549E-1,9.916661400E-1,1.703469383E0
1.474722500E-1,-1.795661508E0,3.462252163E0,1.735996227E0,4.269106838E0
1.574422500E-1,-6.882147972E-1,-2.644210321E-1,4.718355122E0,4.775608144E0
1.674122500E-1,-2.689530335E0,-1.146767043E0,1.581553136E0,3.324147770E0
1.773822500E-1,-2.244613065E-1,3.074646377E0,-5.008246626E0,5.881017555E0
1.873522500E-1,9.299652971E-1,-7.775615680E-1,-2.041403317E-1,1.229272436E0
1.973212500E-1,4.764330317E-1,-4.893948178E0,1.638849417E0,5.183005365E0
2.072912500E-1,-1.462245743E-1,1.971270643E0,-1.736990839E0,2.631430552E0
2.172612500E-1,-1.741911563E0,2.132887684E0,-2.138736069E-2,2.753892370E0
2.272312500E-1,1.434297003E0,-2.477773713E0,2.927764612E0,4.094920767E0
2.372012500E-1,5.010230951E-1,-1.437123401E0,2.394386863E0,2.837152844E0
2.471712500E-1,-7.826675029E-1,-7.872188294E-1,2.515903113E0,2.749918250E0
2.571412500E-1,-1.620301172E0,-1.225938928E0,2.720621150E0,3.395597383E0
2.671112500E-1,-2.867209677E0,5.524551675E-1,5.225957760E0,5.986378919E0
2.770812500E-1,1.001603483E0,3.111777366E0,-3.453263823E0,4.755144471E0
2.870512500E-1,8.324977671E-1,-1.754494186E0,-5.595087222E0,5.922525087E0
2.970212500E-1,-3.090762472E0,-3.923545145E0,-4.529532157E0,6.742676080E0
3.069912500E-1,-1.247147510E-1,-4.672907639E-1,-7.398130547E0,7.413922715E0
3.169602500E-1,8.928730461E-1,-2.056062287E-1,-7.726493222E-1,1.198533760E0
3.269302500E-1,-2.006282017E-1,-1.483691503E0,3.240911077E0,3.570027557E0
3.369002500E-1,7.597323842E-1,8.128711492E-2,2.443152641E0,2.559842909E0
3.468702500E-1,1.189384182E0,1.566417910E0,1.509880890E0,2.479524169E0
3.568402500E-1,1.358086440E0,2.396630439E-1,9.568985957E-1,1.678538673E0
3.668102500E-1,-7.431913421E-1,-2.738137946E0,4.029335017E0,4.928009077E0
3.767802500E-1,-2.944040556E-1,-1.967108595E0,1.223779551E0,2.335342879E0
3.867502500E-1,-1.232838643E-1,1.264873783E0,-1.385497164E0,1.880081644E0
3.967202500E-1,1.934192426E-1,2.752346680E0,9.601625115E-1,2.921426929E0
4.066902500E-1,-7.647918338E-1,9.019341838E-1,-8.296386248E-1,1.444538704E0
4.166602500E-1,-3.825848550E-1,-1.083839893E0,-3.318521170E0,3.511931497E0
4.266292500E-1,3.154602081E-2,-2.021268723E0,1.231789067E0,2.367240315E0
4.365992500E-1,-2.749019469E-1,3.154368192E-2,2.700761082E0,2.714898987E0
4.465692500E-1,-3.112460101E-1,2.875280881E0,1.559281676E0,3.285646598E0
4.565392500E-1,-1.455013834E0,9.895582187E-1,-2.481446056E0,3.042016643E0
4.665092500E-1,-2.879993445E0,-1.403477937E0,-1.645059745E0,3.601435009E0
4.764792500E-1,-2.341133492E0,-1.224757498E0,6.001032507E-1,2.709439217E0
4.864492500E-1,-5.532326644E-1,1.148646339E0,1.463354595E0,1.940840401E0
4.964192500E-1,-9.991848553E-1,8.383325574E-1,-1.740921337E0,2.175311231E0
5.063892500E-1,1.918929366E-1,1.782728637E0,-2.626521909E0,3.180182641E0
5.163592500E-1,1.631096886E0,-7.188069910E-2,-4.220824313E0,4.525594079E0
5.263292500E-1,-6.012982754E-1,-3.046798720E0,-2.275957357E0,3.850262841E0
5.362982500E-1,1.070658003E0,2.149596103E0,5.426485097E-1,2.462019368E0
5.462682500E-1,-1.662531883E-1,2.110118919E0,5.924847965E0,6.291586873E0
5.562382500E-1,1.805266802E-1,-3.898705004E0,4.501146263E0,5.957584097E0
5.662082500E-1,3.598137069E0,1.307019636E0,-2.058008240E0,4.346295965E0
5.761782500E-1,1.631533965E0,1.612471750E0,1.005387801E0,2.504550430E0
5.861482500E-1,6.144260786E-1,2.184035034E0,1.291649938E-1,2.272490271E0
5.961182500E-1,1.056840375E0,3.756931074E0,-2.499468929E0,4.634521291E0
6.060882500E-1,-6.900334275E-1,1.534521641E0,-5.200221241E0,5.465638458E0
6.160580000E-1,-6.553150729E-1,-1.501048963E0,-2.846015859E0,3.283655296E0
6.260280000E-1,-6.755589375E-1,-3.814752728E-1,-5.851636147E-1,9.717611424E-1
6.359980000E-1,-6.647374224E-1,-4.460674176E-1,4.196109887E0,4.271790042E0
6.459670000E-1,5.912725664E-1,8.785266101E-2,5.983538223E0,6.013322792E0
6.559370000E-1,1.105546220E0,3.382701378E0,2.741086990E-1,3.569318792E0
6.659070000E-1,1.409417685E0,3.868877479E-1,-1.299491054E-1,1.467319703E0
6.758770000E-1,3.741008009E-1,1.085695800E0,-9.667488152E-1,1.501096283E0
6.858470000E-1,-1.510908538E0,1.455157968E0,-5.147992741E0,5.558971000E0
6.958170000E-1,-1.734254342E0,-8.749925530E-1,-6.059847311E0,6.363568144E0
7.057870000E-1,-7.509666771E-1,-3.943549932E0,-5.652675864E0,6.933129267E0
7.157570000E-1,8.860669602E-2,-4.245085288E0,-2.283186854E0,4.820948295E0
7.257270000E-1,2.979056388E0,-4.046749780E0,6.415477890E0,8.149191205E0
7.356970000E-1,-7.044654521E-1,-5.413738167E-1,6.677464142E0,6.736310901E0
7.456670000E-1,1.903555208E-1,6.275562206E-1,7.942238522E0,7.969266891E0
7.556360000E-1,3.237384767E-1,-1.302343910E0,8.929277760E0,9.029557441E0
7.656060000E-1,8.268641210E-1,1.957490218E0,8.519966233E-1,2.289403956E0
7.755760000E-1,2.538937635E0,1.537397302E0,-6.687295650E0,7.316400610E0
7.855460000E-1,3.667232593E-1,-1.324404870E0,-6.841232958E0,6.977893851E0
7.955160000E-1,-1.030957967E0,-4.498150443E0,-5.968471118E0,7.544460167E0
8.054860000E-1,-9.289848652E-1,-1.440037068E0,-1.899339951E0,2.558165727E0
8.154560000E-1,-6.919486099E-1,-5.524186224E-2,1.977958689E0,2.096226399E0
8.254260000E-1,-1.824410660E0,2.015450158E0,2.408896728E0,3.632257844E0
8.353960000E-1,-2.464422765E0,-3.956986248E-2,5.791816792E0,6.294448911E0
8.453660000E-1,5.732912819E-1,2.233080894E-1,5.290957164E0,5.326608405E0
8.553360000E-1,-8.778006052E-1,1.946247776E0,9.734573257E-1,2.346493868E0
8.653060000E-1,-3.663240407E-1,8.025443816E-1,2.568740308E-1,9.188335295E-1
8.752750000E-1,-5.561716577E-1,4.231390232E-1,2.251050557E0,2.357032489E0
8.852450000E-1,-8.615905885E-1,4.024292963E0,-3.886525546E0,5.660596524E0
8.952150000E-1,1.895914725E-1,2.009795024E0,-4.817630904E0,5.223484325E0
9.051850000E-1,6.711568612E-1,-1.543796202E0,-1.353849109E0,2.160246666E0
9.151550000E-1,1.091649288E0,1.133102685E-1,-3.544429516E0,3.710460616E0
9.251250000E-1,-3.169040318E-1,-1.864185905E-1,-1.569108506E0,1.611608377E0
9.350950000E-1,-7.302543774E-1,-1.204217691E0,1.742879570E-1,1.419079982E0
9.450650000E-1,4.962668968E-1,-3.646449688E0,3.677296382E-1,3.698391711E0
9.550350000E-1,3.121911029E-1,-2.311681798E0,-1.612989521E-1,2.338237236E0
9.650050000E-1,-3.086502483E-1,1.766370758E-1,1.913276204E0,1.946045083E0
9.749750000E-1,1.133326341E0,1.269217680E0,1.601825432E0,2.336918233E0
9.849440000E-1,-1.604731791E-1,1.055135035E0,6.858503294E-1,1.268641895E0
9.949140000E-1,-4.616024828E-1,1.184250035E0,1.143630012E0,1.709799579E0
1.004884000E0,1.607510680E0,1.426664194E0,2.656349140E-1,2.165646143E0
1.014854000E0,6.645996474E-1,1.693141691E0,-1.636028720E0,2.446428305E0
1.024824000E0,-1.254858160E-1,2.046683061E0,-1.240617194E0,2.396620383E0
1.034794000E0,-1.038342562E0,-3.365026415E0,3.982199442E-1,3.544028382E0
1.044764000E0,-2.248615118E-1,-2.952650654E0,-6.128150976E-1,3.023946251E0
1.054734000E0,6.280288218E-1,3.264452552E0,-3.654208651E0,4.940072017E0
1.064704000E0,-2.027481828E-1,3.131627493E0,-1.131270753E0,3.335861373E0
1.074674000E0,1.967812454E0,1.270845544E-1,1.480278776E0,2.465696979E0
1.084644000E0,5.443762889E-1,6.877459967E-1,-5.054859459E-1,1.012351787E0
1.094614000E0,1.680202534E-1,2.371318427E0,-8.920827949E-1,2.539132451E0
1.104583000E0,7.121817302E-1,2.524884437E0,3.477165486E0,4.355792012E0
1.114553000E0,-3.656116671E-1,-1.213595456E-1,2.495270628E0,2.524831784E0
1.124523000E0,-1.313528757E0,-1.233093289E0,2.305248984E0,2.925756266E0
1.134493000E0,8.921517920E-1,5.356862301E-1,6.806381214E-1,1.243447952E0
1.144463000E0,5.101596254E-1,-6.969936606E-1,6.464079362E-1,1.078844857E0
1.154433000E0,-9.254372133E-1,9.503947377E-2,-1.841253126E0,2.062929861E0
1.164403000E0,-1.120178438E0,-2.133717404E0,-9.803400832E-1,2.601656467E0
1.174373000E0,-2.818781137E-1,-4.365755154E0,-2.995932037E-1,4.385091724E0
1.184343000E0,9.726064827E-2,-1.003844428E0,-2.980809383E0,3.146805975E0
1.194313000E0,-1.995829388E-1,3.014905667E0,-3.327124178E0,4.494356998E0
1.204282000E0,9.304445495E-1,-2.041355955E0,1.350867029E0,2.618721621E0
1.214252000E0,-1.026918199E0,-4.290189540E0,-3.714525604E-1,4.426992691E0
1.224222000E0,-2.177732027E0,-2.519466991E0,2.812831156E0,4.359157008E0
1.234192000E0,-7.364183660E-1,2.914848697E-1,5.056055215E0,5.117711381E0
1.244162000E0,-1.322923771E0,1.784842990E0,3.911376212E0,4.498294752E0
1.254132000E0,1.181633260E0,1.166270724E0,1.488381847E0,2.229736550E0
1.264102000E0,2.165563643E-1,-1.815025732E0,-2.897649697E0,3.426016467E0
1.274072000E0,-3.665073143E-1,-2.246316651E0,-2.481455997E0,3.367178340E0
1.284042000E0,5.531372086E-1,-1.899602491E-1,-3.381265302E0,3.431472091E0
1.294012000E0,-1.841887695E0,4.474277723E-1,-4.771037366E0,5.133764646E0
1.303982000E0,-1.970866162E-2,-1.942457027E0,1.305853994E0,2.340679898E0
1.313952000E0,1.768117029E0,-5.687007791E-1,4.043101117E0,4.449306131E0
1.323921000E0,1.736601706E0,1.967086084E0,5.980871893E0,6.531159295E0
1.333891000E0,7.013305405E-1,3.299136188E0,2.097817254E0,3.972027360E0
1.343861000E0,-5.801387734E-1,2.778129101E-2,6.891697937E-1,9.012701044E-1
1.353831000E0,1.651527788E0,3.376036137E-2,2.252452719E-1,1.667159030E0
1.363801000E0,2.235323886E0,1.993848497E0,-3.201604924E0,4.384333335E0
1.373771000E0,-9.111057609E-1,1.156433953E0,-3.047493369E0,3.384474705E0
1.383741000E0,-2.814319857E0,-8.913744047E-1,-3.064767798E0,4.255319758E0
1.393711000E0,2.971133995E-1,-2.929862008E0,-1.767310991E0,3.434494999E0
1.403681000E0,-4.565970470E-1,6.788316241E-1,-1.297021775E0,1.533479286E0
1.413651000E0,8.064662553E-2,-2.046729254E0,2.138040251E0,2.960881732E0
1.423620000E0,2.212973415E-1,-1.973619470E0,7.298320915E0,7.563705078E0
1.433590000E0,1.678047689E0,4.142171954E0,1.975081859E0,4.886141718E0
1.443560000E0,1.178848450E0,-1.186644177E0,-1.169489908E0,2.040959264E0
1.453530000E0,-8.252290933E-1,-1.291118426E0,-2.897956091E-1,1.559477906E0
1.463500000E0,-2.692988378E0,3.809369781E0,-3.191218514E0,5.652199584E0
1.473470000E0,-2.004043556E0,3.737548139E0,-6.382048189E0,7.662636345E0
1.483440000E0,6.291511948E-1,8.895986053E-1,-4.815756871E0,4.937482268E0
1.493410000E0,1.557315403E0,2.468171123E-1,-2.909539425E-1,1.603372742E0
1.503380000E0,9.936818945E-1,7.758807859E-1,4.620839937E0,4.789734484E0
1.513350000E0,1.320092403E0,-2.519219069E0,5.749752508E0,6.414730125E0
1.523320000E0,-6.274343792E-1,2.329384536E-2,3.480258079E0,3.536440696E0
1.533289000E0,8.734437717E-1,2.965301690E0,-4.616454526E0,5.555859116E0
1.543259000E0,3.710551252E0,1.828357969E0,-4.329887164E0,5.988238999E0
1.553229000E0,2.292586107E0,-1.860155127E0,4.819783849E-1,2.991392873E0
1.563199000E0,-6.912863396E-2,-1.284871261E0,4.138951600E-2,1.287395051E0
1.573169000E0,-3.151523522E0,1.181871387E0,9.934308296E-1,3.509391015E0
1.583139000E0,-2.929678698E0,9.187493142E-1,4.793500614E-1,3.107554353E0
1.593109000E0,-1.974049825E0,-7.907441157E-1,2.268758265E0,3.109567982E0
1.603079000E0,-1.650549549E0,-1.528270675E0,4.007206230E0,4.595391913E0
1.613049000E0,-5.592709744E-1,6.118894833E-1,-1.488689411E-1,8.422319896E-1
1.623019625E0,1.592438458E0,2.914565107E-1,-8.091909117E-1,1.809861064E0
1.632989625E0,-1.223013128E0,-4.609754786E-1,-5.073781049E-1,1.402031399E0
1.642958625E0,-2.292010595E-1,4.544631422E-2,-2.084310186E0,2.097366788E0
1.652928625E0,-2.197383642E0,1.191589460E-1,-5.751841718E0,6.158439484E0
1.662898625E0,3.964819690E-1,-3.887011157E0,-1.451676536E0,4.168143286E0
1.672868625E0,1.667629193E-1,-2.487211703E0,2.528713778E0,3.550834451E0
1.682838625E0,-3.166764874E0,-1.858211513E0,4.517687452E0,5.821584810E0
1.692808625E0,-1.088164129E0,1.218632540E0,6.293698515E0,6.502292475E0
1.702778625E0,-3.430923658E0,3.159234245E0,1.433848960E0,4.879336123E0
1.712748625E0,-2.193199228E0,-7.587925905E-1,-1.608750874E0,2.823821600E0
1.722718625E0,-3.927502394E-1,-4.380254788E0,-2.981737336E0,5.313345678E0
1.732688625E0,-2.673541124E0,-1.902068554E0,2.797892690E-3,3.281111817E0
1.742657625E0,-1.976698468E0,3.421903159E0,1.493249069E0,4.224517824E0
1.752627625E0,-2.839579244E0,3.820854005E0,1.094223379E0,4.884614664E0
1.762597625E0,-2.752149922E0,-6.388001239E-1,7.778328788E0,8.275553971E0
1.772567625E0,1.248095307E-1,5.573805696E-1,1.348723440E0,1.464686122E0
1.782537625E0,4.299696674E-1,1.129293517E0,-4.563941267E0,4.721200869E0
1.792507625E0,1.683630610E0,-2.445974800E0,-1.949751720E0,3.552314249E0
1.802477625E0,2.241673012E-1,-2.219304561E0,-5.964827133E0,6.368259294E0
1.812447625E0,-3.133024393E0,9.121188641E-2,-4.007070574E0,5.087315210E0
1.822417625E0,-3.520743030E-1,9.350343946E-1,-1.272514924E0,1.617881289E0
1.832387625E0,3.308479966E-1,-2.930492923E-1,5.837246150E-1,7.321698646E-1
1.842356625E0,-1.625413831E0,-6.050573042E-1,6.802042580E-1,1.862992833E0
1.852326625E0,1.518080586E0,-2.014038348E-1,-4.133700800E-1,1.586192609E0
1.862296625E0,2.695349484E0,-2.066703635E0,1.151108601E0,3.586254839E0
1.872266625E0,1.377729577E0,4.340171832E-1,2.739484853E-1,1.470223614E0
1.882236625E0,1.259022328E0,-1.539371029E0,2.753960220E0,3.396924680E0
1.892206625E0,1.335182604E0,-7.552711049E-1,-8.203444755E-1,1.739572386E0
1.902176625E0,1.509120021E0,2.138356585E0,-5.452201737E0,6.047852172E0
1.912146625E0,3.231277497E0,1.210888195E0,-1.248563560E0,3.669647864E0
1.922116625E0,2.949814462E0,-9.750954232E-1,1.402401465E0,3.408657553E0
1.932086625E0,1.439981373E-1,9.409871525E-1,2.196872011E0,2.394251223E0
1.942056625E0,-7.445069656E-2,1.709842801E0,2.250288080E0,2.827172042E0
1.952025625E0,8.776593219E-1,2.053328129E0,2.972490549E-2,2.233232156E0
1.961995625E0,-2.163634975E0,-3.020145357E-2,-1.401941873E0,2.578307478E0
1.971965625E0,-2.059006908E-1,-2.496375167E-1,5.861769372E-1,6.695650723E-1
1.981935625E0,1.058544838E0,-2.203197236E0,7.401738864E-1,2.553909282E0
1.991905625E0,3.123170958E0,2.956374161E0,-2.119148481E0,4.794281520E0
2.001875625E0,-1.543332006E-1,2.144654621E0,-1.113791086E0,2.421547597E0
2.011845625E0,1.359296522E0,-9.622350571E-1,1.432929193E0,2.197013748E0
2.021815625E0,-1.548507742E0,-8.848322475E-1,3.661524103E0,4.072783212E0
2.031785625E0,-1.780790431E0,-3.379160597E0,3.458881828E0,5.153038365E0
2.041755625E0,1.573186062E-2,-2.877489082E0,3.194247957E0,4.299233760E0
2.051724625E0,6.806054866E-2,-5.948524511E-1,1.153420590E0,1.299561747E0
2.061694625E0,2.017515614E-1,6.009443727E-1,-8.294620389E-1,1.043956467E0
2.071664625E0,6.565113401E-1,-7.939653468E-1,-2.984158083E0,3.156990272E0
2.081634625E0,9.474149966E-1,-1.445505092E0,-3.753331820E0,4.132139869E0
2.091604625E0,1.170944403E-1,-6.814602399E-1,8.198112094E-1,1.072468921E0
2.101574625E0,-1.030731242E0,3.397255683E-1,2.460463908E0,2.689182589E0
2.111544625E0,-1.393911015E0,6.458618063E-1,-1.076646649E0,1.875977984E0
2.121514625E0,-6.639020745E-1,4.461706209E-1,5.446628755E-1,9.677250826E-1
2.131484625E0,-7.910512407E-1,1.740867250E0,-2.659927636E0,3.275911458E0
2.141454625E0,-3.337681692E-1,3.683225459E-1,-1.395311131E0,1.481200810E0
2.151423625E0,-7.733442637E-1,-2.239013186E0,1.732465678E-1,2.375132790E0
2.161393625E0,3.975880795E-1,-1.741988454E0,-6.081396639E-2,1.787819452E0
2.171363625E0,1.372673635E0,8.429863563E-1,-1.328738827E0,2.088158465E0
2.181333625E0,5.361038309E-1,-5.696445197E-1,8.695569813E-1,1.169628804E0
2.191303625E0,2.252085368E0,4.252990724E0,-8.490157127E-3,4.812472408E0
2.201273625E0,-1.767992264E-1,5.428631026E-1,-3.165594846E-1,6.528156109E-1
2.211243625E0,3.167708614E-1,-5.012147303E0,3.767931733E0,6.278477038E0
2.221213625E0,1.639197911E0,-1.339748549E0,-2.616685138E0,3.365848641E0
2.231183625E0,3.587054841E-1,-3.254373121E-1,-1.066360812E0,1.171197869E0
2.241153625E0,6.496022701E-1,4.361125329E-1,-2.176224908E0,2.312602884E0
2.251122625E0,7.138895557E-1,-2.471121335E0,-2.981593494E0,3.937763162E0
2.261092625E0,-5.258585589E-1,-3.216227641E0,6.784524322E-3,3.258940547E0
2.271062625E0,-1.183795706E0,-3.420755643E0,5.102256989E0,6.255874665E0
2.281032625E0,-2.606937245E0,1.210009359E0,4.511127461E0,5.348879828E0
2.291002625E0,-1.034121823E0,1.073823028E0,3.154299780E0,3.488855248E0
2.300972625E0,-1.435948403E0,-9.607343692E-1,5.009197968E0,5.298775578E0
2.310942625E0,6.990949307E-2,-3.719606835E-1,2.811229604E0,2.836591964E0
2.320912625E0,8.383229095E-1,2.094986325E0,-3.704743212E-1,2.286701604E0
2.330882625E0,3.701519569E-1,4.109018533E0,-1.955282017E0,4.565541977E0
2.340852625E0,1.130713074E0,3.956650326E0,-7.292536849E0,8.373451353E0
2.350821625E0,-6.320324104E-1,3.490237522E0,-8.177227010E0,8.913375595E0
2.360791625E0,-7.214043242E-1,-4.267052400E-1,-5.404715914E-1,9.973019111E-1
2.370761625E0,5.017572496E-1,-5.067875361E-1,2.242410711E0,2.353083029E0
2.380731625E0,-1.284575245E0,1.572870313E0,5.242380250E0,5.621975211E0
2.390701625E0,-2.048108612E-1,2.546416224E0,-2.173438709E0,3.354104783E0
2.400671625E0,-9.169251291E-1,6.909841847E-1,-1.041935238E0,1.550432158E0
2.410641625E0,-1.559695805E-1,1.895159776E0,-2.920000094E-1,1.923855788E0
2.420611625E0,5.481276066E-1,1.224360180E0,3.885007024E-1,1.396579578E0
2.430581625E0,1.577900672E0,1.582431972E-2,-8.679127443E-1,1.800914621E0
2.440551625E0,-7.256132231E-1,-1.162780228E0,-3.157616320E0,3.442254092E0
2.450520625E0,-1.473314742E0,-2.723876587E0,-2.836006595E0,4.199177705E0
2.460490625E0,3.513691654E-1,3.536796561E-1,-4.688898604E0,4.715328165E0
2.470460625E0,-1.413558537E0,-2.644558522E0,3.810689498E0,4.849040314E0
2.480430625E0,-1.274629789E-1,-2.614033718E0,7.099125574E0,7.566174925E0
2.490400625E0,-2.225024892E0,-5.882942140E-2,4.977706034E0,5.452683195E0
2.500370625E0,-4.068655277E-1,1.470366868E0,1.286492109E0,1.995640306E0
2.510340625E0,7.581715431E-1,2.554087478E0,-4.147909534E0,4.929841827E0
2.520310625E0,-5.440269543E-1,-1.433959180E0,3.860659218E-1,1.581534430E0
2.530280625E0,2.030095168E-1,1.148290828E-1,1.682285458E0,1.698376562E0
2.540249625E0,-9.697200778E-1,1.137412668E0,1.991461079E0,2.489976272E0
2.550219625E0,6.571641818E-1,4.450125799E-1,7.141713184E-1,1.067680491E0
2.560189625E0,-2.561061452E-1,-8.070505384E-1,-1.509278626E0,1.730561441E0
2.570159625E0,1.120149787E0,-1.353837707E0,-1.698431375E0,2.443825120E0
2.580129625E0,2.433387499E-1,6.098809648E-1,-5.066077927E0,5.108455158E0
2.590099625E0,1.664353291E-1,-6.109042275E0,-1.600960629E0,6.317529040E0
2.600069625E0,2.666882169E-1,-4.377539048E0,-4.658581960E-1,4.410328172E0
2.610039625E0,-2.613009578E-1,8.225196397E-1,3.247518430E0,3.360237001E0
2.620009250E0,-2.949741591E-1,1.835458243E0,1.126527608E1,1.141763381E1
2.629979250E0,1.101799835E0,3.225867945E0,5.126458030E0,6.156359217E0
2.639948250E0,-2.687836104E0,-3.891395107E-1,1.696850288E-1,2.721155176E0
2.649918250E0,9.529471204E-1,-1.767817944E-2,-3.475098495E0,3.603433125E0
2.659888250E0,1.130683107E0,2.163069550E0,-2.989834560E0,3.859588691E0
2.669858250E0,2.106079955E0,3.346855608E-1,-4.002921975E0,4.535523292E0
2.679828250E0,2.005272495E0,-3.438016916E0,-5.868655053E0,7.090993599E0
2.689798250E0,-4.660074462E-1,-5.182808817E0,-9.019831835E0,1.041326253E1
2.699768250E0,-3.719915275E-1,2.687146425E-2,-4.995026656E0,5.008931130E0
2.709738250E0,-9.554088713E-1,-2.286729097E-1,1.296567446E-1,9.909128531E-1
2.719708250E0,1.623865781E0,-1.323864003E0,3.364907132E0,3.963856200E0
2.729677250E0,2.060208548E0,-1.044914979E0,6.204664716E0,6.620737936E0
2.739647250E0,7.699081475E-1,-1.781394594E0,1.385105401E1,1.398634414E1
2.749617250E0,9.253956250E-1,3.348917336E0,2.310568196E0,4.172568726E0
2.759587250E0,1.183113701E0,1.415664119E0,-3.686747822E0,4.122617182E0
2.769557250E0,3.821939541E0,-2.518876715E0,-1.220247248E0,4.737189579E0
2.779527250E0,1.108308883E0,3.465883868E0,-2.428652131E0,4.374820081E0
2.789497250E0,-3.448776962E-1,2.090522560E0,1.255499527E0,2.462824448E0
2.799467250E0,-1.319536625E0,1.818297542E0,1.475244323E0,2.687699512E0
2.809437250E0,1.349214314E0,-1.063335170E0,2.054505174E0,2.678068792E0
2.819407250E0,1.823362692E0,1.194154049E0,-2.178102449E0,3.081361010E0
2.829376250E0,-2.306648368E-1,4.097851521E-1,-3.657696515E-1,5.957495915E-1
2.839346250E0,1.647713211E0,1.466917303E-1,-1.878837858E0,2.503299620E0
2.849316250E0,-1.094386078E0,1.405622111E0,3.750784189E-1,1.820477472E0
2.859286250E0,-1.588118389E0,2.393546033E0,2.657415673E0,3.913188046E0
2.869256250E0,1.895943595E-1,2.114193551E0,2.674241620E0,3.414283034E0
2.879226250E0,-8.569900724E-1,-1.178839898E0,2.889403954E0,3.236162959E0
2.889196250E0,5.664094014E-1,-1.353012958E0,3.020000930E0,3.357360465E0
2.899166250E0,-2.719269566E-2,3.394603971E-1,2.436661062E0,2.460343459E0
2.909136250E0,3.872558594E0,1.314853151E0,-3.845495049E0,5.613678032E0
2.919105250E0,2.314290095E0,-1.102136416E0,-3.535223660E0,4.366743597E0
2.929075250E0,3.907696413E-1,-4.117077751E0,-4.829807730E0,6.358464660E0
2.939045250E0,3.348462496E-1,-2.076980116E0,-8.364050227E-1,2.263965940E0
2.949015250E0,-2.849634993E0,8.135605359E-1,3.211565655E-1,2.980845833E0
2.958985250E0,-2.361334891E0,1.111546048E0,-6.333481801E-1,2.685622275E0
2.968955250E0,-3.264162457E-1,-5.819613871E-1,-1.530715104E0,1.669824946E0
2.978925250E0,2.000942778E-1,1.035708830E0,-3.900164176E0,4.040298393E0
2.988895250E0,6.548820135E-1,1.139562104E0,-6.616572992E0,6.745851347E0
2.998865250E0,1.428394750E-1,1.272443881E0,-6.273585847E0,6.402920890E0
3.008835250E0,4.213861010E-1,-3.377918648E0,-4.251399404E0,5.446310451E0
3.018804250E0,1.641531242E-1,-9.223741786E0,7.832782738E0,1.210193556E1
3.028774250E0,3.395455033E0,-5.300092853E0,1.257001910E1,1.405793297E1
3.038744250E0,1.618236520E0,4.886243886E0,4.584210055E0,6.892680943E0
3.048714250E0,-3.323459144E0,3.617786345E0,-2.739434566E0,5.624789815E0
3.058684250E0,-2.660636319E0,-2.484852644E0,-3.336281503E0,4.938041368E0
3.068654250E0,-3.280210213E0,-4.993427442E0,-4.503470532E0,7.481667160E0
3.078624250E0,1.943140274E0,-4.071843690E0,-5.317908735E0,6.973941387E0
3.088594250E0,-9.924771488E-3,-1.266213672E0,3.017040485E-1,1.301699235E0
3.098564250E0,-1.288271270E0,-1.099207253E0,5.612351711E0,5.862285491E0
3.108533250E0,-1.552017972E0,-1.220963240E0,1.308961789E1,1.323773423E1
3.118503250E0,-8.552064523E-1,2.676065952E-1,1.587498467E1,1.590025565E1
3.128473250E0,3.000938715E0,4.631145655E0,6.588554889E-1,5.557628433E0
3.138443250E0,7.659799880E-1,-4.488024527E-1,1.709176803E0,1.925989182E0
3.148413250E0,-1.714160385E0,-7.660030845E-1,7.849641430E-1,2.035012348E0
3.158383250E0,-1.802609608E0,2.019333002E-1,-4.276519042E0,4.645298007E0
3.168353250E0,1.910347773E0,2.435598623E0,-1.631007131E0,3.498821734E0
3.178323250E0,-2.797928065E0,2.453208098E-1,-9.427869254E-1,2.962672939E0
3.188293250E0,-2.149599904E0,-6.793426707E-1,1.784490110E0,2.875185414E0
3.198262250E0,1.533129127E0,4.899503325E0,1.512610955E0,5.351972501E0
3.208232250E0,2.951688202E0,3.762778290E0,-2.887090210E0,5.586255775E0
3.218202250E0,3.664293344E0,-1.174557690E0,-3.564720524E0,5.245365945E0
3.228172250E0,-2.184729683E0,1.581625641E0,-2.470484281E0,3.657577892E0
3.238142250E0,1.274175387E0,1.571087789E0,-3.224737678E0,3.806674776E0
3.248112250E0,7.421359196E-1,-4.184155547E0,-3.993965210E0,5.831782014E0
3.258082250E0,-2.000597061E0,-2.855200373E0,-2.867224880E0,4.513926925E0
3.268052250E0,-2.386084255E-1,3.487702169E0,-9.606987011E-1,3.625457543E0
3.278022250E0,7.390010080E-1,8.321899989E0,8.984200072E-1,8.402815030E0
3.287992250E0,1.844802386E-1,2.389821941E0,8.389047074E-1,2.539496599E0
3.297961250E0,2.143749326E0,-1.391768888E-1,-2.641334075E0,3.404655207E0
3.307931250E0,2.017483235E0,-2.660460902E0,-2.590491951E-2,3.339006122E0
3.317901250E0,-5.220755200E-1,-3.117188964E0,1.779945070E0,3.627345356E0
3.327871250E0,-1.517705049E0,-1.488312265E-1,4.128652899E0,4.401290050E0
3.337841250E0,-3.522094322E0,3.873035727E0,-3.758601331E0,6.444582075E0
3.347811250E0,3.808393150E-1,6.583284209E0,-9.975960352E0,1.195844699E1
3.357781250E0,6.529780870E-1,8.780216446E0,-1.021851221E1,1.348838660E1
3.367751250E0,-5.335923421E-1,-1.317921185E0,-3.131440675E0,3.439121652E0
3.377721250E0,-2.580332998E0,-9.913074718E0,1.231057815E1,1.601491502E1
3.387690250E0,-1.881700509E0,-3.933889454E0,1.430360862E1,1.495357825E1
3.397660250E0,-1.173067600E0,9.193390059E-1,5.685423780E0,5.877526296E0
3.407630250E0,3.516028713E-1,2.996108623E0,-6.938648740E0,7.566051665E0
3.417600250E0,3.299970294E0,-1.962362118E0,-6.351586534E0,7.421813830E0
3.427570250E0,2.587943149E0,-7.110545186E0,1.770058597E0,7.771126689E0
3.437540250E0,1.811814734E0,-4.116186635E0,2.983274569E0,5.396813152E0
3.447510250E0,-1.560628290E0,-3.111717724E0,5.506256906E0,6.514385080E0
3.457480250E0,-2.014961039E0,-2.135941685E0,5.130737023E0,5.911579930E0
3.467450250E0,3.562350355E-1,-2.668933810E0,5.838199246E0,6.429205357E0
3.477419250E0,-1.079737414E0,-4.145473876E0,7.562855968E0,8.691810912E0
3.487389250E0,1.570521340E0,1.586179453E0,-3.395472282E0,4.063463369E0
3.497359250E0,3.716723573E0,2.611504797E0,-7.963030052E0,9.167542693E0
3.507329250E0,2.043816171E0,5.686496159E-1,-5.141081917E0,5.561588820E0
3.517299250E0,-4.843237761E-1,-2.839600002E0,2.233184389E0,3.644860794E0
3.527269250E0,-3.763838975E0,7.922997674E-1,4.744736005E0,6.107924566E0
3.537239250E0,-3.392868517E0,4.313919588E0,-4.283564937E-1,5.504993031E0
3.547209250E0,-3.597144943E-1,2.222982460E0,-5.587587583E0,6.024299174E0
3.557179250E0,4.590705288E-1,-1.572355465E0,-5.948942587E0,6.170329437E0
3.567148250E0,1.636660146E-1,-4.313176991E0,1.162790753E0,4.470163829E0
3.577118250E0,5.266908735E-2,-4.639707148E-1,5.247818161E0,5.268551822E0
3.587088250E0,-1.342358600E0,1.631259146E-1,1.134395738E1,1.142426828E1
3.597058250E0,-1.752885763E0,2.721844388E0,6.249728038E0,7.038476108E0
3.607028250E0,6.199861228E-1,-8.438423887E-1,-3.627686850E0,3.775786627E0
3.616998000E0,2.699758285E0,2.388456032E-1,-9.912222193E0,1.027608344E1
3.626968000E0,3.073125808E0,5.220294147E0,-1.022315958E1,1.188312101E1
3.636938000E0,6.264891037E-1,2.631844044E0,-8.385156922E0,8.810785906E0
3.646908000E0,-3.347413140E0,-4.193730655E0,1.235445916E0,5.506258089E0
3.656877000E0,5.607340939E-2,-5.110295742E0,1.199423442E1,1.303763499E1
3.666847000E0,2.010874712E0,-3.147766685E-1,9.207635046E0,9.429912227E0
3.676817000E0,1.051846853E0,7.861279728E0,-3.659691585E0,8.734955253E0
3.686787000E0,1.115693478E0,4.859338216E0,-9.359396020E0,1.060453835E1
3.696757000E0,1.603282412E0,1.458432993E-1,-4.057923224E0,4.365607134E0
3.706727000E0,6.831845838E-1,3.312155599E0,-1.176065102E0,3.580536972E0
3.716697000E0,5.424458672E-1,4.812895828E-1,-1.369440710E0,1.549598348E0
3.726667000E0,-4.511763491E-1,-4.106514171E0,3.598136192E0,5.478467193E0
3.736637000E0,1.711557497E0,-3.184244833E0,6.319436204E0,7.280392720E0
3.746607000E0,4.703874127E-1,1.138440316E0,7.013145776E0,7.120500287E0
3.756576000E0,-1.003388053E0,9.504190037E-1,6.955520881E0,7.091498755E0
3.766546000E0,-2.971940545E-1,1.128417896E0,-8.510172147E-1,1.444258133E0
3.776516000E0,-2.666573289E0,3.047227028E0,-4.997596507E0,6.432120686E0
3.786486000E0,-1.859406391E0,9.440051928E-1,-8.240976278E0,8.500719261E0
3.796456000E0,1.100519076E-3,-1.960271154E0,-8.830919992E0,9.045872656E0
3.806426000E0,-8.021297409E-1,-4.498383454E0,-4.771726753E0,6.606681620E0
3.816396000E0,-2.860291836E0,-5.090717509E0,7.085146050E0,9.181283609E0
3.826366000E0,2.618470585E0,-1.701577762E0,1.154013615E1,1.195518705E1
3.836335000E0,9.380718038E-1,-4.203744596E0,1.115915146E1,1.196152618E1
3.846305000E0,7.328354846E-1,-3.084629913E0,2.124544292E0,3.816500753E0
3.856275000E0,-6.238261355E-1,2.881709602E-1,1.997245145E-1,7.156056396E-1
3.866245000E0,-5.405915324E-1,-4.054944652E-1,-2.228137658E0,2.328360451E0
3.876215000E0,-2.825724340E-1,-1.504793812E0,-4.867564371E0,5.102688949E0
3.886185000E0,-6.549286450E-1,-2.123832978E0,-4.563872854E0,5.076271612E0
3.896155000E0,2.104636277E0,5.403002679E-2,-6.836472740E0,7.153305014E0
3.906125000E0,-1.048381647E0,-1.770307981E0,-5.763728523E0,6.119939616E0
3.916095000E0,8.315030095E-1,-1.776006385E0,1.447430872E0,2.437345290E0
3.926065000E0,2.786651710E0,-2.497043796E0,4.558806242E0,5.897742774E0
3.936034000E0,2.002928785E0,-3.545373257E0,7.614082255E0,8.634561010E0
3.946004000E0,3.813698767E0,1.943339664E-1,4.235074562E0,5.702448643E0
3.955974000E0,2.230897397E0,-4.602945703E-1,-5.444471133E-1,2.342049732E0
3.965944000E0,1.892926578E0,1.118375011E0,-6.461103129E-1,2.291591637E0
3.975914000E0,-5.572159705E-1,4.681574089E0,-2.801918498E0,5.484375339E0
3.985884000E0,-5.582391236E-1,3.416244516E0,-5.596066046E0,6.580145340E0
3.995854000E0,-9.136471801E-1,2.277388463E0,-7.142632366E0,7.552380188E0
4.005824000E0,2.541589639E0,-1.654272618E0,-8.734003562E-1,3.155807974E0
4.015794000E0,7.837816168E-1,-5.729770818E0,3.770151921E0,6.903523213E0
4.025763000E0,-5.634714314E-1,-5.421986250E0,6.727575365E0,8.658851265E0
4.035733000E0,-1.036496669E0,-4.795260626E-1,3.915932947E0,4.079068697E0
4.045703000E0,-5.707019521E-1,9.537495777E-1,7.455828533E0,7.538217169E0
4.055673000E0,2.022012489E0,2.377873156E0,5.452708690E0,6.282901186E0
4.065643000E0,-1.377173360E0,5.905106011E0,-2.645570383E0,6.615582069E0
4.075613000E0,-1.103061665E0,6.771672142E0,-6.751264774E0,9.625583862E0
4.085583000E0,-2.195591763E0,4.017869797E0,-1.088017378E1,1.180432473E1
4.095553000E0,-2.058735926E0,-6.459249562E-1,-9.173629394E0,9.423963546E0
4.105522000E0,-4.323699494E-1,-2.519898224E0,-3.914455941E0,4.675446090E0
4.115492000E0,4.472815919E-1,-4.775768933E0,3.218467124E0,5.776379519E0
4.125462000E0,1.147885543E0,-3.404306840E0,6.385588093E0,7.326846633E0
4.135432000E0,2.605016142E0,-2.494866586E-1,4.573741785E0,5.269484472E0
4.145402000E0,2.222344967E0,2.634661233E0,1.487125865E0,3.753904674E0
4.155372000E0,-7.383953096E-1,-1.905013212E0,-7.854155481E-2,2.044620196E0
4.165342000E0,-1.243846026E-1,4.597285599E-1,-2.336549714E0,2.384593559E0
4.175312000E0,-2.571205494E0,1.316814015E0,-1.874099275E0,3.443449569E0
4.185282000E0,-1.738744857E-1,1.079904425E0,-2.547609056E0,2.772496673E0
4.195252000E0,-1.555687977E0,-1.242562855E0,-2.408107354E0,3.124597343E0
4.205221000E0,-1.160567788E0,-1.627389459E0,-1.084432801E0,2.274051130E0
4.215191000E0,1.265483648E0,6.120330325E-1,-2.126943405E0,2.549494370E0
4.225161000E0,1.141963556E0,-2.092830749E0,8.767636746E-1,2.540223582E0
4.235131000E0,5.033390676E-1,-1.838908392E0,3.726365047E0,4.185777198E0
4.245101000E0,1.015965414E-1,-6.697178614E-1,3.231321058E0,3.301557156E0
4.255071000E0,-3.124766663E-1,1.551127734E0,-9.233694917E-1,1.832007132E0
4.265041000E0,-1.696819590E-1,3.064730084E0,-1.239353610E0,3.310190300E0
4.275011000E0,7.925819687E-1,3.399339923E0,-6.303086804E0,7.205039996E0
4.284980000E0,-1.194879030E0,-2.079769238E0,1.217472160E0,2.689872570E0
4.294950000E0,-1.701457455E0,-4.955065030E-1,2.850393670E0,3.356371290E0
4.304920000E0,-3.300299784E0,-1.050887032E0,7.341752864E0,8.117738437E0
4.314890000E0,-2.588197795E0,-2.446476491E0,1.009048860E1,1.070055957E1
4.324860000E0,-1.409178241E0,-4.384545767E0,4.146378733E0,6.196973575E0
4.334830000E0,1.927841765E0,-5.111413729E0,-1.204089053E0,5.594010603E0
4.344800000E0,-1.257796021E-1,-4.110563368E-1,7.952780467E-1,9.040215661E-1
4.354770000E0,8.159727316E-1,4.796183317E0,-1.616493757E0,5.126620522E0
4.364740000E0,-1.089598377E0,2.322806418E0,-5.170949494E0,5.772466800E0
4.374709000E0,-1.071680243E-1,1.186598569E0,-8.253333784E0,8.338885998E0
4.384679000E0,-7.566606957E-1,2.206478986E-1,-7.866397796E0,7.905784919E0
4.394649000E0,-4.298601783E-1,-5.839590883E-1,-1.448628967E0,1.619973417E0
4.404619000E0,8.071237747E-1,-1.765711777E0,6.120557781E0,6.421091373E0
4.414589000E0,2.145938085E0,-2.995767145E0,9.471632740E0,1.016324249E1
4.424559000E0,9.278490436E-1,-1.845237126E0,5.437271456E0,5.816332589E0
4.434529000E0,1.307232475E0,3.080704384E0,-1.984706376E0,3.890842537E0
4.444499000E0,-5.936448914E-1,2.289122655E0,-2.932935305E0,3.767572997E0
4.454469000E0,-2.316352919E-1,6.036080718E-2,-2.769491594E0,2.779816905E0
4.464438000E0,3.380676268E-1,8.480816200E-1,-4.578489139E0,4.668628808E0
4.474408000E0,1.409333923E0,1.822531218E0,-1.885280905E0,2.976932354E0
4.484378000E0,-3.928926922E-2,2.485918884E0,1.894090905E0,3.125526628E0
4.494348000E0,-4.677583949E-1,-7.845171234E-1,7.159709160E0,7.217735122E0
4.504318000E0,2.272490543E0,-9.854286227E-1,3.983030332E0,4.690395875E0
4.514288000E0,1.442881008E0,1.403580263E-1,-9.563243991E-1,1.736710204E0
4.524258000E0,8.294249091E-1,2.016571654E0,-3.928812025E0,4.493336271E0
4.534228000E0,1.637088089E0,4.159446090E0,-3.508514163E0,5.682492484E0
4.544198000E0,7.431867374E-1,1.360258827E0,-3.920531198E0,4.215826784E0
4.554167000E0,1.472574484E-1,-3.028135577E-1,2.652770060E0,2.674054935E0
4.564137000E0,-1.126256327E-1,4.649281964E-1,8.530416961E0,8.543819772E0
4.574107000E0,-1.250489194E-2,1.082258222E0,5.902866527E0,6.001272571E0
4.584077000E0,1.021916491E0,1.471221731E0,-2.692270340E0,3.233748024E0
4.594047000E0,-2.880175878E0,-8.308817428E-1,-4.399176085E0,5.323394386E0
4.604017000E0,-3.402496615E-1,-2.060157969E0,-4.548121040E0,5.004540507E0
4.613987000E0,-6.168116695E-1,-1.100550359E0,-6.764247932E0,6.880895132E0
4.623957000E0,-1.991735314E0,-1.820540826E0,-9.541628589E0,9.915848657E0
4.633926000E0,-8.058088090E-1,-3.104824734E0,-5.230864159E0,6.136057717E0
4.643896000E0,-1.019086512E0,-3.936398495E0,-7.427571863E-1,4.133456019E0
4.653866000E0,-1.144877735E0,-9.631799671E-1,6.273433819E0,6.449374587E0
4.663836000E0,6.030070877E-1,1.125769984E0,9.499947297E0,9.585404230E0
4.673806000E0,2.747789653E0,-1.754273454E0,7.213266732E0,7.915746349E0
4.683776000E0,1.963541209E0,-2.738168060E0,2.482804365E0,4.185376436E0
4.693746000E0,6.212673940E-2,-3.806321043E-1,2.073343148E0,2.108907855E0
4.703716000E0,-4.778326359E-1,-2.584267589E-1,-2.583065402E0,2.639571042E0
4.713686000E0,-9.149036005E-1,-6.089802012E-1,-4.272030720E0,4.411139530E0
4.723655000E0,-1.788493114E0,-1.610771087E0,-5.000292073E0,5.549433479E0
4.733625000E0,-2.748487810E0,-1.426008428E0,-2.456673743E0,3.952585377E0
4.743595000E0,-4.578382281E-1,-1.445708575E0,6.127667411E0,6.312526992E0
4.753565000E0,-2.545645999E-1,-2.927094813E0,8.434730785E0,8.931817878E0
4.763535000E0,3.679461314E-1,8.121896562E-1,2.508098835E-1,9.262515808E-1
4.773505000E0,-2.073057219E-1,4.591505626E-1,-1.823594534E0,1.891901670E0
4.783475000E0,2.011146900E-1,-3.311425281E0,-2.798794330E0,4.340418668E0
4.793445000E0,-7.952184051E-1,-1.602720641E0,-2.733327734E-1,1.809916178E0
4.803415000E0,-2.715684492E-1,3.329057268E0,-7.014337438E-1,3.412972460E0
4.813384000E0,-4.450760952E-1,1.012130518E0,3.450812670E0,3.623618219E0
4.823354000E0,-2.070159193E0,-8.131298885E-1,6.585372834E0,6.950818273E0
4.833324000E0,2.344102854E0,-2.059904785E0,4.168849583E0,5.207430533E0
4.843294000E0,2.667062409E0,-9.816884512E-1,-1.013924736E-1,2.843802831E0
4.853264000E0,6.476333664E-1,1.373459501E0,-3.770506262E0,4.064792424E0
4.863234000E0,-5.107207388E-1,8.334413615E-1,-3.964939047E0,4.083650550E0
4.873204000E0,-1.422036269E-1,-1.211048701E0,-3.218407483E0,3.441657675E0
4.883174000E0,-8.501177667E-1,-1.487603290E0,-1.278390791E0,2.137743386E0
4.893143000E0,2.408409655E-2,2.335223857E0,1.192989868E-1,2.338393200E0
4.903113000E0,6.042308368E-1,5.392455472E0,-7.967299104E-1,5.484382323E0
4.913083000E0,5.917751346E-1,5.869319297E0,1.473758546E0,6.080384122E0
4.923053000E0,-3.947078507E-1,3.528335932E0,-3.032778266E0,4.669335365E0
4.933023000E0,3.965423781E-1,4.382789263E-1,-3.979708529E0,4.023358578E0
4.942993000E0,1.347416587E0,1.546705484E-1,-2.208085216E0,2.591349988E0
4.952963000E0,1.608046577E0,9.117841110E-1,-7.823954612E-1,2.007313308E0
4.962933000E0,-4.559442784E-1,9.345362118E-1,-2.494718651E0,2.702751240E0
4.972903000E0,-1.169427635E0,7.588305974E-1,-6.132068610E-1,1.522960119E0
4.982872000E0,-1.180707791E0,2.357290957E0,-5.063723838E-1,2.684642348E0
4.992842000E0,-1.547125314E0,2.114362535E0,6.160562092E0,6.694523953E0
5.002812000E0,-4.546308476E-1,2.841921054E0,5.002985301E0,5.771747258E0
5.012782000E0,1.030435592E0,-1.785543486E0,4.190640986E0,4.670271397E0
5.022752000E0,1.697838321E0,-2.324619640E0,-8.980808687E-1,3.015470225E0
5.032722000E0,2.319039642E0,2.050182327E0,-3.065999807E0,4.356781753E0
5.042692000E0,2.226660505E0,-6.895127329E-1,1.994696344E0,3.067940403E0
5.052662000E0,3.177140539E-1,-2.598106487E0,3.214642460E0,4.145482564E0
5.062632000E0,1.830470275E0,-6.100587201E-1,1.862459807E0,2.681706473E0
5.072601000E0,2.323159809E-1,8.668424115E-1,-1.749212104E-1,9.143215578E-1
5.082571000E0,-4.230882620E-1,3.125585273E-1,-1.249534197E0,1.355740470E0
5.092541000E0,1.241957814E0,-4.215000486E0,-1.740687448E0,4.726381396E0
5.102511000E0,-2.094234373E-1,-7.150966988E0,2.749594688E-2,7.154085760E0
5.112481000E0,7.609306249E-1,1.878495504E0,1.047633349E0,2.281511869E0
5.122451000E0,-1.982124538E0,2.442078800E0,4.381404642E0,5.393447245E0
5.132421000E0,-2.263005482E0,-1.575840406E0,3.355907682E0,4.343568022E0
5.142391000E0,-6.792665108E-1,-6.470552230E-1,1.159665416E0,1.491612326E0
5.152361000E0,-3.190327983E0,-1.860493389E0,-3.850516638E0,5.335363780E0
5.162330000E0,-2.700706484E-1,-2.253048843E0,-3.298744717E0,4.003858633E0
5.172300000E0,-1.464265006E0,-3.130255152E0,7.586224365E-1,3.538089502E0
5.182270000E0,-1.614937229E0,-1.814876628E0,3.826224965E-1,2.459308725E0
5.192240000E0,-2.315989149E0,1.771818609E0,7.716383386E-1,3.016384035E0
5.202210000E0,-4.121554379E0,2.543842864E0,6.992895699E-1,4.893603265E0
5.212180000E0,-2.724485283E0,9.159025973E-1,4.887324452E0,5.669888704E0
5.222150000E0,-2.049222799E0,1.211925783E0,2.336245658E0,3.335584201E0
5.232120000E0,-9.920514715E-1,1.895911728E0,-1.191344461E0,2.449071054E0
5.242089000E0,-1.252360157E0,1.196252030E0,-3.598682907E0,3.993738041E0
5.252059000E0,-2.190069799E0,-6.169750991E-1,-6.167099279E-1,2.357412805E0
5.262029000E0,-6.937560573E-1,-2.411554580E0,2.776191334E0,3.742209412E0
5.271999000E0,9.196128018E-1,-2.193597570E0,1.158987139E0,2.645904230E0
5.281969000E0,-2.089363057E0,2.353529443E0,-1.230762881E0,3.379247859E0
5.291939000E0,1.271117001E0,1.884407039E0,-6.873625363E0,7.239713665E0
5.301909000E0,1.771621266E0,2.246614274E-1,-9.888282523E0,1.004824591E1
5.311879000E0,2.704209185E0,-5.435863447E0,-1.703372272E0,6.305777971E0
5.321849000E0,5.493696649E-2,-6.210679747E0,8.421074029E0,1.046374927E1
5.331818000E0,8.550774481E-2,8.218363926E-1,8.529213604E0,8.569142976E0
5.341788000E0,-1.011843785E0,6.068189533E0,6.113150529E0,8.672794327E0
5.351758000E0,-7.581094164E-1,6.734571558E0,-6.218907949E0,9.198043272E0
5.361728000E0,3.340002671E-1,1.200156508E0,-8.291098611E0,8.384166506E0
5.371698000E0,-1.084620643E0,-8.424910972E-1,-4.552540950E0,4.755188986E0
5.381668000E0,-5.684687177E-1,-2.086324552E-1,2.067357354E0,2.154216937E0
5.391638000E0,-6.213935477E-1,-5.229042166E-1,6.296173641E0,6.348335316E0
5.401608000E0,1.307732704E0,-4.354956517E-1,1.644639915E0,2.145847557E0
5.411578000E0,9.210186917E-3,5.217610860E-1,-1.784266162E-1,5.515029608E-1
5.421547000E0,1.443682076E0,2.253854297E0,-4.253285131E0,5.025386705E0
5.431517000E0,2.229454012E0,1.310842254E0,-2.981125132E0,3.946628898E0
5.441487000E0,4.752010965E-1,-3.838818113E0,-1.579500763E0,4.178177025E0
5.451457000E0,3.176588781E0,-3.883958033E0,-3.448649785E0,6.088434251E0
5.461427000E0,2.351288790E0,-3.750164968E0,-2.528396859E0,5.097556958E0
5.471397000E0,-3.721565652E-1,-4.022843731E0,1.872067952E0,4.452685775E0
5.481367000E0,-1.180937733E0,-4.072943552E0,8.273708407E0,9.297189570E0
5.491337000E0,-1.158157566E0,-1.652379289E0,5.845340450E0,6.183824969E0
5.501307000E0,7.762441903E-2,-4.780361921E-1,-9.698051548E-1,1.084004700E0
5.511276000E0,1.000711490E-1,2.858309045E-1,2.234208822E0,2.254640237E0
5.521246000E0,5.472118596E-1,-1.121904975E0,1.742938626E0,2.143815908E0
5.531216000E0,1.247328920E0,-3.207046342E0,9.035252112E-1,3.557714644E0
5.541186000E0,4.741269995E-1,-8.873477197E-1,6.659481615E-1,1.206511227E0
5.551156000E0,-1.755410153E-1,1.805314092E0,-6.989586174E-1,1.943840726E0
5.561126000E0,2.518363987E-1,3.459124195E0,2.750020366E0,4.426236977E0
5.571096000E0,-9.661029902E-1,4.300603139E0,-3.326737093E0,5.522293186E0
5.581066000E0,-8.023854835E-1,2.407819379E0,-5.082380549E0,5.680845771E0
5.591035000E0,8.400391404E-2,-2.508261680E0,-6.140979767E-1,2.583708505E0
5.601005000E0,-9.825738658E-1,-5.170385238E0,2.526794137E0,5.838066762E0
5.610975000E0,1.016431803E0,-5.268566421E-1,1.040651189E0,1.547147836E0
5.620945625E0,1.517588543E0,2.215714956E0,-1.592872176E0,3.122452485E0
5.630915625E0,2.308279157E0,3.148548166E0,-1.082586250E0,4.051357946E0
5.640885625E0,1.348173217E0,-3.441738376E-1,5.720635128E-1,1.504421256E0
5.650855625E0,7.600186054E-1,-6.978330284E-2,-1.252321565E-1,7.734216722E-1
5.660825625E0,1.662692462E0,-1.794685900E-1,-1.538044004E0,2.272077146E0
5.670795625E0,7.754806902E-1,-3.406078547E0,1.936836975E0,3.994255730E0
5.680764625E0,-2.766189817E-2,-1.162114815E0,3.607270128E0,3.789943772E0
5.690734625E0,-2.725381003E-1,-1.782073164E0,3.142632245E0,3.623009689E0
5.700704625E0,2.294460944E-1,-1.795090820E0,4.600622020E0,4.943755610E0
5.710674625E0,2.800067123E-1,2.172596710E0,3.746519814E0,4.339929831E0
5.720644625E0,1.844305665E0,6.523729733E0,-2.452854341E0,7.209508127E0
5.730614625E0,3.621968858E0,1.998350269E0,-9.578236252E-1,4.246114495E0
5.740584625E0,1.216534047E-1,-2.265855122E0,-9.389014506E-1,2.455694386E0
5.750554625E0,-1.548261575E0,6.897919375E-1,-3.306788732E0,3.715881933E0
5.760524625E0,-8.916902275E-1,2.635222273E0,-2.684528042E0,3.866031389E0
5.770493625E0,-3.352032440E0,1.925588394E0,-2.415530979E0,4.558377129E0
5.780463625E0,-2.447568458E0,1.220756541E0,-4.324596019E0,5.116929608E0
5.790433625E0,-1.556998777E0,4.113598073E-1,-5.711341563E0,5.934044534E0
5.800403625E0,-2.865500244E0,-1.134055489E0,-1.571260867E0,3.459195601E0
5.810373625E0,7.480256738E-1,2.400165081E-2,1.883662981E0,2.026895338E0
5.820343625E0,9.013563327E-1,-2.454618154E0,3.192415439E0,4.126634205E0
5.830313625E0,6.068080702E-1,1.650952569E-1,8.727203250E-1,1.075691984E0
5.840283625E0,2.347315899E0,1.688907723E0,-6.742576396E-1,2.969330664E0
5.850252625E0,1.212846281E-1,2.619096237E0,-3.991256779E-1,2.652107910E0
5.860222625E0,-8.145848219E-1,-4.479629972E0,3.481515815E0,5.731630264E0
5.870192625E0,-2.482094513E0,-5.486143654E0,4.628221462E0,7.594669135E0
5.880162625E0,-3.571234030E0,6.151449206E-1,1.388389197E0,3.880688126E0
5.890132625E0,-1.405130068E0,7.018699461E-1,-4.986850494E-1,1.647937713E0
5.900102625E0,-1.042152900E0,8.735570616E-1,-3.925915899E0,4.154756341E0
5.910072625E0,-3.041979737E0,-6.628625858E-1,-2.995050277E0,4.320110379E0
5.920042625E0,-1.096145797E0,-1.387262731E0,-2.756268700E0,3.274606945E0
5.930012625E0,-1.823928191E-1,-1.446326333E0,4.224147286E0,4.468618052E0
5.939981625E0,-1.435916828E0,2.433205358E0,3.597760216E0,4.574518993E0
5.949951625E0,-9.626928210E-1,-1.315038508E0,5.285136260E0,5.530711440E0
5.959921625E0,-5.611942333E-1,-2.710222754E0,2.524838244E0,3.746338813E0
5.969891625E0,-4.558516366E-1,1.191653779E-1,-3.915571589E0,3.943818197E0
5.979861625E0,1.555793227E0,5.600729200E-1,-2.188670706E0,2.743073769E0
5.989831625E0,7.839448272E-1,-2.786161129E0,-8.104094714E-1,3.005665789E0
5.999801625E0,-9.787402119E-1,-3.230195177E0,-5.307406551E-1,3.416691225E0
6.009771625E0,-1.083153869E0,-1.069722084E0,-1.564373431E0,2.182840322E0
6.019741625E0,-9.874111211E-1,-1.894767720E0,-7.851407290E-2,2.138057505E0
6.029710625E0,-2.408581563E0,-3.550367948E-1,1.517840704E0,2.868999246E0
6.039680625E0,-1.949502483E0,8.303285962E-1,1.766672475E0,2.758828944E0
6.049650625E0,-1.145377453E0,-1.079275849E0,1.085968280E-1,1.577504085E0
6.059620625E0,6.250759048E-1,6.612224418E-1,-4.462460500E-1,1.013444888E0
6.069590625E0,-7.252497455E-1,2.590508323E0,-9.737216198E-1,2.860918446E0
6.079560625E0,8.373829696E-1,1.479737324E-1,-1.015858410E0,1.324792351E0
6.089530625E0,9.142564599E-1,-1.611243250E0,-4.068868627E0,4.470756266E0
6.099500625E0,6.798521094E-1,-2.113067962E0,-2.485658391E0,3.332529480E0
6.109470625E0,3.596856967E-1,6.676143256E-1,1.336755359E0,1.536879168E0
6.119439625E0,1.311299798E0,2.624835279E0,3.818494361E0,4.815616948E0
6.129409625E0,1.123056438E0,7.135561913E-2,3.955740792E0,4.112691649E0
6.139379625E0,4.872483341E-1,3.215255249E-1,1.970267261E0,2.054931309E0
6.149349625E0,1.658073893E0,4.949504328E-1,-3.786373851E0,4.163029174E0
6.159319625E0,1.574880001E0,-1.502542342E0,-2.853530701E0,3.588943851E0
6.169289625E0,1.656993620E0,2.268777853E0,-1.596838342E0,3.231543515E0
6.179259625E0,3.467476723E-1,4.786702349E0,-1.263345906E0,4.962740795E0
6.189229625E0,2.936400072E-1,1.411119663E0,2.778327906E0,3.129950337E0
6.199199625E0,-1.577662398E0,-1.235192147E0,3.920424194E0,4.402776867E0
6.209168625E0,-9.317595153E-1,2.375015622E0,-2.323544337E0,3.450758363E0
6.219138625E0,-5.018664464E-1,2.969698211E0,-2.166195179E0,3.709902822E0
6.229108625E0,-1.994031223E0,1.164387628E0,-2.230253180E0,3.210294116E0
6.239078625E0,1.424869610E-1,1.441338658E-3,-1.146753010E0,1.155572186E0
6.249048625E0,6.340475070E-1,-1.857779404E0,5.487372154E-1,2.038252459E0
6.259018625E0,1.830452441E0,-1.050930594E0,6.707224131E-1,2.214696324E0
6.268988625E0,8.995851380E-1,1.809686055E0,1.513230175E-1,2.026602007E0
6.278958625E0,9.242100289E-1,-1.149941789E0,4.797303643E0,5.019029044E0
6.288928625E0,1.484313501E-1,-2.364833865E0,4.280749503E0,4.892779106E0
6.298897625E0,2.954652339E-1,1.108839372E0,9.849792641E-1,1.512285888E0
6.308867625E0,1.604461649E0,7.393032360E-1,-7.618009830E-1,1.923852176E0
6.318837625E0,-7.069655022E-1,-3.676063204E0,7.402896613E-1,3.815923176E0
6.328807625E0,3.288954286E-1,-2.076143965E0,-9.178415340E-1,2.293682420E0
6.338777625E0,3.768143110E-1,8.389649338E-1,-4.291604274E0,4.389045275E0
6.348747625E0,3.606550189E-1,5.167377430E-1,-2.119071883E-1,6.648267400E-1
6.358717625E0,-1.818169342E0,-1.645842687E0,-2.511984894E0,3.510641824E0
6.368687625E0,-1.894782046E0,-3.243884386E0,-5.472344810E-1,3.796373334E0
6.378656625E0,-1.023731101E0,-3.110243933E0,-2.748489565E-1,3.285906974E0
6.388626625E0,-1.642753603E0,-2.774646499E0,2.452636825E0,4.051262765E0
6.398596625E0,-3.413718153E-1,8.985974702E-1,2.625706807E0,2.796130963E0
6.408566625E0,-3.773952684E-1,8.340094185E-1,2.825325487E0,2.969926431E0
6.418536625E0,3.767622708E-1,-1.809743650E0,1.393755772E0,2.315097630E0
6.428506625E0,6.492529721E-1,1.675369079E0,-4.571668947E0,4.912081833E0
6.438476625E0,3.609427019E-1,1.562223995E-1,-5.186772645E-1,6.509310077E-1
6.448446625E0,3.697055586E-1,-3.540789917E0,2.737570474E0,4.490898299E0
6.458416625E0,-6.380132349E-1,-3.050301202E0,3.734018467E0,4.863567849E0
6.468385625E0,1.212241899E0,1.137429040E0,5.682142907E-1,1.756742076E0
6.478355625E0,1.528309998E0,2.456675497E0,2.492065769E0,3.818557024E0
6.488325625E0,2.918007948E0,2.559340617E0,-4.702541327E-1,3.909748550E0
6.498295625E0,1.620455977E0,-8.415932572E-1,-4.536449997E0,4.890146763E0
6.508265625E0,4.386415268E-1,-2.154178566E0,-7.399370742E-1,2.319568614E0
6.518235625E0,6.822561921E-1,1.278741917E0,-3.144605096E0,3.462541785E0
6.528205625E0,-1.193565672E0,3.749059260E-1,1.044239625E0,1.629598068E0
6.538175625E0,-2.398215400E-1,2.444136143E-2,1.014610029E0,1.042854382E0
6.548145625E0,-1.963568106E-1,-9.409862754E-1,5.559825003E-1,1.110462835E0
6.558114625E0,-4.014403713E-1,-2.165036845E-1,4.288698792E-1,6.260651647E-1
6.568084625E0,-3.637145380E-1,-1.678937343E-1,2.256088518E0,2.291377745E0
6.578054625E0,2.321406595E0,2.098114000E0,-1.264051664E0,3.374735182E0
6.588024625E0,8.236161388E-1,-7.963638747E-1,1.174503311E0,1.640730628E0
6.597994625E0,4.986237633E-1,6.500443196E-1,5.312020004E-1,9.764009627E-1
6.607964625E0,1.205658007E0,2.583438162E0,-1.931853978E0,3.443809483E0
6.617934625E0,-7.816802005E-1,2.067487746E0,-1.514642277E0,2.679490762E0
6.627904417E0,-1.609324632E0,-3.026583141E-1,-4.068349979E0,4.385544365E0
6.637874417E0,-7.777185658E-1,-1.148703641E0,-2.708822638E0,3.043367594E0
6.647843417E0,2.503947896E0,1.518369000E0,3.984585106E-2,2.928615233E0
6.657813417E0,4.659090668E-2,-5.182898864E-1,1.467838824E0,1.557352219E0
6.667783417E0,-2.693432767E0,-2.459024616E0,2.885519063E0,4.650548612E0
6.677753417E0,-1.477648040E-1,-6.286142743E-1,2.604421772E0,2.683282153E0
6.687723417E0,-1.185043648E0,1.522976314E0,1.512851275E0,2.452040840E0
6.697693417E0,2.501353487E0,5.081088899E0,-1.538569084E0,5.868682007E0
6.707663417E0,-2.786651418E-2,1.370478006E0,-4.313186932E-1,1.437018553E0
6.717633417E0,-2.496347393E0,-3.049910608E0,-9.359158623E-1,4.050881821E0
6.727603417E0,-3.624356861E0,-4.158746179E0,-4.533720517E-1,5.535040980E0
6.737572417E0,-1.067509863E0,5.404622358E-1,1.123892736E0,1.641588139E0
6.747542417E0,-1.775658768E0,4.478078413E-1,1.019240440E0,2.095792689E0
6.757512417E0,-1.652562307E0,-1.163265547E0,4.295321934E0,4.746992672E0
6.767482417E0,7.384148978E-2,1.677020041E0,-3.165475563E0,3.583027257E0
6.777452417E0,6.338266285E-1,-2.699855348E-1,7.382425511E-1,1.009767522E0
6.787422417E0,1.172587690E0,-2.586349491E0,3.700959479E0,4.664897281E0
6.797392417E0,1.029674430E0,-1.985739871E0,-1.842935370E0,2.898241371E0
6.807362417E0,-2.347712633E-1,-1.066028397E0,-2.332353167E0,2.575151527E0
6.817332417E0,-1.794676837E0,-3.000791073E-1,-1.907759356E-1,1.829564942E0
6.827301417E0,6.453633311E-1,4.754955769E-2,-5.951577342E0,5.986654128E0
6.837271417E0,2.143464713E0,-5.043651516E0,-7.033124542E-1,5.525170586E0
6.847241417E0,-2.208127901E0,-5.186767967E0,3.329345536E0,6.546978881E0
6.857211417E0,6.120401222E-2,-1.797463620E0,1.071665172E1,1.086651947E1
6.867181417E0,1.233749639E0,6.480687209E0,-1.316802905E0,6.727214487E0
6.877151417E0,-1.365030886E0,1.672611240E0,4.767527282E-2,2.159446830E0
6.887121417E0,-1.782211962E-1,-2.972882313E0,-2.939675975E-1,2.992692598E0
6.897091417E0,4.687554914E-1,1.017690635E0,-7.931546888E0,8.010297247E0
6.907061417E0,6.117661802E-1,2.209105555E0,-4.452229627E0,5.007669504E0
6.917030417E0,3.527015265E-1,-4.225735974E-1,2.543060507E0,2.601946109E0
6.927000417E0,-4.745042180E-1,-1.013614249E0,1.867777265E0,2.177420495E0
6.936970417E0,4.540002254E-1,-1.174741877E0,2.709964600E0,2.988317723E0
6.946940417E0,9.550350881E-1,5.346755388E-1,1.158964920E0,1.594104651E0
6.956910417E0,1.666522608E-1,-7.892738333E-1,1.167371462E0,1.418972266E0
6.966880417E0,-8.306840339E-1,4.182747245E-2,-1.797836965E0,1.980909703E0
6.976850417E0,2.804273098E-1,2.469824131E0,-8.206286502E-1,2.617652019E0
6.986820417E0,3.167340240E-1,-1.404673693E0,2.640345896E0,3.007466554E0
6.996790417E0,1.670644091E0,2.929098362E-1,5.755619604E0,6.000333730E0
7.006759417E0,6.318091929E-1,3.494450733E0,-1.430176324E0,3.828285921E0
7.016729417E0,1.309003304E0,8.113067266E-1,-1.904852121E0,2.449524415E0
7.026699417E0,1.737513434E0,2.940678772E-1,-2.141319954E0,2.773207528E0
7.036669417E0,2.266542901E0,1.836558104E0,-3.646838236E0,4.670074037E0
7.046639417E0,1.457644789E0,2.250365263E-1,-2.787860622E0,3.153971562E0
7.056609417E0,-6.310766830E-1,-5.917873406E-1,-1.935200340E-1,8.865213138E-1
7.066579417E0,-9.157925235E-1,2.471126890E-1,-2.159832239E0,2.358943816E0
7.076549417E0,1.342085827E-2,4.885012463E-1,-1.630471526E0,1.702131307E0
7.086518417E0,-7.533991188E-2,1.793974586E0,4.530609798E0,4.873442937E0
7.096488417E0,8.214716725E-1,2.298232325E0,2.485950167E0,3.483767466E0
7.106458417E0,-1.122790536E0,-2.513014004E0,-1.225211535E0,3.012812851E0
7.116428417E0,3.400343890E0,-4.224244934E-1,-7.589212292E-1,3.509521685E0
7.126398417E0,-1.278871944E-1,7.205313349E-1,-1.153320018E0,1.365894433E0
7.136368417E0,-7.143464425E-1,-5.142778194E0,4.091426600E0,6.610463676E0
7.146338417E0,-1.712119561E-1,-2.364824510E0,9.794027746E-2,2.373036197E0
7.156308417E0,-5.904207733E-2,4.338711197E0,-1.958957577E0,4.760820897E0
7.166278417E0,-1.972953180E0,3.800576153E-1,1.751416504E-1,2.016844723E0
7.176248417E0,-2.265953940E0,-5.564968799E0,3.053370405E0,6.739918087E0
7.186217417E0,-3.054515583E0,-2.713484039E0,4.648344070E0,6.188712602E0
7.196187417E0,4.326987091E-2,1.957657741E0,-3.315458398E0,3.850527302E0
7.206157417E0,-3.729023045E-1,-4.541555786E-1,-8.762111127E-2,5.941303539E-1
7.216127417E0,-1.532789111E0,-2.213035469E0,2.556133127E0,3.712247972E0
7.226097417E0,-1.855112781E0,-2.038128877E-1,-3.363747044E0,3.846787920E0
7.236067417E0,-1.830814238E0,6.292934284E-1,7.223322773E-1,2.066314330E0
7.246037417E0,-1.731917794E0,-1.679957974E0,3.503573266E0,4.254036163E0
7.256007417E0,-1.040190355E0,-3.061272625E0,1.080492947E0,3.408936941E0
7.265976417E0,-1.343518395E-2,6.778051454E-1,-4.347264504E-1,8.053492447E-1
7.275946417E0,1.603575796E0,1.493442612E0,2.438583627E0,3.278492988E0
7.285916417E0,1.817274571E0,-1.682300076E0,5.833223265E-1,2.544186580E0
7.295886417E0,1.120438055E0,-1.817351170E0,-1.993052106E0,2.920685435E0
7.305856417E0,1.613112897E0,4.517143661E-1,-3.105293680E0,3.528318003E0
7.315826417E0,1.061224033E0,3.541963745E0,-2.784749318E0,4.628880252E0
7.325796417E0,1.158984362E0,-2.707576597E-1,-1.134826444E0,1.644501602E0
7.335766417E0,1.643743390E0,-3.140935091E0,1.009873785E0,3.686083374E0
7.345736417E0,6.521725599E-1,-2.210759733E0,4.070505847E0,4.677799215E0
7.355705417E0,-2.022782859E-1,6.828767279E-1,3.685839164E0,3.754017511E0
7.365675417E0,4.862635899E-1,4.541857795E0,-2.769041943E0,5.341583828E0
7.375645417E0,3.532399162E0,8.706761384E-1,-6.346772522E-1,3.693065934E0
7.385615417E0,5.206324272E-2,-2.348998436E0,1.692575389E0,2.895740955E0
7.395585417E0,1.648285507E-1,-1.004295541E0,-1.807244550E0,2.074104831E0
7.405555417E0,-5.223197874E-1,2.562498990E0,-1.194967396E0,2.875268007E0
7.415525417E0,6.991643663E-1,2.086990842E0,-1.166639391E0,2.491065847E0
7.425495417E0,1.009954403E0,-5.980081934E-1,-4.288084835E-1,1.249599300E0
7.435465417E0,1.142184873E0,-4.453116649E-1,-5.922118485E-2,1.227353214E0
7.445434417E0,-1.245701786E0,2.434382110E0,-7.979087090E-1,2.848622036E0
7.455404417E0,-2.080828169E-1,6.481308183E-1,-1.676173949E0,1.809124408E0
7.465374417E0,1.114750468E-1,-1.365456417E-1,-1.243278846E0,1.255712422E0
7.475344417E0,-1.608745904E-1,-1.822123960E-1,6.925296038E-1,7.339477115E-1
7.485314417E0,2.413356692E0,1.888488688E0,1.925219142E-1,3.070463277E0
7.495284417E0,2.156609546E0,-8.329914182E-1,1.986673964E0,3.048231106E0
7.505254417E0,2.816643541E0,5.298913470E-1,2.100553751E-1,2.873741279E0
7.515224417E0,2.045021282E0,1.156348583E0,-5.192450291E-1,2.406006960E0
7.525194417E0,1.071569438E0,-3.086439041E0,2.477781022E-1,3.276547116E0
7.535163417E0,-4.998653099E-2,-1.252897808E0,1.832551884E0,2.220472468E0
7.545133417E0,-6.094948293E-1,3.612203716E0,-8.429322696E-1,3.758993807E0
7.555103417E0,-1.348195144E0,-6.021120617E-1,-8.324330091E-1,1.695026193E0
7.565073417E0,7.747095886E-1,-1.431069193E0,1.215753078E-1,1.631843908E0
7.575043417E0,-2.777198516E0,-4.203928784E-1,1.749864653E0,3.309318370E0
7.585013417E0,-1.529874274E0,2.524509045E0,2.392956634E0,3.799987193E0
7.594983417E0,-7.875731707E-1,-1.007693066E0,4.595309240E0,4.769966857E0
7.604953417E0,-3.648119507E-1,-9.717432144E-1,-1.435068104E0,1.771099404E0
7.614922417E0,-3.219782748E0,1.206327074E0,-5.985450262E0,6.902741542E0
7.624892500E0,-2.896298990E0,-2.832727185E0,4.251709306E-1,4.073531817E0
7.634862500E0,-2.122780772E0,-2.108973157E0,2.910363883E0,4.174228541E0
7.644832500E0,2.194706641E0,-1.564749700E0,3.059322871E0,4.077331884E0
7.654802500E0,1.282322459E0,1.276495709E0,1.940685613E0,2.653309788E0
7.664772500E0,1.192798372E0,3.749249294E-1,1.316301799E-1,1.257244273E0
7.674742500E0,-4.998638481E-2,-4.063324005E0,-3.361192396E0,5.273586534E0
7.684712500E0,-1.505020392E0,-2.170586438E0,-3.967714135E0,4.766475356E0
7.694682500E0,-1.699711038E0,-1.474649661E0,-1.520337465E0,2.715701612E0
7.704651500E0,-1.338113083E0,-2.757798917E0,1.125838689E0,3.265503673E0
7.714621500E0,-1.459297943E0,8.179544261E-1,1.653668600E0,2.352279696E0
7.724591500E0,1.456315717E0,2.055640995E0,3.782680750E-2,2.519513095E0
7.734561500E0,-4.205580622E-2,-1.257367420E0,3.635042063E0,3.846592300E0
7.744531500E0,7.259181554E-1,-4.083569697E-1,4.495112522E0,4.571624346E0
7.754501500E0,3.367441827E-1,2.467338772E0,-3.781892545E0,4.528119751E0
7.764471500E0,7.738007851E-1,4.664122197E-1,-4.502456040E0,4.592212800E0
7.774441500E0,1.557360573E0,-2.702611141E0,5.829861116E-1,3.173224187E0
7.784410500E0,1.181795374E0,-2.377614124E0,1.069970298E0,2.862608193E0
7.794380500E0,7.228029782E-1,2.044250911E-1,6.605318856E-1,1.000268032E0
7.804350500E0,2.222007729E0,2.721888826E0,-4.294756508E0,5.548957613E0
7.814320500E0,-4.245340227E-1,9.732459489E-1,8.137827301E-1,1.337788902E0
7.824290500E0,1.455231497E0,-9.531826901E-1,-1.804478817E0,2.506471574E0
7.834260500E0,8.546607609E-1,1.196098248E0,-1.528884925E0,2.120986834E0
7.844230500E0,-4.844481391E-1,2.070825630E0,-1.232268539E0,2.457945186E0
7.854200500E0,4.762505255E-1,1.500890503E0,-1.465137411E0,2.150840417E0
7.864170500E0,3.355533241E-1,4.096772709E-1,-7.650233835E-1,9.304258578E-1
7.874139500E0,-3.563573520E-1,-5.450555161E-1,-4.351147056E-2,6.526632562E-1
7.884109500E0,-7.296396889E-1,-7.616393074E-1,6.011211340E0,6.103042707E0
7.894079500E0,3.828278068E-2,3.633428816E0,2.658893849E0,4.502553390E0
7.904049500E0,-8.694755588E-1,2.208398042E0,3.915054696E0,4.578281657E0
7.914019500E0,-1.727402428E0,1.226264033E0,1.012255940E0,2.347829789E0
7.923989500E0,-1.997043708E0,-1.073347357E0,1.816329954E0,2.905049504E0
7.933959500E0,1.055928356E0,9.943684307E-1,-3.294018413E0,3.599209715E0
7.943929500E0,-3.370591795E0,3.012045209E0,-2.407036144E0,5.121242856E0
7.953898500E0,-2.140549875E0,-1.752979757E0,-4.476221337E0,5.262266552E0
7.963868500E0,-2.854419185E0,-5.021568337E0,-2.923811894E0,6.473988990E0
7.973838500E0,-1.261897696E0,2.684164345E-3,3.729821920E-2,1.262451646E0
7.983808500E0,-1.453958412E0,-9.025566199E-1,7.870499618E0,8.054400521E0
7.993778500E0,-7.090266457E-1,-1.163299169E0,2.056213730E0,2.466576300E0
8.003748500E0,-5.838205824E-1,-1.075059130E0,-3.863591012E0,4.052645323E0
8.013718500E0,1.842588337E0,-4.146723134E0,2.120044275E0,5.008496008E0
8.023688500E0,1.610973109E0,3.301253173E-1,-2.037416101E0,2.618259241E0
8.033658500E0,-2.761901908E0,7.914405191E-1,2.559911013E-3,2.873062268E0
8.043627500E0,-8.548031406E-1,-2.041476115E0,1.493176564E0,2.669810740E0
8.053597500E0,3.773084007E-1,-2.254034391E0,1.100892128E0,2.536729419E0
8.063567500E0,-1.295772225E0,-4.621319701E0,1.333585584E0,4.981372497E0
8.073537500E0,8.000351221E-1,6.575077057E-1,7.747280073E-1,1.293281124E0
8.083507500E0,-1.437232159E0,2.074775716E0,-1.053188204E0,2.734874027E0
8.093477500E0,1.124110398E0,-1.711397868E0,2.895820688E0,3.546587699E0
8.103447500E0,1.826377517E0,1.740787143E0,-6.113748114E0,6.613917955E0
8.113417500E0,3.626766206E-1,3.038922228E0,-4.800384541E0,5.693002229E0
8.123386500E0,1.888129157E-1,-2.399946688E0,4.897780443E0,5.457439664E0
8.133356500E0,-1.197644398E0,-1.857631177E0,4.717513708E0,5.209614312E0
8.143326500E0,1.167304365E0,3.433127474E0,1.304318515E0,3.853597089E0
8.153296500E0,6.505683763E-1,-5.739542100E-1,-1.180755739E0,1.465212190E0
8.163266500E0,-5.339604975E-1,-3.536880761E0,2.353196737E0,4.281608834E0
8.173236500E0,1.299154693E0,-1.524060680E0,1.143516576E0,2.306120993E0
8.183206500E0,2.303888336E0,1.181658841E0,-7.144104695E-1,2.686001006E0
8.193176500E0,-5.861199634E-1,-9.312804821E-1,1.144658538E0,1.587785601E0
8.203146500E0,5.134391533E0,1.830072665E0,-4.476691453E0,7.053503295E0
8.213115500E0,2.839727179E0,9.862656516E-1,-1.092599607E0,3.198522204E0
8.223085500E0,9.198849897E-1,-1.008698494E0,1.880613073E0,2.323868881E0
8.233055500E0,6.658299015E-1,3.118768297E0,-1.172020583E0,3.397598769E0
8.243025500E0,2.375334587E0,4.387469667E0,-5.917220857E0,7.739871262E0
8.252995500E0,5.986350149E-1,-4.924258389E0,-2.026257859E0,5.358395794E0
8.262965500E0,3.835561506E-2,-4.381294715E0,4.748172414E0,6.460832439E0
8.272935500E0,-2.729440067E-1,2.663043910E0,3.061348346E0,4.066713046E0
8.282905500E0,1.990716144E0,3.460506769E0,5.516007723E0,6.809140846E0
8.292874500E0,2.909906923E0,3.346987755E0,-1.957519162E-1,4.439392317E0
8.302844500E0,1.149512677E0,-1.827440540E0,1.286106777E-1,2.162743403E0
8.312814500E0,2.198619597E0,2.528137243E-1,-1.210114608E0,2.522344203E0
8.322784500E0,1.752926840E0,3.015981554E0,-5.696372107E0,6.679637147E0
8.332754500E0,6.689602084E-2,-6.180007008E-1,-5.724821734E-1,8.450655493E-1
8.342724500E0,-1.168762003E0,-2.024680281E0,-1.736693215E0,2.912290882E0
8.352694500E0,-2.075358245E0,2.297743497E0,-4.454542785E0,5.424913681E0
8.362664500E0,-1.401091396E0,-1.106442305E-1,2.063147358E0,2.496372622E0
8.372633500E0,-2.156182699E-2,-1.024178413E0,2.747469226E0,2.932233531E0
8.382603500E0,7.863452554E-1,-1.415304808E0,7.150022078E-1,1.769930710E0
8.392573500E0,4.285424352E-1,-8.057843238E-1,2.334948746E0,2.506974799E0
8.402543500E0,-3.863475383E-1,9.681685191E-1,-7.683767617E-1,1.294997123E0
8.412513500E0,-1.946993004E0,-7.380355597E-2,2.401545024E-1,1.963135988E0
8.422483500E0,-1.710018802E0,-1.209012408E0,5.262745517E-1,2.159361066E0
8.432453500E0,-4.152986379E-1,-4.041256320E-1,-4.084402925E0,4.125304563E0
8.442423500E0,-1.761250644E0,3.317563981E-2,7.355732971E-1,1.908971590E0
8.452393500E0,-2.854859188E0,-9.271280819E-1,9.714148933E-1,3.154906395E0
8.462362500E0,-5.663950758E-1,-2.055279637E0,3.499234048E0,4.097513476E0
8.472332500E0,-2.041023614E-1,-7.370090809E-1,2.754595812E0,2.858782651E0
8.482302500E0,-4.844400626E-1,-7.383559871E-1,2.154290248E0,2.328265064E0
8.492272500E0,9.972533007E-1,-1.618201729E0,-4.890780741E-1,1.962724725E0
8.502242500E0,1.234128685E-1,-6.644653076E-1,-2.293542273E0,2.391041831E0
8.512212500E0,-9.775616325E-1,3.568201371E0,7.928064287E-2,3.700536879E0
8.522182500E0,-9.532402852E-1,2.243844448E0,-1.353517572E0,2.788461004E0
8.532152500E0,-2.009267897E0,-2.491168514E0,2.220854366E-1,3.208177051E0
8.542121500E0,-2.203843208E0,-6.321872154E0,2.536996359E0,7.159563041E0
8.552091500E0,-6.226626858E-1,-2.559288284E-1,-1.479384152E0,1.625357147E0
8.562061500E0,-2.762783083E0,1.772950630E0,-8.187557870E-1,3.383295042E0
8.572031500E0,7.871182573E-1,4.972437108E-1,-1.707809139E0,1.945101158E0
8.582001500E0,-1.455407059E0,6.402078411E-1,-3.436675272E0,3.786662477E0
8.591971500E0,2.155979143E-1,-3.665985821E0,2.276506995E0,4.320696541E0
8.601941500E0,1.135411751E0,-2.539656258E0,7.504545195E0,8.003574972E0
8.611911500E0,8.742395778E-1,2.908107150E0,2.603605501E0,4.000017955E0
8.621879625E0,8.030885381E-1,4.277713921E0,-4.915230873E0,6.565308989E0
8.631849625E0,2.540843827E0,2.426269683E0,-4.153441585E0,5.440013688E0
8.641819625E0,2.363133641E0,-1.589807650E0,-3.743817816E0,4.704047279E0
8.651789625E0,6.254554622E-1,-6.021258026E-1,-2.915367930E0,3.041894177E0
8.661759625E0,1.366372420E-1,-6.329216257E-1,4.130499449E0,4.180943102E0
8.671729625E0,-2.513578589E-1,2.105408694E0,4.284855418E0,4.780785761E0
8.681699625E0,6.067516811E-1,1.082003283E0,4.335567150E0,4.509547784E0
8.691669625E0,1.996707640E0,2.320646164E0,-3.809394339E0,4.887097835E0
8.701639625E0,-8.018551411E-1,2.235863584E0,-5.441737559E0,5.937555499E0
8.711608625E0,1.632730452E0,2.163205497E0,-5.239643753E0,5.899079031E0
8.721578625E0,-7.897744646E-2,9.959796309E-1,-1.787999024E0,2.048207356E0
8.731548625E0,-4.906187789E-1,-3.935260919E0,1.629467559E0,4.287440940E0
8.741518625E0,-2.314084017E-1,-2.670010575E0,3.747402159E0,4.607117240E0
8.751488625E0,-2.133551782E0,2.425246713E-1,2.887441043E0,3.598357570E0
8.761458625E0,-1.686594856E0,-8.042529380E-1,1.409861342E0,2.340755007E0
8.771428625E0,-1.373745394E-1,1.692768931E-3,-9.725387281E-1,9.821945872E-1
8.781398625E0,1.213114888E-1,4.407976145E-1,2.275046360E0,2.320529025E0
8.791367625E0,-1.431179413E0,1.538346890E-1,2.372883727E0,2.775340845E0
8.801337625E0,-2.151470135E0,-1.067394015E0,1.117104118E0,2.648787522E0
8.811307625E0,-3.409594770E-1,-9.767443380E-1,-6.366974652E-2,1.036502148E0
8.821277625E0,4.324460363E-1,2.927491839E0,-4.828661091E0,5.663319343E0
8.831247625E0,-2.644024087E0,-5.788813663E-1,-1.795065385E0,3.247803372E0
8.841217625E0,-1.314218582E0,-1.192228560E0,1.431456864E0,2.279835120E0
8.851187625E0,-2.110058692E0,-9.220807654E-1,4.508255308E0,5.062306445E0
8.861157625E0,-4.608370640E-2,-1.681176242E0,1.609177136E0,2.327644371E0
8.871127625E0,1.320175725E0,-1.719792716E0,-9.512367368E-2,2.170161156E0
8.881096625E0,4.276075385E-1,-1.225178498E0,-2.898365396E-1,1.329629940E0
8.891066625E0,1.220844615E0,4.379291751E0,-1.225051321E0,4.708440140E0
8.901036625E0,-1.304322023E0,-2.882282630E-1,-1.412518902E0,1.944104195E0
8.911006625E0,-1.707697896E0,-7.245460331E-1,-8.872465628E-1,2.056308713E0
8.920976625E0,-2.250740654E0,-7.789701623E-1,-1.196719807E0,2.665476750E0
8.930946625E0,-3.444762848E-2,-4.681203083E0,-8.218846321E-2,4.682051248E0
8.940916625E0,-8.202245345E-1,-5.572523986E0,3.203701150E-1,5.641668979E0
8.950886625E0,-3.811097487E-1,-1.762434998E0,2.653665853E0,3.208327325E0
8.960855625E0,-9.850899227E-1,1.296391737E0,4.467936417E0,4.755364289E0
8.970825625E0,1.705844402E-1,3.568837256E0,1.309245379E0,3.805236113E0
8.980795625E0,1.241198992E0,2.019166064E0,3.127155250E-1,2.390689760E0
8.990765625E0,-7.727162180E-2,8.375768048E-1,-1.846829031E0,2.029355384E0
9.000735625E0,-1.414042686E0,-3.090160209E0,-3.108278684E0,4.605431925E0
9.010705625E0,-1.559900165E0,-1.729609898E0,-6.793827242E-1,2.426190391E0
9.020675625E0,-5.619254641E-1,2.692778756E0,-7.507737190E-1,2.851399451E0
9.030645625E0,-5.897703436E-1,5.107601345E-2,3.108827153E0,3.164687044E0
9.040614625E0,-8.671167921E-1,-1.894048513E0,1.649275002E0,2.656956781E0
9.050584625E0,1.009207129E-1,7.985393313E-1,-1.768381616E0,1.942941994E0
9.060554625E0,4.492261931E-1,2.385480968E0,-3.786700711E0,4.497935737E0
9.070524625E0,-2.559947010E-1,6.357788676E-1,-1.935633034E0,2.053393118E0
9.080494625E0,9.906982796E-1,1.389716515E-1,-5.480788189E-1,1.140695662E0
9.090464625E0,1.813350943E-1,2.342394590E-1,1.475502185E0,1.504944264E0
9.100434625E0,-4.507229341E-1,1.397702350E0,4.620628268E0,4.848394437E0
9.110404625E0,1.316463182E0,3.784175591E0,1.172252133E0,4.174594025E0
9.120374625E0,-8.998215848E-1,1.490952868E0,-8.004715437E-1,1.916604819E0
9.130343625E0,-2.791906603E0,3.850312570E-1,-1.815188577E0,3.352297886E0
9.140313625E0,2.805798856E-1,1.202240163E-1,-2.634731399E0,2.652355262E0
9.150283625E0,-2.027052935E0,2.026135360E0,-1.738868964E0,3.352287782E0
9.160253625E0,6.277974182E-1,4.249303177E-1,-1.121471404E0,1.353659293E0
9.170223625E0,1.268808374E0,-3.342900551E0,-1.037644551E0,3.723112273E0
9.180193625E0,-3.175946976E-1,1.912174004E-1,-1.228088365E0,1.282821701E0
9.190163625E0,4.101908319E0,7.831994534E-2,1.377852514E0,4.327847435E0
9.200133625E0,2.087507882E0,-2.160487419E0,3.550390753E0,4.650878362E0
9.210102625E0,-2.105500057E0,-7.431246838E-1,9.816890359E-2,2.234950093E0
9.220072625E0,-1.096494145E0,-2.557272457E0,3.141615999E0,4.196628756E0
9.230042625E0,-1.590685609E0,1.304744777E0,-9.611805117E-1,2.270794490E0
9.240012625E0,-9.880092913E-1,4.421120685E-1,7.319070929E-1,1.306642045E0
9.249982625E0,-1.782848943E-2,-2.537411219E0,-1.313148980E0,2.857119842E0
9.259952625E0,-1.838336827E0,-9.039006025E-2,4.372349060E-1,1.891778797E0
9.269922625E0,5.310489495E-1,2.058831528E0,1.458285643E0,2.578254694E0
9.279892625E0,-3.040712938E-2,1.494478154E-1,3.183544044E0,3.187194993E0
9.289862625E0,-1.984047687E0,-2.844005879E0,6.337446213E-1,3.525116581E0
9.299831625E0,5.064631619E-2,-2.405165620E0,-5.163475583E0,5.696390682E0
9.309801625E0,-8.186968032E-1,6.377040634E-1,-1.426536432E0,1.764068343E0
9.319771625E0,-9.470998317E-1,-8.383819664E-1,-9.040450287E-1,1.554728216E0
9.329741625E0,2.249029174E-1,1.872418785E-1,2.677573364E0,2.693518138E0
9.339711625E0,7.169582476E-1,-2.667345999E0,5.201764321E0,5.889576883E0
9.349681625E0,-1.585534066E0,-3.937111562E-1,-2.106364129E0,2.665651251E0
9.359651625E0,-8.908890858E-1,9.146299508E-1,-1.265776593E0,1.797893683E0
9.369621625E0,-1.935037348E0,-2.676823751E0,3.499369118E0,4.811999497E0
9.379590625E0,2.051103702E0,1.619027648E0,-4.878660632E0,5.534402089E0
9.389560625E0,-1.117927845E0,1.239269118E0,-4.422272587E0,4.726737294E0
9.399530625E0,1.479484431E-1,1.126712848E0,5.643960589E-1,1.268823666E0
9.409500625E0,-2.813510603E-1,-6.236309847E-1,-8.147141916E-1,1.063876515E0
9.419470625E0,-2.500260935E0,-1.436991253E0,1.506364374E0,3.253518439E0
9.429440625E0,7.921910092E-1,-1.047918401E0,8.454547584E-1,1.562207835E0
9.439410625E0,-3.797887165E-2,2.370820537E0,-2.276049158E0,3.286735794E0
9.449380625E0,9.609439187E-1,4.983431627E0,-1.999820259E0,5.455023837E0
9.459350625E0,1.524324901E-1,-6.891829500E-1,1.249361705E0,1.434961139E0
9.469319625E0,6.016693544E-2,-5.499195224E0,1.514324189E0,5.704204232E0
9.479289625E0,1.509387092E0,9.254636720E-1,3.861588925E-1,1.812139921E0
9.489259625E0,3.270072895E0,5.350436795E0,-1.560732370E0,6.461922018E0
9.499229625E0,2.503794115E0,2.158733547E-2,1.913649842E0,3.151429310E0
9.509199625E0,1.480371746E0,-3.356263778E0,7.307727331E-1,3.740325633E0
9.519169625E0,3.965557901E-1,-2.181160542E-1,4.165413174E0,4.189928164E0
9.529139625E0,1.481270610E0,1.276589557E0,1.248071809E0,2.319811793E0
9.539109625E0,1.313276596E0,2.671440512E0,-1.635498378E0,3.396490066E0
9.549078625E0,2.078863651E0,2.073578499E0,-2.552572172E0,3.890633183E0
9.559048625E0,5.285659294E-1,-2.175834606E0,-2.953464879E0,3.706290998E0
9.569018625E0,-2.617327454E0,-5.785159153E-1,1.323511416E-1,2.683766102E0
9.578988625E0,3.166815818E-1,-1.613319889E-1,1.713789672E0,1.750254345E0
9.588958625E0,-2.778454718E-1,5.536047301E-1,2.933618259E-1,6.853739594E-1
9.598928625E0,-1.304432974E0,4.996366838E-1,1.822857785E-1,1.408690990E0
9.608898625E0,-4.846909813E-1,-1.299914685E0,2.875544883E0,3.192720143E0
9.618868625E0,3.975929035E-1,-6.676640269E-1,-8.562604129E-1,1.156303275E0
9.628839750E0,7.237350243E-1,6.953862610E-1,1.368328570E0,1.696961258E0
9.638808750E0,2.448481355E-1,-4.214652577E-1,1.309011490E0,1.396815899E0
9.648778750E0,1.298872711E0,-2.854695466E-1,-1.686206017E0,2.147522738E0
9.658748750E0,1.176867121E0,5.204378611E-1,-4.547648585E-1,1.364801401E0
9.668718750E0,-9.390062620E-1,-1.895843900E0,4.354023886E-1,2.159984281E0
9.678688750E0,-4.725613710E-1,-4.162777249E0,-1.072738370E0,4.324672969E0
9.688658750E0,3.291682743E0,-5.769973934E-1,-6.171689343E-1,3.398381786E0
9.698628750E0,1.442288100E0,-1.947119889E-1,-1.472381526E-1,1.462801010E0
9.708598750E0,9.047540767E-1,1.421886141E0,1.907278131E0,2.545201368E0
9.718567750E0,-3.256109744E-1,-3.576823676E-1,5.417837065E-1,7.262842194E-1
9.728537750E0,8.510374606E-1,-1.460438588E0,4.315525818E-1,1.744529524E0
9.738507750E0,-5.659669865E-1,-2.831496346E0,2.158875634E0,3.605334130E0
9.748477750E0,4.556165054E-1,1.634511075E0,-1.874364738E0,2.528330680E0
9.758447750E0,1.240428621E0,-6.265692106E-1,-6.642618245E-1,1.540290853E0
9.768417750E0,-1.525201618E-1,-1.989113422E0,-2.112178016E-1,2.006102581E0
9.778387750E0,6.924197493E-1,-2.065906367E0,3.115577763E-1,2.201018508E0
9.788357750E0,2.224753728E-1,-1.214498851E0,2.709008580E0,2.977117773E0
9.798327750E0,1.177217735E0,2.399551123E0,1.682571387E-1,2.678058560E0
9.808296750E0,2.199855553E0,4.156699653E0,2.983804327E0,5.569614414E0
9.818266750E0,5.382690183E-1,-2.542471692E-1,2.156121011E0,2.236790775E0
9.828236750E0,1.643361567E0,1.244562310E-1,-2.562878475E0,3.047043267E0
9.838206750E0,4.292595231E-1,1.825405709E0,-2.901860862E0,3.455020435E0
9.848176750E0,-1.418472537E0,-1.619150732E0,-1.367951424E0,2.550491037E0
9.858146750E0,-2.706104560E-1,1.174695392E0,-3.957587342E0,4.137104888E0
9.868116750E0,-1.352905369E0,1.409388010E0,-2.702695926E0,3.334860232E0
9.878086750E0,-1.693052375E0,2.811186334E-1,2.185681025E0,2.778966638E0
9.888056750E0,-1.024283371E0,4.463182631E-1,2.565321441E0,2.798076216E0
9.898025750E0,7.843381986E-3,1.438082636E0,6.967641574E-1,1.598006095E0
9.907995750E0,2.973150407E0,3.871118132E0,-2.850436354E0,5.652447819E0
9.917965750E0,1.277532713E0,5.422970921E-2,1.784552675E0,2.195372165E0
9.927935750E0,-2.273448609E-2,-8.888165402E-1,-4.358548461E0,4.448309385E0
9.937905750E0,2.443105279E0,8.378580558E-1,1.522740086E0,2.998250639E0
9.947875750E0,-1.834634662E0,-1.147802001E0,1.047787131E0,2.404410874E0
9.957845750E0,7.427137707E-1,2.078080855E0,4.656705004E-1,2.255414108E0
9.967815750E0,1.193194228E0,7.059343457E-1,2.296622586E0,2.682635098E0
9.977784750E0,-6.859278050E-1,2.632843333E-1,1.060999500E0,1.290556288E0
9.987754750E0,-4.358646110E-2,-1.806058150E0,-2.415301183E0,3.016193898E0
9.997724750E0,-1.925846987E0,-3.361216369E-1,-1.184131336E0,2.285614008E0
1.000769475E1,-2.266626078E0,-9.479570335E-1,8.937878430E-2,2.458496467E0
1.001766475E1,-1.608268187E0,-4.535232022E-1,-4.338563848E-1,1.726395441E0
1.002763475E1,-8.000267167E-1,2.452556133E-2,1.368098774E0,1.585035806E0
1.003760475E1,-7.954288318E-1,-2.417842676E0,4.978416470E0,5.591359475E0
1.004757475E1,-1.577559487E0,-8.062921545E-1,-3.750778341E-1,1.810934664E0
1.005754475E1,1.019995754E0,1.060415947E0,-1.229955381E0,1.917723535E0
1.006751375E1,5.276647273E-1,-1.044536372E0,1.871010191E0,2.206845131E0
1.007748375E1,4.149210539E-1,-4.822166589E0,9.857066578E-1,4.939338793E0
1.008745375E1,7.103875121E-1,-7.654934996E-1,-3.276304858E0,3.438721308E0
1.009742375E1,1.382224039E0,-5.148599097E-1,2.597015104E0,2.986655566E0
1.010739375E1,1.418831848E0,-2.478953388E-1,1.885972631E-1,1.452619992E0
1.011736375E1,2.629032411E-2,1.251575753E0,-1.088621746E0,1.658984736E0
1.012733375E1,1.361829097E0,-1.879937720E0,-2.366426647E-1,2.333397538E0
1.013730375E1,1.199366841E0,-3.262932860E0,5.744229228E0,6.714266981E0
1.014727275E1,-2.204953448E0,8.049443713E-1,1.370516598E0,2.718100604E0
1.015724275E1,-1.767634342E0,8.461675340E-1,4.207217842E-1,2.004379575E0
1.016721275E1,5.481367794E-1,1.782022878E0,-9.535405397E-1,2.094110557E0
1.017718275E1,-2.394988102E-1,8.971801051E-1,-4.385711117E0,4.482940310E0
1.018715275E1,5.280225769E-2,8.107945105E-1,-2.593311478E0,2.717616647E0
1.019712275E1,-5.875992724E-1,-8.825518334E-1,-6.034232998E0,6.126674344E0
1.020709275E1,1.486870927E0,-2.769675196E0,-2.170515102E0,3.820081367E0
1.021706275E1,1.080410867E0,-2.153720729E0,1.434843571E0,2.804385261E0
1.022703275E1,-8.614894317E-1,6.458477730E-1,4.030679292E0,4.172008982E0
1.023700175E1,-9.536685938E-1,-5.669045144E-1,4.495601349E0,4.630474706E0
1.024697175E1,2.051410096E-1,-2.428860292E-1,9.263767147E-1,9.794132297E-1
1.025694175E1,-8.894448236E-2,3.254232788E0,6.413290447E-1,3.318018249E0
1.026691175E1,1.381808740E0,3.198304170E-1,-1.691532245E0,2.207480063E0
1.027688175E1,1.360126680E0,7.092321754E-2,-4.250820529E-1,1.426768881E0
1.028685175E1,6.936167474E-1,1.412325651E0,-2.082374758E-1,1.587176986E0
1.029682175E1,2.099365597E0,9.642362666E-1,-2.045452514E0,3.085605852E0
1.030679175E1,1.831885740E0,4.714840946E-1,1.030418562E0,2.154034593E0
1.031676075E1,1.544960968E0,1.598060118E0,6.058194888E-1,2.303848472E0
1.032673075E1,1.738466968E0,2.800319284E0,-1.603117082E0,3.665247587E0
1.033670075E1,-7.505024812E-1,-3.842519985E0,3.887979748E0,5.517662579E0
1.034667075E1,-2.100931920E0,-2.988792586E-1,-1.498954198E0,2.598096886E0
1.035664075E1,4.759353606E-1,5.108731027E0,-1.697520964E0,5.404370878E0
1.036661075E1,-1.118838841E0,-1.182657838E-2,-2.229625189E-1,1.140899866E0
1.037658075E1,-7.069715687E-1,-4.999157714E0,1.188709121E0,5.186946695E0
1.038655075E1,8.225898063E-1,9.498380828E-1,2.344691961E0,2.660155403E0
1.039652075E1,6.489115678E-2,3.937672895E-1,1.175290346E-3,3.990800945E-1
1.040648975E1,2.374645932E0,-1.569688550E0,3.660345304E-1,2.869990718E0
1.041645975E1,3.481305023E-1,-2.525518860E0,7.040123659E-1,2.644820177E0
1.042642975E1,-5.580112649E-1,-1.991190938E0,-7.103729671E-1,2.186514961E0
1.043639975E1,2.170978201E0,1.347352560E0,-1.720687632E0,3.080466068E0
1.044636975E1,1.315348703E0,1.415026188E-2,1.582985703E0,2.058199742E0
1.045633975E1,-1.584287732E-1,1.481380099E0,-1.865590407E0,2.387470259E0
1.046630975E1,4.089764091E-1,-3.445150226E-2,-1.364593368E0,1.424978480E0
1.047627975E1,-1.012611963E0,-3.543157454E0,1.419171864E0,3.948847492E0
1.048624975E1,-7.403778812E-1,-2.382364695E0,3.723787594E0,4.482233259E0
1.049621875E1,6.911053683E-1,2.162256494E-1,2.700994971E0,2.796382305E0
1.050618875E1,1.628663567E0,1.480748599E0,-4.255106539E-1,2.241923448E0
1.051615875E1,1.902872692E0,4.512571138E-1,-2.990605808E0,3.573273088E0
1.052612875E1,2.187253487E0,-3.909134682E0,3.246791621E0,5.532365463E0
1.053609875E1,2.948292432E0,8.660755491E-1,-3.972581357E0,5.022341860E0
1.054606875E1,7.388072459E-1,5.502215311E-1,-2.912634357E0,3.054835311E0
1.055603875E1,5.508289106E-2,-2.972897515E0,-1.556121256E0,3.355989738E0
1.056600875E1,-7.071659886E-1,-1.965491840E0,-8.833996797E-1,2.267958753E0
1.057597775E1,9.033522798E-1,-3.611152679E-1,1.984422201E-1,9.928891644E-1
1.058594775E1,-7.276520741E-1,-1.577298409E0,4.088099535E0,4.441835839E0
1.059591775E1,-1.551996337E0,-1.003124928E0,4.064051106E0,4.464466782E0
1.060588775E1,-3.476317713E-1,2.597596318E0,3.834634430E0,4.644650223E0
1.061585775E1,-2.636904225E0,1.312392643E0,4.090875208E0,5.040922366E0
1.062582725E1,9.665631661E-1,4.531669314E0,-2.178993564E0,5.120379290E0
1.063579725E1,2.571573869E0,3.599091919E0,-5.427691378E0,7.001877498E0
1.064576725E1,2.636403557E-2,-1.834248746E0,-5.733664479E0,6.019972747E0
1.065573725E1,-4.529948332E-1,8.843133071E-1,-3.437519610E0,3.578233560E0
1.066570625E1,-8.598601782E-1,-1.120083860E0,1.052908123E-2,1.412111270E0
1.067567625E1,-2.821796984E0,-3.725769800E-1,5.278868045E0,5.997316039E0
1.068564625E1,-5.870775181E-1,2.456759697E0,3.025641739E-1,2.543987677E0
1.069561625E1,6.616034610E-1,2.814749920E0,5.383777034E-1,2.941153992E0
1.070558625E1,-9.959029593E-1,2.949160159E-1,-6.853579938E-2,1.040910811E0
1.071555625E1,2.789482201E-1,6.956841767E-2,-2.033562786E0,2.053784185E0
1.072552625E1,-3.343815055E0,6.249635652E-1,-9.689976543E-1,3.537037608E0
1.073549625E1,-1.011674873E0,1.972574865E0,9.306714946E-1,2.404305945E0
1.074546525E1,1.846403792E-1,-7.283525705E-2,-9.639550155E-1,9.841779901E-1
1.075543525E1,-5.575039093E-1,-8.529140514E-1,-1.661094564E0,1.948719615E0
1.076540525E1,-1.119472095E-1,-1.615201815E0,-3.105536925E0,3.502251943E0
1.077537525E1,-1.942767952E0,-2.447947066E0,2.620431449E0,4.078413065E0
1.078534525E1,-7.794186437E-1,-1.163732447E0,4.555699616E0,4.766147881E0
1.079531525E1,-1.298095616E0,-4.897969893E-1,2.905838138E-1,1.417530342E0
1.080528525E1,-2.816337731E0,1.075042465E0,2.337120402E-1,3.023589892E0
1.081525525E1,-3.088827336E0,1.566068539E0,-1.863894714E0,3.932877889E0
1.082522525E1,-7.057217994E-1,1.773233343E0,-3.018906332E0,3.571581609E0
1.083519425E1,-3.102456977E-1,-6.120189992E-1,6.464973986E-2,6.892018842E-1
1.084516425E1,-1.351632430E0,-2.543124534E0,2.837618673E-1,2.893944266E0
1.085513425E1,-3.365691682E-1,-4.840061992E-1,1.383445376E-1,6.055410944E-1
1.086510425E1,-1.499435716E0,-1.902239585E0,2.043029428E0,3.168720901E0
1.087507425E1,-3.085494204E-1,-3.126941827E0,4.567939593E0,5.544279940E0
1.088504425E1,9.042472693E-1,1.650151500E-1,-3.840082866E-1,9.961704111E-1
1.089501425E1,1.817871280E0,4.443428105E0,-2.376970346E0,5.357116514E0
1.090498425E1,1.351005316E0,1.970682706E0,-3.325967014E0,4.095224325E0
1.091495325E1,3.831921980E-1,-5.278230699E0,-1.209234602E0,5.428517652E0
1.092492325E1,-5.555362847E-1,-3.647480552E0,-7.264264977E-1,3.760376364E0
1.093489325E1,-1.191748248E-1,-2.306674827E0,5.605262547E0,6.062501102E0
1.094486325E1,-1.826448560E0,2.096687280E0,5.098712407E0,5.807657024E0
1.095483325E1,6.367683627E-1,2.828545256E0,8.818256092E-1,3.030471682E0
1.096480325E1,4.814161385E-1,-5.565619594E-1,-3.136513719E0,3.221682949E0
1.097477325E1,-3.722276454E-1,-3.262769431E0,-7.361141646E-1,3.365424467E0
1.098474325E1,2.144258216E-1,-3.563612477E0,3.870184332E-1,3.590974183E0
1.099471225E1,-8.730623871E-1,-2.197149754E-1,2.348920083E-1,9.304229456E-1
1.100468225E1,-3.270408379E-1,2.715780240E0,-2.821749330E-1,2.749916493E0
1.101465225E1,7.564558969E-1,1.611288566E0,-6.965711993E-1,1.911462216E0
1.102462225E1,1.763180810E0,-2.036576149E0,-3.497237223E-1,2.716386508E0
1.103459225E1,1.576715442E0,9.100936809E-1,-2.449921378E0,3.052280598E0
1.104456225E1,-7.228526795E-1,-1.804482618E0,1.406598596E0,2.399415163E0
1.105453225E1,9.687343834E-1,-1.605857087E0,2.017277706E0,2.754384257E0
1.106450225E1,6.793969037E-1,5.114874696E0,-2.753045715E0,5.848314631E0
1.107447225E1,1.152088741E0,3.734573953E0,-3.484703717E0,5.236173323E0
1.108444125E1,7.572583542E-1,-1.457396282E0,2.149962723E-2,1.642530478E0
1.109441125E1,-2.938644234E0,1.046645755E-1,3.980461065E0,4.948803380E0
1.110438125E1,-7.817667393E-1,2.842016948E0,3.183897800E0,4.338827581E0
1.111435125E1,-6.328146947E-1,3.066167329E0,-2.741220891E0,4.161265252E0
1.112432125E1,-1.372689131E0,-1.115566008E0,-2.255004444E0,2.865974182E0
1.113429125E1,-3.803424478E-1,7.955414638E-1,-5.201034003E-1,1.023745156E0
1.114426125E1,-1.974514825E-1,-6.080759293E-1,2.883436870E0,2.953464340E0
1.115423125E1,1.073304380E0,2.005280389E0,3.327872622E-1,2.298668983E0
1.116420025E1,-2.215869322E0,3.312348264E0,-1.781471193E-2,3.985228380E0
1.117417025E1,-1.531386949E0,-1.857638486E0,2.264875714E0,3.305393884E0
1.118414025E1,2.737232578E-1,-1.105105340E0,-6.506110902E0,6.604972468E0
1.119411025E1,2.978773382E-1,-2.071671137E0,-7.493347192E0,7.780154519E0
1.120408025E1,-1.419047976E-1,-6.394591051E0,3.480138795E0,7.281641142E0
1.121405025E1,-8.059549163E-1,-3.494047860E0,8.571984233E0,9.291762344E0
1.122402025E1,1.993894690E0,6.162891623E0,2.322750869E0,6.881280462E0
1.123399025E1,-1.098209353E0,1.928341263E0,-4.018276763E-1,2.255222670E0
1.124395925E1,-3.115759612E0,-4.406361728E0,4.019159693E-1,5.411609565E0
1.125392925E1,-1.270213168E0,-2.056250860E0,5.169464886E-1,2.471607324E0
1.126389925E1,-4.684308978E-1,2.410904370E0,1.111655098E0,2.695860613E0
1.127386925E1,7.954310976E-2,2.830630958E0,-1.006323355E-1,2.833535882E0
1.128383925E1,-2.429510941E0,-1.569681826E0,2.030102404E0,3.533799685E0
1.129380925E1,6.494640566E-1,-1.567007602E0,-3.843314037E0,4.200997402E0
1.130377925E1,1.058080716E-1,-1.291171928E0,-2.085262697E0,2.454921753E0
1.131374925E1,1.388528215E0,2.012646419E0,8.634197438E-1,2.593115860E0
1.132371925E1,1.146202495E0,4.331488717E0,-3.105681936E0,5.451681846E0
1.133368825E1,-2.230702904E-1,-1.543637450E0,-1.000477894E0,1.852979479E0
1.134365825E1,1.091404875E0,-5.209116025E0,3.252833549E0,6.237546029E0
1.135362825E1,1.544922084E0,-3.415234994E0,3.093025053E0,4.859775538E0
1.136359825E1,3.645586201E-1,2.750969954E0,-1.193770471E0,3.020898312E0
1.137356825E1,-3.298456742E-1,4.035455590E0,-2.437879037E0,4.726198704E0
1.138353825E1,-2.472160093E0,-2.270752458E0,2.266831607E0,4.050483648E0
1.139350825E1,1.375531901E-2,-2.716267021E0,2.486080559E0,3.682240118E0
1.140347825E1,1.737323253E0,-4.487441852E0,6.703692412E-1,4.858479328E0
1.141344725E1,-1.628510590E-1,-8.264635867E-1,4.800914884E-1,9.695619448E-1
1.142341725E1,1.923281960E0,2.812188840E0,-1.821272605E0,3.863218020E0
1.143338725E1,2.620596925E0,2.525916470E0,-1.133534794E0,3.812175677E0
1.144335725E1,2.348695258E0,1.133297982E0,9.350621688E-1,2.770392570E0
1.145332725E1,4.223418284E-2,1.148655402E0,-1.938218672E0,2.253416202E0
1.146329725E1,7.599802331E-1,1.590104981E0,-2.649385691E0,3.182019539E0
1.147326725E1,-1.489810030E0,7.134181970E-1,-4.078964429E0,4.400732924E0
1.148323725E1,-2.330816665E0,2.087468852E0,-2.440961105E0,3.968440959E0
1.149320625E1,-3.507633207E-1,-2.291394298E0,1.657644122E0,2.849790654E0
1.150317625E1,-8.950037715E-1,-2.179354045E0,2.309834370E0,3.299386401E0
1.151314625E1,3.112950536E-1,3.327243754E0,3.982125767E0,5.198536451E0
1.152311625E1,1.646348617E-1,-2.385886180E-1,4.617726295E0,4.626815892E0
1.153308625E1,-4.483947556E-1,1.396596934E0,7.140602213E-1,1.631386788E0
1.154305625E1,1.596099839E0,3.543537816E0,3.978094697E-2,3.886615169E0
1.155302625E1,2.799298945E0,1.655371894E0,-8.132278293E0,8.758440554E0
1.156299625E1,2.763459021E0,-1.934522355E0,-4.104859993E0,5.313093079E0
1.157296525E1,-1.684782804E0,-2.592942519E0,4.752108175E0,5.669601053E0
1.158293525E1,-2.232434192E0,-1.093032593E0,3.207968448E0,4.058268625E0
1.159290525E1,-2.178227798E-1,-9.964848304E-1,1.723443425E0,2.002669723E0
1.160287525E1,2.348695111E0,4.898738509E0,-2.844074584E0,6.132109584E0
1.161284525E1,-1.688447839E0,-3.466800419E0,3.732023982E0,5.366336204E0
1.162281562E1,-2.108414455E0,-2.690779008E0,-1.308723223E0,3.660390643E0
1.163278562E1,-5.581900069E-1,3.648637716E0,-3.598471822E0,5.154913455E0
1.164275563E1,9.950107473E-1,-1.540154556E0,5.091287613E-2,1.834315830E0
1.165272463E1,-3.312345048E0,-1.946627261E0,6.298673326E-1,3.893291701E0
1.166269462E1,-1.363616737E0,-1.352144061E0,4.985400385E-1,1.984007646E0
1.167266462E1,-1.873966543E0,-9.981357917E-1,2.203792191E-1,2.134617686E0
1.168263463E1,-2.245798588E-2,2.042925640E0,-3.333364327E0,3.909650530E0
1.169260463E1,-1.898348994E-1,-2.774152409E0,-1.484830248E0,3.152249950E0
1.170257462E1,-1.616463498E-1,-7.355113167E0,3.912997060E0,8.332788563E0
1.171254462E1,-2.864184035E-1,-9.774246615E-1,3.271009035E0,3.425915144E0
1.172251462E1,-3.653073195E-1,5.762089548E0,3.571845941E0,6.789197951E0
1.173248363E1,1.748483833E0,3.543261827E0,1.688012221E0,4.296659790E0
1.174245363E1,4.997957280E-1,-1.312997830E0,-1.906493434E0,2.368222178E0
1.175242362E1,1.173130239E0,-1.802764706E0,-6.021051620E0,6.393688900E0
1.176239362E1,-3.519773123E-1,-2.052396375E0,-4.275731422E0,4.755848831E0
1.177236363E1,-2.450178802E0,-3.795031531E0,-2.676971101E0,5.250887045E0
1.178233363E1,-2.911234752E-1,-4.241555324E0,2.491128461E0,4.927602404E0
1.179230362E1,8.248937555E-1,2.335525866E0,4.451187068E0,5.093937288E0
1.180227362E1,7.501382728E-1,2.597793076E0,4.309322507E0,5.087386044E0
1.181224362E1,1.806122908E0,2.891290265E0,6.109739263E0,6.996467196E0
1.182221263E1,-1.133940299E-1,1.796881237E0,-1.337842941E-3,1.800456102E0
1.183218263E1,2.443785456E0,-2.302741697E0,-4.029298764E0,5.244993347E0
1.184215262E1,1.120777047E0,-2.933165685E0,-2.966184912E0,4.319473933E0
1.185212262E1,8.112662347E-1,4.960472535E0,-3.420818793E0,6.080003444E0
1.186209263E1,8.889076106E-1,4.234690108E0,-4.329621116E0,6.121141728E0
1.187206263E1,7.847572978E-1,-1.190940419E0,2.683748608E0,3.039192276E0
1.188203262E1,1.693816752E0,1.378081141E0,6.376938307E0,6.740435075E0
1.189200262E1,-1.469135152E0,3.124823673E0,2.704271750E0,4.385882669E0
1.190197162E1,-3.250622425E0,1.635382603E0,-8.259502012E-1,3.731382604E0
1.191194163E1,5.119937508E-1,-2.148872218E-1,-3.459582909E0,3.503859018E0
1.192191163E1,1.496593531E0,1.067744848E0,-9.737011546E-1,2.080376214E0
1.193188162E1,6.441918415E-1,1.053709483E0,-7.439178586E-2,1.237263489E0
1.194185162E1,4.979248748E-1,2.695301829E0,-7.567466497E-2,2.741953279E0
1.195182162E1,-1.390430314E0,-3.057723073E0,-2.224519985E0,4.028828119E0
1.196179163E1,-3.302648465E-1,-5.820366992E0,-2.599975550E0,6.383229563E0
1.197176162E1,1.099059830E-1,-4.825755902E0,-2.238911152E0,5.320970071E0
1.198173062E1,-1.411171776E-1,-5.817014784E-2,-4.000401825E-1,4.281704935E-1
1.199170062E1,-1.060088430E0,-6.638621673E-1,4.871866168E0,5.029868827E0
1.200167063E1,-1.487292219E0,-3.608446295E0,4.361943355E0,5.853159201E0
1.201164063E1,-6.253928970E-1,2.919915017E0,1.781792205E0,3.477327055E0
1.202161062E1,8.783160373E-1,1.256994952E0,2.121470411E0,2.617653926E0
1.203158062E1,-3.875866949E0,-1.375241733E-1,1.138632982E0,4.041997349E0
1.204155062E1,-1.009140982E0,-2.974440596E-1,-3.381483988E0,3.541365902E0
1.205152063E1,2.563640952E0,-2.290989963E0,-1.887346142E0,3.922112365E0
1.206148963E1,1.146027444E0,-3.481519908E-2,-9.962053335E-1,1.518886456E0
1.207145962E1,-1.459473505E0,-1.177690921E0,-3.268166118E0,3.768013879E0
1.208142962E1,-1.117735033E0,-1.100931012E0,-1.954689694E0,2.506430230E0
1.209139963E1,-9.518629005E-1,3.709359589E-1,3.066993248E-1,1.066630650E0
1.210136963E1,-1.773858557E0,3.192527121E-1,5.071935668E0,5.382659927E0
1.211133962E1,-9.403179386E-1,2.119865642E0,5.624265997E0,6.083617031E0
1.212130962E1,1.193327910E0,3.442287430E0,5.652602774E-1,3.686854137E0
1.213127962E1,5.077993237E-1,-5.130738777E-1,9.629007626E-1,1.203446233E0
1.214124863E1,-4.926326696E-1,-5.356800905E0,5.821938139E-1,5.410818101E0
1.215121863E1,1.041635860E0,-1.092006115E0,-4.181207673E0,4.445219930E0
1.216118862E1,1.034991084E0,1.948471765E0,-3.073748537E0,3.783606590E0
1.217115862E1,1.660134451E0,-5.707429191E-1,-6.050400549E-1,1.856843382E0
1.218112863E1,9.095694780E-1,-2.537894199E0,-2.292932993E-1,2.705697511E0
1.219109863E1,-9.934155538E-1,-2.008557753E0,1.194746956E0,2.539409183E0
1.220106862E1,-1.741223492E0,1.721083781E0,3.587733411E0,4.343480132E0
1.221103862E1,5.629349128E-1,4.907182766E0,-3.338375391E0,5.961718600E0
1.222100762E1,-5.423011120E-1,2.059041736E0,1.431675550E0,2.565821164E0
1.223097763E1,2.055548828E-1,1.651829359E0,2.037201508E0,2.630776126E0
1.224094763E1,2.536805375E-1,1.816551563E-1,1.517042559E-1,3.469388882E-1
1.225091762E1,6.095338594E-2,3.954832719E0,-2.738166890E0,4.810610675E0
1.226088762E1,-1.629980214E0,3.796448604E0,1.452440182E0,4.379433751E0
1.227085763E1,-1.558668888E0,-1.547226471E0,4.563307428E-1,2.243121977E0
1.228082763E1,1.194696305E0,-8.305706710E-2,-4.023973705E0,4.198399947E0
1.229079663E1,-4.112818200E-2,1.379955173E0,-5.437288413E0,5.609819346E0
1.230076662E1,1.066390705E-1,-9.639348426E-1,-2.769559422E0,2.934450828E0
1.231073662E1,8.196824245E-1,-6.802416801E-2,-1.131909853E0,1.399187793E0
1.232070663E1,-1.108849970E0,-2.071250430E0,1.919092430E0,3.033569243E0
1.233067663E1,-1.386843339E-1,-4.113906513E0,3.299974971E0,5.275726960E0
1.234064662E1,1.142301671E0,-5.489845526E-1,5.769961070E0,5.907511142E0
1.235061662E1,2.124060874E0,3.007981394E0,-1.293990578E0,3.903075490E0
1.236058662E1,1.147812233E0,-1.456040020E0,1.069492580E0,2.140406467E0
1.237055563E1,-7.316683073E-1,-3.214252451E0,2.001601321E0,3.856574280E0
1.238052563E1,-5.004591677E-1,-1.702990157E0,1.834174486E0,2.552416678E0
1.239049562E1,-1.476537435E0,1.390729253E0,-8.255543447E-1,2.189938498E0
1.240046562E1,-1.360505287E0,1.156875125E0,-1.895219418E0,2.604072068E0
1.241043563E1,-9.373161243E-1,-5.981380016E-1,1.471084029E0,1.844022453E0
1.242040563E1,2.379327066E-2,2.086044762E0,-4.247992816E0,4.732609411E0
1.243037562E1,-1.506247722E0,-2.260644961E0,-2.999438612E0,4.046718402E0
1.244034562E1,-2.833471535E0,-2.623645956E0,-9.050641984E-1,3.966260234E0
1.245031462E1,-1.522751050E0,-1.170630115E-1,1.729775375E0,2.307508907E0
1.246028463E1,-2.918153470E-1,-4.491421759E-2,2.683346320E0,2.699540879E0
1.247025463E1,-6.400739399E-1,7.661021948E-1,2.121582093E0,2.344721262E0
1.248022462E1,-8.306962399E-1,-5.112480846E-1,2.119212801E0,2.332915288E0
1.249019462E1,-1.901748857E0,-1.090954493E0,2.664776732E0,3.450777515E0
1.250016463E1,-4.235443814E-1,-3.506864664E-1,1.716528507E0,1.802454149E0
1.251013463E1,-3.151869969E-1,2.075249341E0,2.516208338E0,3.276783037E0
1.252010462E1,2.536584277E-2,-1.804720892E0,-2.613973199E0,3.176557383E0
1.253007362E1,9.380048532E-2,-1.540504512E-1,-3.255346098E0,3.260338677E0
1.254004362E1,-1.558013707E0,-5.263444260E-1,-3.228197476E0,3.622941361E0
1.255001363E1,4.181210523E-1,3.852490658E-1,-3.964989917E0,4.005544545E0
1.255998363E1,-9.219800471E-1,-1.598757398E-1,-2.472442514E0,2.643592148E0
1.256995362E1,3.332224778E-1,-1.035728126E0,2.576487869E-1,1.118102351E0
1.257992362E1,-2.086456845E-1,-2.906043375E0,5.527385820E0,6.248248965E0
1.258989363E1,6.348592468E-1,-2.582106751E0,3.315660127E0,4.250167481E0
1.259986363E1,3.864909851E0,2.307842224E0,2.004451838E0,4.927625296E0
1.260983263E1,1.480809118E0,3.692084575E0,4.555911870E0,6.048191227E0
1.261980262E1,1.175326014E0,1.802318563E0,-2.752436435E-1,2.169217026E0
1.262977292E1,-9.250779019E-1,1.530181838E0,-9.624228696E0,9.788922493E0
1.263974292E1,3.116999221E0,-1.259259287E-1,-4.219944307E0,5.247806346E0
1.264971292E1,-2.212501911E0,-1.631696518E0,-1.488596440E0,3.126262560E0
1.265968292E1,-1.525337712E0,1.463693441E0,1.441389529E0,2.558643664E0
1.266965292E1,8.889063681E-1,4.180820295E0,1.206867650E0,4.441389692E0
1.267962192E1,4.603319194E-2,2.576227376E0,1.606986769E0,3.036687838E0
1.268959192E1,6.806143671E-1,4.107990593E-1,-7.242700446E-1,1.075434276E0
1.269956192E1,1.544611012E0,-5.350895217E-1,1.380721158E0,2.139751128E0
1.270953192E1,3.501295557E-1,2.722773510E-1,6.866853118E-2,4.488218230E-1
1.271950192E1,-1.449351683E0,5.156139082E-1,2.277138494E0,2.748060721E0
1.272947192E1,9.096099700E-1,1.317059013E-1,1.398344082E0,1.673350804E0
1.273944192E1,3.483255069E-1,-8.436190251E-1,-4.018057492E0,4.120413781E0
1.274941192E1,-8.133446275E-1,-2.139748807E0,1.521091172E0,2.748412777E0
1.275938092E1,-2.383937888E0,-3.940774258E0,4.727697219E0,6.600301705E0
1.276935092E1,-1.126202386E0,-2.068937856E-1,-2.971052134E-1,1.182965917E0
1.277932092E1,6.424058095E-2,9.487303278E-1,-3.179826969E-1,1.002661001E0
1.278929092E1,-1.416760326E0,2.229791835E-1,-1.631650910E0,2.172375250E0
1.279926092E1,1.114316678E-1,-3.050007087E0,1.952683514E0,3.623248978E0
1.280923092E1,6.514732330E-1,2.739985959E0,-5.776093045E0,6.426133464E0
1.281920092E1,2.749102426E-1,6.825840747E-1,-4.147259324E0,4.212037103E0
1.282917092E1,-2.584477724E-1,-4.254693433E0,3.867543145E0,5.755614775E0
1.283913992E1,1.007827259E0,-2.201069142E0,3.847861417E0,4.546037685E0
1.284910992E1,2.866670564E0,-4.706180050E0,3.713222845E0,6.644844218E0
1.285907992E1,8.217390364E-1,4.778464499E-1,2.641375591E0,2.807215219E0
1.286904992E1,1.724931541E-1,3.552120651E0,3.254437441E-1,3.571166286E0
1.287901992E1,-1.425817590E-1,2.214817408E0,-2.127373760E0,3.074323474E0
1.288898992E1,-1.543139779E-1,2.816896141E-2,-4.356483809E0,4.359306995E0
1.289895992E1,1.528125372E0,-2.024621809E0,-2.201699472E0,3.358830330E0
1.290892892E1,-5.598759785E-1,-1.504462860E0,-3.678933603E-1,1.646880424E0
1.291889892E1,6.523874451E-1,-1.277286545E0,1.487715265E0,2.066486633E0
1.292886892E1,5.542489836E-1,-1.049484578E0,6.476098899E0,6.583955252E0
1.293883892E1,9.157708157E-2,7.030721337E-1,2.105653108E0,2.221817229E0
1.294880892E1,1.681506902E0,1.003366418E0,-6.003114116E-1,2.048068217E0
1.295877892E1,1.577263618E0,-1.451535618E0,-2.954924929E0,3.650520169E0
1.296874892E1,2.039880849E0,2.668280384E-1,-3.243946366E0,3.841288730E0
1.297871892E1,5.549998392E-1,-2.058458768E0,1.692101179E0,2.721852995E0
1.298868792E1,-1.292238314E-1,9.493939868E-1,-2.540205896E-2,9.584847444E-1
1.299865792E1,-1.963287074E-1,3.433901353E0,-1.855864733E0,3.908255029E0
1.300862792E1,-1.995964751E0,-8.432024109E-1,-9.163212579E-1,2.352553982E0
1.301859792E1,-2.487882818E-1,-7.216744655E-1,-1.013022510E0,1.268433778E0
1.302856792E1,-9.701861009E-1,-6.888324094E-1,2.884808627E0,3.120556356E0
1.303853792E1,1.178652788E0,2.478551685E0,-1.467674518E0,3.112315751E0
1.304850792E1,1.117702362E0,6.661773723E0,-4.147604309E0,7.926607674E0
1.305847692E1,-1.575199112E0,2.641929907E-1,4.825928103E0,5.083368198E0
1.306844692E1,-2.074831849E0,-1.853573209E-1,5.181362216E0,5.584424675E0
1.307841692E1,2.225959570E0,3.030408682E0,9.813574988E-1,3.886043660E0
1.308838692E1,2.232663549E0,1.181067395E0,-4.623995095E0,5.268874391E0
1.309835692E1,1.871323309E0,-2.860615772E-1,-6.394110995E0,6.668458410E0
1.310832692E1,4.400401808E-1,-2.309482075E0,-1.155229719E0,2.619522575E0
1.311829692E1,-2.529513970E0,-1.879179043E0,-9.863165224E-1,3.301904766E0
1.312826692E1,-1.395663133E0,-2.037763426E0,2.096641379E0,3.239793270E0
1.313823592E1,8.062738819E-1,3.349962526E0,2.211921574E0,4.094499182E0
1.314820592E1,1.872961845E-1,6.185784057E-1,2.968553034E0,3.038095822E0
1.315817592E1,-2.305348240E0,-4.893524547E0,3.915389156E0,6.677685620E0
1.316814592E1,2.052689175E-1,-2.811286614E0,1.257045531E0,3.086362134E0
1.317811592E1,8.320674120E-1,2.895855771E0,-1.813104630E0,3.516484782E0
1.318808592E1,7.072999629E-1,4.900498813E-1,-3.675138760E0,3.774528716E0
1.319805592E1,-4.750654411E-1,-1.027925601E0,-9.514896873E0,9.582044705E0
1.320802492E1,4.490929862E-1,-3.174009282E0,-1.018111810E1,1.067385522E1
1.321799492E1,-6.093527419E-1,-6.566694489E0,3.446947660E0,7.441386661E0
1.322796492E1,-8.365226249E-1,-4.540340150E0,1.854779139E1,1.911373915E1
1.323793492E1,-2.145082052E0,2.966176433E0,1.035500026E1,1.098296909E1
1.324790492E1,2.263866777E0,3.663266573E0,-1.003545928E0,4.421732601E0
1.325787492E1,-1.985006045E0,-7.274406973E-1,3.383038763E0,3.989281920E0
1.326784492E1,-6.999858271E-1,1.665924072E0,1.821685418E0,2.565895737E0
1.327781492E1,2.111724710E0,-9.265252340E-1,-4.825084350E0,5.347828460E0
1.328778392E1,9.969665679E-1,1.071574189E0,-6.925812932E0,7.078778027E0
1.329775392E1,1.742063591E0,1.334776661E0,-1.042374364E0,2.429600503E0
1.330772392E1,-1.431038788E0,-2.927480437E0,3.875299476E0,5.063196594E0
1.331769392E1,-2.546327931E0,-3.219955825E0,-1.578452357E0,4.398114743E0
1.332766392E1,-9.461208616E-1,-3.738999125E-1,-4.334987106E0,4.452758587E0
1.333763392E1,-1.255192548E-1,2.840824409E0,-1.302135749E0,3.127554303E0
1.334760392E1,-3.579970574E-1,3.035092886E0,-3.076892000E0,4.336728617E0
1.335757292E1,-1.429530499E0,-2.227986507E0,-3.186292235E0,4.142455737E0
1.336754292E1,-1.718002152E0,-6.312949303E-1,-3.285234725E0,3.760695665E0
1.337751292E1,-5.467989730E-1,-1.461405425E0,-1.281175820E0,2.018936952E0
1.338748292E1,-8.391516792E-1,-6.267186069E-1,9.042568148E0,9.103020953E0
1.339745292E1,-2.179765835E0,-2.368201861E0,8.990123302E0,9.548930628E0
1.340742292E1,-2.468275788E0,1.069763599E0,-6.160977244E-1,2.759774615E0
1.341739292E1,2.002426655E0,4.222731090E0,-4.544199312E0,6.518505792E0
1.342736192E1,9.577828409E-1,2.867018473E0,-7.712477446E-2,3.023754475E0
1.343733192E1,4.018615536E-1,6.444359627E-1,-1.109974608E0,1.344929013E0
1.344730192E1,2.810958293E0,3.774069848E0,-2.218518988E0,5.202587456E0
1.345727192E1,1.624142793E0,5.119715606E0,3.624513566E-1,5.383372427E0
1.346724192E1,-3.946172408E0,1.085361924E0,2.792700947E0,4.954741745E0
1.347721192E1,-5.265299289E-1,-1.438584620E0,9.858972770E-1,1.821744470E0
1.348718192E1,-4.118491827E-1,-8.217463455E-1,-1.485088111E0,1.746531850E0
1.349715192E1,-2.050121370E0,8.355966452E-1,-3.074054931E0,3.788275743E0
1.350712092E1,-1.104180602E0,1.748716260E0,-3.624057484E0,4.172650957E0
1.351709092E1,-1.414210794E0,-5.167162253E0,1.077271131E0,5.464436934E0
1.352706092E1,-3.724992120E-1,-5.462636093E0,3.692056509E0,6.603819350E0
1.353703092E1,1.135562901E0,-1.425774832E0,1.264857996E0,2.218603778E0
1.354700092E1,2.196012178E0,-1.548828901E0,6.879991812E-1,2.773929221E0
1.355697092E1,1.140450004E0,-3.335674854E0,2.561693244E0,4.357708712E0
1.356694092E1,1.209584485E0,-2.703252581E0,4.017196198E0,4.990845062E0
1.357690992E1,-9.411611802E-1,-4.351234764E-2,2.383222774E0,2.562699452E0
1.358687992E1,1.194927124E-1,8.393262917E-1,-1.811359820E0,1.999942882E0
1.359684992E1,-1.345126233E0,9.165387744E-1,-2.374050831E0,2.878458834E0
1.360681992E1,6.977304098E-1,3.390706801E-1,-3.561624423E0,3.645128967E0
1.361678992E1,5.595184213E-1,-8.675309211E-1,-2.512945592E0,2.716719770E0
1.362675887E1,-5.138457102E-1,2.529197051E0,2.581384327E0,3.650263029E0
1.363672887E1,2.567480233E-1,1.807028203E0,1.855477062E0,2.602703518E0
1.364669787E1,2.062757788E0,-1.939974591E-1,-1.203389726E0,2.395986548E0
1.365666788E1,6.436403029E-1,-4.838194392E0,-1.283073826E0,5.046650003E0
1.366663788E1,2.045508355E0,-4.217747508E0,8.825056404E-1,4.769938645E0
1.367660787E1,5.822777580E-1,3.354856353E0,-9.186776859E-1,3.526765831E0
1.368657787E1,9.048249011E-1,2.660086096E0,-2.552637076E-1,2.821334028E0
1.369654788E1,6.384666865E-1,-1.785041210E0,-6.626824915E-2,1.896945786E0
1.370651788E1,6.394539888E-1,-2.930854865E0,-2.824957697E0,4.120582196E0
1.371648687E1,-2.916801302E-1,-1.872652089E0,2.292351195E0,2.974353232E0
1.372645687E1,8.793443432E-1,-8.168621662E-1,3.363570458E0,3.571290593E0
1.373642687E1,9.865027562E-1,2.735611072E0,-4.420956963E-1,2.941462941E0
1.374639688E1,-1.000944794E0,-6.579579413E-3,2.705930606E0,2.885133310E0
1.375636688E1,1.424804633E0,-9.085754514E-2,9.759154952E-1,1.729373988E0
1.376633687E1,-1.536070861E-1,1.644962389E0,-1.991037156E0,2.587223483E0
1.377630687E1,-3.957030103E-1,1.288965189E0,-4.926320702E0,5.107508962E0
1.378627688E1,-1.949951841E0,-1.646611011E0,-3.919344213E0,4.677060943E0
1.379624588E1,-1.040623269E0,-1.653006403E0,1.145861310E0,2.264580557E0
1.380621588E1,-3.764972092E-1,1.897236415E0,3.678863436E0,4.156355656E0
1.381618587E1,-1.309560544E0,2.234393009E0,3.705768814E0,4.521082109E0
1.382615587E1,9.947132702E-1,2.149804556E0,-1.969833398E-1,2.376955312E0
1.383612588E1,-3.143523069E0,1.728721706E0,-4.511261947E0,5.763826886E0
1.384609588E1,-2.394860195E0,-3.873420766E-1,-3.640336132E-1,2.453142823E0
1.385606587E1,-1.842410143E-1,-1.177963108E0,-1.495585032E0,1.912672587E0
1.386603487E1,-3.173926032E-1,-1.244462907E-2,1.700587243E0,1.729997083E0
1.387600487E1,2.667267061E0,3.363007664E0,-6.747376961E-1,4.345043738E0
1.388597488E1,1.239497159E-1,4.773529449E-1,6.091839767E-1,7.837949244E-1
1.389594488E1,-1.423058654E0,1.587937126E-1,-2.031763013E0,2.485633182E0
1.390591487E1,-6.499564652E-1,-3.465153551E0,4.221517208E0,5.500085461E0
1.391588487E1,3.054573762E0,2.798223057E-1,1.615577499E0,3.466815837E0
1.392585488E1,1.312387673E0,3.830899229E0,1.777849427E0,4.422544391E0
1.393582388E1,-2.009995583E0,4.977255213E-1,-6.861994082E-1,2.181440480E0
1.394579387E1,2.342139213E0,8.330466744E-1,-2.958201123E0,3.864005272E0
1.395576387E1,-2.415312293E0,2.066200482E0,-5.484421649E0,6.338911478E0
1.396573387E1,-7.242378849E-1,-1.577752738E0,-3.841587939E0,4.215640178E0
1.397570388E1,-4.634587911E-1,-2.593778086E-1,-2.555933737E0,2.610530246E0
1.398567388E1,8.837927587E-1,-3.234143802E0,1.179589804E0,3.554181745E0
1.399564387E1,-4.739363437E-1,-2.140964151E0,7.666834080E0,7.974251562E0
1.400561287E1,1.816758408E-1,8.039959529E-1,4.392913717E0,4.469575654E0
1.401558287E1,2.275712943E-1,2.152716762E-1,4.827794534E-1,5.755055075E-1
1.402555288E1,1.267172031E-1,2.976514311E0,2.037690336E-1,2.986170877E0
1.403552287E1,2.713021451E-1,1.649629051E0,-4.563423788E0,4.860012092E0
1.404549287E1,-6.887692595E-1,-2.177319799E0,-3.477088888E0,4.159960544E0
1.405546287E1,1.098444192E0,-5.789164495E0,-7.716219664E-2,5.892958442E0
1.406543288E1,-9.924495207E-1,-4.707991517E0,3.589081194E0,6.002636420E0
1.407540188E1,2.216254800E-1,-1.294429996E0,6.490713429E0,6.622237363E0
1.408537187E1,1.035323279E0,8.322075990E-1,3.351417021E0,3.605060308E0
1.409534187E1,-1.800767882E0,2.094947733E0,-8.433039186E0,8.873991260E0
1.410531187E1,9.448297964E-1,-1.864707185E0,-4.116289546E0,4.616673679E0
1.411528188E1,5.890568006E-1,-1.037838971E0,-4.585521585E0,4.738259792E0
1.412525187E1,-3.822041282E-1,-2.133510997E0,3.504952040E0,4.120999633E0
1.413522187E1,-6.821141779E-1,-2.637964033E0,1.004486628E1,1.040785629E1
1.414519087E1,-7.685733743E-1,1.634158196E0,5.493265563E0,5.782486021E0
1.415516088E1,-1.116061852E0,1.416490623E0,9.460713065E-1,2.036440684E0
1.416513088E1,1.291217097E0,2.604165957E0,-4.112522770E0,5.036046609E0
1.417510087E1,7.952682526E-1,-3.657059169E-1,-3.547755997E0,3.654143542E0
1.418507087E1,5.544821779E-1,2.108656238E0,-2.013120920E0,2.967581078E0
1.419504087E1,6.334582539E-1,3.507561360E0,-6.680975980E-1,3.626377042E0
1.420501088E1,3.774271357E-1,7.749461085E-1,-2.534027143E0,2.676618440E0
1.421497988E1,1.287937248E0,4.722502552E0,-3.803372877E0,6.198907803E0
1.422494987E1,1.275927506E0,1.029131882E0,-4.126425694E0,4.440100499E0
1.423491987E1,9.954976742E-1,-1.968101453E0,-1.066127508E0,2.449707495E0
1.424488988E1,5.470441907E-1,-2.930123963E0,4.320939755E0,5.249324161E0
1.425485988E1,3.696205547E-1,-2.964452089E0,5.912062443E0,6.623977497E0
1.426482987E1,6.771593204E-1,2.797681605E0,1.174020331E0,3.108679920E0
1.427479987E1,-1.456519053E0,-1.489386106E0,1.270787657E0,2.440209007E0
1.428476887E1,-9.556030720E-1,1.034365725E0,2.642210573E-1,1.432795328E0
1.429473888E1,2.695711134E-1,2.952069733E0,9.982898659E-1,3.127933335E0
1.430470888E1,-2.677193002E0,-2.598704073E0,8.643593913E-1,3.829848872E0
1.431467887E1,1.224958789E-2,-3.039308144E0,-1.944247152E0,3.607996817E0
1.432464887E1,4.695561579E-1,1.255819662E0,-3.091460922E0,3.369673077E0
1.433461888E1,7.581824335E-1,-1.229472108E0,5.062870145E-1,1.530610600E0
1.434458888E1,5.188281226E-1,-3.366826188E0,2.385034826E0,4.158496401E0
1.435455788E1,-8.206555474E-1,4.548139751E0,1.535563030E0,4.870010733E0
1.436452787E1,-3.156746181E-1,3.815666648E0,-4.015733224E-1,3.849704347E0
1.437449787E1,-3.727020373E-1,-2.255477776E0,-1.606862224E0,2.794296515E0
1.438446788E1,1.822812762E0,-1.027618038E0,-2.089159867E0,2.956896032E0
1.439443788E1,7.803683777E-1,-3.133176421E0,1.810242417E0,3.701722153E0
1.440440787E1,-8.669991899E-2,-2.113651514E-1,-2.780590779E-1,3.598735250E-1
1.441437787E1,1.314486969E0,4.672717604E-1,1.516150859E0,2.060323353E0
1.442434687E1,-4.440298091E-1,-2.119788459E0,1.454276208E0,2.608751593E0
1.443431688E1,6.539467514E-1,-2.657615940E0,4.493943663E0,5.261758117E0
1.444428688E1,-1.483882634E-1,-1.065966709E0,3.525218489E0,3.685847189E0
1.445425687E1,-2.382727222E-1,-7.895623934E-1,1.679746597E0,1.871291344E0
1.446422687E1,1.965626180E0,1.587170848E0,7.106939793E-2,2.527419324E0
1.447419688E1,6.701959444E-1,3.334701293E0,-6.346486593E0,7.200506051E0
1.448416688E1,-7.316237953E-1,-3.604577485E-1,-4.606418949E-1,9.366931844E-1
1.449413588E1,-2.034012437E-2,-2.895999028E0,2.267559586E0,3.678185771E0
1.450410587E1,-1.789304269E-1,-1.519598085E0,3.276349881E0,3.616028620E0
1.451407587E1,-3.750694653E-1,1.363164309E0,-1.048033299E0,1.759905631E0
1.452404588E1,-2.251174372E-2,-1.483605257E-1,2.195457569E0,2.200579824E0
1.453401588E1,9.319844138E-1,1.830526993E0,-7.639609444E-1,2.191588544E0
1.454398587E1,-1.857810394E0,-2.772299427E-1,-3.306425035E0,3.802730915E0
1.455395587E1,-1.265827756E0,4.216523686E-1,-2.145345762E0,2.526384584E0
1.456392487E1,-1.134029323E0,4.791010577E0,-6.648185964E0,8.272737241E0
1.457389488E1,6.918139777E-1,2.320070213E0,-7.512126110E0,7.892614970E0
1.458386488E1,-8.078644708E-1,-3.661172685E0,-6.102248980E0,7.162002028E0
1.459383487E1,2.395706433E0,-4.218188096E0,3.727218155E0,6.117571030E0
1.460380487E1,-6.576546170E-3,-1.741180953E-1,1.061392900E1,1.061535912E1
1.461377488E1,-4.735682761E0,7.827236069E0,4.119944640E0,1.003325767E1
1.462374488E1,1.346739188E0,4.048348116E0,2.122475547E0,4.765262989E0
1.463371475E1,8.783641306E-1,-2.055744491E0,-1.875834728E0,2.918281153E0
1.464368475E1,6.037388302E-1,2.251791984E-1,-1.887040917E0,1.994023488E0
1.465365475E1,-1.316055631E0,3.732920945E-1,-1.920861797E0,2.358189869E0
1.466362475E1,-1.414074554E0,2.563679543E-1,2.904703778E-1,1.466187032E0
1.467359475E1,1.416724512E0,-7.290747017E-1,4.412125914E0,4.691003447E0
1.468356475E1,-6.603091067E-1,-1.820451656E0,2.143474068E0,2.888690608E0
1.469353475E1,1.344331450E0,1.657059693E0,-8.349859035E-1,2.291347929E0
1.470350375E1,1.858527409E0,-9.350247467E-1,-1.426131220E0,2.522349235E0
1.471347375E1,-1.056555835E0,1.523455786E0,-3.358637747E0,3.836362246E0
1.472344375E1,-3.909857690E-1,2.995706919E-1,-6.746510988E0,6.764467679E0
1.473341375E1,-9.247936542E-1,-6.402318732E0,-3.321557044E0,7.271703352E0
1.474338375E1,4.148743493E-1,-3.511677507E0,1.102200150E-2,3.536116673E0
1.475335375E1,-1.529305632E-1,-5.603185031E-1,4.239530725E0,4.279131378E0
1.476332375E1,-5.831013018E-1,-3.565699933E0,6.324784067E0,7.284031620E0
1.477329275E1,-1.035157218E0,-1.901765960E0,6.004481780E0,6.382951173E0
1.478326275E1,8.195303969E-2,2.062278170E0,2.985121704E0,3.629140276E0
1.479323275E1,2.897319476E-1,-8.093177962E-1,1.420966959E-1,8.712814515E-1
1.480320275E1,-5.078182541E-2,-3.017192513E0,-3.189102407E0,4.390490134E0
1.481317275E1,-1.146512763E0,6.407621571E-1,-2.946117852E0,3.225628320E0
1.482314275E1,6.708459355E-1,2.921985516E0,-2.781319342E0,4.089470737E0
1.483311175E1,1.896263877E0,2.680691684E0,-3.984464069E0,5.163126815E0
1.484308175E1,1.576746140E0,-4.143559206E-1,-4.456761804E0,4.745581628E0
1.485305175E1,7.608412356E-1,-5.293520583E0,-1.506526342E0,5.556065259E0
1.486302175E1,1.269968608E0,-4.882789351E0,5.178309969E0,7.229754232E0
1.487299175E1,-1.700487256E-2,-2.186385907E0,7.375883061E0,7.693128325E0
1.488296175E1,-3.261608320E-1,2.283800227E0,6.008624532E0,6.436279448E0
1.489293175E1,-1.999513865E-2,3.651184471E0,-1.254713076E-1,3.653394435E0
1.490290075E1,3.116853041E0,9.436944133E-1,-6.389147294E-1,3.318666006E0
1.491287075E1,2.526098319E0,3.655386865E-3,2.714254117E-1,2.540641225E0
1.492284075E1,7.626853012E-1,-1.568661779E-2,-1.983839234E0,2.125453609E0
1.493281075E1,7.395788591E-1,3.900160083E-1,-1.944090446E0,2.116264879E0
1.494278075E1,6.355294839E-1,-1.298352309E0,-2.836965539E0,3.184021029E0
1.495275075E1,8.015526208E-1,2.125289520E0,-1.177162625E0,2.558330313E0
1.496272075E1,1.448501498E0,2.625733996E0,9.871713853E-1,3.157078230E0
1.497268975E1,1.374207799E0,5.677761004E0,-2.001238208E0,6.174979470E0
1.498265975E1,1.755422724E0,3.820265775E0,8.811970335E-1,4.295631239E0
1.499262975E1,1.594715072E0,5.443225676E-1,-1.369220270E0,2.171213339E0
1.500259975E1,-4.454128218E-1,1.015169023E0,-4.991686141E-1,1.215783711E0
1.501256975E1,5.202005372E-1,1.790551919E-1,1.212662240E0,1.331622720E0
1.502253975E1,3.278957739E-2,5.701883107E-1,6.764059067E-2,5.751218267E-1
1.503250975E1,2.318823733E0,-2.769863184E0,2.156825600E0,4.207253526E0
1.504247875E1,5.661464229E-1,2.179923856E0,-7.729071844E-1,2.381170995E0
1.505244875E1,8.419418974E-1,-2.979562756E-1,1.261842002E0,1.545926692E0
1.506241875E1,2.083680148E0,-5.784244063E-1,-3.713072571E0,4.296883251E0
1.507238875E1,1.173481802E0,-1.047013252E0,-4.194302512E0,4.479449727E0
1.508235875E1,6.254848444E-1,-1.409454376E0,6.775449443E-1,1.684298097E0
1.509232875E1,1.227017155E0,-8.799787661E-1,5.492382048E0,5.696156098E0
1.510229775E1,1.840923635E0,1.504841467E0,3.366388232E-1,2.401431525E0
1.511226775E1,1.017566309E0,-9.897698879E-1,-1.387064218E0,1.984699667E0
1.512223775E1,1.193697454E0,-2.219081198E0,-2.505311467E0,3.553283062E0
1.513220775E1,-1.452001348E0,-5.472420824E0,2.945893319E0,6.382318155E0
1.514217775E1,-6.909202308E-1,-3.355575560E0,6.564424015E0,7.404655343E0
1.515214775E1,1.363233013E-1,1.751661210E0,5.107203149E0,5.400965196E0
1.516211775E1,2.512699132E-1,2.185741836E0,2.933363321E0,3.666773011E0
1.517208675E1,-8.546746480E-1,5.087402138E-1,-2.906984192E0,3.072432660E0
1.518205675E1,-2.318893461E0,1.026600915E0,-7.422221661E-2,2.537062329E0
1.519202675E1,-8.215890554E-1,1.432096549E0,-8.975709915E-1,1.879239949E0
1.520199675E1,9.046837639E-1,-1.539862196E0,-3.336635259E0,3.784542660E0
1.521196675E1,1.134551771E0,-5.363132855E0,-3.480980210E0,6.493660367E0
1.522193675E1,1.100580691E0,-3.160374452E0,-2.257218200E-1,3.354131016E0
1.523190675E1,2.175704067E0,1.270317833E0,2.654804891E0,3.659970573E0
1.524187575E1,2.008968812E-1,9.055778763E-1,5.082526145E0,5.166478768E0
1.525184575E1,1.770275090E0,-1.930632787E0,6.157594045E0,6.691575396E0
1.526181575E1,1.624691992E0,2.029936928E-1,-3.948602511E0,4.274610192E0
1.527178575E1,2.161509220E0,6.609011373E-1,-1.228940889E0,2.572782177E0
1.528175575E1,1.004029639E0,-1.840601161E-1,-1.276722581E0,1.634617445E0
1.529172575E1,1.579531753E0,-1.076455737E0,6.205164653E-1,2.009656238E0
1.530169575E1,4.242741870E-1,2.898567125E-1,7.318842888E-2,5.190202748E-1
1.531166475E1,2.234503521E0,2.354984230E0,-6.172409136E0,6.974065618E0
1.532163475E1,9.041627770E-1,1.147171963E0,-3.489068078E0,3.782474044E0
1.533160475E1,2.791545537E-1,-2.456494233E-1,3.260588712E-1,4.945556505E-1
1.534157475E1,5.908139985E-1,-1.601806429E0,3.281334048E0,3.698918511E0
1.535154475E1,-1.052798487E-2,4.470492235E0,-2.659072773E0,5.201545893E0
1.536151475E1,7.981545114E-1,6.718979373E0,-2.816886200E0,7.329159727E0
1.537148375E1,-1.079623028E0,9.973399857E-1,-1.540379966E0,2.129094495E0
1.538145375E1,-2.288820939E0,-3.749705377E-1,6.048944592E-1,2.396914997E0
1.539142375E1,-9.211044265E-1,-3.676773933E0,3.096196582E0,4.894234690E0
1.540139375E1,-2.279229020E0,-8.267965856E-1,5.490474102E0,6.001981621E0
1.541136375E1,-2.280117504E0,2.709759655E0,2.870444942E0,4.558638764E0
1.542133375E1,1.381388910E0,2.359881566E0,-1.982428300E0,3.377469214E0
1.543130375E1,2.141848834E0,-1.722954305E0,-4.948503869E0,5.660722437E0
1.544127275E1,-5.890460929E-1,-3.907411800E0,1.082740032E0,4.097214694E0
1.545124275E1,-3.023848691E0,1.183379677E0,4.491339898E-1,3.278074085E0
1.546121275E1,-1.859739683E0,-4.537287319E-1,3.847879543E0,4.297752718E0
1.547118275E1,-1.476523401E0,-3.023786125E0,-2.910776111E0,4.449272014E0
1.548115275E1,1.183513212E0,7.275143722E-1,-3.390458879E0,3.664040406E0
1.549112275E1,6.420255943E-1,-1.943291424E0,1.600663590E0,2.598211376E0
1.550109275E1,3.189490224E-1,-2.763438264E0,6.465470415E0,7.038510297E0
1.551106175E1,2.184952462E0,-1.312069876E0,2.006752717E0,3.243855898E0
1.552103175E1,1.545822847E0,1.599246518E0,1.097297260E0,2.480165111E0
1.553100175E1,-1.471988301E-1,1.424520897E0,-1.259583807E-1,1.437634444E0
1.554097175E1,-1.002710142E0,-2.171179345E-1,-1.310814187E0,1.664572515E0
1.555094175E1,-8.236645246E-1,-3.880136293E-1,-3.326366379E0,3.448723114E0
1.556091175E1,-2.439515527E0,-1.542831119E0,-2.629052584E0,3.904290122E0
1.557088075E1,4.511466014E-1,9.373516461E-1,-1.430423076E0,1.768692043E0
1.558085075E1,-7.327496767E-2,-3.720466375E0,3.096864919E0,4.841261364E0
1.559082075E1,-1.503897726E0,-6.987203434E-1,-5.869119322E-1,1.759086156E0
1.560079075E1,5.238697381E-1,3.634610246E0,-2.630614960E0,4.517185651E0
1.561076075E1,1.062145115E0,1.563874371E0,-1.334428167E0,2.313990888E0
1.562073075E1,3.738155665E-1,1.127391417E0,1.693987491E0,2.068899008E0
1.563070038E1,7.012775501E-1,-1.843857183E0,7.368269402E-1,2.105828448E0
1.564066938E1,-1.612401291E0,-6.080893194E0,1.489027380E0,6.464851313E0
1.565063937E1,-1.571658916E0,-6.761003897E-1,6.372782106E0,6.598452490E0
1.566060937E1,1.640061399E0,3.612294348E0,3.214407402E-1,3.980175372E0
1.567057938E1,1.540069772E0,-1.731333950E0,1.669754291E-1,2.323190251E0
1.568054938E1,1.852358158E0,1.360445061E0,-2.452388903E0,3.360989860E0
1.569051937E1,1.681374901E-1,1.666593578E0,-4.674692209E0,4.965737772E0
1.570048937E1,5.175137416E-1,-5.326085481E-1,-5.789921710E0,5.837352632E0
1.571045837E1,-6.195768178E-1,-1.402776856E0,-3.361499375E0,3.694771493E0
1.572042838E1,5.349587633E-1,1.421086242E0,1.651422685E0,2.243404527E0
1.573039838E1,9.385713022E-1,5.141822759E0,4.450266132E0,6.864701451E0
1.574036837E1,2.769625495E0,3.473713875E-1,6.349516620E0,6.935982524E0
1.575033837E1,2.671781112E0,4.508492705E-1,-2.613596638E0,3.764646964E0
1.576030838E1,6.367476051E-1,1.829059635E0,-9.526732222E0,9.721601385E0
1.577027738E1,-6.721503762E-1,-3.037420078E0,5.084896606E-1,3.152184734E0
1.578024738E1,-3.639345029E-1,-5.624258396E-1,8.614826197E0,8.640833383E0
1.579021737E1,-7.545651267E-1,2.810633773E0,7.290440038E0,7.849811888E0
1.580018737E1,-2.497069817E0,2.477803533E0,-1.397815493E0,3.785334354E0
1.581015738E1,-1.773640017E0,3.527039312E0,-5.850870747E0,7.058221711E0
1.582012738E1,-2.406425841E0,-2.004453008E0,-2.523210964E0,4.021854144E0
1.583009737E1,3.907335348E-1,-1.609148485E0,-3.141597873E0,3.551291137E0
1.584006637E1,-1.650373694E-1,3.090066361E-1,-1.118222106E0,1.171811893E0
1.585003637E1,5.438341058E-1,-1.387322957E0,-2.318288859E0,2.755881666E0
1.586000638E1,1.588361780E0,-1.178372998E0,1.391602242E-1,1.982629979E0
1.586997638E1,1.709571198E0,-3.286385458E0,1.924012862E0,4.174300965E0
1.587994637E1,-5.939193816E-1,-6.626530216E0,4.477788391E0,8.019615440E0
1.588991637E1,1.213957618E0,2.556893557E0,3.882202114E0,4.804465737E0
1.589988638E1,3.011574069E-1,-1.072864962E0,8.800223279E0,8.870494054E0
1.590985538E1,-3.365922647E-1,2.852792197E-1,-1.293145655E0,1.366347054E0
1.591982538E1,3.545504527E-1,6.480644524E-2,-3.229572156E0,3.249621856E0
1.592979537E1,1.264244038E-1,-1.213390803E0,-6.870946169E-2,1.221892533E0
1.593976537E1,1.629749249E0,-1.801638240E-1,-4.986026621E0,5.248714422E0
1.594973538E1,-3.430929067E-1,-1.336147833E0,-5.903746533E-1,1.500515247E0
1.595970538E1,7.230696112E-2,8.840589532E-1,5.410165519E-1,1.038983849E0
1.596967438E1,1.138304441E0,-1.410626158E0,1.632585880E0,2.439454819E0
1.597964437E1,4.068224264E0,-2.670998170E0,-3.741183060E-1,4.881049517E0
1.598961437E1,2.871244841E0,1.075366985E0,-8.443847179E-2,3.067179640E0
1.599958438E1,1.387734601E0,1.326222770E0,1.089978885E0,2.207425679E0
1.600955438E1,3.218885785E0,4.047119031E0,5.936169344E-1,5.205072450E0
1.601952437E1,-2.598355725E-1,-1.340468633E0,2.289148090E0,2.665439863E0
1.602949437E1,1.952122182E0,-6.849468176E0,8.433099997E-1,7.171970933E0
1.603946337E1,2.139666361E0,-1.098762865E0,-1.033224640E0,2.617824503E0
1.604943338E1,2.893869472E0,2.979241744E0,4.719463170E-2,4.153623626E0
1.605940338E1,6.291550686E-1,-6.032557771E-1,1.350272368E0,1.607168037E0
1.606937337E1,1.227360971E0,5.864175501E-1,-5.591825645E0,5.754894833E0
1.607934337E1,8.897574303E-1,-1.076933747E0,-4.527994924E0,4.738585507E0
1.608931338E1,-6.507695936E-1,-1.830518515E0,1.070794755E-1,1.945704271E0
1.609928338E1,1.659166737E0,2.439632617E0,2.759602198E0,4.039807651E0
1.610925237E1,5.060001355E-1,5.146036263E0,3.869079208E-1,5.185308389E0
1.611922237E1,1.362687468E0,1.272854648E0,1.462382787E0,2.369734058E0
1.612919237E1,-3.925219788E-1,-1.650393867E0,4.293932050E-1,1.749929126E0
1.613916238E1,-1.208105213E0,7.540575153E-1,-3.292462469E0,3.587259406E0
1.614913238E1,3.383587816E0,-6.454302818E-1,-2.559328630E0,4.291317956E0
1.615910237E1,1.210375102E-1,2.631662196E-1,2.679141587E-1,3.945687956E-1
1.616907137E1,-1.230769313E0,5.068895701E-1,8.690371639E-1,1.589640126E0
1.617904137E1,1.233330393E0,3.235851773E0,-5.013145423E-1,3.499022268E0
1.618901138E1,9.097245023E-1,1.580267040E0,-1.548509935E0,2.392221898E0
1.619898137E1,-1.674858179E-1,-4.940914768E-1,-1.655776522E0,1.736022401E0
1.620895137E1,-2.526654243E-1,-2.152430248E0,2.983479806E0,3.687539497E0
1.621892137E1,2.263973781E0,-3.255700439E-2,3.243614244E-1,2.287323233E0
1.622889138E1,-2.374573865E0,-7.920079914E-1,2.884799856E-1,2.519741733E0
1.623886038E1,1.446409364E0,-6.016410685E-1,3.520000434E0,3.852852849E0
1.624883037E1,-3.065990451E-1,5.740588751E-1,4.703373971E0,4.748186315E0
1.625880037E1,5.621986753E-1,-2.003127444E-1,2.166672896E0,2.247368235E0
1.626877037E1,2.566933811E0,1.458503452E0,-2.382479593E0,3.793756782E0
1.627874038E1,6.331993684E-2,-8.333665171E-1,-3.384306439E0,3.485977516E0
1.628871038E1,-4.032160246E-1,-5.260379734E0,1.572485858E0,5.505169378E0
1.629867937E1,-1.998498203E0,-1.411820452E0,-3.253536969E-1,2.468417932E0
1.630864937E1,-1.479931451E0,-1.214858162E0,1.429825491E0,2.389660727E0
1.631861938E1,-2.751831248E0,3.326838250E0,-7.356510651E-1,4.379681546E0
1.632858938E1,7.675534737E-1,2.329528085E0,-1.735529035E0,3.004646479E0
1.633855937E1,-2.754003489E-1,-1.005367336E0,4.080087680E-1,1.119410553E0
1.634852937E1,-2.271437167E0,-3.970801173E0,6.648950779E-1,4.622637150E0
1.635849937E1,-3.220278738E-1,-5.158092052E-2,1.527104448E0,1.561541078E0
1.636846838E1,1.275564247E0,7.409138516E-1,2.198735518E0,2.647726452E0
1.637843838E1,1.906420929E0,-3.748395601E-1,-3.027336262E0,3.597180882E0
1.638840837E1,3.571709701E0,1.234898617E0,-3.850298536E0,5.395079573E0
1.639837837E1,1.865666713E0,-1.036285950E0,3.209811491E-1,2.158154247E0
1.640834838E1,-2.864434589E0,-4.037438381E0,7.833614212E0,9.266682568E0
1.641831838E1,2.597317405E0,3.542404041E-1,1.209815231E0,2.887074100E0
1.642828738E1,3.012152505E0,3.932945714E0,-4.274904041E0,6.543388210E0
1.643825737E1,2.889300458E0,1.955579640E0,-6.937919592E0,7.765763139E0
1.644822737E1,2.402188364E0,-2.989846255E0,1.843254628E0,4.255264643E0
1.645819738E1,-2.600855409E-1,-5.253980541E0,3.827407272E0,6.505459434E0
1.646816738E1,3.957173359E-1,8.833789220E-1,3.901665156E0,4.019942975E0
1.647813737E1,1.188457033E0,8.369974626E0,1.119809625E0,8.527771043E0
1.648810737E1,2.340473780E0,1.356669222E0,-1.514424761E0,3.100298574E0
1.649807637E1,2.351213069E0,-4.196046152E0,-2.504740194E0,5.422981619E0
1.650804638E1,1.627082773E0,7.219162479E-1,-4.156581540E0,4.521695646E0
1.651801638E1,3.273900190E0,1.988904384E0,-2.681182265E-1,3.840058657E0
1.652798637E1,2.706352190E0,1.456459558E-1,6.587829834E0,7.123556474E0
1.653795637E1,4.393203154E-1,8.957095304E-1,1.682138109E0,1.955731709E0
1.654792638E1,-4.004627023E0,2.769943876E0,-3.166797034E0,5.808461941E0
1.655789638E1,-5.378860257E-1,9.038631803E-1,2.428453910E-1,1.079473904E0
1.656786538E1,1.694933863E-1,1.886284580E0,-4.890915227E-1,1.956018416E0
1.657783537E1,1.402339484E0,1.167288139E0,-5.302138209E-1,1.900064295E0
1.658780537E1,-7.856582075E-2,-3.560491233E0,-2.182118316E0,4.176710518E0
1.659777538E1,1.066019042E0,-3.746374803E0,-4.681850955E0,6.090274963E0
1.660774538E1,1.080414229E0,-2.696003495E0,2.014393274E0,3.534615964E0
1.661771537E1,3.941423153E-1,3.318604785E-1,8.136574827E0,8.152872467E0
1.662768387E1,9.679817006E-1,-9.080886707E-1,5.128394043E0,5.297361520E0
1.663765387E1,-1.089420330E-1,-2.975411233E-1,-2.157045456E0,2.180193612E0
1.664762388E1,1.102232529E0,2.560115665E-2,-2.469332380E0,2.704288145E0
1.665759388E1,7.627485242E-1,-2.810153424E0,1.958551195E0,3.509226462E0
1.666756387E1,-8.531330296E-1,-9.260741213E-1,-4.824028927E-1,1.348392300E0
1.667753387E1,-1.230407078E0,5.333858770E0,-5.496528894E-1,5.501460647E0
1.668750388E1,-2.816252654E0,1.530800181E0,-8.683419299E-1,3.320940517E0
1.669747288E1,2.362226884E0,-3.129442973E0,4.443457049E-1,3.946007131E0
1.670744288E1,-1.622109716E-1,-3.087969258E0,1.307269020E0,3.357204019E0
1.671741287E1,1.134346827E0,-1.382927898E0,-1.235083973E0,2.173629387E0
1.672738287E1,1.259972501E0,1.641568665E0,-4.911661148E-5,2.069366663E0
1.673735288E1,1.685297798E0,1.076683486E0,-1.241836338E0,2.354067435E0
1.674732288E1,5.487482082E0,-1.063293070E0,-4.585868910E0,7.230023887E0
1.675729188E1,1.188429332E0,-3.329267768E0,3.390967003E0,4.898473778E0
1.676726187E1,1.123022816E0,6.377949876E-1,3.188081483E0,3.439742176E0
1.677723187E1,2.440136647E0,5.472865212E-1,6.614270943E-1,2.586749929E0
1.678720188E1,3.883390269E-1,-3.639990269E0,1.481051778E0,3.948905004E0
1.679717188E1,1.213225766E0,-2.922940951E0,2.526464354E0,4.049508945E0
1.680714187E1,2.406426718E0,-5.229968950E-1,-1.482589011E0,2.874453944E0
1.681711187E1,3.075780444E0,-3.715911394E-1,-2.094848038E0,3.739905563E0
1.682708087E1,1.342150000E0,5.857427815E-1,-4.085858881E-1,1.520330115E0
1.683705088E1,1.930477836E0,-7.545305550E-2,-1.659018218E0,2.546522980E0
1.684702088E1,-1.492515975E0,5.074953416E-1,1.604539125E0,2.249377972E0
1.685699087E1,-3.025161098E0,2.745370367E0,3.159170510E0,5.164205305E0
1.686696087E1,2.578855699E0,1.483717523E0,4.011327347E0,4.994262858E0
1.687693088E1,6.441783929E-1,1.358053842E-1,-1.904716465E0,2.015280059E0
1.688689988E1,2.767616976E0,3.186032034E0,-1.623215716E0,4.521651591E0
1.689686988E1,9.375587837E-1,3.661505392E0,-1.313768785E0,4.001453064E0
1.690683987E1,8.387149653E-1,2.118532185E0,1.186651486E-1,2.281600936E0
1.691680987E1,1.763071028E0,9.986731508E-1,2.063705183E0,2.892169876E0
1.692677988E1,1.981943712E0,2.589102067E0,-1.571437452E0,3.619525668E0
1.693674988E1,3.341197842E0,3.312925969E0,-6.517534608E-1,4.750143584E0
1.694671987E1,-7.604420900E-1,-3.862884083E-1,-2.946808993E0,3.067763705E0
1.695668887E1,-1.138938206E0,-3.072519452E0,1.992531704E0,3.835066963E0
1.696665887E1,-1.498210140E0,-3.915195906E0,7.141337208E0,8.280826633E0
1.697662888E1,7.279197304E-1,4.853887149E0,-7.342717069E-1,4.962785763E0
1.698659888E1,6.676792297E0,3.560264946E0,-3.391063482E0,8.291824491E0
1.699656887E1,9.296988103E-1,-1.599949645E0,-6.697690246E0,6.948613773E0
1.700653887E1,-2.146635658E0,-4.153135775E0,-2.954185256E0,5.530261471E0
1.701650787E1,-1.681610982E0,-6.648974753E0,4.432100587E0,8.165794289E0
1.702647788E1,-2.171340728E0,3.779625580E-1,5.374106909E0,5.808493895E0
1.703644787E1,-8.503213960E-1,1.595307249E0,1.516925030E0,2.359896871E0
1.704641787E1,8.650543329E-1,6.170514053E-1,-1.204138169E0,1.605932803E0
1.705638787E1,-1.545840096E-1,4.204846796E-1,-8.912333114E0,8.923585889E0
1.706635788E1,6.354226260E-1,-4.487880978E0,-1.084809362E0,4.660648982E0
1.707632788E1,8.365333691E-2,-2.017795477E0,5.393954698E0,5.759621841E0
1.708629687E1,-8.977658500E-1,3.164916569E-1,6.094128367E0,6.168026511E0
1.709626687E1,1.069853354E-1,7.033349660E-1,2.677873326E0,2.770763701E0
1.710623687E1,-5.915290399E-1,-1.579350782E0,5.099401209E0,5.371047215E0
1.711620688E1,-1.324511582E0,-3.200912029E0,1.615895002E0,3.822471112E0
1.712617687E1,2.388817974E0,7.863189429E-1,1.259231805E0,2.812545739E0
1.713614687E1,2.622951014E0,2.830637097E0,-2.616307408E0,4.662343064E0
1.714611587E1,3.145716944E0,-1.735726671E0,-2.931517355E0,4.637033121E0
1.715608588E1,2.293355747E0,-3.680525215E0,9.530423570E-1,4.440049118E0
1.716605588E1,-1.755438365E0,4.277036521E-1,-9.910790795E-1,2.060760057E0
1.717602587E1,1.636627329E0,5.036703855E-2,-7.303511488E-1,1.792902299E0
1.718599587E1,1.407348063E0,1.433297275E0,1.946925761E0,2.797407651E0
1.719596587E1,2.694629692E0,2.141716395E0,1.842278143E0,3.904096188E0
1.720593588E1,1.236667399E0,-2.274794638E0,-4.917239392E-1,2.635494135E0
1.721590488E1,1.377472007E0,-1.549125939E0,-5.980543864E-1,2.157519259E0
1.722587487E1,8.510287629E-1,5.472227281E0,-3.430659657E0,6.514518175E0
1.723584487E1,8.883310752E-1,4.274053856E0,1.584975511E-1,4.368270818E0
1.724581488E1,3.113813074E0,3.125541419E0,-1.447339656E0,4.643235197E0
1.725578488E1,2.072210981E0,7.047558394E-1,-5.546948850E0,5.963168678E0
1.726575487E1,-1.085768159E0,-1.606926835E0,-3.375968894E0,3.893362599E0
1.727572387E1,2.566806342E-1,-5.826048732E-1,-1.349964219E0,1.492553778E0
1.728569387E1,1.962011870E0,9.134988070E-1,4.259591353E-1,2.205767856E0
1.729566388E1,1.320809125E0,3.488406466E0,1.515929250E0,4.026357896E0
1.730563388E1,3.438149647E-1,5.849397833E0,3.706527783E0,6.933398297E0
1.731560387E1,-9.448081617E-1,-3.021364501E-1,5.423425834E0,5.513392483E0
1.732557387E1,2.041128644E0,-3.900697150E0,-1.332593311E0,4.599722745E0
1.733554388E1,2.544950327E0,-3.587617636E-2,-1.679784020E0,3.049546461E0
1.734551288E1,1.833488608E0,-2.852277058E0,-1.330957260E0,3.642610619E0
1.735548288E1,3.000597530E0,-1.253570823E0,-3.271335894E-1,3.268339292E0
1.736545287E1,2.939974768E0,-9.236396331E-1,6.217952514E-1,3.143754307E0
1.737542287E1,4.172232489E-1,-4.730218246E0,1.904674950E0,5.116329403E0
1.738539288E1,2.274013450E0,-1.919101785E0,2.652670072E0,3.986320025E0
1.739536288E1,1.827439956E0,2.751971874E0,-2.188808116E0,3.962797869E0
1.740533188E1,-1.755308850E0,-2.895757246E0,5.110974019E0,6.130952177E0
1.741530187E1,3.144975809E0,-2.205558634E0,7.646421450E0,8.557051053E0
1.742527187E1,-7.078449234E-1,1.764236525E-1,3.220094989E0,3.301693729E0
1.743524188E1,6.898403232E-1,1.778272181E0,1.394224718E0,2.362624428E0
1.744521188E1,5.711057389E-1,6.581813049E-1,2.543030101E0,2.688190189E0
1.745518187E1,-1.058289169E0,-2.241428671E0,-4.211581619E0,4.886859747E0
1.746515187E1,3.945832685E-1,1.429866421E-1,-7.750914702E0,7.762268989E0
1.747512087E1,-4.269296269E-1,-2.203449251E0,-6.646756319E0,7.015470553E0
1.748509088E1,4.488679415E-1,-1.519144049E0,-5.857090430E0,6.067519211E0
1.749506088E1,2.784489410E-1,-1.084735394E0,-1.723531133E0,2.055418268E0
1.750503087E1,-2.880871989E-1,-4.449866475E0,8.645959112E0,9.728150638E0
1.751500087E1,2.029967187E0,3.001261774E-1,8.238495889E0,8.490209480E0
1.752497088E1,2.761504882E0,6.643737987E0,-6.660189128E-1,7.225561905E0
1.753493988E1,4.984250237E0,3.054091075E0,-6.242689744E0,8.552274432E0
1.754490988E1,2.808520004E0,-1.525646445E0,-6.186855851E0,6.963660461E0
1.755487987E1,8.400237183E-1,-7.170322441E0,-3.355641049E0,7.961123702E0
1.756484987E1,-2.067135452E-1,-2.381035915E0,-1.782902591E0,2.981745155E0
1.757481988E1,1.078186805E0,2.542787734E0,5.795777696E-1,2.822085512E0
1.758478988E1,2.452648812E0,-1.222944569E0,2.297775072E0,3.576429769E0
1.759475887E1,-2.119431487E-1,-6.563362160E-1,5.781134514E0,5.822131345E0
1.760472887E1,5.985973004E-1,1.127923514E0,6.618937021E0,6.740983421E0
1.761469887E1,2.479931920E0,4.211235172E0,3.993375226E0,6.311228858E0
1.762466888E1,2.886646407E0,5.339447538E0,-2.352030802E0,6.509568064E0
1.763463954E1,1.840896007E0,1.149835955E0,1.480553595E0,2.627367462E0
1.764460954E1,6.645650026E-1,-2.254315642E0,1.940670995E0,3.047915610E0
1.765457954E1,1.847362004E-1,3.440720376E0,-1.981283416E0,3.974690949E0
1.766454854E1,-1.553385928E0,1.361849562E0,-1.813870615E0,2.749139625E0
1.767451854E1,1.059102517E0,-1.798658206E0,7.687153155E-1,2.224363441E0
1.768448854E1,7.677540332E-1,1.531809118E0,3.458811076E0,3.859955892E0
1.769445854E1,-1.465019443E0,6.884891778E-1,1.346609672E0,2.105625067E0
1.770442854E1,2.779594998E0,4.447574366E0,-3.497003335E-1,5.256363421E0
1.771439854E1,3.153947777E0,2.569198438E0,-1.335045633E0,4.281414957E0
1.772436754E1,2.211677161E0,1.006739970E0,-1.924022217E0,3.099500399E0
1.773433754E1,1.167190783E0,-2.050885162E0,-1.115112557E0,2.609969404E0
1.774430754E1,-6.538587508E-1,-9.746492806E-1,-1.197554204E0,1.676785186E0
1.775427754E1,-1.221777172E-1,-4.365605466E0,-1.349432123E0,4.571039874E0
1.776424754E1,-4.832017685E-1,-4.711162170E0,1.634451141E0,5.009986375E0
1.777421754E1,2.666635855E-1,1.851710871E-1,7.143607682E-1,7.846713366E-1
1.778418654E1,-3.051992801E0,1.700021525E0,-2.436413140E0,4.259206761E0
1.779415654E1,-1.280701026E0,-9.587825686E-2,-4.423727959E0,4.606382183E0
1.780412654E1,-1.701998761E-1,-4.678640833E-1,-1.265274317E0,1.359699929E0
1.781409654E1,-2.642046851E0,-2.057581101E0,-2.681872237E-1,3.359460662E0
1.782406654E1,-1.802610632E0,1.526146089E0,1.411089842E0,2.751309055E0
1.783403654E1,-1.196101610E0,1.499733339E0,1.858912302E0,2.671219590E0
1.784400654E1,-1.354597845E0,-3.289735035E0,4.316645560E0,5.593810938E0
1.785397554E1,-1.443765399E0,-3.550061262E0,2.905318905E0,4.809186151E0
1.786394554E1,1.315591362E0,-1.808810142E0,2.893593484E0,3.657247327E0
1.787391554E1,2.168818970E0,1.343371484E-1,3.802461880E-1,2.205993962E0
1.788388554E1,2.012347626E0,-6.034943435E-1,1.425511415E0,2.538864152E0
1.789385554E1,3.457920545E-1,-2.966236660E0,1.080432721E0,3.175762417E0
1.790382554E1,-1.014035248E0,-1.630548710E0,9.045554906E-1,2.122540274E0
1.791379454E1,5.243236282E-1,2.206032259E0,-2.401538592E0,3.302859549E0
1.792376454E1,2.796177409E0,4.054067570E-1,5.154823458E-1,2.872052365E0
1.793373454E1,1.406039602E0,-7.033004674E-1,-1.361289691E0,2.079588549E0
1.794370454E1,-8.583887994E-2,-9.650876212E-1,-2.783099234E0,2.946931247E0
1.795367454E1,-1.968637642E-1,-1.162375601E0,-1.503694535E0,1.910751066E0
1.796364454E1,1.096468271E0,2.395370364E-2,-5.103040516E-2,1.097916459E0
1.797361454E1,2.610169585E0,2.392754905E0,-1.721885142E0,3.937403934E0
1.798358354E1,1.905986773E0,3.206223055E0,-6.511272240E-1,3.786372739E0
1.799355354E1,1.669864218E0,2.761158434E0,-2.308053893E-1,3.235075507E0
1.800352354E1,4.716592918E-1,-5.447040984E-1,3.597799392E0,3.669240454E0
1.801349354E1,7.870896790E-1,2.607026999E0,2.235592273E0,3.523346811E0
1.802346354E1,-9.835686234E-1,4.068455521E0,-3.474328417E0,5.439733037E0
1.803343354E1,2.611789849E0,2.012943165E0,-7.763661633E0,8.434917210E0
1.804340254E1,2.095068039E0,1.243335856E0,-5.802946383E0,6.293598403E0
1.805337254E1,9.326515080E-1,-1.470986673E0,1.742484882E0,2.463715526E0
1.806334254E1,1.049152748E0,-9.021765509E-1,7.717898399E0,7.840956556E0
1.807331254E1,8.906696691E-1,6.525255856E-1,4.762413892E0,4.888728687E0
1.808328254E1,2.473740011E0,6.051339027E-1,1.970061439E-1,2.554288179E0
1.809325254E1,3.349917794E0,-2.671324152E0,9.388476562E-1,4.386269130E0
1.810322154E1,2.370328201E0,-2.740339423E0,1.112854362E0,3.790298243E0
1.811319154E1,1.893084453E0,2.297485051E-1,8.427416503E-2,1.908836100E0
1.812316154E1,3.347027808E0,1.221544161E0,-5.692556798E-2,3.563426133E0
1.813313154E1,1.911396617E0,-1.911196350E0,-4.633560555E0,5.364325860E0
1.814310154E1,1.297936425E0,-5.828863581E0,1.397824264E0,6.133041846E0
1.815307154E1,8.979606353E-1,-1.072419696E0,4.829928768E-1,1.479763301E0
1.816304054E1,2.670334949E-1,2.069486325E0,1.606047122E0,2.633147906E0
1.817301054E1,1.256117870E0,-2.419327284E0,6.333602253E0,6.895324076E0
1.818298054E1,-2.634866470E-1,1.878780556E-1,-9.084935904E-1,9.644086170E-1
1.819295054E1,4.499781085E-1,1.050985558E0,-9.319292307E-2,1.147055300E0
1.820292054E1,1.179667133E0,4.132603862E0,1.467547048E0,4.541334998E0
1.821289054E1,1.141496217E0,2.923659574E0,-9.699139130E-1,3.285046715E0
1.822286054E1,-1.006028802E-1,-1.783061343E0,-1.005662035E0,2.049581621E0
1.823282954E1,1.735102773E-2,-4.397554652E0,6.056785709E-1,4.439102894E0
1.824279954E1,3.611029887E-1,-1.110028403E0,-4.772380471E-1,1.261076753E0
1.825276954E1,8.284156065E-1,-7.402408370E-1,2.870573580E-1,1.147445354E0
1.826273954E1,4.937067300E-2,-1.779941854E0,1.023677891E0,2.053910147E0
1.827270954E1,1.675091044E0,2.563631011E0,-2.187883671E0,3.763637725E0
1.828267954E1,2.814637946E0,2.626261123E0,-4.160060048E-2,3.849826602E0
1.829264854E1,1.274266019E0,6.518215808E-1,-1.628741920E0,2.168277082E0
1.830261854E1,-6.320138454E-1,-4.800121124E0,3.744141752E-1,4.856005589E0
1.831258854E1,-3.658208147E-1,-1.130096632E0,-2.329067032E0,2.614478247E0
1.832255854E1,-2.492869177E0,-8.405711639E-1,4.078555709E-1,2.662198862E0
1.833252854E1,-7.156187236E-1,-2.473846430E0,1.915389973E0,3.209477382E0
1.834249854E1,6.637564058E-1,-1.364596877E-1,4.217523560E0,4.271615478E0
1.835246754E1,-4.065052295E-1,1.545831033E0,5.466625063E0,5.695509606E0
1.836243754E1,3.471968481E-1,1.850446703E0,-9.666154987E-1,2.116375244E0
1.837240754E1,-9.634488659E-1,6.336731683E0,-8.027727739E0,1.027262453E1
1.838237754E1,4.227501833E-1,3.753887891E0,-7.270962378E0,8.193734552E0
1.839234754E1,-2.177647535E0,-2.964127277E0,-1.908914766E0,4.143929884E0
1.840231754E1,-1.632894905E0,-3.800033824E0,3.183991941E0,5.219617564E0
1.841228754E1,6.117044190E-1,3.588864847E0,3.812926058E0,5.271862888E0
1.842225654E1,1.622036625E0,2.854802470E0,3.252103232E0,4.621371592E0
1.843222654E1,1.605493098E0,-9.935118136E-1,-1.914372557E-1,1.897714951E0
1.844219654E1,2.207610715E0,-9.486630848E-1,-6.122233593E-1,2.479581448E0
1.845216654E1,-1.695707888E0,-1.164121580E0,1.011668880E0,2.292177615E0
1.846213654E1,-1.430936462E-1,2.134260026E-1,1.479298782E-1,2.964956981E-1
1.847210654E1,2.625967008E-1,6.032853055E-1,-4.221514285E-2,6.593119940E-1
1.848207554E1,-1.313300569E0,6.269065949E-1,1.618897548E0,2.176832454E0
1.849204554E1,-4.551748945E-1,-4.992422891E-1,-3.169604867E0,3.240805773E0
1.850201554E1,-2.093830622E0,4.048319757E-2,-2.156067216E0,3.005726436E0
1.851198554E1,-4.353449397E-1,1.082090699E0,-9.236507428E-1,1.487809192E0
1.852195554E1,4.857515931E-2,-3.938033084E0,4.677149209E0,6.114424653E0
1.853192554E1,1.915302557E0,7.467154589E-1,1.409095942E0,2.492291964E0
1.854189454E1,-1.712982756E0,2.817529102E0,-1.495062291E0,3.620496018E0
1.855186454E1,-1.755892256E0,1.504206459E0,4.589941496E-1,2.357216646E0
1.856183454E1,1.246289285E0,-1.090885788E-1,-2.014206748E0,2.371110736E0
1.857180454E1,-8.066508812E-1,-5.005970305E0,-9.822983158E-1,5.164816968E0
1.858177454E1,-4.848037595E-1,-3.450361265E0,6.936943692E-1,3.552638375E0
1.859174454E1,-1.435544945E0,-8.812885424E-1,2.689971215E0,3.173862619E0
1.860171354E1,9.769796153E-1,-1.468507746E-1,1.113943114E0,1.488933705E0
1.861168354E1,1.915205639E0,5.552211928E-1,4.709575528E0,5.114331322E0
1.862165354E1,-1.912491800E0,2.726361654E0,1.567760723E0,3.680835020E0
1.863162379E1,-3.995000459E-1,2.277698365E0,2.687808915E0,3.545677212E0
1.864159379E1,-1.473496883E0,-9.368794835E-1,-2.830608446E0,3.325850328E0
1.865156379E1,7.061563937E-1,-3.575647801E0,-4.431766126E0,5.737984406E0
1.866153379E1,-1.791438503E-1,-3.854671377E0,-4.961554270E0,6.285507514E0
1.867150279E1,1.795417679E0,-3.600873858E0,2.140732893E0,4.557691796E0
1.868147279E1,5.217776775E-1,1.837127623E0,5.321831632E0,5.654129620E0
1.869144279E1,1.455072891E0,2.967456389E0,3.172034385E0,4.580920942E0
1.870141279E1,-2.964973953E-1,-1.887700483E-1,4.393469203E-1,5.626460281E-1
1.871138279E1,7.203627158E-1,-2.489481300E0,-2.931844214E0,3.913074250E0
1.872135279E1,9.642070305E-1,2.061411320E0,-4.842575710E0,5.350668308E0
1.873132179E1,2.189506419E0,3.370352351E0,-2.840316578E0,4.921444056E0
1.874129179E1,2.807817754E0,1.842635700E0,1.085471267E-1,3.360197812E0
1.875126179E1,-5.202048495E-1,-2.383944905E-1,5.292696126E0,5.323539921E0
1.876123179E1,5.505140381E-1,3.050714308E0,3.440053208E0,4.630754752E0
1.877120179E1,1.218537449E0,2.293570340E0,-4.773203174E0,5.434037814E0
1.878117179E1,8.729543598E-1,1.563868524E0,-4.026512566E0,4.406873894E0
1.879114079E1,1.457658091E0,1.937602960E0,-8.054592186E-1,2.554963189E0
1.880111079E1,4.832285926E-1,-3.708008882E-1,-3.710696263E0,3.760355027E0
1.881108079E1,1.198402855E0,2.282676392E0,-5.878483638E0,6.418983627E0
1.882105079E1,2.424628370E-2,-2.122065365E0,-2.710652817E0,3.442584493E0
1.883102079E1,-1.050214676E0,-8.690784452E0,3.676444443E0,9.494678983E0
1.884099079E1,-9.757662450E-1,-1.644303115E0,6.560093567E0,6.833057888E0
1.885096079E1,1.586874102E0,2.046829534E-1,6.352232652E0,6.550643036E0
1.886092979E1,7.134249213E-1,-2.336308516E0,2.257607625E0,3.326274911E0
1.887089979E1,-1.093694425E0,3.979857633E-1,3.726225883E-1,1.222050636E0
1.888086979E1,3.631586359E0,1.832264786E0,-2.574182312E0,4.813733302E0
1.889083979E1,1.018705273E0,-8.803278449E-1,-3.402518177E-1,1.388707618E0
1.890080979E1,6.364306860E-1,-1.507461897E0,-2.589066399E0,3.062801040E0
1.891077979E1,-1.470149205E0,-4.309267543E0,-5.133165371E-1,4.581988576E0
1.892074879E1,-4.766193386E-1,-5.268445968E0,5.535734475E-1,5.318846912E0
1.893071879E1,-1.449023362E-1,-8.983036476E-1,8.077653605E-1,1.216729636E0
1.894068879E1,-1.630523859E0,1.687804061E0,4.746814690E0,5.295237512E0
1.895065879E1,-4.974307486E-1,-5.110349536E-2,5.326871347E0,5.350290390E0
1.896062879E1,1.651868243E0,1.563343444E0,2.874781237E0,3.665662092E0
1.897059879E1,1.402137609E0,3.113298519E0,-1.824449397E0,3.871334801E0
1.898056779E1,1.877229289E0,-3.024080533E-1,-3.409664059E0,3.904004282E0
1.899053779E1,1.010321024E0,-1.342327171E0,-2.246956336E0,2.805602178E0
1.900050779E1,1.018300646E0,-5.175936584E0,1.275954257E0,5.427275099E0
1.901047779E1,5.007771832E-1,-3.459176235E0,7.979116327E-1,3.585155643E0
1.902044779E1,3.830232062E0,1.637697223E0,-4.449886647E0,6.095426237E0
1.903041779E1,5.780458722E-1,1.400500535E0,-6.674187362E-2,1.516572865E0
1.904038679E1,6.812160455E-1,-5.946355194E-2,1.318137825E-1,6.963950660E-1
1.905035679E1,1.961577860E-1,-1.215808627E-1,6.384698147E0,6.388867679E0
1.906032679E1,8.600733823E-1,1.885886385E0,4.138333549E0,4.628401262E0
1.907029679E1,2.567473801E0,5.582678261E0,1.064267508E0,6.236255576E0
1.908026679E1,9.041866044E-1,2.569361283E0,-5.111423669E0,5.791875581E0
1.909023679E1,-1.610174964E0,-1.783142327E0,-5.018279278E0,5.563756545E0
1.910020679E1,-9.161676224E-1,-8.031641865E-1,-4.080741398E0,4.258742324E0
1.911017579E1,-1.769473583E0,2.272829096E0,-2.685726137E0,3.938262783E0
1.912014579E1,-9.206156724E-1,3.512021616E0,-1.127683486E0,3.801775781E0
1.913011579E1,-4.841268712E-1,2.883366996E0,-2.229671382E0,3.676903389E0
1.914008579E1,3.848352291E-1,7.265946051E-1,9.110499930E-1,1.227212273E0
1.915005579E1,2.021177068E-1,2.064414158E0,2.764312130E-1,2.092623138E0
1.916002579E1,-6.221532471E-2,-5.457484111E-1,1.580086069E0,1.672837129E0
1.916999479E1,1.080601998E0,2.820702678E-1,1.327680480E0,1.734935091E0
1.917996479E1,-9.896932163E-1,-3.736703801E0,4.725557138E0,6.105189450E0
1.918993479E1,1.246959961E0,-2.942418027E0,7.874375153E-1,3.291320529E0
1.919990479E1,1.973472266E0,2.458903871E0,1.956114076E0,3.710415517E0
1.920987479E1,5.768358640E-1,-1.264741344E0,-2.287214416E-1,1.408766758E0
1.921984479E1,-2.355675810E0,-2.061052009E0,-2.872415453E-1,3.143191310E0
1.922981379E1,-2.482895289E0,1.675838611E0,-1.765905905E0,3.477301789E0
1.923978379E1,6.846266533E-1,-2.019227752E0,3.416206509E-1,2.159328377E0
1.924975379E1,-7.129769515E-1,2.382757043E0,1.931838775E0,3.149264726E0
1.925972379E1,-3.818114877E-1,1.737845117E-1,4.561184889E-1,6.196976235E-1
1.926969379E1,-8.472913688E-1,-2.360970317E0,-1.956015258E0,3.180892829E0
1.927966379E1,-2.008290243E0,8.085178971E-2,4.426946851E0,4.861854084E0
1.928963279E1,-1.590338577E0,-2.637260320E0,8.994745526E0,9.507353252E0
1.929960279E1,-8.053284603E-1,9.387096620E-1,2.850681353E0,3.107428830E0
1.930957279E1,2.200523012E0,1.079933661E0,-4.198430062E0,4.861622489E0
1.931954279E1,1.143361552E0,-6.065404505E-2,-2.055127902E0,2.352552921E0
1.932951279E1,-8.742469599E-1,-3.495315244E0,-3.049044635E0,4.719979829E0
1.933948279E1,-1.483946149E0,-2.643244945E0,-4.037387218E0,5.048696422E0
1.934945279E1,9.096221030E-3,6.028140199E-1,-3.474062954E0,3.525986513E0
1.935942179E1,-6.332660267E-1,8.243603432E-1,-2.338572850E0,2.559202769E0
1.936939179E1,3.077109662E-1,-1.063306811E0,2.142033899E0,2.411144259E0
1.937936179E1,-7.923306115E-1,-4.160548875E0,5.817219436E0,7.195692928E0
1.938933179E1,-2.301644760E0,8.837423265E-2,2.577415237E0,3.456652703E0
1.939930179E1,5.050737903E-1,7.808038491E-1,-2.415663126E0,2.588471078E0
1.940927179E1,-2.909199410E0,-1.201346709E0,-1.204498358E0,3.370087746E0
1.941924079E1,-1.366770433E0,-3.629472882E0,-3.567431293E0,5.269506699E0
1.942921079E1,1.314323686E0,-1.942692085E0,-4.275852460E-1,2.384182969E0
1.943918079E1,2.217597174E0,4.772992967E0,2.584007973E0,5.863130247E0
1.944915079E1,2.829117406E0,3.709109036E0,4.159605719E0,6.250097190E0
1.945912079E1,1.618368229E0,1.982942563E0,1.834811833E0,3.149239812E0
1.946909079E1,3.710937241E-1,2.217395738E-1,-1.586606299E0,1.644444751E0
1.947905979E1,1.835160327E0,4.515292140E0,-4.674128537E0,6.753010745E0
1.948902979E1,2.024531177E0,5.334388527E0,-3.338965375E0,6.610833323E0
1.949899979E1,-1.514343777E0,1.603864649E0,3.117879812E0,3.819266082E0
1.950896979E1,6.280348152E-3,1.610906743E0,4.553883471E0,4.830415577E0
1.951893979E1,4.690465731E-1,4.759223944E0,8.719596022E-1,4.861124436E0
1.952890979E1,-1.235450448E0,6.032367736E-1,-2.615156676E0,2.954534964E0
1.953887879E1,-2.170109305E-1,5.453823754E-1,-3.717888923E0,3.763938592E0
1.954884879E1,-2.630964623E0,-3.918429124E0,-1.055580300E0,4.836353111E0
1.955881879E1,-1.653095427E0,-2.045515957E0,-4.849960159E0,5.517152668E0
1.956878879E1,1.427709530E0,2.003061663E0,-3.254070235E0,4.079164574E0
1.957875879E1,-2.096416846E-1,-4.514683152E0,3.110680135E0,5.486587693E0
1.958872879E1,7.172408143E-1,-6.209620231E0,7.399743794E0,9.686590010E0
1.959869879E1,3.476014389E-1,4.174678087E-2,2.229900593E0,2.257216474E0
1.960866779E1,6.096789800E-1,-2.563001266E-1,-1.141072440E0,1.318880028E0
1.961863779E1,2.512787132E0,-3.991318175E0,1.531418524E0,4.958826741E0
1.962860779E1,-2.015303539E0,2.372025356E-1,3.216189634E0,3.802839618E0
1.963857692E1,3.575354928E-1,8.619383517E-1,1.689675170E0,1.930225772E0
1.964854692E1,-9.034609649E-2,1.080084811E0,-6.824763106E0,6.910292111E0
1.965851692E1,-1.139039363E0,-7.181538570E-1,-8.008134304E0,8.120552362E0
1.966848592E1,1.702294338E0,-3.393678941E0,2.455342332E0,4.521456484E0
1.967845592E1,-2.810771182E0,-4.787610129E0,1.082024450E1,1.216138711E1
1.968842592E1,-2.195858835E0,-3.649513629E0,7.433385165E0,8.567144259E0
1.969839592E1,2.884941066E0,4.168635867E0,-1.475382902E0,5.279883015E0
1.970836592E1,1.678340927E-2,2.715562139E0,-6.197062166E0,6.765954397E0
1.971833592E1,-1.490084118E0,-2.281431812E0,1.384593185E0,3.056530726E0
1.972830492E1,6.984327335E-2,-3.445935800E0,3.432705013E0,4.864443989E0
1.973827492E1,-1.379486811E-1,-1.576469859E0,1.800447747E0,2.397060521E0
1.974824492E1,1.165391449E0,-7.379344028E-1,3.003498334E-1,1.411699130E0
1.975821492E1,2.193441449E0,-4.362119356E-1,-2.375369378E0,3.262490755E0
1.976818492E1,2.642728929E0,-2.877823543E0,-2.692362142E-1,3.916423454E0
1.977815492E1,2.388891211E0,-1.439307336E0,-2.042487976E0,3.456900918E0
1.978812392E1,-1.234951826E0,1.862527927E0,-2.634493418E0,3.454659442E0
1.979809392E1,-1.275231687E-1,3.823305158E0,-2.439722080E0,4.537198289E0
1.980806392E1,-3.481620041E-1,4.832168251E-2,6.276132309E-1,7.193400682E-1
1.981803392E1,5.555661786E-1,-8.502749106E-1,-6.724701458E-1,1.218128605E0
1.982800392E1,2.708161903E0,2.236258563E0,-5.073570549E-1,3.548577805E0
1.983797392E1,-1.682005231E0,3.798983372E0,1.960661455E0,4.594084196E0
1.984794392E1,1.685097677E0,4.232155340E0,1.657344160E0,4.847420207E0
1.985791292E1,1.088205132E0,-1.350607121E0,-2.079112011E0,2.707588735E0
1.986788292E1,2.252396440E-1,1.032661846E0,-3.426865983E0,3.586158648E0
1.987785292E1,-2.784322472E0,4.477323245E0,-1.146560637E0,5.395690536E0
1.988782292E1,1.798526205E0,3.178170745E0,-9.013050234E-1,3.761358337E0
1.989779292E1,1.070249868E0,1.800348344E0,5.538737020E0,5.921511354E0
1.990776292E1,1.152715562E0,7.662708870E-1,-8.309068859E-1,1.614413359E0
1.991773192E1,8.597732739E-1,-1.958888872E0,-2.222777515E0,3.084995231E0
1.992770192E1,1.066216385E0,6.566127893E-1,-4.833402014E0,4.992968332E0
1.993767192E1,4.988089373E-1,5.231524310E-1,-6.983651251E-1,1.005093364E0
1.994764192E1,-6.305298952E-1,-4.038231848E0,9.849716628E-1,4.204170975E0
1.995761192E1,-1.564279583E0,-3.900416484E0,2.961841015E0,5.141276258E0
1.996758192E1,-7.653533857E-1,-2.236788613E0,1.059698611E1,1.085749067E1
1.997755092E1,8.564446002E-1,5.461527461E-1,6.063895923E0,6.148383035E0
1.998752092E1,7.617140056E-1,-1.114271727E-1,-4.527329510E-1,8.930797087E-1
1.999749092E1,8.276375614E-2,1.142369353E0,-1.675027310E0,2.029180639E0
2.000746092E1,-8.964183591E-1,-1.459425851E0,1.789932114E-1,1.722070921E0
2.001743092E1,-2.582172240E0,-3.017098373E0,-2.585836982E0,4.738886891E0
2.002740092E1,-1.412752060E0,-4.337230682E-2,-2.715269194E0,3.061116844E0
2.003736992E1,1.983721997E-1,-2.480517519E0,-2.671113360E-1,2.502731938E0
2.004733992E1,-4.126377162E-1,-2.219514769E0,4.478293591E0,5.015139996E0
2.005730992E1,5.164350765E-1,3.307912567E0,2.347747716E0,4.089120942E0
2.006727992E1,-4.915911343E-1,7.369304359E-1,7.746356213E-1,1.176770435E0
2.007724992E1,5.432408327E-1,2.142805731E-1,-3.236948419E-1,6.676863912E-1
2.008721992E1,3.024568775E-1,2.157841846E-1,-3.264739065E0,3.285812554E0
2.009718892E1,-2.746839919E-1,-3.375173673E0,-1.667695486E0,3.774712817E0
2.010715892E1,3.233898365E-1,1.406847980E0,-7.390827960E0,7.530480739E0
2.011712892E1,-1.496095640E-1,-3.631225585E0,-4.502494631E0,5.786245776E0
2.012709892E1,1.295837421E0,-3.700922057E0,-2.014100329E0,4.408244416E0
2.013706892E1,9.235859849E-2,1.074072120E-1,8.996397364E-1,9.107239292E-1
2.014703892E1,-1.531950620E0,-1.584597196E0,9.336831615E0,9.593448055E0
2.015700892E1,-8.052492305E-1,4.508978024E-1,6.123625231E0,6.192779757E0
2.016697792E1,5.497960731E-1,4.090614714E0,4.252529086E0,5.926163016E0
2.017694792E1,2.736965287E0,2.844575690E0,-8.994327450E-1,4.048650282E0
2.018691792E1,4.159192029E0,-6.470370966E-1,-6.600094954E0,7.828076950E0
2.019688792E1,3.177995329E0,-1.678917755E0,1.895854425E-1,3.599216828E0
2.020685792E1,1.223325150E0,-7.598702323E-1,3.131285139E0,3.446574214E0
2.021682792E1,1.177180312E0,1.648874761E0,3.324586487E-1,2.053063617E0
2.022679692E1,1.805842534E0,6.967305944E0,-2.708419765E0,7.690250776E0
2.023676692E1,1.691176296E0,4.426207763E0,-1.956056773E0,5.126163334E0
2.024673692E1,1.000793424E0,8.020780662E-1,-9.275297856E-1,1.582791270E0
2.025670692E1,1.329855937E0,1.730322674E-1,-1.423516345E-1,1.348599632E0
2.026667692E1,5.858065892E-1,-2.446833756E0,1.293620449E0,2.829066746E0
2.027664692E1,-1.697971053E0,-1.179762881E0,5.077591680E0,5.482415838E0
2.028661592E1,1.127478395E-1,1.126366985E0,1.832312148E0,2.153783292E0
2.029658592E1,7.508819655E-1,-2.413210512E0,-5.285871255E-1,2.582017244E0
2.030655592E1,-1.380822169E-1,-3.829446781E-1,2.069674605E0,2.109328399E0
2.031652592E1,1.183555020E0,-9.205204359E-1,3.162223926E0,3.499688632E0
2.032649592E1,1.778959375E0,7.814789101E-1,-8.413008964E-1,2.117355177E0
2.033646592E1,-3.675847004E-1,1.933661937E0,-4.384058109E0,4.805635494E0
2.034643592E1,2.061009032E0,-3.964689370E0,-6.074984583E0,7.541349860E0
2.035640492E1,1.901909510E0,-1.942602915E-1,-5.398071722E0,5.726619872E0
2.036637492E1,2.403513343E-1,-2.624453748E0,3.015302693E0,4.004694317E0
2.037634492E1,-3.992877628E0,-3.568900114E0,4.645442097E0,7.089446526E0
2.038631492E1,-7.908681498E-1,-2.914912139E0,3.981359197E0,4.997339919E0
2.039628492E1,1.815190624E-1,-5.083621913E-1,3.206519508E0,3.251637840E0
2.040625492E1,-1.425167453E-2,4.409218678E-1,7.115365630E-1,8.371973986E-1
2.041622392E1,-1.035475526E0,6.116731364E-1,-4.312308095E0,4.476868850E0
2.042619392E1,-2.617694952E0,3.482960369E0,-4.672173228E0,6.388469494E0
2.043616392E1,-2.085233900E0,-5.748394200E0,4.939020270E-1,6.134832965E0
2.044613392E1,-2.432415399E0,-7.195290052E0,9.250816734E0,1.196939655E1
2.045610392E1,-3.594396751E-2,8.644935849E-1,4.808836691E0,4.886056841E0
2.046607392E1,1.587250662E0,5.222776290E0,-2.706444576E0,6.092749715E0
2.047604292E1,1.879179921E0,2.047783214E0,-3.336728815E0,4.342636578E0
2.048601292E1,-3.952075318E-1,-1.891709042E0,-9.752058771E0,9.941700174E0
2.049598292E1,-6.436534591E-1,-5.000910709E0,-6.936015154E0,8.575062910E0
2.050595292E1,-1.923879545E0,-2.716810520E0,5.716789414E0,6.615440508E0
2.051592292E1,-2.442879284E0,-1.418912247E0,1.435566755E1,1.463100003E1
2.052589292E1,-7.707229570E-1,2.126264543E0,9.091711072E0,9.368789944E0
2.053586192E1,2.348559895E0,2.806392202E0,-4.573021408E0,5.856969828E0
2.054583192E1,-1.234482880E0,3.647329402E-1,-7.381625612E0,7.493021738E0
2.055580192E1,-1.781458183E0,-1.779598622E0,-3.789524916E0,4.549842151E0
2.056577192E1,-5.546713353E-1,1.370503149E0,1.295830697E0,1.965989920E0
2.057574192E1,1.002495622E-1,1.356878552E0,3.483984509E0,3.740229597E0
2.058571192E1,-1.606201781E0,2.013717336E0,3.318372066E0,4.200777885E0
2.059568092E1,-1.980286758E0,5.708813812E0,-4.452768740E0,7.505946991E0
2.060565092E1,-4.375599527E0,2.624255820E0,-7.223625659E0,8.843831607E0
2.061562092E1,-4.546177718E0,2.291669118E0,-4.869248954E0,7.044789888E0
2.062559092E1,5.568525660E-1,1.662557245E0,-1.465190620E0,2.284943091E0
2.063556138E1,1.419968181E-1,-1.408378196E0,7.733841417E0,7.862314882E0
2.064553138E1,6.363934831E-1,-3.699673676E-1,5.690071147E0,5.737489188E0
2.065550137E1,1.770806602E-1,6.215591408E0,-1.059188032E0,6.307678923E0
2.066547037E1,-1.283565431E0,9.437236494E-1,-1.361643448E0,2.095764162E0
2.067544037E1,-4.063619728E-1,-3.169012251E0,3.419531236E0,4.679846426E0
2.068541038E1,-3.023696955E0,-2.771253068E0,-7.837789124E-1,4.175750978E0
2.069538038E1,-8.808870580E-1,-1.454425896E0,1.708789718E0,2.410659452E0
2.070535037E1,-2.003197172E0,1.363144428E0,-1.766550853E0,2.998610271E0
2.071532037E1,-1.496399695E0,2.905401058E0,2.717199944E0,4.250146221E0
2.072528937E1,-2.239045931E0,1.164824415E0,6.085261649E-1,2.596237025E0
2.073525938E1,-4.545370217E0,-1.343358035E0,-5.865259575E0,7.540972822E0
2.074522938E1,-1.430586944E0,-4.756250342E0,-1.953578723E0,5.337130891E0
2.075519937E1,1.300212454E0,-5.163426467E0,3.449426880E0,6.344294374E0
2.076516937E1,5.886518443E-1,-1.823696568E0,3.352898120E0,3.861904449E0
2.077513938E1,-3.312126070E-1,5.414638638E-2,3.840678113E0,3.855313474E0
2.078510838E1,1.129808583E0,3.119448035E0,-2.265912425E0,4.017683735E0
2.079507837E1,1.426402238E0,8.808084860E-1,-1.009030616E-1,1.679472644E0
2.080504837E1,-9.728063844E-1,-4.001721249E0,-4.239167029E-1,4.140027849E0
2.081501837E1,-4.913299099E-1,-3.664527233E0,-1.781286421E0,4.104040233E0
2.082498838E1,-7.712780770E-1,-2.461900569E0,-1.699259341E-2,2.579944385E0
2.083495838E1,-5.435221203E-1,-3.449010266E0,7.957931280E0,8.690210490E0
2.084492737E1,-8.527045749E-1,3.757278106E0,5.863931088E0,7.016404468E0
2.085489737E1,-8.229930449E-1,5.267074211E0,3.607216918E0,6.436722939E0
2.086486737E1,-1.121889918E-1,-7.632525542E-1,-3.046681191E0,3.142834248E0
2.087483738E1,1.547654049E0,-2.337675010E0,-8.292260453E0,8.753373117E0
2.088480737E1,1.162710573E0,-3.912461455E0,-1.115482569E1,1.187810535E1
2.089477737E1,1.157371042E0,-3.245187438E0,-4.139373184E0,5.385643842E0
2.090474737E1,2.968729328E0,-1.152500238E0,6.556882276E0,7.289328899E0
2.091471638E1,8.034735773E-1,-2.958910391E-1,8.774411915E0,8.816089028E0
2.092468638E1,1.405183277E0,-6.979333082E-1,9.692220705E0,9.818390557E0
2.093465637E1,2.631195588E0,2.338742127E0,8.745271146E-1,3.627354771E0
2.094462637E1,1.072956617E0,2.097426368E0,2.058040400E0,3.128252477E0
2.095459637E1,1.699090210E0,2.775566851E0,-2.433074965E0,4.063315478E0
2.096456638E1,1.749116502E0,3.849534890E0,-1.115557062E1,1.193000768E1
2.097453538E1,2.098355636E0,1.767660069E0,-4.973903005E0,5.680442729E0
2.098450537E1,9.711176354E-2,-6.225910574E-1,5.904155838E0,5.937685280E0
2.099447537E1,3.439283715E0,-1.802693077E0,9.779075831E0,1.052182013E1
2.100444538E1,1.937328434E0,5.363462638E0,-3.999198468E0,6.965167716E0
2.101441538E1,-3.039066216E-1,4.396360066E0,-3.859927146E0,5.858274374E0
2.102438537E1,4.258351743E0,-1.941558894E0,-1.672374428E0,4.969914158E0
2.103435437E1,-6.546652280E-2,-2.663041571E0,-1.415795681E0,3.016712397E0
2.104432437E1,-1.143510729E0,3.327842509E0,2.757897735E-1,3.529619321E0
2.105429438E1,7.758159549E-1,3.559023289E0,-6.320489287E-2,3.643148642E0
2.106426438E1,-1.479718174E0,-5.490075907E0,-4.621080258E0,7.326996798E0
2.107423437E1,4.385815197E-1,-6.793396887E0,-6.215897217E0,9.218458289E0
2.108420437E1,1.128870251E0,-3.212382219E0,1.819451782E0,3.860589638E0
2.109417337E1,-2.218446921E0,-1.514546091E0,7.844254391E0,8.291422287E0
2.110414338E1,6.574514262E-1,-2.221890200E0,4.190571989E0,4.788520861E0
2.111411338E1,-3.043631429E-1,1.729075755E0,2.186256391E0,2.803935965E0
2.112408337E1,-6.675774150E-1,2.227693562E0,3.105175567E-1,2.346209573E0
2.113405337E1,3.616013177E-1,4.948323190E-1,5.864979494E-1,8.482890908E-1
2.114402338E1,5.085958607E-1,-1.923642733E0,-1.529192489E0,2.509482174E0
2.115399238E1,-8.441520718E-1,-2.488780511E0,-4.716881624E0,5.399591967E0
2.116396238E1,-2.585395810E0,-5.241460483E0,8.277447116E-1,5.902740109E0
2.117393237E1,-6.031723081E-1,-9.580116132E0,4.335650765E0,1.053282059E1
2.118390237E1,1.005084915E0,-2.706703315E0,2.488594862E0,3.811763753E0
2.119387238E1,2.342115386E-1,3.696479343E0,4.707718452E0,5.990110817E0
2.120384238E1,4.258609752E-1,3.941584682E0,1.774398401E0,4.343493647E0
2.121381237E1,-1.725395810E0,2.787218598E-1,1.036838804E0,2.032169108E0
2.122378137E1,-1.067703332E0,-4.074319109E0,-3.038536604E0,5.193531679E0
2.123375137E1,-9.725804626E-1,-3.338162552E0,-3.130991024E0,4.678925814E0
2.124372138E1,-8.294422314E-1,-1.648612513E0,-3.765294054E0,4.193248973E0
2.125369138E1,1.381733604E-1,-1.599671318E0,-3.347460210E0,3.712617683E0
2.126366137E1,1.406445107E0,-1.381176072E0,2.434611613E0,3.132581824E0
2.127363137E1,8.016193521E-1,-1.104371222E0,7.832103292E0,7.950098827E0
2.128360037E1,2.284517680E0,3.467030800E0,3.526339985E0,5.447421159E0
2.129357038E1,3.148859530E0,4.088005394E0,-8.912092209E-2,5.160915324E0
2.130354038E1,5.446215065E-1,2.357768090E0,-8.344140458E-1,2.559673759E0
2.131351037E1,1.707014941E-1,-1.817817485E-1,-1.480768772E0,1.501619047E0
2.132348037E1,2.385511228E-1,1.029236547E0,-2.638751360E0,2.842400966E0
2.133345038E1,-8.257137544E-1,4.012729217E0,-4.105840572E0,5.800148772E0
2.134341938E1,1.407944917E0,2.273342774E0,-7.547371371E0,8.007072554E0
2.135338937E1,5.624099790E-1,-3.884619353E0,-2.369461352E-1,3.932266010E0
2.136335937E1,-9.554481938E-1,-2.455833790E0,4.676296685E0,5.367657919E0
2.137332937E1,3.143825662E-1,3.318151918E0,2.275790126E0,4.035862888E0
2.138329938E1,1.739019238E0,4.159280614E0,3.306740785E0,5.590915645E0
2.139326938E1,2.655662385E0,3.101553509E0,-3.887246507E-1,4.101619647E0
2.140323837E1,1.615308819E0,-1.168104118E-1,-7.877661288E-1,1.800956059E0
2.141320837E1,8.215089485E-1,-2.914923542E0,3.512330056E0,4.637684620E0
2.142317838E1,1.158608094E0,2.158996379E0,-4.656547129E-2,2.450674687E0
2.143314838E1,-1.504054432E-1,1.590775072E0,2.896146378E0,3.307695719E0
2.144311837E1,-2.767582478E0,-2.155891800E0,8.855777675E-1,3.618235787E0
2.145308837E1,-1.067953008E0,1.808324531E-1,5.529343468E-1,1.216125156E0
2.146305737E1,1.340174372E0,-1.540285534E0,1.277879745E-1,2.045697104E0
2.147302738E1,-8.188777015E-1,2.585594907E0,-3.243692012E0,4.228167403E0
2.148299738E1,-1.045998175E0,-2.328993649E0,-2.800720403E0,3.789770228E0
2.149296737E1,-2.704520842E0,-2.945236092E0,-3.556154353E0,5.351175797E0
2.150293737E1,-3.975396207E-1,-2.111667554E0,3.687458843E-1,2.180172272E0
2.151290737E1,-1.500955261E0,-7.864268240E0,9.248791258E0,1.223273156E1
2.152287638E1,-1.957099478E0,7.600956425E-1,4.722865664E0,5.168504990E0
2.153284638E1,4.167933032E0,1.169641351E0,-3.008896483E0,5.271924193E0
2.154281637E1,2.085821984E0,-4.141332001E0,-9.546616264E0,1.061316005E1
2.155278637E1,8.590751164E-1,-6.601973664E0,-1.641535043E0,6.857018566E0
2.156275638E1,-1.260554152E0,-3.859950828E0,6.810187751E0,7.928863372E0
2.157272638E1,1.357306860E0,4.514200757E0,4.271935995E0,6.361582156E0
2.158269538E1,4.829189972E0,3.621826186E0,-2.389434271E0,6.492156563E0
2.159266537E1,3.446085196E0,-1.762395529E0,-5.609691812E0,6.815437140E0
2.160263537E1,-2.610286237E-1,-5.868970218E0,4.585047376E-1,5.892637267E0
2.161260538E1,-1.660296565E0,-2.661181864E0,9.161453737E0,9.683527672E0
2.162257538E1,-2.565885405E-1,2.409694873E0,3.732218694E0,4.449935218E0
2.163254462E1,4.247673266E0,3.650871938E0,-7.411223048E-1,5.649854542E0
2.164251462E1,3.719210393E0,-1.650219328E0,-6.221411142E0,7.433821788E0
2.165248362E1,2.763605494E0,-4.783357157E0,-6.413026153E0,8.464332546E0
2.166245363E1,1.793451845E0,-2.324188700E0,1.017469318E0,3.107018900E0
2.167242363E1,1.758463715E0,1.583695848E0,6.846693673E0,7.244135657E0
2.168239362E1,3.150337999E0,-1.409123424E-1,7.043142577E0,7.716886882E0
2.169236362E1,3.735062195E0,2.088753485E0,2.937675642E0,5.190714681E0
2.170233362E1,3.327625870E0,1.191247398E-1,-4.985492186E0,5.995199494E0
2.171230263E1,5.658006771E0,1.601480739E0,-5.148253527E0,7.815516333E0
2.172227263E1,6.200364674E0,3.532943830E0,-1.896100008E0,7.383861418E0
2.173224262E1,3.446630157E0,2.723309992E0,6.418973941E-1,4.439336551E0
2.174221262E1,1.748910388E0,-2.908755314E0,1.835829833E0,3.858732460E0
2.175218263E1,-2.351903040E0,-3.647079141E0,7.127564676E0,8.344747593E0
2.176215263E1,5.497128233E-2,-1.254073391E0,8.908559906E0,8.996563872E0
2.177212163E1,1.214001837E-1,1.978764143E0,2.038651033E0,2.843649692E0
2.178209162E1,-1.351228095E0,4.436649721E0,-3.345798431E0,5.718745076E0
2.179206162E1,-3.279285914E-1,-9.427787393E-2,-7.327190958E0,7.335131410E0
2.180203163E1,-2.501262855E0,-3.370901990E0,-7.956095254E0,8.995484855E0
2.181200163E1,2.570139986E-1,-2.416050504E0,-5.705846935E0,6.201616360E0
2.182197162E1,-4.744503871E-3,2.062357692E0,-2.474203110E0,3.221028219E0
2.183194062E1,5.471272577E-1,-4.039458302E-1,1.641525103E0,1.776830080E0
2.184191062E1,4.904063422E-1,-6.510693365E-1,6.492927185E0,6.543889753E0
2.185188063E1,2.980025856E0,-2.125966335E0,1.093693036E0,3.820530253E0
2.186185063E1,1.873998557E0,-4.344093559E0,-1.660373603E0,5.013966488E0
2.187182062E1,6.031190692E0,-2.286932580E0,1.316839158E0,6.583265691E0
2.188179062E1,2.467932849E0,9.108032405E-1,8.210440949E0,8.621577330E0
2.189175962E1,-2.548991337E-1,5.793934654E0,5.204388551E0,7.792323950E0
2.190172963E1,-3.000854661E-1,6.008914554E-1,2.722008110E0,2.803649403E0
2.191169963E1,-5.071342760E0,-2.557687901E0,-2.846580116E0,6.353212034E0
2.192166962E1,-1.164613915E0,-5.138312091E0,-2.350739737E0,5.769276733E0
2.193163962E1,-2.624240325E0,-3.075728989E0,-2.444498670E-1,4.050494023E0
2.194160963E1,-3.569161484E0,-2.510878016E0,-1.976639557E-1,4.368351308E0
2.195157963E1,1.324792833E0,1.759298551E0,-2.588731354E0,3.398784704E0
2.196154862E1,2.265902046E-1,1.690542896E0,-5.951604824E0,6.191193616E0
2.197151862E1,1.102337779E0,-3.002651072E0,-1.117112889E0,3.388067775E0
2.198148862E1,-1.332551211E0,-2.723995286E0,5.459506663E0,6.245162612E0
2.199145863E1,-5.789616485E0,-3.760080969E0,4.303726137E0,8.135104584E0
2.200142863E1,1.398732775E0,2.245849166E0,6.850272169E0,7.343467889E0
2.201139862E1,-1.621247251E0,2.634623226E0,2.211283059E0,3.802559001E0
2.202136762E1,-1.825526893E0,-7.065713999E-1,-3.611071987E0,4.107509279E0
2.203133762E1,2.307221396E-1,-1.337037780E0,-7.997572478E0,8.111847402E0
2.204130763E1,-2.950187222E0,-2.567249268E0,-1.461706265E0,4.175039958E0
2.205127763E1,-1.124939241E0,-3.867602786E0,4.719899372E0,6.204940748E0
2.206124762E1,-2.868328249E-1,4.983023492E-1,3.000162497E0,3.054759125E0
2.207121762E1,-4.487360868E0,7.400333778E0,-4.850937814E-1,8.668140721E0
2.208118663E1,-1.835713474E0,2.754659839E0,-2.154866198E0,3.949866215E0
2.209115663E1,-1.512396216E0,-1.370011106E0,-1.854416962E0,2.757378286E0
2.210112662E1,-3.327722933E0,3.441918470E0,-1.842605587E0,5.129886746E0
2.211109662E1,-1.998901369E0,5.029346888E0,-5.348619481E0,7.609051659E0
2.212106662E1,-1.682569633E0,4.800020260E0,-1.698796241E0,5.362568762E0
2.213103663E1,-2.312803586E0,-5.345614012E0,2.598503221E0,6.377842000E0
2.214100563E1,-4.797351298E0,-3.732192382E0,1.269669669E0,6.209339781E0
2.215097562E1,-1.791713322E0,3.781014586E0,-2.548690206E-1,4.191809412E0
2.216094562E1,-4.908225324E0,2.014523959E0,1.790768266E0,5.599627987E0
2.217091562E1,-2.627530261E0,5.467199260E-1,8.890153456E-1,2.827218816E0
2.218088563E1,-7.610300276E-1,3.034421334E-1,4.458443463E0,4.533096286E0
2.219085562E1,4.061070342E-1,-1.996870923E0,1.266225075E0,2.399112825E0
2.220082462E1,-4.501554399E0,2.283338297E0,-3.651248791E0,6.229706535E0
2.221079462E1,3.924968357E0,4.063269333E0,-6.405972072E0,8.541195026E0
2.222076463E1,2.045399889E-2,-6.194402853E-1,-6.228775125E0,6.259533864E0
2.223073463E1,-2.523768496E0,-6.093389279E0,3.943752830E0,7.684529049E0
2.224070462E1,-3.579650073E-1,-2.488496921E0,1.182238476E1,1.208675048E1
2.225067462E1,-2.308703957E0,-3.134826213E0,1.001359303E1,1.074380262E1
2.226064362E1,5.326768874E-1,-5.805753046E-1,-1.078838185E0,1.335928209E0
2.227061363E1,2.480342394E0,1.143538796E0,-2.793706083E0,3.906990280E0
2.228058363E1,3.308675044E0,-2.208814949E-1,-5.769243032E0,6.654343269E0
2.229055362E1,3.200015066E0,-9.837843856E-1,-2.943742713E0,4.457975920E0
2.230052362E1,1.391465856E0,-2.958478866E0,-1.751780786E0,3.709111801E0
2.231049363E1,1.674945449E0,-5.778816093E0,4.789851952E-1,6.035692546E0
2.232046263E1,3.707343031E-1,-5.180869880E-1,1.438960596E0,1.573679016E0
2.233043263E1,-7.472911904E-1,-9.062845123E-1,3.269409236E0,3.474022524E0
2.234040262E1,-9.244711071E-1,-1.222959187E0,3.358885669E0,3.692206514E0
2.235037262E1,8.980810149E-1,-2.426758510E0,3.153661264E0,4.079373204E0
2.236034263E1,7.508710020E-1,3.293189862E-1,2.479370880E0,2.611424557E0
2.237031263E1,-2.032484852E0,3.604077548E-2,2.846421071E0,3.497771651E0
2.238028262E1,2.240166257E0,5.644597936E-1,-1.944429000E0,3.019563521E0
2.239025162E1,9.935773755E-1,-3.205943558E-1,-4.328576803E-1,1.130195785E0
2.240022162E1,-7.132360563E-3,3.383645411E0,-7.293138528E-1,3.461358958E0
2.241019163E1,-9.722764805E-1,-4.660757124E-2,7.406211984E-1,1.223116339E0
2.242016163E1,-1.995634822E0,1.547755060E-1,-7.833390264E0,8.085079890E0
2.243013162E1,-2.559081293E0,-3.537251182E0,-2.812008453E0,5.193114145E0
2.244010162E1,1.641938355E0,-5.888706325E0,5.513336715E0,8.232235752E0
2.245007062E1,1.349515299E0,-3.036195964E0,8.347766901E0,8.984703095E0
2.246004063E1,1.905458185E0,3.916569709E0,2.142611604E0,4.853975038E0
2.247001063E1,1.749781477E0,6.615609956E0,-4.807813429E0,8.363199165E0
2.247998062E1,3.796933630E0,1.784111503E0,-6.595929982E0,7.817035959E0
2.248995062E1,1.705440140E0,-1.293150333E0,-9.511829424E0,9.749649370E0
2.249992063E1,-1.523822406E-1,-1.427126124E0,-2.944974137E0,3.276092488E0
2.250988963E1,1.751203520E0,-1.632258435E0,4.768841736E0,5.335994085E0
2.251985962E1,2.949079175E0,1.752149453E0,5.828470649E0,6.762999762E0
2.252982962E1,1.619253351E-1,3.469090774E0,7.966492188E-1,3.563068985E0
2.253979962E1,1.785028785E0,6.789140698E-1,-2.345829830E0,3.024924737E0
2.254976963E1,3.386382201E0,-1.811408937E0,1.150774725E0,4.009123248E0
2.255973863E1,-2.176922042E-2,2.439499885E0,7.676569694E-1,2.557524352E0
2.256970862E1,1.163990456E0,4.090950052E0,-3.786919981E0,5.694866904E0
2.257967862E1,2.983594412E0,1.240150878E0,-6.065691018E0,6.872584473E0
2.258964862E1,1.266530299E-1,-1.145999304E0,-6.975894919E0,7.070535009E0
2.259961863E1,1.183663194E0,-6.226466060E-1,-3.842924028E0,4.069006321E0
2.260958862E1,2.460594008E0,-4.187658906E0,2.882141712E0,5.647809384E0
2.261955862E1,3.782581347E-1,-3.328714621E0,8.882028165E0,9.492831220E0
2.262952762E1,1.289764211E0,-3.051856561E0,1.176288349E1,1.222058706E1
2.263949850E1,7.531975360E-1,-6.538891563E-1,5.537156518E0,5.626275843E0
2.264946850E1,8.654859305E-1,1.623993689E0,-1.019600628E0,2.103807700E0
2.265943850E1,2.201873719E0,8.673517039E-1,-5.346492264E0,5.846839007E0
2.266940850E1,1.530786732E0,-3.303716020E0,-3.356942639E0,4.952465189E0
2.267937850E1,6.371564716E-3,-2.688976311E0,-2.889001665E0,3.946766375E0
2.268934750E1,-1.780764264E0,-2.385594989E0,1.278502473E0,3.239869348E0
2.269931750E1,-3.624909131E0,-1.714300426E0,6.944249788E0,8.018815204E0
2.270928750E1,-1.784245112E0,-1.670562961E0,6.513397118E0,6.956914060E0
2.271925750E1,-6.857457373E-1,1.608895008E0,9.787531489E-1,2.004182649E0
2.272922750E1,-7.110578953E-1,1.212716912E0,7.745917672E-1,1.605078828E0
2.273919750E1,1.579169372E0,-1.408506542E0,-5.954821962E-1,2.198241486E0
2.274916650E1,1.131209138E0,-3.122766330E0,-9.467870057E-1,3.453651589E0
2.275913650E1,9.917868850E-1,-1.600802754E0,-3.710385776E-1,1.919343718E0
2.276910650E1,1.853762074E0,-1.288341583E0,1.872448606E0,2.932971470E0
2.277907650E1,1.659925413E0,2.635124040E0,6.357385218E-2,3.115007659E0
2.278904650E1,1.571859037E0,1.174167096E0,-2.179561914E0,2.932558497E0
2.279901650E1,-1.741679429E-1,-1.839573513E0,-1.639766845E0,2.470465642E0
2.280898550E1,8.534547727E-1,-3.021169204E0,-4.786885074E0,5.724518943E0
2.281895550E1,7.568305573E-1,-1.535784347E0,-2.614853205E0,3.125521291E0
2.282892550E1,7.725626372E-1,-2.392379513E-1,2.804599446E-1,8.560056111E-1
2.283889550E1,4.338579196E-1,8.751974979E-1,1.522068241E0,1.808561607E0
2.284886550E1,2.538247956E0,3.941046154E0,7.319445151E-1,4.744501053E0
2.285883550E1,7.495689733E-1,5.242615893E0,-5.199320769E-1,5.321391210E0
2.286880450E1,2.492210780E0,1.061966629E0,-4.162391333E0,4.966325533E0
2.287877450E1,2.079651709E0,-4.397647623E0,3.515791023E0,6.002086501E0
2.288874450E1,5.721573606E-1,-7.946857238E-1,3.750012356E0,3.875755683E0
2.289871450E1,-8.066229607E-1,1.763961998E0,-2.176441839E0,2.915321871E0
2.290868450E1,2.077104954E0,1.802390776E0,-3.157243268E0,4.187023114E0
2.291865450E1,9.247046303E-1,2.731185022E0,-5.814838450E0,6.490515887E0
2.292862350E1,1.629972174E0,2.237038582E0,-3.416101259E-1,2.788879413E0
2.293859350E1,-1.018122598E0,-5.452736172E-1,7.168025655E0,7.260474415E0
2.294856350E1,-8.246213483E-1,-2.285659057E0,7.273583100E0,7.668718850E0
2.295853350E1,3.657170851E0,2.798235337E0,-1.244696211E0,4.770145521E0
2.296850350E1,8.068395270E-1,1.017395058E-1,-2.728702002E0,2.847306721E0
2.297847350E1,2.043152220E0,-3.831064413E0,6.218402749E-1,4.386138490E0
2.298844250E1,2.298651570E0,-9.658077058E-1,9.205107880E-1,2.657804296E0
2.299841250E1,2.719250563E-1,1.215656892E0,1.801991996E0,2.190648322E0
2.300838250E1,1.549130617E0,7.676429361E-2,1.021605054E0,1.857249394E0
2.301835250E1,4.581515658E-1,-1.140328382E0,2.572408851E0,2.850883894E0
2.302832250E1,-1.006402293E0,1.195980426E0,6.931406379E-2,1.564614711E0
2.303829250E1,5.890257007E-1,-1.724993229E0,-1.441511736E0,2.323899525E0
2.304826150E1,-1.843755734E-1,6.660370392E-1,5.673331153E-1,8.941289355E-1
2.305823150E1,-2.091187973E-1,-4.125403601E-1,3.098735443E0,3.133062650E0
2.306820150E1,-4.089827679E-1,-1.737333485E0,2.354225847E0,2.954314452E0
2.307817150E1,-1.362477846E0,6.408598056E-1,4.026281601E-1,1.558575184E0
2.308814150E1,5.725263199E-1,1.953301273E0,1.661966969E0,2.627794979E0
2.309811150E1,-7.343128567E-1,-1.479192363E0,6.835488653E-1,1.787306485E0
2.310808050E1,-1.779712789E0,-1.092832911E0,-5.325585544E-1,2.155291163E0
2.311805050E1,9.499792930E-1,-6.160676113E-1,-2.799062133E0,3.019395433E0
2.312802050E1,7.237071039E-1,-3.253593687E0,-1.592545316E0,3.694025506E0
2.313799050E1,1.146714272E0,-2.394104150E0,-6.602810401E-1,2.735445001E0
2.314796050E1,-3.028346808E-1,-6.249363756E-1,-2.923840545E0,3.005178506E0
2.315793050E1,-1.448749712E0,3.198759084E0,-3.675629926E-1,3.530727681E0
2.316789950E1,-1.117806296E0,3.876793440E0,1.813504579E0,4.423552549E0
2.317786950E1,-1.293079436E0,1.778549632E0,1.768555863E0,2.821893524E0
2.318783950E1,-2.005214607E0,6.881412685E-2,-8.988807678E-1,2.198546711E0
2.319780950E1,-1.092055816E0,-2.375058306E0,-3.921248066E-1,2.643340638E0
2.320777950E1,-4.532103762E-2,-2.623940655E0,-1.016350746E0,2.814264983E0
2.321774950E1,8.277226384E-1,5.369240856E-1,-2.350231029E0,2.548920973E0
2.322771850E1,2.634869394E0,-1.783932871E0,-2.560577595E0,4.084300531E0
2.323768850E1,1.270648786E0,-1.078086818E0,1.208035923E0,2.058195888E0
2.324765850E1,1.864905405E0,-2.560434046E0,3.014836670E0,4.372977798E0
2.325762850E1,1.171755558E0,-8.529444569E-1,3.378200777E0,3.675971412E0
2.326759850E1,5.347036786E-1,3.020907834E0,2.047047050E0,3.688115208E0
2.327756850E1,3.101193613E0,2.476755420E0,-8.797769203E0,9.651552320E0
2.328753750E1,2.239050901E0,-2.431429851E0,-7.530071799E0,8.223574731E0
2.329750750E1,5.811209229E-1,-4.553898966E0,4.956123961E0,6.755654079E0
2.330747750E1,-8.493962934E-1,-2.995384737E0,1.218151489E1,1.257311055E1
2.331744750E1,5.998049697E-1,4.186695577E0,6.517151615E0,7.769263223E0
2.332741750E1,-7.996148535E-1,6.258967223E0,-5.401550231E0,8.306070040E0
2.333738750E1,6.076017201E-2,-3.235136951E0,-2.589286255E0,4.144177385E0
2.334735650E1,1.137573028E0,-1.203065205E0,5.022606218E-1,1.730232358E0
2.335732650E1,-2.772718965E-1,4.027297263E0,-4.463315363E0,6.018071699E0
2.336729650E1,-4.134962337E-1,1.964190250E0,-4.130012961E0,4.591952693E0
2.337726650E1,2.813408276E-1,-3.424009618E-1,-3.540945745E0,3.568569440E0
2.338723650E1,4.330371168E-1,-5.553180227E0,-1.621310109E-1,5.572397890E0
2.339720650E1,4.940707192E-2,-2.218204408E0,3.295750943E0,3.973014741E0
2.340717550E1,7.804907307E-1,2.826910959E0,1.426567422E0,3.261239942E0
2.341714550E1,-3.541836130E-1,5.597010371E-1,-4.295271063E-1,7.894332256E-1
2.342711550E1,4.917892818E-1,-1.323001831E0,-1.383147168E-1,1.418210670E0
2.343708550E1,1.288284573E0,-2.087510367E0,7.785596877E-1,2.573622323E0
2.344705550E1,1.566216766E0,-1.885834929E0,3.879232314E0,4.588883490E0
2.345702450E1,1.100894394E0,-5.624746639E-1,2.501529488E0,2.790339763E0
2.346699450E1,-1.462838286E0,-8.597608486E-1,-2.540449140E0,3.054990409E0
2.347696450E1,-2.234833889E0,9.658454204E-1,-5.226826072E-1,2.490087749E0
2.348693450E1,-3.435652155E-1,4.173423859E0,-3.991371970E0,5.785028433E0
2.349690450E1,2.348519549E0,-8.184678116E-1,2.978800864E0,3.880552566E0
2.350687450E1,-1.574774751E0,-5.319578699E0,4.535422057E-1,5.566285439E0
2.351684350E1,2.365414932E0,-1.395418427E0,-6.448882449E-1,2.821039035E0
2.352681350E1,2.048179656E0,4.580825686E0,-3.298884466E0,6.005134685E0
2.353678350E1,8.619944119E-1,3.072505419E0,-3.222616308E0,4.535259616E0
2.354675350E1,2.489038958E0,9.573041001E-1,-1.284050311E0,2.959819467E0
2.355672350E1,-9.088773139E-2,-5.096699796E0,1.826818689E0,5.414967766E0
2.356669350E1,6.275283732E-1,-4.616590766E0,3.837109557E0,6.035736236E0
2.357666250E1,1.073497411E0,6.175554353E-1,4.257527286E0,4.433994813E0
2.358663250E1,1.082435465E0,2.259322321E0,4.602390803E0,5.240057727E0
2.359660250E1,2.273842711E0,-7.500083184E-1,1.651513901E0,2.908671745E0
2.360657250E1,9.371086212E-1,-3.100828162E0,-1.896304661E-1,3.244883291E0
2.361654250E1,1.248352914E0,-8.496706009E-2,-3.749670879E0,3.952927535E0
2.362651250E1,-2.608152004E-1,2.356490181E0,-2.418264552E0,3.386602130E0
2.363648142E1,4.478200474E-1,-1.779143124E0,-2.247057493E0,2.900889593E0
2.364645142E1,-1.067078119E-1,-2.553260974E0,-3.153887551E0,4.059252991E0
2.365642142E1,-7.153509211E-1,-8.745803243E-1,-1.060597211E-1,1.134841993E0
2.366639142E1,-5.736141213E-1,2.153564316E0,1.892644889E0,2.923863386E0
2.367636142E1,-8.050409965E-2,-1.857982010E-1,4.279964222E0,4.284751524E0
2.368633142E1,-1.245253451E0,-1.492245395E0,1.168360226E0,2.267712083E0
2.369630042E1,2.072338743E-1,1.218556234E0,-1.157374477E0,1.693322431E0
2.370627042E1,-7.912458068E-1,3.909391960E0,-4.267524855E0,5.841334078E0
2.371624042E1,1.027391458E0,1.003141301E0,-1.529843284E0,2.098153033E0
2.372621042E1,8.955434695E-1,-4.363434979E-1,-1.164295242E0,1.532311053E0
2.373618042E1,4.170041976E-1,-5.824458289E-1,-2.778479934E-2,7.168735171E-1
2.374615042E1,-1.762296272E0,7.749230120E-1,1.752892342E0,2.603617750E0
2.375611942E1,9.956832502E-1,3.022547393E0,3.116688150E0,4.454315087E0
2.376608942E1,2.953183043E0,1.699992874E0,2.865846691E0,4.452453606E0
2.377605942E1,1.160868481E0,3.762844071E-1,-1.008102078E0,1.582869352E0
2.378602942E1,1.897780498E0,1.777557944E0,-2.398675210E0,3.537644107E0
2.379599942E1,2.937344398E-1,2.945858821E0,-1.362573155E0,3.258982927E0
2.380596942E1,3.230238739E0,1.148284688E0,-2.599685528E0,4.302483571E0
2.381593842E1,-4.022703105E-1,-3.125142346E0,4.549396902E-1,3.183599568E0
2.382590842E1,-1.868184670E0,-2.086815133E0,3.635121000E0,4.589010356E0
2.383587842E1,2.151901075E-1,-1.397837128E0,2.174106461E0,2.593644988E0
2.384584842E1,1.301991908E0,8.980995798E-1,1.401954153E0,2.113584924E0
2.385581842E1,2.496614903E-2,-2.100764835E0,2.416537285E-2,2.101052157E0
2.386578842E1,1.107050124E0,-3.434344572E0,-9.144478101E-1,3.722431653E0
2.387575742E1,-6.315627328E-1,5.642139181E-1,-1.378617915E0,1.617960502E0
2.388572742E1,-1.053105466E0,1.764895798E0,-2.617113154E0,3.327637234E0
2.389569742E1,7.225392687E-1,-3.207317653E-1,-1.577476457E0,1.764472678E0
2.390566742E1,7.072401752E-1,-1.724246540E0,3.770927846E-1,1.901424141E0
2.391563742E1,1.496220917E0,-8.111915365E-1,1.004990190E0,1.976540924E0
2.392560742E1,-7.647602588E-1,-1.654657949E0,1.284906929E0,2.230187660E0
2.393557642E1,-4.673632693E-1,4.613599330E-2,7.084164888E-1,8.499475731E-1
2.394554642E1,9.618557189E-1,8.743025815E-1,-5.514994401E-1,1.411992585E0
2.395551642E1,1.486457382E0,-2.734293987E0,1.537168676E0,3.471139106E0
2.396548642E1,2.033900024E0,-6.297193980E-1,1.414566597E0,2.556226611E0
2.397545642E1,1.435255654E0,7.700183675E-1,1.189954578E0,2.017146246E0
2.398542642E1,1.000511808E0,6.624737459E-1,1.143163404E0,1.657322513E0
2.399539542E1,3.089912872E-1,2.485904558E0,-9.714137238E-1,2.686790225E0
2.400536542E1,1.351738557E0,-1.609956278E0,1.073689127E0,2.360500939E0
2.401533542E1,7.625010408E-1,-2.447020574E0,2.290050316E0,3.437098773E0
2.402530542E1,9.433732550E-1,-2.225384496E0,2.940722042E0,3.806591045E0
2.403527542E1,-2.593498881E-1,-1.295490974E0,-7.695438659E-1,1.528972527E0
2.404524542E1,5.884016566E-1,2.718812022E-1,1.804660665E0,1.917533837E0
2.405521442E1,-1.490159255E0,9.140326577E-1,2.358783751E0,2.935965103E0
2.406518442E1,1.803976103E0,9.760271770E-1,-3.830330295E0,4.344926812E0
2.407515442E1,3.205348311E0,-2.345958761E0,8.758918548E-1,4.067550472E0
2.408512442E1,1.009236731E0,-6.004575920E-1,8.658568633E-1,1.459046334E0
2.409509442E1,6.046498117E0,1.960871078E0,-7.154378253E-1,6.396640224E0
2.410506442E1,1.093858220E0,-1.367347991E-1,-3.199752526E0,3.384322449E0
2.411503342E1,1.257468431E0,-4.988025784E-1,-3.420397793E0,3.678199550E0
2.412500342E1,2.110854791E0,-1.953317937E-1,2.690800935E-1,2.136882438E0
2.413497342E1,-1.951420077E0,3.065756270E0,7.487353796E-1,3.710459068E0
2.414494342E1,2.317956445E0,4.868525946E0,9.613044727E-1,5.477186619E0
2.415491342E1,7.913596813E-1,3.300072620E0,-1.983100730E0,3.930574761E0
2.416488342E1,1.068387310E0,4.364022624E-1,1.299103383E0,1.737690416E0
2.417485242E1,1.975328611E0,8.064254710E-1,1.922762727E0,2.872152793E0
2.418482242E1,-5.916622102E-2,6.536704704E-1,1.882466640E0,1.993606375E0
2.419479242E1,1.551022922E0,4.165920420E0,-1.658107222E0,4.744458305E0
2.420476242E1,1.441584826E0,1.878489364E0,-3.280218399E0,4.045580533E0
2.421473242E1,7.183237186E-1,-3.210799378E0,-3.864530075E-1,3.312788484E0
2.422470242E1,4.510698567E-1,-3.643329906E-1,-1.981433689E0,2.064529488E0
2.423467142E1,2.626324857E0,-3.545128843E-1,2.359836250E0,3.548533326E0
2.424464142E1,6.748014307E-1,-3.221348632E0,5.790680678E0,6.660662632E0
2.425461142E1,4.479943090E0,-8.522281730E-1,-2.256964431E0,5.088228709E0
2.426458142E1,1.658138797E-1,-1.985580534E0,-1.173198212E0,2.312232330E0
2.427455142E1,-1.274195999E-1,-3.526778819E0,2.814932646E0,4.514227552E0
2.428452142E1,5.354611123E0,-2.574514141E0,3.929387975E0,7.123206665E0
2.429449042E1,2.772739722E0,-2.125952886E0,2.901824024E0,4.541843669E0
2.430446042E1,1.526289492E0,-6.692869216E-1,-1.690725330E0,2.374038066E0
2.431443042E1,1.831053389E0,-1.056539828E0,-8.268266988E-1,2.269950509E0
2.432440042E1,-1.645400199E0,-1.981230206E0,3.630333885E0,4.451060442E0
2.433437042E1,1.173566879E-1,-2.885495675E0,5.326287210E-1,2.936588367E0
2.434434042E1,4.167452390E-1,-5.691600779E-1,-2.643437904E0,2.735942934E0
2.435430942E1,5.631833464E-2,6.898775992E-1,1.951163238E-1,7.191475763E-1
2.436427942E1,-9.302763690E-1,-1.396645173E0,2.696824737E0,3.176302177E0
2.437424942E1,-1.037563786E0,-1.542975838E0,2.049483000E0,2.767253804E0
2.438421942E1,5.146781344E-1,1.517875203E0,1.821921061E0,2.426568579E0
2.439418942E1,7.062460023E-1,-5.331850836E-1,1.965505874E0,2.155523855E0
2.440415942E1,1.711838456E0,1.866913632E-1,-4.453075719E-1,1.778635263E0
2.441412842E1,2.918764285E0,8.193092260E-1,-1.319624187E0,3.306336425E0
2.442409842E1,1.608104172E0,-1.757374232E0,-1.830393677E0,3.004114551E0
2.443406842E1,1.834603233E0,-1.200120255E0,8.390479642E-1,2.347351515E0
2.444403842E1,1.092767203E0,2.948214956E0,-2.361175262E0,3.932080900E0
2.445400842E1,6.779487676E-1,-1.190574968E0,5.213184518E-1,1.465897750E0
2.446397842E1,2.741408587E-1,1.943471226E-1,-1.268655177E0,1.312406177E0
2.447394842E1,1.356394110E0,6.243753353E-1,-9.682679218E-1,1.779660729E0
2.448391742E1,-1.657994078E-1,-2.292591516E0,4.045452282E0,4.652864652E0
2.449388742E1,8.341958716E-1,1.639406949E0,1.380641052E0,2.299936436E0
2.450385742E1,1.639967843E0,2.940879332E0,2.305063042E0,4.080634926E0
2.451382742E1,6.279997319E-2,-5.805644873E-1,2.266945043E0,2.340948267E0
2.452379742E1,9.766969024E-1,1.922003759E0,1.015745559E0,2.383227712E0
2.453376642E1,4.896434999E-1,5.196836872E0,-2.313993495E0,5.709766206E0
2.454373642E1,-1.564097150E0,9.904379323E-1,-3.696107460E0,4.133833275E0
2.455370642E1,4.110212535E-2,8.555277568E-1,-1.234716184E0,1.502711277E0
2.456367642E1,-3.295685162E-1,1.376894740E0,-3.347989383E0,3.635036099E0
2.457364642E1,1.211935651E0,-6.076929367E-1,-5.398260003E0,5.565904220E0
2.458361642E1,4.880482332E-1,-3.949662611E-1,-1.883977561E0,1.985840093E0
2.459358542E1,-1.138300275E0,1.023384946E0,1.104200483E0,1.887406414E0
2.460355542E1,-2.249094225E-1,-1.968245879E-1,8.613609391E-1,9.117383584E-1
2.461352542E1,-2.326241657E0,-3.109339954E0,4.896409855E0,6.249337938E0
2.462349542E1,-1.793725787E0,-5.634417933E-1,4.361279696E0,4.749281992E0
2.463346542E1,6.795549978E-1,1.729702869E-1,2.038283828E0,2.155531182E0
2.464343550E1,-1.622969841E0,-5.071602961E-1,-8.228570241E-1,1.889004064E0
2.465340450E1,-1.067913320E0,-4.865561700E-1,1.297096034E0,1.749180919E0
2.466337450E1,-1.921731717E0,-4.557612240E-3,3.047714978E-1,1.945754154E0
2.467334450E1,-1.809951811E0,-2.293075958E0,-3.465320197E0,4.532390867E0
2.468331450E1,1.428939638E-1,1.464545088E0,-4.697275910E0,4.922368533E0
2.469328450E1,7.709495366E-2,-3.381587776E0,-1.706289448E0,3.788469770E0
2.470325450E1,-1.086228408E0,-4.454975479E0,9.017026341E-1,4.673303576E0
2.471322450E1,-2.601817423E0,-2.705272794E-2,5.066511791E0,5.695588422E0
2.472319350E1,-1.907114701E0,-4.677912855E-1,5.733253419E-1,2.045633671E0
2.473316350E1,-3.722133563E-1,1.604095906E-2,-2.007697628E0,2.041972051E0
2.474313350E1,4.890879778E-1,-4.252883135E0,3.043393301E0,5.252472256E0
2.475310350E1,1.715644993E0,6.092523891E-1,7.768803674E-1,1.979436617E0
2.476307350E1,-1.581470982E0,1.784871349E-1,5.000895506E-1,1.668231903E0
2.477304350E1,-4.127686939E-1,-1.360288063E0,3.503254008E0,3.780681189E0
2.478301250E1,-1.188943010E0,1.377811876E0,-1.419010481E0,2.307713542E0
2.479298250E1,-5.363681616E-1,-1.703410572E0,-1.883604509E0,2.595624072E0
2.480295250E1,-9.748032816E-1,-5.692638659E0,-1.925164763E0,6.087908977E0
2.481292250E1,-9.591056272E-1,-1.324962402E0,3.655562282E-1,1.676019191E0
2.482289250E1,-2.062570384E0,2.010843722E0,-1.391588793E0,3.199094940E0
2.483286250E1,-1.544773564E0,4.655813304E-1,3.689508292E0,4.026855197E0
2.484283150E1,5.102620613E-1,5.676428424E0,1.208630585E0,5.826061698E0
2.485280150E1,-3.222274100E-1,9.022025710E-1,2.001624125E0,2.219076186E0
2.486277150E1,-1.657463005E0,-1.961118708E0,7.977251065E-1,2.688779564E0
2.487274150E1,2.891464585E-1,-2.103464495E0,-1.819448274E0,2.796168911E0
2.488271150E1,-7.377486075E-1,-1.273002582E0,-4.181025240E0,4.432356105E0
2.489268150E1,1.082531140E0,-6.693708292E-1,2.602092826E-1,1.299091932E0
2.490265050E1,8.250981157E-1,6.245472434E-1,3.819985986E-2,1.035521796E0
2.491262050E1,-2.119589215E0,1.427150682E0,3.024413824E-1,2.573108684E0
2.492259050E1,3.406126640E-1,-9.729383853E-1,-1.228723372E0,1.603866333E0
2.493256050E1,-4.227834759E-2,2.088932118E0,-2.499970620E0,3.258109567E0
2.494253050E1,1.033339392E0,3.133583679E0,-6.103575128E-1,3.355543662E0
2.495250050E1,8.758828647E-1,2.162006233E0,8.564972252E-1,2.484960612E0
2.496246950E1,-3.738602246E-1,-2.557838175E-1,-4.020674121E-1,6.056855890E-1
2.497243950E1,1.097178927E0,-4.661137193E-1,4.700202441E-1,1.281398700E0
2.498240950E1,-6.751536524E-1,2.718655609E0,1.790306336E-1,2.806950790E0
2.499237950E1,-1.696170366E-1,9.420884755E-1,1.613575997E0,1.876147151E0
2.500234950E1,-1.520633919E0,4.011023292E-1,-1.401166533E0,2.106294910E0
2.501231950E1,-3.563096606E-1,-4.536538875E-1,-2.837114058E0,2.895164003E0
2.502228850E1,8.158928441E-1,-3.924531278E-1,-1.681267458E-1,9.208513415E-1
2.503225850E1,-1.574712916E0,6.737229118E-1,-3.153116888E-1,1.741563893E0
2.504222850E1,-1.296908046E0,-3.648029314E0,3.126324946E0,4.976343640E0
2.505219850E1,-3.025323066E-1,-2.032366446E0,2.758377206E-1,2.073192132E0
2.506216850E1,-3.789515414E-1,2.357942337E0,-1.809233773E0,2.996134706E0
2.507213850E1,-7.056294865E-1,5.151107553E-1,2.187978396E0,2.355950238E0
2.508210750E1,-7.881704637E-1,-3.303657548E0,2.456888920E0,4.191857469E0
2.509207750E1,-1.274905559E0,-1.917692899E0,1.773804908E0,2.906770388E0
2.510204750E1,-6.153938659E-2,8.556604886E-1,5.442529857E-1,1.015949448E0
2.511201750E1,-1.488894502E0,-1.165589523E0,-1.265992940E0,2.275553537E0
2.512198750E1,-1.968743185E0,-1.343933693E0,-1.990554761E0,3.105545967E0
2.513195750E1,-7.074984759E-1,-1.445285529E0,-9.793326080E-2,1.612139968E0
2.514192650E1,-1.855716944E0,-3.945040972E0,2.398302743E0,4.975830553E0
2.515189650E1,-1.530630611E0,-5.197321022E-1,2.090861991E0,2.642849862E0
2.516186650E1,-4.105426954E-1,1.457283431E0,8.907408589E-1,1.756598867E0
2.517183650E1,-5.707876138E-1,-2.135034782E-1,-3.221219409E-1,6.893074641E-1
2.518180650E1,-8.912599455E-1,-1.943495200E0,7.092619962E-1,2.252680728E0
2.519177650E1,-7.543737765E-2,-9.720651037E-1,-4.385037518E-1,1.069058887E0
2.520174550E1,-1.333596693E0,9.899713245E-1,-1.142854087E0,2.016094945E0
2.521171550E1,3.830549712E-1,6.238169262E-1,-6.463512182E-2,7.348852749E-1
2.522168550E1,-1.316666811E0,-1.813391143E-1,-1.557778941E0,2.047723271E0
2.523165550E1,-1.116442214E0,-2.497767097E0,-1.076376507E0,2.940045930E0
2.524162550E1,3.105716434E-1,-3.164203209E-1,5.417761052E-1,7.000699346E-1
2.525159550E1,-7.649130173E-1,7.769604743E-1,-8.210777164E-2,1.093389770E0
2.526156550E1,6.029803367E-1,-6.486436191E-1,-1.055234145E0,1.377622202E0
2.527153450E1,-2.573290904E-1,-1.000919943E0,1.355783368E0,1.704760258E0
2.528150450E1,4.015719702E-1,3.165062749E-1,3.505785853E-1,6.199529126E-1
2.529147450E1,-4.042886232E-1,-2.056451127E-1,2.106823136E0,2.155096965E0
2.530144450E1,-1.523001164E0,1.130665858E0,2.592036785E0,3.211945287E0
2.531141450E1,1.364901516E0,-1.539010549E-1,1.801737642E-1,1.385317389E0
2.532138450E1,-1.693219752E0,1.006411356E0,-2.758587706E0,3.389640553E0
2.533135350E1,-1.360778645E0,2.541919715E0,-3.170798868E0,4.285678455E0
2.534132350E1,-1.435352279E0,-1.223654129E0,-3.619677919E-1,1.920569258E0
2.535129350E1,-2.562073898E0,-1.162448399E0,2.564161354E0,3.806630056E0
2.536126350E1,6.452968191E-1,-6.391737610E-2,1.226057627E0,1.386978990E0
2.537123350E1,-8.128691027E-1,3.883435585E0,-1.188880445E0,4.141891456E0
2.538120350E1,-1.330170371E0,2.449497455E0,1.907806134E-1,2.793884078E0
2.539117250E1,-1.478810905E-1,-9.731442073E-1,-7.151220757E-1,1.216666778E0
2.540114250E1,-4.869446809E-1,8.651458418E-1,-1.037421187E0,1.435909179E0
2.541111250E1,-5.252347341E-1,2.308604993E0,3.194211704E0,3.975992574E0
2.542108250E1,-6.625544375E-1,1.875654050E0,-3.049041712E0,3.640564772E0
2.543105250E1,-2.875695156E0,-1.031856100E0,-1.288390115E0,3.315765180E0
2.544102250E1,-7.885669050E-1,-1.993002990E0,-3.468667143E0,4.077444105E0
2.545099150E1,-1.842806731E0,-2.166447194E0,7.118786252E-1,2.931927910E0
2.546096150E1,8.703215048E-4,1.643382179E0,2.019816567E0,2.603913344E0
2.547093150E1,-1.244772664E0,-5.629319161E-2,7.604666483E-1,1.459773075E0
2.548090150E1,-1.904018600E0,-3.200137857E0,1.280798675E0,3.937843875E0
2.549087150E1,3.871806934E-1,6.723263043E-1,3.069346753E0,3.165883927E0
2.550084150E1,6.609090310E-1,-3.667601699E-1,1.575452735E0,1.747388077E0
2.551081150E1,-3.456630650E0,-6.234798342E-2,-1.617929834E0,3.817051174E0
2.552078050E1,-3.334853613E0,2.859956206E0,-3.124977162E0,5.391296726E0
2.553075050E1,-1.175239695E0,-2.257047461E0,-1.459245756E0,2.933402420E0
2.554072050E1,-1.074759752E0,-2.002331345E0,-1.027481505E0,2.494024375E0
2.555069050E1,7.662245478E-1,-1.693607130E0,1.521108128E0,2.401910720E0
2.556066050E1,-1.564414069E0,-2.674065327E0,4.795774012E0,5.709418983E0
2.557063050E1,-1.769530448E-1,1.216370544E0,-1.183562987E0,1.706367787E0
2.558059950E1,7.214823845E-1,-1.263478345E0,1.378176450E0,2.004067037E0
2.559056950E1,-5.432311117E-1,1.032389073E0,-4.118480498E-1,1.237152398E0
2.560053950E1,9.568304756E-1,-2.656258509E-1,1.378142536E0,1.698634305E0
2.561050950E1,1.398132120E-1,-1.645610552E0,-8.016977048E-1,1.835837965E0
2.562047950E1,-8.362206893E-1,-3.243455785E0,4.528136426E-1,3.379986785E0
2.563044950E1,-3.665244905E-1,-1.591519422E0,-4.759387958E-1,1.701114932E0
2.564041842E1,-1.428728407E0,4.103873861E0,-1.734561321E0,4.678861881E0
2.565038842E1,-1.327139028E0,1.347782623E0,-5.928000784E-1,1.982228022E0
2.566035842E1,-1.940456694E0,-4.676670322E0,1.608179017E0,5.312518916E0
2.567032842E1,-1.364160528E0,-9.580578062E-1,-1.797528232E0,2.451513094E0
2.568029842E1,-1.782316993E0,1.812065872E0,-1.225196332E0,2.821585128E0
2.569026842E1,-1.423593236E0,-5.921978152E-1,2.696928817E0,3.106564179E0
2.570023842E1,-2.699141403E0,1.406649759E0,3.715344214E-1,3.066278801E0
2.571020742E1,-2.167242707E0,7.444224733E-1,-1.857618313E0,2.949890094E0
2.572017742E1,-1.991165210E0,1.497217575E-1,-4.915280575E-1,2.056393768E0
2.573014742E1,-1.184018046E0,2.694978771E-1,2.218380409E0,2.528979928E0
2.574011742E1,-1.385621417E0,-8.548734534E-1,1.329639298E-1,1.633534432E0
2.575008742E1,-1.474369580E-1,1.870184564E0,-1.330399436E0,2.299845781E0
2.576005742E1,1.710252106E0,-2.122986594E-1,-2.117164521E0,2.729911830E0
2.577002642E1,1.647504904E-1,-2.972271279E-1,2.053093071E0,2.081028075E0
2.577999642E1,-3.136738837E-3,4.211795335E0,7.282911748E-1,4.274299688E0
2.578996642E1,-3.534185779E0,1.855804799E0,-9.498690730E-1,4.103258684E0
2.579993642E1,-2.214432369E0,6.230293062E-1,-2.714134249E0,3.557864662E0
2.580990642E1,-4.017708121E-1,8.397174704E-1,4.735987401E-1,1.044433331E0
2.581987642E1,9.405149898E-1,3.405079257E-1,1.225629026E0,1.581986284E0
2.582984542E1,-1.403296966E0,-2.826959199E-1,3.454288255E0,3.739153207E0
2.583981542E1,-1.034749229E0,1.297709407E0,-1.492483669E0,2.232098379E0
2.584978542E1,-3.237564715E0,1.691022076E0,-3.322828229E0,4.937870835E0
2.585975542E1,-8.658908502E-1,1.882749353E0,-7.379683167E-1,2.199797565E0
2.586972542E1,-6.717858754E-1,-2.545930320E-1,-3.428312584E0,3.502776192E0
2.587969542E1,-1.292434634E0,-4.186710195E0,-6.217280084E-1,4.425548018E0
2.588966542E1,4.964409611E-1,-1.500758064E0,1.401474096E0,2.112547760E0
2.589963442E1,-1.505767958E0,-2.093791446E0,5.427082683E0,6.008704204E0
2.590960442E1,-2.670462126E-1,-7.800925353E-1,2.686592694E0,2.810273714E0
2.591957442E1,-1.264271227E0,4.417577273E-1,-1.442912729E0,1.968636271E0
2.592954442E1,-1.529144249E0,-1.185241430E0,-3.339683413E0,3.859606804E0
2.593951442E1,-7.218577027E-1,-2.675225122E0,-9.297850567E-1,2.922739853E0
2.594948442E1,-1.906387600E0,-1.052779776E0,4.803622144E-1,2.230113628E0
2.595945342E1,-2.149474773E0,-6.265648252E-1,3.953787822E0,4.543705912E0
2.596942342E1,-1.761659072E0,-1.788388157E0,5.250970979E0,5.820177928E0
2.597939342E1,-4.347741783E-1,8.005031186E-1,-9.869415897E-1,1.343088802E0
2.598936342E1,-2.786059387E0,-1.262308609E-1,1.777134313E0,3.307002798E0
2.599933342E1,-3.010197781E-2,-1.299100460E0,1.603146903E0,2.063649226E0
2.600930342E1,-8.171517496E-1,4.971229658E-1,-2.728364033E0,2.891165599E0
2.601927342E1,-1.091737874E0,1.814888030E-2,-2.599703654E0,2.819695029E0
2.602924242E1,1.015622621E0,-6.992398685E-1,-3.067482076E0,3.306035690E0
2.603921242E1,8.085200898E-2,-1.225190777E0,-1.403456887E0,1.864757550E0
2.604918242E1,8.524846465E-1,6.085673878E-1,-2.565576965E-1,1.078381282E0
2.605915242E1,-2.969639301E-1,-1.389795160E0,4.571801679E0,4.787597388E0
2.606912242E1,-7.276359943E-1,2.156088559E0,3.482905698E0,4.160385092E0
2.607909242E1,-1.596239879E0,3.555816676E0,1.722065236E0,4.261141005E0
2.608906142E1,-2.250957294E0,-1.855603655E0,3.197870307E0,4.328561905E0
2.609903142E1,3.251035457E-1,3.240702331E-2,-2.447107698E0,2.468821301E0
2.610900142E1,-2.109169185E0,9.756500316E-1,-1.331051400E0,2.678093625E0
2.611897142E1,-4.641414535E-1,-1.118178544E0,-3.356076667E0,3.567772574E0
2.612894142E1,-9.879783741E-1,5.707563677E-1,-1.695837550E0,2.043949387E0
2.613891142E1,1.931857559E-1,2.945983659E0,-4.767995644E0,5.608023085E0
2.614888142E1,-5.111262067E-1,6.693898326E-1,-1.962906786E0,2.135962499E0
2.615885042E1,-1.041744326E0,-4.797297796E0,5.806954064E0,7.603947191E0
2.616882042E1,-6.344522806E-1,-1.336020657E0,3.745213546E0,4.026674235E0
2.617879042E1,-3.827005203E-1,4.956864803E0,-1.636033398E0,5.233887049E0
2.618876042E1,-1.203401859E0,3.189399153E0,-1.320970216E0,3.655872714E0
2.619873042E1,-9.271609725E-1,2.425223616E0,-2.262482448E0,3.443858865E0
2.620870042E1,-1.281810535E0,-2.370714410E0,6.701675123E-1,2.777129734E0
2.621866942E1,-1.045354543E0,8.922003239E-2,-2.432117776E0,2.648758806E0
2.622863942E1,-1.012278160E0,2.884705423E0,-2.861185291E0,4.187196403E0
2.623860942E1,-2.964174054E0,-1.553742024E0,2.693783600E0,4.296150857E0
2.624857942E1,-6.302349032E-1,-1.627970088E0,4.079201242E0,4.437044671E0
2.625854942E1,-9.557339765E-1,1.555591790E0,3.109385562E-1,1.852019449E0
2.626851942E1,6.113090375E-1,4.044966671E0,-3.819746835E0,5.596956315E0
2.627848942E1,6.625443511E-1,2.352480160E0,9.976127583E-1,2.639764978E0
2.628845842E1,-1.426126104E0,-2.195162285E0,-3.556527990E-1,2.641791444E0
2.629842842E1,2.080311421E-2,-9.774556518E-2,-3.388615837E0,3.390089122E0
2.630839842E1,-1.084657626E0,-4.691916937E-1,1.306466782E-1,1.188987623E0
2.631836842E1,-2.231296616E0,-1.651078869E0,3.376189334E0,4.370743694E0
2.632833842E1,-1.791424762E0,-1.335716309E0,3.918744289E0,4.511086071E0
2.633830842E1,-1.527592983E0,2.685102823E-1,5.801244843E-1,1.655953656E0
2.634827742E1,1.092438955E-2,1.149540963E0,-1.113527961E0,1.600471270E0
2.635824742E1,6.924458425E-1,-3.521450543E-1,-2.944146171E0,3.044911175E0
2.636821742E1,-5.615049031E-1,-2.250883034E0,-5.790659044E0,6.238068159E0
2.637818742E1,2.759152328E-1,-5.380303788E0,3.748287427E-1,5.400397639E0
2.638815742E1,-6.756887457E-1,-2.948059420E0,6.530033031E0,7.196453364E0
2.639812742E1,8.953277072E-1,1.856821922E0,6.608646507E0,6.922687918E0
2.640809742E1,-3.207780314E-1,3.062687066E0,9.123469055E-2,3.080791194E0
2.641806642E1,-1.228026384E0,-2.493799177E0,2.154456893E0,3.516925879E0
2.642803642E1,5.478874688E-1,-4.230578346E0,1.177038664E0,4.425312852E0
2.643800642E1,-5.088855902E-1,-2.281659561E-1,-5.886684358E-2,5.607936811E-1
2.644797642E1,-1.297067821E0,5.279319450E-1,7.452896154E-1,1.586364927E0
2.645794642E1,-8.323186230E-1,2.005733255E0,-5.644433629E0,6.047755879E0
2.646791642E1,-1.725687440E0,-9.094329455E-1,-5.931898538E0,6.244396343E0
2.647788542E1,-9.216979920E-1,-1.635142282E0,-3.224342406E0,3.730898206E0
2.648785542E1,-1.181990232E0,1.499167913E0,-8.884727240E-2,1.911151271E0
2.649782542E1,-9.806958863E-1,-2.053102719E0,2.902955461E0,3.688379807E0
2.650779542E1,-5.804856960E-1,-1.071568049E0,4.623183501E0,4.781113617E0
2.651776542E1,-7.266250838E-1,1.686379386E0,7.753758788E-1,1.993255428E0
2.652773542E1,-9.391832133E-1,1.139093450E0,-3.218788136E0,3.541213925E0
2.653770542E1,-2.763323366E0,-6.409089223E-1,2.055147783E0,3.502906319E0
2.654767442E1,7.522871245E-1,2.540522230E0,-3.378428233E0,4.293479527E0
2.655764442E1,-1.495192538E0,2.536057296E-1,2.739709386E0,3.131441219E0
2.656761442E1,1.257539767E0,2.187799179E0,2.334902553E0,3.437970541E0
2.657758442E1,2.942350893E-1,1.816187282E0,-5.726663607E-1,1.926929498E0
2.658755442E1,-1.495864127E-1,-4.758434862E-2,-6.069585264E-1,6.269282398E-1
2.659752442E1,2.668758028E-1,-2.631919473E-1,-3.722197151E0,3.741021829E0
2.660749442E1,-1.821375662E0,1.989875607E0,-2.029701869E0,3.375900459E0
2.661746342E1,-1.331981290E-1,4.881835670E0,-9.777164376E-1,4.980561282E0
2.662743342E1,-9.252606274E-1,3.970472851E0,-1.979896456E0,4.532190626E0
2.663740313E1,-2.958917115E0,4.261626184E-2,1.116269721E0,3.162762199E0
2.664737313E1,-5.453158633E-1,6.567212552E-2,-2.386398396E0,2.448791442E0
2.665734312E1,1.806120130E0,-1.396167748E0,-1.048537329E0,2.512127552E0
2.666731312E1,-1.149995949E0,-7.754577398E-3,3.673697421E0,3.849493935E0
2.667728312E1,-1.462607028E0,-5.551881561E-1,5.510825336E0,5.728581770E0
2.668725213E1,-1.325807910E0,-1.783561572E-1,-5.243379539E-1,1.436839526E0
2.669722213E1,-9.955330499E-1,-2.159508303E-1,-7.459333938E-1,1.262591558E0
2.670719212E1,-2.756043583E0,-1.517438708E0,1.560930006E0,3.512107479E0
2.671716212E1,-1.375010183E0,-1.872346864E0,-5.611631334E-2,2.323679157E0
2.672713213E1,-2.833749863E0,5.631073326E-2,7.484178758E-1,2.931456720E0
2.673710213E1,-2.898385277E0,1.594337780E0,-9.491387558E-1,3.441426237E0
2.674707212E1,-1.184652908E0,6.422537819E-1,-3.727411698E0,3.963519951E0
2.675704112E1,-1.777417757E0,-4.598231093E0,5.716156161E-1,4.962830592E0
2.676701112E1,-5.891800672E-2,-1.532828872E0,1.024041004E0,1.844368635E0
2.677698113E1,6.998152345E-2,1.784967535E0,3.506580489E0,3.935366977E0
2.678695113E1,2.249036118E-1,1.519653341E-1,1.877680110E0,1.897197326E0
2.679692112E1,-3.722790644E-2,1.126114678E0,2.563839757E0,2.800498970E0
2.680689112E1,-7.203861777E-1,2.073928455E-1,-2.480669546E0,2.591464728E0
2.681686113E1,-3.093363314E0,5.120935920E-1,-5.427715936E0,6.268272228E0
2.682683013E1,-1.772531823E0,-2.854639918E0,-3.613767554E0,4.934587526E0
2.683680013E1,2.037655983E-2,-3.536780189E0,-1.346065296E0,3.784325711E0
2.684677012E1,-9.058543034E-3,-1.038676584E0,1.581508697E0,1.892115446E0
2.685674012E1,-4.789923580E-1,8.295453617E-1,-2.678884310E-1,9.946574272E-1
2.686671013E1,-1.969366059E0,1.597541762E0,3.710626096E0,4.494361844E0
2.687668013E1,9.899423808E-2,-2.928423885E0,1.706717464E0,3.390921824E0
2.688665012E1,-2.550347161E-2,-3.105799465E0,1.163939146E0,3.316835100E0
2.689661912E1,4.380659780E-1,1.923839200E0,2.143547158E0,2.913392093E0
2.690658912E1,-4.762474922E-1,1.767216558E0,8.241270393E-1,2.007249714E0
2.691655913E1,-1.565255776E0,8.736792684E-1,-5.626494956E-1,1.878806952E0
2.692652913E1,-1.788667361E0,-1.388514620E0,-4.018890721E0,4.612893496E0
2.693649912E1,-2.125710227E0,-1.868295621E0,-4.914159663E0,5.670814553E0
2.694646912E1,-1.858328457E0,-8.227637610E-1,1.274412346E0,2.398843823E0
2.695643913E1,2.341534319E-1,1.331646939E0,3.739657522E0,3.976575132E0
2.696640813E1,-1.101435846E0,2.122626698E0,1.108467781E0,2.635793209E0
2.697637813E1,-3.583031372E0,1.203387387E0,-1.330346226E0,4.007003381E0
2.698634812E1,-2.194830163E0,9.190068841E-2,8.509476328E-1,2.355809215E0
2.699631812E1,1.222039493E0,2.796933746E0,-7.703221303E-1,3.147954112E0
2.700628813E1,-1.077738397E0,3.119422308E-1,8.507885885E-1,1.408072878E0
2.701625813E1,1.036317452E0,2.022684626E0,4.629679173E-1,2.319384886E0
2.702622812E1,-1.353653082E0,3.334567392E0,-7.124352801E-1,3.668689191E0
2.703619712E1,-1.307193299E0,-2.893765392E0,3.677530271E-1,3.196541060E0
2.704616712E1,-7.598493285E-1,-9.808061063E-1,-1.774696609E0,2.165386726E0
2.705613713E1,-1.000926668E0,5.041085173E0,-4.984496405E0,7.159580877E0
2.706610713E1,-2.327875223E-1,-6.754320529E-1,-1.817562547E0,1.952929108E0
2.707607712E1,-2.030406898E-1,-1.960408563E0,3.172562388E0,3.734913568E0
2.708604712E1,-5.077057683E-1,7.689228916E-1,5.073078214E0,5.156077009E0
2.709601713E1,-9.927717753E-1,4.882939625E-1,2.545442662E0,2.775482866E0
2.710598613E1,-6.393462539E-2,1.256944666E0,-2.662763536E-1,1.286429410E0
2.711595613E1,-1.666110598E0,5.911497018E-1,-8.302438116E-1,1.953122444E0
2.712592612E1,-1.487838202E0,-2.009103298E-2,-3.225438759E0,3.552115054E0
2.713589612E1,-2.651748551E0,-1.750765417E0,-2.858230693E0,4.273924732E0
2.714586613E1,-1.226593524E0,-2.246362844E-1,-1.788950366E0,2.180673416E0
2.715583613E1,-1.090106793E0,-8.347733572E-1,3.964897531E-1,1.429119835E0
2.716580612E1,-1.010031148E0,-2.440548876E-1,3.043734194E0,3.216215719E0
2.717577512E1,-5.327170140E-1,-3.354968619E-1,3.018987023E0,3.083930643E0
2.718574512E1,6.092514024E-1,-5.548808849E-1,5.588534832E-1,9.956893508E-1
2.719571513E1,1.225320585E-1,1.052628626E0,-2.030147427E-1,1.079007004E0
2.720568513E1,-1.278027826E0,7.643918842E-1,2.189063054E-1,1.505181068E0
2.721565512E1,4.372862518E-1,-7.761830869E-1,-6.250644296E-1,1.088294534E0
2.722562512E1,-1.253121355E-2,-2.638190612E-1,2.002916944E-1,3.314729117E-1
2.723559513E1,8.454387517E-1,-1.349873587E-1,-2.166645999E0,2.329665889E0
2.724556413E1,-1.804393009E-1,2.687994272E-1,-4.220774027E0,4.233171962E0
2.725553412E1,-6.832861061E-1,-4.567965905E0,1.350745407E0,4.812245377E0
2.726550412E1,-1.827682652E-1,-1.907357068E0,4.445854408E-1,1.966995536E0
2.727547412E1,4.073881226E-1,1.507187077E0,2.242624719E0,2.732570877E0
2.728544413E1,-1.037013125E0,-2.178655303E0,3.881190546E0,4.570073873E0
2.729541413E1,1.654161046E-1,9.523199335E-1,1.922257528E0,2.151592375E0
2.730538412E1,-1.551465264E0,7.350493866E-1,1.625841701E-1,1.724463882E0
2.731535412E1,1.588540412E0,1.608387470E0,-2.453053731E0,3.335842248E0
2.732532312E1,9.071037072E-1,-3.451380435E-1,1.066031029E0,1.441658614E0
2.733529313E1,1.008470818E0,-1.516487074E0,-8.761467934E-3,1.821214760E0
2.734526312E1,3.382862031E-1,-1.974013280E0,-1.015711645E0,2.245626000E0
2.735523312E1,3.456393691E-1,-1.065718787E0,1.272258816E0,1.695247947E0
2.736520312E1,1.608972192E0,3.528366045E0,-1.719812889E0,4.242159218E0
2.737517313E1,5.179652929E-1,1.623020419E0,1.591964688E0,2.331702145E0
2.738514313E1,-5.734225154E-1,6.131197375E-1,1.232973129E-1,8.484877259E-1
2.739511212E1,-5.764182267E-1,2.944808661E0,-2.526728649E0,3.922819609E0
2.740508212E1,-1.020021098E-1,2.446469474E0,-3.545810629E0,4.309105514E0
2.741505212E1,-3.285389311E-1,3.235249802E-1,-8.023941082E-1,9.254418118E-1
2.742502213E1,-2.777085738E-1,1.918405090E0,-1.388309675E0,2.384282679E0
2.743499213E1,-1.880312526E0,1.545017101E0,-8.346678150E-1,2.572804579E0
2.744496212E1,-9.931067477E-1,9.417317954E-1,1.480476412E0,2.016167203E0
2.745493212E1,-3.591100384E-1,5.910032290E-1,3.767151130E0,3.830100844E0
2.746490113E1,-1.168787146E0,1.244185165E0,-1.385778415E0,2.198736440E0
2.747487113E1,-1.209427487E0,1.033205637E0,-1.511798776E0,2.194484968E0
2.748484112E1,3.859142596E-1,-1.999575260E-1,-1.301716504E0,1.372362447E0
2.749481112E1,3.748981419E-1,-3.537943492E0,3.650455323E0,5.097393142E0
2.750478112E1,-2.489103744E-2,-2.372364787E0,1.953724319E0,3.073397624E0
2.751475113E1,-1.419081524E0,1.276331694E0,-8.166034269E-1,2.075971128E0
2.752472113E1,-3.085071377E-1,-9.637521172E-1,-1.921744142E0,2.171887508E0
2.753469112E1,4.049086108E-1,-3.774803966E0,-1.430730055E0,4.057102963E0
2.754466012E1,-1.508230805E-2,-3.596125335E0,-1.466736040E0,3.883768725E0
2.755463012E1,-3.324761081E-2,-9.106889275E-1,1.149554411E0,1.466947535E0
2.756460013E1,-1.138271770E0,1.956542677E-1,1.644810069E0,2.009811776E0
2.757457012E1,8.355133224E-1,-4.999530181E-1,4.198444680E0,4.309869286E0
2.758454012E1,-8.061165918E-1,-6.918121505E-1,2.571676195E0,2.782435348E0
2.759451012E1,-7.412194417E-1,1.517039636E0,2.868684930E0,3.328688742E0
2.760448013E1,-1.831475667E-1,1.424465640E0,1.515136367E0,2.087650259E0
2.761444913E1,-1.293639307E0,1.021713227E0,2.473021388E-2,1.648639487E0
2.762441912E1,-9.499622630E-1,-9.548096779E-1,-4.659471322E0,4.850233275E0
2.763438912E1,-8.413564450E-1,-2.135096470E0,-4.689925375E0,5.221294631E0
2.764435975E1,4.430493041E-1,7.007282773E-1,-2.689902218E0,2.814762290E0
2.765432975E1,-1.184531578E0,-4.314619499E-1,8.178518075E-1,1.502716225E0
2.766429975E1,2.907956292E-1,-1.076149343E0,5.021461333E0,5.143708140E0
2.767426975E1,7.143956322E-1,1.363735874E0,-2.841255641E-1,1.565523551E0
2.768423975E1,-2.742389274E-1,1.994489352E0,1.174239017E0,2.330672013E0
2.769420875E1,2.207989943E-1,-1.337383935E-1,4.372664809E-2,2.618208806E-1
2.770417875E1,6.329374132E-1,-4.537680544E0,5.126932240E-1,4.610207027E0
2.771414875E1,1.080377172E0,-1.531843616E0,-2.793825951E0,3.364405318E0
2.772411875E1,5.349928234E-1,4.153345106E0,3.860735232E-1,4.205418606E0
2.773408875E1,-3.866573311E-1,9.584443071E-1,-5.341548443E-2,1.034878058E0
2.774405875E1,9.414767106E-1,-3.187254687E0,-3.052708501E-1,3.337388369E0
2.775402875E1,4.345375123E-1,-1.397027581E0,4.649600637E-1,1.535153664E0
2.776399775E1,-8.178510035E-1,-8.253242567E-1,8.997338766E-1,1.469544637E0
2.777396775E1,-7.334976818E-1,3.718810444E0,9.081082588E-1,3.897721203E0
2.778393775E1,-7.748954570E-1,3.209704779E0,-5.594083840E-1,3.348970809E0
2.779390775E1,-1.446458773E0,-3.315634400E-1,-3.773526349E0,4.054833955E0
2.780387775E1,-1.033191311E0,2.076295407E0,-2.171817276E0,3.177306593E0
2.781384775E1,5.827195517E-1,3.856139320E0,-1.174978690E0,4.073075920E0
2.782381775E1,-1.449452547E0,5.963136703E-1,-2.979817110E-1,1.595398314E0
2.783378775E1,-2.346578566E0,-1.319153486E0,1.190776697E0,2.943560094E0
2.784375675E1,3.348307179E-1,2.975142261E-1,3.899268383E-1,5.938596329E-1
2.785372675E1,-3.787810220E-1,2.367924703E0,2.683113016E0,3.598560534E0
2.786369675E1,-6.584505692E-2,1.627049736E0,2.248042164E0,2.775845815E0
2.787366675E1,-5.049509257E-1,-2.285605263E0,1.635907683E0,2.855724216E0
2.788363675E1,-7.316134165E-1,1.847975962E0,6.632338840E-1,2.095269083E0
2.789360675E1,4.682547139E-1,1.225729890E0,-2.820369387E-1,1.342095777E0
2.790357675E1,1.459337302E-1,-1.063712900E0,-9.807300925E-2,1.078146605E0
2.791354575E1,-8.854343645E-1,1.792244688E-1,-3.216178524E0,3.340646602E0
2.792351575E1,-1.060731551E0,-1.629521939E0,-2.241251793E0,2.967103431E0
2.793348575E1,-4.550011591E-1,-1.472230668E0,-1.173255515E0,1.936754424E0
2.794345575E1,-6.754984919E-1,-1.119472826E-1,1.758302186E0,1.886917323E0
2.795342575E1,-7.546449412E-1,-5.073044300E-2,-3.839024520E-1,8.482002462E-1
2.796339575E1,-8.917117160E-1,-4.310979023E0,1.195776651E0,4.561750949E0
2.797336575E1,-1.164230045E0,1.038412875E-1,5.238093656E-1,1.280855520E0
2.798333575E1,6.584900379E-1,2.765360244E0,2.110158387E0,3.540281744E0
2.799330475E1,5.604917999E-2,-2.992680692E0,2.639896830E0,3.991031760E0
2.800327475E1,1.443741499E-1,-1.571876871E0,3.625425732E-1,1.619591896E0
2.801324475E1,-4.470874643E-1,2.676334924E-1,5.072219843E-1,7.271788145E-1
2.802321475E1,-1.060704654E0,-5.447201782E-1,1.026263530E0,1.573223210E0
2.803318475E1,-1.482628625E0,-8.489280045E-1,-1.301239371E-2,1.708518575E0
2.804315475E1,-9.919361351E-1,-5.886310136E-1,-3.211563317E0,3.412413032E0
2.805312475E1,-6.232955007E-1,1.863066164E-1,-1.448790350E0,1.588143858E0
2.806309475E1,-3.223358028E-1,1.950271538E-1,-2.957483670E0,2.981383172E0
2.807306375E1,4.489963244E-1,-6.449312219E-1,3.223850656E-1,8.493916122E-1
2.808303375E1,1.531987896E0,-1.722122246E0,1.475340217E0,2.736662329E0
2.809300375E1,-2.166145258E-1,-2.756981768E0,2.034286671E0,3.433102472E0
2.810297375E1,1.434802933E0,1.397529857E0,9.540159184E-1,2.218534546E0
2.811294375E1,3.008602588E-1,2.320087463E-1,2.710430038E-1,4.667004002E-1
2.812291375E1,-7.251627682E-1,-3.245236847E-1,1.191890007E0,1.432403033E0
2.813288375E1,1.544592447E-1,-9.131886122E-1,-1.217928243E-1,9.341330696E-1
2.814285275E1,-1.693709602E0,-2.867474556E-1,1.019507073E0,1.997566267E0
2.815282275E1,-7.022323273E-3,1.155552485E0,-1.326616287E-1,1.163163775E0
2.816279275E1,1.425498551E-1,1.875782688E0,6.330838859E-2,1.882256387E0
2.817276275E1,6.048111730E-1,1.110719544E0,1.379263448E0,1.871326299E0
2.818273275E1,-5.990320043E-1,2.244088277E-1,-9.539287949E-1,1.148555097E0
2.819270275E1,3.037582850E-1,3.578953524E0,-1.642989830E0,3.949758601E0
2.820267275E1,1.628233797E0,3.755380100E0,-1.744979305E0,4.449604226E0
2.821264275E1,2.869738159E-1,1.169574108E0,-3.992070127E0,4.169757962E0
2.822261175E1,2.121939942E-1,-1.571868977E-1,-2.624648461E0,2.637899459E0
2.823258175E1,-7.904500008E-1,-9.801497564E-1,3.132617719E0,3.376210675E0
2.824255175E1,1.188177975E-1,2.945909984E0,1.049019139E0,3.129368060E0
2.825252175E1,1.532404218E0,2.066062780E0,-4.839149827E-1,2.617451396E0
2.826249175E1,9.642038877E-1,-2.358157222E0,2.496980354E0,3.567282651E0
2.827246175E1,3.467788818E-1,-1.823384035E0,2.071760892E0,2.781578351E0
2.828243175E1,5.634972688E-2,-8.675733134E-1,1.382137354E0,1.632838758E0
2.829240175E1,2.653971882E-1,-6.834751904E-1,-2.424547386E0,2.532983227E0
2.830237075E1,7.044539038E-2,-4.160864040E-1,9.790753305E-1,1.066151467E0
2.831234075E1,2.883487521E-1,-1.388388612E0,2.500355952E0,2.874464790E0
2.832231075E1,1.225242305E0,-2.171580464E0,-2.666915059E-3,2.493388765E0
2.833228075E1,-6.870965172E-1,-1.202416457E0,-1.530501680E0,2.064059678E0
2.834225075E1,6.278287008E-1,8.427711788E-1,-1.971731404E0,2.234313511E0
2.835222075E1,-4.182618606E-1,-1.152251439E0,2.470480188E0,2.757879389E0
2.836219075E1,5.488399071E-1,-5.751727697E-1,-1.818727897E0,1.984898013E0
2.837215975E1,2.105901578E-1,-5.925670668E-1,3.487630248E-1,7.191102772E-1
2.838212975E1,-9.324611811E-1,9.638693538E-1,3.433927665E0,3.686514234E0
2.839209975E1,-2.114892403E-1,5.946179777E-2,9.255890948E-1,9.513036195E-1
2.840206975E1,-1.524173385E0,-4.015940800E-1,-3.961658174E-1,1.625216806E0
2.841203975E1,-1.048435441E0,-4.657810128E-1,-4.553051412E-1,1.234289916E0
2.842200975E1,5.710593997E-1,-6.775730109E-1,-4.159633201E-1,9.788970869E-1
2.843197975E1,1.440541829E0,-2.797489524E0,-1.559275829E0,3.511758749E0
2.844194975E1,8.148722126E-1,-1.988492155E0,-2.403814328E0,3.224351268E0
2.845191875E1,4.382466935E-1,3.861442745E-2,2.281498763E0,2.323529179E0
2.846188875E1,-6.242862383E-1,-7.002906132E-1,5.324826576E0,5.406839956E0
2.847185875E1,1.445848872E-1,1.461509213E0,3.644390591E0,3.929185253E0
2.848182875E1,-1.648443017E-1,3.801967791E-1,-3.774845481E-2,4.161107791E-1
2.849179875E1,-1.590756214E0,2.398121479E-1,3.695691723E-1,1.650635203E0
2.850176875E1,1.846421772E0,-1.047952607E0,-2.583539026E0,3.343972477E0
2.851173875E1,1.425526618E0,-1.911435501E0,5.924486607E-1,2.456971149E0
2.852170875E1,-1.600923792E0,-2.734066238E0,3.164361084E-1,3.184055117E0
2.853167775E1,5.703558335E-1,2.174372802E0,-1.434258265E0,2.666514510E0
2.854164775E1,-6.241713405E-1,1.867026190E0,-2.950147753E0,3.546653130E0
2.855161775E1,-1.749361500E0,-1.716939567E0,-1.396526182E0,2.821069392E0
2.856158775E1,-1.204547986E0,-3.741276616E-1,1.080262567E0,1.660684970E0
2.857155775E1,-2.228861214E-1,-5.660470203E-1,-7.740988469E-1,9.845387128E-1
2.858152775E1,-6.316488330E-1,1.395105017E0,2.469594920E0,2.905890109E0
2.859149775E1,3.707729312E-1,4.023503589E0,1.325877784E0,4.252529317E0
2.860146775E1,-2.075465541E0,9.639228559E-1,-1.352098453E0,2.657983204E0
2.861143675E1,-7.857665272E-1,6.109793642E-1,-7.801015985E-1,1.264627741E0
2.862140675E1,-9.012783455E-1,2.859065383E0,-1.860051924E0,3.527938588E0
2.863137675E1,-7.524845412E-1,2.795511411E0,-1.054785079E-1,2.896936787E0
2.864134662E1,-1.543622686E0,-3.998065862E-1,-1.034862446E0,1.900935713E0
2.865131663E1,-1.198198421E0,1.401305696E-1,4.997814023E-1,1.305793814E0
2.866128663E1,-1.178554993E0,7.796028310E-1,-2.621324319E-1,1.437179828E0
2.867125662E1,-3.232794264E0,-3.968633902E-1,8.380802500E-1,3.363158904E0
2.868122662E1,-2.419263403E0,1.426304590E0,-2.014876254E0,3.456429735E0
2.869119562E1,-1.934022272E0,-4.741972026E-1,-1.695212483E0,2.615157834E0
2.870116563E1,-1.210047731E0,-6.348634860E-1,2.200500208E0,2.590264142E0
2.871113563E1,-4.506642427E-1,-2.415299722E0,1.331890476E0,2.794763540E0
2.872110562E1,-1.293165828E0,-2.005087138E0,2.425489372E-1,2.398224818E0
2.873107562E1,-6.195077475E-1,-8.839829394E-1,1.862120669E0,2.152372893E0
2.874104563E1,-1.757733690E0,-5.455107218E-1,-2.369853115E-1,1.855632429E0
2.875101563E1,-5.791167532E-1,-3.915102643E-1,2.060343034E0,2.175699868E0
2.876098562E1,-2.144721572E0,-2.356181740E0,1.127492867E0,3.379743064E0
2.877095462E1,-1.554490321E0,-2.611092861E0,1.179927188E0,3.259827335E0
2.878092462E1,-3.368466624E0,-1.195510018E-1,-8.799147391E-1,3.483548448E0
2.879089463E1,1.097531149E0,2.619485369E-1,-1.930458248E-2,1.128523073E0
2.880086463E1,-1.751522631E0,-1.169173574E0,1.982496128E0,2.892246406E0
2.881083462E1,-8.172177500E-1,5.259444764E-1,4.369875687E-1,1.065561157E0
2.882080462E1,-7.261690740E-1,-9.858835360E-1,-1.319722420E-1,1.231545591E0
2.883077463E1,-1.631211345E0,-1.131548788E0,-2.220210003E0,2.978352828E0
2.884074463E1,-1.529595654E0,5.713668171E-1,-2.267052632E0,2.793859435E0
2.885071362E1,-5.718354714E-1,-2.516707983E0,1.728537519E0,3.106228715E0
2.886068362E1,-2.160560253E-1,-1.642584618E0,1.488364890E0,2.227104506E0
2.887065362E1,-1.292487844E0,1.948081756E0,2.421620269E0,3.365975651E0
2.888062363E1,-1.304863000E-1,2.106388395E0,8.513423198E-1,2.275671877E0
2.889059363E1,3.300210907E-1,-2.198769140E0,-4.099798644E-1,2.260881054E0
2.890056362E1,1.112369701E0,1.266616253E0,-4.304861666E0,4.623150122E0
2.891053362E1,9.841868202E-1,1.305746405E0,-5.908320810E0,6.130403916E0
2.892050363E1,7.644773266E-1,-1.461510091E0,-1.443166498E0,2.191612846E0
2.893047263E1,5.892511474E-1,-3.115680674E0,1.418619302E0,3.473782334E0
2.894044262E1,-7.914867121E-1,-3.870184332E-1,2.512090729E0,2.662110875E0
2.895041262E1,-3.023671593E-1,1.900842393E0,3.302177033E0,3.822172269E0
2.896038262E1,2.134635125E0,5.634134343E-1,2.166389306E0,3.093112419E0
2.897035263E1,-1.159635815E0,1.295187503E-2,1.027685573E0,1.549535612E0
2.898032263E1,-7.239701555E-1,1.386437104E0,-1.117118152E0,1.922054524E0
2.899029262E1,3.892378535E-1,9.856180725E-1,-1.223153899E0,1.618349330E0
2.900026262E1,-9.161000870E-2,1.413324356E0,-3.654132637E0,3.919000314E0
2.901023162E1,-7.035371335E-1,1.303670936E0,-1.744440776E-1,1.491627683E0
2.902020163E1,-3.462249678E-1,-5.861313289E-1,3.788539660E-1,7.790712359E-1
2.903017163E1,3.308316609E-1,1.365292403E0,-1.744986906E0,2.240190223E0
2.904014162E1,-1.284988790E0,1.205281885E0,-1.256958407E-1,1.766267266E0
2.905011162E1,-6.311659992E-1,-2.469543464E0,3.914090490E0,4.670879982E0
2.906008163E1,-1.122776210E0,6.021141082E-1,3.104742288E0,3.355978619E0
2.907005163E1,-2.813114746E0,1.557527219E0,9.664295572E-1,3.357602076E0
2.908002162E1,-2.358684933E0,2.158186247E0,-3.322724149E0,4.611036571E0
2.908999062E1,-1.856160017E0,-8.113830328E-1,-1.429613237E0,2.479408486E0
2.909996062E1,-1.217953824E0,2.180043724E-1,-1.859149114E0,2.233242676E0
2.910993063E1,3.030546091E-1,-2.270444309E0,-1.238628556E0,2.604027680E0
2.911990063E1,-2.017432949E0,-3.093068030E0,6.106522125E-1,3.742993677E0
2.912987062E1,-1.876006052E0,-1.194984061E0,2.733390884E0,3.524033391E0
2.913984062E1,-6.269786619E-1,-3.088630870E-1,1.112906987E0,1.314176781E0
2.914981063E1,-1.579870745E0,-9.359559157E-1,2.509882236E0,3.109905768E0
2.915978063E1,-9.168907768E-1,-1.626841575E-1,1.138551121E0,1.470868276E0
2.916974962E1,-3.490100697E-2,1.525427174E0,7.452814293E-1,1.698113822E0
2.917971962E1,4.629095548E-1,1.164022762E-1,-2.315924245E-1,5.305372719E-1
2.918968962E1,-7.110319483E-1,-1.394682848E0,-3.842659149E0,4.149305486E0
2.919965963E1,2.048858517E-1,-3.531659782E-2,-1.645473728E0,1.658556379E0
2.920962963E1,-1.713590282E0,-2.119414822E0,-5.581676048E-1,2.782060732E0
2.921959962E1,-1.288399470E0,-1.878249921E0,2.651448589E0,3.495422089E0
2.922956962E1,-1.680325179E0,-1.952323911E0,4.334980674E0,5.042530992E0
2.923953963E1,-6.331942521E-1,-1.508952937E-1,1.090890466E0,1.270333169E0
2.924950963E1,-1.311333274E0,1.054965465E0,1.766633883E0,2.439988189E0
2.925947862E1,-1.173197555E0,1.069038544E0,-8.811637044E-2,1.589654178E0
2.926944862E1,-3.209333481E-1,4.003638259E-1,-4.231508930E0,4.262505981E0
2.927941862E1,-8.569990624E-1,-2.125806706E0,-2.038772070E0,3.067587505E0
2.928938863E1,6.196914963E-1,7.434214300E-1,-1.646773564E0,1.910119405E0
2.929935863E1,-2.370095409E-1,-7.777235359E-1,1.851882779E0,2.022497775E0
2.930932862E1,-1.214638380E0,-2.671814149E0,3.874616522E0,4.860719127E0
2.931929862E1,7.396464676E-2,-4.074708241E-1,1.052331002E0,1.130886281E0
2.932926863E1,-8.059439528E-1,5.307134655E-1,1.239118552E-1,9.729113965E-1
2.933923763E1,3.371130689E-1,1.031603500E0,1.698300397E-1,1.098495901E0
2.934920762E1,5.622244761E-1,4.860188109E-1,-1.087411373E0,1.317108249E0
2.935917762E1,-1.534640047E0,-9.595216566E-1,-1.678848465E0,2.468670503E0
2.936914762E1,-1.713790549E0,-3.449132180E-1,-2.155809939E-1,1.761396701E0
2.937911763E1,-9.174647541E-1,2.103659207E0,-1.653307242E0,2.828524080E0
2.938908763E1,-1.079287397E0,-1.132945103E0,-1.895801800E-1,1.576187342E0
2.939905762E1,-1.898156913E0,4.467623591E-1,3.398401737E-2,1.950320790E0
2.940902762E1,-1.646060642E0,2.274459885E0,3.016339404E0,4.120799292E0
2.941899662E1,-1.256098866E0,9.230990580E-1,1.505939282E0,2.167429204E0
2.942896663E1,-3.798648034E-1,5.283508980E-1,-1.349956033E0,1.498610434E0
2.943893663E1,-1.164929080E-1,3.471898022E0,-4.267189225E0,5.502413139E0
2.944890662E1,-3.177536615E0,8.296134818E-1,1.064159335E0,3.452163460E0
2.945887662E1,-9.288763994E-1,4.640578383E-1,1.964389055E0,2.221932808E0
2.946884663E1,-1.695056801E0,9.923113802E-1,-9.298850441E-1,2.173151083E0
2.947881663E1,-1.264200768E0,-6.742281112E-1,-2.416724980E0,2.809510057E0
2.948878662E1,-7.000665186E-1,1.586924388E0,-3.966514871E0,4.329164165E0
2.949875662E1,-3.594552433E0,-3.945272229E0,2.627769704E0,5.949046460E0
2.950872562E1,-1.961022813E0,-2.246564281E0,2.102181031E0,3.648537601E0
2.951869563E1,-4.074926781E-1,1.375750440E-1,4.448193294E-1,6.187417969E-1
2.952866563E1,-3.000902462E0,-1.115552267E-1,1.954555208E0,3.583035894E0
2.953863562E1,-2.926919982E0,4.781008038E-1,1.503425564E0,3.325015697E0
2.954860562E1,-2.123047990E0,-1.776106957E0,2.474605399E0,3.712891133E0
2.955857563E1,-2.801065170E-1,-6.041240886E-1,7.906476367E-1,1.033706564E0
2.956854563E1,-1.010917805E0,-6.731443298E-1,-4.011385235E0,4.191215766E0
2.957851562E1,-1.258883895E0,-1.330919546E0,-4.251182472E0,4.629113080E0
2.958848462E1,-2.554648226E0,-1.010569019E0,-6.494736314E-1,2.822993677E0
2.959845462E1,-8.724501105E-1,-3.472044495E-1,2.445174608E0,2.619274516E0
2.960842463E1,8.926303867E-1,-1.740319074E0,2.716759064E0,3.347578124E0
2.961839463E1,-3.974556766E-1,4.467913029E-1,3.470299101E0,3.521444211E0
2.962836462E1,-4.353109162E-1,2.037541232E0,-4.837325495E-1,2.138940636E0
2.963833462E1,3.563423319E-1,7.777823004E-1,-1.252017510E0,1.516401335E0
2.964830429E1,-5.169673193E-2,-4.549075305E-2,-1.389204884E0,1.390910554E0
2.965827429E1,-4.356435497E-1,-2.085837186E0,-8.829032511E-1,2.306516902E0
2.966824329E1,-6.109917895E-1,-2.448623296E0,4.651420290E0,5.291954056E0
2.967821329E1,-4.148943760E-1,8.557499510E-1,-3.341859162E-1,1.008030530E0
2.968818329E1,7.842181845E-1,2.705571002E-1,-1.120538773E0,1.394204593E0
2.969815329E1,1.309370290E-1,-1.069285296E0,-1.784517592E-1,1.091952646E0
2.970812329E1,-6.425354715E-1,-1.252775309E0,-3.550227031E0,3.819215859E0
2.971809329E1,6.177312903E-1,-2.459785338E0,-2.654733555E0,3.671477374E0
2.972806329E1,-1.374985625E0,-3.867882283E0,3.627395074E0,5.478055663E0
2.973803329E1,-1.307509633E0,-2.014347666E0,3.041188316E0,3.875048946E0
2.974800329E1,7.472216816E-1,2.899483384E0,4.618972921E0,5.504566739E0
2.975797229E1,-1.779686769E0,3.393740045E0,4.216748804E0,5.697870388E0
2.976794229E1,-1.652805405E-1,2.920532483E0,-1.206734333E0,3.164338066E0
2.977791229E1,-4.925947358E-1,6.433782014E-1,-6.291370153E0,6.343336937E0
2.978788229E1,-1.379034383E0,-2.485408130E0,-4.001607521E0,4.908345154E0
2.979785229E1,8.552740607E-1,-1.240316647E0,-4.835728036E0,5.064992077E0
2.980782229E1,3.161607776E-1,1.327025592E-2,-8.726402181E-1,9.282427954E-1
2.981779229E1,1.741479892E-1,2.226837822E0,1.540634320E0,2.713427411E0
2.982776229E1,5.575554013E-2,9.839013299E-1,2.360061952E0,2.557550181E0
2.983773129E1,-4.241132424E-1,1.648694082E0,2.518422679E0,3.039821871E0
2.984770129E1,-1.728384322E0,-7.319544554E-2,1.722944072E0,2.441558153E0
2.985767129E1,-7.104568747E-1,2.338357965E0,6.700985152E-1,2.534107133E0
2.986764129E1,-1.488365475E0,1.896457566E0,-5.255278623E-1,2.467379707E0
2.987761129E1,-8.713411130E-3,1.111868229E0,-4.709805323E0,4.839276089E0
2.988758129E1,8.931250611E-1,-2.371133948E0,-1.113522114E0,2.767648835E0
2.989755129E1,-1.577851994E0,1.689620790E0,1.115221315E0,2.566739939E0
2.990752129E1,-2.129312696E0,1.102236988E0,3.626848360E0,4.347749758E0
2.991749129E1,-2.022608027E0,-4.258166679E0,3.359752811E0,5.788857024E0
2.992746029E1,-1.517184793E0,9.615401155E-1,-2.564115161E-1,1.814429926E0
2.993743029E1,-1.799249652E0,-3.417030966E-1,-7.328859168E-1,1.972607940E0
2.994740029E1,-1.546435635E0,-3.620910805E0,-2.121972102E-1,3.943030039E0
2.995737029E1,-1.524457706E0,-4.860530171E-1,-1.783842824E0,2.396312595E0
2.996734029E1,-1.788932971E0,9.586276174E-1,-1.679630238E-1,2.036531282E0
2.997731029E1,-6.089662044E-1,-9.481555465E-1,2.063712199E0,2.351328735E0
2.998728029E1,-1.198441373E0,2.267723015E0,-3.105984821E0,4.028147354E0
2.999725029E1,-3.189310276E0,-1.555123136E0,-1.426564499E0,3.824290035E0