"Time (s)","Linear Acceleration x (m/s^2)","Linear Acceleration y (m/s^2)","Linear Acceleration z (m/s^2)","Absolute acceleration (m/s^2)"
7.946874946E-3,1.236675147E0,-4.213331106E-1,3.167658913E-1,1.344331670E0
1.791787497E-2,1.137218906E0,-7.414819086E-1,1.961384171E-1,1.371689666E0
2.788787498E-2,1.183042731E0,-6.601252118E-1,2.368519950E-1,1.375301518E0
3.785887500E-2,1.235615047E0,-1.272110005E0,1.391653697E0,2.254264497E0
4.782887496E-2,9.726648087E-1,-5.416270012E-1,8.849912918E-1,1.422197674E0
5.779987498E-2,1.283015647E0,-1.107673144E-1,6.390761125E-1,1.437642802E0
6.776987499E-2,1.177107222E0,-4.506712228E-1,-4.926261646E-1,1.353279905E0
7.773987495E-2,1.137042831E0,-4.447146642E-1,-4.639075649E-1,1.306081070E0
8.771075000E-2,1.788115969E0,-6.193628097E-1,-9.672171772E-2,1.894815056E0
9.768074995E-2,1.119720894E0,-3.237851813E-1,-8.289305270E-1,1.430292817E0
1.076517500E-1,7.226557745E-1,6.890095800E-2,-2.377571440E-1,7.638764101E-1
1.176217500E-1,8.392749824E-1,-1.899161026E-1,5.195350510E-1,1.005170280E0
1.275927500E-1,9.462072542E-1,-8.309419692E-2,8.571006578E-1,1.279388272E0
1.375627500E-1,5.547515883E-1,8.269877896E-1,6.300965434E-1,1.178422582E0
1.475337500E-1,7.407458903E-1,8.141452575E-1,1.435962728E0,1.809288792E0
1.575037500E-1,1.019972072E0,5.352088049E-1,1.318327859E0,1.750651261E0
1.674747500E-1,-8.263581175E-2,4.705584803E-1,-1.997660297E-1,5.178420873E-1
1.774447500E-1,3.524800633E-1,2.187937465E-1,-1.028049270E0,1.108601912E0
1.874157500E-1,9.844595198E-2,-6.790473863E-1,-8.275160855E-1,1.074978991E0
1.973857500E-1,8.253371206E-1,-4.560641098E-1,-1.732748099E0,1.972711791E0
2.073567500E-1,9.605304475E-1,-3.291368455E-2,-9.469255847E-1,1.349210923E0
2.173267500E-1,8.157472484E-1,4.819541189E-1,2.920233983E-1,9.914640745E-1
2.272977500E-1,1.231688934E0,1.328031606E0,7.027142841E-1,1.942815725E0
2.372677500E-1,6.271782712E-1,9.672139612E-1,1.197855921E0,1.662442251E0
2.472387500E-1,8.761198962E-1,-1.936682609E-1,7.130995238E-1,1.146125821E0
2.572087500E-1,2.865497466E-1,4.664280072E-1,-1.338708914E0,1.446308197E0
2.671797500E-1,2.848182399E-1,-8.663965613E-2,-1.879348320E0,1.902781640E0
2.771497500E-1,3.064985461E-1,-1.122659558E-1,-1.047757895E0,1.097424991E0
2.871207500E-1,-9.892187878E-2,-4.469047388E-1,3.585021472E-1,5.814062033E-1
2.970907500E-1,3.690005305E-1,-3.764291257E-1,9.763066739E-1,1.109520166E0
3.070617500E-1,4.251824789E-1,-1.181017694E-1,1.655997546E0,1.713784129E0
3.170317500E-1,9.853814064E-1,-1.348400089E-1,9.622692633E-1,1.383878780E0
3.270027500E-1,1.298609440E0,1.635767350E-1,8.462938339E-1,1.558639496E0
3.369727500E-1,1.135166460E0,5.222338334E-1,-1.850205213E-1,1.263156230E0
3.469437500E-1,1.246303611E0,1.177536262E0,-6.943954504E-1,1.849878207E0
3.569137500E-1,6.534430868E-1,4.537009576E-1,-3.689780188E-1,8.769134535E-1
3.668847500E-1,7.173112732E-1,7.315501204E-1,-1.270401741E0,1.632060545E0
3.768547500E-1,7.051883872E-1,4.333008993E-1,-1.279346811E0,1.523735080E0
3.868247500E-1,7.944817290E-1,-2.058436257E-1,-1.073802563E0,1.351526826E0
3.967957500E-1,8.840734982E-1,-3.886828431E-1,2.002963722E-2,9.659510801E-1
4.067657500E-1,7.226488309E-1,-5.480121607E-1,8.415529114E-1,1.237234805E0
4.167367500E-1,9.764215717E-1,5.858722973E-1,5.485775864E-1,1.263955222E0
4.267067499E-1,7.129138747E-1,5.475975931E-1,8.714134723E-1,1.251986724E0
4.366777500E-1,1.119495118E0,1.488628015E-1,1.243768843E0,1.679997139E0
4.466477500E-1,1.179690595E0,1.371645695E-1,1.176815300E0,1.671938477E0
4.566187500E-1,1.446576302E0,1.154149738E0,9.720376217E-1,2.090335321E0
4.665887500E-1,1.290909680E0,1.877042763E0,-7.780322689E-1,2.407295484E0
4.765597500E-1,9.912510607E-1,6.603085220E-1,-1.299722604E0,1.762913740E0
4.865297500E-1,1.191278826E0,-8.554008722E-1,-1.311290735E0,1.967317790E0
4.965007500E-1,1.301475453E0,2.033924729E-1,-1.127967076E0,1.734219299E0
5.064707500E-1,1.597054689E0,-1.632884672E-1,-1.229941932E0,2.022375820E0
5.164417500E-1,1.457534569E0,-3.088396981E-1,-3.136358768E-1,1.522549323E0
5.264117499E-1,1.360521952E0,-4.398538738E-1,6.580351245E-1,1.574008144E0
5.363827500E-1,1.311964773E0,-3.035450444E-1,1.008303807E0,1.682280514E0
5.463527500E-1,7.552294435E-1,-1.907224336E-1,1.491306624E0,1.682480908E0
5.563237500E-1,1.229206352E0,-1.506695911E-1,5.549925667E-1,1.357080075E0
5.662937500E-1,1.418505720E0,-4.882846069E-1,8.273810148E-1,1.713224935E0
5.762647500E-1,1.271581124E0,-1.176712389E0,5.089293712E-1,1.805707536E0
5.862347500E-1,1.326520247E0,-1.548026955E-1,1.949695587E-1,1.349678839E0
5.962057500E-1,1.205289632E0,-5.166324931E-1,1.134243477E0,1.733822510E0
6.061757500E-1,1.017402733E0,-6.502513111E-1,7.872357863E-1,1.441414330E0
6.161467500E-1,5.596035348E-1,-2.855066764E-1,-7.033089459E-2,6.321523655E-1
6.261167499E-1,9.167023502E-1,-2.557458106E-1,-4.700418788E-1,1.061455833E0
6.360877500E-1,1.286980644E0,2.200962138E-1,-1.233733267E-1,1.311481032E0
6.460577500E-1,1.503872291E0,9.691145986E-2,1.549231482E-1,1.514933952E0
6.560287500E-1,2.327103391E0,3.458800551E-1,3.554329437E-1,2.379364575E0
6.659987500E-1,1.633663521E0,6.083168346E-1,7.329660237E-1,1.891069820E0
6.759697500E-1,2.274027922E0,1.339190432E0,3.848111093E-1,2.666967115E0
6.859397500E-1,2.174974481E0,8.247839740E-1,7.348406410E-1,2.439420702E0
6.959107500E-1,1.947623626E0,-1.980612740E-1,6.132472068E-1,2.051472202E0
7.058807500E-1,1.677704165E0,-9.654016167E-2,-6.975283885E-1,1.819493644E0
7.158517500E-1,1.412991795E0,-1.798393035E-1,-4.431850326E-1,1.491744268E0
7.258217499E-1,1.938604296E0,-4.328682053E-1,-5.069138360E-1,2.050005643E0
7.357927500E-1,1.795694253E0,-1.211607403E-1,-3.921815246E-1,1.842010891E0
7.457627500E-1,1.770123355E0,5.621358177E-1,3.959559023E-1,1.898977211E0
7.557327500E-1,1.747118801E0,1.072986292E0,2.590041715E-1,2.066593053E0
7.657037500E-1,1.837386800E0,7.084004089E-1,-2.404661590E-1,1.983846105E0
7.756737500E-1,1.553372187E0,-7.865557551E-2,-6.018082988E-1,1.667730518E0
7.856447500E-1,1.033377253E0,-2.260489717E-1,-5.621641767E-1,1.197912871E0
7.956147499E-1,1.130608409E0,-2.367102000E-1,2.064108056E-1,1.173419155E0
8.055857500E-1,5.611766551E-1,-1.495668063E-1,8.099984121E-1,9.966879629E-1
8.155557500E-1,4.212883794E-1,-2.837367243E-1,4.282758021E-1,6.643873795E-1
8.255267499E-1,2.377172367E-1,-4.235942289E-1,4.435949224E-1,6.578130514E-1
8.354967500E-1,1.078591286E-1,2.209089768E-1,1.422820526E-1,2.840396982E-1
8.454677500E-1,5.853556227E-1,6.221577787E-1,2.310989195E-1,8.849453188E-1
8.554377500E-1,8.060687178E-1,3.800742799E-1,6.657394159E-1,1.112390312E0
8.654087500E-1,1.334101016E0,-3.009766549E-1,5.198420298E-1,1.463095418E0
8.753787500E-1,8.041237877E-1,-1.851819044E-1,-1.311075557E0,1.549137347E0
8.853497500E-1,9.518744487E-1,5.547516614E-1,-1.601001559E0,1.943455779E0
8.953197500E-1,7.237863337E-1,4.205361351E-1,-1.420961112E-1,8.490633678E-1
9.052907500E-1,5.791051684E-1,-3.434911752E-1,4.735174638E-1,8.231450492E-1
9.152607500E-1,9.146951473E-1,-5.012993395E-2,-2.560618526E-1,9.511823669E-1
9.252317499E-1,7.437850537E-1,8.988743359E-1,6.526896000E-2,1.168525274E0
9.352017500E-1,7.198578087E-1,7.240051657E-2,3.319370770E-1,7.960020871E-1
9.451727500E-1,4.314967409E-1,-9.142501742E-2,9.873023629E-3,4.411864093E-1
9.551427500E-1,2.251126863E-1,4.748172998E-1,-2.908831912E-1,6.006165338E-1
9.651137500E-1,1.287146120E-1,-4.312701613E-2,-3.811425662E-1,4.045949167E-1
9.750837500E-1,-7.166223250E-2,-6.880971220E-1,-3.677313924E-2,6.927953440E-1
9.850547500E-1,-1.420416590E-1,-2.645879701E-1,-6.961770970E-1,7.581854504E-1
9.950247500E-1,-8.210462876E-2,-8.489926162E-1,1.832137316E-1,8.724086794E-1
1.004995750E0,3.752086656E-1,-1.067040550E0,1.312995198E0,1.733007060E0
1.014965750E0,1.803278384E-1,-5.199513727E-1,1.464469074E0,1.564460683E0
1.024936750E0,9.746804901E-1,-6.471844465E-1,2.306837672E0,2.586571053E0
1.034906750E0,3.573658870E-1,-2.073995697E-1,1.538551542E0,1.593068048E0
1.044877750E0,6.009742666E-1,-1.238185921E-1,8.730618024E-1,1.067116687E0
1.054847750E0,7.082206801E-1,-1.332691544E-1,-4.901598090E-1,8.715468075E-1
1.064818750E0,3.798433149E-1,-3.628141764E-1,-1.460967761E0,1.552527575E0
1.074788750E0,7.763747294E-1,-1.473048694E0,-1.047873670E0,1.967401688E0
1.084759750E0,2.165952665E-1,-9.580197993E-1,-9.377711838E-1,1.357987569E0
1.094729375E0,1.109556240E0,-4.959757420E-1,8.666707957E-1,1.492724105E0
1.104700375E0,1.182899474E0,-3.729354143E-2,1.524701827E0,1.930118555E0
1.114670375E0,1.193416934E0,-4.135940284E-2,1.647001020E0,2.034346809E0
1.124641375E0,1.649228517E0,-2.374513346E-1,1.165452991E0,2.033376136E0
1.134611375E0,9.598328747E-1,2.577543291E-1,7.668535620E-1,1.255301090E0
1.144581375E0,1.338512447E0,6.496516791E-1,1.449255788E-1,1.494880028E0
1.154552375E0,1.638289546E0,4.485232481E-1,-3.726652730E-1,1.738978190E0
1.164522375E0,1.465626823E0,-3.889567852E-3,-1.581115179E0,2.155922615E0
1.174493375E0,1.471987862E0,-1.374867511E-1,-1.373060136E0,2.017658299E0
1.184463375E0,1.424849803E0,-1.569150022E-1,3.817120850E-2,1.433972217E0
1.194434375E0,2.022197261E0,2.939313447E-1,1.559630170E0,2.570627095E0
1.204404375E0,1.193837422E0,5.671495128E-1,1.373068323E0,1.905839179E0
1.214375375E0,1.356245883E0,4.560641098E-1,6.707200742E-1,1.580273010E0
1.224345375E0,1.056768893E0,8.327332637E-1,1.577444297E-1,1.354654379E0
1.234316375E0,1.055981273E0,8.363287166E-1,-7.558707368E-1,1.544630293E0
1.244286375E0,1.020257563E0,6.054288948E-1,-1.589962601E0,1.983797044E0
1.254257375E0,1.184421797E0,2.404939333E-1,-1.498962384E0,1.925507869E0
1.264227375E0,1.034196009E0,-1.191995841E-1,-9.286080122E-1,1.395020705E0
1.274198375E0,1.437510340E0,2.315231350E-1,-4.416799593E-1,1.521551881E0
1.284168375E0,1.505790324E0,-1.607057521E-1,1.147026660E0,1.899710766E0
1.294139375E0,1.586363786E0,-4.227899444E-1,2.203651857E-1,1.656460749E0
1.304109375E0,1.524556231E0,-5.048702341E-1,1.872699451E-1,1.616859823E0
1.314080375E0,1.511452621E0,2.327104121E-1,3.732815695E-1,1.574160822E0
1.324050375E0,1.483986349E0,2.120431361E-1,9.574757159E-2,1.502113635E0
1.334021375E0,1.289567306E0,-5.957815737E-1,-8.681653440E-1,1.664827494E0
1.343991375E0,2.103636549E0,-3.661371490E-1,-4.010687077E-1,2.172601954E0
1.353962375E0,1.795628618E0,-5.081101763E-1,1.271363608E0,2.258057463E0
1.363932375E0,2.028980469E0,-2.853441238E-1,1.820977321E0,2.741193429E0
1.373903375E0,1.840675713E0,7.842463973E-1,9.547058898E-1,2.216888096E0
1.383873375E0,1.632529308E0,6.468397531E-1,6.080718362E-1,1.858307016E0
1.393844375E0,2.102528063E0,-1.946953243E-1,2.330372715E-1,2.124343874E0
1.403814375E0,1.556338772E0,9.527263150E-1,-8.033372641E-1,1.993797524E0
1.413785375E0,1.996084765E0,1.940776244E0,-2.366371098E0,3.653858097E0
1.423755375E0,2.359350785E0,1.381416392E0,-1.706557251E0,3.222915609E0
1.433726375E0,2.731013991E0,-2.487613115E-1,-4.845587611E-1,2.784801035E0
1.443696375E0,2.087694116E0,-3.444106498E-1,1.232066810E-1,2.119496474E0
1.453667375E0,1.857483827E0,-3.420124143E-1,1.588227147E0,2.467728537E0
1.463637375E0,2.240967911E0,-1.326449642E-1,3.394958897E0,4.070046409E0
1.473608375E0,1.817030304E0,3.198657927E-1,4.805925947E0,5.147896411E0
1.483578375E0,1.649230417E0,1.438625550E0,2.561335979E0,3.368982998E0
1.493549375E0,1.447921015E0,1.333332399E0,2.048622290E0,2.840968821E0
1.503519375E0,2.767691821E0,1.534357042E0,-1.672508914E0,3.579337315E0
1.513490375E0,2.528982750E0,-1.078372747E-2,-4.255468481E0,4.950240604E0
1.523460375E0,2.547883290E0,-1.235325463E0,-3.481690062E0,4.487750433E0
1.533431375E0,2.892958476E0,1.140362003E-1,-6.703049219E-1,2.971787625E0
1.543401375E0,1.417261432E0,-4.064835218E-1,9.721493036E-1,1.766050138E0
1.553372375E0,1.932818038E0,-9.534007913E-1,9.657670677E-1,2.361665655E0
1.563342375E0,8.390140504E-1,-1.395258798E0,1.384493782E0,2.137174472E0
1.573312375E0,8.508388746E-1,-4.515255010E-1,1.812197726E0,2.052282307E0
1.583283375E0,7.108512694E-1,5.961806461E-1,1.561012452E0,1.815902190E0
1.593253375E0,4.785677040E-1,1.267030236E-1,1.420481055E0,1.504276282E0
1.603224375E0,7.865139475E-1,-4.778052270E-3,4.510366738E-1,9.066758520E-1
1.613194375E0,1.358261418E-1,-4.686712915E-1,5.152800322E-2,4.906695990E-1
1.623165375E0,5.191326164E-1,-4.148584887E-1,-7.338203019E-1,9.899992296E-1
1.633135375E0,4.744420548E-1,-7.264440393E-1,-1.821641564E-2,8.678410243E-1
1.643106375E0,2.258796948E-1,-7.859154850E-1,1.127412760E0,1.392747040E0
1.653076375E0,5.930694889E-1,5.887225226E-1,6.255731374E-1,1.043871341E0
1.663047375E0,1.131305836E0,4.784978297E-1,9.478266406E-1,1.551511653E0
1.673017375E0,1.630825137E0,7.794642520E-1,7.001806855E-2,1.808882991E0
1.682988375E0,1.579801310E0,-5.718743554E-1,-2.496281612E-1,1.698566064E0
1.692958375E0,2.176496657E0,-3.245526284E-2,-8.299122745E-1,2.329580526E0
1.702929375E0,2.149754416E0,1.061799106E0,-7.040445256E-1,2.498907779E0
1.712899375E0,2.961403643E0,-8.462891561E-1,1.666635970E0,3.501969779E0
1.722870375E0,2.984118030E0,-2.721333633E0,2.399975047E0,4.697924795E0
1.732840375E0,2.247895107E0,-1.954152627E0,2.542533088E-1,2.989379475E0
1.742811375E0,2.012164169E0,-1.856088389E0,5.794684267E-1,2.798151606E0
1.752781375E0,1.118788847E0,-1.128001867E0,1.217412518E0,2.001541890E0
1.762752375E0,1.710838728E0,3.269432625E-1,1.090187046E0,2.054840346E0
1.772722375E0,1.590580798E0,1.298569533E0,5.241046500E-1,2.119178093E0
1.782693375E0,1.939358733E0,1.221393595E0,3.487601012E-1,2.318307188E0
1.792663375E0,1.753266710E0,6.921466112E-1,-5.604462647E-1,1.966497166E0
1.802634375E0,1.191986486E0,9.198787040E-1,-1.552590122E0,2.162763209E0
1.812604375E0,1.989817427E0,1.613577166E-1,-1.394664429E0,2.435261500E0
1.822575375E0,1.603557962E0,2.760777488E-1,-8.269448125E-1,1.825227324E0
1.832545375E0,1.664132339E0,4.127227932E-1,-5.090252656E-1,1.788514262E0
1.842516375E0,1.252069258E0,4.114536551E-1,-1.390117049E0,1.915567004E0
1.852486375E0,1.955023570E0,-6.466500109E-1,-1.246322322E-1,2.062960637E0
1.862457375E0,1.498014696E0,1.580207106E-1,6.280511874E-1,1.632013134E0
1.872427375E0,1.617837594E0,9.461271474E-1,7.020401001E-1,2.001353382E0
1.882398375E0,1.853880188E0,1.263257905E0,4.138285017E-1,2.281215973E0
1.892368375E0,1.403492116E0,6.678502607E-1,5.971498221E-1,1.665053153E0
1.902339375E0,1.667633067E0,-1.361670345E-2,-6.073263162E-1,1.774832588E0
1.912309375E0,1.263697177E0,3.758087361E-1,-6.890967035E-1,1.487621265E0
1.922280375E0,1.325632932E0,5.611382827E-1,-7.744403243E-1,1.634605964E0
1.932250375E0,1.074201051E0,4.221596146E-1,-1.259373307E-2,1.154246611E0
1.942221375E0,1.571729228E0,7.880011868E-1,6.341860861E-1,1.869082831E0
1.952191375E0,1.804314510E0,7.328748071E-1,1.279148006E0,2.329994840E0
1.962161375E0,1.659614342E0,-1.014383742E-1,1.497377204E0,2.237576367E0
1.972132375E0,1.841271398E0,-2.016152117E-1,3.780435419E-1,1.890461842E0
1.982102375E0,1.452403783E0,-8.537569275E-1,1.391764210E0,2.185265489E0
1.992073375E0,1.341654449E0,-8.173217574E-1,2.027820235E-1,1.584036636E0
2.002043375E0,1.115639976E0,-5.018103862E-1,-8.698984587E-1,1.501062806E0
2.012014375E0,1.139438728E0,-1.368872653E0,3.891614377E-2,1.781473385E0
2.021984375E0,8.188420334E-1,-1.561460641E0,4.644577879E-1,1.823288964E0
2.031955375E0,9.208265376E-1,-1.130441617E0,7.551562071E-1,1.641974622E0
2.041925375E0,1.286201648E0,-4.382534909E-1,1.114892702E0,1.757659392E0
2.051896375E0,9.457127260E-1,-3.264991665E-1,1.338684940E0,1.671242542E0
2.061866375E0,1.821316752E0,-1.082597945E0,2.463007447E0,3.248941166E0
2.071837375E0,4.773859817E-1,2.141893566E-1,1.026562908E0,1.152217800E0
2.081807375E0,1.291912185E0,5.249112734E-1,4.136215103E-1,1.454527997E0
2.091778750E0,1.273632766E0,6.069032702E-1,-6.527521652E-1,1.554528028E0
2.101748750E0,1.271720873E0,-1.348169124E-1,-1.334218837E0,1.848131349E0
2.111719750E0,1.744819676E0,-5.979254553E-1,-1.197124434E0,2.198867313E0
2.121689750E0,9.600166234E-1,-2.624551982E-2,-2.911170799E-1,1.003528723E0
2.131660750E0,1.284820244E0,4.761560199E-1,-4.813954175E-2,1.371059820E0
2.141630750E0,1.054771192E0,2.735742635E-1,-4.711967039E-1,1.187186370E0
2.151601750E0,7.693785359E-1,-2.175971138E-1,-2.221355472E0,2.360871019E0
2.161571750E0,1.242391239E0,-1.101188582E-1,-2.746995016E0,3.016893066E0
2.171542750E0,9.623543403E-1,-4.288385966E-1,-2.024211334E0,2.281985965E0
2.181512750E0,1.040669169E0,-1.641651403E0,6.131963360E-1,2.038141652E0
2.191483750E0,5.022486350E-1,-6.340831751E-1,2.165977077E0,2.312092529E0
2.201453750E0,1.319135944E0,3.340309650E-2,5.483248698E0,5.639791812E0
2.211424750E0,1.458048247E0,6.307096240E-1,5.069469312E0,5.312552911E0
2.221394750E0,1.327758979E0,1.081971708E0,3.162458984E0,3.596491834E0
2.231365750E0,1.725375929E0,2.405211228E-1,1.412245252E0,2.242589833E0
2.241335750E0,2.062970480E0,4.239207959E-1,-2.325416030E0,3.137374022E0
2.251306750E0,1.865679723E0,2.019148815E-1,-2.204823055E0,2.895302255E0
2.261276750E0,1.552679731E0,9.957293701E-1,-2.579776343E0,3.171362058E0
2.271247750E0,3.464142568E0,7.309443489E-1,-2.896000198E0,4.573989562E0
2.281217750E0,3.173577757E0,-1.004044111E0,-4.406987965E-2,3.328910109E0
2.291188750E0,2.089471377E0,-7.570457348E-1,1.777919594E0,2.846051117E0
2.301158750E0,2.711621116E0,-2.828502864E-2,2.789152856E0,3.890123748E0
2.311129750E0,1.765292532E0,4.315438110E-1,3.196336582E0,3.676826802E0
2.321099750E0,1.992894085E0,4.377254874E-1,3.125699878E0,3.732724229E0
2.331070750E0,1.777406647E0,7.328958571E-2,1.417756253E0,2.274769998E0
2.341040750E0,1.825378666E0,5.258515057E-1,3.284421962E-1,1.927797022E0
2.351011750E0,1.641810155E0,1.992740158E0,-9.487516701E-1,2.750760559E0
2.360981750E0,1.869599989E0,1.379385362E0,-2.594370409E0,3.482652138E0
2.370952750E0,2.181360663E0,4.016540140E-1,-3.913507522E0,4.498355413E0
2.380922750E0,8.819048390E-1,-7.945129386E-1,-3.083453745E0,3.304042063E0
2.390893750E0,1.045877869E0,-1.215478844E0,5.036686313E-1,1.680753232E0
2.400863750E0,6.322888108E-1,3.935044572E-1,2.530074425E0,2.637406206E0
2.410833750E0,7.879342362E-1,1.468194335E0,1.481714267E0,2.229778495E0
2.420804750E0,1.049521561E0,2.254267987E0,1.807310039E-1,2.493167335E0
2.430774750E0,7.651463212E-1,5.654117203E-1,-4.490936440E-1,1.052057226E0
2.440745750E0,1.730689148E0,-2.058684763E-1,1.640717018E-1,1.750595979E0
2.450715750E0,1.599007367E0,-3.858475283E-1,-8.460119981E-1,1.849713268E0
2.460686750E0,2.405972682E0,-1.104142596E0,-7.460409826E-1,2.750347717E0
2.470656750E0,1.848349599E0,-2.240558605E0,9.002004844E-1,3.040865011E0
2.480627750E0,1.445100611E0,-1.743789981E0,1.265380152E0,2.594283370E0
2.490597750E0,1.635977996E0,-7.021833569E-1,2.645159909E0,3.188472426E0
2.500568750E0,4.286121632E-1,-7.762055987E-1,2.146625133E0,2.322542352E0
2.510538750E0,1.757595403E0,-1.577353665E-1,9.337693495E-1,1.996483720E0
2.520509750E0,9.869649786E-1,-1.468715322E0,8.809660685E-1,1.976695672E0
2.530479750E0,1.560483571E0,-3.914427289E-1,5.986034399E-1,1.716584534E0
2.540450750E0,1.798447268E0,5.245054767E-1,6.462026989E-1,1.981690313E0
2.550420750E0,1.349562808E0,-2.738125375E-1,1.415507998E0,1.974830619E0
2.560391750E0,1.298081582E0,-9.793823093E-2,-2.353094995E-2,1.301983639E0
2.570361750E0,1.421895497E0,-2.368625200E-1,-7.096017194E-1,1.606681442E0
2.580332750E0,1.505369909E0,-7.551395425E-1,-6.813865650E-1,1.816772397E0
2.590302750E0,1.887418647E0,-1.709289654E0,1.715322227E0,3.070236248E0
2.600273750E0,1.000463422E0,-3.237512675E-1,4.645542669E-1,1.149588017E0
2.610243750E0,8.297909448E-1,4.566307050E-1,4.643624783E-1,1.054844597E0
2.620214750E0,1.460832983E0,5.612473333E-1,1.521115730E0,2.182389662E0
2.630184750E0,2.328005031E0,1.647909678E0,4.764638758E-1,2.891752333E0
2.640155750E0,2.182124894E0,1.239243975E0,2.895365775E-2,2.509628060E0
2.650125750E0,2.093169595E0,6.822341189E-1,-1.899083258E0,2.907459297E0
2.660096750E0,2.400143008E0,3.569871336E-2,-2.013029703E0,3.132770251E0
2.670066750E0,2.797591850E0,-4.647191584E-2,-1.149311167E0,3.024829906E0
2.680037750E0,1.994241284E0,-9.002870232E-2,-5.559672976E-1,2.072245908E0
2.690007750E0,2.821805755E0,1.220615038E-1,-3.952741170E-1,2.851969207E0
2.699978750E0,2.844961022E0,-2.436745262E-1,1.094658412E0,3.058015292E0
2.709948750E0,2.144018444E0,-4.833308458E-3,3.534788042E-1,2.172967030E0
2.719919750E0,2.561917777E0,3.382696116E-1,-5.288677919E-1,2.637716848E0
2.729889750E0,2.389270549E0,-5.670980573E-1,6.793119729E-1,2.547877297E0
2.739860750E0,2.189138191E0,-2.938670254E-1,7.011864066E-2,2.209886982E0
2.749830750E0,1.905703329E0,-3.439957899E-1,2.712406397E-2,1.936691508E0
2.759801750E0,1.679100188E0,-1.757234484E-1,4.034912091E-1,1.735817193E0
2.769771750E0,1.744942175E0,-2.366575751E-1,1.220246079E0,2.142388969E0
2.779742750E0,2.038452959E0,-7.664770013E-1,1.879706755E0,2.876816807E0
2.789712750E0,1.876097268E0,-4.089963627E-1,1.387365350E0,2.368924144E0
2.799683750E0,2.205953760E0,2.458692786E-1,-6.000477022E-1,2.299291399E0
2.809653750E0,2.473555239E0,-4.765264410E-1,1.001744986E-1,2.521029135E0
2.819624750E0,2.377377166E0,-8.767496413E-1,9.532668900E-1,2.707273515E0
2.829594750E0,2.151565299E0,-1.018877327E-3,-2.395487309E-2,2.151698889E0
2.839565750E0,2.021594705E0,7.959191939E-1,4.161697268E-2,2.173031175E0
2.849535750E0,1.885651765E0,3.077415910E-1,4.154090041E-1,1.955237097E0
2.859506750E0,2.075868414E0,-2.428626403E-1,1.355571699E0,2.491141619E0
2.869476750E0,1.879979527E0,9.979021955E-1,7.111038691E-1,2.244058940E0
2.879447750E0,2.362952377E0,1.185161031E0,1.374816640E0,2.979642831E0
2.889417750E0,2.097775739E0,1.645420518E0,7.437716782E-1,2.767899572E0
2.899387750E0,2.686408507E0,2.137278358E0,-2.586743885E-1,3.442624273E0
2.909358750E0,2.370951807E0,1.194734969E0,1.654610002E-1,2.660109295E0
2.919328750E0,2.266757786E0,1.039365679E0,-8.142107463E-1,2.623244368E0
2.929299750E0,2.290792912E0,1.080764843E0,-1.033393625E0,2.735632869E0
2.939269750E0,2.700614902E0,1.466487533E-1,8.624678171E-1,2.838780978E0
2.949240750E0,2.136977665E0,9.565772912E-1,1.546758109E-1,2.346409654E0
2.959210750E0,2.921001722E0,5.138278762E-1,1.131643220E0,3.174411209E0
2.969181750E0,1.808978249E0,2.188419861E-1,8.439578712E-1,2.008123256E0
2.979151750E0,2.075096874E0,9.148641318E-2,6.373389047E-1,2.172693646E0
2.989122750E0,1.894623440E0,-9.456003132E-1,2.005296761E-1,2.126962643E0
2.999092750E0,1.154628479E0,-6.556632015E-1,5.194555289E-1,1.425796340E0
3.009063750E0,1.869105460E0,-8.662942350E-1,1.196148534E0,2.382182243E0
3.019033750E0,1.171142770E0,-2.741727260E-1,4.915520310E-2,1.203811574E0
3.029004750E0,1.399398481E0,-1.493044417E0,1.754101546E0,2.695249519E0
3.038974750E0,5.228001362E-1,-1.391745499E0,6.507360452E-1,1.622877973E0
3.048945750E0,1.339115442E0,-3.222590581E-1,4.550385082E-1,1.450565790E0
3.058915750E0,1.205236423E0,-3.669180447E-1,1.419289978E0,1.897790222E0
3.068886750E0,6.622870736E-1,-3.101307634E-1,1.403980213E0,1.583024225E0
3.078856750E0,8.948121290E-1,3.043297407E-1,9.746255994E-2,9.501601380E-1
3.088827750E0,1.207603375E0,1.532157612E-1,1.056252730E-1,1.221858290E0
3.098797875E0,1.153553760E0,-5.229048014E-2,-8.294918597E-2,1.157713756E0
3.108768875E0,2.327173996E0,-3.273025739E-1,1.713234186E-1,2.356314388E0
3.118738875E0,1.377943146E0,-2.371203822E-1,3.955705708E-1,1.453075864E0
3.128709875E0,1.638679994E0,2.223880300E-1,6.791003036E-1,1.787709647E0
3.138679875E0,1.601747664E0,-3.908764261E-1,7.999148887E-1,1.832551170E0
3.148650875E0,9.864955933E-1,-3.078994659E-1,8.188990438E-1,1.318548930E0
3.158620875E0,1.145870811E0,4.210012811E-1,5.381210107E-1,1.334105025E0
3.168591875E0,9.646232061E-1,2.198374745E-1,3.951548338E-2,9.901454027E-1
3.178561875E0,1.300896286E0,1.520053875E-1,-1.431059253E-1,1.317541685E0
3.188532875E0,8.590572824E-1,-1.226090956E-1,-7.374227715E-1,1.138773353E0
3.198502875E0,1.533197393E0,-5.277784556E-1,-6.318349206E-1,1.740247026E0
3.208473875E0,1.589381973E0,-2.369508129E-1,4.668814588E-1,1.673397454E0
3.218443875E0,1.363956460E0,-7.478711611E-1,1.000301308E0,1.849402932E0
3.228414875E0,1.640899451E0,-4.984634399E-1,1.435477994E0,2.236428823E0
3.238384875E0,1.435062842E0,-5.358973145E-4,5.391290706E-1,1.532992434E0
3.248354875E0,2.264202991E0,-3.260179406E-1,8.827056152E-1,2.451952709E0
3.258325875E0,1.962344138E0,-5.966954935E-1,-1.738961935E-2,2.051131987E0
3.268295875E0,2.398108323E0,-3.886512682E-1,1.733518177E-1,2.435574714E0
3.278266875E0,1.681386888E0,1.428995186E-1,-1.808292371E-1,1.697109705E0
3.288236875E0,2.144370446E0,1.464037549E-1,4.809042513E-2,2.149900314E0
3.298207875E0,1.513702484E0,-6.465921235E-1,5.726938426E-1,1.742800855E0
3.308177875E0,1.744798626E0,-1.830868471E-1,-1.239744204E-1,1.758753165E0
3.318148875E0,1.895289000E0,4.085087049E-1,3.625092441E-1,1.972412915E0
3.328118875E0,1.308131923E0,-3.528806341E-1,1.073158785E0,1.728410729E0
3.338089875E0,1.109411375E0,7.935127723E-1,1.768303263E-1,1.375399972E0
3.348059875E0,9.495337352E-1,4.793485996E-1,2.795354998E-1,1.099786111E0
3.358030875E0,6.856529859E-1,1.238549910E0,8.090792298E-3,1.415694656E0
3.368000875E0,8.705222104E-1,1.266020130E0,9.165750271E-1,1.789057201E0
3.377971875E0,6.238100557E-1,1.011274778E0,2.902762502E-1,1.223141841E0
3.387941875E0,6.080946404E-1,4.777642965E-1,3.127348208E-1,8.341707756E-1
3.397912875E0,9.085305740E-1,2.708450755E-1,-8.363681853E-2,9.517247376E-1
3.407882875E0,9.509489076E-1,7.190695310E-1,-6.200603825E-1,1.343815349E0
3.417853875E0,1.582959976E0,-8.110614359E-2,8.154000700E-2,1.587132403E0
3.427823875E0,1.457392189E0,6.109878427E-1,-1.276540732E-1,1.585431707E0
3.437794875E0,1.537851923E0,-2.937395561E-1,-2.635082817E-1,1.587673795E0
3.447764875E0,2.261667785E0,-1.385091367E0,5.453885150E-1,2.707594485E0
3.457735875E0,2.214326388E0,1.892407492E-1,3.739434743E-1,2.253638644E0
3.467705875E0,2.459362292E0,-4.349907446E-1,5.242186707E-1,2.551957101E0
3.477676875E0,2.112447865E0,-1.203517487E0,1.126965448E0,2.679727867E0
3.487646875E0,1.971744414E0,-9.283902034E-1,6.411951435E-1,2.271742859E0
3.497617875E0,1.782786232E0,3.956518471E-2,-7.293056667E-2,1.784715949E0
3.507587875E0,9.149036005E-1,-1.022595864E0,7.023406470E-1,1.541438706E0
3.517558875E0,1.802313447E0,-9.088803837E-1,5.633061379E-1,2.095640980E0
3.527528875E0,1.076706144E0,-3.661450428E-1,8.803480178E-1,1.438183210E0
3.537499875E0,1.276653437E0,-2.430018041E-1,1.392129661E0,1.904447129E0
3.547469875E0,1.570672783E0,3.205975717E-1,1.785235046E0,2.399345736E0
3.557439875E0,9.165064685E-1,-3.062239462E-1,1.087734724E0,1.454965306E0
3.567410875E0,1.945766843E0,7.408328676E-1,4.436434543E-1,2.128769940E0
3.577380875E0,1.512760790E0,6.173282710E-1,3.008304745E-1,1.661336322E0
3.587351875E0,2.417833174E0,6.588619208E-1,4.686519957E-1,2.549441308E0
3.597321875E0,2.281140036E0,3.886767036E-1,2.532692224E-1,2.327834776E0
3.607292875E0,2.357338758E0,3.108985028E-1,2.260650516E-1,2.388474263E0
3.617262875E0,2.048767447E0,-1.228008842E-1,4.241377276E-1,2.095810326E0
3.627233875E0,1.889680350E0,-7.232178381E-1,1.048511016E0,2.278883766E0
3.637203875E0,1.649744534E0,-4.419837222E-1,1.354605154E0,2.179899484E0
3.647174875E0,1.301490948E0,-2.116744691E-1,1.091950566E0,1.712028273E0
3.657144875E0,1.374251653E0,2.725770208E-1,6.648751974E-1,1.550782017E0
3.667115875E0,9.071870300E-1,1.151033172E-1,4.710780054E-1,1.028664945E0
3.677085875E0,1.082578357E0,-6.925208330E-2,3.813127202E-1,1.149857008E0
3.687056875E0,7.370527889E-1,3.128152201E-1,-6.504635650E-1,1.031602164E0
3.697026875E0,1.075961209E0,6.907988280E-1,-1.229004623E0,1.773512872E0
3.706997875E0,1.090626318E0,-2.591325179E-1,-1.584818221E0,1.941201746E0
3.716967875E0,1.331327681E0,-3.723401678E-1,-1.141897482E0,1.793042235E0
3.726938875E0,1.021174114E0,-4.452815518E-1,4.049033117E-1,1.185334941E0
3.736908875E0,9.409788202E-1,-1.504190379E-1,1.361686717E0,1.662004134E0
3.746879875E0,1.056853385E0,4.937985313E-1,9.868989050E-2,1.170690293E0
3.756849875E0,7.506215452E-1,2.501514870E-1,-5.797204417E-1,9.808589404E-1
3.766820875E0,8.504990783E-1,-4.957550097E-1,-9.857978743E-1,1.393168748E0
3.776790875E0,5.072277584E-1,3.503154606E-2,-5.410066116E-1,7.424253241E-1
3.786760875E0,7.195381122E-1,-4.839278466E-1,1.701340950E-1,8.836667165E-1
3.796731875E0,6.520292301E-1,-3.786627620E-2,7.824001390E-1,1.019179057E0
3.806701875E0,4.042967362E-1,-2.502660924E-1,1.031417266E0,1.135742288E0
3.816672875E0,1.396736097E-1,5.203203321E-2,2.014897889E-1,2.506275818E-1
3.826642875E0,8.112755902E-2,2.491317326E-1,2.302481496E-1,3.488015359E-1
3.836613875E0,1.085568476E-1,2.539729348E-1,6.934283209E-1,7.464111983E-1
3.846583875E0,5.834271379E-2,7.924468249E-1,2.256884909E-1,8.260212694E-1
3.856554875E0,-5.857813731E-3,1.659191296E-1,2.514349508E-1,3.013021839E-1
3.866524875E0,2.577869274E-2,5.332192898E-1,2.065312582E-1,5.724006574E-1
3.876495875E0,1.766754482E-1,5.885137770E-1,1.095317978E-1,6.241473339E-1
3.886465875E0,-7.204513742E-1,1.385412964E-1,-2.339862746E-1,7.700606795E-1
3.896436875E0,-2.432821050E-1,1.571810505E-1,-6.445192856E-1,7.066096339E-1
3.906406875E0,-6.633804298E-1,-1.247231564E-1,-3.407073158E-1,7.561156892E-1
3.916377875E0,-1.915870176E-1,-5.943820426E-1,1.344730961E-1,6.388103094E-1
3.926347875E0,-3.942040765E-1,-1.314662824E0,1.725706297E-1,1.383298890E0
3.936318875E0,9.696759313E-2,-1.535417435E0,5.506118327E-1,1.634038801E0
3.946288875E0,3.773646802E-2,-1.196258169E0,3.819202459E-1,1.256312351E0
3.956259875E0,-1.125972006E-1,-8.316304788E-1,7.443780345E-1,1.121778071E0
3.966229875E0,1.061577351E-1,-1.354970898E0,6.911841595E-1,1.524779047E0
3.976199875E0,-1.087053669E-1,-1.122470985E0,3.366066635E-1,1.176886577E0
3.986170875E0,4.390436690E-1,-1.374166137E0,-2.153003275E-1,1.458576754E0
3.996140875E0,4.791098870E-2,-5.483340499E-1,-1.182644974E0,1.304459592E0
4.006111875E0,2.593671374E-1,-6.050961882E-2,-3.614210773E-1,4.489520253E-1
4.016081875E0,1.092540843E0,-1.936945733E-1,3.152988249E-1,1.153506146E0
4.026052875E0,9.545455299E-1,5.358096063E-2,1.168951964E-1,9.631679890E-1
4.036022875E0,1.231651950E0,-1.078375670E-1,1.028001907E0,1.607912743E0
4.045993875E0,9.801789194E-1,-3.033593953E-2,2.044008837E0,2.267078099E0
4.055963875E0,5.345411260E-1,1.002221534E-1,2.909128951E0,2.959528670E0
4.065934875E0,3.191482662E-1,4.335783496E-1,2.848651199E0,2.899079070E0
4.075904875E0,5.783408643E-1,1.299448077E0,2.582347949E0,2.948145924E0
4.085875875E0,9.605536902E-1,1.519427639E0,2.000961050E0,2.689826921E0
4.095845375E0,1.685560192E0,1.036104979E0,6.654774606E-1,2.087459446E0
4.105816375E0,1.995435432E0,9.083477023E-1,-1.132626722E0,2.467732036E0
4.115786375E0,2.256993375E0,5.670720372E-1,-3.016403723E0,3.809761306E0
4.125757375E0,2.583487571E0,1.696829823E-1,-4.203191450E0,4.936599913E0
4.135727375E0,2.671653058E0,-1.181120020E-1,-4.108494038E0,4.902183571E0
4.145697375E0,3.314715217E0,-1.082083390E0,-1.876973181E0,3.959958303E0
4.155668375E0,2.863010499E0,-1.356574497E0,5.763483524E-1,3.220139889E0
4.165638375E0,2.905063089E0,-4.528542808E-1,2.115869363E0,3.622343401E0
4.175609375E0,2.831263334E0,-2.967140347E-2,2.135720660E0,3.546580776E0
4.185579375E0,2.790084318E0,1.881946823E-1,9.506321347E-1,2.953589206E0
4.195550375E0,2.644237803E0,-2.655083218E-1,-1.562785327E-1,2.662125317E0
4.205520375E0,2.102079582E0,-5.843277553E-1,-1.013196757E0,2.405565456E0
4.215491375E0,1.462702776E0,-3.980378035E-1,-1.371802400E0,2.044449885E0
4.225461375E0,1.372846713E0,-7.778132907E-1,-1.575136986E0,2.229519710E0
4.235432375E0,1.039760220E0,-1.121957015E0,-8.375674492E-1,1.743963328E0
4.245402375E0,1.267901471E0,-8.973607841E-1,4.210772949E-1,1.609390135E0
4.255373375E0,1.114460446E0,1.306384921E-2,1.593884913E0,1.944906647E0
4.265343375E0,9.857055614E-1,-8.298076093E-3,1.490182205E0,1.786708514E0
4.275314375E0,9.181364530E-1,3.786519447E-1,9.804886025E-1,1.395603719E0
4.285284375E0,1.058107174E0,3.767650482E-1,1.386589424E0,1.784425096E0
4.295254375E0,9.248084915E-1,-2.635407338E-1,1.167056297E0,1.512198686E0
4.305225375E0,3.587630061E-1,3.993192208E-1,-9.369052112E-2,5.449262779E-1
4.315195375E0,7.747846522E-1,7.972833493E-1,-6.864578551E-1,1.306589600E0
4.325166375E0,2.004750777E-1,4.109379306E-1,2.584720749E-1,5.252314281E-1
4.335136375E0,8.542697284E-1,-8.656843704E-1,7.832053006E-1,1.446581052E0
4.345107375E0,8.865713556E-1,-1.518911330E0,1.165907319E0,2.110080632E0
4.355077375E0,8.605427675E-1,-1.127129754E0,9.237109691E-1,1.692393953E0
4.365048375E0,4.156732251E-1,7.602637500E-2,7.004864949E-1,8.180743055E-1
4.375018375E0,2.323706158E-1,6.383452106E-1,9.031504047E-1,1.130115642E0
4.384989375E0,8.022335290E-1,7.841560578E-1,4.044519067E-2,1.122548516E0
4.394959375E0,8.176045433E-1,9.979720697E-1,-6.236780548E-1,1.432968861E0
4.404930375E0,1.541748215E0,4.413291264E-1,-1.450010079E0,2.162010219E0
4.414900375E0,1.168293568E0,-4.592818326E-1,-1.122477710E0,1.683985116E0
4.424871375E0,1.437330100E0,-8.252093589E-1,-1.120974975E0,2.000868111E0
4.434841375E0,1.231860257E0,-3.214103347E-1,-1.456747241E0,1.934656771E0
4.444811375E0,7.775959204E-1,-4.494319054E-1,-2.009224336E0,2.200824137E0
4.454782375E0,1.165306445E0,-5.843736559E-2,-2.161434376E0,2.456247666E0
4.464752375E0,2.575338160E-1,-7.020374689E-1,-1.038238043E0,1.279499319E0
4.474723375E0,9.342768878E-1,-5.076982400E-1,-1.927037627E-1,1.080632012E0
4.484693375E0,4.270615547E-1,4.122865909E-1,5.238953197E-1,7.917247695E-1
4.494664375E0,1.013377363E0,6.989630029E-1,1.491378545E0,1.933828567E0
4.504634375E0,1.228714017E0,2.515621278E-1,2.526271396E0,2.820473153E0
4.514605375E0,1.208562173E0,-9.544819415E-2,2.319447777E0,2.617168484E0
4.524575375E0,1.086379997E0,6.858520836E-2,1.093895350E0,1.543221457E0
4.534546375E0,1.079272706E0,2.522094145E-1,5.348845768E-1,1.230666760E0
4.544516375E0,1.854047564E0,-2.551453015E-1,2.446170974E-1,1.887439806E0
4.554487375E0,1.442143528E0,-7.208409449E-1,5.360025644E-2,1.613153003E0
4.564457375E0,1.507646084E0,-5.126113629E-1,5.568128049E-2,1.593382418E0
4.574428375E0,1.092329904E0,4.082189754E-1,-2.659062248E-1,1.196049109E0
4.584398375E0,8.370976254E-1,-3.021738723E-1,2.667663503E-1,9.290886767E-1
4.594369375E0,8.805358596E-1,-4.877273673E-1,7.329841501E-1,1.245185588E0
4.604339375E0,2.245961579E-1,-3.234966213E-1,7.141654712E-1,8.155524620E-1
4.614309375E0,3.854058442E-1,7.434062272E-2,3.623332429E-1,5.341812163E-1
4.624280375E0,-7.785822726E-1,1.914197141E-1,-9.004829049E-2,8.068088725E-1
4.634250375E0,-8.331761903E-1,-3.211580274E-1,-8.584080952E-1,1.238624035E0
4.644221375E0,-9.974198733E-1,-3.654688123E-1,-7.544498634E-1,1.302923042E0
4.654191375E0,-7.557703840E-1,-3.428702009E-1,-4.395580047E-1,9.391273010E-1
4.664162375E0,-2.958576369E-1,-3.670998931E-1,-1.590869504E-1,4.975969560E-1
4.674132375E0,-3.623407712E-1,-5.160635591E-2,3.919113833E-1,5.362355665E-1
4.684103375E0,-2.007483254E-1,-1.038912812E-1,-6.335727131E-1,6.726869044E-1
4.694073375E0,-9.467060948E-1,1.250170375E0,-5.615102826E0,5.829970681E0
4.704044375E0,-1.066144392E0,1.140768385E-1,-2.940374132E0,3.129772744E0
4.714014375E0,-7.815471764E-1,-3.546950251E-1,-2.642070240E-1,8.980144215E-1
4.723985375E0,1.736240349E0,9.004182932E-1,1.891110579E0,2.720585024E0
4.733955375E0,-2.188282451E0,3.735479979E0,-3.590653510E0,5.624516280E0
4.743926375E0,2.472012159E0,1.712910250E0,-6.146460947E0,6.842798244E0
4.753896375E0,-2.028920681E0,-1.911000468E0,-7.863028046E0,8.342400852E0
4.763867375E0,-1.688690498E0,-4.286200862E0,-1.343987195E0,4.798905605E0
4.773837375E0,1.878094093E0,-4.026377203E0,1.495265306E1,1.559874304E1
4.783808375E0,-1.397681300E0,2.413781200E0,1.577099545E1,1.601574695E1
4.793778375E0,1.976574799E0,5.530816966E0,1.091153006E1,1.239186316E1
4.803748375E0,3.417760114E0,4.574562441E0,1.790373579E0,5.984408348E0
4.813719375E0,-2.341670267E-1,6.629701746E-1,1.381723956E0,1.550330526E0
4.823689375E0,-4.716909983E0,1.366895709E0,-3.650125540E0,6.118910044E0
4.833660375E0,-3.919555590E0,3.561052273E0,-8.008136643E0,9.600742773E0
4.843630375E0,-4.370515957E0,2.659434716E0,-6.832113056E0,8.535324923E0
4.853601375E0,-1.817152511E0,-4.722875020E-1,-7.504987829E0,7.736274364E0
4.863571375E0,1.354920465E0,-2.728818069E0,-4.445844467E0,5.389600222E0
4.873542375E0,1.997366621E0,-2.822033797E0,8.539221114E-1,3.561254153E0
4.883512375E0,2.432461738E0,6.451554626E-2,3.562866957E0,4.314516579E0
4.893483375E0,2.143339874E0,7.133249339E-1,4.186957240E0,4.757451966E0
4.903453375E0,1.656685471E0,-2.956245522E0,1.951214109E0,3.910400342E0
4.913424375E0,1.377267647E0,-4.322028799E0,-1.510090220E-1,4.538678534E0
4.923394375E0,7.598807573E-1,-4.607067990E-1,-2.011783077E0,2.199304588E0
4.933365375E0,-5.014872910E-1,-1.780013774E0,9.071604252E-2,1.851531242E0
4.943335375E0,-1.057333588E0,5.291399798E-1,-5.129616112E-1,1.288826229E0
4.953306375E0,-3.747115061E-2,-6.947801971E-1,-7.425075102E-1,1.017566220E0
4.963276375E0,-8.403988903E-1,-2.106620530E0,-7.706998605E-1,2.395432868E0
4.973247375E0,-1.017632163E0,-1.297711454E0,-8.191019422E-1,1.841346852E0
4.983217375E0,-4.827382305E-1,1.488461077E0,-1.239528442E0,1.996242304E0
4.993188375E0,1.521207970E0,5.425934290E0,-1.521389964E0,5.836905347E0
5.003158375E0,1.441354300E0,5.548820543E0,7.265048504E-1,5.778816569E0
5.013129375E0,1.202920633E0,-1.179456487E0,4.861341180E0,5.144975580E0
5.023099375E0,2.604199578E0,-8.795197012E0,6.627166393E0,1.131621316E1
5.033070375E0,3.267030297E0,-6.488226024E0,1.527337167E0,7.423161235E0
5.043040375E0,4.355268466E0,1.171551052E-1,5.262406379E-1,4.388509762E0
5.053011375E0,3.664450926E0,-8.736000386E-1,3.580890414E0,5.197514192E0
5.062981375E0,3.077543380E0,-1.705174676E0,1.676316621E0,3.897297954E0
5.072951375E0,9.020718127E-1,-4.790261257E-1,-1.034247319E0,1.453570466E0
5.082922375E0,-4.569647272E-1,3.445989302E-1,-2.018099824E0,2.097687318E0
5.092893167E0,-1.900057258E0,1.792765090E0,-7.878994453E-1,2.728554523E0
5.102864167E0,-2.295644347E0,1.832346062E0,-8.990503371E-2,2.938631990E0
5.112834167E0,-1.623410136E0,1.440992796E0,-6.589086986E-1,2.268497604E0
5.122805167E0,-1.152116880E0,1.607961793E0,-7.641802150E-1,2.120586200E0
5.132775167E0,1.419923231E-3,3.152925099E0,-1.015732695E0,3.312499299E0
5.142746167E0,2.133454572E-1,3.000518008E0,-8.541571695E-1,3.127012803E0
5.152716167E0,6.004823696E-1,2.432478841E0,-2.434989343E0,3.493809596E0
5.162687167E0,2.736066424E-1,1.995354740E0,-2.796660097E0,3.446390696E0
5.172657167E0,6.001322675E-1,1.245392907E0,-2.225650837E0,2.620054175E0
5.182628167E0,7.374514959E-1,1.108156709E0,-6.857737309E-1,1.497374907E0
5.192598167E0,5.697339090E-1,4.607079685E-1,-3.108964562E-3,7.327060972E-1
5.202569167E0,7.245237406E-1,-1.414213425E-1,5.893519753E-1,9.446006551E-1
5.212539167E0,5.992236102E-1,-7.647909567E-1,-1.628671753E-1,9.851395126E-1
5.222510167E0,9.737726368E-1,3.898660272E-1,-1.425564625E0,1.769876596E0
5.232480167E0,1.480069299E0,4.680275130E-1,-8.733833992E-1,1.781138244E0
5.242451167E0,1.933794669E0,1.054516399E0,-4.190816402E-2,2.203025863E0
5.252421167E0,1.842749136E0,9.171220341E-1,5.021039164E-1,2.118713182E0
5.262392167E0,2.128572000E0,3.404526696E-1,-2.933898926E-2,2.155826421E0
5.272362167E0,1.487762188E0,-9.578619245E-1,4.774426997E-1,1.832726746E0
5.282333167E0,1.473193704E0,-4.619078171E-1,6.958473140E-1,1.693476308E0
5.292303167E0,3.247565500E-1,7.669602737E-1,1.071336207E0,1.357002634E0
5.302274167E0,2.918293804E-1,1.146170627E0,9.828573096E-1,1.537816629E0
5.312244167E0,-4.899188306E-2,4.536129570E-1,2.051355278E-1,5.002454439E-1
5.322215167E0,1.653660926E-1,-1.286305583E-1,-1.001338019E0,1.023019841E0
5.332185167E0,-1.242346581E-1,-2.311851659E-1,-6.662235653E-1,7.160549352E-1
5.342156167E0,-1.228682734E-3,-1.890346348E-2,-4.096038884E-1,4.100417003E-1
5.352126167E0,-2.100899833E-1,-8.358939761E-1,1.487905299E0,1.719511186E0
5.362097167E0,1.557133994E-1,-2.226880506E0,1.428294690E0,2.650145123E0
5.372067167E0,1.620540835E-1,-1.370406085E0,1.115934091E0,1.774706528E0
5.382037167E0,1.238422003E-2,-1.045994667E0,1.277382147E0,1.651049170E0
5.392008167E0,7.445657301E-1,-8.890603691E-2,1.299451877E0,1.500285837E0
5.401978167E0,6.784718741E-1,-2.350764880E-1,8.977510858E-1,1.149583425E0
5.411949167E0,8.909627607E-1,-5.474648613E-1,5.930760670E-1,1.202194509E0
5.421919167E0,5.758645684E-1,-4.996957406E-1,-4.500473249E-1,8.853577972E-1
5.431890167E0,8.301913328E-1,-2.728369296E-2,-4.820275015E-1,9.603710539E-1
5.441860167E0,5.779134693E-1,-9.079196861E-1,-7.897834182E-2,1.079138412E0
5.451831167E0,1.229204452E0,-8.635092062E-1,-3.711765718E-1,1.547373187E0
5.461801167E0,1.333550793E0,-3.584714493E-1,-1.549512148E-2,1.380977768E0
5.471772167E0,1.166104297E0,-7.214657199E-1,5.940923131E-1,1.494408811E0
5.481742167E0,1.465718478E0,3.854665822E-1,1.421668625E-1,1.522211076E0
5.491713167E0,1.061096856E0,4.700222906E-1,-5.055502653E-3,1.160548598E0
5.501683167E0,1.280772362E0,5.263631371E-1,-3.293555313E-1,1.423345026E0
5.511654167E0,9.203407802E-1,5.335198367E-1,-9.869924605E-1,1.451145990E0
5.521624167E0,1.178774629E0,-2.344675004E-2,-8.905473161E-1,1.477543197E0
5.531595167E0,1.131944937E0,-7.373341861E-1,-4.115802473E-1,1.412217880E0
5.541565167E0,1.506285291E0,-8.148100859E-1,-5.707666004E-1,1.805155219E0
5.551536167E0,1.000636500E0,-5.241865110E-1,-4.211690962E-1,1.205582146E0
5.561506167E0,1.418141438E0,-3.397457412E-1,-2.658366430E-1,1.482302745E0
5.571477167E0,1.270352039E0,-2.385605514E-1,7.123399705E-1,1.475850153E0
5.581447167E0,8.825196737E-1,2.446255758E-1,1.697049678E0,1.928382809E0
5.591418167E0,6.793219131E-1,2.108681381E-2,1.956249146E0,2.070949936E0
5.601388167E0,3.201532930E-1,3.431391728E-1,1.060139374E0,1.159369706E0
5.611359167E0,4.885871273E-2,3.532826301E-1,-4.344457841E-1,5.620844508E-1
5.621329167E0,1.777584987E-1,-3.364791942E-1,-7.310487217E-1,8.241653750E-1
5.631300167E0,1.697934216E-1,-8.642743143E-1,-9.695180565E-1,1.309872192E0
5.641270167E0,8.588426895E-2,-2.814852539E-1,-1.949543560E-1,3.530116949E-1
5.651241167E0,-2.006499095E-1,-9.895798534E-2,2.376881468E-1,3.264180206E-1
5.661211167E0,-4.513133933E-1,4.512492201E-1,7.305949777E-1,9.700920879E-1
5.671181167E0,-5.732734479E-2,5.160316917E-1,9.621885717E-1,1.093335255E0
5.681152167E0,-2.976378947E-3,1.099880560E0,7.867294174E-1,1.352290384E0
5.691122167E0,1.545821093E-1,1.031007084E0,3.496284127E-2,1.043117269E0
5.701093167E0,4.580610070E-1,6.544621834E-1,-5.056736416E-1,9.454345390E-1
5.711063167E0,3.413008082E-1,6.915373313E-1,-1.528417148E0,1.711948919E0
5.721034167E0,6.608501934E-1,2.308545059E-1,-1.019759088E0,1.236901523E0
5.731004167E0,3.556859089E-1,5.312467316E-1,-9.288389772E-1,1.127598067E0
5.740975167E0,4.398261727E-1,2.515296757E-1,-3.054339874E-1,5.916114946E-1
5.750945167E0,4.031204957E-1,-5.732923052E-1,4.177338570E-1,8.158871102E-1
5.760916167E0,2.830885604E-1,-8.269360417E-1,8.582777023E-1,1.224991006E0
5.770886167E0,4.118642027E-1,-1.174643352E0,1.188612058E0,1.721109453E0
5.780857167E0,1.170965599E-1,4.034754217E-1,5.484501171E-1,6.908701406E-1
5.790827167E0,7.125940320E-1,-1.810026070E-1,8.814835471E-1,1.147852535E0
5.800798167E0,2.143079089E-1,-9.615102947E-1,-1.824436533E-1,1.001856084E0
5.810768167E0,4.542314462E-1,-1.318807915E0,-1.796714884E-1,1.406364948E0
5.820739167E0,-7.543419823E-2,-1.415134361E0,-5.440606123E-1,1.517991281E0
5.830709167E0,-2.744105615E-2,-1.622290687E0,1.143002021E-1,1.626543765E0
5.840680167E0,-1.561741965E-1,-8.687114739E-1,-2.942237055E-1,9.303857230E-1
5.850650167E0,5.541838237E-1,-9.029401973E-1,2.026066071E-1,1.078642734E0
5.860621167E0,7.870967688E-1,-1.354816824E0,7.835532099E-1,1.751857752E0
5.870591167E0,7.097055805E-1,-4.862603009E-2,1.704094988E-1,7.314956590E-1
5.880562167E0,1.409519573E0,1.512087044E-1,1.106556326E0,1.798353803E0
5.890532167E0,1.071313038E0,6.305502874E-1,4.902545339E-1,1.336283951E0
5.900503167E0,1.398371856E0,4.215020952E-1,6.181910276E-2,1.461824020E0
5.910473167E0,7.370688687E-1,-1.081954166E-1,-4.254089123E-1,8.578749956E-1
5.920444167E0,8.927402412E-1,1.560510761E-1,-4.595478809E-1,1.016130568E0
5.930414167E0,5.386481737E-1,1.721554774E-1,-2.421454793E-1,6.151534740E-1
5.940384167E0,5.466142010E-1,-3.175038099E-3,-5.052561504E-1,7.443661351E-1
5.950355167E0,3.889112135E-1,-1.007948881E-1,-8.195551014E-1,9.127333157E-1
5.960325167E0,9.124012846E-1,-4.277451673E-1,4.355953467E-1,1.097809336E0
5.970296167E0,1.255227047E0,4.487755555E-1,-4.398047572E-1,1.403717444E0
5.980266167E0,4.636986000E-1,3.491811007E-1,3.577209592E-1,6.818417099E-1
5.990237167E0,1.081509047E0,1.505453378E-1,7.019933224E-1,1.298121852E0
6.000207167E0,6.823144450E-1,-4.882062542E-1,9.758839202E-1,1.286952903E0
6.010178167E0,1.014048258E0,-3.359839350E-2,8.309934247E-1,1.311477333E0
6.020148167E0,5.103672381E-1,2.299946728E-1,-1.913583183E-1,5.915997577E-1
6.030119167E0,8.014104603E-1,-1.335135680E-1,8.310296774E-2,8.166949871E-1
6.040089167E0,7.402740931E-1,-3.143021670E-1,-4.583000851E-1,9.256514209E-1
6.050060167E0,4.980194535E-1,-5.787229067E-1,7.696163714E-2,7.673764868E-1
6.060030167E0,4.800572821E-1,1.656007487E-1,2.250815499E-1,5.554640458E-1
6.070001167E0,2.641851335E-1,5.959678075E-1,4.184782076E-1,7.746582618E-1
6.079971167E0,7.559604916E-1,-1.197302189E-1,8.184230804E-2,7.697465515E-1
6.089942167E0,9.670556478E-1,-7.292501181E-2,-6.916156840E-1,1.191153616E0
6.099912250E0,1.241266819E0,-2.824938986E-1,-8.214455062E-1,1.515030970E0
6.109883250E0,1.108689537E0,-2.942231208E-2,-3.206525356E-1,1.154502581E0
6.119853250E0,1.269691596E0,9.701086253E-2,-4.129087347E-1,1.338664066E0
6.129824250E0,1.027217065E0,9.151184857E-3,-7.919351935E-2,1.030305904E0
6.139794250E0,1.397154319E0,-7.265984058E-2,3.554481465E-1,1.443489879E0
6.149765250E0,5.325922855E-1,3.745083153E-2,4.066639084E-1,6.711427879E-1
6.159735250E0,4.167697974E-1,6.597375414E-1,-2.270292574E-1,8.127071866E-1
6.169705250E0,1.339351523E-1,1.343930477E0,-1.202596843E-1,1.355931468E0
6.179676250E0,4.282973637E-1,5.683677801E-1,-4.341545928E-1,8.336490723E-1
6.189646250E0,4.304719067E-1,1.196620989E-1,-2.578996325E-1,5.158849686E-1
6.199617250E0,1.101234264E-1,6.614118916E-1,-8.018023700E-1,1.045217633E0
6.209587250E0,-2.463680827E-1,7.321433204E-1,7.140970588E-2,7.757773005E-1
6.219558250E0,-5.227119894E-1,-2.584787992E-1,1.194057570E0,1.328838814E0
6.229528250E0,-7.933271963E-2,1.100565854E-1,2.569383502E-1,2.905571341E-1
6.239499250E0,-1.326081632E-1,-1.179230492E0,2.410099500E-1,1.210890282E0
6.249469250E0,6.043563692E-1,-1.205703761E0,5.957897598E-1,1.474426539E0
6.259440250E0,-6.461513165E-2,-4.369051230E-1,5.600644416E-1,7.132554805E-1
6.269410250E0,7.098717146E-2,-8.073776901E-1,1.131663685E0,1.391962862E0
6.279381250E0,-4.378518603E-1,-1.053602772E0,4.597800153E-1,1.230118171E0
6.289351250E0,2.421862271E-1,-6.155594882E-1,-9.273508608E-2,6.679576696E-1
6.299322250E0,-7.299385547E-1,-1.322999200E0,3.165986609E-1,1.543817310E0
6.309292250E0,-2.789719013E-1,-8.278464532E-1,-3.537319887E-1,9.424868124E-1
6.319263250E0,-7.282518522E-1,-4.133019599E-1,-1.218033493E-2,8.374470914E-1
6.329233250E0,-4.758624531E-1,-4.831320405E-1,-1.232704157E-1,6.892439613E-1
6.339204250E0,-1.549425171E-1,-7.149802807E-1,6.561277628E-2,7.345127785E-1
6.349174250E0,4.389440471E-1,-9.203260159E-1,2.392791742E-1,1.047342530E0
6.359145250E0,3.120399524E-1,-3.008567870E-1,6.065685171E-1,7.455260586E-1
6.369115250E0,3.661713552E-1,-2.211069050E-1,6.438141114E-1,7.729594652E-1
6.379085250E0,2.123738327E-1,2.794545159E-1,6.222665370E-1,7.144320221E-1
6.389056250E0,1.201196983E-1,7.840025684E-1,-5.975035787E-2,7.953985633E-1
6.399026250E0,1.070678396E0,8.355083522E-1,-3.030500776E-1,1.391497676E0
6.408997250E0,6.290618055E-1,3.052038994E-1,-3.229259330E-1,7.701618879E-1
6.418967250E0,9.712249319E-1,2.178915212E-1,-1.186774278E-1,1.002416538E0
6.428938250E0,6.311929695E-1,5.509927788E-1,-5.264616627E-1,9.895248806E-1
6.438908250E0,1.249096095E0,9.707871947E-1,-6.733764642E-1,1.719332630E0
6.448879250E0,8.113625675E-1,6.000292835E-1,-1.000774348E-1,1.014080791E0
6.458849250E0,1.331031227E0,7.421967307E-1,7.720429659E-2,1.525929428E0
6.468820250E0,6.059818952E-1,7.098934954E-1,2.198915613E-1,9.589135158E-1
6.478790250E0,1.040265346E0,1.029513705E0,-4.425406694E-1,1.529016907E0
6.488761250E0,3.209784813E-1,3.334450740E-1,-5.992916572E-1,7.572075628E-1
6.498731250E0,4.412272752E-1,-4.340066582E-1,-5.741790354E-2,6.215626303E-1
6.508702250E0,-9.507484943E-2,-7.599599871E-1,3.559819973E-1,8.445718391E-1
6.518672250E0,-3.371506007E-1,-2.684868935E-1,1.752024615E-1,4.652436373E-1
6.528643250E0,-4.394547648E-1,-5.529244065E-1,-1.927727598E-1,7.321251441E-1
6.538613250E0,-4.513602075E-1,-7.635814601E-1,-3.065110445E-1,9.384730703E-1
6.548584250E0,-2.426157051E-1,-5.104747903E-1,-4.132812023E-1,7.001772948E-1
6.558554250E0,4.028053673E-1,-1.933612821E-1,6.366401625E-1,7.777862468E-1
6.568524250E0,6.453675704E-1,-4.280132622E-2,7.537698323E-1,9.932271716E-1
6.578495250E0,2.902067780E-1,1.149007112E-1,4.566745591E-1,5.531489857E-1
6.588465250E0,3.116630993E-1,3.187875661E-1,-2.277671760E-1,5.006368806E-1
6.598436250E0,1.025000824E-1,4.261354288E-1,6.200223756E-1,7.592927083E-1
6.608406250E0,1.592896661E-1,6.962800080E-1,1.149873084E0,1.353656957E0
6.618377250E0,2.882148509E-1,1.344031634E0,5.747526473E-1,1.489909205E0
6.628347250E0,-8.705246955E-2,1.101178350E0,-7.157810569E-1,1.316250133E0
6.638318250E0,5.158727571E-1,8.813882375E-1,-6.675596541E-1,1.220084349E0
6.648288250E0,3.431538639E-1,-1.181839228E-1,-1.169422665E0,1.224447379E0
6.658259250E0,3.348196082E-2,5.455686092E-2,-1.050077485E0,1.052026719E0
6.668229250E0,-5.512173850E-2,-3.261857557E-1,-6.480007178E-1,7.275578901E-1
6.678200250E0,-3.078189936E-2,-7.822317392E-1,4.367168427E-1,8.964126392E-1
6.688170250E0,-4.273799722E-1,-1.041238834E0,7.763699055E-2,1.128210731E0
6.698141250E0,-3.252853576E-1,-9.208853021E-1,-1.045955783E-1,9.822324259E-1
6.708111250E0,-3.997796890E-1,-8.704869810E-1,-8.324154675E-2,9.615095106E-1
6.718082250E0,-8.085844092E-1,-1.969243121E0,7.075236189E-1,2.243282615E0
6.728052250E0,-1.430067054E-1,-1.951479865E0,5.346442562E-1,2.028440056E0
6.738022250E0,-2.998458947E-1,-1.524171192E0,1.374614326E0,2.074263708E0
6.747993250E0,3.910097426E-1,-1.117518101E0,1.537244105E0,1.940323366E0
6.757963250E0,3.344899714E-1,1.884031355E-2,1.545954702E0,1.581838942E0
6.767934250E0,7.306620745E-1,1.511189497E-1,1.044577594E0,1.283684679E0
6.777904250E0,8.948944286E-1,2.979597840E-1,-1.644570333E-1,9.574247683E-1
6.787875250E0,1.169053340E0,-1.526596910E-1,-5.318054330E-1,1.293370679E0
6.797845250E0,7.272117788E-1,-6.364939821E-1,-8.264659256E-1,1.271616092E0
6.807816250E0,7.628581595E-1,-2.180683994E-1,-9.122170973E-1,1.208985703E0
6.817786250E0,7.084642167E-1,-8.102048188E-2,-7.897588599E-1,1.064051184E0
6.827757250E0,3.974725970E-1,-8.063982815E-2,4.899346912E-1,6.360214217E-1
6.837727250E0,4.826860807E-1,-6.570367125E-1,7.949938720E-1,1.138726636E0
6.847698250E0,-1.488824445E-1,-6.206401339E-1,5.167769194E-2,6.403364287E-1
6.857668250E0,-1.441119936E-1,-1.709921739E-1,-6.950205177E-1,7.301096563E-1
6.867639250E0,-6.176655091E-2,6.744242853E-1,-8.842013329E-1,1.113766232E0
6.877609250E0,-6.254978545E-1,3.399650118E-1,-6.997491610E-1,9.982347738E-1
6.887580250E0,-2.127592921E-1,-8.556271595E-1,-3.118822968E-1,9.352191826E-1
6.897550250E0,-7.027562378E-1,-8.175743571E-1,3.682845390E-1,1.139266282E0
6.907520250E0,1.733625620E-1,1.945456356E-2,7.922714084E-1,8.112502959E-1
6.917491250E0,-8.565443683E-2,6.620761353E-1,-1.262910873E-1,6.794342722E-1
6.927461250E0,4.064180329E-1,7.019667175E-1,8.512318075E-2,8.155849716E-1
6.937432250E0,6.957067616E-1,3.146848673E-1,3.651597869E-1,8.463900601E-1
6.947402250E0,1.133950531E0,6.503448665E-1,1.838879156E-1,1.320078414E0
6.957373250E0,8.278053765E-1,5.069176367E-1,-2.050209224E-1,9.920991938E-1
6.967343250E0,1.263416657E0,1.178097010E-2,-8.459470940E-1,1.520521925E0
6.977314250E0,1.195208813E0,5.331754357E-2,-1.600749545E0,1.998440885E0
6.987284250E0,5.515960653E-1,-1.665488747E-1,-2.014141259E0,2.094937173E0
6.997255250E0,3.543203647E-1,-5.522133851E-1,-1.695876142E0,1.818372468E0
7.007225250E0,5.631402963E-1,-2.815150747E-1,-6.800095457E-1,9.267096162E-1
7.017196250E0,1.520195670E-1,-4.732002524E-1,2.642347398E0,2.688685217E0
7.027166250E0,9.649921289E-2,5.055128431E-1,2.425241450E0,2.479244123E0
7.037137250E0,-3.195084182E-1,1.498266858E0,4.719451475E-1,1.603003876E0
7.047107250E0,1.591135553E-1,1.010706721E0,-6.400479198E-1,1.206858127E0
7.057077250E0,5.569885869E-1,1.932840988E-1,-1.203240622E0,1.339919036E0
7.067048250E0,6.050958227E-2,-5.617218348E-1,-1.267852355E0,1.388035454E0
7.077018250E0,-5.328087056E-2,5.629497501E-1,-7.482909912E-1,9.379182693E-1
7.086989250E0,-2.145533092E-1,1.683726212E-1,-2.287389833E-1,3.559550316E-1
7.096958667E0,-2.548853014E-1,-2.114189458E-1,3.373790807E-1,4.727463713E-1
7.106929667E0,2.732002061E-1,-4.992645085E-2,7.861610681E-1,8.337746866E-1
7.116899667E0,-3.986078339E-1,2.200392035E-1,1.557530435E0,1.622715783E0
7.126870667E0,1.930326503E-1,6.465582097E-1,1.162874953E0,1.344461706E0
7.136840667E0,-1.460184783E-1,4.265002951E-1,1.387796874E0,1.459179242E0
7.146811667E0,2.175466999E-1,1.845085976E-1,5.152537197E-1,5.889451459E-1
7.156781667E0,-1.333406732E-1,-3.531098449E-1,4.358105242E-2,3.799547418E-1
7.166752667E0,-2.593527752E-1,-8.197281790E-1,-1.078173941E-1,8.665118233E-1
7.176722667E0,-3.876497863E-1,-1.589141067E0,-6.624088418E-1,1.764773969E0
7.186693667E0,-1.085806020E-1,-1.338725286E0,-8.870816714E-1,1.609623879E0
7.196663667E0,-8.234926164E-2,-2.724191460E-1,-2.811048925E-2,2.859786559E-1
7.206634667E0,-5.325260293E-2,-2.497263944E-1,1.462196261E0,1.484323758E0
7.216604667E0,-3.710171256E-1,3.092299998E-3,2.054761282E0,2.087991186E0
7.226574667E0,-3.509801428E-1,2.124980494E-1,1.454415956E0,1.511181080E0
7.236545667E0,-4.372721454E-2,5.539424068E-1,1.189523638E0,1.312909268E0
7.246515667E0,4.705840984E-2,-3.158449548E-1,1.441977174E0,1.476912557E0
7.256486667E0,2.990372614E-1,-8.205988294E-1,1.120552222E0,1.420719185E0
7.266456667E0,1.740074916E-1,-1.165522572E-1,5.813067913E-2,2.173527356E-1
7.276427667E0,3.540681670E-1,5.925387079E-1,-8.420271206E-1,1.088795692E0
7.286397667E0,1.543101041E-1,3.209685776E-1,-1.750199114E0,1.786065333E0
7.296368667E0,2.400692427E-1,3.330340147E-2,-1.634351739E0,1.652225155E0
7.306338667E0,4.186911924E-1,-6.239812329E-1,-1.406546556E0,1.594687464E0
7.316309667E0,6.865773576E-1,-6.649208057E-1,-5.070869136E-1,1.081963624E0
7.326279667E0,7.963187049E-1,-9.536422813E-1,7.096818262E-1,1.430805848E0
7.336250667E0,1.163119513E0,-1.302276375E0,1.528227698E0,2.320398814E0
7.346220667E0,1.366767655E0,-7.606865036E-1,1.142779827E0,1.937174105E0
7.356190667E0,1.382427961E0,4.497005850E-2,2.039516421E0,2.464296371E0
7.366161667E0,1.238045150E0,-3.543170026E-1,2.092191648E0,2.456738127E0
7.376131667E0,1.203075145E0,1.109228504E-1,3.025735295E-1,1.245489633E0
7.386102667E0,9.099157063E-1,4.414413929E-2,-6.475481433E-1,1.117682377E0
7.396072667E0,5.035141186E-1,2.357319608E-1,-1.218769657E0,1.339587810E0
7.406043667E0,2.401406153E-1,6.490383062E-1,-1.882649074E0,2.005812995E0
7.416013667E0,1.822417417E-1,2.433944446E-1,-1.337842357E0,1.371960305E0
7.425984667E0,4.467658309E-1,1.261159632E-1,1.421434736E-1,4.854994448E-1
7.435954667E0,6.532787070E-2,3.885363704E-1,9.964754748E-1,1.071537033E0
7.445925667E0,3.888705388E-2,1.094655780E0,1.219095347E0,1.638895038E0
7.455895667E0,-4.157878306E-2,1.235882703E0,2.053337485E-1,1.253513781E0
7.465866667E0,-1.750659290E-1,2.899055368E-1,-4.552712274E-1,5.674197654E-1
7.475836667E0,4.202437744E-2,-6.996690542E-2,-6.986241567E-1,7.033755245E-1
7.485807667E0,5.506496935E-1,-1.075402361E-1,-3.062052351E-1,6.391726162E-1
7.495777667E0,1.253020673E-1,1.773764563E-1,-3.273581225E-1,3.928439329E-1
7.505747667E0,8.914146043E-1,9.884747297E-1,-4.380043995E-1,1.401267334E0
7.515718667E0,5.797938243E-1,6.346526939E-1,-1.137774611E-1,8.671160425E-1
7.525688667E0,9.162665865E-1,2.947312438E-1,1.147878599E-1,9.693230712E-1
7.535659667E0,7.656244773E-1,-7.097174942E-2,4.038496435E-1,8.685115796E-1
7.545629667E0,7.784867437E-1,-1.274526367E-1,6.942317283E-1,1.050829899E0
7.555600667E0,8.234060776E-1,2.014240077E-1,5.115986252E-1,9.901021931E-1
7.565570667E0,4.456197767E-1,-4.301036417E-2,-1.052873039E-1,4.599046566E-1
7.575541667E0,6.638625327E-2,-6.598901537E-1,-3.403623301E-1,7.454586946E-1
7.585511667E0,-3.084400775E-1,-1.034410456E0,-2.189665318E-1,1.101402113E0
7.595482667E0,-1.630672598E-1,-1.849434550E0,-4.988095951E-1,1.922448984E0
7.605452667E0,-2.621563689E-1,-1.268245580E0,-7.340249544E-1,1.488611919E0
7.615423667E0,8.427142415E-2,-6.989445841E-1,-8.512054950E-1,1.104615770E0
7.625393667E0,1.996736803E-1,-9.850675571E-1,2.417344201E-1,1.033761675E0
7.635363667E0,7.299185280E-1,-5.646428114E-1,6.703669024E-1,1.140611391E0
7.645334667E0,3.375017625E-1,4.912947536E-2,-7.659355491E-1,8.384380779E-1
7.655304667E0,9.069991151E-1,-3.287623313E-1,-4.358899294E0,4.464385190E0
7.665275667E0,1.081184088E0,-2.716311752E0,-2.791665405E-1,2.936876321E0
7.675245667E0,1.355446861E0,-3.839015457E0,5.302287313E0,6.685022560E0
7.685216667E0,-4.398494884E-3,-6.011092642E-1,5.428783638E0,5.461963336E0
7.695186667E0,-1.722199795E-1,2.582445597E0,2.304760741E0,3.465632274E0
7.705157667E0,8.364325047E-1,1.027467472E0,5.947846234E-1,1.452266329E0
7.715127667E0,1.190839554E0,-1.873285635E0,-1.693542518E0,2.792021521E0
7.725098667E0,1.540591855E-1,-2.318126891E0,-2.024568014E0,3.081610319E0
7.735068667E0,4.229444936E-1,-4.732566780E-1,-4.821964860E-2,6.365367723E-1
7.745039667E0,-5.243359439E-1,4.770059127E-1,1.502954278E0,1.661726327E0
7.755009667E0,-7.567232609E-2,-1.160672307E-3,1.032019529E0,1.034790779E0
7.764979667E0,-5.483621531E-1,-7.543387663E-1,6.748447001E-2,9.350305765E-1
7.774950667E0,2.222146600E-1,-6.841096133E-2,3.577963883E-1,4.267056014E-1
7.784920667E0,-6.332381062E-2,3.125982884E-1,4.441995245E-1,5.468462421E-1
7.794891667E0,-3.912558373E-1,6.339176989E-1,-3.225113654E-1,8.117551108E-1
7.804861667E0,-4.655513634E-1,7.253719524E-1,-1.175989673E0,1.458030950E0
7.814832667E0,-5.547116080E-1,4.009821689E-1,-1.007358313E0,1.217892622E0
7.824802667E0,1.607085295E-2,3.446424919E-1,-5.041165280E-1,6.108765779E-1
7.834773667E0,3.524472092E-1,-3.570496988E-1,-2.369595838E-1,5.548453542E-1
7.844743667E0,3.896964580E-1,-1.688082388E-1,-1.074193742E0,1.155098154E0
7.854714667E0,1.023227364E0,-1.428749895E0,-1.150290576E0,2.100354472E0
7.864684667E0,8.968844553E-1,1.087023410E0,-2.270591952E0,2.672378983E0
7.874655667E0,2.515012254E-1,2.120154787E0,-1.878803945E-1,2.143270452E0
7.884625667E0,4.405713272E-1,3.049513874E0,2.414676701E0,3.914626615E0
7.894595667E0,-8.394226246E-4,1.079391624E0,2.234525741E0,2.481570525E0
7.904566667E0,-2.363187655E-1,-9.964953554E-1,-1.181651532E0,1.563697508E0
7.914536667E0,-7.180200288E-1,-1.482247533E0,-2.259730749E0,2.796246335E0
7.924507667E0,-7.161283815E-1,5.934798172E-1,-1.126020538E0,1.460472664E0
7.934477667E0,-1.837716437E0,1.963854035E0,5.619817436E-1,2.747680450E0
7.944448667E0,-1.531219134E0,1.258268768E0,6.994380891E-1,2.101686458E0
7.954418667E0,-1.230908331E0,-6.305920950E-1,8.576561433E-1,1.627376960E0
7.964389667E0,-4.803604968E-1,-1.013541158E0,8.740739554E-1,1.421976500E0
7.974359667E0,-5.861036643E-1,-5.832129836E-1,1.181953833E0,1.442452687E0
7.984330667E0,-1.027934573E-1,-3.037950128E-2,1.351212015E0,1.355456867E0
7.994300667E0,-2.365129113E-1,-5.895303154E-1,1.132030306E0,1.298066625E0
8.004271667E0,2.647720843E-1,-9.280069184E-1,8.259291512E-1,1.270220477E0
8.014241667E0,-1.580311900E-2,-1.507226838E0,1.212684460E0,1.934576460E0
8.024212667E0,3.003174179E-1,6.523329198E-2,7.636229753E-2,3.166656507E-1
8.034182667E0,-4.637127064E-1,-2.310422015E-1,9.632223594E-1,1.093712616E0
8.044152667E0,-1.096051621E-1,-1.501758522E0,1.003250644E0,1.809365581E0
8.054123667E0,-7.934720611E-1,-1.060893957E0,5.556024313E-3,1.324811220E0
8.064093667E0,-2.567784471E-1,-1.182102352E-1,-6.310513937E-1,6.914728427E-1
8.074064667E0,-4.330363858E-1,-1.927242279E-3,-7.374011368E-1,8.551518358E-1
8.084034667E0,1.846912500E-2,-3.702761006E-1,-8.397461218E-1,9.179428350E-1
8.094006042E0,-5.045043446E-1,-8.690395027E-1,-1.301052260E-1,1.013253009E0
8.103976042E0,-4.344720600E-1,-1.241628177E0,1.057357854E0,1.687723950E0
8.113947042E0,8.523878203E-2,2.480438581E-1,1.821594787E-1,3.193328689E-1
8.123917042E0,1.916249514E-1,3.365692413E-1,2.385482723E-1,4.548672931E-1
8.133888042E0,-7.521881970E-2,4.047129849E-1,3.532443309E-1,5.424315885E-1
8.143858042E0,5.738791098E-1,2.288951039E-2,-6.454741359E-1,8.640011704E-1
8.153828042E0,9.297121310E-2,-3.111686441E-1,-3.451319039E-1,4.739046345E-1
8.163799042E0,2.838185122E-1,-1.561060399E-2,-3.422954196E-1,4.449300991E-1
8.173769042E0,1.714779313E-1,-1.308419752E-1,-1.001257328E0,1.024226801E0
8.183740042E0,9.134891225E-2,-1.306062155E0,-2.143443078E-1,1.326682501E0
8.193710042E0,4.019082217E-1,-1.333565411E0,-1.555295044E-1,1.401469354E0
8.203681042E0,4.589421093E-1,-1.220390505E0,4.145681745E-1,1.368154822E0
8.213651042E0,4.749292740E-1,-9.160250965E-1,2.121071631E-1,1.053398899E0
8.223622042E0,6.220424424E-1,-9.847073686E-1,2.247967905E-1,1.186220468E0
8.233592042E0,5.090406876E-2,-9.723790991E-1,7.275877547E-1,1.215523047E0
8.243563042E0,4.728495291E-1,-1.010748528E0,1.508787460E0,1.876603012E0
8.253533042E0,-1.647130134E-1,-6.603903830E-2,2.573719797E0,2.579830445E0
8.263504042E0,-3.833642889E-1,-5.417682114E-1,7.255580692E0,7.285872093E0
8.273474042E0,-2.484263756E-1,4.203291437E-1,5.970127634E0,5.990059784E0
8.283445042E0,-4.851086918E-1,2.894762050E0,1.824076345E0,3.455753504E0
8.293415042E0,-1.515511174E0,3.785211132E0,-2.184923810E0,4.625850137E0
8.303385042E0,-5.873386328E-1,2.857089316E0,-5.346745448E0,6.090616793E0
8.313356042E0,-4.176932920E-1,2.856475943E-1,-7.533125215E0,7.550101837E0
8.323326042E0,1.001232441E-2,-5.167354041E-1,-7.292928613E0,7.311219014E0
8.333297042E0,9.176585162E-1,-5.349798864E-1,-5.736540724E0,5.834055203E0
8.343267042E0,9.410135380E-1,-1.645236038E0,-2.373522828E0,3.037419746E0
8.353238042E0,7.052293177E-1,-3.209648646E0,2.829519110E0,4.336516022E0
8.363208042E0,1.099448012E0,-2.126244370E0,6.654361793E0,7.071791281E0
8.373179042E0,5.092498717E-1,1.227170644E0,4.344996369E0,4.543597327E0
8.383149042E0,4.211582423E-1,2.040275974E0,1.615004472E0,2.635970364E0
8.393120042E0,9.397320476E-1,3.113262266E-1,2.517056769E-1,1.021457825E0
8.403090042E0,5.033541242E-1,-1.801517202E0,-3.371767670E-1,1.900662457E0
8.413061042E0,-1.242553791E-1,-5.774520144E-1,-1.842741827E0,1.935093710E0
8.423031042E0,-3.118153462E-1,-9.762715906E-2,-1.579641096E0,1.613079621E0
8.433001042E0,-2.845558461E-1,-7.960311681E-1,-1.689351234E0,1.889059354E0
8.442972042E0,1.715233934E-1,-2.139175780E0,-5.151052004E-1,2.206994939E0
8.452942042E0,3.126304480E-1,-4.451444346E-1,1.121171442E0,1.246160811E0
8.462913042E0,1.027595453E0,1.766648209E0,3.043236011E0,3.665826473E0
8.472883042E0,1.189997994E0,5.984055117E-1,3.748340637E0,3.977969572E0
8.482854042E0,1.785518636E0,-9.344224834E-1,1.777857029E0,2.687377493E0
8.492824042E0,1.909022209E0,-2.894350113E0,4.282793105E-1,3.493572890E0
8.502795042E0,1.656160245E0,-1.467646159E0,-1.179128458E0,2.507428150E0
8.512765042E0,1.382722660E0,-6.337589470E-1,-1.125711805E0,1.892300036E0
8.522736042E0,4.108402821E-1,-7.496437445E-1,-5.138778698E-1,9.974096181E-1
8.532706042E0,4.235011486E-1,-1.695817962E0,-3.314412332E-1,1.779046114E0
8.542677042E0,-6.687920279E-1,-6.702303699E-1,-9.843974662E-1,1.365844024E0
8.552647042E0,-1.003316425E0,1.505761234E0,-7.717780870E-1,1.967130437E0
8.562617042E0,2.310155967E-1,2.550838765E0,4.031924164E-1,2.592819071E0
8.572588042E0,-4.961828066E-1,1.082393292E0,5.985864830E-1,1.332695912E0
8.582558042E0,1.209612771E-1,-6.434656173E-1,6.618001467E-1,9.309452537E-1
8.592529042E0,5.609679826E-1,-1.083963854E0,4.778438187E-1,1.310724010E0
8.602499042E0,7.809534647E-1,-9.801687598E-2,9.755786955E-2,7.931034989E-1
8.612470042E0,5.376037148E-1,2.669113612E-1,-3.578455049E-1,6.987938425E-1
8.622440042E0,-1.474396440E-1,-6.242575139E-1,-5.477338332E-1,8.434739144E-1
8.632411042E0,-3.989170054E-1,-5.844028920E-1,-1.447160731E0,1.610880411E0
8.642381042E0,-8.547951738E-1,-1.393870962E-1,-1.613926245E0,1.831628094E0
8.652352042E0,-5.487982457E-1,-1.086737189E-1,-1.726337796E0,1.814726337E0
8.662322042E0,-1.564410305E-1,-1.167992729E0,-8.953203982E-1,1.479959265E0
8.672293042E0,1.916263401E-1,-1.698522299E0,2.701413631E-2,1.709511164E0
8.682263042E0,5.908169952E-1,-2.417416706E0,1.403042319E0,2.856833212E0
8.692233042E0,1.237838012E0,-1.849213817E0,3.099706666E0,3.815758915E0
8.702204042E0,1.076491624E0,-7.560902998E-1,3.583756135E0,3.817566606E0
8.712174042E0,1.535373434E0,-3.804987878E-2,2.291791032E0,2.758826836E0
8.722145042E0,1.320868767E0,1.169465058E0,-8.586560172E-1,1.962048158E0
8.732115042E0,8.756633748E-1,1.410188202E0,-4.085548979E0,4.409889746E0
8.742086042E0,-3.156538971E-1,9.272871262E-1,-5.230222135E0,5.321157992E0
8.752056042E0,-1.229386593E0,2.472670555E-2,-4.136301641E0,4.315204986E0
8.762027042E0,-1.397836251E0,-1.877748815E0,1.821058597E0,2.965828924E0
8.771997042E0,-1.731385259E0,-4.193354094E-1,4.116484843E0,4.485419107E0
8.781968042E0,-1.249933562E0,1.857767417E0,3.331816569E0,4.014303842E0
8.791938042E0,-6.836074837E-1,2.015333799E0,1.110409641E0,2.400395610E0
8.801909042E0,6.118074213E-2,8.519422442E-2,1.150142641E0,1.154915250E0
8.811879042E0,6.598975358E-1,6.082159701E-1,7.094075918E-1,1.143962655E0
8.821849042E0,1.380418437E-1,1.720979993E0,1.318541282E0,2.172413128E0
8.831820042E0,1.909578206E-1,1.582823735E0,-4.670989752E-1,1.661317947E0
8.841790042E0,2.204251014E-1,-4.187308073E-2,-6.935043347E-1,7.288956321E-1
8.851761042E0,6.483026808E-2,-8.968988541E-1,-1.778279198E0,1.992713583E0
8.861731042E0,9.634861054E-2,-1.017088079E-1,-1.141919702E0,1.150481787E0
8.871702042E0,1.768388779E-1,-9.313766688E-2,-4.783016557E-1,5.183812183E-1
8.881672042E0,-3.537982449E-1,-6.011633509E-1,-1.834482050E-1,7.212654272E-1
8.891643042E0,-8.620877115E-2,-3.922347343E-1,-3.240351498E-1,5.160221093E-1
8.901613042E0,-1.833326128E-1,7.285344189E-1,-1.205695868E-3,7.512487605E-1
8.911584042E0,-3.255694592E-1,1.462719002E-1,-7.064407146E-1,7.914855809E-1
8.921554042E0,-2.315682865E-2,-2.057426735E0,-7.799250126E-1,2.200414514E0
8.931525042E0,-3.283263666E-2,-3.806889977E0,-1.985316825E0,4.293596648E0
8.941495042E0,-5.148631257E-1,-3.365420517E0,-9.116452396E-1,3.524519306E0
8.951465042E0,-1.011445516E-1,-1.380339335E0,1.945207849E0,2.387341718E0
8.961436042E0,3.816294931E-1,2.027391342E0,3.635368922E0,4.179935876E0
8.971406042E0,2.632200688E-1,3.642363069E0,2.407178231E0,4.373854201E0
8.981377042E0,-1.699971970E-2,2.052066300E0,9.203786409E-1,2.249080241E0
8.991347042E0,-2.455186649E-1,-1.116523782E0,-1.071784104E0,1.567043693E0
9.001318042E0,-4.574919999E-1,-2.382024972E0,-2.562630553E0,3.528514878E0
9.011288042E0,-6.044219311E-1,-2.712405812E0,-1.020073083E0,2.960239898E0
9.021259042E0,-1.684592879E-1,-1.666873075E0,7.455205804E-1,1.833751705E0
9.031229042E0,7.481117740E-2,-5.857851738E-1,1.650794109E0,1.753243330E0
9.041200042E0,-9.923691580E-2,-4.348352087E-1,2.296461203E0,2.339372497E0
9.051170042E0,-4.776725318E-1,-4.123766381E-1,1.902717302E0,2.004634299E0
9.061141042E0,-6.072554918E-1,-1.105497980E-1,1.429897411E0,1.557429644E0
9.071111042E0,-7.146855810E-1,1.399867281E-1,1.004425934E0,1.240662412E0
9.081081042E0,-6.574260639E-1,-2.778842461E-1,5.083464038E-1,8.762675106E-1
9.091052042E0,-9.993462384E-1,3.245146215E-2,-3.761145455E-1,1.068273445E0
9.101021875E0,-1.644965605E0,-1.838867462E-1,-3.293374050E-1,1.687657934E0
9.110992875E0,-2.003021171E0,-2.501941717E-1,-9.585574508E-1,2.234619279E0
9.120962875E0,-1.911674067E0,6.947050604E-1,-1.036987324E0,2.283080281E0
9.130933875E0,-1.269599503E0,2.988666871E-1,-7.752963567E-1,1.517329442E0
9.140903875E0,-1.202970188E0,1.781042007E0,-4.970606929E-1,2.205973082E0
9.150874875E0,-1.271274145E0,1.383641258E0,-2.411672401E-1,1.894402998E0
9.160844875E0,-1.335620415E0,1.441860815E0,-2.721761942E-1,1.984168436E0
9.170815875E0,-1.084398302E0,-3.205335447E-1,1.263782108E-1,1.137819355E0
9.180785875E0,-1.010529404E0,-6.515736589E-1,-1.363236229E0,1.817726857E0
9.190756875E0,-1.159881910E0,-1.897655368E-2,-2.763134501E0,2.996764659E0
9.200726875E0,-1.160550977E0,-1.165774003E-1,-4.762352496E-1,1.259868594E0
9.210697875E0,-1.286989268E0,1.094227472E-1,2.135897831E0,2.496071765E0
9.220667875E0,-1.024632888E0,6.897641632E-1,1.296421850E0,1.790630272E0
9.230637875E0,-8.376399547E-1,9.134739563E-1,7.220516109E-1,1.434375785E0
9.240608875E0,-6.706678147E-1,-1.446495903E-1,3.704363143E-1,7.797062810E-1
9.250578875E0,-5.685689609E-1,-1.487686613E0,1.060591364E-1,1.596161227E0
9.260549875E0,-4.245480194E-1,-1.615305896E0,2.767019391E-1,1.692931812E0
9.270519875E0,9.138394073E-3,-5.495306826E-1,2.926747781E-1,6.226764867E-1
9.280490875E0,-8.068122643E-1,-8.820963353E-2,-7.328900099E-3,8.116530552E-1
9.290460875E0,-2.553673130E-1,-1.191699387E0,3.541787159E-1,1.269173927E0
9.300431875E0,-2.927624863E-1,-1.136236208E0,6.658165991E-2,1.175234322E0
9.310401875E0,1.371472837E-1,-8.293050411E-1,1.176471484E-1,8.487620869E-1
9.320372875E0,5.889216933E-1,-8.145639181E-2,1.038474271E0,1.196617197E0
9.330342875E0,4.870488345E-1,-2.921102294E-1,1.884416687E0,1.968139020E0
9.340313875E0,8.534263406E-2,-7.182895124E-2,8.964021331E-1,9.033158626E-1
9.350283875E0,-3.391239994E-1,-2.297309634E-1,2.283559906E-1,4.689646693E-1
9.360254875E0,-6.053270436E-1,-6.448739192E-1,-3.787107092E-1,9.621356467E-1
9.370224875E0,-4.411262645E-1,-1.497366386E0,2.555888128E-1,1.581778783E0
9.380195875E0,-4.674501005E-1,-1.559973694E0,-1.482941598E-1,1.635242697E0
9.390165875E0,-4.184115859E-1,-7.904768980E-1,-3.801473701E-1,9.718199444E-1
9.400135875E0,-6.357477312E-1,4.656620219E-1,5.854992449E-2,7.902179383E-1
9.410106875E0,-1.075809839E0,9.747024903E-1,9.226953077E-1,1.720109992E0
9.420076875E0,-1.238455478E0,1.139873761E-1,9.973356003E-1,1.594190513E0
9.430047875E0,-1.035342210E0,-5.404979038E-1,3.328550899E-1,1.214439783E0
9.440017875E0,-8.647472810E-1,-5.024556264E-1,-3.356377798E-1,1.054941816E0
9.449988875E0,-6.328339174E-1,-2.875660658E-1,-9.607969344E-2,7.017152676E-1
9.459958875E0,-4.013020847E-1,-2.617818913E-1,2.673089719E-1,5.486594647E-1
9.469929875E0,-5.427081513E-1,-4.362125203E-1,5.768746018E-2,6.986711268E-1
9.479899875E0,-6.711172828E-2,-7.471896681E-1,-8.275535077E-1,1.116978600E0
9.489870875E0,3.706137042E-2,-5.862646455E-1,-8.836914557E-1,1.061126933E0
9.499840875E0,-8.434042130E-3,-9.488022485E-1,6.319214594E-1,1.140009461E0
9.509811875E0,1.603442480E-1,-8.418400097E-1,6.233225441E-1,1.059686687E0
9.519781875E0,9.246545635E-2,-5.015191948E-1,9.025224137E-1,1.036637869E0
9.529752875E0,7.267938490E-1,-2.532174745E-1,6.753165704E-1,1.023914478E0
9.539722875E0,1.119720236E0,-1.529409420E-1,1.030055450E0,1.529110384E0
9.549693875E0,7.811862570E-1,-1.999607420E-1,9.101881135E-1,1.216009321E0
9.559663875E0,3.950897104E-1,8.613176697E-1,-3.346542782E-1,1.004966414E0
9.569633875E0,3.965549496E-1,1.258774845E0,-6.597027504E-1,1.475458456E0
9.579604875E0,1.981157262E-2,1.412131231E0,-1.418426929E0,2.001609868E0
9.589574875E0,-4.880208610E-2,6.838681233E-1,-1.533221220E0,1.679531055E0
9.599545875E0,-3.504464382E-1,2.965336481E-1,-6.898638582E-1,8.286477257E-1
9.609515875E0,-4.979558651E-1,7.152685484E-1,-2.383044434E-1,9.035253996E-1
9.619486875E0,-4.039248167E-1,7.237195292E-1,3.681991696E-1,9.069155656E-1
9.629456875E0,3.616871256E-1,7.765187171E-1,3.835504496E-1,9.385679742E-1
9.639427875E0,2.004737438E-1,-2.000274003E-1,4.405175328E-1,5.236949298E-1
9.649397875E0,6.568965986E-1,-1.630633494E-1,-2.308843267E-1,7.151296172E-1
9.659368875E0,6.121921864E-1,-3.594567052E-1,1.937182546E-2,7.101856543E-1
9.669338875E0,6.737196958E-1,-7.924544263E-1,-5.924691260E-2,1.041821694E0
9.679309875E0,1.319734845E0,-1.147441227E0,1.495366931E-2,1.748869648E0
9.689279875E0,1.280039122E0,-8.791443685E-1,3.830896890E-1,1.599422609E0
9.699250875E0,9.897568779E-1,-8.184295124E-1,1.121224067E0,1.704872122E0
9.709220875E0,7.112591857E-1,-6.854419014E-1,1.072634874E0,1.458172076E0
9.719191875E0,1.053059328E-1,-1.047818706E0,8.037173331E-1,1.324754668E0
9.729161875E0,6.818362159E-1,-9.893284231E-1,3.864717185E-2,1.202150140E0
9.739131875E0,1.283158136E-1,-1.177561989E-1,6.127712435E-1,6.370400829E-1
9.749102875E0,2.521417330E-1,-2.678916469E-1,1.613681831E0,1.655086234E0
9.759072875E0,7.062075203E-3,1.626060972E-1,5.611730736E-1,5.842994389E-1
9.769043875E0,2.841256372E-1,-1.658173880E-1,-4.465805107E-1,5.546683121E-1
9.779013875E0,9.222460588E-2,-1.605835453E-1,-1.057363701E-1,2.132431310E-1
9.788984875E0,9.096272193E-2,-3.892336509E-1,1.856970441E-1,4.407498655E-1
9.798954875E0,-4.137271256E-1,-2.879663077E-1,-8.017012131E-1,9.470055776E-1
9.808925875E0,-1.279636194E-1,-1.158304185E-1,-1.064222485E0,1.078128411E0
9.818895875E0,-5.463402590E-2,-3.479572785E-1,-2.335974348E-1,4.226427640E-1
9.828866875E0,-2.401907369E-2,-5.301228967E-1,5.070968539E-1,7.339989242E-1
9.838836875E0,-1.320312806E-1,-4.095582801E-1,3.083271897E-1,5.293731196E-1
9.848807875E0,-8.103223113E-2,-6.524799773E-1,4.630503631E-1,8.041840473E-1
9.858777875E0,-1.444958450E-2,-3.102441993E-1,8.701756167E-1,9.239403973E-1
9.868748875E0,-2.407916114E-1,-4.826031598E-1,5.164091295E-1,7.467026175E-1
9.878718875E0,-8.601543662E-1,-1.047320231E0,3.506861740E-1,1.399902137E0
9.888689875E0,-7.298959431E-1,-5.629348397E-1,-5.356920773E-1,1.066119000E0
9.898659875E0,-1.055047692E0,7.455667734E-2,-7.571378285E-1,1.300746717E0
9.908630875E0,-1.023235988E0,-9.344128355E-1,1.435087985E-1,1.393102297E0
9.918600875E0,-1.295570203E0,-1.001017007E0,7.706215078E-1,1.809528864E0
9.928571875E0,-1.156073984E0,-1.720934969E-1,5.777505147E-1,1.303809374E0
9.938541875E0,-1.739249472E0,3.530820706E-1,8.750293905E-1,1.978719815E0
9.948511875E0,-1.543372571E0,4.599864221E-1,1.434062383E0,2.156413996E0
9.958482875E0,-1.506520495E0,8.199550509E-2,4.719609350E-1,1.580846099E0
9.968452875E0,-1.523409593E0,-3.615888923E-2,-1.708667511E-1,1.533388306E0
9.978423875E0,-1.649687962E0,1.046172422E0,-7.504176235E-1,2.092623645E0
9.988393875E0,-1.507201988E0,1.009362738E0,-5.653959328E-1,1.900037771E0
9.998364875E0,-1.723113203E0,5.268086949E-1,-5.757314712E-1,1.891590135E0
1.000833487E1,-1.802586073E0,1.013000876E-1,-3.797661316E-1,1.844939179E0
1.001830587E1,-1.878176685E0,3.230452162E-1,-9.958860755E-2,1.908356298E0
1.002827587E1,-1.923814787E0,8.429655987E-1,-4.906936598E-1,2.156950302E0
1.003824687E1,-9.269605592E-1,4.584246308E-2,-7.059284985E-2,9.307742799E-1
1.004821688E1,-7.642562288E-1,-6.979412019E-1,6.563505417E-1,1.225563355E0
1.005818787E1,-4.874031026E-1,-1.229065142E0,1.915093519E0,2.327175562E0
1.006815787E1,-9.138228889E-1,-4.429643002E-1,1.772362400E0,2.042684048E0
1.007812888E1,-1.191741560E0,-3.949297160E-1,6.329113930E-1,1.405985156E0
1.008809887E1,-1.133353385E0,-4.586827853E-1,-2.497965610E-1,1.247909497E0
1.009806937E1,-9.204735120E-1,-8.857838818E-1,3.806344432E-1,1.332954294E0
1.010803937E1,-7.486636781E-1,-1.137273796E0,2.869217026E-1,1.391478729E0
1.011801037E1,-2.763710963E-1,8.286410898E-2,-1.046020103E-1,3.069023037E-1
1.012798037E1,-3.873213921E-1,-2.637819314E-1,8.918880826E-1,1.007503409E0
1.013795137E1,-1.704879977E-2,-7.870039442E-1,1.729441499E0,1.900166773E0
1.014792137E1,-5.044615503E-1,-2.966891840E-1,1.615222573E0,1.717978430E0
1.015789137E1,-1.721575605E-1,-6.466903567E-2,1.096666346E0,1.111979039E0
1.016786237E1,-5.614072181E-1,7.095596194E-2,1.729781806E-1,5.917214413E-1
1.017783237E1,5.896997385E-2,-3.118820044E-1,-1.387503344E-1,3.464094366E-1
1.018780337E1,-1.437783551E-1,-2.074299753E-1,-4.502642566E-1,5.161756589E-1
1.019777337E1,-2.691538781E-1,-3.634059146E-1,-8.870752394E-1,9.956958116E-1
1.020774437E1,-1.578036510E-1,-4.193450573E-1,-5.332040870E-1,6.964616772E-1
1.021771438E1,2.009466556E-1,-8.182672521E-1,1.257911503E-1,8.519179936E-1
1.022768537E1,2.672721892E-1,-1.204857084E0,9.276636869E-1,1.543915455E0
1.023765537E1,6.524365617E-1,-7.495104280E-1,6.805755562E-1,1.204417883E0
1.024762637E1,7.028495740E-2,9.115019828E-2,-1.223822236E-1,1.680051860E-1
1.025759637E1,7.367355774E-1,1.885434687E-2,-1.935089242E-1,7.619583330E-1
1.026756737E1,7.728804334E-1,-3.617470595E-1,-1.691181997E0,1.894281301E0
1.027753737E1,1.122659924E-2,-1.597230398E0,-1.387105733E0,2.115498356E0
1.028750837E1,-2.638926082E-1,-1.634534464E0,-1.063456500E0,1.967811462E0
1.029747837E1,-2.163260388E-1,-7.699701279E-1,-9.727305168E-1,1.259307592E0
1.030744937E1,-1.365837034E-1,-2.428664410E-1,5.356973398E-1,6.038301550E-1
1.031741938E1,3.443651146E-1,-4.699661574E-1,2.717025697E-2,5.832613000E-1
1.032739037E1,5.687113041E-1,-1.015154698E0,-7.498060048E-2,1.166016165E0
1.033736037E1,7.852576733E-1,-4.260991761E-1,4.625065720E-1,1.006033027E0
1.034733138E1,1.300972154E0,-4.251203522E-1,4.644583726E-1,1.445329526E0
1.035730137E1,1.407886738E0,-1.026678975E0,5.732265240E-1,1.834340053E0
1.036727237E1,1.519475586E0,-5.596975288E-1,5.427882582E-1,1.707830926E0
1.037724237E1,1.292185689E0,3.736443892E-1,-2.979928207E-1,1.377734991E0
1.038721237E1,1.298146048E0,2.845775539E-1,-4.546444058E-2,1.329749812E0
1.039718337E1,1.873053208E0,-1.862770879E-1,-8.972610891E-2,1.884430484E0
1.040715337E1,1.906650871E0,-4.502326816E-2,4.826771271E-1,1.967313357E0
1.041712438E1,1.640887025E0,5.866382825E-1,1.435374498E-1,1.748501560E0
1.042709437E1,1.138884193E0,5.470494166E-1,3.772015429E-1,1.318560303E0
1.043706537E1,7.128669508E-1,7.276585060E-1,5.713472289E-1,1.167948563E0
1.044703537E1,2.564003515E-1,6.738126665E-1,9.390277505E-2,7.270367123E-1
1.045700637E1,2.716306901E-2,3.903761968E-1,-4.040969807E-1,5.625173572E-1
1.046697637E1,3.547770688E-1,3.462694797E-1,-2.752342880E-1,5.670301883E-1
1.047694737E1,1.604700910E-1,6.611195308E-1,-8.770823479E-4,6.803164362E-1
1.048691737E1,8.188438516E-3,9.864846298E-1,-8.976586998E-2,9.905942089E-1
1.049688837E1,6.469087137E-2,8.087503240E-1,-8.681045330E-1,1.188220298E0
1.050685837E1,-3.043064797E-1,3.529180562E-1,-1.500648721E0,1.571337065E0
1.051682938E1,-1.477258378E-1,-8.136979455E-1,-2.164284309E0,2.316906092E0
1.052679937E1,-2.283199389E-1,-9.881984487E-1,-1.114428433E0,1.506856629E0
1.053677037E1,-2.768063119E-1,-9.263664821E-1,-3.467106521E-2,9.674599093E-1
1.054674037E1,-1.551842629E-1,5.034192476E-1,2.472921985E-1,5.819506214E-1
1.055671137E1,-2.124962587E-1,-2.089794874E-1,6.770654726E-1,7.397599207E-1
1.056668137E1,-9.663753608E-2,-6.494461495E-1,5.813126385E-1,8.769512519E-1
1.057665237E1,-2.916270667E-1,-1.094277173E0,3.873569870E-1,1.196885255E0
1.058662237E1,-7.379369610E-1,-5.873349783E-1,-6.091278434E-2,9.451051277E-1
1.059659237E1,-4.545883457E-1,-4.917473280E-1,-4.648314250E-1,8.151897032E-1
1.060656337E1,-4.515145375E-1,-6.508298931E-1,-3.321434838E-1,8.589320235E-1
1.061653337E1,-6.582540297E-1,-1.502163442E0,-2.656682432E-1,1.661437026E0
1.062650437E1,-6.711957452E-1,-1.178384400E0,6.333411634E-1,1.496734630E0
1.063647437E1,-1.129110133E0,-1.194233863E0,2.504480578E0,2.995581275E0
1.064644537E1,-7.089499741E-1,-7.005437976E-1,2.612289201E0,2.795966121E0
1.065641537E1,-6.382879809E-1,-3.645440751E-1,1.770918138E0,1.917408402E0
1.066638637E1,-1.395843520E0,-1.819668129E-1,1.335470726E0,1.940353863E0
1.067635637E1,-5.924582355E-1,-3.629395992E-1,1.701884741E-1,7.153293159E-1
1.068632737E1,-2.612300786E-1,-1.015096518E0,-9.333033264E-2,1.052317749E0
1.069629737E1,-1.122302001E0,-1.359084999E0,-3.729395074E-1,1.801598649E0
1.070626837E1,-9.398857563E-1,-1.143950440E0,-3.670010751E-1,1.525351642E0
1.071623837E1,-1.443431231E0,-7.954131174E-1,5.716623938E-1,1.744412118E0
1.072620837E1,-1.441065301E0,-1.836765388E-1,8.930955327E-1,1.705293495E0
1.073617937E1,-1.749642167E0,5.635283321E-1,-6.735817015E-2,1.839388218E0
1.074614937E1,-1.705035074E0,6.608724859E-1,-1.006520991E0,2.087338390E0
1.075612037E1,-5.690742700E-1,-3.825274792E-1,-2.563740939E-1,7.320522339E-1
1.076609037E1,-5.946445095E-1,-5.118056166E-1,-1.251239830E-1,7.944829092E-1
1.077606137E1,-9.461576991E-1,4.529510522E-1,-1.143931729E-1,1.055208437E0
1.078603137E1,-9.942756792E-1,5.717866471E-1,1.932990092E-1,1.163137396E0
1.079600237E1,-9.609123438E-1,9.216536263E-1,-2.612834162E-1,1.356859227E0
1.080597237E1,-6.406261363E-1,1.534994681E0,-1.269926362E0,2.092683321E0
1.081594337E1,-2.264805328E-1,2.413963341E0,-2.416555996E0,3.423193731E0
1.082591337E1,5.427447695E-1,2.139250332E0,-1.194707195E0,2.509639247E0
1.083588437E1,9.774821104E-1,1.205220489E0,1.490132504E0,2.151400144E0
1.084585437E1,7.550073954E-1,1.154262004E0,2.330206069E0,2.707806726E0
1.085582438E1,4.882384505E-1,1.801473641E0,5.737948734E-1,1.952671150E0
1.086579537E1,1.121663046E0,4.613821524E-1,3.017040485E-1,1.249810711E0
1.087576537E1,1.236244353E0,-9.042909041E-1,8.027332467E-1,1.729283900E0
1.088573637E1,1.452109522E0,-1.015552601E0,2.678808296E-1,1.792129819E0
1.089570637E1,1.174632096E0,5.192248562E-1,-6.562037766E-1,1.442206091E0
1.090567737E1,1.704710700E0,3.658459577E-1,-5.940800339E-1,1.841958990E0
1.091564737E1,1.538558120E0,-1.457281677E0,-3.273809266E-1,2.144296912E0
1.092561837E1,1.398136505E0,-2.745893401E0,-3.294736451E-1,3.098914187E0
1.093558837E1,9.185881504E-1,-1.604246179E0,4.598876041E-1,1.904968924E0
1.094555937E1,6.653844899E-1,-7.657832292E-1,1.430706666E0,1.753876289E0
1.095552938E1,2.874140930E-1,-6.415193716E-1,1.270342684E0,1.451869312E0
1.096549937E1,-1.897200747E-1,-1.366017165E0,4.127292252E-1,1.439563134E0
1.097547037E1,-4.665913638E-1,-5.669857907E-1,-2.037941766E-1,7.620449160E-1
1.098544037E1,-1.503404386E-1,-1.470352542E-1,9.505643070E-2,2.307755153E-1
1.099541137E1,-6.843977349E-1,-1.401867029E-1,-4.671574473E-2,7.001677884E-1
1.100538137E1,-3.656906228E-2,-9.537337902E-1,-9.331548071E-1,1.334812096E0
1.101535237E1,-2.619678327E-1,-7.185748565E-1,-8.857596159E-1,1.170276492E0
1.102532237E1,-5.026680265E-1,6.860508889E-2,1.595044416E-1,5.318114986E-1
1.103529337E1,-1.119739057E-1,1.195907044E0,-1.404968977E-2,1.201219883E0
1.104526337E1,-5.013758650E-1,2.681936556E-1,6.995784223E-2,5.728871569E-1
1.105523337E1,-1.596033692E-1,-1.349366049E0,9.106278241E-2,1.361820253E0
1.106520437E1,-2.873392669E-1,-1.770698283E0,-1.436491317E-1,1.799603105E0
1.107517437E1,-6.815941411E-1,-7.912022451E-1,8.091377020E-2,1.047434296E0
1.108514537E1,-6.474236341E-2,-6.250001103E-1,5.251349294E-1,8.188915713E-1
1.109511575E1,-5.571412540E-2,-1.382331482E0,1.502535617E-1,1.391589207E0
1.110508675E1,5.401684132E-1,-1.836232706E0,-3.332550395E-1,1.942830767E0
1.111505675E1,1.264754938E0,-1.025084732E0,2.621534818E-1,1.648977929E0
1.112502675E1,7.011411638E-1,-5.315092716E-1,1.384565118E0,1.640463838E0
1.113499775E1,4.087137960E-1,-8.585229930E-1,1.600878768E0,1.861967112E0
1.114496775E1,-6.415340262E-2,-5.722509161E-1,9.560940188E-1,1.116110453E0
1.115493875E1,4.065072030E-1,2.749802265E-1,2.570909625E-1,5.540378995E-1
1.116490875E1,9.032123121E-1,5.342308581E-3,-4.153745055E-2,9.041827143E-1
1.117487975E1,1.082859900E0,-1.980621511E-1,-7.688223195E-1,1.342721839E0
1.118484975E1,1.033788020E0,8.620900869E-2,-7.643994856E-1,1.288586915E0
1.119481975E1,6.779283755E-1,6.250840178E-1,-2.677925366E-1,9.602238042E-1
1.120479075E1,6.571027403E-2,1.041081252E0,5.227200294E-1,1.166792287E0
1.121476075E1,-3.590149115E-1,1.002125639E0,7.267808390E-1,1.288936729E0
1.122473175E1,-6.326292649E-1,1.125722037E0,-8.737833488E-1,1.559155936E0
1.123470175E1,-7.362678002E-1,8.608484307E-1,-1.755414246E0,2.089169564E0
1.124467275E1,-5.954944754E-1,1.262480810E0,-1.516695235E0,2.061270458E0
1.125464275E1,-6.737154566E-1,1.065488407E0,-6.337183088E-1,1.410941869E0
1.126461275E1,-5.435959779E-1,1.019873401E0,-8.967231452E-1,1.462788686E0
1.127458375E1,-5.545095867E-1,7.224594542E-1,-7.828076899E-2,9.140877548E-1
1.128455375E1,-1.021960857E0,2.154310128E-1,5.608842212E-1,1.185498049E0
1.129452475E1,-1.421821676E0,-4.457469901E-1,8.085143888E-1,1.695276607E0
1.130449475E1,-1.089819548E0,4.092293742E-1,1.433123320E-1,1.172908246E0
1.131446575E1,-1.443688654E0,-1.791548869E-1,-3.287444973E-1,1.491444383E0
1.132443575E1,-1.133726875E0,-7.885356224E-1,4.667411256E-1,1.457728484E0
1.133440575E1,-1.264487574E0,-1.256378656E0,9.023142529E-1,1.997895684E0
1.134437675E1,-1.643376039E0,-5.544642708E-1,7.893711895E-1,1.905576634E0
1.135434675E1,-1.128532063E0,-1.474723336E-1,1.200807595E-1,1.144444011E0
1.136431775E1,-7.762716722E-1,-3.893006015E-1,-1.214875996E-2,8.685046113E-1
1.137428775E1,-6.678330114E-1,-1.256421925E0,5.432279688E-1,1.523054041E0
1.138425875E1,-7.163385158E-1,-7.718488383E-1,1.088899489E0,1.514791601E0
1.139422875E1,-6.915944148E-1,-1.759333634E-1,1.052396491E0,1.271532051E0
1.140419875E1,-3.290246520E-1,-1.753252530E-1,1.406326700E0,1.454905823E0
1.141416975E1,-2.905794284E-1,-1.138715720E0,8.667088026E-1,1.460237667E0
1.142413975E1,-6.663682839E-1,-3.338760138E-1,-1.035076454E0,1.275501136E0
1.143411075E1,-5.654679632E-1,-1.120226239E0,-8.038734537E-1,1.490259499E0
1.144408075E1,-7.399175591E-1,-8.438938442E-1,-3.461686152E-1,1.174507354E0
1.145405075E1,-5.182076599E-1,-1.156550605E0,1.762701631E-2,1.267461712E0
1.146402175E1,3.219949832E-1,-6.810594133E-1,1.228985327E-1,7.632999037E-1
1.147399175E1,5.507595115E-1,-5.262116942E-1,1.341299230E0,1.542503942E0
1.148396275E1,4.459453935E-1,-1.448157974E0,2.021497056E0,2.526356895E0
1.149393275E1,-1.819379423E-1,-9.975729972E-1,1.271026808E0,1.625965082E0
1.150390275E1,-2.767482417E-1,3.728155464E-1,-2.383512211E-1,5.219121818E-1
1.151387375E1,-3.186871402E-1,2.614506465E-1,-1.719060352E0,1.767791398E0
1.152384375E1,1.186618230E-1,-6.785319543E-1,-6.180822694E-1,9.254792991E-1
1.153381475E1,-8.524878625E-2,-1.117182179E0,6.834225655E-2,1.122512379E0
1.154378475E1,-3.123897986E-1,5.340963721E-2,-1.580233419E-1,3.541346526E-1
1.155375475E1,-6.178266730E-2,5.035607502E-1,7.853354412E-1,9.349557649E-1
1.156372575E1,-5.373424539E-1,-2.954200459E-1,1.692354949E0,1.800020885E0
1.157369575E1,-3.547149056E-1,-1.070417610E-1,8.638992155E-1,9.400013071E-1
1.158366675E1,-7.042279820E-1,4.063285705E-1,-1.898532450E-1,8.349156919E-1
1.159363675E1,-9.727219652E-1,1.801556086E0,-6.779413855E-1,2.156709734E0
1.160360675E1,-4.932715510E-1,1.213564173E0,-4.744115031E-1,1.393241221E0
1.161357775E1,-5.240842944E-1,-9.390803754E-2,-1.948149583E0,2.019596461E0
1.162354775E1,-5.851572924E-1,1.396487591E-1,-1.914554991E0,2.006846194E0
1.163351875E1,-1.903267599E-1,4.128868076E-1,-1.510838664E-1,4.790888499E-1
1.164348875E1,2.539345624E-1,6.265274030E-1,1.261902228E0,1.431578353E0
1.165345875E1,2.568478645E-1,8.972438398E-1,1.030457153E0,1.390273095E0
1.166342975E1,6.401370898E-1,7.885955563E-1,4.890511769E-1,1.127310737E0
1.167339975E1,4.319695614E-1,4.251510501E-1,-2.951463962E-1,6.741383482E-1
1.168337075E1,7.690947998E-1,-1.081077084E-1,-3.722688317E-2,7.775473802E-1
1.169334075E1,2.864142191E-1,-8.021836084E-1,-4.159767687E-1,9.479284354E-1
1.170331175E1,5.956333833E-1,-1.011489955E0,-1.173862456E0,1.660073529E0
1.171328175E1,-4.268832877E-4,-4.046384329E-1,-1.747872507E0,1.794098867E0
1.172325175E1,4.292623005E-1,-1.378235215E0,-6.487064767E-1,1.582598661E0
1.173322275E1,-6.699973583E-2,-1.478792998E0,1.972752328E0,2.466387934E0
1.174319275E1,4.742071063E-1,-7.279210460E-1,2.733331828E0,2.868073275E0
1.175316275E1,4.057045265E-1,6.045977131E-1,1.438071819E0,1.611888679E0
1.176313375E1,5.833974633E-1,3.481224623E-1,9.650659865E-1,1.180209391E0
1.177310375E1,-9.248281527E-2,-4.450605270E-1,4.881279016E-1,6.670088396E-1
1.178307475E1,-2.968921007E-1,-8.569252414E-1,-7.643316579E-1,1.186030637E0
1.179304475E1,-7.133532199E-1,1.480085233E-1,-1.553374819E0,1.715736771E0
1.180301475E1,-4.312284999E-1,-1.169826123E-1,-8.899836445E-1,9.958483008E-1
1.181298575E1,-2.013899842E-1,-6.271287891E-1,-3.212179613E-1,7.328229135E-1
1.182295575E1,-2.160418276E-1,-6.644313937E-1,1.904467374E-1,7.241637301E-1
1.183292675E1,-3.648957121E-1,1.471811423E-1,1.180795500E0,1.244624112E0
1.184289675E1,6.901987575E-2,4.608933252E-1,1.381964276E0,1.458427805E0
1.185286675E1,-2.109828714E-1,1.027762172E-1,1.272055333E0,1.293522900E0
1.186283775E1,1.128603527E-1,-8.757649702E-1,-1.342684436E-1,8.931571850E-1
1.187280775E1,2.809998984E-1,-8.103436902E-1,-1.008029573E0,1.323533702E0
1.188277875E1,7.280688344E-1,-7.666328296E-1,9.794805425E-1,1.441246771E0
1.189274875E1,3.390707898E-1,-5.116003793E-1,2.088963985E0,2.177263071E0
1.190271875E1,-6.754523720E-1,-3.214193979E-1,2.455421269E-1,7.872974484E-1
1.191268975E1,-8.139799275E-1,-2.968078825E-1,-1.129452853E0,1.423489371E0
1.192265975E1,-7.687683789E-1,-2.108359784E-1,-9.348832440E-1,1.228602177E0
1.193263075E1,-8.244919787E-1,-8.796483985E-1,-7.732276118E-1,1.432288123E0
1.194260075E1,-6.345430586E-1,-1.163450612E0,-2.483815348E-1,1.348315840E0
1.195257075E1,-9.342050767E-2,-1.407975908E0,6.440988708E-1,1.551124400E0
1.196254175E1,3.756692069E-1,-1.427484266E0,9.842793524E-1,1.774160231E0
1.197251175E1,7.360347886E-1,-1.170883007E0,5.598942876E-1,1.492044182E0
1.198248275E1,7.984207790E-1,-7.518270949E-1,3.045440412E-1,1.138185747E0
1.199245275E1,8.504083733E-1,-5.500586861E-1,1.172904097E0,1.549665442E0
1.200242275E1,7.248563741E-1,4.280483454E-1,1.151377573E0,1.426293260E0
1.201239375E1,2.078207703E-1,1.253771382E0,2.508683556E-1,1.295402286E0
1.202236375E1,9.932944799E-2,1.394027082E0,-5.090737975E-1,1.487391669E0
1.203233375E1,8.381239031E-3,6.748195571E-1,-3.114946264E-1,7.432903753E-1
1.204230475E1,-9.076227938E-1,8.317059079E-1,2.100390029E-1,1.248851567E0
1.205227475E1,-1.365008228E0,1.500752217E0,5.058075428E-1,2.090776399E0
1.206224575E1,-1.423472783E0,2.012349965E0,-8.714128876E-1,2.614419164E0
1.207221575E1,-1.031921735E0,1.441937413E0,-1.325453861E0,2.213791749E0
1.208218575E1,-9.858248446E-1,-1.604975912E-1,2.694537306E-1,1.034512162E0
1.209215675E1,-6.631436907E-1,2.380141291E-1,6.529059470E-2,7.075826043E-1
1.210212637E1,-5.849025000E-1,-1.166449648E0,-1.566907614E-1,1.314255573E0
1.211209737E1,1.972878701E-1,-1.042255957E0,-4.822806859E-1,1.165253039E0
1.212206737E1,-2.540419319E-1,-1.013414566E0,-1.267091632E-3,1.044771741E0
1.213203737E1,-9.679577636E-2,-7.907400227E-1,9.887688446E-1,1.269764952E0
1.214200837E1,-2.032709239E-1,-7.007443571E-1,1.649507137E0,1.803672786E0
1.215197837E1,-9.958420387E-2,-5.424073121E-1,5.785685402E-1,7.992898483E-1
1.216194937E1,2.732815738E-1,-7.447043091E-1,4.789951354E-1,9.266626497E-1
1.217191937E1,5.702020517E-1,-1.241174433E0,5.037002063E-1,1.455801584E0
1.218188937E1,-1.125438630E-1,-7.496589473E-1,3.006872177E-1,8.155166836E-1
1.219186037E1,1.584402849E-1,3.296180713E-1,5.531559563E-1,6.631235999E-1
1.220183037E1,1.871378346E-1,1.928777173E-1,-6.192201376E-3,2.688135531E-1
1.221180037E1,2.104358096E-3,-3.255820307E-1,-5.312821072E-1,6.231121605E-1
1.222177137E1,2.396884976E-1,-5.240163571E-1,-8.540431488E-1,1.030258908E0
1.223174137E1,1.412543314E-1,-1.216659397E-2,1.494080544E-2,1.425624067E-1
1.224171237E1,3.750090197E-1,4.157338169E-1,6.839897454E-2,5.640432529E-1
1.225168237E1,-5.470962309E-1,-7.522016090E-1,5.917200977E-1,1.102385695E0
1.226165237E1,-5.766811321E-1,-1.509619227E0,6.108434165E-1,1.727611362E0
1.227162337E1,-4.227941471E-1,-6.879252139E-1,6.528679401E-1,1.038379766E0
1.228159337E1,-5.224270473E-1,-4.589611128E-1,5.148824215E-1,8.652625213E-1
1.229156437E1,-1.692223130E-1,-6.227430850E-1,-7.984431446E-2,6.502463039E-1
1.230153438E1,2.159757175E-1,-1.768855240E0,-6.149452382E-1,1.885113264E0
1.231150437E1,4.183439409E-1,-1.521420954E0,-2.028410804E-1,1.590873307E0
1.232147537E1,4.138806516E-1,-3.022928631E-1,7.135678858E-1,8.785540942E-1
1.233144537E1,4.068775875E-1,3.151415348E-1,1.362504158E0,1.456461856E0
1.234141637E1,3.339819214E-1,-5.689001691E-1,2.029405416E0,2.133934785E0
1.235138637E1,-2.407075211E-1,-6.835023800E-1,1.769381490E0,1.912021566E0
1.236135637E1,-5.932377425E-1,2.110643122E-1,8.906052035E-1,1.090713891E0
1.237132737E1,-1.334043713E0,9.175775322E-1,-2.267614549E-1,1.634944009E0
1.238129737E1,-1.950879210E0,-2.330437034E-1,-9.076381427E-1,2.164265708E0
1.239126737E1,-2.309170419E0,-6.314335093E-1,-2.180729603E0,3.238295524E0
1.240123837E1,-2.322388781E0,-3.053728840E-1,-2.473033082E0,3.406264064E0
1.241120837E1,-1.791339246E0,-4.805855781E-2,-1.137444243E0,2.122495071E0
1.242117937E1,-1.741191917E0,-5.710765028E-1,-3.264594054E-1,1.861304222E0
1.243114937E1,-1.419035770E0,-8.180620149E-1,1.197697461E0,2.029129662E0
1.244111937E1,-1.054012296E0,4.424170008E-1,1.031114380E0,1.539438725E0
1.245109037E1,-1.120044245E0,1.014711186E0,9.706997788E-1,1.796217126E0
1.246106037E1,-9.743561889E-1,6.392714095E-1,7.424437755E-1,1.381759993E0
1.247103137E1,-1.080677573E0,-2.861130327E-2,-4.480007994E-1,1.170208246E0
1.248100137E1,-1.192459891E0,2.947490779E-1,-1.175047687E0,1.699874900E0
1.249097137E1,-5.533188743E-1,4.385806426E-1,-7.039234883E-1,9.970070381E-1
1.250094237E1,-5.813451637E-1,5.421959352E-1,-6.424575573E-1,1.022100946E0
1.251091238E1,2.675090380E-1,-1.771180093E-1,-4.225151253E-1,5.305194678E-1
1.252088337E1,4.226535947E-1,-5.986034399E-1,2.959386939E-1,7.902796024E-1
1.253085337E1,5.872003461E-1,4.759808958E-2,1.548677750E0,1.656946770E0
1.254082337E1,6.246406527E-1,8.459839314E-2,1.490606713E0,1.618406996E0
1.255079437E1,3.359196887E-1,-1.463271564E-1,3.176032126E-1,4.848973857E-1
1.256076437E1,2.545134551E-1,-8.609720993E-1,-4.204522276E-1,9.913778948E-1
1.257073437E1,2.453938634E-1,-1.202366755E0,-5.335385478E-1,1.338120826E0
1.258070538E1,2.706916958E-1,-1.180161369E0,1.142072314E-1,1.216181789E0
1.259067537E1,9.270749453E-2,-6.984148264E-1,6.450449502E-1,9.552282121E-1
1.260064637E1,-4.087181814E-1,-4.638420761E-1,9.786707032E-1,1.157582122E0
1.261061637E1,-1.862772524E-1,-2.833280039E-1,1.184696177E0,1.232265801E0
1.262058637E1,-4.568837798E-1,-4.517763466E-2,8.629192221E-1,9.774525005E-1
1.263055737E1,-3.694417761E-1,2.413505504E-1,3.357330894E-1,5.544853663E-1
1.264052737E1,-2.162152341E-2,-2.666330338E-2,-1.002292285E0,1.002879976E0
1.265049837E1,2.774599941E-1,-1.087214321E0,-1.144842140E0,1.603022943E0
1.266046837E1,3.896603149E-1,-1.498468879E0,-3.162367183E-1,1.580268902E0
1.267043837E1,1.854378298E-1,-9.676510406E-1,-4.890464991E-1,1.099955546E0
1.268040937E1,3.944224700E-1,-9.163475704E-1,-1.811905950E-1,1.013948710E0
1.269037937E1,4.398484652E-1,-9.558917052E-1,9.051612622E-1,1.387988665E0
1.270035037E1,2.531434159E-1,-1.033309425E0,1.324929950E0,1.699190787E0
1.271032037E1,-3.200901979E-2,-7.776478145E-1,1.602897227E-1,7.946404821E-1
1.272029038E1,2.511993446E-1,-6.839771739E-1,-1.138482124E-1,7.374871528E-1
1.273026137E1,-3.883028107E-1,-9.895871624E-1,4.133314884E-1,1.140572113E0
1.274023137E1,-6.916164149E-1,-6.700070062E-1,-4.881314099E-2,9.641708233E-1
1.275020237E1,-7.860815459E-1,-5.254802075E-1,-2.803061628E-1,9.862176181E-1
1.276017237E1,-7.213750881E-1,-8.618626302E-1,-2.447504139E-1,1.150257352E0
1.277014237E1,-8.135149276E-1,-5.787462956E-1,-2.182023007E-1,1.021942296E0
1.278011337E1,-5.376770608E-1,-1.404121131E-1,8.624163616E-1,1.025950371E0
1.279008338E1,-4.821785058E-1,2.507949731E-1,6.717129314E-1,8.640558386E-1
1.280005337E1,-2.137472888E-1,-1.873769492E-2,6.420687175E-1,6.769721136E-1
1.281002437E1,4.047600549E-1,1.194954532E-1,-6.485439241E-2,4.269847276E-1
1.281999437E1,6.771281840E-1,7.768493772E-2,-1.209228755E0,1.388082026E0
1.282996537E1,5.267248239E-1,5.670957184E-1,-5.386805892E-1,9.429811086E-1
1.283993537E1,9.689085574E-1,6.977011737E-1,-4.229302776E-1,1.266665204E0
1.284990537E1,4.730882051E-1,7.199977764E-1,-4.841898018E-1,9.882555399E-1
1.285987637E1,4.621540580E-1,4.461171189E-1,-8.159432763E-1,1.038446093E0
1.286984637E1,6.904335232E-1,1.297947389E-1,2.225198847E-1,7.369261994E-1
1.287981737E1,2.356370349E-1,2.330732319E-1,8.178711033E-1,8.824744105E-1
1.288978737E1,-2.322058157E-2,5.914452785E-1,1.243380588E0,1.377077339E0
1.289975737E1,5.410925200E-2,9.801412779E-1,5.778382230E-1,1.139079342E0
1.290972837E1,-1.978359369E-1,3.650720787E-1,-1.462581593E-1,4.402364475E-1
1.291969837E1,3.712567152E-1,2.003706318E-1,-5.250606698E-1,6.735492897E-1
1.292966937E1,3.638259640E-1,2.014392105E-1,9.621850634E-1,1.048211421E0
1.293963937E1,7.304510631E-1,9.045204073E-2,8.274330550E-1,1.107423039E0
1.294960937E1,3.899011836E-1,-3.903221101E-1,2.353919452E-1,5.998196816E-1
1.295958037E1,5.064543910E-1,-4.172812825E-1,-2.245365894E-1,6.935678762E-1
1.296955037E1,5.151726992E-1,-5.442471385E-1,1.206865311E-3,7.494059743E-1
1.297952137E1,5.801931891E-1,5.368854940E-2,-5.649527138E-1,8.115899001E-1
1.298949137E1,4.913340761E-1,-5.499277085E-1,-4.731344712E-1,8.761768581E-1
1.299946138E1,8.573026060E-1,-1.119914583E0,-7.319392526E-1,1.588997011E0
1.300943237E1,9.071474882E-1,-1.256101498E0,-3.234936976E-1,1.582831548E0
1.301940237E1,1.061465450E0,-7.521279341E-1,-1.634133053E-1,1.311148061E0
1.302937338E1,1.325613782E0,-6.172844169E-1,1.940954000E-1,1.475115241E0
1.303934337E1,1.124742775E0,-5.975377849E-1,6.218537235E-1,1.417321335E0
1.304931337E1,6.642560504E-1,-7.078952095E-1,7.951716274E-1,1.254850447E0
1.305928437E1,5.428580228E-1,-3.076103210E-2,3.231937355E-1,6.325308409E-1
1.306925437E1,1.606470424E-1,3.695817438E-1,-2.617242962E-1,4.805182044E-1
1.307922537E1,-1.673028731E-1,-1.235230154E-1,6.247732383E-1,6.584753496E-1
1.308919537E1,-2.340647552E-1,-3.288272354E-1,1.075466096E0,1.148712751E0
1.309916562E1,-8.980028084E-1,2.600227565E-2,9.341476643E-1,1.296038974E0
1.310913662E1,-1.156097226E0,8.467133716E-1,1.651516825E-1,1.442483764E0
1.311910662E1,-1.168704920E0,4.511360765E-1,7.461631894E-2,1.254975117E0
1.312907762E1,-1.204522478E0,-4.527879149E-1,1.062934343E0,1.669047846E0
1.313904762E1,-1.488396611E0,-1.065386665E0,7.039936548E-1,1.961117101E0
1.314901762E1,-1.216470386E0,-1.360735960E0,1.376867259E-1,1.830398915E0
1.315898862E1,-7.508162574E-1,-1.682117643E0,2.518120962E-1,1.859207936E0
1.316895862E1,-6.489395613E-1,-1.651961798E0,-1.241270328E-1,1.779187415E0
1.317892962E1,-3.613565021E-1,-1.025901880E0,-5.157828927E-3,1.087694715E0
1.318889962E1,3.478358757E-1,-3.948472703E-1,6.518534482E-2,5.302294715E-1
1.319886962E1,5.890085245E-1,-4.221619534E-1,-2.963585240E-1,7.829304769E-1
1.320884062E1,3.641110157E-1,-1.081396927E0,-5.207530260E-1,1.254264669E0
1.321881062E1,4.621720747E-1,-1.318886560E0,-1.480456531E-1,1.405340635E0
1.322878162E1,-4.654246250E-1,-7.627189958E-1,3.073957282E-1,9.449087161E-1
1.323875163E1,-9.213133914E-1,2.661380669E-1,8.672286201E-1,1.292955264E0
1.324872162E1,-1.450278905E0,5.367931080E-1,6.137798882E-1,1.663785291E0
1.325869262E1,-1.412989457E0,-2.261907667E-1,-5.280661386E-1,1.525304990E0
1.326866262E1,-7.290954593E-1,-1.071487066E0,-8.838616097E-1,1.568717969E0
1.327863362E1,-5.301742791E-1,-1.747667562E0,-2.852061296E-1,1.848450489E0
1.328860362E1,-1.441728229E-1,-1.025799554E0,8.254748225E-1,1.324560006E0
1.329857362E1,-1.254337393E0,-2.035535637E-1,1.614675273E0,2.054743922E0
1.330854462E1,-9.637540175E-1,-3.203879490E-1,2.691266958E0,2.876523611E0
1.331851462E1,-8.531296675E-1,-1.717210293E-1,1.935119063E0,2.121792669E0
1.332848562E1,-1.253856605E0,9.838978216E-1,1.442274213E-2,1.593869294E0
1.333845562E1,-4.915774664E-1,1.314583595E0,-1.077348315E0,1.769309985E0
1.334842562E1,-3.485668507E-1,1.453565186E-1,-1.139513572E0,1.200465972E0
1.335839662E1,-6.675057136E-1,-5.605860132E-1,-5.186907130E-1,1.014327665E0
1.336836662E1,-1.448731439E0,4.432189465E-4,-3.030360442E-1,1.480085749E0
1.337833762E1,-1.220055167E0,1.601306784E-1,2.244336784E-1,1.250818501E0
1.338830762E1,-1.096689734E0,-5.285608131E-1,7.520203453E-1,1.430957549E0
1.339827762E1,-1.167251886E0,-1.502697878E0,1.243252534E0,2.272939669E0
1.340824862E1,-1.303490257E0,-7.175700125E-1,8.839615971E-1,1.730717099E0
1.341821862E1,-9.559563900E-1,3.527429321E-1,1.592074031E-1,1.031323030E0
1.342818962E1,-4.735434108E-1,2.980624026E-1,-6.231026888E-2,5.629983369E-1
1.343815962E1,-3.424380916E-1,-3.861141613E-1,9.215387285E-2,5.242521611E-1
1.344812963E1,-6.469319198E-1,-5.818529212E-1,1.397595638E-1,8.812527824E-1
1.345810062E1,-6.536223771E-1,-2.589936465E-1,3.302788067E-1,7.767779676E-1
1.346807062E1,-4.601502903E-1,-1.512888113E-1,-1.462704384E-1,5.059858054E-1
1.347804162E1,4.236636646E-3,-2.858826524E-1,1.798463202E-1,3.377743905E-1
1.348801162E1,1.697900046E-1,-1.133982691E-1,-6.516832942E-1,6.829194162E-1
1.349798162E1,4.708721834E-1,-6.134606302E-3,-1.523296741E0,1.594425040E0
1.350795262E1,8.805675077E-1,-6.403815034E-1,-1.140716929E0,1.576934596E0
1.351792262E1,1.212188981E0,-1.266974688E0,-6.397479576E-1,1.866522016E0
1.352789362E1,8.813103233E-1,-5.393474641E-1,-4.201721460E-1,1.115413917E0
1.353786362E1,7.527876462E-1,1.590591761E-1,7.690988928E-1,1.087888859E0
1.354783463E1,3.549658243E-1,-2.050296932E-1,1.379852262E0,1.439454819E0
1.355780462E1,1.000100822E-1,-1.215864176E0,7.728048581E-1,1.444145096E0
1.356777462E1,1.051445588E-1,-1.983096929E0,7.037065566E-1,2.106877246E0
1.357774562E1,1.168462900E-1,-1.376849717E0,8.344456208E-1,1.614208070E0
1.358771562E1,2.045049787E-1,-3.549026012E-1,1.058749491E0,1.135221841E0
1.359768662E1,7.236903662E-1,2.820878094E-1,1.545886874E-1,7.919589261E-1
1.360765662E1,1.257133970E0,-7.609946519E-2,-6.210830605E-1,1.404251087E0
1.361762662E1,1.667878796E0,-4.863319293E-1,-8.623929727E-1,1.939603069E0
1.362759762E1,1.534514332E0,-1.199778485E-1,-4.898440593E-1,1.615263484E0
1.363756762E1,1.006217813E0,5.308453202E-2,2.249745458E-1,1.032427141E0
1.364753862E1,1.445416909E-1,-3.136101490E-1,6.423850518E-1,7.293162420E-1
1.365750862E1,-6.152332136E-1,-6.374388921E-1,9.293044156E-1,1.283918590E0
1.366747862E1,-1.159117021E0,-8.387538493E-1,1.415844213E0,2.012877325E0
1.367744962E1,-1.307375293E0,-1.677522317E-1,1.240638244E0,1.810125471E0
1.368741962E1,-8.422321386E-1,-5.733165711E-2,2.389757037E-2,8.445193829E-1
1.369739062E1,-5.032285552E-2,-4.439720678E-1,-9.400363952E-1,1.040822757E0
1.370736062E1,6.327839237E-1,-3.540269807E-1,-8.644272190E-1,1.128266376E0
1.371733162E1,5.618445533E-1,1.259186196E-1,1.033828658E-1,5.849895877E-1
1.372730162E1,7.702946484E-1,1.861829478E-1,6.319869483E-1,1.013619967E0
1.373727162E1,5.007548907E-1,-1.756532818E-1,9.717516929E-1,1.107208602E0
1.374724262E1,-2.183638117E-2,-5.808132863E-1,7.048134345E-1,9.135550769E-1
1.375721263E1,-2.372535891E-1,-7.454545069E-1,2.497339958E-1,8.211934949E-1
1.376718362E1,-3.024678228E-1,-5.530384272E-1,-2.787373549E-1,6.892262320E-1
1.377715362E1,-3.916796874E-1,-4.408771366E-1,-5.163529962E-1,7.838405729E-1
1.378712362E1,1.625358209E-1,-2.200932902E-1,-5.626810706E-1,6.256747851E-1
1.379709462E1,2.096766217E-1,-5.437580189E-1,2.018488079E-1,6.167495522E-1
1.380706462E1,-5.973911659E-1,-9.478301489E-1,8.008159447E-1,1.377158079E0
1.381703562E1,-4.944119042E-1,-1.081254547E0,2.733134776E-1,1.219940484E0
1.382700562E1,4.714865796E-4,-8.874368897E-1,-2.604121810E-1,9.248561832E-1
1.383697662E1,-5.525445202E-3,-9.326767972E-1,6.398801047E-1,1.131089336E0
1.384694662E1,8.964517065E-2,-7.953157613E-1,2.022920269E-1,8.255213388E-1
1.385691662E1,-1.264887962E-2,-8.523401472E-1,3.392355716E-1,9.174554451E-1
1.386688762E1,8.690217784E-2,-7.443841740E-1,8.372201246E-1,1.123653561E0
1.387685762E1,-6.170210363E-3,-2.346741995E-1,-2.963561851E-1,3.780701520E-1
1.388682862E1,1.840432688E-1,1.851552996E-1,-7.537832808E-1,7.977115044E-1
1.389679862E1,5.091574126E-1,-2.789981407E-1,-3.823090857E-1,6.951557167E-1
1.390676862E1,2.890747205E-1,-6.911154547E-1,-1.621725261E-1,7.664885479E-1
1.391673962E1,-4.121105897E-1,-1.199891044E0,1.546050596E0,1.999961525E0
1.392670962E1,-5.682100881E-1,-7.549296275E-1,3.175504122E0,3.313096418E0
1.393668062E1,-6.144292945E-1,3.996256149E-1,2.216795229E0,2.334824421E0
1.394665062E1,-1.426553699E-1,9.346718672E-1,7.138280869E-3,9.455226115E-1
1.395662062E1,6.345124338E-1,1.993198872E-2,-1.493002902E0,1.622362776E0
1.396659162E1,1.271929033E0,-4.780341455E-1,-1.889252334E0,2.327142989E0
1.397656162E1,8.998632462E-1,-2.032816681E-1,-1.311462058E0,1.603436943E0
1.398653262E1,9.642961275E-1,7.529219860E-1,-4.003173405E-1,1.287249980E0
1.399650262E1,5.377718223E-1,2.213100958E-1,6.311829561E-1,8.582357575E-1
1.400647362E1,-1.964559209E-1,-5.228594854E-1,6.774747777E-1,8.780370407E-1
1.401644362E1,-9.289634498E-1,-7.791286218E-1,1.357982506E0,1.820475484E0
1.402641362E1,-8.903683182E-1,-3.156376711E-1,1.808896388E0,2.040707972E0
1.403638462E1,-2.963374557E-1,3.837708896E-1,1.023711805E0,1.132732026E0
1.404635462E1,5.002655518E-1,4.630322367E-1,-1.151558252E0,1.338189404E0
1.405632562E1,8.750079750E-1,-9.714417905E-2,-1.743611056E0,1.953267893E0
1.406629563E1,9.773268668E-1,-5.190485626E-1,-6.631619632E-1,1.290101936E0
1.407626662E1,4.285673955E-1,-7.564118966E-1,5.960189706E-1,1.054071906E0
1.408623662E1,9.860838580E-2,-8.458710802E-1,7.044169933E-1,1.105180889E0
1.409620662E1,-3.640295202E-1,-8.419391200E-1,4.373629600E-1,1.016201423E0
1.410617762E1,-7.027270018E-1,6.712662041E-2,-6.046325040E-1,9.294684971E-1
1.411614762E1,-8.024229788E-1,6.269098109E-1,4.729806894E-1,1.122768578E0
1.412611862E1,-6.144857202E-1,6.603667018E-1,4.656722546E-2,9.032415998E-1
1.413608862E1,-1.079331178E0,-1.246588370E0,4.058979231E-1,1.698143540E0
1.414605962E1,-1.070755213E0,-2.300960928E0,5.902542007E-1,2.605635803E0
1.415602962E1,-1.816334339E0,-1.239591007E0,6.390065306E-1,2.289975031E0
1.416599962E1,-1.896926074E0,1.835215876E-1,1.118071833E0,2.209545955E0
1.417597062E1,-1.164461814E0,8.425896227E-2,7.938092262E-1,1.411808761E0
1.418594062E1,-4.114869111E-1,-2.794507152E-1,-6.277518100E-1,8.009285331E-1
1.419591162E1,-1.680780860E-1,-2.742604342E-1,-7.323561591E-1,7.998840994E-1
1.420588162E1,1.544443526E-1,5.952377826E-2,-7.038182384E-1,7.230188455E-1
1.421585262E1,-3.294595387E-3,-9.801453710E-2,-3.922692329E-1,4.043424970E-1
1.422582262E1,-2.793636282E-1,-4.392931259E-1,-5.436682642E-2,5.234293066E-1
1.423579262E1,-7.077132149E-1,-2.885217932E-1,3.925399590E-1,8.591800970E-1
1.424576362E1,-7.587099255E-1,-3.400059423E-1,9.361667079E-1,1.252059462E0
1.425573362E1,-8.970348018E-1,-5.149689603E-1,1.132851255E-1,1.040527744E0
1.426570462E1,-1.300002978E0,-9.202842084E-1,-3.669864571E-1,1.634505988E0
1.427567462E1,-1.098171711E0,-1.406989482E0,3.542214006E-1,1.819635489E0
1.428564562E1,-4.830610334E-1,-7.269425145E-1,1.031609640E0,1.351300052E0
1.429561562E1,-5.446213603E-1,-4.565020663E-1,1.496515324E0,1.656672773E0
1.430558562E1,-2.387248947E-1,-8.393239528E-2,8.715923971E-1,9.075833455E-1
1.431555662E1,-6.823863292E-2,-1.943725580E-1,3.188276196E-1,3.795895854E-1
1.432552662E1,5.557149902E-1,-5.611192793E-2,-3.907273221E-1,6.816417967E-1
1.433549762E1,4.307684336E-1,4.380883071E-1,-4.493415660E-1,7.611771483E-1
1.434546762E1,8.009161513E-1,4.134487250E-1,-3.798631954E-1,9.781117405E-1
1.435543862E1,7.107544249E-1,-3.605665067E-1,-3.377907246E-1,8.656111320E-1
1.436540862E1,5.983137835E-1,-4.078193182E-1,1.452851826E-1,7.385145659E-1
1.437537863E1,-1.063651833E-1,-2.614290118E-1,6.339913738E-1,6.939767593E-1
1.438534962E1,-3.937238739E-1,-5.932292640E-2,1.448286320E0,1.502022291E0
1.439531962E1,-3.730815216E-1,-2.994943857E-2,1.041286197E0,1.106509708E0
1.440529062E1,-4.836294193E-2,-1.245255205E-1,-6.603208011E-1,6.736981073E-1
1.441526062E1,4.905133463E-1,2.714014381E-2,-1.108727397E0,1.212689726E0
1.442523162E1,8.293117654E-1,-3.303343552E-1,-7.925725400E-2,8.961922243E-1
1.443520162E1,3.672523958E-1,-6.451604328E-1,2.352317315E-1,7.787427520E-1
1.444517162E1,2.634464839E-2,-6.566630754E-1,2.615424478E-1,7.073223361E-1
1.445514262E1,-9.587056411E-2,-6.152250275E-1,7.501995224E-1,9.749319581E-1
1.446511262E1,-2.570389040E-1,-7.333633420E-1,1.078370408E0,1.329200333E0
1.447508363E1,-6.591627601E-1,-4.833334771E-1,5.312423462E-1,9.748462570E-1
1.448505362E1,-2.130925834E-1,1.652247727E-2,-2.850219423E-1,3.562568580E-1
1.449502462E1,3.320193766E-1,5.465538651E-2,-9.159020126E-1,9.757564114E-1
1.450499462E1,7.701326805E-1,-6.314817488E-1,-7.335858285E-1,1.236940464E0
1.451496462E1,3.002996021E-1,-1.084435432E0,-1.333545238E-1,1.133121126E0
1.452493562E1,-2.450564791E-1,-1.127523272E0,8.168197739E-1,1.413702921E0
1.453490562E1,-5.009504069E-1,-9.475524062E-1,1.505867361E0,1.848362351E0
1.454487662E1,-4.343569064E-1,-8.883993414E-1,1.357463273E0,1.679471896E0
1.455484662E1,-5.333451146E-1,-1.287313935E0,1.812907578E0,2.286540633E0
1.456481762E1,-1.329350409E-1,-1.060698660E0,6.004248476E-1,1.226076413E0
1.457478762E1,4.130372638E-2,-1.306284934E0,3.736955523E-2,1.307471915E0
1.458475762E1,9.276419060E-1,-1.368786991E0,-2.296102184E-1,1.669376586E0
1.459472862E1,1.023290148E0,-1.755603696E0,-2.160698211E-1,2.043514920E0
1.460469862E1,1.489998310E0,-1.789197996E0,6.308829939E-1,2.412330364E0
1.461466962E1,1.083747361E0,-1.452501578E0,1.235365224E0,2.193261593E0
1.462463962E1,5.885529533E-1,-1.215342312E0,1.264315374E0,1.849849961E0
1.463461062E1,9.790572772E-1,-1.415534896E0,1.722728310E0,2.435176590E0
1.464458062E1,1.427731749E0,-8.389108470E-1,1.470871775E0,2.214870907E0
1.465455162E1,1.447829652E0,1.805371687E-1,7.277684337E-1,1.630475779E0
1.466452162E1,1.979614766E0,7.424914303E-1,3.447249377E-1,2.142195936E0
1.467449162E1,2.137897286E0,2.769505920E0,-8.914600664E-1,3.610466576E0
1.468446262E1,-1.768814164E0,6.170385414E0,-1.872080231E0,6.686332635E0
1.469443262E1,2.184334850E-1,9.885065970E-1,-1.695860354E0,1.975044511E0
1.470440362E1,-1.401937927E0,-2.016502073E0,-1.578756997E0,2.919620560E0
1.471437363E1,-4.200961614E0,-5.706528720E-1,-2.620829644E0,4.984222227E0
1.472434362E1,-3.124872497E0,7.320012331E-1,-2.320409644E0,3.960423569E0
1.473431462E1,-1.144451400E0,-8.351788616E-1,2.356088769E-1,1.436246595E0
1.474428462E1,6.893218213E-1,9.390628338E-1,3.597834476E0,3.781721366E0
1.475425562E1,2.716734798E-1,3.884074101E0,3.256222596E0,5.075709181E0
1.476422562E1,1.220356299E-1,2.875399580E0,-2.182835770E-1,2.886254174E0
1.477419662E1,-1.442373469E0,-3.341394308E-1,-4.736642289E0,4.962647535E0
1.478416663E1,-2.066708897E0,-1.069801313E0,-4.580037482E0,5.137363512E0
1.479413762E1,-2.026663364E0,8.217159399E-1,-1.270154988E0,2.529006756E0
1.480410762E1,-1.547928722E0,2.514619065E0,1.825542827E0,3.471598909E0
1.481407762E1,-4.356259715E-1,1.529520225E0,1.361344655E0,2.093432917E0
1.482404862E1,-1.152392796E0,2.069244835E-1,1.247002353E0,1.710509213E0
1.483401862E1,-1.521546377E0,1.364325273E0,8.324815410E-1,2.206697158E0
1.484398962E1,-2.258523299E0,1.624200972E0,4.085917354E-2,2.782198009E0
1.485395962E1,-2.506349055E0,8.642816234E-1,-8.403314281E-1,2.781173353E0
1.486393062E1,-2.553611223E0,-7.191344351E-1,-1.090564191E0,2.868347062E0
1.487390062E1,-2.535840072E0,-9.152556029E-1,-1.290175855E0,2.988767543E0
1.488387163E1,-1.838199125E0,-6.531430516E-1,-2.744039834E-2,1.950980483E0
1.489384162E1,-1.370703416E0,-1.481682985E0,1.187084180E0,2.341662053E0
1.490381162E1,-5.424916947E-1,-2.286989298E0,1.604459603E0,2.845858027E0
1.491378262E1,-3.973040510E-1,-2.491715814E0,2.070891995E0,3.264213820E0
1.492375262E1,-6.911092786E-2,-7.176238069E-1,1.546410785E0,1.706208242E0
1.493372362E1,-6.150836711E-1,-7.388790205E-1,3.958038747E-1,1.039678237E0
1.494369362E1,1.030724335E-1,-1.638650612E0,-2.151447916E-1,1.655924828E0
1.495366462E1,-1.885484023E-2,-2.339823570E0,-8.808953172E-1,2.500221271E0
1.496363462E1,1.956176495E-1,-1.919751119E0,-5.513725555E-1,2.006918613E0
1.497360562E1,2.379323412E-1,-1.223497131E0,3.974311548E-1,1.308246365E0
1.498357562E1,7.028747901E-2,-1.625143543E0,1.369488072E0,2.126388828E0
1.499354562E1,-1.823397100E-2,-1.245513360E0,1.537014894E0,1.978396015E0
1.500351662E1,3.879175157E-1,-7.570062661E-1,1.477510704E0,1.704868431E0
1.501348662E1,2.928433150E-2,2.854268619E-1,1.170725425E0,1.205373007E0
1.502345762E1,1.563349218E-1,-1.441771352E-1,-9.005530715E-2,2.309493721E-1
1.503342762E1,-4.568614507E-1,-1.857020143E-1,-3.673012712E0,3.705972208E0
1.504339862E1,6.708680818E-1,-7.962010297E-1,-2.419883646E0,2.634357023E0
1.505336862E1,-3.795830407E-1,-1.008145348E0,6.100288993E-1,1.237972368E0
1.506333962E1,-4.163917749E-1,-3.429804209E-1,3.754863791E0,3.793417953E0
1.507330962E1,-9.226988161E-1,1.395673658E0,2.827651509E0,3.285557962E0
1.508327962E1,2.766007092E-1,2.274056427E0,8.461154938E-2,2.292378612E0
1.509325062E1,1.061509231E0,1.532665150E0,-2.138626142E0,2.837179248E0
1.510322075E1,1.700223839E0,6.469757009E-1,-2.590523525E0,3.165462177E0
1.511319175E1,1.069025242E0,-8.200135231E-2,-1.873122205E0,2.158269210E0
1.512316175E1,5.533026848E-1,-2.420720968E-1,1.281060630E-1,6.173766472E-1
1.513313275E1,1.130748596E0,-2.345376670E-1,1.141570038E0,1.623817249E0
1.514310275E1,1.767219628E0,-8.908048859E-1,1.461585227E0,2.460249974E0
1.515307375E1,2.547982693E0,-1.041808938E0,5.969282126E-1,2.816718828E0
1.516304375E1,2.954875812E0,1.303490549E-1,-7.359551203E-1,3.047935675E0
1.517301375E1,2.798926477E0,-3.364686692E-1,-5.056134152E-1,2.864061018E0
1.518298475E1,2.125418743E0,1.270015240E-2,4.933430332E-1,2.181960925E0
1.519295475E1,1.158362949E0,-1.850439101E-2,7.368105680E-1,1.372966477E0
1.520292575E1,5.867567983E-1,6.440190563E-1,-4.129344624E-1,9.641363780E-1
1.521289575E1,5.429438672E-1,9.168697268E-1,-1.240106732E0,1.635023806E0
1.522286675E1,8.201056167E-1,-1.614346075E-1,-8.370751137E-1,1.182932416E0
1.523283675E1,6.994231787E-1,3.408786392E-1,-5.247110063E-1,9.384629293E-1
1.524280775E1,4.560030795E-1,1.589872846E0,1.475971717E-1,1.660547922E0
1.525277775E1,5.927283038E-1,2.495983112E0,5.888339120E-1,2.632106364E0
1.526274775E1,1.278226485E0,1.762073640E0,6.359320647E-1,2.267857149E0
1.527271875E1,1.119824682E0,-7.603906345E-1,1.249043616E0,1.841822790E0
1.528268875E1,1.088701853E0,-4.421834046E-1,5.342203331E-1,1.290809534E0
1.529265975E1,7.924243862E-1,6.013343820E-1,2.115943623E-1,1.017011121E0
1.530262975E1,1.833294627E0,6.563195515E-1,7.028762519E-2,1.948503244E0
1.531260075E1,1.436178344E0,-8.554777631E-1,-8.738318807E-1,1.886274793E0
1.532257075E1,8.035841627E-1,-7.532032371E-1,-9.928010845E-1,1.482807006E0
1.533254175E1,1.284650820E-1,-1.432151513E0,-4.264304209E-1,1.499801366E0
1.534251175E1,-2.801315869E-1,-1.705156842E0,3.601867300E-1,1.765153830E0
1.535248175E1,-4.230918800E-1,-1.968945498E0,9.330741155E-1,2.219545093E0
1.536245275E1,2.437607361E-1,-1.399611466E0,1.739018068E0,2.245554585E0
1.537242275E1,4.137782522E-1,-7.553889263E-1,2.327600550E0,2.481843910E0
1.538239375E1,1.198379685E0,2.815940121E-1,2.353390279E0,2.655909423E0
1.539236375E1,1.040117996E0,-5.056449902E-1,1.692347932E0,2.049771652E0
1.540233475E1,1.076535259E0,-6.067003718E-1,-1.537320703E-1,1.245249796E0
1.541230475E1,1.646689218E-2,-5.269186226E-1,-1.371884846E0,1.469687866E0
1.542227575E1,-8.165015392E-3,-5.402765867E-1,-1.811335847E0,1.890212424E0
1.543224575E1,-1.410166055E-1,-8.410827953E-1,-1.683618624E0,1.887293729E0
1.544221675E1,1.678231291E-2,-9.293479773E-1,-9.231560683E-1,1.310032990E0
1.545218675E1,-3.151796513E-1,-3.933021435E-1,7.078323519E-1,8.689369523E-1
1.546215675E1,2.397945332E-1,5.179443160E-1,1.761765491E0,1.851913977E0
1.547212775E1,8.815168762E-1,3.234559831E-1,1.311353300E0,1.612868021E0
1.548209775E1,6.716360405E-1,-1.239986864E-1,2.767095405E-1,7.369116738E-1
1.549206875E1,5.497455312E-1,-6.436343095E-1,-6.131203222E-1,1.045180273E0
1.550203875E1,3.297759827E-1,-6.978739589E-1,-6.311700922E-1,9.970736917E-1
1.551200975E1,3.175191589E-2,-1.994160739E-1,-1.707129693E-1,2.644198793E-1
1.552197975E1,-3.681882061E-2,-7.689088583E-2,-3.842965543E-1,3.936390168E-1
1.553195075E1,-6.250729081E-1,7.888537109E-2,-5.111232466E-1,8.112866419E-1
1.554192075E1,-1.284205116E0,2.367140007E-1,-4.725281149E-1,1.388704115E0
1.555189075E1,-1.380682274E0,-4.666999027E-1,-7.162616980E-1,1.623922154E0
1.556186175E1,-1.505985475E0,-1.709728780E-1,-7.267252904E-1,1.680878824E0
1.557183175E1,-1.279020829E0,2.384348363E-2,-4.776502758E-1,1.365508176E0
1.558180275E1,-9.813998180E-1,3.434253940E-1,-2.127591276E-1,1.061297814E0
1.559177275E1,-6.087206214E-1,6.105282515E-1,3.530811936E-1,9.316393455E-1
1.560174375E1,-5.909788900E-1,5.192619860E-1,1.059811930E0,1.319882717E0
1.561171375E1,-4.008541149E-1,1.011492002E0,-2.137595862E-1,1.108825167E0
1.562168475E1,-3.222922410E-1,8.331998715E-1,-4.314923555E-1,9.921088485E-1
1.563165475E1,1.131978923E-2,1.034022785E0,5.347559381E-1,1.164171453E0
1.564162575E1,4.397549828E-1,1.331468892E0,-3.295490742E-1,1.440415373E0
1.565159575E1,1.754752341E-1,1.610328746E0,-1.061299462E0,1.936570880E0
1.566156675E1,4.603008561E-1,6.614645165E-1,-6.436837184E-1,1.031378163E0
1.567153675E1,2.037144717E-1,-5.698328000E-1,-4.010043883E-1,7.259569722E-1
1.568150675E1,2.401590523E-1,-1.247477439E0,1.611247051E-1,1.280561401E0
1.569147775E1,-3.436106046E-1,-1.392691578E0,7.094917917E-1,1.600323930E0
1.570144775E1,-1.044789702E0,-9.906072092E-1,4.518827659E-1,1.509001723E0
1.571141875E1,-7.314061327E-1,-1.137898864E0,4.368460661E-1,1.421479244E0
1.572138875E1,-4.959858285E-1,-1.821447729E0,8.946251643E-1,2.089025600E0
1.573135975E1,-6.171562897E-1,-1.728013316E0,7.814944053E-1,1.994403523E0
1.574132975E1,-6.374334104E-1,-6.859298515E-1,4.139793599E-1,1.023816402E0
1.575130075E1,-4.035903925E-1,-8.447946078E-1,-1.804462445E-1,9.534799324E-1
1.576127075E1,-8.917404039E-2,-6.830416194E-1,-4.353263748E-1,8.148661950E-1
1.577124175E1,1.110801039E-1,-5.082119179E-1,-1.647850621E-1,5.456851287E-1
1.578121175E1,1.056331302E0,-3.018455511E-1,8.692418164E-1,1.400902527E0
1.579118175E1,1.544330930E0,2.857890970E-1,1.123225569E0,1.930872628E0
1.580115275E1,1.564895149E0,5.595332220E-1,1.249107351E0,2.079000584E0
1.581112275E1,1.446392845E0,8.811964488E-1,1.278917626E0,2.122307644E0
1.582109375E1,1.555798343E0,9.680056742E-1,5.372638088E-1,1.909501472E0
1.583106375E1,7.641260552E-1,6.298246479E-1,-5.618647993E-1,1.138534043E0
1.584103475E1,7.194002641E-1,2.991470611E-1,-1.117226910E0,1.362065223E0
1.585100475E1,4.473946259E-1,-7.598959601E-1,-1.399714669E0,1.654329162E0
1.586097575E1,3.669809753E-1,-4.536398542E-1,-8.724495989E-1,1.049586803E0
1.587094575E1,-3.399854770E-1,-2.986234429E-1,-3.840860546E-2,4.541379815E-1
1.588091675E1,-2.884595934E-1,-6.862929636E-1,1.372029272E0,1.560984078E0
1.589088675E1,-4.934755457E-1,1.620123124E-1,1.349939661E0,1.446410451E0
1.590085675E1,-2.789934812E-1,-2.018561170E-1,1.271943651E0,1.317734384E0
1.591082775E1,1.515906920E-1,-2.644988000E-2,3.016473305E-1,3.386302498E-1
1.592079775E1,4.206597307E-1,2.615848401E-1,-2.571570361E-1,5.581316859E-1
1.593076875E1,4.664201865E-1,-5.712817401E-2,-8.779588455E-1,9.958027682E-1
1.594073875E1,9.421165422E-1,-3.877192220E-1,-9.546064872E-1,1.396131555E0
1.595070975E1,5.709202360E-1,-7.439161044E-1,-4.933541429E-1,1.059603415E0
1.596067975E1,9.255760116E-1,-3.826309749E-1,-1.952028626E-1,1.020392853E0
1.597065075E1,1.157937857E0,-5.254041937E-1,-2.390341759E-3,1.271564139E0
1.598062075E1,1.694648519E0,-5.262786448E-1,5.360148436E-1,1.853676004E0
1.599059175E1,1.917816129E0,-1.910837916E-1,3.152678347E-1,1.952927425E0
1.600056175E1,1.993750118E0,2.101325583E-1,-4.601817191E-1,2.056930344E0
1.601053275E1,1.920668693E0,-2.888018748E-1,-5.439465916E-1,2.016990988E0
1.602050275E1,2.109310395E0,-7.354250702E-1,-5.791088229E-1,2.307684425E0
1.603047275E1,1.207909039E0,-6.717377821E-1,-2.670090097E-1,1.407682388E0
1.604044375E1,6.675330493E-1,-2.531686503E-1,-8.640781403E-2,7.191391018E-1
1.605041375E1,1.043550750E-1,4.653588438E-1,1.916097486E-1,5.139680252E-1
1.606038475E1,-2.125586047E-1,7.637410891E-1,9.215562701E-2,7.981066791E-1
1.607035475E1,-1.149278733E-1,9.164940432E-1,9.057003754E-1,1.293623947E0
1.608032575E1,-1.415876958E-1,1.065001919E0,9.911796516E-1,1.461750069E0
1.609029575E1,-7.414811046E-1,1.177588010E0,6.640367067E-1,1.541898990E0
1.610026679E1,-4.749342442E-1,7.728715163E-1,5.743076742E-2,9.089506093E-1
1.611023679E1,-5.173867474E-1,5.852843598E-1,-2.318245590E-1,8.148554806E-1
1.612020779E1,-6.023153621E-1,-7.293787569E-2,-7.797782475E-1,9.880070062E-1
1.613017779E1,-1.028134055E0,-6.845627725E-1,-9.165218174E-1,1.538082594E0
1.614014779E1,-7.807203070E-1,-9.824731475E-1,1.129951036E-1,1.259978403E0
1.615011879E1,-3.988808989E-1,-6.472999290E-1,8.628361917E-1,1.150038896E0
1.616008879E1,-6.134865772E-1,-7.299342424E-2,1.231104943E0,1.377429926E0
1.617005979E1,-6.555400445E-1,-9.053343397E-1,1.461976406E0,1.840309221E0
1.618002979E1,-2.874944557E-1,-5.972977567E-1,8.762298238E-1,1.098724887E0
1.619000079E1,-1.701925671E-1,-4.747787082E-1,1.184119642E-2,5.045002930E-1
1.619997079E1,7.860237499E-2,-8.570082718E-1,-2.781590652E-1,9.044412512E-1
1.620994179E1,3.399050047E-1,-8.192715114E-1,-1.491864449E-1,8.994430594E-1
1.621991179E1,2.919317614E-1,-2.287933624E-1,-2.725317049E-1,4.602652346E-1
1.622988279E1,2.862183922E-1,-4.829662719E-1,-4.265561360E-1,7.050727090E-1
1.623985279E1,2.313646024E-1,-1.716760057E-1,2.324443638E-2,2.890372536E-1
1.624982379E1,-2.866064463E-1,-5.295978168E-1,4.631076658E-1,7.596616436E-1
1.625979379E1,-4.707888241E-1,-2.195404360E-1,2.987143672E-1,5.992248268E-1
1.626976479E1,-1.076350926E0,-3.388090172E-1,4.882770056E-1,1.229527267E0
1.627973479E1,-1.010975400E0,-4.649179637E-1,2.290693510E-1,1.136086590E0
1.628970579E1,-1.236404713E0,-8.029326367E-1,1.292374992E-1,1.479898566E0
1.629967579E1,-1.437085686E0,-9.412643105E-1,-2.100553751E-2,1.718032306E0
1.630964579E1,-1.198819980E0,-6.432308516E-1,-1.738301200E-1,1.371543723E0
1.631961679E1,-1.059878296E0,-9.585533577E-1,-4.831712168E-1,1.508516147E0
1.632958679E1,-7.774658199E-1,-1.010854363E0,-5.702649093E-1,1.396954441E0
1.633955779E1,-6.775156351E-1,-1.119749399E0,4.677591258E-1,1.389843427E0
1.634952779E1,-1.082590051E-2,-6.855065131E-1,4.938955951E-1,8.449670044E-1
1.635949879E1,-4.075338279E-1,-6.767061612E-1,6.724344778E-1,1.037392489E0
1.636946879E1,-1.715910749E-1,-1.195398336E0,7.083650333E-1,1.400072034E0
1.637943979E1,-9.526731053E-1,-1.509490296E0,-1.866214889E-1,1.794707380E0
1.638940979E1,-2.471417789E0,-1.272082523E0,-2.114668930E-1,2.787618711E0
1.639938079E1,-4.166361008E0,9.352419707E-1,-1.502611631E-1,4.272682999E0
1.640935079E1,-2.537748604E0,-9.857586980E-2,7.289109796E-1,2.642195374E0
1.641932179E1,-2.713443693E0,-5.054803911E-1,2.188425708E-1,2.768786588E0
1.642929179E1,-3.760879699E0,2.279668584E-1,-4.236149865E-1,3.791521417E0
1.643926279E1,-3.091277612E0,1.061412021E0,-5.419585383E-1,3.313051737E0
1.644923279E1,-1.780663108E0,1.388224013E0,1.194127736E0,2.554186380E0
1.645920279E1,-6.716116284E-1,1.218511795E0,1.688305752E0,2.187740726E0
1.646917379E1,-1.319815245E-1,1.677016240E0,4.026410240E-1,1.729717430E0
1.647914379E1,-4.871968056E-1,1.781748351E0,1.652692115E-1,1.854535474E0
1.648911479E1,-1.095036580E-1,-6.849247152E-1,-6.742716730E-2,6.968926312E-1
1.649908479E1,3.248574145E-2,-2.686716655E-1,-6.730338174E-1,7.254063045E-1
1.650905579E1,-3.340785467E-1,8.827833831E-1,-5.437647432E-1,1.089309448E0
1.651902579E1,-1.300785481E-1,-1.145294130E-1,8.178015214E-1,8.359645588E-1
1.652899679E1,-3.102786979E-1,-7.561917490E-1,8.507728010E-1,1.179793707E0
1.653896679E1,-3.813137434E-1,-1.063171448E0,6.020731777E-1,1.279931955E0
1.654893779E1,-5.487594348E-1,-7.656604376E-1,4.217473859E-1,1.032106429E0
1.655890779E1,-3.305308217E-1,3.163051307E-1,6.846428794E-1,8.234290692E-1
1.656887879E1,-6.246047654E-1,-4.448166981E-1,2.196892476E-1,7.976568018E-1
1.657884879E1,-3.770498807E-1,-1.538149546E0,-1.640249240E-1,1.592160424E0
1.658881979E1,-4.791714290E-1,-8.069528899E-1,-8.733681965E-1,1.282010231E0
1.659878979E1,-3.053115613E-1,-8.631396621E-2,-1.093312383E-1,3.355869036E-1
1.660876079E1,3.663891640E-1,-9.914158791E-2,1.774781978E-1,4.190090508E-1
1.661873079E1,4.180875405E-1,-7.769733381E-1,-2.850552714E-1,9.272223398E-1
1.662870079E1,1.995597692E-1,-8.071189508E-1,6.419365704E-2,8.338980320E-1
1.663867179E1,3.512638789E-1,2.388456032E-1,3.844871736E-1,5.729432096E-1
1.664864179E1,-2.772289194E-1,8.139803660E-1,2.928063405E-1,9.083806818E-1
1.665861279E1,-3.073284853E-1,-8.786815614E-2,-1.547494859E-1,3.551323895E-1
1.666858279E1,-6.117232031E-1,-1.362868147E0,-1.934516215E-1,1.506332763E0
1.667855379E1,-3.059247880E-1,-1.306260960E0,-5.248232728E-1,1.440606518E0
1.668852379E1,-4.427329697E-1,-7.653201297E-1,1.648540592E-1,8.993910408E-1
1.669849479E1,-8.745490417E-2,-7.070774764E-1,3.569111198E-1,7.968641448E-1
1.670846479E1,-1.749217951E-1,-8.883668894E-1,-9.847880602E-3,9.054779651E-1
1.671843579E1,-9.680898741E-2,-1.176946278E0,-1.217559868E-1,1.187181132E0
1.672840579E1,-4.336770214E-1,-7.517750546E-1,-1.604861891E-1,8.826082418E-1
1.673837679E1,-7.176365977E-1,-8.819758826E-1,1.256180727E-1,1.143968375E0
1.674834679E1,-1.125371789E0,-1.090930227E0,1.065964370E0,1.895486867E0
1.675831779E1,-1.163591018E0,-6.386086276E-1,6.974640691E-1,1.499406937E0
1.676828779E1,-1.103569715E0,-1.223316452E-1,8.065152258E-1,1.372333034E0
1.677825879E1,-4.321998686E-2,-3.922815120E-1,1.924945493E0,1.964985471E0
1.678822879E1,-3.334873932E-1,3.361043876E-1,1.680640637E0,1.746062127E0
1.679819879E1,-3.413254396E-1,9.367242399E-1,2.702816963E-1,1.032960577E0
1.680816979E1,-3.654643538E-1,8.214472604E-1,-3.012210685E-1,9.481950894E-1
1.681813979E1,-4.821828181E-1,6.941799805E-1,-1.236059874E0,1.497407802E0
1.682811079E1,-7.717210767E-1,5.475493535E-1,-1.463738172E0,1.742955292E0
1.683808079E1,-5.916423297E-1,-4.058523148E-2,-2.085756787E0,2.168425508E0
1.684805179E1,-5.683190290E-1,2.964672822E-1,-1.281239555E0,1.432638882E0
1.685802179E1,-7.142376843E-1,1.112219062E0,-1.733974260E-1,1.333129168E0
1.686799279E1,-9.742671651E-1,1.830997109E-1,4.998316884E-1,1.110204364E0
1.687796279E1,-1.327997400E0,4.142857540E-1,3.563024247E-1,1.436022701E0
1.688793379E1,-2.151992584E0,2.704337239E-1,3.917564321E-1,2.204014425E0
1.689790379E1,-1.531367361E0,1.437830329E-2,-5.047041732E-1,1.612457451E0
1.690787479E1,-1.624996340E0,-1.052727151E0,-8.582385260E-1,2.117881235E0
1.691784479E1,-9.774412530E-1,-8.855792293E-1,-3.546242738E-1,1.365796599E0
1.692781579E1,-1.376859365E0,-4.264041084E-1,1.175261110E-1,1.446158553E0
1.693778579E1,-8.165044628E-1,1.460175464E-1,5.689223886E-1,1.005819738E0
1.694775679E1,-1.122886942E0,-1.459679035E0,1.262944202E0,2.233062029E0
1.695772679E1,-8.695204362E-1,-5.615686378E-1,7.716055942E-1,1.291046210E0
1.696769779E1,-1.454509512E0,3.477000010E-1,-1.823313868E-1,1.506564949E0
1.697766779E1,-1.252242335E0,-4.353450859E-1,1.330819851E0,1.878488138E0
1.698763779E1,-1.578811961E0,-6.435939637E-1,4.704102534E-1,1.768656610E0
1.699760879E1,-1.721688383E0,-1.143192641E0,1.854011750E-1,2.074963589E0
1.700757879E1,-1.466634737E0,-7.411717138E-1,-2.387166721E-1,1.660523595E0
1.701754979E1,-1.299206733E0,-6.171972933E-1,1.918319428E-1,1.451092736E0
1.702751979E1,-8.930513862E-1,-9.476713970E-1,-3.844836652E-1,1.357736920E0
1.703749079E1,-1.236375039E0,-1.552009786E0,1.390855553E0,2.423187318E0
1.704746079E1,-1.086231405E-1,-4.969206521E-1,6.006745237E-1,7.871080006E-1
1.705743179E1,-1.682659096E-1,2.737102112E-1,2.693759626E-1,4.192780763E-1
1.706740179E1,-3.266037586E-1,4.041156918E-2,1.111485529E0,1.159182122E0
1.707737279E1,3.115893513E-1,-4.223563734E-1,3.234784949E-1,6.165315617E-1
1.708734279E1,-6.182638255E-1,-9.086374319E-1,-1.099143811E0,1.554345283E0
1.709731379E1,-1.008585862E0,-4.393144682E-1,-9.462940854E-1,1.451108245E0
1.710728404E1,-1.125652602E0,-4.628933653E-1,-4.835647345E-1,1.309656023E0
1.711725504E1,-1.074886491E0,-4.299127302E-1,-1.863957864E-1,1.172582326E0
1.712722504E1,-1.239258739E0,-8.392102244E-1,1.800809689E0,2.341570319E0
1.713719604E1,-8.656356923E-1,3.672621533E-1,2.007850240E0,2.217130855E0
1.714716604E1,-1.232736463E0,8.613770190E-1,2.481401618E0,2.901545027E0
1.715713704E1,-1.754776899E0,1.091530736E0,1.580745635E0,2.601814382E0
1.716710704E1,-2.419372454E0,4.387987438E-1,-4.814749396E-1,2.505538969E0
1.717707804E1,-3.113150584E0,-6.515493929E-2,-2.886057007E0,4.245618539E0
1.718704804E1,-3.915288584E0,-2.766075066E-1,-3.294828252E0,5.124635560E0
1.719701904E1,-3.640888694E0,-6.097391698E-1,-2.351453682E0,4.376892363E0
1.720698904E1,-3.296856067E0,-2.775243500E-1,-8.602283335E-1,3.418519047E0
1.721695904E1,-3.353434310E0,-1.780260819E-1,1.366127093E0,3.625399039E0
1.722693004E1,-2.834982748E0,2.152822012E-1,2.246631816E0,3.623648455E0
1.723690004E1,-3.226673107E0,4.952539033E-1,2.469997793E0,4.093602919E0
1.724687104E1,-3.583997917E0,4.331336689E-1,1.926078098E0,4.091750565E0
1.725684104E1,-2.989814680E0,3.069984099E-1,1.479574771E0,3.349982290E0
1.726681204E1,-3.480907997E0,6.429601255E-1,-4.682900530E-1,3.570632126E0
1.727678204E1,-3.660909853E0,5.389270493E-1,-2.179573023E-1,3.706778750E0
1.728675304E1,-2.876917809E0,-1.851535454E-1,1.522457081E-1,2.886887021E0
1.729672304E1,-2.557060495E0,-8.064386272E-1,6.015650547E-1,2.747868656E0
1.730669404E1,-2.422585499E0,9.516919425E-1,5.465795928E-1,2.659584047E0
1.731666404E1,-1.900136195E0,7.127790964E-1,8.723279768E-1,2.208965301E0
1.732663504E1,-2.073418139E0,-1.123229662E-1,1.510927541E0,2.567991679E0
1.733660504E1,-1.101191506E0,-1.137962891E0,1.546433589E0,2.213377310E0
1.734657604E1,-8.613417895E-1,-6.188871387E-1,1.083027715E0,1.515875985E0
1.735654604E1,-1.115596999E0,-6.981096017E-1,1.651943087E0,2.112067623E0
1.736651704E1,-3.711995222E-1,-4.102312946E-1,1.054093353E0,1.190458566E0
1.737648704E1,2.540371080E-1,-9.308062729E-1,1.072022671E-1,9.707870498E-1
1.738645804E1,-7.233037922E-1,-7.105346426E-1,1.203790260E0,1.573892895E0
1.739642804E1,-2.037988544E-1,5.735718021E-1,1.195251571E0,1.341322073E0
1.740639904E1,-2.717762446E-1,7.818326667E-1,7.019734418E-1,1.085307034E0
1.741636904E1,-3.314483960E-1,4.985394537E-1,-1.068872775E0,1.225107602E0
1.742634004E1,-5.126647188E-1,-1.425144795E-1,-2.038449304E0,2.106753677E0
1.743631004E1,-7.080326191E-1,-1.080785016E0,-1.549282352E0,2.017345346E0
1.744628004E1,-4.974469015E-1,-1.195902074E0,-4.451660693E-2,1.296000354E0
1.745625104E1,-5.682762712E-3,-4.969130507E-1,5.539850914E-1,7.442139177E-1
1.746622104E1,8.383635476E-2,-1.991237131E-1,7.086918926E-1,7.408933703E-1
1.747619204E1,4.097262414E-1,-5.394316640E-1,1.101900188E0,1.293462848E0
1.748616204E1,1.505950391E-2,-5.004488620E-1,7.911528361E-1,9.362684776E-1
1.749613304E1,-3.431394652E-2,-4.268935204E-2,-4.093688303E-1,4.130165456E-1
1.750610304E1,-6.595279187E-1,-6.848831999E-1,-1.049612047E0,1.416237100E0
1.751607404E1,-8.889852324E-1,-8.419005284E-1,-1.074762091E0,1.629173040E0
1.752604404E1,-6.448690952E-1,-9.838294092E-1,-6.023941898E-1,1.321610841E0
1.753601504E1,-9.688275003E-1,-7.850927818E-1,4.274969530E-1,1.318237856E0
1.754598504E1,-6.099341744E-1,1.736570424E-1,7.493721414E-1,9.817000926E-1
1.755595604E1,-1.259263526E0,-6.668419084E-1,1.370134774E0,1.976788319E0
1.756592604E1,-8.670426786E-1,-7.516423228E-1,6.816672313E-1,1.334690752E0
1.757589704E1,-1.345268759E0,1.439789146E-1,1.194135922E-1,1.358211165E0
1.758586704E1,-1.097457182E0,-1.587653536E-1,2.658571082E-1,1.140306408E0
1.759583804E1,-1.233810450E0,-5.759896258E-1,-1.946158022E-1,1.375473586E0
1.760580804E1,-1.485429149E0,-8.095990473E-1,-4.850405717E-1,1.759890545E0
1.761577904E1,-1.432272843E0,-7.645719784E-1,6.257017761E-1,1.739965091E0
1.762574904E1,-1.227677159E0,5.899863982E-1,5.395594257E-1,1.465059566E0
1.763572004E1,-1.694770433E0,1.172739206E0,-3.946373552E-1,2.098404801E0
1.764569004E1,-2.001709786E0,8.560718402E-1,-3.380041480E-1,2.203167690E0
1.765566104E1,-1.771488388E0,4.208875528E-1,1.097070388E0,2.125765951E0
1.766563104E1,-1.701817936E0,8.061787185E-1,8.479094195E-1,2.065201878E0
1.767560204E1,-2.443303061E0,1.320630493E0,8.734512269E-2,2.778745025E0
1.768557204E1,-2.511497236E0,1.269974017E0,-8.388047200E-1,2.936672561E0
1.769554304E1,-2.554172555E0,1.983583125E-1,-1.397699718E0,2.918339933E0
1.770551304E1,-2.667338398E0,1.115189740E-1,-5.662414402E-1,2.729058441E0
1.771548404E1,-2.471274240E0,5.636625257E-1,-1.056305355E-1,2.536940997E0
1.772545404E1,-2.378601865E0,1.009999792E0,4.910743135E-1,2.630399284E0
1.773542504E1,-2.309225967E0,2.812829402E-1,7.858698767E-1,2.455450289E0
1.774539504E1,-1.995244081E0,-7.921690822E-2,-4.202563459E-1,2.040561114E0
1.775536604E1,-2.299701291E0,-1.320995944E0,-6.778536773E-1,2.737360393E0
1.776533604E1,-2.152945680E0,-1.057363701E0,4.314292055E-1,2.437072887E0
1.777530704E1,-1.744746585E0,-1.291752264E0,8.389280963E-1,2.327351480E0
1.778527704E1,-2.279933463E0,-1.424860328E0,1.346493312E0,3.006886727E0
1.779524704E1,-2.718404471E0,-7.022909456E-1,1.133081051E0,3.027673712E0
1.780521804E1,-2.558762912E0,-2.400928143E-1,1.087645846E0,2.790678356E0
1.781518804E1,-2.542765807E0,-1.086209477E0,1.862607157E0,3.333888780E0
1.782515904E1,-1.262745543E0,-1.401801833E0,2.076028774E0,2.805257592E0
1.783512904E1,-1.393887334E0,-6.218645409E-1,7.037691218E-1,1.680752327E0
1.784510004E1,-2.234916042E0,2.050507432E-1,1.560434162E0,2.733468547E0
1.785507004E1,-2.119084454E0,2.009500909E-1,2.398044296E0,3.206480362E0
1.786504104E1,-1.712911712E0,-5.011750862E-1,1.524020627E0,2.346887699E0
1.787501104E1,-1.919978429E0,-7.988612205E-1,1.304829562E0,2.455010510E0
1.788498204E1,-1.854353812E0,3.136873323E-1,1.085902206E0,2.171684002E0
1.789495204E1,-1.937477830E0,1.069777047E0,1.328951080E0,2.581541061E0
1.790492304E1,-2.241550586E0,6.511324865E-1,1.887337956E0,3.001760667E0
1.791489304E1,-1.746817962E0,4.513635331E-1,2.415825094E0,3.015180412E0
1.792486404E1,-2.350626593E0,4.001790538E-1,1.426082103E0,2.778362615E0
1.793483404E1,-2.226162907E0,4.816234589E-1,-1.440369190E0,2.694888838E0
1.794480504E1,-2.935725304E0,-2.451439315E-1,-3.679718299E0,4.713693389E0
1.795477504E1,-2.448564239E0,-1.448970152E0,-2.229944447E0,3.614918197E0
1.796474604E1,-1.010091886E0,-9.597011662E-1,-5.813839746E-1,1.509741459E0
1.797471604E1,-7.659162533E-1,1.064690262E-1,1.030216248E0,1.288141638E0
1.798468704E1,-4.949688515E-1,-2.846985912E-1,1.924970051E0,2.007873788E0
1.799465704E1,-1.164857598E0,-4.879641795E-1,2.519687431E0,2.818479557E0
1.800462804E1,-1.524936885E0,-6.688717693E-2,1.264698951E0,1.982263816E0
1.801459804E1,-2.405328903E0,5.101988018E-1,2.295014602E-1,2.469530496E0
1.802456904E1,-2.463434293E0,1.010735664E0,-9.246973944E-1,2.818716086E0
1.803453904E1,-2.713636651E0,4.869970500E-1,-2.268781069E0,3.570484216E0
1.804451004E1,-3.319291833E0,2.241281614E-1,-3.287667752E0,4.677252500E0
1.805448004E1,-2.540362017E0,6.128554434E-1,-2.274980872E0,3.464761022E0
1.806445104E1,-2.314217735E0,-5.756326532E-1,1.424366530E0,2.777728693E0
1.807442104E1,-1.390203588E0,-1.520203272E0,1.023559310E1,1.044083570E1
1.808439204E1,6.088505392E-1,1.370125127E0,1.098596395E1,1.108780166E1
1.809436204E1,3.169228891E-1,3.974804176E0,4.556172656E0,6.054603012E0
1.810433312E1,-1.473064920E0,2.902958092E0,-9.837226975E-1,3.400705263E0
1.811430312E1,-4.507937220E0,7.652300826E-1,-7.138161001E0,8.477052408E0
1.812427412E1,-5.146470711E0,-2.865611633E0,-9.946946468E0,1.156026102E1
1.813424412E1,-2.295192942E0,-5.014861581E0,-4.999554740E0,7.443943505E0
1.814421512E1,4.196634382E-1,-2.447140442E0,2.010521248E0,3.194809765E0
1.815418512E1,4.701080985E-1,4.581749547E-1,5.629877570E0,5.668019704E0
1.816415612E1,-4.197014451E-2,5.253270105E-1,5.139042993E0,5.165993887E0
1.817412612E1,-4.668218172E-1,-1.564445060E0,3.645517350E0,3.994397039E0
1.818409712E1,-1.342419996E0,-3.909547788E-1,1.811451037E0,2.288294549E0
1.819406712E1,-3.293280494E0,6.257055768E-1,-6.411705852E-2,3.352807015E0
1.820403812E1,-4.276808479E0,-9.712149185E-1,-1.520901722E0,4.641927534E0
1.821400812E1,-3.237751241E0,-3.314855843E0,-2.162621945E0,5.113534593E0
1.822397912E1,-2.475552063E0,-2.223644657E0,-9.615722752E-1,3.463751553E0
1.823394912E1,-1.906245659E0,1.193919575E-1,1.124002663E0,2.216169880E0
1.824392012E1,-1.772689698E0,1.296080665E0,1.709061028E0,2.782650437E0
1.825389012E1,-2.345766533E0,1.492371695E0,1.425089246E0,3.124207622E0
1.826386112E1,-2.526614043E0,3.158831079E0,8.555201554E-1,4.134477845E0
1.827383112E1,-3.796287513E0,1.853681383E0,1.090426197E0,4.363136812E0
1.828380212E1,-2.563437176E0,-3.020699673E0,1.622728643E0,4.281248056E0
1.829377212E1,-5.968463516E-1,-6.739740497E0,-4.549888068E-1,6.781396784E0
1.830374312E1,-2.127189280E-1,-4.985033180E0,-2.345781298E0,5.513483023E0
1.831371312E1,-9.068801974E-1,1.383842987E-1,-6.757440019E-1,1.139391005E0
1.832368412E1,-3.565442655E0,2.560532279E0,3.233725433E0,5.452126838E0
1.833365412E1,-3.929583565E0,2.117987224E0,4.269163830E0,6.176832253E0
1.834362512E1,-3.715838889E0,1.881867886E-2,2.728209082E0,4.609873923E0
1.835359512E1,-3.172425856E0,4.842415497E-1,4.947598135E-1,3.247085302E0
1.836356612E1,-4.145970305E0,9.438552117E-1,-4.476868039E-1,4.275553286E0
1.837353613E1,-3.028464775E0,7.067149490E-2,-9.481605166E-1,3.174208834E0
1.838350712E1,-2.226565195E0,-1.122332406E0,-1.723203104E0,3.030948950E0
1.839347712E1,-2.144277037E0,-3.404915535E-1,-2.112157550E0,3.029037475E0
1.840344812E1,-1.814850023E0,1.249683886E0,-1.043221625E0,2.437970833E0
1.841341812E1,-1.093717156E0,8.294599923E-1,-2.341944355E-1,1.392504266E0
1.842338912E1,-1.109812202E0,4.333546937E-2,2.356989241E-1,1.135392033E0
1.843335912E1,-1.263058661E0,-2.827888906E-1,2.422665167E-1,1.316806669E0
1.844333012E1,-1.706733544E0,4.764168057E-1,5.128148460E-1,1.844692774E0
1.845330012E1,-2.036217568E0,5.592677584E-1,-3.738411480E-1,2.144462547E0
1.846327112E1,-2.899146584E0,-3.574075484E-1,-3.886819661E-1,2.946839789E0
1.847324113E1,-2.774232809E0,-5.915443888E-1,8.204456323E-1,2.952866993E0
1.848321212E1,-2.808917615E0,7.031686127E-1,1.644087937E0,3.329788193E0
1.849318212E1,-3.779757142E0,1.071623306E0,1.701975957E0,4.281549103E0
1.850315312E1,-3.358865496E0,4.789737931E-1,2.210431704E0,4.049370523E0
1.851312312E1,-1.810293873E0,-1.645543894E-1,8.573380548E-1,2.009793669E0
1.852309412E1,-2.839904349E0,9.045166066E-1,6.369857329E-1,3.047779164E0
1.853306412E1,-3.476157719E0,5.516119990E-1,1.317383534E0,3.758117568E0
1.854303512E1,-3.131224035E0,-1.160902395E0,1.338210731E0,3.597647327E0
1.855300512E1,-2.423821600E0,-1.434851757E0,1.143931729E0,3.040113569E0
1.856297612E1,-1.942274301E0,-8.449790874E-1,8.361857522E-1,2.277196902E0
1.857294613E1,-1.955481407E0,5.864728063E-2,7.171949136E-1,2.083678378E0
1.858291712E1,-2.338308556E0,-5.995755395E-1,4.860381067E-1,2.462399393E0
1.859288712E1,-1.874210080E0,-1.477344351E0,6.911350429E-1,2.484527601E0
1.860285812E1,-1.138141816E0,-1.542063380E0,5.062741506E-1,1.982331904E0
1.861282812E1,-2.174235539E0,-2.984848639E-1,8.192358434E-1,2.342550055E0
1.862279912E1,-2.183002708E0,-4.115752771E-1,1.738752020E0,2.821019960E0
1.863276912E1,-1.180846809E0,-9.507838699E-1,2.564872960E0,2.979423175E0
1.864274012E1,-1.516710145E0,-8.474273166E-1,1.845603454E0,2.534717900E0
1.865271012E1,-2.342803895E0,6.867926082E-1,1.178489943E0,2.710950520E0
1.866268112E1,-2.388416563E0,1.149918108E0,-1.123940098E-1,2.653201415E0
1.867265113E1,-2.237874734E0,1.098453839E0,-8.735553074E-1,2.641549363E0
1.868262212E1,-2.006862353E0,-6.857588205E-1,-3.692078143E-1,2.152690427E0
1.869259212E1,-1.155227965E0,-4.002170607E-1,7.882192880E-1,1.454652877E0
1.870256312E1,-9.628156856E-1,1.245614809E-1,1.598412412E-1,9.839099701E-1
1.871253312E1,-1.512538303E0,9.915708303E-2,4.396819657E-1,1.578266288E0
1.872250412E1,-1.103935896E0,-3.826874006E-1,-5.385303158E-1,1.286522060E0
1.873247412E1,-1.854162901E0,-5.248747283E-1,-8.970558518E-1,2.125587623E0
1.874244512E1,-1.195455931E0,-3.369311839E-2,-1.993122858E-1,1.212425460E0
1.875241512E1,-1.301154733E0,-4.009006003E-1,7.979432076E-1,1.578112256E0
1.876238612E1,-7.233036460E-1,-2.751816630E-2,3.928001601E-1,8.235395434E-1
1.877235613E1,-3.401198168E-1,-9.518799305E-2,-2.679252684E-2,3.542034490E-1
1.878232712E1,-4.313622549E-1,8.019719392E-2,9.053904730E-1,1.006099843E0
1.879229712E1,-1.789704072E-1,9.351674187E-1,3.748994941E-1,1.023287906E0
1.880226813E1,-1.193187650E0,4.805630663E-1,4.228805763E-1,1.354055246E0
1.881223812E1,-4.873598698E-1,1.114567596E0,-5.635417807E-1,1.340656521E0
1.882220912E1,-6.074736661E-1,1.682811708E0,5.841842061E-1,1.882060224E0
1.883217912E1,-5.893733177E-1,7.880330542E-1,-9.719019663E-1,1.383094514E0
1.884215012E1,-1.458177762E0,5.523826620E-1,-3.248944566E0,3.603754956E0
1.885212012E1,-3.914642175E-1,5.615297538E-1,-9.798445317E0,9.822326126E0
1.886209112E1,-1.778321005E0,-3.084082321E0,-4.204530462E0,5.509270892E0
1.887206113E1,-6.966646086E-1,-6.828483689E0,1.661961355E1,1.798124261E1
1.888203212E1,2.070366623E0,9.963477132E-1,1.177817513E1,1.200018900E1
1.889200212E1,-5.066261530E-2,8.738613507E0,-6.346745625E0,1.080032929E1
1.890197313E1,-2.793012311E0,-3.368776819E-1,-2.661274835E0,3.872568668E0
1.891194312E1,1.961738659E0,-4.276093365E0,-2.049178945E0,5.131522910E0
1.892191412E1,-1.679671168E0,-3.344027602E0,-4.295796728E0,5.697164677E0
1.893188412E1,-7.127447440E-1,6.777881885E-1,-1.385245149E0,1.698913188E0
1.894185512E1,7.736022721E-1,1.293772185E0,2.072040973E0,2.562354530E0
1.895182512E1,-1.534204137E-1,-1.181398932E0,7.703285623E-1,1.418678031E0
1.896179612E1,-2.514090769E-2,-1.861553489E0,-2.490428549E-1,1.878306631E0
1.897176613E1,4.221534019E-1,1.337071109E-1,1.932115933E0,1.982211660E0
1.898173712E1,1.362996494E0,2.363026783E0,4.190792429E0,5.000439601E0
1.899170712E1,-2.483853355E-2,1.594105646E0,2.385626564E0,2.869321151E0
1.900167813E1,-6.380889563E-1,-4.972100893E-1,-1.277875652E0,1.512395970E0
1.901164812E1,-4.612080516E-1,9.130310297E-2,-3.554897786E0,3.585853789E0
1.902161912E1,-3.728043636E-1,-2.310702682E-2,-1.666772211E0,1.708112008E0
1.903158912E1,-4.955703838E-1,-2.201921082E0,-6.603295720E-1,2.351612553E0
1.904156012E1,-6.707677290E-1,-4.353173993E0,-1.229540228E0,4.572944602E0
1.905153012E1,-8.801280163E-1,2.432668583E0,-4.058738911E0,4.813092904E0
1.906150112E1,-1.336480540E0,5.715605353E0,-1.578613740E-1,5.871903013E0
1.907147112E1,-1.310963437E0,2.405982184E0,4.579108359E0,5.336254189E0
1.908144212E1,-1.201241459E0,-5.892358496E0,4.022201999E0,7.234706532E0
1.909141212E1,-2.496646332E-1,-5.551514940E0,-2.450997850E0,6.073634910E0
1.910138313E1,-7.701060757E-2,4.539193511E-1,-5.121500176E0,5.142152999E0
1.911135217E1,3.051420651E-2,1.243184706E0,-1.013392639E-1,1.247681440E0
1.912132317E1,-4.828140251E-1,-7.300190270E-1,2.377353923E0,2.533347359E0
1.913129317E1,-2.270465213E0,-2.699668822E0,2.824029744E0,4.518668834E0
1.914126417E1,-9.514945990E-1,-7.257265860E-1,1.834205477E0,2.190052689E0
1.915123417E1,-1.168562247E0,2.734118863E0,5.967902184E-1,3.032672459E0
1.916120517E1,-1.235755965E0,1.382408957E0,-2.612114954E-1,1.872532717E0
1.917117517E1,-2.096718270E0,-1.474126043E0,-8.904882592E-1,2.713345616E0
1.918114617E1,-2.639877826E0,-8.433792892E-1,-9.061663985E-1,2.915712795E0
1.919111617E1,-9.311595909E-1,3.521254662E-1,1.814157128E-2,9.956804931E-1
1.920108717E1,-3.639020509E-1,8.400972471E-1,5.032330137E-1,1.044716016E0
1.921105717E1,-4.910974100E-1,4.282445195E-1,-9.479453391E-1,1.150291442E0
1.922102817E1,-1.248775521E0,1.010080191E0,-3.439158000E0,3.795722598E0
1.923099817E1,-1.924932044E0,1.767127096E0,-4.827881657E0,5.489676024E0
1.924096917E1,-2.202059076E0,-1.155895132E-1,-3.601579617E0,4.223008507E0
1.925093917E1,-1.922701624E0,-1.078929986E0,1.067117441E0,2.449410354E0
1.926091017E1,-2.197638581E0,-8.774287954E-1,5.547396746E0,6.031012128E0
1.927088017E1,-1.566228022E0,2.445994680E0,4.374530071E0,5.250949774E0
1.928085117E1,-2.356136717E0,3.172301602E0,9.258662528E-1,4.058584236E0
1.929082117E1,-1.679976101E0,-1.556037641E-1,1.301882565E-2,1.687217153E0
1.930079217E1,-9.267626309E-1,-4.603960195E-1,-1.342472182E0,1.695017707E0
1.931076317E1,-2.367551212E0,1.978172697E0,-2.467187036E0,3.950376923E0
1.932073317E1,-2.225478783E0,1.057835864E0,-1.156117911E0,2.721834152E0
1.933070417E1,-1.347914039E0,-9.224795455E-1,-5.110934258E-2,1.634152054E0
1.934067417E1,-1.575736910E0,-3.023173337E0,6.810971278E-1,3.476552478E0
1.935064517E1,-6.928386292E-1,-1.277786189E0,1.035289877E0,1.784541409E0
1.936061517E1,-1.137649626E0,-6.011025399E-2,1.890479080E0,2.207208886E0
1.937058617E1,-1.583790134E0,-4.677199495E-1,2.823751416E0,3.271196295E0
1.938055617E1,-1.656675239E0,-9.003545585E-1,1.777634250E0,2.591369272E0
1.939052717E1,-2.139110730E0,-2.914629427E-1,7.930601978E-1,2.299932572E0
1.940049717E1,-1.748739795E0,-4.822818553E-1,5.961154497E-1,1.909460732E0
1.941046817E1,-2.002138095E0,-1.287524727E0,-2.247295475E-1,2.390978930E0
1.942043817E1,-2.119587754E0,-1.615189828E0,-1.423384198E0,3.021177420E0
1.943040917E1,-1.724215988E0,5.842929643E-1,-1.904114787E0,2.634382691E0
1.944037917E1,-2.591425751E0,3.567825103E0,-2.219445187E-1,4.415214916E0
1.945035017E1,-2.373116592E0,3.136662823E0,1.846805642E0,4.345230386E0
1.946032017E1,-1.308689016E0,3.017300686E-1,8.457190526E-1,1.587119621E0
1.947029117E1,-1.438986177E0,-1.874810004E0,6.774233222E-2,2.364356740E0
1.948026117E1,-8.032812770E-1,-1.244771348E0,-6.366635513E-1,1.612469223E0
1.949023217E1,-1.568207158E0,-1.538735729E0,-3.567152381E-1,2.225809313E0
1.950020217E1,-1.450413098E0,-5.856813857E-1,3.566760617E-1,1.604349917E0
1.951017317E1,-1.476983723E0,-6.957926425E-1,3.168085760E-1,1.663122363E0
1.952014317E1,-1.864345388E0,-2.477485737E-1,7.177813894E-1,2.013050721E0
1.953011417E1,-1.094335499E0,-5.047000802E-1,2.056770385E0,2.383819786E0
1.954008417E1,-9.323016983E-1,-2.069797397E-1,2.174338011E0,2.374820594E0
1.955005517E1,-1.445591923E0,-6.381785649E-1,2.467040856E0,2.929726689E0
1.956002517E1,-1.659666674E0,-4.654021132E-1,1.344813992E0,2.186233581E0
1.956999617E1,-1.975743763E0,-5.838526690E-1,4.336184031E-1,2.105343743E0
1.957996617E1,-2.543991383E0,-2.089312479E-1,-1.271891611E0,2.851885814E0
1.958993717E1,-2.884396983E0,2.352925426E-1,-9.187747496E-1,3.036322706E0
1.959990717E1,-1.679417692E0,-2.435186979E-1,1.733009470E-1,1.705807245E0
1.960987817E1,-2.169699269E0,3.509595314E-1,1.853375573E0,2.875024961E0
1.961984817E1,-2.260001328E0,1.882298825E0,2.584167602E0,3.915172674E0
1.962981917E1,-2.438988546E0,1.988206519E0,2.895810748E0,4.276371146E0
1.963978917E1,-2.004098666E0,2.118763442E0,8.962109292E-1,3.051026715E0
1.964976017E1,-2.434300687E0,1.354558961E0,-3.075962877E-1,2.802724620E0
1.965973117E1,-1.799639223E0,1.083472688E0,-1.461498688E0,2.559021847E0
1.966970117E1,-1.376660706E0,2.267792889E-1,-9.331764418E-1,1.678523701E0
1.967967217E1,-1.201867257E0,-1.507660702E-1,3.539155912E-1,1.261931677E0
1.968964217E1,-9.881518172E-1,-2.917336687E-1,3.694510585E-1,1.094553165E0
1.969961317E1,-1.798712001E0,-7.441245577E-1,1.187967694E0,2.280428350E0
1.970958317E1,-2.519773093E0,-7.007981515E-1,1.687812247E0,3.112729457E0
1.971955417E1,-2.965854252E0,-1.411695322E0,1.936989588E0,3.813279925E0
1.972952417E1,-3.459840771E0,-1.408592789E0,1.642766467E0,4.080847151E0
1.973949517E1,-4.204593027E0,-1.379329521E0,5.934730929E-1,4.464679469E0
1.974946517E1,-4.981468717E0,-1.214907279E0,5.430578148E-1,5.156155745E0
1.975943617E1,-4.796557246E0,-1.805745324E0,1.399916983E0,5.312950701E0
1.976940617E1,-2.985066741E0,-8.426019019E-1,4.780186504E-1,3.138328096E0
1.977937717E1,-3.593010523E0,-7.828603148E-2,1.257039683E0,3.807361565E0
1.978934717E1,-2.397233141E0,9.474167508E-1,1.448044245E0,2.956544836E0
1.979931817E1,-2.118520052E0,1.941956797E-1,2.039587757E0,2.947160904E0
1.980928817E1,-1.607633033E0,-5.772801062E-1,1.889831793E0,2.547390919E0
1.981925917E1,-1.315882261E0,-3.060590547E-1,1.396512149E0,1.943055442E0
1.982922917E1,-1.306733854E0,6.250568283E-1,5.987233078E-1,1.567392421E0
1.983920017E1,-1.384197620E0,-3.941236773E-1,4.822999817E-1,1.517876740E0
1.984917017E1,-8.968899371E-1,-6.710729536E-1,2.219603062E-1,1.141935570E0
1.985914117E1,-8.838464069E-1,-7.078414151E-1,6.262806505E-1,1.294005948E0
1.986911117E1,-3.111318067E-1,4.196172452E-1,1.067988676E0,1.188899258E0
1.987908217E1,-7.852050483E-1,7.905146125E-1,4.326407486E-1,1.195256599E0
1.988905217E1,-1.082321518E0,-7.931344575E-1,-4.852083868E-1,1.426852940E0
1.989902317E1,-1.005149527E0,-1.507632928E0,-2.055936572E0,2.740466713E0
1.990899317E1,-1.362620810E0,-1.642313600E0,-1.191968944E0,2.444323914E0
1.991896417E1,-5.811845845E-1,-6.782869560E-1,6.183629358E-1,1.086379969E0
1.992893517E1,-1.971697198E-1,-5.664990100E-1,1.339243349E0,1.467436464E0
1.993890517E1,-3.589515057E-1,1.944272295E-1,9.714037836E-1,1.053695137E0
1.994887617E1,-1.889874186E-1,-3.294850472E-1,1.224631491E0,1.282185216E0
1.995884617E1,-4.870572764E-1,1.838510782E-2,7.219878763E-1,8.711080852E-1
1.996881717E1,-8.142652716E-1,3.835402170E-1,-3.798971093E-1,9.769610249E-1
1.997878717E1,-6.071840827E-1,7.478150278E-1,-8.201994646E-1,1.265158878E0
1.998875817E1,-5.993805349E-1,6.479466310E-1,9.540550947E-2,8.878029474E-1
1.999872817E1,-5.701581976E-1,1.132033522E0,3.707257515E-1,1.320612679E0
2.000869917E1,-8.346708848E-1,1.373963824E0,-3.394595200E-1,1.643071770E0
2.001866917E1,-5.997100255E-1,1.593572087E0,-9.885349560E-1,1.968838610E0
2.002864017E1,4.101858325E-1,4.203496090E-1,-3.875224632E-1,7.036475470E-1
2.003861017E1,1.209040475E-1,7.884303725E-1,-8.272377580E-1,1.149157321E0
2.004858117E1,1.458561632E-1,9.120370030E-1,-8.176606035E-1,1.233553557E0
2.005855117E1,-4.206687208E-1,-1.314081611E0,6.036466634E-1,1.506041815E0
2.006852217E1,2.022426179E-1,-4.120886627E-1,-2.935436743E-1,5.448734084E-1
2.007849217E1,-1.128503850E-1,-8.306303126E-1,-4.242786455E-1,9.395181183E-1
2.008846317E1,4.295504951E-1,-2.395741662E-1,3.544757545E-2,4.931185858E-1
2.009843317E1,-3.109872343E-1,-7.133410138E-1,3.848192954E-1,8.681326811E-1
2.010840487E1,-6.930337800E-1,-1.961413407E-1,-4.926624173E-1,8.726302213E-1
2.011837487E1,-1.013877958E0,-1.060572068E0,-4.393323022E-1,1.531592145E0
2.012834587E1,-1.228023314E0,-8.856330237E-1,-7.784690559E-1,1.702469143E0
2.013831587E1,-1.678313445E0,-2.865203790E0,7.998225027E-1,3.415529946E0
2.014828687E1,-1.470303426E0,-4.701599926E-2,1.131097090E-1,1.475397057E0
2.015825787E1,-2.704976340E0,-2.542310894E-1,1.486161659E0,3.096805923E0
2.016822787E1,-2.112407519E0,-1.048185326E0,6.541917497E-1,2.447227993E0
2.017819887E1,-2.324842126E0,-1.112210584E-1,-5.685130835E-2,2.328195247E0
2.018816887E1,-1.861430551E0,-8.134213722E-1,2.034415895E-1,2.041559822E0
2.019813987E1,-1.509499944E0,-1.440075952E0,-4.371325797E-1,2.131547260E0
2.020810987E1,-1.629640637E0,-3.971689072E-1,1.764175129E-1,1.686592685E0
2.021808087E1,-1.058428479E0,-6.251378122E-1,6.843861866E-1,1.406930198E0
2.022805087E1,-1.664062319E0,-8.760196164E-1,5.685423195E-1,1.964625699E0
2.023802187E1,-1.467767050E0,-1.889165211E-1,-4.864018035E-1,1.557760020E0
2.024799187E1,-2.030567696E0,2.706562105E-1,-2.798366314E-1,2.067551328E0
2.025796287E1,-2.197535085E0,8.149410635E-2,-2.021288896E-1,2.208315609E0
2.026793287E1,-2.186965073E0,-9.120773488E-1,-8.524807727E-1,2.518218575E0
2.027790387E1,-1.998526855E0,-6.585754073E-1,-8.260823482E-1,2.260584703E0
2.028787388E1,-2.060489799E0,-6.909134334E-1,-2.515910715E-1,2.187756305E0
2.029784487E1,-2.073977133E0,-1.002157214E0,1.178253130E0,2.587272824E0
2.030781487E1,-1.606527178E0,-9.230028713E-1,2.233209532E0,2.901738908E0
2.031778587E1,-1.439049327E0,2.569778189E-1,-9.770212036E-1,1.758257944E0
2.032775587E1,-1.746790334E0,-9.897991240E-2,2.488697773E-1,1.767203910E0
2.033772687E1,-1.573474769E0,1.193803216E0,-6.210327744E-3,1.975101904E0
2.034769787E1,-1.659478979E0,2.225263166E-1,-1.129951621E0,2.019945323E0
2.035766787E1,-1.585611834E0,-8.013161740E-1,-5.869996405E-1,1.871053467E0
2.036763887E1,-1.419388065E0,-1.135771939E-1,-6.998216665E-1,1.586604116E0
2.037760887E1,-2.307662714E0,7.171507671E-1,4.481475645E-1,2.457732423E0
2.038757987E1,-1.588822394E0,7.112623286E-1,6.917297047E-1,1.873163283E0
2.039754987E1,-2.337362623E0,4.087206665E-1,1.024428089E0,2.584525009E0
2.040752087E1,-1.910725795E0,8.065576181E-1,2.592672377E0,3.320144321E0
2.041749087E1,-1.788677009E0,1.544703105E0,3.144502185E0,3.933620103E0
2.042746187E1,-2.379246228E0,2.523318845E0,1.453160559E0,3.760269434E0
2.043743187E1,-2.511631722E0,1.912228091E0,-2.517080158E0,4.037400488E0
2.044740287E1,-3.411728419E0,1.201802207E0,-4.981827736E0,6.156527182E0
2.045737287E1,-2.633804031E0,-6.812792686E-1,-6.071384452E0,6.653027452E0
2.046734387E1,-2.229580604E0,-2.187396013E0,-4.857963243E0,5.775425340E0
2.047731387E1,-1.209173207E0,-3.603630236E0,-1.429538977E-1,3.803772672E0
2.048728487E1,-4.663166177E-1,-2.595825196E0,4.225188675E0,4.980760883E0
2.049725487E1,-3.056699225E-1,-1.590036276E0,6.011354597E0,6.225595036E0
2.050722587E1,-1.214307793E0,-4.715273640E-1,5.254771085E0,5.413824953E0
2.051719587E1,-1.496415775E0,7.717622995E-2,4.100655261E0,4.365843551E0
2.052716687E1,-1.250594736E0,-1.106408392E0,1.456103463E0,2.215482795E0
2.053713787E1,-3.471129113E0,1.436061839E0,-1.132146081E0,3.923361527E0
2.054710787E1,-2.948298571E0,7.534321555E-1,-1.951443905E-1,3.049295954E0
2.055707887E1,-1.839154121E0,-1.586484092E-1,-3.244660896E-1,1.874282648E0
2.056704887E1,-2.781491835E0,-5.001217103E-1,1.628515633E0,3.261729866E0
2.057701987E1,-1.765527444E0,1.193357658E0,1.715397071E0,2.735649240E0
2.058698987E1,-3.353472317E0,1.987965321E0,1.367043936E0,4.131173177E0
2.059696087E1,-3.238655221E0,5.645185581E-1,8.979773730E-1,3.407921977E0
2.060693087E1,-2.389075837E0,-8.354066107E-1,1.006844927E0,2.723843656E0
2.061690187E1,-3.083971224E0,-1.743897570E0,3.664315563E-1,3.561787378E0
2.062687187E1,-3.257988455E0,-2.590994226E0,8.160087651E-1,4.241887570E0
2.063684287E1,-2.650767388E0,-1.994585246E0,9.660108966E-1,3.455157754E0
2.064681287E1,-3.112467337E0,-9.898146191E-1,1.132350149E0,3.456790818E0
2.065678387E1,-3.843166687E0,-2.185104489E-3,9.690596348E-1,3.963459542E0
2.066675387E1,-4.795068837E0,1.612808257E0,7.318503749E-1,5.111696450E0
2.067672487E1,-3.670710663E0,2.665055645E0,1.371375554E0,4.738914356E0
2.068669487E1,-4.392127851E0,3.301356961E0,1.435569795E0,5.678961655E0
2.069666587E1,-3.268715757E0,2.297640879E0,1.093556212E0,4.142405279E0
2.070663687E1,-3.444641226E0,2.262851992E-1,-3.894672471E-1,3.473966451E0
2.071660687E1,-2.235274623E0,-1.871182684E0,-7.041801810E-1,2.998940980E0
2.072657787E1,-7.735268430E-1,-2.125170237E0,-6.869981378E-1,2.363611379E0
2.073654787E1,-1.367877749E0,-5.296057105E-1,-1.426457494E-1,1.473743382E0
2.074651887E1,-1.269185812E0,5.680178243E-1,1.023973176E0,1.726846241E0
2.075648887E1,-1.362467321E0,8.923070356E-1,1.438629059E0,2.173058355E0
2.076645987E1,-2.105444216E0,-2.259951773E-1,-4.064984322E-1,2.156202714E0
2.077642987E1,-1.746299606E0,-9.193521622E-1,4.627650189E-1,2.027047650E0
2.078640087E1,-6.341036403E-1,-9.783999771E-2,-6.598518544E-1,9.203611039E-1
2.079637087E1,-3.277574873E0,-2.535115895E-1,2.648110414E-1,3.298013048E0
2.080634187E1,-1.511423824E0,-1.473606518E-1,8.684454256E-1,1.749375487E0
2.081631187E1,-2.043217124E0,-4.909316415E-1,2.776065034E0,3.481707507E0
2.082628287E1,-1.414857496E0,5.023655793E-1,3.299332362E0,3.624884405E0
2.083625287E1,-2.362590142E0,7.121227464E-1,2.290502890E0,3.366801817E0
2.084622387E1,-3.219838881E0,1.028522602E0,1.378969333E0,3.650585923E0
2.085619387E1,-2.783486320E0,2.965795487E-1,1.748737895E0,3.300581728E0
2.086616487E1,-2.624753126E0,4.831846654E-1,1.346812570E0,2.989431466E0
2.087613587E1,-2.327339033E0,1.848144069E-1,1.711318054E0,2.894697363E0
2.088610587E1,-2.030579390E0,5.615744850E-1,1.653784375E0,2.678361686E0
2.089607687E1,-1.968689390E0,5.199548811E-2,1.243682304E0,2.329203108E0
2.090604687E1,-1.623684956E0,-4.797149277E-1,-8.191949129E-4,1.693068196E0
2.091601787E1,-2.368605173E0,-2.418168658E-1,4.356292605E-1,2.420441843E0
2.092598787E1,-1.154430258E0,-3.779774684E-1,5.442945009E-1,1.331102059E0
2.093595887E1,-1.836695660E0,-1.096886201E0,1.009229422E-1,2.141680584E0
2.094592887E1,-1.303544490E0,-8.021163654E-1,1.233354367E0,1.965650502E0
2.095589987E1,-9.306476672E-1,-3.261524266E-1,1.653058151E0,1.924858887E0
2.096586987E1,-9.766623308E-1,2.578592867E-2,6.995427543E-1,1.201621524E0
2.097584087E1,-1.985550714E0,-2.350326338E-1,-1.294636111E0,2.381960250E0
2.098581087E1,-2.260319417E0,-1.891895276E0,-1.388580986E0,3.258292307E0
2.099578187E1,-1.235606422E0,-1.061889446E-1,-1.185758616E0,1.715815497E0
2.100575187E1,-2.738311024E0,4.979167253E-1,1.333780881E0,3.086298716E0
2.101572287E1,-9.289426191E-1,9.521684906E-1,3.309990082E0,3.567294993E0
2.102569287E1,9.851388931E-2,8.443408638E-1,2.225559036E0,2.382378958E0
2.103566387E1,-1.806632639E0,-1.229292306E-1,1.695223593E0,2.480487072E0
2.104563487E1,3.027908997E-1,-2.929399493E-1,1.055283846E0,1.136274676E0
2.105560487E1,-5.448872624E-1,-7.858795246E-1,1.976025599E-1,9.765016783E-1
2.106557587E1,-7.632534313E-1,-1.162213048E0,3.810162663E-1,1.441689414E0
2.107554587E1,-1.542170530E0,-1.071930869E0,1.220308644E0,2.239749745E0
2.108551687E1,-1.070151269E0,7.644217050E-1,-3.878189170E-1,1.371119176E0
2.109548687E1,-2.670127227E0,6.296009919E-1,1.502559006E-2,2.743392532E0
2.110545742E1,-1.876983853E0,2.588831341E-1,1.668490123E0,2.524667928E0
2.111542742E1,-2.002744159E0,-3.421007073E-1,1.540225600E0,2.549570936E0
2.112539842E1,-2.063916121E0,5.525618792E-1,7.818657035E-1,2.275167766E0
2.113536842E1,-1.622235431E0,2.023095978E0,-1.515557367E0,3.003577743E0
2.114533942E1,-2.287885384E0,2.836209494E-1,-1.580479587E0,2.795134361E0
2.115530942E1,-1.016326772E0,-7.601625931E-1,-8.200673175E-1,1.511051846E0
2.116528042E1,-1.468025789E0,1.165727225E-1,-6.985908276E-1,1.629944190E0
2.117525142E1,-1.380968057E0,1.683385904E0,-1.050994329E0,2.417736536E0
2.118522142E1,-1.075619147E0,2.135735570E0,-1.607428234E0,2.881344912E0
2.119519242E1,-1.509712928E0,1.602915938E0,-2.981506371E0,3.706474453E0
2.120516242E1,-8.979993001E-1,-4.338622320E-1,-2.352912562E0,2.555550176E0
2.121513342E1,-1.272337900E0,-1.679944233E0,4.567418021E-1,2.156309215E0
2.122510342E1,-5.787990667E-1,-2.135501682E0,2.477574030E0,3.321708727E0
2.123507442E1,-9.252411854E-1,-1.690346722E0,1.338082092E0,2.346019390E0
2.124504442E1,-1.335481543E0,-1.073237722E0,-1.457483405E0,2.249357250E0
2.125501542E1,-1.533270483E0,-2.283476584E0,-2.110962964E0,3.467181610E0
2.126498542E1,-8.882493603E-1,-3.807692215E0,4.527703732E-1,3.936052329E0
2.127495642E1,-7.114650808E-1,-2.322524582E0,2.453892807E0,3.452809422E0
2.128492642E1,-1.506208692E0,-4.649679574E-1,3.084539573E0,3.463992524E0
2.129489742E1,-1.291134359E0,-3.739542916E-1,2.310465869E0,2.673036154E0
2.130486742E1,-2.459347674E0,-5.205969054E-1,2.106024406E0,3.279443691E0
2.131483842E1,-2.059913702E0,-6.664983845E-1,1.799432085E0,2.815212316E0
2.132480942E1,-2.142452413E0,2.427331245E-1,1.246694790E0,2.490636387E0
2.133477942E1,-1.905664153E0,1.132667068E0,-6.777098358E-2,2.217900687E0
2.134475042E1,-2.393995538E0,1.194891675E0,-9.058658516E-1,2.824813921E0
2.135472042E1,-1.788276767E0,4.484264767E-1,-1.351417252E0,2.285902161E0
2.136469142E1,-1.965309261E0,-3.760999274E-1,-1.879002750E-2,2.001060897E0
2.137466142E1,-1.552855878E0,-7.561002401E-1,1.192795156E0,2.099001962E0
2.138463242E1,-1.434744899E0,-2.694242021E-1,1.800474644E0,2.317928228E0
2.139460242E1,-1.497125627E0,1.566065615E-1,1.306683129E-1,1.510954985E0
2.140457342E1,-2.130908109E0,-4.811849177E-2,6.943077421E-1,2.241684188E0
2.141454342E1,-1.246735866E0,-1.063512048E-1,-4.523330015E-1,1.330513451E0
2.142451442E1,-2.051375890E0,-2.713488132E-1,-1.790719734E0,2.736503314E0
2.143448442E1,-1.704995021E0,1.611726522E-2,-1.637287041E0,2.363890150E0
2.144445542E1,-1.200173611E0,5.418284377E-1,-7.816885328E-1,1.531349638E0
2.145442642E1,-1.452329816E0,5.378856602E-1,1.258181645E0,1.995395682E0
2.146439642E1,-1.185792384E0,6.358159974E-1,3.884567898E0,4.110989335E0
2.147436742E1,-1.177203555E0,8.405568382E-1,3.214862316E0,3.525292005E0
2.148433742E1,-1.077654562E0,1.758900063E0,8.898585141E-2,2.064700286E0
2.149430842E1,-1.065910576E0,1.756938615E0,-2.821658698E0,3.490667051E0
2.150427842E1,-2.952857061E-1,3.614874431E-1,-3.956288091E0,3.983727184E0
2.151424942E1,-2.729107507E-1,-5.734346849E-1,-3.385182937E0,3.444237380E0
2.152421942E1,-3.662214951E-1,-1.039685229E0,-9.284448749E-1,1.441205553E0
2.153419042E1,-4.577671114E-1,-1.768423131E-1,1.780975349E0,1.847348675E0
2.154416042E1,-9.675441827E-1,3.888199604E-1,3.009275967E0,3.184817821E0
2.155413142E1,-1.849766525E0,9.922149011E-1,2.121791423E0,2.984648296E0
2.156410142E1,-2.328830804E0,5.237096706E-1,1.502185369E0,2.820334309E0
2.157407242E1,-2.131683304E0,1.355357983E0,8.718742329E-1,2.672308674E0
2.158404342E1,-2.242031081E0,7.626961917E-1,1.063620222E0,2.596092607E0
2.159401342E1,-1.861218005E0,-4.953471664E-1,1.100907916E0,2.218445293E0
2.160398442E1,-1.279851718E0,-4.274782419E-2,6.232500386E-1,1.424179907E0
2.161395442E1,-1.420803676E0,-1.185259849E-2,-8.670426786E-1,1.664507908E0
2.162392542E1,-1.883405411E0,-4.635143396E-1,-4.901855367E-1,2.000585751E0
2.163389542E1,-1.194784378E0,4.102476668E-1,3.608433723E-2,1.263770129E0
2.164386642E1,-1.571600297E0,-9.086845019E-1,1.450452129E0,2.323670888E0
2.165383642E1,-3.133018546E-2,-7.556198913E-1,2.573567770E0,2.682385890E0
2.166380742E1,-3.056945539E-1,-1.831007927E0,8.621783799E-1,2.046800124E0
2.167377742E1,-2.091744190E-1,-5.581307673E-1,-1.697354903E0,1.798965691E0
2.168374842E1,-5.307612665E-2,-1.424288762E0,-1.452995083E0,2.035340331E0
2.169371842E1,6.933367389E-1,-2.010577089E0,2.462180650E-1,2.140971602E0
2.170368942E1,-2.314273138E-1,-1.177803187E0,1.446162611E0,1.879405557E0
2.171366042E1,-8.056411401E-1,7.654557851E-1,1.474332742E0,1.846249506E0
2.172363042E1,-1.016901042E0,5.298290741E-1,1.513836531E0,1.899080730E0
2.173360142E1,-1.047586352E0,1.327057752E-1,6.819724560E-1,1.257033977E0
2.174357142E1,-1.079623320E0,1.036711335E-3,-1.031973336E0,1.493504789E0
2.175354242E1,-1.553374526E0,2.175067744E-1,-7.697637212E-1,1.747231468E0
2.176351242E1,-1.269411222E0,3.644423336E-1,9.737836003E-2,1.324275504E0
2.177348342E1,-4.206085675E-1,5.725935629E-1,-1.993352069E0,2.116182276E0
2.178345342E1,-1.064916257E0,-8.742192587E-1,-1.505519451E0,2.040807381E0
2.179342442E1,-1.172504879E-1,-2.193313103E0,7.595989215E-1,2.324082737E0
2.180339442E1,-2.730426785E-1,-1.343042285E0,1.790981104E0,2.255200257E0
2.181336542E1,-9.334682178E-1,-1.778989050E-1,1.868613417E0,2.096360426E0
2.182333542E1,-2.922516590E-1,1.411136912E0,1.200597095E-1,1.446074947E0
2.183330642E1,-8.078674675E-1,5.922393304E-1,-6.388784766E-1,1.188092159E0
2.184327742E1,-1.130068565E0,-9.908027986E-1,-7.450434476E-1,1.677448922E0
2.185324742E1,-1.290844337E0,-1.684030852E0,-8.824132544E-1,2.298019183E0
2.186321842E1,-1.188712264E0,-1.016624688E0,-3.815857852E-1,1.610021837E0
2.187318842E1,-9.965207177E-1,-5.644755810E-2,6.936142623E-2,1.000525300E0
2.188315942E1,-1.205029870E0,1.151901484E-2,6.601389527E-2,1.206891672E0
2.189312942E1,-1.319113725E0,-3.059283695E-1,5.812231761E-1,1.473592063E0
2.190310042E1,-1.486390870E0,-1.286358207E-2,6.768713450E-1,1.633302822E0
2.191307042E1,-1.721655785E0,4.046322933E-1,-4.821847916E-2,1.769223263E0
2.192304142E1,-1.293456727E0,-1.652578095E-1,2.649899662E-2,1.304240256E0
2.193301142E1,-9.277380196E-1,1.053513309E-1,4.881203002E-1,1.053592978E0
2.194298242E1,-9.100389364E-1,5.186231777E-1,2.689309895E-1,1.081417932E0
2.195295342E1,-1.516778265E0,1.821109760E0,-3.322458100E-1,2.393207961E0
2.196292342E1,-1.621384369E0,1.169082650E0,-4.513454068E-1,2.049232585E0
2.197289442E1,-1.036302907E0,-3.074603400E-1,1.734056121E-1,1.094771703E0
2.198286442E1,-1.187251191E0,1.137875767E0,-1.481041253E-2,1.644550395E0
2.199283542E1,-1.006679670E0,1.518097982E0,1.120110172E-1,1.824985454E0
2.200280542E1,-8.626579978E-1,5.823376554E-1,5.267639637E-2,1.042147192E0
2.201277642E1,-5.885839435E-1,-1.652627796E-1,-5.864359689E-1,8.471422493E-1
2.202274642E1,-3.833679434E-1,-5.009452906E-1,-2.066272695E0,2.160416630E0
2.203271742E1,1.104961498E-1,-5.980669579E-1,-7.581429648E-1,9.719435377E-1
2.204268742E1,-4.288201779E-4,-8.304037330E-1,1.949475147E0,2.118967648E0
2.205265842E1,-1.967960827E-1,-6.579117483E-1,1.431449262E0,1.587647177E0
2.206262842E1,-1.399301417E0,-5.231711420E-1,-6.034262234E-1,1.611172153E0
2.207259942E1,-6.668213701E-1,-1.231617452E0,8.622070312E-2,1.403198595E0
2.208257042E1,-6.953779288E-1,-1.246674617E0,3.186387545E-1,1.462627334E0
2.209254042E1,-1.204331054E0,-4.254331782E-1,1.326394093E-1,1.284133907E0
2.210251142E1,-1.178148392E0,1.307218149E-1,-4.028222877E-1,1.251953522E0
2.211248200E1,-1.087419705E0,-3.954647362E-1,-2.270678490E-1,1.179166562E0
2.212245300E1,-1.003802036E0,-1.299096074E0,4.014464378E-1,1.690097151E0
2.213242300E1,-1.092491214E0,-2.028157620E0,8.355554223E-1,2.450533258E0
2.214239400E1,-1.010437822E0,-1.155112190E0,6.344866329E-1,1.660675179E0
2.215236400E1,-7.219533777E-1,7.198097885E-2,2.708956540E-1,7.744561939E-1
2.216233500E1,-5.428683650E-1,-1.633308595E-1,-3.251461208E-1,6.535312015E-1
2.217230500E1,-4.148713526E-1,-7.550398475E-1,-9.518249667E-1,1.283812361E0
2.218227600E1,-1.718924258E-1,-1.218346026E0,-8.555599165E-1,1.498631648E0
2.219224700E1,-9.828578943E-1,-6.952362800E-1,-4.488270110E-1,1.284838049E0
2.220221700E1,-1.321466791E0,-1.114121161E0,1.191725115E0,2.099464025E0
2.221218800E1,-9.730555489E-1,-1.326687331E0,3.274487543E0,3.664587978E0
2.222215800E1,-9.004620011E-1,-1.037509480E-1,3.040760300E0,3.172982710E0
2.223212900E1,-4.915526889E-1,1.422461800E0,1.828920178E0,2.368537658E0
2.224209900E1,-1.393683851E-3,1.514870903E0,-1.352344036E-1,1.520895835E0
2.225207000E1,2.947579949E-1,-9.751986265E-3,-1.409090679E0,1.439622839E0
2.226204000E1,2.400011592E-2,-4.446097067E-1,-2.259877514E0,2.303323723E0
2.227201100E1,-4.958655951E-1,1.170033699E-1,-1.184002697E0,1.288966588E0
2.228198100E1,-1.051847438E0,2.482859328E-1,9.262925148E-1,1.423392693E0
2.229195200E1,-1.553778861E0,5.499660078E-1,1.667746941E0,2.344796627E0
2.230192300E1,-1.727032738E0,9.637035853E-1,5.024453938E-1,2.040543568E0
2.231189300E1,-1.702473263E0,1.866564260E0,-1.122205229E0,2.764384547E0
2.232186400E1,-1.222651185E0,2.398151300E0,-1.690378590E0,3.178582287E0
2.233183400E1,-1.367715197E0,1.214738294E0,-1.951971323E0,2.675149721E0
2.234180500E1,-1.060029666E0,1.051808554E0,-1.801350557E0,2.339835027E0
2.235177500E1,-1.155864142E0,8.833336061E-1,-1.247191803E0,1.916190900E0
2.236174600E1,-8.460300513E-1,9.846620527E-1,-6.877804953E-1,1.469138596E0
2.237171600E1,-4.636661480E-1,4.069112456E-1,4.342037094E-1,7.543844642E-1
2.238168700E1,-5.401562802E-1,2.695434853E-1,2.040608096E-1,6.372309719E-1
2.239165800E1,-1.070071893E-1,5.501575041E-1,-8.698318005E-2,5.671771253E-1
2.240162800E1,-1.677241650E-1,-7.153980643E-1,1.698990369E-1,7.541826494E-1
2.241159900E1,-5.976132140E-2,-1.667078897E0,7.690895373E-1,1.836905599E0
2.242156900E1,2.521828828E-1,-1.993010007E0,7.564268070E-1,2.146594188E0
2.243154000E1,3.117991202E-2,-1.895244561E0,5.248846686E-1,1.966831983E0
2.244151000E1,4.105078679E-1,-1.835254175E0,5.810600388E-1,1.968325523E0
2.245148100E1,1.772223821E-1,-9.782885876E-1,7.110945135E-1,1.222338636E0
2.246145100E1,-1.973838741E-1,-1.808679457E0,2.281399360E0,2.918058398E0
2.247142200E1,-3.022389957E-1,-1.543415841E0,2.143147209E0,2.658300364E0
2.248139200E1,-9.553108574E-1,1.375966787E-1,1.192131497E0,1.533860876E0
2.249136300E1,-9.214879308E-1,-7.587083906E-2,7.909399974E-1,1.216750784E0
2.250133300E1,-7.423824529E-1,-6.727206990E-1,7.608309299E-1,1.257993859E0
2.251130400E1,-7.949851743E-1,-7.986960366E-1,-7.166581392E-2,1.129182348E0
2.252127500E1,-4.499702878E-1,4.635093695E-1,-4.743670642E-1,8.014601095E-1
2.253124500E1,-5.505347957E-1,5.441769719E-2,-1.287995428E-1,5.680133530E-1
2.254121600E1,6.058267247E-1,-1.351548815E-1,1.119285715E-1,6.307304238E-1
2.255118600E1,9.315118126E-1,6.216321141E-2,-3.955957139E-1,1.013940082E0
2.256115700E1,5.825958831E-1,7.993751907E-1,2.167065829E-1,1.012610686E0
2.257112700E1,3.832117496E-1,7.887133777E-1,1.918062150E-1,8.976133140E-1
2.258109800E1,2.332502563E-1,2.862679839E-1,-1.656468247E0,1.697127601E0
2.259106800E1,6.865989192E-1,-1.326747850E-1,-1.355654145E0,1.525391371E0
2.260103900E1,6.819055054E-1,1.869305143E-1,-9.780801344E-1,1.206888099E0
2.261101000E1,1.002645384E0,4.124491435E-1,-3.370300019E-1,1.135341924E0
2.262098000E1,7.464636632E-1,3.787475467E-1,-2.086994058E-1,8.626778927E-1
2.263095100E1,-9.828127977E-2,2.766335267E-1,-1.218881339E-1,3.178710984E-1
2.264092100E1,-3.631917603E-1,4.003641182E-1,-3.978492308E-1,6.711808194E-1
2.265089200E1,-6.458290619E-1,3.344279909E-1,-1.323599124E-1,7.392268966E-1
2.266086200E1,-8.998856118E-1,-8.938948470E-1,-1.014819360E-1,1.272454595E0
2.267083300E1,-1.078626735E0,-5.531743750E-1,-4.016692168E-1,1.277018278E0
2.268080300E1,-1.496568241E0,-4.028085467E-1,7.059448707E-1,1.703035345E0
2.269077400E1,-1.797203419E0,1.967769331E-1,5.520367992E-1,1.890345449E0
2.270074500E1,-2.058538437E0,2.768320397E-1,6.810041571E-1,2.185859816E0
2.271071500E1,-2.334202641E0,7.277444601E-2,2.232700825E-1,2.345985426E0
2.272068600E1,-2.467758017E0,5.934216374E-1,-1.870641232E-2,2.538174304E0
2.273065600E1,-2.324651945E0,8.771127534E-1,-2.136397183E-1,2.493787356E0
2.274062700E1,-1.921650587E0,3.422334391E-1,5.066629905E-1,2.016574345E0
2.275059700E1,-8.632628922E-1,1.606235987E-1,2.308790642E-1,9.079250541E-1
2.276056800E1,-4.240019260E-1,1.696432212E-1,1.115888482E-1,4.701154399E-1
2.277053800E1,-3.245190435E-1,1.040614936E0,-1.067081773E0,1.525403411E0
2.278050900E1,-4.557919219E-2,-7.082194376E-1,-1.014598920E0,1.238169295E0
2.279047900E1,-7.386089522E-2,-2.194796249E0,1.479297613E0,2.647811820E0
2.280045000E1,-2.864775700E-1,-1.360596212E0,1.520171989E0,2.060149103E0
2.281042100E1,-1.154867484E-1,-4.931673244E-1,7.009525180E-2,5.113360374E-1
2.282039100E1,-5.801884382E-1,9.471436858E-2,-1.871465689E-1,6.169386304E-1
2.283036200E1,-3.818018398E-1,-1.268121034E0,1.692184210E-1,1.335117402E0
2.284033200E1,-4.356208917E-1,-1.022230998E0,-7.753805566E-1,1.354967447E0
2.285030300E1,-4.341855830E-1,-3.791542205E-1,-6.970524251E-1,9.045203850E-1
2.286027300E1,-5.481435768E-3,-1.748080668E-1,-3.426538539E-1,3.847071223E-1
2.287024400E1,-2.246462064E-1,-4.833097959E-1,-2.884402245E-1,6.060132341E-1
2.288021400E1,4.329970633E-1,-7.729364204E-1,1.215250218E-1,8.942513616E-1
2.289018500E1,-2.685250100E-1,-4.647036633E-1,5.891648644E-1,7.969757921E-1
2.290015600E1,-3.125238094E-1,4.330675954E-1,7.738702208E-1,9.402626188E-1
2.291012600E1,-5.634297334E-1,2.051086307E-2,5.932374501E-1,8.184158065E-1
2.292009700E1,-5.497874119E-1,-3.621075404E-1,-3.571379918E-1,7.489563500E-1
2.293006700E1,-4.472044086E-1,-1.249780950E-1,-8.435093898E-1,9.628703952E-1
2.294003800E1,9.146925526E-2,2.986167186E-1,-7.948950541E-1,8.540472565E-1
2.295000800E1,8.388772986E-1,1.625882632E-1,-8.237557411E-2,8.584496495E-1
2.295997900E1,1.466491334E0,5.485334399E-1,1.042394829E0,1.880976540E0
2.296994900E1,1.763463523E0,8.712974051E-1,1.798597687E0,2.665317318E0
2.297992000E1,1.872817711E0,1.823768197E0,1.713562800E0,3.125679779E0
2.298989100E1,2.535279909E0,9.810227457E-1,3.599312067E-1,2.742188965E0
2.299986100E1,3.305353240E0,-1.054512891E0,2.713692784E-1,3.480086029E0
2.300983200E1,3.685885357E0,-1.897521467E0,1.995742410E-1,4.150441960E0
2.301980200E1,2.083691112E0,-1.363797562E0,2.117183232E-1,2.499307322E0
2.302977300E1,9.695178372E-1,-1.221337462E0,1.756743318E-1,1.569232775E0
2.303974300E1,-8.690633301E-1,-1.612071801E0,3.601826370E-2,1.831759776E0
2.304971400E1,-2.956650150E0,-1.830836603E0,-5.725295359E-1,3.524419505E0
2.305968400E1,-3.889383665E0,-1.157294663E0,-1.198097411E0,4.231084215E0
2.306965500E1,-3.652893612E0,-2.760941210E-1,-1.631172608E0,4.010060322E0
2.307962600E1,-3.020888245E0,5.481077626E-1,-8.487467408E-1,3.185366375E0
2.308959600E1,-2.194902961E0,2.197769851E0,-5.967469490E-1,3.162893967E0
2.309956700E1,-8.260887071E-1,2.519339522E0,2.357696754E-1,2.661781644E0
2.310953800E1,-4.602154867E-1,1.836292933E0,-2.308428115E-1,1.907107347E0
2.311950900E1,3.358934493E-1,-1.518331870E-1,-1.098079618E0,1.158299000E0
2.312947900E1,1.718449537E-1,-1.936930238E0,-1.014684289E0,2.193356707E0
2.313945000E1,8.913648299E-1,-1.784343053E0,-8.110614359E-1,2.153191130E0
2.314942000E1,-1.902420118E-1,-4.578939959E-1,-9.708716869E-2,5.052572146E-1
2.315939100E1,-9.410242823E-1,4.341431907E-1,5.168769068E-1,1.158088402E0
2.316936200E1,-1.667052146E0,1.521053749E-1,1.016005175E0,1.958179108E0
2.317933200E1,-1.053746248E0,7.021447653E-1,1.401686935E0,1.888945391E0
2.318930300E1,-4.688899773E-1,1.491302531E0,1.141461280E0,1.935658778E0
2.319927300E1,-2.123260134E-1,1.457657068E0,-3.724454176E-1,1.519395292E0
2.320924400E1,1.354366296E0,1.621362734E-1,-6.408793938E-1,1.507090784E0
2.321921400E1,2.286529853E0,-6.876901558E-1,-1.069216007E-1,2.390098063E0
2.322918500E1,2.670057645E0,7.883450031E-2,1.126093628E0,2.898880744E0
2.323915500E1,2.502317985E0,-1.968494385E-2,1.599780076E0,2.970063819E0
2.324912600E1,2.062085065E0,-6.930058596E-1,5.924241024E-1,2.254643709E0
2.325909700E1,1.248587095E0,-9.899625537E-1,-2.950738907E-1,1.620513558E0
2.326906700E1,9.807194944E-1,-9.693028790E-1,-3.668174726E-1,1.426854532E0
2.327903800E1,6.885371981E-1,-7.036431143E-1,4.910041469E-1,1.100128255E0
2.328900800E1,7.884756884E-1,-9.353276324E-1,1.233777121E0,1.737451488E0
2.329897900E1,1.251475765E0,-1.324724128E0,1.212044190E0,2.188638098E0
2.330894900E1,1.299540024E0,-1.146144900E-1,1.382942516E-1,1.311894072E0
2.331892000E1,7.669731376E-1,3.848765981E-1,-6.125379395E-1,1.054315189E0
2.332889000E1,-1.290535495E-1,2.902139774E-1,-1.483143327E0,1.516770615E0
2.333886100E1,-1.060125962E-1,-7.675756931E-1,-1.311188993E0,1.523032400E0
2.334883200E1,-8.811164881E-1,-8.152726007E-1,-5.890718937E-2,1.201875924E0
2.335880200E1,-6.794137875E-1,2.034860283E-2,6.140044212E-1,9.159795792E-1
2.336877300E1,-1.037178235E0,3.884477851E-1,3.805174989E-1,1.171078110E0
2.337874300E1,-1.649305116E0,-9.607095185E-1,4.412753320E-1,1.959054380E0
2.338871400E1,-1.767608760E0,-1.774460674E0,-7.752671206E-1,2.621867754E0
2.339868400E1,-1.856040880E0,-1.874002796E0,-1.037489015E0,2.834282570E0
2.340865500E1,-1.529306217E0,-1.104398996E0,-6.928839451E-1,2.009617578E0
2.341862500E1,-1.679018034E0,-1.074927275E0,2.399434179E-1,2.008019684E0
2.342859600E1,-1.508260041E0,1.563538449E0,5.913745272E-1,2.251493874E0
2.343856700E1,-2.818703296E-1,1.790059291E0,2.451563861E0,3.048594514E0
2.344853700E1,-2.136489569E0,-7.451589301E-1,8.358635706E-1,2.412160322E0
2.345850800E1,-8.724450673E-1,-2.058397665E0,-5.566093218E-1,2.303904356E0
2.346847800E1,2.189937505E0,-1.327432266E0,-1.314424258E0,2.878474219E0
2.347844900E1,1.164275507E0,1.180654289E0,-9.430488807E-1,1.907569972E0
2.348841900E1,-8.696691017E-1,3.698852143E-1,1.753860641E-1,9.611970087E-1
2.349839000E1,-1.976957061E0,1.208268642E-1,1.818868230E0,2.689096501E0
2.350836100E1,-7.658552230E-1,-2.511645171E-1,7.311528021E-1,1.088210576E0
2.351833100E1,-1.276110670E0,1.442702521E0,-5.635049433E-1,2.006835027E0
2.352830200E1,-1.422282729E0,1.734903967E-1,-2.064164189E0,2.512719817E0
2.353827200E1,-1.681985204E0,-9.030241048E-1,-9.001864511E-1,2.110654497E0
2.354824300E1,-9.198391622E-1,-2.736689883E-1,2.264299178E-1,9.860371733E-1
2.355821300E1,-1.237284865E0,1.485111792E0,9.873690212E-1,2.170559480E0
2.356818400E1,-6.189228067E-1,9.974730098E-1,8.900924027E-1,1.473187813E0
2.357815400E1,-5.089045206E-1,2.217910293E-1,3.962757450E-1,6.820627081E-1
2.358812500E1,-1.583377028E-1,7.672014713E-1,-9.221304667E-1,1.209956001E0
2.359809600E1,-8.549272478E-1,1.321651709E0,-1.160506246E0,1.955617188E0
2.360806600E1,-1.143526297E0,1.001861345E0,-5.799783039E-1,1.627191870E0
2.361803700E1,-8.620783925E-1,-2.890307933E-2,5.209032995E-1,1.007648148E0
2.362800700E1,-6.930967838E-1,-8.858473241E-2,2.059281764E0,2.174596926E0
2.363797800E1,-8.859715775E-2,1.336890137E0,2.423033541E0,2.768793282E0
2.364794800E1,-1.290575219E0,3.767942843E-1,1.598480240E0,2.088707114E0
2.365791900E1,-1.495766296E0,-1.603291914E-1,-9.038608414E-1,1.754989083E0
2.366788900E1,-1.897763834E0,-6.196075156E-1,-1.601933021E0,2.559611386E0
2.367786000E1,-2.553674957E0,-7.109813699E-1,-1.363301718E0,2.980829058E0
2.368783100E1,-2.824058980E0,-1.722931793E0,-1.115859831E0,3.491267141E0
2.369780100E1,-1.647455057E0,-1.837967283E0,-3.356652617E-1,2.490964284E0
2.370777200E1,-3.678159577E-1,-2.709113537E0,1.450236951E0,3.094797562E0
2.371774200E1,8.270920162E-1,-2.204630389E0,4.564449974E0,5.136017905E0
2.372771300E1,1.597641749E0,-1.540902415E0,5.091913265E0,5.554675518E0
2.373768300E1,1.460500276E0,8.437675443E-1,9.480032265E-2,1.689376165E0
2.374765400E1,7.793829026E-1,-2.006621155E-1,-1.509865102E0,1.710963360E0
2.375762400E1,-2.189610500E-1,-2.419953813E0,3.272218823E-2,2.430059905E0
2.376759500E1,-2.539790013E-1,-1.955178229E0,9.280917031E-1,2.179124010E0
2.377756600E1,-3.013757274E-1,-6.300339782E-1,4.172210562E-1,8.135376774E-1
2.378753600E1,-9.065828665E-1,-2.714847609E-1,5.775873774E-1,1.108694569E0
2.379750700E1,-1.684576836E0,-7.128656352E-1,-1.052644998E-1,1.832227373E0
2.380747700E1,-1.983686621E0,1.049265307E-1,-5.136223465E-1,2.051787051E0
2.381744800E1,-2.262047708E0,4.461831924E-1,-1.055919439E-1,2.308048728E0
2.382741800E1,-2.108346920E0,-1.479719782E-1,-3.193983078E-2,2.113774490E0
2.383738900E1,-1.361531620E0,-9.014286920E-1,-4.406479257E-1,1.691305009E0
2.384736000E1,-8.106202635E-1,-2.757412416E-1,-1.298040944E-1,8.660182139E-1
2.385733000E1,-1.040233332E0,1.161435369E-1,5.353593707E-1,1.175663371E0
2.386730100E1,-6.679509790E-1,-6.428896666E-2,1.034318655E0,1.232926056E0
2.387727100E1,4.992285847E-1,-4.209042174E-1,9.559074926E-1,1.157647906E0
2.388724200E1,2.443276237E-1,7.777738219E-1,3.324557251E-1,8.804288245E-1
2.389721200E1,-4.347305069E-1,2.094507730E0,-5.200589615E-1,2.201457374E0
2.390718300E1,-7.992986653E-1,1.070815805E0,-8.575169796E-1,1.587721706E0
2.391715300E1,-7.865688383E-1,1.415008354E0,-1.618454329E0,2.289177493E0
2.392712400E1,3.322732919E-1,9.179286575E-1,-1.157782028E0,1.514416649E0
2.393709500E1,9.253101095E-1,1.782238932E0,3.646499097E-1,2.040966430E0
2.394706500E1,1.731979190E0,2.543443792E0,1.196639115E0,3.301636474E0
2.395703600E1,1.766497643E0,1.817857831E0,4.816918713E-1,2.580144972E0
2.396700600E1,2.123964979E0,1.253778399E0,-4.078181487E-1,2.499900628E0
2.397697700E1,1.883831819E0,1.523271013E0,-4.566312897E-1,2.465296947E0
2.398694700E1,1.685965988E0,2.050636656E0,-1.220236139E0,2.921740618E0
2.399691800E1,1.963948760E0,1.596825186E0,-2.106156553E0,3.292846919E0
2.400688900E1,1.809902694E0,-2.619114071E-2,-2.238805903E0,2.879007747E0
2.401685900E1,1.842240136E0,-3.215670401E-1,-1.067037334E0,2.153096085E0
2.402683000E1,1.854253825E0,-9.602230301E-1,2.248049766E-1,2.100195894E0
2.403680000E1,2.400986761E0,-1.945715680E0,2.090902922E0,3.731276184E0
2.404677100E1,2.433801628E0,-1.988255051E0,1.828055960E0,3.635703110E0
2.405674100E1,1.938049834E0,-1.518633879E0,9.112663400E-1,2.625393753E0
2.406671200E1,1.906127837E0,-1.050321022E0,4.112697601E-2,2.176738158E0
2.407668200E1,1.416305266E0,-1.760835199E0,-2.212323278E-1,2.270551684E0
2.408665300E1,3.939674105E-1,-1.408170912E0,-5.174587047E-1,1.551102559E0
2.409662400E1,-3.361845676E-1,-1.155973485E0,-6.638197750E-1,1.374755052E0
2.410659400E1,-8.008143367E-1,-1.345784922E0,-3.229697871E-1,1.598984097E0
2.411656379E1,-1.160138968E0,-1.465130979E0,7.039696813E-1,1.997023916E0
2.412653379E1,-7.652040625E-1,-8.406386992E-1,1.609508089E0,1.970463643E0
2.413650479E1,-5.110166080E-1,-1.076449013E-1,1.298345000E0,1.399437436E0
2.414647479E1,-1.011929282E-1,-8.333773345E-2,5.166073501E-2,1.409042869E-1
2.415644579E1,5.550599193E-1,-3.678059444E-1,-7.397517174E-1,9.952915805E-1
2.416641679E1,2.512811691E-1,-3.555987123E-1,-8.810602087E-1,9.827816448E-1
2.417638679E1,2.227232399E-1,-1.461964712E-1,-9.171533167E-2,2.817636453E-1
2.418635779E1,-5.045090955E-1,-6.118994236E-1,5.072746092E-1,9.414233167E-1
2.419632779E1,-7.070372768E-1,-6.670024145E-1,1.004107261E0,1.397506824E0
2.420629879E1,-1.219251760E0,5.990542603E-1,6.492789191E-1,1.505657323E0
2.421626879E1,-1.614074472E0,1.150161352E0,8.094709933E-2,1.983597734E0
2.422623979E1,-2.642061761E0,9.190311500E-1,-5.824411511E-3,2.797345622E0
2.423620979E1,-2.946594693E0,7.771110401E-1,-5.695562267E-1,3.100115505E0
2.424618079E1,-2.469744608E0,6.248404813E-1,-1.077826032E0,2.766183836E0
2.425615179E1,-1.839669115E0,-1.553982344E-1,-6.097412163E-1,1.944303324E0
2.426612179E1,-5.481759923E-1,-1.648157600E-1,2.442878991E-1,6.223646286E-1
2.427609279E1,-1.725813374E-1,3.474570492E-1,-3.620712876E-1,5.306659367E-1
2.428606279E1,-1.519471712E-1,4.938806847E-1,-1.223000118E0,1.327680444E0
2.429603379E1,-3.193283970E-1,4.316791740E-1,-8.189692104E-1,9.792998019E-1
2.430600379E1,-5.996791083E-1,-1.431146961E-1,-3.047235507E-1,6.877159963E-1
2.431597479E1,-4.823448956E-1,4.892040816E-1,-1.589553881E-1,7.051553355E-1
2.432594579E1,-4.431455274E-1,7.095037785E-1,-4.934324956E-1,9.712101718E-1
2.433591579E1,-4.059155744E-1,3.686356643E-1,1.109778142E-1,5.594423847E-1
2.434588679E1,-3.800837451E-1,5.094296005E-1,5.637171972E-1,8.495641527E-1
2.435585679E1,3.480712261E-2,1.006561337E0,1.735225564E-1,1.022001633E0
2.436582779E1,-3.173312805E-1,1.025711553E0,3.459709793E-1,1.128042220E0
2.437579779E1,-3.876976239E-1,7.118107975E-3,5.099929798E-1,6.406660241E-1
2.438576879E1,-1.156721416E-1,-8.695335925E-2,4.194266260E-1,4.436886584E-1
2.439573979E1,2.734526414E-1,4.730426699E-2,3.948671508E-1,4.826324766E-1
2.440570979E1,-5.358344570E-2,-3.698048151E-1,1.119903181E0,1.180597273E0
2.441568079E1,-6.202087556E-1,-1.197527892E0,1.157887278E0,1.777479930E0
2.442565079E1,-9.095552985E-1,-1.964655396E0,1.288182539E0,2.519241140E0
2.443562179E1,-9.346015544E-1,-2.133737869E0,1.118715026E0,2.584151828E0
2.444559179E1,-9.390546477E-1,-1.125413012E0,-2.838460672E-1,1.492965729E0
2.445556279E1,-8.833530481E-1,-1.431441953E0,-7.104355323E-1,1.825940119E0
2.446553279E1,3.979950823E-1,-2.761834080E0,1.033468469E0,2.975598200E0
2.447550379E1,1.804702327E0,-2.014219027E0,2.386756831E0,3.607026053E0
2.448547479E1,2.506867996E0,-3.695715111E-1,1.502232147E0,2.945788803E0
2.449544479E1,1.930878662E0,7.212125355E-1,5.196163273E-1,2.125662499E0
2.450541579E1,1.216753976E0,-4.799654809E-1,-7.677628040E-2,1.310248716E0
2.451538579E1,7.148335156E-1,-9.823772532E-1,-6.028420866E-1,1.356270845E0
2.452535679E1,7.068349631E-1,-1.430942309E-1,-5.601919109E-1,9.131848668E-1
2.453532679E1,7.098073952E-1,4.995928296E-1,9.152670050E-1,1.261401294E0
2.454529779E1,3.895334303E-1,8.053516299E-2,1.526173571E0,1.577158196E0
2.455526879E1,4.001527414E-1,-7.575272530E-2,1.686822313E-1,4.408110559E-1
2.456523879E1,-2.807359697E-1,6.977421042E-1,-9.871123284E-1,1.240986494E0
2.457520979E1,-7.472424392E-1,2.426343066E-1,-8.270471388E-1,1.140723297E0
2.458517979E1,-7.790689071E-1,-5.035899863E-1,-1.119250631E-1,9.343866737E-1
2.459515079E1,-5.562983596E-1,-4.695352176E-1,-3.920294970E-1,8.268121383E-1
2.460512079E1,-7.671036766E-1,4.882474771E-1,-1.095291665E0,1.423551011E0
2.461509179E1,-1.354556623E0,3.778254408E-1,-9.416888183E-1,1.692440114E0
2.462506179E1,-1.156835949E0,-1.239670237E0,-3.846064568E-2,1.696033882E0
2.463503279E1,-6.807477567E-1,-6.674526501E-1,-1.539484173E-1,9.657176935E-1
2.464500379E1,-2.013519042E-1,5.646258545E-1,-1.302929217E-1,6.134502346E-1
2.465497379E1,-6.845488854E-1,1.455846185E0,4.775286537E-1,1.678132565E0
2.466494479E1,-3.909654500E-1,1.020550216E0,5.445693201E-1,1.221037457E0
2.467491479E1,-2.398272776E-1,8.860309267E-1,-1.442397004E-1,9.291786789E-1
2.468488579E1,2.799599163E-1,1.262939524E0,-1.300900233E-1,1.300121998E0
2.469485579E1,6.477535998E-1,1.461578211E0,4.852194965E-1,1.670698522E0
2.470482679E1,6.668066789E-1,1.586080342E0,5.469555688E-1,1.805392587E0
2.471479779E1,1.140604005E0,1.653832030E0,-3.857279527E-1,2.045708663E0
2.472476779E1,1.403480276E0,8.127597597E-1,-8.043043935E-1,1.810315130E0
2.473473879E1,1.732081516E0,8.472469300E-1,-7.838572651E-1,2.081433629E0
2.474470879E1,1.714890702E0,6.692401439E-2,-9.637176186E-1,1.968268425E0
2.475467979E1,1.820953055E0,-7.441397604E-1,3.979872251E-1,2.006989746E0
2.476464979E1,1.822766276E0,-1.239354487E0,1.362994739E0,2.591569236E0
2.477462079E1,2.018191625E0,-1.076970877E0,2.479535771E0,3.373582865E0
2.478459179E1,1.853247958E0,-1.109405090E0,1.182226313E0,2.462309221E0
2.479456179E1,1.426891796E0,-8.011018735E-1,-6.692588550E-1,1.767962620E0
2.480453279E1,1.029140287E0,-1.448007993E0,-1.061005931E0,2.069200441E0
2.481450279E1,5.625563056E-1,-1.042932188E0,-1.006342651E0,1.554639083E0
2.482447379E1,-2.082390837E-2,-1.093116501E0,-2.509198111E-1,1.121738861E0
2.483444379E1,-1.182519332E-1,-1.307573368E0,8.819390452E-1,1.581628310E0
2.484441479E1,-4.950892311E-2,-1.199326788E0,6.829559577E-1,1.381037551E0
2.485438479E1,1.515427632E-1,-4.778522971E-1,2.623938024E-1,5.658255336E-1
2.486435579E1,6.724618135E-1,3.323899439E-1,5.416585761E-1,9.252469825E-1
2.487432679E1,-8.001808640E-2,2.801085269E-1,7.676517069E-1,8.210680996E-1
2.488429679E1,-2.389283047E-1,-3.080167025E-2,4.456952423E-1,5.066356942E-1
2.489426779E1,-4.598907105E-1,-1.029080719E-1,-7.546732271E-1,8.897309798E-1
2.490423779E1,-4.876353467E-1,-3.537191248E-1,-1.401774058E0,1.525737842E0
2.491420879E1,-4.378639202E-1,-2.024130642E-1,-3.912149799E-1,6.210837477E-1
2.492417879E1,4.981257632E-1,-8.883090019E-3,8.023163402E-1,9.444150015E-1
2.493414979E1,5.891974261E-1,6.784065315E-1,1.637494617E0,1.867826986E0
2.494412079E1,1.366365294E-1,1.605496022E0,2.166815568E0,2.700254937E0
2.495409079E1,-6.458035534E-1,1.641665728E0,4.191956609E-1,1.813243943E0
2.496406179E1,-4.565440931E-1,1.778190320E0,-2.984707137E0,3.504121861E0
2.497403179E1,-9.772346270E-1,1.262074136E0,-4.640986519E0,4.907807505E0
2.498400279E1,-8.014407197E-1,2.939056170E-1,-3.453070865E0,3.557019277E0
2.499397279E1,-5.993736644E-1,1.246219996E-1,1.207105047E-1,6.239795336E-1
2.500394379E1,9.101891367E-1,1.393660462E-1,2.279445806E0,2.458401989E0
2.501391479E1,1.860014648E0,-9.168229491E-2,2.365325616E0,3.010452691E0
2.502388479E1,2.676619391E0,-1.713605484E-1,1.313641900E0,2.986521529E0
2.503385579E1,2.458609756E0,1.699879146E-1,-1.071385324E-2,2.464502507E0
2.504382579E1,1.600007679E0,5.729800639E-1,-1.067771745E0,2.007104189E0
2.505379679E1,7.243236197E-1,-6.325751781E-2,-1.286021408E0,1.477327750E0
2.506376679E1,1.990170197E-1,-5.878197125E-1,-7.508339453E-1,9.741105696E-1
2.507373779E1,-5.636297448E-1,-9.277037403E-1,6.513710529E-1,1.265937189E0
2.508370779E1,-6.913388915E-1,5.986879322E-1,6.284341800E-1,1.109642385E0
2.509367879E1,-6.435850467E-1,1.817442679E0,-3.237784570E-1,1.955027389E0
2.510364979E1,-5.451102972E-1,1.337876855E0,2.938874906E-1,1.474255600E0
2.511362012E1,1.077917943E-1,8.606352997E-1,-4.259480256E-1,9.663042536E-1
2.512359112E1,3.043182290E-1,7.394859615E-1,-5.091205752E-1,9.479730122E-1
2.513356112E1,8.236091222E-1,6.005403301E-1,-1.003448864E0,1.430346216E0
2.514353212E1,7.577903777E-1,-1.106751623E0,-1.096400297E0,1.732408446E0
2.515350213E1,1.336403795E0,-1.216706175E0,2.918625998E-1,1.830719202E0
2.516347312E1,1.655414287E0,-1.254362536E0,2.291788108E0,3.092913604E0
2.517344412E1,8.179006317E-1,4.935351142E-1,2.347324378E0,2.534259278E0
2.518341413E1,7.343770299E-1,-3.960959432E-1,1.427918129E0,1.653829435E0
2.519338512E1,4.382763133E-2,-1.994450760E0,5.042936987E-1,2.057684823E0
2.520335512E1,-7.102517105E-1,-1.440721485E0,-3.978808057E-1,1.654824771E0
2.521332612E1,-1.689506770E0,-8.908089790E-1,-3.332772589E-1,1.938826319E0
2.522329612E1,-1.412634531E0,-1.092618026E0,1.106585562E-1,1.789300361E0
2.523326712E1,-1.512811953E0,-2.422051794E0,7.696818602E-1,2.957591091E0
2.524323812E1,-4.860519938E-1,-2.118536863E0,4.857521778E-1,2.227195581E0
2.525320812E1,2.094035019E-2,-7.258917698E-1,2.380056506E-1,7.642015765E-1
2.526317912E1,-1.535357501E-1,-8.891816989E-1,1.321583589E0,1.600250137E0
2.527314912E1,1.723343657E-1,-1.299093736E0,1.617329909E0,2.081609882E0
2.528312012E1,3.780601699E-1,-9.579768223E-1,5.731651282E-1,1.178629436E0
2.529309012E1,3.642008436E-1,-1.320298371E-1,-3.893877250E-1,5.492694537E-1
2.530306112E1,-2.026588483E-1,-5.874051449E-1,-1.030360674E0,1.203228379E0
2.531303112E1,-7.721107205E-1,-1.214124629E0,-1.050030123E0,1.781240253E0
2.532300212E1,-6.585067025E-1,-7.878377572E-1,-1.561376148E-1,1.038604046E0
2.533297312E1,-2.539722222E-1,3.120085967E-1,9.350504744E-1,1.017924675E0
2.534294312E1,-4.395260278E-1,4.067314437E-1,1.929937261E0,2.020710624E0
2.535291412E1,-5.853356325E-1,6.118462139E-1,1.089166707E0,1.379586064E0
2.536288412E1,-4.530511858E-1,3.800397813E-1,-2.150652695E-1,6.292365870E-1
2.537285512E1,-3.599133727E-1,3.562290421E-1,-6.470552230E-1,8.216551758E-1
2.538282512E1,-2.272865349E-1,-2.924464443E-1,-1.034591135E0,1.098891673E0
2.539279612E1,-7.876295963E-1,-4.970519221E-1,-5.877936924E-1,1.101327571E0
2.540276712E1,-6.477872944E-1,-9.460970342E-2,-4.085332632E-2,6.559332047E-1
2.541273712E1,1.893474243E-1,5.406452537E-1,-3.019531399E-1,6.475534234E-1
2.542270812E1,8.453103322E-1,1.232480208E0,-5.503387678E-1,1.592617274E0
2.543267812E1,1.599517390E0,1.061482187E0,-7.788900554E-1,2.071682899E0
2.544264912E1,2.186799159E0,1.448442441E0,-7.684229547E-1,2.733230671E0
2.545261912E1,2.859768803E0,1.771625943E0,1.011238525E0,3.512768060E0
2.546259012E1,2.900614820E0,2.057887495E0,1.925167102E0,4.044098868E0
2.547256113E1,2.198596647E0,1.964104004E0,3.378316551E-1,2.967433568E0
2.548253112E1,1.815926788E0,1.851554750E0,-2.301046005E0,3.467082031E0
2.549250212E1,1.101946601E0,1.064085075E0,-4.003538856E0,4.286593838E0
2.550247212E1,1.989456507E0,8.894831228E-1,-2.571383250E0,3.370627425E0
2.551244312E1,3.181544296E0,-6.111647210E-1,1.120320672E0,3.427953447E0
2.552241312E1,3.583251520E0,-1.316124921E0,4.083596594E0,5.589958622E0
2.553238412E1,4.415814337E0,-7.104834795E-1,3.709457238E0,5.810703575E0
2.554235512E1,4.239607909E0,-1.001052675E0,1.535356039E0,4.618841829E0
2.555232512E1,3.390895082E0,-1.092302276E0,-1.209448611E0,3.762188148E0
2.556229612E1,2.624478599E0,-9.116715521E-1,-2.382528709E0,3.659983058E0
2.557226612E1,1.825473391E0,-1.009570899E0,-2.682171614E0,3.397886265E0
2.558223712E1,4.129751006E-1,-1.235098884E0,-1.132125031E0,1.725608522E0
2.559220712E1,-1.165257255E-1,-1.952908632E0,2.111535991E0,2.878543836E0
2.560217813E1,3.725547606E-1,-1.593489349E0,4.108937842E0,4.422824385E0
2.561214912E1,3.413461972E-1,4.735309124E-2,2.403593304E0,2.428172216E0
2.562211912E1,5.750181840E-1,9.611962992E-1,-3.373083293E-2,1.120572178E0
2.563209013E1,-5.498054286E-1,-1.511709899E-2,-1.796241260E-1,5.786012121E-1
2.564206012E1,-1.239712629E0,-9.743124810E-1,2.586445677E-1,1.597832665E0
2.565203112E1,-9.854442640E-1,-1.572955390E0,3.348881668E-1,1.886117478E0
2.566200112E1,-4.329168834E-1,-1.762943121E0,3.713496494E-1,1.852912852E0
2.567197212E1,6.690152454E-1,-7.240481427E-1,2.822532856E-1,1.025423829E0
2.568194212E1,2.047315583E-1,5.217707339E-1,-2.846424580E-3,5.605067456E-1
2.569191312E1,4.569313981E-1,1.250756266E0,-7.468999386E-2,1.333700166E0
2.570188412E1,3.784926081E-1,1.421725928E0,-5.172598994E-1,1.559525271E0
2.571185412E1,7.195338730E-1,3.419027790E-1,-1.316221107E0,1.538526733E0
2.572182512E1,3.177480043E-1,-5.899460524E-2,-6.589046055E-1,7.338933416E-1
2.573179513E1,5.782107637E-1,8.906829715E-2,-1.633630192E-1,6.074111662E-1
2.574176612E1,1.414131856E0,3.149307427E-1,-1.670023263E-2,1.448871691E0
2.575173612E1,2.464925626E0,2.380644152E-1,-3.348349571E-1,2.498929262E0
2.576170712E1,3.356522225E0,8.718131295E-1,-1.680169351E0,3.853474877E0
2.577167812E1,3.438891367E0,9.941368809E-1,-1.258516105E0,3.794488735E0
2.578164812E1,3.515367100E0,7.626157925E-1,6.692231870E-1,3.658858889E0
2.579161912E1,3.324060530E0,-7.973964930E-2,2.687193203E0,4.275130890E0
2.580158912E1,3.532664626E0,-5.472935379E-2,2.761236495E0,4.484098755E0
2.581156012E1,3.432198351E0,1.537748719E0,4.134361535E-1,3.783594336E0
2.582153012E1,2.898175362E0,2.450920375E0,-2.190385110E0,4.382261749E0
2.583150112E1,2.688749439E0,1.110271939E0,-2.366372268E0,3.749906004E0
2.584147212E1,1.555480401E0,2.313120505E-1,-8.246959734E-1,1.775710559E0
2.585144212E1,1.657273263E0,1.052888534E0,1.004148191E0,2.205321410E0
2.586141312E1,1.464945184E0,8.354703453E-1,1.904080288E0,2.543540217E0
2.587138312E1,1.456141469E0,6.437854600E-1,1.170861080E0,1.976290304E0
2.588135412E1,1.594817544E0,-7.613636112E-1,5.650942165E-1,1.855383794E0
2.589132412E1,2.451544565E0,-3.261547655E-2,6.159579760E-1,2.527951493E0
2.590129512E1,2.181165366E0,9.707313538E-2,6.206614763E-1,2.269829557E0
2.591126512E1,9.657031137E-1,-6.830825499E-1,1.141470051E-1,1.188366026E0
2.592123612E1,6.183549690E-1,-1.642401600E0,-4.017598486E-1,1.800349094E0
2.593120712E1,1.370115917E-1,-1.793639833E0,-6.244756150E-1,1.904175890E0
2.594117712E1,-6.108900480E-2,-1.711484115E0,-6.806533241E-1,1.842877828E0
2.595114812E1,-1.008381575E-2,-1.178976139E0,4.128192723E-1,1.249202213E0
2.596111812E1,3.364839816E-1,-1.403241709E0,1.379411382E0,1.996267649E0
2.597108912E1,8.783858384E-1,-1.419164847E0,1.360886818E0,2.153509572E0
2.598105912E1,1.144038513E0,-1.050256995E0,2.604396629E-1,1.574704002E0
2.599103012E1,5.843673336E-1,-1.173123368E0,1.186037529E-1,1.315967502E0
2.600100112E1,4.624406447E-1,-1.254525088E0,1.712298632E-2,1.337152850E0
2.601097112E1,-4.718799876E-2,-1.135304162E0,-8.305151224E-2,1.139315497E0
2.602094212E1,-5.496855972E-2,-8.174980509E-1,7.875749248E-1,1.136485314E0
2.603091212E1,-5.044334106E-1,-1.117392094E0,8.516142154E-1,1.492737394E0
2.604088312E1,-1.223640388E0,-2.884071878E-1,3.873376912E-1,1.315486599E0
2.605085312E1,-1.057051021E0,7.635849684E-2,1.350268275E-1,1.068372466E0
2.606082412E1,-1.288117927E0,-1.702080622E-1,-8.017918450E-1,1.526790340E0
2.607079512E1,-1.581931743E0,-1.127511285E0,-2.524400872E-1,1.958957818E0
2.608076512E1,-1.479302437E0,-1.375337919E0,-4.197482228E-2,2.020309872E0
2.609073612E1,-1.980211621E0,-4.348925114E-1,-3.326293874E-1,2.054510129E0
2.610070612E1,-2.716853204E0,-1.736380389E-1,-6.478194541E-1,2.798412326E0
2.611067650E1,-3.208222510E0,-5.669410595E-1,-7.453311306E-1,3.342099988E0
2.612064650E1,-2.830378358E0,-1.162926409E-1,-9.734520632E-1,2.995358835E0
2.613061750E1,-2.846683611E0,9.728863451E-1,-4.267783302E-1,3.038462632E0
2.614058850E1,-2.663071100E0,1.440328552E0,-1.487724620E-1,3.031274858E0
2.615055850E1,-1.374128277E0,1.053978748E0,-2.083140743E-1,1.744274770E0
2.616052950E1,-6.206649846E-1,1.166518938E0,-2.282729602E-1,1.340932511E0
2.617049950E1,-4.183346584E-1,2.041931613E0,-3.124126393E-1,2.107626688E0
2.618047050E1,-5.843676991E-1,2.044425451E0,6.099166328E-1,2.212048673E0
2.619044050E1,-6.318742432E-1,2.315124638E0,1.003306192E0,2.601094090E0
2.620041150E1,-1.381624992E0,1.831420448E0,1.122799891E-1,2.296866402E0
2.621038250E1,-6.015872010E-1,1.538117971E0,4.777958715E-1,1.719303041E0
2.622035250E1,-3.716157708E-2,4.674922004E-1,2.081744428E0,2.133914198E0
2.623032350E1,3.229023980E-1,4.060259771E-1,2.410904077E0,2.466086276E0
2.624029350E1,4.673072822E-1,7.506778246E-1,3.269277674E-1,9.427486714E-1
2.625026450E1,-5.644402419E-1,1.300128400E-1,-3.868202711E0,3.911328206E0
2.626023450E1,-1.321225008E0,-1.800558259E0,-5.209665079E0,5.668179231E0
2.627020550E1,-3.804699171E-1,-4.435469753E0,-2.529723592E0,5.120317445E0
2.628017650E1,8.971382976E-1,-4.427787096E0,2.452700559E0,5.140612388E0
2.629014650E1,1.629659056E0,-2.995468645E0,5.688988827E0,6.632738116E0
2.630011750E1,1.236846909E0,-1.646449920E0,5.635963937E0,6.000389747E0
2.631008750E1,1.006428313E0,-1.881387829E0,2.863504881E0,3.571019227E0
2.632005850E1,6.982502273E-1,-2.159239331E0,6.307338899E-1,2.355354136E0
2.633002850E1,-7.224538994E-1,-1.580096302E0,3.500511664E-1,1.772337377E0
2.633999950E1,-2.211529226E0,-1.048447574E0,-4.532820046E-2,2.447888576E0
2.634997050E1,-2.189762966E0,-1.633816134E0,-8.180699086E-1,2.851956413E0
2.635994050E1,-2.748848876E0,-5.807173920E-1,-1.141205757E0,3.032450067E0
2.636991150E1,-1.734577400E0,2.887828714E-1,-3.525344789E-2,1.758805592E0
2.637988150E1,-5.115231961E-2,4.297805831E-1,1.123379350E0,1.203872532E0
2.638985250E1,-3.671188965E-1,1.832803899E0,-5.997319525E-1,1.963065162E0
2.639982250E1,-3.036912540E0,2.756109948E0,-2.877513056E0,5.009896327E0
2.640979350E1,-2.707793236E0,1.229286459E0,-6.125338465E-1,3.036196160E0
2.641976450E1,1.593198450E0,-5.193195811E-1,2.904385689E0,3.353122479E0
2.642973450E1,1.620532283E0,6.767199022E-1,7.571810979E-1,1.912432462E0
2.643970550E1,3.064689080E-1,1.979567258E0,-2.280771954E0,3.035544502E0
2.644967550E1,1.276944336E0,2.658899111E0,-2.046655871E0,3.590143671E0
2.645964650E1,7.363212291E-1,2.026997825E0,-1.690197326E0,2.740010243E0
2.646961650E1,1.038135498E0,1.230141322E0,-9.179432756E-1,1.852995640E0
2.647958750E1,8.885846981E-1,8.344035208E-1,3.780587447E-1,1.276221147E0
2.648955850E1,1.138190640E0,4.428187045E-1,4.256591731E-1,1.293349168E0
2.649952850E1,1.632536032E0,1.103989398E0,2.368210047E-1,1.984956089E0
2.650949950E1,2.054535287E0,9.081331095E-1,-2.380840033E-1,2.258872502E0
2.651946950E1,2.480230128E0,4.209428090E-1,-5.637370777E-1,2.578087242E0
2.652944050E1,2.788598833E0,2.242179161E-1,-4.413922763E-1,2.832204842E0
2.653941050E1,2.059873210E0,5.118570721E-1,-4.508214962E-1,2.169865278E0
2.654938150E1,2.119688910E0,8.906002334E-1,-1.494074696E-1,2.304033950E0
2.655935250E1,1.414634278E0,6.865391314E-1,6.071649331E-1,1.685578647E0
2.656932250E1,7.012720683E-1,2.283390337E-1,4.392545342E-1,8.584088618E-1
2.657929350E1,7.296279214E-1,3.891354176E-1,-6.782302380E-1,1.069476289E0
2.658926350E1,7.975874776E-1,6.194940796E-1,-4.170701981E-1,1.092641867E0
2.659923450E1,4.967612789E-1,-3.011666894E-1,5.982227862E-1,8.338726791E-1
2.660920450E1,5.113584508E-1,-9.638079581E-1,-6.946462959E-1,1.293424417E0
2.661917550E1,7.859103687E-1,-2.861788139E-1,-1.176310685E0,1.443350356E0
2.662914650E1,7.638051161E-1,-1.262511508E0,1.081227942E0,1.829313375E0
2.663911650E1,6.977177652E-1,-1.422261240E0,2.415224000E0,2.888415498E0
2.664908750E1,5.240876566E-1,-7.134234595E-1,1.101614844E0,1.413221911E0
2.665905750E1,3.635584904E-1,-7.641541949E-1,2.417870450E-1,8.800950998E-1
2.666902850E1,-2.619316166E-1,-1.020540568E0,1.497553790E-1,1.064207638E0
2.667899850E1,-6.279897916E-1,-1.425955219E0,-1.910753131E-2,1.558231229E0
2.668896950E1,1.615028555E-1,-2.865226302E-1,-7.818212646E-1,8.481879979E-1
2.669893950E1,1.221315608E-1,-2.709687442E-2,-1.212042435E0,1.218481524E0
2.670891050E1,-3.401593952E-2,-6.526577327E-1,-5.064244241E-1,8.267919312E-1
2.671888150E1,4.698783030E-1,-6.921664917E-1,-1.243536708E0,1.498754021E0
2.672885150E1,2.293354724E-2,-1.310379446E0,9.686216784E-1,1.629677329E0
2.673882250E1,3.689132974E-1,-1.055290278E0,3.232938983E0,3.420764397E0
2.674879250E1,7.973703632E-2,-3.979702681E-2,2.024139413E0,2.026100235E0
2.675876350E1,-4.437884653E-1,1.164068078E0,-2.734450400E-1,1.275450854E0
2.676873350E1,-1.005641936E0,2.086298239E-1,-1.314618385E0,1.668251661E0
2.677870450E1,-1.490785930E0,-1.892044672E0,-1.957365380E0,3.103796862E0
2.678867550E1,-3.839544922E-1,-2.129001625E0,-2.439140282E0,3.260287454E0
2.679864550E1,-4.206285577E-1,-1.625852811E0,-1.076176533E0,1.994613164E0
2.680861650E1,-2.861067469E-1,-6.263338602E-1,1.205694113E0,1.388470191E0
2.681858650E1,2.316930697E-1,-1.159938481E-1,1.352957994E0,1.377545493E0
2.682855750E1,-1.399858693E-1,-5.760846430E-1,1.589451554E0,1.696415575E0
2.683852750E1,3.490707345E-1,-9.405834022E-1,1.851431959E0,2.105789119E0
2.684849850E1,1.871507350E-1,-1.787695554E-1,1.873718036E0,1.891508190E0
2.685846950E1,1.840234797E-1,1.112970137E0,1.162151068E0,1.619617940E0
2.686843950E1,-6.478546105E-1,1.401400714E0,-1.893661720E-1,1.555473916E0
2.687841050E1,-1.536701629E0,1.699248231E0,-1.836380641E0,2.936186354E0
2.688838050E1,-1.618853547E0,1.559763486E0,-2.146515790E0,3.108227626E0
2.689835150E1,-1.089423034E0,2.274970054E0,-1.541404983E0,2.956054908E0
2.690832150E1,-9.074992713E-1,2.966296594E0,-4.377974081E-1,3.132752301E0
2.691829250E1,-1.483124469E0,2.650882286E0,-3.669917196E-1,3.059659786E0
2.692826350E1,-1.044842912E0,1.320375262E0,-5.403844678E-1,1.768361647E0
2.693823350E1,-4.720535037E-1,-1.895129371E-1,-9.111090499E-1,1.043489034E0
2.694820450E1,1.548409217E-1,-1.015109966E0,-5.889315605E-1,1.183750116E0
2.695817450E1,6.623388214E-1,-3.112043121E-1,-1.278838688E-1,7.428964411E-1
2.696814550E1,4.968935722E-1,-2.839326060E-1,5.584465170E-1,7.996145691E-1
2.697811550E1,4.501007538E-1,-1.110958110E0,1.202247180E0,1.697709307E0
2.698808650E1,4.461640428E-1,-1.407143556E0,1.393145907E0,2.029771135E0
2.699805750E1,5.793637981E-1,-7.471025446E-1,3.929673904E-1,1.023839828E0
2.700802750E1,6.436041963E-1,-9.945061326E-1,-8.491794348E-2,1.187636252E0
2.701799850E1,7.023915178E-1,-1.365165811E0,4.093197137E-1,1.588890859E0
2.702796850E1,3.071627898E-1,-1.844224681E0,-4.057967663E-3,1.869633686E0
2.703793950E1,3.286598589E-1,-1.703857591E0,7.329139835E-1,1.883696074E0
2.704790950E1,6.940079261E-1,-1.582579030E0,2.143565869E0,2.753375750E0
2.705788050E1,5.810382579E-1,-6.216303599E-1,1.305865104E0,1.558625494E0
2.706785150E1,1.486442253E-1,-1.146682844E-1,9.349855703E-1,9.536466525E-1
2.707782150E1,4.476671061E-1,4.501978907E-1,4.985207427E-1,8.072217227E-1
2.708779250E1,5.068873043E-1,-3.832387930E-1,-6.590040082E-1,9.154741911E-1
2.709776250E1,1.651871459E0,-1.653006696E0,-1.484445502E0,2.768517455E0
2.710773350E1,1.321489595E0,-1.432621922E0,-1.136323916E0,2.256096709E0
2.711770337E1,1.268335919E0,-8.603704208E-1,-3.227282971E-1,1.566226937E0
2.712767437E1,1.149663827E0,-6.714094609E-2,8.936656362E-1,1.457694444E0
2.713764537E1,4.356666827E-1,-4.767962900E-1,1.098241001E0,1.274077492E0
2.714761537E1,5.642180477E-1,-2.388716233E-1,1.323973346E-1,6.268418557E-1
2.715758637E1,1.368868633E-1,-3.318245181E-1,6.523247337E-1,7.445623429E-1
2.716755637E1,5.875439432E-2,-2.191463336E-1,1.465249677E0,1.482711641E0
2.717752737E1,-4.457330299E-1,-7.429852277E-2,4.489363539E-1,6.369788492E-1
2.718749737E1,-8.539722513E-1,-1.829067528E-1,-6.663364166E-1,1.098511587E0
2.719746837E1,-7.802281907E-1,-7.684381574E-2,-1.035716139E0,1.298987653E0
2.720743937E1,-6.309144958E-1,-4.708762765E-2,-7.469250816E-1,9.788602675E-1
2.721740937E1,-1.399066944E-1,1.618021050E-1,-6.894358420E-1,7.218556536E-1
2.722738037E1,5.178869036E-1,-2.168208960E-1,-4.568838894E-1,7.238515278E-1
2.723735037E1,1.171073992E0,-1.680068779E-1,-3.294672132E-1,1.228083568E0
2.724732137E1,1.752333202E0,-4.123424318E-1,-1.364412689E-1,1.805357070E0
2.725729137E1,1.996209895E0,-3.083198807E-1,4.780578268E-1,2.075681667E0
2.726726237E1,1.358589447E0,6.092170134E-1,1.409038639E-1,1.495581678E0
2.727723337E1,1.251790199E0,9.224839309E-1,-6.099932313E-2,1.556173584E0
2.728720337E1,8.170568785E-1,8.670371237E-1,2.129146636E-2,1.191548842E0
2.729717437E1,8.228289574E-2,1.011520361E0,-1.255327034E-1,1.022595900E0
2.730714437E1,-4.805448668E-1,1.394579352E0,-1.362918726E0,2.008313320E0
2.731711537E1,-5.851976748E-1,9.433263311E-1,-7.232847887E-1,1.324938403E0
2.732708537E1,-2.473636259E-1,6.373596624E-1,-1.063047194E-1,6.918936306E-1
2.733705637E1,-8.752267705E-2,5.534228817E-1,7.305634028E-1,9.206845227E-1
2.734702737E1,1.212241643E-1,8.871088609E-1,8.826097208E-1,1.257241961E0
2.735699737E1,3.150460059E-1,5.224300075E-1,1.287162200E0,1.424420453E0
2.736696837E1,4.715201280E-1,-1.300052387E-1,5.624717402E-1,7.453905364E-1
2.737693837E1,3.684475301E-1,-2.281595242E-1,-1.411464064E0,1.476496243E0
2.738690937E1,-9.472898662E-2,2.308012962E-2,-8.347251177E-1,8.404000805E-1
2.739687937E1,-3.585500213E-1,-5.159436911E-1,-4.855136114E-1,7.940273780E-1
2.740685038E1,-2.821183611E-1,-1.729692344E0,-2.443644977E-1,1.769502863E0
2.741682137E1,3.957960906E-1,-1.055585563E0,8.246860331E-1,1.396790062E0
2.742679137E1,8.671587458E-1,-8.257926187E-1,1.931300247E0,2.272403657E0
2.743676238E1,4.077466665E-1,-6.335136563E-2,2.327729774E0,2.364021285E0
2.744673237E1,5.529119812E-1,-5.657455963E-1,1.423927404E0,1.628910369E0
2.745670337E1,4.552036555E-1,-1.338434387E0,1.953391027E-1,1.427156033E0
2.746667337E1,3.812732515E-1,-1.343535206E0,-5.154466778E-1,1.488671024E0
2.747664437E1,1.682801256E-1,-8.772574720E-1,-5.129803222E-1,1.030071689E0
2.748661537E1,-9.674651356E-2,-4.413732728E-1,-1.505845726E0,1.572177345E0
2.749658537E1,-4.713350637E-1,-4.745576835E-1,-1.586910939E0,1.722105707E0
2.750655637E1,9.677914834E-2,-8.774834669E-1,8.094008267E-2,8.865070418E-1
2.751652637E1,2.061693704E-1,-1.226780927E0,9.834519714E-1,1.585772693E0
2.752649737E1,3.784436742E-1,-6.789193323E-1,1.156365248E0,1.393316784E0
2.753646738E1,5.509900014E-1,-8.226789764E-1,8.802813596E-1,1.324872051E0
2.754643837E1,5.785306429E-1,-1.308431154E0,1.156962249E0,1.839905279E0
2.755640937E1,1.037476224E0,-3.971238837E-1,4.325653195E-2,1.111726325E0
2.756637937E1,9.666694392E-1,2.547169930E-1,-9.385465246E-1,1.371203898E0
2.757635037E1,6.741090473E-1,-6.759527475E-2,-1.823717326E-1,7.016064265E-1
2.758632037E1,4.526651964E-1,3.233945873E-1,-3.297513878E-1,6.467038093E-1
2.759629137E1,-4.899966717E-1,1.592264065E-1,-2.736163634E-1,5.833658381E-1
2.760626137E1,-6.501162404E-1,4.086604401E-1,-6.263864851E-1,9.909664525E-1
2.761623237E1,-3.535183460E-1,9.759716284E-1,-3.291976565E-1,1.088975178E0
2.762620337E1,-6.547058661E-1,8.018108484E-1,2.911200035E-1,1.075309846E0
2.763617337E1,-4.531996319E-1,1.619560914E0,-5.330415344E-1,1.764228086E0
2.764614437E1,-2.853661788E-1,1.639921504E0,-4.005664319E-1,1.712083486E0
2.765611437E1,3.420741025E-1,1.026574602E0,1.136536170E0,1.569262429E0
2.766608537E1,7.209135966E-1,8.568085894E-1,1.114630162E0,1.579948660E0
2.767605537E1,-2.309284732E-4,1.767241116E0,-8.045125544E-2,1.769071401E0
2.768602637E1,-2.427827710E-1,1.521018081E0,-8.626958585E-1,1.765413159E0
2.769599737E1,-5.578358119E-1,9.095174378E-1,-1.666818988E0,1.979062481E0
2.770596737E1,2.781451781E-1,-6.214578670E-1,-1.331223308E0,1.495235807E0
2.771593837E1,5.598651246E-1,-1.436354784E0,-9.386026579E-1,1.804865361E0
2.772590837E1,5.302486119E-1,-1.542077998E0,1.865928376E-1,1.641336355E0
2.773587937E1,9.416927652E-1,-1.335399975E0,1.996651652E0,2.580057398E0
2.774585037E1,6.976786619E-1,-8.930724362E-1,2.068458969E0,2.358570838E0
2.775582037E1,5.445217749E-1,-3.538702753E-1,1.361501361E0,1.508447576E0
2.776579137E1,5.470839517E-2,-5.500794438E-1,5.533641171E-1,7.821714960E-1
2.777576137E1,2.929494876E-1,-1.230972796E0,4.159685826E-1,1.331969703E0
2.778573237E1,-1.938854484E-1,-1.695887836E0,2.924777269E-3,1.706937513E0
2.779570237E1,-1.144205086E-1,-1.204771715E0,-5.328918457E-2,1.211365624E0
2.780567337E1,-4.725796070E-1,-3.117986816E-1,1.806047040E-1,5.942793635E-1
2.781564437E1,-7.992038673E-1,-5.404435247E-1,9.713388795E-1,1.369052681E0
2.782561437E1,-9.293521435E-1,-6.601152715E-1,1.249043616E0,1.691022629E0
2.783558537E1,-1.423366072E0,-2.744735652E-1,1.071518641E0,1.802625560E0
2.784555537E1,-9.396400271E-1,-3.344958186E-2,9.993920660E-1,1.372161345E0
2.785552638E1,-6.756980281E-1,-8.979574925E-1,2.598555261E-1,1.153438502E0
2.786549637E1,-7.927380162E-1,-1.690346138E0,-1.136391159E0,2.185655164E0
2.787546737E1,-1.345885330E-1,-1.094280682E0,-1.569737667E0,1.918238939E0
2.788543737E1,2.605101950E-1,-1.765818197E-1,-2.832157373E-1,4.233885386E-1
2.789540837E1,4.484312276E-1,-2.191097885E-2,1.120817100E0,1.207394562E0
2.790537937E1,1.311660663E-1,-4.173447248E-1,-2.072019339E-2,4.379617366E-1
2.791534937E1,-1.410689107E-1,-4.939178145E-1,1.251315844E-1,5.286900401E-1
2.792532037E1,1.073768704E-1,-7.144861910E-1,3.311319155E-1,7.947758519E-1
2.793529037E1,2.307854539E-1,-7.522559881E-2,1.272810209E-1,2.740826057E-1
2.794526137E1,3.510363492E-1,2.293675590E-1,-5.538622999E-1,6.946937763E-1
2.795523237E1,7.427429337E-1,5.053371343E-1,-8.428685349E-1,1.231852285E0
2.796520237E1,7.722739309E-1,1.020577698E0,5.309160715E-1,1.385589310E0
2.797517337E1,3.169468261E-1,1.194476523E0,1.788651574E-1,1.248688191E0
2.798514338E1,5.992817169E-1,1.014051620E0,-8.237370300E-1,1.437352413E0
2.799511437E1,7.050134823E-1,4.373088732E-1,-1.257063657E0,1.506151420E0
2.800508437E1,6.341384313E-1,8.175097454E-1,-1.244985064E0,1.618777793E0
2.801505537E1,4.336406956E-1,7.649058545E-1,-1.608972484E-1,8.938753513E-1
2.802502637E1,3.180342255E-1,-5.114205775E-1,3.281919354E-1,6.858620285E-1
2.803499637E1,2.885711656E-1,-1.093753555E0,-9.771515965E-2,1.135393504E0
2.804496737E1,1.139737375E0,-4.462273389E-1,7.633352923E-1,1.442498142E0
2.805493737E1,1.591189785E0,-5.487179196E-1,1.584761503E0,2.311805638E0
2.806490837E1,2.122753144E0,5.966542706E-1,2.193710421E0,3.110376608E0
2.807487837E1,1.813561589E0,3.212664932E-1,1.676168686E0,2.490333163E0
2.808484937E1,1.693887504E0,-8.191013575E-2,3.708473736E-1,1.735941220E0
2.809482037E1,1.176647997E0,-4.426383179E-1,-1.764531809E-1,1.269474266E0
2.810479037E1,1.466275571E0,-4.837948224E-1,-5.478636414E-1,1.638345522E0
2.811476175E1,1.234609179E0,-2.238466179E-1,-1.278994809E0,1.791701665E0
2.812473175E1,1.658474646E-1,-3.723600483E-1,-7.521969312E-1,8.555452124E-1
2.813470275E1,-2.174426377E-1,-7.842423043E-1,4.257451272E-1,9.184640471E-1
2.814467275E1,-1.225424008E0,-3.346937469E-1,3.790001464E-1,1.325641359E0
2.815464375E1,-8.850734451E-1,-3.920417762E-1,7.948535389E-1,1.252534992E0
2.816461475E1,-8.532452962E-1,-6.149642417E-1,1.976606812E0,2.239013856E0
2.817458475E1,-3.926137435E-1,-3.345998991E-1,9.472343177E-1,1.078589587E0
2.818455575E1,9.675212324E-2,8.869968867E-1,-7.239496171E-1,1.149011531E0
2.819452575E1,4.744715832E-1,7.053680429E-1,-1.441429875E0,1.673435820E0
2.820449675E1,9.995015551E-1,-6.143093535E-1,-1.963979750E0,2.287705357E0
2.821446675E1,1.250840173E0,-1.264798062E0,-1.919055592E0,2.616694411E0
2.822443775E1,1.335142697E0,-5.497531691E-1,-5.515567428E-1,1.545655010E0
2.823440875E1,8.353428760E-1,4.811410636E-2,2.005794944E0,2.173321431E0
2.824437875E1,6.072866648E-1,5.219821107E-1,2.333831928E0,2.467394149E0
2.825434975E1,6.396097440E-1,3.972580773E-1,7.092222351E-1,1.034364918E0
2.826431975E1,1.047561867E0,3.589430273E-1,-1.512624988E0,1.874636049E0
2.827429075E1,7.436675978E-1,-1.004412485E0,-2.140848668E0,2.478935045E0
2.828426075E1,1.804294337E-1,-2.001235285E0,-1.243212188E0,2.362852934E0
2.829423175E1,-1.337803473E-1,-2.099777825E0,-1.741209605E0,2.731075793E0
2.830420275E1,-5.971682043E-1,-1.200154169E0,-6.005546558E-1,1.468892708E0
2.831417275E1,-6.261686763E-1,-3.553657007E-1,1.449379165E0,1.618354706E0
2.832414375E1,-9.510094263E-1,5.792839471E-1,1.870767531E0,2.177098982E0
2.833411375E1,-9.822360429E-1,1.187732344E0,7.458532870E-1,1.712247906E0
2.834408475E1,-8.429801437E-1,1.448459105E0,-1.947081297E0,2.569002701E0
2.835405475E1,-6.421679740E-1,3.006451178E-1,-1.348262680E0,1.523344822E0
2.836402575E1,3.328408739E-1,-1.918211839E0,3.156227022E0,3.708380876E0
2.837399675E1,5.428227933E-1,7.459459653E-1,2.736874655E0,2.888178465E0
2.838396675E1,8.130394028E-1,4.377537879E0,2.788443589E-1,4.461123752E0
2.839393775E1,1.071151435E0,3.231821580E0,6.744769102E-1,3.470872401E0
2.840390775E1,4.826198244E-1,3.675904745E-1,3.893830472E-1,7.208771111E-1
2.841387875E1,6.937088411E-1,-9.767218262E-2,-8.501348698E-1,1.101590263E0
2.842384975E1,1.239065927E0,4.330611634E-1,-1.378390458E0,1.903361920E0
2.843381975E1,1.285921567E0,1.196954280E-2,-3.637131858E-1,1.336422398E0
2.844379075E1,4.881091539E-1,-1.598888668E0,7.869030797E-1,1.847677455E0
2.845376075E1,-3.355074600E-1,-1.402693241E0,3.723822677E-1,1.489557698E0
2.846373175E1,-4.460189588E-1,4.228519249E-1,3.959395301E-1,7.310983337E-1
2.847370175E1,-5.192268662E-1,1.012339848E0,3.344899714E-2,1.138221130E0
2.848367275E1,-3.197226090E-1,-2.508777112E-1,-1.744797456E-1,4.422729410E-1
2.849364375E1,-6.390978203E-1,-1.873985839E0,-4.828847033E-1,2.038000634E0
2.850361375E1,-2.836449230E-1,-1.532436524E0,-8.402302712E-1,1.770537503E0
2.851358475E1,-4.945852742E-2,-1.983985999E0,-3.600253469E-1,2.016994011E0
2.852355475E1,-7.699099016E-1,-7.069397745E-1,-6.028789240E-1,1.206643319E0
2.853352575E1,-6.081961261E-1,-5.631605422E-1,5.121459246E-2,8.304668920E-1
2.854349575E1,-3.999883981E-1,1.722399697E-1,1.148169206E0,1.227986096E0
2.855346675E1,-6.599657290E-1,-1.890904757E-1,1.460823920E0,1.614099283E0
2.856343775E1,-7.303568499E-1,-1.357828140E0,8.884768170E-1,1.779468864E0
2.857340775E1,-2.188764481E-1,-1.310046740E0,3.778628629E-1,1.380909013E0
2.858337875E1,3.322609032E-1,-6.038659340E-1,9.468454778E-2,6.957129707E-1
2.859334875E1,6.171171865E-1,-4.370238215E-2,7.710495239E-1,9.885650654E-1
2.860331975E1,7.111207529E-1,-1.318303008E0,1.745446497E-1,1.508005763E0
2.861328975E1,5.330098864E-1,-1.819746482E0,-3.695697570E-1,1.931879552E0
2.862326075E1,5.799469117E-1,-9.067379639E-1,2.514062995E-1,1.105313206E0
2.863323175E1,7.170856438E-1,1.235250619E-1,6.223302716E-1,9.574785786E-1
2.864320175E1,1.137272115E0,-1.004684673E0,8.337632507E-1,1.731456126E0
2.865317275E1,9.837740068E-1,-1.542446665E0,-1.201310456E-2,1.829507400E0
2.866314275E1,4.760862918E-1,-1.405226254E-1,2.923186827E-1,5.760685530E-1
2.867311375E1,1.567477718E0,8.468045881E-1,1.486388531E0,2.320218799E0
2.868308375E1,1.501575943E0,6.751253664E-1,8.791990399E-1,1.866417832E0
2.869305475E1,1.468592677E0,2.324978659E-1,3.436543125E-1,1.526079288E0
2.870302575E1,1.510839541E0,8.571097210E-1,-5.498704058E-1,1.821985361E0
2.871299575E1,1.294888857E0,1.905864566E0,-7.740286803E-1,2.430674247E0
2.872296675E1,9.154827672E-1,2.328061895E0,-1.207250057E0,2.777666932E0
2.873293675E1,1.089043915E0,1.521584092E0,-1.954409612E0,2.705725731E0
2.874290775E1,6.980626778E-1,1.244682178E0,-2.602489268E0,2.968076080E0
2.875287775E1,6.865632512E-2,1.061273442E0,-1.232267954E0,1.627728270E0
2.876284875E1,3.857399761E-1,1.223970171E0,1.204193133E-1,1.288952722E0
2.877281975E1,-1.457995548E-1,5.738524684E-1,5.780440450E-2,5.948995839E-1
2.878278975E1,-5.059285802E-1,5.552048206E-2,-5.550644875E-2,5.119836111E-1
2.879276075E1,3.444292147E-1,-4.616376758E-1,4.437960666E-1,7.271146928E-1
2.880273075E1,3.671542722E-1,-4.607275566E-1,9.160236347E-1,1.089114980E0
2.881270175E1,2.767912553E-1,-6.155986646E-1,5.207308066E-1,8.524879400E-1
2.882267175E1,4.070774527E-1,-1.124830337E0,3.143767190E-1,1.236846013E0
2.883264275E1,5.337052665E-1,-1.588636745E0,-5.738457441E-3,1.675900041E0
2.884261375E1,3.358239406E-1,-2.318208752E0,7.397289133E-1,2.456434083E0
2.885258375E1,2.225541640E-3,-1.978897167E0,1.128099808E0,2.277860427E0
2.886255475E1,-1.023526229E-1,-1.335495869E0,1.549918529E0,2.048480589E0
2.887252475E1,1.765971869E-1,-8.400077847E-1,1.573958187E0,1.792803397E0
2.888249575E1,-1.679185119E-1,-1.291562229E-1,6.420786577E-1,6.761234793E-1
2.889246575E1,4.260669799E-1,-6.705277008E-1,1.106158715E-1,8.021074366E-1
2.890243675E1,7.560425719E-1,-6.910923582E-1,-3.296636796E-1,1.076051653E0
2.891240775E1,6.497924508E-1,-7.615422437E-1,8.914840400E-2,1.005049380E0
2.892237775E1,6.844909979E-1,-3.652594820E-1,2.403854674E-1,8.122361654E-1
2.893234875E1,1.965811793E-1,-1.099305779E-2,3.523356736E-1,4.036154534E-1
2.894231875E1,5.735487421E-1,2.120995617E-1,3.105286664E-1,6.858370333E-1
2.895228975E1,3.227535132E-1,2.729100198E-2,-1.615784490E-1,3.619699218E-1
2.896225975E1,-1.867756727E-1,-1.260794181E-1,3.153403401E-3,2.253688433E-1
2.897223075E1,-4.572874204E-1,-3.152070236E-1,-2.003314555E-1,5.904235299E-1
2.898220175E1,-6.463026863E-1,-1.045129864E0,-1.485543609E-1,1.237768958E0
2.899217175E1,5.971000294E-2,-1.494912310E0,-6.211614132E-2,1.497393240E0
2.900214275E1,-3.847706539E-1,-1.422353919E0,-1.997818172E-1,1.486960625E0
2.901211275E1,-5.420797584E-1,-7.352096003E-1,6.025087953E-1,1.094257954E0
2.902208375E1,-5.493914823E-1,5.138474643E-1,1.398700762E-1,7.651364948E-1
2.903205375E1,-9.892489741E-1,9.649411485E-1,-1.242170214E0,1.858147409E0
2.904202475E1,-6.048734458E-1,5.340548569E-1,-1.834280906E0,2.003914399E0
2.905199575E1,-4.641497858E-1,1.059851691E-1,-3.006047720E-1,5.630551560E-1
2.906196575E1,-1.552997819E-1,4.256691134E-1,5.047082663E-1,6.782644399E-1
2.907193675E1,-5.630701662E-1,1.960918733E0,2.097068810E-1,2.050908888E0
2.908190675E1,-8.019632415E-1,3.291591818E0,4.240342319E-1,3.414312049E0
2.909187775E1,-9.800750582E-1,2.961559179E0,2.449299234E-1,3.129116578E0
2.910184775E1,-1.086589400E0,2.225059099E0,-8.484432703E-1,2.617521824E0
2.911181875E1,-8.498788349E-1,1.882373085E0,-1.719015913E0,2.687124518E0
2.912179012E1,-3.717838052E-1,1.280872057E0,-1.143043537E0,1.756532081E0
2.913176012E1,1.103957330E-1,-8.997025940E-1,-7.296810579E-1,1.163652191E0
2.914173112E1,-1.050135263E-1,-1.782609353E0,-1.086927223E-1,1.789004767E0
2.915170112E1,-2.555452511E-1,-2.815979297E0,7.108787513E-1,2.915543067E0
2.916167212E1,-3.089572637E-1,-2.027560034E0,1.502759566E0,2.542585416E0
2.917164213E1,-3.464536670E-1,-1.685562823E0,2.009868114E0,2.645887754E0
2.918161312E1,-1.777893062E-1,-1.798885078E0,2.271554988E0,2.903025771E0
2.919158412E1,-4.364658875E-1,-1.476298576E0,1.806611297E0,2.373563636E0
2.920155413E1,-3.940777401E-1,-1.725805700E0,8.523597354E-1,1.964744181E0
2.921152512E1,-4.074078112E-2,-9.076895982E-1,-5.833077085E-1,1.079725938E0
2.922149512E1,-1.621872903E-1,-1.354321272E0,-4.671211946E-1,1.441767331E0
2.923146612E1,-6.280937990E-1,-1.063431357E0,-5.026477075E-1,1.333432709E0
2.924143612E1,-1.943335461E-1,-1.061432778E0,3.304109538E-1,1.128528453E0
2.925140712E1,-4.370069742E-1,-5.894002149E-1,5.288865030E-1,9.044825271E-1
2.926137812E1,-4.327766598E-1,-2.848146585E-1,1.825465643E-1,5.493070864E-1
2.927134812E1,-5.628746865E-1,-5.415925026E-1,3.362710333E-1,8.504284564E-1
2.928131912E1,-4.956307563E-1,-1.885534090E-1,2.345212948E-1,5.798296926E-1
2.929128912E1,-5.496270154E-1,-4.897452414E-1,3.510522097E-1,8.155843988E-1
2.930126012E1,3.742770579E-1,-4.243195760E-1,6.144909096E-1,8.353020392E-1
2.931123012E1,3.522142708E-1,2.929487202E-1,5.346302229E-1,7.040620146E-1
2.932120112E1,1.402603961E-1,1.485762879E-1,8.585045743E-1,8.824839920E-1
2.933117212E1,1.323938902E-1,2.660290164E-1,2.735280704E-1,4.038776857E-1
2.934114212E1,-1.246709334E-1,-1.113917971E-1,-8.351233131E-1,8.516935612E-1
2.935111312E1,-1.063339190E-1,-3.601955009E-1,-6.839768815E-1,7.803025539E-1
2.936108312E1,2.661130336E-1,-2.540080181E-1,-1.096773350E0,1.156826694E0
2.937105412E1,4.343346870E-1,1.131836763E-1,-2.316318932E0,2.359404705E0
2.938102412E1,3.720112984E-1,-1.359860632E0,8.844714743E-1,1.664302597E0
2.939099512E1,-3.572877171E-3,-1.075799679E0,3.537002383E0,3.696991151E0
2.940096612E1,6.992678621E-1,8.482868573E-1,1.677098978E0,2.005299758E0
2.941093612E1,5.563103829E-1,1.710585690E0,-4.165784472E-1,1.846380851E0
2.942090712E1,1.245924711E0,6.662320438E-1,-9.712125796E-1,1.714481670E0
2.943087712E1,1.830127628E0,-3.685500026E-2,-1.743155558E0,2.527709779E0
2.944084812E1,1.359141278E0,1.062596959E-1,-1.699004987E0,2.178342049E0
2.945081812E1,1.283602853E0,1.228017613E0,-8.575567406E-1,1.972578796E0
2.946078912E1,6.122395123E-1,6.094693208E-1,4.901943076E-1,9.932676037E-1
2.947076012E1,4.535765581E-1,2.457239753E-1,1.338252246E-2,5.160339698E-1
2.948073012E1,3.057558035E-1,2.212115702E-1,-3.547681153E-1,5.179590580E-1
2.949070112E1,1.085819724E-2,4.484232607E-1,7.049783260E-1,8.355810920E-1
2.950067112E1,-5.734971496E-2,8.249251842E-2,8.671099216E-1,8.729110043E-1
2.951064212E1,-2.588872637E-1,-2.025042808E-1,-6.761720181E-3,3.287496311E-1
2.952061313E1,-1.485128822E-2,-9.032074150E-1,-9.495679414E-1,1.310604239E0
2.953058312E1,1.259992290E-1,-1.376232836E0,-7.499954545E-1,1.572382207E0
2.954055412E1,3.421505914E-1,-1.469576325E0,5.361750573E-1,1.601313615E0
2.955052412E1,4.105022400E-1,-4.887447828E-1,2.513302857E-1,6.859668099E-1
2.956049512E1,5.895480306E-2,-5.716150314E-2,7.413123393E-1,7.458465597E-1
2.957046512E1,3.614379245E-1,3.880849653E-1,8.848240614E-1,1.031581763E0
2.958043612E1,1.235303792E-2,-1.331590221E0,7.825404721E-1,1.544556475E0
2.959040612E1,3.347194746E-1,-1.621696610E0,9.609314203E-2,1.658665401E0
2.960037712E1,1.158507924E-2,-4.505098397E-1,3.463943177E-1,5.684033366E-1
2.961034812E1,-6.281489729E-2,7.126153743E-1,8.212578106E-1,1.089142220E0
2.962031813E1,4.656235034E-1,7.266212100E-1,1.054472253E0,1.362606092E0
2.963028912E1,3.589826787E-1,-4.058587468E-1,-8.997169197E-2,5.492584012E-1
2.964025912E1,4.889071161E-1,-2.104950857E-1,-7.233263040E-1,8.980753261E-1
2.965023013E1,-6.452707624E-2,9.922900379E-2,-7.090567589E-1,7.188682954E-1
2.966020112E1,2.803452295E-1,-2.174997577E-1,-3.079044360E-1,4.697922243E-1
2.967017112E1,2.988844480E-1,-8.713175780E-1,-1.019608229E-1,9.267805805E-1
2.968014212E1,6.600247128E-1,-9.002595413E-1,-5.938081384E-2,1.117866693E0
2.969011212E1,5.068189284E-1,-9.721425793E-1,5.101695657E-2,1.097510524E0
2.970008312E1,-4.266823811E-2,-1.030555094E0,3.925563312E-1,1.103614450E0
2.971005312E1,4.478340441E-1,-1.168143587E0,4.890617019E-1,1.343240901E0
2.972002412E1,6.094687178E-2,-1.228153853E0,8.990281177E-1,1.523262277E0
2.972999412E1,-2.705920007E-1,-7.933645454E-1,1.856262928E-1,8.585478748E-1
2.973996512E1,6.960103417E-2,-1.054527801E-1,-3.952840573E-1,4.149868416E-1
2.974993612E1,-1.990009581E-1,-2.857768178E-1,-4.451052582E-1,5.651446380E-1
2.975990612E1,-4.453049406E-1,-1.041751927E0,-7.928444356E-1,1.382803626E0
2.976987712E1,-6.662723165E-1,-7.518320650E-1,-3.520865822E-1,1.064488241E0
2.977984712E1,-1.045665177E0,-1.983413556E-1,9.783467674E-1,1.445654645E0
2.978981812E1,-8.987715711E-1,6.636180460E-1,1.026779839E0,1.517384621E0
2.979978812E1,-8.107077525E-1,1.364722299E0,-1.504839420E-2,1.587432036E0
2.980975912E1,-4.637939462E-1,1.609998378E0,-6.723087627E-1,1.805325088E0
2.981973012E1,-1.434874379E-1,2.245487224E0,-6.639852512E-1,2.345991886E0
2.982970012E1,1.887103336E-1,2.190815172E0,-3.370820421E-1,2.224613902E0
2.983967112E1,2.957950899E-1,2.388877324E0,-9.373121774E-1,2.583173188E0
2.984964112E1,5.228541407E-2,1.088260681E0,-1.226944649E-1,1.096402757E0
2.985961212E1,1.390579345E-1,2.564992243E-1,5.761904776E-1,6.458517072E-1
2.986958312E1,-3.332885148E-1,-2.358269781E-2,7.690977234E-1,8.385396149E-1
2.987955312E1,-5.918133608E-1,9.779675755E-1,2.061482656E-1,1.161533788E0
2.988952412E1,-3.974538859E-1,1.337141275E-1,9.957632840E-2,4.310040655E-1
2.989949412E1,-2.284416524E-1,-9.811756504E-1,1.511265510E-1,1.018690571E0
2.990946512E1,-4.817550212E-2,-1.229468600E0,-1.743961304E-1,1.242709913E0
2.991943512E1,-6.067573456E-3,-1.829040631E0,1.665205157E-1,1.836615237E0
2.992940612E1,1.905442397E-1,-1.235656416E0,7.610689116E-1,1.463687048E0
2.993937712E1,-1.802631535E-1,-7.067053011E-1,3.166489470E-1,7.951061204E-1
2.994934712E1,1.084620588E-1,-9.455859876E-1,6.088670576E-1,1.129874317E0
2.995931812E1,-3.814170930E-1,-1.871944284E0,6.782378393E-1,2.027229875E0
2.996928812E1,-4.048851488E-1,-2.018770207E0,3.314997053E-1,2.085487279E0
2.997925912E1,-6.499167772E-1,-1.982267502E0,-3.306606299E-1,2.112134636E0
2.998922912E1,-5.088925703E-1,-1.827071289E0,-6.968927962E-1,2.020599097E0
2.999920012E1,-4.360881939E-1,-1.561921986E0,-2.109663713E-1,1.635322602E0