"Time (s)","Linear Acceleration x (m/s^2)","Linear Acceleration y (m/s^2)","Linear Acceleration z (m/s^2)","Absolute acceleration (m/s^2)"
5.621791643E-3,-2.436333764E-1,2.650947190E0,-1.737119477E0,3.178751690E0
1.559279166E-2,-1.103490046E0,2.410697671E0,-1.331460705E0,2.966806558E0
2.556379169E-2,-1.482111585E0,2.042822437E0,-1.539581822E0,2.956364396E0
3.553479165E-2,-1.749429621E0,2.272477679E0,-2.009180481E0,3.501637475E0
4.550579167E-2,-2.341730054E0,2.201460906E0,-1.088435220E0,3.393349524E0
5.547679169E-2,-2.745363351E0,1.092744326E0,-4.934026748E-1,2.995756380E0
6.544779165E-2,-2.136408877E0,4.365879115E-1,-1.074180878E0,2.430785152E0
7.541879168E-2,-1.302485998E0,9.463294610E-1,-6.383738619E-1,1.731915243E0
8.538979170E-2,-1.235161595E0,6.668106258E-1,-7.918691200E-1,1.611619459E0
9.535979165E-2,-5.784295227E-1,8.611907852E-1,-6.001459354E-1,1.198501325E0
1.053307917E-1,-5.563278515E-1,2.207972073E0,4.727006078E-2,2.277471363E0
1.153017917E-1,-6.418653075E-1,2.580853400E0,-6.077841532E-1,2.728039025E0
1.252727917E-1,-5.053107487E-1,8.848717162E-1,-8.614188266E-1,1.334308548E0
1.352437917E-1,-3.451626749E-1,5.849756268E-1,4.554852355E-1,8.178022718E-1
1.452147916E-1,-8.085990272E-2,1.684180249E0,-2.738017201E-1,1.708206315E0
1.551857917E-1,-2.543195285E-2,1.981345688E0,-9.539422435E-1,2.199177875E0
1.651567917E-1,4.383891463E-2,1.082362010E0,-7.598509365E-1,1.323179057E0
1.751277916E-1,-9.576218963E-2,1.000537243E0,-1.298084798E0,1.641727540E0
1.850987917E-1,3.442685625E-1,2.474181183E0,-1.359346662E0,2.843926285E0
1.950697917E-1,2.875532019E-1,2.986170695E0,-1.185816504E0,3.225842997E0
2.050407917E-1,8.100958414E-1,2.043858856E0,-1.374539482E0,2.592869662E0
2.150107917E-1,1.806413222E0,2.168313332E0,-9.791244471E-1,2.987205403E0
2.249817917E-1,2.091862450E0,3.296723627E0,-1.203878553E0,4.085780067E0
2.349527917E-1,2.436638404E0,4.307614535E0,-1.430665151E0,5.151655314E0
2.449237917E-1,2.199267030E0,3.707563617E0,-1.865677530E0,4.697185976E0
2.548947917E-1,1.980272432E0,2.325109929E0,-1.802756227E0,3.546483484E0
2.648657917E-1,1.692156143E0,2.751862823E0,-1.263990269E0,3.468978641E0
2.748367917E-1,1.789085876E0,4.099127383E0,-7.886245000E-1,4.541541828E0
2.848077916E-1,2.075364092E0,4.065361759E0,-1.043318689E0,4.682180714E0
2.947787917E-1,2.279273897E0,3.241505446E0,-1.246865528E0,4.154169075E0
3.047497917E-1,3.244680777E0,2.809073735E0,-6.496040243E-1,4.340602951E0
3.147207916E-1,2.813234029E0,2.028356133E0,-3.586863345E-1,3.486713380E0
3.246917917E-1,3.230376148E0,1.239021488E0,-7.432395816E-3,3.459849642E0
3.346627917E-1,2.346782487E0,1.088758864E0,-5.737931192E-2,2.587677779E0
3.446327916E-1,2.351521655E0,1.801009079E0,4.462513125E-1,2.995401147E0
3.546037917E-1,1.858047791E0,2.199491856E0,-2.074282211E-1,2.886716558E0
3.645747917E-1,2.363058066E0,1.512219191E0,-5.359218729E-1,2.856232231E0
3.745457917E-1,2.873241665E0,3.808905512E-2,8.051808912E-1,2.984172366E0
3.845167917E-1,3.428532732E0,-2.304221043E-1,3.926627505E-1,3.458629075E0
3.944877917E-1,3.144227073E0,6.805638617E-1,2.398060083E-2,3.217126999E0
4.044587917E-1,3.343471532E0,6.430191824E-1,1.226628900E-2,3.404765192E0
4.144297917E-1,3.283592827E0,-1.030347226E0,5.607655227E-1,3.486840294E0
4.244007916E-1,2.782202271E0,-1.464738923E0,8.926183999E-2,3.145485220E0
4.343717917E-1,1.904877118E0,-8.510505438E-1,7.878140759E-1,2.230133377E0
4.443427917E-1,1.798605581E0,-7.135292941E-1,8.774121308E-1,2.124607761E0
4.543132916E-1,8.810969730E-1,-1.801842307E0,5.181796664E-1,2.071588218E0
4.642832917E-1,7.397817575E-1,-1.720240905E0,1.160863511E0,2.203204464E0
4.742542917E-1,2.953781652E-1,-1.146986314E0,1.985844244E0,2.312229060E0
4.842252916E-1,2.600477533E-1,-1.966300218E0,1.999723780E0,2.816532722E0
4.941962917E-1,4.754613706E-1,-2.877191751E0,1.693779330E0,3.372415204E0
5.041672917E-1,1.656432872E-1,-2.608631768E0,1.239894478E0,2.893049553E0
5.141382916E-1,4.854951927E-1,-2.127707928E0,9.655828804E-1,2.386461168E0
5.241092917E-1,8.846128307E-1,-2.118908161E0,8.358933914E-1,2.443568992E0
5.340802917E-1,5.323726130E-1,-2.408702308E0,2.622932303E-1,2.480738831E0
5.440512917E-1,2.679094809E-1,-1.862385255E0,1.420330782E0,2.357454954E0
5.540222917E-1,2.721820414E-2,-2.102039821E0,1.911113904E0,2.841068213E0
5.639932917E-1,6.917992866E-1,-2.328404835E0,1.288243350E0,2.749477451E0
5.739642917E-1,-3.992091469E-2,-2.213914013E0,6.518955481E-1,2.308241050E0
5.839342917E-1,7.398050733E-2,-2.196207767E0,-5.505270481E-2,2.198142960E0
5.939052917E-1,-1.502907646E-1,-1.522700325E0,-7.163833201E-2,1.531775325E0
6.038762917E-1,2.748729300E-1,-6.758489594E-1,-3.214039028E-2,7.303149651E-1
6.138472917E-1,5.900659934E-1,-7.253029552E-1,2.779625988E-1,9.754514133E-1
6.238182916E-1,5.363362943E-1,-6.112448278E-1,-6.904456562E-1,1.066767109E0
6.337892917E-1,9.460542034E-1,-1.373695144E-1,-8.317535627E-1,1.267163339E0
6.437602917E-1,1.214681284E0,-3.860770315E-2,-3.466521800E-2,1.215788984E0
6.537312916E-1,1.399428155E0,4.118512657E-1,2.512338066E-1,1.480249659E0
6.637022917E-1,1.822701811E0,7.209210518E-1,4.416665107E-1,2.009238254E0
6.736732917E-1,1.794953557E0,1.235486554E0,-5.398149490E-3,2.179062742E0
6.836442917E-1,2.027197507E0,1.007070045E0,-7.141683948E-1,2.373553518E0
6.936152917E-1,2.327328947E0,3.918862402E-1,-4.165416098E-1,2.396568748E0
7.035852917E-1,2.383698445E0,5.440454096E-1,-1.558318055E-1,2.449956578E0
7.135562917E-1,2.299624839E0,1.741752811E0,-8.773209143E-1,3.015239500E0
7.235272917E-1,1.850023364E0,1.765882516E0,-1.018614203E0,2.752907990E0
7.334982917E-1,1.926848615E0,1.193264395E0,-5.620852393E-1,2.335072872E0
7.434692917E-1,2.360283270E0,1.034778246E0,-8.168992960E-1,2.703521332E0
7.534402917E-1,2.001843688E0,1.277527450E0,-7.496890604E-1,2.490278744E0
7.634112916E-1,1.444103807E0,1.848634358E0,-2.336173153E-1,2.357426954E0
7.733822917E-1,9.643618356E-1,1.832565040E0,-1.675028479E-1,2.077581666E0
7.833532917E-1,9.574893837E-1,1.741543481E0,-4.797389013E-1,2.044482582E0
7.933242916E-1,-4.869881330E-1,2.257503252E0,-1.282407829E0,2.641599556E0
8.032952917E-1,-2.636556315E-1,2.466093607E0,-1.344944385E0,2.821348502E0
8.132662917E-1,-5.276929401E-2,2.499730007E0,-1.479810414E0,2.905386991E0
8.232372917E-1,-5.300492949E-1,2.355631517E0,-2.022473541E0,3.149658922E0
8.332072917E-1,-3.112153488E-1,2.687585844E0,-1.529404158E0,3.107901179E0
8.431782917E-1,-3.647216112E-1,3.129357604E0,-9.401995325E-1,3.287837592E0
8.531492917E-1,-2.491425499E-1,3.067865068E0,-9.694771260E-1,3.227034860E0
8.631202917E-1,-5.859051879E-1,3.087281917E0,-1.263630080E0,3.386938958E0
8.730912917E-1,-7.414941877E-1,3.096463508E0,-1.934960604E0,3.725851906E0
8.830622917E-1,-5.795514572E-1,3.455301870E0,-2.313697041E0,4.198593205E0
8.930332917E-1,-1.342173243E0,4.182233567E0,-1.722251177E0,4.717907984E0
9.030042917E-1,-1.069577950E0,3.860487894E0,-1.641965983E0,4.329366705E0
9.129752917E-1,-1.679176640E0,2.722541960E0,-2.011799449E0,3.778783659E0
9.229462917E-1,-1.978057361E0,2.132206191E0,-1.179709087E0,3.138586894E0
9.329172916E-1,-2.111373585E0,2.293797212E0,-9.011377931E-1,3.245220083E0
9.428882917E-1,-2.444967763E0,2.617093566E0,-1.806725902E0,4.011396836E0
9.528582917E-1,-2.532151064E0,2.429507871E0,-1.938877069E0,4.009182185E0
9.628292916E-1,-2.352035626E0,2.282475248E0,-1.538529907E0,3.620613086E0
9.728002917E-1,-3.544712814E0,1.973240570E0,-1.470480012E0,4.315203210E0
9.827712917E-1,-3.679514231E0,2.100047967E0,-1.601051261E0,4.529060783E0
9.927422917E-1,-3.652178498E0,1.578723960E0,-1.368616253E0,4.207598789E0
1.002713292E0,-4.394359441E0,9.121799675E-1,-1.396009873E0,4.700139440E0
1.012684292E0,-4.302293276E0,9.897257414E-1,-3.434730488E-1,4.428008380E0
1.022655292E0,-3.915459908E0,8.523410243E-1,-8.259706664E-1,4.091398178E0
1.032626292E0,-3.916359209E0,2.475658482E-1,-1.858814068E0,4.342159376E0
1.042597292E0,-4.304779513E0,-1.803214064E-1,-1.414898719E0,4.534928979E0
1.052568292E0,-4.497847264E0,-5.653900856E-1,-1.283364433E0,4.711403213E0
1.062539292E0,-3.654814423E0,-1.071874444E0,-3.697510207E-1,3.826656387E0
1.072510292E0,-3.119029959E0,-1.731805528E0,9.800909919E-1,3.699740076E0
1.082480292E0,-2.018273633E0,-1.874655930E0,2.680820907E0,3.843769510E0
1.092451292E0,-1.281062677E0,-2.051316979E0,4.279525096E0,4.915623864E0
1.102422292E0,-8.978903957E-1,-2.894832509E0,3.561012805E0,4.676224397E0
1.112393292E0,4.606006721E-1,-2.081082523E0,3.152428086E0,3.805372555E0
1.122364292E0,1.679463592E-1,-1.923359728E0,1.986624847E0,2.770234089E0
1.132335292E0,3.656774117E-1,-2.341345015E0,1.266310444E0,2.686849194E0
1.142306292E0,7.544369996E-4,-2.808013928E0,7.941992354E-1,2.918166413E0
1.152277292E0,-5.363067658E-1,-3.872505092E0,1.161210251E0,4.078275356E0
1.162248292E0,-3.958126456E-3,-3.627631594E0,7.669284064E-1,3.707816855E0
1.172219292E0,-4.538754970E-3,-2.420125136E0,3.698100775E-1,2.448220940E0
1.182190292E0,3.917896150E-1,-1.998710165E0,1.223667285E0,2.376068822E0
1.192161292E0,7.892237666E-1,-2.056900778E0,1.340867706E0,2.579077581E0
1.202131292E0,-5.405937982E-1,-1.406864060E0,2.298160404E-1,1.524573235E0
1.212102292E0,3.684413905E-1,-1.207792679E0,2.133648992E-2,1.262920211E0
1.222073292E0,1.974258571E0,-1.626469984E0,-6.420529300E-1,2.637296623E0
1.232044292E0,7.197195221E-1,-1.458601978E0,-1.317430311E-1,1.631830918E0
1.242015292E0,1.009254857E0,-1.050739975E0,6.537923849E-1,1.596901482E0
1.251986292E0,4.670165294E-1,-4.709844500E-1,-8.711883545E-2,6.689697171E-1
1.261957292E0,2.063592039E-2,-1.163271394E-1,-6.388954335E-1,6.497270347E-1
1.271928292E0,-2.659235472E-1,4.021597981E-1,-4.243523204E-1,6.422793225E-1
1.281899292E0,-6.575123835E-1,1.205876254E0,-3.496822071E-1,1.417299446E0
1.291870292E0,-1.335894064E0,1.001684175E0,-8.495460552E-1,1.873422706E0
1.301841292E0,-1.117670348E0,4.645957822E-1,-1.504678037E0,1.931085768E0
1.311812292E0,-1.652950562E0,7.849012855E-1,-1.681456908E0,2.485078052E0
1.321782292E0,-1.632417480E0,1.211046655E0,-1.813723265E0,2.724153613E0
1.331753292E0,-1.751922581E0,1.134128287E0,-1.124793207E0,2.370788784E0
1.341724292E0,-1.849055358E0,7.527132404E-1,1.652686268E-1,2.003221570E0
1.351695292E0,-2.077580625E0,2.875567102E-1,2.408953446E-1,2.111175190E0
1.361666292E0,-1.520864153E0,7.745344645E-1,-4.871116555E-1,1.774882862E0
1.371637292E0,-8.275583316E-1,1.463553985E0,-5.618776631E-1,1.772723771E0
1.381608292E0,-1.228115993E0,1.689181957E0,-1.157349334E0,2.387689690E0
1.391579292E0,-1.107325674E0,1.826916045E0,-1.601480446E0,2.669931086E0
1.401550292E0,-1.258554697E0,1.653032423E0,-1.596478738E0,2.620156575E0
1.411521292E0,-1.274049380E0,1.807886282E0,-1.722377477E0,2.803255037E0
1.421492292E0,-8.185045029E-1,2.276837947E0,-2.156874717E0,3.241303627E0
1.431463292E0,-5.651645658E-1,2.359081082E0,-1.695162197E0,2.959433968E0
1.441434292E0,-2.950683906E-1,1.321822447E0,5.663788497E-2,1.355539667E0
1.451404542E0,-1.844830160E-1,1.541570460E0,1.136351983E0,1.923998257E0
1.461375542E0,-3.623016314E-1,2.473105588E0,8.850982958E-1,2.651586830E0
1.471346542E0,-4.221809934E-1,2.773348710E0,-1.962232018E-1,2.812152805E0
1.481317542E0,-3.687581635E-1,3.485179388E0,-1.349404641E0,3.755442828E0
1.491288542E0,-1.707943187E-1,2.998596905E0,-2.909471013E0,4.181599655E0
1.501259542E0,4.975285798E-1,2.663097704E0,-3.463340914E0,4.397084757E0
1.511230542E0,6.204945382E-1,3.010078790E0,-2.588647154E0,4.018293404E0
1.521201542E0,8.164166815E-1,3.780111483E0,-2.054659540E0,4.379201394E0
1.531172542E0,4.559701158E-1,4.256779719E0,-1.498411576E0,4.535782135E0
1.541143542E0,1.127843261E0,5.014254055E0,-2.410847944E-1,5.145181826E0
1.551114542E0,1.921823080E0,4.814822778E0,-6.719725478E-1,5.227568215E0
1.561085542E0,2.108435944E0,4.243708561E0,-2.489551467E-1,4.745159971E0
1.571055542E0,3.007613312E0,3.873138053E0,-5.618753242E-1,4.935852519E0
1.581026542E0,2.548216289E0,3.763776117E0,-1.407831774E0,4.758298773E0
1.590997542E0,2.859496907E0,4.025382884E0,-1.535730261E0,5.170966772E0
1.600968542E0,3.098781344E0,4.091006770E0,-1.416673933E0,5.324072430E0
1.610939542E0,2.725405342E0,3.843363154E0,-1.370211958E0,4.906807049E0
1.620910542E0,3.664443617E0,3.422259254E0,-2.797249496E-2,5.014059023E0
1.630881542E0,3.415769722E0,2.815692784E0,-1.947380090E-1,4.430974107E0
1.640852542E0,3.205709084E0,2.436326602E0,-4.648711860E-2,4.026713187E0
1.650823542E0,2.475391849E0,1.010804077E0,7.863896942E-1,2.787059102E0
1.660794542E0,1.570058971E0,2.551681057E-1,9.811464143E-1,1.868915253E0
1.670765542E0,6.255783999E-1,-1.240061416E0,1.181414135E0,1.823414382E0
1.680736542E0,-6.148679088E-1,-2.004545394E0,7.830369008E-1,2.238171479E0
1.690707542E0,-1.286055176E0,-1.797073903E0,3.538729066E-1,2.237998785E0
1.700677542E0,-1.972632606E0,-7.407314184E-1,5.922118485E-2,2.107953885E0
1.710648542E0,-2.367837287E0,-1.131748470E0,7.252979851E-1,2.722786291E0
1.720619542E0,-1.149826672E0,-2.713942460E0,4.565079135E-1,2.982613708E0
1.730590542E0,-1.233303496E0,-3.214072942E0,7.458076787E-1,3.522432608E0
1.740561542E0,-6.152729016E-1,-3.670768258E0,7.463684267E-1,3.796072467E0
1.750532542E0,-6.845472774E-1,-3.475739643E0,5.468269300E-1,3.584465194E0
1.760503542E0,-2.344691815E-1,-2.318479771E0,3.315160775E-1,2.353768713E0
1.770474542E0,3.513012280E-1,-1.141941044E0,-6.400713086E-2,1.196469312E0
1.780445542E0,-6.567505644E-1,-7.314413622E-1,-5.810436666E-2,9.847354404E-1
1.790416542E0,6.498914149E-1,-6.042112121E-1,-9.871386409E-2,8.928462729E-1
1.800387542E0,1.330073746E0,-1.068949959E0,3.772752178E-1,1.747594568E0
1.810358542E0,1.745590777E0,-1.075596489E0,4.493696326E-1,2.099030261E0
1.820328542E0,2.317138712E0,-1.899725282E-1,6.602804554E-1,2.416855736E0
1.830299542E0,2.076612327E0,1.790370655E-1,6.342889971E-1,2.178691249E0
1.840270542E0,2.707637700E0,4.859387040E-1,-2.133491117E-1,2.759158601E0
1.850241542E0,2.424959760E0,5.887286621E-1,3.738177592E-1,2.523246122E0
1.860212542E0,2.040030391E0,5.541698635E-1,6.826098025E-1,2.221437457E0
1.870183542E0,2.059271239E0,8.057714599E-1,1.638407367E-1,2.217365434E0
1.880154542E0,1.202204349E0,5.670518643E-1,-3.383988351E-1,1.371625636E0
1.890125542E0,1.243048904E0,-1.452708569E-1,-1.246738059E0,1.766530495E0
1.900096542E0,7.824083982E-1,-5.982827201E-1,-1.304193385E0,1.634327231E0
1.910067542E0,2.375312222E-1,-2.404220125E-1,-1.280196996E0,1.324057467E0
1.920038542E0,4.584737474E-1,6.893653831E-1,-1.095747748E0,1.373348439E0
1.930008542E0,-5.046391960E-1,1.344775400E0,-1.577134395E-1,1.444975821E0
1.939979542E0,-1.713563823E-1,1.348787467E0,6.136331230E-1,1.491689060E0
1.949950542E0,-4.558650121E-1,1.192409824E0,3.036622810E-1,1.312198491E0
1.959921542E0,-5.846853856E-1,1.051688101E0,4.136285269E-1,1.272396723E0
1.969892542E0,-1.664222094E-1,8.288296625E-1,1.717742389E-1,8.626478716E-1
1.979863542E0,-6.347416446E-1,1.305325990E0,-5.733253419E-1,1.560600796E0
1.989834542E0,2.750172101E-1,1.477717111E0,-1.354471253E0,2.023332573E0
1.999805542E0,-9.789678879E-2,1.790509819E0,-1.696614645E0,2.468604960E0
2.009776542E0,-1.583692778E-1,1.387158650E0,-8.871003824E-1,1.654157501E0
2.019747542E0,-1.941506562E-1,1.219702873E-1,8.023490846E-2,2.429174115E-1
2.029718542E0,-7.854224186E-1,-1.859122217E-1,9.533323789E-1,1.249117430E0
2.039689542E0,-3.545566653E-1,-2.630790961E-1,1.327581663E0,1.399069016E0
2.049660542E0,-1.589939797E-1,5.077078879E-1,1.185055781E0,1.299000997E0
2.059630542E0,-3.546538022E-1,7.765994087E-1,-2.314327955E-3,8.537513204E-1
2.069601542E0,4.714425062E-1,8.529333472E-1,-8.691728193E-1,1.305838704E0
2.079572542E0,1.983421596E-1,2.786183640E-1,-1.649628759E0,1.684708535E0
2.089543542E0,-9.959415510E-1,-1.032084726E0,-2.951921799E0,3.281911144E0
2.099514542E0,-1.003937765E0,-2.100589419E0,-1.946546862E0,3.034701242E0
2.109485542E0,-9.907184525E-1,-2.111831276E0,8.713661098E-1,2.490107083E0
2.119456542E0,-3.471627150E-1,-1.809132324E0,3.164145321E0,3.661324532E0
2.129427542E0,-9.403316796E-1,-1.662808091E0,4.334642705E0,4.736906352E0
2.139398542E0,-1.129608389E0,-1.834779673E0,2.506487342E0,3.305285216E0
2.149369542E0,-1.540894521E0,-1.895259471E0,8.811467475E-1,2.596687116E0
2.159340542E0,-2.553198409E0,-2.686458500E0,-2.070616007E-1,3.711974663E0
2.169310542E0,-2.863038566E0,-3.390134944E0,-2.199640667E-1,4.442790672E0
2.179281542E0,-2.348326591E0,-3.007872343E0,8.610831964E-1,3.911955787E0
2.189252542E0,-2.452073446E0,-3.295359472E0,2.431086327E0,4.773074372E0
2.199223542E0,-3.083532390E0,-3.188200182E0,2.480744975E0,5.082016139E0
2.209194542E0,-2.305465769E0,-2.366174924E0,2.099009501E0,3.914051235E0
2.219165542E0,-1.867232305E0,-1.544527981E0,1.005467908E0,2.623564156E0
2.229136542E0,-1.182869288E0,-1.108948714E0,9.924116600E-1,1.901007077E0
2.239107542E0,8.339853718E-1,-1.192000519E0,3.781400210E-1,1.503125648E0
2.249078542E0,8.161666399E-1,-3.148252004E-1,3.261343002E-2,8.753893572E-1
2.259049542E0,4.189003766E-2,2.911068472E-1,-2.855984777E-1,4.099566590E-1
2.269020542E0,5.070846478E-1,1.399723147E0,-1.201183571E0,1.912903997E0
2.278991542E0,-2.513577676E-1,1.604425397E0,-2.361961128E0,2.866395289E0
2.288961542E0,-2.638263702E-1,2.091801346E0,-2.636010185E0,3.375468401E0
2.298932542E0,-3.574712831E-1,2.652433845E0,-2.225703462E0,3.480940522E0
2.308903542E0,-2.562885784E-1,1.973780853E0,-6.125180590E-1,2.082468022E0
2.318874542E0,-3.478874774E-1,1.833549419E0,9.332916319E-1,2.086615067E0
2.328845542E0,-7.625524963E-1,1.452582562E0,2.701314229E-1,1.662664546E0
2.338816542E0,-4.188846622E-1,1.455328122E0,-6.317267472E-1,1.640890912E0
2.348787542E0,-3.957023524E-1,2.165376861E0,-2.345818720E0,3.216877798E0
2.358758542E0,-2.535513505E-1,2.188141241E0,-3.036031657E0,3.750965022E0
2.368729542E0,1.343160984E-1,1.003772508E0,-1.644218330E0,1.931075861E0
2.378700542E0,2.124432318E-2,6.960803255E-1,-1.849100089E-1,7.205351152E-1
2.388671542E0,1.392390154E-1,4.566429842E-1,1.526882839E0,1.599775460E0
2.398642542E0,3.969739026E-1,-7.460386437E-1,1.844004241E0,2.028426379E0
2.408612542E0,4.773569649E-1,-1.182630941E0,2.094062172E0,2.451852768E0
2.418583542E0,1.094891935E0,-1.439760202E0,1.132325590E0,2.133977280E0
2.428554542E0,1.284727858E0,-8.754585761E-1,-4.373746544E-1,1.615007732E0
2.438525542E0,7.199086795E-1,-6.608774561E-1,-1.045125479E0,1.430844081E0
2.448496542E0,9.957081740E-1,-1.252507799E0,-1.642853590E0,2.293289880E0
2.458467167E0,5.282526648E-1,-9.765645361E-1,-8.087172872E-1,1.373591213E0
2.468438167E0,1.285260393E-1,-7.272114864E-1,3.090060514E-1,8.005249706E-1
2.478409167E0,-3.304417978E-1,-7.227597088E-2,3.401255178E-1,4.796884047E-1
2.488380167E0,-8.625834458E-1,2.762560889E-1,5.419140995E-2,9.073611941E-1
2.498351167E0,-8.693784951E-1,5.130694923E-1,-9.420589471E-1,1.380773092E0
2.508322167E0,-3.768249822E-1,6.121885684E-1,-1.185608928E0,1.386520984E0
2.518292167E0,-1.494341841E-1,1.200580723E0,-1.707538998E-1,1.221835317E0
2.528263167E0,2.388786399E-1,1.153226170E0,4.869567043E-1,1.274409838E0
2.538234167E0,2.143844343E-1,1.379112589E-1,1.961795815E0,1.978287902E0
2.548205167E0,4.923897178E-1,1.037915277E0,7.928713328E-1,1.395836920E0
2.558176167E0,1.690337221E-1,1.987304294E0,-8.971318656E-1,2.186960525E0
2.568147167E0,1.770346134E-1,8.495776302E-1,-2.077712188E0,2.251668568E0
2.578118167E0,3.177199376E-1,-4.108782890E-1,-1.463127138E0,1.552581060E0
2.588089167E0,3.091134575E-1,-1.682047477E0,5.038598353E-1,1.782893597E0
2.598060167E0,8.464642071E-1,-1.175024005E0,1.677257438E0,2.215936727E0
2.608031167E0,1.156334550E0,-1.141780246E0,1.695009000E0,2.348154005E0
2.618002167E0,1.761937692E0,-1.309295080E0,5.912891579E-1,2.273389739E0
2.627972167E0,1.664531850E0,-5.885026672E-1,-6.533403951E-1,1.882513039E0
2.637943167E0,1.254679016E0,-1.162701291E0,-1.967383415E-1,1.721859373E0
2.647914167E0,9.963329490E-1,-1.641782088E0,1.136123942E0,2.231346092E0
2.657885167E0,7.848832322E-1,-9.150804788E-1,1.436185507E0,1.875111405E0
2.667856167E0,3.604206187E-1,-1.024635665E0,6.618521869E-1,1.271939301E0
2.677827167E0,-2.242377967E-1,-1.291970073E0,3.834136248E-1,1.366190055E0
2.687798167E0,-3.595705797E-1,-1.102553907E0,4.971653581E-1,1.261780295E0
2.697769167E0,-7.647547770E-1,-1.377961857E0,5.930076545E-1,1.683830997E0
2.707740167E0,-1.365558013E0,-1.589210064E0,5.259769285E-1,2.160321514E0
2.717711167E0,-1.320529043E0,-1.260860254E0,9.575394505E-1,2.061661304E0
2.727682167E0,-1.204148548E0,-1.070841825E0,1.322232630E0,2.084460378E0
2.737653167E0,-5.852489476E-1,-7.327295038E-1,1.159059645E0,1.490915194E0
2.747623167E0,-5.750618188E-1,8.908028394E-2,5.739784759E-1,8.173632505E-1
2.757594167E0,-4.015840301E-1,-2.113689521E-1,-4.316005290E-2,4.558611163E-1
2.767565167E0,7.751544155E-2,5.117410049E-1,2.016429859E-1,5.554704254E-1
2.777536167E0,-2.341891730E-1,5.028716558E-1,-2.588135523E-1,6.121347285E-1
2.787507167E0,-5.758287908E-1,2.467340818E-1,-7.614536583E-1,9.860366003E-1
2.797478167E0,-4.749247424E-2,1.026392169E0,-1.236776158E0,1.607902884E0
2.807449167E0,3.124110678E-1,6.718442014E-1,-1.316655555E0,1.510813409E0
2.817420167E0,7.290120634E-1,5.303249180E-2,-1.594085473E-1,7.481190538E-1
2.827391167E0,8.101182801E-1,5.531597570E-1,-5.077137351E-2,9.822703685E-1
2.837362167E0,8.103015903E-1,1.708499403E0,-1.641997558E-1,1.898030674E0
2.847333167E0,1.283381098E0,1.302640364E0,-8.134412527E-1,2.001405914E0
2.857303167E0,1.355160348E0,7.583441091E-1,-5.021074247E-1,1.632071451E0
2.867274167E0,1.834717693E0,4.649787748E-1,1.068312612E0,2.173404268E0
2.877245167E0,1.988689499E0,2.983021384E-1,2.107549945E0,2.913011647E0
2.887216167E0,1.897233053E0,9.233727077E-1,6.735279071E-1,2.214892832E0
2.897187167E0,1.560135662E0,9.794562766E-1,-1.459189623E0,2.350019625E0
2.907158167E0,1.230602229E0,2.232613117E-2,-2.507618194E0,2.793390289E0
2.917129167E0,1.104184257E0,-3.451678643E-1,-1.662609578E0,2.025496072E0
2.927100167E0,1.159051751E0,-3.509054446E-1,-7.544937176E-1,1.426813359E0
2.937071167E0,1.630015590E0,-1.268860415E-1,5.443956578E-1,1.723199792E0
2.947042167E0,2.108081456E0,2.396785390E-1,9.949861890E-1,2.343384464E0
2.957013167E0,2.237426837E0,3.970373449E-1,1.138798458E0,2.541766990E0
2.966984167E0,2.742402321E0,2.864340448E-1,3.209630227E-1,2.775938078E0
2.976954167E0,2.697489565E0,1.332255634E0,-5.401020473E-1,3.056642807E0
2.986925167E0,3.379949679E0,9.701516023E-1,1.749136090E-2,3.516469808E0
2.996896167E0,2.666878806E0,3.150172815E-1,3.884410608E-1,2.713367818E0
3.006867167E0,2.788198591E0,8.234964171E-1,-2.353533536E-1,2.916777148E0
3.016838167E0,2.438504543E0,1.078473904E0,-1.063702083E-1,2.668468660E0
3.026809167E0,1.347412202E0,1.070883048E0,-9.670166177E-1,1.974191299E0
3.036780167E0,1.485389827E0,9.178988367E-1,-1.477880248E0,2.287586335E0
3.046751167E0,9.897472300E-1,1.144211226E0,-1.579049358E0,2.186827790E0
3.056722167E0,9.745874463E-1,1.010390094E0,-3.298127836E-1,1.442042061E0
3.066693167E0,1.210620977E0,3.705854183E-1,1.283293682E0,1.802714447E0
3.076664167E0,1.158433408E0,3.882644749E-1,2.373434535E0,2.669439783E0
3.086634167E0,1.341547445E0,5.213836482E-1,3.002296146E0,3.329470319E0
3.096605167E0,7.922733088E-1,7.690959692E-2,1.456198187E0,1.659555737E0
3.106576167E0,9.394234608E-1,1.465180973E0,2.693227530E-3,1.740482397E0
3.116547167E0,1.863473422E0,5.565806705E-1,2.372039974E-2,1.944962184E0
3.126518167E0,9.441917190E-1,-2.337792832E-1,1.284863659E0,1.611528895E0
3.136489167E0,1.007653158E0,-6.832807705E-1,1.331339668E0,1.804079491E0
3.146460167E0,8.712694846E-1,-5.394720098E-1,-1.941187888E-1,1.042987377E0
3.156431167E0,3.081544045E-1,2.195264027E-1,-1.045734758E0,1.112075610E0
3.166402167E0,-4.496080528E-1,-2.815016261E-1,-1.187816836E0,1.300884085E0
3.176373167E0,-4.322972247E-1,-1.404884485E0,5.629640758E-1,1.574010755E0
3.186344167E0,-2.714578637E-1,-9.129196402E-1,2.715848068E0,2.878010141E0
3.196314167E0,-3.034751701E-1,8.053574771E-2,1.328977978E0,1.365564224E0
3.206285167E0,-1.955399546E-1,4.552349746E-1,-6.480855024E-1,8.157754436E-1
3.216256167E0,-1.235323271E0,-1.285323250E0,-1.152882646E0,2.123020922E0
3.226227167E0,-2.014844972E0,-1.887285039E0,-5.781510490E-1,2.820585704E0
3.236198167E0,-1.852659582E0,-5.064285171E-1,8.566521764E-2,1.922538920E0
3.246169167E0,-2.515167534E0,-1.129783806E0,1.782862830E-1,2.763017403E0
3.256140167E0,-2.951213993E0,-1.303860093E0,8.218261600E-2,3.227455524E0
3.266111167E0,-2.967751966E0,-1.907119086E0,3.459154308E-2,3.527867842E0
3.276082167E0,-2.703435599E0,-1.863486871E0,-1.558516860E-1,3.287162470E0
3.286053167E0,-2.388406038E0,-9.790291375E-1,3.078465486E-1,2.599567455E0
3.296024167E0,-2.078735743E0,-2.249327382E-1,1.322025054E0,2.473759743E0
3.305994167E0,-4.721997938E-1,2.115870532E-1,1.275142663E0,1.376128823E0
3.315965167E0,-7.058206174E-1,5.349038726E-1,4.506484187E-1,9.936744407E-1
3.325936167E0,-1.443049992E0,9.524272299E-1,-3.528379494E-1,1.764654506E0
3.335907167E0,-1.326705603E0,7.265156677E-1,-1.343244014E0,2.022937779E0
3.345878167E0,-1.637149924E0,3.040329945E-1,-3.130853614E0,3.546116226E0
3.355849167E0,-2.253412832E0,1.940679181E-1,-3.916439316E0,4.522613035E0
3.365820167E0,-2.183140994E0,1.041862732E-1,-2.383073085E0,3.233573365E0
3.375791167E0,-2.176975982E0,-1.006918017E0,-5.017296946E-1,2.450477710E0
3.385762167E0,-1.587267327E0,-9.235720977E-1,8.339532852E-1,2.016898874E0
3.395733167E0,-6.941105448E-1,-3.524909171E-1,1.746653363E0,1.912285874E0
3.405704167E0,1.391820051E-2,3.595259947E-1,2.147016896E0,2.176955261E0
3.415675167E0,5.363396564E-1,7.608189431E-1,1.793478450E0,2.020660942E0
3.425645167E0,5.204081134E-1,6.826700288E-1,5.435659379E-1,1.016034892E0
3.435616167E0,2.109793083E-1,-9.557566345E-3,-6.210813063E-1,6.560073206E-1
3.445587167E0,-3.973014928E-2,-2.413409024E-2,-1.796247107E0,1.796848521E0
3.455558792E0,-2.348132171E-2,-1.646625629E-1,-2.104740942E0,2.111302812E0
3.465529792E0,4.123314683E-1,-1.165538360E0,-2.039663186E0,2.385104363E0
3.475500792E0,6.616737007E-1,-8.094821030E-1,-9.197582513E-1,1.392490073E0
3.485471792E0,7.670194767E-1,-7.019863057E-1,4.707277572E-1,1.141353702E0
3.495442792E0,7.595645691E-1,-2.556043079E-1,1.522899715E0,1.720899602E0
3.505413792E0,9.605292050E-1,-5.010099024E-1,1.949639454E0,2.230408320E0
3.515384792E0,1.132073575E0,-2.258048505E-2,1.709363329E0,2.050371540E0
3.525355792E0,7.949696061E-1,9.112172234E-1,9.609355134E-1,1.544568083E0
3.535325792E0,3.044553097E-1,8.420610344E-1,-1.257034421E-1,9.041908961E-1
3.545296792E0,2.966579380E-1,1.060945998E0,-7.158605790E-1,1.313799342E0
3.555267792E0,2.868806990E-1,9.254648414E-1,-1.162246962E0,1.513143651E0
3.565238792E0,3.366849796E-1,1.156197725E0,-8.603522944E-1,1.479985144E0
3.575209792E0,-1.304395406E-1,7.512923670E-1,-6.165678406E-1,9.806174567E-1
3.585180792E0,-9.967334832E-1,2.521965507E-1,8.427878433E-1,1.329425472E0
3.595151792E0,-6.543154183E-1,8.256236342E-1,7.068201989E-1,1.268612567E0
3.605122792E0,-9.411807684E-1,7.130451447E-1,-2.810931981E-2,1.181120126E0
3.615093792E0,-9.507098296E-1,1.224973260E0,-1.324076257E0,2.039016087E0
3.625064792E0,-1.071905141E0,9.902329874E-1,-1.180682648E0,1.877113081E0
3.635035792E0,-1.829905873E-1,4.966958266E-1,-5.389975083E-1,7.554539120E-1
3.645005792E0,1.717902822E-1,1.802623495E-1,1.590302324E-1,2.954607090E-1
3.654976792E0,9.687160378E-1,-4.063390955E-1,1.033163829E0,1.473414307E0
3.664947792E0,9.844280910E-1,-1.100326703E0,1.429944189E0,2.055372935E0
3.674918792E0,1.239179363E0,-1.613987933E0,1.477721788E0,2.514793078E0
3.684889792E0,1.457338979E0,-1.916194257E0,9.118253338E-1,2.574308212E0
3.694860792E0,1.008502393E0,-1.422646572E0,1.972125506E-1,1.754962431E0
3.704831792E0,5.974388207E-1,-1.033066473E0,-1.744177651E-1,1.206060131E0
3.714802792E0,-1.835383983E-1,-4.028895307E-1,-3.699977732E-1,5.769789162E-1
3.724773792E0,-1.598263308E-1,-6.744032353E-2,-1.070391297E0,1.084357037E0
3.734744792E0,-4.516977746E-1,7.648655087E-2,-3.516012633E-1,5.774985025E-1
3.744715792E0,-2.813495254E-1,6.482793376E-1,7.303406239E-2,7.104629682E-1
3.754685792E0,4.193444726E-1,1.297076446E0,2.999329269E-2,1.363508963E0
3.764656792E0,1.503398959E0,4.908375013E-1,3.105082011E-1,1.611690176E0
3.774627792E0,2.092080405E0,-5.199408478E-1,5.630114383E-1,2.228030696E0
3.784598792E0,2.348600825E0,5.943987072E-3,3.848321593E-1,2.379927931E0
3.794569792E0,2.502189639E0,2.349028257E-1,5.221972883E-1,2.566870143E0
3.804540792E0,1.295373152E0,-8.604353249E-2,4.408917546E-1,1.371050923E0
3.814511792E0,1.555555830E0,-1.293690616E-1,5.589014304E-1,1.657968969E0
3.824482792E0,1.453428654E0,6.603687483E-1,7.340857655E-1,1.757106612E0
3.834453792E0,3.262848660E-1,5.829466429E-1,1.933855480E-1,6.954757886E-1
3.844424792E0,8.224226490E-1,3.220970902E-1,-8.805936009E-1,1.247225176E0
3.854395792E0,1.401542801E0,-2.246324837E-1,-2.044882995E0,2.489242544E0
3.864365792E0,1.509365458E0,-2.854446959E-1,-1.917536486E0,2.456951146E0
3.874336792E0,1.591394584E0,5.925305218E-1,1.146071810E-1,1.701988234E0
3.884307792E0,1.311260914E0,7.714331013E-1,1.452731373E0,2.103554767E0
3.894278792E0,2.038493012E0,9.064523274E-1,1.119525450E0,2.496086300E0
3.904249792E0,1.525227784E0,5.420137945E-1,-9.720352829E-2,1.621587886E0
3.914220792E0,1.647378604E0,3.600686163E-1,-5.782568836E-1,1.782662811E0
3.924191792E0,1.688284117E0,1.446294174E-1,-8.988573790E-1,1.918115094E0
3.934162792E0,9.536063940E-1,-4.034988105E-1,-6.615188956E-1,1.228732556E0
3.944133792E0,8.812392797E-1,-6.372927117E-1,-1.142282814E-1,1.093513955E0
3.954104792E0,-1.110992901E-1,-2.794942769E-1,-1.610983926E-1,3.411931934E-1
3.964075792E0,-5.303879218E-1,-3.341639891E-1,-6.171981704E-1,8.797218315E-1
3.974045792E0,-9.768552158E-1,-7.523840421E-1,-1.006363117E0,1.591569848E0
3.984016792E0,-9.355191287E-1,-8.435579216E-1,3.011240047E-1,1.295168589E0
3.993987792E0,-1.328100018E0,-6.657125187E-1,1.004925871E0,1.793571527E0
4.003958792E0,-1.694066429E0,6.813775018E-1,1.662648169E0,2.469521269E0
4.013929792E0,-1.970979452E0,7.907581490E-1,1.877297702E0,2.834484982E0
4.023900792E0,-2.230923710E0,1.142717847E0,6.394035566E-1,2.586824614E0
4.033871792E0,-2.103514489E0,1.625023383E0,-2.899488062E-1,2.673863218E0
4.043842792E0,-1.548773206E0,-4.212401399E-1,-1.804824972E0,2.415271181E0
4.053813792E0,-2.094800091E0,1.109893917E0,-1.159455501E0,2.639012881E0
4.063784792E0,-2.114419253E0,1.021155987E0,2.357071102E-1,2.359891136E0
4.073755792E0,-2.151093282E0,-2.904510820E-1,-1.521044394E0,2.650498102E0
4.083725792E0,-1.436669072E0,8.736971024E-1,-2.215895927E0,2.781646888E0
4.093696792E0,-1.545532533E0,1.749223506E0,-1.073102651E0,2.569047097E0
4.103667792E0,-8.911572538E-1,9.711017749E-1,7.366842681E-1,1.509934972E0
4.113638792E0,-6.704741988E-1,-2.152737227E-1,6.411249769E-1,9.523232974E-1
4.123609792E0,-8.004634307E-1,-6.068369043E-1,-7.319275582E-1,1.242863904E0
4.133580792E0,-1.470136488E0,-7.605461705E-1,-5.656415159E-1,1.749194699E0
4.143551792E0,-1.736488709E0,-1.568269139E0,-5.504370010E-1,2.403714213E0
4.153522792E0,-1.178609591E0,-1.981421117E0,2.666833198E-1,2.320833946E0
4.163493792E0,-1.193147889E0,-1.375573854E0,4.035034883E-1,1.865105997E0
4.173464792E0,-6.816809723E-1,1.578830087E-1,4.364016777E-1,8.246589700E-1
4.183435792E0,-5.066996086E-1,-2.105289996E-1,1.546382718E0,1.640843217E0
4.193405792E0,-7.646988630E-2,-6.046766505E-1,5.858547556E-1,8.454036254E-1
4.203376792E0,2.627376187E-1,-3.924700847E-1,-4.874882162E-1,6.787551728E-1
4.213347792E0,-4.240693152E-3,2.751334235E-1,-9.104617631E-1,9.511345890E-1
4.223318792E0,4.813262741E-1,6.940671292E-1,-3.927048504E-2,8.455449917E-1
4.233289792E0,7.513952780E-1,-2.358027121E-1,6.554097247E-1,1.024577811E0
4.243260792E0,1.174752768E0,-6.725829971E-1,4.025954157E-1,1.412265918E0
4.253231792E0,7.906124072E-1,-4.879735351E-2,5.779656923E-1,9.805577502E-1
4.263202792E0,4.889903659E-1,-7.851582706E-2,1.308682877E0,1.399259513E0
4.273173792E0,4.535941728E-1,1.627809289E-1,5.468719536E-1,7.289130525E-1
4.283144792E0,1.115460832E0,-4.970741415E-1,-1.902789223E-1,1.235937554E0
4.293114792E0,7.425718296E-1,-2.227029026E-2,-8.068491018E-1,1.096774526E0
4.303085792E0,3.548077302E-1,-3.693779683E-1,2.647034526E-3,5.121870905E-1
4.313056792E0,1.307389911E-1,-8.013591510E-1,8.619953620E-1,1.184189671E0
4.323027792E0,-1.324226238E-2,-3.305433932E-1,1.001633888E0,1.054848207E0
4.332998792E0,-1.187068831E-1,3.549561033E-1,1.745101511E-1,4.129636209E-1
4.342969792E0,-5.488178339E-1,8.870831332E-1,1.480491614E-1,1.053582486E0
4.352940792E0,-9.161856025E-2,1.100535156E0,-8.558388287E-1,1.397151277E0
4.362911792E0,-1.793946958E-1,4.461840695E-1,-1.399166785E0,1.479503421E0
4.372882792E0,-3.987157881E-1,6.044453931E-1,-1.768372260E0,1.910881724E0
4.382853792E0,-6.628807122E-1,6.754583654E-1,-1.310707183E0,1.616665754E0
4.392824792E0,-4.682746310E-1,4.805662823E-1,-4.566915160E-1,8.116601644E-1
4.402795792E0,-3.279209170E-1,5.599825805E-1,1.569860458E-1,6.676505350E-1
4.412765792E0,2.751071110E-1,4.691340986E-1,1.087398509E0,1.215815053E0
4.422736792E0,5.362698553E-1,3.654778755E-1,6.545636326E-1,9.217445331E-1
4.432707792E0,7.412007306E-1,4.379690239E-1,-3.037534976E-1,9.129411680E-1
4.442678792E0,1.329670288E0,1.735857064E-1,-9.941728413E-1,1.669291679E0
4.452649542E0,1.045923331E0,-3.530376318E-1,-1.696723988E0,2.024219226E0
4.462620542E0,1.306034673E0,-1.542840475E-1,-1.412035337E0,1.929604604E0
4.472591542E0,5.035816540E-1,-4.539950725E-1,7.727510637E-1,1.028032205E0
4.482562542E0,1.281247741E-1,-4.776236710E-1,1.469687129E0,1.550651665E0
4.492533542E0,6.791866232E-1,6.130875778E-1,2.019747570E0,2.217329721E0
4.502504542E0,5.276249662E-1,1.949593261E-1,8.425194561E-1,1.013033207E0
4.512475542E0,7.831743834E-1,3.698875532E-1,-7.027955604E-1,1.115392539E0
4.522445542E0,9.171327053E-1,-1.844097796E-1,-5.408855742E-1,1.080600097E0
4.532416542E0,1.422149558E0,3.355114800E-1,-8.729711705E-1,1.702103400E0
4.542387542E0,8.324728433E-1,8.280253780E-1,-6.088302201E-1,1.322615325E0
4.552358542E0,6.065897863E-1,2.175880507E-1,2.505239546E-2,6.449211977E-1
4.562329542E0,2.806014472E-1,-1.671037754E-1,4.003664571E-1,5.166760532E-1
4.572300542E0,8.600318670E-2,-7.066769421E-2,-2.059576464E-1,2.341132701E-1
4.582271542E0,2.471123236E-1,9.006612450E-2,5.654292619E-1,6.236077754E-1
4.592242542E0,3.517677628E-1,2.819732040E-1,4.512003958E-1,6.378332414E-1
4.602213542E0,8.611915161E-1,8.669546780E-1,2.420630336E-2,1.222230415E0
4.612184542E0,1.061679604E0,-3.276721179E-2,1.244439518E-1,1.069450124E0
4.622154542E0,1.180771088E0,-2.074896169E-1,-9.926408708E-1,1.556473000E0
4.632125542E0,3.466009437E-1,-4.103236806E-1,-7.852056330E-1,9.513388583E-1
4.642096542E0,-1.084844884E-1,-1.925891572E-1,-3.436975819E-1,4.086410350E-1
4.652067542E0,-2.064013769E-1,-6.517321184E-1,5.964867479E-1,9.072776438E-1
4.662038542E0,-2.648187158E-1,-1.783499007E0,9.932700312E-1,2.058539049E0
4.672009542E0,2.457584739E-2,-1.050395574E0,1.241719394E0,1.626592108E0
4.681980542E0,-2.957556029E-1,-8.816884920E-1,1.845850791E0,2.066884399E0
4.691951542E0,-9.987168588E-2,6.636934751E-1,1.539282444E0,1.679242039E0
4.701922542E0,1.277007048E-1,1.655103799E0,5.530524606E-1,1.749726573E0
4.711893542E0,5.089255705E-2,-4.955252141E-2,-1.718467444E-1,1.859484023E-1
4.721864542E0,5.144236343E-1,-4.779593012E-1,-1.150795190E0,1.348112139E0
4.731834542E0,2.850747865E-1,-8.537732998E-1,-7.122978705E-1,1.147852228E0
4.741805542E0,4.218015457E-1,-3.781850445E-1,-1.346600316E0,1.460915084E0
4.751776542E0,4.161880725E-1,-6.677669379E-1,-7.606116593E-1,1.094374384E0
4.761747542E0,3.661725978E-1,-7.471162856E-1,1.213998914E-1,8.408347336E-1
4.771718542E0,7.401556870E-1,2.950820768E-1,2.330437034E-1,8.301886778E-1
4.781689542E0,2.790222605E-1,9.942547023E-2,6.849948817E-1,7.462954066E-1
4.791660542E0,3.501072997E-1,3.384415197E-1,1.038902872E0,1.147360867E0
4.801631542E0,1.216320258E-1,5.497981927E-1,8.088798398E-1,9.855754652E-1
4.811602542E0,7.013160686E-1,8.911332071E-2,2.839782143E-1,7.618589359E-1
4.821573542E0,4.321189577E-1,1.426390252E-1,-4.680082172E-1,6.527667091E-1
4.831544542E0,1.117401742E0,-3.655287462E-1,-4.531732464E-1,1.259985678E0
4.841514542E0,7.958075852E-1,-1.463891369E-1,-5.962704009E-1,1.005125805E0
4.851485542E0,5.324215103E-1,-3.112162989E-1,8.635577381E-2,6.227243122E-1
4.861456542E0,4.330787051E-1,-3.238325438E-1,7.242823237E-1,9.038858145E-1
4.871427542E0,-2.098750616E-1,-3.968245062E-1,1.597179819E0,1.659066185E0
4.881398542E0,-3.420216968E-1,7.742836189E-1,1.388175189E0,1.625891853E0
4.891369542E0,-7.950090748E-1,8.871380970E-1,5.127657294E-2,1.192343373E0
4.901340542E0,-1.094785881E0,1.919161427E-1,-7.483254898E-1,1.339917524E0
4.911311542E0,-1.306988061E0,-2.101167709E-1,-2.072929750E0,2.459553740E0
4.921282542E0,-1.244909781E0,-8.609098265E-1,-1.778426548E0,2.335330186E0
4.931253542E0,-1.150050182E0,-1.013646993E0,-9.221281278E-1,1.788970635E0
4.941224542E0,-1.621584782E0,-4.623329097E-1,-9.427465796E-3,1.686231835E0
4.951194542E0,-1.891296375E0,-2.952925766E-1,4.157884884E-1,1.958846535E0
4.961165542E0,-1.636169784E0,-2.261974910E-1,1.527837104E0,2.250000685E0
4.971136542E0,-1.842097610E0,-1.499138385E-1,1.934539604E0,2.675488973E0
4.981107542E0,-1.242348408E0,1.483055326E0,1.310644033E0,2.336807747E0
4.991078542E0,-1.017030631E0,2.054712457E0,4.345738381E-1,2.333462879E0
5.001049542E0,-1.192844272E0,1.671761932E0,-7.151980895E-1,2.174666347E0
5.011020542E0,-9.246622380E-1,1.542982855E0,-2.380513174E0,2.983729095E0
5.020991542E0,-8.616820244E-1,8.877251574E-1,-2.933165685E0,3.183396425E0
5.030962542E0,-7.521079805E-1,5.873428720E-1,-2.788739458E0,2.947491447E0
5.040933542E0,-1.007388206E0,-1.281516713E-1,-1.993529239E0,2.237277962E0
5.050904542E0,-1.245587619E0,-7.886356097E-1,-8.887317556E-1,1.721417664E0
5.060874542E0,-1.785323339E0,-9.696545890E-1,3.008474314E-1,2.053805887E0
5.070845542E0,-1.513747946E0,-7.937215179E-1,1.398328294E0,2.208336186E0
5.080816542E0,-1.449561305E0,-1.004779691E-1,1.265396524E0,1.926798423E0
5.090787542E0,-1.354476662E0,-1.743715721E-1,1.087315478E0,1.745642410E0
5.100758542E0,-1.020436268E0,-3.774351391E-1,7.166417670E-1,1.302813449E0
5.110729542E0,-1.208568312E0,-4.372486469E-1,2.835344106E-1,1.316136584E0
5.120700542E0,8.014683478E-2,-1.653433250E0,8.313810951E-1,1.852419918E0
5.130671542E0,-2.330935510E-1,-1.309570777E0,-4.713826454E-1,1.411208638E0
5.140642542E0,3.966009964E-1,-9.962936264E-1,9.276490688E-2,1.076335760E0
5.150613542E0,7.447174653E-2,-1.747843856E-1,7.849121028E-1,8.075782511E-1
5.160583542E0,-1.301014984E-1,-1.007258910E-1,4.148886019E-1,4.463234892E-1
5.170554542E0,3.812585603E-1,-1.638310888E-1,-3.723296428E-1,5.575195767E-1
5.180525542E0,6.287972921E-1,4.917008427E-1,-8.015836841E-1,1.131234793E0
5.190496542E0,1.844892433E0,2.435043722E-2,3.524824387E-1,1.878420853E0
5.200467542E0,1.462846472E0,-2.102366388E-1,4.097535771E-1,1.533628781E0
5.210438542E0,1.966400790E0,-2.289389580E-2,7.675540584E-1,2.111017629E0
5.220409542E0,2.203398088E0,-6.144704443E-1,1.546411369E0,2.761145629E0
5.230380542E0,1.641087731E0,-4.567102271E-1,1.290888045E0,2.137321950E0
5.240351542E0,1.884845142E0,-7.206991500E-1,1.004356937E0,2.254058857E0
5.250322542E0,1.519403080E0,-3.724775773E-1,6.420008898E-1,1.691002782E0
5.260293542E0,2.630627823E0,4.900873035E-2,5.925761300E-1,2.696989260E0
5.270263542E0,1.660536740E0,4.118278769E-1,-6.843937880E-1,1.842655508E0
5.280234542E0,1.764884689E0,1.171021879E-1,-8.527164155E-1,1.963582484E0
5.290205542E0,1.432028868E0,3.465486842E-1,-7.771709740E-1,1.665772311E0
5.300176542E0,1.784945608E0,3.121430826E-1,-7.545773327E-1,1.962868075E0
5.310147542E0,1.489955625E0,2.742735904E-1,-3.289240068E-1,1.550285383E0
5.320118542E0,1.043399965E0,-7.856874436E-2,4.467974424E-1,1.137754143E0
5.330089542E0,9.290688459E-1,1.387047261E-2,1.036644092E0,1.392117913E0
5.340060542E0,7.811702503E-1,1.104491090E0,5.052023560E-1,1.444076503E0
5.350031542E0,9.548847415E-1,1.184075495E0,7.934864599E-1,1.715651599E0
5.360002542E0,7.736085579E-1,6.121537775E-1,5.087141937E-1,1.109951611E0
5.369973542E0,7.486913793E-1,7.738909784E-1,-2.902721572E-1,1.115214756E0
5.379943542E0,4.159514064E-1,-5.962785870E-2,-4.599542624E-1,6.229999820E-1
5.389914542E0,-4.859694019E-2,-4.546093225E-2,-1.515735707E0,1.517195799E0
5.399885542E0,3.262635968E-1,-4.250776675E-1,-2.250974543E0,2.313876693E0
5.409856542E0,5.214629511E-1,-7.308882156E-1,-1.431814713E0,1.690033895E0
5.419827542E0,4.806312595E-1,-7.939706093E-1,7.159278220E-1,1.172155443E0
5.429798542E0,2.820981152E-1,-1.236045840E-1,1.944678091E0,1.968916026E0
5.439769542E0,-1.038021111E-1,3.826695666E-1,1.814978662E0,1.857783200E0
5.449740542E0,2.738346107E-1,4.316037449E-1,7.297722745E-1,8.909740508E-1
5.459711292E0,1.812267747E-1,-3.543161255E-1,3.095042342E-1,5.041586374E-1
5.469682292E0,2.257919866E-1,-2.268854159E-1,-3.569871336E-1,4.794776603E-1
5.479653292E0,-4.681102511E-1,-2.449340165E-2,-9.110242653E-1,1.024544946E0
5.489623292E0,-5.080753854E-1,-8.519662178E-1,-2.087309808E-1,1.013684199E0
5.499594292E0,-7.311710747E-1,2.272216308E-1,1.113483523E0,1.351327630E0
5.509565292E0,-7.345808054E-1,9.553756884E-1,8.979709411E-1,1.502898359E0
5.519536292E0,-1.912130150E-1,1.456714789E0,9.529499710E-2,1.472298044E0
5.529507292E0,-2.780704799E-1,8.471451885E-1,2.146793532E-1,9.170961710E-1
5.539478292E0,-1.895679009E-1,6.413641280E-1,4.078678501E-1,7.833518474E-1
5.549449292E0,-7.781562299E-1,1.392438686E0,-4.565242857E-1,1.659164560E0
5.559420292E0,-3.906183446E-1,1.093238708E0,-9.330156434E-1,1.489386368E0
5.569391292E0,-7.169045263E-1,9.075428331E-1,-2.922413825E0,3.142942675E0
5.579362292E0,-6.508937739E-2,-8.233110604E-1,-2.185321421E0,2.336173676E0
5.589333292E0,-9.354426764E-1,-1.927712395E0,1.524120029E0,2.629461911E0
5.599303292E0,-6.062428272E-1,-8.401083568E-1,2.554178402E0,2.756290937E0
5.609274292E0,-8.941253735E-1,3.708950284E-1,1.871084450E0,2.106651449E0
5.619245292E0,-7.327586668E-1,6.430642059E-1,-7.752238512E-3,9.749497084E-1
5.629216292E0,7.380063236E-2,-5.325503683E-1,-1.238323331E-1,5.517162992E-1
5.639187292E0,-3.964453874E-1,-8.124419636E-1,-1.138461658E0,1.453728254E0
5.649158292E0,-3.349248581E-2,1.975987592E-1,-1.203203200E0,1.219780700E0
5.659129292E0,1.182913654E-2,7.597076797E-1,-5.774137151E-1,9.543072281E-1
5.669100292E0,3.520643628E-1,-1.413618471E0,-1.366605395E-1,1.463196022E0
5.679071292E0,5.059785739E-2,-1.697886999E0,-9.969496840E-1,1.969591094E0
5.689042292E0,3.221869180E-1,-8.296295616E-1,-5.358721715E-1,1.038868906E0
5.699012292E0,3.371266271E-1,-3.059204757E-2,6.288224351E-1,7.141483677E-1
5.708983292E0,-1.083591387E-2,-3.870453304E-1,1.359126222E0,1.413204016E0
5.718954292E0,1.742060959E-1,-5.877884299E-1,6.841949826E-1,9.186760998E-1
5.728925292E0,4.252754496E-1,-3.041294736E-1,5.483857977E-1,7.576812838E-1
5.738896292E0,6.901364116E-1,4.328410158E-1,7.943407381E-1,1.137812295E0
5.748867292E0,6.182774933E-1,-1.798156223E-1,8.342286891E-1,1.053820773E0
5.758838292E0,1.128436899E0,-8.908788532E-1,4.325448543E-1,1.501376042E0
5.768809292E0,3.998663009E-1,-1.325237514E0,8.327347255E-1,1.615423984E0
5.778780292E0,7.662966147E-1,-5.155390638E-1,8.911530876E-1,1.283411412E0
5.788751292E0,-7.089566253E-2,-1.222120696E0,7.061752510E-1,1.413254640E0
5.798722292E0,3.607433850E-1,-6.168292111E-1,-3.396478003E-1,7.911856253E-1
5.808692292E0,3.492436659E-1,8.028969687E-1,-6.223893285E-2,8.777746666E-1
5.818663292E0,2.914129490E-1,1.165717285E0,5.853957492E-1,1.336602588E0
5.828634292E0,4.564536805E-1,6.441000402E-1,1.431053991E0,1.634359308E0
5.838605292E0,2.704773588E-1,-5.009470448E-1,5.927310812E-1,8.218491820E-1
5.848576292E0,7.799226737E-1,-5.420518014E-1,-1.127594608E-1,9.564592142E-1
5.858547292E0,4.635180672E-1,5.913830057E-1,-1.297362083E0,1.499243553E0
5.868518292E0,4.718131466E-1,7.096227694E-1,-1.288240426E0,1.544582635E0
5.878489292E0,-6.504552327E-2,-6.985598373E-1,-1.097473846E0,1.302561173E0
5.888460292E0,-2.650974087E-2,-3.518696505E-1,-8.628005236E-1,9.321693842E-1
5.898431292E0,-2.886024848E-2,-9.059529752E-2,-6.405700761E-1,6.475881749E-1
5.908402292E0,1.791633654E-1,1.929078305E-1,1.449700177E-1,3.005482467E-1
5.918372292E0,4.643825781E-1,8.435538286E-1,-4.183314425E-1,1.049874010E0
5.928343292E0,3.365211479E-1,4.254249921E-1,-2.298674959E-1,5.891281462E-1
5.938314292E0,4.163131298E-1,2.185323760E-1,2.581136405E-2,4.708919705E-1
5.948285292E0,6.929641251E-1,5.090898773E-1,-2.023475754E-1,8.833551512E-1
5.958256292E0,6.602500498E-1,9.505072966E-1,-3.673232567E-1,1.214216053E0
5.968227292E0,5.218205814E-1,5.406958321E-1,-1.978826416E-1,7.770497036E-1
5.978198292E0,4.313466867E-1,4.921154103E-1,3.857191819E-1,7.596162376E-1
5.988169292E0,3.840396423E-1,9.307545251E-1,1.931627691E-1,1.025232797E0
5.998140292E0,7.943345254E-1,7.619734758E-1,2.789689046E-1,1.135515110E0
6.008111292E0,7.099771837E-1,3.324726820E-1,-6.006721848E-1,9.876298696E-1
6.018082292E0,7.134860247E-1,3.330728987E-1,-1.017595033E0,1.286662160E0
6.028052292E0,6.023517975E-1,-2.198044378E-1,-7.269515777E-1,9.693298072E-1
6.038023292E0,5.242290495E-1,-7.413263726E-1,-1.948748338E-1,9.286318366E-1
6.047994292E0,3.682896553E-1,-1.027586755E-1,-8.080963129E-1,8.939889633E-1
6.057965292E0,4.560763890E-1,-1.050347042E0,1.534835637E-1,1.155331894E0
6.067936292E0,7.964742409E-1,-2.215743607E0,1.471637176E0,2.776617893E0
6.077907292E0,-5.407234602E-2,-1.848961802E0,1.712968138E0,2.521079810E0
6.087878292E0,1.525864546E-1,-1.467728312E0,1.595457814E0,2.173245191E0
6.097849292E0,-3.391151190E-1,-6.955072984E-1,1.686819974E0,1.855826256E0
6.107820292E0,7.455126867E-2,-2.599452808E-1,1.157199646E0,1.188377238E0
6.117791292E0,2.103975834E-1,1.618281251E-1,4.627030385E-1,5.334318953E-1
6.127761292E0,-3.228905573E-3,3.345434734E-1,-2.797173482E-1,4.360866386E-1
6.137732292E0,6.313375419E-1,-2.259773433E-2,-5.593037188E-2,6.342128632E-1
6.147703292E0,3.968366392E-2,5.781668365E-2,3.511282235E-1,3.580622732E-1
6.157674292E0,5.514810213E-1,5.097128981E-1,3.209793949E-1,8.166800643E-1
6.167645292E0,5.134722923E-1,5.236181617E-1,-5.173902923E-1,8.975090466E-1
6.177616292E0,3.533090888E-1,6.268884686E-1,-1.243592842E0,1.436780992E0
6.187587292E0,3.368208908E-1,-2.969941163E-1,-1.326468353E0,1.400418548E0
6.197558292E0,1.481998734E-2,-6.785927653E-1,-5.853162271E-1,8.962716435E-1
6.207529292E0,-1.082733308E-1,-1.023081183E0,6.120222151E-1,1.197075358E0
6.217500292E0,-9.816656470E-1,1.348572582E-1,5.338683307E-1,1.125552894E0
6.227471292E0,-1.173987148E-1,2.769226715E-1,-2.083666992E-1,3.659034102E-1
6.237441292E0,3.051718859E-1,-7.386173576E-1,1.281610268E-1,8.093891090E-1
6.247412292E0,2.946792036E-1,-9.544983137E-1,-2.336833888E-1,1.025919485E0
6.257383292E0,2.655534916E-1,-1.043336815E0,-4.489562345E-1,1.166461344E0
6.267354292E0,-2.019333733E-1,-8.796647707E-1,4.953497976E-1,1.029542917E0
6.277325292E0,-4.658549801E-3,6.317156374E-2,5.602667552E-1,5.638361336E-1
6.287296292E0,-1.934359802E-1,-4.678658375E-1,4.773333567E-1,6.958182621E-1
6.297267292E0,-1.135897654E-1,-4.568546534E-2,2.182800686E-1,2.502718221E-1
6.307238292E0,-2.726214597E-1,-4.191681790E-1,1.104984595E0,1.212854227E0
6.317209292E0,5.220993474E-2,-3.245546749E-1,1.301958579E0,1.342817097E0
6.327180292E0,3.941456775E-1,3.147088408E-1,6.057522458E-1,7.882437775E-1
6.337151292E0,9.356568307E-2,-3.466568577E-1,1.126507611E0,1.182347204E0
6.347121292E0,2.912930810E-1,-1.873558992E-1,-3.767372739E-1,5.117468765E-1
6.357092292E0,-1.114568473E-1,5.906059107E-1,-1.093042241E0,1.247388998E0
6.367063292E0,-1.356773302E-2,5.670115185E-1,-7.314393157E-1,9.255752903E-1
6.377034292E0,-5.542854922E-1,-6.287715644E-2,2.551982188E-1,6.134428046E-1
6.387005292E0,-5.179489207E-1,-3.896876872E-1,-3.740054548E-1,7.483365941E-1
6.396976292E0,-9.493996878E-1,-1.668570229E-1,-5.604573745E-1,1.115039686E0
6.406947292E0,-5.160488679E-1,2.588825494E-1,4.200347364E-2,5.788703657E-1
6.416918292E0,-1.109305906E0,1.538797125E0,1.829067528E-2,1.897047900E0
6.426889292E0,-1.435544360E0,1.060158085E0,-1.481959265E-1,1.790721868E0
6.436860292E0,-1.196177404E0,8.063792780E-1,4.365092665E-1,1.507192178E0
6.446830292E0,-4.094142193E-1,1.129572136E0,-9.786198324E-1,1.549596719E0
6.456801458E0,4.960368454E-2,2.755406821E-1,-4.943347210E-1,5.681109129E-1
6.466772458E0,2.011000720E-1,4.475824311E-1,1.688038534E-1,5.189084818E-1
6.476743458E0,5.585021386E-1,1.280198166E0,6.838728011E-2,1.398395081E0
6.486714458E0,4.329748439E-1,9.289012501E-1,4.699395525E-1,1.127460833E0
6.496685458E0,1.108339727E0,5.608058685E-1,-1.871296120E-1,1.256159888E0
6.506656458E0,4.142521325E-1,1.495089188E-1,-2.681345987E-1,5.156102298E-1
6.516627458E0,8.263899849E-1,-2.120016208E-1,-5.965294325E-1,1.041015109E0
6.526598458E0,1.082091576E-1,-4.205960691E-1,-1.185370361E0,1.262423530E0
6.536569458E0,7.021753170E-1,-5.958616805E-1,-1.096117292E0,1.431633485E0
6.546540458E0,5.481618494E-1,-1.567450528E0,4.295060563E-1,1.715184545E0
6.556510458E0,7.526682899E-1,-1.941784597E0,6.529544789E-1,2.182518391E0
6.566481458E0,3.803995313E-1,-1.923326399E0,1.435003200E0,2.429634216E0
6.576452458E0,-2.008964427E-2,-1.839060420E0,2.296580486E0,2.942248928E0
6.586423458E0,-4.530276507E-3,-9.350004807E-1,2.265063994E0,2.450461450E0
6.596394458E0,4.106455699E-2,-5.266683617E-1,1.452959415E0,1.546013235E0
6.606365458E0,1.310261625E-1,-2.237086236E-1,3.170266771E-1,4.095354900E-1
6.616336458E0,-7.222297318E-1,3.463639122E-1,-1.476318457E0,1.679613030E0
6.626307458E0,-2.624331249E-1,-9.504596418E-1,-1.573823701E0,1.857192967E0
6.636278458E0,-8.266159797E-1,-1.372240649E0,-1.262388132E0,2.039598532E0
6.646249458E0,-3.410348330E-1,-6.427490410E-1,1.850029796E-1,7.507710633E-1
6.656220458E0,-2.577891201E-2,-6.921933889E-2,1.443341330E0,1.445230107E0
6.666190458E0,-1.675057715E-1,1.622631580E-1,1.988617578E0,2.002245586E0
6.676161458E0,-9.252568267E-2,5.934108201E-1,2.254019773E0,2.332659971E0
6.686132458E0,-3.629866692E-1,1.897395167E-1,1.182719234E0,1.251633010E0
6.696103458E0,1.901569348E-1,6.879564965E-1,-5.827463758E-1,9.214321133E-1
6.706074458E0,3.384885898E-1,3.898505321E-1,-1.630927609E0,1.710696592E0
6.716045458E0,2.610779596E-1,-6.184693551E-1,-1.858953232E0,1.976454696E0
6.726016458E0,2.835708095E-1,-1.007347203E0,-1.576887642E0,1.892547338E0
6.735987458E0,2.440572265E-1,-4.446336803E-1,-6.356654316E-1,8.132241883E-1
6.745958458E0,1.316843397E-1,1.750489721E-1,6.638647985E-1,6.990703675E-1
6.755929458E0,5.133314475E-1,-2.043172100E-1,1.287682017E0,1.401206507E0
6.765899458E0,5.411918952E-1,-5.197823882E-1,7.237186521E-1,1.042511912E0
6.775870458E0,4.129158975E-1,5.484717518E-2,-1.264711815E-1,4.353190908E-1
6.785841458E0,6.248817772E-1,4.830788308E-1,-1.024345059E0,1.293493406E0
6.795812458E0,9.389890127E-2,-7.740304345E-1,-4.261497545E-1,8.885627330E-1
6.805783458E0,-4.944689146E-1,-1.068312320E0,-1.422574943E-1,1.185760480E0
6.815754458E0,-3.791819948E-1,-5.270183176E-1,1.544319820E-1,6.673653642E-1
6.825725458E0,-8.041010566E-1,-5.017615619E-1,7.037287760E-1,1.180498778E0
6.835696458E0,-6.810127086E-1,-6.620927998E-1,1.060032370E0,1.423310862E0
6.845667458E0,-2.464246910E-1,-1.864802787E-1,3.676395911E-1,4.802696030E-1
6.855638458E0,-2.458505675E-1,3.221140471E-1,-6.167929584E-1,7.379928959E-1
6.865609458E0,3.585360610E-1,9.410196045E-1,-6.953619951E-1,1.223762357E0
6.875579458E0,6.181052198E-1,1.025254886E0,-3.856197792E-1,1.257737754E0
6.885550458E0,7.544348799E-1,3.045630446E-1,3.213565403E-1,8.747574877E-1
6.895521458E0,8.297095223E-1,6.446324292E-1,2.281109923E-1,1.075176025E0
6.905492458E0,7.837349852E-1,6.620506999E-1,5.427759790E-1,1.160671107E0
6.915463458E0,3.411920500E-1,6.414065203E-1,9.752220154E-1,1.216088944E0
6.925434458E0,6.999590030E-1,4.610941771E-1,3.004813957E-1,8.904153610E-1
6.935405458E0,5.463006806E-1,6.843841401E-1,1.913401920E-1,8.963465590E-1
6.945376458E0,9.552064846E-1,1.026494495E0,-5.257816315E-3,1.402190437E0
6.955347458E0,1.176952198E0,7.252398053E-1,2.825982714E-1,1.411046078E0
6.965318458E0,8.814977266E-1,5.042434126E-1,-2.042812496E-1,1.035871850E0
6.975289458E0,1.035396443E0,-8.780547398E-1,-1.340766549E-3,1.357581569E0
6.985259458E0,5.319133142E-1,-8.405346188E-1,2.467507464E-1,1.024849330E0
6.995230458E0,8.072932709E-1,-9.175348476E-1,2.769574624E-1,1.253115341E0
7.005201458E0,4.918049231E-2,-4.720182377E-1,-8.789031708E-1,9.988446933E-1
7.015172458E0,-1.294231483E-1,-7.496305883E-1,-4.854048532E-1,9.023936180E-1
7.025143458E0,-1.123175575E-1,-1.051106595E0,2.507549196E-1,1.086424566E0
7.035114458E0,2.311617040E-1,-2.060102713E-1,1.768619013E-1,3.565895363E-1
7.045085458E0,4.907345903E-1,-5.466269553E-1,5.619560158E-1,9.248870364E-1
7.055056458E0,3.126164878E-1,-2.878765529E-1,3.212799418E-1,5.327502034E-1
7.065027458E0,1.090877968E0,-5.676392171E-1,3.727430409E-1,1.284977196E0
7.074998458E0,2.586772390E-1,-1.742762625E-1,-1.290597439E-2,3.121741403E-1
7.084968458E0,1.464818153E-1,-6.572989601E-1,7.477653265E-2,6.775620820E-1
7.094939458E0,-2.181278218E-1,-5.959099200E-1,4.745600224E-3,6.345950679E-1
7.104910458E0,-3.567942486E-1,-2.296315607E-1,-4.298598129E-1,6.039968942E-1
7.114881458E0,-7.684250012E-2,-4.626346260E-2,3.054000735E-1,3.182990460E-1
7.124852458E0,-5.025133677E-2,-2.392958388E-1,6.072111261E-1,6.545938030E-1
7.134823458E0,-5.126177949E-1,-5.056596082E-1,7.062600356E-1,1.008598969E0
7.144794458E0,-4.617565935E-1,-5.104742056E-1,3.751275355E-1,7.839156422E-1
7.154765458E0,1.986065999E-1,-6.855088520E-1,-4.564804316E-2,7.151578228E-1
7.164736458E0,-3.826072937E-1,-9.451603103E-1,-2.498597109E-1,1.049831524E0
7.174707458E0,-9.592291497E-2,-8.247763726E-1,2.288687915E-1,8.613002927E-1
7.184677458E0,-5.959553090E-1,-5.235591048E-1,-2.301206803E-1,8.259736038E-1
7.194648458E0,-6.091987409E-1,-4.594739136E-1,6.124706966E-1,9.784476160E-1
7.204619458E0,-6.295322871E-1,-3.708716395E-1,5.002392393E-1,8.854919368E-1
7.214590458E0,-7.897395641E-1,-2.209800205E-1,5.301682127E-1,9.765239793E-1
7.224561458E0,-1.256410523E0,5.476794541E-2,5.627231705E-1,1.377760609E0
7.234532458E0,-6.102570138E-1,1.372432145E-1,2.227660525E-1,6.639834614E-1
7.244503458E0,-5.499060007E-1,7.590296951E-1,-4.711247832E-1,1.049038250E0
7.254474458E0,-4.572420314E-2,7.900149679E-1,-1.375753949E0,1.587108465E0
7.264445458E0,-4.971522018E-2,1.890960306E-2,-1.290458275E0,1.291554000E0
7.274416458E0,3.865914403E-1,-8.987228930E-1,-1.063900888E0,1.445351473E0
7.284387458E0,3.499771991E-1,-4.371995303E-1,-2.783508539E-1,6.253852150E-1
7.294357458E0,6.060929192E-1,-3.852008262E-1,5.385940504E-1,8.976702370E-1
7.304328458E0,2.656942633E-1,-9.061547041E-2,4.067282277E-1,4.941988024E-1
7.314299458E0,2.863313531E-1,8.580613554E-2,-1.760204870E-1,3.468883805E-1
7.324270458E0,-8.116571210E-2,-3.238188028E-3,-5.003544295E-1,5.069052316E-1
7.334241458E0,-2.141308844E-2,1.426106662E-1,-1.141906838E0,1.150976780E0
7.344212458E0,-5.659401624E-1,1.583250582E-1,-2.123562545E-1,6.248602006E-1
7.354183458E0,-7.336144068E-1,1.098378995E-1,6.438152808E-1,9.822181926E-1
7.364154458E0,-9.789672301E-1,2.897856688E-1,3.787340981E-1,1.088940810E0
7.374125458E0,-9.558043624E-1,7.193449348E-1,-3.001597989E-1,1.233334918E0
7.384096458E0,-1.199594079E0,1.470171279E-1,2.306106770E-1,1.230374445E0
7.394066458E0,-1.093994972E0,7.920813739E-2,1.203910713E0,1.628649727E0
7.404037458E0,-1.242648809E0,9.169767308E-1,1.246376116E0,1.984559349E0
7.414008458E0,-1.313360796E0,1.416183060E0,2.776743311E-1,1.951305735E0
7.423979458E0,-8.044656305E-1,8.106810746E-1,3.877639532E-2,1.142747726E0
7.433950458E0,-9.131071166E-1,8.253432602E-1,-7.428963500E-1,1.437654719E0
7.443921458E0,-4.558851119E-1,5.877360973E-1,-1.806013711E0,1.953189822E0
7.453892708E0,-6.614724103E-1,-6.092713925E-1,-1.292856218E0,1.574876052E0
7.463863708E0,-7.566984102E-2,-1.063301841E0,-6.972044528E-1,1.273746748E0
7.473834708E0,-4.576443198E-1,-1.976274691E0,1.083078586E0,2.299599791E0
7.483805708E0,-4.242415157E-1,-1.834659513E0,2.170754253E0,2.873696299E0
7.493775708E0,-8.842280108E-1,-2.531306434E-1,2.181429514E0,2.367397099E0
7.503746708E0,-5.667410848E-1,2.648613274E-2,9.894219786E-1,1.140549352E0
7.513717708E0,-2.818686119E-1,1.350852996E-2,7.204763710E-1,7.737690844E-1
7.523688708E0,-3.785638710E-1,-1.062169235E0,2.009038979E-1,1.145371758E0
7.533659708E0,-3.131121855E-1,-7.950462046E-1,-8.930148411E-1,1.235966510E0
7.543630708E0,-9.344457261E-1,1.745393872E-4,-2.158124852E0,2.351742273E0
7.553601708E0,-2.922309013E-1,-2.977557161E-1,-1.927920556E0,1.972545319E0
7.563572708E0,-3.888218607E-1,-1.128392753E0,-1.521102281E0,1.933443765E0
7.573543708E0,-1.980329150E-1,-9.645359364E-1,-6.147078413E-1,1.160780917E0
7.583514708E0,-1.193370668E-1,8.107573807E-2,-1.643763417E-1,2.187102936E-1
7.593485708E0,1.612546594E-1,-8.277964595E-1,1.086399804E0,1.375323445E0
7.603455708E0,3.112675352E-1,-2.698028094E-1,1.444360499E0,1.501951493E0
7.613426708E0,6.387345620E-1,2.822643954E-1,1.169171820E0,1.361843520E0
7.623397708E0,3.206165021E-1,5.425189939E-1,1.321315202E0,1.463897422E0
7.633368708E0,3.849564126E-1,2.893263701E-1,1.494538965E0,1.570206326E0
7.643339708E0,6.624969886E-1,-3.499815845E-1,-3.271751046E-2,7.499732028E-1
7.653310708E0,6.757679754E-1,-6.026921055E-1,-8.671058285E-1,1.253703573E0
7.663281708E0,1.305812771E0,-5.222338334E-1,-3.340204400E-1,1.445491205E0
7.673252708E0,1.158956588E0,-5.933374375E-2,-1.069765645E-1,1.165394719E0
7.683223708E0,9.750845327E-1,1.271161294E-1,4.163919210E-2,9.842165304E-1
7.693194708E0,2.101172825E-1,3.231715161E-1,6.932838947E-1,7.932412368E-1
7.703164708E0,3.291653506E-2,-3.803350657E-2,1.156277540E0,1.157371070E0
7.713135708E0,-6.214665648E-1,-1.258420211E-1,7.292641515E-1,9.663762766E-1
7.723106708E0,-6.358759314E-1,-4.216310263E-1,4.007786858E-1,8.618204438E-1
7.733077708E0,-6.157093962E-1,-4.723798880E-1,-2.448474777E-1,8.137512559E-1
7.743048708E0,9.051065907E-2,-6.298237708E-1,2.535773706E-1,6.849610533E-1
7.753019708E0,-9.662567720E-2,9.108529419E-2,3.561995137E-1,3.801462164E-1
7.762990708E0,4.592534736E-2,-9.722399354E-2,4.508203268E-2,1.165934480E-1
7.772961708E0,1.416667063E-1,-6.085583246E-1,1.043043870E-1,6.334761994E-1
7.782932708E0,1.865926914E-2,1.051773763E-1,-7.858248532E-2,1.326109189E-1
7.792903708E0,6.003576777E-1,1.029694676E0,-5.766746271E-1,1.324105016E0
7.802873708E0,8.721597963E-1,8.904777342E-1,-6.167689848E-1,1.390689500E0
7.812844708E0,1.370640120E0,6.561505669E-1,-1.376183719E0,2.050138906E0
7.822815708E0,1.188224753E0,4.779791817E-1,-1.590027505E0,2.041697732E0
7.832786708E0,1.626387392E0,6.148733175E-1,-7.889133525E-1,1.909342668E0
7.842757708E0,1.118093540E0,5.243782997E-1,-2.685392261E-2,1.235243660E0
7.852728708E0,1.367448564E0,-3.374106556E-1,-3.179072678E-1,1.443892848E0
7.862699708E0,9.372325822E-1,-2.343648818E-1,-8.037114859E-2,9.694283535E-1
7.872670708E0,7.525988542E-1,-8.785850823E-2,8.429112196E-1,1.133412316E0
7.882641708E0,4.916776731E-1,-8.383123845E-2,1.150456637E0,1.253923875E0
7.892612708E0,6.528856279E-1,2.195667484E-1,7.164546561E-1,9.938694454E-1
7.902582708E0,5.746103407E-1,7.321126226E-1,2.351311594E-1,9.599232250E-1
7.912553708E0,6.758743948E-1,4.227215320E-1,9.821030188E-1,1.264921354E0
7.922524708E0,8.230363143E-1,5.058952510E-2,4.825034648E-1,9.553835190E-1
7.932495708E0,3.168945301E-1,2.885402119E-1,-3.893438709E-1,5.790218017E-1
7.942466708E0,3.449417232E-1,-5.801379329E-1,2.021668965E-1,7.045681426E-1
7.952437708E0,-1.498512002E-1,-5.036876348E-1,-7.253623044E-1,8.957159641E-1
7.962408708E0,2.720908979E-1,-1.079063303E0,4.080590540E-1,1.185294588E0
7.972379708E0,-7.041882209E-2,-8.767870635E-1,1.649715298E0,1.869565439E0
7.982350708E0,-2.266184905E-1,-7.854506314E-1,1.662671558E0,1.852772340E0
7.992321708E0,-2.066337307E-1,-6.526708889E-1,1.370149977E0,1.531661760E0
8.002291708E0,-6.269329074E-1,-1.415055424E-1,6.683437657E-1,9.272281694E-1
8.012262708E0,-2.669574080E-1,-7.476305482E-1,1.144405353E-1,8.020687816E-1
8.022233708E0,-4.299834084E-1,-7.546156320E-1,-7.589101195E-1,1.153375504E0
8.032204708E0,-4.070949943E-1,-1.108628579E0,-1.036075743E0,1.571062254E0
8.042175708E0,-2.709645049E-1,-9.278718477E-1,-1.162031200E0,1.511517264E0
8.052146708E0,-6.345946603E-1,-6.143666562E-1,-6.913525593E-1,1.121661773E0
8.062117708E0,-7.924088180E-1,-7.773422974E-1,-4.351053500E-1,1.192262323E0
8.072088708E0,-7.296443667E-1,-5.444552994E-1,1.141961217E-3,9.103921017E-1
8.082059708E0,-5.516623581E-1,-6.121628407E-1,1.330745591E0,1.565234337E0
8.092030708E0,-6.736238015E-1,-9.242284477E-2,1.984243276E0,2.097506230E0
8.102000708E0,-8.560549564E-1,8.916343135E-1,3.082143384E-1,1.273906557E0
8.111971708E0,-6.586685973E-1,6.976780772E-2,-2.493784851E-1,7.077439486E-1
8.121942708E0,-7.957110330E-2,2.774997917E-1,-1.271607437E0,1.303964404E0
8.131913708E0,5.419276942E-1,-1.862349880E-1,-1.429353036E0,1.539941297E0
8.141884708E0,4.000197903E-1,5.152598593E-1,-2.033588514E0,2.135647630E0
8.151855708E0,3.572661920E-1,5.412925404E-1,-8.144832265E-1,1.041162654E0
8.161826708E0,7.725180522E-2,-4.448085120E-1,-5.082107484E-2,4.543184296E-1
8.171797708E0,-1.161534771E-2,-1.028949449E0,1.188113875E0,1.571778122E0
8.181768708E0,6.459499530E-2,-9.764557779E-2,1.950577347E0,1.954087808E0
8.191739708E0,2.006920825E-1,1.171244073E0,1.569534184E0,1.968635960E0
8.201709708E0,5.077860944E-1,1.240413418E0,9.363427091E-1,1.634995362E0
8.211680708E0,9.628170012E-1,8.909402490E-2,-8.215706366E-1,1.268831208E0
8.221651708E0,8.487851132E-1,-3.050711676E-1,-1.593125945E0,1.830725228E0
8.231622708E0,1.220263840E0,-1.856771636E-1,-6.789991468E-1,1.408744011E0
8.241593708E0,5.232511027E-1,-3.281024730E-1,1.540149001E0,1.659367921E0
8.251564708E0,6.406180233E-1,8.189092764E-1,1.151085797E0,1.551129384E0
8.261535708E0,1.253053198E-1,9.402699915E-1,6.278798640E-2,9.506584093E-1
8.271506708E0,2.551561189E-1,5.758609870E-1,9.240039146E-1,1.118259252E0
8.281477708E0,-5.742813617E-2,3.321352977E-1,8.385766786E-1,9.037824366E-1
8.291448708E0,-4.089585751E-1,1.094266064E0,-2.193992257E-2,1.168394922E0
8.301418708E0,1.642815437E-1,1.901974121E0,-1.087889090E0,2.197270274E0
8.311389708E0,3.231035422E-1,-2.325817734E-2,-6.375534976E-1,7.151302707E-1
8.321360708E0,6.166678280E-1,-7.737357348E-1,-1.024798218E0,1.424485024E0
8.331331708E0,-1.576910008E-1,-5.677193239E-1,-3.867868835E-1,7.048232230E-1
8.341302708E0,4.150744703E-1,1.017532468E-2,-7.576833737E-1,8.639875276E-1
8.351273708E0,3.781094693E-2,-6.465126014E-1,7.202892601E-2,6.516106028E-1
8.361244708E0,3.000791073E-1,-1.352175052E0,4.098950797E-1,1.444451044E0
8.371215708E0,-5.654560860E-1,-1.626758252E0,5.118161416E-1,1.796674361E0
8.381186708E0,-5.051223222E-1,2.151366055E-2,-2.111143059E-1,5.478874411E-1
8.391156708E0,-8.014000815E-1,5.121810079E-2,1.518895542E0,1.718112060E0
8.401127708E0,-1.223747757E0,-1.373087618E0,2.165908080E0,2.841493620E0
8.411098708E0,-5.543618714E-1,-6.375423878E-1,1.188346594E0,1.458062073E0
8.421069708E0,-4.066481940E-1,-3.486183062E-1,4.538842678E-1,7.020743591E-1
8.431040708E0,-1.686220781E-1,4.289742520E-1,-6.728186399E-1,8.155594621E-1
8.441011708E0,5.138223213E-1,-1.415298083E-1,-1.334306545E0,1.436808276E0
8.450982708E0,4.072383973E-1,-6.242136598E-1,-1.441004782E0,1.622338001E0
8.460953667E0,1.985125329E-1,-5.244320941E-1,-1.517297498E0,1.617599439E0
8.470924667E0,6.247353045E-1,-5.459653428E-1,2.252452719E-1,8.597137830E-1
8.480895667E0,8.435587256E-1,-9.497369260E-2,6.162357187E-1,1.048979403E0
8.490865667E0,5.734941072E-1,-5.660707015E-1,1.303233272E0,1.532236434E0
8.500836667E0,1.044817769E-1,-7.934887987E-1,1.947239757E0,2.105298930E0
8.510807667E0,8.571491897E-2,-1.391388819E-1,1.024628064E0,1.037578597E0
8.520778667E0,1.745999790E-1,-1.525436237E-1,5.545990491E-1,6.011113167E-1
8.530749667E0,4.392832587E-1,-4.606684998E-1,-1.164309275E-1,6.471023172E-1
8.540720667E0,6.039717686E-1,-3.335248885E-1,4.359800935E-2,6.913186927E-1
8.550691667E0,1.732686411E-1,-1.384094417E-1,-7.649806988E-1,7.964764059E-1
8.560662667E0,-2.198327237E-1,-5.211099985E-1,-4.664119273E-1,7.330908149E-1
8.570633667E0,-1.014255177E0,-8.227465117E-1,2.103939289E-1,1.322834453E0
8.580604667E0,-8.810286337E-1,-3.613126114E-1,-1.032431173E-1,9.578190841E-1
8.590574667E0,-1.230339543E0,9.049004763E-2,-4.442843091E-1,1.311225528E0
8.600545667E0,-1.500542886E0,-4.211264116E-1,3.382088006E-1,1.594792024E0
8.610516667E0,-1.659799114E0,1.964041731E-1,5.260821784E-1,1.752218638E0
8.620487667E0,-1.585368444E0,4.960307059E-1,1.752995253E-3,1.661157017E0
8.630458667E0,-1.810612692E0,-6.080730057E-1,-3.023565978E-1,1.933776258E0
8.640429667E0,-1.426884926E0,-8.633118626E-1,-2.059979922E-1,1.680399696E0
8.650400667E0,-1.238040033E0,-1.294365092E0,-3.976071560E-1,1.834724929E0
8.660371667E0,-1.008831299E0,-7.523413575E-1,-2.344955671E-1,1.280135258E0
8.670342667E0,-8.403657074E-1,-2.131959146E-1,4.254229456E-1,9.657389413E-1
8.680312667E0,-6.291275136E-1,5.735738486E-1,1.057235062E-2,8.514106899E-1
8.690283667E0,-4.288475867E-1,9.077287745E-1,-1.103888242E0,1.492129696E0
8.700254667E0,-3.186670404E-1,4.432481825E-1,-8.968225479E-1,1.049908718E0
8.710225667E0,9.469156444E-2,8.128214478E-3,1.032259265E0,1.036625174E0
8.720196667E0,-1.298491180E-2,3.224625412E-1,1.295692703E0,1.335279101E0
8.730167667E0,-2.068789483E-1,1.435573596E0,3.763262147E-1,1.498429801E0
8.740138667E0,2.836818335E-1,1.037263312E0,1.759029579E-1,1.089647839E0
8.750109667E0,4.570019301E-1,4.275405148E-1,-8.108070821E-1,1.024231312E0
8.760080667E0,8.906804133E-1,-4.529253244E-3,-8.152714312E-1,1.207476550E0
8.770051667E0,7.737419475E-1,-1.341210938E-1,-4.218029344E-1,8.913937315E-1
8.780021667E0,7.346438822E-1,4.602553940E-1,-9.383886498E-1,1.277540574E0
8.789992667E0,5.682318324E-1,1.467534184E-2,1.620052958E-1,5.910571012E-1
8.799963667E0,1.897862944E-1,-5.513137910E-1,6.713398790E-1,8.891923115E-1
8.809934667E0,6.614057520E-1,-1.651633769E-2,4.315122360E-1,7.898944031E-1
8.819905667E0,4.524641253E-2,1.885276812E-1,5.557766783E-1,5.886235135E-1
8.829876667E0,7.788688593E-1,-3.310483003E-1,3.917692959E-1,9.325839685E-1
8.839847667E0,2.794347084E-1,-5.999444988E-1,-4.096489120E-1,7.783504282E-1
8.849818667E0,7.066555267E-1,-1.154019345E0,-1.399360912E0,1.946621084E0
8.859789667E0,1.210163506E0,-1.234846284E0,-5.508480603E-1,1.814600408E0
8.869760667E0,5.871635818E-1,-7.019906911E-1,1.706164902E-1,9.309468239E-1
8.879730667E0,5.506857269E-1,-3.571467626E-1,5.603679121E-1,8.630299976E-1
8.889701667E0,5.206010715E-1,-8.132523876E-1,9.937793237E-1,1.385641464E0
8.899672667E0,4.808414669E-1,-3.095355168E-1,2.814107019E-1,6.373482059E-1
8.909643667E0,4.405838256E-1,-2.312939242E-1,4.580556715E-1,6.763327472E-1
8.919614667E0,3.263929664E-1,1.157482651E-1,9.133526266E-2,3.581510291E-1
8.929585667E0,2.908419684E-1,-3.598508075E-1,6.833559072E-1,8.252617464E-1
8.939556667E0,5.009089648E-1,1.377864209E-1,2.758108234E-1,5.881891695E-1
8.949527667E0,2.061552823E-1,-3.728357193E-1,2.218819535E-1,4.803520326E-1
8.959498667E0,-6.709563017E-2,-6.549817085E-1,-1.192478821E0,1.362170548E0
8.969468667E0,-1.606812669E-1,-7.455562484E-1,-1.951056819E0,2.094825840E0
8.979439667E0,-2.270425598E-1,-1.157673562E0,-4.814878035E-1,1.274200497E0
8.989410667E0,-7.620687123E-1,-1.279942642E0,1.739478244E0,2.290149876E0
8.999381667E0,-8.504086657E-1,-4.383704352E-1,3.783034506E0,3.902142183E0
9.009352667E0,-2.606204881E-1,9.613363400E-1,3.735728193E0,3.866232757E0
9.019323667E0,-5.693615144E-1,1.452415916E0,1.708383921E0,2.313495223E0
9.029294667E0,2.673877631E-1,6.133565497E-1,7.842262244E-1,1.030879840E0
9.039265667E0,4.543470749E-1,-1.115172198E-1,-2.088088072E0,2.139854937E0
9.049236667E0,6.118577622E-1,-6.411550900E-1,-3.394966498E0,3.508738704E0
9.059207667E0,-1.041871503E-2,5.972053707E-3,-3.534776933E0,3.534797332E0
9.069177667E0,-1.818224598E-1,-8.438119832E-1,-1.558450202E0,1.781528866E0
9.079148667E0,-4.092776138E-1,-4.014286038E-1,3.200058335E-1,6.565491776E-1
9.089119667E0,-3.561547825E-1,9.556125006E-1,8.884803253E-1,1.352567473E0
9.099090667E0,3.941381492E-2,6.844195157E-1,1.637533209E0,1.775246048E0
9.109061667E0,1.921175062E-1,7.202629477E-1,1.133996724E0,1.357069055E0
9.119032667E0,3.186209936E-1,1.861329541E-1,-2.296575809E-1,4.346348106E-1
9.129003667E0,2.059115265E-1,6.559108311E-1,-1.368917384E0,1.531846396E0
9.138974667E0,6.825288185E-1,5.295431453E-1,-1.740886254E0,1.943436770E0
9.148945667E0,6.481278216E-1,8.156655335E-1,-2.031350200E0,2.282928726E0
9.158915667E0,7.413005718E-1,-4.853229922E-1,-9.453643781E-1,1.295676947E0
9.168886667E0,3.426238869E-1,-9.431845361E-1,-7.450089490E-1,1.249810598E0
9.178857667E0,-1.742132588E-1,-1.110559330E0,-7.129977822E-2,1.126399549E0
9.188828667E0,1.213925093E-1,-2.841790661E-1,7.963866788E-1,8.542397937E-1
9.198799667E0,4.706868267E-1,1.914301221E0,1.171354585E0,2.293069301E0
9.208770667E0,5.841687110E-1,1.773029568E0,8.834563977E-1,2.065280159E0
9.218741667E0,7.046766827E-1,7.461193353E-1,1.144194853E-1,1.032644715E0
9.228712667E0,1.851686897E0,-1.405261045E0,-7.805290300E-1,2.452086568E0
9.238683667E0,1.069298891E0,-2.098598150E0,-3.488840622E-1,2.381015414E0
9.248654667E0,1.427877491E0,-1.329277647E0,3.821406859E-1,1.987924721E0
9.258624667E0,1.060332990E0,-7.960218126E-1,2.131457455E0,2.510192753E0
9.268595667E0,8.931828754E-1,-5.586467841E-1,2.978358230E0,3.159189710E0
9.278566667E0,4.982966481E-1,-1.366175625E-1,2.584479259E0,2.635620790E0
9.288537667E0,4.327598125E-1,7.856386194E-1,9.631124318E-1,1.316090670E0
9.298508667E0,6.304720078E-1,1.222717112E0,5.757343948E-2,1.376897524E0
9.308479667E0,2.572152890E-1,2.766484371E-1,-1.523174534E0,1.569316643E0
9.318450667E0,-1.754994269E-1,-9.607612664E-1,-1.967350670E0,2.196435958E0
9.328421667E0,-2.161703201E-1,-1.543146577E0,-1.576328648E0,2.216493395E0
9.338392667E0,-2.741398354E-1,-1.195786591E0,-5.876755786E-1,1.360301734E0
9.348363667E0,-6.665532021E-1,-9.553996620E-1,7.940629953E-1,1.409828970E0
9.358333667E0,-4.774748594E-1,-4.634976751E-1,6.450747710E-1,9.267868128E-1
9.368304667E0,-4.402537503E-1,2.063578883E-1,-2.893266624E-1,5.657887064E-1
9.378275667E0,-3.785482297E-1,-1.336094624E-1,-2.288243526E-1,4.620723266E-1
9.388246667E0,-7.677993491E-1,3.635550186E-1,-8.585618770E-1,1.207814799E0
9.398217667E0,1.070398606E-2,-3.233036631E-1,7.244822985E-1,7.934194570E-1
9.408188667E0,2.411266751E-1,7.852810621E-4,1.862972023E0,1.878512031E0
9.418159667E0,7.076241910E-2,8.039915675E-1,2.652899283E-1,8.495813714E-1
9.428130667E0,3.537664872E-1,8.411827826E-1,-2.638053203E-1,9.499118108E-1
9.438101667E0,2.249187780E-1,-3.717957920E-1,4.309643519E-1,6.120055884E-1
9.448071667E0,2.914347298E-2,-8.757313487E-1,-4.769924641E-2,8.775135071E-1
9.458042667E0,-2.998212451E-1,-1.697718599E-1,-3.095574439E-1,4.631857883E-1
9.468013667E0,2.654078959E-1,7.003283277E-1,-1.001873624E-1,7.556048077E-1
9.477984667E0,1.060703192E-1,3.337502986E-2,6.787389457E-1,6.877872939E-1
9.487955667E0,2.057241963E-1,-9.077618113E-1,3.894245625E-2,9.315956558E-1
9.497926667E0,5.060853586E-1,-8.374274084E-1,-6.975699037E-1,1.201670015E0
9.507897667E0,1.489159381E-1,-1.270746726E0,8.723344088E-2,1.282412910E0
9.517868667E0,-1.112424738E-1,-1.547725531E0,4.160685700E-1,1.606531127E0
9.527839667E0,1.775311882E-1,-1.139693374E0,-9.778532624E-2,1.157575173E0
9.537810667E0,-3.466919410E-1,7.719757229E-2,-5.710613000E-1,6.725070821E-1
9.547780667E0,3.414043039E-1,-3.031512344E-1,-1.481210822E-1,4.799973173E-1
9.557751667E0,-2.684757107E-1,-7.722590205E-1,3.442542368E-1,8.871156529E-1
9.567722667E0,3.065242007E-2,-1.112730109E0,3.242538357E-1,1.159417274E0
9.577693667E0,-3.297933416E-1,-1.228055620E-1,1.109217979E0,1.163705022E0
9.587664667E0,2.226215532E-1,1.066458168E0,1.053087047E0,1.515218040E0
9.597635667E0,-3.857927837E-1,8.365950572E-1,-5.064881587E-1,1.051312331E0
9.607606667E0,-1.098414809E-1,1.345502209E0,-1.833293896E0,2.276709875E0
9.617577667E0,-2.107512669E-1,1.320936302E0,-2.524151196E0,2.856681304E0
9.627548667E0,-1.398482222E-1,1.484110164E0,-1.866197348E0,2.388479232E0
9.637519667E0,-9.004580542E-2,1.313404503E-1,-3.564193690E-1,3.903758798E-1
9.647489667E0,1.749824600E-1,-1.784602377E-1,1.071917421E-1,2.719503398E-1
9.657460667E0,2.395843258E-1,7.505155644E-1,2.088818389E-1,8.150496207E-1
9.667431667E0,2.719773158E-1,1.393951361E0,6.689033443E-1,1.569873798E0
9.677402667E0,-6.021389589E-2,4.980345467E-1,2.411237953E0,2.462870803E0
9.687373667E0,-1.497439038E-1,-1.118215674E-1,2.294588925E0,2.302187141E0
9.697344667E0,3.782082872E-1,1.884426042E-1,7.298921424E-1,8.433828687E-1
9.707315667E0,-4.348778933E-2,4.620879114E-1,-1.408863223E-1,4.850416286E-1
9.717286667E0,2.159234945E-1,-3.826403305E-1,5.360446644E-1,6.930948422E-1
9.727257667E0,-3.272739226E-1,-1.321269886E0,2.855546236E-2,1.361498346E0
9.737228667E0,-2.004212833E-1,-1.281456487E0,-2.287237805E-1,1.317047450E0
9.747198667E0,-4.004421055E-1,-3.802912116E-2,-7.279169530E-1,8.316629030E-1
9.757169667E0,-5.062976857E-1,-4.419489312E-1,1.387544274E-3,6.720551537E-1
9.767140667E0,-2.586384282E-1,-9.988824812E-1,-8.467744750E-1,1.334798509E0
9.777111667E0,9.869829588E-2,-5.770076260E-1,-4.861340010E-1,7.609240573E-1
9.787082667E0,3.518811987E-1,-1.594857305E-1,4.334973657E-1,5.806686166E-1
9.797053667E0,-2.272661427E-1,5.884854180E-1,-4.895762569E-1,7.985298354E-1
9.807024667E0,-1.704986688E-1,-5.534486094E-1,6.888938051E-1,8.999721296E-1
9.816995667E0,-4.374507413E-1,-1.237792404E0,4.411098558E-1,1.384944436E0
9.826966667E0,-5.004829220E-1,-7.713614729E-1,4.660757124E-1,1.030877416E0
9.836937667E0,-5.263260072E-1,7.146534213E-1,1.331411004E-3,8.875530132E-1
9.846907667E0,-8.601711769E-1,4.856896126E-1,3.599247748E-1,1.051348989E0
9.856878667E0,-1.046383142E0,-1.893191019E-1,-3.533589363E-2,1.063958658E0
9.866849667E0,-7.004310925E-1,-6.122911870E-3,-1.215875285E0,1.403208436E0
9.876820667E0,-6.428253472E-1,-3.395636004E-1,-1.594857890E0,1.752740584E0
9.886791667E0,-4.253967062E-1,-1.508412069E-1,-1.457720218E0,1.525995957E0
9.896762667E0,-4.095610575E-1,-1.147304695E0,-7.736737543E-1,1.443128338E0
9.906733667E0,-1.175525331E0,-1.518143882E0,4.005366111E-1,1.961389872E0
9.916704667E0,-9.956757219E-1,-1.562355265E0,1.371775503E0,2.305231474E0
9.926675667E0,-1.020091502E0,-1.002381455E0,9.800734502E-1,1.733752930E0
9.936646667E0,-2.579196592E-1,-1.176953587E0,1.020447890E0,1.578941478E0
9.946616667E0,1.795781522E-1,-9.335196733E-1,1.567136825E0,1.832928019E0
9.956587667E0,-2.762934380E-1,-9.853555325E-1,6.843323922E-1,1.231086679E0
9.966558667E0,-5.699500367E-1,-4.745398495E-1,5.096813232E-1,8.998923070E-1
9.976529667E0,-5.606567645E-1,-6.019115022E-1,6.993854642E-1,1.079709911E0
9.986500667E0,-6.939471151E-1,3.477567190E-1,3.065040278E-1,8.345310379E-1
9.996471667E0,-6.080665737E-1,9.328644928E-1,-1.179015023E-1,1.119768674E0
1.000644267E1,-7.727069172E-1,5.901887119E-1,-4.449520612E-1,1.069289966E0
1.001641367E1,-1.477096575E-1,6.969071218E-1,-7.995815974E-1,1.070900747E0
1.002638467E1,1.376685264E-1,2.834902641E-1,-5.339694875E-1,6.200344883E-1
1.003635567E1,1.088241897E0,2.292164084E-1,2.376010233E-1,1.137218024E0
1.004632667E1,1.082578503E0,1.324977897E0,9.226438522E-2,1.713492153E0
1.005629667E1,7.061465266E-1,7.565846819E-1,2.136595988E-1,1.056746763E0
1.006626767E1,9.548345286E-1,1.090252242E0,-1.448729539E-1,1.456484501E0
1.007623867E1,1.387219754E-1,5.201224038E-1,4.213515294E-1,6.835994534E-1
1.008620967E1,3.794454119E-1,1.562327198E0,-1.149016467E0,1.976128522E0
1.009618067E1,2.084980423E-1,6.875232178E-1,-8.501383781E-2,7.234548785E-1
1.010615167E1,1.796134548E-1,5.650948012E-1,-5.254945332E-1,7.922989536E-1
1.011612267E1,-1.757161394E-3,9.814893535E-1,-7.447832465E-1,1.232082190E0
1.012609367E1,3.028160428E-1,1.160487243E0,-1.012952929E0,1.569873190E0
1.013606467E1,-3.035837822E-2,5.163281456E-1,-3.020086884E-1,5.989370860E-1
1.014603567E1,6.107663063E-1,-6.332362059E-1,-3.828634018E-1,9.594831722E-1
1.015600567E1,8.126323635E-1,-3.719697466E-1,-1.381193029E0,1.645122194E0
1.016597667E1,6.180448472E-1,-5.704221994E-1,-7.441382986E-1,1.122988302E0
1.017594767E1,5.346316847E-1,-1.732081516E0,1.138767468E0,2.140730895E0
1.018591867E1,5.191699655E-1,-1.119880084E0,9.739999473E-2,1.238206612E0
1.019588967E1,8.365025251E-1,-1.996804850E0,7.499229491E-1,2.291146113E0
1.020586067E1,3.645425402E-1,-2.296425535E0,1.724987090E0,2.895175636E0
1.021583167E1,6.330433208E-1,-1.011288226E0,1.922420665E0,2.262553632E0
1.022580267E1,-6.223586306E-2,-1.173913327E0,1.491389655E0,1.898996815E0
1.023577367E1,2.482423711E-1,2.421185821E-2,1.063570520E0,1.092425165E0
1.024574467E1,-3.562667567E-1,-1.688810366E-1,1.319817145E0,1.377448403E0
1.025571467E1,-1.001788840E-1,-4.603287765E-1,4.114305586E-1,6.254706195E-1
1.026568567E1,-9.281270056E-1,2.922976327E-1,-6.448970157E-1,1.167368753E0
1.027565667E1,-4.062355267E-1,-4.819684446E-2,-2.600385439E-1,4.847373344E-1
1.028562767E1,-2.758388170E-1,-2.197526899E-1,2.965906584E-1,4.608083293E-1
1.029559867E1,-3.587957505E-1,1.489449549E-1,-4.767135519E-1,6.149591862E-1
1.030556967E1,-3.159228690E-2,9.294839251E-1,-6.667287648E-1,1.144318874E0
1.031554067E1,1.950210873E-1,-5.595264977E-1,-7.269901693E-2,5.969826406E-1
1.032551167E1,8.084163748E-1,-5.265125334E-2,-3.450734317E-2,8.108637039E-1
1.033548267E1,4.879258072E-1,1.278885466E-1,-7.836684000E-1,9.319674001E-1
1.034545367E1,3.175599432E-1,-1.693435514E-1,1.487239301E-1,3.894102763E-1
1.035542367E1,6.647586916E-1,3.137361565E-1,-2.160534489E-1,7.661681192E-1
1.036539467E1,9.191357421E-1,-1.811484951E-1,-1.043791729E0,1.402542856E0
1.037536567E1,3.580502305E-1,-5.855141553E-1,-1.206904487E0,1.388396642E0
1.038533667E1,3.843900367E-1,-1.854336271E-1,-1.002174171E0,1.089263237E0
1.039530767E1,1.613125469E-1,-2.701147583E-1,-6.931172490E-2,3.221611951E-1
1.040527867E1,4.153697547E-1,-1.124165216E-1,6.701944095E-1,7.964484000E-1
1.041524967E1,-4.413865753E-2,-5.965528214E-1,4.725743079E-1,7.623319266E-1
1.042522067E1,1.747053020E-1,-4.161919463E-1,8.365406781E-1,9.505461508E-1
1.043519167E1,-3.431806149E-1,-1.865156543E-1,1.106570944E0,1.173482117E0
1.044516267E1,-1.498155322E-1,-4.407847506E-1,7.139725131E-1,8.523453757E-1
1.045513367E1,7.134524032E-2,-1.178558940E-1,-2.662079412E-1,2.997445963E-1
1.046510342E1,-5.158198763E-1,-4.128017306E-1,-3.620174932E-1,7.533472500E-1
1.047507442E1,-1.767195216E-1,4.493222702E-1,-7.572518492E-1,8.980816527E-1
1.048504542E1,-3.083856618E-1,-5.349851489E-2,-4.566149175E-2,3.163048835E-1
1.049501642E1,-6.717661411E-1,-5.121044093E-1,-9.812388003E-2,8.503816615E-1
1.050498742E1,-6.223095871E-1,3.880972445E-1,4.292248052E-1,8.497779868E-1
1.051495842E1,-3.695280225E-1,1.021541319E0,9.431184626E-1,1.438600035E0
1.052492942E1,-8.290270060E-2,1.147202076E0,9.204078770E-1,1.473124612E0
1.053490042E1,8.342858456E-2,1.103856082E0,7.664851874E-1,1.346461333E0
1.054487142E1,2.252389862E-1,1.993129874E0,1.463090301E-2,2.005869727E0
1.055484242E1,4.456441522E-1,1.794796705E0,-9.125965816E-1,2.062213966E0
1.056481242E1,4.302256293E-1,5.592794529E-1,-7.284274149E-1,1.014146980E0
1.057478342E1,9.541004106E-2,5.811667505E-1,-5.635102057E-1,8.151083485E-1
1.058475442E1,-3.610414468E-2,-2.568278378E-1,-1.179692130E0,1.207864880E0
1.059472542E1,8.279562347E-2,-2.625446606E-1,-1.359402210E0,1.386996461E0
1.060469642E1,-4.691751753E-1,-8.155225691E-1,-1.278096092E-1,9.494933923E-1
1.061466742E1,-3.679638192E-1,-1.029319285E0,6.779495716E-1,1.286278036E0
1.062463842E1,-5.829797528E-1,-2.943847963E-1,5.738895983E-1,8.694119113E-1
1.063460942E1,7.945803277E-2,-9.065067065E-1,2.488060427E-1,9.433835035E-1
1.064458042E1,-3.054535025E-1,-1.394467085E0,6.662796986E-1,1.575363111E0
1.065455142E1,-4.400650314E-1,-1.343468547E0,4.586111569E-1,1.486233213E0
1.066452242E1,-6.043074719E-1,-1.226035407E0,4.846406221E-2,1.367735028E0
1.067449242E1,-3.508266534E-1,-5.666133231E-1,5.977099854E-1,8.952023376E-1
1.068446342E1,-6.209911130E-2,2.497945145E-1,9.389751256E-2,2.739896749E-1
1.069443442E1,-2.937699616E-2,-7.594927946E-1,-1.323517263E-2,7.601759551E-1
1.070440542E1,5.597150704E-1,-6.570147854E-1,-7.062202746E-1,1.115211399E0
1.071437642E1,6.102033656E-1,-1.619421458E-1,3.312090987E-1,7.129325866E-1
1.072434742E1,7.956378698E-1,-6.144967568E-1,7.343570763E-1,1.244960320E0
1.073431842E1,9.441629945E-1,2.718870494E-1,-4.557202935E-2,9.835868735E-1
1.074428942E1,4.591220574E-1,-1.456070718E-1,6.046137929E-1,7.730150849E-1
1.075426042E1,3.625063936E-1,-4.413270798E-1,7.511163658E-1,9.435869180E-1
1.076423142E1,1.187740530E-1,2.048840976E-1,-4.302591777E-1,4.911290351E-1
1.077420242E1,-9.881136641E-2,-1.097139385E-1,-5.832819808E-1,6.016799012E-1
1.078417242E1,-3.243300688E-1,-4.246125215E-1,-4.352456832E-1,6.891477285E-1
1.079414342E1,-7.355797291E-1,-8.349689466E-1,-1.047045119E0,1.527924789E0
1.080411442E1,-3.425054077E-1,-1.079873435E0,-1.407506084E0,1.806795496E0
1.081408542E1,-1.449663632E-1,-1.034705740E0,1.692213446E-1,1.058426700E0
1.082405642E1,1.448625751E-2,-1.353340986E-1,8.928978968E-1,9.032119485E-1
1.083402742E1,1.809499821E-1,2.684944949E-1,1.700431708E0,1.730982433E0
1.084399842E1,-1.826786383E-1,3.498976770E-1,1.162045233E0,1.227252620E0
1.085396942E1,-7.059211895E-2,4.151204440E-1,3.120612216E-1,5.241091836E-1
1.086394042E1,2.442012873E-1,3.562728962E-1,-7.302815670E-1,8.484549560E-1
1.087391142E1,2.170506915E-1,-7.199793577E-2,-5.957804042E-1,6.381606346E-1
1.088388242E1,-2.025731318E-2,-8.035208666E-1,-4.106575567E-1,9.026049915E-1
1.089385242E1,1.496926676E-1,-1.748396417E-1,-6.039150506E-1,6.462895508E-1
1.090382342E1,4.379469506E-2,3.381488666E-1,2.923315465E-2,3.422239159E-1
1.091379442E1,1.473814825E-1,3.313663888E-1,5.161442506E-1,6.308168296E-1
1.092376542E1,3.657491863E-1,2.957232240E-1,9.550093603E-1,1.064550408E0
1.093373642E1,5.873459418E-1,5.046576878E-1,-2.211949056E-1,8.053457789E-1
1.094370742E1,7.887482417E-1,5.672948161E-1,2.101840138E-1,9.940445246E-1
1.095367842E1,2.292287607E-1,1.094043577E0,-3.726617646E-1,1.178284331E0
1.096364942E1,1.544366598E-2,7.614054188E-1,5.667238355E-1,9.492905900E-1
1.097362042E1,-3.061733678E-1,-1.279209986E-1,8.849176168E-2,3.434191388E-1
1.098359142E1,3.494003713E-3,5.329333609E-1,-1.238357245E0,1.348168699E0
1.099356242E1,-6.145689699E-1,4.969785395E-1,-7.742631537E-1,1.106420408E0
1.100353242E1,-9.713883615E-1,6.932534891E-1,-4.060891271E-1,1.260596735E0
1.101350342E1,-8.272037711E-1,3.405450556E-1,-1.719853234E-1,9.109423501E-1
1.102347442E1,-6.886729266E-1,2.141364393E-1,-5.218558109E-1,8.902012704E-1
1.103344542E1,-8.774712608E-1,5.814348453E-1,-7.168212765E-1,1.273520724E0
1.104341642E1,-4.675181475E-1,4.139548016E-1,1.148100793E-1,6.349119232E-1
1.105338742E1,-6.745458343E-1,-1.127178286E0,3.474316138E-1,1.358768449E0
1.106335842E1,-3.813887340E-1,-8.161818427E-1,-5.961873704E-1,1.080300675E0
1.107332942E1,-1.335262857E-1,-4.317244899E-1,-1.042932773E-1,4.637805428E-1
1.108330042E1,2.807868771E-1,-5.657730782E-1,-3.375960124E-1,7.161784093E-1
1.109327142E1,1.914505582E-1,-5.136431041E-1,-5.794584864E-1,7.976557479E-1
1.110324242E1,4.204827793E-2,-9.590550488E-1,1.145434463E-1,9.667858323E-1
1.111321242E1,-2.589835601E-1,-2.811133710E-1,2.026720959E-1,4.326351698E-1
1.112318342E1,-1.961982780E-1,-6.638899416E-2,2.207540256E-1,3.027104270E-1
1.113315442E1,-2.447310450E-1,3.703655630E-2,-4.629749340E-1,5.249864573E-1
1.114312542E1,2.631415151E-2,-1.288455019E0,3.068390733E-1,1.324748651E0
1.115309642E1,-6.321718664E-1,-5.485284698E-1,7.429051208E-1,1.119121428E0
1.116306742E1,-7.787620014E-1,-6.679017162E-1,1.636576020E0,1.931565175E0
1.117303842E1,-7.642716508E-1,3.185504615E-2,1.839946858E0,1.992618965E0
1.118300942E1,-2.827159466E-1,-2.646455652E-1,1.324961525E0,1.380394373E0
1.119298042E1,3.834378176E-1,-1.905812234E-2,8.081968850E-1,8.947457610E-1
1.120295142E1,2.409314512E-1,1.594512320E-1,-2.466472507E-1,3.798783039E-1
1.121292242E1,7.701584083E-1,1.231376839E-1,-4.213117683E-1,8.864595135E-1
1.122289342E1,5.834076959E-1,1.166908363E-1,-1.125146379E0,1.272766933E0
1.123286342E1,2.505184729E-1,-5.987607300E-1,-8.212794453E-1,1.046792169E0
1.124283442E1,7.002670781E-1,-2.327484190E-1,-1.476555853E0,1.650685614E0
1.125280542E1,4.294455376E-1,-6.503112450E-1,-1.345700430E0,1.555068433E0
1.126277642E1,2.280813177E-1,-9.855920523E-1,-1.490162909E-1,1.022554955E0
1.127274742E1,2.911106479E-1,-8.384442392E-1,5.340916944E-1,1.035851384E0
1.128271842E1,7.435816437E-2,-4.435867363E-1,1.618304640E0,1.679645271E0
1.129268942E1,-2.945483722E-2,5.001269728E-2,2.616171752E0,2.616815525E0
1.130266042E1,1.845409034E-1,9.548760438E-1,2.080911199E0,2.296962129E0
1.131263142E1,6.254385053E-1,1.015712522E0,-4.944832402E-1,1.291262532E0
1.132260242E1,7.452136016E-1,6.380949497E-1,-2.053446828E0,2.275775110E0
1.133257342E1,8.663407934E-1,2.589094466E-1,-2.769906746E0,2.913754254E0
1.134254342E1,4.725045799E-1,-6.289051732E-1,-2.950878655E0,3.053926511E0
1.135251442E1,-1.417551454E-1,-3.696600965E-1,-1.642129120E0,1.689180617E0
1.136248542E1,-2.470944896E-1,4.024463117E-2,-6.940335077E-1,7.378060903E-1
1.137245642E1,-3.963681310E-4,-9.582417011E-3,4.798535067E-1,4.799493387E-1
1.138242742E1,-4.728454725E-1,2.783257109E-1,2.073226204E0,2.144601346E0
1.139239842E1,-1.474113764E-1,1.384547576E-1,2.285580704E0,2.294510621E0
1.140236942E1,-1.513836823E-1,4.644507712E-1,1.834056373E0,1.897997449E0
1.141234042E1,-4.397975944E-2,4.392209128E-1,1.167388419E0,1.248056469E0
1.142231142E1,-2.045523412E-1,1.342287118E0,3.556206393E-1,1.403581991E0
1.143228242E1,-2.302625484E-1,1.094104973E0,-2.666903365E-1,1.149439110E0
1.144225342E1,-2.393028554E-1,9.271760291E-1,-1.151367048E0,1.497520392E0
1.145222442E1,3.809355748E-1,6.942805526E-1,-1.155371806E0,1.400721745E0
1.146219429E1,1.474727722E-1,3.149722579E-1,-1.018252260E0,1.076008089E0
1.147216529E1,3.775159038E-1,1.175518388E-1,6.888990676E-1,7.943038574E-1
1.148213629E1,-1.722860165E-2,3.222087720E-1,1.199286150E0,1.241935017E0
1.149210729E1,6.734776211E-1,5.218373922E-1,1.191604078E0,1.464857211E0
1.150207829E1,1.531472026E-1,6.063916388E-1,5.948851955E-1,8.631646894E-1
1.151204929E1,4.418707978E-1,-3.087040427E-1,-2.012003517E-1,5.753516920E-1
1.152202029E1,1.342759719E-1,-1.414161677E0,-9.855031747E-1,1.728901325E0
1.153199129E1,-4.326536856E-1,-1.130452435E0,-1.485853511E0,1.916473995E0
1.154196229E1,-5.751504772E-1,-1.179895906E0,-1.100726652E-1,1.317219955E0
1.155193329E1,-6.795806524E-1,-6.835079348E-1,7.671149325E-1,1.231859683E0
1.156190429E1,-2.189883857E-1,-3.174418294E-1,8.942345703E-1,9.738483942E-1
1.157187429E1,2.951895925E-1,1.642927265E-1,1.139491353E0,1.188515687E0
1.158184529E1,6.352420201E-1,8.571082592E-1,6.901550496E-1,1.270622282E0
1.159181629E1,5.886415386E-1,5.515131810E-1,6.198346800E-1,1.017281023E0
1.160178729E1,9.459363089E-1,4.607047525E-1,-3.847614080E-1,1.120306079E0
1.161175829E1,8.743043357E-1,7.594919175E-2,-1.131893481E0,1.432256682E0
1.162172929E1,9.764661567E-1,-5.652000511E-1,-8.780640954E-1,1.429662131E0
1.163170029E1,5.884639294E-1,-4.984382969E-1,2.479921103E-2,7.715863743E-1
1.164167129E1,3.078747614E-1,-6.796098885E-1,1.534250330E0,1.706042363E0
1.165164229E1,-3.368968315E-2,3.896262914E-2,1.971111014E0,1.971783891E0
1.166161329E1,2.943013273E-2,7.100081009E-1,1.444071647E0,1.609447283E0
1.167158429E1,1.197172089E-1,5.448093483E-1,1.853389606E0,1.935510907E0
1.168155529E1,2.772045804E-1,4.519371450E-1,1.249020812E0,1.356887081E0
1.169152529E1,5.503121629E-2,-1.191715175E-1,1.295409697E-1,1.844211164E-1
1.170149629E1,2.741374234E-1,-4.619244817E-1,-1.459283763E-1,5.566153472E-1
1.171146729E1,5.814281210E-2,-7.046046889E-1,-6.820654267E-1,9.823754886E-1
1.172143829E1,4.275318901E-1,-1.277129839E0,2.343856394E-2,1.346994250E0
1.173140929E1,2.777933219E-1,-5.016171357E-1,3.201409042E-1,6.567184169E-1
1.174138029E1,6.444659297E-1,3.861746800E-1,8.114391661E-1,1.105848425E0
1.175135129E1,8.889353118E-1,1.018193496E0,9.928642344E-1,1.677111616E0
1.176132229E1,8.369521759E-1,-1.223421702E-1,8.924429834E-2,8.505416487E-1
1.177129329E1,5.198836181E-1,-6.982540280E-1,-1.575837482E0,1.800305928E0
1.178126429E1,7.820659706E-1,-4.012911943E-1,-1.275226863E0,1.548827091E0
1.179123529E1,6.247067993E-1,-7.397525945E-1,-4.940827060E-1,1.087018954E0
1.180120629E1,5.938541121E-1,-1.235414049E0,3.412534457E-1,1.412573712E0
1.181117629E1,4.714946926E-1,1.150936693E-2,2.446270376E-1,5.313022664E-1
1.182114729E1,3.700470360E-1,1.519135863E-2,1.208151698E0,1.263643981E0
1.183111829E1,9.370013248E-1,1.050373647E0,5.985747886E-1,1.529558125E0
1.184108929E1,1.038456583E0,1.155736672E0,-4.702406842E-1,1.623343966E0
1.185106029E1,6.270494863E-1,1.872924569E-1,-3.041195333E-2,6.551293075E-1
1.186103129E1,8.959681235E-2,9.596049795E-1,-5.157717830E-1,1.093110167E0
1.187100229E1,-5.501343345E-1,1.082599699E0,1.087465167E-2,1.214408561E0
1.188097329E1,-9.676253128E-1,8.867741078E-1,8.203550005E-1,1.547788549E0
1.189094429E1,-7.628895883E-1,9.464466977E-1,-5.939484715E-2,1.217082423E0
1.190091529E1,-1.689164708E0,-1.011582926E-1,6.855456895E-1,1.825782929E0
1.191088629E1,-9.273116114E-1,-3.959062010E-2,8.977984482E-1,1.291323467E0
1.192085729E1,-1.262871696E0,8.813829750E-2,1.078821228E0,1.663270430E0
1.193082829E1,-1.121442899E0,3.508294308E-1,3.455751228E-1,1.224801057E0
1.194079829E1,-1.239807062E-2,1.052241540E-1,4.617429256E-2,1.155763818E-1
1.195076929E1,2.297473356E-1,-1.924271894E-1,-1.589234038E0,1.617243608E0
1.196074029E1,-1.087911748E-1,-1.165153905E0,-1.762803372E0,2.115867404E0
1.197071129E1,4.263994306E-2,-1.157416577E0,-9.742297429E-1,1.513457925E0
1.198068229E1,-5.416383301E-1,-1.902346297E0,2.877297878E-1,1.998770108E0
1.199065329E1,-4.540766412E-1,-1.840697055E0,4.481920034E-1,1.948134317E0
1.200062429E1,-7.971670628E-1,-6.588309306E-1,1.120991932E0,1.525174230E0
1.201059529E1,-3.116622222E-1,-4.077202079E-1,1.778862165E0,1.851410195E0
1.202056629E1,-6.617199668E-1,2.163835242E-1,4.842985600E-1,8.480803259E-1
1.203053729E1,-8.373337799E-1,-5.327991673E-1,-2.760558218E-1,1.030150294E0
1.204050829E1,-1.039988480E0,-5.350216940E-1,-1.269385495E0,1.726025430E0
1.205047929E1,-3.689211546E-1,-9.347969976E-1,-1.960617017E0,2.203172106E0
1.206044929E1,-3.027843947E-1,-6.973640817E-1,-2.230541448E0,2.356546245E0
1.207042029E1,5.955250271E-2,-7.602283743E-1,-4.685987860E-1,8.950298900E-1
1.208039129E1,5.145549774E-4,-9.826222515E-1,2.278940021E0,2.481756309E0
1.209036229E1,-3.188111743E-1,-1.459310076E-1,2.221951888E0,2.249445847E0
1.210033329E1,-7.678117745E-2,3.710327303E-1,1.274950290E0,1.330059727E0
1.211030429E1,-2.525887527E-2,2.611091691E-1,7.315164989E-1,7.771308752E-1
1.212027529E1,4.717646147E-1,3.737747821E-1,-5.901764327E-1,8.429576865E-1
1.213024629E1,9.571036868E-2,-8.428422225E-1,-1.303243212E0,1.554987574E0
1.214021729E1,-3.138622371E-1,-1.341158897E0,-1.515926911E0,2.048231210E0
1.215018829E1,-4.351163135E-1,-1.194394954E0,-1.064218392E0,1.657849902E0
1.216015929E1,-2.595750790E-1,-1.412653680E0,1.325586593E0,1.954520262E0
1.217013029E1,-7.942857742E-2,-5.345331591E-1,2.686177542E0,2.739997150E0
1.218010029E1,2.013572033E-1,1.560364288E0,2.281014029E0,2.770975719E0
1.219007129E1,1.239492774E-2,1.779234340E0,1.277997859E0,2.190686422E0
1.220004229E1,-1.071429178E-2,1.058402166E0,5.727517301E-1,1.203484311E0
1.221001329E1,-9.381652862E-2,1.093721688E-3,-2.385377473E-1,2.563259529E-1
1.221998429E1,2.048053063E-2,-4.108370662E-1,-5.316136444E-1,6.721752851E-1
1.222995529E1,-6.480906918E-1,5.272864124E-1,-5.119576442E-1,9.798740404E-1
1.223992629E1,-1.128869301E-1,5.916092929E-1,-1.488164915E0,1.605422010E0
1.224989729E1,-2.992787696E-2,-2.922964633E-2,-1.042132289E0,1.042971600E0
1.225986829E1,1.218033493E-2,4.507998616E-2,-1.364827842E0,1.365626451E0
1.226983929E1,7.098556347E-2,4.299729565E-1,-8.887311709E-1,9.898276555E-1
1.227981029E1,7.243365566E-1,1.758351595E0,-9.644151914E-1,2.132266503E0
1.228978129E1,7.464505070E-1,8.456445006E-1,-1.295285152E0,1.717575793E0
1.229975229E1,7.575540771E-1,-1.948435512E-1,-2.650028300E-1,8.258805538E-1
1.230972229E1,6.636359531E-1,-1.091928347E0,5.254688054E-1,1.381606912E0
1.231969329E1,7.218373105E-1,-1.116452446E0,3.500880039E-1,1.374800632E0
1.232966429E1,8.351018976E-1,-2.029627025E-1,1.011982875E0,1.327666516E0
1.233963529E1,7.000003720E-1,-1.360430735E-1,1.308265386E0,1.489988778E0
1.234960629E1,4.356261908E-1,-7.872194141E-2,6.430528039E-1,7.806947103E-1
1.235957729E1,4.573034272E-1,4.340136749E-1,3.944122374E-2,6.317039691E-1
1.236954829E1,2.192565536E-1,2.433643314E-1,-2.241822481E-1,3.969348996E-1
1.237951929E1,6.476001835E-1,4.401313242E-1,-7.409895730E-1,1.078038556E0
1.238949029E1,5.228718377E-1,-2.904943514E-1,-7.071102208E-1,9.261677986E-1
1.239946129E1,5.545883048E-1,-1.463720046E0,6.141096711E-2,1.566466044E0
1.240943229E1,1.979769279E-1,-8.864399394E-1,1.206690479E0,1.510321999E0
1.241940329E1,4.902193044E-1,5.264862210E-1,1.197833117E0,1.397249757E0
1.242937329E1,7.355370444E-1,7.143300703E-1,4.899019468E-1,1.136347707E0
1.243934429E1,9.089329355E-1,-2.785160378E-1,-1.260484278E-2,9.507308487E-1
1.244931529E1,2.518973925E-1,-1.403874086E0,-7.226246381E-1,1.598906224E0
1.245928658E1,2.841559696E-1,-1.455267311E0,-2.454333687E-1,1.502925514E0
1.246925758E1,-1.560581658E-1,-6.969179392E-1,1.165046024E-1,7.236173626E-1
1.247922858E1,9.214539438E-2,-7.986337638E-1,1.213612998E-1,8.130407293E-1
1.248919958E1,6.780766024E-1,-1.017553810E0,9.120370030E-2,1.226181777E0
1.249917058E1,3.972552998E-1,-1.207416411E0,6.308777314E-1,1.419039420E0
1.250914158E1,-7.155098923E-2,-5.019422409E-1,9.634322745E-1,1.088699823E0
1.251911258E1,-2.360153315E-1,-4.368513286E-2,1.636248575E0,1.653759665E0
1.252908358E1,-3.217880648E-1,-3.009541431E-1,1.035983942E0,1.125781365E0
1.253905458E1,-3.329126119E-1,-9.264837188E-1,-3.685616970E-2,9.851706784E-1
1.254902458E1,-2.810271245E-1,-5.485439649E-1,-1.670534894E0,1.780607637E0
1.255899558E1,-1.191520024E-1,-9.305153739E-1,-1.652170544E0,1.899927253E0
1.256896658E1,-4.987688839E-1,-1.315785782E0,-1.625084487E0,2.149642345E0
1.257893758E1,-5.740055924E-1,-1.216696527E0,-9.847196478E-1,1.667184946E0
1.258890858E1,-8.970223765E-1,-5.275983614E-1,6.683759254E-1,1.236824787E0
1.259887958E1,-1.119057235E0,1.048866235E0,1.815991985E0,2.377022583E0
1.260885058E1,-1.022547771E0,8.083094439E-1,6.943878490E-1,1.476869184E0
1.261882158E1,-1.141499652E0,5.357587355E-1,3.359967989E-1,1.304972309E0
1.262879258E1,-6.159281552E-2,2.825745901E-1,-2.392142701E-1,3.753205842E-1
1.263876358E1,-7.219410986E-3,-5.354909331E-2,7.402867377E-2,9.165080375E-2
1.264873458E1,-5.021593919E-1,8.316766718E-1,2.308422267E-2,9.717937140E-1
1.265870558E1,-2.400146078E-1,1.621848053E0,5.979964989E-1,1.745164156E0
1.266867658E1,-3.522238456E-1,1.967825172E0,-2.497287333E-1,2.014636936E0
1.267864758E1,-1.178103588E-1,2.077024848E0,-1.100589243E0,2.353552247E0
1.268861758E1,9.315401716E-1,9.980442828E-1,-1.200775436E0,1.818164219E0
1.269858858E1,6.407205688E-1,1.114923984E0,-1.083468010E0,1.681511602E0
1.270855958E1,6.162778187E-1,1.386994344E0,-1.050111399E0,1.845612530E0
1.271853058E1,1.290644217E-1,8.827222797E-1,-9.016991258E-2,8.966531443E-1
1.272850158E1,-3.784709734E-1,-6.709066004E-2,4.627831453E-1,6.015892901E-1
1.273847258E1,-3.541681179E-1,-4.370328847E-1,3.893415320E-1,6.841195996E-1
1.274844358E1,-1.924805452E-1,-6.197633439E-1,-1.133038366E-1,6.587815436E-1
1.275841458E1,-1.556499571E-1,-7.607657334E-1,-2.516501284E-1,8.162837726E-1
1.276838558E1,6.769285016E-2,-4.762899211E-1,4.819310224E-1,6.809492795E-1
1.277835658E1,8.648455873E-2,-5.506773216E-1,1.358844386E0,1.468735223E0
1.278832758E1,-2.254908550E-1,-8.141826797E-1,1.137391033E0,1.416826709E0
1.279829858E1,-2.555795304E-1,-4.211047769E-1,1.142958752E0,1.244590229E0
1.280826958E1,-7.803123906E-2,-1.133486263E0,1.357887197E0,1.770519026E0
1.281823958E1,4.164650112E-2,-9.505488119E-1,6.899708623E-1,1.175303053E0
1.282821058E1,-1.218113892E-2,-1.163931253E0,-4.154587054E-1,1.235916776E0
1.283818158E1,2.434298202E-2,-9.228639999E-1,-1.069850430E0,1.413099602E0
1.284815258E1,-1.286953893E-1,-7.119306654E-1,-7.754910690E-1,1.060563140E0
1.285812358E1,1.707987772E-1,-7.474966469E-1,4.349170697E-1,8.815193231E-1
1.286809458E1,-5.683464378E-1,-1.072269715E0,8.411202174E-1,1.476571446E0
1.287806558E1,-6.337858441E-1,-2.785905898E-1,9.974999070E-1,1.214208910E0
1.288803658E1,-1.277436380E0,1.213957983E-1,1.333704867E0,1.850769925E0
1.289800758E1,-9.266338460E-1,1.799226263E-1,7.135713941E-1,1.183303245E0
1.290797858E1,-7.846309248E-1,-9.554174960E-2,-6.727630913E-2,7.932843222E-1
1.291794958E1,-2.574116092E-1,3.629384297E-1,-7.212207216E-1,8.474339913E-1
1.292792058E1,-3.624240209E-1,6.026824576E-1,-6.470359272E-1,9.556321503E-1
1.293789158E1,-1.336437417E-1,4.122781125E-1,-1.003651763E0,1.093229506E0
1.294786158E1,9.788772561E-2,-3.087171990E-1,-6.363577420E-1,7.140304556E-1
1.295783258E1,8.849527001E-2,-5.835246402E-1,-6.712702972E-1,8.938323279E-1
1.296780358E1,4.428468443E-1,1.462143052E-1,-4.919671834E-2,4.689480436E-1
1.297777458E1,9.006539360E-1,2.204207343E-1,3.575046122E-2,9.279228998E-1
1.298774558E1,4.085429111E-1,-4.896855998E-1,5.827744424E-2,6.403870372E-1
1.299771658E1,6.075823512E-1,-8.883262512E-1,7.201723158E-2,1.078640961E0
1.300768758E1,1.823699784E-1,-1.041407526E0,-2.699314481E-1,1.091169754E0
1.301765858E1,1.264817796E-1,-8.389064616E-1,-5.370381063E-1,1.004077497E0
1.302762958E1,-2.936910242E-1,-1.344856092E0,4.884880900E-2,1.377417341E0
1.303760058E1,-7.604089802E-1,-1.433752481E0,1.142686272E-1,1.626937403E0
1.304757158E1,-8.133590262E-1,-1.282320413E0,2.465051633E-1,1.538396354E0
1.305754258E1,-6.606819398E-1,-2.400890136E-1,2.693052113E-1,7.527739746E-1
1.306751258E1,-8.615838642E-1,4.751678404E-1,1.388766927E0,1.701994362E0
1.307748358E1,-4.944841904E-1,5.184769973E-1,9.813422960E-1,1.215057905E0
1.308745458E1,-1.362717728E-1,6.104384968E-1,-2.111014420E-1,6.601279976E-1
1.309742558E1,-2.844584168E-1,1.179105654E-1,-4.074690700E-1,5.107352889E-1
1.310739658E1,-3.920031115E-1,-2.269547054E-1,2.802751726E-1,5.326622289E-1
1.311736758E1,-6.465916119E-1,7.454966068E-1,4.010476577E-1,1.065216000E0
1.312733858E1,-3.183710251E-1,1.606440932E0,-4.997708774E-1,1.712245166E0
1.313730958E1,3.426844787E-1,1.582997105E0,-9.014295691E-1,1.853614781E0
1.314728058E1,5.252648838E-1,1.218999745E0,-8.058778793E-1,1.552836995E0
1.315725158E1,6.288328870E-1,6.443973711E-1,8.645400703E-2,9.045181408E-1
1.316722258E1,6.911227638E-1,7.326526129E-1,2.833554858E-1,1.046289089E0
1.317719358E1,6.350411683E-1,1.279905805E0,-8.582601607E-1,1.666747329E0
1.318716458E1,3.355980188E-1,2.865694079E-1,-5.492008996E-1,7.045350835E-1
1.319713558E1,4.036526654E-1,-1.137825481E0,-3.401892525E-1,1.254316957E0
1.320710558E1,-2.696159908E-1,-6.748528862E-1,-4.235524213E-1,8.411396163E-1
1.321707658E1,-2.040410022E-1,-1.420133731E-1,1.131190061E0,1.158184563E0
1.322704758E1,5.711560249E-3,-4.856463432E-2,2.390417773E-1,2.439920427E-1
1.323701858E1,1.569244308E-1,-3.528879431E-1,-6.061106801E-2,3.909333433E-1
1.324698958E1,-2.887610905E-2,-9.477146664E-1,-2.973718464E-2,9.486206928E-1
1.325696058E1,5.625416145E-2,-4.448158211E-1,-3.486811638E-2,4.497126092E-1
1.326693158E1,2.348591908E-1,-1.556721765E-1,2.717218655E-1,3.914402103E-1
1.327690258E1,5.206904608E-1,-6.873305520E-1,-2.875719130E-2,8.627681147E-1
1.328687358E1,5.993618238E-1,-9.441882107E-1,1.494437224E-1,1.128299339E0
1.329684458E1,5.114600462E-1,-5.195625329E-1,2.312205416E-1,7.648526285E-1
1.330681558E1,2.173783549E-1,6.740547413E-1,1.535724413E-1,7.246983084E-1
1.331678658E1,7.484248924E-1,-1.264752746E-3,1.178137940E0,1.395761593E0
1.332675758E1,5.351074288E-1,-8.109231493E-1,3.767255795E-1,1.042045333E0
1.333672758E1,4.572736795E-1,-6.712805298E-1,8.447332120E-1,1.171874979E0
1.334669858E1,4.092201649E-1,-1.835721660E-1,4.150172406E-1,6.110639848E-1
1.335666958E1,1.721785008E-1,2.821354643E-1,1.103236277E0,1.151684045E0
1.336664058E1,1.139904459E-1,4.221376875E-1,3.582764447E-1,5.652928973E-1
1.337661158E1,3.005242266E-1,-2.770440012E-2,-1.557973069E0,1.586934916E0
1.338658258E1,-4.344495848E-2,-7.511967650E-1,-2.599341711E0,2.706060121E0
1.339655358E1,3.392148140E-1,-1.261725350E0,-1.411471666E0,1.923348593E0
1.340652458E1,-4.124935824E-1,-1.673823076E0,5.117132306E-2,1.724660299E0
1.341649558E1,-5.482882954E-1,-4.528721148E-1,8.118724447E-1,1.079282203E0
1.342646658E1,-8.876336485E-2,2.380395645E-1,2.319460641E0,2.333332260E0
1.343643758E1,2.201652841E-1,1.062146723E-1,2.354498911E0,2.367154290E0
1.344640858E1,4.930840015E-2,-5.334879693E-1,1.062243787E0,1.189706937E0
1.345637958E1,2.237986708E-1,-3.466475022E-1,-8.524912977E-1,9.470964832E-1
1.346634967E1,-4.116599887E-1,-1.873760721E-1,-1.337549411E0,1.411953316E0
1.347632067E1,-6.186589511E-1,-7.139786527E-1,-1.278855645E0,1.589961061E0
1.348629167E1,-2.257179462E-1,-1.128105362E0,-1.321540319E0,1.752152709E0
1.349626267E1,-5.213962197E-2,-4.813617960E-1,-2.859826398E-1,5.623288976E-1
1.350623367E1,1.471639661E-1,1.562063196E-1,5.975234592E-1,6.348952130E-1
1.351620467E1,2.535259151E-1,6.948413005E-1,8.285124511E-1,1.110636171E0
1.352617567E1,3.140442317E-1,-5.778773993E-2,2.006729913E0,2.031976414E0
1.353614667E1,3.009083156E-1,7.345131969E-1,1.888867003E0,2.048871398E0
1.354611767E1,1.514797959E-1,1.649094616E0,5.289432210E-1,1.738459120E0
1.355608867E1,2.893827226E-1,1.445461238E0,-6.478492749E-1,1.610220244E0
1.356605967E1,1.174030271E-1,7.259669065E-1,-1.830308892E0,1.972521752E0
1.357603067E1,-4.888136338E-1,-7.396821356E-1,-1.503886324E0,1.745778481E0
1.358600167E1,-6.104171544E-1,3.899142668E-1,-1.378377010E0,1.557101608E0
1.359597267E1,-7.060759945E-1,1.050406684E0,-8.024163276E-1,1.498589161E0
1.360594267E1,-7.924254826E-1,3.872716177E-1,9.457777762E-1,1.293218100E0
1.361591367E1,-1.335998729E0,1.345111030E-1,1.164682328E0,1.777490019E0
1.362588467E1,-1.129258433E0,-9.775755197E-2,1.000700673E0,1.512012892E0
1.363585567E1,-6.844831773E-1,-4.123590964E-1,1.060391389E0,1.327775261E0
1.364582667E1,-2.915933356E-1,-2.541884047E-1,9.110956013E-1,9.898149388E-1
1.365579767E1,-2.546585208E-1,-1.071057003E0,3.549844623E-1,1.156731617E0
1.366576867E1,4.055635355E-1,-3.610030013E-1,-1.360567560E0,1.464905811E0
1.367573967E1,2.489042028E-1,2.818767250E-1,-1.470399905E0,1.517723186E0
1.368571067E1,1.174201302E-1,-3.727076653E-1,-1.006874163E0,1.080043551E0
1.369568167E1,-4.651949756E-2,-8.760944608E-1,-1.288736855E0,1.559021568E0
1.370565267E1,8.470576264E-2,-1.812262923E0,9.024668652E-1,2.026306593E0
1.371562367E1,-5.472257102E-1,-5.364642021E-1,1.795308044E0,1.952019670E0
1.372559467E1,-7.527984636E-1,1.017831261E0,1.105430737E0,1.680673412E0
1.373556467E1,-7.773379851E-1,1.682010055E-1,7.359568745E-1,1.083595147E0
1.374553567E1,3.869161069E-2,-9.755941907E-1,-8.867355162E-1,1.318931742E0
1.375550667E1,3.021769421E-1,-9.636842895E-1,-1.285578774E0,1.634842836E0
1.376547767E1,4.365175257E-1,-1.418606730E0,5.184433758E-2,1.485153339E0
1.377544867E1,1.361133132E-1,-7.741181427E-1,8.779459816E-1,1.178378072E0
1.378541967E1,-6.936098769E-2,-3.826537791E-1,9.321906012E-1,1.010056522E0
1.379539067E1,7.973646256E-1,4.431443945E-1,1.383885087E0,1.657499693E0
1.380536167E1,8.887291975E-1,7.576719716E-1,8.773314393E-1,1.460690541E0
1.381533267E1,1.313127930E0,7.873325577E-1,-5.779300243E-1,1.636520892E0
1.382530367E1,1.048264702E0,-2.924955609E-1,-1.662635306E0,1.987150900E0
1.383527467E1,6.620663412E-1,-1.138630351E0,-2.329630703E0,2.676189479E0
1.384524567E1,6.770743896E-1,-9.720431766E-1,-1.915436751E0,2.252153550E0
1.385521667E1,2.529499644E-1,-1.044243718E0,-2.270462143E-1,1.098170575E0
1.386518667E1,7.844292690E-1,-1.261575076E0,2.138815591E0,2.604118485E0
1.387515767E1,5.203059333E-1,-6.227202809E-1,2.439874692E0,2.571281261E0
1.388512867E1,4.996742521E-1,4.781180531E-1,9.399995577E-1,1.166992031E0
1.389509967E1,8.081017216E-1,4.614567044E-1,4.548198223E-1,1.035775918E0
1.390507067E1,5.016232753E-1,2.890688002E-1,3.135721421E-1,6.584179295E-1
1.391504167E1,3.101570027E-1,2.567956781E-1,-2.856423318E-2,4.036797023E-1
1.392501267E1,4.119241367E-1,3.017572582E-2,-1.742162701E0,1.790453279E0
1.393498367E1,-3.836081909E-1,-2.602768180E-1,-6.951438940E-1,8.355383291E-1
1.394495467E1,-1.115984961E-1,-7.270340234E-1,1.346096871E0,1.533952242E0
1.395492567E1,-5.712282380E-1,7.130869523E-1,7.118219072E-1,1.158224991E0
1.396489667E1,-2.411658514E-1,1.801502877E0,1.649897146E-1,1.825046626E0
1.397486767E1,-2.519103295E-1,1.926876243E0,1.041367473E0,2.204712472E0
1.398483867E1,-3.803869598E-1,1.079748889E0,6.715024316E-1,1.327202855E0
1.399480967E1,1.793900181E-1,3.844576451E-1,-8.474170840E-1,9.476835831E-1
1.400477967E1,6.259741833E-1,6.086869633E-1,-1.592923631E0,1.816521178E0
1.401475067E1,4.247721505E-1,4.497385919E-1,-1.114387502E0,1.274580592E0
1.402472167E1,5.961068981E-1,-7.508003238E-1,-9.197956735E-1,1.328558859E0
1.403469267E1,2.494878280E-1,-5.642259049E-1,-1.170040716E0,1.322720804E0
1.404466367E1,2.547067603E-1,-3.646730062E-1,7.242185891E-2,4.506737854E-1
1.405463467E1,-1.104949804E-1,3.643938017E-1,-4.569066936E-1,5.947736629E-1
1.406460567E1,3.611225769E-1,-1.741373911E-1,1.930598581E-1,4.449780392E-1
1.407457667E1,1.332914469E-1,-8.949031994E-1,8.597050077E-1,1.248082948E0
1.408454767E1,4.859419200E-1,-9.491919655E-1,5.394880897E-1,1.195053277E0
1.409451867E1,-1.182059229E-1,-2.938611782E-1,-4.372185338E-1,5.398954329E-1
1.410448967E1,6.023458041E-2,-1.425413767E-1,-4.456917340E-1,4.717916600E-1
1.411446067E1,-1.635635056E-1,-6.027625644E-1,-6.914887995E-1,9.317899384E-1
1.412443167E1,1.833546495E-1,-6.809842765E-2,-7.619980341E-1,7.867002780E-1
1.413440167E1,-1.472344250E-1,5.327924430E-2,3.693493170E-1,4.011677601E-1
1.414437267E1,1.062985799E-1,-2.510209680E-1,1.430297946E0,1.456043656E0
1.415434367E1,1.480770819E-1,1.406886864E-1,1.610080531E0,1.622984734E0
1.416431467E1,8.760145001E-1,-9.299645662E-2,2.408257043E0,2.564322860E0
1.417428567E1,4.524414673E-1,-2.868927589E-1,2.572970184E0,2.628152641E0
1.418425667E1,2.337378410E-1,1.680288050E-1,1.564268181E0,1.590535130E0
1.419422767E1,1.373945113E-1,-2.093507856E-1,1.061315249E0,1.090456355E0
1.420419867E1,1.129206978E-1,-2.944839066E-1,1.860677576E-1,3.661872003E-1
1.421416967E1,-1.752963824E-1,-1.224284166E0,-7.515391195E-1,1.447208205E0
1.422414067E1,4.329494085E-1,-1.547691325E0,-1.305628876E0,2.070618359E0
1.423411167E1,7.003100552E-1,-1.449437052E0,-7.111594176E-1,1.759843646E0
1.424408267E1,9.455104854E-1,-9.979866877E-1,-1.004557496E0,1.702675327E0
1.425405367E1,7.765887375E-1,-8.229804003E-1,-4.473266155E-1,1.216753018E0
1.426402367E1,1.235333211E-1,-2.758920997E-2,5.478589636E-1,5.622909300E-1
1.427399467E1,-4.486616079E-1,5.759065953E-1,2.711511773E-1,7.787737835E-1
1.428396567E1,-6.670467802E-1,-2.862957582E-1,4.690753341E-2,7.274042788E-1
1.429393667E1,-9.208166704E-1,-1.078533253E0,-4.452882761E-1,1.486411439E0
1.430390767E1,-7.524425874E-1,-1.158091346E0,-6.700189930E-1,1.535014939E0
1.431387867E1,-5.795801816E-1,-8.697879463E-2,-8.662743545E-1,1.045901408E0
1.432384967E1,-3.542795804E-1,7.543539691E-1,-3.599721372E-2,8.341820732E-1
1.433382067E1,-1.322909883E-1,5.951676160E-1,-2.308153296E-1,6.519210942E-1
1.434379167E1,8.404809706E-2,6.660651058E-2,1.017064691E-1,1.477995796E-1
1.435376267E1,1.768870443E-2,5.470470777E-1,3.397296613E-1,6.441968940E-1
1.436373367E1,-8.373212814E-3,7.079858413E-1,4.144149774E-1,8.203985835E-1
1.437370467E1,1.155492405E-1,6.091360295E-1,2.562384385E-1,6.708624798E-1
1.438367567E1,2.981136388E-1,5.313484731E-1,4.225016767E-1,7.414247152E-1
1.439364567E1,2.877302264E-1,2.860557300E-1,-5.724453360E-1,7.016482213E-1
1.440361667E1,-2.076594785E-2,1.438634321E0,-5.653251815E-1,1.545863026E0
1.441358767E1,-6.411303855E-2,7.703671539E-1,-3.820383596E-1,8.622814748E-1
1.442355867E1,-5.338471346E-2,1.735170016E-1,-8.091540742E-1,8.292697952E-1
1.443352967E1,1.757863791E-1,4.236056310E-1,-6.034770942E-1,7.579757152E-1
1.444350067E1,-2.438516968E-1,3.687657648E-1,5.888666564E-1,7.363530257E-1
1.445347167E1,-1.306463128E-1,-3.704521018E-1,1.578615494E0,1.626754468E0
1.446344233E1,-7.359293195E-1,-5.175999150E-1,1.500162817E0,1.749282743E0
1.447341333E1,4.815927610E-2,-8.853473872E-2,4.803838491E-2,1.116485659E-1
1.448338433E1,-6.390823983E-2,-2.694981694E-2,1.577596325E-1,1.723329840E-1
1.449335533E1,1.440270811E-1,-9.186583900E-1,-7.870644629E-2,9.332050913E-1
1.450332633E1,-1.599724381E-1,-9.720621800E-1,-8.423329300E-1,1.296156174E0
1.451329733E1,2.474898344E-1,-6.263590032E-1,-4.107125205E-1,7.888355935E-1
1.452326833E1,4.206773454E-1,-3.400828332E-2,2.016295373E-2,4.225311077E-1
1.453323833E1,7.124801575E-1,-6.145040658E-1,4.661944109E-1,1.050038309E0
1.454320933E1,2.157254201E-1,-4.125479615E-1,-1.411769289E-1,4.864814515E-1
1.455318033E1,1.166979991E-2,-7.122671726E-1,3.051112211E-1,7.749539126E-1
1.456315133E1,-1.040972932E0,-2.612416086E-1,1.207137791E0,1.615256472E0
1.457312233E1,-1.200640365E0,1.859651390E-1,1.368060767E0,1.829674993E0
1.458309333E1,-1.664397364E0,4.937868369E-1,1.771595246E0,2.480442247E0
1.459306433E1,-1.144779648E0,2.925820997E-1,1.409071383E0,1.838914596E0
1.460303533E1,-9.785703503E-1,1.201449912E0,-1.215150815E-1,1.554299758E0
1.461300633E1,-4.379644923E-1,9.469130132E-1,-1.299361830E0,1.666372803E0
1.462297733E1,-1.277257747E-1,3.700220391E-1,-2.179071917E0,2.213952258E0
1.463294833E1,3.482133865E-1,-4.269245106E-1,-2.438575441E0,2.500033456E0
1.464291933E1,-2.375745647E-2,-1.163886521E0,-1.416912500E0,1.833804047E0
1.465288933E1,4.735399756E-1,-1.084067935E0,-5.528600872E-1,1.305793886E0
1.466286033E1,4.779124504E-1,-7.536432400E-1,3.110835671E-1,9.450668914E-1
1.467283133E1,9.133411514E-1,-1.239724324E0,1.712433118E0,2.302940651E0
1.468280233E1,6.044957522E-1,-9.321932325E-1,1.895771395E0,2.197350341E0
1.469277333E1,6.628264792E-1,-9.272812790E-1,1.347446993E0,1.764880424E0
1.470274433E1,1.227284519E-1,-7.754901919E-1,1.479343806E0,1.674785182E0
1.471271533E1,6.391277142E-2,-7.576026821E-1,1.376304172E0,1.572342151E0
1.472268633E1,-4.130891944E-1,-9.884232742E-1,-1.492326379E-2,1.071375730E0
1.473265733E1,-5.337185689E-1,-7.094821438E-1,-8.512703991E-1,1.229992567E0
1.474262833E1,-5.891912500E-1,-4.774842149E-1,-1.078120732E0,1.318135735E0
1.475259933E1,-2.098576661E-1,-4.300387377E-1,-4.250756210E-1,6.400490915E-1
1.476257033E1,-3.984930092E-1,3.548567006E-1,-5.601363623E-1,7.736101736E-1
1.477254133E1,-3.455032752E-1,6.134062511E-1,3.756175321E-1,7.979525503E-1
1.478251133E1,6.255548649E-2,1.101962461E0,3.611105901E-1,1.161307588E0
1.479248233E1,5.003518713E-1,6.328613994E-1,3.198175532E-1,8.678414678E-1
1.480245333E1,4.085884463E-1,2.726702839E-2,1.085991084E0,1.160631140E0
1.481242433E1,4.905202898E-1,5.077365392E-1,1.295883322E-1,7.177741176E-1
1.482239533E1,2.448916242E-2,5.533515456E-1,-2.897271967E-1,6.250915938E-1
1.483236633E1,4.778713737E-1,9.645464614E-1,-2.267901063E-2,1.076673239E0
1.484233733E1,6.753127697E-1,1.111409515E0,-3.059707618E-1,1.336000207E0
1.485230833E1,3.016963010E-1,9.045695239E-1,-7.744344771E-1,1.228419896E0
1.486227933E1,5.285809129E-1,2.391309473E-1,-8.813473070E-1,1.055156134E0
1.487225033E1,4.378439666E-1,2.486686331E-1,-9.705150068E-1,1.093363072E0
1.488222133E1,2.317197476E-1,-6.903316355E-1,-7.610092700E-1,1.053274379E0
1.489219233E1,9.887524724E-1,-7.364638281E-1,-3.619900113E-1,1.284930811E0
1.490216333E1,3.996623792E-1,-1.009329117E0,6.186903799E-1,1.249501128E0
1.491213333E1,-3.708655000E-2,-1.149509680E0,1.344315224E0,1.769161196E0
1.492210433E1,-3.656979501E-1,-6.913671774E-1,8.937550986E-1,1.187653881E0
1.493207533E1,-4.089581365E-1,-1.895287246E-1,2.600461453E-1,5.203766833E-1
1.494204633E1,-3.664495365E-1,-5.970355090E-1,2.334185100E-1,7.383907249E-1
1.495201733E1,-2.940348405E-1,-4.634517744E-1,3.424889624E-2,5.499245598E-1
1.496198833E1,-2.003251697E-1,1.577108082E-1,-5.751040649E-1,6.290846987E-1
1.497195933E1,1.880218971E-1,3.428465196E-1,-8.626701307E-1,9.471513735E-1
1.498193033E1,6.103294462E-2,-1.358574244E-1,-2.380173451E-1,2.807748505E-1
1.499190133E1,4.855474522E-1,3.338643193E-2,3.469819629E-1,5.977185498E-1
1.500187233E1,1.065475982E-1,-1.807035220E-1,8.492320597E-1,8.747578206E-1
1.501184333E1,4.342788461E-1,2.684529796E-1,7.592901886E-1,9.149790756E-1
1.502181433E1,1.851289140E-1,1.703881565E-1,9.077153260E-1,9.419405245E-1
1.503178433E1,-6.001428656E-2,1.764754003E-1,2.420981169E-2,1.879664771E-1
1.504175533E1,-1.130406388E-1,4.546180934E-2,-6.847405279E-1,6.954959041E-1
1.505172633E1,-1.210562213E-1,-8.575774983E-1,-8.924394751E-1,1.243600414E0
1.506169733E1,-3.293950000E-1,-1.268970635E0,-3.996700537E-1,1.370592459E0
1.507166833E1,-2.872736319E-1,-1.716881972E0,1.007888655E0,2.011479402E0
1.508163933E1,-6.702427952E-1,-1.090265106E0,7.859593391E-1,1.501877322E0
1.509161033E1,-8.087764172E-1,-1.316658479E-1,1.125785480E0,1.392425271E0
1.510158133E1,2.550500650E-1,1.211578166E-1,1.404900565E0,1.432995237E0
1.511155233E1,4.749634071E-1,-4.792798948E-1,9.361725551E-1,1.154001087E0
1.512152333E1,5.054706701E-1,3.622180527E-1,1.303782910E-1,6.353747043E-1
1.513149433E1,5.300642784E-1,3.418931311E-1,-4.398164517E-1,7.689587528E-1
1.514146533E1,8.959160102E-1,3.469495109E-1,-5.342209178E-1,1.099286791E0
1.515143633E1,8.624497638E-1,4.699313664E-1,-1.199836373E0,1.550568414E0
1.516140633E1,8.589119060E-1,1.610615551E-3,-9.391283226E-1,1.272672095E0
1.517137733E1,8.229073832E-1,2.555335566E-1,-2.150044584E-1,8.880883273E-1
1.518134833E1,4.774521283E-1,2.144241223E-1,-7.758518422E-1,9.358869163E-1
1.519131933E1,7.302242643E-1,-9.327800006E-2,-1.037166249E0,1.271865594E0
1.520129033E1,1.245490117E0,5.861974025E-1,-1.069109588E0,1.742948174E0
1.521126133E1,8.192900033E-1,2.160408774E-1,-6.143371278E-1,1.046575309E0
1.522123233E1,4.085770442E-1,3.619213066E-1,-7.597287297E-2,5.510844859E-1
1.523120333E1,-3.207268683E-1,2.467147860E-1,7.860909015E-1,8.841226245E-1
1.524117433E1,-4.825508273E-1,4.562333867E-1,1.652079912E0,1.780553914E0
1.525114533E1,-1.031478077E-1,5.827490070E-1,1.611697286E0,1.716917010E0
1.526111633E1,3.744733782E-1,1.214752620E0,1.333759831E0,1.842490034E0
1.527108733E1,8.921309613E-1,1.530280071E0,-7.878772259E-2,1.773093977E0
1.528105733E1,1.106381787E0,1.354142640E0,-1.096469294E0,2.063983493E0
1.529102833E1,1.362426682E0,1.129642888E0,-1.530955424E0,2.340111970E0
1.530099933E1,1.024736311E0,1.052099160E0,-1.891620457E0,2.394833001E0
1.531097033E1,9.851213515E-1,2.422229549E-1,-3.846374470E-1,1.084934101E0
1.532094133E1,5.633719191E-1,-6.195247775E-1,1.630777920E0,1.833203615E0
1.533091233E1,-1.175397058E-1,-9.094180351E-1,2.514193972E0,2.676196569E0
1.534088333E1,-7.301366291E-1,-9.100059727E-1,1.384446419E0,1.810497792E0
1.535085433E1,-2.423177529E-1,-8.727703187E-1,1.087172806E-1,9.122857939E-1
1.536082533E1,7.190449727E-1,-1.451338859E0,-1.027394966E0,1.918059064E0
1.537079633E1,1.012044491E0,-2.467080032E0,-1.278830502E0,2.957384890E0
1.538076733E1,3.144532444E-1,-2.552492943E0,-6.599547654E-1,2.655116072E0
1.539073833E1,-2.882153260E-1,-1.593236457E0,5.384858769E-1,1.706293504E0
1.540070833E1,-8.892205828E-1,-1.522340137E0,2.017753669E0,2.679470583E0
1.541067933E1,-1.507082851E0,-1.710471084E0,1.896535626E0,2.965443884E0
1.542065033E1,-1.650476313E0,-6.848969409E-1,8.479076654E-1,1.977903761E0
1.543062133E1,-6.320666897E-1,-2.384275272E-1,-1.114081693E-1,6.846661713E-1
1.544059233E1,-2.064097092E-1,-6.807074109E-1,8.200363272E-1,1.085553833E0
1.545056333E1,-4.728272000E-1,-9.615754911E-1,1.092654571E0,1.530387859E0
1.546053421E1,-7.965863612E-1,-2.737730688E-1,1.735582244E-1,8.600139425E-1
1.547050521E1,-5.957324570E-1,-2.202836171E-1,-3.802081811E-1,7.402569104E-1
1.548047621E1,-1.867991712E-1,-1.302516988E-1,-3.201982069E-1,3.929202554E-1
1.549044721E1,-4.436999530E-1,-2.842632660E-1,-7.776352429E-1,9.393571333E-1
1.550041821E1,-2.773053718E-1,8.957720956E-1,-1.439489769E0,1.717974596E0
1.551038921E1,5.014034931E-1,2.098387942E0,-2.377467359E0,3.210449885E0
1.552036021E1,6.222853211E-1,1.115711604E0,-1.349212267E0,1.858070275E0
1.553033021E1,4.740866172E-1,1.391043833E-1,7.571337354E-1,9.040794453E-1
1.554030121E1,-9.986828718E-1,2.561726573E-1,6.584204561E-1,1.223319012E0
1.555027221E1,-1.967338976E0,6.943612441E-1,-3.449974179E-2,2.086564261E0
1.556024321E1,-1.706204079E0,-3.974410951E-2,-3.077506542E-2,1.706944363E0
1.557021421E1,-1.553995208E0,-4.753862339E-1,1.095031464E-1,1.628767668E0
1.558018521E1,-1.788790153E0,1.615845886E-1,6.366062486E-1,1.905556954E0
1.559015621E1,-1.174253123E0,1.119220811E0,-3.055234498E-1,1.650718086E0
1.560012721E1,-9.386571832E-2,1.127275350E0,-1.989834384E0,2.288886490E0
1.561009821E1,1.299709740E0,-4.788846231E-1,-2.727587523E0,3.059135431E0
1.562006921E1,1.505653791E0,-1.103252942E0,-2.375976319E0,3.021493648E0
1.563004021E1,4.434219910E-1,-1.064945201E0,-4.598525208E-1,1.241851716E0
1.564001121E1,-7.026914068E-1,-4.160852346E-1,2.307072730E0,2.447342787E0
1.564998121E1,-1.627838379E0,-5.082192269E-1,3.472557880E0,3.868695233E0
1.565995221E1,-1.965044528E0,1.584887803E-1,2.696800763E0,3.340546819E0
1.566992321E1,-1.860969060E0,5.442374906E-1,1.532275726E0,2.471288973E0
1.567989421E1,-8.317235226E-1,9.214606681E-1,3.022835076E-1,1.277587218E0
1.568986521E1,2.830294304E-1,7.466666347E-1,-9.819971842E-1,1.265675785E0
1.569983621E1,6.151251132E-1,5.551162353E-1,-1.145437387E0,1.413704264E0
1.570980721E1,3.951727409E-1,1.581308430E0,-5.447576004E-1,1.718562972E0
1.571977821E1,4.484717195E-1,9.711760345E-1,-4.724924469E-1,1.169426734E0
1.572974921E1,4.772952767E-1,6.043135384E-1,-1.109469409E0,1.350528787E0
1.573972021E1,3.762634302E-1,4.877332145E-1,-9.351030993E-1,1.119765897E0
1.574969121E1,-1.087947562E-3,4.162165046E-2,-6.949538594E-1,6.961999800E-1
1.575966221E1,-3.066251383E-1,-7.951920927E-3,-2.784830010E-1,4.142885351E-1
1.576963221E1,-1.028093563E0,-2.608559847E-1,6.734097934E-1,1.256384881E0
1.577960321E1,-1.248840718E0,-9.149003845E-1,1.248921994E0,1.989083206E0
1.578957421E1,-1.357274555E0,-1.213384079E0,1.036867456E0,2.095134664E0
1.579954521E1,-1.067280944E0,-2.165044154E0,1.312031577E0,2.747349935E0
1.580951621E1,-3.806049147E-1,-1.754919279E0,1.503271197E0,2.341885153E0
1.581948721E1,3.337778536E-1,-1.004220112E0,5.615402788E-1,1.197995481E0
1.582945821E1,1.345825414E0,-1.424507448E-1,-7.911440653E-1,1.567624697E0
1.583942921E1,2.336775124E0,5.206583011E-1,-1.323863418E0,2.735729774E0
1.584940021E1,2.269195344E0,2.943020582E-1,-2.905820596E-1,2.306577366E0
1.585937121E1,1.325433396E0,-1.429965824E-2,9.669014275E-2,1.329032411E0
1.586934221E1,6.078443065E-1,-3.420884281E-1,3.997367120E-1,8.039207874E-1
1.587931321E1,3.356610225E-1,-1.629192156E-1,7.111138093E-1,8.030528268E-1
1.588928321E1,1.868127660E-1,-3.617222089E-1,6.733273476E-1,7.868365033E-1
1.589925421E1,-4.775157899E-2,-8.405775958E-1,9.193723351E-1,1.246634027E0
1.590922521E1,-1.981627232E-1,-7.008104306E-1,8.537911338E-1,1.122213449E0
1.591919621E1,4.775006602E-1,-5.020039290E-1,3.344613200E-1,7.693368572E-1
1.592916721E1,4.695186261E-1,-6.254368973E-1,-9.789332432E-1,1.252968215E0
1.593913821E1,1.074298041E0,-9.145863891E-1,-5.426315528E-1,1.511632742E0
1.594910921E1,5.924480760E-1,-6.418301511E-1,-7.561385393E-2,8.767314985E-1
1.595908021E1,7.399084228E-1,2.842536181E-2,-1.877517557E-1,7.638869008E-1
1.596905121E1,7.340917589E-1,1.162543416E-2,-6.137266785E-1,9.569149895E-1
1.597902221E1,1.113949107E0,-9.702495432E-1,4.514290220E-1,1.544686036E0
1.598899321E1,-5.438592488E-1,-9.064587593E-1,1.278777877E0,1.659133275E0
1.599896421E1,-1.529155798E0,-2.489022294E-1,1.894355199E0,2.447212985E0
1.600893421E1,-1.611118412E0,4.688446614E-1,8.293275529E-1,1.871710994E0
1.601890521E1,-6.052890732E-1,9.785964435E-1,-1.028721115E0,1.543467847E0
1.602887621E1,1.597517788E-1,2.194343090E-1,-1.611944624E0,1.634636815E0
1.603884721E1,6.752958859E-1,5.311359268E-1,-1.167179673E0,1.449288893E0
1.604881821E1,-9.231810652E-2,7.534470659E-1,-1.218220603E-1,7.687949846E-1
1.605878921E1,-1.037114866E0,9.948338690E-1,5.399406642E-1,1.535199529E0
1.606876021E1,-1.333280067E0,1.216720793E0,3.119226426E-1,1.831758979E0
1.607873121E1,-1.485000987E0,8.975183666E-1,-7.386337298E-1,1.885827918E0
1.608870221E1,-1.259077000E0,1.322406584E0,-2.982233765E0,3.496820312E0
1.609867321E1,-1.042968514E0,1.015269888E0,-3.007905965E0,3.341564687E0
1.610864421E1,-8.171725803E-1,5.533512533E-2,-1.560692024E-1,8.337809053E-1
1.611861521E1,-1.458602855E0,-9.792519164E-1,2.386228243E0,2.963197906E0
1.612858521E1,-2.171839496E0,8.175343037E-2,2.465107182E0,3.286384615E0
1.613855621E1,-2.003727076E0,6.990466180E-1,8.757205313E-1,2.295751471E0
1.614852721E1,-9.497637501E-1,-1.548918656E-1,9.029030675E-1,1.319574409E0
1.615849821E1,-2.731145261E-1,-1.148591959E0,1.135155058E-1,1.186061046E0
1.616846921E1,-4.483038314E-2,-5.341644922E-1,-8.535478896E-1,1.007911438E0
1.617844021E1,2.495624531E-1,-3.752953506E-1,-1.659258538E0,1.719379806E0
1.618841121E1,9.359193707E-1,-4.818734273E-1,-1.573920765E0,1.893508290E0
1.619838221E1,3.378347980E-1,-2.045220380E0,-2.686181635E-1,2.090266603E0
1.620835321E1,-9.095414114E-1,-1.593249613E0,6.172823703E-1,1.935651682E0
1.621832421E1,-1.144305804E0,-1.544665391E0,1.295698550E0,2.318245387E0
1.622829521E1,-1.340003780E0,-9.207002378E-1,7.689252305E-1,1.798484103E0
1.623826621E1,-4.601165226E-1,-1.042305659E0,5.499312168E-1,1.265121593E0
1.624823621E1,-9.938420351E-1,-1.146552158E0,1.404299471E0,2.067452743E0
1.625820721E1,-7.999892946E-1,-9.868635294E-1,4.923975384E-1,1.362474893E0
1.626817821E1,-7.654736191E-1,-9.730196616E-1,4.327085763E-1,1.311470105E0
1.627814921E1,-9.502390556E-2,-1.516350249E0,-2.620195806E-2,1.519550645E0
1.628812021E1,-2.267988771E-4,-1.315288769E0,-2.252645677E-1,1.334439479E0
1.629809121E1,3.182330308E-1,2.925815150E-1,-1.160972854E0,1.238843885E0
1.630806221E1,1.353170248E0,1.920458339E0,-3.528549063E-1,2.375654970E0
1.631803321E1,2.321400893E0,1.506545638E0,-1.260814061E0,3.041090917E0
1.632800421E1,1.905901696E0,9.365719199E-2,-1.728091961E-1,1.916010429E0
1.633797521E1,6.527453678E-1,-9.793223754E-1,6.499449170E-1,1.344461686E0
1.634794621E1,1.237684523E-1,-4.733768383E-1,1.171089706E0,1.269194769E0
1.635791621E1,-9.315055268E-1,-7.612612849E-1,2.063978248E0,2.388980430E0
1.636788721E1,-8.158632425E-1,-1.182763088E-1,1.394304240E0,1.619785921E0
1.637785821E1,1.092641415E-1,4.720357794E-1,-3.969534373E-1,6.263612863E-1
1.638782921E1,5.251483780E-1,1.031507021E0,-2.136810581E0,2.430174276E0
1.639780021E1,1.774980199E0,2.028644693E-1,-1.504902570E0,2.335902490E0
1.640777121E1,1.366986634E0,-5.751789093E-1,-2.678422379E-1,1.507057629E0
1.641774221E1,8.613527530E-1,2.389496836E-1,7.145841318E-1,1.144402026E0
1.642771321E1,-8.009495535E-1,6.239403024E-1,1.133514329E0,1.521734676E0
1.643768421E1,-1.039372622E0,7.038544911E-1,1.005074975E0,1.608067877E0
1.644765521E1,-1.188605626E0,4.340312165E-1,-3.297315073E-1,1.307627354E0
1.645762621E1,-8.890787148E-1,1.520204734E0,-1.222557483E0,2.143858716E0
1.646759733E1,-4.867361911E-1,1.500399629E0,-1.858702971E0,2.437803910E0
1.647756733E1,-2.008141431E-1,9.648841381E-1,-2.106374069E0,2.325540677E0
1.648753833E1,-6.019465124E-1,5.593502042E-1,-1.316905231E0,1.552240846E0
1.649750933E1,-5.449580137E-1,7.422885320E-1,-3.832031250E-2,9.216506647E-1
1.650748033E1,-2.721389182E-1,2.093803141E-1,9.107161170E-1,9.732952032E-1
1.651745133E1,-6.449388233E-1,1.441739193E-1,9.934103644E-1,1.193145572E0
1.652742233E1,-3.510364223E-1,1.364922859E0,3.136844087E-1,1.443827860E0
1.653739333E1,-1.654254784E-1,6.278608605E-1,-4.519511783E-1,7.910971601E-1
1.654736433E1,2.134318498E-1,5.299249685E-1,-4.844540960E-1,7.490456580E-1
1.655733533E1,-6.937407084E-2,8.665895194E-2,-9.210563332E-1,9.277215663E-1
1.656730633E1,-2.852293722E-1,-5.505954605E-1,-4.994095194E-1,7.961915750E-1
1.657727733E1,-7.260212857E-1,-1.218612952E0,-1.803836793E-1,1.429917027E0
1.658724833E1,-5.546896809E-1,-9.928197956E-1,3.883404887E-1,1.201740456E0
1.659721833E1,-4.894408207E-1,-9.511428890E-1,7.260645550E-1,1.292824369E0
1.660718933E1,-4.340308511E-1,-5.879273012E-1,9.050981122E-1,1.163290112E0
1.661716033E1,-4.535634749E-1,-4.751415280E-1,1.094305240E0,1.276316283E0
1.662713133E1,-3.776047815E-1,-1.257117451E0,6.770678115E-1,1.476939565E0
1.663710233E1,-1.153355978E-1,-9.613854566E-1,3.199491155E-1,1.019770431E0
1.664707333E1,-6.385700360E-2,-7.479117993E-1,-2.045648396E-1,7.780080655E-1
1.665704433E1,6.036585040E-1,-6.335238889E-1,-8.549611616E-1,1.223402916E0
1.666701533E1,1.079547160E0,-8.395148644E-1,-1.669820364E0,2.158357553E0
1.667698633E1,8.953105310E-1,-1.333154936E0,-1.432156776E0,2.151733269E0
1.668695733E1,9.497726671E-1,-2.500300696E0,1.560463983E0,3.096549617E0
1.669692833E1,-3.327747638E-1,-2.322973356E0,2.599638165E0,3.502151174E0
1.670689933E1,-1.342980743E0,-1.253848566E0,2.833123918E0,3.376732835E0
1.671686933E1,-1.175320240E0,-2.731491709E-1,1.954379207E0,2.296864432E0
1.672684033E1,-1.836036678E-1,-5.850028163E-1,3.294508410E-1,6.960434315E-1
1.673681133E1,2.312177642E-1,-9.089534739E-1,-5.633862448E-1,1.094103347E0
1.674678233E1,7.019658405E-1,-6.814675489E-1,-1.522199804E0,1.809487857E0
1.675675333E1,1.610432972E0,-3.623920074E-1,-1.246011250E0,2.068179480E0
1.676672433E1,1.542912980E0,5.157118490E-1,-1.562259078E-1,1.634302821E0
1.677669533E1,7.697210366E-1,3.101331022E-1,1.583687954E0,1.787937513E0
1.678666633E1,-2.365925248E-1,4.934956455E-1,1.692911603E0,1.779174998E0
1.679663733E1,-6.091814916E-1,7.917258632E-1,4.213760877E-1,1.084200046E0
1.680660833E1,1.301460835E-1,1.193101842E0,-5.277223223E-1,1.311076221E0
1.681657933E1,8.182706143E-1,1.775882716E0,-1.379397349E0,2.392919402E0
1.682655033E1,8.686337791E-1,7.290314323E-1,-1.346232526E0,1.760214046E0
1.683652033E1,-3.195971131E-2,2.087444293E-1,-5.780569088E-1,6.154229845E-1
1.684649133E1,-4.807156055E-1,6.084182838E-1,1.551786715E-1,7.907848769E-1
1.685646233E1,4.037239283E-2,8.907841283E-1,2.847582328E-1,9.360627888E-1
1.686643333E1,-5.913143009E-3,6.945141488E-1,-3.690265507E-1,7.864893281E-1
1.687640433E1,-1.353094672E-1,8.011974755E-1,-4.576545525E-1,9.325629931E-1
1.688637533E1,-7.417017639E-2,1.322654799E0,-9.953130484E-2,1.328466564E0
1.689634633E1,1.098786107E-1,1.796031345E0,2.875339061E-1,1.822217782E0
1.690631733E1,2.679721192E-1,1.186797959E0,-6.505354857E-1,1.379672015E0
1.691628833E1,1.995604270E-1,9.990157977E-1,-1.069603677E0,1.477128618E0
1.692625933E1,-7.638247043E-2,1.208098196E0,-9.180608046E-1,1.519266657E0
1.693623033E1,-7.964960217E-2,1.283707957E0,-2.569775265E-1,1.311597357E0
1.694620133E1,3.033805183E-1,9.520351741E-1,-1.128575771E0,1.507346670E0
1.695617133E1,2.723915910E-1,8.730366594E-1,-8.838428986E-1,1.271836647E0
1.696614233E1,2.730409243E-1,7.054393789E-1,-6.825016290E-1,1.018825077E0
1.697611333E1,3.702007446E-1,-2.222614378E-1,-2.550537926E-1,5.014989284E-1
1.698608433E1,3.639654201E-1,-2.473401457E-1,4.226922959E-1,6.101776395E-1
1.699605533E1,-4.852994572E-1,-1.217958356E0,3.213974708E-1,1.349901646E0
1.700602633E1,-3.292361750E-1,-1.241179696E0,7.396873981E-1,1.481911247E0
1.701599733E1,-6.608770906E-1,-1.173813047E0,5.531758368E-1,1.456227697E0
1.702596833E1,-3.351485872E-1,-1.234175608E0,1.142259425E-1,1.283963229E0
1.703593933E1,8.237235814E-2,-2.256272705E0,-2.543860406E-1,2.272061615E0
1.704591033E1,7.897875843E-1,-2.402977592E0,3.816232073E-1,2.558066068E0
1.705588133E1,5.127650716E-1,-2.434824452E0,1.780457286E0,3.059628454E0
1.706585233E1,2.956233097E-1,-1.358405552E0,2.341762506E0,2.723327087E0
1.707582233E1,3.804354186E-1,-6.578246248E-1,1.357069171E0,1.555345968E0
1.708579333E1,1.566812305E0,-3.702258146E-1,4.238079447E-1,1.664806633E0
1.709576433E1,1.801146927E0,-8.293743306E-1,-4.385926294E-1,2.030850937E0
1.710573533E1,1.230669326E0,-1.062013699E0,-2.134584546E-1,1.639507425E0
1.711570633E1,9.557030594E-1,-3.803675178E-1,1.367728060E-1,1.037667860E0
1.712567733E1,8.352863042E-1,-4.857896000E-2,1.190504801E-1,8.451249270E-1
1.713564833E1,4.762988381E-2,-3.430938569E-1,6.281593609E-1,7.173326865E-1
1.714561933E1,-2.713356569E-1,-1.713731200E-1,1.398527684E0,1.434876813E0
1.715559033E1,-1.950699846E-1,1.890781966E-1,1.316859623E0,1.344589949E0
1.716556133E1,3.562062380E-1,1.180295270E0,-8.699136615E-2,1.235939848E0
1.717553233E1,1.268858076E0,8.778138345E-1,-1.567325106E0,2.199333065E0
1.718550333E1,1.963671894E0,6.030923474E-1,-2.286478837E0,3.073713252E0
1.719547333E1,1.474548212E0,3.558621293E-1,-1.592814288E0,2.199542598E0
1.720544433E1,1.070685266E0,1.600087640E-1,1.604651392E-1,1.094403401E0
1.721541533E1,5.514617255E-1,4.050673261E-1,8.720683604E-1,1.108464162E0
1.722538633E1,-1.817411835E-1,4.763270509E-1,6.326810127E-1,8.125285110E-1
1.723535733E1,-7.038525177E-1,1.387553045E-1,1.062807459E-1,7.252289281E-1
1.724532833E1,-1.057633696E0,8.203675720E-1,-1.205779483E0,1.801526061E0
1.725529933E1,-1.568009230E0,1.220207780E0,-1.688641967E0,2.607502955E0
1.726527033E1,-2.135392339E0,3.898785987E-1,-1.182791154E0,2.472023600E0
1.727524133E1,-2.671692819E0,1.653773850E-1,9.165744424E-2,2.678375120E0
1.728521233E1,-3.242438369E0,3.989414907E-1,2.932612538E-1,3.280024856E0
1.729518333E1,-3.133423465E0,7.632516772E-1,-6.621194047E-1,3.292308892E0
1.730515433E1,-2.487619254E0,6.378055125E-2,-6.804065716E-1,2.579781118E0
1.731512533E1,-2.295461914E0,-3.793857703E-1,-1.444542933E-1,2.331082582E0
1.732509533E1,-1.751751550E0,-3.487229714E-1,2.698337996E-1,1.806391841E0
1.733506633E1,-1.711192485E0,1.940337119E-1,1.693955916E-1,1.730469204E0
1.734503733E1,-8.177857339E-1,3.934056392E-1,-1.560329497E-2,9.076260058E-1
1.735500833E1,-7.791730607E-1,-1.386681810E-1,-1.129686742E0,1.379322898E0
1.736497933E1,-3.730073351E-1,-1.342904584E0,-9.013365984E-1,1.659799643E0
1.737495033E1,-5.709637246E-1,-1.097709781E0,3.158665895E-2,1.237725356E0
1.738492133E1,-8.228252298E-1,-2.274415154E0,1.706774767E0,2.960250961E0
1.739489233E1,-8.853508224E-1,-2.120624611E0,2.158593214E0,3.152843079E0
1.740486333E1,-6.626794218E-1,-1.592893810E0,2.407056025E0,2.961481625E0
1.741483433E1,-7.270117309E-1,-7.896161878E-1,1.650560220E0,1.968854698E0
1.742480533E1,4.869859403E-1,-3.895470616E-1,8.203000367E-1,1.030434068E0
1.743477633E1,1.409272674E0,-3.663201669E-1,-2.448930860E-2,1.456310290E0
1.744474633E1,1.964161891E0,-2.632507119E-1,-1.007206285E0,2.222992886E0
1.745471733E1,2.298389322E0,-1.686325300E-1,-1.276699777E0,2.634576385E0
1.746468842E1,1.670821992E0,1.765622315E-1,-2.658272874E-1,1.701024544E0
1.747465942E1,1.392897108E0,2.715224755E-1,-5.228855056E-1,1.512380924E0
1.748463042E1,1.298719075E0,2.276019922E-1,-7.324859673E-1,1.508313494E0
1.749460142E1,-1.427853517E-1,8.506046936E-1,-1.125460374E-1,8.698175740E-1
1.750457242E1,-9.027522093E-1,1.451109063E0,6.400023115E-1,1.824906031E0
1.751454342E1,-9.693297031E-1,1.569471326E0,9.388476562E-1,2.069849086E0
1.752451442E1,-1.582359613E-1,5.036028501E-1,1.135646224E-1,5.399549737E-1
1.753448542E1,-1.513456023E-1,1.518051204E-1,-5.723301458E-1,6.111563481E-1
1.754445642E1,-1.422417799E-1,4.709619382E-1,-1.019691260E0,1.132169659E0
1.755442742E1,-3.041679190E-1,2.940398106E-1,-7.648485518E-1,8.740542548E-1
1.756439742E1,1.047969418E-1,6.407957786E-1,-9.094285601E-1,1.117435428E0
1.757436842E1,5.947765835E-1,-1.502825055E-1,-1.153167990E0,1.306193106E0
1.758433942E1,5.164575152E-2,-1.018869434E0,-2.705530071E-1,1.055443573E0
1.759431042E1,-8.517229736E-1,-6.156001264E-1,1.236732888E0,1.622930613E0
1.760428142E1,-1.654310186E0,-8.028139383E-1,1.802396039E0,2.574856091E0
1.761425242E1,-1.635027092E0,-3.423015592E-1,1.004521828E0,1.949242944E0
1.762422342E1,-1.870450905E0,-1.018063687E0,6.991334492E-1,2.241389711E0
1.763419442E1,-1.214285500E0,-9.241954109E-1,4.074988908E-1,1.579456166E0
1.764416542E1,-6.359146692E-1,-5.542640036E-1,-6.089664602E-1,1.040401942E0
1.765413642E1,-9.977769189E-2,-3.034403792E-1,-6.532082480E-1,7.271263073E-1
1.766410742E1,1.628945111E-1,2.017765948E-1,-2.808984858E-1,3.822988036E-1
1.767407842E1,6.539832965E-2,2.616675782E-1,-9.205365157E-1,9.592363316E-1
1.768404942E1,-3.558994053E-1,4.860348907E-1,-7.994745934E-1,1.001026437E0
1.769401942E1,-2.525871447E-1,1.157786121E0,-2.338892108E-1,1.207879601E0
1.770399042E1,-2.762758964E-1,2.025215886E0,-7.345506191E-1,2.171955885E0
1.771396142E1,1.506160891E-1,2.170236189E0,-1.489067726E0,2.636272561E0
1.772393242E1,-1.307240076E-1,1.597214318E0,-1.002163646E0,1.890109605E0
1.773390342E1,-9.902890476E-1,2.181724799E-1,-5.418222982E-1,1.149714326E0
1.774387442E1,-1.010983879E0,-1.445779619E-1,1.339893560E0,1.684727260E0
1.775384542E1,-1.191475512E0,7.953391501E-1,4.974296522E-1,1.516447994E0
1.776381642E1,-8.324509893E-1,1.425164967E0,-1.243387020E-1,1.655152545E0
1.777378742E1,9.915180592E-1,1.126365816E0,-1.829786736E-1,1.511717304E0
1.778375842E1,1.027759321E0,7.310957918E-1,1.040418470E-1,1.265549282E0
1.779372942E1,1.417935762E0,5.049982882E-1,1.467417240E-2,1.505250952E0
1.780369942E1,1.103363089E0,1.318769324E-1,3.057158232E-2,1.111636745E0
1.781367042E1,1.443866702E0,-4.347665039E-1,1.013550514E-1,1.511305996E0
1.782364142E1,9.305253142E-1,-9.398320350E-1,3.177868152E-1,1.360202218E0
1.783361242E1,6.557884781E-1,-7.706179994E-1,8.113292384E-1,1.296983331E0
1.784358342E1,3.266854734E-1,-7.966457105E-1,6.860035264E-1,1.100894466E0
1.785355442E1,6.560271907E-1,-3.089180508E-1,2.511677331E-1,7.673899056E-1
1.786352542E1,1.049025352E0,-7.772180441E-1,5.208126676E-1,1.405620117E0
1.787349642E1,1.170064543E0,-1.232064471E0,8.763046682E-1,1.911790723E0
1.788346742E1,1.526803755E0,-6.488321918E-1,4.636923873E-1,1.722534049E0
1.789343842E1,1.659638608E0,-5.462255439E-1,3.448161542E-1,1.780915729E0
1.790340942E1,1.702556001E0,-1.287648980E0,4.810223651E-1,2.188177175E0
1.791338042E1,1.292222088E0,-9.605952054E-1,1.351075190E-1,1.615807883E0
1.792335142E1,1.167667916E0,-5.753154418E-1,3.036038089E-1,1.336641871E0
1.793332142E1,1.254945796E0,7.415444738E-1,1.971464771E-1,1.470933000E0
1.794329242E1,1.020271815E0,-8.460540980E-2,5.275241017E-1,1.151691942E0
1.795326342E1,8.577327418E-1,-1.477766812E-2,2.321999502E-1,8.887297974E-1
1.796323442E1,8.427032049E-1,6.799116048E-1,-2.461496526E-1,1.110413497E0
1.797320542E1,4.395001904E-1,6.058305985E-1,1.611708981E-1,7.656155627E-1
1.798317642E1,7.001453830E-1,-1.817519277E-1,3.159607297E-1,7.893468840E-1
1.799314742E1,4.930035292E-1,-7.410851750E-1,-7.009226972E-1,1.132939691E0
1.800311842E1,6.216392769E-1,-4.080622700E-1,-2.492083311E-1,7.842544224E-1
1.801308942E1,7.726469833E-1,-3.486826256E-1,4.549133778E-1,9.620338432E-1
1.802306042E1,7.606338787E-1,-4.329851496E-1,7.275474089E-1,1.138141147E0
1.803303142E1,1.100219772E0,-5.992068726E-1,7.596456993E-1,1.465125937E0
1.804300242E1,1.545061978E0,-2.347183460E-1,-1.554482281E-1,1.570500993E0
1.805297242E1,1.103574904E0,-6.243539929E-2,-3.323066211E-1,1.154211176E0
1.806294342E1,3.052546240E-2,9.534101468E-1,-2.269889116E-2,9.541687228E-1
1.807291442E1,-3.257967697E-1,8.569679260E-1,-8.138037801E-2,9.204131286E-1
1.808288542E1,-8.055295314E-1,-3.841655767E-1,-7.815710038E-1,1.186302765E0
1.809285642E1,-4.885861040E-1,8.642228588E-1,-3.706070530E-1,1.059691992E0
1.810282742E1,-6.780855925E-1,1.026767268E0,4.933225679E-1,1.325676525E0
1.811279842E1,-1.102523867E0,1.415002799E-1,9.360170192E-1,1.453172071E0
1.812276942E1,-7.599200799E-1,8.328551781E-1,1.137477572E0,1.601555963E0
1.813274042E1,-2.287138402E-2,5.973483351E-1,3.774436176E-1,7.069737040E-1
1.814271142E1,1.716844111E-1,1.234432009E0,-2.231022674E-1,1.266125011E0
1.815268242E1,6.076550759E-2,1.228668701E0,-2.606864154E-1,1.257488223E0
1.816265342E1,-6.080015235E-1,-9.442393738E-1,-3.035435826E-1,1.163354011E0
1.817262342E1,-9.165533193E-1,-8.086117449E-1,-4.466009760E-1,1.301297573E0
1.818259442E1,-1.012733512E0,1.547641039E-1,5.301857543E-1,1.153550184E0
1.819256542E1,-7.384473498E-1,1.814505038E-1,6.429434609E-1,9.957936873E-1
1.820253642E1,-3.228252147E-1,-6.798858771E-1,1.135371405E-1,7.611515009E-1
1.821250742E1,-3.192215757E-1,-1.213978449E0,-1.767648375E-1,1.267632398E0
1.822247842E1,-1.043130116E-1,-6.792669493E-1,7.319895387E-2,6.911171244E-1
1.823244942E1,-4.594576876E-1,-6.689147463E-1,5.250694406E-1,9.665641324E-1
1.824242042E1,3.170945048E-2,-9.750530308E-1,4.086005062E-1,1.057680611E0
1.825239142E1,-6.365264341E-2,-1.234311556E0,6.276249254E-1,1.386178100E0
1.826236242E1,6.117203526E-2,-1.055620354E0,1.485541270E0,1.823433358E0
1.827233342E1,-1.969593662E-1,1.328703743E-1,9.401843297E-1,9.697391929E-1
1.828230442E1,-3.352295711E-1,-2.164767873E-1,8.410974133E-1,9.309596787E-1
1.829227542E1,-2.353027021E-1,-6.140240094E-1,-1.975458419E-1,6.865982853E-1
1.830224542E1,-6.584396057E-2,-1.101719217E0,-2.960679173E-2,1.104082072E0
1.831221642E1,-2.525190977E-1,-4.607722878E-1,-1.688266575E-1,5.518871590E-1
1.832218742E1,-3.975786509E-1,-4.783206591E-1,-2.556104475E-1,6.724553052E-1
1.833215842E1,-5.404273718E-1,-1.168547337E0,1.978399569E-1,1.302576398E0
1.834212942E1,-7.029839869E-1,-1.600946596E0,1.103241540E0,2.067452148E0
1.835210042E1,-8.006727610E-1,-6.955938372E-1,7.603923887E-1,1.305038023E0
1.836207142E1,-7.297127060E-1,2.148977467E-1,-6.516979122E-1,1.001684503E0
1.837204242E1,-5.875219430E-1,-3.676422223E-1,-1.496087893E0,1.648824375E0
1.838201342E1,-5.266715046E-1,-1.496904749E0,-1.250221830E0,2.020188438E0
1.839198442E1,-6.036690290E-1,-1.109711776E0,-1.265190702E0,1.787899336E0
1.840195542E1,-8.556060364E-1,-1.400677121E-1,-6.300515199E-1,1.071748838E0
1.841192642E1,-1.372041551E0,-1.044771722E-1,9.431383431E-2,1.379242037E0
1.842189642E1,-1.619559160E0,-9.433941588E-1,-5.318498719E-1,1.948288659E0
1.843186742E1,-9.622469708E-1,-5.617218348E-1,-4.980348390E-1,1.220446375E0
1.844183842E1,-6.838256579E-1,1.882408753E-1,8.030133283E-1,1.071392815E0
1.845180942E1,-6.919752878E-1,4.691949096E-1,1.736811914E0,1.927560449E0
1.846178042E1,-5.650264984E-1,5.226867002E-1,1.491024204E0,1.677977803E0
1.847175146E1,-8.179805193E-2,7.381618595E-1,-2.070183313E-1,7.709931528E-1
1.848172246E1,1.255123843E-1,9.565670586E-1,-2.336699402E-1,9.926608369E-1
1.849169346E1,3.209014808E-1,1.166631497E0,4.654342729E-1,1.296393409E0
1.850166446E1,-1.229537889E-2,1.188298062E0,-3.562708497E-3,1.188367011E0
1.851163546E1,-5.187136268E-1,1.321000914E0,-3.985894883E-1,1.474103396E0
1.852160646E1,-6.603715257E-1,1.321154403E0,-2.497544611E-1,1.497970894E0
1.853157746E1,-9.093639484E-1,1.638133133E0,-6.261034799E-1,1.975456535E0
1.854154746E1,-9.838246583E-1,1.263511382E0,5.692030549E-2,1.602376950E0
1.855151846E1,-5.800464605E-1,-2.487537101E-1,1.246392488E-2,6.312587853E-1
1.856148946E1,-7.412969904E-1,-1.907335433E-1,-6.611926210E-1,1.011472291E0
1.857146046E1,-2.955519371E-1,4.799479392E-1,-1.483321082E0,1.586802573E0
1.858143146E1,-6.978630685E-1,-5.783176947E-1,1.051066250E-1,9.124207478E-1
1.859140246E1,-6.351994816E-1,-8.486584479E-1,6.447198451E-1,1.240710773E0
1.860137346E1,-7.982371033E-1,-1.373466226E0,3.216167414E-1,1.620811301E0
1.861134446E1,-7.668632830E-1,-9.316456407E-1,-6.980522990E-2,1.208683443E0
1.862131546E1,-1.001473675E0,-6.705934820E-1,-3.585571110E-2,1.205790517E0
1.863128646E1,-9.622944794E-1,-5.584725371E-1,2.779240072E-2,1.112957617E0
1.864125746E1,-9.683616234E-1,-8.628970027E-1,4.247411603E-1,1.364815198E0
1.865122846E1,-1.258351945E0,-5.738817045E-1,3.372141892E-1,1.423553033E0
1.866119946E1,-1.706647005E0,-4.331520876E-1,3.590710813E-1,1.796996598E0
1.867116946E1,-1.425458205E0,-7.082048196E-1,3.606147462E-1,1.632031910E0
1.868114046E1,-1.174074125E0,-5.910988310E-1,-7.368322027E-1,1.506907288E0
1.869111146E1,-5.456404204E-1,-7.740593782E-1,-7.195490026E-1,1.189387303E0
1.870108246E1,-1.040350861E-1,-1.435292345E0,3.193854439E-1,1.474074108E0
1.871105346E1,-2.159960366E-1,-1.574011981E0,1.938186513E0,2.506139454E0
1.872102446E1,-2.679006005E-1,-7.390453738E-1,1.488537383E0,1.683360430E0
1.873099546E1,9.443867236E-2,3.650083441E-1,9.140852827E-1,9.887879743E-1
1.874096646E1,1.016049468E-1,8.428469002E-3,2.032474619E-1,2.273854329E-1
1.875093746E1,-2.429155576E-1,-9.274373996E-1,-7.595743632E-1,1.223152203E0
1.876090846E1,-9.811437830E-2,-1.560285350E0,-1.278624095E0,2.019652540E0
1.877087946E1,-3.826199383E-1,-1.230119980E0,-7.043526739E-1,1.468232226E0
1.878085046E1,2.275144301E-2,-1.111313036E-1,-3.561305165E-1,3.737602702E-1
1.879082046E1,4.168286350E-2,5.002029866E-2,2.647285956E-1,2.726182692E-1
1.880079146E1,5.116493863E-1,-6.944863746E-1,1.489950655E0,1.721641477E0
1.881076246E1,1.239575000E-1,-3.265272331E-1,1.186125237E0,1.236478295E0
1.882073346E1,3.531553801E-1,1.943655413E-1,1.249351764E0,1.312774359E0
1.883070446E1,5.950259672E-1,7.365120676E-1,5.728850466E-1,1.106663094E0
1.884067546E1,2.598076155E-1,4.909237477E-1,5.617063397E-1,7.899494510E-1
1.885064646E1,-1.386930682E-1,2.887220603E-1,-4.621089613E-1,5.622640727E-1
1.886061746E1,-2.570018656E-1,3.055351442E-1,-1.360441845E0,1.417816524E0
1.887058846E1,-1.675455326E-1,1.955045789E-2,-1.113982875E0,1.126681664E0
1.888055946E1,-8.171421748E-2,6.102610338E-1,-7.954137021E-1,1.005872109E0
1.889053046E1,-5.899895411E-2,2.331372589E-1,-3.548745346E-1,4.286837918E-1
1.890050146E1,4.248144697E-2,1.083738737E0,-4.472593725E-2,1.085492852E0
1.891047146E1,3.227127289E-1,6.954511651E-1,8.787868112E-1,1.166216999E0
1.892044246E1,8.188366979E-1,1.942839727E-1,1.641839683E-1,8.574358141E-1
1.893041346E1,8.548320843E-1,-3.140033743E-1,-6.899720317E-1,1.142539897E0
1.894038446E1,5.288804365E-1,-4.444415992E-1,-1.671245331E-1,7.107555563E-1
1.895035546E1,9.026288331E-2,-5.082730213E-1,2.789174491E-1,5.867570159E-1
1.896032646E1,-1.643638433E-1,1.540896276E-1,9.863030738E-1,1.011707883E0
1.897029746E1,-6.266919290E-1,-3.410944015E-2,9.946113825E-4,6.276202810E-1
1.898026846E1,-8.115446352E-1,3.134926200E-2,-6.553302026E-1,1.043573258E0
1.899023946E1,-9.453029092E-1,-5.879325637E-1,-7.189853311E-2,1.115540985E0
1.900021046E1,-1.151044793E0,-5.073491612E-1,-2.912790477E-2,1.258235162E0
1.901018146E1,-1.181917215E0,-9.674715310E-2,3.817576933E-1,1.245803857E0
1.902015246E1,-7.934043796E-1,-3.350375631E-1,-1.175547624E-1,8.692294291E-1
1.903012246E1,-8.261381891E-1,-1.969359773E-1,-6.142032266E-2,8.515048695E-1
1.904009346E1,-6.570975235E-1,-1.147291831E0,1.071710429E0,1.701945635E0
1.905006446E1,-8.483296151E-1,-3.821462408E-1,7.943693894E-1,1.223405743E0
1.906003546E1,-7.587257130E-1,1.194793734E-1,6.842487770E-1,1.028657580E0
1.907000646E1,-5.169027807E-1,3.339023262E-2,-3.353021497E-1,6.170339730E-1
1.907997746E1,2.672384398E-1,1.838829455E-1,-2.139695597E0,2.164145691E0
1.908994846E1,-1.421417926E-1,-8.584265140E-1,-2.041598614E0,2.219284856E0
1.909991946E1,-3.860398286E-1,-2.358983141E0,-2.050957668E-1,2.399144115E0
1.910989046E1,-5.894497700E-1,-1.996361338E0,1.864700460E-1,2.089899687E0
1.911986146E1,-1.929654256E-1,-9.115589932E-1,5.635026044E-1,1.088903411E0
1.912983246E1,1.599127965E-1,-2.638906896E-1,1.399204207E0,1.432823371E0
1.913980346E1,-3.687640107E-1,-6.983420286E-1,1.992417099E0,2.143220563E0
1.914977346E1,-1.956763409E-1,-6.146099004E-1,1.810211427E0,1.921691955E0
1.915974446E1,-6.184599265E-1,-1.461745441E-2,7.328958571E-1,9.590842966E-1
1.916971546E1,-6.885472845E-1,-4.981517833E-1,5.208173454E-1,9.967463416E-1
1.917968646E1,-5.567129637E-1,-2.590591353E-1,-4.037297755E-1,7.348732484E-1
1.918965746E1,-2.695013854E-1,-7.528412944E-1,-1.207379866E0,1.448159919E0
1.919962846E1,-2.839771910E-1,-8.263931277E-1,-1.127278858E0,1.426298100E0
1.920959946E1,-5.153697869E-1,-3.539144218E-1,-2.958790523E-1,6.916688867E-1
1.921957046E1,-1.896857223E-1,-1.788976094E-1,7.450744379E-1,7.893801023E-1
1.922954146E1,2.997862349E-1,3.501622635E-1,1.203377447E0,1.288643735E0
1.923951246E1,3.590936662E-1,5.092565230E-1,2.790115893E-2,6.237539113E-1
1.924948346E1,6.380413746E-1,3.522622910E-1,6.381703788E-1,9.687347159E-1
1.925945446E1,9.115041755E-1,2.173512384E-1,6.369962579E-1,1.133069131E0
1.926942446E1,8.972022515E-1,-1.916512638E-1,1.106965631E-1,9.240972979E-1
1.927939546E1,1.017106717E0,6.119546798E-1,-1.516037423E0,1.925451654E0
1.928936646E1,1.549244199E0,1.492201541E0,-8.277224922E-1,2.304766268E0
1.929933746E1,1.154863025E0,1.150327998E0,2.159294879E-1,1.644259302E0
1.930930846E1,6.845849919E-1,1.349290328E0,-8.087740052E-1,1.715621284E0
1.931927946E1,2.623592307E-1,4.426128826E-1,-3.546125793E-1,6.248908794E-1
1.932925046E1,3.178916996E-1,1.292372653E0,-3.592956144E-1,1.378541094E0
1.933922146E1,3.369429515E-1,1.083267159E0,-6.712018847E-3,1.134479326E0
1.934919246E1,6.751687820E-1,7.315860808E-1,-5.170692801E-2,9.968674356E-1
1.935916346E1,5.893883742E-2,-3.455333152E-1,9.180841935E-1,9.827235851E-1
1.936913446E1,5.399011224E-1,-1.195720518E-1,8.513148379E-1,1.015149078E0
1.937910546E1,7.084303759E-1,1.018663904E-1,-3.478502744E-1,7.957701756E-1
1.938907546E1,7.301841377E-1,-6.413249516E-1,1.574953383E-1,9.845157948E-1
1.939904646E1,7.537911015E-1,-9.509873530E-1,1.790089989E-1,1.226630422E0
1.940901746E1,4.764252841E-1,-9.666385952E-1,2.683427596E-1,1.110576004E0
1.941898846E1,8.322683369E-1,-7.627385840E-1,1.020084193E0,1.521516511E0
1.942895946E1,6.348135654E-1,-3.410353446E-1,2.205862105E-1,7.536256666E-1
1.943893046E1,4.651644970E-1,-9.465537018E-1,-1.119800270E-2,1.054735661E0
1.944890146E1,2.955443723E-1,-2.356223255E0,1.048286483E0,2.595773306E0
1.945887246E1,-4.796791135E-1,-1.009821745E0,1.255890706E0,1.681396286E0
1.946884292E1,-2.416136020E-1,-5.678564411E-1,1.328824196E0,1.465132012E0
1.947881392E1,-4.035317011E-1,-2.682109049E-1,2.316871494E-1,5.370790058E-1
1.948878492E1,-2.685626149E-3,-6.883824661E-1,-7.737620473E-3,6.884311898E-1
1.949875592E1,-1.245867701E-1,-8.519460449E-1,7.471747577E-2,8.642433846E-1
1.950872592E1,-4.923180163E-2,-5.561804286E-1,-8.746142381E-1,1.037646619E0
1.951869692E1,1.488272797E-1,-2.249289376E-1,-8.347736496E-1,8.772625788E-1
1.952866792E1,-3.080565367E-1,-8.867363933E-1,9.217661852E-1,1.315618927E0
1.953863892E1,9.440695122E-2,-9.340552783E-1,1.577627900E0,1.835832706E0
1.954860992E1,2.109949496E-1,4.370755693E-1,5.425912070E-1,7.279829256E-1
1.955858092E1,2.441744632E-1,8.001651496E-1,1.972792089E-1,8.595373880E-1
1.956855192E1,4.326759050E-1,5.672968626E-3,-2.475927454E-1,4.985406593E-1
1.957852292E1,1.418953324E-1,-1.158709689E0,-1.493292339E0,1.895432520E0
1.958849392E1,5.334585140E-1,-1.109913797E0,-2.474087920E0,2.763620390E0
1.959846492E1,2.145113189E-1,-3.774892259E-1,-1.529863164E0,1.590281272E0
1.960843592E1,4.527504927E-1,-4.812913370E-1,3.532782447E-1,7.492862456E-1
1.961840692E1,7.145027094E-2,-1.124039209E0,1.444244140E0,1.831504960E0
1.962837692E1,6.999665312E-2,-6.000474098E-1,1.276138444E0,1.411908550E0
1.963834792E1,2.763218701E-1,-1.072964072E-4,9.683456898E-1,1.006999088E0
1.964831892E1,-1.218592633E-1,3.863869339E-1,1.079391916E0,1.152923003E0
1.965828992E1,-3.720635945E-1,-4.305614787E-1,7.854190564E-1,9.698956642E-1
1.966826092E1,-3.305668551E-1,-5.277576980E-1,-2.658208555E-1,6.770992252E-1
1.967823192E1,-1.358971124E-1,6.385966408E-1,-1.507464235E0,1.642778779E0
1.968820292E1,-5.257392392E-1,6.637808910E-1,-9.384839594E-2,8.519473812E-1
1.969817392E1,-4.768600246E-1,3.286851481E-1,2.925525713E-1,6.488577784E-1
1.970814492E1,-7.883238070E-1,1.027882624E0,3.841211379E-2,1.295944676E0
1.971811592E1,-5.193795881E-1,2.018405341E0,-3.957331234E-1,2.121395763E0
1.972808692E1,4.182999406E-1,1.259574451E0,-1.590085977E-1,1.336707288E0
1.973805792E1,1.136200394E0,7.893460464E-1,-4.496339267E-1,1.454712750E0
1.974802792E1,8.885284918E-1,-7.394929782E-1,-1.096909005E0,1.593594086E0
1.975799892E1,8.687106699E-1,-1.076008425E0,-5.556649965E-1,1.490374432E0
1.976796992E1,7.256809777E-1,1.469267884E-1,-6.567136538E-1,9.896833765E-1
1.977794092E1,4.325569873E-1,-4.008032441E-1,6.887265748E-1,9.066934887E-1
1.978791192E1,-1.561172227E-1,-1.086605334E0,2.026919764E-1,1.116318851E0
1.979788292E1,-1.428043552E-1,-9.492948765E-1,-2.933852148E-1,1.003807118E0
1.980785392E1,-7.181510065E-1,-6.623693731E-1,3.260074157E-1,1.029929556E0
1.981782492E1,-7.701509531E-1,-3.839474756E-1,7.786947584E-1,1.160566104E0
1.982779592E1,-3.310926660E-1,-7.491259736E-1,7.099893898E-1,1.083926663E0
1.983776692E1,-4.413080764E-1,-8.499027354E-1,2.683456832E-1,9.945335005E-1
1.984773792E1,-3.626762552E-1,-3.158461243E-1,9.023657084E-1,1.022524675E0
1.985770792E1,-3.449879162E-2,-2.189381728E-1,1.115888482E0,1.137686774E0
1.986767892E1,-2.397011970E-1,-9.368701279E-3,4.037841547E-1,4.696659238E-1
1.987764992E1,2.090867107E-1,-5.600202951E-1,1.337012637E-1,6.125487829E-1
1.988762092E1,2.023751304E-1,-2.447419354E-1,-1.560814816E-1,3.538583576E-1
1.989759192E1,2.887112430E-1,-1.613094771E-1,2.280946201E-1,4.017487834E-1
1.990756292E1,5.699875320E-1,-2.964655280E-2,-1.922102576E-1,6.022536740E-1
1.991753392E1,2.000580981E-1,-1.553765997E-1,7.385390049E-1,7.807720488E-1
1.992750492E1,7.663895854E-1,-1.252698126E0,1.420010355E0,2.042800773E0
1.993747592E1,2.978342150E-1,1.670499811E-1,6.822414279E-1,7.629313742E-1
1.994744692E1,2.936560871E-1,1.023719699E0,1.685927689E-2,1.065138561E0
1.995741792E1,-5.913990855E-2,-1.050045326E0,-5.909178597E-1,1.206348470E0
1.996738892E1,3.158250743E-1,-9.011968499E-1,-2.094541059E0,2.301956448E0
1.997735892E1,5.348462775E-1,-1.038333645E0,-1.932248665E0,2.257826876E0
1.998732992E1,3.950321884E-1,-1.149294502E0,-7.398101896E-1,1.422760486E0
1.999730092E1,5.927351743E-2,-7.124232933E-1,6.270197386E-1,9.509017043E-1
2.000727192E1,2.541261318E-1,-9.432573339E-1,1.535020409E0,1.819506016E0
2.001724292E1,-7.198185593E-2,-2.893500513E-1,1.548642082E0,1.577085013E0
2.002721392E1,3.662233955E-1,4.036721805E-1,1.063622561E0,1.195141730E0
2.003718492E1,4.231276211E-1,-1.347841680E-1,1.039954786E0,1.130800474E0
2.004715592E1,1.053200337E0,-7.559669235E-1,-1.593734640E-1,1.306184076E0
2.005712692E1,8.092521612E-1,1.885154021E-1,-1.510365039E0,1.723841544E0
2.006709792E1,1.340958776E0,5.221920258E-1,-4.845435584E-1,1.518432551E0
2.007706892E1,1.670339012E0,2.437420616E-1,1.722005010E-2,1.688117039E0
2.008703992E1,1.588195134E0,2.263135582E-2,2.084766269E-1,1.601979546E0
2.009700992E1,1.916771670E0,6.864599016E-1,7.715699261E-1,2.177282936E0
2.010698092E1,1.652631450E0,1.305632092E0,2.241832421E0,3.075984148E0
2.011695192E1,1.277528181E0,1.708512852E0,1.633857064E0,2.687114312E0
2.012692292E1,1.321057924E0,1.942268454E0,-5.087276423E-1,2.403415195E0
2.013689392E1,1.145526849E0,1.021962611E0,-1.382480001E0,2.065887289E0
2.014686492E1,3.674551114E-2,5.368521649E-1,-1.414070168E0,1.512995347E0
2.015683592E1,-2.574200146E-1,2.294117054E-1,-1.014616461E0,1.071606905E0
2.016680692E1,-2.480602303E-1,1.379688540E-1,-6.346871924E-1,6.952676569E-1
2.017677792E1,1.273717989E-1,3.509829202E-1,7.203290212E-1,8.113485590E-1
2.018674892E1,1.107505183E0,2.613544598E-1,1.078320706E0,1.567689201E0
2.019671992E1,6.378593069E-1,1.694906089E-1,1.365044773E0,1.516225179E0
2.020669092E1,9.794885825E-1,-2.580972683E-1,1.502709864E0,1.812222122E0
2.021666092E1,1.033206076E0,-2.338129047E-1,3.708777791E-1,1.122378544E0
2.022663192E1,1.424986627E0,-3.842731655E-1,-1.476817809E0,2.087880168E0
2.023660292E1,8.768657085E-1,-1.532130130E0,8.025946677E-1,1.939194267E0
2.024657392E1,2.575170784E-1,-1.085941383E0,2.396142197E-1,1.141489687E0
2.025654492E1,4.011469142E-1,-8.369160694E-1,2.727375269E-1,9.673329895E-1
2.026651592E1,2.338235758E-1,-3.275923035E-1,1.461098739E0,1.515519616E0
2.027648692E1,1.811411861E-1,3.390420288E-2,3.128960286E0,3.134382570E0
2.028645792E1,3.406427041E-2,1.069707173E-1,1.817311116E0,1.820775330E0
2.029642892E1,6.686033821E-1,5.904714248E-1,-9.624610519E-1,1.312256935E0
2.030639992E1,8.556169268E-1,-5.069337165E-1,-1.991427750E0,2.225948472E0
2.031637092E1,1.054291281E0,-1.699751676E0,-1.317243785E0,2.394956588E0
2.032634092E1,5.290607500E-1,-2.502842773E0,-7.193420112E-1,2.657363383E0
2.033631192E1,5.560867269E-1,-2.229350663E0,5.987081051E-2,2.298438892E0
2.034628292E1,4.706285007E-1,-7.305628181E-2,1.840853176E0,1.901464915E0
2.035625392E1,4.496923989E-1,-2.724837577E-1,4.078604241E0,4.112357378E0
2.036622492E1,-7.309648141E-2,1.234116259E-1,1.899380881E0,1.904789032E0
2.037619592E1,1.263504073E0,6.182945234E-1,-6.026713479E-1,1.530340947E0
2.038616692E1,1.031763421E0,4.407517138E-1,-1.204904155E0,1.646387516E0
2.039613792E1,9.371266745E-1,-8.398180425E-1,-5.512690598E-1,1.373826163E0
2.040610892E1,6.122504027E-1,-1.131366647E0,-1.307316967E0,1.834098879E0
2.041607992E1,-1.273231208E-4,-3.446170565E-1,-1.702141433E0,1.736676824E0
2.042605092E1,2.604202209E-1,-4.719638586E-2,-1.070652668E0,1.102879561E0
2.043602192E1,2.099457398E-2,-9.777404112E-1,3.298788571E-1,1.032103262E0
2.044599192E1,-3.456889974E-1,-8.140750909E-1,8.103930992E-1,1.199564968E0
2.045596292E1,4.558245201E-1,1.138745248E-2,1.268966249E0,1.348399425E0
2.046593504E1,3.615000147E-1,2.550707495E-1,2.194270000E0,2.238428954E0
2.047590604E1,7.582207328E-1,6.099812445E-1,1.468646325E0,1.761788247E0
2.048587704E1,5.054401915E-1,-6.477837861E-3,1.489051938E-2,5.057009760E-1
2.049584804E1,-6.394300152E-1,-7.498176992E-1,-1.567675354E0,1.851675820E0
2.050581904E1,-1.318793151E0,-1.607311875E-2,-1.831082479E0,2.256620652E0
2.051579004E1,-1.614472960E0,1.306033503E0,-1.634405533E0,2.642636543E0
2.052576104E1,-1.066078683E0,1.044569116E0,-4.904849142E-1,1.571058194E0
2.053573204E1,-8.436919691E-1,6.146490768E-1,-3.620601779E-1,1.104851664E0
2.054570304E1,-7.969196525E-1,9.209531298E-1,-2.213188666E-1,1.237827791E0
2.055567304E1,-8.212728672E-1,9.176883370E-2,1.673749693E0,1.866641014E0
2.056564404E1,-1.250923788E0,6.399999726E-1,1.441416426E0,2.012980776E0
2.057561504E1,-7.851287422E-1,1.642576432E-1,1.228681272E-1,8.114827736E-1
2.058558604E1,-9.887255752E-1,-1.272710806E-1,-5.889210355E-1,1.157844626E0
2.059555704E1,-9.351865683E-1,-1.874588102E-1,-9.808558077E-1,1.368134803E0
2.060552804E1,-3.459475905E-1,2.411976457E-3,-1.456512768E0,1.497035402E0
2.061549904E1,-8.125802502E-1,1.151810852E-1,-1.789235711E0,1.968481083E0
2.062547004E1,1.801701828E-1,-1.075470481E0,-9.827877277E-1,1.467981529E0
2.063544104E1,1.017983434E-1,-1.376925731E0,6.721093726E-1,1.535584052E0
2.064541204E1,3.532985638E-1,-1.861466950E-1,1.413959656E0,1.469269334E0
2.065538304E1,5.272560069E-1,2.182025930E-1,1.145180694E0,1.279472583E0
2.066535304E1,1.021471445E0,-4.921189186E-1,1.752188922E0,2.087043593E0
2.067532404E1,6.438801118E-1,-1.007868190E0,1.423520438E0,1.859244557E0
2.068529504E1,5.658243144E-1,-1.097969982E0,9.876660597E-1,1.581511771E0
2.069526604E1,6.082044218E-1,-1.783432934E-1,6.791424036E-2,6.374412076E-1
2.070523704E1,6.381514484E-1,-1.649180862E-1,2.631282127E-1,7.096983180E-1
2.071520804E1,1.012126717E-1,-6.632090333E-1,-4.203288513E-1,7.916859037E-1
2.072517904E1,1.593235434E-1,-3.692110303E-1,-9.380974585E-1,1.020650586E0
2.073515004E1,3.815454394E-3,-7.084170735E-1,-5.309967631E-1,8.853399743E-1
2.074512104E1,6.094799189E-1,-1.160455960E-1,3.461025417E-1,7.104360078E-1
2.075509204E1,3.804216776E-1,-1.160783404E-1,4.570499504E-1,6.058791060E-1
2.076506304E1,8.187530827E-1,-2.975215352E-1,1.174088159E0,1.461970820E0
2.077503304E1,4.508307056E-1,-4.153227577E-1,4.664622134E-1,7.702780762E-1
2.078500404E1,1.123012876E0,-8.050475746E-1,-2.307486713E-2,1.381952230E0
2.079497504E1,1.190467379E0,-9.744419968E-1,2.149775612E-1,1.553372183E0
2.080494604E1,8.276184118E-1,-9.607869941E-1,-2.928496099E-1,1.301470237E0
2.081491704E1,7.645227157E-1,-4.642174673E-1,-1.144234030E0,1.452330663E0
2.082488804E1,8.458672795E-1,-1.150179479E-1,-7.838549262E-1,1.158943108E0
2.083485904E1,2.925426310E-1,-2.458222085E-1,-8.386135161E-2,3.912064359E-1
2.084483004E1,-2.988810128E-1,-1.162604519E0,1.832696310E0,2.190834292E0
2.085480104E1,-8.415089111E-1,-6.875717497E-1,2.090628102E0,2.356187179E0
2.086477204E1,-6.848283823E-1,3.765092325E-1,1.010528088E0,1.277464728E0
2.087474304E1,8.402384573E-1,3.395358261E-1,7.200395840E-1,1.157472352E0
2.088471404E1,1.564345511E0,-3.384660780E-2,3.935117662E-1,1.613435459E0
2.089468404E1,1.149651036E0,1.790946606E-1,-9.550982380E-1,1.505318919E0
2.090465504E1,1.799518770E0,9.719329566E-2,-1.376135772E0,2.267479659E0
2.091462604E1,1.409992905E0,9.182236496E-1,-1.918588400E-1,1.693524277E0
2.092459704E1,1.319425528E0,9.553549308E-1,4.354702163E-1,1.686185362E0
2.093456804E1,1.334852383E0,1.204449241E0,2.670709902E-1,1.817651169E0
2.094453904E1,1.957207213E0,1.558320101E0,3.250800472E-1,2.522835438E0
2.095451004E1,1.574256687E0,1.079800344E0,7.126428562E-1,2.037673365E0
2.096448104E1,1.601624873E0,1.726765813E0,-1.653820628E-1,2.360989968E0
2.097445204E1,1.230773114E0,1.124549378E0,-1.639740533E-1,1.675201854E0
2.098442304E1,7.722865024E-1,5.593750548E-1,-3.021209550E-1,1.000301937E0
2.099439404E1,6.473550390E-1,2.586799434E-1,-3.056444871E-1,7.611848738E-1
2.100436404E1,6.695690498E-1,3.542839658E-1,-3.093884593E-1,8.182671077E-1
2.101433504E1,5.448656277E-1,-3.907410631E-1,3.498044139E-1,7.562540966E-1
2.102430604E1,6.113377985E-1,-3.192071038E-1,8.266641462E-1,1.076568943E0
2.103427704E1,6.505591670E-1,2.830815437E-1,1.144227598E0,1.346335465E0
2.104424804E1,1.343876245E0,-3.203704074E-1,8.371867955E-1,1.615401588E0
2.105421904E1,9.463671756E-1,-7.280441299E-1,6.746067184E-1,1.371405597E0
2.106419004E1,1.812305023E-1,-1.397845899E0,-1.517665288E0,2.071261832E0
2.107416104E1,2.267402588E-1,-1.996379172E0,-4.384996587E-1,2.056507451E0
2.108413204E1,-2.586792125E-1,-1.359788126E0,-6.997374666E-1,1.550990395E0
2.109410304E1,7.610721275E-2,-1.055900435E0,5.455118912E-1,1.190924540E0
2.110407404E1,-4.621610016E-2,-1.343039947E0,1.115255229E0,1.746335149E0
2.111404404E1,-3.892105544E-1,-7.524711657E-1,4.577609718E-1,9.629344827E-1
2.112401504E1,8.120832369E-3,-5.707993448E-2,-3.545652169E-1,3.592221595E-1
2.113398604E1,-5.708306274E-1,-6.315890452E-1,-5.947378457E-2,8.533987686E-1
2.114395704E1,3.665656038E-2,-1.673527206E0,-3.582220656E-1,1.711829449E0
2.115392804E1,-3.084245458E-1,-1.200411446E0,1.005214139E0,1.595797232E0
2.116389904E1,-2.605702751E-1,-2.297616613E-1,1.419137950E0,1.461040660E0
2.117387004E1,-3.205139565E-1,-1.251596510E-3,1.360443599E0,1.397690076E0
2.118384104E1,3.105818760E-1,1.321102363E-1,7.168487585E-1,7.923297033E-1
2.119381204E1,-1.299887203E-1,-1.837431970E-1,-2.272701627E-1,3.198599017E-1
2.120378304E1,-2.448430923E-1,-5.255132443E-1,-9.939693582E-1,1.150689965E0
2.121375404E1,-4.350668315E-1,-4.940771511E-1,-9.844202703E-1,1.184262913E0
2.122372404E1,-6.996690542E-1,-5.788208476E-1,-9.348043066E-1,1.303238064E0
2.123369504E1,-9.559976128E-1,-2.503002986E-1,-7.034750068E-1,1.213036999E0
2.124366604E1,-4.632596203E-1,-1.280850130E-1,3.846690220E-1,6.156179845E-1
2.125363704E1,-2.607026415E-1,-7.605739447E-1,8.989749080E-1,1.206065702E0
2.126360804E1,-3.813451722E-2,3.309073824E-1,7.373192757E-1,8.090696209E-1
2.127357904E1,1.299360953E-2,-5.522987545E-3,7.733790547E-1,7.735079182E-1
2.128355004E1,2.336789303E-1,7.962355283E-1,2.646484888E-1,8.709969469E-1
2.129352104E1,1.437283614E-1,1.211315042E0,-3.777470881E-1,1.276963130E0
2.130349204E1,-1.751271055E-1,1.843627095E-1,-6.098768717E-1,6.607638840E-1
2.131346304E1,1.011670634E-2,-1.760313043E-1,-1.375027140E0,1.386286047E0
2.132343304E1,-4.148861899E-1,7.081530717E-1,-1.040786844E0,1.325461648E0
2.133340404E1,-1.006530493E0,7.307572380E-1,-1.884200925E-1,1.258019040E0
2.134337504E1,-9.907473962E-1,7.097514081E-1,7.046327555E-1,1.407776539E0
2.135334604E1,-5.432501882E-1,1.265000668E0,5.589499623E-1,1.485857502E0
2.136331704E1,-5.546547438E-1,1.240632689E0,-1.012229043E-1,1.362738944E0
2.137328804E1,-8.463167111E-1,-2.798477411E-3,3.325808555E-1,9.093238325E-1
2.138325904E1,-4.642607367E-1,1.399148074E-1,-5.471420950E-1,7.310804724E-1
2.139323004E1,-7.780122422E-1,-1.639527109E-1,-1.037519420E0,1.307145779E0
2.140320104E1,-9.931488477E-2,6.030332905E-1,-1.712008610E0,1.817824545E0
2.141317204E1,-1.314111286E-1,-3.919353569E-1,-6.619211841E-1,7.803985280E-1
2.142314304E1,-6.993314505E-1,-1.241352189E0,-8.724811739E-1,1.670701389E0
2.143311304E1,-3.812364140E-1,-1.122473324E0,1.334539264E-1,1.192936510E0
2.144308404E1,-3.545141999E-1,-4.960026392E-1,1.244607334E0,1.385909936E0
2.145305504E1,-4.566942204E-1,-1.009780522E0,1.640230529E0,1.979540983E0
2.146302604E1,-4.109118374E-1,-4.842555830E-1,1.784093084E0,1.893763486E0
2.147299704E1,-2.439345811E-1,-1.075732729E-1,1.467885602E0,1.491899537E0
2.148296804E1,-4.911262807E-1,-1.359796312E-1,6.026666701E-1,7.892417873E-1
2.149293904E1,-3.170832489E-1,-6.830834270E-2,-5.826861495E-1,6.668815226E-1
2.150291004E1,-6.422771707E-1,-5.420915624E-1,-1.290681639E0,1.540208531E0
2.151288104E1,-4.179026954E-1,-1.761538035E-1,-7.560321200E-1,8.816220232E-1
2.152285204E1,-2.108214334E-1,-5.372214165E-1,-5.885111457E-1,8.242559650E-1
2.153282304E1,1.224952210E-1,-3.107955918E-1,-3.099661642E-1,4.557170197E-1
2.154279304E1,5.264241674E-1,-1.718739340E-1,2.730345654E-1,6.174228106E-1
2.155276404E1,-5.702336267E-2,-1.750440604E0,1.376787736E0,2.227742903E0
2.156273504E1,-2.779851837E-1,-7.824811229E-1,6.006721848E-1,1.024870501E0
2.157270604E1,-5.983908205E-1,-3.433982044E-1,4.316087151E-1,8.138058637E-1
2.158267704E1,-4.820646313E-1,1.062059015E-2,6.904976964E-3,4.822310487E-1
2.159264804E1,-2.700266846E-1,-1.004061068E0,1.726916671E-2,1.039880408E0
2.160261904E1,-2.062907184E-1,-9.379167795E-1,-6.477270681E-1,1.158358364E0
2.161259004E1,1.139750969E-1,-7.065085423E-1,-4.111849755E-1,8.253591504E-1
2.162256104E1,-1.896489579E-1,1.965389514E-1,-8.183143222E-1,8.626891773E-1
2.163253204E1,3.749714879E-1,1.282197914E-1,-2.174035710E-1,4.520046950E-1
2.164250304E1,-2.509793065E-2,-5.812032956E-1,-2.078158915E-1,6.177496432E-1
2.165247304E1,6.621503949E-2,-2.826128894E-1,-4.771059000E-1,5.584662179E-1
2.166244404E1,4.569622421E-1,2.963009289E-1,-2.007103550E-1,5.804251699E-1
2.167241504E1,-2.478168400E-1,-1.907069385E-2,-2.960141230E-1,3.865245639E-1
2.168238604E1,7.956877904E-1,-5.910728109E-1,-1.721572316E-1,1.006043856E0
2.169235704E1,7.545176911E-1,-1.403819414E0,2.358468586E-1,1.611095787E0
2.170232804E1,1.007193275E0,-4.703269306E-1,1.267242490E0,1.685689545E0
2.171229904E1,1.033452974E0,1.197851828E0,4.431867868E-1,1.642951180E0
2.172227004E1,9.796054537E-1,7.247153100E-1,9.244219905E-1,1.529508137E0
2.173224104E1,8.615623026E-1,2.420984092E-1,1.613965421E0,1.845477072E0
2.174221204E1,9.871567672E-1,1.357750956E0,1.005920482E0,1.956998252E0
2.175218204E1,1.141197863E0,1.965471667E0,1.188107443E-1,2.275857515E0
2.176215304E1,1.094074421E0,1.989664230E0,-6.666919273E-1,2.366482772E0
2.177212404E1,2.749949176E-1,1.046216861E0,-1.457826637E0,1.815337552E0
2.178209504E1,5.629460956E-1,7.637077600E-2,-8.110327846E-1,9.902095635E-1
2.179206604E1,1.008404964E-1,1.071561910E0,-7.876293039E-1,1.333706734E0
2.180203704E1,4.592542776E-1,1.078856604E0,-7.970596933E-1,1.417797665E0
2.181200804E1,2.938534306E-1,-2.967081875E-1,-8.171191514E-2,4.255143056E-1
2.182197904E1,1.279294040E-1,1.246778405E-1,-4.989744866E-1,5.299868249E-1
2.183195004E1,1.450195144E0,-1.488533875E0,1.786393379E0,2.740437986E0
2.184192104E1,4.601035126E-2,4.054488569E-1,9.152097023E-1,1.002055152E0
2.185189204E1,1.173695445E0,9.833657250E-1,8.957384741E-1,1.773955062E0
2.186186204E1,9.657637055E-1,-9.503625780E-1,-2.525634634E-1,1.378287658E0
2.187183304E1,6.531212707E-1,-1.005050124E0,-4.295744687E-1,1.273274272E0
2.188180404E1,5.370296279E-1,3.206504890E-1,-1.011023347E0,1.188859019E0
2.189177504E1,9.280401014E-2,-2.906650901E-2,-1.146723189E0,1.150839485E0
2.190174604E1,2.917556689E-1,-1.918109513E0,3.570514530E-1,1.972752193E0
2.191171704E1,-6.043491333E-1,-1.764623903E0,6.876612121E-1,1.987967136E0
2.192168804E1,-2.736858722E-1,-2.412493935E-1,8.597792673E-1,9.339837338E-1
2.193165904E1,-7.595997986E-1,9.421878782E-1,1.686048142E0,2.075444094E0
2.194163004E1,-1.072451564E0,-2.476553106E-1,6.110094774E-1,1.258895584E0
2.195160104E1,-1.998731799E-1,-4.923978308E-1,-6.097856551E-1,8.088531740E-1
2.196157104E1,-4.214969058E-1,-1.544224803E0,-3.475351095E-1,1.638008100E0
2.197154204E1,-5.047024190E-2,5.254068249E-1,3.902022421E-2,5.292656752E-1
2.198151304E1,-3.875288220E-1,-7.334744391E-1,1.838848751E0,2.017307133E0
2.199148404E1,-7.532477490E-1,-1.008800236E0,1.986802018E-1,1.274572050E0
2.200145504E1,3.550776523E-1,-2.262916312E-1,-2.089400187E0,2.131403571E0
2.201142604E1,-2.594783076E-1,4.947425643E-1,-1.284511072E0,1.400738338E0
2.202139704E1,5.815966670E-1,4.415750018E-1,-1.126185429E-1,7.388681219E-1
2.203136804E1,9.098201774E-1,-2.809069642E-1,-9.656442761E-2,9.570821106E-1
2.204133904E1,2.268303790E-1,-1.547398379E0,4.505104244E-1,1.627529849E0
2.205131004E1,3.149160516E-1,8.147744179E-2,1.877050949E0,1.905027811E0
2.206128104E1,3.897619468E-1,1.217910701E-1,1.705532234E0,1.753735339E0
2.207125104E1,6.683378454E-1,-3.189752617E-1,3.446717280E-1,8.168349242E-1
2.208122204E1,8.865477475E-1,-3.355170348E-1,-2.268240201E-1,9.746731377E-1
2.209119304E1,7.227279145E-1,-7.996926945E-1,-2.056910133E-1,1.097338980E0
2.210116404E1,3.293860830E-1,1.711748993E-1,-6.149873382E-1,7.183352031E-1
2.211113504E1,-1.159282862E-1,7.465917903E-1,-7.415614307E-1,1.058655763E0
2.212110604E1,-2.856579731E-1,-5.725280741E-1,2.905159861E-1,7.027007979E-1
2.213107704E1,-5.262983061E-1,-9.462864840E-1,-4.155879289E-1,1.159810908E0
2.214104804E1,-4.180609357E-1,1.267761138E-1,-6.578579539E-1,7.896988138E-1
2.215101904E1,-4.494779523E-1,1.188499791E0,2.175532597E-1,1.289143748E0
2.216099004E1,-1.064989055E0,1.069408965E-1,7.578704846E-1,1.311489883E0
2.217096104E1,-8.246050492E-1,9.593798617E-1,6.819946754E-1,1.437184728E0
2.218093104E1,-7.523525403E-1,1.314045943E0,5.891502464E-1,1.624761243E0
2.219090204E1,-7.714915004E-1,1.962689855E0,5.541131455E-1,2.180456828E0
2.220087304E1,-3.534266178E-1,7.066842511E-1,-1.180710715E-1,7.989078689E-1
2.221084404E1,-4.562564101E-1,2.324046028E-1,-1.223553264E0,1.326372648E0
2.222081504E1,-5.521050654E-2,1.045188628E0,-3.719419724E-1,1.110769238E0
2.223078604E1,1.551475351E-1,1.019266460E0,-6.696061796E-1,1.229368663E0
2.224075704E1,-1.814491151E-1,4.922253379E-1,1.842703235E-1,5.560261835E-1
2.225072804E1,-7.277225330E-2,-1.054960203E0,1.939620835E-1,1.075108423E0
2.226069904E1,-5.214961340E-1,-1.115438831E0,-4.357117063E-1,1.306141912E0
2.227067004E1,-5.182415738E-1,-5.495090479E-1,-1.023255723E0,1.271843857E0
2.228064004E1,-6.538262256E-1,-9.190454757E-1,-4.525645512E-1,1.215297491E0
2.229061104E1,-1.109002947E0,-9.952545762E-1,-5.534354532E-1,1.589562836E0
2.230058204E1,-9.438705607E-1,-1.705656195E0,-2.287933624E-1,1.962778921E0
2.231055304E1,-3.407296814E-2,-1.146260090E0,1.105225500E0,1.592669635E0
2.232052404E1,-4.344850335E-1,-5.086437348E-1,1.842270541E0,1.959963377E0
2.233049504E1,-4.336822108E-1,-1.312945497E-1,1.917895505E0,1.970695737E0
2.234046604E1,-4.858474144E-1,-1.961860719E-1,1.771062564E0,1.846943229E0
2.235043704E1,-8.916981943E-2,1.349291790E-1,3.633822334E-1,3.977483973E-1
2.236040804E1,-5.209657916E-1,3.808317867E-1,-7.250231659E-1,9.706167096E-1
2.237037904E1,-4.001835123E-1,-3.785466948E-1,-1.261208163E0,1.376259596E0
2.238034904E1,-5.065881461E-2,-5.785091910E-1,-1.878784064E0,1.966486399E0
2.239032004E1,6.025709219E-2,-1.504713998E0,-1.044327334E0,1.832597804E0
2.240029104E1,1.022944797E-1,-6.358621904E-1,-4.283687729E-1,7.734886498E-1
2.241026204E1,1.074123283E-1,-9.274371073E-1,2.101682264E0,2.299727230E0
2.242023304E1,-2.518129733E-1,-1.191565486E0,2.655674372E0,2.921616753E0
2.243020404E1,1.839814711E-1,-4.149213463E-2,1.742401267E0,1.752578944E0
2.244017504E1,-1.108554612E-1,5.446114200E-1,7.304774487E-1,9.178713609E-1
2.245014604E1,-1.763531204E-1,-2.522667173E-1,2.810434967E-1,4.168025513E-1
2.246011704E1,-8.735508489E-1,-1.306962041E0,-2.138753611E-1,1.586500404E0
2.247008804E1,-8.508984431E-1,-1.344105894E0,-3.999103743E-1,1.640297876E0
2.248005804E1,-9.731032037E-1,4.696486536E-1,-1.114726641E0,1.552454568E0
2.249002904E1,-5.971415629E-1,8.834742317E-1,-1.054451787E0,1.499657740E0
2.250000004E1,-8.958266209E-1,6.129241481E-1,-1.913635224E0,2.200041162E0
2.250997104E1,-1.455900418E-1,-1.715634468E-1,-2.195482128E0,2.206982612E0
2.251994204E1,4.582481179E-1,2.165335053E-1,-1.509687932E0,1.592493563E0
2.252991304E1,5.949297805E-1,7.057089356E-1,-2.259744197E-1,9.502794241E-1
2.253988404E1,6.500373030E-1,1.996815374E-1,4.032789552E-1,7.906042799E-1
2.254985504E1,5.167314573E-1,-3.240351498E-2,-6.357858843E-1,8.199299222E-1
2.255982604E1,1.171114265E0,4.503949419E-1,-1.251342741E0,1.772067403E0
2.256979704E1,1.414523035E0,6.449373615E-1,-9.198675942E-1,1.806370950E0
2.257976704E1,6.851007164E-1,1.775635672E-1,9.237963384E-1,1.163740300E0
2.258973804E1,3.538134111E-1,7.912127700E-1,1.460529220E-1,8.789385834E-1
2.259970904E1,-9.860086665E-3,1.625994313E0,-1.096450583E0,1.961162566E0
2.260968004E1,2.661496152E-1,7.277500150E-1,5.126318282E-1,9.291109155E-1
2.261965104E1,-2.813170002E-1,-6.452642208E-1,8.167852753E-1,1.078259410E0
2.262962204E1,-4.452305348E-1,-3.873195648E-1,8.368277764E-1,1.023976270E0
2.263959304E1,-6.300187024E-1,-4.688282892E-1,1.415189910E0,1.618482626E0
2.264956404E1,-3.442632269E-1,1.948222089E-1,1.196087138E0,1.259800502E0
2.265953504E1,1.752929471E-2,-3.659576395E-1,2.783450067E-1,4.601176076E-1
2.266950604E1,4.560622095E-1,-1.422472325E0,8.711696434E-1,1.729264815E0
2.267947604E1,-1.426856567E-1,-6.650444743E-1,5.887795329E-1,8.996136325E-1
2.268944704E1,-1.016169336E-1,-1.074141409E0,1.034608676E0,1.494831389E0
2.269941804E1,-4.998459410E-1,-6.411489505E-1,2.497480291E-1,8.504657662E-1
2.270938904E1,-3.758360718E-1,-6.351766044E-1,-1.712474048E-1,7.576461874E-1
2.271936004E1,-7.414884136E-1,-3.765948942E-1,-4.189214265E-1,9.311949009E-1
2.272933104E1,2.375901329E-1,3.795313659E-1,-4.098155576E-1,6.069941682E-1
2.273930204E1,-1.979785359E-1,-1.639205512E-1,1.427007133E-1,2.939879953E-1
2.274927304E1,5.390818544E-2,-2.061815947E-1,-9.882765090E-1,1.010993274E0
2.275924404E1,-4.014455608E-1,-3.915389156E-1,-1.281721365E-1,5.752298300E-1
2.276921504E1,-2.537617041E-1,-8.557458580E-2,1.886019409E-2,2.684654896E-1
2.277918604E1,-3.482343634E-1,1.207703217E0,-8.621245855E-1,1.524163060E0
2.278915604E1,-6.919244170E-2,1.990745965E-1,-4.956532681E-1,5.386004559E-1
2.279912704E1,-3.533363514E-1,-5.728946945E-1,-8.391502905E-1,1.075745378E0
2.280909804E1,2.018471269E-1,-2.888866594E-1,-6.927459508E-1,7.772353035E-1
2.281906904E1,1.310558737E-1,6.085776204E-1,-1.366628784E-1,6.373532022E-1
2.282904004E1,-1.720860052E-1,1.938389996E-1,7.256839013E-1,7.705869682E-1
2.283901104E1,-1.760288192E-1,-7.175475007E-1,9.091204119E-1,1.171477906E0
2.284898204E1,1.894376907E-1,-1.185162200E0,7.752870011E-1,1.428833795E0
2.285895304E1,-2.976009477E-1,-4.895873666E-1,6.313712364E-1,8.525794695E-1
2.286892404E1,-4.451929299E-1,-3.988268852E-1,8.070028836E-1,1.004247621E0
2.287889504E1,-4.879027107E-1,-7.762722570E-1,7.644345689E-1,1.193736940E0
2.288886504E1,-3.494512055E-1,-7.397312522E-1,-8.049703914E-1,1.147735075E0
2.289883604E1,-5.250531415E-1,-1.202467620E0,2.597976387E-2,1.312358231E0
2.290880704E1,-6.686934292E-1,-4.141813812E-1,4.096109051E-1,8.868360685E-1
2.291877804E1,-5.243560437E-1,-6.515783367E-1,4.517734230E-2,8.375825820E-1
2.292874904E1,8.060061526E-2,-7.300044090E-1,7.091988462E-1,1.020963222E0
2.293872004E1,2.442982049E-1,3.183329451E-1,2.288442332E-1,4.619384806E-1
2.294869104E1,-9.990037378E-2,5.925404620E-1,4.760943317E-1,7.666486135E-1
2.295866204E1,-9.520436525E-2,5.757422885E-1,-2.894266498E-1,6.513914642E-1
2.296863304E1,-4.016324524E-2,3.479093313E-5,-7.901909691E-1,7.912110054E-1
2.297860304E1,-5.441643639E-1,4.089834988E-1,-1.484364810E0,1.633009873E0
2.298857404E1,-7.707530701E-1,1.320722879E0,-6.420166773E-1,1.658479614E0
2.299854504E1,-1.093073816E0,1.457109184E0,-2.700741202E-1,1.841444425E0
2.300851604E1,-1.022936611E0,1.045077531E0,-1.660737884E-1,1.471790358E0
2.301848704E1,1.160950050E-2,1.277558733E0,-3.350191444E-1,1.320806164E0
2.302845804E1,3.044295088E-1,1.077113256E0,-4.752535021E-1,1.216024747E0
2.303842904E1,-2.981174761E-1,4.358684117E-1,2.909580356E-1,6.029194642E-1
2.304840004E1,-6.523070459E-1,-4.858547965E-1,-3.778470755E-3,8.133717737E-1
2.305837104E1,-5.848396790E-1,-4.155829588E-1,-6.800744498E-1,9.885584975E-1
2.306834204E1,-1.139788392E0,-9.367900211E-1,-2.643725002E-1,1.498861548E0
2.307831304E1,-7.876974971E-1,-8.272099838E-1,-4.578562814E-1,1.230599886E0
2.308828304E1,-6.842068963E-1,-5.476952416E-1,-1.017817227E0,1.343153403E0
2.309825404E1,-9.046263881E-1,-1.742365015E0,-1.250653355E0,2.327728197E0
2.310822504E1,-6.999318134E-1,-1.719952052E0,-1.296716550E0,2.264864989E0
2.311819604E1,-1.263489455E0,-1.313719376E0,2.471378320E-1,1.839386123E0
2.312816704E1,-1.093268894E0,-1.897515912E0,3.305133970E0,3.964809462E0
2.313813804E1,-1.022247955E0,-7.310241634E-1,3.728990446E0,3.935067593E0
2.314810904E1,-5.344885741E-1,2.300797498E-1,3.282219901E0,3.333403997E0
2.315808004E1,-5.564082872E-1,1.043403473E0,2.053536290E0,2.369660795E0
2.316805104E1,-1.005133301E0,5.442877766E-1,3.209384644E-1,1.187242029E0
2.317802104E1,-1.016714589E0,-1.853196064E-1,-1.373019206E0,1.718497498E0
2.318799204E1,-8.087788291E-1,-6.589987457E-2,-1.430773324E0,1.644864217E0
2.319796304E1,-3.796708951E-1,5.180691540E-2,-7.765763122E-1,8.659703885E-1
2.320793404E1,-8.283592540E-1,-1.249506131E-1,-2.512829232E-1,8.746055207E-1
2.321790504E1,-8.241358101E-1,-1.468077976E-1,1.838768059E-1,8.570665334E-1
2.322787604E1,-7.181013782E-1,-4.267262900E-1,6.388118184E-1,1.051591867E0
2.323784704E1,-7.265758941E-1,-1.639506644E-1,1.610950597E0,1.774811025E0
2.324781804E1,-7.758575432E-1,-1.529675469E-1,1.389715930E0,1.598957274E0
2.325778904E1,-8.205100248E-1,1.031156480E-1,3.816577059E-1,9.107865514E-1
2.326776004E1,-9.797985580E-1,-1.654957911E-1,-4.328062248E-1,1.083842839E0
2.327773004E1,-1.023143017E0,-5.635575682E-1,-7.396131384E-1,1.382550672E0
2.328770104E1,-9.118529619E-1,-7.558850625E-1,-1.358581846E0,1.802382502E0
2.329767204E1,-9.441890877E-1,-1.034810990E0,-8.918038827E-1,1.660614640E0
2.330764304E1,-5.364277666E-1,1.316804659E-1,-2.067115279E0,2.139640173E0
2.331761404E1,-7.390984373E-1,7.353218669E-1,-2.172563966E0,2.409771552E0
2.332758504E1,-6.117387713E-1,4.607722878E-1,-1.100953524E0,1.341131644E0
2.333755604E1,-5.700810143E-1,-9.529698515E-1,1.139195484E0,1.590883481E0
2.334752704E1,-1.027935030E-1,-1.622594157E0,2.336486564E0,2.846497456E0
2.335749804E1,-1.664763327E-1,-1.118474121E0,2.870487041E0,3.085189554E0
2.336746904E1,6.433675303E-1,-2.456962010E-1,3.137963244E0,3.212647152E0
2.337743904E1,1.469870878E0,9.548386216E-1,3.162619783E0,3.615854129E0
2.338741004E1,1.394752576E0,2.210802125E0,6.282996941E-1,2.688445887E0
2.339738104E1,4.057606963E-1,2.005561055E0,-3.147152728E-1,2.070256649E0
2.340735204E1,7.895382006E-2,1.235868377E0,-1.588958049E0,2.014545119E0
2.341732304E1,-9.432834271E-1,9.785081506E-1,-2.089829373E0,2.492919700E0
2.342729404E1,-4.676274538E-1,1.740774280E0,-1.424950082E0,2.297706088E0
2.343726504E1,-5.594228193E-1,1.456141469E0,1.851193392E-1,1.570850419E0
2.344723604E1,-7.038512751E-1,5.637759617E-1,-2.950048935E-1,9.488297211E-1
2.345720704E1,-8.573995236E-2,-7.881403506E-2,3.450436109E-1,3.641676606E-1
2.346717704E1,-4.294723617E-1,-7.396268794E-1,7.167990571E-1,1.115928008E0
2.347714804E1,-1.559913614E-1,-7.161889002E-1,1.929405164E0,2.063943830E0
2.348711904E1,-7.152412858E-2,-5.705256951E-1,1.636010009E-1,5.978131457E-1
2.349709004E1,-3.856516831E-1,-1.350997422E0,-6.503600693E-1,1.548189096E0
2.350706104E1,5.188218369E-1,-1.818063068E0,-6.203205836E-1,1.989805781E0
2.351703204E1,7.056058784E-1,-1.461622942E0,-1.125729346E-1,1.626927763E0
2.352700304E1,-1.643740028E-1,-9.183809397E-1,3.414931816E-1,9.935089110E-1
2.353697404E1,-5.878840318E-1,2.231741881E-1,-3.210150629E-1,7.060205548E-1
2.354694504E1,-4.129476552E-1,-1.446396500E-1,-1.022169310E0,1.111879711E0
2.355691604E1,-6.045108819E-1,-1.015395603E0,-8.399548674E-1,1.449822684E0
2.356688604E1,-2.929518996E-1,-1.029561945E0,-1.663704177E0,1.978314990E0
2.357685704E1,-3.713116060E-1,-1.467209664E0,-1.692437979E0,2.270445511E0
2.358682804E1,-1.943109795E-1,-2.427312826E0,-1.839319451E0,3.051671732E0
2.359679904E1,-3.871310652E-1,-3.350242607E0,1.386795831E-1,3.375385610E0
2.360677004E1,-2.091052026E-1,-2.049700516E0,2.770740559E0,3.452824994E0
2.361674104E1,-5.465789716E-1,-4.888289827E-1,3.126469957E0,3.211310750E0
2.362671204E1,-2.836500027E-1,8.094169065E-1,1.935806111E0,2.117299779E0
2.363668304E1,1.880674323E-1,1.448869872E-1,2.039318785E0,2.053091012E0
2.364665404E1,3.217530546E-1,-1.425008262E0,2.385247664E0,2.797066320E0
2.365662504E1,9.961243495E-2,3.266082171E-1,3.108052397E-1,4.617309408E-1
2.366659504E1,4.329687774E-2,4.814348862E-1,-7.442201596E-1,8.874220052E-1
2.367656604E1,5.794567323E-1,6.625988764E-1,-1.620251763E0,1.843915169E0
2.368653704E1,8.597716659E-1,-1.254081285E0,-2.266888325E0,2.729598847E0
2.369650804E1,9.822255179E-2,-4.650790545E-1,-3.544076929E0,3.575811443E0
2.370647904E1,7.356088190E-1,3.427070636E-1,-1.846880486E0,2.017309098E0
2.371645004E1,-1.539948296E-1,3.232489917E-1,-5.947138721E-1,6.941821863E-1
2.372642104E1,3.242234302E-1,-7.753331941E-1,6.218087000E-1,1.045422620E0
2.373639204E1,8.211305606E-1,-1.238768012E0,-1.294877601E-1,1.491833993E0
2.374636304E1,4.866054328E-1,-2.256121847E-1,1.456039728E0,1.551688562E0
2.375633304E1,4.706420955E-1,-3.848005843E-1,2.362438261E0,2.439403617E0
2.376630404E1,2.037913261E-1,-3.525286317E-2,1.628354250E0,1.641435723E0
2.377627504E1,-8.671363071E-1,1.492282525E-1,2.290131007E0,2.453343530E0
2.378624604E1,-7.255721464E-1,1.046843683E0,2.284067445E0,2.615205676E0
2.379621704E1,-4.699217185E-1,3.757728049E0,2.503713423E-1,3.795264460E0
2.380618804E1,-2.796130485E-1,2.472145183E0,-1.472854566E0,2.891191075E0
2.381615904E1,3.926599731E-1,1.065425842E0,-1.536299195E0,1.910374124E0
2.382613004E1,7.550490569E-1,1.983074125E0,-1.403703055E0,2.544221753E0
2.383610104E1,9.278043124E-1,1.389153136E0,-2.081335123E0,2.668805570E0
2.384607204E1,2.439684950E-1,2.280357971E0,-2.937797264E0,3.726956650E0
2.385604204E1,-1.786142387E-1,-1.204994202E-1,-2.329141291E0,2.339085785E0
2.386601304E1,-5.050576374E-1,-2.700740032E0,-1.006796980E0,2.926212586E0
2.387598404E1,-6.038811368E-1,-2.315918690E0,-4.033935606E-2,2.393695693E0
2.388595504E1,-5.209679112E-1,-1.870108550E0,1.970615171E0,2.766231679E0
2.389592604E1,5.130602829E-1,-9.175170135E-1,3.090115478E0,3.264028491E0
2.390589704E1,4.760865111E-1,-4.093670762E-1,1.575022380E0,1.695563407E0
2.391586804E1,-7.380243038E-1,-6.713825637E-1,2.600848539E0,2.785650291E0
2.392583904E1,-2.831221819E-2,-3.628431201E-1,3.096111213E0,3.117428645E0
2.393581004E1,-4.147528003E-1,9.767952088E-1,1.598463283E0,1.918654120E0
2.394578004E1,-4.251283921E-1,1.178124784E0,-1.486238258E0,1.943609095E0
2.395575104E1,-1.011548647E0,8.889902025E-1,-2.524002677E0,2.860790757E0
2.396572204E1,-8.059022183E-1,-4.409560740E-2,-1.766248552E0,1.941920893E0
2.397569304E1,1.951665368E-1,-4.821812832E-1,-5.807916516E-1,7.796843653E-1
2.398566404E1,2.338827789E-1,-1.257424138E0,1.959994288E0,2.340383350E0
2.399563504E1,1.146551939E0,-3.382362825E-1,2.426968718E0,2.705395034E0
2.400560604E1,1.143157411E0,-3.743223739E-1,1.741113710E0,2.116223773E0
2.401557704E1,1.017668269E0,-2.675375980E-1,5.315867472E-1,1.178901838E0
2.402554804E1,8.742593122E-1,-8.916220343E-1,-7.443002665E-1,1.453720084E0
2.403551804E1,4.173143924E-1,-1.714099574E0,-1.034407532E0,2.045064203E0
2.404548904E1,-4.068659297E-1,-1.942708164E0,-2.032279322E0,2.840741829E0
2.405546004E1,-8.578728557E-1,-1.505492847E0,-1.730437864E0,2.448850700E0
2.406543104E1,-3.913936123E-1,-1.448599731E0,-1.114741259E0,1.869298856E0
2.407540204E1,-5.346756850E-1,-4.820637542E-1,-1.145267817E0,1.352738676E0
2.408537304E1,-3.099832673E-1,-9.388692909E-1,-1.545386353E0,1.834607356E0
2.409534404E1,-1.401655798E-1,-1.095648638E0,-6.599185127E-1,1.286695290E0
2.410531504E1,-3.369272371E-1,-1.375387328E0,2.084420698E0,2.519924585E0
2.411528604E1,-7.330267616E-1,-2.415812230E-1,2.875654811E0,2.977428473E0
2.412525604E1,-9.688405835E-1,6.818704221E-1,3.271061659E0,3.479000392E0
2.413522704E1,-5.448605114E-1,-4.172774819E-1,2.219095523E0,2.322795388E0
2.414519804E1,-2.372593997E-1,-1.162008981E0,-2.219866186E-1,1.206579857E0
2.415516904E1,1.408406409E-1,-9.739742196E-1,-1.012586308E0,1.412017315E0
2.416514004E1,6.424992187E-1,-1.008433616E0,-1.389201960E0,1.832928173E0
2.417511104E1,4.381556232E-1,1.072568800E0,-1.061331621E0,1.571244409E0
2.418508204E1,4.384161897E-1,7.530494553E-1,2.812943423E-1,9.156520870E-1
2.419505304E1,4.731056006E-1,2.939354378E-1,3.094241273E-1,6.371579407E-1
2.420502404E1,8.890012392E-1,-1.773372799E-2,7.545311397E-1,1.166171055E0
2.421499404E1,1.028051755E0,5.610765946E-1,4.178712666E-1,1.243508645E0
2.422496504E1,5.459277745E-1,1.027755447E0,2.182976103E-1,1.184049087E0
2.423493604E1,4.169857058E-1,2.289132595E0,2.366414952E-1,2.338804035E0
2.424490704E1,1.789679222E-2,1.461490502E0,4.561372000E-1,1.531122441E0
2.425487804E1,-6.299914397E-1,1.796781250E0,-4.727883160E-1,1.961846290E0
2.426484904E1,-4.211663919E-1,2.110518868E0,-7.583651590E-1,2.281838894E0
2.427482004E1,-5.688778035E-1,1.368363360E0,-4.810855150E-1,1.558038355E0
2.428479104E1,-6.842265576E-2,9.386614224E-1,-1.352106054E0,1.647409393E0
2.429476204E1,-6.290289149E-1,8.025686476E-1,-1.210298796E0,1.582598175E0
2.430473304E1,-1.807329042E-1,1.176897453E0,-1.286469305E-1,1.197623493E0
2.431470304E1,-3.382635451E-1,5.083469886E-1,7.775241458E-1,9.886266657E-1
2.432467404E1,-5.292212561E-2,-3.679535866E-2,1.634612525E-1,1.757106452E-1
2.433464504E1,1.638439527E-1,-1.105757596E0,3.182645327E-1,1.162255142E0
2.434461604E1,8.511005375E-1,-1.562897594E0,2.453041452E-1,1.796439573E0
2.435458704E1,9.918944737E-1,-1.539876229E0,1.690675628E-1,1.839472013E0
2.436455804E1,1.101590432E0,-1.442380925E0,7.690491915E-2,1.816556792E0
2.437452904E1,8.350736848E-1,-1.615478096E0,-1.547038776E-1,1.825116661E0
2.438450004E1,4.619673856E-1,-2.444021830E0,1.121934503E-1,2.489828094E0
2.439447004E1,-4.489472444E-1,-1.887063137E0,4.487568444E-1,1.990965498E0
2.440444104E1,-4.534303777E-2,-1.107928375E0,4.017680347E-2,1.109583459E0
2.441441204E1,-1.157738320E0,-6.709066004E-1,-2.141501802E-1,1.355114012E0
2.442438304E1,-9.527942888E-1,-1.435619204E0,1.031062925E-1,1.726108445E0
2.443435404E1,-1.174903626E0,-1.039655701E0,4.643086839E-1,1.636112789E0
2.444432504E1,-9.487962551E-1,-7.085559449E-1,2.030235136E0,2.350344776E0
2.445429604E1,-9.757894877E-1,-1.142250654E-1,2.825110894E0,2.991064033E0
2.446426704E1,-8.680732504E-2,1.380168012E-1,1.899977882E0,1.906960959E0
2.447423771E1,-5.666558616E-2,4.437539667E-2,7.102618700E-1,7.138992145E-1
2.448420871E1,1.724110007E-2,-3.042297533E-1,-1.977382153E-1,3.632539059E-1
2.449417871E1,9.419689000E-2,-2.762043411E-1,-8.573982811E-1,9.057006705E-1
2.450414971E1,1.710169514E-1,1.731869262E-1,-1.381302372E0,1.402582173E0
2.451412071E1,-4.623834150E-1,4.283430451E-1,-6.993527198E-1,9.414724709E-1
2.452409171E1,2.697328620E-1,-4.154581207E-1,1.631209445E-1,5.215071519E-1
2.453406271E1,1.349653586E-1,3.681436211E-2,-1.816706514E-1,2.292927624E-1
2.454403371E1,7.249989731E-1,2.424694151E-2,1.159093559E-1,7.346062918E-1
2.455400471E1,5.492086472E-1,-6.827589065E-2,3.119203037E-1,6.352841972E-1
2.456397571E1,3.123785792E-1,-3.357459533E-1,4.088460892E-1,6.143784230E-1
2.457394571E1,6.051707402E-2,-2.643423870E-1,-2.133882880E-1,3.450706816E-1
2.458391671E1,2.176340975E-2,-2.114996374E-2,-7.317538959E-1,7.323829129E-1
2.459388771E1,-7.843072084E-1,3.990800697E-1,-5.134521925E-1,1.018840445E0
2.460385871E1,-1.007555802E0,1.568044898E-1,-6.010119081E-2,1.021454109E0
2.461382971E1,-1.247274395E0,-2.461151540E-1,-2.735040969E-1,1.300411695E0
2.462380071E1,-7.651788463E-1,2.321166274E-1,-5.549042737E-1,9.732910914E-1
2.463377171E1,-5.022481965E-1,1.282889347E0,-4.735215569E-1,1.456805063E0
2.464374271E1,-9.450182960E-1,1.064262831E0,6.846148127E-1,1.579370886E0
2.465371371E1,-1.266092050E0,3.341660357E-1,6.819081366E-1,1.476365377E0
2.466368371E1,-7.067139988E-1,9.592690569E-1,-4.923133385E-1,1.289191306E0
2.467365471E1,-1.540189493E-1,5.662823707E-2,-1.791771648E0,1.799270472E0
2.468362571E1,-1.396760217E-1,-3.370422810E-1,-2.031115726E0,2.063622539E0
2.469359671E1,-4.089835719E-1,-5.795643210E-1,-1.000391940E0,1.226354923E0
2.470356771E1,-6.327238436E-1,-1.645532200E-1,7.419315594E-1,9.888779820E-1
2.471353871E1,-9.447828725E-2,8.587571740E-2,1.207754087E0,1.214483726E0
2.472350971E1,9.559605561E-2,-5.163471490E-1,1.407790843E0,1.502540529E0
2.473348071E1,1.203503893E-1,-1.410814438E0,1.315993066E0,1.933059581E0
2.474345171E1,-2.934913418E-1,-1.088637241E0,6.158538955E-1,1.284735082E0
2.475342171E1,-8.744782904E-1,-1.078583539E0,1.065178505E0,1.750045707E0
2.476339271E1,-8.303267690E-1,-4.127154842E-1,1.532987332E0,1.791598943E0
2.477336371E1,-1.304135205E0,6.592685947E-1,1.205593541E0,1.894428542E0
2.478333471E1,-1.308045530E0,-1.281016776E-1,4.413595319E-2,1.315044156E0
2.479330571E1,-6.511917626E-1,2.204069933E-1,-1.070452108E0,1.272201899E0
2.480327671E1,-4.644886319E-1,3.545947453E-1,-1.511385378E0,1.620423674E0
2.481324771E1,-2.475562003E-1,-8.053545535E-2,-2.045796331E0,2.062293058E0
2.482321871E1,2.996290179E-1,-1.283686907E0,-1.412292615E0,1.931890280E0
2.483318971E1,5.635621729E-1,-1.473850932E0,-2.795501179E-1,1.602494043E0
2.484315971E1,8.652518226E-1,-9.071890765E-1,9.296792221E-1,1.560755007E0
2.485313071E1,3.569627215E-1,-7.064415917E-1,1.551334140E0,1.741585405E0
2.486310171E1,4.515131488E-1,-6.273103452E-1,1.612315922E0,1.788000286E0
2.487307271E1,1.518102367E-1,-5.936482170E-1,1.031129583E0,1.199455197E0
2.488304371E1,-3.087290396E-1,-7.171893588E-1,7.556701773E-1,1.086605546E0
2.489301471E1,-3.778537267E-1,1.018283835E-1,6.391942263E-2,3.965200512E-1
2.490298571E1,-5.519467521E-1,5.135308376E-1,-7.164686894E-1,1.040041596E0
2.491295671E1,-7.839268470E-1,-2.293804228E-1,-1.149974826E0,1.410531382E0
2.492292771E1,-5.552455319E-1,-1.179752356E0,-5.855922157E-1,1.429346517E0
2.493289771E1,-5.611990207E-1,-9.395455214E-1,-6.106732625E-1,1.253240584E0
2.494286871E1,-5.973004610E-1,-7.914890510E-1,2.763955450E-1,1.029377120E0
2.495283971E1,-5.525161247E-1,-3.139276528E-1,6.575866431E-1,9.144642325E-1
2.496281071E1,-9.456957690E-1,-2.894889227E-1,7.892776340E-1,1.265347189E0
2.497278171E1,-7.259709996E-1,-3.990806544E-1,5.044439721E-1,9.699293696E-1
2.498275271E1,-4.960964140E-1,-1.441546234E-1,9.321268666E-1,1.065716990E0
2.499272371E1,-5.893451779E-1,-4.143655685E-1,6.039080340E-1,9.400699317E-1
2.500269471E1,-1.286136744E-1,-7.616203040E-1,4.558676434E-1,8.968959098E-1
2.501266471E1,-2.511905372E-1,-5.291557673E-1,2.059038520E-2,5.861113171E-1
2.502263571E1,3.865176923E-1,8.443926117E-1,-1.806503123E-1,9.460599053E-1
2.503260671E1,3.086875974E-1,9.170258474E-1,-1.235487431E-1,9.754428377E-1
2.504257771E1,1.763159175E-1,2.884703377E-1,-9.546924412E-2,3.513072944E-1
2.505254871E1,1.769344068E-1,3.124678954E-1,-1.729945529E-1,3.985838498E-1
2.506251971E1,2.314884172E-1,1.081964399E0,-6.512470919E-1,1.283883415E0
2.507249071E1,-2.382002898E-1,1.178514501E0,-5.499008113E-1,1.322129611E0
2.508246171E1,1.414380801E-1,7.558762917E-1,-7.914867121E-1,1.103541986E0
2.509243271E1,2.232914248E-1,1.820363948E-1,-5.922077554E-1,6.585638428E-1
2.510240271E1,3.441444553E-2,2.758219332E-2,-4.030105680E-1,4.054166368E-1
2.511237371E1,3.035998620E-1,6.386834720E-1,-8.703855318E-1,1.121454603E0
2.512234471E1,7.046187222E-2,-3.304495454E-2,-7.021003264E-1,7.064005329E-1
2.513231571E1,8.264483839E-2,-6.009329706E-2,3.743942946E-1,3.880882136E-1
2.514228671E1,-2.711846526E-1,3.197690213E-1,8.638617933E-2,4.280840043E-1
2.515225771E1,3.110345967E-2,-1.304332548E-1,-1.087207890E-1,1.726281238E-1
2.516222871E1,-1.691821682E-1,-5.280468428E-1,1.218801817E0,1.339004833E0
2.517219971E1,3.039745224E-1,-6.871384710E-1,1.172284877E0,1.392412160E0
2.518217071E1,-3.841379486E-2,-4.958710769E-1,8.071929181E-1,9.481161065E-1
2.519214071E1,8.322681177E-1,2.335763848E-1,1.607393736E-1,8.792413169E-1
2.520211171E1,6.169606273E-1,-4.385823968E-1,6.441830707E-1,9.939651719E-1
2.521208271E1,3.739688366E-1,-1.121821067E0,3.625098288E-1,1.236830051E0
2.522205371E1,-4.326395061E-1,-8.916062468E-1,-3.225090265E-2,9.915537113E-1
2.523202471E1,-8.018891280E-1,-3.122731832E-1,4.113422656E-1,9.538045785E-1
2.524199571E1,-8.877003068E-1,-1.124147674E-1,7.080878752E-1,1.141068514E0
2.525196671E1,-5.714108904E-1,-8.351926026E-1,1.608428693E-1,1.024659708E0
2.526193771E1,-7.671500889E-1,-7.455948400E-1,-1.819945872E-1,1.085151120E0
2.527190871E1,-2.508655051E-1,-5.817465019E-1,3.587851524E-1,7.280723039E-1
2.528187871E1,-1.461972751E-1,-7.291781974E-1,6.715410233E-2,7.467155819E-1
2.529184971E1,-3.242317624E-2,-1.368931125E0,1.152041817E-1,1.374152718E0
2.530182071E1,-1.608653080E-1,-1.034246734E0,5.864932716E-1,1.199799280E0
2.531179171E1,4.557747457E-1,-1.302782452E0,1.376350949E0,1.949183078E0
2.532176271E1,6.443666001E-1,3.416636279E-1,6.134319788E-1,9.530168638E-1
2.533173371E1,6.217645535E-1,6.230003625E-1,-1.125074458E-1,8.873435282E-1
2.534170471E1,3.999525473E-1,7.244554013E-2,-5.779931742E-1,7.066020845E-1
2.535167571E1,4.742897348E-1,-1.688886380E-1,-1.072492202E0,1.184784220E0
2.536164571E1,5.704509969E-1,1.714649212E-1,-1.061782442E0,1.217454932E0
2.537161671E1,-3.318996549E-1,1.106293201E-3,-9.205423629E-1,9.785483364E-1
2.538158771E1,-3.065645465E-1,-2.214726484E-1,-4.819836473E-1,6.126501379E-1
2.539155871E1,-7.847006529E-1,-5.979719406E-1,-3.227926165E-1,1.038036912E0
2.540152971E1,-5.867135654E-1,-6.505869412E-1,-6.086542189E-2,8.781803776E-1
2.541150071E1,-3.450911196E-1,-6.704122183E-1,3.928995627E-1,8.502414302E-1
2.542147171E1,-4.096497159E-1,4.442922029E-1,4.422038698E-1,7.488342365E-1
2.543144271E1,-3.437934762E-1,5.901501203E-1,9.398130316E-1,1.161774355E0
2.544141271E1,-1.317042933E-1,6.829650208E-1,2.024200809E-1,7.244039824E-1
2.545138371E1,1.515393645E-1,2.891883758E-1,-3.359570378E-1,4.684668899E-1
2.546135471E1,1.915666985E-1,6.926950800E-1,-8.308478290E-1,1.098559233E0
2.547132567E1,5.099532187E-2,2.897883001E-1,-2.246237129E-1,3.701804886E-1
2.548129667E1,-5.820077263E-1,-5.036844188E-1,7.327730656E-3,7.697302663E-1
2.549126767E1,-9.240704267E-1,5.817687213E-2,-8.436479688E-2,9.297355112E-1
2.550123867E1,-8.042549115E-1,1.009538155E0,-8.429872334E-2,1.293483484E0
2.551120967E1,-4.579681825E-1,8.809584671E-1,3.612292886E-2,9.935429246E-1
2.552118067E1,-7.936747402E-2,4.809539527E-2,-6.899574137E-1,6.961706656E-1
2.553115067E1,-1.622301943E-1,8.281996250E-2,-7.317609125E-1,7.540900578E-1
2.554112167E1,-2.384672152E-1,2.244395256E-1,-6.389696932E-1,7.179985948E-1
2.555109267E1,-2.035425270E-1,-5.158439961E-1,2.607641834E-1,6.127989458E-1
2.556106367E1,-5.668814910E-1,2.345902920E-2,2.810364801E-1,6.331559476E-1
2.557103467E1,-4.138308406E-1,-4.562702242E-1,9.724229532E-1,1.151105939E0
2.558100567E1,-5.010176499E-1,-9.176532537E-2,1.604338565E0,1.683253336E0
2.559097667E1,-4.465442580E-1,-4.650349081E-2,9.787853086E-1,1.076840299E0
2.560094767E1,-4.048600423E-1,4.962146008E-1,-3.981369138E-3,6.404345675E-1
2.561091867E1,-7.339528144E-1,6.577924651E-1,-9.278695089E-1,1.353631961E0
2.562088867E1,-7.168596489E-1,-3.006945267E-1,-1.290392202E0,1.506458426E0
2.563085967E1,-9.732720421E-1,-9.074226728E-1,-7.427776515E-1,1.523939964E0
2.564083067E1,-8.065715783E-1,-7.054905421E-1,-4.417553884E-1,1.159061016E0
2.565080167E1,-8.935321735E-1,-5.533661637E-1,5.212652421E-1,1.173171475E0
2.566077267E1,-4.328779263E-1,-4.414832005E-1,1.575168561E0,1.692172187E0
2.567074367E1,-3.655625139E-1,-5.245984474E-1,1.783171563E0,1.894344295E0
2.568071467E1,1.730720285E-1,5.518075883E-2,4.943341362E-1,5.266546130E-1
2.569068567E1,4.599717309E-1,2.834367621E-1,-1.479596990E-1,5.601807422E-1
2.570065567E1,8.752897377E-1,-5.047100204E-1,-5.052579045E-1,1.129668040E0
2.571062667E1,2.898099348E-1,-1.225898875E0,-1.190098420E0,1.732960501E0
2.572059767E1,5.107330911E-1,-8.346072963E-1,-1.393042996E0,1.702347326E0
2.573056867E1,2.409468001E-1,-8.308074832E-1,-5.279199582E-1,1.013408070E0
2.574053967E1,3.786887822E-1,-9.140826514E-1,9.449369466E-1,1.368158661E0
2.575051067E1,7.764006034E-2,-7.221182692E-1,1.413852067E0,1.589484332E0
2.576048167E1,1.205915138E-1,-2.247488433E-1,1.340050265E0,1.364107426E0
2.577045267E1,-4.911741547E-2,3.353930739E-1,7.924626124E-1,8.619153245E-1
2.578042267E1,2.232635774E-1,2.737061182E-1,7.240127671E-1,8.055781471E-1
2.579039367E1,-2.949796043E-1,-3.261120808E-1,-1.507996917E-2,4.399880245E-1
2.580036467E1,-9.148648627E-2,-5.530752647E-1,-1.134765049E0,1.265683112E0
2.581033567E1,2.138905638E-1,-4.767886886E-1,-1.091940626E0,1.210541597E0
2.582030667E1,2.821146335E-1,-1.356138879E-1,-8.395449775E-1,8.959997558E-1
2.583027767E1,3.155688932E-1,-4.209577194E-1,-1.134155184E-1,5.381934668E-1
2.584024867E1,-7.746749438E-2,-9.219120732E-1,2.310556501E-1,9.535773680E-1
2.585021967E1,6.771923572E-2,-2.351264817E-1,6.736512834E-1,7.167122218E-1
2.586018967E1,3.856830753E-1,-3.427541336E-1,1.163573111E0,1.272844930E0
2.587016067E1,5.492443883E-1,-2.348782673E-1,8.305730098E-1,1.023078063E0
2.588013167E1,9.214320899E-1,-2.569289947E-1,7.083942693E-1,1.190324345E0
2.589010267E1,1.502811314E0,-2.974057603E-1,1.763707352E-1,1.542076090E0
2.590007367E1,1.374200051E0,3.720425445E-1,-5.966171408E-1,1.543629958E0
2.591004467E1,1.690862885E0,3.203666067E-1,-9.400831729E-1,1.960971298E0
2.592001567E1,9.014559547E-1,2.622680873E-1,-5.337958252E-1,1.079974708E0
2.592998667E1,6.025092338E-1,9.575303873E-1,-9.680018735E-1,1.488928960E0
2.593995767E1,6.854784465E-1,7.742625690E-1,-6.550892973E-1,1.224134475E0
2.594992767E1,5.723680796E-1,6.706157014E-1,-2.105804551E-1,9.064627767E-1
2.595989867E1,3.020898186E-2,7.652622423E-1,9.257779598E-2,7.714334257E-1
2.596986967E1,2.163107995E-1,1.395346799E0,3.370463741E-1,1.451682923E0
2.597984067E1,2.189756680E-1,1.613096525E0,4.274536836E-1,1.683076764E0
2.598981167E1,2.892904097E-1,9.457315832E-1,3.748977399E-1,1.057660382E0
2.599978267E1,4.016425388E-1,3.759593019E-1,-3.315733802E-1,6.423418343E-1
2.600975367E1,7.808466800E-1,6.306455970E-1,1.382047892E-2,1.003805963E0
2.601972467E1,9.214433458E-1,3.066996172E-1,1.024484807E-1,9.765337607E-1
2.602969467E1,8.987205541E-1,4.932810527E-1,4.098722756E-2,1.026014027E0
2.603966567E1,1.072519538E0,-1.133661094E-1,6.967132866E-1,1.283962397E0
2.604963667E1,6.393195029E-1,-3.625463739E-1,5.213406712E-1,9.010912248E-1
2.605960767E1,5.241591753E-1,-4.936400717E-1,1.895667315E-1,7.445528236E-1
2.606957867E1,6.809934128E-1,-6.217978826E-1,2.494615155E-1,9.553092080E-1
2.607954967E1,4.413655253E-1,-1.057909538E0,5.466784108E-1,1.269973781E0
2.608952067E1,-2.494721867E-2,-1.174132890E0,7.821937323E-1,1.411041261E0
2.609949167E1,-3.661767639E-2,-3.121126771E-1,6.981441003E-1,7.656111038E-1
2.610946167E1,-3.226245090E-1,-5.747301355E-1,1.906098747E-1,6.861001580E-1
2.611943267E1,-1.752476312E-2,-1.110266969E0,6.633081436E-2,1.112384662E0
2.612940367E1,-8.847989184E-1,-8.691772047E-1,-2.903154266E-1,1.273821489E0
2.613937467E1,-6.096165975E-1,-1.350189045E0,-4.008096761E-1,1.534695816E0
2.614934567E1,-1.330098304E0,-1.150339692E0,-3.081342316E-1,1.785326192E0
2.615931667E1,-7.463691576E-1,-4.374278641E-1,-8.836739141E-1,1.236644509E0
2.616928767E1,-8.489698852E-1,-5.553685427E-3,-3.233048326E-1,9.084639366E-1
2.617925867E1,-1.428552990E-1,-1.563311577E-2,2.635527205E-1,3.001867207E-1
2.618922867E1,-2.846413616E-1,-1.067608023E-1,7.926824677E-1,8.489782496E-1
2.619919967E1,2.342836786E-1,-6.041930857E-1,2.645637041E-1,6.999514844E-1
2.620917067E1,-8.024177894E-2,-1.452756809E0,1.385404193E-1,1.461552098E0
2.621914167E1,2.087130737E-1,-1.335496746E0,-7.233824372E-2,1.353641580E0
2.622911267E1,2.635739167E-1,-3.212428120E-1,3.024788046E-1,5.139665174E-1
2.623908367E1,4.887908296E-1,9.607560039E-2,3.854192197E-2,4.996323407E-1
2.624905467E1,-2.549570943E-1,-1.449191469E-1,9.563898879E-1,1.000343090E0
2.625902567E1,1.322032801E-1,-4.879823059E-1,1.064280957E0,1.178260749E0
2.626899567E1,1.609840795E-2,7.331616130E-1,-2.310527265E-1,7.688761097E-1
2.627896667E1,2.707646763E-1,1.161020801E0,-6.571206200E-1,1.361282601E0
2.628893767E1,4.634561598E-2,3.942163557E-1,-1.470196422E0,1.522836817E0
2.629890867E1,1.202696246E-1,-9.259065986E-1,-1.026603838E0,1.387689898E0
2.630887967E1,-3.301197624E-1,-9.039070344E-1,-8.148352289E-1,1.260945453E0
2.631885067E1,-2.350278830E-1,-2.710210767E-1,7.606058121E-3,3.588152476E-1
2.632882167E1,-3.063870835E-1,2.946455821E-1,1.276458871E0,1.345375901E0
2.633879267E1,-4.520192984E-1,3.471857384E-1,1.010845592E0,1.160460337E0
2.634876267E1,-1.423041259E-1,8.012462997E-1,7.210131454E-1,1.087247006E0
2.635873367E1,-2.997969791E-1,1.259306649E0,4.366993010E-2,1.295236862E0
2.636870467E1,-3.851030315E-1,1.275824156E0,-4.345305687E-1,1.401730515E0
2.637867567E1,-3.956902195E-1,3.943511340E-1,-9.921549672E-1,1.138619799E0
2.638864667E1,-3.403360907E-1,2.477795640E-1,-1.643148290E0,1.696219228E0
2.639861767E1,-5.963000024E-1,3.700404578E-1,-1.393324247E0,1.560082078E0
2.640858867E1,-4.142548368E-1,1.079743919E0,-5.519110841E-1,1.281428829E0
2.641855967E1,-1.128718004E-1,4.443000966E-1,-4.509489655E-2,4.606258448E-1
2.642852967E1,-1.555669266E-1,-2.015751582E-1,-2.200278014E-1,3.365202022E-1
2.643850067E1,7.629797816E-2,3.052421987E-2,-6.314992905E-4,8.217973145E-2
2.644847167E1,3.857415475E-2,2.328542536E-1,-1.573778093E-1,2.836844087E-1
2.645844267E1,3.101353680E-1,-1.877985334E-1,-3.117443025E-2,3.639011964E-1
2.646841367E1,4.225668000E-1,-1.227644853E0,1.535778793E0,2.011042288E0
2.647838467E1,-1.415977091E-1,-6.782963115E-1,1.495526560E0,1.648252253E0
2.648835567E1,2.733357701E-1,-4.578618363E-1,7.992483062E-1,9.608057864E-1
2.649832567E1,-3.843580232E-1,-6.556515071E-1,4.812322801E-1,8.995523866E-1
2.650829667E1,-5.185946725E-1,3.215968609E-6,-1.718771499E-1,5.463352351E-1
2.651826767E1,-8.502203853E-1,-9.519003958E-2,-7.145215666E-1,1.114664486E0
2.652823867E1,-5.472599164E-1,-3.072147569E-1,-5.911944330E-2,6.303724546E-1
2.653820967E1,-4.231871165E-1,-3.734403214E-1,-5.751104969E-1,8.057897324E-1
2.654818067E1,-3.423946761E-2,-3.345797262E-1,-3.523637402E-1,4.871099873E-1
2.655815167E1,3.270930974E-1,-8.171782082E-1,6.122023094E-1,1.072176192E0
2.656812267E1,6.023373988E-1,-5.929895282E-1,1.315493714E0,1.563640187E0
2.657809367E1,1.372445886E0,-1.183292261E-1,1.220185853E0,1.840234505E0
2.658806367E1,1.484847351E0,-3.742981079E-1,1.066146219E0,1.865888124E0
2.659803467E1,1.318482079E0,-5.015762052E-1,7.478506958E-1,1.596638452E0
2.660800567E1,9.361821299E-1,-2.090315276E-1,2.816136003E-2,9.596479678E-1
2.661797667E1,5.095745384E-1,-2.486949456E-1,-1.340489391E0,1.455481774E0
2.662794767E1,1.813255195E-1,-6.057756346E-1,-1.134037655E0,1.298416138E0
2.663791867E1,1.377666134E-1,-8.705802441E-1,-7.152144617E-1,1.135086485E0
2.664788967E1,4.984195858E-2,-8.031741267E-1,-9.312620634E-1,1.230781024E0
2.665785967E1,3.528929863E-1,-8.740417957E-1,2.963485837E-2,9.430592480E-1
2.666783067E1,1.451544242E-1,4.546765655E-2,9.535066259E-1,9.655630483E-1
2.667780167E1,-4.353018165E-1,8.615930736E-2,8.847521406E-1,9.897966700E-1
2.668777267E1,-3.906003644E-1,-3.132216015E-1,3.906565708E-1,6.350503702E-1
2.669774367E1,-1.592807125E-1,-3.984079322E-1,5.367790747E-1,6.871906583E-1
2.670771467E1,-3.710621126E-1,-1.236419185E0,5.417597330E-1,1.399972536E0
2.671768567E1,-4.155233902E-1,-5.411434364E-1,5.834310848E-1,8.977125026E-1
2.672765667E1,-5.862914696E-1,2.783447143E-1,5.399465114E-1,8.442486023E-1
2.673762667E1,-5.102560314E-1,-1.431991884E-1,5.450704265E-1,7.602427211E-1
2.674759767E1,-4.217083557E-1,-4.249180385E-1,-2.450848746E-1,6.468847444E-1
2.675756867E1,-3.129049748E-2,-1.776615080E-1,-2.694876444E-1,3.242935355E-1
2.676753967E1,1.217176875E-1,3.751822069E-1,1.012340140E-1,4.072164160E-1
2.677751067E1,3.907569967E-1,9.016874313E-1,-9.499328077E-2,9.872968032E-1
2.678748167E1,5.547918610E-1,1.298473638E0,-4.961596370E-2,1.412901108E0
2.679745267E1,1.526340363E-1,2.271444476E-1,3.043949372E-1,4.093263085E-1
2.680742367E1,4.563272345E-1,7.581148982E-1,9.765084028E-2,8.902294257E-1
2.681739367E1,4.349159733E-1,1.380844535E0,-4.894704223E-3,1.447724936E0
2.682736467E1,3.182749846E-1,7.649409378E-1,-6.381651163E-3,8.285374642E-1
2.683733567E1,1.934962066E-1,1.278190232E0,-2.195892602E-1,1.311270565E0
2.684730667E1,-1.430360511E-2,1.313699495E0,-7.099771106E-1,1.493344721E0
2.685727767E1,-3.120875341E-1,1.094354941E0,-5.669220561E-1,1.271381919E0
2.686724867E1,9.602684923E-2,9.131076282E-1,-7.906599158E-1,1.211664062E0
2.687721967E1,-8.018776529E-2,2.496878028E-2,-9.401094854E-2,1.260617949E-1
2.688719067E1,-7.701163083E-2,-2.896672627E-1,1.799012840E-2,3.002691444E-1
2.689716067E1,-5.590210790E-1,-6.117509043E-1,4.358228034E-1,9.363147183E-1
2.690713167E1,3.211918681E-1,-5.575320125E-1,3.437297416E-1,7.294904361E-1
2.691710267E1,-2.541101251E-1,-2.540802312E-1,6.046424443E-1,7.033642050E-1
2.692707367E1,5.309186297E-1,-1.726855275E-1,9.127684897E-1,1.069972522E0
2.693704467E1,1.978345482E-1,-6.436819643E-1,5.618384868E-1,8.769991248E-1
2.694701567E1,1.572463200E-1,-6.179755577E-1,-2.390914786E-1,6.810175697E-1
2.695698667E1,-1.771302885E-1,-7.205786973E-1,-6.088413298E-2,7.445237913E-1
2.696695667E1,-3.846469487E-1,-1.230566415E0,-1.065878416E0,1.672825088E0
2.697692767E1,-1.080209503E0,-1.169630241E0,-1.325506486E0,2.071679250E0
2.698689867E1,-8.940017780E-1,-1.327211241E0,-1.186960219E0,1.992386363E0
2.699686967E1,-1.490666647E0,-1.674315411E0,2.409029460E-1,2.254651498E0
2.700684067E1,-1.021785367E0,-2.078869059E0,2.680247295E0,3.542522755E0
2.701681167E1,-8.379820899E-1,-1.490771019E-1,2.480467817E0,2.622433709E0
2.702678267E1,-6.919035132E-1,6.444862488E-1,1.087109072E0,1.440798088E0
2.703675367E1,-3.982099309E-1,4.564772156E-1,4.039765280E-1,7.281068827E-1
2.704672367E1,3.166003420E-1,-3.478377029E-1,-3.568865615E-1,5.904192256E-1
2.705669467E1,2.521524042E-1,-9.455836487E-1,-1.648199700E0,1.916838940E0
2.706666567E1,-4.767432265E-1,-8.457786942E-1,-1.304878678E0,1.626448299E0
2.707663667E1,7.145736068E-3,-2.620941326E-1,3.981895387E-1,4.767591684E-1
2.708660767E1,-4.788876928E-1,-4.536916021E-1,1.209274948E0,1.377503319E0
2.709657867E1,1.199809183E-1,4.299138996E-1,1.134090280E0,1.218762547E0
2.710654967E1,-3.248888433E-1,1.047950853E0,1.297258587E0,1.699009592E0
2.711651967E1,-4.325667813E-2,9.155962032E-1,3.006562275E-1,9.646666339E-1
2.712649067E1,2.168246967E-1,4.931506598E-1,-1.270809876E0,1.380278328E0
2.713646167E1,3.182904797E-1,-7.904733896E-2,-2.060209717E0,2.086149896E0
2.714643267E1,-3.106736773E-1,-7.365328252E-1,-1.914576041E0,2.074753034E0
2.715640367E1,-9.114661686E-2,-6.645708498E-1,-1.383382226E0,1.537435691E0
2.716637467E1,-5.000889659E-2,-3.450918505E-1,-1.006344990E0,1.065044372E0
2.717634567E1,-4.423751932E-1,-1.310390556E0,1.347198486E-1,1.389592983E0
2.718631667E1,-5.062245224E-1,-7.635498852E-1,1.026176407E0,1.375612486E0
2.719628667E1,-5.676113697E-1,1.762675318E-1,1.048661290E0,1.205381023E0
2.720625767E1,-7.037668560E-1,9.694423351E-1,2.730064988E-3,1.197962304E0
2.721622867E1,-4.668964422E-1,1.668588941E0,5.412533641E-1,1.815251097E0
2.722619967E1,-2.805791547E-1,5.799882442E-1,1.483417561E0,1.617293630E0
2.723617067E1,-4.746687075E-1,2.225847888E-1,-1.041932899E-1,5.345190471E-1
2.724614167E1,-1.115735797E0,2.190425456E-2,-1.150978793E0,1.603152627E0
2.725611267E1,-7.538793945E-1,-1.413757342E-1,-6.336545742E-1,9.949067087E-1
2.726608367E1,-1.005810847E0,5.219134060E-1,5.844736433E-1,1.275013138E0
2.727605367E1,-1.102555807E0,9.019213200E-1,-1.710029912E-1,1.434689304E0
2.728602467E1,-4.799651154E-1,1.395022571E0,-8.194539446E-1,1.687589776E0
2.729599567E1,7.530044317E-3,1.019370540E0,-1.112315834E-1,1.025448909E0
2.730596667E1,3.718939521E-1,-1.961191213E-1,-7.027008355E-2,4.262695227E-1
2.731593767E1,4.974642239E-1,-7.517291540E-1,-3.191112095E-1,9.562423014E-1
2.732590867E1,8.548833936E-2,-6.663191673E-1,8.032583266E-1,1.047145371E0
2.733587967E1,2.545375565E-1,-4.262596822E-1,1.023813547E0,1.137840438E0
2.734584967E1,-3.645649058E-1,-1.056787750E0,7.080907989E-1,1.323291540E0
2.735582067E1,9.715748146E-2,-1.345970863E0,6.786629319E-2,1.351178365E0
2.736579167E1,-1.105048475E-1,-2.653679886E-1,3.644435030E-1,4.641665193E-1
2.737576267E1,-2.950294518E-1,-1.602525929E-1,-5.183258468E-1,6.175637250E-1
2.738573367E1,-4.477814557E-1,-1.876567385E-1,-1.492858475E-1,5.079464026E-1
2.739570467E1,-5.612751076E-1,-1.486125407E-1,-9.077930939E-1,1.077591636E0
2.740567567E1,-3.261401474E-1,-5.806255907E-2,-1.019328732E0,1.071806756E0
2.741564667E1,-1.173531065E-1,9.449977577E-3,-1.149644458E-1,1.645535703E-1
2.742561667E1,1.291579040E-1,-1.457824883E-1,8.078004438E-1,8.309487680E-1
2.743558767E1,-2.291127665E-1,-2.843012729E-1,8.131722808E-1,8.913860173E-1
2.744555867E1,2.026677836E-1,4.073936409E-1,3.245906353E-2,4.561769393E-1
2.745552967E1,3.719128825E-1,-9.652028114E-2,3.986713493E-1,5.536914317E-1
2.746550067E1,4.738433730E-1,-1.907797363E-1,5.312756753E-1,7.370063046E-1
2.747547104E1,3.422791205E-1,5.200484365E-2,5.618905270E-1,6.599852001E-1
2.748544204E1,5.304381347E-1,-4.195663744E-1,6.757100880E-1,9.560254601E-1
2.749541204E1,6.547327633E-1,-1.736000320E-1,1.849983019E-1,7.021654607E-1
2.750538304E1,5.727370390E-1,-9.798009700E-1,1.375048774E-1,1.143217061E0
2.751535404E1,3.502808889E-1,-1.066379815E0,4.468909979E-2,1.123325299E0
2.752532504E1,3.940342880E-1,-7.094043759E-1,6.607301062E-1,1.046461591E0
2.753529604E1,-9.728743583E-2,3.549903095E-2,4.615207314E-3,1.036644901E-1
2.754526704E1,-6.765228510E-4,-6.386378637E-1,4.359917879E-1,7.732707273E-1
2.755523804E1,-4.033734608E-1,-9.663193372E-1,1.172696521E0,1.572164222E0
2.756520904E1,-6.797318029E-1,2.962181908E-1,3.125512183E-1,8.046544628E-1
2.757517904E1,-1.102497262E0,2.211609918E-1,1.445957959E-2,1.124553901E0
2.758515004E1,-6.254584589E-1,-2.547205013E-1,-6.677368248E-1,9.497122115E-1
2.759512104E1,-3.157530805E-1,-4.607953843E-1,-2.560786926E0,2.621004020E0
2.760509204E1,-2.216438256E-1,-8.265100721E-1,-2.262492973E0,2.418908708E0
2.761506304E1,-6.539590305E-1,-6.017097732E-1,-3.283234978E-1,9.473718298E-1
2.762503404E1,-8.269397693E-1,-3.863270000E-1,9.464548838E-1,1.314859224E0
2.763500504E1,-1.665020239E-1,2.295988163E-1,1.231104358E0,1.263351290E0
2.764497504E1,3.050431010E-1,-2.116273990E-1,1.232212991E0,1.286929020E0
2.765494604E1,5.397370349E-1,-2.569102836E-1,7.218054432E-1,9.371883794E-1
2.766491704E1,7.238204668E-1,-3.240731567E-2,6.707083797E-1,9.873277231E-1
2.767488804E1,9.181844732E-1,6.762851617E-1,-3.423895597E-1,1.190653164E0
2.768485904E1,1.032652271E0,1.492538048E0,-4.431739229E-1,1.868272909E0
2.769483004E1,4.470299423E-1,1.229591976E0,-7.822943044E-1,1.524374159E0
2.770480104E1,1.986956238E-1,9.426068312E-1,-1.152104382E0,1.501776314E0
2.771477204E1,-4.939414226E-1,1.320048695E0,-1.303679999E0,1.919918807E0
2.772474204E1,-7.589234219E-1,3.810876024E-1,-1.045061159E0,1.346605119E0
2.773471304E1,-1.284491922E0,4.275334981E-1,-2.495696890E-1,1.376586147E0
2.774468404E1,-8.506715711E-1,5.512842625E-1,1.088845110E0,1.487662641E0
2.775465504E1,-1.139681095E0,6.344764003E-1,1.691868460E-1,1.315316498E0
2.776462604E1,-7.847689191E-1,4.507384658E-2,2.947499549E-1,8.395066670E-1
2.777459704E1,-5.286292986E-1,1.166405502E-1,6.240885293E-1,8.261600606E-1
2.778456804E1,5.770465100E-1,-3.801184264E-1,3.119869620E-1,7.581613002E-1
2.779453804E1,-2.459989406E-2,-8.425010374E-1,-2.559384763E-1,8.808618828E-1
2.780450904E1,6.219508604E-1,-2.493489566E-1,-2.423366833E-1,7.125481338E-1
2.781448004E1,4.437213685E-1,-2.157055396E-1,-1.344549698E-1,5.113664748E-1
2.782445104E1,2.411209010E-2,-1.017313197E0,-2.655723488E-1,1.051682560E0
2.783442204E1,2.724422425E-2,-8.442160258E-1,2.390312523E-1,8.778262274E-1
2.784439304E1,-4.589298302E-1,-9.838694626E-1,-1.050393820E-1,1.090710310E0
2.785436404E1,-7.041871246E-1,-3.521608418E-1,-4.763703203E-1,9.202311922E-1
2.786433404E1,-9.724002953E-1,-1.251898519E0,3.123430574E-1,1.615664081E0
2.787430504E1,-9.568812733E-1,-1.235514913E0,8.197480595E-1,1.764682904E0
2.788427604E1,-1.158821371E0,-4.355430141E-1,4.191254944E-1,1.306993063E0
2.789424704E1,-1.224933061E0,-2.113344535E-1,7.362989366E-2,1.245208664E0
2.790421804E1,-1.047556678E0,-5.779610145E-1,1.024063808E-1,1.200791820E0
2.791418904E1,-4.099029735E-2,-1.186461452E0,-5.827200633E-1,1.322472553E0
2.792416004E1,-2.456521276E-1,-7.296310642E-1,-5.611970472E-1,9.527059271E-1
2.793413104E1,1.542094955E-1,-3.255165419E-1,-6.465570402E-1,7.401199861E-1
2.794410104E1,-1.856591834E-1,3.430488333E-1,-5.430759412E-1,6.686428885E-1
2.795407204E1,-5.549811646E-2,-2.661120468E-1,-3.277370220E-1,4.258018530E-1
2.796404304E1,9.871934585E-2,-2.585755706E-1,2.658167624E-1,3.837517246E-1
2.797401404E1,2.787710495E-1,3.099310809E-1,2.123100615E-1,4.678099348E-1
2.798398504E1,4.915092733E-1,3.881823215E-1,1.226278067E0,1.376962155E0
2.799395604E1,5.268209010E-1,1.896178946E-1,5.322550839E-1,7.725222858E-1
2.800392704E1,1.418956248E-1,4.719024628E-2,-1.505190253E-1,2.121727236E-1
2.801389704E1,3.675976373E-1,-2.960547611E-1,-1.682793581E-1,5.010931919E-1
2.802386804E1,3.256337055E-1,-1.956566066E-1,1.335153222E-2,3.801277170E-1
2.803383904E1,3.941565679E-1,-2.061745781E-1,-7.212721771E-1,8.474083491E-1
2.804381004E1,5.230802909E-1,-1.408980167E-1,-3.955658931E-1,6.707738946E-1
2.805378104E1,1.172041487E-1,-8.680907920E-1,1.096209678E0,1.403208500E0
2.806375204E1,5.875252321E-1,2.051466376E-1,6.742553008E-1,9.175463213E-1
2.807372304E1,9.867423458E-1,4.955079648E-1,5.082569414E-1,1.215530221E0
2.808369304E1,7.146705975E-1,1.081713846E0,-4.510401821E-1,1.372696672E0
2.809366404E1,-3.352734983E-2,2.480973601E-2,-5.447605240E-1,5.463548615E-1
2.810363504E1,1.647239587E-1,-7.191636711E-2,-1.433016316E0,1.444244338E0
2.811360604E1,1.524226595E-1,-8.562776622E-1,-1.667780271E0,1.880939960E0
2.812357704E1,2.278317878E-1,-4.481238833E-1,1.787903130E-1,5.335619124E-1
2.813354804E1,-5.703261589E-1,8.809532046E-1,1.218045772E0,1.607789159E0
2.814351904E1,-4.842225462E-4,6.782492414E-1,6.227261281E-1,9.207660390E-1
2.815349004E1,9.864800982E-2,7.283467233E-1,-3.570222169E-1,8.171200907E-1
2.816346004E1,8.772111328E-1,1.613237735E0,-2.326712358E-1,1.850991968E0
2.817343104E1,5.816317503E-1,1.353403844E0,-1.683336788E0,2.236877332E0
2.818340204E1,3.043650433E-1,1.105992362E0,-2.217076480E0,2.496254254E0
2.819337304E1,3.621268362E-1,1.096179857E0,-1.517302760E0,1.906555478E0
2.820334404E1,4.851577353E-1,-6.697561607E-1,-6.059235692E-2,8.292302313E-1
2.821331504E1,-6.914709654E-1,-1.926394433E0,2.849234167E0,3.508170883E0
2.822328604E1,-1.724525890E-1,-4.860267046E-1,4.148200141E0,4.180134718E0
2.823325604E1,-2.530670549E-1,1.198205292E0,3.383545716E0,3.598349687E0
2.824322704E1,6.455890337E-1,1.161970681E0,2.595008925E0,2.915652994E0
2.825319804E1,1.331420798E0,7.870059907E-2,-1.370745224E-1,1.340770133E0
2.826316904E1,7.636412479E-2,-6.864125392E-1,-1.797518876E0,1.925634380E0
2.827314004E1,-1.056942701E-1,-3.687765822E-1,-1.823975773E0,1.863881720E0
2.828311104E1,-4.728682767E-1,-4.458171567E-1,-5.685224390E-1,8.634669119E-1
2.829308204E1,2.207294673E-1,-1.033251538E0,-6.905608463E-1,1.262222057E0
2.830305204E1,3.151851697E-1,-1.016980491E0,-4.960532176E-1,1.174589207E0
2.831302304E1,3.576692844E-1,-8.634448868E-1,8.573386395E-1,1.268264141E0
2.832299404E1,2.329909323E-1,2.039216459E-3,1.869177089E0,1.883643258E0
2.833296504E1,8.003975764E-2,2.288304922E-1,1.220409216E0,1.244254159E0
2.834293604E1,4.504263707E-1,-2.934735078E-1,1.411270521E0,1.510197040E0
2.835290704E1,2.043246652E-1,5.432686070E-1,4.133975619E-1,7.125916729E-1
2.836287804E1,2.304453470E-1,-1.612606528E-1,-5.406464231E-1,6.094330241E-1
2.837284804E1,8.763745424E-1,-4.662014276E-2,-2.543935250E0,2.691061562E0
2.838281904E1,6.506339382E-1,-7.263063374E-1,-2.949006377E0,3.106039927E0
2.839279004E1,9.727042043E-1,-1.591566785E0,-1.370842288E0,2.314831933E0
2.840276104E1,6.342514287E-1,-9.284135923E-1,-1.062898090E0,1.547248856E0
2.841273204E1,-1.355960539E-1,-7.419023234E-1,2.780707723E-1,8.038213120E-1
2.842270304E1,3.171924457E-2,3.095647529E-1,1.702330883E0,1.730539477E0
2.843267404E1,-3.364948355E-1,-1.715634468E-1,1.829013149E0,1.867605925E0
2.844264504E1,-1.257948048E-1,-3.501391670E-1,1.777605599E0,1.816123188E0
2.845261504E1,-2.936110635E-1,-1.903382131E0,1.559802663E0,2.478317038E0
2.846258604E1,-6.583651999E-1,-1.676689965E0,1.476653502E0,2.329214361E0
2.847255758E1,-3.912439236E-1,6.984601423E-1,3.431730866E-3,8.005811358E-1
2.848252858E1,3.834384754E-2,3.615678424E-1,-4.150242573E-1,5.517668796E-1
2.849249958E1,7.673052594E-2,-1.481500551E0,7.705928564E-2,1.485486315E0
2.850247058E1,-3.302676970E-1,-1.277549962E0,2.236057127E-1,1.338361002E0
2.851244158E1,-6.644558059E-1,1.841656584E-1,-2.072779477E-2,6.898174752E-1
2.852241158E1,4.887279721E-1,1.811567689E0,-1.993584788E-1,1.886895950E0
2.853238258E1,1.262878713E0,8.028592542E-1,1.003582765E0,1.801839059E0
2.854235358E1,1.536854680E0,6.964677036E-2,6.683759254E-1,1.677348908E0
2.855232458E1,1.599554374E0,1.081176779E0,-1.987310725E-1,1.940879043E0
2.856229558E1,1.398727074E0,1.431080888E0,2.972929090E-1,2.023070194E0
2.857226658E1,9.530733472E-1,1.240018731E0,-1.179114425E-1,1.568406314E0
2.858223758E1,1.375076256E0,5.880211490E-1,-1.297069137E0,1.979644395E0
2.859220758E1,8.492849770E-1,1.981925440E-1,-1.278709465E0,1.547792994E0
2.860217858E1,5.107583072E-1,1.406610290E0,-3.635365999E-1,1.539995265E0
2.861214958E1,1.041603262E0,2.312554495E0,-7.138362730E-1,2.634844943E0
2.862212058E1,3.456637812E-1,1.013518062E0,-9.680819803E-1,1.443566774E0
2.863209158E1,6.173076595E-1,1.239989787E-2,-5.110174119E-2,6.195432930E-1
2.864206258E1,-2.991589017E-2,3.188533473E-1,-3.224587405E-1,4.544689834E-1
2.865203358E1,-3.536388718E-2,2.505309713E-1,-4.736694914E-1,5.370094591E-1
2.866200458E1,3.701783060E-1,-1.418256775E-1,-2.791887599E-1,4.848637589E-1
2.867197458E1,3.952535786E-1,-1.577041424E0,1.013685000E0,1.915944238E0
2.868194558E1,3.424166031E-1,-8.131179017E-1,1.789328097E0,1.995020022E0
2.869191658E1,6.096920997E-2,-7.959928688E-1,1.870319635E0,2.033572577E0
2.870188758E1,-2.987956434E-2,3.055310512E-1,1.394180864E-1,3.371637798E-1
2.871185858E1,-5.164043786E-1,-3.923987487E-1,1.597734135E-1,6.679654212E-1
2.872182958E1,-1.223080809E0,-6.170362025E-1,5.116956890E-1,1.462358649E0
2.873180058E1,-7.030998348E-1,-4.062733144E-2,-1.201871789E-1,7.144542783E-1
2.874177058E1,-6.619696429E-1,-6.313475552E-1,-4.925548285E-1,1.038948412E0
2.875174158E1,-6.034396720E-1,1.406021476E-2,-7.902991426E-1,9.944394713E-1
2.876171258E1,-1.932748894E-1,-5.584453475E-1,5.922890317E-1,8.366735840E-1
2.877168358E1,-7.723313798E-1,-1.473986879E0,1.111901851E0,2.001364236E0
2.878165458E1,2.719447175E-1,2.430634922E-1,3.772559220E-1,5.247435767E-1
2.879162558E1,5.949635482E-1,1.302093065E-1,1.914670181E0,2.009203322E0
2.880159658E1,8.291985487E-1,-8.317003530E-1,1.275928529E0,1.734153777E0
2.881156658E1,7.463816560E-1,-1.513896757E-1,-7.024844885E-1,1.036093078E0
2.882153758E1,7.675642911E-1,-1.470802778E-1,-6.500256085E-1,1.016523901E0
2.883150858E1,6.179493184E-1,-4.677047467E-1,-1.315939271E-1,7.860827258E-1
2.884147958E1,9.097407284E-1,-6.134653080E-1,-9.246886235E-1,1.434927499E0
2.885145058E1,1.175410799E0,-2.754389405E-2,-7.988922107E-1,1.421470357E0
2.886142158E1,9.144907871E-1,-5.108171448E-1,-2.256732881E-1,1.071520410E0
2.887139258E1,1.112716222E0,-4.142784449E-1,-6.612698042E-1,1.359059150E0
2.888136258E1,1.103980555E0,-5.926726091E-1,2.367707187E-1,1.275184010E0
2.889133358E1,1.066439749E0,-3.680676073E-1,1.344048591E0,1.754774663E0
2.890130458E1,1.150841530E0,4.674205720E-2,1.161679782E0,1.635885376E0
2.891127558E1,1.172824795E0,-5.525878993E-1,8.553383070E-1,1.553214410E0
2.892124658E1,6.350291084E-1,-3.597201222E-1,9.810359019E-1,1.222739537E0
2.893121758E1,1.107478067E0,-6.582915249E-1,4.487024653E-1,1.364254119E0
2.894118858E1,5.299120315E-1,-1.410529679E-1,-8.749761808E-1,1.032611262E0
2.895115958E1,5.760487557E-1,-8.098393679E-5,-4.252001667E-1,7.159799978E-1
2.896112958E1,-1.231816842E-1,-2.130257607E-2,-4.115504265E-2,1.316102754E-1
2.897110058E1,-3.975850828E-1,3.338444388E-1,-7.464771849E-1,9.092602460E-1
2.898107158E1,-5.306631064E-1,1.165406798E0,-1.510055137E0,1.979909809E0
2.899104258E1,4.238873206E-2,1.495282439E0,-5.488372028E-2,1.496889641E0
2.900101358E1,3.087324017E-1,8.229020476E-1,1.018600754E0,1.345373915E0
2.901098458E1,-7.517472804E-2,8.478331134E-1,1.275349070E0,1.533293018E0
2.902095558E1,-2.379648663E-1,8.611802602E-1,2.802336574E-1,9.363704506E-1
2.903092558E1,-4.487480005E-1,1.786717607E0,-7.675289154E-2,1.843807360E0
2.904089658E1,-6.893740808E-1,3.384248552E-1,-5.043182570E-1,9.187518219E-1
2.905086758E1,-6.626604183E-1,-2.308729246E-1,-6.965057105E-1,9.887069040E-1
2.906083858E1,-3.506164460E-1,4.782127780E-1,-5.132241511E-1,7.842310772E-1
2.907080958E1,-2.178090023E-1,-4.486173883E-1,-1.187725035E0,1.288172768E0
2.908078058E1,2.969319165E-1,-5.224838018E-1,-1.575367951E0,1.686102626E0
2.909075158E1,5.388106897E-2,-1.919709603E0,-3.583700001E-2,1.920799943E0
2.910072158E1,-1.846562397E-1,-2.387952002E0,2.194664687E0,3.248532865E0
2.911069258E1,-6.968530351E-1,-1.165641271E0,2.781966044E0,3.095748503E0
2.912066358E1,-1.718311031E-1,1.813782907E-1,7.266761738E-1,7.684284442E-1
2.913063458E1,-9.667230874E-2,-5.481197494E-1,-2.778012156E-3,5.565864824E-1
2.914060558E1,-2.849069714E-1,-1.035571713E0,-3.805742168E-1,1.139481237E0
2.915057658E1,-1.226416353E0,-1.402036891E0,-4.117696971E-1,1.907710355E0
2.916054758E1,-9.490676390E-1,2.463227302E-2,1.409781235E-1,9.597973555E-1
2.917051758E1,-1.122673591E0,-1.105512598E-1,3.470012587E-1,1.180265838E0
2.918048858E1,-7.491806450E-1,1.501126438E-2,8.879838967E-1,1.161900330E0
2.919045958E1,-3.349171836E-1,8.872547489E-1,6.483141285E-1,1.148782712E0
2.920043058E1,-7.515348072E-1,1.139989828E0,-3.749415940E-1,1.415967010E0
2.921040158E1,-3.208330683E-1,8.329121885E-1,-1.162747484E0,1.465830237E0
2.922037258E1,-5.216147594E-2,4.477137011E-1,-2.037449430E0,2.086712380E0
2.923034358E1,-3.768713944E-1,-6.383639216E-1,-1.280250206E0,1.479385391E0
2.924031458E1,-5.208305747E-1,-1.586635828E0,-1.142902619E-1,1.673839897E0
2.925028458E1,-1.069178292E0,-1.077780131E0,5.821271557E-1,1.625922587E0
2.926025558E1,-8.864873019E-1,1.257712698E-1,4.650062567E-1,1.008914747E0
2.927022658E1,-4.837847359E-1,-6.800721109E-2,1.332562321E0,1.419293835E0
2.928019758E1,-6.084606030E-1,-5.092737722E-1,1.619381112E0,1.803324504E0
2.929016858E1,-5.336587080E-1,3.229037136E-2,6.429311818E-1,8.361786826E-1
2.930013958E1,6.317229465E-2,4.906050745E-1,3.125787002E-1,5.851406000E-1
2.931011058E1,1.019346566E-1,1.056312079E0,1.588583243E-1,1.073043266E0
2.932008058E1,-9.223938838E-2,4.916476330E-1,-3.220061660E-1,5.949062706E-1
2.933005158E1,-2.537667473E-1,-4.453350538E-1,-3.011012006E-1,5.944600955E-1
2.934002258E1,-3.852832720E-1,-1.414415154E0,-6.653271872E-1,1.609867601E0
2.934999358E1,-2.573146185E-1,-2.143291927E0,-9.050870025E-1,2.340746373E0
2.935996458E1,-9.063174760E-1,-1.506557917E0,-8.020152086E-1,1.932448323E0
2.936993558E1,-1.298777109E0,-8.861455321E-1,9.001846969E-2,1.574858472E0
2.937990658E1,-7.035116981E-1,-6.058095485E-2,3.882527804E-1,8.058157252E-1
2.938987658E1,-7.529809698E-1,-2.098273337E-2,1.552151581E0,1.725281179E0
2.939984758E1,-8.233406619E-1,2.237203181E-1,1.125627605E0,1.412436948E0
2.940981858E1,-5.202527967E-1,6.043813661E-1,1.296310169E-1,8.079257445E-1
2.941978958E1,4.597080946E-3,5.598045328E-1,-5.197484744E-1,7.638983733E-1
2.942976058E1,9.827561527E-3,9.195065287E-1,-8.847743601E-1,1.276093455E0
2.943973158E1,7.293198462E-1,1.188934824E0,-9.995154423E-1,1.715955877E0
2.944970258E1,1.168853585E0,1.175992012E0,-1.068031361E0,1.972274551E0
2.945967358E1,7.252323501E-1,8.185990816E-1,-9.417741877E-1,1.443261944E0
2.946964358E1,9.936528046E-1,-2.339529455E-1,-1.246438097E0,1.611113840E0
2.947961421E1,6.878272730E-1,-2.403159148E0,-3.551552010E-1,2.524760477E0
2.948958521E1,-2.110109563E-1,-2.904334526E0,5.808331668E-1,2.969352090E0
2.949955621E1,-5.881411631E-1,-1.397849700E0,1.960731622E0,2.478782424E0
2.950952721E1,-6.258349465E-1,-3.041116396E-1,2.946949911E0,3.027980688E0
2.951949821E1,-7.460175207E-1,4.452885684E-1,2.889509203E0,3.017298044E0
2.952946921E1,7.945920222E-2,6.097707447E-1,1.991016691E0,2.083814192E0
2.953943921E1,4.462667345E-1,5.654611292E-1,1.430311979E0,1.601465780E0
2.954941021E1,3.067186937E-1,9.075258762E-2,6.530872107E-1,7.272106256E-1
2.955938121E1,7.858209794E-1,-4.531144819E-1,-8.594091386E-1,1.249564489E0
2.956935221E1,8.360071197E-1,-7.315708780E-1,-1.467959862E0,1.840926400E0
2.957932321E1,6.886078763E-1,-1.192445785E0,-9.805102372E-1,1.690416541E0
2.958929421E1,4.445467760E-1,-5.117062140E-1,-1.012217349E0,1.218215517E0
2.959926521E1,3.764041288E-1,-5.952564937E-1,-7.137947577E-1,1.002752870E0
2.960923521E1,4.817034926E-1,-9.224812996E-1,-7.034410930E-1,1.256120764E0
2.961920621E1,4.862165929E-1,-1.207241287E0,-1.349829733E-2,1.301545352E0
2.962917721E1,-1.061168046E-1,-2.114385340E0,9.781812912E-1,2.332107369E0
2.963914821E1,-5.654704848E-1,-1.352248434E0,3.063765585E-2,1.466039346E0
2.964911921E1,-3.543400260E-1,-7.058048299E-1,-7.070230973E-1,1.059999515E0
2.965909021E1,-4.265918040E-1,-1.010700581E0,9.694040358E-2,1.101314521E0
2.966906121E1,-7.410055067E-1,-7.872761321E-1,4.717498505E-1,1.179593485E0
2.967903221E1,-6.577717806E-1,-1.039870001E0,1.273953339E0,1.771143824E0
2.968900221E1,-5.352854034E-1,-3.626884612E-1,2.379056633E-2,6.470234726E-1
2.969897321E1,-1.971227959E-2,2.430114520E-1,-2.405866116E-1,3.425274550E-1
2.970894421E1,-1.421071478E-1,3.235556781E-1,3.885474801E-2,3.555171019E-1
2.971891521E1,2.414936610E-2,7.716547108E-1,2.302990204E-1,8.056499385E-1
2.972888621E1,-3.825374926E-1,9.869442210E-1,-5.799063832E-1,1.206932161E0
2.973885721E1,-6.840034132E-1,5.975985959E-1,-1.552862602E-1,9.214654491E-1
2.974882821E1,-7.309205946E-1,2.206242174E-2,-1.573386329E0,1.735014757E0
2.975879821E1,-8.192318965E-1,-3.410569793E-1,-1.227887805E0,1.514981592E0
2.976876921E1,-8.694618910E-1,1.523363400E-1,1.301596051E-1,8.922510090E-1
2.977874021E1,-2.863646822E-1,3.913094124E-1,6.765462399E-1,8.323716731E-1
2.978871121E1,-2.013643661E-1,-2.864793608E-1,1.904417673E0,1.936343127E0
2.979868221E1,-1.172272452E-1,-5.822552097E-1,2.492514251E0,2.562301826E0
2.980865321E1,-2.829784866E-1,2.349805936E-1,1.731179291E0,1.769823280E0
2.981862421E1,-4.340454691E-1,5.111021966E-1,1.165482227E0,1.344607655E0
2.982859421E1,-4.379104786E-1,-5.020448595E-2,-1.734073663E-1,4.736625301E-1
2.983856521E1,-4.891502872E-1,-3.239541659E-1,-1.212873325E0,1.347321790E0
2.984853621E1,-2.087988815E-1,3.629542172E-1,-2.052187922E0,2.094470817E0
2.985850721E1,-7.371313608E-1,-5.119903886E-1,-1.528213665E0,1.772267984E0
2.986847821E1,-8.257728843E-1,-7.403829244E-1,-1.118272392E0,1.574992341E0
2.987844921E1,-4.702073185E-1,-5.749304026E-1,-7.937811595E-1,1.087073328E0
2.988842021E1,-1.230538348E0,-2.647160241E-1,1.819624275E-1,1.271774164E0
2.989839121E1,-1.350627001E0,9.076407740E-1,7.258932316E-1,1.781832218E0
2.990836121E1,-1.300627460E0,6.596609429E-1,3.649633205E-1,1.503323842E0
2.991833221E1,-1.370734991E0,1.213519442E-1,-4.144231635E-1,1.437145528E0
2.992830321E1,-1.418965603E0,-1.553935567E-1,-1.036336529E0,1.763973906E0
2.993827421E1,-1.273780408E0,-1.619018000E-1,-5.104800528E-1,1.381780954E0
2.994824521E1,-1.535021870E0,-2.648309219E-1,-5.034452677E-4,1.557699526E0
2.995821621E1,-1.130410335E0,-8.058182377E-1,3.685921025E-1,1.436325414E0
2.996818721E1,-6.684697732E-1,-6.377262828E-1,5.550709194E-1,1.077798856E0
2.997815721E1,-6.561104404E-1,-1.732763886E-1,3.379895300E-1,7.581177608E-1
2.998812821E1,-5.845058395E-1,-7.317579889E-1,8.647230881E-1,1.274701083E0
2.999809921E1,-5.724580902E-1,-3.797740254E-1,2.446825862E-1,7.292503983E-1