"Time (s)","X (m/s^2)","Y (m/s^2)","Z (m/s^2)"
2.012833022E-3,6.381230164E-1,6.847211151E0,6.934180298E0
1.196783315E-2,6.891668701E-1,6.829847260E0,7.004983063E0
2.192283329E-2,7.209008789E-1,6.808890839E0,7.084467773E0
3.187783342E-2,7.216493225E-1,6.809639282E0,7.112758942E0
4.183283309E-2,7.571255493E-1,6.824757843E0,7.096293182E0
5.178783322E-2,7.824229431E-1,6.836732941E0,7.041207733E0
6.174283335E-2,8.330177307E-1,6.822512512E0,6.984475708E0
7.169783302E-2,8.662486267E-1,6.778803406E0,6.979835358E0
8.165283315E-2,8.325686646E-1,6.754254456E0,7.014263763E0
9.160783328E-2,7.547305298E-1,6.752158813E0,7.025340729E0
1.015638332E-1,7.135661316E-1,6.775809631E0,7.031627655E0
1.115188333E-1,7.203021240E-1,6.806645508E0,7.034172363E0
1.214738335E-1,7.524851990E-1,6.823859711E0,7.075187073E0
1.314288331E-1,7.628137207E-1,6.820865936E0,7.082372131E0
1.413838333E-1,7.628137207E-1,6.791676636E0,7.081174622E0
1.513388334E-1,7.473957825E-1,6.753655701E0,7.065606995E0
1.612938331E-1,7.515870667E-1,6.747518463E0,7.063661041E0
1.712488332E-1,7.479945374E-1,6.746320953E0,7.055727539E0
1.812038333E-1,7.720944214E-1,6.742728424E0,7.065906372E0
1.911588334E-1,8.125103760E-1,6.730004883E0,7.110513611E0
2.011138331E-1,8.511300659E-1,6.717730408E0,7.176676025E0
2.110688332E-1,9.286688232E-1,6.699019318E0,7.182962952E0
2.210238334E-1,9.053173828E-1,6.667734375E0,7.195686493E0
2.309788330E-1,8.509803772E-1,6.647825775E0,7.189399567E0
2.409348334E-1,8.728349304E-1,6.619384918E0,7.151678009E0
2.508898331E-1,8.783734131E-1,6.621031494E0,7.106472015E0
2.608448332E-1,8.584648132E-1,6.639293518E0,7.109765167E0
2.707998333E-1,8.436456299E-1,6.663543091E0,7.124284973E0
2.807548330E-1,7.598199463E-1,6.666087799E0,7.156168671E0
2.907098331E-1,7.518864441E-1,6.675069122E0,7.185507660E0
3.006648333E-1,8.294252014E-1,6.681655426E0,7.194488983E0
3.106198334E-1,9.006770325E-1,6.664890289E0,7.180717621E0
3.205748331E-1,9.231303406E-1,6.654262390E0,7.148085480E0
3.305298332E-1,8.881031799E-1,6.654711456E0,7.113956451E0
3.404848333E-1,8.647517395E-1,6.682703247E0,7.096592560E0
3.504398335E-1,8.640032959E-1,6.702312469E0,7.129823456E0
3.603948331E-1,8.982820129E-1,6.693031769E0,7.207212524E0
3.703508331E-1,9.400451660E-1,6.656208344E0,7.219037933E0
3.803058332E-1,9.023236084E-1,6.662195892E0,7.194488983E0
3.902608333E-1,8.631051636E-1,6.678961029E0,7.125931549E0
4.002158334E-1,8.890013123E-1,6.694229279E0,7.120393066E0
4.101708331E-1,9.113049316E-1,6.705006866E0,7.127428436E0
4.201258332E-1,8.930429077E-1,6.734345856E0,7.163054352E0
4.300808334E-1,8.635542297E-1,6.715934143E0,7.193291473E0
4.400358330E-1,8.253836060E-1,6.717431030E0,7.163653107E0
4.499908332E-1,8.140072632E-1,6.722520447E0,7.133565674E0
4.599458333E-1,8.376580811E-1,6.685846710E0,7.087611237E0
4.699008334E-1,8.321195984E-1,6.615193634E0,7.025789795E0
4.798558331E-1,7.441026306E-1,6.752308502E0,6.950047302E0
4.898108332E-1,7.888595581E-1,6.756649475E0,7.029232635E0
4.997668331E-1,6.614744568E-1,6.826853485E0,7.085665283E0
5.097218333E-1,7.988887024E-1,6.731202393E0,7.191644897E0
5.196768334E-1,7.765850830E-1,6.723119202E0,7.083869019E0
5.296318331E-1,7.441026306E-1,6.815776520E0,6.949298859E0
5.395868332E-1,6.556365967E-1,6.905889130E0,6.959328003E0
5.495418333E-1,4.587959290E-1,6.930737457E0,6.992858276E0
5.594968335E-1,3.998185730E-1,6.887926483E0,7.014862518E0
5.694518331E-1,4.273612976E-1,6.917564850E0,7.016359406E0
5.794068333E-1,4.174818420E-1,6.915020142E0,7.048841858E0
5.893618334E-1,3.908372498E-1,6.900500336E0,7.058871002E0
5.993168331E-1,3.767665100E-1,6.882837067E0,7.070247345E0
6.092718332E-1,4.035607910E-1,6.854845276E0,7.102280731E0
6.192268333E-1,5.725593567E-1,6.819219360E0,7.068151703E0
6.291818335E-1,7.048841858E-1,6.724017334E0,7.094047852E0
6.391360834E-1,7.914042664E-1,6.693031769E0,7.069648590E0
6.490910831E-1,9.277706909E-1,6.693181458E0,7.081773376E0
6.590460832E-1,9.906399536E-1,6.665638733E0,7.113507385E0
6.690010834E-1,1.041833496E0,6.625222778E0,7.073839874E0
6.789560830E-1,1.026864624E0,6.646328888E0,7.104226685E0
6.889110832E-1,1.056502991E0,6.682403870E0,7.104076996E0
6.988660833E-1,1.054856415E0,6.691085815E0,7.154372406E0
7.088210834E-1,1.050964508E0,6.668333130E0,7.156468048E0
7.187760831E-1,1.068627777E0,6.662046204E0,7.135960693E0
7.287310832E-1,9.975256348E-1,6.669081573E0,7.131619720E0
7.386860834E-1,9.553134155E-1,6.705306244E0,7.056326294E0
7.486410830E-1,9.105564880E-1,6.716532898E0,7.097790070E0
7.585960831E-1,8.825646973E-1,6.734944611E0,7.087311859E0
7.685510833E-1,8.593629456E-1,6.715634766E0,7.117249603E0
7.785070832E-1,9.313632202E-1,6.760242004E0,7.052883453E0
7.884620833E-1,9.439370728E-1,6.783144379E0,7.092401276E0
7.984170835E-1,9.782157898E-1,6.754104767E0,7.106472015E0
8.083720831E-1,1.004860382E0,6.742578735E0,7.083569641E0
8.183270833E-1,9.648934937E-1,6.706054688E0,7.128625946E0
8.282820834E-1,8.878038025E-1,6.750512238E0,7.046746216E0
8.382370831E-1,8.375083923E-1,6.737639008E0,7.062912598E0
8.481920832E-1,8.385562134E-1,6.760092316E0,6.999743958E0
8.581470833E-1,8.901988220E-1,6.715036011E0,7.063211975E0
8.681020834E-1,9.056167603E-1,6.716532898E0,7.150929565E0
8.780570831E-1,9.026229858E-1,6.690786438E0,7.189399567E0
8.880120832E-1,9.222322083E-1,6.670428772E0,7.201075287E0
8.979670834E-1,9.147477722E-1,6.664291534E0,7.114405518E0
9.079230833E-1,9.681866455E-1,6.614744568E0,7.136409760E0
9.178780834E-1,9.547146606E-1,6.589746552E0,7.195985870E0
9.278330831E-1,8.970845032E-1,6.545289001E0,7.255561981E0
9.377880832E-1,8.740324402E-1,6.623875580E0,7.274871826E0
9.477430834E-1,8.128097534E-1,6.752607880E0,7.190148010E0
9.576980830E-1,7.710466003E-1,6.780300293E0,7.129524078E0
9.676530831E-1,7.014413452E-1,6.748566284E0,7.086713104E0
9.776080833E-1,6.113287354E-1,6.679559784E0,7.100783844E0
9.875630834E-1,5.692662048E-1,6.719676361E0,7.058122559E0
9.975180831E-1,5.692662048E-1,6.771019592E0,7.030280457E0
1.007473083E0,6.174659729E-1,6.793472900E0,7.054530029E0
1.017428083E0,6.572831726E-1,6.810836792E0,7.084617462E0
1.027383083E0,6.450086975E-1,6.815177765E0,7.094197540E0
1.037338083E0,5.902226257E-1,6.815028076E0,7.049739990E0
1.047294083E0,5.535488892E-1,6.822811890E0,7.031178589E0
1.057249083E0,5.459147644E-1,6.861281891E0,7.012467499E0
1.067204083E0,6.212081909E-1,6.828200684E0,7.039710846E0
1.077159083E0,6.722520447E-1,6.786138153E0,7.065008240E0
1.087114083E0,7.159611511E-1,6.760092316E0,7.068900146E0
1.097069083E0,7.794291687E-1,6.750512238E0,7.095544739E0
1.107024083E0,8.403524780E-1,6.733747101E0,7.106022949E0
1.116979083E0,9.024732971E-1,6.691684570E0,7.151079254E0
1.126934083E0,9.286688232E-1,6.652466125E0,7.154073029E0
1.136889083E0,9.087602234E-1,6.624624023E0,7.149432678E0
1.146844083E0,9.000782776E-1,6.640640717E0,7.123835907E0
1.156799083E0,8.783734131E-1,6.666686554E0,7.138655090E0
1.166754083E0,8.744815063E-1,6.677314453E0,7.150779877E0
1.176710083E0,8.732839966E-1,6.669231262E0,7.169790344E0
1.186665083E0,8.575666809E-1,6.677314453E0,7.189549255E0
1.196620083E0,8.063731384E-1,6.673572235E0,7.138505402E0
1.206575083E0,7.643106079E-1,6.690936127E0,7.112309875E0
1.216530083E0,7.509883118E-1,6.729555817E0,7.122488708E0
1.226485083E0,7.665559387E-1,6.763086090E0,7.106022949E0
1.236440083E0,8.285270691E-1,6.747967529E0,7.125033417E0
1.246395083E0,8.415499878E-1,6.749314728E0,7.112908630E0
1.256350083E0,8.253836060E-1,6.741381226E0,7.085515594E0
1.266305083E0,7.902067566E-1,6.742429047E0,7.074738007E0
1.276260083E0,7.673043823E-1,6.750961304E0,7.093898163E0
1.286215083E0,7.451504517E-1,6.761439514E0,7.081024933E0
1.296170083E0,6.899153137E-1,6.761888580E0,7.059619446E0
1.306125083E0,7.354206848E-1,6.763684845E0,7.064559174E0
1.316081083E0,7.711962891E-1,6.761140137E0,7.047644348E0
1.326036083E0,8.170010376E-1,6.791077881E0,7.030579834E0
1.335991083E0,8.083190918E-1,6.793472900E0,7.064409485E0
1.345946083E0,7.702981567E-1,6.808890839E0,7.091203766E0
1.355901083E0,7.490423584E-1,6.806046753E0,7.079827423E0
1.365856083E0,7.400610352E-1,6.790628815E0,7.072043610E0
1.375811083E0,7.469467163E-1,6.768923950E0,7.043602753E0
1.385766083E0,7.854167175E-1,6.751709747E0,7.038213959E0
1.395721083E0,7.937992859E-1,6.749464417E0,7.039710846E0
1.405676083E0,7.743397522E-1,6.742279358E0,7.063211975E0
1.415631083E0,7.803273010E-1,6.770121460E0,7.077432404E0
1.425586083E0,7.791297913E-1,6.771019592E0,7.117548981E0
1.435541083E0,7.909552002E-1,6.756499786E0,7.100933533E0
1.445496083E0,7.735913086E-1,6.758296051E0,7.085964661E0
1.455452083E0,7.698490906E-1,6.740483093E0,7.067702637E0
1.465407083E0,7.752378845E-1,6.768923950E0,7.042854309E0
1.475362083E0,7.909552002E-1,6.794820099E0,7.063361664E0
1.485317083E0,7.653584290E-1,6.799460449E0,7.078180847E0
1.495272083E0,7.384144592E-1,6.782845001E0,7.087311859E0
1.505227083E0,7.301815796E-1,6.771768036E0,7.077582092E0
1.515182083E0,7.640112305E-1,6.782845001E0,7.075935516E0
1.525137083E0,7.750881958E-1,6.759792938E0,7.083569641E0
1.535092083E0,7.985893250E-1,6.760840759E0,7.066355438E0
1.545047083E0,7.764353943E-1,6.749314728E0,7.073091431E0
1.555002083E0,7.803273010E-1,6.738686829E0,7.080276489E0
1.564957083E0,7.970924377E-1,6.730004883E0,7.097041626E0
1.574912083E0,7.692503357E-1,6.715185699E0,7.104825439E0
1.584868083E0,7.843688965E-1,6.733298035E0,7.087910614E0
1.594823083E0,7.728428650E-1,6.740483093E0,7.084617462E0
1.604778083E0,7.665559387E-1,6.755002899E0,7.059769135E0
1.614733083E0,7.705975342E-1,6.777156830E0,7.080875244E0
1.624688083E0,7.692503357E-1,6.790479126E0,7.121291199E0
1.634643083E0,7.671546936E-1,6.775809631E0,7.120542755E0
1.644598375E0,7.692503357E-1,6.779851227E0,7.103478241E0
1.654553375E0,7.589218140E-1,6.748266907E0,7.081923065E0
1.664508375E0,7.795788574E-1,6.740782471E0,7.048392792E0
1.674463375E0,7.927514648E-1,6.752907257E0,7.061266022E0
1.684418375E0,7.972421265E-1,6.743476868E0,7.091802521E0
1.694373375E0,7.990383911E-1,6.737639008E0,7.106172638E0
1.704328375E0,7.981402588E-1,6.743027802E0,7.115004272E0
1.714283375E0,7.640112305E-1,6.740932159E0,7.103927307E0
1.724238375E0,6.866221619E-1,6.742429047E0,7.064259796E0
1.734194375E0,6.908134460E-1,6.761888580E0,7.035669250E0
1.744149375E0,7.009922791E-1,6.801256714E0,7.041956177E0
1.754104375E0,7.101232910E-1,6.810088348E0,7.095095673E0
1.764059375E0,7.282356262E-1,6.768624573E0,7.140002289E0
1.774014375E0,6.936575317E-1,6.740782471E0,7.112459564E0
1.783969375E0,6.789880371E-1,6.747069397E0,7.103178864E0
1.793924375E0,7.038363647E-1,6.743925934E0,7.082072754E0
1.803879375E0,7.099736023E-1,6.739584961E0,7.086713104E0
1.813834375E0,7.361691284E-1,6.729855194E0,7.083419952E0
1.823789375E0,7.557783508E-1,6.734196167E0,7.082521820E0
1.833744375E0,7.505392456E-1,6.762038269E0,7.082521820E0
1.843699375E0,7.366181946E-1,6.753655701E0,7.111860809E0
1.853654375E0,7.143145752E-1,6.756499786E0,7.121889954E0
1.863609375E0,6.969506836E-1,6.767277374E0,7.114255829E0
1.873565375E0,7.200027466E-1,6.758595428E0,7.111860809E0
1.883520375E0,7.503895569E-1,6.750661926E0,7.086264038E0
1.893475375E0,7.381150818E-1,6.731052704E0,7.073091431E0
1.903430375E0,7.253915405E-1,6.755451965E0,7.074438629E0
1.913385375E0,7.056326294E-1,6.728358307E0,7.103777618E0
1.923340375E0,6.650669861E-1,6.719676361E0,7.101083221E0
1.933295375E0,6.521937561E-1,6.731651459E0,7.114106140E0
1.943250375E0,6.453080750E-1,6.746620331E0,7.093299408E0
1.953205375E0,6.864724731E-1,6.765331421E0,7.094197540E0
1.963160375E0,6.836283875E-1,6.773564301E0,7.102280731E0
1.973115375E0,6.957531738E-1,6.766528931E0,7.098688202E0
1.983070375E0,7.161108398E-1,6.767726440E0,7.102580109E0
1.993025375E0,6.896159363E-1,6.758745117E0,7.093449097E0
2.002980375E0,6.743476868E-1,6.736890564E0,7.101532288E0
2.012935375E0,6.683601379E-1,6.742728424E0,7.062912598E0
2.022891375E0,6.662644958E-1,6.758894806E0,7.061565399E0
2.032846375E0,7.177574158E-1,6.742728424E0,7.070397034E0
2.042801375E0,6.990463257E-1,6.765481110E0,7.109914856E0
2.052756375E0,6.864724731E-1,6.765630798E0,7.132667542E0
2.062711375E0,6.899153137E-1,6.767277374E0,7.132368164E0
2.072666375E0,6.981481934E-1,6.756799164E0,7.096293182E0
2.082621375E0,7.246430969E-1,6.736890564E0,7.078031158E0
2.092576375E0,7.385641479E-1,6.721472626E0,7.082970886E0
2.102531375E0,6.991960144E-1,6.722221069E0,7.094197540E0
2.112486375E0,6.888674927E-1,6.744674377E0,7.092700653E0
2.122441375E0,6.935078430E-1,6.768025818E0,7.087461548E0
2.132396375E0,7.075785828E-1,6.768624573E0,7.108118591E0
2.142351375E0,7.029382324E-1,6.752458191E0,7.093000031E0
2.152306375E0,6.875202942E-1,6.751260681E0,7.093748474E0
2.162262375E0,6.744973755E-1,6.774612122E0,7.062912598E0
2.172217375E0,6.554869080E-1,6.771019592E0,7.047644348E0
2.182172375E0,6.465055847E-1,6.792874146E0,7.054829407E0
2.192127375E0,6.466552734E-1,6.801855469E0,7.065906372E0
2.202082375E0,6.252497864E-1,6.791676636E0,7.083719330E0
2.212037375E0,6.152206421E-1,6.783743134E0,7.088060303E0
2.221992375E0,5.785469055E-1,6.776408386E0,7.118596802E0
2.231947375E0,5.414241028E-1,6.751560059E0,7.087461548E0
2.241902375E0,5.300477600E-1,6.743327179E0,7.097790070E0
2.251857375E0,5.658233643E-1,6.755901031E0,7.075486450E0
2.261812375E0,6.406677246E-1,6.754853210E0,7.091054077E0
2.271767375E0,6.854246521E-1,6.737040253E0,7.117099915E0
2.281722375E0,7.123686218E-1,6.737339630E0,7.116650848E0
2.291677375E0,6.953041077E-1,6.744375000E0,7.096143494E0
2.301632375E0,6.512956238E-1,6.732699280E0,7.105274506E0
2.311588375E0,6.231541443E-1,6.745422821E0,7.088060303E0
2.321543375E0,6.321354675E-1,6.762936401E0,7.074438629E0
2.331498375E0,6.860234070E-1,6.781348114E0,7.069798279E0
2.341453375E0,6.773414612E-1,6.772366791E0,7.072492676E0
2.351408375E0,6.715036011E-1,6.768175507E0,7.092700653E0
2.361363375E0,6.384223938E-1,6.750811615E0,7.107968903E0
2.371318375E0,6.176156616E-1,6.761589203E0,7.082222443E0
2.381273375E0,6.197113037E-1,6.748266907E0,7.069648590E0
2.391228375E0,6.219566345E-1,6.774312744E0,7.061116333E0
2.401183375E0,6.355783081E-1,6.780300293E0,7.064259796E0
2.411138375E0,6.509962463E-1,6.775809631E0,7.083270264E0
2.421093375E0,6.673123169E-1,6.781647491E0,7.128027191E0
2.431048375E0,6.319857788E-1,6.778354340E0,7.119494934E0
2.441003375E0,5.878276062E-1,6.746021576E0,7.103328552E0
2.450958375E0,5.861810303E-1,6.730753326E0,7.084617462E0
2.460914375E0,6.354286194E-1,6.751410370E0,7.068151703E0
2.470869375E0,6.506968689E-1,6.759194183E0,7.089706879E0
2.480824375E0,6.788383484E-1,6.747668152E0,7.134613495E0
2.490779375E0,7.039860535E-1,6.750063171E0,7.122339020E0
2.500734375E0,6.837780762E-1,6.763385468E0,7.103328552E0
2.510689375E0,7.051835632E-1,6.735243988E0,7.093598785E0
2.520644375E0,6.876699829E-1,6.749314728E0,7.074738007E0
2.530599375E0,6.701564026E-1,6.762637024E0,7.069498901E0
2.540554375E0,6.562353516E-1,6.785838776E0,7.078330536E0
2.550509375E0,6.676116943E-1,6.780599670E0,7.066804504E0
2.560464375E0,6.685098267E-1,6.775210876E0,7.086713104E0
2.570419375E0,6.274951172E-1,6.773264923E0,7.084916840E0
2.580374375E0,6.370751953E-1,6.751709747E0,7.063810730E0
2.590329375E0,6.620732117E-1,6.759792938E0,7.069199524E0
2.600285375E0,6.698570251E-1,6.750362549E0,7.076683960E0
2.610240375E0,7.301815796E-1,6.766379242E0,7.101532288E0
2.620195375E0,7.176077271E-1,6.760092316E0,7.132817230E0
2.630150375E0,6.890171814E-1,6.747219086E0,7.137756958E0
2.640106208E0,6.460565186E-1,6.741979980E0,7.126380615E0
2.650061208E0,6.264472961E-1,6.734046478E0,7.094047852E0
2.660016208E0,6.584806824E-1,6.738537140E0,7.079977112E0
2.669971208E0,6.941065979E-1,6.752757568E0,7.087611237E0
2.679926208E0,7.173083496E-1,6.751260681E0,7.118297424E0
2.689881208E0,6.828799438E-1,6.747817841E0,7.121440887E0
2.699836208E0,6.973997498E-1,6.753206635E0,7.096143494E0
2.709791208E0,6.812333679E-1,6.758595428E0,7.083869019E0
2.719746208E0,6.468049622E-1,6.768325195E0,7.079378357E0
2.729701208E0,6.548881531E-1,6.766977997E0,7.084318085E0
2.739656208E0,6.412664795E-1,6.785689087E0,7.084467773E0
2.749612208E0,6.471043396E-1,6.779551849E0,7.099286957E0
2.759567208E0,6.575825500E-1,6.780150604E0,7.099286957E0
2.769522208E0,6.581813049E-1,6.741381226E0,7.081324310E0
2.779477208E0,6.545887756E-1,6.760990448E0,7.075636139E0
2.789432208E0,6.388714600E-1,6.751260681E0,7.083569641E0
2.799387208E0,6.111790466E-1,6.756499786E0,7.071444855E0
2.809342208E0,6.057902527E-1,6.780449982E0,7.082222443E0
2.819297208E0,6.484515381E-1,6.763684845E0,7.082671509E0
2.829252208E0,6.647676086E-1,6.762786713E0,7.102131042E0
2.839207208E0,6.557862854E-1,6.757697296E0,7.096442871E0
2.849162208E0,6.463558960E-1,6.749614105E0,7.063810730E0
2.859117208E0,6.358776855E-1,6.761289825E0,7.053033142E0
2.869072208E0,6.343807983E-1,6.767427063E0,7.079677734E0
2.879027208E0,6.262976074E-1,6.771019592E0,7.087012482E0
2.888982208E0,6.664141846E-1,6.791826324E0,7.112160187E0
2.898937208E0,6.746470642E-1,6.763984222E0,7.106172638E0
2.908893208E0,6.831793213E-1,6.731352081E0,7.118596802E0
2.918848208E0,6.954537964E-1,6.743327179E0,7.114405518E0
2.928803208E0,6.665638733E-1,6.743476868E0,7.082372131E0
2.938758208E0,6.526428223E-1,6.743476868E0,7.067403259E0
2.948713208E0,6.789880371E-1,6.737339630E0,7.094796295E0
2.958668208E0,6.761439514E-1,6.750961304E0,7.120243378E0
2.968623208E0,6.481521606E-1,6.765780487E0,7.110064545E0
2.978578208E0,6.710545349E-1,6.769672394E0,7.101981354E0
2.988533208E0,6.758445740E-1,6.767876129E0,7.068750458E0
2.998488208E0,6.816824341E-1,6.766828308E0,7.084318085E0
3.008443208E0,7.162605286E-1,6.756948853E0,7.079677734E0
3.018398208E0,6.656657410E-1,6.752757568E0,7.078031158E0
3.028353208E0,6.056405640E-1,6.775510254E0,7.083419952E0
3.038308208E0,5.941145325E-1,6.808890839E0,7.083869019E0
3.048263208E0,5.902226257E-1,6.809489594E0,7.081923065E0
3.058219208E0,6.514453125E-1,6.778953094E0,7.097490692E0
3.068174208E0,7.069798279E-1,6.771618347E0,7.084318085E0
3.078129208E0,7.149133301E-1,6.757996674E0,7.055727539E0
3.088084208E0,7.081773376E-1,6.746021576E0,7.054530029E0
3.098039208E0,6.676116943E-1,6.764882355E0,7.082072754E0
3.107994208E0,6.105802917E-1,6.777605896E0,7.081923065E0
3.117949208E0,6.321354675E-1,6.772815857E0,7.095694427E0
3.127904208E0,6.599775696E-1,6.763984222E0,7.062762909E0
3.137859208E0,6.761439514E-1,6.765930176E0,7.080725555E0
3.147814208E0,6.855743408E-1,6.759194183E0,7.088808746E0
3.157769208E0,6.897656250E-1,6.735094299E0,7.090155945E0
3.167724208E0,6.873706055E-1,6.737189941E0,7.084168396E0
3.177679208E0,7.262896729E-1,6.739584961E0,7.103178864E0
3.187634208E0,7.473957825E-1,6.753206635E0,7.093898163E0
3.197589208E0,7.345225525E-1,6.746320953E0,7.112758942E0
3.207544208E0,7.366181946E-1,6.741979980E0,7.113208008E0
3.217500208E0,7.273374939E-1,6.716383209E0,7.106322327E0
3.227455208E0,7.352709961E-1,6.734794922E0,7.104226685E0
3.237410208E0,7.463479614E-1,6.730453949E0,7.102430420E0
3.247365208E0,7.601193237E-1,6.742578735E0,7.119045868E0
3.257320208E0,7.488926697E-1,6.753506012E0,7.137307892E0
3.267275208E0,7.855664063E-1,6.739734650E0,7.122039642E0
3.277230208E0,7.882608032E-1,6.752308502E0,7.110663300E0
3.287185208E0,7.809260559E-1,6.755601654E0,7.107519836E0
3.297140208E0,7.776329041E-1,6.762187958E0,7.072642365E0
3.307095208E0,7.786807251E-1,6.741081848E0,7.077582092E0
3.317050208E0,7.815248108E-1,6.752757568E0,7.095395050E0
3.327005208E0,7.349716187E-1,6.740183716E0,7.105873260E0
3.336960208E0,7.114704895E-1,6.755152588E0,7.097790070E0
3.346915208E0,7.217990112E-1,6.753206635E0,7.090754700E0
3.356870208E0,7.375163269E-1,6.763385468E0,7.079228668E0
3.366825208E0,7.649093628E-1,6.747817841E0,7.082671509E0
3.376781208E0,7.699987793E-1,6.754254456E0,7.083719330E0
3.386736208E0,7.306306458E-1,6.760691071E0,7.083419952E0
3.396691208E0,7.062313843E-1,6.749464417E0,7.070397034E0
3.406646208E0,7.063810730E-1,6.781647491E0,7.087012482E0
3.416601208E0,7.650590515E-1,6.790030060E0,7.105124817E0
3.426556208E0,7.897576904E-1,6.782246246E0,7.129075012E0
3.436511208E0,7.960446167E-1,6.748865662E0,7.126679993E0
3.446466208E0,7.952961731E-1,6.710994415E0,7.115603027E0
3.456421208E0,7.652087402E-1,6.697971497E0,7.103029175E0
3.466376208E0,7.378157043E-1,6.713688812E0,7.096742249E0
3.476331208E0,7.583230591E-1,6.694977722E0,7.096293182E0
3.486286208E0,7.731422424E-1,6.715934143E0,7.126380615E0
3.496241208E0,8.009843445E-1,6.742279358E0,7.152576141E0
3.506196208E0,8.184979248E-1,6.751260681E0,7.188202057E0
3.516151208E0,8.113128662E-1,6.743626556E0,7.194638672E0
3.526106208E0,8.159532166E-1,6.724765778E0,7.156018982E0
3.536062208E0,7.804769897E-1,6.705455933E0,7.096742249E0
3.546017208E0,8.304730225E-1,6.702162781E0,7.056775360E0
3.555972208E0,8.464897156E-1,6.721772003E0,7.072043610E0
3.565927208E0,7.988887024E-1,6.726861420E0,7.121291199E0
3.575882208E0,7.761360168E-1,6.705455933E0,7.157815247E0
3.585837208E0,8.024812317E-1,6.707551575E0,7.155569916E0
3.595792208E0,7.789801025E-1,6.732998657E0,7.119644623E0
3.605747208E0,7.192543030E-1,6.733896790E0,7.089108124E0
3.615702208E0,7.243437195E-1,6.741680603E0,7.060966644E0
3.625657208E0,7.261399841E-1,6.777156830E0,7.066505127E0
3.635612208E0,6.747967529E-1,6.775809631E0,7.085066528E0
3.645566583E0,6.716532898E-1,6.775360565E0,7.096143494E0
3.655521583E0,6.800358582E-1,6.789431305E0,7.082222443E0
3.665476583E0,6.756948853E-1,6.786886597E0,7.091802521E0
3.675431583E0,6.701564026E-1,6.775360565E0,7.094047852E0
3.685386583E0,7.339237976E-1,6.713090057E0,7.110363922E0
3.695342583E0,7.806266785E-1,6.670877838E0,7.127727814E0
3.705297583E0,7.954458618E-1,6.705455933E0,7.118746490E0
3.715252583E0,8.803193665E-1,6.658154297E0,7.158114624E0
3.725207583E0,9.309141541E-1,6.621779938E0,7.165748749E0
3.735162583E0,1.025517426E0,6.738537140E0,7.098388824E0
3.745117583E0,1.114731903E0,6.781198425E0,7.235803070E0
3.755072583E0,1.054856415E0,6.597829742E0,7.331903229E0
3.765027583E0,9.963281250E-1,6.465654602E0,7.179819489E0
3.774982583E0,7.918533325E-1,6.662195892E0,6.973698120E0
3.784937583E0,6.140231323E-1,6.872059479E0,6.919660492E0
3.794892583E0,5.553451538E-1,6.895261230E0,7.012168121E0
3.804847583E0,5.245092773E-1,6.825506287E0,7.098239136E0
3.814802583E0,5.806425476E-1,6.775360565E0,7.181915131E0
3.824757583E0,7.207511902E-1,6.850953369E0,7.060367889E0
3.834712583E0,6.584806824E-1,6.867568817E0,6.934180298E0
3.844667583E0,5.282514954E-1,7.018455048E0,6.770271149E0
3.854622583E0,4.742138672E-1,7.107370148E0,6.670279083E0
3.864578583E0,6.619235229E-1,7.133865051E0,6.802903290E0
3.874533583E0,9.228309631E-1,7.046147461E0,6.853797455E0
3.884488583E0,1.095422058E0,6.962770844E0,6.897955627E0
3.894443583E0,1.223256226E0,7.146139526E0,6.677314453E0
3.904398583E0,1.118773499E0,7.187303925E0,6.638844452E0
3.914353583E0,1.148262177E0,7.217241669E0,6.681655426E0
3.924308583E0,1.038390656E0,7.179819489E0,6.747518463E0
3.934263583E0,1.175355835E0,7.201674042E0,6.755002899E0
3.944218583E0,1.278042297E0,7.233108673E0,6.654711456E0
3.954173583E0,1.359173584E0,7.201973419E0,6.587351532E0
3.964128583E0,1.376836853E0,7.160060577E0,6.574478302E0
3.974083583E0,1.160985718E0,7.160509644E0,6.631060638E0
3.984038583E0,8.372090149E-1,7.257358246E0,6.668931885E0
3.993993583E0,9.982740784E-1,7.427254944E0,6.598428497E0
4.003948583E0,1.013242950E0,7.492519226E0,6.469546509E0
4.013903583E0,5.526507568E-1,7.452402649E0,6.328090668E0
4.023859583E0,7.235952759E-1,7.366032257E0,6.375541992E0
4.033814583E0,8.381071472E-1,7.303761749E0,6.553821259E0
4.043769583E0,6.667135620E-1,7.381749573E0,6.571484528E0
4.053724583E0,8.966354370E-1,7.544311523E0,6.576573944E0
4.063679583E0,5.954617310E-1,7.608527985E0,6.456523590E0
4.073634583E0,2.607577515E-1,7.551795959E0,6.478827209E0
4.083589583E0,2.272274780E-1,7.343129883E0,6.534960480E0
4.093544583E0,2.582130432E-1,7.245981903E0,6.592440948E0
4.103499583E0,2.609074402E-1,7.319628754E0,6.560407562E0
4.113454583E0,1.380130005E-1,7.397915955E0,6.573580170E0
4.123409583E0,-4.805007935E-2,7.428452454E0,6.571634216E0
4.133364583E0,7.843688965E-2,7.397317200E0,6.540498962E0
4.143319583E0,1.957928467E-1,7.363487549E0,6.434669037E0
4.153274583E0,4.951702881E-1,7.332352295E0,6.238277435E0
4.163229583E0,7.955955505E-1,7.391329651E0,6.124813385E0
4.173184583E0,8.852590942E-1,7.580685883E0,6.115532684E0
4.183139583E0,7.629634094E-1,7.755522308E0,6.271957397E0
4.193094583E0,9.000782776E-1,7.847580872E0,6.317762146E0
4.203050583E0,1.036594391E0,7.959098969E0,6.233038330E0
4.213005583E0,1.100661163E0,8.124954071E0,5.979166260E0
4.222960583E0,1.200353851E0,8.209528198E0,5.725593567E0
4.232915583E0,1.257385254E0,8.085286560E0,5.613177338E0
4.242870583E0,1.262175293E0,8.033793640E0,5.470523987E0
4.252825583E0,1.357077942E0,8.043673096E0,5.486540680E0
4.262780583E0,1.364562378E0,8.101752319E0,5.602699127E0
4.272735583E0,1.329684906E0,7.964936829E0,5.986950073E0
4.282690583E0,1.036295013E0,7.815846863E0,6.347999268E0
4.292645583E0,6.259982300E-1,7.896678772E0,6.400240631E0
4.302600583E0,3.951782227E-1,8.155340881E0,6.306685181E0
4.312555583E0,2.092648315E-1,8.040529633E0,6.058201904E0
4.322510583E0,4.146377563E-2,8.091723175E0,5.526657257E0
4.332465583E0,-3.876937866E-2,8.034542084E0,5.181624756E0
4.342420583E0,-1.047821045E-1,7.397017822E0,5.857319641E0
4.352375583E0,-3.876937866E-1,6.971452789E0,6.606661377E0
4.362330583E0,-4.104464722E-1,7.006629639E0,6.879992981E0
4.372286583E0,-8.487350464E-2,7.585625610E0,6.647526398E0
4.382241583E0,1.142124939E-1,8.055947571E0,6.658603363E0
4.392196583E0,3.682342529E-2,7.986791382E0,6.819967804E0
4.402151583E0,6.807843018E-1,7.462581482E0,6.736740875E0
4.412106583E0,4.448748779E-1,7.145989838E0,6.330335999E0
4.422061583E0,4.655319214E-1,6.854994965E0,6.388564911E0
4.432016583E0,1.218915253E0,7.286098480E0,6.458619232E0
4.441971583E0,1.271156616E0,7.661368103E0,6.290369110E0
4.451926583E0,9.607022095E-1,7.595056000E0,6.183940430E0
4.461881583E0,1.103804626E0,7.254963226E0,6.797963562E0
4.471836583E0,1.309626617E0,7.262597351E0,7.232659607E0
4.481791583E0,1.585203552E-1,7.379354553E0,7.311096497E0
4.491746583E0,5.029541016E-2,7.404202881E0,6.596332855E0
4.501701583E0,4.111949158E-1,7.595056000E0,5.953419800E0
4.511656583E0,-1.077459412E0,7.523205414E0,5.584437103E0
4.521611583E0,-1.202150116E0,6.962022400E0,6.076912994E0
4.531566583E0,-6.722520447E-1,6.912325745E0,7.032076721E0
4.541522583E0,-1.928888855E0,7.746990051E0,6.974147186E0
4.551477583E0,-2.177072754E0,7.965086517E0,7.067103882E0
4.561432583E0,-1.386117554E0,8.135132904E0,6.390061798E0
4.571387583E0,-2.275717621E0,7.820187836E0,5.837411041E0
4.581342583E0,-2.060315552E0,7.145091705E0,5.439538422E0
4.591297583E0,-1.056952057E0,6.599626007E0,6.157894592E0
4.601252583E0,-1.765279083E0,6.905290375E0,6.940317535E0
4.611207583E0,-2.205363922E0,7.924071808E0,7.089557190E0
4.621162583E0,-2.218237152E0,8.661887512E0,6.735243988E0
4.631117583E0,-2.274819489E0,8.081244965E0,6.414161682E0
4.641072833E0,-1.675465851E0,6.618486786E0,6.540648651E0
4.651027833E0,-1.319057007E0,6.604116669E0,5.756429443E0
4.660982833E0,-1.466051331E0,7.854915619E0,5.377567291E0
4.670937833E0,-1.174757080E0,8.657097473E0,5.675896912E0
4.680892833E0,-1.182241516E0,8.520431671E0,6.534361725E0
4.690847833E0,-1.181493073E0,7.965236206E0,6.781497803E0
4.700802833E0,-1.186582489E0,7.278164978E0,6.451284485E0
4.710758833E0,-1.118025055E0,6.757248230E0,6.542145538E0
4.720713833E0,-1.372046814E0,7.227270813E0,5.861510925E0
4.730668833E0,-1.011746063E0,8.120463409E0,5.476361847E0
4.740623833E0,-6.426136780E-1,8.353079681E0,6.186934204E0
4.750578833E0,-9.250762939E-2,7.228318634E0,7.203769684E0
4.760533833E0,7.454498291E-2,7.248077545E0,6.389612732E0
4.770488833E0,-2.769241333E-1,7.115603027E0,6.530619507E0
4.780443833E0,-5.450166321E-1,7.426805878E0,6.466552734E0
4.790398833E0,-1.143322449E0,7.519463196E0,6.302194519E0
4.800353833E0,-5.641767883E-1,7.179520111E0,6.131699066E0
4.810308833E0,9.819580078E-2,7.774981842E0,5.557193756E0
4.820263833E0,1.930984497E-2,8.871900787E0,4.759502563E0
4.830218833E0,4.605921936E-1,7.509134674E0,6.283633118E0
4.840173833E0,2.107617188E-1,6.034401398E0,7.599247284E0
4.850128833E0,5.343887329E-2,6.451733551E0,6.992409210E0
4.860083833E0,-1.791773987E-1,6.802005157E0,6.346652069E0
4.870038833E0,2.493814087E-1,7.217241669E0,5.834866333E0
4.879993833E0,7.795788574E-1,7.652686157E0,7.094796295E0
4.889949833E0,1.129401398E0,7.409741364E0,8.757987671E0
4.899904833E0,4.252656555E-1,7.752079468E0,8.387508087E0
4.909859833E0,2.451901245E-1,6.754404144E0,6.635551300E0
4.919814833E0,-3.522175598E-1,3.459755402E0,6.377487946E0
4.929769833E0,-4.899311829E-1,6.949149170E0,6.439010010E0
4.939724833E0,1.649869080E0,9.108858032E0,7.242988129E0
4.949679833E0,9.587562561E-1,8.751700745E0,7.299570465E0
4.959634833E0,7.803273010E-1,6.937024384E0,8.088579712E0
4.969589833E0,3.863465881E-1,6.650071106E0,7.469766541E0
4.979544833E0,-5.703140259E-1,5.999224548E0,6.965165863E0
4.989499833E0,-5.138813782E-1,4.921016693E0,6.645281067E0
4.999454833E0,5.863307190E-1,6.024072876E0,6.999294891E0
5.009409833E0,5.656736755E-1,8.105494537E0,6.598727875E0
5.019364833E0,4.610412598E-2,8.455317078E0,6.722221069E0
5.029319833E0,6.366261292E-1,7.735314331E0,7.058272247E0
5.039274833E0,1.996847534E-1,7.379653931E0,7.032226410E0
5.049229833E0,-7.664062500E-1,7.524103546E0,5.468578033E0
5.059184833E0,-7.289840698E-2,7.368277588E0,5.171146545E0
5.069140833E0,4.628375244E-1,6.676566010E0,6.351442108E0
5.079095833E0,2.806663513E-1,7.261399841E0,7.192992096E0
5.089050833E0,6.099815369E-1,7.805817719E0,6.776707764E0
5.099005833E0,6.499484253E-1,7.525750122E0,6.757697296E0
5.108960833E0,2.556683350E-1,7.588619385E0,6.197861481E0
5.118915833E0,3.835025024E-1,7.820936279E0,5.912554779E0
5.128870833E0,7.216493225E-1,7.750283203E0,6.587650909E0
5.138825833E0,6.938072205E-1,6.786886597E0,7.979456635E0
5.148780833E0,9.202862549E-1,7.045399017E0,7.195985870E0
5.158735833E0,8.505313110E-1,7.157964935E0,6.562952271E0
5.168690833E0,7.936495972E-1,6.650969238E0,7.314539337E0
5.178645833E0,6.643185425E-1,6.481371918E0,7.288792877E0
5.188600833E0,6.887178040E-1,6.931186523E0,6.231541443E0
5.198555833E0,2.993774414E-1,7.709567871E0,6.524931335E0
5.208510833E0,3.113525391E-2,6.948101349E0,8.113128662E0
5.218465833E0,-3.017724609E-1,6.563251648E0,7.751630402E0
5.228420833E0,-2.357597351E-1,6.239774323E0,7.578141174E0
5.238375833E0,-3.390449524E-1,6.086343384E0,7.335495758E0
5.248330833E0,-3.884422302E-1,5.999224548E0,7.013964386E0
5.258286833E0,-2.050735474E-2,6.628066864E0,6.461912384E0
5.268241833E0,-1.158590698E-1,7.757468262E0,6.081253967E0
5.278196833E0,3.173400879E-2,7.425159302E0,7.045399017E0
5.288151833E0,1.809736633E-1,6.362369385E0,8.226443024E0
5.298106833E0,1.326242065E-1,6.037694550E0,8.878187714E0
5.308061833E0,-6.062393188E-2,7.228767700E0,7.139553223E0
5.318016833E0,-2.254312134E-1,6.832092590E0,5.793552246E0
5.327971833E0,1.175056458E-1,6.255042572E0,6.012846222E0
5.337926833E0,2.993774414E-3,7.249574432E0,6.689588928E0
5.347881833E0,5.269042969E-2,8.257578278E0,7.700436859E0
5.357836833E0,1.381626892E-1,8.646170197E0,7.191944275E0
5.367791833E0,-1.267863464E-1,6.951244812E0,6.671775970E0
5.377746833E0,-1.410067749E-1,5.890700226E0,5.957910461E0
5.387701833E0,-3.206332397E-1,7.625592499E0,5.708678741E0
5.397656833E0,-4.854405212E-1,8.070317688E0,6.493047638E0
5.407611833E0,-3.034190369E-1,6.827152863E0,7.268884277E0
5.417566833E0,9.729766846E-3,6.843169556E0,7.306007080E0
5.427521833E0,3.064128113E-1,7.628735962E0,6.027665405E0
5.437477833E0,2.574645996E-1,6.641239471E0,6.638245697E0
5.447432833E0,5.063969421E-1,6.706803131E0,6.330785065E0
5.457387833E0,3.290158081E-1,7.023394775E0,6.759044495E0
5.467342833E0,4.090992737E-1,6.645730133E0,7.216343536E0
5.477297833E0,1.179547119E-1,7.213200073E0,6.559060364E0
5.487252833E0,-1.191522217E-1,7.433392181E0,6.288273468E0
5.497207833E0,-3.456312561E-1,6.896309052E0,6.761738892E0
5.507162833E0,-3.827540588E-1,6.558611298E0,7.647746429E0
5.517117833E0,-4.008663940E-1,7.298971710E0,6.846462708E0
5.527072833E0,-5.749543762E-1,7.378456421E0,6.936126251E0
5.537027833E0,-1.466949463E-1,7.012317810E0,7.159162445E0
5.546982833E0,-2.559677124E-1,6.941365356E0,7.351063385E0
5.556937833E0,-4.002676392E-1,6.237379303E0,7.610623627E0
5.566892833E0,-3.210823059E-1,6.693480835E0,6.870562592E0
5.576847833E0,-1.637594604E-1,7.033423920E0,6.682553558E0
5.586802833E0,-2.649490356E-1,7.389832764E0,6.099066925E0
5.596757833E0,-8.592132568E-2,7.258406067E0,6.885082397E0
5.606712833E0,-3.933819580E-1,6.744824066E0,6.892716522E0
5.616667833E0,-9.882449341E-1,7.398065643E0,6.243217163E0
5.626623833E0,-3.992198181E-1,7.689060516E0,5.764512634E0
5.636578833E0,-3.882925415E-1,8.003855896E0,4.894671478E0
5.646534083E0,-7.006929016E-1,7.720345459E0,6.425238647E0
5.656489083E0,-7.165599060E-1,7.799081726E0,7.214247894E0
5.666444083E0,-6.276448059E-1,7.940537567E0,7.439379730E0
5.676399083E0,-7.125183105E-2,7.720644836E0,6.930438080E0
5.686354083E0,4.460723877E-1,7.451205139E0,6.641538849E0
5.696309083E0,7.309300232E-1,6.886130219E0,6.646927643E0
5.706264083E0,4.939727783E-3,6.931934967E0,5.397326202E0
5.716219083E0,1.267414398E0,7.770341492E0,4.499343567E0
5.726174083E0,1.567839661E0,8.910071411E0,3.647165680E0
5.736129083E0,1.259929962E0,7.304061127E0,6.587052155E0
5.746084083E0,1.249900818E0,5.500012665E0,8.761729889E0
5.756039083E0,-2.854563904E-1,5.033133545E0,8.992100830E0
5.765994083E0,4.126918030E-1,7.930508423E0,7.297624512E0
5.775949083E0,5.179229736E-2,9.163045349E0,6.612199860E0
5.785904083E0,-2.189945984E-1,8.992549896E0,6.783743134E0
5.795859083E0,-2.014810181E-1,6.667285309E0,7.732170868E0
5.805814083E0,-3.014730835E-1,6.278992767E0,6.982679443E0
5.815769083E0,2.215393066E-2,5.455405426E0,6.737639008E0
5.825725083E0,4.956193542E-1,6.639143829E0,4.420158234E0
5.835680083E0,1.905537415E-1,7.751331024E0,4.874313812E0
5.845635083E0,-6.975494385E-2,7.947273560E0,6.240971832E0
5.855590083E0,1.737886047E-1,6.821764069E0,8.663983154E0
5.865545083E0,1.058748322E0,6.425837402E0,1.013677048E1
5.875500083E0,1.163380737E0,6.738686829E0,9.576036530E0
5.885455083E0,1.573228455E0,7.941136322E0,7.169490967E0
5.895410083E0,1.572629700E0,8.548872528E0,4.394711151E0
5.905365083E0,1.575473785E0,7.377857666E0,4.558470612E0
5.915320083E0,1.649869080E0,6.583759003E0,5.067561951E0
5.925275083E0,1.047521667E0,5.896388397E0,6.274651794E0
5.935230083E0,1.378333740E0,7.365583191E0,5.674849091E0
5.945185083E0,1.871408386E0,8.034691772E0,7.141199799E0
5.955140083E0,2.267484741E0,8.336763611E0,8.451275482E0
5.965095083E0,1.963916016E0,8.744815063E0,8.597521362E0
5.975050083E0,1.780247955E0,8.151149597E0,7.635322266E0
5.985005083E0,1.093027039E0,7.380252686E0,6.521488495E0
5.994960083E0,2.200573883E0,7.487878876E0,5.250930634E0
6.004916083E0,1.627565460E0,7.271428986E0,5.332810364E0
6.014871083E0,1.885179749E0,7.656278687E0,5.298831024E0
6.024826083E0,1.732347565E0,7.797584839E0,5.555696869E0
6.034781083E0,1.020428009E0,7.609575806E0,6.036197662E0
6.044736083E0,1.178499298E0,7.335346069E0,7.494914246E0
6.054691083E0,1.078956299E0,7.269033966E0,8.156089325E0
6.064646083E0,4.791535950E-1,7.438182220E0,8.698710938E0
6.074601083E0,6.713539124E-1,8.333320770E0,6.890321503E0
6.084556083E0,8.170010376E-1,8.181835785E0,5.237159271E0
6.094511083E0,1.154848480E0,6.965465240E0,4.919070740E0
6.104466083E0,8.577163696E-1,5.993087311E0,6.405629425E0
6.114421083E0,8.562194824E-1,7.148235168E0,6.812034302E0
6.124376083E0,1.235231323E0,8.042176208E0,6.175707550E0
6.134331083E0,1.065933380E0,7.470964050E0,3.920646973E0
6.144286083E0,7.214996338E-1,6.718628540E0,2.208058319E0
6.154241083E0,4.613406372E-1,6.758445740E0,5.118605804E0
6.164196083E0,6.453080750E-1,7.320826263E0,8.502768402E0
6.174151083E0,7.301815796E-1,6.980883179E0,9.858050079E0
6.184106083E0,1.425934753E0,6.263425140E0,1.055125854E1
6.194061083E0,2.697390747E-1,6.206992493E0,9.832303619E0
6.204017083E0,5.665718079E-1,6.559659119E0,8.254883881E0
6.213972083E0,-1.317260742E-1,7.173233185E0,5.412594452E0
6.223927083E0,-8.167016602E-1,6.428980865E0,5.757177887E0
6.233882083E0,-4.167333984E-1,6.779551849E0,6.768325195E0
6.243837083E0,-7.381150818E-1,6.252048798E0,9.000184021E0
6.253792083E0,-1.333726501E-1,7.290738831E0,9.399553528E0
6.263747083E0,6.421646118E-2,6.442303162E0,1.038914566E1
6.273702083E0,-3.847000122E-1,6.833589478E0,7.545509033E0
6.283657083E0,1.571731567E-1,6.268065491E0,4.716841278E0
6.293612083E0,9.681866455E-1,6.394851837E0,3.130589905E0
6.303567083E0,1.198258209E0,6.735094299E0,4.689148865E0
6.313522083E0,8.716374207E-1,5.930667114E0,6.618935852E0
6.323477083E0,6.517446899E-1,5.244194641E0,8.242609406E0
6.333432083E0,8.957373047E-1,6.270610199E0,9.263935547E0
6.343387083E0,4.155358887E-1,7.193141785E0,8.537795563E0
6.353342083E0,4.206253052E-1,7.524402924E0,6.317163391E0
6.363297083E0,6.810836792E-1,7.081773376E0,5.441783752E0
6.373252083E0,-4.296066284E-2,5.595364380E0,7.326664124E0
6.383207083E0,5.914201355E-1,5.867648163E0,7.842491455E0
6.393162083E0,7.069798279E-1,7.411986694E0,6.176455994E0
6.403118083E0,1.097517700E0,8.139922943E0,6.584806824E0
6.413073083E0,1.157542877E0,8.604706421E0,7.592211914E0
6.423028083E0,3.342549133E-1,7.048392792E0,9.727371826E0
6.432983083E0,3.682342529E-1,5.803731079E0,8.911418610E0
6.442938083E0,1.098415833E0,7.093598785E0,6.269263000E0
6.452893083E0,1.158441010E0,8.187224579E0,5.052443390E0
6.462848083E0,4.842430115E-1,8.425079956E0,4.042643280E0
6.472803083E0,3.089575195E-1,6.261778564E0,4.246968384E0
6.482758083E0,3.248245239E-2,5.167104950E0,4.224215698E0
6.492713083E0,-2.469863892E-2,7.710166626E0,3.829037476E0
6.502668083E0,2.216889954E-1,8.418493652E0,4.796924744E0
6.512623083E0,1.784289551E-1,8.120014343E0,6.538702698E0
6.522578083E0,5.409750366E-1,6.774013367E0,8.042176208E0
6.532533083E0,4.739144897E-1,5.600902863E0,7.295379181E0
6.542488083E0,-4.490661621E-3,5.180726624E0,4.818629608E0
6.552443083E0,7.210505676E-1,6.292764130E0,4.331243134E0
6.562398083E0,2.275268555E-2,7.018604736E0,8.298143921E0
6.572353083E0,6.839277649E-1,8.387358398E0,1.173335037E1
6.582308083E0,7.920030212E-1,6.180647278E0,1.469673798E1
6.592263083E0,7.039860535E-1,6.335126038E0,1.296154633E1
6.602218083E0,1.401086426E-1,8.765771484E0,6.767726440E0
6.612174083E0,-3.243754578E-1,8.493936768E0,2.147883453E0
6.622129083E0,3.623963928E-1,6.537804565E0,2.367925873E0
6.632084083E0,8.294252014E-1,5.028493195E0,5.360951843E0
6.642039833E0,6.477030945E-1,5.334157562E0,8.770262146E0
6.651994833E0,8.084687805E-1,7.602091370E0,9.485025787E0
6.661949833E0,5.605842590E-1,9.219477997E0,8.581354980E0
6.671904833E0,2.722837830E-1,8.692424011E0,7.358697510E0
6.681859833E0,4.080514526E-1,6.746021576E0,6.198759613E0
6.691814833E0,4.326004028E-1,5.922284546E0,5.413492584E0
6.701769833E0,1.027014313E0,6.817872162E0,5.210664368E0
6.711724833E0,6.608757019E-1,8.607849884E0,5.165009308E0
6.721679833E0,1.978884888E-1,8.049960022E0,6.691385193E0
6.731634833E0,1.752854919E-1,6.745422821E0,7.267836456E0
6.741589833E0,7.002438354E-1,6.868466949E0,6.794670410E0
6.751544833E0,1.298399963E0,8.025111694E0,5.400918732E0
6.761499833E0,1.110540619E0,7.546257477E0,6.335874481E0
6.771454833E0,5.917195129E-1,6.427483978E0,6.784491577E0
6.781409833E0,6.237528992E-1,8.864416351E0,4.643194427E0
6.791364833E0,4.743635559E-1,8.630452881E0,5.562133484E0
6.801319833E0,5.313949585E-2,7.843988342E0,5.925727386E0
6.811274833E0,2.453398132E-1,6.617888031E0,6.721472626E0
6.821230833E0,1.271156616E0,6.884633331E0,7.552095337E0
6.831185833E0,6.360273743E-1,6.796915741E0,8.307274933E0
6.841140833E0,5.816903687E-1,7.686515808E0,5.490881653E0
6.851095833E0,5.415737915E-1,7.953410797E0,4.577930145E0
6.861050833E0,8.789721680E-1,6.708898773E0,6.960675201E0
6.871005833E0,6.122268677E-1,6.256838837E0,8.637937317E0
6.880960833E0,1.175056458E0,7.017556915E0,7.232809296E0
6.890915833E0,2.092348938E0,7.164551239E0,5.565127258E0
6.900870833E0,1.604962463E0,6.427334290E0,5.492228851E0
6.910825833E0,1.424886932E0,5.487887878E0,8.280480652E0
6.920780833E0,5.408253479E-1,6.119125214E0,9.701176300E0
6.930735833E0,4.053570557E-1,5.683980103E0,9.554780731E0
6.940690833E0,1.134939880E0,6.534960480E0,8.068820801E0
6.950645833E0,1.021026764E0,8.346343689E0,5.267097015E0
6.960600833E0,4.215234375E-1,7.894583130E0,5.295238495E0
6.970555833E0,6.288423157E-1,5.209317169E0,7.151678009E0
6.980510833E0,9.240284729E-1,4.067192230E0,8.670569458E0
6.990465833E0,1.056353302E0,6.953190765E0,7.365583191E0
7.000420833E0,4.742138672E-1,8.602610779E0,6.916966095E0
7.010375833E0,3.194357300E-1,6.757248230E0,7.233557739E0
7.020330833E0,-2.784210205E-2,5.138813782E0,7.333699493E0
7.030286833E0,6.833290100E-1,6.409671021E0,7.338040466E0
7.040241833E0,8.187973022E-1,8.316106567E0,6.256689148E0
7.050196833E0,-2.502795410E-1,5.722599792E0,7.172185364E0
7.060151833E0,-2.100132751E-1,4.711751862E0,7.104076996E0
7.070106833E0,1.525328064E-1,6.827302551E0,6.543043671E0
7.080061833E0,-7.649093628E-2,8.231831818E0,5.925577698E0
7.090016833E0,-4.179309082E-1,6.672225037E0,6.999145203E0
7.099971833E0,-1.124162292E-1,5.054838409E0,8.150999908E0
7.109926833E0,3.369493103E-1,8.675209808E0,5.806575165E0
7.119881833E0,5.444178772E-1,1.025607239E1,5.705984344E0
7.129836833E0,5.331912231E-1,8.613987122E0,5.475763092E0
7.139791833E0,1.302291870E-2,5.601651306E0,7.669002228E0
7.149746833E0,2.174977112E-1,6.997348938E0,6.489155731E0
7.159701833E0,-3.129991150E-1,7.180268555E0,7.252867584E0
7.169656833E0,-1.070274353E-1,6.707850952E0,6.305936737E0
7.179611833E0,-5.333409119E-1,5.825435944E0,7.134314117E0
7.189566833E0,-2.118095398E-1,6.683002625E0,7.817942505E0
7.199521833E0,-6.674620056E-1,8.241711273E0,8.094118195E0
7.209476833E0,-5.026547241E-1,7.547754364E0,9.149723053E0
7.219431833E0,-3.164419556E-1,6.407575378E0,8.961714020E0
7.229386833E0,-4.345463562E-1,6.610852661E0,8.849148102E0
7.239342833E0,-2.029779053E-1,7.079528046E0,6.266568604E0
7.249297833E0,-6.541397095E-1,6.708150330E0,4.983736267E0
7.259252833E0,-1.829196167E-1,5.804479523E0,5.034331055E0
7.269207833E0,-3.779640198E-1,7.241491241E0,4.772675171E0
7.279162833E0,4.766088867E-1,8.184081116E0,5.907914429E0
7.289117833E0,1.463955688E-1,7.005432129E0,7.924820251E0
7.299072833E0,-7.409591675E-1,5.435496826E0,1.065409470E1
7.309027833E0,-3.975732422E-1,7.754474487E0,8.626710663E0
7.318982833E0,8.322692871E-2,8.763526154E0,7.536228333E0
7.328937833E0,9.669891357E-2,7.672295380E0,5.328918457E0
7.338892833E0,-4.137396240E-1,5.975873108E0,4.983137512E0
7.348847833E0,4.526586914E-1,6.226751404E0,5.290747833E0
7.358802833E0,-2.710862732E-1,6.500532074E0,5.228327637E0
7.368757833E0,1.646575928E-2,6.722670135E0,6.663692780E0
7.378712833E0,3.076103210E-1,6.825655975E0,7.920778656E0
7.388667833E0,4.855902100E-1,7.890691223E0,7.977360992E0
7.398622833E0,7.722441101E-1,7.812254333E0,7.394024048E0
7.408577833E0,7.080276489E-2,6.858886871E0,6.751260681E0
7.418532833E0,2.435435486E-1,6.668333130E0,6.707102509E0
7.428487833E0,3.742218018E-2,7.458689575E0,5.616171112E0
7.438442833E0,3.097059631E-1,6.073919220E0,6.736591187E0
7.448398833E0,8.128097534E-1,7.026987305E0,5.905818787E0
7.458353833E0,3.053649902E-1,7.392377472E0,5.441484375E0
7.468308833E0,5.827381897E-1,7.382048950E0,5.935906219E0
7.478263833E0,2.299218750E-1,6.279741211E0,7.091353455E0
7.488218833E0,3.134481812E-1,6.820267181E0,7.565267944E0
7.498173833E0,5.760021973E-1,7.629185028E0,6.757248230E0
7.508128833E0,5.111869812E-1,7.362140350E0,6.079757080E0
7.518083833E0,8.785231018E-1,7.120393066E0,4.555626526E0
7.528038833E0,7.421566772E-1,6.227799225E0,5.469027100E0
7.537993833E0,3.653901672E-1,6.805747375E0,7.316335602E0
7.547948833E0,1.552272034E-1,6.700965271E0,1.073597443E1
7.557903833E0,7.222480774E-1,7.784262543E0,1.222687408E1
7.567858833E0,1.161584473E-1,7.887697449E0,1.031475037E1
7.577813833E0,7.828720093E-2,7.234006805E0,7.515720978E0
7.587768833E0,-3.421884155E-1,7.108118591E0,3.790717163E0
7.597723833E0,-6.339317322E-1,7.035968628E0,3.437751160E0
7.607678833E0,2.568658447E-1,7.166796570E0,5.160219269E0
7.617633833E0,2.204914856E-1,6.101461945E0,8.556356964E0
7.627588833E0,9.559121704E-1,6.535259857E0,1.028645920E1
7.637543833E0,6.885681152E-2,7.601642303E0,9.766739960E0
7.647498083E0,8.352630615E-2,9.023086395E0,6.834637299E0
7.657453083E0,-9.430389404E-3,6.936275940E0,4.709057465E0
7.667408083E0,-2.633024597E-1,4.220772858E0,5.659730530E0
7.677364083E0,1.784289551E-1,6.198160858E0,4.031266937E0
7.687319083E0,6.604266357E-1,7.278314667E0,4.130809937E0
7.697274083E0,6.002517700E-1,6.056405640E0,7.032825165E0
7.707229083E0,2.920426941E-1,5.688021698E0,9.976154480E0
7.717184083E0,1.154100037E-1,7.502698059E0,1.012150223E1
7.727139083E0,1.332229614E-2,7.635771332E0,9.627679138E0
7.737094083E0,2.791694641E-1,6.984625397E0,7.991132355E0
7.747049083E0,3.743714905E-1,7.095844116E0,6.471342773E0
7.757004083E0,4.055067444E-1,7.200925598E0,5.893095245E0
7.766959083E0,6.629713440E-1,5.875581665E0,6.495742035E0
7.776914083E0,1.851649475E-1,5.692362671E0,7.689210205E0
7.786869083E0,8.502319336E-2,7.695347443E0,7.670199738E0
7.796824083E0,1.131646729E-1,7.961643677E0,8.132438507E0
7.806779083E0,4.691244507E-1,6.868616638E0,7.466473389E0
7.816734083E0,8.300239563E-1,7.054080963E0,6.450985107E0
7.826689083E0,7.430548096E-1,7.343129883E0,5.922134857E0
7.836644083E0,5.487588501E-1,7.298073578E0,5.400020599E0
7.846599083E0,4.920268250E-1,6.466852112E0,6.721622314E0
7.856554083E0,5.519023132E-1,6.193670197E0,8.132438507E0
7.866509083E0,1.167721710E0,6.470744019E0,9.486372986E0
7.876464083E0,1.119821320E0,7.434589691E0,8.776100006E0
7.886419083E0,2.234852600E-1,7.350165253E0,7.183561707E0
7.896375083E0,4.442761230E-1,7.345824280E0,5.764213257E0
7.906330083E0,3.293151855E-1,6.838529205E0,4.802612915E0
7.916285083E0,4.632865906E-1,5.799390106E0,5.490133209E0
7.926240083E0,6.433621216E-1,6.466103668E0,5.142705688E0
7.936195083E0,4.111949158E-1,6.812333679E0,6.053711243E0
7.946150083E0,9.819580078E-2,6.443500671E0,7.548652496E0
7.956105083E0,-4.508624268E-1,5.687572632E0,8.702153778E0
7.966060083E0,5.249583435E-1,6.742878113E0,7.970175934E0
7.976015083E0,-1.420545959E-1,8.086334381E0,6.876250763E0
7.985970083E0,-5.047503662E-1,6.176755371E0,8.012088776E0
7.995925083E0,2.767744446E-1,6.432124329E0,6.625522156E0
8.005880083E0,-4.120930481E-1,7.360344086E0,5.441334686E0
8.015835083E0,-5.354365540E-1,6.607260132E0,5.058730316E0
8.025790083E0,2.243833923E-1,7.082970886E0,6.448440399E0
8.035745083E0,-2.733316040E-1,9.126521301E0,5.173541565E0
8.045700083E0,-8.870553589E-1,8.763675842E0,5.108277283E0
8.055655083E0,-9.624984741E-2,6.852001190E0,7.152576141E0
8.065610083E0,-5.978567505E-1,6.508166199E0,6.668033752E0
8.075565083E0,-2.415975952E-1,5.927972717E0,6.514004059E0
8.085520083E0,1.319206696E0,6.567293243E0,5.188809814E0
8.095475083E0,1.143921204E0,7.105873260E0,6.685547333E0
8.105430083E0,5.825885010E-1,6.790179749E0,8.317603455E0
8.115386083E0,4.510121155E-1,6.663393402E0,8.266110535E0
8.125341083E0,1.996847534E-1,7.495063934E0,7.087012482E0
8.135296083E0,-6.048921204E-1,7.741750946E0,6.788084106E0
8.145251083E0,2.878514099E-1,6.267766113E0,9.030121765E0
8.155206083E0,5.343887329E-1,6.322252808E0,8.890462189E0
8.165161083E0,-5.004093933E-1,6.096073151E0,9.272168427E0
8.175116083E0,-2.234852600E-1,5.344785461E0,8.107590179E0
8.185071083E0,4.617897034E-1,6.576573944E0,5.429359589E0
8.195026083E0,1.989363098E-1,8.502319336E0,3.681444397E0
8.204981083E0,-2.963836670E-2,8.385113068E0,4.034260712E0
8.214936083E0,3.327580261E-1,6.432124329E0,7.575746155E0
8.224891083E0,1.062789917E-1,6.794670410E0,8.774752808E0
8.234846083E0,-6.135740662E-1,6.900200958E0,9.724976807E0
8.244801083E0,4.234693909E-1,8.072712708E0,8.232280884E0
8.254756083E0,3.276686096E-1,8.245453491E0,5.400619354E0
8.264711083E0,7.274871826E-1,6.181545410E0,6.120173035E0
8.274666083E0,6.852749634E-1,6.561006317E0,7.213499451E0
8.284621083E0,8.354127502E-1,7.545359344E0,7.718249817E0
8.294576083E0,1.252894592E0,7.293582916E0,7.774083710E0
8.304531083E0,5.590873718E-1,6.149362335E0,9.088200989E0
8.314486083E0,9.928852844E-1,6.963219910E0,8.180787964E0
8.324441083E0,1.040785675E0,7.292535095E0,5.441035309E0
8.334396083E0,1.080902252E0,6.651268616E0,5.142106934E0
8.344352083E0,6.680607605E-1,6.808292084E0,5.414989471E0
8.354307083E0,6.137237549E-1,5.933810577E0,6.884783020E0
8.364262083E0,7.915539551E-1,5.923482056E0,7.400460663E0
8.374217083E0,2.619552612E-1,6.217770081E0,8.557853851E0
8.384172083E0,2.330653381E-1,7.215595093E0,8.490793304E0
8.394127083E0,-4.730163574E-2,6.196065216E0,9.595196686E0
8.404082083E0,-1.064286804E-1,6.818470917E0,7.912246399E0
8.414037083E0,2.290237427E-2,5.890400848E0,7.592361603E0
8.423992083E0,2.689906311E-1,5.845194855E0,7.278614044E0
8.433947083E0,3.719764709E-1,6.477480011E0,5.505102081E0
8.443902083E0,-7.214996338E-2,7.585176544E0,3.680995331E0
8.453857083E0,-1.984872437E-1,6.412066040E0,5.677842865E0
8.463812083E0,2.158511353E-1,6.128555603E0,8.153694305E0
8.473767083E0,2.035766602E-1,6.811435547E0,9.830507355E0
8.483722083E0,2.734812927E-1,7.720495148E0,9.141190796E0
8.493677083E0,-1.975891113E-2,7.242089996E0,7.458090820E0
8.503632083E0,-4.421804810E-1,6.366410980E0,5.268593903E0
8.513587083E0,-6.911128235E-1,6.768624573E0,5.345384216E0
8.523542083E0,-3.589535522E-1,6.903344421E0,6.556964722E0
8.533497083E0,-4.299060059E-1,5.664520569E0,8.517437897E0
8.543452083E0,-4.212240601E-1,6.786587219E0,8.333919525E0
8.553407083E0,-3.906875610E-1,8.334518280E0,6.804400177E0
8.563362083E0,-1.414558411E-1,7.858957214E0,5.282514954E0
8.573318083E0,-1.502874756E-1,6.098318481E0,5.111420746E0
8.583273083E0,-2.326162720E-1,5.873785400E0,6.972350922E0
8.593228083E0,9.744735718E-2,7.223678284E0,7.623047791E0
8.603183083E0,1.007405090E-1,6.697821808E0,8.703051910E0
8.613138083E0,-2.225871277E-1,6.458918610E0,7.680378571E0
8.623093083E0,-1.595681763E-1,8.404722290E0,4.588857422E0
8.633048083E0,3.412902832E-2,8.032296753E0,3.441194000E0
8.643002458E0,-3.767665100E-1,5.588778076E0,4.576882324E0
8.652957458E0,-2.335144043E-1,5.630690918E0,6.256988525E0
8.662912458E0,-1.267863464E-1,7.523504791E0,7.955057373E0
8.672867458E0,-5.688171387E-1,7.210954742E0,9.107211456E0
8.682822458E0,9.220825195E-2,7.575147400E0,6.913672943E0
8.692777458E0,2.537223816E-1,6.636898499E0,5.986950073E0
8.702732458E0,-6.505471802E-1,6.391558685E0,4.667144623E0
8.712687458E0,-9.452842712E-1,6.627617798E0,6.236780548E0
8.722642458E0,3.742218018E-2,7.438780975E0,8.496631165E0
8.732597458E0,-4.763095093E-1,6.863826599E0,9.907147980E0
8.742552458E0,-1.317260742E-2,7.326215057E0,9.789792023E0
8.752507458E0,-1.689985657E-1,7.620802460E0,7.422464905E0
8.762462458E0,-3.207829285E-1,7.640860748E0,5.100044403E0
8.772417458E0,2.589614868E-2,6.268514557E0,6.233786774E0
8.782372458E0,2.586621094E-1,6.608158264E0,8.244705048E0
8.792327458E0,7.625143433E-1,7.578739929E0,9.695637817E0
8.802282458E0,3.778143311E-1,6.957082672E0,9.297765198E0
8.812237458E0,-2.757266235E-1,6.169570312E0,8.297545166E0
8.822193458E0,-8.038284302E-2,7.685318298E0,5.006488953E0
8.832148458E0,-3.323089600E-1,8.360264740E0,5.044809265E0
8.842103458E0,5.758525085E-1,6.330635376E0,7.387138367E0
8.852058458E0,7.168592834E-1,5.638624420E0,9.186546478E0
8.862013458E0,8.641529846E-1,7.762407990E0,9.429790649E0
8.871968458E0,5.749543762E-1,8.282875671E0,6.683152313E0
8.881923458E0,8.565188599E-1,8.188721466E0,4.576582947E0
8.891878458E0,8.975335693E-1,6.601272583E0,4.376299438E0
8.901833458E0,1.989363098E-1,5.996530151E0,5.485043793E0
8.911788458E0,8.975335693E-1,6.285878448E0,4.393064575E0
8.921743458E0,4.517605591E-1,6.733298035E0,1.684746552E0
8.931698458E0,5.535488892E-1,5.638025665E0,4.233795776E0
8.941653458E0,5.301974487E-1,6.011648712E0,7.107519836E0
8.951608458E0,-3.721261597E-1,6.233487396E0,1.156001083E1
8.961563458E0,1.730401611E-1,6.940766602E0,1.334100723E1
8.971518458E0,1.866618347E-1,6.373895416E0,1.265977386E1
8.981473458E0,2.667453003E-1,7.451354828E0,8.297395477E0
8.991428458E0,2.778222656E-1,8.262518005E0,4.803660736E0
9.001383458E0,6.608757019E-1,7.027436371E0,4.342469788E0
9.011338458E0,8.906478882E-1,5.270689545E0,5.312752075E0
9.021293458E0,5.737568665E-1,6.159840546E0,6.288872223E0
9.031248458E0,1.315314789E0,8.264463959E0,5.531297607E0
9.041203458E0,9.195378113E-1,6.421496429E0,7.045698395E0
9.051158458E0,6.902146912E-1,4.579277344E0,9.389524384E0
9.061114458E0,5.454656982E-1,6.556665344E0,8.177644501E0
9.071069458E0,6.876699829E-1,8.078849945E0,6.352190552E0
9.081024458E0,-4.191284180E-2,7.103627930E0,6.520141296E0
9.090979458E0,-7.918533325E-2,6.498436432E0,8.032745819E0
9.100934458E0,-2.046244812E-1,6.320755920E0,9.468560028E0
9.110889458E0,-5.966592407E-1,6.657705231E0,9.182654572E0
9.120844458E0,5.493576050E-2,7.745343475E0,7.097490692E0
9.130799458E0,-1.800755310E-1,7.566465454E0,5.752537537E0
9.140754458E0,-3.281176758E-1,6.840924225E0,6.689588928E0
9.150709458E0,2.157014465E-1,6.644233246E0,7.276967468E0
9.160664458E0,-4.326004028E-1,5.116659851E0,8.866062927E0
9.170619458E0,5.658233643E-2,7.012916565E0,7.826175385E0
9.180574458E0,3.975732422E-1,8.811276855E0,5.089715881E0
9.190529458E0,1.175056458E-1,8.192313995E0,4.430636444E0
9.200484458E0,2.594105530E-1,7.387737122E0,4.740043030E0
9.210439458E0,5.572911072E-1,7.139852600E0,5.986201630E0
9.220394458E0,3.586541748E-1,6.939419403E0,7.281757507E0
9.230349458E0,-2.719844055E-1,6.574328613E0,7.079827423E0
9.240304458E0,2.062710571E-1,6.429729309E0,5.461842041E0
9.250259458E0,1.564247131E-1,6.795119476E0,5.382357330E0
9.260214458E0,-3.279679871E-1,7.484735413E0,5.561983795E0
9.270169458E0,2.314187622E-1,6.634204102E0,6.897506561E0
9.280124458E0,5.029541016E-2,6.914421387E0,8.295599213E0
9.290079458E0,-6.888674927E-1,6.994504852E0,9.448202362E0
9.300034458E0,-5.833369446E-1,7.449857941E0,8.549770660E0
9.309989458E0,-3.921844482E-1,6.559659119E0,7.506739655E0
9.319945458E0,2.230361938E-2,6.690037994E0,6.557563477E0
9.329900458E0,3.776646423E-1,6.627168732E0,7.502398682E0
9.339855458E0,5.050497437E-1,5.782325592E0,8.931027832E0
9.349810458E0,1.062789917E-1,6.128106537E0,9.023535461E0
9.359765458E0,-7.367678833E-1,7.269483032E0,7.428302765E0
9.369720458E0,-4.279600525E-1,7.092850342E0,5.159919891E0
9.379675458E0,8.659492493E-1,3.874243469E0,6.664441223E0
9.389630458E0,3.975732422E-1,4.111051025E0,6.589746552E0
9.399585458E0,-3.727249146E-1,8.465944977E0,4.560715942E0
9.409540458E0,-6.086343384E-1,9.009764099E0,6.249354401E0
9.419495458E0,-1.433419189E0,6.784491577E0,9.092691650E0
9.429450458E0,-7.704478455E-1,7.811206512E0,7.595954132E0
9.439405458E0,-2.221380615E-1,8.897198181E0,5.676196289E0
9.449360458E0,5.044509888E-2,7.347171478E0,5.267546082E0
9.459315458E0,-1.913021851E-1,6.602470093E0,5.718258820E0
9.469270458E0,3.312611389E-1,5.204078064E0,6.224057007E0
9.479225458E0,-5.643264771E-2,5.031486969E0,7.698790283E0
9.489180458E0,1.332229614E-1,7.204368439E0,7.283104706E0
9.499135458E0,3.010240173E-1,7.612120514E0,6.453679504E0
9.509090458E0,6.243516541E-1,6.793023834E0,7.492369537E0
9.519045458E0,7.753875732E-2,7.219636688E0,7.664661255E0
9.529000458E0,6.634204102E-1,7.682773590E0,7.754474487E0
9.538955458E0,5.393284607E-1,7.317533112E0,7.403903503E0
9.548910458E0,5.298980713E-2,8.164172516E0,6.711742859E0
9.558866458E0,6.800358582E-1,8.323740692E0,5.583688660E0
9.568821458E0,3.020718384E-1,6.514602814E0,5.965993652E0
9.578776458E0,5.004093933E-1,6.189179535E0,6.675667877E0
9.588731458E0,3.867956543E-1,6.691534882E0,6.778504028E0
9.598686458E0,4.017645264E-1,7.069648590E0,7.383096771E0
9.608641458E0,1.851649475E-1,7.757468262E0,7.894732819E0
9.618596458E0,-1.173559570E-1,5.557792511E0,8.724906464E0
9.628551458E0,2.888992310E-2,6.031407623E0,7.591313782E0
9.638506458E0,6.825805664E-2,6.593488770E0,7.312294006E0
9.648461833E0,2.724334717E-1,6.687343597E0,7.844287720E0
9.658416833E0,-5.239105225E-3,5.729784851E0,8.212072906E0
9.668371833E0,-5.255570984E-1,5.641468506E0,7.961344299E0
9.678326833E0,-4.740641785E-1,5.306465149E0,9.458231506E0
9.688281833E0,-5.929170227E-1,6.736740875E0,6.685098267E0
9.698236833E0,-2.508782959E-1,6.096372528E0,6.018983459E0
9.708191833E0,-3.128494263E-2,5.866300964E0,6.584657135E0
9.718146833E0,-6.381230164E-1,5.881868591E0,7.496411133E0
9.728101833E0,-4.284091187E-1,7.142696686E0,6.540948029E0
9.738056833E0,-7.209008789E-1,7.970026245E0,5.605842590E0
9.748011833E0,1.216969299E-1,8.399483185E0,6.203250275E0
9.757966833E0,4.430786133E-1,7.307503967E0,8.057743835E0
9.767921833E0,-3.086581421E-1,6.374194794E0,7.947423248E0
9.777876833E0,-5.421725464E-1,7.192243652E0,6.674470367E0
9.787831833E0,-1.145567780E0,7.698490906E0,6.285429382E0
9.797786833E0,-8.020321655E-1,5.698948975E0,5.892496490E0
9.807741833E0,-7.762857056E-1,5.604794769E0,5.684129791E0
9.817696833E0,-5.189707947E-1,6.317163391E0,8.037086792E0
9.827652833E0,-1.037791901E0,7.318580933E0,9.351802826E0
9.837607833E0,-9.012757874E-1,7.042255554E0,9.751471710E0
9.847562833E0,-8.881031799E-1,7.333250427E0,9.371561737E0
9.857517833E0,-7.777825928E-1,7.570956116E0,8.288563843E0
9.867472833E0,-4.017645264E-1,7.387138367E0,8.082592163E0
9.877427833E0,-5.373825073E-2,6.343209229E0,8.334667969E0
9.887382833E0,-1.496887207E-4,6.431226196E0,7.464826813E0
9.897337833E0,1.555265808E-1,6.586453400E0,6.309828644E0
9.907292833E0,6.391708374E-2,6.800208893E0,6.194268951E0
9.917247833E0,4.204756165E-1,7.281158752E0,4.843028870E0
9.927202833E0,6.316864014E-2,6.991810455E0,3.932771759E0
9.937157833E0,-3.809577942E-1,7.357649689E0,4.101770325E0
9.947112833E0,-1.600172424E-1,6.854246521E0,6.380182343E0
9.957067833E0,6.616241455E-2,5.707181854E0,7.746540985E0
9.967022833E0,1.845661926E-1,7.313341827E0,8.258925476E0
9.976977833E0,2.830613708E-1,8.013735352E0,7.691605225E0
9.986932833E0,2.336640930E-1,7.097790070E0,6.395600281E0
9.996887833E0,2.968327332E-1,6.546636200E0,5.220094757E0
1.000684283E1,2.842588806E-1,6.347699890E0,5.878425751E0
1.001679783E1,5.092410278E-1,6.645879822E0,7.187603302E0
1.002675283E1,4.408332825E-1,7.036268005E0,6.850803680E0
1.003670783E1,5.833369446E-1,6.317612457E0,7.168892212E0
1.004666283E1,1.106199646E-1,6.521787872E0,6.549330597E0
1.005661783E1,2.880010986E-1,7.200177155E0,6.038892059E0
1.006657283E1,7.247927856E-1,7.572153625E0,6.802304535E0
1.007652783E1,2.155517578E-2,5.422773285E0,1.077324692E1
1.008648283E1,8.741821289E-2,6.151308289E0,1.155926239E1
1.009643883E1,7.063810730E-1,8.686586151E0,7.648794250E0
1.010639383E1,-9.415420532E-2,8.402327271E0,5.472919006E0
1.011634883E1,2.043251038E-1,5.941444702E0,5.627697144E0
1.012630383E1,2.665956116E-1,6.885381775E0,5.237308960E0
1.013625883E1,-8.876541138E-2,7.842790833E0,6.526278534E0
1.014621383E1,1.751358032E-2,6.176455994E0,7.765850830E0
1.015616883E1,7.945477295E-1,6.256090393E0,8.082891541E0
1.016612383E1,2.176473999E-1,7.294780426E0,7.092101898E0
1.017607883E1,-8.637039185E-2,6.533613281E0,6.741979980E0
1.018603383E1,3.242257690E-1,6.627617798E0,6.741381226E0
1.019598883E1,-3.487747192E-1,6.959627380E0,6.579268341E0
1.020594383E1,5.837860107E-3,6.881340179E0,6.911577301E0
1.021589883E1,1.686991882E-1,6.376889191E0,7.401508484E0
1.022585383E1,-4.745132446E-1,5.360203400E0,8.895252228E0
1.023580883E1,-4.504133606E-1,6.852450256E0,9.070986786E0
1.024576383E1,5.852828979E-2,7.680079193E0,8.044271851E0
1.025571883E1,4.638853455E-1,6.880891113E0,8.087232513E0
1.026567383E1,3.333567810E-1,7.127727814E0,6.293362885E0
1.027562883E1,8.640032959E-1,6.926246796E0,6.209537201E0
1.028558383E1,6.402186584E-1,7.229665833E0,5.995781708E0
1.029553883E1,3.980223083E-1,7.679480438E0,5.594765625E0
1.030549383E1,9.942324829E-1,6.022426300E0,7.245233459E0
1.031544883E1,1.231938171E-1,6.474785614E0,7.331304474E0
1.032540383E1,4.053570557E-1,8.208630066E0,7.611072693E0
1.033535883E1,5.369334412E-1,7.292385406E0,8.134534149E0
1.034531383E1,6.336323547E-1,5.717210999E0,9.551337891E0
1.035526883E1,4.251159668E-1,7.042255554E0,8.057145081E0
1.036522383E1,1.422042847E-1,6.378386078E0,7.887098694E0
1.037517983E1,2.383044434E-1,6.265371094E0,7.469317474E0
1.038513483E1,-2.627037048E-1,7.215295715E0,5.915099487E0
1.039508983E1,3.097059631E-1,7.035369873E0,5.644611969E0
1.040504483E1,5.026547241E-1,6.491850128E0,5.722599792E0
1.041499983E1,5.550457764E-1,6.069129181E0,6.491251373E0
1.042495483E1,1.094374237E0,6.673871613E0,4.845274200E0
1.043490983E1,8.214916992E-1,6.296206970E0,5.544619904E0
1.044486483E1,7.412585449E-1,6.700965271E0,6.004613342E0
1.045481983E1,7.354206848E-1,6.859335938E0,7.436236267E0
1.046477483E1,8.202941895E-2,6.559060364E0,9.169481964E0
1.047472983E1,-3.237767029E-1,6.369404755E0,9.511670380E0
1.048468483E1,-2.362088013E-1,7.574099579E0,7.343578949E0
1.049463983E1,1.733395386E-1,7.365134125E0,5.070855103E0
1.050459483E1,6.930587769E-1,6.261628876E0,5.926775208E0
1.051454983E1,-4.999603271E-2,7.185507660E0,6.320007477E0
1.052450483E1,-6.885681152E-1,7.542664948E0,8.226143646E0
1.053445983E1,-7.262896729E-1,7.455845490E0,1.014560211E1
1.054441483E1,-6.215075684E-1,7.737559662E0,9.423204346E0
1.055436983E1,3.391946411E-1,7.481142883E0,7.235503693E0
1.056432483E1,4.029620361E-1,7.571554871E0,4.922812958E0
1.057427983E1,7.448510742E-1,6.529272308E0,5.468578033E0
1.058423483E1,5.496569824E-1,6.638545074E0,4.489613800E0
1.059418983E1,6.469546509E-1,6.080655212E0,6.520290985E0
1.060414483E1,3.915856934E-1,7.500153351E0,6.491700439E0
1.061409983E1,1.451980591E-1,6.196963348E0,8.189769287E0
1.062405483E1,2.519261169E-1,6.458768921E0,7.787555695E0
1.063400983E1,-8.247848511E-2,6.055806885E0,8.024662628E0
1.064396483E1,1.441502380E-1,6.935826874E0,6.991211700E0
1.065392046E1,-2.760260010E-1,6.959777069E0,5.444178772E0
1.066387546E1,3.622467041E-1,7.442223816E0,4.838837585E0
1.067383046E1,3.794609070E-1,6.690037994E0,6.590494995E0
1.068378546E1,5.583389282E-2,6.639892273E0,5.707181854E0
1.069374046E1,6.012995911E-1,6.840026093E0,5.844446411E0
1.070369546E1,1.962419128E-1,6.862778778E0,7.579638062E0
1.071365046E1,1.106199646E-1,5.811514893E0,9.477541351E0
1.072360546E1,6.246510315E-1,6.550378418E0,9.484127655E0
1.073356046E1,1.621128845E-1,7.070995789E0,9.888736267E0
1.074351546E1,-1.169068909E-1,8.028704224E0,7.738607483E0
1.075347046E1,-5.902226257E-1,7.352260895E0,8.418793030E0
1.076342546E1,-3.835025024E-1,7.311844940E0,8.293204193E0
1.077338046E1,-3.614982605E-1,7.360194397E0,7.854316864E0
1.078333546E1,-5.878276062E-1,7.814200287E0,7.458390198E0
1.079329046E1,-7.512876892E-1,7.076234894E0,6.091133423E0
1.080324546E1,-4.424798584E-1,6.658154297E0,5.556445312E0
1.081320046E1,-1.164578247E-1,5.695655823E0,7.291187897E0
1.082315546E1,6.301895142E-2,6.968459015E0,6.694378967E0
1.083311046E1,-1.052311707E-1,6.836583252E0,6.703060913E0
1.084306546E1,-4.888833618E-1,5.714217224E0,6.918313293E0
1.085302046E1,-7.559280396E-2,7.052434387E0,5.729186096E0
1.086297546E1,2.582130432E-1,6.911427612E0,6.691534882E0
1.087293046E1,2.429447937E-1,4.669539642E0,7.282655640E0
1.088288546E1,-1.022373962E-1,5.406008148E0,7.520211639E0
1.089284046E1,-1.242416382E-1,7.271129608E0,6.665339355E0
1.090279546E1,-6.432124329E-1,5.940845947E0,7.239245911E0
1.091275046E1,-4.266128540E-1,6.546486511E0,6.720724182E0
1.092270546E1,-4.734654236E-1,7.695197754E0,6.595135345E0
1.093266046E1,-1.594184875E-1,7.860154724E0,6.940167847E0
1.094261646E1,-1.544787598E-1,7.267686768E0,7.034322052E0
1.095257146E1,5.992039490E-1,6.208938446E0,7.341333618E0
1.096252646E1,-1.047821045E-2,7.085066528E0,6.680607605E0
1.097248146E1,-6.551875305E-1,7.457042999E0,6.045328674E0
1.098243646E1,-1.048120422E0,6.729256439E0,5.194947052E0
1.099239146E1,-1.479223938E0,5.765710144E0,6.824757843E0
1.100234646E1,-5.993536377E-1,6.097719727E0,8.280031586E0
1.101230146E1,1.228944397E-1,7.252268829E0,8.076604614E0
1.102225646E1,8.288264465E-1,7.918383636E0,7.467820587E0
1.103221146E1,4.290078735E-1,5.836063843E0,7.886649628E0
1.104216646E1,-2.258802795E-1,5.947432251E0,8.428672485E0
1.105212146E1,1.140628052E-1,7.692653046E0,7.322173462E0
1.106207646E1,3.323089600E-2,7.042554932E0,6.663243713E0
1.107203146E1,4.077520752E-1,6.153104553E0,6.534810791E0
1.108198646E1,-1.347198486E-3,7.783065033E0,5.594915314E0
1.109194146E1,2.035766602E-2,6.523733826E0,7.769143982E0
1.110189646E1,2.073188782E-1,5.774990845E0,8.346792755E0
1.111185146E1,6.683601379E-1,6.756200409E0,9.787247314E0
1.112180646E1,6.789880371E-1,8.242609406E0,7.344028015E0
1.113176146E1,4.086502075E-2,6.246360626E0,5.401367798E0
1.114171646E1,4.308041382E-1,5.967789917E0,4.056714020E0
1.115167146E1,1.914518738E-1,8.403674469E0,3.187621307E0
1.116162646E1,3.628454590E-1,8.583450623E0,4.699028320E0
1.117158146E1,7.634124756E-3,5.802982635E0,8.766519928E0
1.118153646E1,3.742218018E-1,6.845863953E0,1.035636383E1
1.119149146E1,6.137237549E-1,8.293653259E0,9.134305115E0
1.120144646E1,-1.507365417E-1,8.425678711E0,5.923482056E0
1.121140146E1,2.787203979E-1,7.608078918E0,3.399730225E0
1.122135646E1,-4.056564331E-1,6.329138489E0,2.992876282E0
1.123131246E1,-8.993298340E-1,6.170318756E0,6.443650360E0
1.124126746E1,3.577560425E-1,7.041806488E0,9.231902161E0
1.125122246E1,4.610412598E-1,6.096971283E0,1.135718262E1
1.126117746E1,6.460565186E-1,6.303691406E0,1.035531601E1
1.127113246E1,1.576222229E-1,6.692732391E0,8.380023651E0
1.128108746E1,-2.845582581E-1,6.835685120E0,4.851112061E0
1.129104246E1,2.321672058E-1,6.251300354E0,3.360511780E0
1.130099746E1,3.884422302E-1,6.103557587E0,6.140680389E0
1.131095246E1,2.513273621E-1,6.205794983E0,9.336983643E0
1.132090746E1,8.198451233E-1,5.681435394E0,1.086500610E1
1.133086246E1,1.023870850E0,5.459297333E0,1.006956024E1
1.134081746E1,1.487905884E-1,8.045319672E0,6.741081848E0
1.135077246E1,3.158432007E-2,7.873027954E0,4.527335358E0
1.136072746E1,6.122268677E-1,6.234535217E0,3.330723724E0
1.137068246E1,9.015751648E-1,5.443580017E0,5.315895538E0
1.138063746E1,8.012837219E-1,6.104755096E0,7.509583740E0
1.139059246E1,1.084943848E0,6.953639832E0,8.150700531E0
1.140054746E1,7.592211914E-1,7.058571625E0,7.924969940E0
1.141050246E1,7.580236816E-1,6.754853210E0,7.455246735E0
1.142045746E1,7.424560547E-1,6.789131927E0,6.096222839E0
1.143041246E1,8.262817383E-1,6.664141846E0,6.627617798E0
1.144036746E1,7.295828247E-1,6.372548218E0,6.519392853E0
1.145032246E1,8.442443848E-1,5.676345978E0,7.176975403E0
1.146027746E1,7.167095947E-1,6.987918549E0,7.314239960E0
1.147023246E1,6.747967529E-1,7.029382324E0,8.260572052E0
1.148018746E1,1.109193420E0,6.490502930E0,8.606352997E0
1.149014246E1,1.585203552E0,6.844965820E0,8.490344238E0
1.150009746E1,2.336042175E0,6.602320404E0,9.460476837E0
1.151005246E1,2.625839539E0,6.944808197E0,8.968749390E0
1.152000746E1,1.582658844E0,8.181386719E0,7.022796021E0
1.152996246E1,1.027912445E0,8.230334930E0,6.466403046E0
1.153991846E1,5.568420410E-1,6.794969788E0,6.228847046E0
1.154987346E1,1.246008911E0,6.193370819E0,5.672154694E0
1.155982846E1,1.115330658E0,6.148763580E0,6.736441498E0
1.156978346E1,1.283281403E0,6.919211426E0,6.926845551E0
1.157973846E1,9.244775391E-1,6.479276276E0,6.966962128E0
1.158969346E1,1.854643250E-1,6.182593231E0,8.079448700E0
1.159964846E1,6.045927429E-1,7.114854584E0,7.463180237E0
1.160960346E1,4.339476013E-1,7.710466003E0,6.101461945E0
1.161955846E1,1.061143341E0,6.259533234E0,6.795867920E0
1.162951346E1,9.807604980E-1,6.692283325E0,6.190377045E0
1.163946846E1,3.327580261E-1,6.884184265E0,6.246809692E0
1.164942362E1,5.288502502E-1,5.657784576E0,6.862928467E0
1.165937862E1,1.307231598E0,6.157894592E0,6.549929352E0
1.166933363E1,1.506167908E0,6.732250214E0,6.126609650E0
1.167928862E1,1.267264709E0,6.787635040E0,6.009553070E0
1.168924362E1,1.046024780E0,6.285130005E0,7.599696350E0
1.169919863E1,8.250842285E-1,6.131100311E0,7.918533325E0
1.170915362E1,9.605525208E-1,6.241869965E0,7.853867798E0
1.171910862E1,8.909472656E-1,6.812333679E0,8.774154053E0
1.172906362E1,3.444337463E-1,7.275021515E0,7.095844116E0
1.173901863E1,8.942404175E-1,7.386090546E0,5.987249451E0
1.174897362E1,3.162922668E-1,8.416398010E0,4.550387421E0
1.175892862E1,7.664062500E-2,6.113287354E0,6.950196991E0
1.176888363E1,1.264570312E0,6.583459625E0,7.550897827E0
1.177883862E1,2.317181396E-1,7.774981842E0,7.665260010E0
1.178879362E1,1.145118713E-1,6.806346130E0,9.367969208E0
1.179874862E1,-3.472778320E-2,5.871989136E0,7.911947021E0
1.180870363E1,1.559756470E-1,6.923851776E0,5.151836700E0
1.181865862E1,4.890330505E-1,7.619604950E0,4.578079834E0
1.182861362E1,1.073268127E-1,6.477330322E0,6.636449432E0
1.183856962E1,3.641926575E-1,5.747897186E0,8.941655731E0
1.184852462E1,-3.085084534E-1,6.888824615E0,8.490643616E0
1.185847963E1,-5.149291992E-2,7.840994568E0,7.802973633E0
1.186843462E1,2.448907471E-1,7.102879486E0,6.112987976E0
1.187838962E1,3.252735901E-1,6.684050446E0,4.837640076E0
1.188834463E1,4.712200928E-1,7.794141998E0,4.247267761E0
1.189829963E1,5.074447632E-2,6.840175781E0,6.636150055E0
1.190825462E1,6.706054688E-2,6.547234955E0,9.255702667E0
1.191820962E1,-1.631607056E-2,7.191345520E0,8.485254822E0
1.192816463E1,5.111869812E-1,6.851103058E0,8.164471893E0
1.193811962E1,6.248007202E-1,6.902446289E0,7.604785767E0
1.194807462E1,4.108955383E-1,7.541018372E0,5.523663483E0
1.195802963E1,8.430468750E-1,6.116580505E0,6.143374786E0
1.196798463E1,1.957928467E-1,6.783294067E0,6.754703522E0
1.197793962E1,1.721420288E-2,7.786358185E0,7.204817505E0
1.198789462E1,5.944139099E-1,6.508615265E0,7.822283478E0
1.199784963E1,2.389031982E-1,5.723198547E0,8.603359222E0
1.200780462E1,1.930984497E-1,6.833140411E0,8.769962769E0
1.201775962E1,-6.735992432E-3,7.081923065E0,7.532037048E0
1.202771463E1,-6.721023560E-2,5.861211548E0,8.299790497E0
1.203766963E1,1.697470093E-1,7.117698669E0,7.295079803E0
1.204762462E1,2.315684509E-1,7.191644897E0,6.401587830E0
1.205757962E1,6.045927429E-1,6.777007141E0,5.797444153E0
1.206753463E1,6.047424316E-2,6.675518188E0,5.702840881E0
1.207748962E1,4.342469788E-1,6.638844452E0,5.932164001E0
1.208744462E1,-2.883004761E-1,5.994284821E0,7.475604401E0
1.209739962E1,-7.596702576E-1,6.398294678E0,9.008865967E0
1.210735463E1,-6.623725891E-1,6.455475769E0,8.466094666E0
1.211730962E1,-9.630972290E-1,6.633755035E0,7.988138580E0
1.212726462E1,-4.793032837E-1,6.361171875E0,8.157586212E0
1.213721963E1,-8.186476135E-1,7.641309814E0,5.544170837E0
1.214717562E1,-1.135838013E0,7.025789795E0,6.747817841E0
1.215713063E1,-1.189576263E0,6.656657410E0,6.791826324E0
1.216708562E1,-4.002676392E-1,6.714736633E0,7.436236267E0
1.217704062E1,-1.945953369E-3,6.538103943E0,8.175249481E0
1.218699563E1,-1.026565247E0,6.903194733E0,7.520810394E0
1.219695062E1,-6.237528992E-1,7.354955292E0,5.983656921E0
1.220690562E1,-1.099463654E0,6.661297760E0,5.237907715E0
1.221686062E1,-6.962022400E-1,6.185587006E0,5.847290497E0
1.222681563E1,1.483415222E-1,6.714586945E0,5.323679352E0
1.223677062E1,-6.592291260E-1,6.656657410E0,6.531966705E0
1.224672562E1,-4.984634399E-2,6.514453125E0,8.904083862E0
1.225668063E1,-6.747967529E-1,6.839427338E0,9.615105286E0
1.226663562E1,3.008743286E-2,6.782845001E0,8.388705597E0
1.227659062E1,-7.634124756E-2,6.662944336E0,5.914650421E0
1.228654562E1,-4.231700134E-1,6.723867645E0,4.308191071E0
1.229650063E1,-1.374142456E-1,6.100264435E0,4.486620026E0
1.230645562E1,-1.210981750E-1,5.442083130E0,6.694229279E0
1.231641062E1,2.694396973E-1,6.696474609E0,9.642797699E0
1.232636563E1,6.706054688E-1,7.674241333E0,1.099478622E1
1.233632062E1,1.188528442E-1,7.545209656E0,9.378746796E0
1.234627562E1,1.990859985E-2,7.955656128E0,5.647456055E0
1.235623062E1,5.089416504E-2,7.057673492E0,4.025279388E0
1.236618563E1,1.872605896E-1,5.608237610E0,5.237458649E0
1.237614062E1,7.042854309E-1,5.762267303E0,7.430997162E0
1.238609562E1,1.004561005E0,7.880063324E0,7.594756622E0
1.239605063E1,7.976911926E-1,7.790250092E0,8.860374756E0
1.240600562E1,3.390449524E-1,7.827372894E0,6.544390869E0
1.241596062E1,4.119433594E-1,7.054230652E0,5.543721771E0
1.242591562E1,2.103126526E-1,7.307803345E0,4.317621460E0
1.243587063E1,2.689906311E-1,6.713838501E0,5.641019440E0
1.244582562E1,1.318458252E0,6.794071655E0,6.430926819E0
1.245578062E1,7.165599060E-1,6.328839111E0,7.404202881E0
1.246573563E1,1.236129456E0,6.499783630E0,9.133257294E0
1.247569162E1,8.439450073E-1,7.566914520E0,9.264833679E0
1.248564663E1,2.571652222E-1,8.024512939E0,7.751331024E0
1.249560162E1,6.286926270E-1,6.537654877E0,6.266718292E0
1.250555662E1,2.426454163E-1,6.464906158E0,5.541476440E0
1.251551162E1,3.546125793E-1,6.909331970E0,4.268224182E0
1.252546663E1,7.276368713E-1,5.912704468E0,5.033582611E0
1.253542162E1,4.861889648E-1,5.776787109E0,8.849148102E0
1.254537662E1,3.861968994E-2,7.144642639E0,1.013332764E1
1.255533163E1,-6.017486572E-2,7.789651337E0,8.616382141E0
1.256528662E1,-2.140548706E-2,7.450456696E0,7.557184753E0
1.257524162E1,-3.053649902E-1,6.583160248E0,5.760920105E0
1.258519662E1,3.580554199E-1,6.757098541E0,3.704646149E0
1.259515163E1,3.323089600E-2,7.104825439E0,4.288881226E0
1.260510662E1,-1.113684082E-1,4.862787781E0,7.680079193E0
1.261506162E1,3.511697388E-1,5.544021149E0,9.621841278E0
1.262501663E1,-2.993774414E-4,7.590415649E0,9.342671814E0
1.263497162E1,2.336640930E-1,5.908213806E0,1.060080551E1
1.264492662E1,4.649331665E-1,6.067033539E0,8.746611328E0
1.265488162E1,1.607656860E-1,6.983727264E0,7.227570190E0
1.266483663E1,5.478607178E-1,6.539451141E0,7.646548920E0
1.267479162E1,1.008901978E-1,5.794600067E0,7.876919861E0
1.268474662E1,8.669970703E-1,6.557114410E0,7.629484406E0
1.269470163E1,1.408570862E-1,7.778574371E0,6.798262939E0
1.270465662E1,5.263055420E-1,6.705156555E0,7.959248657E0
1.271461162E1,1.099912720E0,5.993835754E0,7.232509918E0
1.272456662E1,5.861810303E-1,6.485712891E0,6.895410919E0
1.273452163E1,4.650828552E-1,6.396199036E0,6.731501770E0
1.274447662E1,3.426374817E-1,5.749543762E0,7.542964325E0
1.275443162E1,6.468049622E-1,7.205116882E0,6.898554382E0
1.276438663E1,2.561174011E-1,8.863069153E0,4.645739136E0
1.277434162E1,1.176553345E-1,7.379803619E0,6.036946106E0
1.278429662E1,-6.795867920E-2,6.390959930E0,6.218668213E0
1.279425162E1,-1.377136230E-2,6.475683746E0,5.255121918E0
1.280420762E1,6.845265198E-1,6.339916077E0,6.112389221E0
1.281416262E1,3.442840576E-2,6.057004395E0,8.780141602E0
1.282411763E1,3.996688843E-1,6.687343597E0,9.887089691E0
1.283407262E1,-2.502795410E-1,7.706424408E0,8.403824158E0
1.284402762E1,-1.926493835E-1,7.506889343E0,7.891289978E0
1.285398263E1,5.719606018E-1,6.892117767E0,6.279741211E0
1.286393762E1,7.732919312E-1,6.141129456E0,4.803810425E0
1.287389262E1,1.440903625E0,5.652844849E0,6.125561829E0
1.288384762E1,7.616162109E-1,6.580914917E0,7.446564789E0
1.289380263E1,6.731501770E-1,7.181765442E0,8.575517120E0
1.290375762E1,3.010240173E-1,7.485334167E0,8.299640808E0
1.291371262E1,1.589694214E-1,7.650291138E0,7.013515320E0
1.292366763E1,9.409432983E-1,7.112010498E0,5.807622986E0
1.293362262E1,2.737806702E-1,6.646628265E0,5.541925507E0
1.294357762E1,1.416055298E-1,5.089117126E0,7.538922729E0
1.295353262E1,2.917433167E-1,5.515729980E0,8.577313385E0
1.296348763E1,-4.866380310E-1,6.970854034E0,9.888436890E0
1.297344262E1,-2.453398132E-1,7.288044434E0,9.045988770E0
1.298339762E1,-1.374142456E-1,7.412884827E0,7.021897888E0
1.299335263E1,8.174501038E-1,7.906707916E0,5.585035858E0
1.300330762E1,3.528163147E-1,7.555388489E0,4.439617767E0
1.301326262E1,8.732839966E-1,5.948480072E0,6.058501282E0
1.302321762E1,5.144801331E-1,5.152285767E0,7.723638611E0
1.303317263E1,1.682501221E-1,7.381001129E0,8.086334381E0
1.304312762E1,3.460803223E-1,8.703351288E0,6.813231812E0
1.305308262E1,3.186872864E-1,7.450756073E0,5.322930908E0
1.306303763E1,8.921447754E-1,6.008954315E0,6.122418365E0
1.307299262E1,6.614744568E-1,7.726033630E0,4.830754395E0
1.308294762E1,7.304809570E-1,6.959627380E0,5.892646179E0
1.309290262E1,2.941383362E-1,5.221441956E0,8.337811432E0
1.310285763E1,-2.668949890E-1,6.803502045E0,7.798932037E0
1.311281262E1,9.825567627E-1,7.538174286E0,8.057294769E0
1.312276762E1,1.625619507E-1,7.612270203E0,7.728129272E0
1.313272263E1,3.746708679E-1,6.709048462E0,7.498656464E0
1.314267862E1,9.337582397E-1,6.230792999E0,6.546636200E0
1.315263363E1,2.035766602E-1,5.732030182E0,8.436755676E0
1.316258862E1,1.293011169E0,5.550906830E0,8.293503571E0
1.317254362E1,8.099656677E-1,6.315217438E0,7.190447388E0
1.318249863E1,1.213526459E0,7.053033142E0,8.011040955E0
1.319245363E1,4.906796265E-1,7.632029114E0,5.122348022E0
1.320240862E1,5.366340637E-1,5.650449829E0,5.637726288E0
1.321236362E1,7.276368713E-1,6.707252197E0,4.367018738E0
1.322231863E1,1.634600830E-1,6.314319305E0,6.088439026E0
1.323227362E1,9.430389404E-3,5.413642273E0,7.614216156E0
1.324222862E1,-4.634362793E-1,6.685247955E0,7.671846313E0
1.325218363E1,4.408332825E-1,7.319179688E0,9.015152893E0
1.326213863E1,-1.197509766E-1,7.126979370E0,7.894433441E0
1.327209362E1,-1.273851013E-1,7.279212799E0,6.739435272E0
1.328204862E1,8.038284302E-2,7.079677734E0,5.999523926E0
1.329200363E1,-6.274951172E-1,6.388415222E0,6.619235229E0
1.330195862E1,4.508624268E-1,5.670358429E0,8.816066895E0
1.331191362E1,2.694396973E-3,6.814878387E0,8.241112518E0
1.332186863E1,-7.858657837E-2,6.799759827E0,8.904233551E0
1.333182363E1,-2.287243652E-1,7.667056274E0,7.130871277E0
1.334177862E1,-3.694317627E-1,6.920708313E0,6.472989349E0
1.335173362E1,1.266366577E-1,5.495372314E0,5.885910187E0
1.336168863E1,-2.707868958E-1,5.431155853E0,6.262077942E0
1.337164362E1,1.734892273E-1,6.510261841E0,7.148833923E0
1.338159862E1,-4.114942932E-1,7.323370972E0,7.615413666E0
1.339155362E1,-4.108955383E-1,7.240443420E0,1.099523529E1
1.340150863E1,2.920426941E-1,8.222700806E0,1.052611084E1
1.341146362E1,-6.997947693E-1,7.733817444E0,8.326734467E0
1.342141862E1,1.056802368E-1,7.057374115E0,5.743256836E0
1.343137363E1,-7.155120850E-1,6.973698120E0,3.736978912E0
1.344132862E1,-2.227368164E-1,5.351521454E0,6.384074249E0
1.345128362E1,-5.029541016E-2,5.466332703E0,8.519832916E0
1.346123862E1,-4.526586914E-1,7.720195770E0,8.837622070E0
1.347119363E1,-1.633103943E-1,8.598120117E0,8.729097748E0
1.348114963E1,-8.318202209E-1,6.897805939E0,7.425308990E0
1.349110462E1,-4.409829712E-1,6.307882690E0,6.159990234E0
1.350105962E1,-1.049018555E0,7.049590302E0,4.811294861E0
1.351101462E1,-8.048762512E-1,6.239624634E0,6.477779388E0
1.352096963E1,-2.604583740E-2,6.210884399E0,7.166197815E0
1.353092462E1,-6.764433289E-1,6.959028625E0,8.229436798E0
1.354087962E1,1.059796143E-1,7.408992920E0,7.860154724E0
1.355083463E1,-4.981640625E-1,7.619904327E0,6.112688599E0
1.356078962E1,-1.089733887E-1,7.116650848E0,5.516029358E0
1.357074462E1,-2.859054565E-1,5.983956299E0,4.448299713E0
1.358069962E1,-5.792953491E-1,6.130052490E0,5.546715546E0
1.359065463E1,1.845661926E-1,7.621550903E0,5.752687225E0
1.360060962E1,-7.511380005E-1,6.543043671E0,7.038663025E0
1.361056462E1,1.447489929E-1,6.343209229E0,8.681197357E0
1.362051963E1,-3.284170532E-1,7.182214508E0,8.121960297E0
1.363047462E1,-3.122506714E-1,6.280489655E0,8.115373993E0
1.364042962E1,-1.375639343E-1,6.656507721E0,6.628366241E0
1.365038513E1,-3.141966248E-1,7.482490082E0,4.812043304E0
1.366034012E1,2.844085693E-3,6.048023071E0,5.809868317E0
1.367029512E1,-2.501298523E-1,7.076683960E0,5.671106873E0
1.368025013E1,5.373825073E-1,7.815547485E0,8.076454926E0
1.369020513E1,3.746708679E-1,7.197782135E0,8.744515686E0
1.370016012E1,5.077441406E-1,5.899681549E0,9.697583771E0
1.371011512E1,7.096742249E-1,7.189100189E0,7.490872650E0
1.372007013E1,-7.011419678E-1,7.448660431E0,6.392606506E0
1.373002512E1,1.948947144E-1,7.344177704E0,6.332731018E0
1.373998012E1,-4.146377563E-1,6.867269440E0,5.850284271E0
1.374993513E1,2.911445618E-1,5.502108307E0,8.868607635E0
1.375989013E1,1.046324158E-1,7.257208557E0,7.139403534E0
1.376984512E1,-2.454895020E-1,6.926097107E0,7.714058533E0
1.377980012E1,5.263055420E-1,5.953868866E0,7.065756683E0
1.378975513E1,-5.004093933E-1,6.422993317E0,5.365143127E0
1.379971012E1,1.111887817E0,6.717431030E0,6.252048798E0
1.380966512E1,2.493814087E-1,7.168143768E0,5.752537537E0
1.381962012E1,9.669891357E-1,7.290589142E0,7.850574646E0
1.382957612E1,8.509803772E-1,7.632927246E0,6.838529205E0
1.383953113E1,3.770658875E-1,6.656208344E0,7.527247009E0
1.384948612E1,9.331594849E-1,6.910080414E0,6.650669861E0
1.385944112E1,-4.423301697E-1,5.394332428E0,7.337890778E0
1.386939612E1,6.390211487E-1,5.264252930E0,8.193212128E0
1.387935113E1,1.631607056E-2,7.175029449E0,5.984405365E0
1.388930612E1,1.618135071E-1,6.292315063E0,7.515571289E0
1.389926112E1,1.939965820E-1,7.100035400E0,7.186555481E0
1.390921613E1,7.828720093E-2,6.241570587E0,8.226143646E0
1.391917112E1,2.592608643E-1,6.481521606E0,8.668922882E0
1.392912612E1,-5.559439087E-1,6.194568329E0,9.716294861E0
1.393908112E1,5.041516113E-1,7.126530304E0,7.388635254E0
1.394903613E1,-6.756948853E-1,6.541247406E0,5.814209290E0
1.395899112E1,7.514373779E-2,6.331533508E0,5.860313416E0
1.396894612E1,1.315763855E-1,6.551426239E0,6.399342499E0
1.397890113E1,-2.345622253E-1,5.967191162E0,7.431446228E0
1.398885612E1,7.214996338E-2,6.748266907E0,7.882608032E0
1.399881112E1,-4.212240601E-1,7.141798553E0,6.385571136E0
1.400876612E1,-5.870791626E-1,5.981261902E0,6.846313019E0
1.401872113E1,-9.610015869E-2,7.554789734E0,5.642516327E0
1.402867612E1,-5.418731689E-1,6.276597748E0,7.669301605E0
1.403863112E1,-2.538720703E-1,6.384822693E0,8.952732697E0
1.404858613E1,-6.069877625E-1,7.483537903E0,7.768096161E0
1.405854112E1,2.365081787E-2,6.144422607E0,6.913074188E0
1.406849612E1,-1.954934692E-1,6.570736084E0,5.301375732E0
1.407845112E1,4.320016479E-1,7.551197205E0,5.445226593E0
1.408840613E1,5.933660889E-1,6.835385742E0,6.840475159E0
1.409836112E1,-6.207591248E-1,6.467301178E0,9.943672028E0
1.410831612E1,-6.735992432E-2,7.265890503E0,9.933642883E0
1.411827113E1,-1.818717957E-1,8.268954620E0,7.893385620E0
1.412822612E1,2.163002014E-1,6.599027252E0,7.995173950E0
1.413818112E1,1.549278259E-1,7.189998322E0,5.143454132E0
1.414813612E1,7.454498291E-1,6.745871887E0,5.436245270E0
1.415809113E1,8.143066406E-2,6.854845276E0,5.760471039E0
1.416804612E1,1.841171265E-2,5.825136566E0,9.791588287E0
1.417800112E1,4.384382629E-1,7.790848846E0,9.451794891E0
1.418795712E1,-7.677534485E-1,7.649692383E0,9.225465546E0
1.419791212E1,5.752537537E-1,6.574927368E0,8.076155548E0
1.420786713E1,-4.402345276E-1,6.725963287E0,5.036127319E0
1.421782212E1,7.041357422E-1,6.330335999E0,4.955744476E0
1.422777712E1,5.083428955E-1,6.446793823E0,5.219945068E0
1.423773212E1,2.276765442E-1,5.935906219E0,8.672066345E0
1.424768713E1,8.876541138E-2,6.749913483E0,8.592282257E0
1.425764212E1,-8.575666809E-1,6.741530914E0,9.070238342E0
1.426759712E1,5.284011841E-1,6.586603088E0,7.666457520E0
1.427755213E1,3.233276367E-2,7.024741974E0,5.249882812E0
1.428750712E1,6.068380737E-1,6.452332306E0,5.512885895E0
1.429746212E1,4.213737488E-1,6.305787048E0,4.534520416E0
1.430741712E1,4.013154602E-1,5.933810577E0,7.553442535E0
1.431737213E1,6.021977234E-1,6.580166473E0,7.262896729E0
1.432732712E1,4.858895874E-1,6.929090881E0,8.032596130E0
1.433728212E1,1.210832062E0,6.964866486E0,7.834408264E0
1.434723713E1,3.484753418E-1,7.204967194E0,6.613696747E0
1.435719212E1,1.335971832E0,8.002359009E0,7.025490417E0
1.436714712E1,4.263134766E-1,6.785090332E0,7.729925537E0
1.437710212E1,2.523751831E-1,5.571863251E0,9.025631104E0
1.438705713E1,1.009051666E0,7.706873474E0,6.164331207E0
1.439701212E1,3.776646423E-1,7.633675690E0,6.548582153E0
1.440696712E1,3.197351074E-1,5.515580292E0,7.360942841E0
1.441692213E1,1.561253357E-1,5.988896027E0,6.597081299E0
1.442687712E1,7.711962891E-1,6.098019104E0,7.512577515E0
1.443683212E1,-1.661544800E-1,7.053631897E0,5.743855591E0
1.444678712E1,2.381547546E-1,7.483088837E0,5.965095520E0
1.445674213E1,1.041085052E0,6.336323547E0,6.702312469E0
1.446669712E1,5.417234802E-1,5.596262512E0,8.485853577E0
1.447665212E1,7.195536804E-1,7.352560272E0,7.466473389E0
1.448660713E1,3.811074829E-1,6.857240295E0,6.124813385E0
1.449656212E1,1.018931122E0,5.149291992E0,6.948400726E0
1.450651712E1,8.288264465E-1,6.869065704E0,6.355034637E0
1.451647212E1,1.150058441E0,7.172634430E0,7.605534210E0
1.452642713E1,8.915460205E-1,7.185357971E0,6.830895081E0
1.453638212E1,1.422042847E-1,6.400689697E0,7.742349701E0
1.454633712E1,7.798782349E-1,6.724616089E0,7.058272247E0
1.455629213E1,5.165757751E-1,6.687792664E0,6.005212097E0
1.456624812E1,9.291178894E-1,6.624324646E0,6.904990997E0
1.457620313E1,6.107299805E-1,6.711293793E0,8.757089539E0
1.458615812E1,9.924362183E-2,6.977739716E0,1.047192352E1
1.459611312E1,6.765930176E-1,7.950866089E0,9.371711426E0
1.460606812E1,5.884263611E-1,7.657775574E0,8.214767303E0
1.461602313E1,3.442840576E-1,7.680528259E0,5.423521729E0
1.462597812E1,-2.188449097E-1,6.988367615E0,4.552782440E0
1.463593312E1,-3.489244080E-1,6.342909851E0,5.724994812E0
1.464588813E1,-3.288661194E-1,6.198011169E0,6.894662476E0
1.465584300E1,4.023632813E-1,5.998775482E0,7.130122833E0
1.466579800E1,7.580236816E-1,7.582482147E0,5.737418976E0
1.467575300E1,6.795867920E-2,6.551126862E0,6.889872437E0
1.468570800E1,-8.232879639E-2,6.525081024E0,7.178921356E0
1.469566300E1,1.649569702E-1,6.666985931E0,8.434210968E0
1.470561800E1,4.517605591E-1,6.906637573E0,8.138126678E0
1.471557300E1,9.470805359E-1,6.725514221E0,7.817194061E0
1.472552800E1,1.300046539E0,6.490502930E0,5.668562164E0
1.473548300E1,8.978329468E-1,5.768853607E0,6.751410370E0
1.474543800E1,5.051994324E-1,6.742578735E0,6.943460999E0
1.475539300E1,2.028282166E-1,6.739584961E0,8.905880127E0
1.476534800E1,1.719923401E-1,6.827302551E0,9.001830597E0
1.477530300E1,1.670526123E-1,7.316335602E0,7.646099854E0
1.478525800E1,7.759863281E-1,8.438701630E0,4.891827393E0
1.479521300E1,3.755690002E-1,7.447911987E0,5.109624481E0
1.480516800E1,-4.198768616E-1,6.207291870E0,7.725883942E0
1.481512300E1,-3.567082214E-1,7.118896179E0,7.707771606E0
1.482507800E1,-6.427633667E-1,7.418872375E0,8.021818542E0
1.483503300E1,-4.001179504E-1,6.406826935E0,8.068671112E0
1.484498800E1,-2.445913696E-1,6.351142731E0,7.026238861E0
1.485494300E1,-3.171903992E-1,7.423063660E0,5.752537537E0
1.486489800E1,-7.207511902E-1,6.434519348E0,7.124734039E0
1.487485300E1,-4.763095093E-1,6.059399414E0,8.709488525E0
1.488480800E1,-8.397537231E-2,6.905290375E0,7.853418732E0
1.489476300E1,1.263372803E-1,6.091133423E0,7.020850067E0
1.490471800E1,3.116519165E-1,5.556295624E0,6.683900757E0
1.491467300E1,-2.646496582E-1,6.118526459E0,6.171516266E0
1.492462800E1,-4.453239441E-1,6.237229614E0,6.595584412E0
1.493458300E1,-9.764195251E-1,6.492897949E0,6.098767548E0
1.494453800E1,-8.361611938E-1,6.113287354E0,7.678582306E0
1.495449400E1,-1.196012878E0,6.750811615E0,8.037535858E0
1.496444900E1,-1.492695923E0,6.984176331E0,7.662116547E0
1.497440400E1,-9.946815491E-1,6.171067200E0,6.981931000E0
1.498435900E1,-1.168619843E0,6.180647278E0,5.904022522E0
1.499431400E1,-1.034049683E0,7.632328491E0,4.548890533E0
1.500426900E1,-9.657916260E-1,6.882537689E0,5.304968262E0
1.501422400E1,-9.854008484E-1,6.236481171E0,6.894662476E0
1.502417900E1,-4.328997803E-1,7.579937439E0,7.842790833E0
1.503413400E1,-6.477030945E-1,6.846313019E0,8.748407593E0
1.504408900E1,-5.495072937E-1,6.168372803E0,9.531279602E0
1.505404400E1,-7.740403748E-1,6.325995026E0,9.081914063E0
1.506399900E1,-9.355545044E-1,6.486611023E0,8.954528961E0
1.507395400E1,-2.354603577E-1,7.068301392E0,7.452252960E0
1.508390900E1,-3.308120728E-2,7.339387665E0,6.221661987E0
1.509386400E1,-1.092727661E-2,6.345155182E0,6.478976898E0
1.510381900E1,-4.284091187E-1,6.792425079E0,5.599705353E0
1.511377400E1,1.571731567E-2,5.946534119E0,7.512876892E0
1.512372900E1,1.279838562E-1,5.985153809E0,7.384443970E0
1.513368400E1,-2.038760376E-1,6.929390259E0,7.570656738E0
1.514363900E1,1.806742859E-1,7.406148834E0,7.399263153E0
1.515359400E1,-1.014141083E0,7.433841248E0,7.436984711E0
1.516354900E1,-3.457809448E-1,7.777676239E0,6.490203552E0
1.517350400E1,-6.008505249E-1,7.526947632E0,6.420897675E0
1.518345900E1,-7.514373779E-1,7.287146301E0,7.252717896E0
1.519341400E1,-5.556445312E-1,6.966363373E0,7.252418518E0
1.520336900E1,-2.562670898E-1,6.657106476E0,8.233179016E0
1.521332400E1,-5.343887329E-2,6.837481384E0,7.132667542E0
1.522327900E1,6.390211487E-1,6.050717468E0,6.642886047E0
1.523323400E1,6.393205261E-1,7.292834473E0,5.881269836E0
1.524318900E1,3.766168213E-1,7.187004547E0,4.295617218E0
1.525314400E1,1.285826111E0,4.640350342E0,6.062093811E0
1.526309900E1,1.273102570E0,6.626270599E0,6.569089508E0
1.527305400E1,9.969268799E-1,7.526348877E0,8.448281708E0
1.528300900E1,8.313711548E-1,7.271878052E0,8.454718323E0
1.529296400E1,3.164419556E-1,6.557713165E0,8.410260773E0
1.530291900E1,1.203197937E0,6.438710632E0,6.702761536E0
1.531287400E1,8.861572266E-1,6.417005768E0,6.176755371E0
1.532282900E1,1.181493073E0,6.688690796E0,7.227869568E0
1.533278400E1,9.539662170E-1,6.181695099E0,7.669451294E0
1.534274000E1,4.927752686E-1,7.279362488E0,7.855963440E0
1.535269500E1,1.751358032E-1,6.965614929E0,7.701933746E0
1.536265000E1,7.164102173E-1,5.919141083E0,8.183781738E0
1.537260500E1,1.277593231E0,6.978039093E0,6.850953369E0
1.538256000E1,8.681945801E-1,6.825955353E0,7.034621429E0
1.539251500E1,8.678952026E-1,6.878645782E0,6.435118103E0
1.540247000E1,6.542893982E-1,7.306755524E0,5.153183899E0
1.541242500E1,1.082548828E0,6.044430542E0,6.924600220E0
1.542238000E1,1.019380188E-1,6.560108185E0,6.388864288E0
1.543233500E1,2.531236267E-1,6.063141632E0,6.669830017E0
1.544229000E1,4.520599365E-1,5.658982086E0,6.397396545E0
1.545224500E1,3.832031250E-2,7.135661316E0,5.794749756E0
1.546220000E1,1.368903351E0,6.741081848E0,8.116122437E0
1.547215500E1,9.253756714E-1,7.869884491E0,8.450676727E0
1.548211000E1,8.322692871E-1,8.519383850E0,9.260642395E0
1.549206500E1,5.924679565E-1,7.282955017E0,8.636141052E0
1.550202000E1,8.526269531E-1,5.725892944E0,9.421408081E0
1.551197500E1,1.621877289E0,6.663992157E0,6.747518463E0
1.552193000E1,1.195264435E0,6.182593231E0,6.615193634E0
1.553188500E1,1.199755096E0,6.866520996E0,6.343658295E0
1.554184000E1,4.198768616E-1,7.070995789E0,5.782924347E0
1.555179500E1,6.800358582E-1,7.356901245E0,6.351292419E0
1.556175000E1,4.321513367E-1,7.623347168E0,7.378456421E0
1.557170500E1,2.004331970E-1,6.270759888E0,9.321266327E0
1.558166000E1,-2.034269714E-1,7.331753540E0,6.529721375E0
1.559161500E1,-2.058219910E-1,6.435417480E0,6.764732666E0
1.560157000E1,1.936972046E-1,6.014343109E0,6.508315887E0
1.561152500E1,-3.062631226E-1,6.395600281E0,7.136858826E0
1.562148000E1,1.261875916E-1,6.622079315E0,7.360793152E0
1.563143500E1,-2.959346008E-1,6.404731293E0,7.413782959E0
1.564139000E1,-6.062393188E-2,5.998625793E0,8.121660919E0
1.565134496E1,3.770658875E-1,6.699019318E0,6.613547058E0
1.566129996E1,5.008584595E-1,5.376669159E0,7.331903229E0
1.567125496E1,1.414558411E-1,5.112618256E0,8.096363525E0
1.568120996E1,2.814147949E-2,6.753356323E0,7.987539825E0
1.569116496E1,2.469863892E-1,7.758516083E0,6.065985718E0
1.570111996E1,-1.481918335E-1,6.052364044E0,6.774761810E0
1.571107496E1,-1.100212097E-1,6.373146973E0,7.179969177E0
1.572102996E1,-6.646179199E-1,7.569159851E0,6.347250824E0
1.573098496E1,-4.040098572E-1,6.302493896E0,7.782466278E0
1.574093996E1,-5.301974487E-1,6.754104767E0,7.336992645E0
1.575089596E1,-4.498146057E-1,7.123536530E0,6.838379517E0
1.576085096E1,2.844085693E-3,7.367379456E0,5.786067810E0
1.577080596E1,-2.588117981E-1,7.134613495E0,6.392606506E0
1.578076096E1,4.490661621E-4,6.197562103E0,7.889044647E0
1.579071596E1,-3.579057312E-1,6.960824890E0,8.011789398E0
1.580067096E1,-4.924758911E-2,7.281458130E0,8.479117584E0
1.581062596E1,-7.994874573E-1,7.268884277E0,6.979535980E0
1.582058096E1,-1.407073975E-1,6.997348938E0,6.617139587E0
1.583053596E1,2.865042114E-1,7.250472565E0,6.061644745E0
1.584049096E1,-4.849914551E-2,6.031108246E0,8.238268433E0
1.585044596E1,1.221459961E-1,6.331982574E0,8.509504395E0
1.586040096E1,-4.173321533E-1,7.552993469E0,7.205715637E0
1.587035596E1,-9.684860229E-2,6.980733490E0,6.636449432E0
1.588031096E1,-3.201841736E-1,7.552694092E0,5.532495117E0
1.589026596E1,-1.347198486E-2,7.221732330E0,7.494165802E0
1.590022096E1,-8.457412720E-2,6.972350922E0,7.604187012E0
1.591017596E1,-5.498066711E-1,7.366181946E0,6.980284424E0
1.592013096E1,2.561174011E-1,7.484585724E0,6.757547607E0
1.593008596E1,-4.309538269E-1,6.221661987E0,7.296576691E0
1.594004096E1,-1.076261902E-1,6.005960541E0,8.160879364E0
1.594999596E1,-7.541317749E-1,7.520061951E0,7.582482147E0
1.595995096E1,-7.858657837E-1,7.018904114E0,8.265362091E0
1.596990596E1,-7.559280396E-2,7.003486176E0,6.901697845E0
1.597986096E1,-2.216889954E-1,6.959178314E0,6.111940155E0
1.598981596E1,1.145118713E-1,6.134992218E0,6.038592682E0
1.599977096E1,-1.553768921E-1,6.054908752E0,6.445895691E0
1.600972596E1,-8.038284302E-2,6.374194794E0,6.931934967E0
1.601968096E1,9.595046997E-2,6.346053314E0,7.323969727E0
1.602963596E1,4.385879517E-2,6.315217438E0,8.814420319E0
1.603959096E1,-8.891510010E-2,6.358477478E0,9.614057465E0
1.604954596E1,7.753875732E-2,6.576274567E0,8.671317902E0
1.605950096E1,-2.625540161E-1,7.690258026E0,5.020260315E0
1.606945596E1,-5.553451538E-2,6.704557800E0,4.370162201E0
1.607941096E1,-1.139131165E-1,4.370611267E0,6.131399689E0
1.608936596E1,-3.441343689E-1,5.713768158E0,7.012916565E0
1.609932096E1,3.194357300E-1,7.590415649E0,8.386011200E0
1.610927596E1,-4.417314148E-1,6.562952271E0,9.122479706E0
1.611923096E1,-1.285826111E-1,7.152426453E0,7.703131256E0
1.612918596E1,1.040336609E-1,8.076903992E0,4.889582062E0
1.613914096E1,1.519340515E-1,5.845194855E0,6.750961304E0
1.614909596E1,5.987548828E-1,5.862708435E0,7.172185364E0
1.615905196E1,4.430786133E-1,7.018604736E0,8.196205902E0
1.616900696E1,2.240840149E-1,7.518864441E0,8.331075439E0
1.617896196E1,-5.828878784E-1,6.844666443E0,7.416477356E0
1.618891696E1,-1.796264648E-2,6.977140961E0,6.245911560E0
1.619887196E1,-2.423460388E-1,6.777755585E0,5.189558258E0
1.620882696E1,3.299139404E-1,6.044729919E0,5.901178436E0
1.621878196E1,6.589297485E-1,6.285279694E0,6.638844452E0
1.622873696E1,-1.231938171E-1,6.159990234E0,8.768615570E0
1.623869196E1,3.817062378E-2,6.872059479E0,8.745413818E0
1.624864696E1,-1.919009399E-1,7.614814911E0,8.754694519E0
1.625860196E1,5.041516113E-1,7.741152191E0,7.924371185E0
1.626855696E1,2.649490356E-2,6.968608704E0,5.939648438E0
1.627851196E1,5.755531311E-1,5.566474457E0,6.672524414E0
1.628846696E1,7.905061340E-1,5.776188354E0,5.973927155E0
1.629842196E1,9.556127930E-1,6.690037994E0,6.261628876E0
1.630837696E1,9.689350891E-1,7.712112579E0,6.910080414E0
1.631833196E1,-1.381626892E-1,7.068600769E0,7.549400940E0
1.632828696E1,1.974394226E-1,5.834866333E0,8.426427155E0
1.633824196E1,-1.109193420E-1,7.639513550E0,6.132746887E0
1.634819696E1,5.101391602E-1,7.533833313E0,6.234385529E0
1.635815196E1,4.011657715E-1,5.361400909E0,7.701035614E0
1.636810696E1,1.420545959E-1,5.390290833E0,9.359736328E0
1.637806196E1,4.339476013E-1,7.874524841E0,7.298822021E0
1.638801696E1,-2.164498901E-1,7.624245300E0,7.415878601E0
1.639797196E1,4.311035156E-1,7.257657623E0,7.252119141E0
1.640792696E1,4.995112610E-1,6.189329224E0,6.108497314E0
1.641788196E1,6.280938721E-1,5.719905396E0,6.787335663E0
1.642783696E1,5.282514954E-1,7.046746216E0,6.778054962E0
1.643779196E1,3.903881836E-1,7.055428162E0,7.343429260E0
1.644774696E1,5.604345703E-1,6.883735199E0,7.841743011E0
1.645770196E1,2.701881409E-1,7.062164154E0,8.518186340E0
1.646765696E1,7.367678833E-1,7.184609528E0,7.783963165E0
1.647761196E1,4.900808716E-1,7.286547546E0,5.687123566E0
1.648756696E1,4.794529724E-1,6.080056458E0,4.690496063E0
1.649752196E1,6.060896301E-1,5.820496216E0,5.338199158E0
1.650747696E1,7.927514648E-1,7.080725555E0,7.239395599E0
1.651743196E1,7.192543030E-1,7.342082062E0,9.253008270E0
1.652738696E1,-6.122268677E-2,6.911577301E0,8.328381042E0
1.653734196E1,3.442840576E-3,6.472240906E0,7.112758942E0
1.654729696E1,9.922865295E-1,6.937922516E0,4.225113831E0
1.655725196E1,9.710307312E-1,6.494245148E0,4.687801666E0
1.656720696E1,1.340612183E0,5.839955750E0,6.556066589E0
1.657716196E1,2.595602417E-1,5.833668823E0,9.339827728E0
1.658711696E1,-3.014730835E-1,8.394543457E0,7.958051147E0
1.659707296E1,-7.349716187E-2,7.286397858E0,8.153843994E0
1.660702796E1,6.063890076E-1,5.775439911E0,8.930578766E0
1.661698296E1,6.375242615E-1,6.934329987E0,7.487280121E0
1.662693796E1,8.680448914E-1,6.597081299E0,7.580087128E0
1.663689296E1,5.453160095E-1,6.453829193E0,6.497538300E0
1.664684796E1,-3.442840576E-2,5.918242950E0,6.596482544E0
1.665680325E1,8.265811157E-1,6.705904999E0,4.894970856E0
1.666675825E1,8.098159790E-1,6.833140411E0,5.670208740E0
1.667671325E1,8.660989380E-1,6.662944336E0,6.633455658E0
1.668666825E1,6.502478027E-1,6.306834869E0,7.354057159E0
1.669662325E1,7.048841858E-1,6.116131439E0,8.936566315E0
1.670657825E1,1.197509766E-1,6.936575317E0,6.825655975E0
1.671653325E1,3.547622681E-1,6.689588928E0,6.299500122E0
1.672648825E1,6.245013428E-1,6.720424805E0,6.994804230E0
1.673644325E1,3.761677551E-1,6.355932770E0,7.635022888E0
1.674639825E1,6.459068298E-1,6.350993042E0,6.856042786E0
1.675635325E1,3.397933960E-2,6.861132202E0,6.622378693E0
1.676630825E1,-4.894821167E-2,6.430477753E0,7.610473938E0
1.677626325E1,2.978805542E-2,6.799610138E0,7.357500000E0
1.678621825E1,-1.197509766E-2,6.580166473E0,9.176217957E0
1.679617325E1,7.460485840E-1,7.771539001E0,8.831035767E0
1.680612825E1,-2.146536255E-1,6.970404968E0,8.809929657E0
1.681608325E1,-1.911524963E-1,7.128476257E0,7.287595367E0
1.682603825E1,-8.232879639E-2,8.048014069E0,5.953719177E0
1.683599325E1,3.083587646E-2,6.320905609E0,7.340435486E0
1.684594825E1,-7.619155884E-2,5.875881042E0,6.547684021E0
1.685590325E1,-1.258882141E-1,7.303462372E0,5.374423828E0
1.686585825E1,-2.386038208E-1,7.119195557E0,5.738915863E0
1.687581325E1,-8.023315430E-1,5.343288574E0,8.663683777E0
1.688576825E1,8.921447754E-2,7.057523804E0,7.353009338E0
1.689572325E1,1.378633118E-1,7.748786316E0,7.144043884E0
1.690567825E1,3.293151855E-2,6.228248291E0,7.761958923E0
1.691563325E1,-1.929487610E-1,5.882018280E0,7.649842072E0
1.692558825E1,2.874023438E-1,7.091203766E0,7.031627655E0
1.693554325E1,6.400689697E-1,7.336543579E0,8.234526215E0
1.694549825E1,6.047424316E-2,7.682923279E0,7.837551727E0
1.695545325E1,4.613406372E-1,6.640191650E0,7.359296265E0
1.696540825E1,-1.977388000E-1,6.696324921E0,5.642516327E0
1.697536325E1,-3.382965088E-1,6.293063507E0,6.653813324E0
1.698531825E1,-1.736389160E-2,5.680836639E0,7.413633270E0
1.699527325E1,-4.767585754E-1,6.273304596E0,6.898853760E0
1.700522825E1,1.338217163E-1,7.938741302E0,6.401587830E0
1.701518325E1,-6.975494385E-2,7.700586548E0,6.552923126E0
1.702513825E1,2.971321106E-1,7.246131592E0,6.182593231E0
1.703509325E1,2.409988403E-2,7.815697174E0,4.835095367E0
1.704504925E1,-4.825964355E-1,6.857839050E0,4.823269958E0
1.705500425E1,-1.761836243E-1,5.812263336E0,5.249284058E0
1.706495925E1,-2.544708252E-1,5.928272095E0,6.277645569E0
1.707491425E1,5.942642212E-2,5.670059052E0,8.979976044E0
1.708486925E1,-3.917353821E-1,6.648873596E0,9.639055481E0
1.709482425E1,5.418731689E-2,6.998845825E0,9.082812195E0
1.710477925E1,-3.323089600E-1,8.150101776E0,5.532495117E0
1.711473425E1,-6.195616150E-1,6.920558624E0,5.501509552E0
1.712468925E1,6.885681152E-3,7.002887421E0,5.771847382E0
1.713464425E1,-1.308279419E-1,6.176455994E0,8.209677887E0
1.714459925E1,-2.963836670E-2,5.669909363E0,1.021595581E1
1.715455425E1,-5.760021973E-1,7.608228607E0,8.994944916E0
1.716450925E1,-2.124082947E-1,7.665559387E0,6.977290649E0
1.717446425E1,-1.389111328E-1,5.345384216E0,6.620432739E0
1.718441925E1,-1.936972046E-1,6.466103668E0,5.221441956E0
1.719437425E1,5.011578369E-1,7.503147125E0,5.589975586E0
1.720432925E1,3.050656128E-1,6.578819275E0,7.800428925E0
1.721428425E1,5.087919617E-1,6.826703796E0,9.291927338E0
1.722423925E1,4.049079895E-1,7.156468048E0,8.926387482E0
1.723419425E1,2.769241333E-2,7.427404633E0,7.443870392E0
1.724414925E1,1.273851013E-1,6.547833710E0,6.188880157E0
1.725410425E1,2.800675964E-1,5.946833496E0,5.069208527E0
1.726405925E1,7.114704895E-1,5.457351379E0,6.971602478E0
1.727401425E1,2.269281006E-1,6.512507172E0,8.887767792E0
1.728396925E1,-4.805007935E-2,6.502028961E0,1.108385101E1
1.729392425E1,1.148112488E-1,8.111781464E0,9.254205780E0
1.730387925E1,4.236190796E-2,6.893464966E0,9.339079285E0
1.731383425E1,6.465055847E-1,6.883435822E0,5.215005341E0
1.732378925E1,3.153941345E-1,7.201224976E0,2.662812653E0
1.733374425E1,3.505709839E-1,6.232738953E0,3.506607971E0
1.734369925E1,-4.629872131E-1,5.007836151E0,6.320755920E0
1.735365425E1,6.646179199E-1,7.251370697E0,7.463479614E0
1.736360925E1,-3.338058472E-2,8.056396637E0,8.025560760E0
1.737356425E1,-7.274871826E-2,5.861959991E0,1.017553986E1
1.738351925E1,3.186872864E-1,7.612270203E0,6.047723694E0
1.739347425E1,-1.278341675E-1,7.170538788E0,4.605173492E0
1.740342925E1,2.709365845E-1,5.345982971E0,5.671256561E0
1.741338425E1,1.631607056E-2,5.345084839E0,7.087910614E0
1.742333925E1,1.020428009E0,6.713988190E0,8.743018799E0
1.743329425E1,-4.721182251E-1,6.522386627E0,9.119934998E0
1.744324925E1,3.950285339E-1,6.487658844E0,8.603059845E0
1.745320425E1,6.114784241E-1,7.244784393E0,5.494025116E0
1.746315925E1,-3.604504395E-1,5.428162079E0,6.117029572E0
1.747311425E1,4.695735168E-1,5.140759735E0,7.269333344E0
1.748306925E1,-2.363584900E-1,6.668482819E0,7.675438843E0
1.749302525E1,-2.073188782E-1,7.602241058E0,8.892707520E0
1.750298025E1,-2.677931213E-1,7.884104919E0,6.711892548E0
1.751293525E1,2.903961182E-2,6.316265259E0,7.823930054E0
1.752289025E1,2.595602417E-1,7.584577789E0,5.179379425E0
1.753284525E1,1.049317932E-1,7.285948792E0,6.388115845E0
1.754280025E1,3.652404785E-1,7.082072754E0,6.813531189E0
1.755275525E1,-5.313949585E-1,6.048023071E0,8.323890381E0
1.756271025E1,8.319699097E-1,8.513545990E0,6.652316437E0
1.757266525E1,-8.786727905E-2,9.431137848E0,4.543052673E0
1.758262025E1,4.641847229E-1,5.266647949E0,7.630232849E0
1.759257525E1,9.906399536E-1,5.663472748E0,5.871540070E0
1.760253025E1,5.996530151E-1,6.923103333E0,6.645730133E0
1.761248525E1,1.252445526E0,7.363038483E0,8.196654968E0
1.762244025E1,-1.945953369E-2,6.017486572E0,1.145672562E1
1.763239525E1,9.618997192E-1,7.547754364E0,9.285341034E0
1.764235025E1,-2.544708252E-3,7.631280670E0,6.928043060E0
1.765230458E1,7.885601807E-1,7.442672882E0,6.167025604E0
1.766225958E1,1.045126648E0,6.837631073E0,5.009632416E0
1.767221458E1,2.139051819E-1,4.579576721E0,8.192164307E0
1.768216958E1,7.334747314E-2,6.171216888E0,8.530011749E0
1.769212458E1,-1.945953369E-2,7.823480988E0,9.752369843E0
1.770207958E1,4.188290405E-1,7.967032471E0,8.261470184E0
1.771203458E1,-4.011657715E-2,7.127578125E0,6.087391205E0
1.772198958E1,3.992198181E-1,6.847061462E0,5.912854156E0
1.773194458E1,-2.192939758E-1,6.482569427E0,5.397026825E0
1.774189958E1,3.451821899E-1,5.025050354E0,7.148833923E0
1.775185458E1,3.025209045E-1,5.282215576E0,7.366032257E0
1.776180958E1,3.751199341E-1,6.066883850E0,7.676786041E0
1.777176458E1,9.632469177E-1,7.624095612E0,5.201533356E0
1.778171958E1,-1.526824951E-2,6.462361450E0,6.817722473E0
1.779167458E1,4.953199768E-1,5.462291107E0,7.806715851E0
1.780162958E1,6.280938721E-1,6.855743408E0,7.189698944E0
1.781158458E1,5.667214966E-1,6.799011383E0,8.148006134E0
1.782153958E1,-1.969903564E-1,6.317013702E0,7.030130768E0
1.783149458E1,5.643264771E-1,6.257287903E0,7.032675476E0
1.784144958E1,6.806346130E-1,7.210954742E0,6.194268951E0
1.785140458E1,6.872209167E-1,7.155120850E0,6.434519348E0
1.786135958E1,1.173559570E0,6.737788696E0,6.370751953E0
1.787131458E1,3.553610229E-1,6.318360901E0,8.228987732E0
1.788126958E1,7.578739929E-1,6.510710907E0,8.021818542E0
1.789122458E1,3.716770935E-1,7.330256653E0,6.349496155E0
1.790117958E1,1.262175293E0,6.905739441E0,6.891968079E0
1.791113458E1,9.674382019E-1,7.481741638E0,5.123096466E0
1.792108958E1,1.274300079E0,5.953120422E0,7.458988953E0
1.793104458E1,1.943408661E0,5.389093323E0,8.731492767E0
1.794099958E1,1.093925171E0,6.391558685E0,7.281907196E0
1.795095458E1,9.298663330E-1,6.835385742E0,5.931714935E0
1.796091058E1,5.406756592E-1,6.841672668E0,5.638325043E0
1.797086458E1,8.014334106E-1,6.502178650E0,7.520960083E0
1.798082058E1,7.367678833E-1,7.392078094E0,7.118896179E0
1.799077558E1,9.075627136E-1,6.557413788E0,9.283844147E0
1.800073058E1,7.352709961E-1,6.471043396E0,9.114845581E0
1.801068558E1,-3.442840576E-3,6.589896240E0,9.527836761E0
1.802064058E1,8.117619324E-1,7.365134125E0,8.435857544E0
1.803059558E1,1.914518738E-1,7.839347992E0,7.501799927E0
1.804055058E1,9.993218994E-1,8.584498444E0,5.614973602E0
1.805050558E1,1.842668152E-1,8.547076263E0,3.615431671E0
1.806046058E1,4.682263184E-1,5.441035309E0,6.328240356E0
1.807041558E1,2.977308655E-1,5.736820221E0,6.996301117E0
1.808037058E1,1.206491089E-1,7.303761749E0,7.737859039E0
1.809032558E1,2.793191528E-1,6.779701538E0,6.791227570E0
1.810028058E1,2.170486450E-1,7.028184814E0,5.464686127E0
1.811023558E1,3.597019958E-1,7.965535583E0,6.183940430E0
1.812019058E1,-2.031275940E-1,7.332951050E0,7.130272522E0
1.813014558E1,3.664379883E-1,5.189558258E0,1.056922119E1
1.814010058E1,-2.793191528E-1,7.091952209E0,8.254883881E0
1.815005558E1,-2.634521484E-1,6.960974579E0,6.864125977E0
1.816001058E1,-9.131011963E-3,6.420897675E0,5.588029633E0
1.816996558E1,-2.363584900E-1,5.965993652E0,5.480702820E0
1.817992058E1,5.454656982E-1,6.313421173E0,7.188351746E0
1.818987558E1,-2.891986084E-1,6.402336273E0,7.677384796E0
1.819983058E1,5.505551147E-1,6.037544861E0,8.658444672E0
1.820978558E1,2.932402039E-1,7.174580383E0,5.840704193E0
1.821974058E1,1.648072815E-1,6.533762970E0,6.804998932E0
1.822969558E1,5.782475281E-1,6.917564850E0,8.035440216E0
1.823965058E1,-7.171586609E-1,6.013594666E0,9.905202026E0
1.824960558E1,2.134561157E-1,6.917564850E0,7.851023712E0
1.825956058E1,-6.023474121E-1,7.521558838E0,5.778283997E0
1.826951558E1,-1.347198486E-1,6.813381500E0,5.412893829E0
1.827947058E1,3.147953796E-1,6.966513062E0,4.801116028E0
1.828942558E1,-3.059637451E-1,6.429280243E0,7.948620758E0
1.829938058E1,9.295669556E-2,6.457272034E0,1.060963715E1
1.830933558E1,2.365081787E-1,7.749983826E0,9.963880005E0
1.831929058E1,2.433938599E-1,6.730154572E0,7.384144592E0
1.832924558E1,1.438508606E-1,5.296136627E0,6.286177826E0
1.833920058E1,2.222877502E-1,7.318431244E0,5.202730865E0
1.834915558E1,5.477110291E-1,6.939868469E0,7.096742249E0
1.835911058E1,2.676434326E-1,4.113895111E0,9.311985626E0
1.836906558E1,-1.062789917E-1,6.940467224E0,7.807464294E0
1.837902058E1,-4.655319214E-2,8.566835175E0,5.949976959E0
1.838897558E1,-8.008346558E-2,6.920259247E0,5.301525421E0
1.839893058E1,3.225791931E-1,6.267766113E0,5.043462067E0
1.840888558E1,2.444416809E-1,7.213649139E0,3.772455139E0
1.841884058E1,-1.691482544E-1,6.460265808E0,5.877228241E0
1.842879558E1,-4.641847229E-1,7.709867249E0,5.787115631E0
1.843875058E1,-3.914360046E-1,6.112987976E0,9.292825470E0
1.844870558E1,4.296066284E-2,7.239096222E0,9.182055817E0
1.845866158E1,-9.202862549E-1,7.805817719E0,8.898096313E0
1.846861658E1,-2.983296204E-1,5.629194031E0,8.556806030E0
1.847857158E1,-7.536827087E-1,5.711373138E0,7.192243652E0
1.848852658E1,4.394860840E-1,6.940018158E0,7.363188171E0
1.849848158E1,-3.158432007E-1,6.828949127E0,7.720046082E0
1.850843658E1,-3.014730835E-1,6.296506348E0,9.297765198E0
1.851839158E1,-2.932402039E-1,7.965984650E0,6.340963898E0
1.852834658E1,-9.098080444E-1,6.552474060E0,6.497089233E0
1.853830158E1,4.034111023E-1,5.958658905E0,6.179449768E0
1.854825658E1,6.251000977E-1,6.989565125E0,4.347110138E0
1.855821158E1,5.257067871E-1,6.039640503E0,5.084776154E0
1.856816658E1,6.721023560E-2,5.733976135E0,6.442303162E0
1.857812158E1,4.028123474E-1,6.435417480E0,9.463171234E0
1.858807658E1,-8.996292114E-2,7.184160461E0,8.997339935E0
1.859803158E1,-4.689747620E-1,6.319408722E0,9.757159882E0
1.860798658E1,3.356021118E-1,7.153923340E0,7.769443359E0
1.861794158E1,-3.023712158E-2,7.330855408E0,6.549180908E0
1.862789658E1,8.946894836E-1,6.901548157E0,7.455246735E0
1.863785158E1,-3.981719971E-2,7.465724945E0,7.561974792E0
1.864780658E1,7.469467163E-2,7.870782623E0,7.815397797E0
1.865776183E1,-2.143542480E-1,7.887398071E0,5.062472534E0
1.866771683E1,-1.773811340E-1,6.323450317E0,5.892047424E0
1.867767183E1,6.756948853E-1,6.513105927E0,6.586004333E0
1.868762683E1,-2.236349487E-1,6.818770294E0,8.398435364E0
1.869758183E1,2.942880249E-1,6.562652893E0,9.168284454E0
1.870753683E1,-4.864883423E-1,8.391399994E0,5.256768494E0
1.871749183E1,-1.694476318E-1,8.733139343E0,4.676425323E0
1.872744683E1,7.183561707E-1,6.774761810E0,4.754413147E0
1.873740183E1,1.784289551E-1,5.720653839E0,5.903723145E0
1.874735683E1,3.251239014E-1,6.407575378E0,6.764582977E0
1.875731183E1,3.891906738E-3,6.071973267E0,8.127349091E0
1.876726683E1,4.101470947E-2,6.458918610E0,8.080795898E0
1.877722183E1,-2.128573608E-1,6.461313629E0,7.528743896E0
1.878717683E1,-1.922003174E-1,5.798641663E0,8.386759644E0
1.879713183E1,-2.718347168E-1,7.010222168E0,6.780000916E0
1.880708683E1,6.002517700E-2,5.048102417E0,8.077652435E0
1.881704183E1,4.649331665E-1,6.113736420E0,6.032455444E0
1.882699683E1,4.336482239E-1,6.262077942E0,7.060816956E0
1.883695183E1,9.342073059E-1,6.252497864E0,8.959468689E0
1.884690683E1,-2.035766602E-2,6.747668152E0,8.934919739E0
1.885686183E1,1.095721436E-1,7.494614868E0,6.840026093E0
1.886681683E1,-9.550140381E-2,6.714137878E0,6.259383545E0
1.887677183E1,-7.634124756E-2,6.410718842E0,6.662046204E0
1.888672683E1,4.848417664E-1,7.004234619E0,6.721472626E0
1.889668183E1,-2.257305908E-1,6.436614990E0,8.518336029E0
1.890663683E1,-1.142124939E-1,7.467670898E0,8.264613647E0
1.891659183E1,-7.843688965E-2,8.420439606E0,7.173532562E0
1.892654683E1,2.429447937E-1,7.433841248E0,7.819439392E0
1.893650183E1,-2.365081787E-1,6.160139923E0,8.502319336E0
1.894645683E1,-6.586303711E-3,6.817722473E0,7.665409698E0
1.895641183E1,2.044747925E-1,7.075037384E0,5.351521454E0
1.896636683E1,5.613327026E-2,4.556524658E0,6.696474609E0
1.897632283E1,2.192939758E-1,6.386319580E0,5.646258545E0
1.898627783E1,4.113446045E-1,8.072563019E0,5.698350220E0
1.899623283E1,4.764591980E-1,6.352489929E0,8.005801849E0
1.900618783E1,-8.382568359E-2,5.963149567E0,9.515562286E0
1.901614283E1,1.151106262E-1,8.141120453E0,7.046596527E0
1.902609783E1,-2.659968567E-1,6.889273682E0,6.936126251E0
1.903605283E1,-3.525169373E-1,6.311475220E0,6.637197876E0
1.904600783E1,-1.537303162E-1,6.384373627E0,6.569688263E0
1.905596283E1,-5.553451538E-2,6.760840759E0,7.393724670E0
1.906591783E1,-4.665797424E-1,7.231462097E0,7.822283478E0
1.907587283E1,5.134323120E-2,5.919889526E0,8.862470398E0
1.908582783E1,-1.276844788E-1,7.479645996E0,6.738237762E0
1.909578283E1,4.342469788E-1,7.338788910E0,7.604037323E0
1.910573783E1,1.520837402E-1,5.513484650E0,8.530909882E0
1.911569283E1,-4.161346436E-1,5.505551147E0,8.688831482E0
1.912564783E1,7.244934082E-2,7.667655029E0,6.344855804E0
1.913560283E1,-6.423143005E-1,6.813830566E0,6.234235840E0
1.914555783E1,-1.496887207E-4,5.480104065E0,6.879992981E0
1.915551283E1,-5.240602112E-1,7.444319458E0,3.893403625E0
1.916546783E1,1.007405090E-1,6.240223389E0,5.481301575E0
1.917542283E1,-5.355862427E-1,6.014043732E0,6.212381287E0
1.918537783E1,-4.855902100E-1,6.863078156E0,7.616461487E0
1.919533283E1,3.002755737E-1,7.416327667E0,8.187523956E0
1.920528783E1,-7.104226685E-1,6.685397644E0,9.946965179E0
1.921524283E1,2.103126526E-1,7.523355103E0,8.972491608E0
1.922519783E1,-1.766326904E-1,7.351063385E0,7.046446838E0
1.923515283E1,-3.140469360E-1,6.524781647E0,6.387367401E0
1.924510783E1,-6.857240295E-1,8.544381866E0,3.633544006E0
1.925506283E1,-6.396199036E-1,7.946525116E0,4.397704926E0
1.926501783E1,-5.884263611E-1,6.175258484E0,5.660329285E0
1.927497283E1,-1.072819061E0,5.712570648E0,8.337811432E0
1.928492783E1,-4.423301697E-1,7.434739380E0,7.885152740E0
1.929488283E1,-1.106499023E0,6.719975739E0,7.821684723E0
1.930483783E1,-7.349716187E-2,6.675817566E0,6.185437317E0
1.931479283E1,2.260299683E-2,7.396119690E0,4.256698151E0
1.932474783E1,5.960604858E-1,6.577771454E0,6.059249725E0
1.933470283E1,2.495310974E-1,6.699767761E0,7.314239960E0
1.934465783E1,-4.146377563E-2,6.437213745E0,8.280630341E0
1.935461283E1,1.380130005E-1,5.207520905E0,9.395960999E0
1.936456783E1,-1.984872437E-1,5.734874268E0,9.438622284E0
1.937452283E1,3.829037476E-1,7.104526062E0,7.659422150E0
1.938447783E1,1.514849854E-1,6.478378143E0,8.107889557E0
1.939443283E1,1.848655701E-1,7.045997772E0,7.254065094E0
1.940438783E1,-3.842509460E-1,7.114704895E0,6.859934692E0
1.941434283E1,-1.781295776E-1,7.214098206E0,6.177354126E0
1.942429783E1,-2.710862732E-1,6.428232422E0,7.704029388E0
1.943425283E1,-1.517843628E-1,5.497917023E0,8.931476898E0
1.944420783E1,-3.445834351E-1,7.031028900E0,7.375762024E0
1.945416283E1,7.005432129E-2,6.898554382E0,7.530540161E0
1.946411783E1,-1.971400452E-1,6.736740875E0,6.825655975E0
1.947407283E1,3.032693481E-1,7.267537079E0,5.671855316E0
1.948402783E1,9.526190186E-1,7.250771942E0,5.298381958E0
1.949398383E1,7.809260559E-1,6.704557800E0,5.184468842E0
1.950393883E1,1.361418915E0,6.649472351E0,6.118825836E0
1.951389383E1,1.391955414E0,6.315666504E0,7.929909668E0
1.952384883E1,1.675016785E0,5.733227692E0,9.941426697E0
1.953380383E1,1.615590363E0,7.658673706E0,8.298143921E0
1.954375883E1,1.190474396E0,6.592291260E0,9.373058624E0
1.955371383E1,8.978329468E-1,6.982679443E0,7.069798279E0
1.956366883E1,1.029858398E0,6.730453949E0,6.886279907E0
1.957362383E1,8.620573425E-1,5.706583099E0,7.368277588E0
1.958357883E1,-2.170486450E-2,6.542295227E0,6.456224213E0
1.959353383E1,7.026388550E-1,7.101831665E0,6.579268341E0
1.960348883E1,-2.185455322E-2,7.344926147E0,5.934409332E0
1.961344383E1,4.936734009E-1,6.798562317E0,6.133944397E0
1.962339883E1,3.885919189E-1,7.300767975E0,4.477039948E0
1.963335383E1,2.935395813E-1,6.142326965E0,6.737189941E0
1.964330883E1,3.146456909E-1,5.793851624E0,8.696914673E0
1.965326383E1,6.526428223E-2,6.403833160E0,1.048808990E1
1.966321846E1,2.255809021E-1,7.102729797E0,1.033301239E1
1.967317346E1,-7.858657837E-1,7.230863342E0,7.522606659E0
1.968312846E1,1.965412903E-1,6.292165375E0,6.986721039E0
1.969308346E1,-1.541793823E-2,6.738537140E0,4.079766083E0
1.970303846E1,3.838018799E-1,5.295837250E0,5.417534180E0
1.971299346E1,4.296066284E-1,5.735173645E0,6.261030121E0
1.972294846E1,-5.460644531E-1,6.118526459E0,8.193511505E0
1.973290346E1,-2.844085693E-3,6.704857178E0,8.965605927E0
1.974285846E1,-6.744973755E-1,7.842940521E0,7.204368439E0
1.975281346E1,-4.559518433E-1,6.341712341E0,7.708520050E0
1.976276846E1,8.187973022E-2,6.955436096E0,5.619763641E0
1.977272346E1,-1.842668152E-1,8.336164856E0,5.661975861E0
1.978267846E1,1.182540894E-1,7.285948792E0,7.111561432E0
1.979263346E1,-1.134640503E-1,5.954617310E0,1.026265869E1
1.980258846E1,3.459306335E-1,8.640332336E0,7.909701691E0
1.981254346E1,-2.899470520E-1,7.900271301E0,6.221512299E0
1.982249846E1,2.869532776E-1,6.111341400E0,6.404731293E0
1.983245346E1,3.619473267E-1,7.057823181E0,3.602857819E0
1.984240846E1,1.021924896E0,7.038663025E0,4.717889099E0
1.985236346E1,4.851411438E-1,6.153852997E0,7.276219025E0
1.986231846E1,3.594026184E-1,6.265670471E0,1.016955231E1
1.987227346E1,4.550537109E-1,7.399263153E0,8.959768066E0
1.988222846E1,-4.224215698E-1,5.633984070E0,9.011410675E0
1.989218346E1,7.918533325E-1,6.233936462E0,7.482041016E0
1.990213846E1,1.049317932E-1,6.645430756E0,6.301146698E0
1.991209346E1,1.502874756E-1,5.393583984E0,8.074508972E0
1.992204846E1,-3.258723450E-1,6.325695648E0,7.064409485E0
1.993200346E1,-2.511776733E-1,6.651118927E0,6.727909241E0
1.994195846E1,6.355783081E-1,7.117698669E0,5.168302460E0
1.995191346E1,3.085084534E-1,6.877747650E0,5.794151001E0
1.996186846E1,6.412664795E-1,6.287375336E0,7.157066803E0
1.997182346E1,-1.588197327E-1,5.991889801E0,8.650211792E0
1.998177846E1,-1.019380188E-1,7.361391907E0,8.336015167E0
1.999173346E1,-4.885839844E-1,6.889872437E0,8.147706757E0
2.000168846E1,1.252894592E-1,6.660399628E0,8.002059631E0
2.001164346E1,8.382568359E-2,7.916287994E0,6.317163391E0
2.002159846E1,-2.317181396E-1,6.147865448E0,6.717131653E0
2.003155346E1,2.055226135E-1,6.214626617E0,6.393953705E0
2.004150846E1,3.397933960E-1,6.181994476E0,6.188431091E0
2.005146446E1,-1.151106262E-1,7.194638672E0,6.029311981E0
2.006141846E1,5.658233643E-2,7.497758331E0,6.641838226E0
2.007137446E1,-7.783813477E-3,7.025041351E0,9.326355743E0
2.008132946E1,3.817062378E-2,7.163353729E0,9.810898132E0
2.009128446E1,6.137237549E-2,7.105424194E0,8.828341370E0
2.010123946E1,-1.814227295E-1,6.971452789E0,8.467142487E0
2.011119446E1,-1.963916016E-1,5.219196625E0,7.176526337E0
2.012114946E1,2.903961182E-1,5.880820770E0,5.134622498E0
2.013110446E1,3.317102051E-1,6.398594055E0,5.384752350E0
2.014105946E1,1.646575928E-1,6.868766327E0,6.439010010E0
2.015101446E1,3.026705933E-1,6.885980530E0,7.044949951E0
2.016096946E1,7.200027466E-2,5.754184113E0,7.807314606E0
2.017092446E1,6.102809143E-1,6.522536316E0,7.400161285E0
2.018087946E1,5.578898621E-1,7.431895294E0,5.833818512E0
2.019083446E1,4.158352661E-1,6.069129181E0,6.561006317E0
2.020078946E1,1.877096558E-1,5.406906281E0,7.028334503E0
2.021074446E1,3.427871704E-1,7.762258301E0,5.334606628E0
2.022069946E1,6.123765564E-1,5.968538361E0,8.247848511E0
2.023065446E1,-1.556762695E-2,5.195845184E0,1.009425888E1
2.024060946E1,6.008505249E-1,6.718478851E0,1.062280975E1
2.025056446E1,5.019062805E-1,6.968459015E0,9.777816925E0
2.026051946E1,3.261717224E-1,6.931036835E0,8.380622406E0
2.027047446E1,8.235873413E-1,7.939340057E0,5.163961487E0
2.028042946E1,-3.013233948E-1,6.894812164E0,4.916076965E0
2.029038446E1,-5.239105225E-3,6.053262177E0,5.692662048E0
2.030033946E1,9.610015869E-2,7.050937500E0,5.396128693E0
2.031029446E1,1.483415222E-1,6.416856079E0,6.078709259E0
2.032024946E1,-8.008346558E-2,6.353986816E0,5.858068085E0
2.033020446E1,-7.285350037E-1,6.896009674E0,6.697223053E0
2.034015946E1,-3.796105957E-1,6.638844452E0,7.252119141E0
2.035011446E1,-7.367678833E-1,6.782994690E0,6.039341125E0
2.036006946E1,-6.691085815E-2,6.569688263E0,7.324568481E0
2.037002446E1,-1.660047913E-1,6.895710297E0,6.541995850E0
2.037997946E1,-4.969665527E-2,6.392905884E0,7.295528870E0
2.038993446E1,5.017565918E-1,7.264094238E0,6.351292419E0
2.039988946E1,-4.200265503E-1,6.228547668E0,8.706494751E0
2.040984446E1,-1.106199646E-1,7.429200897E0,8.000862122E0
2.041979946E1,-2.014810181E-1,7.344177704E0,8.405470734E0
2.042975446E1,-9.131011963E-2,7.437882843E0,7.442972260E0
2.043970946E1,-4.490661621E-1,6.739584961E0,6.702013092E0
2.044966446E1,1.130149841E-1,6.854396210E0,6.544540558E0
2.045961946E1,-2.094145203E-1,7.319329376E0,5.613476715E0
2.046957446E1,-5.258564758E-1,7.217990112E0,6.618935852E0
2.047952946E1,7.155120850E-2,6.887028351E0,6.602021027E0
2.048948446E1,-2.724334717E-1,7.722740479E0,6.300697632E0
2.049943946E1,4.975653076E-1,6.860832825E0,6.730004883E0
2.050939446E1,3.787124634E-1,6.127807159E0,8.823102264E0
2.051934946E1,1.724414062E-1,7.228168945E0,9.378597107E0
2.052930446E1,-6.890171814E-1,6.936126251E0,8.092172241E0
2.053925946E1,-4.117936707E-1,6.003415833E0,8.310268707E0
2.054921446E1,-6.664141846E-1,6.436465302E0,6.286776581E0
2.055916946E1,2.806663513E-1,6.679260406E0,5.056784363E0
2.056912446E1,3.442840576E-2,5.987848206E0,6.703210602E0
2.057907946E1,-1.127156067E-1,5.658083954E0,9.265133057E0
2.058903446E1,2.866539001E-1,6.004313965E0,9.835297394E0
2.059898946E1,-5.059478760E-2,6.890171814E0,7.624993744E0
2.060894446E1,5.215155029E-1,5.675597534E0,7.128326569E0
2.061889946E1,2.327659607E-1,6.145171051E0,5.287604370E0
2.062885446E1,6.471043396E-1,6.108497314E0,6.354884949E0
2.063881046E1,8.189469910E-1,6.987918549E0,6.737040253E0
2.064876546E1,1.312770081E-1,7.533384247E0,9.182205505E0
2.065872021E1,-1.062789917E-1,8.104596405E0,8.627758484E0
2.066867521E1,-5.269042969E-1,7.493866425E0,7.524702301E0
2.067863021E1,8.137078857E-1,7.132068787E0,6.625821533E0
2.068858521E1,5.795947266E-1,6.096222839E0,6.254892883E0
2.069854021E1,6.426136780E-1,4.965623932E0,7.573051758E0
2.070849521E1,3.787124634E-1,6.188880157E0,6.562054138E0
2.071845021E1,3.694317627E-1,6.631060638E0,8.204139404E0
2.072840521E1,1.321751404E-1,7.117548981E0,7.113357697E0
2.073836021E1,-1.288819885E-1,6.057004395E0,7.884104919E0
2.074831521E1,2.399510193E-1,6.832691345E0,7.234755249E0
2.075827021E1,-6.536906433E-1,6.988068237E0,6.127657471E0
2.076822521E1,-2.559677124E-2,5.084027710E0,7.282655640E0
2.077818021E1,-1.222956848E-1,6.858138428E0,4.997058563E0
2.078813521E1,-1.348695374E-1,6.935826874E0,5.572761383E0
2.079809021E1,-5.538482666E-3,6.204747162E0,5.408403168E0
2.080804521E1,-2.659968567E-1,6.291416931E0,7.779472504E0
2.081800021E1,-8.427474976E-2,7.286846924E0,7.140002289E0
2.082795521E1,-6.761439514E-1,6.027066650E0,9.206754456E0
2.083791021E1,4.263134766E-1,7.420968018E0,8.384065247E0
2.084786521E1,-5.430706787E-1,7.461683350E0,7.729775848E0
2.085782021E1,2.888992310E-2,6.006559296E0,9.032217407E0
2.086777521E1,1.615141296E-1,7.729626160E0,6.690037994E0
2.087773021E1,3.832031250E-1,6.515650635E0,7.713160400E0
2.088768521E1,4.240681458E-1,5.700894928E0,7.529791718E0
2.089764021E1,-5.222639465E-1,7.101681976E0,7.984396362E0
2.090759521E1,3.309617615E-1,7.458240509E0,7.151678009E0
2.091755021E1,-7.050338745E-2,7.629634094E0,8.701255646E0
2.092750521E1,7.637118530E-1,8.134833527E0,9.288035431E0
2.093746021E1,-5.953120422E-1,8.175698547E0,6.836732941E0
2.094741521E1,-4.840933228E-1,6.988966370E0,6.193520508E0
2.095737021E1,-6.855743408E-1,6.864724731E0,5.630391541E0
2.096732521E1,-3.622467041E-1,6.343209229E0,7.472311249E0
2.097728021E1,-1.188528442E-1,6.425388336E0,6.861281891E0
2.098723521E1,5.807922363E-2,6.500232697E0,6.355932770E0
2.099719021E1,7.716453552E-1,7.120991821E0,5.186115417E0
2.100714521E1,8.038284302E-2,7.178023224E0,4.515360260E0
2.101710021E1,1.181792450E0,5.554199982E0,6.379134521E0
2.102705521E1,5.075944519E-1,5.992937622E0,5.355263672E0
2.103701021E1,2.426454163E-1,5.996230774E0,7.014114075E0
2.104696521E1,1.860630798E-1,5.930966492E0,8.004754028E0
2.105692021E1,-3.245251465E-1,5.961952057E0,7.922125854E0
2.106687521E1,8.707392883E-1,8.167765045E0,5.408702545E0
2.107683021E1,-9.250762939E-2,7.144942017E0,6.262377319E0
2.108678521E1,1.094224548E-1,5.003195801E0,7.785010986E0
2.109674021E1,2.017803955E-1,6.324797516E0,7.317533112E0
2.110669521E1,3.502716064E-2,7.014413452E0,7.381450195E0
2.111665021E1,1.356179810E-1,6.295458527E0,8.069120178E0
2.112660521E1,6.256988525E-1,6.609954529E0,7.775580597E0
2.113656021E1,6.542893982E-1,7.179370422E0,7.014563141E0
2.114651521E1,3.784130859E-1,6.498436432E0,7.773634644E0
2.115647021E1,6.194119263E-1,6.552474060E0,9.041647797E0
2.116642521E1,8.918453979E-1,6.728807373E0,8.505762177E0
2.117638021E1,4.468208313E-1,6.598428497E0,7.186555481E0
2.118633521E1,3.833528137E-1,6.938970337E0,7.307953033E0
2.119629021E1,3.652404785E-1,6.408772888E0,7.500153351E0
2.120624521E1,4.364923096E-1,6.250851288E0,7.949369202E0
2.121620021E1,5.098397827E-1,5.964347076E0,9.148675232E0
2.122615521E1,2.001338196E-1,6.803052979E0,1.035995636E1
2.123611121E1,6.953041077E-1,8.618477783E0,7.375013580E0
2.124606621E1,5.818400574E-1,7.424410858E0,6.282285919E0
2.125602121E1,6.098318481E-1,6.632407837E0,6.251599731E0
2.126597621E1,6.336323547E-1,7.337142334E0,4.674030304E0
2.127593121E1,7.909552002E-1,6.987020416E0,5.579497375E0
2.128588621E1,4.802014160E-1,4.988226929E0,8.677155762E0
2.129584121E1,8.946894836E-1,5.591472473E0,9.549990692E0
2.130579621E1,1.110989685E0,8.005951538E0,7.124584351E0
2.131575121E1,3.522175598E-1,7.814948730E0,6.989415436E0
2.132570621E1,4.825964355E-1,6.707252197E0,7.012467499E0
2.133566121E1,5.774990845E-1,7.710016937E0,6.350693665E0
2.134561621E1,8.951385498E-1,7.201524353E0,7.695197754E0
2.135557121E1,4.632865906E-1,4.616549835E0,9.401050415E0
2.136552621E1,7.216493225E-1,6.724466400E0,7.103029175E0
2.137548121E1,5.806425476E-1,7.890242157E0,4.989574127E0
2.138543621E1,4.719685364E-1,5.286855927E0,6.682852936E0
2.139539121E1,8.138575745E-1,5.344785461E0,6.765181732E0
2.140534621E1,3.430865479E-1,6.867419128E0,6.632407837E0
2.141530121E1,3.303630066E-1,6.315367126E0,8.176446991E0
2.142525621E1,8.981323242E-3,6.339467010E0,8.342900848E0
2.143521121E1,4.917274475E-1,6.298751678E0,8.108638000E0
2.144516621E1,5.159770203E-1,6.467450867E0,6.766079865E0
2.145512121E1,9.415420532E-2,6.243516541E0,7.213050385E0
2.146507621E1,-2.245330811E-2,7.107370148E0,5.158722382E0
2.147503121E1,4.760101318E-2,6.615193634E0,4.265679474E0
2.148498621E1,1.791773987E-1,7.940687256E0,3.356021118E0
2.149494121E1,4.879852295E-2,6.358776855E0,7.193441162E0
2.150489621E1,5.155279541E-1,6.602320404E0,8.917106781E0
2.151485121E1,1.716929626E-1,7.239844666E0,1.051338730E1
2.152480621E1,-6.780899048E-2,6.190975800E0,1.072669373E1
2.153476121E1,-1.892065430E-1,7.582482147E0,6.700965271E0
2.154471621E1,6.283932495E-1,9.150471497E0,2.498454437E0
2.155467121E1,-2.601589966E-1,6.821165314E0,4.023333435E0
2.156462621E1,1.960922241E-1,6.135890350E0,6.770869904E0
2.157458121E1,1.200952606E0,7.638166351E0,6.333030396E0
2.158453621E1,2.300715637E-1,7.024292908E0,7.745044098E0
2.159449121E1,2.499801636E-2,6.884783020E0,6.985074463E0
2.160444621E1,2.619552612E-1,7.582631836E0,5.649402008E0
2.161440121E1,2.492317200E-1,8.038733368E0,5.468578033E0
2.162435621E1,-7.574249268E-2,6.109694824E0,7.625293121E0
2.163431121E1,9.369017029E-1,4.753365326E0,9.816137238E0
2.164426621E1,2.492317200E-1,6.370751953E0,8.813522186E0
2.165422121E1,5.769003296E-1,6.758745117E0,8.587342529E0
2.166417650E1,3.936813354E-2,7.150779877E0,7.163204041E0
2.167413150E1,1.880090332E-1,7.269632721E0,7.272626495E0
2.168408650E1,3.487747192E-1,7.304061127E0,6.284231873E0
2.169404150E1,-3.022215271E-1,5.804030457E0,7.746241608E0
2.170399650E1,4.314028931E-1,5.839955750E0,7.718549194E0
2.171395150E1,-1.603166199E-1,6.089786224E0,6.856940918E0
2.172390650E1,5.249583435E-1,5.613476715E0,8.011040955E0
2.173386150E1,6.812333679E-1,6.111042023E0,7.376061401E0
2.174381650E1,6.960525513E-1,6.938670959E0,7.952512665E0
2.175377150E1,1.032852173E-1,7.898025970E0,6.890321503E0
2.176372650E1,-6.256988525E-2,6.858587494E0,7.032675476E0
2.177368150E1,5.525010681E-1,6.607409821E0,6.435866547E0
2.178363650E1,7.424560547E-2,6.659800873E0,5.939798126E0
2.179359150E1,4.800517273E-1,6.371949463E0,7.705077209E0
2.180354650E1,-4.670288086E-2,6.167025604E0,8.711135101E0
2.181350250E1,-1.375639343E-1,6.788383484E0,8.939859467E0
2.182345750E1,5.523513794E-2,7.814499664E0,7.879913635E0
2.183341250E1,-7.896080017E-1,7.336094513E0,7.005881195E0
2.184336750E1,1.752854919E-1,6.958280182E0,5.992338867E0
2.185332250E1,-6.173162842E-1,6.816824341E0,5.859864349E0
2.186327750E1,-2.439926147E-2,5.986051941E0,7.692503357E0
2.187323250E1,1.393601990E-1,6.292464752E0,7.357050934E0
2.188318750E1,-2.921923828E-1,6.319857788E0,8.198900299E0
2.189314250E1,1.345701599E-1,7.275320892E0,6.980883179E0
2.190309750E1,2.103126526E-1,6.895111542E0,6.734196167E0
2.191305250E1,7.204518127E-1,6.242917786E0,6.857389984E0
2.192300750E1,4.192781067E-1,6.900350647E0,5.385949860E0
2.193296250E1,7.340734863E-1,6.602470093E0,5.890400848E0
2.194291750E1,4.513114929E-1,6.514902191E0,6.061794434E0
2.195287250E1,4.647834778E-1,6.734196167E0,6.964866486E0
2.196282750E1,2.820135498E-1,7.231761475E0,7.420369263E0
2.197278250E1,-5.836363220E-1,6.089786224E0,8.817414093E0
2.198273750E1,3.070115662E-1,6.163133698E0,7.432643738E0
2.199269250E1,-3.570075989E-1,6.355483704E0,5.799390106E0
2.200264750E1,4.445755005E-2,5.468727722E0,7.379055176E0
2.201260250E1,3.459306335E-1,5.391039276E0,7.397766266E0
2.202255750E1,4.305047607E-1,6.918612671E0,7.945177917E0
2.203251250E1,-1.598675537E-1,7.579188995E0,7.457492065E0
2.204246750E1,-5.146298218E-1,7.036717072E0,7.336244202E0
2.205242250E1,5.336402893E-1,7.024442596E0,6.014941864E0
2.206237750E1,-1.616638184E-1,7.088359680E0,5.625601501E0
2.207233250E1,5.445675659E-1,6.572682037E0,7.621101837E0
2.208228750E1,-2.314187622E-1,6.846313019E0,7.273374939E0
2.209224250E1,-1.645079041E-1,6.772815857E0,8.052504730E0
2.210219750E1,4.984634399E-2,7.784561920E0,6.117029572E0
2.211215250E1,-3.400927734E-1,6.610702972E0,7.980953522E0
2.212210750E1,8.773255920E-1,6.999594269E0,7.311395874E0
2.213206250E1,-9.071136475E-2,7.004833374E0,8.770860901E0
2.214201750E1,4.397854614E-1,7.438032532E0,8.876541138E0
2.215197250E1,-6.271957397E-2,8.040978699E0,6.752458191E0
2.216192750E1,6.018983459E-1,7.622898102E0,5.230273590E0
2.217188250E1,-1.278341675E-1,6.789580994E0,5.057233429E0
2.218183750E1,-1.483415222E-1,5.995182953E0,6.031407623E0
2.219179250E1,8.158035278E-2,5.905519409E0,6.235732727E0
2.220174750E1,-1.380130005E-1,6.227200470E0,7.550748138E0
2.221170250E1,3.161425781E-1,6.295159149E0,9.707313538E0
2.222165750E1,-2.213896179E-1,7.369325409E0,9.192833405E0
2.223161250E1,1.646575928E-3,7.768395538E0,8.808881836E0
2.224156750E1,-4.397854614E-1,6.978039093E0,7.757019196E0
2.225152250E1,-3.158432007E-2,6.938820648E0,6.404581604E0
2.226147750E1,7.822732544E-1,6.760691071E0,5.202431488E0
2.227143250E1,8.108638000E-1,5.432952118E0,6.018534393E0
2.228138750E1,1.419348450E0,5.781876526E0,7.158264313E0
2.229134250E1,7.753875732E-1,6.312822418E0,8.408913574E0
2.230129750E1,8.985813904E-1,6.942413177E0,9.516909485E0
2.231125250E1,1.057999878E0,7.937244415E0,6.591842194E0
2.232120750E1,8.741821289E-1,5.822591858E0,7.896379395E0
2.233116250E1,8.809181213E-1,6.770121460E0,5.720953217E0
2.234111750E1,7.536827087E-1,6.408623199E0,5.544470215E0
2.235107250E1,5.695655823E-1,5.083728333E0,7.263645172E0
2.236102750E1,1.907034302E-1,5.783523102E0,8.351582794E0
2.237098250E1,8.887019348E-1,7.300318909E0,8.342002716E0
2.238093750E1,3.743714905E-1,7.522007904E0,6.764133911E0
2.239089250E1,3.808081055E-1,5.976920929E0,7.040758667E0
2.240084750E1,6.616241455E-1,6.478827209E0,5.236261139E0
2.241080250E1,4.093986511E-1,6.659501495E0,6.942263489E0
2.242075750E1,6.035449219E-1,5.345234528E0,8.412655792E0
2.243071250E1,2.401007080E-1,5.859265594E0,8.541537781E0
2.244066750E1,1.468895416E0,8.259075165E0,5.997128906E0
2.245062250E1,3.936813354E-1,8.351582794E0,4.256398773E0
2.246057750E1,3.468287659E-1,5.483846283E0,7.035369873E0
2.247053350E1,4.055067444E-1,6.411018219E0,6.308631134E0
2.248048850E1,9.759704590E-2,6.297105103E0,8.328081665E0
2.249044350E1,3.686833191E-1,6.132447510E0,8.546477509E0
2.250039850E1,1.131646729E-1,7.253166962E0,8.356522522E0
2.251035350E1,5.754034424E-1,7.827372894E0,7.819140015E0
2.252030850E1,-3.799099731E-1,7.051236877E0,7.843239899E0
2.253026350E1,6.740483093E-1,5.889203339E0,8.397836609E0
2.254021850E1,4.255650330E-1,7.719597015E0,4.519850922E0
2.255017350E1,-1.892065430E-1,6.724765778E0,4.955894165E0
2.256012850E1,9.759704590E-2,6.559060364E0,5.770350494E0
2.257008350E1,1.074765015E-1,6.336473236E0,8.664881287E0
2.258003850E1,1.071471863E0,7.143295441E0,1.030981064E1
2.258999350E1,-2.549198914E-1,6.746470642E0,9.811796265E0
2.259994850E1,3.056643677E-1,6.852450256E0,7.299121399E0
2.260990350E1,-5.658233643E-2,7.874075775E0,3.694916382E0
2.261985850E1,-3.004252625E-1,6.142177277E0,4.711003418E0
2.262981350E1,1.047821045E-3,6.223458252E0,6.404132538E0
2.263976850E1,-5.816903687E-1,7.522606659E0,8.853040009E0
2.264972350E1,-2.335144043E-2,7.943231964E0,9.323811035E0
2.265967833E1,-4.706213379E-1,6.568191376E0,8.480464783E0
2.266963333E1,-2.303709412E-1,7.485932922E0,6.156547394E0
2.267958833E1,7.619155884E-2,7.932604065E0,5.036127319E0
2.268954333E1,-3.739224243E-1,5.990243225E0,7.400011597E0
2.269949833E1,-4.623884583E-1,6.553372192E0,6.528673553E0
2.270945333E1,-1.504371643E-1,6.858138428E0,6.229745178E0
2.271940833E1,-5.927673340E-2,7.093748474E0,5.540578308E0
2.272936333E1,-4.637356567E-1,6.334527283E0,5.930218048E0
2.273931833E1,4.164340210E-1,5.312901764E0,7.519912262E0
2.274927333E1,-6.794371033E-1,6.702911224E0,7.840695190E0
2.275922833E1,-1.781295776E-1,6.644682312E0,8.905281372E0
2.276918333E1,-9.939331055E-2,7.170838165E0,6.551126862E0
2.277913833E1,2.260299683E-1,6.324198761E0,6.854545898E0
2.278909333E1,3.921844482E-1,7.066355438E0,5.632936249E0
2.279904833E1,-8.502319336E-2,6.714137878E0,7.633226624E0
2.280900333E1,7.024891663E-1,5.426216125E0,9.054071960E0
2.281895833E1,5.689668274E-1,5.591771851E0,7.350913696E0
2.282891333E1,1.262624359E0,7.414980469E0,6.324797516E0
2.283886833E1,5.463638306E-1,6.580465851E0,6.119723969E0
2.284882333E1,5.071453857E-1,5.282664642E0,7.098837891E0
2.285877833E1,7.134164429E-1,6.702462158E0,7.703580322E0
2.286873333E1,1.956431580E-1,6.854246521E0,9.702523499E0
2.287868833E1,9.054670715E-1,6.388864288E0,1.007240433E1
2.288864333E1,2.664459229E-1,7.160958710E0,7.582033081E0
2.289859833E1,5.637277222E-1,7.177274780E0,7.149582367E0
2.290855333E1,4.296066284E-1,8.161927185E0,4.770878906E0
2.291850833E1,5.665718079E-1,7.382198639E0,5.217550049E0
2.292846333E1,6.566844177E-1,7.324568481E0,5.266947327E0
2.293841833E1,-8.262817383E-2,5.457351379E0,8.162825317E0
2.294837333E1,4.911286926E-1,6.377487946E0,9.210496674E0
2.295832833E1,1.366658020E-1,8.003107452E0,6.769822083E0
2.296828333E1,1.480421448E-1,6.134692841E0,7.183711395E0
2.297823833E1,-5.110372925E-1,5.985153809E0,7.310348053E0
2.298819333E1,-7.993377686E-2,7.523355103E0,6.570137329E0
2.299814833E1,4.581971741E-1,7.338788910E0,6.019582214E0
2.300810333E1,-1.392105103E-1,6.418203278E0,7.176526337E0
2.301805833E1,6.285429382E-1,6.447691956E0,7.157066803E0
2.302801333E1,-1.871109009E-1,6.370751953E0,7.947572937E0
2.303796833E1,-3.293151855E-3,6.447841644E0,8.530610504E0
2.304792333E1,-1.392105103E-2,6.588549042E0,7.742349701E0
2.305787833E1,5.673202515E-1,6.360573120E0,7.948770447E0
2.306783333E1,7.119195557E-1,7.523205414E0,5.989943848E0
2.307778833E1,4.767585754E-1,7.395221558E0,5.320236511E0
2.308774333E1,3.698808289E-1,5.773344269E0,6.551875305E0
2.309769833E1,3.758683777E-1,6.121370544E0,7.975115662E0
2.310765333E1,4.995112610E-1,7.152725830E0,8.751251678E0
2.311760833E1,2.360591125E-1,6.182892609E0,8.756490784E0
2.312756333E1,4.480183411E-1,6.381828918E0,8.890462189E0
2.313751833E1,6.888674927E-1,7.329208832E0,6.733597412E0
2.314747433E1,8.011340332E-1,6.074517975E0,6.162085876E0
2.315742833E1,1.036295013E0,6.331982574E0,6.096971283E0
2.316738433E1,4.719685364E-1,7.561825104E0,3.626358948E0
2.317733933E1,1.103505249E0,5.696404266E0,5.625900879E0
2.318729433E1,3.992198181E-1,6.921456757E0,6.076912994E0
2.319724933E1,2.044747925E-1,6.062393188E0,9.520052948E0
2.320720433E1,5.008584595E-1,6.576424255E0,1.032373169E1
2.321715933E1,-3.641926575E-1,7.905959473E0,9.171427917E0
2.322711433E1,7.288343811E-1,8.224646759E0,6.644083557E0
2.323706933E1,1.362167358E-1,6.912774811E0,5.325026550E0
2.324702433E1,6.935078430E-1,5.999074860E0,6.546187134E0
2.325697933E1,8.196954346E-1,7.600744171E0,5.596112823E0
2.326693433E1,1.312770081E-1,6.935078430E0,6.506220245E0
2.327688933E1,7.767347717E-1,7.045548706E0,6.492448883E0
2.328684433E1,4.144880676E-1,7.088209991E0,7.037315826E0
2.329679933E1,9.508227539E-1,7.456893311E0,7.327262878E0
2.330675433E1,8.660989380E-1,7.242089996E0,7.703131256E0
2.331670933E1,3.600013733E-1,6.750961304E0,7.890242157E0
2.332666433E1,5.224136353E-2,6.137836304E0,6.885531464E0
2.333661933E1,5.364843750E-1,6.672075348E0,6.014043732E0
2.334657433E1,7.322772217E-1,7.448810120E0,5.374872894E0
2.335652933E1,3.293151855E-1,5.135969696E0,6.794670410E0
2.336648433E1,4.713697815E-1,5.830675049E0,7.781568146E0
2.337643933E1,6.343807983E-1,6.792275391E0,7.947872314E0
2.338639433E1,4.159849548E-1,6.095025330E0,8.693471832E0
2.339634933E1,5.288502502E-1,7.025490417E0,8.538544006E0
2.340630433E1,1.815724182E-1,7.471562805E0,7.233108673E0
2.341625933E1,-2.993774414E-3,6.126609650E0,8.225694580E0
2.342621433E1,4.340972900E-2,6.424639893E0,7.892786865E0
2.343616933E1,4.122427368E-1,7.016808472E0,7.345824280E0
2.344612433E1,2.697390747E-1,7.312892761E0,6.926097107E0
2.345607933E1,-2.580633545E-1,7.078330536E0,7.136409760E0
2.346603433E1,-8.337661743E-2,6.802454224E0,6.135740662E0
2.347598933E1,-2.739303589E-1,6.603667603E0,5.784121857E0
2.348594433E1,-4.478686523E-1,7.208410034E0,5.344336395E0
2.349589933E1,-3.830534363E-1,5.142406311E0,7.663164368E0
2.350585433E1,-9.828561401E-1,6.120622101E0,7.707023163E0
2.351580933E1,-6.753955078E-1,7.803123322E0,7.455695801E0
2.352576433E1,-9.683363342E-1,7.432194672E0,7.807464294E0
2.353571933E1,-5.797444153E-1,5.818400574E0,8.679251404E0
2.354567433E1,-1.037043457E0,6.930438080E0,6.638694763E0
2.355562933E1,-1.091230774E0,7.248376923E0,6.550378418E0
2.356558433E1,-3.516188049E-1,5.351371765E0,7.633825378E0
2.357553933E1,-5.674699402E-1,5.757177887E0,7.303013306E0
2.358549433E1,-3.324586487E-1,5.784121857E0,8.028704224E0
2.359544933E1,-8.816665649E-1,6.389163666E0,8.785530396E0
2.360540433E1,-5.288502502E-1,7.807464294E0,8.232430573E0
2.361535933E1,-6.860234070E-1,7.724387054E0,5.656437378E0
2.362531433E1,-5.230123901E-1,6.477929077E0,6.183641052E0
2.363526933E1,-5.269042969E-1,7.032226410E0,6.144721985E0
2.364522433E1,-1.334624634E0,6.188580780E0,7.683671722E0
2.365517933E1,-5.221142578E-1,6.024222565E0,8.461304626E0
2.366513433E1,-1.170416107E0,6.495292969E0,8.416547699E0
2.367508933E1,-1.041234741E0,6.740632782E0,7.794890442E0
2.368504433E1,-1.511556702E0,8.508606262E0,5.263504486E0
2.369499933E1,-1.344953156E0,6.821015625E0,6.067033539E0
2.370495433E1,-3.293151855E-1,5.666017456E0,7.408693542E0
2.371490933E1,-7.644602966E-1,7.244035950E0,7.319029999E0
2.372486433E1,-1.228944397E-1,7.682324524E0,7.174430695E0
2.373481933E1,-8.524772644E-1,5.554349670E0,7.557334442E0
2.374477533E1,-9.075627136E-1,6.348148956E0,6.405779114E0
2.375473033E1,-4.144880676E-1,8.194559326E0,4.526886292E0
2.376468433E1,-4.074526978E-1,5.495372314E0,7.874973907E0
2.377464033E1,-1.630110168E-1,6.070326691E0,8.210725708E0
2.378459533E1,-3.899391174E-1,7.716303864E0,7.564070435E0
2.379455033E1,1.320254517E-1,7.911647644E0,6.298003235E0
2.380450533E1,-7.905061340E-1,7.350314941E0,5.118007050E0
2.381446033E1,-2.005828857E-2,6.983278198E0,5.327122192E0
2.382441533E1,-1.175056458E-1,7.530091095E0,4.902155914E0
2.383437033E1,8.831634521E-2,5.711373138E0,8.797056427E0
2.384432533E1,1.096469879E0,7.361990662E0,7.595804443E0
2.385428033E1,4.092489624E-1,7.824079742E0,7.101382599E0
2.386423533E1,4.240681458E-1,6.109545135E0,7.868237915E0
2.387419033E1,-6.075865173E-1,6.213578796E0,7.839946747E0
2.388414533E1,1.728904724E-1,7.443870392E0,7.776778107E0
2.389410033E1,4.209246826E-1,7.242988129E0,7.886499939E0
2.390405533E1,5.707630920E-1,5.109025726E0,1.072594528E1
2.391401033E1,1.136736145E0,7.400760040E0,6.473139038E0
2.392396533E1,5.041516113E-1,7.116501160E0,6.369554443E0
2.393392033E1,7.101232910E-1,6.720424805E0,5.997428284E0
2.394387533E1,7.771838379E-1,6.174360352E0,6.481072540E0
2.395383033E1,1.570084991E0,5.565726013E0,7.805817719E0
2.396378533E1,6.035449219E-1,5.223836975E0,8.471633148E0
2.397374033E1,1.732946320E0,6.393205261E0,8.311166840E0
2.398369533E1,1.365759888E0,7.599846039E0,5.279072113E0
2.399365033E1,1.228345642E0,6.407725067E0,5.383554840E0
2.400360533E1,1.273252258E0,6.824159088E0,4.129612427E0
2.401356033E1,6.427633667E-1,6.432573395E0,7.199578400E0
2.402351533E1,7.473957825E-1,6.586902466E0,8.963210907E0
2.403347033E1,-4.730163574E-2,6.172115021E0,9.793534241E0
2.404342533E1,1.025517426E0,6.639293518E0,9.232500916E0
2.405338033E1,5.715115356E-1,7.374714203E0,6.909182281E0
2.406333533E1,3.793112183E-1,7.024292908E0,6.326743469E0
2.407329033E1,3.635939026E-1,6.251599731E0,6.080954590E0
2.408324533E1,3.638932800E-1,6.564449158E0,7.829169159E0
2.409320033E1,5.752537537E-1,7.863298187E0,6.876101074E0
2.410315533E1,-8.487350464E-2,6.786736908E0,7.134763184E0
2.411311033E1,5.297483826E-1,5.845643921E0,8.074658661E0
2.412306533E1,-8.532257080E-3,7.229815521E0,7.989336090E0
2.413302033E1,3.766168213E-1,8.180787964E0,7.862549744E0
2.414297533E1,-2.061213684E-1,6.373745728E0,7.495662689E0
2.415293033E1,-1.222956848E-1,5.772296448E0,7.136409760E0
2.416288533E1,8.399034119E-1,8.362809448E0,3.836072845E0
2.417284033E1,1.299298096E-1,5.437143402E0,5.833668823E0
2.418279533E1,1.275796967E0,5.242548065E0,6.220913544E0
2.419275033E1,1.305135956E0,6.677763519E0,6.204747162E0
2.420270533E1,4.040098572E-1,6.885082397E0,7.897277527E0
2.421266033E1,4.514611816E-1,6.430777130E0,8.724158020E0
2.422261533E1,8.068222046E-1,6.368057556E0,9.308542786E0
2.423257033E1,1.537303162E-1,7.290589142E0,6.838229828E0
2.424252533E1,3.116519165E-1,5.629792786E0,6.746770020E0
2.425248033E1,4.348457336E-1,6.761140137E0,4.824467468E0
2.426243533E1,-1.618135071E-1,6.930138702E0,5.507048035E0
2.427239033E1,3.215313721E-1,6.472839661E0,8.614585876E0
2.428234533E1,-7.288343811E-1,7.315587158E0,1.002061203E1
2.429230033E1,-2.877017212E-1,7.906707916E0,9.063352661E0
2.430225533E1,-7.316784668E-1,8.245004425E0,5.824238434E0
2.431221033E1,-5.884263611E-1,6.099366302E0,6.939569092E0
2.432216533E1,3.688330078E-1,6.501579895E0,6.274053040E0
2.433212033E1,-2.230361938E-2,7.602241058E0,6.858437805E0
2.434207533E1,-3.680845642E-1,7.015910339E0,8.701255646E0
2.435203033E1,-7.002438354E-1,6.668183441E0,8.798703003E0
2.436198533E1,7.634124756E-2,8.162226562E0,5.804928589E0
2.437194033E1,2.396516418E-1,7.418872375E0,5.020709381E0
2.438189633E1,1.927990723E-1,6.355932770E0,6.084846497E0
2.439185133E1,2.796185303E-1,6.152655487E0,8.085436249E0
2.440180633E1,-2.386038208E-1,6.663094025E0,9.531279602E0
2.441176133E1,-5.568420410E-1,6.542295227E0,1.057071808E1
2.442171633E1,-2.405497742E-1,7.609426117E0,7.583080902E0
2.443167133E1,-1.127156067E-1,8.207282867E0,4.860243073E0
2.444162633E1,7.484436035E-2,6.660998383E0,4.231849823E0
2.445158133E1,5.294490051E-1,6.274352417E0,4.505031738E0
2.446153633E1,6.559359741E-1,6.958429871E0,5.371879120E0
2.447149133E1,7.933502197E-1,6.355034637E0,6.966363373E0
2.448144633E1,-3.158432007E-2,5.699398041E0,9.417216797E0
2.449140133E1,-5.432203674E-1,6.508016510E0,9.543554077E0
2.450135633E1,-5.462141418E-1,7.914940796E0,8.563392334E0
2.451131133E1,1.954934692E-1,6.343957672E0,9.023535461E0
2.452126633E1,2.423460388E-1,6.696025543E0,6.765481110E0
2.453122133E1,9.601034546E-1,7.819289703E0,4.822671204E0
2.454117633E1,4.227209473E-1,6.415957947E0,4.698878632E0
2.455113133E1,-3.293151855E-2,5.118605804E0,4.988226929E0
2.456108633E1,5.457650757E-1,6.862479401E0,5.258265381E0
2.457104133E1,5.568420410E-2,6.038592682E0,8.213869171E0
2.458099633E1,5.598358154E-2,4.785099335E0,1.098819992E1
2.459095133E1,1.190025330E-1,7.388784943E0,7.192543030E0
2.460090633E1,3.002755737E-1,7.237898712E0,7.126679993E0
2.461086133E1,-2.514770508E-1,6.851851501E0,5.797893219E0
2.462081633E1,-3.020718384E-1,6.385870514E0,6.687493286E0
2.463077133E1,4.085005188E-1,7.438331909E0,6.607559509E0
2.464072633E1,-4.610412598E-1,5.788313141E0,9.758656769E0
2.465068133E1,5.364843750E-1,6.419999542E0,9.027726746E0
2.466063683E1,-2.574645996E-2,7.478298798E0,7.015760651E0
2.467059183E1,3.195854187E-1,7.053182831E0,6.082451477E0
2.468054683E1,-1.845661926E-1,6.695576477E0,5.883964233E0
2.469050183E1,9.376501465E-1,7.026687927E0,6.461762695E0
2.470045683E1,6.568341064E-1,7.348668365E0,6.517746277E0
2.471041183E1,1.820214844E-1,5.158872070E0,1.011042526E1
2.472036683E1,6.679110718E-1,7.152576141E0,8.168962555E0
2.473032183E1,5.066963196E-1,7.316784668E0,7.346273346E0
2.474027683E1,5.950126648E-1,6.807843018E0,7.510182495E0
2.475023183E1,-6.286926270E-1,6.963818665E0,7.861950989E0
2.476018683E1,-3.077600098E-1,7.084916840E0,6.579567719E0
2.477014183E1,-7.268884277E-1,6.572532349E0,6.656507721E0
2.478009683E1,-2.095642090E-1,6.462960205E0,6.975344696E0
2.479005183E1,-8.652008057E-2,7.142696686E0,5.754184113E0
2.480000683E1,-8.562194824E-2,6.998696136E0,6.481820984E0
2.480996183E1,-3.201841736E-1,6.905739441E0,6.842421112E0
2.481991683E1,-5.040019226E-1,7.332951050E0,6.898404694E0
2.482987183E1,1.489402771E-1,7.393574982E0,6.293213196E0
2.483982683E1,-4.779560852E-1,5.512885895E0,7.966284027E0
2.484978183E1,-5.004093933E-1,5.689069519E0,8.330626373E0
2.485973683E1,-4.950205994E-1,6.623276825E0,7.274123383E0
2.486969183E1,5.313949585E-2,6.867568817E0,6.674021301E0
2.487964683E1,-3.661386108E-1,6.999145203E0,7.008126526E0
2.488960183E1,-1.396595764E-1,6.866371307E0,8.152197418E0
2.489955683E1,-1.278341675E-1,7.892637177E0,6.498586121E0
2.490951183E1,-4.146377563E-1,7.249574432E0,6.416706390E0
2.491946683E1,-2.748284912E-1,6.701564026E0,5.398972778E0
2.492942183E1,-5.816903687E-1,6.377937012E0,6.330186310E0
2.493937683E1,2.204914856E-1,6.151308289E0,7.309898987E0
2.494933183E1,1.281335449E-1,5.988596649E0,8.662336578E0
2.495928683E1,5.474116516E-1,6.438560944E0,8.052055664E0
2.496924183E1,-7.544311523E-2,6.967111816E0,6.563551025E0
2.497919683E1,1.044827271E-1,7.354057159E0,6.647825775E0
2.498915183E1,-4.218228149E-1,7.882009277E0,5.365891571E0
2.499910783E1,2.478845215E-1,6.446045380E0,6.597081299E0
2.500906283E1,4.137396240E-1,6.126160583E0,6.651717682E0
2.501901783E1,-3.493734741E-1,6.276897125E0,8.026758270E0
2.502897283E1,-1.227447510E-2,7.185058594E0,7.800728302E0
2.503892783E1,-1.111438751E0,8.096363525E0,6.916067963E0
2.504888283E1,-3.426374817E-1,7.197782135E0,6.127807159E0
2.505883783E1,-6.581813049E-1,6.529122620E0,5.735772400E0
2.506879283E1,-3.195854187E-1,5.615871735E0,8.015082550E0
2.507874783E1,-1.640588379E-1,6.301595764E0,8.876241760E0
2.508870283E1,-2.200424194E-1,6.621480560E0,1.000639160E1
2.509865783E1,5.249583435E-1,6.705605621E0,8.062384186E0
2.510861283E1,4.640350342E-2,6.459367676E0,6.761140137E0
2.511856783E1,7.586224365E-1,6.987170105E0,5.968388672E0
2.512852283E1,1.968406677E-1,6.183790741E0,7.969128113E0
2.513847783E1,1.074016571E0,6.030958557E0,9.161847839E0
2.514843283E1,1.069376221E0,7.347919922E0,8.967252502E0
2.515838783E1,9.580078125E-1,7.301666107E0,8.942404175E0
2.516834283E1,6.559359741E-1,6.681805115E0,6.836283875E0
2.517829783E1,1.317560120E0,6.060147858E0,6.535110168E0
2.518825283E1,1.477876740E0,6.799011383E0,6.644682312E0
2.519820783E1,1.233435059E0,7.200476532E0,6.511159973E0
2.520816283E1,1.158441010E0,6.937623138E0,6.186036072E0
2.521811783E1,7.867639160E-1,6.206842804E0,5.372926941E0
2.522807283E1,9.960287476E-1,6.374194794E0,5.674849091E0
2.523802783E1,6.822811890E-1,7.603588257E0,4.622687073E0
2.524798283E1,5.719606018E-1,5.480553131E0,7.307354279E0
2.525793783E1,4.110452271E-1,6.037694550E0,7.549700317E0
2.526789283E1,8.532257080E-2,6.816824341E0,7.824828186E0
2.527784783E1,8.854087830E-1,6.664890289E0,7.554041290E0
2.528780283E1,8.605604553E-1,6.500083008E0,6.805447998E0
2.529775783E1,1.617985382E0,6.832541656E0,6.153703308E0
2.530771283E1,4.661306763E-1,6.845863953E0,5.886658630E0
2.531766783E1,1.215622101E0,5.926026764E0,6.976991272E0
2.532762283E1,1.337618408E0,6.644083557E0,6.164630585E0
2.533757783E1,6.301895142E-2,6.062692566E0,8.453670502E0
2.534753283E1,6.355783081E-1,6.092630310E0,9.438622284E0
2.535748783E1,5.592370605E-1,7.486980743E0,7.577243042E0
2.536744283E1,1.209185486E0,7.868387604E0,6.195466461E0
2.537739783E1,1.670376434E0,5.825136566E0,7.275470581E0
2.538735283E1,1.248254242E0,5.493875427E0,8.932075653E0
2.539730783E1,8.455915833E-1,7.021748199E0,8.501720581E0
2.540726283E1,6.316864014E-2,7.678731995E0,6.600524139E0
2.541721783E1,4.222718811E-1,6.820566559E0,6.775510254E0
2.542717283E1,9.768685913E-1,7.787555695E0,4.838538208E0
2.543712783E1,9.042695618E-1,7.396269379E0,5.927224274E0
2.544708283E1,2.154020691E-1,6.050567780E0,7.946974182E0
2.545703783E1,1.853146362E-1,6.127358093E0,1.002136047E1
2.546699283E1,6.845265198E-1,7.460336151E0,8.677455139E0
2.547694783E1,2.049238586E-1,6.907984772E0,6.549929352E0
2.548690283E1,7.213499451E-1,7.262148285E0,4.837041321E0
2.549685783E1,8.499325562E-1,8.324489136E0,2.867137756E0
2.550681283E1,4.891827393E-1,6.510710907E0,6.617588654E0
2.551676783E1,2.336640930E-1,5.698499908E0,8.933422852E0
2.552672283E1,2.484832764E-1,6.831044769E0,9.610015869E0
2.553667783E1,6.141728210E-1,8.758586426E0,6.965165863E0
2.554663283E1,-2.239343262E-1,7.373666382E0,6.824757843E0
2.555658783E1,9.752220154E-1,6.129603424E0,6.206393738E0
2.556654283E1,8.551716614E-1,6.707850952E0,6.079906769E0
2.557649783E1,4.490661621E-1,7.075187073E0,7.709867249E0
2.558645283E1,5.616320801E-1,6.190077667E0,9.228159943E0
2.559640883E1,-5.478607178E-2,5.696553955E0,8.132288818E0
2.560636383E1,3.064128113E-1,6.391858063E0,5.572162628E0
2.561631883E1,6.343807983E-1,6.849456482E0,6.464906158E0
2.562627383E1,7.997868347E-1,6.117328949E0,7.441625061E0
2.563622883E1,3.876937866E-1,5.617518311E0,7.533533936E0
2.564618383E1,1.987866211E-1,5.967490540E0,8.652906189E0
2.565613883E1,-4.141886902E-1,6.349047089E0,9.170380096E0
2.566609396E1,5.225633240E-1,6.540049896E0,8.466394043E0
2.567604896E1,2.715353394E-1,7.312144318E0,6.570736084E0
2.568600396E1,1.317260742E-1,6.809489594E0,6.532565460E0
2.569595896E1,2.650987244E-1,6.523883514E0,5.384003906E0
2.570591396E1,3.260220337E-1,6.328988800E0,5.448669434E0
2.571586896E1,9.744735718E-1,5.701343994E0,6.279441833E0
2.572582396E1,-4.281097412E-2,6.440806274E0,7.942633209E0
2.573577896E1,2.137554932E-1,8.298293610E0,8.322393494E0
2.574573396E1,-4.733157349E-1,8.673263855E0,6.182443542E0
2.575568896E1,-2.781216431E-1,6.370302887E0,6.889123993E0
2.576564396E1,-3.579057312E-1,7.400310974E0,5.013823700E0
2.577559896E1,-4.888833618E-1,6.618037720E0,7.005581818E0
2.578555396E1,-1.175056458E-1,5.990991669E0,7.378456421E0
2.579550896E1,-4.634362793E-1,6.707850952E0,8.602311401E0
2.580546396E1,1.082249451E-1,8.277935944E0,5.827232208E0
2.581541896E1,-1.675016785E-1,6.453230438E0,6.996301117E0
2.582537396E1,1.998344421E-1,6.047424316E0,8.199648743E0
2.583532896E1,-4.385879517E-1,7.260352020E0,6.705904999E0
2.584528396E1,2.929408264E-1,6.674620056E0,8.066725159E0
2.585523896E1,1.549278259E-1,6.554869080E0,8.326584778E0
2.586519396E1,7.828720093E-2,7.402556305E0,6.782096558E0
2.587514896E1,3.453318787E-1,7.289092255E0,6.668333130E0
2.588510396E1,-7.358697510E-1,5.320086823E0,9.069938965E0
2.589505896E1,-4.345463562E-1,6.291716309E0,7.034771118E0
2.590501396E1,-1.081201630E0,6.800208893E0,6.287525024E0
2.591496896E1,-8.665480042E-1,6.460116119E0,6.942263489E0
2.592492396E1,-6.373745728E-1,6.314468994E0,9.082662506E0
2.593487896E1,-4.204756165E-1,7.462431793E0,9.082662506E0
2.594483396E1,-4.710704041E-1,7.320676575E0,8.350834351E0
2.595478896E1,-1.102607117E0,7.280709686E0,6.946754150E0
2.596474396E1,-8.408015442E-1,7.037016449E0,5.169350281E0
2.597469896E1,-7.602690125E-1,5.974376221E0,4.805756378E0
2.598465396E1,-5.629792786E-1,6.934629364E0,5.454507294E0
2.599460896E1,-3.263214111E-1,6.694828033E0,8.738827515E0
2.600456396E1,2.903961182E-2,6.992558899E0,8.525371399E0
2.601451896E1,-3.067121887E-1,6.846612396E0,6.770271149E0
2.602447396E1,-3.797602844E-1,6.785838776E0,5.476511536E0
2.603442896E1,-9.797126770E-1,6.333479462E0,5.068460083E0
2.604438396E1,-3.240760803E-1,5.351671143E0,7.344177704E0
2.605433896E1,-6.015989685E-1,7.247628479E0,7.111860809E0
2.606429396E1,-6.457571411E-1,7.607779541E0,8.692124634E0
2.607424896E1,-1.185534668E-1,8.250991974E0,6.682104492E0
2.608420396E1,-5.261558533E-1,6.309978333E0,6.642436981E0
2.609415896E1,-7.098239136E-1,6.481371918E0,5.248984680E0
2.610411396E1,-7.225474548E-1,6.181096344E0,5.634133759E0
2.611406896E1,-7.334747314E-2,5.741161194E0,7.467820587E0
2.612402396E1,-4.284091187E-1,5.377417603E0,8.213569794E0
2.613397896E1,-4.824467468E-1,7.138804779E0,9.096433868E0
2.614393396E1,-8.223898315E-1,8.403524780E0,7.663613434E0
2.615388896E1,-9.684860229E-1,5.409450989E0,8.975186005E0
2.616384396E1,-2.963836670E-2,6.630461884E0,5.807323608E0
2.617379996E1,-3.043171692E-1,6.640640717E0,5.803581390E0
2.618375396E1,6.975494385E-1,6.082301788E0,6.649322662E0
2.619370896E1,-3.957769775E-1,6.270759888E0,8.163723450E0
2.620366396E1,3.896397400E-1,7.205715637E0,8.232280884E0
2.621361996E1,-8.981323242E-2,6.744075623E0,7.300767975E0
2.622357496E1,5.536985779E-1,6.575975189E0,7.126679993E0
2.623352996E1,4.363426208E-1,6.150260468E0,7.370373230E0
2.624348496E1,3.073109436E-1,5.863456879E0,8.701854401E0
2.625343996E1,6.976991272E-1,7.737110596E0,8.338110809E0
2.626339496E1,5.092410278E-1,7.951614532E0,7.901319122E0
2.627334996E1,4.701722717E-1,7.388485565E0,6.041287079E0
2.628330496E1,6.749464417E-1,7.330406342E0,5.078040161E0
2.629325996E1,1.006207581E0,6.968009949E0,5.316643982E0
2.630321496E1,8.134085083E-1,5.391338654E0,7.446265411E0
2.631316996E1,9.021739197E-1,5.424868927E0,8.468639374E0
2.632312496E1,1.067579956E0,6.960974579E0,8.591982880E0
2.633307996E1,6.857240295E-1,7.979456635E0,7.537126465E0
2.634303496E1,8.204438782E-1,7.780520325E0,7.491920471E0
2.635298996E1,7.825726318E-1,6.338868256E0,7.682623901E0
2.636294496E1,1.091230774E-1,6.711892548E0,6.602470093E0
2.637289996E1,4.517605591E-1,6.667584686E0,7.472011871E0
2.638285496E1,2.091151428E-1,5.537734222E0,7.424111481E0
2.639280996E1,4.396357727E-1,5.697452087E0,8.292904816E0
2.640276496E1,7.929011536E-1,7.986641693E0,6.514004059E0
2.641271996E1,-1.960922241E-1,6.968608704E0,5.986051941E0
2.642267496E1,6.499484253E-1,5.187612305E0,5.916746063E0
2.643262996E1,5.650749207E-1,5.697452087E0,5.472769318E0
2.644258496E1,7.460485840E-1,5.821244659E0,7.188800812E0
2.645253996E1,2.618055725E-1,6.267167358E0,7.956404572E0
2.646249496E1,4.339476013E-1,6.697073364E0,9.067094879E0
2.647244996E1,2.544708252E-1,8.181087341E0,7.261848907E0
2.648240496E1,-6.406677246E-2,7.281458130E0,7.311994629E0
2.649235996E1,8.433462524E-1,5.824687500E0,7.389982452E0
2.650231496E1,8.256829834E-1,5.938450928E0,6.268664246E0
2.651226996E1,9.089099121E-1,5.714516602E0,6.609505463E0
2.652222496E1,2.553689575E-1,6.641987915E0,5.259163513E0
2.653217996E1,1.171763306E0,7.061864777E0,6.215375061E0
2.654213496E1,1.021475830E0,7.846682739E0,5.207670593E0
2.655208996E1,3.933819580E-1,6.730304260E0,6.291566620E0
2.656204496E1,9.692344666E-1,6.134094086E0,6.627468109E0
2.657199996E1,7.342231750E-1,5.879473572E0,6.506819000E0
2.658195496E1,1.277443542E0,5.307662659E0,8.772208099E0
2.659190996E1,6.990463257E-1,6.621031494E0,9.172026672E0
2.660186496E1,1.042282562E0,7.687264252E0,9.609267426E0
2.661181996E1,6.062393188E-1,8.621621246E0,6.711593170E0
2.662177496E1,-3.278182983E-2,6.473438416E0,6.290369110E0
2.663172996E1,1.500479736E0,6.465504913E0,4.780608673E0
2.664168496E1,9.641450500E-1,7.672744446E0,3.702400818E0
2.665163996E1,9.105564880E-1,6.699618073E0,6.452182617E0
2.666159483E1,2.896476746E-1,5.506748657E0,9.370962982E0
2.667154983E1,1.664538574E-1,6.880442047E0,1.003588028E1
2.668150483E1,1.218615875E0,8.782237244E0,6.978188782E0
2.669145983E1,5.846841431E-1,6.674470367E0,7.969726868E0
2.670141483E1,6.400689697E-1,6.342161407E0,6.747518463E0
2.671136983E1,4.593946838E-1,6.375841370E0,6.421047363E0
2.672132483E1,9.241781616E-1,6.971303101E0,8.466693420E0
2.673127983E1,3.098556519E-1,7.390132141E0,9.155411224E0
2.674123483E1,5.733078003E-1,6.991810455E0,8.405171356E0
2.675118983E1,1.857637024E-1,6.622528381E0,7.463629303E0
2.676114483E1,-9.325607300E-2,6.344107361E0,7.424261169E0
2.677110083E1,9.505233765E-2,6.694528656E0,5.415887604E0
2.678105483E1,1.841171265E-2,5.982758789E0,6.662046204E0
2.679101083E1,3.600013733E-1,5.662873993E0,8.882528687E0
2.680096583E1,5.538482666E-2,6.234684906E0,9.223220215E0
2.681092083E1,7.170089722E-2,7.760462036E0,7.001839600E0
2.682087583E1,1.032852173E-1,6.571185150E0,6.704408112E0
2.683083083E1,-1.398092651E-1,6.231092377E0,6.392756195E0
2.684078583E1,-4.131408691E-2,7.157515869E0,5.653742981E0
2.685074083E1,1.621128845E-1,5.905220032E0,7.031927032E0
2.686069583E1,-2.020797729E-1,6.088439026E0,7.888296204E0
2.687065083E1,-3.397933960E-1,7.570956116E0,7.896229706E0
2.688060583E1,-4.447251892E-1,6.842570801E0,8.233927460E0
2.689056083E1,-9.235794067E-2,5.833668823E0,7.849826202E0
2.690051583E1,2.877017212E-1,6.188281403E0,7.371570740E0
2.691047083E1,5.269042969E-1,5.878725128E0,8.402327271E0
2.692042583E1,5.975573730E-1,6.548582153E0,6.991361389E0
2.693038083E1,-1.010398865E-1,6.908284149E0,5.369933167E0
2.694033583E1,-5.355862427E-1,6.539151764E0,5.012326813E0
2.695029083E1,-4.460723877E-1,6.253994751E0,6.597829742E0
2.696024583E1,1.073268127E-1,5.206323395E0,8.057893524E0
2.697020083E1,-3.697311401E-2,5.476062469E0,8.881181488E0
2.698015583E1,1.535806274E-1,6.508615265E0,8.204588470E0
2.699011083E1,2.674937439E-1,6.716233521E0,7.283853149E0
2.700006583E1,7.722441101E-1,7.645800476E0,6.033203888E0
2.701002083E1,4.635859680E-1,8.345595245E0,4.010909271E0
2.701997583E1,-5.763015747E-2,6.956334229E0,5.028044128E0
2.702993083E1,1.302291870E-2,5.589676208E0,6.398144989E0
2.703988583E1,-1.035845947E-1,5.999972992E0,7.550897827E0
2.704984083E1,6.469546509E-1,6.624324646E0,8.303083649E0
2.705979583E1,-7.050338745E-2,7.073540497E0,8.975485382E0
2.706975083E1,5.164260864E-2,8.173153839E0,6.940616913E0
2.707970583E1,6.646179199E-2,7.660769348E0,5.517077179E0
2.708966083E1,-2.155517578E-1,6.415508881E0,6.508465576E0
2.709961583E1,3.121009827E-1,7.207511902E0,6.893614655E0
2.710957083E1,4.948709106E-1,7.181765442E0,7.245532837E0
2.711952583E1,-1.751358032E-2,5.770350494E0,8.676557007E0
2.712948083E1,1.845661926E-1,8.156089325E0,7.577841797E0
2.713943583E1,2.956352234E-1,9.395362244E0,6.254144440E0
2.714939083E1,-5.972579956E-2,5.939349060E0,9.100625153E0
2.715934583E1,4.805007935E-2,6.123765564E0,9.055568848E0
2.716930083E1,5.352868652E-1,7.478747864E0,8.031847687E0
2.717925583E1,2.621049500E-1,6.899153137E0,7.429200897E0
2.718921083E1,-1.975891113E-1,7.347919922E0,6.372997284E0
2.719916583E1,-4.056564331E-2,6.997348938E0,5.932762756E0
2.720912083E1,-3.487747192E-1,5.812712402E0,7.593708801E0
2.721907583E1,3.315605164E-1,5.993686066E0,7.506889343E0
2.722903083E1,1.554217987E0,5.970933380E0,5.878725128E0
2.723898583E1,1.410965881E0,5.572312317E0,6.216273193E0
2.724894083E1,8.586145020E-1,6.838379517E0,5.018464050E0
2.725889583E1,1.071322174E0,6.144123230E0,6.605463867E0
2.726885083E1,1.061442719E0,6.084397430E0,7.678582306E0
2.727880583E1,1.722917175E-1,5.957311707E0,8.875343628E0
2.728876083E1,4.376898193E-1,6.280339966E0,8.609945526E0
2.729871583E1,-2.074685669E-1,6.648574219E0,7.811805267E0
2.730867083E1,1.944456482E-1,7.273973694E0,6.874753876E0
2.731862583E1,-9.370513916E-2,6.697672119E0,6.382128296E0
2.732858183E1,6.930587769E-2,4.972659302E0,9.061855774E0
2.733853683E1,-4.572990417E-1,6.564299469E0,7.608228607E0
2.734849183E1,3.592529297E-3,7.132667542E0,8.328530731E0
2.735844683E1,5.409750366E-1,7.588320007E0,8.081544342E0
2.736840183E1,4.477189636E-1,7.462132416E0,8.235873413E0
2.737835683E1,8.970845032E-1,7.451654205E0,8.210426331E0
2.738831183E1,-1.628613281E-1,7.128476257E0,8.288563843E0
2.739826683E1,2.002835083E-1,6.726262665E0,7.467371521E0
2.740822183E1,4.926255798E-1,6.440207520E0,5.899082794E0
2.741817683E1,1.814227295E-1,5.145400085E0,6.133195953E0
2.742813183E1,2.844085693E-2,7.022796021E0,4.437671814E0
2.743808683E1,8.008346558E-2,6.400989075E0,6.354884949E0
2.744804183E1,-9.849517822E-2,6.080505524E0,6.711742859E0
2.745799683E1,-1.889071655E-1,6.330934753E0,7.270530853E0
2.746795183E1,-1.073268127E-1,8.164621582E0,6.223158875E0
2.747790683E1,-3.873944092E-1,6.709198151E0,7.499554596E0
2.748786183E1,-3.632945251E-1,5.484594727E0,8.945248260E0
2.749781683E1,-3.173400879E-1,6.940167847E0,8.546627197E0
2.750777183E1,-5.011578369E-1,6.995253296E0,9.117689667E0
2.751772683E1,-7.373666382E-1,6.357878723E0,8.256081390E0
2.752768183E1,-1.523831177E-1,7.107669525E0,6.904392242E0
2.753763683E1,-5.643264771E-2,6.772366791E0,5.716013489E0
2.754759183E1,-7.948471069E-2,6.167474670E0,6.418951721E0
2.755754683E1,6.794371033E-1,8.091872864E0,4.557422791E0
2.756750183E1,-2.465373230E-1,5.982010345E0,6.235732727E0
2.757745683E1,1.218466187E-1,5.984255676E0,7.229067078E0
2.758741183E1,-1.487905884E-1,7.377558289E0,7.611072693E0
2.759736683E1,4.113446045E-1,6.630761261E0,8.951385498E0
2.760732183E1,-3.150947571E-1,6.762038269E0,7.853718109E0
2.761727683E1,-2.740800476E-1,6.862629089E0,7.582182770E0
2.762723183E1,-1.785786438E-1,6.179599457E0,6.635700989E0
2.763718683E1,-2.847079468E-1,5.840554504E0,6.917714539E0
2.764714183E1,1.173559570E-1,7.021448822E0,5.449417877E0
2.765709683E1,-3.029699707E-1,5.828280029E0,5.992189178E0
2.766705200E1,3.083587646E-2,6.575077057E0,5.915698242E0
2.767700700E1,-1.546284485E-1,7.216942291E0,6.945556641E0
2.768696200E1,3.791615295E-1,6.955286407E0,9.224417725E0
2.769691700E1,-2.644999695E-1,7.267537079E0,9.558373260E0
2.770687200E1,-8.038284302E-2,6.989265747E0,8.381071472E0
2.771682700E1,-5.358856201E-2,7.295229492E0,4.878654785E0
2.772678200E1,5.789959717E-1,6.117927704E0,4.705614624E0
2.773673700E1,9.162446594E-1,6.647676086E0,4.200415192E0
2.774669200E1,2.625540161E-1,6.780449982E0,4.376449127E0
2.775664700E1,1.483415222E-1,7.280709686E0,6.731052704E0
2.776660200E1,-5.857319641E-1,7.293882294E0,9.495503998E0
2.777655700E1,5.508544922E-2,7.383695526E0,9.625134430E0
2.778651200E1,3.088078308E-1,8.250093842E0,7.525301056E0
2.779646700E1,3.448828125E-1,6.705755310E0,7.551646271E0
2.780642200E1,1.437011719E-1,5.948330383E0,6.359225922E0
2.781637700E1,4.611909485E-1,5.416186981E0,7.368726654E0
2.782633200E1,8.598120117E-1,5.729186096E0,7.577392731E0
2.783628700E1,2.945874023E-1,6.453230438E0,8.219707031E0
2.784624200E1,6.364764404E-1,6.981032867E0,7.060517578E0
2.785619700E1,2.077679443E-1,5.017865295E0,7.071295166E0
2.786615200E1,-9.131011963E-3,6.286477203E0,6.579418030E0
2.787610700E1,3.427871704E-2,6.893614655E0,8.054600372E0
2.788606300E1,4.626878357E-1,5.888604584E0,9.618398438E0
2.789601800E1,4.522096252E-1,7.550149384E0,8.363108826E0
2.790597300E1,7.012916565E-1,7.341483307E0,8.115823059E0
2.791592800E1,8.726852417E-2,7.516020355E0,6.047723694E0
2.792588300E1,3.124003601E-1,6.660848694E0,6.195017395E0
2.793583800E1,-6.676116943E-2,6.055806885E0,5.260211334E0
2.794579300E1,-4.647834778E-1,5.170996857E0,7.148534546E0
2.795574800E1,4.085005188E-1,6.066135406E0,8.729397125E0
2.796570300E1,2.164498901E-1,5.758525085E0,1.037163208E1
2.797565800E1,4.441264343E-1,6.886130219E0,8.876840515E0
2.798561300E1,-8.382568359E-2,8.103249207E0,7.459438019E0
2.799556800E1,1.654060364E-1,6.242319031E0,9.096134491E0
2.800552300E1,2.959346008E-1,7.319029999E0,6.719526672E0
2.801547800E1,5.156776428E-1,6.516249390E0,7.640411682E0
2.802543300E1,4.953199768E-1,6.096821594E0,8.272247772E0
2.803538800E1,-4.101470947E-2,7.702831879E0,4.576433258E0
2.804534300E1,7.683522034E-1,7.248975677E0,3.650309143E0
2.805529800E1,-1.517843628E-1,4.089795227E0,6.369853821E0
2.806525300E1,4.099974060E-1,5.333409119E0,6.354136505E0
2.807520800E1,2.395019531E-1,7.684719543E0,6.057303772E0
2.808516300E1,-4.038601685E-1,6.301446075E0,7.891439667E0
2.809511800E1,1.460961914E-1,6.364015961E0,9.319769440E0
2.810507300E1,-2.338137817E-1,8.044720917E0,7.748337250E0
2.811502800E1,-3.285667419E-1,6.960076447E0,7.992180176E0
2.812498300E1,1.026864624E-1,5.703439636E0,7.025490417E0
2.813493800E1,-4.394860840E-1,5.619015198E0,5.926475830E0
2.814489300E1,2.668949890E-1,5.205574951E0,7.062313843E0
2.815484800E1,-3.806584167E-1,7.334447937E0,6.738237762E0
2.816480300E1,-1.451980591E-2,8.174051971E0,8.144712982E0
2.817475800E1,-3.682342529E-2,6.428531799E0,8.444090424E0
2.818471300E1,2.749781799E-1,6.701564026E0,8.395591278E0
2.819466800E1,1.062041473E0,8.820856934E0,5.323080597E0
2.820462300E1,5.327421570E-1,6.433172150E0,4.852758636E0
2.821457800E1,1.409918060E0,6.632856903E0,5.229525146E0
2.822453300E1,1.090332642E0,7.617060242E0,4.718487854E0
2.823448800E1,3.704795837E-1,5.537734222E0,8.233777771E0
2.824444300E1,3.504212952E-1,6.200855255E0,9.424401855E0
2.825439800E1,-1.020877075E-1,6.424190826E0,9.693242798E0
2.826435300E1,3.921844482E-1,6.467899933E0,8.026758270E0
2.827430800E1,6.750961304E-2,7.667804718E0,6.139482880E0
2.828426300E1,8.931925964E-1,7.821684723E0,4.586462402E0
2.829421800E1,3.920347595E-1,6.928641815E0,4.588857422E0
2.830417300E1,5.251080322E-1,7.735913086E0,5.276228027E0
2.831412800E1,8.536747742E-1,6.171665955E0,6.931934967E0
2.832408300E1,7.222480774E-1,5.968837738E0,8.229137421E0
2.833403800E1,6.436614990E-1,6.187532959E0,9.295519867E0
2.834399300E1,6.047424316E-1,6.289171600E0,8.610244904E0
2.835394800E1,4.836442566E-1,8.661887512E0,6.597979431E0
2.836390300E1,5.463638306E-1,7.831414490E0,6.102210388E0
2.837385800E1,2.246827698E-1,5.539530487E0,6.198011169E0
2.838381300E1,8.996292114E-1,5.876928864E0,5.516478424E0
2.839376900E1,-2.868035889E-1,7.069349213E0,5.871240692E0
2.840372400E1,2.083666992E-1,6.452032928E0,9.591753845E0
2.841367900E1,9.903405762E-1,5.784271545E0,1.053209839E1
2.842363400E1,1.252744904E0,6.587650909E0,9.854307861E0
2.843358900E1,1.623673553E0,8.080496521E0,6.600673828E0
2.844354400E1,6.212081909E-1,5.121749268E0,7.903414764E0
2.845349900E1,1.148561554E0,4.556075592E0,8.477171631E0
2.846345400E1,1.288969574E0,4.558769989E0,9.085656281E0
2.847340900E1,1.232536926E0,6.098019104E0,8.955127716E0
2.848336400E1,6.773414612E-1,7.522906036E0,8.035440216E0
2.849331900E1,9.207353210E-1,7.746091919E0,5.940696259E0
2.850327400E1,6.316864014E-1,7.154222717E0,5.982459412E0
2.851322900E1,3.423381042E-1,7.538623352E0,6.128705292E0
2.852318400E1,2.603086853E-1,7.656727753E0,6.364465027E0
2.853313900E1,-1.293310547E-1,6.132447510E0,7.242988129E0
2.854309400E1,-4.875361633E-1,6.154900818E0,7.219786377E0
2.855304900E1,3.156935120E-1,6.683451691E0,7.445966034E0
2.856300400E1,2.537223816E-1,6.652017059E0,8.201445007E0
2.857295900E1,-4.879852295E-1,6.738387451E0,8.326734467E0
2.858291400E1,3.544628906E-1,7.622598724E0,7.326364746E0
2.859286900E1,3.128494263E-1,7.422315216E0,8.080047455E0
2.860282400E1,3.091072083E-1,6.065237274E0,6.749913483E0
2.861277900E1,4.584965515E-1,6.371650085E0,5.577401733E0
2.862273400E1,4.411326599E-1,5.975274353E0,5.749244385E0
2.863268900E1,7.837701416E-1,5.922733612E0,6.125412140E0
2.864264400E1,1.040935364E0,7.463479614E0,6.390361176E0
2.865259900E1,7.860154724E-1,6.712940369E0,8.216413879E0
2.866255346E1,4.924758911E-1,6.859335938E0,9.003626862E0
2.867250846E1,5.418731689E-2,7.834557953E0,6.429729309E0
2.868246346E1,1.890568542E-1,5.899232483E0,6.601272583E0
2.869241846E1,3.399430847E-1,5.813011780E0,6.993457031E0
2.870237346E1,-5.074447632E-2,6.300547943E0,8.561596069E0
2.871232846E1,2.830613708E-1,6.317163391E0,8.552165680E0
2.872228346E1,-1.399589539E-1,6.369255066E0,8.171806641E0
2.873223846E1,1.739382935E-1,7.080426178E0,5.731281738E0
2.874219346E1,1.182540894E-2,7.572303314E0,4.310436401E0
2.875214846E1,-4.914280701E-1,6.399043121E0,5.450316010E0
2.876210346E1,-2.273771667E-1,5.368735657E0,7.009922791E0
2.877205846E1,-7.339237976E-1,7.442523193E0,7.064110107E0
2.878201346E1,-1.624122620E-1,7.816894684E0,8.129444733E0
2.879196846E1,-4.008663940E-1,7.405849457E0,9.171278229E0
2.880192346E1,-5.462141418E-1,7.848778381E0,8.924890594E0
2.881187846E1,-6.631210327E-2,6.466103668E0,8.819210358E0
2.882183346E1,-1.070274353E-1,6.862030334E0,5.324278107E0
2.883178846E1,-8.696914673E-2,6.267017670E0,4.706063690E0
2.884174346E1,-1.309776306E-1,6.746770020E0,3.507057037E0
2.885169846E1,-7.253915405E-1,7.292984161E0,4.859943695E0
2.886165346E1,-5.463638306E-2,7.025340729E0,8.137527924E0
2.887160846E1,-1.166524200E0,6.612199860E0,1.102008362E1
2.888156446E1,-1.122815094E0,7.981103210E0,8.327632599E0
2.889151946E1,-1.265917511E0,6.736142120E0,7.009024658E0
2.890147446E1,-1.136137390E0,5.420827332E0,6.599476318E0
2.891142946E1,-4.574487305E-1,6.568191376E0,6.663842468E0
2.892138446E1,-5.080435181E-1,6.225404205E0,9.233548737E0
2.893133946E1,-1.427880707E0,6.300398254E0,1.008722351E1
2.894129446E1,-1.225202179E0,7.741601257E0,8.022866364E0
2.895124946E1,-6.637197876E-1,7.125632172E0,5.664819946E0
2.896120446E1,-6.156697083E-1,6.670877838E0,5.019511871E0
2.897115946E1,-1.139131165E-1,6.642436981E0,5.945486298E0
2.898111446E1,-4.951702881E-1,5.660478973E0,8.086783447E0
2.899106946E1,-5.545967102E-1,6.102210388E0,8.316855011E0
2.900102446E1,-9.041198730E-1,5.406457214E0,9.306147766E0
2.901097946E1,-5.096900940E-1,6.253545685E0,7.494165802E0
2.902093446E1,-2.923420715E-1,6.214476929E0,7.579787750E0
2.903088946E1,-3.891906738E-2,6.451284485E0,6.928791504E0
2.904084446E1,-5.059478760E-2,6.147715759E0,7.665858765E0
2.905079946E1,5.689668274E-1,7.218439178E0,6.932982788E0
2.906075446E1,1.651066589E-1,6.944359131E0,8.122409363E0
2.907070946E1,6.491999817E-1,6.550079041E0,8.186775513E0
2.908066446E1,3.996688843E-1,7.583979034E0,7.115453339E0
2.909061946E1,5.319937134E-1,7.609126740E0,6.907386017E0
2.910057446E1,2.249821472E-1,6.498586121E0,6.943610687E0
2.911052946E1,2.820135498E-1,6.473438416E0,8.166268158E0
2.912048446E1,4.451742554E-1,6.715784454E0,7.901019745E0
2.913043946E1,1.360670471E-1,4.590803375E0,1.012329849E1
2.914039446E1,1.095721436E-1,7.437733154E0,6.048771515E0
2.915034946E1,-3.402424622E-1,7.401658173E0,4.791835327E0
2.916030446E1,-4.400848389E-1,6.862030334E0,4.011508026E0
2.917025946E1,-5.495072937E-1,7.410340118E0,5.306614838E0
2.918021446E1,2.080673218E-2,6.688092041E0,7.065307617E0
2.919016946E1,-5.110372925E-1,5.325924683E0,1.026565247E1
2.920012446E1,-2.823129272E-1,7.000492401E0,9.267378387E0
2.921007946E1,-6.063890076E-1,6.928492126E0,5.869145050E0
2.922003446E1,-4.855902100E-1,5.231022034E0,5.848637695E0
2.922998946E1,-4.089495850E-1,6.055956573E0,5.407654724E0
2.923994446E1,-2.405497742E-1,5.631738739E0,7.768545227E0
2.924989946E1,6.248007202E-1,7.759264526E0,7.323969727E0
2.925985446E1,2.424957275E-2,7.451953583E0,7.516619110E0
2.926980946E1,-2.585124207E-1,6.471492462E0,6.815626831E0
2.927976446E1,-4.170327759E-1,5.283712463E0,8.528514862E0
2.928971946E1,4.137396240E-1,6.364165649E0,8.029003601E0
2.929967446E1,-4.803511047E-1,7.375462646E0,7.971822510E0
2.930962946E1,-1.850152588E-1,7.476352844E0,9.311686249E0
2.931958446E1,-3.384461975E-1,8.468639374E0,6.844666443E0
2.932953946E1,4.213737488E-1,7.725135498E0,6.007158051E0
2.933949446E1,2.196232910E0,6.132297821E0,7.416327667E0
2.934944946E1,1.236877899E0,5.581443329E0,7.696844330E0
2.935940446E1,9.877958679E-1,7.997419281E0,6.138584747E0
2.936935946E1,5.171745300E-1,7.362739105E0,6.087989960E0
2.937931546E1,8.550219727E-1,6.840026093E0,6.098019104E0
2.938927046E1,1.415456543E0,7.050937500E0,6.193370819E0
2.939922546E1,2.186054077E0,6.560856628E0,7.273674316E0
2.940918046E1,1.663191376E0,6.574777679E0,7.259453888E0
2.941913546E1,1.184037781E0,6.834038544E0,7.147486725E0
2.942909046E1,1.691033478E0,6.947203217E0,6.123166809E0
2.943904546E1,1.799408112E0,6.894213409E0,5.864055634E0
2.944900046E1,1.618883514E0,6.260730743E0,6.194867706E0
2.945895546E1,1.516646118E0,5.476062469E0,6.153703308E0
2.946891046E1,9.470805359E-1,6.967111816E0,6.310427399E0
2.947886546E1,8.803193665E-1,6.534361725E0,7.745343475E0
2.948882046E1,1.231339417E0,5.919290771E0,9.899813232E0
2.949877546E1,8.849597168E-1,6.481222229E0,1.070753357E1
2.950873046E1,9.030720520E-1,6.511309662E0,1.040650955E1
2.951868546E1,1.098715210E0,6.210884399E0,9.009764099E0
2.952864046E1,1.442101135E0,5.749394073E0,8.828491058E0
2.953859546E1,1.196012878E0,6.081253967E0,7.765551453E0
2.954855046E1,1.303339691E0,7.443571014E0,6.136788483E0
2.955850546E1,9.310638428E-1,7.136409760E0,5.677094421E0
2.956846046E1,5.912704468E-1,6.389313354E0,4.472249908E0
2.957841546E1,1.438209229E0,5.955515442E0,6.259533234E0
2.958837046E1,1.267564087E0,6.646628265E0,7.427554321E0
2.959832546E1,9.391470337E-1,6.515201569E0,1.029783554E1
2.960828046E1,8.527766418E-1,6.704557800E0,9.736951904E0
2.961823546E1,7.197033691E-1,5.452411652E0,9.727671204E0
2.962819046E1,4.372407532E-1,7.363038483E0,6.226751404E0
2.963814546E1,4.138893127E-1,5.954467621E0,5.557493134E0
2.964810046E1,5.312452698E-1,6.083948364E0,5.356311493E0
2.965805546E1,6.586303711E-3,7.883506165E0,4.783303070E0
2.966801071E1,8.675958252E-1,7.002887421E0,5.499264221E0
2.967796571E1,2.047741699E-1,6.768474884E0,4.445755005E0
2.968792071E1,-1.960922241E-1,7.125183105E0,5.890251160E0
2.969787571E1,7.920030212E-1,6.344855804E0,5.932014313E0
2.970783071E1,-4.263134766E-1,5.774092712E0,4.582570496E0
2.971778571E1,-6.462062073E-1,5.600753174E0,6.118376770E0
2.972774071E1,-8.339158630E-1,5.731581116E0,1.025307861E1
2.973769571E1,-2.953358459E-1,6.486012268E0,9.852810974E0
2.974765071E1,2.951861572E-1,6.608757019E0,8.694369965E0
2.975760571E1,-5.625302124E-1,7.005581818E0,7.720495148E0
2.976756071E1,-1.330732727E-1,6.213578796E0,8.189020844E0
2.977751571E1,1.106499023E0,6.866820374E0,9.769134979E0
2.978747071E1,1.160536652E0,7.323520660E0,1.335103638E1
2.979742571E1,-9.292675781E-1,8.559350739E0,1.214649124E1
2.980738071E1,-2.135159912E0,7.556735687E0,9.435628510E0
2.981733571E1,-1.367556152E0,7.444618835E0,4.759053497E0
2.982729071E1,-1.169517975E0,6.651867371E0,1.090632019E0
2.983724571E1,1.681154022E0,6.043981476E0,-1.607806549E0
2.984720071E1,2.001787262E0,5.536985779E0,-1.171014862E0
2.985715571E1,-3.803590393E-1,5.430557098E0,2.991080017E0
2.986711171E1,-1.086440735E0,5.671705627E0,6.641239471E0
2.987706671E1,-1.428030396E-1,5.734275513E0,1.080348404E1
2.988702171E1,-7.650590515E-1,7.075187073E0,9.918075256E0
2.989697671E1,1.817221069E-1,7.591164093E0,1.260753250E1
2.990693171E1,8.372090149E-1,6.837481384E0,1.530342636E1
2.991688671E1,-7.782316589E-1,6.826703796E0,1.627864838E1
2.992684171E1,-1.130299530E0,8.831484833E0,1.103131027E1
2.993679671E1,-1.619931335E0,8.791068878E0,6.667584686E0
2.994675171E1,-1.315464478E0,7.341183929E0,3.659290466E0
2.995670671E1,-2.115101624E-1,5.846691742E0,1.272054749E0
2.996666171E1,8.629554749E-1,5.132975922E0,-6.212081909E-1
2.997661671E1,1.860630798E-1,6.568341064E0,2.404000854E-1
2.998657171E1,-1.380279694E0,5.748196564E0,5.607938232E0
2.999652671E1,-1.443747711E0,5.555098114E0,6.518345032E0
3.000648171E1,1.029109955E0,6.279292145E0,7.432793427E0
3.001643671E1,6.927593994E-1,6.381529541E0,1.118998032E1
3.002639171E1,3.603007507E-1,5.574407959E0,1.609722565E1
3.003634671E1,5.649252319E-1,7.860154724E0,1.374576553E1
3.004630171E1,-8.773255920E-1,7.900271301E0,1.054242691E1
3.005625671E1,-8.879534912E-1,5.949976959E0,7.735913086E0
3.006621171E1,-5.939648438E-1,5.936055908E0,4.632716217E0
3.007616671E1,1.267863464E-1,6.095474396E0,4.205354919E0
3.008612171E1,6.950047302E-1,6.430477753E0,4.543501740E0
3.009607671E1,8.515791321E-1,5.600603485E0,3.413950653E0
3.010603171E1,8.360115051E-1,3.546724548E0,4.774920502E0
3.011598671E1,1.272354126E-2,4.965174866E0,5.396727448E0
3.012594171E1,5.575904846E-1,7.681127014E0,4.820725250E0
3.013589671E1,7.349716187E-2,7.715854797E0,7.338938599E0
3.014585171E1,-8.018824768E-1,5.088069305E0,1.477292953E1
3.015580671E1,-4.384382629E-1,7.841144257E0,1.482337463E1
3.016576171E1,-5.508544922E-1,7.939639435E0,1.246383133E1
3.017571671E1,1.422042847E-2,9.851463776E0,5.376369781E0
3.018567171E1,9.879455566E-3,1.124147324E1,-6.436614990E-2
3.019562671E1,2.185155945E0,9.008865967E0,-8.491841125E-1
3.020558171E1,1.580712891E-1,6.207740936E0,2.459385681E0
3.021553671E1,4.806504822E-1,1.721869354E0,1.207419159E1
3.022549171E1,-4.655319214E-1,1.417552185E0,1.855735977E1
3.023544671E1,-1.237626343E0,5.697751465E0,1.639211243E1
3.024540171E1,-7.084767151E-1,8.957672424E0,7.959248657E0
3.025535671E1,-2.517764282E-1,6.717131653E0,4.016747131E0
3.026531171E1,-5.569917297E-1,5.127886505E0,3.253334656E0
3.027526671E1,-1.060544586E0,5.480852509E0,2.405797119E0
3.028522171E1,1.992356873E-1,6.265820160E0,3.636088715E0
3.029517671E1,1.951940918E-1,8.009843445E0,3.842060394E0
3.030513171E1,-1.272354126E-1,9.873318329E0,4.344565430E0
3.031508671E1,1.234632568E0,1.146241379E1,3.782035217E0
3.032504171E1,6.694079590E-1,9.225914612E0,5.289101257E0
3.033499771E1,5.330415344E-1,4.927303619E0,8.141719208E0
3.034495271E1,3.144960022E-1,2.355651398E0,1.028481262E1
3.035490771E1,-5.562432861E-1,4.220323792E0,1.249676285E1
3.036486271E1,-6.566844177E-1,5.821843414E0,1.134191437E1
3.037481771E1,-1.184337158E0,5.658982086E0,9.649833069E0
3.038477271E1,-8.270301819E-1,7.238198090E0,6.781497803E0
3.039472771E1,-1.192270660E0,7.099137268E0,6.779701538E0
3.040468271E1,2.113604736E-1,6.775210876E0,5.616470490E0
3.041463771E1,-1.736389160E-2,5.089266815E0,5.496869202E0
3.042459271E1,1.032103729E0,5.761369171E0,5.504503326E0
3.043454771E1,6.929090881E-1,9.162446594E0,4.464017029E0
3.044450271E1,4.236190796E-1,1.141660904E1,4.617597656E0
3.045445771E1,1.032852173E-2,9.184600525E0,6.206543427E0
3.046441271E1,-4.583468628E-1,6.315965881E0,1.024858795E1
3.047436771E1,-5.632786560E-1,6.032156067E0,1.055245605E1
3.048432271E1,-1.010398865E0,5.406157837E0,1.040606049E1
3.049427771E1,-1.130598907E0,7.755372620E0,7.162605286E0
3.050423271E1,-1.370250549E0,5.837560730E0,6.424340515E0
3.051418771E1,7.339237976E-1,4.165238342E0,6.877448273E0
3.052414271E1,-2.088157654E-1,6.830595703E0,4.829407196E0
3.053409771E1,6.791377258E-1,6.994504852E0,4.963528290E0
3.054405271E1,3.594026184E-1,8.753646698E0,3.351979523E0
3.055400771E1,-3.710783386E-1,9.046886902E0,4.827461243E0
3.056396271E1,-1.371448059E0,6.922953644E0,5.413941650E0
3.057391771E1,-1.143621826E0,4.998705139E0,8.216862946E0
3.058387271E1,1.666035461E-1,4.821174316E0,9.241033173E0
3.059382771E1,-1.707948303E-1,2.703078918E0,1.208945984E1
3.060378271E1,1.226250000E0,6.198609924E0,1.032388138E1
3.061373771E1,1.179696808E0,1.024918671E1,5.641019440E0
3.062369271E1,9.354048157E-1,8.106991425E0,7.457492065E0
3.063364771E1,-2.700384521E-1,7.419620819E0,6.569239197E0
3.064360271E1,2.891986084E-1,6.609056396E0,7.519463196E0
3.065355771E1,7.457492065E-1,4.560715942E0,7.819888458E0
3.066351308E1,5.415737915E-1,3.104244690E0,1.020712418E1
3.067346808E1,1.706900482E0,5.908962250E0,6.916966095E0
3.068342308E1,8.864566040E-1,6.767576752E0,5.258864136E0
3.069337808E1,8.327183533E-1,7.157366180E0,6.085445251E0
3.070333308E1,5.912704468E-1,6.881340179E0,6.061345367E0
3.071328808E1,1.049467621E0,5.896089020E0,6.894961853E0
3.072324308E1,8.265811157E-1,6.539002075E0,6.901099091E0
3.073319808E1,6.887178040E-1,6.188880157E0,7.731721802E0
3.074315308E1,1.105750580E0,5.943839722E0,6.851701813E0
3.075310808E1,3.110531616E-1,6.686894531E0,5.624403992E0
3.076306308E1,1.160087585E0,7.688312073E0,5.262456665E0
3.077301808E1,3.462300110E-1,8.552315369E0,3.859873352E0
3.078297308E1,9.213340759E-1,5.705684967E0,6.685996399E0
3.079292808E1,1.198856964E0,5.245841217E0,8.405321045E0
3.080288408E1,6.119274902E-1,5.844596100E0,1.108145599E1
3.081283908E1,5.038522339E-1,7.621700592E0,1.001627106E1
3.082279408E1,1.070274353E-1,6.773414612E0,1.043959076E1
3.083274908E1,1.502874756E-1,7.828570404E0,6.678511963E0
3.084270408E1,3.604504395E-1,8.128995667E0,3.997287598E0
3.085265908E1,8.954379272E-1,6.527476044E0,4.946763153E0
3.086261408E1,1.046773224E0,5.771997070E0,5.269342346E0
3.087256908E1,1.377884674E0,6.566694489E0,7.880662079E0
3.088252408E1,2.851570129E-1,6.696025543E0,1.012045441E1
3.089247908E1,3.094065857E-1,7.736960907E0,1.019470001E1
3.090243408E1,6.905140686E-1,8.512049103E0,7.798482971E0
3.091238908E1,-3.373983765E-1,5.181325378E0,8.774303741E0
3.092234408E1,5.465135193E-1,6.243666229E0,6.738088074E0
3.093229908E1,4.116439819E-1,7.109166412E0,5.840404816E0
3.094225408E1,1.751358032E-1,5.535339203E0,6.569538574E0
3.095220908E1,-2.903961182E-1,5.746549988E0,5.652395782E0
3.096216408E1,-4.224215698E-1,5.971083069E0,6.117927704E0
3.097211908E1,-1.472937012E-1,5.997128906E0,6.940167847E0
3.098207408E1,-5.442681885E-1,5.735473022E0,7.498207397E0
3.099202908E1,5.104385376E-2,6.600973206E0,7.541317749E0
3.100198408E1,-2.694396973E-1,6.993007965E0,7.976612549E0
3.101193908E1,-3.356021118E-1,8.043373718E0,7.541617126E0
3.102189408E1,-6.285429382E-1,6.886130219E0,9.263037415E0
3.103184908E1,-6.788383484E-1,7.214846649E0,8.263266449E0
3.104180408E1,-6.918612671E-1,7.642207947E0,6.297703857E0
3.105175908E1,-3.249742126E-1,6.480024719E0,6.781048737E0
3.106171408E1,-4.824467468E-1,5.659730530E0,8.669970703E0
3.107166908E1,-9.939331055E-1,7.216792603E0,8.001161499E0
3.108162408E1,-1.280736694E0,7.785609741E0,9.290430450E0
3.109157908E1,-1.280886383E0,6.276148682E0,1.160431870E1
3.110153408E1,-8.391549683E-1,7.707771606E0,8.982071686E0
3.111148908E1,-5.182223511E-1,7.454797668E0,8.096363525E0
3.112144408E1,-1.013991394E0,6.503076782E0,5.737269287E0
3.113139908E1,-5.360353088E-1,6.970404968E0,4.338128815E0
3.114135408E1,-4.727169800E-1,6.823560333E0,3.606749725E0
3.115130908E1,-1.418150940E0,5.430257721E0,4.871320038E0
3.116126408E1,-2.900967407E-1,6.479575653E0,5.193150787E0
3.117121908E1,-7.831713867E-1,5.935307465E0,6.073919220E0
3.118117408E1,-4.525090027E-1,4.773423615E0,8.119415588E0
3.119112908E1,-5.210664368E-1,6.841672668E0,7.377558289E0
3.120108408E1,-9.795629883E-1,6.644233246E0,8.471782837E0
3.121103908E1,-6.304888916E-1,7.073390808E0,8.442144470E0
3.122099408E1,-6.926097107E-1,7.207661591E0,8.564440155E0
3.123094908E1,3.677851868E-1,7.151079254E0,8.570577393E0
3.124090508E1,-4.159849548E-1,6.164480896E0,8.503666534E0
3.125086008E1,4.674778748E-1,5.286257172E0,9.076076202E0
3.126081508E1,8.322692871E-2,6.415209503E0,6.264622650E0
3.127077008E1,-1.300794983E-1,7.231761475E0,4.646936646E0
3.128072508E1,2.290237427E-1,7.328759766E0,3.503464508E0
3.129068008E1,-3.800596619E-1,6.323150940E0,4.416865082E0
3.130063508E1,1.580712891E-1,7.699838104E0,5.977070618E0
3.131059008E1,-4.185296631E-1,6.026168518E0,9.046138458E0
3.132054508E1,-1.493893433E-1,4.534370728E0,1.137843842E1
3.133050008E1,-9.852511597E-1,7.259603577E0,8.147706757E0
3.134045508E1,-7.749385071E-1,6.195765839E0,7.291187897E0
3.135041008E1,-1.183439026E0,6.409221954E0,7.909552002E0
3.136036508E1,-1.507814484E0,6.979535980E0,7.803422699E0
3.137032008E1,-5.153782654E-1,7.754025421E0,7.445666656E0
3.138027508E1,-8.382568359E-2,7.448660431E0,6.958130493E0
3.139023008E1,-2.462379456E-1,8.317453766E0,3.371439056E0
3.140018508E1,-3.763174438E-1,6.097570038E0,4.627626801E0
3.141014008E1,-4.824467468E-1,5.229525146E0,7.115153961E0
3.142009508E1,-1.805245972E-1,6.782096558E0,9.237440643E0
3.143005008E1,-2.591111755E-1,7.588320007E0,7.954458618E0
3.144000508E1,-4.031117249E-1,6.980733490E0,7.551496582E0
3.144996008E1,-9.032217407E-1,7.786208496E0,5.367089081E0
3.145991508E1,-9.413923645E-1,6.869963837E0,7.836803284E0
3.146987008E1,-4.980143738E-1,6.694229279E0,1.123234222E1
3.147982508E1,-5.912704468E-1,7.346423035E0,1.167676804E1
3.148978008E1,-8.452922058E-1,9.078171844E0,8.425828400E0
3.149973508E1,-2.844085693E-1,7.790250092E0,6.598278809E0
3.150969008E1,-3.794609070E-1,7.189698944E0,4.515509949E0
3.151964508E1,4.876858521E-1,5.938151550E0,5.052144012E0
3.152960008E1,3.993695068E-1,4.912783813E0,6.984775085E0
3.153955508E1,-4.311035156E-2,6.450985107E0,7.481741638E0
3.154951008E1,2.279759216E-1,6.829697571E0,7.735164642E0
3.155946508E1,4.101470947E-2,5.377567291E0,7.252418518E0
3.156942008E1,6.456074524E-1,5.900579681E0,6.248905334E0
3.157937508E1,3.796105957E-1,7.294630737E0,5.292544098E0
3.158933008E1,-1.413061523E-1,6.643335114E0,7.984845428E0
3.159928508E1,-1.435514832E-1,5.978417816E0,9.082213440E0
3.160924008E1,-1.390608215E-1,6.352489929E0,9.422605591E0
3.161919508E1,1.004411316E-1,7.007527771E0,6.812932434E0
3.162915008E1,-3.221301270E-1,6.644832001E0,4.950954437E0
3.163910508E1,3.592529297E-1,6.810537415E0,4.609065399E0
3.164906008E1,2.380050659E-1,6.995402985E0,4.427193604E0
3.165901508E1,3.617976379E-1,6.816225586E0,6.207591248E0
3.166896958E1,5.536985779E-1,5.452711029E0,7.068600769E0
3.167892558E1,6.328839111E-1,5.266049194E0,7.854316864E0
3.168888058E1,7.123686218E-1,5.546865234E0,8.022417297E0
3.169883558E1,3.508703613E-1,7.130571899E0,7.135361938E0
3.170879058E1,8.816665649E-1,6.721622314E0,7.585475922E0
3.171874558E1,2.475851440E-1,7.156018982E0,6.636748810E0
3.172870058E1,2.513273621E-1,6.387517090E0,8.977431335E0
3.173865558E1,3.921844482E-1,5.995033264E0,9.010512543E0
3.174861058E1,4.706213379E-1,7.859555969E0,7.070097656E0
3.175856558E1,4.754113770E-1,8.772357788E0,5.602549438E0
3.176852058E1,-2.618055725E-1,5.588179321E0,6.528074799E0
3.177847558E1,3.233276367E-2,5.519172821E0,5.499264221E0
3.178843058E1,1.543290710E-1,6.148763580E0,5.973328400E0
3.179838558E1,8.292755127E-1,5.735173645E0,9.278455353E0
3.180834058E1,3.484753418E-1,7.051685944E0,9.489217072E0
3.181829558E1,-4.345463562E-1,7.069498901E0,9.993967438E0
3.182825058E1,-1.138233032E0,7.348818054E0,8.759634247E0
3.183820558E1,2.080673218E-2,7.633975067E0,7.430099030E0
3.184816058E1,3.080593872E-1,6.654861145E0,5.876030731E0
3.185811558E1,9.548643494E-1,6.767576752E0,4.074077911E0
3.186807058E1,8.596623230E-1,7.854616241E0,3.909270630E0
3.187802558E1,1.272354126E-1,6.917415161E0,6.021378479E0
3.188798058E1,4.921765137E-1,6.758146362E0,9.462572479E0
3.189793558E1,-6.526428223E-2,6.632856903E0,1.030876282E1
3.190789058E1,-3.474275208E-1,6.296506348E0,1.064705933E1
3.191784558E1,-1.276844788E-1,6.538852386E0,7.675438843E0
3.192780058E1,-1.989363098E-1,6.907984772E0,5.127138062E0
3.193775558E1,1.657054138E-1,5.664071503E0,5.208868103E0
3.194771058E1,2.345622253E-1,6.289920044E0,4.531526642E0
3.195766558E1,3.909869385E-1,6.717730408E0,5.835165710E0
3.196762058E1,1.974394226E-1,5.334007874E0,8.003706207E0
3.197757558E1,1.983375549E-1,5.693709869E0,9.762249298E0
3.198753058E1,3.399430847E-1,8.262667694E0,6.345304871E0
3.199748558E1,1.892065430E-1,8.195008392E0,5.484594727E0
3.200744058E1,8.666976929E-2,6.197412415E0,6.133195953E0
3.201739558E1,-4.116439819E-2,6.416107635E0,6.076014862E0
3.202735058E1,6.979985046E-1,6.450386353E0,8.087232513E0
3.203730558E1,2.201921082E-1,6.234086151E0,9.111402740E0
3.204726058E1,-3.483256531E-1,6.199508057E0,9.254505157E0
3.205721558E1,8.232879639E-3,6.646179199E0,7.675438843E0
3.206717058E1,-2.624043274E-1,6.627168732E0,8.077951813E0
3.207712558E1,4.330494690E-1,6.929090881E0,7.616910553E0
3.208708058E1,9.864486694E-2,7.227869568E0,4.949457550E0
3.209703558E1,6.599775696E-1,6.454128571E0,5.257067871E0
3.210699158E1,4.769082642E-1,6.864275665E0,4.791535950E0
3.211694658E1,2.743794250E-1,6.780749359E0,6.197113037E0
3.212690158E1,9.855505371E-1,6.054459686E0,7.949668579E0
3.213685658E1,-2.827619934E-1,6.216123505E0,9.588311005E0
3.214681158E1,9.639953613E-2,7.246880035E0,7.930508423E0
3.215676658E1,1.528321838E-1,7.267237701E0,7.718698883E0
3.216672158E1,3.484753418E-1,6.793023834E0,8.069120178E0
3.217667658E1,1.371148682E-1,6.748416595E0,8.151598663E0
3.218663158E1,-5.837860107E-2,6.210734711E0,9.314680023E0
3.219658658E1,2.152523804E-1,7.248975677E0,8.788075104E0
3.220654158E1,1.193019104E-1,8.581354980E0,7.193740540E0
3.221649658E1,-1.564247131E-1,6.686894531E0,7.157366180E0
3.222645158E1,-8.355624390E-1,7.608527985E0,6.098019104E0
3.223640658E1,5.502557373E-1,7.326664124E0,5.810167694E0
3.224636158E1,-2.429447937E-1,6.350993042E0,6.345454559E0
3.225631658E1,-1.701960754E-1,6.393504639E0,6.906188507E0
3.226627158E1,2.700384521E-1,5.362897797E0,7.077133026E0
3.227622658E1,-2.779719543E-1,5.764961700E0,6.512507172E0
3.228618158E1,-3.490740967E-1,7.245832214E0,5.824088745E0
3.229613658E1,3.573069763E-1,7.230114899E0,5.306165771E0
3.230609158E1,7.343728638E-1,5.615871735E0,7.401358795E0
3.231604658E1,2.559677124E-1,6.278094635E0,8.366551666E0
3.232600158E1,3.266207886E-1,6.186784515E0,9.298363953E0
3.233595658E1,7.035369873E-1,5.869743805E0,8.681047668E0
3.234591158E1,1.272354126E-1,6.102809143E0,7.597900085E0
3.235586658E1,8.376580811E-1,5.433700562E0,8.161178741E0
3.236582158E1,4.105961609E-1,7.009174347E0,7.399263153E0
3.237577658E1,6.481521606E-1,7.707771606E0,7.176975403E0
3.238573158E1,6.831793213E-1,6.601871338E0,8.008795624E0
3.239568658E1,2.462379456E-1,5.901028748E0,8.127049713E0
3.240564158E1,-3.442840576E-3,7.752827911E0,5.951024780E0
3.241559658E1,-2.056723022E-1,6.566844177E0,6.613547058E0
3.242555158E1,-7.099736023E-1,5.562283173E0,6.356232147E0
3.243550658E1,-2.689906311E-1,7.792794800E0,3.935316467E0
3.244546158E1,-3.761677551E-1,7.112160187E0,4.924309845E0
3.245541658E1,-8.792715454E-1,6.893165588E0,5.538782043E0
3.246537158E1,-4.848417664E-1,6.831942902E0,7.125332794E0
3.247532658E1,-2.411485291E-1,6.494245148E0,8.633446655E0
3.248528158E1,-1.896556091E-1,5.808221741E0,1.041279648E1
3.249523658E1,3.248245239E-2,7.386988678E0,7.931256866E0
3.250519158E1,-6.834786987E-1,7.264243927E0,6.374045105E0
3.251514758E1,2.395019531E-2,6.897955627E0,5.189408569E0
3.252510258E1,3.921844482E-2,6.525380402E0,5.651048584E0
3.253505758E1,2.007325745E-1,7.262747040E0,6.582860870E0
3.254501258E1,1.017883301E-2,6.866221619E0,8.801846466E0
3.255496758E1,2.046244812E-1,6.257886658E0,1.085123474E1
3.256492258E1,-1.730401611E-1,9.033414917E0,6.926995239E0
3.257487758E1,-3.258723450E-1,7.938441925E0,5.169799347E0
3.258483258E1,-7.783813477E-2,6.557862854E0,3.936813354E0
3.259478758E1,-1.758842468E-1,7.097041626E0,4.738546143E0
3.260474258E1,6.743476868E-1,7.163653107E0,7.082372131E0
3.261469758E1,1.460961914E-1,5.777834930E0,1.125838806E1
3.262465258E1,-1.805245972E-1,6.298152924E0,1.199485657E1
3.263460758E1,-3.613485718E-1,7.760012970E0,9.226663055E0
3.264456258E1,-5.267546082E-1,8.076604614E0,7.017257538E0
3.265451758E1,-2.008822632E-1,6.877897339E0,4.462669830E0
3.266447258E1,1.038839722E-1,4.998405762E0,5.626200256E0
3.267442808E1,2.794688416E-1,5.420078888E0,5.426665192E0
3.268438308E1,-2.644999695E-1,5.575904846E0,7.302414551E0
3.269433808E1,6.629713440E-1,6.753506012E0,7.954458618E0
3.270429308E1,3.294648743E-1,5.198988647E0,9.524393921E0
3.271424808E1,7.744894409E-1,7.230563965E0,6.859036560E0
3.272420308E1,1.151106262E-1,7.977660370E0,4.580624542E0
3.273415808E1,6.391708374E-2,6.952891388E0,4.819677429E0
3.274411308E1,2.468367004E-1,6.359974365E0,6.082451477E0
3.275406808E1,5.807922363E-2,6.153703308E0,7.643704834E0
3.276402308E1,1.842668152E-1,6.467301178E0,8.331973572E0
3.277397808E1,-2.230361938E-2,7.106472015E0,8.025111694E0
3.278393308E1,-2.031275940E-1,6.992109833E0,7.196884003E0
3.279388808E1,3.098556519E-2,6.467899933E0,7.002737732E0
3.280384308E1,5.310955811E-1,6.462960205E0,7.984995117E0
3.281379808E1,7.020401001E-2,6.290668488E0,8.454868011E0
3.282375308E1,2.848576355E-1,6.349346466E0,8.388106842E0
3.283370808E1,3.933819580E-1,6.043981476E0,8.272247772E0
3.284366308E1,-9.295669556E-2,7.421267395E0,7.450756073E0
3.285361808E1,-1.284329224E-1,7.140002289E0,6.113736420E0
3.286357308E1,1.116677856E-1,5.445825348E0,6.169570312E0
3.287352808E1,-9.086105347E-2,6.033652954E0,5.562881927E0
3.288348308E1,4.272116089E-1,6.805747375E0,4.094585266E0
3.289343808E1,3.008743286E-2,6.656956787E0,6.026767273E0
3.290339308E1,-4.450245667E-1,5.714217224E0,8.641529846E0
3.291334808E1,-2.863545227E-1,6.267616425E0,1.064900528E1
3.292330308E1,4.939727783E-2,7.822582855E0,9.829459534E0
3.293325808E1,-5.179229736E-1,7.856412506E0,8.133336639E0
3.294321308E1,-1.167572021E-2,7.465275879E0,6.065836029E0
3.295316808E1,3.077600098E-1,7.383545837E0,5.931265869E0
3.296312408E1,2.511776733E-1,5.708978119E0,7.518115997E0
3.297307908E1,5.152285767E-1,5.440286865E0,7.551197205E0
3.298303408E1,5.489085388E-1,6.843169556E0,6.373745728E0
3.299298908E1,1.287322998E-2,5.855822754E0,7.415130157E0
3.300294408E1,2.246827698E-1,5.552104340E0,8.258626099E0
3.301289908E1,2.484832764E-2,7.981103210E0,6.140830078E0
3.302285408E1,-3.867956543E-1,8.626411285E0,5.197042694E0
3.303280908E1,-1.257385254E-2,6.178102570E0,7.635172577E0
3.304276408E1,2.677931213E-1,6.651717682E0,7.417525177E0
3.305271908E1,4.773573303E-1,6.909631348E0,6.776109009E0
3.306267408E1,6.345304871E-1,5.697751465E0,8.175249481E0
3.307262908E1,-1.486408997E-1,7.186256104E0,6.900500336E0
3.308258408E1,1.082249451E-1,6.412964172E0,6.478378143E0
3.309253908E1,-4.505630493E-1,6.558611298E0,6.132896576E0
3.310249408E1,1.136137390E-1,7.403604126E0,6.394402771E0
3.311244908E1,3.385958862E-1,7.164401550E0,6.300997009E0
3.312240408E1,-9.624984741E-2,5.213807831E0,8.605005798E0
3.313235908E1,7.453001404E-1,6.494694214E0,8.250842285E0
3.314231408E1,3.173400879E-2,7.179669800E0,7.945626984E0
3.315226908E1,5.593867493E-1,6.813980255E0,7.868686981E0
3.316222408E1,2.532733154E-1,7.238048401E0,6.464307404E0
3.317217908E1,2.173480225E-1,7.112160187E0,6.284680939E0
3.318213408E1,2.080673218E-2,7.213649139E0,6.411317596E0
3.319208908E1,4.670288086E-1,5.725144501E0,7.466323700E0
3.320204408E1,8.110134888E-1,6.581513672E0,7.904911652E0
3.321199908E1,6.441105652E-1,7.485483856E0,7.114704895E0
3.322195408E1,5.420228577E-1,6.680008850E0,6.884633331E0
3.323190908E1,6.869215393E-1,6.812034302E0,6.554869080E0
3.324186408E1,2.538720703E-1,7.026687927E0,6.314169617E0
3.325181908E1,4.629872131E-1,6.524182892E0,6.863676910E0
3.326177408E1,3.888912964E-1,5.567073212E0,7.679929504E0
3.327172908E1,3.183879089E-1,6.673272858E0,6.320306854E0
3.328168408E1,5.599855042E-1,5.883066101E0,6.994055786E0
3.329163908E1,2.634521484E-1,6.369404755E0,7.603737946E0
3.330159408E1,5.180726624E-1,7.292684784E0,7.375163269E0
3.331154908E1,6.057902527E-1,7.570357361E0,7.490872650E0
3.332150408E1,3.324586487E-1,6.896159363E0,8.827443237E0
3.333145908E1,4.802014160E-1,7.173382874E0,9.901160431E0
3.334141408E1,7.461982727E-1,7.969577179E0,9.644893341E0
3.335136908E1,3.176394653E-1,7.082372131E0,9.162147217E0
3.336132408E1,1.930984497E-2,7.319928131E0,7.871680756E0
3.337127908E1,1.850152588E-1,7.884254608E0,6.729106750E0
3.338123408E1,9.475296021E-2,5.855074310E0,5.484445038E0
3.339118908E1,4.700225830E-2,4.404291229E0,5.838758240E0
3.340114408E1,3.969744873E-1,6.247558136E0,4.686604156E0
3.341109908E1,5.408253479E-1,5.771697693E0,4.198020172E0
3.342105508E1,1.038839722E-1,4.971312103E0,6.829847260E0
3.343101008E1,6.878196716E-1,5.491330719E0,8.646319885E0
3.344096508E1,6.583309937E-1,6.749763794E0,8.878038025E0
3.345092008E1,3.634442139E-1,7.289241943E0,8.576265564E0
3.346087508E1,6.143225098E-1,6.899751892E0,8.146808624E0
3.347083008E1,7.508386230E-1,6.153553619E0,7.958649902E0
3.348078508E1,4.706213379E-1,6.258186035E0,7.882907410E0
3.349074008E1,3.541635132E-1,6.820566559E0,6.647825775E0
3.350069508E1,4.586462402E-1,6.744973755E0,4.539160767E0
3.351065008E1,1.513352966E-1,6.484515381E0,4.709057465E0
3.352060508E1,-1.109193420E-1,6.741381226E0,5.772745514E0
3.353056008E1,-1.893562317E-1,5.816604309E0,8.735384674E0
3.354051508E1,-4.337979126E-1,7.330556030E0,8.652008057E0
3.355047008E1,-7.478448486E-1,6.787185974E0,1.002121078E1
3.356042508E1,-5.107379150E-1,8.174950104E0,8.643326111E0
3.357038008E1,-4.311035156E-1,8.694968719E0,8.266409912E0
3.358033508E1,-6.137237549E-2,7.731871490E0,7.868088226E0
3.359029008E1,3.731739807E-1,7.037914581E0,8.298742676E0
3.360024508E1,7.632627869E-1,6.566544800E0,6.762637024E0
3.361020008E1,1.241667938E0,5.964496765E0,5.365292816E0
3.362015508E1,1.431473236E0,6.910230103E0,4.280498657E0
3.363011008E1,9.877958679E-1,6.902296600E0,3.266656952E0
3.364006508E1,6.424639893E-1,6.038892059E0,5.317542114E0
3.365002008E1,3.763174438E-1,6.443500671E0,6.652017059E0
3.365997508E1,3.043171692E-1,6.709347839E0,9.035360870E0
3.366992996E1,4.799020386E-1,6.856940918E0,8.952882385E0
3.367988496E1,5.792953491E-1,5.505401459E0,9.883646851E0
3.368983996E1,5.779481506E-1,7.367080078E0,7.228917389E0
3.369979496E1,-1.999841309E-1,7.116501160E0,7.910001068E0
3.370974996E1,6.481521606E-2,7.787406006E0,8.060587921E0
3.371970496E1,-1.239422607E-1,8.265811157E0,7.048243103E0
3.372965996E1,4.522096252E-1,7.698341217E0,6.194119263E0
3.373961496E1,-2.227368164E-1,7.617060242E0,4.500690765E0
3.374956996E1,-8.696914673E-2,6.295608215E0,5.878276062E0
3.375952496E1,3.270698547E-1,5.968987427E0,7.605534210E0
3.376947996E1,5.516029358E-1,5.059029694E0,1.011072464E1
3.377943496E1,1.312919769E0,6.025869141E0,1.041144928E1
3.378938996E1,6.914122009E-1,7.638765106E0,7.250921631E0
3.379934496E1,6.355783081E-1,5.983507233E0,7.261549530E0
3.380929996E1,6.225553894E-1,5.447172546E0,6.332431641E0
3.381925496E1,1.054856415E0,6.404880981E0,5.456902313E0
3.382920996E1,8.533753967E-1,5.450615387E0,5.571114807E0
3.383916496E1,4.960684204E-1,6.381080475E0,5.062472534E0
3.384911996E1,1.206341400E0,6.831643524E0,5.830225983E0
3.385907496E1,3.544628906E-1,6.702013092E0,6.426885223E0
3.386902996E1,6.698570251E-1,6.737189941E0,8.417894897E0
3.387898496E1,7.349716187E-1,7.343578949E0,5.629044342E0
3.388894096E1,-3.538641357E-1,5.349126434E0,7.004084930E0
3.389889596E1,5.035528564E-1,6.568041687E0,6.378685455E0
3.390885096E1,2.484832764E-2,6.289171600E0,9.017996979E0
3.391880596E1,3.391946411E-1,6.462361450E0,1.027792694E1
3.392876096E1,-4.700225830E-1,7.038663025E0,8.465196533E0
3.393871596E1,6.849755859E-1,7.635471954E0,5.942791901E0
3.394867096E1,5.324427795E-1,7.222480774E0,4.589306488E0
3.395862596E1,1.950444031E-1,6.101312256E0,6.620133362E0
3.396858096E1,8.110134888E-1,6.201903076E0,8.907826080E0
3.397853596E1,3.294648743E-1,7.463180237E0,9.915380859E0
3.398849096E1,4.963677979E-1,7.826923828E0,7.773484955E0
3.399844596E1,5.331912231E-1,6.223607941E0,7.018305359E0
3.400840096E1,5.945635986E-1,5.793103180E0,6.391858063E0
3.401835596E1,6.010002136E-1,4.912484436E0,6.787335663E0
3.402831096E1,9.354048157E-1,5.976621552E0,6.912325745E0
3.403826596E1,8.951385498E-1,6.993007965E0,6.963968353E0
3.404822096E1,6.060896301E-1,6.938670959E0,6.575675812E0
3.405817596E1,4.242178345E-1,6.771318970E0,8.040978699E0
3.406813096E1,1.034648438E0,7.780220947E0,7.364685059E0
3.407808596E1,9.059161377E-1,6.920408936E0,7.470365295E0
3.408804096E1,8.855584717E-1,7.164102173E0,5.784121857E0
3.409799596E1,4.141886902E-1,7.243886261E0,5.168751526E0
3.410795096E1,7.189549255E-1,6.424789581E0,6.887627106E0
3.411790596E1,3.938310242E-1,6.307283936E0,7.866142273E0
3.412786096E1,5.078938293E-1,5.616021423E0,9.081165619E0
3.413781596E1,5.646258545E-1,7.050338745E0,8.127049713E0
3.414777096E1,2.507286072E-1,7.975864105E0,8.195008392E0
3.415772596E1,1.038540344E0,6.868766327E0,8.579558716E0
3.416768096E1,4.435276794E-1,7.257507935E0,8.897946625E0
3.417763596E1,1.035097504E0,7.863447876E0,6.002068634E0
3.418759096E1,8.873547363E-1,6.127358093E0,5.742807770E0
3.419754596E1,1.183289337E0,6.079008636E0,5.034031677E0
3.420750096E1,1.989213409E0,6.092031555E0,5.323829041E0
3.421745596E1,1.155596924E0,6.608906708E0,6.454577637E0
3.422741096E1,5.884263611E-1,6.060147858E0,9.338630219E0
3.423736596E1,3.469784546E-1,6.700815582E0,9.551188202E0
3.424732096E1,9.220825195E-2,5.714516602E0,1.015757721E1
3.425727596E1,3.112028503E-1,6.548731842E0,9.649234314E0
3.426723096E1,3.583547974E-1,7.436086578E0,8.121511230E0
3.427718596E1,2.535726929E-1,6.771019592E0,7.851323090E0
3.428714096E1,5.478607178E-2,7.633526001E0,6.989116058E0
3.429709596E1,9.415420532E-2,8.081244965E0,4.431684265E0
3.430705096E1,7.744894409E-1,7.682623901E0,2.710263977E0
3.431700596E1,6.245013428E-1,4.495301971E0,4.748874664E0
3.432696096E1,8.291258240E-1,5.300477600E0,4.560266876E0
3.433691596E1,6.373745728E-1,6.002817078E0,7.815996552E0
3.434687096E1,-1.806742859E-1,6.653963013E0,1.023361908E1
3.435682696E1,-1.148112488E-1,8.262817383E0,1.127814697E1
3.436678196E1,-3.077600098E-1,9.194330292E0,8.840615845E0
3.437673696E1,-8.199948120E-1,8.022866364E0,7.589816895E0
3.438669196E1,-2.375559998E-1,7.047045593E0,5.856421509E0
3.439664696E1,-4.137396240E-1,5.279820557E0,5.709726562E0
3.440660196E1,-7.373666382E-1,4.973557434E0,6.969207458E0
3.441655696E1,-4.242178345E-1,6.864724731E0,7.524702301E0
3.442651196E1,-7.231462097E-1,7.292235718E0,7.143894196E0
3.443646696E1,-3.661386108E-1,6.567891998E0,6.902745667E0
3.444642196E1,-4.083508301E-1,6.730304260E0,5.743705902E0
3.445637696E1,-5.403762817E-2,5.921386414E0,6.210135956E0
3.446633196E1,3.483256531E-1,5.321583710E0,7.576943665E0
3.447628696E1,4.969665527E-1,5.509592743E0,9.467212830E0
3.448624196E1,6.376739502E-2,6.978039093E0,8.678353271E0
3.449619696E1,-5.972579956E-2,7.827672272E0,6.859186249E0
3.450615196E1,3.983216858E-1,6.825206909E0,5.309608612E0
3.451610696E1,-6.658154297E-1,6.978488159E0,3.026107178E0
3.452606196E1,-5.141807556E-1,6.230194244E0,5.124443665E0
3.453601696E1,-6.098318481E-1,6.155948639E0,7.452103271E0
3.454597196E1,-9.954299927E-2,6.074368286E0,1.115465378E1
3.455592696E1,2.215393066E-1,7.211403809E0,1.030277527E1
3.456588196E1,-5.863307190E-1,6.631509705E0,8.939260712E0
3.457583696E1,-5.108876038E-1,7.434290314E0,6.090684357E0
3.458579196E1,-8.532257080E-1,6.275250549E0,5.987698517E0
3.459574696E1,-1.664538574E-1,6.257736969E0,6.747069397E0
3.460570196E1,-3.186872864E-1,8.056995392E0,7.031328278E0
3.461565696E1,-1.781295776E-1,8.312514038E0,6.951693878E0
3.462561196E1,3.353027344E-2,7.425308990E0,7.401957550E0
3.463556696E1,-2.802172852E-1,7.344177704E0,6.585854645E0
3.464552196E1,2.142045593E-1,7.855065308E0,3.815565491E0
3.465547696E1,-4.587959290E-1,6.988966370E0,3.942651215E0
3.466543196E1,-2.754272461E-2,5.617817688E0,6.280040588E0
3.467538625E1,-2.314187622E-1,5.971382446E0,9.458530884E0
3.468534125E1,1.893562317E-1,6.724466400E0,1.032313293E1
3.469529625E1,2.933898926E-2,6.023474121E0,1.144894180E1
3.470525125E1,4.191284180E-3,6.905290375E0,8.045619049E0
3.471520625E1,-1.344204712E-1,6.496340790E0,7.273374939E0
3.472516125E1,-3.924838257E-1,8.250542908E0,4.650678864E0
3.473511625E1,-3.490740967E-1,8.278385010E0,4.697381744E0
3.474507125E1,5.028044128E-1,6.743177490E0,5.249134369E0
3.475502625E1,-1.845661926E-1,5.257516937E0,5.899980927E0
3.476498125E1,4.216731262E-1,5.868097229E0,8.458011475E0
3.477493625E1,4.047583008E-1,6.126759338E0,8.769813080E0
3.478489125E1,4.745132446E-2,6.465804291E0,8.404422913E0
3.479484625E1,1.338217163E-1,7.889643402E0,5.944887543E0
3.480480125E1,-3.266207886E-1,7.639513550E0,4.400848389E0
3.481475725E1,3.576063538E-1,5.468877411E0,6.209986267E0
3.482471225E1,-2.534230042E-1,4.756359100E0,7.455845490E0
3.483466725E1,-1.811233521E-2,4.983137512E0,8.788973236E0
3.484462225E1,-1.422042847E-1,7.364984436E0,6.438560944E0
3.485457725E1,-6.617738342E-1,6.620133362E0,7.516020355E0
3.486453225E1,5.565426636E-1,7.483388214E0,6.909781036E0
3.487448725E1,4.999603271E-2,7.009473724E0,8.410260773E0
3.488444225E1,6.474037170E-1,6.633755035E0,8.188422089E0
3.489439725E1,2.399510193E-1,5.766159210E0,7.394622803E0
3.490435225E1,1.342707825E0,5.527405701E0,6.749913483E0
3.491430725E1,1.036295013E0,7.192093964E0,6.864125977E0
3.492426225E1,8.839118958E-1,7.431895294E0,8.080945587E0
3.493421725E1,1.161584473E-1,7.936196594E0,8.646768951E0
3.494417225E1,-1.139131165E-1,6.932084656E0,8.300688629E0
3.495412725E1,-4.712200928E-1,6.981182556E0,5.144801331E0
3.496408225E1,-2.225871277E-1,6.498586121E0,4.267176361E0
3.497403725E1,-5.209167480E-2,6.021228790E0,4.330644379E0
3.498399225E1,3.285667419E-1,6.429130554E0,7.518714752E0
3.499394725E1,-3.502716064E-2,7.358847198E0,9.377549286E0
3.500390225E1,-2.471360779E-1,6.384523315E0,1.099104401E1
3.501385725E1,-4.017645264E-1,6.401288452E0,8.429420929E0
3.502381225E1,-4.745132446E-1,5.575605469E0,6.478527832E0
3.503376725E1,2.284249878E-1,5.338199158E0,4.516108704E0
3.504372225E1,2.332150269E-1,5.763614502E0,3.977828064E0
3.505367725E1,4.610412598E-2,6.475534058E0,6.045178986E0
3.506363225E1,-1.987866211E-1,6.654861145E0,9.962083740E0
3.507358725E1,-2.694396973E-2,7.007827148E0,1.238299942E1
3.508354225E1,-3.623963928E-1,9.255103912E0,9.302704926E0
3.509349725E1,-4.956193542E-1,7.394173737E0,7.490423584E0
3.510345225E1,-2.368075562E-1,6.168821869E0,3.731290741E0
3.511340725E1,-1.823208618E-1,6.098168793E0,4.035907288E0
3.512336225E1,7.394622803E-1,5.541476440E0,6.626120911E0
3.513331725E1,-6.993457031E-1,5.933211823E0,9.580527191E0
3.514327225E1,5.243595886E-1,6.822512512E0,9.686806183E0
3.515322725E1,-1.945953369E-2,8.621471558E0,6.818770294E0
3.516318225E1,2.243833923E-1,6.896009674E0,8.535101166E0
3.517313725E1,3.718267822E-1,6.998247070E0,7.138206024E0
3.518309225E1,4.944218445E-1,6.709347839E0,7.559879150E0
3.519304725E1,9.711804199E-1,6.102509766E0,7.765252075E0
3.520300225E1,6.616241455E-2,6.195915527E0,7.287894745E0
3.521295725E1,1.420096893E0,6.756200409E0,5.796396332E0
3.522291225E1,4.966671753E-1,6.635551300E0,4.998555450E0
3.523286725E1,7.774832153E-1,6.212081909E0,6.666985931E0
3.524282225E1,7.149133301E-1,7.894732819E0,5.160069580E0
3.525277725E1,5.309458923E-1,6.342460785E0,7.498357086E0
3.526273225E1,7.408094788E-1,6.842421112E0,7.658224640E0
3.527268725E1,4.302053833E-1,6.810088348E0,7.974516907E0
3.528264225E1,1.089434509E0,7.513176270E0,6.900949402E0
3.529259825E1,5.285508728E-1,7.095993805E0,5.836961975E0
3.530255325E1,5.310955811E-1,7.917186127E0,4.436025238E0
3.531250825E1,2.204914856E-1,6.838229828E0,4.484075317E0
3.532246325E1,6.771917725E-1,5.215454407E0,7.462581482E0
3.533241825E1,7.315287781E-1,5.931864624E0,8.016729126E0
3.534237325E1,8.652008057E-1,5.494025116E0,1.046728317E1
3.535232825E1,6.595285034E-1,6.685697021E0,9.753267975E0
3.536228325E1,5.381309509E-1,7.604785767E0,8.749754791E0
3.537223825E1,4.005670166E-1,8.081544342E0,7.510182495E0
3.538219325E1,-5.733078003E-2,6.230493622E0,7.861202545E0
3.539214825E1,3.649411011E-1,7.061266022E0,5.964347076E0
3.540210325E1,4.924758911E-2,6.331982574E0,5.977369995E0
3.541205825E1,5.164260864E-2,5.843398590E0,7.168892212E0
3.542201325E1,-3.712280273E-2,5.322631531E0,9.004225616E0
3.543196825E1,-8.577163696E-2,6.356531525E0,8.864416351E0
3.544192325E1,-2.023791504E-1,8.854387207E0,6.601422272E0
3.545187825E1,-1.709445190E-1,7.926466827E0,5.125491486E0
3.546183325E1,3.517684937E-2,6.854545898E0,4.294270020E0
3.547178825E1,3.158432007E-1,6.190377045E0,5.341492310E0
3.548174325E1,2.118095398E-1,4.825365601E0,8.173004150E0
3.549169825E1,-1.781295776E-2,4.657714233E0,1.043225601E1
3.550165325E1,3.691323853E-1,7.430847473E0,8.950187988E0
3.551160825E1,3.103047180E-1,6.988217926E0,7.778574371E0
3.552156325E1,-2.249821472E-1,7.375911713E0,6.430328064E0
3.553151825E1,8.607101440E-2,6.351741486E0,6.621480560E0
3.554147325E1,-8.906478882E-2,5.854026489E0,5.839806061E0
3.555142825E1,9.370513916E-2,6.497238922E0,7.904312897E0
3.556138325E1,4.093986511E-1,6.277346191E0,9.360335083E0
3.557133825E1,-7.244934082E-2,6.346652069E0,9.736203461E0
3.558129325E1,3.507206726E-1,7.841293945E0,7.974067841E0
3.559124825E1,-7.469467163E-2,6.181096344E0,8.408614197E0
3.560120325E1,-5.972579956E-2,6.370901642E0,7.996670837E0
3.561115825E1,1.945953369E-1,7.793842621E0,6.746919708E0
3.562111325E1,-3.345542908E-1,6.982230377E0,7.971822510E0
3.563106825E1,1.594184875E-1,6.499184875E0,7.213050385E0
3.564102325E1,-2.923420715E-1,8.092022552E0,4.076622620E0
3.565097825E1,-9.699829102E-2,5.910758514E0,4.654720459E0
3.566093325E1,-6.650669861E-1,5.616171112E0,5.474116516E0
3.567088925E1,2.194436646E-1,6.647376709E0,7.297025757E0
3.568084425E1,4.364923096E-1,7.428302765E0,7.453899536E0
3.569079925E1,-1.809736633E-1,6.703809357E0,8.827592926E0
3.570075425E1,1.410067749E-1,7.438930664E0,6.175557861E0
3.571070925E1,2.188449097E-1,7.324867859E0,4.989424438E0
3.572066425E1,4.495152283E-1,4.865931244E0,6.522536316E0
3.573061925E1,-4.300556946E-1,6.186784515E0,5.794899445E0
3.574057425E1,6.177653503E-1,7.881111145E0,5.643564148E0
3.575052925E1,3.369493103E-1,7.341782684E0,5.641767883E0
3.576048525E1,-2.844085693E-3,6.719526672E0,7.182364197E0
3.577044025E1,4.007167053E-1,6.826105042E0,6.970854034E0
3.578039525E1,-5.385800171E-1,6.354585571E0,8.048313446E0
3.579035025E1,-1.728904724E-1,7.473957825E0,5.814808044E0
3.580030525E1,-2.152523804E-1,6.479126587E0,6.409521332E0
3.581026025E1,5.421725464E-1,5.939049683E0,7.390431519E0
3.582021525E1,9.400451660E-2,6.991211700E0,7.442074127E0
3.583017025E1,7.156617737E-1,6.438261566E0,8.679550781E0
3.584012525E1,3.092568970E-1,5.191953278E0,9.300758972E0
3.585008025E1,4.830455017E-1,6.462960205E0,6.881639557E0
3.586003525E1,8.882528687E-1,5.985902252E0,6.808591461E0
3.586999025E1,6.256988525E-1,6.472540283E0,7.738308105E0
3.587994525E1,9.089099121E-1,7.196285248E0,1.040246796E1
3.588990025E1,5.284011841E-1,7.739954681E0,9.932445374E0
3.589985525E1,9.922865295E-1,6.728358307E0,1.018736526E1
3.590981025E1,1.035995636E0,7.665709076E0,7.457192688E0
3.591976525E1,7.565267944E-1,5.783822479E0,8.349487152E0
3.592972025E1,1.421743469E0,5.774990845E0,8.724158020E0
3.593967525E1,1.185983734E0,8.187973022E0,9.053772583E0
3.594963025E1,1.190025330E0,8.335416412E0,8.064629517E0
3.595958525E1,-2.499801636E-2,8.065377960E0,7.488777008E0
3.596954025E1,3.001258850E-1,7.979306946E0,8.659492493E0
3.597949525E1,1.721420288E-1,7.602690125E0,7.147786102E0
3.598945025E1,-1.046324158E-1,7.439679108E0,7.060517578E0
3.599940525E1,-3.996688843E-2,7.081623688E0,5.200335846E0
3.600936025E1,-1.046324158E-1,7.006929016E0,2.803819427E0
3.601931525E1,4.565505981E-1,5.545218658E0,3.865262146E0
3.602927025E1,2.829116821E-1,4.359683990E0,6.818171539E0
3.603922525E1,9.023236084E-1,4.808151398E0,9.721533966E0
3.604918025E1,2.396516418E-1,6.819668427E0,8.188272400E0
3.605913525E1,-6.331832886E-2,6.736142120E0,8.242310028E0
3.606909025E1,2.395019531E-1,6.298302612E0,5.917195129E0
3.607904525E1,-1.758842468E-1,6.362519073E0,4.167184296E0
3.608900025E1,3.362008667E-1,4.719535675E0,4.827910309E0
3.609895525E1,5.544470215E-1,4.610711975E0,4.438120880E0
3.610891025E1,6.379733276E-1,5.011877747E0,5.714217224E0
3.611886525E1,3.299139404E-1,5.680237885E0,8.430319061E0
3.612882025E1,-4.288581848E-1,5.765560455E0,1.292547134E1
3.613877525E1,1.616638184E-2,7.975415039E0,1.052371582E1
3.614873025E1,-2.511776733E-1,8.109536133E0,7.941735077E0
3.615868525E1,4.840933228E-1,6.398444366E0,4.881648560E0
3.616864025E1,1.676513672E-1,5.853128357E0,4.011058960E0
3.617859525E1,1.012045441E0,5.538183289E0,6.285728760E0
3.618855025E1,8.361611938E-1,7.286846924E0,6.953789520E0
3.619850525E1,6.231541443E-1,8.247249756E0,7.526199188E0
3.620846025E1,2.559677124E-1,7.698939972E0,6.715335388E0
3.621841625E1,6.439608765E-1,8.001011810E0,4.998854828E0
3.622837125E1,9.545649719E-1,7.249873810E0,6.303092651E0
3.623832625E1,4.974156189E-1,5.896837463E0,8.353977814E0
3.624828125E1,3.083587646E-2,7.816445618E0,8.491092682E0
3.625823625E1,-7.439529419E-2,8.938811646E0,6.754404144E0
3.626819125E1,-6.212081909E-2,8.677904205E0,6.560257874E0
3.627814625E1,3.893403625E-1,8.116571503E0,5.869893494E0
3.628810125E1,5.210664368E-1,6.312373352E0,6.658303986E0
3.629805625E1,8.674461365E-1,7.419770508E0,6.493646393E0
3.630801125E1,6.068380737E-1,7.961194611E0,5.645809479E0
3.631796625E1,6.224057007E-1,6.696624298E0,7.012766876E0
3.632792125E1,5.984555054E-1,6.102958832E0,7.494165802E0
3.633787625E1,4.291575623E-1,6.089486847E0,8.462651825E0
3.634783125E1,-3.766168213E-1,6.665938110E0,8.581504669E0
3.635778625E1,-1.181044006E-1,5.705385590E0,9.699679413E0
3.636774125E1,8.455915833E-1,5.046306152E0,1.016311569E1
3.637769625E1,-9.205856323E-2,7.022646332E0,8.149353333E0
3.638765125E1,8.143066406E-2,5.679040375E0,9.203311615E0
3.639760625E1,-1.085392914E0,3.941004639E0,9.147328033E0
3.640756125E1,-8.993298340E-1,5.365292816E0,7.964038696E0
3.641751625E1,5.927673340E-1,5.634732513E0,7.660619659E0
3.642747125E1,1.462458801E-1,5.643863525E0,6.814579010E0
3.643742625E1,5.960604858E-1,6.813980255E0,5.412444763E0
3.644738125E1,-3.876937866E-2,6.797065430E0,4.863835602E0
3.645733625E1,-9.102571106E-1,5.270390167E0,7.744894409E0
3.646729125E1,-7.156617737E-1,6.677164764E0,6.708599396E0
3.647724625E1,-6.069877625E-1,6.258485413E0,7.295079803E0
3.648720125E1,-3.576063538E-1,5.241200867E0,8.016729126E0
3.649715625E1,-6.146218872E-1,7.222331085E0,6.607559509E0
3.650711125E1,1.829196167E-1,8.916508026E0,6.262676697E0
3.651706625E1,-1.365161133E-1,8.927435303E0,5.928571472E0
3.652702125E1,3.233276367E-2,8.045169983E0,6.457122345E0
3.653697625E1,1.163829803E0,7.461533661E0,5.678890686E0
3.654693125E1,2.245330811E-3,4.770579529E0,7.617209930E0
3.655688625E1,6.123765564E-1,5.608986053E0,8.681347046E0
3.656684125E1,-3.408412170E-1,7.811056824E0,7.839347992E0
3.657679625E1,1.691482544E-1,6.634054413E0,8.511300659E0
3.658675125E1,6.750961304E-2,7.647147675E0,6.911128235E0
3.659670625E1,1.526824951E-2,7.564968567E0,5.836363220E0
3.660666125E1,-8.412506104E-2,6.318809967E0,5.155728607E0
3.661661625E1,-4.700225830E-1,5.880820770E0,5.964796143E0
3.662657125E1,-1.725910950E-1,6.587501221E0,5.847739563E0
3.663652625E1,-6.116281128E-1,6.169869690E0,8.218659210E0
3.664648125E1,-6.408174133E-1,6.934329987E0,8.524024200E0
3.665643625E1,-6.303392029E-1,6.471342773E0,8.499325562E0
3.666639125E1,-3.821553040E-1,6.479575653E0,7.901468811E0
3.667634521E1,-3.971241760E-1,6.599027252E0,7.747139740E0
3.668630021E1,-5.914201355E-1,6.591243439E0,8.436605988E0
3.669625621E1,-6.186634827E-1,6.125262451E0,8.764424286E0
3.670621121E1,-5.060975647E-1,6.984924774E0,6.510561218E0
3.671616621E1,6.301895142E-2,6.865024109E0,4.864883423E0
3.672612121E1,-7.059320068E-1,6.684948578E0,4.918771362E0
3.673607621E1,-1.755848694E-1,5.709427185E0,7.710915070E0
3.674603121E1,-3.388952637E-1,7.385342102E0,7.863148499E0
3.675598621E1,-3.245251465E-1,8.442743225E0,7.245233459E0
3.676594121E1,-4.435276794E-1,7.634873199E0,5.577551422E0
3.677589621E1,-5.656736755E-1,6.546935577E0,5.433550873E0
3.678585121E1,-1.692979431E-1,6.419400787E0,5.779331818E0
3.679580621E1,-2.433938599E-1,6.287225647E0,7.504494324E0
3.680576121E1,-6.571334839E-2,6.768325195E0,9.575138397E0
3.681571621E1,-7.960446167E-1,7.429500275E0,9.439520416E0
3.682567121E1,-4.388873291E-1,7.802374878E0,8.537645874E0
3.683562621E1,8.517288208E-2,7.068600769E0,6.517746277E0
3.684558121E1,-1.317260742E-2,5.963898010E0,5.109774170E0
3.685553621E1,1.966909790E-1,6.278094635E0,5.285658417E0
3.686549121E1,-3.406915283E-1,5.898034973E0,7.456593933E0
3.687544621E1,5.962101746E-1,7.071594543E0,8.536598053E0
3.688540121E1,5.141807556E-1,7.403604126E0,9.000034332E0
3.689535621E1,2.653981018E-1,6.969057770E0,7.649243317E0
3.690531121E1,1.586700439E-1,6.582411804E0,7.188800812E0
3.691526621E1,2.580633545E-1,6.897506561E0,5.670208740E0
3.692522121E1,-9.265731812E-2,5.892795868E0,5.281317444E0
3.693517621E1,3.335064697E-1,6.428980865E0,5.809568939E0
3.694513121E1,1.718426514E-1,6.590045929E0,7.298073578E0
3.695508621E1,1.309776306E-1,6.043831787E0,8.357420654E0
3.696504121E1,-6.122268677E-2,6.388265533E0,8.567882996E0
3.697499621E1,2.579136658E-1,6.725364532E0,7.760761414E0
3.698495121E1,2.336640930E-1,5.911207581E0,7.653434601E0
3.699490621E1,-3.183879089E-1,5.608237610E0,8.823401642E0
3.700486121E1,4.311035156E-2,6.923552399E0,8.633895721E0
3.701481621E1,-7.798782349E-2,7.449558563E0,8.219856720E0
3.702477121E1,-5.225633240E-1,8.421188049E0,6.734495544E0
3.703472621E1,7.783813477E-3,6.967860260E0,6.604865112E0
3.704468121E1,-3.237767029E-1,6.441105652E0,6.931036835E0
3.705463621E1,4.340972900E-2,6.253395996E0,6.689289551E0
3.706459121E1,3.399430847E-1,6.649622040E0,5.015919342E0
3.707454621E1,2.912942505E-1,6.561455383E0,4.249363403E0
3.708450121E1,4.065545654E-1,6.528523865E0,3.984564056E0
3.709445621E1,5.852828979E-1,5.840853882E0,6.875202942E0
3.710441121E1,7.849676514E-1,6.280489655E0,7.667804718E0
3.711436621E1,2.787203979E-1,6.320905609E0,6.769672394E0
3.712432121E1,7.134164429E-1,5.337750092E0,7.081923065E0
3.713427621E1,7.351213074E-1,5.474266205E0,7.880362701E0
3.714423121E1,9.059161377E-1,6.125711517E0,9.343270569E0
3.715418721E1,7.738906860E-1,6.361022186E0,9.999805298E0
3.716414221E1,4.930746460E-1,7.472760315E0,8.424630890E0
3.717409721E1,2.418969727E-1,7.021897888E0,7.546556854E0
3.718405221E1,8.839118958E-1,7.463030548E0,7.500602417E0
3.719400721E1,7.318281555E-1,8.152646484E0,7.626939697E0
3.720396221E1,5.824388123E-1,6.838828583E0,8.044870605E0
3.721391721E1,1.248403931E-1,6.387367401E0,7.850724335E0
3.722387221E1,5.965095520E-1,6.594835968E0,6.988816681E0
3.723382721E1,7.348219299E-1,7.175328827E0,6.489604797E0
3.724378221E1,5.833369446E-1,6.885381775E0,6.563251648E0
3.725373721E1,6.026467896E-1,6.966363373E0,5.683830414E0
3.726369221E1,7.834707642E-1,7.870932312E0,5.453459473E0
3.727364721E1,7.912545776E-1,6.889123993E0,6.037395172E0
3.728360221E1,8.620573425E-1,4.971312103E0,8.288264465E0
3.729355721E1,6.929090881E-1,6.624025269E0,7.015012207E0
3.730351221E1,6.625222778E-1,6.452931061E0,8.042176208E0
3.731346721E1,3.872447205E-1,7.039561157E0,7.443121948E0
3.732342221E1,6.813830566E-1,7.084617462E0,7.914491730E0
3.733337721E1,4.541555786E-1,7.498806152E0,7.001390533E0
3.734333221E1,1.507365417E-1,5.722150726E0,8.808432770E0
3.735328721E1,5.495072937E-1,6.892417145E0,7.349865875E0
3.736324221E1,1.407073975E-1,6.210734711E0,8.253836060E0
3.737319721E1,5.788462830E-1,7.167844391E0,8.802744598E0
3.738315221E1,2.432441711E-1,8.462801514E0,7.608228607E0
3.739310721E1,-4.266128540E-2,7.768096161E0,7.007827148E0
3.740306221E1,-3.144960022E-1,7.115603027E0,5.505700836E0
3.741301721E1,-1.681004333E-1,6.694079590E0,4.403093719E0
3.742297221E1,2.520758057E-1,6.808591461E0,5.582640839E0
3.743292721E1,-2.517764282E-1,4.939877472E0,8.682993622E0
3.744288221E1,-1.902543640E-1,5.327421570E0,9.884245605E0
3.745283721E1,-1.794767761E-1,7.613617401E0,8.584348755E0
3.746279221E1,-3.427871704E-2,6.211333466E0,8.371940460E0
3.747274721E1,4.388873291E-1,5.166955261E0,7.513176270E0
3.748270221E1,-6.990463257E-2,7.315736847E0,5.534141693E0
3.749265721E1,3.644920349E-1,5.159919891E0,6.525230713E0
3.750261221E1,-1.722917175E-1,5.974675598E0,5.229674835E0
3.751256721E1,-4.790039063E-2,6.725813599E0,6.057902527E0
3.752252221E1,-1.293310547E-1,7.282056885E0,4.350702667E0
3.753247721E1,-3.387455750E-1,7.010671234E0,7.149282990E0
3.754243221E1,3.180885315E-1,7.478747864E0,6.501430206E0
3.755238721E1,-6.093827820E-1,6.548731842E0,7.442523193E0
3.756234221E1,4.569996643E-1,6.739584961E0,7.676336975E0
3.757229721E1,-2.951861572E-1,6.591393127E0,8.281079407E0
3.758225221E1,2.742297363E-1,7.129973145E0,9.292975159E0
3.759220721E1,1.547781372E-1,6.731052704E0,8.402626648E0
3.760216221E1,-2.803669739E-1,6.705306244E0,6.692882080E0
3.761211721E1,8.562194824E-1,6.837481384E0,6.215973816E0
3.762207221E1,-1.790277100E-1,5.386698303E0,8.324938202E0
3.763202821E1,2.124082947E-1,5.242847443E0,9.973759460E0
3.764198321E1,-2.133064270E-1,8.026608582E0,7.977211304E0
3.765193821E1,5.523513794E-2,6.218368835E0,8.687484283E0
3.766189321E1,-4.372407532E-1,6.696624298E0,7.288194122E0
3.767184871E1,-8.696914673E-2,7.384593658E0,6.701863403E0
3.768180371E1,2.674937439E-1,6.910379791E0,6.186485138E0
3.769175871E1,-5.712121582E-1,7.040459290E0,4.979245605E0
3.770171371E1,2.089654541E-1,6.826254730E0,3.772305450E0
3.771166871E1,-2.661465454E-1,6.677015076E0,3.215912476E0
3.772162371E1,-1.728904724E-1,6.348448334E0,5.996380463E0
3.773157871E1,-3.438349915E-1,6.575226746E0,6.863976288E0
3.774153371E1,-5.364843750E-1,6.770121460E0,8.355774078E0
3.775148871E1,-4.775070190E-1,7.861801300E0,7.598049774E0
3.776144371E1,-8.749305725E-1,6.439608765E0,8.899144135E0
3.777139871E1,-1.384620667E-1,6.439608765E0,8.183033295E0
3.778135371E1,-7.351213074E-1,7.249724121E0,6.391109619E0
3.779130871E1,-2.643502808E-1,6.699917450E0,5.850433960E0
3.780126371E1,-7.074288940E-1,6.459517365E0,5.869743805E0
3.781121871E1,-2.201921082E-1,6.842570801E0,6.559210052E0
3.782117371E1,2.070195007E-1,5.318589935E0,9.537117462E0
3.783112871E1,3.870950317E-1,6.267915802E0,8.643326111E0
3.784108371E1,6.896159363E-1,6.838080139E0,7.025939484E0
3.785103871E1,-2.579136658E-1,6.832691345E0,6.312073975E0
3.786099371E1,-2.363584900E-1,6.299051056E0,8.181237030E0
3.787094871E1,1.779798889E-1,7.002288666E0,8.284671936E0
3.788090371E1,-1.299298096E-1,5.789660339E0,1.109717331E1
3.789085871E1,-1.035845947E-1,7.357799377E0,9.687404938E0
3.790081371E1,-7.264393616E-1,7.852819977E0,6.387068024E0
3.791076871E1,6.685098267E-1,5.289999390E0,6.115832062E0
3.792072371E1,-4.355941772E-2,6.511908417E0,5.439388733E0
3.793067871E1,9.544152832E-1,6.136938171E0,6.585555267E0
3.794063371E1,1.249302063E0,7.120991821E0,7.228767700E0
3.795058871E1,5.807922363E-1,6.949298859E0,8.217162323E0
3.796054371E1,5.957611084E-1,6.097420349E0,7.770491180E0
3.797049871E1,4.837939453E-1,7.303312683E0,6.021228790E0
3.798045371E1,1.215771790E0,7.534282379E0,5.728437653E0
3.799040871E1,7.027885437E-1,5.230872345E0,7.918383636E0
3.800036371E1,1.118025055E0,5.978268127E0,7.503446503E0
3.801031871E1,7.451504517E-1,8.759484558E0,5.531746674E0
3.802027371E1,3.890409851E-1,6.670728149E0,7.726782074E0
3.803022871E1,5.433700562E-2,6.887178040E0,7.882009277E0
3.804018371E1,2.152523804E-1,7.238647156E0,8.537346497E0
3.805013871E1,7.185058594E-2,5.773793335E0,1.077459412E1
3.806009371E1,-3.164419556E-1,6.421047363E0,9.058113556E0
3.807004871E1,5.737568665E-1,6.573430481E0,7.732919312E0
3.808000371E1,-8.292755127E-2,6.696624298E0,5.280569000E0
3.808995971E1,5.257067871E-1,5.320535889E0,5.676345978E0
3.809991471E1,6.327342224E-1,5.488935699E0,4.639601898E0
3.810986971E1,4.713697815E-1,5.484145660E0,5.981561279E0
3.811982471E1,5.731581116E-1,6.176156616E0,5.457351379E0
3.812977971E1,8.711883545E-2,7.160060577E0,5.807622986E0
3.813973471E1,8.150550842E-1,6.536157990E0,7.137307892E0
3.814968971E1,-3.817062378E-1,6.720724182E0,7.117998047E0
3.815964471E1,-1.543290710E-1,5.847140808E0,1.014889526E1
3.816959971E1,-3.691323853E-1,7.084018707E0,7.530839539E0
3.817955471E1,-6.744973755E-1,5.785768433E0,9.857750702E0
3.818950971E1,-2.999761963E-1,7.217091980E0,8.264463959E0
3.819946471E1,-8.774752808E-1,7.027136993E0,8.496930542E0
3.820941971E1,4.613406372E-1,8.101902008E0,6.258934479E0
3.821937471E1,-7.155120850E-1,7.013814697E0,5.448819122E0
3.822932971E1,5.242098999E-1,6.293063507E0,5.988596649E0
3.823928471E1,-1.799258423E-1,7.341483307E0,5.652395782E0
3.824923971E1,-2.833607483E-1,6.979236603E0,8.092621307E0
3.825919471E1,4.065545654E-1,7.779921570E0,7.911048889E0
3.826914971E1,-8.237370300E-1,8.529113617E0,7.863298187E0
3.827910471E1,3.372486877E-1,6.583908691E0,8.472680969E0
3.828905971E1,-3.864962769E-1,5.893244934E0,8.079897766E0
3.829901471E1,7.815248108E-1,8.272098083E0,6.093378754E0
3.830896971E1,2.050735474E-1,7.071893921E0,6.262976074E0
3.831892471E1,1.983375549E-1,5.818849640E0,7.189399567E0
3.832887971E1,1.453477478E-1,7.660619659E0,5.535189514E0
3.833883471E1,-4.790039063E-2,6.587201843E0,6.495442657E0
3.834878971E1,5.748046875E-1,4.783153381E0,9.372908936E0
3.835874471E1,-2.543211365E-1,6.411616974E0,9.433383179E0
3.836869971E1,-6.271957397E-1,6.944957886E0,9.445208588E0
3.837865471E1,-6.682104492E-1,7.029681702E0,7.826325073E0
3.838860971E1,-1.902543640E-1,7.633376312E0,5.418432312E0
3.839856471E1,5.977070618E-1,7.092850342E0,4.335733795E0
3.840851971E1,4.806504822E-1,5.613027649E0,6.122418365E0
3.841847471E1,-1.005908203E-1,6.841822357E0,7.118896179E0
3.842842971E1,-8.023315430E-1,8.338709564E0,7.108118591E0
3.843838471E1,-2.052232361E-1,6.197262726E0,8.634793854E0
3.844833971E1,4.191284180E-1,6.858587494E0,6.857389984E0
3.845829471E1,2.547702026E-1,6.311924286E0,6.307882690E0
3.846824971E1,5.463638306E-1,4.683161316E0,7.382498016E0
3.847820471E1,1.264869690E-1,6.078260193E0,5.786816254E0
3.848815971E1,-1.407073975E-1,7.193441162E0,5.212610321E0
3.849811471E1,-2.180964661E-1,6.760990448E0,5.791606293E0
3.850806971E1,1.960922241E-2,5.720504150E0,7.075037384E0
3.851802471E1,2.538720703E-1,6.336173859E0,7.232060852E0
3.852797971E1,1.336720276E-1,4.717739410E0,9.054970093E0
3.853793471E1,2.862048340E-1,7.205565948E0,7.839347992E0
3.854788971E1,-2.245330811E-1,6.856940918E0,7.330106964E0
3.855784471E1,-1.092727661E-2,7.411238251E0,6.270011444E0
3.856779971E1,1.866618347E-1,7.549101563E0,5.619913330E0
3.857775571E1,2.833607483E-1,6.774163055E0,7.251221008E0
3.858771071E1,2.306703186E-1,5.762716370E0,8.969497833E0
3.859766571E1,3.191363525E-1,5.392386475E0,1.016775604E1
3.860762071E1,4.076023865E-1,6.649472351E0,9.380093994E0
3.861757571E1,5.867797852E-1,7.175628204E0,8.225395203E0
3.862753071E1,5.661227417E-1,7.482639771E0,8.615184631E0
3.863748571E1,7.029382324E-1,6.850354614E0,9.421557770E0
3.864744071E1,1.028211823E0,7.567513275E0,9.337133331E0
3.865739571E1,1.895059204E-1,7.300767975E0,8.953930206E0
3.866735071E1,2.710862732E-1,6.736591187E0,6.308930511E0
3.867730537E1,1.137634277E-1,6.646777954E0,3.844305725E0
3.868726037E1,1.835183716E-1,6.160888367E0,3.715423737E0
3.869721538E1,5.165757751E-1,6.799460449E0,4.030518494E0
3.870717037E1,2.841091919E-1,5.995332642E0,5.911357269E0
3.871712537E1,4.128414917E-1,5.361700287E0,8.564589844E0
3.872708037E1,4.643344116E-1,7.584727478E0,7.513026581E0
3.873703538E1,7.870632935E-1,7.710316315E0,6.693181458E0
3.874699037E1,2.243833923E-1,7.049141235E0,6.280938721E0
3.875694537E1,1.317260742E-2,6.763684845E0,5.006938019E0
3.876690038E1,4.876858521E-1,5.987548828E0,6.707850952E0
3.877685537E1,-2.993774414E-2,5.641468506E0,9.271869049E0
3.878681037E1,-2.471360779E-1,5.699398041E0,1.142379410E1
3.879676537E1,8.247848511E-2,7.414830780E0,8.722511444E0
3.880672038E1,-3.848497009E-1,7.541617126E0,6.578220520E0
3.881667537E1,-6.758445740E-1,7.200925598E0,4.410727844E0
3.882663037E1,-4.357438660E-1,6.375841370E0,5.777236176E0
3.883658538E1,1.287322998E-2,5.535339203E0,8.292006683E0
3.884654038E1,-8.801696777E-2,6.008056183E0,8.747509460E0
3.885649537E1,7.107220459E-1,6.933431854E0,8.147557068E0
3.886645037E1,2.776725769E-1,7.794291687E0,4.807702332E0
3.887640538E1,-4.258644104E-1,6.435567169E0,6.342610474E0
3.888636037E1,-1.851649475E-1,6.683152313E0,6.231990509E0
3.889631537E1,2.287243652E-1,7.520361328E0,6.863826599E0
3.890627038E1,8.789721680E-1,6.576573944E0,7.761958923E0
3.891622538E1,-2.279759216E-1,7.158114624E0,7.613018646E0
3.892618037E1,7.771838379E-1,7.488327942E0,7.478298798E0
3.893613537E1,-5.792953491E-2,7.772886200E0,5.586832123E0
3.894609038E1,5.682183838E-1,6.414161682E0,4.261787567E0
3.895604537E1,8.780740356E-1,6.542295227E0,4.112697601E0
3.896600037E1,2.704875183E-1,6.718179474E0,6.270310822E0
3.897595538E1,7.997868347E-1,6.212231598E0,8.804391174E0
3.898591038E1,4.686753845E-1,7.079228668E0,9.508676605E0
3.899586537E1,1.450483704E-1,7.435936890E0,8.556955719E0
3.900582037E1,-3.426374817E-1,7.444618835E0,6.540648651E0
3.901577538E1,4.382885742E-1,7.237599335E0,6.247857513E0
3.902573037E1,1.109193420E0,4.781656494E0,8.429869995E0
3.903568537E1,6.870712280E-1,5.382656708E0,9.676926727E0
3.904564137E1,1.206640778E0,6.334527283E0,9.001381531E0
3.905559637E1,7.027885437E-1,6.544091492E0,7.964338074E0
3.906555138E1,3.357518005E-1,5.426216125E0,1.032777328E1
3.907550637E1,1.014739838E0,6.567891998E0,8.979077911E0
3.908546137E1,4.890330505E-1,6.999743958E0,8.658594360E0
3.909541637E1,-4.221221924E-2,6.613996124E0,7.003785553E0
3.910537138E1,-3.297642517E-1,6.001918945E0,5.127736816E0
3.911532637E1,6.345304871E-1,6.093977509E0,3.762875061E0
3.912528137E1,-1.288819885E-1,6.192772064E0,3.507057037E0
3.913523638E1,1.776805115E-1,4.964127045E0,7.553741913E0
3.914519137E1,-3.378474426E-1,6.953041077E0,8.154293060E0
3.915514637E1,-7.072792053E-1,6.891818390E0,9.752070465E0
3.916510137E1,-2.586621094E-1,6.653963013E0,8.670569458E0
3.917505638E1,-1.553768921E-1,8.095615082E0,5.800886993E0
3.918501137E1,5.059478760E-1,7.645201721E0,4.650379486E0
3.919496637E1,6.222560120E-1,6.436614990E0,5.175936584E0
3.920492138E1,9.271719360E-1,6.548582153E0,7.311994629E0
3.921487637E1,4.993615723E-1,5.413342896E0,9.041198730E0
3.922483137E1,2.158511353E-1,5.375471649E0,1.008872040E1
3.923478637E1,2.733316040E-1,7.650889893E0,7.534132690E0
3.924474138E1,1.703457642E-1,8.127798157E0,5.007985840E0
3.925469637E1,7.087760925E-1,6.926845551E0,5.279820557E0
3.926465137E1,-7.110214233E-2,6.426286469E0,6.665489044E0
3.927460638E1,3.480262756E-1,6.788832550E0,1.006117767E1
3.928456137E1,-3.411405945E-1,7.330855408E0,9.661059723E0
3.929451637E1,-4.607418823E-1,7.435038757E0,8.624764709E0
3.930447137E1,2.068698120E-1,7.988887024E0,6.188131714E0
3.931442638E1,2.068698120E-1,6.327192535E0,7.203919373E0
3.932438137E1,7.387138367E-1,5.575006714E0,7.115004272E0
3.933433637E1,1.058898010E0,6.898554382E0,6.721472626E0
3.934429138E1,6.469546509E-1,6.560706940E0,5.401218109E0
3.935424637E1,1.419049072E-1,6.478827209E0,4.134402466E0
3.936420137E1,1.231938171E0,6.688241730E0,3.582649841E0
3.937415637E1,1.129850464E0,5.061125336E0,6.774612122E0
3.938411138E1,7.439529419E-2,6.492598572E0,9.921069031E0
3.939406637E1,-4.561015320E-1,7.655979309E0,1.133951935E1
3.940402137E1,-2.844085693E-1,7.403155060E0,1.049781967E1
3.941397638E1,-2.073188782E-1,7.197183380E0,7.974367218E0
3.942393138E1,4.784051514E-1,7.588469696E0,5.393134918E0
3.943388637E1,7.355703735E-1,6.869814148E0,7.104975128E0
3.944384137E1,4.986131287E-1,7.541916504E0,7.045099640E0
3.945379638E1,2.905458069E-1,7.249125366E0,8.146958313E0
3.946375137E1,6.442602539E-1,7.059619446E0,7.020101624E0
3.947370637E1,3.288661194E-1,6.984176331E0,4.914430389E0
3.948366138E1,3.445834351E-1,6.444099426E0,4.223467255E0
3.949361638E1,1.026864624E-1,5.387895813E0,5.142406311E0
3.950357238E1,2.412982178E-1,6.041586456E0,5.441634064E0
3.951352737E1,-3.493734741E-1,6.846612396E0,4.908293152E0
3.952348237E1,-2.592608643E-1,4.700674896E0,8.327931976E0
3.953343737E1,5.646258545E-1,5.682183838E0,7.950117645E0
3.954339238E1,4.713697815E-1,6.732848969E0,8.810827789E0
3.955334737E1,4.571493530E-1,6.896608429E0,7.503446503E0
3.956330237E1,-2.248324585E-1,6.884932709E0,6.165229340E0
3.957325738E1,-4.733157349E-1,6.814129944E0,6.958280182E0
3.958321237E1,-5.752537537E-1,4.865482178E0,9.755213928E0
3.959316737E1,8.981323242E-4,6.282136230E0,9.228010254E0
3.960312237E1,-1.212478638E-2,7.041058044E0,7.672145691E0
3.961307738E1,-3.510200500E-1,6.803651733E0,5.563480682E0
3.962303237E1,3.112028503E-1,5.420378265E0,7.414531403E0
3.963298737E1,-2.734812927E-1,7.955805817E0,7.078929291E0
3.964294238E1,-5.465135193E-1,7.649692383E0,1.032283356E1
3.965289737E1,-1.526824951E-1,6.933880920E0,9.259145508E0
3.966285237E1,-3.002755737E-1,6.802005157E0,7.432643738E0
3.967280758E1,-2.140548706E-1,8.171806641E0,5.896089020E0
3.968276258E1,-7.849676514E-1,7.357050934E0,7.991282043E0
3.969271758E1,-6.839277649E-1,6.081104279E0,9.523495789E0
3.970267258E1,-1.161584473E-1,5.638624420E0,9.354048157E0
3.971262758E1,-1.570234680E-1,6.760242004E0,7.085216217E0
3.972258258E1,-2.496807861E-1,7.995173950E0,4.386777649E0
3.973253758E1,-4.643344116E-1,5.872438202E0,5.156626740E0
3.974249258E1,-2.107617188E-1,4.644990692E0,6.865922241E0
3.975244758E1,-5.523513794E-2,7.575446777E0,6.366710358E0
3.976240258E1,1.528321838E-1,9.079968109E0,6.060596924E0
3.977235758E1,5.487588501E-1,6.209537201E0,6.694229279E0
3.978231258E1,4.436773682E-1,7.297175446E0,5.018314362E0
3.979226758E1,8.509803772E-1,6.496490479E0,6.071374512E0
3.980222258E1,8.113128662E-2,6.549180908E0,5.176535339E0
3.981217758E1,1.886077881E-1,6.917115784E0,6.113736420E0
3.982213258E1,9.470805359E-1,4.558919678E0,7.622748413E0
3.983208758E1,-4.370910645E-1,5.831124115E0,8.857680359E0
3.984204258E1,3.074606323E-1,7.472910004E0,8.691076813E0
3.985199758E1,-1.107097778E0,5.882467346E0,9.640252991E0
3.986195258E1,1.621128845E-1,5.406606903E0,1.045964905E1
3.987190758E1,5.352868652E-1,7.138505402E0,7.372169495E0
3.988186258E1,1.266516266E0,7.103178864E0,7.566615143E0
3.989181758E1,1.346749420E0,6.615193634E0,7.281757507E0
3.990177258E1,-2.595602417E-1,6.031856689E0,5.689967651E0
3.991172758E1,1.551224213E0,6.202352142E0,4.323758698E0
3.992168258E1,1.073567505E0,6.633755035E0,4.240232391E0
3.993163758E1,7.309300232E-1,5.269791412E0,7.900870056E0
3.994159258E1,4.767585754E-1,7.128027191E0,8.237220612E0
3.995154758E1,3.091072083E-1,8.283324738E0,8.033793640E0
3.996150258E1,4.102967834E-1,7.590864716E0,8.070317688E0
3.997145758E1,6.530918884E-1,6.425687714E0,9.427096252E0
3.998141358E1,7.500901794E-1,7.746391296E0,7.842940521E0
3.999136858E1,3.827540588E-1,7.381450195E0,7.008725281E0
4.000132358E1,5.084925842E-1,7.816295929E0,6.370452576E0
4.001127858E1,3.556604004E-1,8.312963104E0,3.519032135E0
4.002123358E1,8.587641907E-1,6.073021088E0,5.311704254E0
4.003118858E1,1.188229065E0,6.781497803E0,6.649472351E0
4.004114358E1,1.269659729E0,6.573430481E0,9.945917358E0
4.005109858E1,1.565893707E0,6.820716248E0,1.045426025E1
4.006105358E1,2.737806702E-1,6.270610199E0,9.595795441E0
4.007100858E1,4.553530884E-1,6.493945770E0,7.534581757E0
4.008096358E1,3.755690002E-1,7.018604736E0,6.135890350E0
4.009091858E1,1.165177002E0,6.080056458E0,6.923253021E0
4.010087358E1,3.983216858E-1,5.033732300E0,8.418942719E0
4.011082858E1,4.740641785E-1,5.797893219E0,9.062454529E0
4.012078358E1,3.829037476E-1,6.912924500E0,7.452402649E0
4.013073858E1,2.103126526E-1,5.232518921E0,7.285050659E0
4.014069358E1,3.616479492E-1,4.705914001E0,7.162455597E0
4.015064858E1,2.544708252E-3,5.120402069E0,7.541916504E0
4.016060358E1,2.170486450E-1,5.394781494E0,8.877289581E0
4.017055858E1,1.616638184E-1,6.771768036E0,8.189619598E0
4.018051358E1,-1.176553345E-1,7.588020630E0,7.365283813E0
4.019046858E1,-2.350112915E-1,7.146289215E0,5.788313141E0
4.020042358E1,-2.758763123E-1,7.414082336E0,6.209537201E0
4.021037858E1,1.878593445E-1,6.544839935E0,7.066654816E0
4.022033358E1,-1.945953369E-2,6.635551300E0,6.627019043E0
4.023028858E1,1.511856079E-1,7.541916504E0,5.708678741E0
4.024024358E1,6.930587769E-2,7.508386230E0,3.871698761E0
4.025019858E1,3.397933960E-1,5.921236725E0,6.218219147E0
4.026015358E1,6.271957397E-1,6.428980865E0,6.116430817E0
4.027010858E1,-8.083190918E-3,5.802832947E0,7.547454987E0
4.028006358E1,6.120771790E-1,7.307354279E0,6.770570526E0
4.029001858E1,-1.190025330E-1,7.928113403E0,7.744445343E0
4.029997358E1,6.457571411E-1,7.263944550E0,7.993527374E0
4.030992858E1,-1.049317932E-1,7.278614044E0,8.350235596E0
4.031988358E1,3.631448364E-1,7.734266510E0,7.060068512E0
4.032983858E1,6.740483093E-1,7.066205750E0,7.056326294E0
4.033979358E1,6.114784241E-1,6.694079590E0,7.975265350E0
4.034974858E1,1.078357544E0,6.855444031E0,8.386909332E0
4.035970358E1,3.920347595E-1,7.733667755E0,7.802075500E0
4.036965858E1,4.218228149E-1,7.434290314E0,7.025041351E0
4.037961358E1,2.017803955E-1,6.630162506E0,5.969586182E0
4.038956858E1,6.649172974E-1,5.446573792E0,6.359225922E0
4.039952358E1,4.251159668E-1,6.902745667E0,4.750970306E0
4.040947858E1,-5.703140259E-2,6.498586121E0,5.833818512E0
4.041943458E1,4.323010254E-1,5.967789917E0,6.778354340E0
4.042938958E1,-3.373983765E-1,5.841452637E0,7.383994904E0
4.043934458E1,-1.106199646E-1,6.052962799E0,7.997718658E0
4.044929958E1,-3.538641357E-1,6.235882416E0,7.691754913E0
4.045925458E1,2.164498901E-1,6.284082184E0,8.405919800E0
4.046920958E1,2.206411743E-1,6.737639008E0,7.639363861E0
4.047916458E1,4.427792358E-1,7.202272797E0,6.629563751E0
4.048911958E1,3.109034729E-1,7.412585449E0,6.432723083E0
4.049907458E1,8.307723999E-2,4.747527466E0,8.764873352E0
4.050902958E1,3.635939026E-1,6.331832886E0,7.303761749E0
4.051898458E1,5.776487732E-1,7.359445953E0,7.032974854E0
4.052893958E1,-4.664300537E-1,6.343658295E0,8.533005524E0
4.053889458E1,-5.014572144E-2,7.111112366E0,8.305778046E0
4.054884958E1,3.770658875E-1,8.184081116E0,7.742649078E0
4.055880458E1,2.739303589E-2,7.320975952E0,8.248447266E0
4.056875958E1,-3.734733582E-1,7.897127838E0,8.109685822E0
4.057871458E1,2.806663513E-1,6.904392242E0,7.777526550E0
4.058866958E1,-1.809736633E-1,4.563410339E0,8.732989655E0
4.059862458E1,-1.469943237E-1,6.057004395E0,7.363786926E0
4.060857958E1,1.245410156E-1,6.682703247E0,6.511459351E0
4.061853458E1,3.362008667E-1,4.811444550E0,7.720495148E0
4.062848958E1,-1.686991882E-1,6.555168457E0,6.502178650E0
4.063844458E1,4.734654236E-1,5.788762207E0,7.773634644E0
4.064839958E1,1.372645569E-1,7.108867035E0,5.867648163E0
4.065835458E1,3.234773254E-1,6.802454224E0,7.408843231E0
4.066830958E1,7.500901794E-1,6.019582214E0,7.313641205E0
4.067826450E1,4.219725037E-1,6.692732391E0,8.242908783E0
4.068821950E1,8.202941895E-1,7.574398956E0,6.771318970E0
4.069817450E1,-7.433541870E-1,6.847809906E0,7.103627930E0
4.070812950E1,5.522016907E-1,6.920259247E0,7.943830719E0
4.071808450E1,-1.417552185E-1,6.920708313E0,7.387587433E0
4.072803950E1,-1.558259583E-1,6.978188782E0,7.868836670E0
4.073799450E1,-2.694396973E-3,6.793472900E0,6.748715973E0
4.074794950E1,-8.921447754E-1,5.853727112E0,6.218219147E0
4.075790450E1,-1.502874756E-1,5.672304382E0,6.559659119E0
4.076785950E1,-7.490423584E-1,6.798262939E0,6.022875366E0
4.077781450E1,-9.160949707E-2,7.003037109E0,7.026837616E0
4.078776950E1,-5.216651917E-1,6.574328613E0,7.520061951E0
4.079772450E1,2.158511353E-1,6.179300079E0,7.548951874E0
4.080767950E1,3.261717224E-1,7.992030487E0,5.170697479E0
4.081763450E1,-3.896397400E-1,6.811734924E0,5.923781433E0
4.082758950E1,3.091072083E-1,5.603597260E0,6.693929901E0
4.083754450E1,3.742218018E-2,7.289092255E0,6.711144104E0
4.084749950E1,5.583389282E-2,7.240593109E0,7.675738220E0
4.085745450E1,-5.379812622E-1,7.501650238E0,6.705306244E0
4.086740950E1,1.035845947E-1,7.407945099E0,6.298601990E0
4.087736450E1,-7.544311523E-2,6.343358917E0,5.537584534E0
4.088731950E1,-1.890568542E-1,6.678362274E0,5.883664856E0
4.089727550E1,7.185058594E-3,7.663613434E0,6.862030334E0
4.090723050E1,-3.691323853E-1,6.256090393E0,8.518934784E0
4.091718550E1,4.343966675E-1,7.054829407E0,9.360035706E0
4.092714050E1,4.053570557E-1,7.942633209E0,7.116950226E0
4.093709550E1,2.857557678E-1,7.959098969E0,5.363646240E0
4.094705050E1,9.101074219E-2,6.108946381E0,6.734495544E0
4.095700550E1,-2.041754150E-1,5.685776367E0,6.698121185E0
4.096696050E1,7.610174561E-1,6.404282227E0,8.183931427E0
4.097691550E1,7.265890503E-1,7.186405792E0,7.023095398E0
4.098687050E1,4.725672913E-1,5.483995972E0,7.794141998E0
4.099682550E1,6.182144165E-1,5.823789368E0,7.103328552E0
4.100678050E1,4.989125061E-1,6.563551025E0,7.648195496E0
4.101673550E1,1.082249451E0,6.360722809E0,9.291178894E0
4.102669050E1,7.240443420E-1,5.693709869E0,9.050778809E0
4.103664550E1,7.650590515E-1,7.037764893E0,7.187752991E0
4.104660050E1,8.455915833E-1,6.813830566E0,6.745722198E0
4.105655550E1,4.134402466E-1,5.935008087E0,9.273515625E0
4.106651050E1,1.070424042E0,6.382577362E0,1.014185989E1
4.107646550E1,8.292755127E-2,7.454198914E0,1.010099487E1
4.108642050E1,6.572831726E-1,7.708070984E0,8.017178192E0
4.109637550E1,1.142124939E-1,7.949369202E0,5.059029694E0
4.110633050E1,4.459226990E-1,6.026767273E0,4.608017578E0
4.111628550E1,4.999603271E-1,4.833748169E0,4.836143188E0
4.112624050E1,7.256909180E-1,5.864953766E0,5.854475555E0
4.113619550E1,6.423143005E-1,6.741979980E0,5.454207916E0
4.114615050E1,2.167492676E-1,5.595364380E0,7.568710785E0
4.115610550E1,1.874102783E-1,7.226372681E0,7.286397858E0
4.116606050E1,3.568579102E-1,6.443051605E0,8.061336365E0
4.117601550E1,5.336402893E-1,7.034322052E0,6.422993317E0
4.118597050E1,5.574407959E-1,6.041885834E0,6.836433563E0
4.119592550E1,3.568579102E-1,6.012995911E0,6.871610413E0
4.120588050E1,4.540058899E-1,6.153254242E0,7.585924988E0
4.121583550E1,4.632865906E-1,6.931186523E0,4.968617706E0
4.122579050E1,-2.171983337E-1,5.345833282E0,6.427334290E0
4.123574550E1,2.311193848E-1,6.107599182E0,6.896159363E0
4.124570050E1,-4.143383789E-1,6.733298035E0,8.344547424E0
4.125565550E1,-2.604583740E-1,7.169640656E0,8.497229919E0
4.126561050E1,3.643423462E-1,7.152725830E0,8.271199951E0
4.127556550E1,4.587959290E-1,6.753206635E0,7.250622253E0
4.128552050E1,8.360115051E-1,5.747298431E0,7.824528809E0
4.129547550E1,6.984475708E-1,6.703659668E0,7.878267059E0
4.130543050E1,3.297642517E-1,6.969357147E0,8.533454590E0
4.131538550E1,1.125659180E-1,7.229516144E0,9.189839630E0
4.132534050E1,4.138893127E-1,7.572752380E0,8.231382751E0
4.133529550E1,-2.698887634E-1,7.851323090E0,6.724316711E0
4.134525150E1,-1.157093811E-1,7.976612549E0,5.863905945E0
4.135520650E1,-3.092568970E-1,5.714217224E0,6.987170105E0
4.136516150E1,-4.032614136E-1,6.123466187E0,6.026318207E0
4.137511650E1,-1.360670471E-1,7.405699768E0,6.062243500E0
4.138507150E1,4.146377563E-1,7.699239349E0,5.725743256E0
4.139502650E1,3.983216858E-1,7.146738281E0,7.604935455E0
4.140498150E1,-1.896556091E-1,6.669231262E0,9.332642670E0
4.141493650E1,-1.044976959E0,6.829996948E0,7.750133514E0
4.142489150E1,3.803590393E-1,7.805069275E0,4.047283630E0
4.143484650E1,4.355941772E-1,7.250023499E0,3.442990265E0
4.144480150E1,2.221380615E-1,5.970334625E0,6.854545898E0
4.145475650E1,1.797761536E-1,6.838828583E0,8.845705261E0
4.146471150E1,-1.171314240E0,7.436535645E0,9.498048706E0
4.147466650E1,-6.312373352E-1,5.284311218E0,1.063298859E1
4.148462150E1,-4.773573303E-1,5.353766785E0,9.638606415E0
4.149457650E1,3.966751099E-2,6.184838562E0,8.638835449E0
4.150453150E1,1.026864624E-1,7.094796295E0,7.326514435E0
4.151448650E1,-2.270777893E-1,5.587430878E0,7.704777832E0
4.152444150E1,-3.641926575E-1,6.605014801E0,5.808072052E0
4.153439650E1,-2.558180237E-1,5.768703918E0,6.524332581E0
4.154435150E1,-8.247848511E-2,5.892496490E0,8.121960297E0
4.155430650E1,-7.006929016E-1,6.558311920E0,7.746990051E0
4.156426150E1,-5.409750366E-1,7.324418793E0,6.390810242E0
4.157421650E1,-8.541238403E-1,7.037315826E0,5.560935974E0
4.158417150E1,-8.282276917E-1,6.709647217E0,5.022056580E0
4.159412650E1,-1.926493835E-1,6.882537689E0,5.820196838E0
4.160408150E1,-2.806663513E-1,5.900729370E0,9.718540192E0
4.161403650E1,-2.929408264E-1,5.284909973E0,1.116513199E1
4.162399150E1,-2.329156494E-1,6.906936951E0,9.386979675E0
4.163394650E1,2.643502808E-1,8.765921173E0,4.874762878E0
4.164390150E1,4.595443726E-1,7.017107849E0,3.698059845E0
4.165385650E1,4.845423889E-1,6.674470367E0,3.556903381E0
4.166381150E1,8.725355530E-1,5.429958344E0,5.137765961E0
4.167376725E1,1.106349335E0,6.506369934E0,6.317612457E0
4.168372225E1,7.173083496E-1,7.113208008E0,7.487729187E0
4.169367725E1,9.529183960E-1,5.959257660E0,8.765472107E0
4.170363225E1,7.649093628E-1,6.849905548E0,8.003406830E0
4.171358725E1,8.274792480E-1,7.020401001E0,7.971223755E0
4.172354225E1,8.062234497E-1,6.045178986E0,7.345973969E0
4.173349725E1,1.032702484E0,4.999303894E0,9.020541687E0
4.174345225E1,1.086291046E0,7.255412292E0,8.090675354E0
4.175340725E1,5.147795105E-1,7.636669464E0,8.667875061E0
4.176336225E1,7.041357422E-1,7.041507111E0,7.934699707E0
4.177331725E1,-7.634124756E-1,7.820337524E0,6.324797516E0
4.178327225E1,-7.382647705E-1,7.198081512E0,8.502618713E0
4.179322825E1,-9.150471497E-1,5.465135193E0,1.065619034E1
4.180318225E1,-6.990463257E-1,6.920259247E0,9.058862000E0
4.181313825E1,-4.339476013E-1,8.228987732E0,6.139782257E0
4.182309325E1,-7.105723572E-1,7.832612000E0,4.521497498E0
4.183304825E1,1.402583313E-1,7.503745880E0,3.720962219E0
4.184300325E1,-1.392105103E-2,7.181316376E0,3.661236420E0
4.185295825E1,2.715353394E-1,6.817273407E0,7.428901520E0
4.186291325E1,-3.695814514E-1,7.453151093E0,8.909622345E0
4.187286825E1,-2.380050659E-2,7.027586060E0,8.148305511E0
4.188282325E1,3.068618774E-1,7.138954468E0,5.858666840E0
4.189277825E1,-2.489323425E-1,6.463708649E0,5.447322235E0
4.190273325E1,-8.906478882E-1,5.521867218E0,6.647376709E0
4.191268825E1,-4.897814941E-1,6.161038055E0,6.023025055E0
4.192264325E1,3.900888062E-1,7.422464905E0,6.453978882E0
4.193259825E1,1.721869354E0,6.378386078E0,7.387587433E0
4.194255325E1,5.864804077E-1,5.757028198E0,6.866670685E0
4.195250825E1,3.526666260E-1,5.719156952E0,7.747588806E0
4.196246325E1,-2.225871277E-1,5.435047760E0,8.677604828E0
4.197241825E1,2.727328491E-1,6.838678894E0,1.036429733E1
4.198237325E1,7.385641479E-1,7.892337799E0,8.892707520E0
4.199232825E1,6.390211487E-1,6.637796631E0,7.981252899E0
4.200228325E1,9.110055542E-1,6.654561768E0,6.042185211E0
4.201223825E1,2.264790344E-1,5.948031006E0,5.827681274E0
4.202219325E1,3.543132019E-1,4.859195251E0,8.574469299E0
4.203214825E1,1.862127686E-1,5.565426636E0,9.046587524E0
4.204210325E1,7.888595581E-2,6.813381500E0,8.543783112E0
4.205205825E1,4.721182251E-1,6.886429596E0,6.466852112E0
4.206201325E1,3.267704773E-1,5.676795044E0,4.866979065E0
4.207196825E1,1.735191650E0,5.933211823E0,5.263803864E0
4.208192325E1,7.664062500E-1,6.452032928E0,7.342680817E0
4.209187825E1,4.827461243E-1,6.243217163E0,1.046937881E1
4.210183325E1,-2.408491516E-1,8.807684326E0,8.042924652E0
4.211178825E1,-4.424798584E-1,7.320377197E0,6.636299744E0
4.212174325E1,-9.270222473E-1,6.949747925E0,3.548071747E0
4.213169825E1,1.874102783E-1,6.588698730E0,4.408183136E0
4.214165325E1,3.635939026E-1,7.059918823E0,5.904471588E0
4.215160825E1,-4.845423889E-1,6.445895691E0,9.192384338E0
4.216156325E1,4.131408691E-2,7.821085968E0,9.179810486E0
4.217151825E1,-1.854643250E-1,6.817273407E0,9.013206940E0
4.218147325E1,-8.921447754E-2,6.534212036E0,6.372099152E0
4.219142825E1,5.239105225E-1,5.848937073E0,6.397396545E0
4.220138325E1,4.279600525E-1,5.259911957E0,8.605005798E0
4.221133825E1,6.225553894E-1,6.312223663E0,1.026101212E1
4.222129325E1,6.249504089E-1,7.564669189E0,1.010832962E1
4.223124825E1,5.351371765E-1,6.753805389E0,8.971443787E0
4.224120325E1,3.676354980E-1,6.970854034E0,6.055208130E0
4.225115825E1,9.395960999E-1,5.965694275E0,4.739444275E0
4.226111425E1,7.827223206E-1,5.538332977E0,6.419101410E0
4.227106925E1,6.783892822E-1,5.668711853E0,8.854686584E0
4.228102425E1,-2.095642090E-3,6.707551575E0,8.870703278E0
4.229097925E1,1.790277100E-1,7.495962067E0,7.508236542E0
4.230093425E1,-2.829116821E-1,7.442972260E0,4.654720459E0
4.231088925E1,2.537223816E-1,5.297034760E0,6.098617859E0
4.232084425E1,-3.502716064E-2,5.842799835E0,6.665938110E0
4.233079925E1,2.260299683E-2,6.931186523E0,7.720495148E0
4.234075425E1,-1.451980591E-2,8.029003601E0,7.671696625E0
4.235070925E1,-4.352947998E-1,8.030500488E0,5.965245209E0
4.236066425E1,1.107696533E-1,7.368127899E0,5.407355347E0
4.237061925E1,2.993774414E-4,5.994883575E0,6.524482269E0
4.238057425E1,2.359094238E-1,5.345833282E0,8.587791595E0
4.239052925E1,8.608598328E-1,7.945626984E0,8.146509247E0
4.240048425E1,4.926255798E-1,8.406368866E0,7.943381653E0
4.241043925E1,1.369651794E-1,7.985144806E0,7.133415985E0
4.242039425E1,1.199006653E-1,7.550448761E0,5.004093933E0
4.243034925E1,7.493417358E-1,5.720953217E0,6.222111053E0
4.244030425E1,6.312373352E-1,5.261408844E0,7.673941956E0
4.245025925E1,9.461824036E-1,7.255262604E0,7.902816010E0
4.246021425E1,2.806663513E-1,8.170908508E0,5.864055634E0
4.247016925E1,-3.760180664E-1,6.214776306E0,7.580236816E0
4.248012425E1,2.896476746E-1,6.785389709E0,6.568341064E0
4.249007925E1,3.761677551E-1,6.093229065E0,6.970404968E0
4.250003425E1,5.504054260E-1,4.572691040E0,8.327333221E0
4.250998925E1,5.852828979E-1,6.670578461E0,6.699169006E0
4.251994425E1,1.135838013E0,7.264243927E0,6.320157166E0
4.252989925E1,4.691244507E-1,6.505621490E0,6.271059265E0
4.253985425E1,5.195695496E-1,6.725065155E0,5.804778900E0
4.254980925E1,6.994953918E-1,5.599106598E0,4.313430176E0
4.255976425E1,-1.112187195E-1,4.043242035E0,5.984704742E0
4.256971925E1,1.908531189E-1,6.361171875E0,6.008654938E0
4.257967425E1,-4.225712585E-1,6.098468170E0,1.040635986E1
4.258962925E1,-4.499642944E-1,6.837930450E0,1.206820404E1
4.259958425E1,-2.142045593E-1,9.325307922E0,9.767189026E0
4.260953925E1,1.025367737E-1,7.473209381E0,9.870474243E0
4.261949425E1,-9.377998352E-1,6.240223389E0,8.231682129E0
4.262944925E1,-5.035528564E-1,7.661667480E0,6.342161407E0
4.263940425E1,3.134481812E-1,5.809718628E0,5.750441895E0
4.264935925E1,-6.110293579E-1,5.357509003E0,5.689817963E0
4.265931425E1,7.433541870E-1,6.090235291E0,5.895789642E0
4.266926925E1,-6.436614990E-3,5.875431976E0,7.221133575E0
4.267922371E1,4.493655396E-1,6.246959381E0,9.523944855E0
4.268917871E1,3.695814514E-1,7.864495697E0,7.662415924E0
4.269913371E1,5.499563599E-1,7.050338745E0,8.290210419E0
4.270908971E1,3.981719971E-1,8.210126953E0,5.996380463E0
4.271904471E1,2.041754150E-1,6.031108246E0,7.153773651E0
4.272899971E1,8.779243469E-1,5.488187256E0,6.302493896E0
4.273895471E1,5.493576050E-2,5.731581116E0,6.924450531E0
4.274890971E1,3.591032410E-1,6.787635040E0,6.578519897E0
4.275886471E1,-1.751358032E-1,7.343878326E0,7.127428436E0
4.276881971E1,4.574487305E-1,7.844736786E0,6.940167847E0
4.277877471E1,-5.709127808E-1,7.060816956E0,6.770121460E0
4.278872971E1,-3.864962769E-1,6.030808868E0,7.351662140E0
4.279868471E1,-8.876541138E-2,5.867199097E0,7.248526611E0
4.280863971E1,-1.035396881E0,6.259682922E0,7.160958710E0
4.281859471E1,-4.243675232E-1,7.302264862E0,7.189698944E0
4.282854971E1,-4.813989258E-1,8.078550568E0,6.758445740E0
4.283850471E1,-2.056723022E-1,7.001989288E0,6.951544189E0
4.284845971E1,-5.601351929E-1,6.562802582E0,7.010671234E0
4.285841471E1,-3.772155762E-2,6.291865997E0,7.004533997E0
4.286836971E1,-1.242416382E-1,6.125861206E0,7.169341278E0
4.287832471E1,-4.730163574E-2,6.744524689E0,6.752907257E0
4.288827971E1,2.088157654E-1,6.233337708E0,8.252189484E0
4.289823471E1,-9.909393311E-2,7.102430420E0,7.843539276E0
4.290818971E1,2.543211365E-1,6.336173859E0,8.790919189E0
4.291814471E1,-2.300715637E-1,6.820566559E0,7.246880035E0
4.292809971E1,-2.267784119E-1,5.315745850E0,7.558382263E0
4.293805471E1,3.049159241E-1,6.676865387E0,4.490960999E0
4.294800971E1,5.080435181E-1,6.996001740E0,4.019591217E0
4.295796471E1,6.994953918E-1,7.370223541E0,4.682412872E0
4.296791971E1,1.877096558E-1,7.868537292E0,6.810387726E0
4.297787471E1,8.008346558E-1,6.794820099E0,9.540410614E0
4.298782971E1,3.561094666E-1,7.658973083E0,9.188791809E0
4.299778471E1,4.655319214E-1,7.241191864E0,8.377329254E0
4.300773971E1,4.433779907E-1,6.048621826E0,8.998088379E0
4.301769471E1,-2.418969727E-1,7.239844666E0,7.458090820E0
4.302764971E1,7.734416199E-1,7.025789795E0,7.211553497E0
4.303760471E1,3.897894287E-1,6.166576538E0,7.360344086E0
4.304755971E1,6.810836792E-1,6.681655426E0,6.661896515E0
4.305751471E1,9.092092896E-1,7.286996613E0,6.353088684E0
4.306746971E1,7.244934082E-1,5.438490601E0,8.535999298E0
4.307742471E1,7.074288940E-1,7.106621704E0,7.187603302E0
4.308737971E1,8.740324402E-1,6.279591522E0,7.683372345E0
4.309733471E1,6.542893982E-1,5.187761993E0,8.626411285E0
4.310728971E1,5.742059326E-1,5.991291046E0,8.866661682E0
4.311724471E1,2.499801636E-1,7.335944824E0,6.626270599E0
4.312719971E1,-5.688171387E-3,6.030958557E0,7.134763184E0
4.313715471E1,1.658551025E-1,6.784940643E0,5.854774933E0
4.314710971E1,1.269360352E-1,5.635780334E0,7.291936340E0
4.315706471E1,-1.673519897E-1,5.635480957E0,7.070247345E0
4.316702071E1,-1.537303162E-1,6.024671631E0,5.963149567E0
4.317697571E1,3.808081055E-1,6.139033813E0,5.099445648E0
4.318693071E1,4.760101318E-2,6.180048523E0,6.457122345E0
4.319688571E1,8.409512329E-1,6.697522430E0,8.986113281E0
4.320684071E1,3.860472107E-1,6.997498627E0,9.597292328E0
4.321679571E1,-4.902305603E-1,7.114854584E0,8.490643616E0
4.322675071E1,5.688171387E-1,6.986421661E0,5.572162628E0
4.323670571E1,5.596861267E-1,6.574927368E0,5.597160645E0
4.324666071E1,6.432124329E-1,6.227350159E0,7.076234894E0
4.325661571E1,3.010240173E-1,6.744524689E0,8.949140167E0
4.326657071E1,6.953041077E-1,7.552694092E0,9.424252167E0
4.327652571E1,1.290316772E-1,6.592291260E0,9.994416504E0
4.328648071E1,1.535806274E-1,8.127349091E0,8.226293335E0
4.329643571E1,5.593867493E-1,7.857011261E0,7.068750458E0
4.330639071E1,-5.508544922E-2,6.749314728E0,6.510261841E0
4.331634571E1,6.704557800E-1,6.757846985E0,5.393883362E0
4.332630071E1,3.574566650E-1,7.059320068E0,3.650458832E0
4.333625571E1,2.424957275E-1,5.482050018E0,5.150639191E0
4.334621071E1,6.336323547E-1,6.298751678E0,4.397255859E0
4.335616571E1,6.044430542E-1,6.895859985E0,5.112318878E0
4.336612071E1,2.871029663E-1,6.819219360E0,6.748715973E0
4.337607571E1,1.588197327E-1,6.077362061E0,1.066517166E1
4.338603071E1,-1.166075134E-1,8.121511230E0,8.262667694E0
4.339598571E1,-4.767585754E-1,7.056326294E0,7.916138306E0
4.340594071E1,3.294648743E-1,6.507866821E0,8.283025360E0
4.341589571E1,1.028361511E-1,6.342610474E0,8.290509796E0
4.342585071E1,2.427951050E-1,6.371350708E0,9.270821228E0
4.343580571E1,4.047583008E-1,7.168293457E0,7.673642578E0
4.344576071E1,2.200424194E-2,8.318351898E0,4.758155365E0
4.345571571E1,7.903564453E-1,6.896159363E0,3.541036377E0
4.346567071E1,-8.217910767E-2,5.341641998E0,4.102967834E0
4.347562571E1,2.993774414E-1,5.960604858E0,5.569468231E0
4.348558071E1,-4.052073669E-1,6.371500397E0,7.362290039E0
4.349553571E1,-4.983137512E-1,5.553002472E0,1.070439011E1
4.350549071E1,-4.703219604E-1,6.959477692E0,1.057446030E1
4.351544571E1,-7.629634094E-1,7.552843781E0,1.033406021E1
4.352540071E1,-6.071374512E-1,7.664062500E0,8.522976379E0
4.353535571E1,-3.275189209E-1,5.700745239E0,8.689879303E0
4.354531071E1,-2.029779053E-1,5.574407959E0,8.146658936E0
4.355526571E1,8.083190918E-3,7.070546722E0,7.200027466E0
4.356522071E1,7.903564453E-2,7.713160400E0,5.413791962E0
4.357517571E1,-9.056167603E-2,6.327042847E0,4.744384003E0
4.358513071E1,-2.854563904E-1,6.243666229E0,5.588628387E0
4.359508571E1,1.172062683E-1,6.778803406E0,7.234156494E0
4.360504071E1,-5.391787720E-1,6.300847321E0,8.463999023E0
4.361499671E1,-5.969586182E-1,6.585255890E0,8.787326660E0
4.362495071E1,-5.120851135E-1,7.633376312E0,5.744304657E0
4.363490671E1,-6.415658569E-1,7.468868408E0,4.062851257E0
4.364486171E1,-6.402186584E-1,6.266568604E0,5.023254089E0
4.365481671E1,-4.330494690E-1,5.816005554E0,6.535559235E0
4.366477171E1,-2.106120300E-1,5.805078278E0,8.939709778E0
4.367472675E1,-1.362167358E-1,5.390440521E0,1.020098694E1
4.368468175E1,-2.969824219E-1,6.739884338E0,8.449928284E0
4.369463675E1,1.510359192E-1,6.058052216E0,7.398963776E0
4.370459175E1,-2.372566223E-1,5.059029694E0,6.530320129E0
4.371454675E1,-1.454974365E-1,6.235882416E0,6.154900818E0
4.372450175E1,7.873626709E-2,5.901328125E0,7.200626221E0
4.373445675E1,-1.287322998E-1,6.127358093E0,8.380921783E0
4.374441175E1,2.264790344E-1,7.654183044E0,7.767946472E0
4.375436675E1,-4.760101318E-1,8.055648193E0,6.291865997E0
4.376432175E1,-7.888595581E-2,6.381230164E0,6.432723083E0
4.377427675E1,3.409909058E-1,6.580016785E0,4.237537994E0
4.378423175E1,5.658233643E-1,7.238497467E0,5.239554291E0
4.379418675E1,-1.197509766E-3,6.140979767E0,9.775870972E0
4.380414175E1,-8.322692871E-1,6.663543091E0,1.412807053E1
4.381409675E1,-2.986289978E-1,7.639812927E0,1.337304062E1
4.382405175E1,-8.378077698E-1,7.951315155E0,9.667346649E0
4.383400675E1,-1.209185486E0,7.502099304E0,7.330556030E0
4.384396175E1,-8.725355530E-1,6.037095795E0,5.682183838E0
4.385391675E1,-1.812730408E-1,7.494165802E0,3.131338348E0
4.386387175E1,4.938230896E-1,8.576115875E0,2.217937775E0
4.387382675E1,8.113128662E-1,7.264094238E0,4.880750427E0
4.388378175E1,1.108744354E0,6.433172150E0,8.450676727E0
4.389373675E1,1.245410156E-1,7.782765656E0,8.867859192E0
4.390369175E1,6.379733276E-1,7.104526062E0,9.546847229E0
4.391364675E1,1.199006653E-1,7.578590240E0,6.044280853E0
4.392360175E1,-6.459068298E-1,7.646099854E0,5.750142517E0
4.393355675E1,6.526428223E-2,6.742878113E0,6.835984497E0
4.394351175E1,-5.218148804E-1,4.965773621E0,9.046886902E0
4.395346675E1,2.968327332E-1,5.821993103E0,8.187523956E0
4.396342175E1,-4.071533203E-1,6.475234680E0,6.012995911E0
4.397337675E1,1.347198486E-3,6.223757629E0,6.045777740E0
4.398333175E1,2.038760376E-1,6.849606171E0,4.513863373E0
4.399328675E1,6.444099426E-1,6.826404419E0,5.869743805E0
4.400324175E1,8.063731384E-1,4.404291229E0,8.387957153E0
4.401319675E1,-2.475851440E-1,4.624333649E0,9.497300262E0
4.402315175E1,7.360194397E-1,6.507118378E0,7.758216705E0
4.403310675E1,1.422042847E-2,6.305337982E0,7.370373230E0
4.404306175E1,1.884580994E-1,6.700665894E0,6.471342773E0
4.405301675E1,4.001179504E-1,7.849377136E0,5.542673950E0
4.406297275E1,-5.164260864E-2,6.067332916E0,8.052355042E0
4.407292775E1,-4.284091187E-1,5.786067810E0,9.255552979E0
4.408288275E1,-2.140548706E-2,7.051236877E0,7.338339844E0
4.409283775E1,3.595523071E-1,6.288423157E0,6.898853760E0
4.410279275E1,-2.389031982E-1,7.124584351E0,5.001399536E0
4.411274775E1,4.656816101E-1,7.342531128E0,6.261030121E0
4.412270275E1,1.907034302E-1,7.304061127E0,6.738986206E0
4.413265775E1,-8.083190918E-3,6.168672180E0,9.401200104E0
4.414261275E1,4.778063965E-1,6.867419128E0,7.259004822E0
4.415256775E1,1.299298096E-1,6.157295837E0,6.619684296E0
4.416252275E1,1.034349060E-1,8.498427429E0,4.768633575E0
4.417247775E1,-3.531156921E-1,5.984405365E0,8.036188660E0
4.418243275E1,3.293151855E-3,7.198380890E0,8.735983429E0
4.419238775E1,4.400848389E-1,7.070995789E0,1.025846741E1
4.420234275E1,6.732998657E-1,7.464976501E0,8.511899414E0
4.421229775E1,6.405180359E-1,7.192692719E0,7.091054077E0
4.422225275E1,1.416803741E0,5.282365265E0,6.660399628E0
4.423220775E1,1.110241241E0,6.548731842E0,5.387446747E0
4.424216275E1,1.297651520E0,7.072642365E0,6.757846985E0
4.425211775E1,9.738748169E-1,4.940925293E0,9.348509674E0
4.426207275E1,5.358856201E-1,5.380411377E0,9.239536285E0
4.427202775E1,1.237776031E0,7.457342377E0,6.609954529E0
4.428198275E1,7.496411133E-1,7.214547272E0,5.877677307E0
4.429193775E1,9.376501465E-1,5.834716644E0,5.711971893E0
4.430189275E1,1.727407837E-1,6.586004333E0,5.436844025E0
4.431184775E1,8.367599487E-2,6.332431641E0,7.705675964E0
4.432180275E1,-2.176473999E-1,6.564598846E0,8.920549622E0
4.433175775E1,-3.818559265E-1,6.340963898E0,9.406888275E0
4.434171275E1,-9.220825195E-2,7.319329376E0,7.265142059E0
4.435166775E1,-5.544470215E-1,7.273973694E0,6.602769470E0
4.436162275E1,-1.814227295E-1,5.992488556E0,7.814200287E0
4.437157775E1,5.049000549E-1,7.414082336E0,7.161258087E0
4.438153275E1,5.194198608E-1,6.134243774E0,9.749974823E0
4.439148775E1,1.859133911E-1,7.752079468E0,6.699767761E0
4.440144275E1,5.433700562E-1,8.848699036E0,4.856500854E0
4.441139775E1,2.368075562E-1,7.577243042E0,5.026996307E0
4.442135275E1,-3.305126953E-1,5.558840332E0,7.854915619E0
4.443130775E1,6.610253906E-1,7.501949615E0,6.346801758E0
4.444126275E1,-3.791615295E-1,7.845634918E0,5.465883636E0
4.445121775E1,6.526428223E-2,6.609804840E0,5.535937958E0
4.446117275E1,2.483335876E-1,6.361920319E0,4.489613800E0
4.447112775E1,3.938310242E-1,5.760321350E0,6.282285919E0
4.448108275E1,5.047503662E-1,6.029311981E0,7.630831604E0
4.449103775E1,-2.486329651E-1,6.367458801E0,9.076674957E0
4.450099275E1,-2.020797729E-2,6.795119476E0,8.385113068E0
4.451094775E1,1.191522217E-1,6.411018219E0,8.879235535E0
4.452090375E1,5.415737915E-1,6.337371368E0,8.398884430E0
4.453085875E1,-2.525248718E-1,5.930068359E0,7.873776398E0
4.454081375E1,2.258802795E-1,5.885012054E0,7.123686218E0
4.455076875E1,1.657054138E-1,6.312972107E0,7.065457306E0
4.456072375E1,-3.905378723E-1,7.285350037E0,7.699688416E0
4.457067875E1,3.677851868E-1,7.781867523E0,7.694000244E0
4.458063375E1,1.359173584E-1,7.395970001E0,6.845414886E0
4.459058875E1,2.612068176E-1,5.513784027E0,7.807613983E0
4.460054375E1,-1.511856079E-1,7.059619446E0,5.655988312E0
4.461049875E1,-2.005828857E-2,5.993536377E0,6.683152313E0
4.462045375E1,-7.235952759E-1,6.210135956E0,7.637268219E0
4.463040875E1,-6.038442993E-1,7.003635864E0,8.305179291E0
4.464036375E1,-2.682421875E-1,6.994355164E0,7.324718170E0
4.465031875E1,-8.141569519E-1,5.989494781E0,7.390730896E0
4.466027375E1,-3.490740967E-1,6.520290985E0,5.721402283E0
4.467022875E1,4.071533203E-2,5.252876587E0,7.067403259E0
4.468018371E1,3.472778320E-1,5.664819946E0,7.331154785E0
4.469013871E1,3.941304016E-1,7.952812042E0,6.467450867E0
4.470009371E1,6.376739502E-1,7.384593658E0,7.125033417E0
4.471004871E1,5.418731689E-2,5.613626404E0,8.207282867E0
4.472000371E1,-2.619552612E-2,6.653364258E0,6.503825226E0
4.472995871E1,1.505868530E-1,6.180048523E0,7.039561157E0
4.473991371E1,-1.730401611E-1,6.662195892E0,6.629264374E0
4.474986871E1,5.807922363E-2,7.474855957E0,6.205345917E0
4.475982371E1,4.634362793E-1,7.084617462E0,7.026987305E0
4.476977871E1,-4.061054993E-1,7.072193298E0,6.994804230E0
4.477973371E1,-2.173480225E-1,5.968388672E0,8.735833740E0
4.478968871E1,-5.493576050E-1,5.913153534E0,8.309370575E0
4.479964371E1,-5.794450378E-1,6.475683746E0,9.086554413E0
4.480959871E1,-1.169068909E-1,6.999444580E0,8.331374817E0
4.481955371E1,-2.294728088E-1,6.869664459E0,8.814120941E0
4.482950871E1,6.932084656E-1,7.629634094E0,6.075865173E0
4.483946371E1,8.711883545E-2,5.833070068E0,6.562802582E0
4.484941871E1,5.668711853E-1,5.517675934E0,5.802084503E0
4.485937371E1,-6.885681152E-3,6.898404694E0,5.345084839E0
4.486932871E1,8.677455139E-1,6.949747925E0,6.423741760E0
4.487928371E1,6.242019653E-2,6.107299805E0,8.251141663E0
4.488923871E1,3.691323853E-1,8.328530731E0,6.596183167E0
4.489919371E1,2.947370911E-1,7.781268768E0,5.506149902E0
4.490914871E1,-3.802093506E-2,6.091283112E0,5.945186920E0
4.491910371E1,-6.526428223E-2,6.575376434E0,5.323679352E0
4.492905871E1,3.207829285E-1,6.571185150E0,6.494993591E0
4.493901371E1,-3.010240173E-1,7.004533997E0,8.469088440E0
4.494896871E1,-1.224453735E-1,7.111262054E0,9.771230621E0
4.495892371E1,1.356179810E-1,7.270231476E0,8.975186005E0
4.496887971E1,6.885681152E-3,6.474037170E0,8.318950653E0
4.497883471E1,1.794767761E-1,6.738088074E0,5.403912506E0
4.498878971E1,5.816903687E-1,5.836213531E0,5.886658630E0
4.499874471E1,4.195774841E-1,6.831793213E0,6.631360016E0
4.500869971E1,5.812413025E-1,7.123087463E0,7.603438568E0
4.501865471E1,1.024619293E0,6.575226746E0,6.546486511E0
4.502860971E1,1.005309448E0,5.697901154E0,7.170389099E0
4.503856471E1,6.875202942E-1,6.113586731E0,6.738686829E0
4.504851971E1,4.740641785E-1,5.554649048E0,9.182055817E0
4.505847471E1,8.026309204E-1,6.536756744E0,9.712852020E0
4.506842971E1,5.167254639E-1,6.730903015E0,8.968899078E0
4.507838471E1,9.366023254E-1,7.019353180E0,7.586673431E0
4.508833971E1,6.141728210E-1,7.177574158E0,6.414760437E0
4.509829471E1,8.030799866E-1,6.225104828E0,6.336173859E0
4.510824971E1,6.527925110E-1,5.753285980E0,7.116950226E0
4.511820471E1,6.042933655E-1,6.490353241E0,6.931036835E0
4.512815971E1,6.369255066E-1,6.418502655E0,6.474635925E0
4.513811471E1,6.265969849E-1,6.394253082E0,7.370223541E0
4.514806971E1,9.005273438E-1,6.755901031E0,6.964267731E0
4.515802471E1,1.022074585E0,6.158044281E0,7.886649628E0
4.516797971E1,6.456074524E-1,6.974446564E0,8.043822784E0
4.517793471E1,3.847000122E-1,6.608307953E0,8.489146729E0
4.518788971E1,2.427951050E-1,7.383845215E0,8.668773193E0
4.519784471E1,1.224453735E-1,7.242838440E0,9.147477722E0
4.520779971E1,-3.041674805E-1,7.373217316E0,7.497458954E0
4.521775471E1,-5.119354248E-2,6.337670746E0,7.232958984E0
4.522770971E1,-2.185455322E-2,6.762637024E0,4.817581787E0
4.523766471E1,2.704875183E-1,6.119723969E0,5.249134369E0
4.524761971E1,1.543290710E-1,6.122418365E0,4.848717041E0
4.525757471E1,5.538482666E-1,6.046226807E0,6.672674103E0
4.526752971E1,1.156794434E0,6.952741699E0,7.319179688E0
4.527748471E1,1.291813660E0,6.139033813E0,8.744964752E0
4.528743971E1,1.375938721E0,6.010451202E0,9.249266052E0
4.529739471E1,5.541476440E-1,6.114634552E0,9.320966949E0
4.530734971E1,1.256636810E0,7.203769684E0,7.875273285E0
4.531730471E1,8.792715454E-1,7.858508148E0,6.302344208E0
4.532725971E1,8.506809998E-1,6.826404419E0,7.389084320E0
4.533721471E1,3.501219177E-1,6.588848419E0,6.629414062E0
4.534716971E1,4.552033997E-1,6.049220581E0,7.769293671E0
4.535712471E1,7.511380005E-1,6.067931671E0,8.665779419E0
4.536707971E1,4.887336731E-1,6.581363983E0,7.765102386E0
4.537703471E1,8.901988220E-1,7.803422699E0,6.303242340E0
4.538698971E1,4.996609497E-1,7.427254944E0,5.433101807E0
4.539694471E1,8.298742676E-1,6.855893097E0,4.612957306E0
4.540689971E1,9.324110413E-1,5.626499634E0,5.538931732E0
4.541685571E1,1.824705505E-1,5.476960602E0,5.507796478E0
4.542680971E1,7.581733704E-1,6.041287079E0,6.891069946E0
4.543676571E1,-8.472381592E-2,7.993527374E0,6.090834045E0
4.544672071E1,1.374142456E-1,7.164551239E0,8.129145355E0
4.545667571E1,-4.715194702E-2,8.091723175E0,6.719526672E0
4.546663071E1,-6.698570251E-1,6.304888916E0,8.139174500E0
4.547658571E1,-2.565664673E-1,6.831643524E0,6.183341675E0
4.548654071E1,-6.420149231E-1,6.989864502E0,6.510261841E0
4.549649571E1,2.956352234E-1,6.540199585E0,9.064101105E0
4.550645071E1,-2.249821472E-1,6.734196167E0,1.030427216E1
4.551640571E1,7.155120850E-2,8.681496735E0,8.296647034E0
4.552636071E1,-1.805245972E-1,7.420069885E0,7.390431519E0
4.553631571E1,3.962260437E-1,5.979465637E0,5.913003845E0
4.554627071E1,1.392404480E0,7.698640594E0,4.258943481E0
4.555622571E1,2.140548706E-1,7.235054626E0,6.254443817E0
4.556618071E1,1.341210938E-1,5.727240143E0,9.966574402E0
4.557613571E1,-4.005670166E-1,7.788603516E0,8.414002991E0
4.558609071E1,-4.688250732E-1,6.784491577E0,8.343649292E0
4.559604571E1,-1.196012878E-1,5.994135132E0,7.836354218E0
4.560600071E1,-8.577163696E-2,6.112688599E0,7.343878326E0
4.561595571E1,2.999761963E-1,5.710624695E0,7.555987244E0
4.562591071E1,-3.727249146E-2,5.614225159E0,7.102131042E0
4.563586571E1,2.315684509E-1,6.160439301E0,7.046147461E0
4.564582071E1,8.427474976E-2,6.946454773E0,5.166655884E0
4.565577571E1,-1.830693054E-1,4.849914551E0,7.755671997E0
4.566573071E1,2.821632385E-1,5.978268127E0,7.913743286E0
4.567568558E1,-5.343887329E-1,7.435338135E0,8.164621582E0
4.568564058E1,-1.865121460E-1,7.480693817E0,7.301516418E0
4.569559558E1,-6.623725891E-1,6.613547058E0,6.717880096E0
4.570555058E1,1.356179810E-1,7.353009338E0,5.054838409E0
4.571550558E1,-9.939331055E-2,5.802533569E0,4.875361633E0
4.572546058E1,-3.891906738E-3,4.699776764E0,6.389013977E0
4.573541558E1,9.190887451E-2,6.947203217E0,6.190826111E0
4.574537058E1,2.026785278E-1,5.879772949E0,9.573192444E0
4.575532558E1,-2.273771667E-1,5.961652679E0,1.183588715E1
4.576528058E1,-1.246907043E-1,8.180189209E0,8.671467590E0
4.577523558E1,1.818717957E-1,6.557264099E0,8.033793640E0
4.578519058E1,-1.507365417E-1,6.039041748E0,6.647376709E0
4.579514558E1,-1.194515991E-1,6.244115295E0,5.716761932E0
4.580510058E1,3.472778320E-2,6.439309387E0,6.024072876E0
4.581505558E1,-4.143383789E-1,6.902446289E0,6.932683411E0
4.582501058E1,3.442840576E-2,7.807164917E0,6.198310547E0
4.583496558E1,2.234852600E-1,6.501280518E0,6.722819824E0
4.584492058E1,-1.992356873E-1,6.587501221E0,7.403604126E0
4.585487658E1,-3.954776001E-1,7.620802460E0,6.816824341E0
4.586483158E1,1.065783691E-1,6.024222565E0,8.135581970E0
4.587478658E1,3.891906738E-2,8.121062164E0,6.102509766E0
4.588474158E1,2.047741699E-1,8.608448639E0,5.838159485E0
4.589469658E1,-2.591111755E-1,7.263495483E0,6.108197937E0
4.590465158E1,-2.785707092E-1,6.482868805E0,6.155948639E0
4.591460658E1,8.038284302E-2,6.443500671E0,6.522835693E0
4.592456158E1,-1.669029236E-1,5.209915924E0,8.487500153E0
4.593451658E1,4.670288086E-2,7.049440613E0,7.752678223E0
4.594447158E1,3.126997375E-1,8.330776062E0,6.506070557E0
4.595442658E1,2.775228882E-1,6.575226746E0,6.899003448E0
4.596438158E1,1.496887207E-1,6.684798889E0,6.126609650E0
4.597433658E1,2.103126526E-1,6.636599121E0,5.927523651E0
4.598429158E1,2.874023438E-2,5.512137451E0,4.679419098E0
4.599424658E1,4.698728943E-1,5.546565857E0,7.442523193E0
4.600420158E1,7.458988953E-1,6.454577637E0,1.066068100E1
4.601415658E1,-1.676513672E-1,6.176156616E0,1.396969986E1
4.602411158E1,-7.488926697E-1,7.708669739E0,1.249032623E1
4.603406658E1,-1.157243500E0,7.466473389E0,9.694140930E0
4.604402158E1,-5.713618469E-1,7.026089172E0,7.052434387E0
4.605397658E1,-3.091072083E-1,6.975045319E0,6.275849304E0
4.606393158E1,3.808081055E-1,5.880222015E0,7.645650787E0
4.607388658E1,4.215234375E-1,7.310797119E0,5.175487518E0
4.608384158E1,6.638694763E-1,7.067702637E0,4.397405548E0
4.609379658E1,5.043013000E-1,4.904251556E0,4.849764862E0
4.610375158E1,2.884501648E-1,5.407505035E0,5.411396942E0
4.611370658E1,8.979826355E-1,5.991740112E0,6.232888641E0
4.612366158E1,5.995033264E-1,6.586752777E0,7.378606110E0
4.613361658E1,1.406924286E0,7.084168396E0,9.457782440E0
4.614357158E1,3.240760803E-1,7.845485229E0,9.669442291E0
4.615352658E1,2.291734314E-1,7.214696960E0,9.607471161E0
4.616348158E1,3.496728516E-1,7.719896393E0,7.001240845E0
4.617343658E1,7.514373779E-2,6.510411530E0,6.727759552E0
4.618339158E1,3.356021118E-1,6.080206146E0,6.272406464E0
4.619334658E1,2.674937439E-1,6.284082184E0,5.922733612E0
4.620330158E1,2.936892700E-1,6.751709747E0,6.064488831E0
4.621325658E1,1.112187195E-1,6.181096344E0,6.921756134E0
4.622321258E1,3.870950317E-1,5.948629761E0,7.507787476E0
4.623316758E1,4.477189636E-1,6.450386353E0,6.960525513E0
4.624312258E1,5.137316895E-1,6.940018158E0,6.909631348E0
4.625307758E1,5.828878784E-1,5.577850800E0,8.381370850E0
4.626303258E1,4.725672913E-1,6.185287628E0,6.826554108E0
4.627298758E1,4.761598206E-1,6.255791016E0,6.960226135E0
4.628294258E1,-1.092727661E-1,6.137836304E0,6.796766052E0
4.629289758E1,-6.313870239E-1,5.704487457E0,8.009244690E0
4.630285258E1,-2.281256104E-1,7.251670074E0,7.230863342E0
4.631280758E1,-5.908213806E-1,6.618935852E0,7.538024597E0
4.632276258E1,4.089495850E-1,6.117179260E0,8.067623291E0
4.633271758E1,1.011296997E0,5.964646454E0,7.586224365E0
4.634267258E1,1.727108459E0,5.608986053E0,8.326135712E0
4.635262758E1,1.789678345E0,6.957082672E0,7.233408051E0
4.636258258E1,1.176403656E0,6.440506897E0,6.736441498E0
4.637253758E1,5.794450378E-1,7.332202606E0,5.522465973E0
4.638249258E1,3.791615295E-1,7.402107239E0,4.851561127E0
4.639244758E1,1.984872437E-1,8.091872864E0,4.582869873E0
4.640240258E1,3.631448364E-1,8.375532990E0,5.136269073E0
4.641235758E1,4.519102478E-1,7.017257538E0,7.572453003E0
4.642231258E1,4.995112610E-1,6.306685181E0,8.841663666E0
4.643226758E1,6.944059753E-1,6.468947754E0,8.923244019E0
4.644222258E1,3.535647583E-1,6.760541382E0,8.531059570E0
4.645217758E1,-5.683680725E-1,7.200626221E0,7.826923828E0
4.646213258E1,-1.829196167E-1,7.520061951E0,7.727829895E0
4.647208758E1,2.447410583E-1,5.745352478E0,8.378975830E0
4.648204258E1,8.598120117E-1,6.474935303E0,8.015830994E0
4.649199758E1,7.427554321E-1,7.437733154E0,6.593788147E0
4.650195258E1,-1.281335449E-1,5.283113708E0,7.278763733E0
4.651190758E1,-6.336323547E-1,6.708000641E0,5.871240692E0
4.652186258E1,-4.221221924E-1,7.703430634E0,5.572911072E0
4.653181758E1,4.580474854E-2,6.509064331E0,7.119794312E0
4.654177258E1,4.625381470E-2,6.648873596E0,9.200916595E0
4.655172758E1,-1.019380188E-1,7.457492065E0,8.125403137E0
4.656168258E1,-6.212081909E-2,6.295458527E0,8.153394928E0
4.657163758E1,2.095642090E-3,6.940467224E0,6.085295563E0
4.658159358E1,3.906875610E-2,6.208639069E0,6.117628326E0
4.659154758E1,1.836680603E-1,6.442602539E0,6.318809967E0
4.660150358E1,-1.267863464E-1,6.164630585E0,8.188571777E0
4.661145858E1,-1.252894592E-1,6.754703522E0,8.151748352E0
4.662141358E1,-4.062551880E-1,6.755302277E0,7.258106689E0
4.663136858E1,2.435435486E-1,7.169940033E0,5.870641937E0
4.664132358E1,2.227368164E-1,6.408323822E0,7.157066803E0
4.665127858E1,8.217910767E-2,5.188211060E0,9.509275360E0
4.666123358E1,-1.008901978E-1,6.823859711E0,7.933951263E0
4.667118858E1,8.038284302E-2,6.934329987E0,7.284900970E0
4.668114421E1,1.347198486E-3,7.214247894E0,4.986430664E0
4.669109921E1,1.375639343E-1,6.658902740E0,4.539011078E0
4.670105421E1,7.876620483E-1,5.549859009E0,4.680616608E0
4.671100921E1,6.971003723E-1,5.407205658E0,5.642666016E0
4.672096421E1,5.231620789E-1,6.657705231E0,5.941594391E0
4.673091921E1,1.196012878E-1,5.835914154E0,7.568561096E0
4.674087421E1,1.380130005E-1,5.691015472E0,1.060589493E1
4.675082921E1,-4.715194702E-2,5.911506958E0,1.219499039E1
4.676078421E1,1.163081360E-1,7.157665558E0,1.110256210E1
4.677073921E1,2.921923828E-1,7.255561981E0,8.900491333E0
4.678069421E1,7.873626709E-2,5.678291931E0,8.055049438E0
4.679064921E1,6.809339905E-1,7.635771332E0,6.397396545E0
4.680060421E1,5.737568665E-1,7.912545776E0,5.650599518E0
4.681055921E1,5.950126648E-1,6.784192200E0,5.079237671E0
4.682051421E1,4.637356567E-1,5.574108582E0,5.538332977E0
4.683046921E1,4.242178345E-1,6.441704407E0,5.102888489E0
4.684042421E1,4.010160828E-1,6.319558411E0,7.296277313E0
4.685037921E1,4.685256958E-2,7.137906647E0,6.964866486E0
4.686033421E1,-7.813751221E-2,6.925947418E0,8.366701355E0
4.687028921E1,3.873944092E-1,8.128696289E0,6.865173798E0
4.688024421E1,-2.200424194E-1,7.993227997E0,6.743177490E0
4.689019921E1,2.933898926E-2,5.971232758E0,7.639363861E0
4.690015421E1,-4.218228149E-1,5.188660126E0,8.154293060E0
4.691010921E1,5.972579956E-2,6.352639618E0,7.078330536E0
4.692006421E1,3.276686096E-1,7.254364471E0,5.529651031E0
4.693001921E1,3.071612549E-1,6.995552673E0,6.612349548E0
4.693997421E1,9.610015869E-2,7.221283264E0,7.896828461E0
4.694992921E1,1.028361511E-1,6.313121796E0,9.798773346E0
4.695988421E1,4.326004028E-1,6.998097382E0,9.107211456E0
4.696983921E1,-4.520599365E-2,6.807094574E0,8.305328979E0
4.697979521E1,-5.912704468E-2,6.336772614E0,8.053702240E0
4.698975021E1,1.291813660E-1,7.356751556E0,6.738986206E0
4.699970521E1,1.954934692E-1,8.324489136E0,4.603227539E0
4.700966021E1,3.382965088E-1,6.190377045E0,5.735173645E0
4.701961521E1,4.749623108E-1,6.313870239E0,4.493954773E0
4.702957021E1,9.220825195E-1,6.337970123E0,5.780379639E0
4.703952521E1,9.340576172E-1,6.648274841E0,6.610104218E0
4.704948021E1,1.221010895E0,6.074817352E0,8.324938202E0
4.705943521E1,1.507664795E0,6.870861969E0,7.303162994E0
4.706939021E1,1.082848206E0,6.575675812E0,7.168892212E0
4.707934521E1,1.415905609E0,5.116210785E0,7.294930115E0
4.708930021E1,7.665559387E-1,5.304369507E0,6.423891449E0
4.709925521E1,1.800755310E-1,4.683760071E0,7.569908295E0
4.710921021E1,-2.148033142E-1,6.422993317E0,6.292913818E0
4.711916521E1,-1.426533508E-1,8.173453217E0,6.541696472E0
4.712912021E1,2.083666992E-1,8.308771820E0,5.139711914E0
4.713907521E1,-2.899470520E-1,7.156168671E0,5.336103516E0
4.714903021E1,-2.483335876E-1,6.884333954E0,6.980284424E0
4.715898521E1,-6.849755859E-1,5.640420685E0,1.055425232E1
4.716894021E1,-3.047662354E-1,5.929918671E0,1.188064407E1
4.717889521E1,-1.631607056E-2,7.918383636E0,9.838740234E0
4.718885021E1,-4.709207153E-1,8.048163757E0,6.702761536E0
4.719880521E1,8.427474976E-2,6.408623199E0,5.982908478E0
4.720876021E1,-2.963836670E-2,5.710325317E0,6.963968353E0
4.721871521E1,5.165757751E-1,5.319338379E0,9.166937256E0
4.722867021E1,8.655001831E-1,6.578370209E0,9.813293152E0
4.723862521E1,1.087638245E0,6.539750519E0,9.959838409E0
4.724858021E1,1.328786774E0,6.246360626E0,8.043373718E0
4.725853521E1,1.125659180E0,6.981631622E0,6.161487122E0
4.726849021E1,9.925859070E-1,6.626120911E0,4.603227539E0
4.727844521E1,7.870632935E-1,6.277495880E0,4.419709167E0
4.728840021E1,3.836521912E-1,5.666316833E0,7.460485840E0
4.729835521E1,-3.164419556E-1,6.511159973E0,8.392148438E0
4.730831021E1,-1.570234680E-1,7.001989288E0,9.470056915E0
4.731826521E1,8.173004150E-2,7.751181335E0,7.216044159E0
4.732822021E1,-4.607418823E-1,7.672445068E0,5.939947815E0
4.733817521E1,-5.833369446E-1,7.571255493E0,4.848567352E0
4.734813021E1,-7.691006470E-1,6.135441284E0,7.264992371E0
4.735808521E1,-2.477348328E-1,6.171815643E0,8.944200439E0
4.736804021E1,-1.589694214E-1,6.892267456E0,9.041049042E0
4.737799521E1,-5.516029358E-1,7.133266296E0,8.422086182E0
4.738795021E1,-3.210823059E-1,7.027136993E0,6.387966156E0
4.739790621E1,-5.113366699E-1,6.192921753E0,7.225923615E0
4.740786021E1,-3.552113342E-1,5.668262787E0,7.543862457E0
4.741781621E1,9.759704590E-2,6.095474396E0,6.752757568E0
4.742777121E1,5.393284607E-1,7.046746216E0,5.133574677E0
4.743772621E1,4.475692749E-2,6.506669312E0,4.907245331E0
4.744768121E1,1.829196167E-1,6.428232422E0,6.346801758E0
4.745763621E1,1.013392639E-1,6.023474121E0,8.885223083E0
4.746759121E1,-6.286926270E-2,5.186265106E0,1.205877365E1
4.747754621E1,2.245330811E-3,6.387517090E0,9.705666962E0
4.748750121E1,-2.748284912E-1,7.566615143E0,5.008434906E0
4.749745621E1,-2.460882568E-1,7.110663300E0,3.287463684E0
4.750741121E1,-3.667373657E-1,7.213349762E0,2.987936554E0
4.751736621E1,1.273851013E-1,5.509143677E0,5.598507843E0
4.752732121E1,-4.415817261E-2,4.819378052E0,9.383836212E0
4.753727621E1,7.274871826E-2,6.909930725E0,9.036708069E0
4.754723121E1,1.531315613E-1,8.139473877E0,6.574029236E0
4.755718621E1,8.083190918E-2,7.422315216E0,4.974754944E0
4.756714121E1,-2.531236267E-1,6.973099365E0,4.389621735E0
4.757709621E1,-2.543211365E-1,6.123166809E0,5.892197113E0
4.758705121E1,-3.740721130E-1,4.467310181E0,1.018916153E1
4.759700621E1,1.305285645E-1,5.976022797E0,1.194381271E1
4.760696121E1,-1.119671631E-1,8.752598877E0,9.757010193E0
4.761691621E1,-4.215234375E-1,8.389753418E0,7.566016388E0
4.762687121E1,-7.858657837E-1,6.666836243E0,6.309978333E0
4.763682621E1,-8.376580811E-1,5.523813171E0,7.333849182E0
4.764678121E1,1.212478638E-1,5.986351318E0,8.406817932E0
4.765673621E1,3.942800903E-1,6.189628601E0,1.037492523E1
4.766669121E1,5.249583435E-1,7.743247833E0,8.366851044E0
4.767664621E1,1.126707001E0,7.796087952E0,7.067403259E0
4.768660050E1,8.948391724E-1,5.865103455E0,6.924899597E0
4.769655550E1,5.327421570E-1,5.404810638E0,5.599705353E0
4.770651050E1,1.656006317E0,4.458179169E0,6.687044220E0
4.771646550E1,1.389710083E0,6.072572021E0,5.866600342E0
4.772642050E1,1.175655212E0,7.509434052E0,7.424859924E0
4.773637550E1,9.711804199E-1,7.860753479E0,7.782765656E0
4.774633050E1,-2.906954956E-1,6.841373291E0,9.999356232E0
4.775628550E1,2.673440552E-1,7.313042450E0,8.042475586E0
4.776624050E1,7.244934082E-2,5.977669373E0,6.861431580E0
4.777619550E1,5.894741821E-1,4.773124237E0,6.964267731E0
4.778615050E1,5.496569824E-1,6.831643524E0,5.952222290E0
4.779610550E1,7.676037598E-1,7.673193512E0,6.874005432E0
4.780606050E1,4.716691589E-1,6.791526947E0,7.234904938E0
4.781601550E1,7.723937988E-2,5.767356720E0,8.461304626E0
4.782597050E1,6.207591248E-1,6.773713989E0,6.127657471E0
4.783592550E1,2.923420715E-1,6.305487671E0,6.428831177E0
4.784588050E1,1.205143890E0,6.691534882E0,6.074667664E0
4.785583550E1,7.816744995E-1,7.303013306E0,6.475983124E0
4.786579050E1,7.411088562E-1,7.413633270E0,7.451953583E0
4.787574550E1,4.456233215E-1,6.077362061E0,8.871451721E0
4.788570050E1,2.579136658E-1,4.724475403E0,1.053808594E1
4.789565550E1,6.231541443E-1,5.700445862E0,9.881401520E0
4.790561050E1,8.186476135E-1,7.604785767E0,7.023993530E0
4.791556550E1,1.023122406E0,7.408094788E0,4.655768280E0
4.792552050E1,9.162446594E-1,6.742429047E0,3.983216858E0
4.793547650E1,7.379653931E-1,6.634503479E0,4.956343231E0
4.794543150E1,8.199948120E-1,5.080584869E0,7.651937714E0
4.795538650E1,7.122189331E-1,5.759123840E0,9.183103638E0
4.796534150E1,6.298901367E-1,6.404731293E0,8.817114716E0
4.797529650E1,6.976991272E-1,6.653214569E0,6.561455383E0
4.798525150E1,3.914360046E-1,7.875123596E0,4.037104797E0
4.799520650E1,-4.129911804E-1,8.105494537E0,3.378923492E0
4.800516150E1,-5.342390442E-1,5.960006104E0,7.994425507E0
4.801511650E1,4.385879517E-1,5.551056519E0,1.135763168E1
4.802507150E1,7.527845764E-1,6.908583527E0,1.192869415E1
4.803502650E1,1.443897400E0,8.551117859E0,9.528435516E0
4.804498150E1,3.348536682E-1,7.558831329E0,6.746171265E0
4.805493650E1,-5.704637146E-1,7.460186462E0,4.158652039E0
4.806489150E1,-8.053253174E-1,6.177354126E0,3.962410126E0
4.807484650E1,-7.755372620E-1,5.029840393E0,5.601052551E0
4.808480150E1,-4.492158508E-1,5.450166321E0,9.058412933E0
4.809475650E1,4.089495850E-1,5.857169952E0,1.057925034E1
4.810471150E1,-1.871109009E-2,7.343129883E0,8.378077698E0
4.811466650E1,-1.839674377E-1,8.385861511E0,5.775439911E0
4.812462150E1,-1.362167358E-2,6.672374725E0,5.460943909E0
4.813457650E1,1.724414062E-1,5.653144226E0,6.240073700E0
4.814453150E1,4.608915710E-1,6.062991943E0,8.163723450E0
4.815448650E1,7.896080017E-1,6.457571411E0,9.357341309E0
4.816444150E1,4.299060059E-1,6.436315613E0,9.642348633E0
4.817439650E1,-3.216810608E-1,7.666906586E0,6.960226135E0
4.818435150E1,-1.080752563E-1,7.115303650E0,6.045328674E0
4.819430650E1,-2.228865051E-1,6.323450317E0,5.494623871E0
4.820426150E1,-2.121089172E-1,5.883814545E0,6.500981140E0
4.821421650E1,-2.185455322E-2,5.753585358E0,7.665260010E0
4.822417150E1,-8.128097534E-2,6.137237549E0,7.543413391E0
4.823412650E1,-7.454498291E-2,7.966284027E0,6.426136780E0
4.824408150E1,-1.886077881E-1,7.209008789E0,6.560257874E0
4.825403650E1,-1.368154907E-1,6.332281952E0,6.831044769E0
4.826399150E1,-2.724334717E-1,6.825655975E0,7.640112305E0
4.827394650E1,-3.727249146E-2,5.281018066E0,9.475146332E0
4.828390150E1,5.861810303E-1,6.017486572E0,8.826994171E0
4.829385650E1,6.213578796E-1,8.601413269E0,5.160967712E0
4.830381150E1,-1.222956848E-1,6.938820648E0,6.047723694E0
4.831376650E1,2.897973633E-1,5.788013763E0,6.254593506E0
4.832372150E1,-1.631607056E-1,6.220464478E0,8.563991089E0
4.833367650E1,-4.484674072E-1,6.526128845E0,8.649912415E0
4.834363150E1,-4.116439819E-1,5.928571472E0,7.793543243E0
4.835358650E1,9.879455566E-3,6.350543976E0,6.202801208E0
4.836354150E1,-1.562750244E-1,6.723568268E0,3.354374542E0
4.837349650E1,5.319937134E-1,5.946085052E0,4.903353424E0
4.838345150E1,1.338965607E0,5.825286255E0,6.435118103E0
4.839340650E1,-2.095642090E-3,6.210435333E0,9.629325714E0
4.840336150E1,5.059478760E-2,7.963889008E0,8.825646973E0
4.841331650E1,-3.739224243E-1,7.319778442E0,9.187743988E0
4.842327150E1,-1.410217438E0,6.332281952E0,8.692873077E0
4.843322650E1,-1.440903625E0,6.563850403E0,5.722749481E0
4.844318150E1,8.726852417E-2,6.073021088E0,5.811963959E0
4.845313650E1,-4.793032837E-1,6.259084167E0,5.070855103E0
4.846309150E1,1.431024170E-1,6.415209503E0,7.731871490E0
4.847304650E1,1.275048523E0,6.311325531E0,9.551637268E0
4.848300150E1,6.122268677E-2,6.206244049E0,1.106663681E1
4.849295650E1,5.632786560E-1,8.074059906E0,8.092621307E0
4.850291150E1,2.140548706E-1,7.188052368E0,5.474415894E0
4.851286750E1,-2.113604736E-1,4.923112335E0,5.452261963E0
4.852282150E1,-2.544708252E-3,6.502178650E0,6.214776306E0
4.853277750E1,1.890568542E-1,6.627019043E0,9.670340424E0
4.854273250E1,-8.113128662E-2,6.410120087E0,1.074750046E1
4.855268750E1,-5.126838684E-1,7.854915619E0,9.349108429E0
4.856264250E1,-2.288740540E-1,8.321345673E0,4.401297455E0
4.857259750E1,-4.249662781E-1,6.725963287E0,2.560126190E0
4.858255250E1,-7.634124756E-2,5.916596375E0,3.232078857E0
4.859250750E1,2.588117981E-1,4.636159058E0,6.738088074E0
4.860246250E1,-3.046165466E-1,5.685476990E0,1.001462448E1
4.861241750E1,-5.733078003E-1,7.244784393E0,1.005040009E1
4.862237250E1,-3.534150696E-1,6.870712280E0,9.927805023E0
4.863232750E1,-2.248324585E-1,5.900280304E0,8.212222595E0
4.864228250E1,2.640509033E-1,6.026168518E0,7.004234619E0
4.865223750E1,5.948629761E-1,7.195836182E0,5.720504150E0
4.866219250E1,1.815724182E-1,6.089037781E0,8.634045410E0
4.867214750E1,-2.706372070E-1,6.516848145E0,1.006776398E1
4.868210233E1,-3.607498169E-1,7.300169220E0,1.005399261E1
4.869205733E1,2.323168945E-1,7.868686981E0,7.047794037E0
4.870201233E1,7.485932922E-1,7.337591400E0,3.735631714E0
4.871196733E1,7.863148499E-1,6.288423157E0,2.899620209E0
4.872192233E1,8.969348145E-1,5.372777252E0,4.033811646E0
4.873187733E1,9.845027161E-1,6.356381836E0,6.714886322E0
4.874183233E1,6.459068298E-1,6.896608429E0,9.591454468E0
4.875178733E1,5.987548828E-1,5.730982361E0,1.129551086E1
4.876174233E1,7.409591675E-2,6.279142456E0,1.038839722E1
4.877169733E1,-5.433700562E-2,7.358547821E0,7.351063385E0
4.878165233E1,8.720864868E-1,5.921835480E0,6.553521881E0
4.879160733E1,3.336561584E-1,6.367159424E0,5.284011841E0
4.880156233E1,4.433779907E-1,6.710096283E0,5.116360474E0
4.881151733E1,4.727169800E-1,6.878795471E0,5.085674286E0
4.882147233E1,-6.752458191E-1,6.700965271E0,7.770191803E0
4.883142733E1,-5.839356995E-1,6.642137604E0,8.715925140E0
4.884138233E1,6.265969849E-1,6.203849030E0,9.567204895E0
4.885133733E1,5.529501343E-1,6.880292358E0,8.888067169E0
4.886129233E1,1.143621826E0,7.275470581E0,7.241042175E0
4.887124733E1,9.674382019E-1,7.921377411E0,5.682932281E0
4.888120233E1,8.696914673E-2,6.957232361E0,4.895120544E0
4.889115733E1,6.697073364E-1,5.073848877E0,7.430099030E0
4.890111233E1,8.547225952E-1,6.701564026E0,8.175698547E0
4.891106733E1,-7.364685059E-2,7.340734863E0,8.810827789E0
4.892102233E1,-1.227447510E-2,6.693331146E0,8.713829498E0
4.893097733E1,5.025050354E-1,7.912096710E0,5.519472198E0
4.894093233E1,4.700225830E-1,7.716303864E0,3.938010864E0
4.895088733E1,2.240840149E-1,5.413043518E0,4.827461243E0
4.896084233E1,4.770579529E-1,5.289550323E0,6.323600006E0
4.897079733E1,6.511459351E-2,6.095175018E0,7.408244476E0
4.898075233E1,-2.993774414E-3,5.165757751E0,9.633367310E0
4.899070733E1,5.525010681E-1,6.784192200E0,9.384734344E0
4.900066233E1,2.859054565E-2,7.764054565E0,6.631659393E0
4.901061733E1,1.899549866E-1,6.709946594E0,5.037324829E0
4.902057233E1,6.282435608E-1,5.875581665E0,3.883823547E0
4.903052733E1,6.271957397E-2,5.130580902E0,5.363047485E0
4.904048233E1,4.924758911E-1,6.664890289E0,7.313192139E0
4.905043733E1,3.996688843E-1,5.923931122E0,1.144145737E1
4.906039233E1,-6.727011108E-1,7.098089447E0,1.322754318E1
4.907034733E1,-2.201921082E-1,1.016745667E1,8.830137634E0
4.908030233E1,8.367599487E-2,8.495882721E0,6.806346130E0
4.909025733E1,-2.424957275E-1,6.597081299E0,5.120102692E0
4.910021233E1,5.465135193E-1,4.794230347E0,6.485712891E0
4.911016733E1,7.499404907E-1,4.565056915E0,8.062084808E0
4.912012233E1,4.204756165E-1,5.685926056E0,1.032792297E1
4.913007733E1,7.143145752E-1,7.362140350E0,9.832752686E0
4.914003333E1,1.058448944E0,6.936725006E0,7.210655365E0
4.914998733E1,-1.332229614E-2,8.448431396E0,4.333039398E0
4.915994333E1,1.776805115E-1,8.055049438E0,2.752176819E0
4.916989833E1,2.216889954E-1,5.380710754E0,5.495222626E0
4.917985333E1,-9.928852844E-1,5.458249512E0,8.267457733E0
4.918980833E1,-5.966592407E-1,6.654711456E0,1.066098038E1
4.919976333E1,-5.269042969E-2,8.152796173E0,1.005833359E1
4.920971833E1,-1.264121246E0,7.192093964E0,8.291707306E0
4.921967333E1,-5.450166321E-1,5.507946167E0,6.710994415E0
4.922962833E1,5.179229736E-2,6.319857788E0,4.833149414E0
4.923958333E1,-1.984872437E-1,6.174659729E0,5.558990021E0
4.924953833E1,7.954458618E-1,5.014572144E0,6.613247681E0
4.925949333E1,8.237370300E-1,6.463259583E0,7.023394775E0
4.926944833E1,2.806663513E-1,7.961044922E0,5.174140320E0
4.927940333E1,3.113525391E-1,5.894143066E0,5.806724854E0
4.928935833E1,3.823049927E-1,5.402565308E0,6.351292419E0
4.929931333E1,-1.875599670E-1,5.979016571E0,6.642736359E0
4.930926833E1,1.646575928E-3,6.734345856E0,7.770042114E0
4.931922333E1,-3.317102051E-1,7.253316650E0,8.627908173E0
4.932917833E1,-8.876541138E-1,6.566544800E0,9.489666138E0
4.933913333E1,-8.755293274E-1,7.321874084E0,7.907456360E0
4.934908833E1,-7.538323975E-1,6.034401398E0,6.944808197E0
4.935904333E1,-5.610333252E-1,4.342769165E0,5.669310608E0
4.936899833E1,-3.893403625E-1,6.096372528E0,3.687282257E0
4.937895333E1,3.712280273E-2,6.502178650E0,8.529263306E0
4.938890833E1,-1.047821045E-3,6.627917175E0,1.153591095E1
4.939886333E1,5.354365540E-1,7.390281830E0,1.263238083E1
4.940881833E1,3.959266663E-1,8.908873901E0,9.248816986E0
4.941877333E1,5.375321960E-1,6.475683746E0,6.617738342E0
4.942872833E1,4.439767456E-1,5.752088470E0,3.463497620E0
4.943868333E1,6.810836792E-2,6.227948914E0,2.825374603E0
4.944863833E1,7.255412292E-1,7.211553497E0,3.558100891E0
4.945859333E1,8.023315430E-1,6.884483643E0,6.355034637E0
4.946854833E1,-8.023315430E-2,7.602839813E0,1.101858673E1
4.947850333E1,-3.842509460E-1,8.453820190E0,1.203826630E1
4.948845833E1,-1.395098877E-1,7.582631836E0,1.130539032E1
4.949841333E1,-1.559756470E-1,7.119494934E0,8.703351288E0
4.950836833E1,6.566844177E-1,6.956334229E0,3.341201935E0
4.951832333E1,1.071771240E0,6.114634552E0,1.463656311E0
4.952827833E1,1.071172485E0,5.803880768E0,2.804567871E0
4.953823333E1,3.228785706E-1,5.771997070E0,8.338110809E0
4.954818833E1,4.574487305E-1,6.035000153E0,1.284299286E1
4.955814333E1,-1.148112488E-1,5.817352753E0,1.418600006E1
4.956809833E1,-1.221459961E-1,6.957082672E0,1.175595337E1
4.957805333E1,1.115180969E-1,7.533983002E0,4.706662445E0
4.958800833E1,5.536985779E-1,5.604495392E0,1.200353851E0
4.959796333E1,1.050066376E0,5.910758514E0,-6.855743408E-2
4.960791833E1,1.113684082E0,6.323001251E0,3.701802063E0
4.961787333E1,7.698490906E-1,5.940995636E0,1.033600616E1
4.962782833E1,-2.769241333E-2,6.141578522E0,1.355161926E1
4.963778333E1,-5.807922363E-1,6.916067963E0,1.397269363E1
4.964773833E1,-5.834866333E-1,7.932005310E0,7.548951874E0
4.965769333E1,4.787045288E-1,6.480623474E0,3.822750549E0
4.966764833E1,4.161346436E-1,5.734574890E0,6.945556641E-1
4.967760333E1,2.927911377E-1,5.092559967E0,2.186353455E0
4.968755896E1,7.373666382E-1,4.614304504E0,6.727160797E0
4.969751396E1,-3.888912964E-1,4.865033112E0,1.074286011E1
4.970746896E1,-1.901046753E-1,6.867119751E0,1.285781204E1
4.971742396E1,2.207908630E-1,7.173532562E0,9.586065674E0
4.972737896E1,-6.945556641E-2,7.570057983E0,5.926176453E0
4.973733396E1,2.065704346E-2,8.954678650E0,6.339317322E-1
4.974728896E1,4.893324280E-1,6.586752777E0,1.593586121E0
4.975724396E1,8.951385498E-2,5.219645691E0,6.434818726E0
4.976719996E1,-4.101470947E-2,6.278244324E0,9.512867889E0
4.977715396E1,5.757028198E-1,7.603588257E0,1.130539032E1
4.978710996E1,5.059478760E-1,7.328759766E0,1.032522858E1
4.979706496E1,-7.102729797E-1,6.573430481E0,9.760303345E0
4.980701996E1,6.441105652E-1,7.075785828E0,6.706952820E0
4.981697496E1,8.217910767E-1,7.134014740E0,5.839057617E0
4.982692996E1,9.550140381E-1,5.989794159E0,6.517895966E0
4.983688496E1,4.005670166E-1,5.524711304E0,6.443201294E0
4.984683996E1,6.972500610E-1,6.630162506E0,7.675887909E0
4.985679496E1,3.820056152E-1,7.535928955E0,8.325237579E0
4.986674996E1,-1.936972046E-1,6.638096008E0,9.351653137E0
4.987670496E1,3.195854187E-1,6.076314240E0,9.374405823E0
4.988665996E1,-1.225950623E-1,7.139553223E0,7.918832703E0