"Time (s)","Linear Acceleration x (m/s^2)","Linear Acceleration y (m/s^2)","Linear Acceleration z (m/s^2)","Absolute acceleration (m/s^2)"
4.699708312E-3,9.278613959E-2,-2.487826538E-1,-3.988859421E-1,4.791785381E-1
1.467070833E-2,5.218554820E-1,-2.477643612E-1,5.932427126E-1,8.280442252E-1
2.464170835E-2,7.929381372E-1,-2.076916382E-1,6.499718142E-1,1.046111880E0
3.461170831E-2,6.586563912E-1,1.737283784E-1,4.297884768E-1,8.054364816E-1
4.458270833E-2,8.365528111E-1,-2.131719410E-2,5.228936917E-1,9.867587554E-1
5.455370835E-2,6.356408733E-1,-3.290117151E-1,3.834796983E-1,8.120004356E-1
6.452470832E-2,3.407506217E-1,8.033869654E-2,1.389222425E-1,3.766492823E-1
7.449445833E-2,4.024767172E-1,1.337635365E-1,5.768593991E-1,7.159936857E-1
8.446545835E-2,3.726988579E-1,-3.343788743E-2,4.364829540E-2,3.767329355E-1
9.443645831E-2,7.491332095E-2,5.089966142E-1,-7.516958249E-1,9.108985520E-1
1.044074583E-1,-1.721194805E-1,-2.062289572E-1,-7.605865163E-1,8.066271425E-1
1.143784584E-1,-1.018639784E0,-6.809798911E-1,-5.588523138E-1,1.346728083E0
1.243484583E-1,-1.523193830E0,1.761386007E-2,-5.957207626E-1,1.635638383E0
1.343194583E-1,-2.066943225E0,-1.690067518E-1,-2.008103424E-1,2.083540825E0
1.442904584E-1,-2.437376761E0,-2.085541025E-1,-2.196974337E-2,2.446381606E0
1.542614583E-1,-1.852545269E0,-2.204531863E-1,1.072344267E-1,1.868695481E0
1.642314583E-1,-2.492068693E0,6.165771961E-2,-1.449998385E-1,2.497044853E0
1.742024584E-1,-2.344984615E0,2.846728635E-1,3.342999369E-1,2.385738445E0
1.841734583E-1,-2.045090133E0,3.763642216E-1,-2.002010626E-1,2.089048622E0
1.941444583E-1,-1.150969876E0,-4.858188361E-2,-6.632543492E-1,1.329284840E0
2.041144583E-1,-5.261942622E-1,4.310684323E-2,-6.694295937E-1,8.525694003E-1
2.140854583E-1,-6.234004582E-1,2.740847254E-1,-7.278245670E-1,9.967342516E-1
2.240564583E-1,-3.233994844E-1,7.544343683E-1,1.521451360E-1,8.348093106E-1
2.340274584E-1,-3.123030771E-1,9.353963372E-1,4.258696729E-1,1.074180850E0
2.439984583E-1,3.026563041E-1,7.635481310E-1,5.513462430E-1,9.892367090E-1
2.539684583E-1,5.608511113E-1,5.976076591E-1,2.578896922E-1,8.591833196E-1
2.639394584E-1,8.854662319E-1,8.885054684E-1,-4.152031821E-1,1.321319832E0
2.739104583E-1,7.167385384E-1,1.694751137E-1,1.262729609E-1,7.472488256E-1
2.838814583E-1,4.639639905E-1,-1.731699693E-1,-4.266853595E-1,6.536901550E-1
2.938514584E-1,6.738315238E-1,2.247201920E-1,-1.425433062E0,1.592610279E0
3.038224583E-1,4.187100862E-1,-3.611026964E-1,-8.898813182E-1,1.047665049E0
3.137934583E-1,7.588917008E-1,-4.780508101E-1,1.682138693E-1,9.125486817E-1
3.237644584E-1,2.402871611E-1,-3.460750598E-1,8.576660836E-1,9.555610800E-1
3.337344583E-1,-2.842142956E-1,-2.586097768E-1,9.435207510E-1,1.018767977E0
3.437054583E-1,-1.237291297E-1,-3.191860539E-1,1.133865747E0,1.184415538E0
3.536764584E-1,-2.396003325E-1,-3.806730348E-1,3.496605724E-1,5.697216818E-1
3.636474583E-1,-5.127277225E-2,4.478821009E-2,-2.877420670E-1,2.956862832E-1
3.736184583E-1,-1.302614198E-1,6.954356700E-2,-3.385233808E-1,3.693269886E-1
3.835884584E-1,2.680704986E-1,1.789540350E-3,1.290614980E-1,2.975262425E-1
3.935594583E-1,5.239015324E-1,6.886777505E-1,3.272674906E-1,9.251237053E-1
4.035304583E-1,9.404801989E-1,6.070184603E-1,-2.376004386E-1,1.144302575E0
4.135014584E-1,1.272023174E0,4.566956091E-1,-9.397644997E-2,1.354786111E0
4.234714583E-1,8.646773337E-1,8.099779469E-1,-2.469577378E-1,1.210255878E0
4.334424583E-1,1.077566708E0,1.303520370E0,-7.772849947E-1,1.861313334E0
4.434134584E-1,8.580753887E-1,1.119148013E0,-5.917616129E-1,1.529368318E0
4.533844583E-1,7.109902138E-1,7.970795739E-1,-6.327061558E-1,1.241434658E0
4.633554583E-1,7.134070142E-1,1.074869680E0,-2.199716681E-1,1.308694743E0
4.733254584E-1,9.646465950E-1,8.299491119E-1,3.637693191E-1,1.323513014E0
4.832964583E-1,1.380093167E0,6.026149222E-1,6.590455234E-2,1.507363694E0
4.932674583E-1,1.659261170E0,3.934948093E-1,3.649229747E-1,1.743890642E0
5.032384584E-1,1.403773221E0,-1.004127726E0,5.760121375E-1,1.819516895E0
5.132084583E-1,9.858056950E-1,-1.826409969E-1,1.713418958E0,1.985188940E0
5.231794583E-1,9.010340050E-1,-2.804625759E-1,1.053719716E0,1.414512911E0
5.331504584E-1,1.139325877E0,-5.124757075E-1,6.707364464E-1,1.417949994E0
5.431214583E-1,1.331441702E0,-4.510150391E-1,5.797368139E-1,1.520607229E0
5.530924583E-1,1.344317709E0,-6.151007742E-1,-4.785513318E-1,1.553882378E0
5.630624584E-1,1.199777097E0,-7.566636193E-1,1.735804439E-1,1.429032919E0
5.730334583E-1,7.307573842E-1,-7.645070744E-1,1.034039158E-1,1.062624012E0
5.830044583E-1,6.817134974E-1,-7.060431039E-1,1.104474717E-1,9.876379910E-1
5.929754584E-1,1.573594636E-1,-1.100516445E0,1.914039266E-1,1.128066447E0
6.029454583E-1,-1.484056223E-1,-1.040566112E0,-2.175281167E-2,1.051320716E0
6.129164583E-1,-6.306542216E-1,-7.811991209E-1,7.073248136E-1,1.228130777E0
6.228874584E-1,-8.802070999E-1,-7.009133416E-1,5.015285504E-1,1.231898916E0
6.328584583E-1,-7.507479912E-1,-1.814043108E-1,9.074486929E-1,1.191634676E0
6.428284583E-1,-9.265351743E-1,2.699250162E-2,7.094111001E-1,1.167244676E0
6.527994584E-1,-7.825550902E-1,2.388938427E-1,5.667858160E-1,9.953436082E-1
6.627704583E-1,-4.627476966E-1,1.372794673E-1,2.222041351E-1,5.313715842E-1
6.727414583E-1,-2.131172696E-1,5.243081331E-1,-1.410728484E-1,5.832834111E-1
6.827124584E-1,-1.747474019E-1,5.932435897E-1,-4.307398188E-1,7.536653121E-1
6.926824583E-1,1.617181244E-1,6.930529296E-1,-1.197941290E0,1.393390990E0
7.026534583E-1,1.679807116E-1,5.260450485E-1,-1.079749181E0,1.212765108E0
7.126244584E-1,3.734916307E-2,2.656945556E-1,-5.274779087E-1,5.917951513E-1
7.225954583E-1,-2.218044779E-1,1.234543106E-1,5.898729622E-1,6.421746684E-1
7.325654583E-1,-7.992764459E-1,7.036220643E-1,-3.256326091E-1,1.113536458E0
7.425364584E-1,-7.506695654E-1,2.975990108E-1,-1.447659498E-1,8.203823181E-1
7.525074583E-1,-9.892391069E-1,2.740589976E-1,-2.451544565E-1,1.055368681E0
7.624784583E-1,-3.625297093E-1,2.237647569E-1,-7.807319283E-2,4.331210916E-1
7.724494583E-1,-7.584024350E-1,-4.062411547E-1,-6.881465310E-1,1.101704033E0
7.824194583E-1,-1.093507534E0,-4.829007831E-1,2.165165484E-2,1.195583827E0
7.923904583E-1,-1.104190981E0,-8.682352182E-1,1.450315889E0,2.019031028E0
8.023614584E-1,-1.180297609E0,-6.177302670E-1,1.510362700E0,2.013923687E0
8.123324583E-1,-1.250000074E0,-1.482669702E-1,2.387652040E-1,1.281207283E0
8.223024583E-1,-1.949292422E0,-5.494906291E-1,-4.850815022E-1,2.082542907E0
8.322734584E-1,-1.905228389E0,-5.657590449E-1,-5.531138563E-1,2.062986537E0
8.422444583E-1,-1.679029436E0,-8.820369861E-1,-5.374082351E-1,1.971277937E0
8.522154583E-1,-1.618000731E0,-4.294689265E-1,-4.021697384E-1,1.721659206E0
8.621864583E-1,-1.022686350E0,1.888063011E-1,-2.872532398E-1,1.078911309E0
8.721564583E-1,-1.341082591E0,1.417365074E-3,-8.350116313E-2,1.343680382E0
8.821274583E-1,-1.064416320E0,-9.090519994E-2,5.514626026E-2,1.069713498E0
8.920984583E-1,-8.998351796E-1,1.587565827E-1,-2.216878259E-1,9.402406581E-1
9.020694583E-1,-7.425126265E-1,4.888213813E-1,-6.635817933E-1,1.109329590E0
9.120394583E-1,-6.339728089E-1,4.895259708E-1,-1.056678992E0,1.325944075E0
9.220104583E-1,-5.493470069E-1,2.550400516E-1,-4.396655935E-1,7.484206010E-1
9.319814583E-1,-3.475348902E-1,-1.222389668E-2,5.033657455E-1,6.118063398E-1
9.419524583E-1,-7.741345149E-1,6.556558925E-1,5.751508427E-1,1.166176397E0
9.519234583E-1,-7.789853650E-1,1.293956372E0,3.479145938E-1,1.549898660E0
9.618934583E-1,-1.280071281E0,9.266272679E-1,6.980522990E-2,1.581800667E0
9.718644583E-1,-1.138706218E0,6.448098922E-1,-1.379258770E-1,1.315847710E0
9.818354583E-1,-8.218364657E-1,4.583714211E-1,-4.730105102E-1,1.053213406E0
9.918064583E-1,-8.920136516E-1,4.292306525E-1,-6.628327650E-1,1.191333111E0
1.001776458E0,-5.053428353E-1,1.232373789E-1,-9.648490548E-3,5.202421803E-1
1.011747458E0,-8.078424706E-1,-2.911585951E-1,-6.166052628E-1,1.057158850E0
1.021718458E0,-4.115035757E-1,-1.224348485E-2,-2.915602988E-1,5.044725003E-1
1.031689458E0,-6.090144074E-1,-5.444552994E-1,2.171392769E-1,8.452689436E-1
1.041660458E0,-6.002506737E-1,-9.724574518E-1,1.016485232E0,1.529449768E0
1.051630458E0,-1.049767437E-1,-9.015453440E-1,1.423875364E0,1.688557129E0
1.061601458E0,-1.606906224E-1,-8.388816109E-1,3.672010499E-1,9.297206270E-1
1.071572458E0,2.614233108E-1,-5.100786415E-1,1.693493986E-1,5.976634393E-1
1.081543833E0,2.016910793E-1,-3.188018918E-2,4.878805643E-1,5.288885355E-1
1.091513833E0,1.881539711E-1,-6.229532924E-1,3.304945689E-1,7.298625771E-1
1.101484833E0,6.088741473E-1,-3.687409142E-1,-9.077311134E-1,1.153548163E0
1.111455833E0,3.518403413E-1,1.335457277E-1,-1.381864874E0,1.432192940E0
1.121426833E0,6.035848291E-1,-8.742996579E-1,-6.539718944E-1,1.247555120E0
1.131397833E0,5.573088681E-1,-1.129806610E0,-1.754714334E-1,1.271945901E0
1.141367833E0,5.584144304E-1,-1.633507693E0,8.275804049E-1,1.914435527E0
1.151338833E0,9.060763514E-1,-1.073576860E0,1.578703787E0,2.113255138E0
1.161309833E0,8.893775806E-1,3.266485628E-1,1.372545581E0,1.667804886E0
1.171280833E0,4.751121457E-1,1.964605987E-2,1.516789960E0,1.589581486E0
1.181250833E0,1.066387928E0,-2.000215530E-1,1.680611401E0,2.000411586E0
1.191221833E0,1.767707432E0,3.014616814E-1,1.062708056E-1,1.796374737E0
1.201192833E0,1.961888494E0,7.106565571E-1,-1.079809992E0,2.349474159E0
1.211163833E0,2.456906462E0,-9.627265155E-2,-1.674568888E0,2.974867853E0
1.221134833E0,1.865032290E0,-3.465893224E-1,-2.204904331E0,2.908620413E0
1.231104833E0,2.000038360E0,-8.206266037E-1,-1.996161656E0,2.942489222E0
1.241075833E0,1.511887362E0,-4.792863268E-1,-1.381238052E0,2.103173158E0
1.251046833E0,6.554097247E-1,-2.668216065E-1,5.586079001E-2,7.098423098E-1
1.261017833E0,9.504274090E-1,7.753875732E-2,2.283948162E0,2.475023984E0
1.270987833E0,8.532670040E-1,1.678487107E-1,4.086651764E0,4.178152751E0
1.280958833E0,4.596244063E-1,4.915204561E-1,3.616661925E0,3.678734896E0
1.290929833E0,1.000724281E0,1.332169388E0,3.105439276E0,3.524184652E0
1.300900833E0,1.402799660E0,1.418691515E0,1.407504330E0,2.441638986E0
1.310871833E0,1.860072243E0,7.838973185E-1,-4.889283854E-1,2.076876193E0
1.320841833E0,1.869047573E0,1.005732202E0,-3.125164858E0,3.777762761E0
1.330812833E0,1.842513932E0,5.723769236E-1,-4.864517972E0,5.233164246E0
1.340783833E0,2.039405616E0,-7.205974084E-1,-4.635491306E0,5.115292322E0
1.350754833E0,6.853377479E-1,-2.117029158E0,-3.086124753E0,3.804690037E0
1.360724833E0,2.628346094E-1,-1.667032412E0,1.045416670E0,1.985188935E0
1.370695833E0,-2.891698840E-1,-4.043200520E-1,4.610403827E0,4.637123825E0
1.380666833E0,-5.359807105E-1,-2.958267197E-1,5.445528309E0,5.479832784E0
1.390637833E0,7.355805331E-1,7.516279972E-1,2.164353306E0,2.406335097E0
1.400608833E0,1.833178852E0,1.842634238E0,-1.126753194E0,2.832916941E0
1.410578833E0,1.968432551E0,7.786795557E-1,-2.004595680E0,2.915385463E0
1.420549833E0,1.145355453E0,5.833737820E-1,-1.940651699E0,2.327722728E0
1.430520833E0,5.149240098E-1,7.858149129E-1,-1.169045520E0,1.499773063E0
1.440491833E0,5.109505344E-1,2.983638266E-1,-1.014215342E0,1.174190863E0
1.450461833E0,2.833147015E-1,-2.063850778E-1,-8.827319276E-1,9.497776985E-1
1.460432833E0,2.902211402E-1,-5.400731036E-1,-8.342778057E-1,1.035338942E0
1.470403833E0,-3.780670770E-1,-2.471007022E-1,6.722555530E-1,8.098894988E-1
1.480374833E0,-9.861828404E-1,1.572023928E-2,1.288625173E0,1.622762631E0
1.490345833E0,-1.115999945E0,1.062514513E0,1.367052707E0,2.059909239E0
1.500315833E0,-1.092747907E0,1.128544196E0,9.365017533E-1,1.828864545E0
1.510286833E0,-1.017896384E0,9.931320369E-1,4.479300481E-1,1.490994842E0
1.520257833E0,-1.409714431E0,-1.797445786E-1,8.701715237E-1,1.666373719E0
1.530228833E0,-9.025437561E-1,-8.740265930E-1,1.048358989E-1,1.260753062E0
1.540198833E0,-9.399151386E-1,-1.546181866E0,-1.697358996E-1,1.817396244E0
1.550169833E0,-7.697436214E-1,-1.855779656E0,-8.182125807E-1,2.169307540E0
1.560140833E0,-9.712486862E-1,-1.658913260E0,-3.730137670E-1,1.958176827E0
1.570111833E0,-1.205639880E0,-1.185302534E0,-1.839762086E-1,1.700693054E0
1.580082833E0,-8.513641007E-1,-5.382888258E-1,1.351314926E-1,1.016285497E0
1.590052833E0,-1.285023434E0,1.906256622E-1,2.553981936E-1,1.323953023E0
1.600023833E0,-8.143708138E-1,5.145605323E-1,-3.463370150E-1,1.023680464E0
1.609994833E0,-9.079419786E-1,1.239630476E0,-3.182557619E-1,1.569181023E0
1.619965833E0,1.036248674E-1,3.012435803E-1,-3.224622488E-2,3.201962318E-1
1.629935833E0,3.281757825E-1,-7.435901222E-1,1.172676641E-1,8.212047973E-1
1.639906833E0,-1.653148198E-1,-1.148570325E0,-3.910459954E-1,1.224524296E0
1.649877833E0,-3.368007179E-2,-9.388368389E-1,-4.191787040E-1,1.028717524E0
1.659848833E0,-7.834125844E-1,-7.412234616E-1,-4.119831204E-2,1.079279759E0
1.669819833E0,-4.393544120E-1,-8.131117621E-1,-3.167664760E-1,9.769974603E-1
1.679789833E0,-4.637537466E-1,4.904118240E-2,-4.442457175E-1,6.440705183E-1
1.689760833E0,-1.156968827E-1,5.327825028E-1,1.418201226E-1,5.633435107E-1
1.699731833E0,1.202550796E-1,4.604278868E-1,2.154599565E-1,5.223773694E-1
1.709702833E0,2.960638974E-2,6.677663532E-1,1.013632375E-1,6.760643066E-1
1.719672833E0,1.358507367E-1,6.089322540E-1,-4.007506192E-2,6.251879103E-1
1.729643833E0,-5.023557852E-1,2.248163787E-1,-2.520664501E-1,6.053438976E-1
1.739614833E0,-2.120924719E-1,5.697439224E-2,-8.711784142E-1,8.984325948E-1
1.749585833E0,-8.426554039E-1,-6.301962385E-1,-7.434991980E-1,1.288412390E0
1.759556833E0,-5.367582440E-1,-6.976362696E-1,-5.285514575E-1,1.026728991E0
1.769526833E0,-6.546991418E-1,-1.015118737E0,6.575328487E-1,1.375298682E0
1.779497833E0,-7.711043416E-1,-7.024722093E-1,1.239992126E0,1.620385628E0
1.789468833E0,-5.299541315E-1,-4.101827627E-1,1.324568592E0,1.484447115E0
1.799439833E0,-9.068405825E-1,-1.567357850E-1,1.365054129E0,1.646298491E0
1.809409833E0,-5.441024565E-1,-1.604861891E-1,9.211820483E-1,1.081840869E0
1.819380833E0,-6.961437678E-1,5.935844824E-1,-5.696474433E-2,9.166262408E-1
1.829351833E0,-2.616899438E-1,-9.295523375E-2,-6.424926406E-1,6.999422086E-1
1.839322833E0,-2.463377502E-1,6.758881357E-1,-9.116505021E-1,1.161298281E0
1.849293833E0,-9.764064420E-2,2.277256608E-1,-6.165280795E-1,6.644543211E-1
1.859263833E0,-2.507267434E-1,-1.004200816E-2,-5.554352009E-1,6.094858523E-1
1.869234833E0,-2.135785418E-1,6.363334760E-1,-8.811923558E-1,1.107716595E0
1.879205833E0,2.336474285E-3,2.120302722E-1,-1.072124997E0,1.092892632E0
1.889176833E0,5.200294331E-3,-9.015529454E-3,-7.168557751E-1,7.169313253E-1
1.899146833E0,-5.539206259E-2,9.850774974E-2,-5.827329272E-1,5.935905338E-1
1.909117833E0,-9.099473543E-2,5.844970322E-1,-6.256052971E-2,5.948366518E-1
1.919088833E0,-3.101511555E-1,7.819855714E-1,4.657377434E-1,9.615647761E-1
1.929059833E0,-1.666589485E-1,8.829924211E-1,9.478494447E-1,1.306089350E0
1.939030833E0,4.578311384E-2,9.135745284E-1,9.233911264E-1,1.299756010E0
1.949000833E0,9.883446291E-2,1.282105528E0,1.172892988E-1,1.291247310E0
1.958971833E0,3.819511630E-1,1.099334722E0,-5.567134023E-1,1.290098188E0
1.968942833E0,-4.109854393E-2,-1.938205808E-2,-6.394409788E-1,6.410534454E-1
1.978913833E0,3.171339735E-1,4.542573202E-1,-9.998732919E-1,1.143096789E0
1.988883833E0,3.594771704E-1,2.011819330E-1,-8.116467422E-1,9.102024173E-1
1.998854833E0,9.267186306E-2,-2.101863527E-1,-3.734628332E-1,4.384528080E-1
2.008825833E0,3.068968146E-1,-6.381344184E-1,9.496872246E-1,1.184612601E0
2.018796833E0,-7.045178577E-2,-7.095172271E-1,2.823743230E-1,7.668855247E-1
2.028767833E0,3.002141780E-1,-4.519272047E-1,6.633362103E-1,8.569607219E-1
2.038737833E0,1.484781278E-1,-5.666601008E-1,6.325494504E-1,8.621300549E-1
2.048708833E0,-1.048606034E-1,-1.153904155E0,4.307234466E-2,1.159459258E0
2.058679833E0,-4.035060465E-1,-1.270116104E0,-8.046528876E-2,1.335098015E0
2.068650833E0,-6.298361231E-1,-3.744612452E-1,6.037250161E-1,9.494201710E-1
2.078620958E0,-1.642009252E-1,-4.383189797E-2,1.176111295E0,1.188326957E0
2.088591958E0,-2.919187331E-1,-4.579685479E-1,1.190805348E0,1.308804460E0
2.098562958E0,1.568408156E-1,-1.934153688E-1,3.264874721E-1,4.106124885E-1
2.108533958E0,8.962572683E-1,-7.824738139E-1,6.937072331E-1,1.377233490E0
2.118504958E0,8.033690583E-1,-3.639213467E-1,2.717645502E-1,9.228740765E-1
2.128474958E0,6.496980914E-1,1.100706187E-1,-3.209770560E-2,6.597373824E-1
2.138445958E0,2.981926493E-1,1.158994156E-1,1.978498971E-1,3.761596901E-1
2.148416958E0,6.977292404E-2,3.722857887E-1,1.505435836E-1,4.075884443E-1
2.158387958E0,-7.814518668E-2,8.451702914E-1,2.169989437E-1,8.760753582E-1
2.168357958E0,7.028893351E-1,7.087646905E-1,3.595803738E-1,1.060989561E0
2.178328958E0,2.345647104E-2,-1.281911400E-1,3.658567750E-1,3.883739876E-1
2.188299958E0,3.191745056E-1,-3.067768005E-1,8.976762414E-1,1.000903095E0
2.198270958E0,-5.650544554E-2,1.899140561E-1,1.111294910E0,1.128820885E0
2.208241958E0,2.522021055E-1,8.585004812E-1,1.081415638E0,1.403598504E0
2.218211958E0,1.248786923E-1,2.420680037E-1,4.441819829E-1,5.210462937E-1
2.228182958E0,-5.235706531E-2,3.394387624E-1,-2.886308438E-1,4.486286880E-1
2.238153958E0,3.654414766E-2,2.788820735E-1,-7.572904408E-1,8.078363060E-1
2.248124958E0,9.854984969E-2,2.698200586E-1,-1.176571471E0,1.211129788E0
2.258094958E0,9.500928752E-2,4.763127252E-1,-1.403262759E0,1.484940049E0
2.268065958E0,2.714488737E-1,-4.864307472E-1,-1.178720908E0,1.303718659E0
2.278036958E0,2.427220879E-1,-7.975441352E-1,-6.198750257E-2,8.359623855E-1
2.288007958E0,3.255305752E-2,-9.864781979E-1,1.024947907E0,1.422925560E0
2.297978958E0,-3.833720364E-1,-4.543090680E-1,1.717797353E0,1.817745470E0
2.307948958E0,-4.884742760E-1,-2.130497342E-1,1.116031154E0,1.236738794E0
2.317919958E0,-2.888713836E-1,-3.158022702E-2,8.139335883E-1,8.642522046E-1
2.327890958E0,-3.674339153E-1,-4.934626088E-1,6.321342981E-1,8.821036216E-1
2.337861958E0,-1.734503433E-3,2.904797333E-1,1.053717962E0,1.093024715E0
2.347832958E0,7.605641507E-2,7.210385808E-1,-9.185098708E-2,7.308336453E-1
2.357802958E0,5.741846634E-1,1.264958568E0,-9.272894651E-1,1.670231708E0
2.367773958E0,4.587381877E-1,1.196441772E0,-2.142800469E0,2.496699318E0
2.377744958E0,4.574295808E-1,1.003030496E0,-2.532482309E0,2.762024374E0
2.387715958E0,-1.964671768E-1,6.135153016E-1,-1.743159651E0,1.858387997E0
2.397685958E0,-1.773704629E-1,2.650431758E-1,-1.575875489E0,1.607822043E0
2.407656958E0,-1.960487355E-1,5.458185777E-1,-8.657732481E-1,1.042073099E0
2.417627958E0,-2.306622056E-1,-5.590522885E-2,4.289868236E-1,4.902653797E-1
2.427598958E0,1.892759787E-1,1.443317941E-1,7.559344715E-1,7.925238091E-1
2.437569958E0,3.623493227E-1,2.937582672E-1,9.042040730E-1,1.017435972E0
2.447539958E0,8.673578435E-1,-3.342464349E-1,1.251508217E0,1.558942952E0
2.457510958E0,9.340484809E-1,-3.075322607E-1,1.699753430E0,1.963716981E0
2.467481958E0,7.491127443E-1,-4.954211336E-1,1.967535442E-1,9.194150099E-1
2.477452958E0,6.593169073E-1,-2.249786389E-1,-8.846252561E-2,7.022391264E-1
2.487422958E0,7.069011828E-1,-1.431795418E0,-5.326591265E-1,1.683292353E0
2.497393958E0,1.274273475E-1,-1.097775855E0,-6.764772427E-1,1.295751140E0
2.507364958E0,3.601468959E-1,-1.074206606E0,-1.840867209E-1,1.147829926E0
2.517335958E0,2.873712073E-1,-1.282518926E0,7.806488979E-1,1.528675802E0
2.527306958E0,-4.883470260E-2,-5.613593075E-1,1.646508685E0,1.740258587E0
2.537276958E0,-1.155797191E-1,-6.489789569E-1,1.641967152E0,1.769346910E0
2.547247958E0,-4.963122493E-1,-7.072043610E-1,1.509121921E0,1.738940145E0
2.557218958E0,-4.547844467E-1,2.926560670E-2,1.128814922E0,1.217336641E0
2.567189958E0,-1.073661060E0,-2.596619833E-1,1.581149678E0,1.928783741E0
2.577159958E0,-9.107563897E-1,-1.038618989E0,1.044865277E0,1.732036389E0
2.587130958E0,-2.309331509E-1,-5.509682205E-1,7.171095443E-1,9.333499873E-1
2.597101958E0,-3.138515659E-1,2.276005304E-1,-5.321708840E-1,6.584152616E-1
2.607072958E0,1.351605094E-1,1.175711930E0,-1.297962592E0,1.756494747E0
2.617043958E0,1.597174995E-1,6.406402427E-1,-1.482592519E0,1.622963394E0
2.627013958E0,6.690237969E-2,-3.299496084E-2,-1.350729620E0,1.352787900E0
2.636984958E0,2.519148611E-2,2.769329041E-1,-9.538364089E-1,9.935443318E-1
2.646955958E0,4.309870829E-1,5.453221491E-1,-1.088850957E0,1.291790431E0
2.656926958E0,2.364693678E-1,1.297767295E0,-1.097769130E0,1.716162806E0
2.666896958E0,9.583087248E-1,1.119205023E0,-6.423195630E-1,1.607342501E0
2.676867958E0,1.283598906E0,4.992788342E-1,-2.977367127E-1,1.409096397E0
2.686838958E0,1.181321311E0,9.029562771E-2,-5.492114246E-2,1.186039490E0
2.696809958E0,1.138648550E0,-7.687501064E-1,-4.022469217E-1,1.431537576E0
2.706780958E0,4.091366228E-1,-1.204321187E0,-6.085670954E-1,1.410012839E0
2.716750958E0,5.146580346E-2,-1.238689367E0,-5.960289109E-1,1.375590978E0
2.726721958E0,-4.195217894E-1,-3.779271823E-1,1.648376870E-1,5.882167542E-1
2.736692958E0,-8.180525862E-1,-2.819872373E-1,9.625212783E-1,1.294285149E0
2.746663958E0,-9.831935245E-1,-3.365233406E-1,1.179526654E0,1.572005278E0
2.756633958E0,-8.748922732E-1,-7.725852951E-1,6.747593307E-1,1.348193118E0
2.766604958E0,-7.754894610E-1,-2.858458149E-1,-1.175465763E-2,8.265772232E-1
2.776575958E0,-9.525346725E-1,-7.176249763E-1,2.191437024E-1,1.212572419E0
2.786546958E0,-1.100927285E0,-2.425419205E-1,4.418770105E-1,1.210835564E0
2.796517958E0,-8.173906083E-1,-3.329129773E-1,6.127981406E-1,1.074467318E0
2.806487958E0,-9.141314757E-1,-2.703714511E-1,1.839001948E-1,9.708534174E-1
2.816458958E0,-3.088322429E-1,-8.324210224E-1,2.329682744E-1,9.179195660E-1
2.826429958E0,-4.311883003E-1,-4.322641879E-1,-5.371018410E-2,6.129114637E-1
2.836400958E0,5.589850456E-2,1.614734915E-1,1.780991721E-1,2.468150044E-1
2.846371958E0,1.077117057E-1,5.568250841E-1,3.524666512E-1,6.677489993E-1
2.856341958E0,4.977072488E-1,8.561209568E-1,7.015483493E-1,1.213600299E0
2.866312958E0,6.572282088E-1,7.773048753E-1,-9.785607755E-2,1.022608234E0
2.876283958E0,1.820483085E-1,9.944292417E-1,-5.022933662E-1,1.128862139E0
2.886254958E0,2.533486714E-1,6.493946940E-1,-4.281892633E-1,8.180739961E-1
2.896224958E0,5.921621472E-2,7.930993742E-1,-9.946300936E-1,1.273499981E0
2.906195958E0,-2.224935722E-1,5.983514249E-1,-1.193772225E0,1.353742938E0
2.916166958E0,-8.170828255E-1,-2.987669921E-1,-1.092744033E0,1.396773275E0
2.926137958E0,-1.218551702E-1,-3.789343652E-1,1.618333876E-2,3.983739902E-1
2.936108958E0,-6.674611285E-1,1.951271412E-1,-1.197807974E-1,7.056390003E-1
2.946078958E0,-5.339094074E-1,9.997189254E-2,5.214190239E-1,7.529484930E-1
2.956049958E0,-4.642599327E-1,-1.214431608E-1,6.591975510E-2,4.843873868E-1
2.966020958E0,-8.634353851E-1,-6.650362882E-1,-2.699530828E-1,1.122794993E0
2.975991958E0,-4.248737459E-1,-9.769489905E-1,2.504023325E-1,1.094371216E0
2.985961958E0,-4.783860748E-1,-5.087463534E-1,8.256549168E-1,1.081379735E0
2.995932958E0,2.364830357E-1,6.800867289E-2,1.000949764E0,1.030752073E0
3.005903958E0,-9.634749591E-3,-1.324838734E-1,3.814758575E-1,4.039413756E-1
3.015874958E0,8.047887623E-1,3.183095562E-1,-2.828970641E-1,9.105145108E-1
3.025845958E0,6.482544138E-1,-4.938344917E-1,-3.696802694E-1,8.948574142E-1
3.035815958E0,6.347859373E-1,-7.471458140E-1,-1.465388256E-1,9.912888989E-1
3.045786958E0,8.133786875E-1,-5.632067353E-1,3.660415471E-2,9.900134242E-1
3.055757958E0,4.575227708E-1,-1.249804339E-1,3.066636568E-1,5.647918140E-1
3.065728958E0,3.809026111E-1,-3.266365761E-1,1.856654692E-1,5.350232877E-1
3.075698833E0,9.934645973E-2,-9.678428292E-2,1.344777739E-1,1.931869254E-1
3.085669833E0,-2.962551744E-1,-5.997223046E-1,2.854645765E-1,7.272716105E-1
3.095640833E0,-6.432484663E-1,-8.726276466E-1,6.629970717E-1,1.270752815E0
3.105611833E0,-1.105642699E-2,-6.781071541E-1,2.717809224E-1,7.306274199E-1
3.115582833E0,-7.878380495E-1,-4.363604549E-1,2.627025354E-1,9.381427722E-1
3.125552833E0,-2.928490251E-1,-6.030043468E-1,1.860046077E-1,6.956813264E-1
3.135523833E0,-3.046454903E-1,-3.557399225E-1,-1.959717715E-1,5.077053304E-1
3.145494833E0,2.567589869E-1,-7.063758105E-2,-9.583294094E-2,2.830173100E-1
3.155465833E0,-1.480682380E-1,8.862010807E-2,-5.013589811E-1,5.302250038E-1
3.165436833E0,-1.160104396E-1,-3.953878453E-1,-6.881588101E-1,8.020925871E-1
3.175406833E0,-4.309431557E-1,-3.272829857E-1,-7.492294693E-1,9.242136949E-1
3.185377833E0,-6.608680274E-1,-6.538648903E-2,1.710158551E-1,6.857611576E-1
3.195348833E0,-7.753749286E-1,4.436545640E-1,5.852448910E-1,1.067964061E0
3.205319833E0,-1.972132085E-1,7.103753060E-2,-5.228404820E-2,2.160393530E-1
3.215289833E0,5.279268287E-2,-2.366280466E-1,-3.453084898E-1,4.219216194E-1
3.225260833E0,4.923546345E-1,-8.496206072E-1,4.887161314E-2,9.831870101E-1
3.235231833E0,9.378786264E-1,-5.252015877E-1,4.196078897E-2,1.075738692E0
3.245202833E0,1.104727244E0,-2.964512023E-1,-5.682277393E-1,1.277179847E0
3.255173833E0,8.440626094E-1,-2.863366887E-1,-5.814295828E-2,8.932026598E-1
3.265143833E0,8.670732303E-1,2.145530534E-1,-8.726384640E-2,8.974764500E-1
3.275114833E0,4.269870758E-1,4.554407966E-1,-2.644087529E-1,6.779795504E-1
3.285085833E0,8.665800177E-2,1.883990425E-1,-1.448659372E-1,2.529623455E-1
3.295056833E0,1.679847316E-1,3.578300098E-1,-2.752763879E-1,4.817035143E-1
3.305026833E0,-3.925098458E-1,7.028943783E-1,-9.153640687E-2,8.102489740E-1
3.314997833E0,-5.026384250E-1,6.224860999E-1,-5.155343860E-1,9.517930626E-1
3.324968833E0,-4.365324361E-1,1.229296984E0,-2.668821251E-1,1.331524582E0
3.334939833E0,-4.034135874E-1,9.030776069E-1,-5.166243070E-1,1.115881876E0
3.344910833E0,-7.366628527E-1,6.496297520E-1,-2.476968259E-1,1.012938641E0
3.354880833E0,-2.787367702E-1,7.641232046E-1,-3.389724469E-1,8.811814675E-1
3.364851833E0,-7.989455666E-1,8.219758487E-1,4.374711335E-2,1.147114695E0
3.374822833E0,-2.571294811E-1,5.286640164E-1,-3.268476605E-1,6.726296198E-1
3.384793833E0,-7.712598775E-1,5.958733749E-1,-2.031042051E-1,9.955692823E-1
3.394764833E0,-2.566794647E-1,-1.733491865E-1,6.774350166E-2,3.170543646E-1
3.404734833E0,-6.916101292E-2,-2.738183847E-1,2.623125261E-1,3.854446975E-1
3.414705833E0,-7.114533864E-2,-7.313638866E-1,6.418494469E-1,9.756666984E-1
3.424676833E0,-1.870172723E-1,-1.010646494E0,3.944081444E-1,1.100881275E0
3.434647833E0,-1.875495151E-1,-1.231453145E0,-1.549933147E-1,1.255258777E0
3.444617833E0,2.454767112E-1,-8.177187833E-1,-2.711482537E-1,8.957924982E-1
3.454588833E0,-8.216134675E-2,-9.870126334E-1,-3.135393977E-2,9.909225474E-1
3.464559833E0,2.098162971E-1,-8.282668680E-1,-2.287904388E-1,8.845303545E-1
3.474530833E0,-3.002839791E-1,-6.093664098E-1,-1.444665724E-1,6.945275229E-1
3.484501833E0,3.184978366E-3,-8.900833395E-1,4.283547395E-1,9.877987033E-1
3.494471833E0,-6.376023949E-1,-9.223944685E-1,8.307455027E-1,1.395523722E0
3.504442833E0,-3.136636510E-1,-6.077900004E-1,5.480454898E-1,8.764402030E-1
3.514413833E0,-5.922668854E-1,1.627072540E-1,9.996335560E-1,1.173252300E0
3.524384833E0,-3.741208642E-1,4.749091011E-1,8.800673515E-1,1.067718886E0
3.534355833E0,-3.442862503E-1,5.172900125E-1,6.243738735E-1,8.808885929E-1
3.544325833E0,-6.350895540E-1,8.075753260E-1,-1.185768557E-1,1.034203616E0
3.554296833E0,1.931768755E-1,1.070921932E0,-7.512888587E-1,1.322356245E0
3.564267833E0,1.064787472E-1,4.218766093E-1,-4.219111079E-1,6.060747314E-1
3.574238833E0,7.359470804E-1,6.450145447E-1,-9.858259410E-1,1.389069708E0
3.584208833E0,2.193892124E-1,5.707420421E-1,-6.155790764E-1,8.676495285E-1
3.594179833E0,3.179950491E-1,3.533267766E-2,-2.500392205E-1,4.060650947E-1
3.604150833E0,1.832332467E-1,-3.649294066E-1,-4.830174351E-1,6.324980135E-1
3.614121833E0,4.479231045E-1,-5.805168325E-1,-7.697093421E-1,1.063055677E0
3.624092833E0,5.181634404E-1,3.984818995E-2,-1.192135005E0,1.300487255E0
3.634062833E0,1.086437227E0,-2.280808792E-1,-2.551652405E0,2.782677978E0
3.644033833E0,7.854797944E-1,-1.249932393E0,-2.634820277E0,3.020196581E0
3.654004833E0,6.721858250E-1,-3.260344883E0,1.705036975E0,3.740164919E0
3.663975833E0,1.316939876E-1,-2.203509770E0,4.499550558E0,5.011861315E0
3.673945833E0,-3.001831877E-1,4.027433503E-1,4.774742162E0,4.801091008E0
3.683916833E0,2.193071321E-3,1.139905044E0,2.383099397E0,2.641694732E0
3.693887833E0,4.963044287E-1,1.037058660E0,-7.505830997E-1,1.373019934E0
3.703858833E0,1.884012352E-1,-1.981855273E-2,-3.021301936E0,3.027235238E0
3.713829833E0,-3.243883216E-1,2.650121856E-1,-3.211180324E0,3.238385140E0
3.723799833E0,-4.679979115E-1,1.128268792E0,-1.895678424E0,2.255129531E0
3.733770833E0,-9.000697260E-1,-1.777062392E-1,9.653390515E-1,1.331759927E0
3.743741833E0,-1.659077860E0,-9.003642064E-1,7.778242834E0,8.004015032E0
3.753712833E0,-9.131100402E-1,2.282310941E0,6.075159999E0,6.553646481E0
3.763683833E0,-3.353378177E-1,3.642010482E0,1.381498838E0,3.909633083E0
3.773653833E0,2.625535045E-1,3.389810423E0,-2.867844685E0,4.447952583E0
3.783624833E0,9.734484818E-1,1.418507620E0,-2.693954338E0,3.196428600E0
3.793595833E0,-2.306719997E-1,1.787549374E-1,-9.797886908E-1,1.022325182E0
3.803566833E0,-1.001581994E-1,-1.133766344E-1,4.947095275E-1,5.173233445E-1
3.813536833E0,6.733492016E-1,2.311699632E0,-3.618427784E0,4.346305784E0
3.823507833E0,9.630140524E-1,2.666364251E0,-1.206866246E1,1.239715726E1
3.833478833E0,1.379111420E0,-2.032329023E0,-1.446697515E1,1.467397967E1
3.843449833E0,6.721783698E-2,-9.577628142E0,-5.009952843E-1,9.590957999E0
3.853420833E0,-6.722439317E-1,-8.056167426E0,1.511891630E1,1.714454361E1
3.863390833E0,-8.445041473E-1,3.075564682E0,1.419543630E1,1.454931947E1
3.873361833E0,-5.092537455E-2,7.388126546E0,4.335928507E0,8.566637805E0
3.883332833E0,-3.245185684E-1,7.992088374E-1,-3.186506243E0,3.301192073E0
3.893303833E0,8.269011777E-1,-6.338122151E0,-3.292456622E0,7.189981124E0
3.903274833E0,1.851959378E0,-3.440194711E0,-1.599103553E0,4.221590383E0
3.913244833E0,3.680431221E-1,7.871042240E-1,-1.641815709E0,1.857564971E0
3.923215833E0,-1.562092432E-1,-2.097460866E0,-8.204584962E-1,2.257630518E0
3.933186833E0,3.193133039E-1,-3.976117169E0,-1.024022877E-2,3.988931384E0
3.943157833E0,-5.847113326E-2,3.625165531E-1,1.198762239E0,1.253741612E0
3.953128833E0,2.724526213E-1,6.173294404E0,2.754406362E0,6.765393458E0
3.963098833E0,2.693117894E-1,2.061411028E0,4.541423639E0,4.994644425E0
3.973069833E0,-1.989624030E-1,-3.943085370E0,2.860675414E0,4.875548389E0
3.983040833E0,-4.523131210E-1,-3.419318982E0,1.608335137E-1,3.452853440E0
3.993011833E0,-7.934350774E-1,-1.118336419E0,-3.699416399E-2,1.371708474E0
4.002981833E0,4.019127533E-2,1.688416849E0,1.252458390E0,2.102621890E0
4.012952833E0,-1.154871138E-1,5.977664110E-1,2.093472773E0,2.180204166E0
4.022923833E0,5.116326121E-1,-1.166467775E0,1.390046883E-1,1.281302971E0
4.032894833E0,7.104919580E-1,-1.920847764E0,-6.433831716E-1,2.146717695E0
4.042865833E0,1.254588823E-1,-6.859517786E-1,-2.561378664E0,2.654605514E0
4.052835833E0,4.625551039E-1,6.929038256E-1,-4.097920518E0,4.181749097E0
4.062806833E0,-1.693475275E0,6.262158633E0,-4.143851566E0,7.697661662E0
4.072777833E0,-1.758467662E0,7.690344565E0,-1.049872248E0,7.958381731E0
4.082749083E0,-1.694184835E0,2.088151807E0,3.664298022E-1,2.713836956E0
4.092719083E0,-1.196078148E0,-3.841980287E0,2.915889502E-1,4.034406968E0
4.102690083E0,-3.973838655E-1,-3.949634837E0,-8.650733364E-1,4.062743058E0
4.112661083E0,-1.167031885E-1,-4.951860756E-1,-1.836002911E0,1.905186493E0
4.122632083E0,-1.133879342E0,7.210102218E-1,-1.122382985E0,1.750794581E0
4.132603083E0,-7.499236800E-2,1.638065305E-1,-1.763929546E-1,2.521327213E-1
4.142573083E0,1.397863879E-1,-3.833756179E-2,9.961345822E-1,1.006625108E0
4.152544083E0,-2.954945248E-2,7.592150518E-1,9.164376175E-1,1.190436295E0
4.162515083E0,-9.698593877E-2,8.359808072E-1,5.143801457E-1,9.863351949E-1
4.172486083E0,8.821098570E-2,-1.238856889E0,-6.053318310E-1,1.381656323E0
4.182457083E0,2.053651042E-1,-1.348868159E0,-4.110323632E-1,1.424979908E0
4.192427083E0,4.890970410E-1,3.897096142E-1,-8.870986283E-2,6.316319646E-1
4.202398083E0,1.529734306E-1,1.020815095E0,3.011099714E-1,1.075235576E0
4.212369083E0,4.036366586E-1,1.200494769E-1,1.569504948E0,1.625016988E0
4.222340083E0,6.688111044E-2,-6.317390263E-2,2.869210594E0,2.870685190E0
4.232310083E0,-4.853443345E-1,1.451433291E0,1.753696918E0,2.327589011E0
4.242281083E0,-1.074742284E0,3.018277464E0,-4.758089876E-1,3.239052951E0
4.252252083E0,-1.233159070E0,2.146242432E0,-1.254180395E0,2.774888526E0
4.262223083E0,-1.123384174E0,7.509403646E-2,-1.776892823E-1,1.139826565E0
4.272194083E0,-1.614643260E0,-5.170669413E-1,3.437385124E-1,1.729909605E0
4.282164083E0,-1.933599664E0,1.590214031E0,6.264940739E-2,2.504298959E0
4.292135083E0,-1.149173319E0,5.274632907E-1,-1.283756196E-2,1.264508459E0
4.302106083E0,-4.594270993E-1,-8.841335052E-1,1.266676480E-1,1.004395344E0
4.312077083E0,6.306353644E-2,-1.630030354E0,-4.803914505E-1,1.700515190E0
4.322048083E0,2.213393684E-1,-7.301956129E-1,-7.669705063E-1,1.081859744E0
4.332018083E0,1.527226947E-2,-4.823803809E-1,-4.260977143E-1,6.438038026E-1
4.341989083E0,2.555906035E-1,-1.626051908E0,-7.849945486E-2,1.647887596E0
4.351960083E0,7.734503176E-2,-2.087013061E0,-9.615716904E-1,2.299179394E0
4.361931083E0,-6.889920384E-3,-1.359610663E0,-8.688635015E-1,1.613540335E0
4.371902083E0,-6.026285170E-1,-9.336696544E-1,-5.857945293E-1,1.256206744E0
4.381872083E0,-6.069907591E-1,-1.200731874E0,-4.789278924E-2,1.346286943E0
4.391843083E0,-8.271876182E-1,-1.100699170E0,1.818355429E-1,1.388827629E0
4.401814083E0,-7.234705109E-1,-5.613853276E-2,-4.343007731E-1,8.456821368E-1
4.411785083E0,-8.378125206E-1,4.038367796E-1,-6.156381333E-1,1.115358362E0
4.421755083E0,-9.423750622E-1,3.419670984E-1,-1.333399057E-1,1.011331689E0
4.431726083E0,-6.601181951E-1,-9.608361107E-1,2.326362110E0,2.602099677E0
4.441697083E0,-5.010220353E-1,-1.251938573E-1,2.172868021E0,2.233394730E0
4.451668083E0,-5.875143782E-1,1.006391768E0,1.162534060E0,1.646050721E0
4.461639083E0,-1.330096477E-1,2.884896335E-1,-4.028538626E-1,5.130390528E-1
4.471609083E0,-3.596256166E-1,-4.626460281E-1,-1.790998646E0,1.884422480E0
4.481580083E0,-6.059104130E-2,-4.116349187E-1,-1.390398300E0,1.451317337E0
4.491551083E0,1.678796644E-1,-5.358362111E-1,5.063185894E-1,7.560836865E-1
4.501522083E0,-1.835207836E-1,-2.387526324E-1,2.508080708E0,2.526094127E0
4.511493083E0,3.622404183E-1,1.797828779E-1,2.176684499E0,2.213932115E0
4.521463083E0,1.857942175E-1,3.802342013E-1,1.207997332E0,1.279982458E0
4.531434083E0,7.439715799E-2,3.123793101E-1,-1.175442374E-1,3.419538247E-1
4.541405083E0,-8.808048315E-2,-2.233338171E-1,-6.939072078E-1,7.342638344E-1
4.551376083E0,-3.039277081E-1,-9.456380278E-1,-2.590772617E-1,1.026510769E0
4.561346083E0,-1.672273710E-1,-4.209606430E-1,2.001186168E-1,4.951972509E-1
4.571317083E0,-2.569928389E-1,3.181829640E-1,-9.825053072E-1,1.064237942E0
4.581288083E0,-8.434550107E-1,3.867161322E-1,-1.349441478E0,1.637668472E0
4.591259083E0,-1.034057869E0,-6.729694980E-1,-1.206666505E-1,1.239646749E0
4.601230083E0,-7.281577121E-1,-2.619862515E-1,2.134672254E-1,8.027569408E-1
4.611200083E0,-7.863576076E-1,9.449050793E-1,-1.263858122E-1,1.235790140E0
4.621171083E0,-7.154473270E-1,1.347015176E0,-8.136342108E-1,1.728674461E0
4.631142083E0,-5.737133047E-1,1.298814823E0,-1.164581755E0,1.836387096E0
4.641113083E0,-4.489724605E-1,1.154244755E0,-4.477218872E-1,1.316932843E0
4.651084083E0,-1.104540060E0,1.156241287E0,-6.621088797E-1,1.730690852E0
4.661054083E0,-3.209572851E-1,1.198129570E0,-4.644332296E-1,1.324472073E0
4.671025083E0,-4.935942442E-1,-3.169763911E-1,-7.700180751E-1,9.680067905E-1
4.680996083E0,-2.184367009E-1,-9.330948731E-1,-2.771568525E-1,9.975953866E-1
4.690967083E0,2.139469529E-1,5.698126271E-1,6.399426699E-2,6.120089827E-1
4.700937083E0,7.477808216E-1,1.061172870E0,1.928193036E0,2.324476802E0
4.710908083E0,7.376784410E-1,5.314619091E-1,1.606527763E0,1.845955768E0
4.720879083E0,1.021531598E0,-4.336306822E-1,8.280253780E-1,1.384625726E0
4.730850083E0,5.600822756E-1,-1.174795964E0,-4.960473704E-1,1.392803183E0
4.740821083E0,2.246239322E-1,-1.113320970E0,-1.183163037E0,1.640065324E0
4.750791083E0,-3.854687749E-1,-1.780188898E0,-6.629654968E-1,1.938345155E0
4.760762083E0,-7.736633755E-1,-1.765281130E0,-4.702681661E-2,1.927948134E0
4.770733083E0,-4.296293595E-1,-2.058576590E0,1.163853192E0,2.403512683E0
4.780704083E0,-4.031762635E-1,-6.094438854E-1,1.574685581E0,1.735974547E0
4.790675083E0,-3.520351267E-1,-3.316482246E-2,2.069246589E0,2.099240358E0
4.800645083E0,-2.321441824E-1,-4.437489966E-1,2.041341337E0,2.101875008E0
4.810616083E0,4.045306979E-1,3.099834135E-1,8.204175657E-1,9.658259596E-1
4.820587083E0,-1.216782919E-1,8.705635795E-1,-5.460141671E-1,1.034803374E0
4.830558083E0,3.078841900E-1,4.099956518E-1,-8.268565196E-1,9.729238475E-1
4.840529083E0,5.356312662E-2,-1.847313765E-1,-9.944997007E-1,1.012928598E0
4.850499083E0,-5.061846882E-2,3.152233958E-3,-8.047183764E-1,8.063149703E-1
4.860470083E0,2.320941156E-1,1.309656438E-1,-2.847067773E-1,3.899713162E-1
4.870441083E0,3.684731848E-1,2.493428171E-1,3.600563371E-1,5.723503247E-1
4.880412083E0,1.360127411E-1,3.329857752E-1,4.896142638E-1,6.075369285E-1
4.890382083E0,3.168239249E-1,1.054396239E-1,5.695381004E-1,6.602034243E-1
4.900353083E0,1.122022942E-1,1.020669791E0,2.751880950E-1,1.063054404E0
4.910324083E0,-1.428984953E-1,8.222597310E-1,5.612017250E-1,1.005722835E0
4.920295083E0,-3.685944414E-1,-3.390437829E-1,1.760567397E-1,5.308564067E-1
4.930266083E0,-8.781246141E-2,-9.839068848E-1,3.957980275E-3,9.878256182E-1
4.940236083E0,-3.222177621E-1,-1.228523982E0,-6.714088762E-1,1.436622894E0
4.950207083E0,-6.635171816E-2,-5.854483742E-1,-6.879945034E-1,9.058083605E-1
4.960178083E0,-9.967650582E-1,-5.358020049E-1,6.880576533E-1,1.324404660E0
4.970149083E0,-8.551220331E-1,2.156306952E-2,1.016967042E0,1.328879461E0
4.980120083E0,-1.053134483E0,1.099887284E0,-1.360132527E-1,1.528837428E0
4.990090083E0,-1.663813154E-1,1.595713922E-1,-9.261802483E-1,9.544399529E-1
5.000061083E0,2.915086240E-1,-1.533359799E0,-1.437388864E0,2.121852092E0
5.010032083E0,2.638637193E-1,-2.916805468E0,-3.741206449E-1,2.952514938E0
5.020003083E0,8.346293695E-2,-1.792635282E0,-2.612787384E-1,1.813497696E0
5.029974083E0,-2.004674763E-1,2.155350932E-1,-2.038929945E-1,3.580711364E-1
5.039944083E0,5.480918290E-1,3.853373587E-2,8.427474976E-1,1.006038193E0
5.049915083E0,9.320558960E-1,-3.422962967E-1,7.114412534E-1,1.221492368E0
5.059886083E0,9.973946571E-1,7.361688361E-1,3.987099409E-2,1.240294462E0
5.069857083E0,5.094680825E-1,1.491819425E0,-2.928671515E-1,1.603388316E0
5.079827250E0,3.782314203E-1,1.728917296E0,-5.704824257E-1,1.859479556E0
5.089798250E0,-6.128086656E-2,9.048656854E-1,-4.792483199E-1,1.025775904E0
5.099769250E0,-4.444857457E-1,4.651688093E-1,-2.178234011E-1,6.792618298E-1
5.109740250E0,-1.249959436E0,1.429843909E0,5.991232574E-2,1.900116229E0
5.119711250E0,-8.791620563E-1,1.205081325E0,1.358647335E-1,1.497867199E0
5.129681250E0,-6.900791819E-1,6.812456471E-1,-1.422697735E-1,9.800742816E-1
5.139652250E0,-1.225769724E-1,3.778997004E-2,-4.711101651E-2,1.366478828E-1
5.149623250E0,4.179008681E-2,5.955476850E-2,1.093260342E0,1.095678492E0
5.159594250E0,1.772580136E-1,1.850056109E-1,1.299165949E0,1.324190183E0
5.169565250E0,2.128932116E-1,-3.369387853E-1,7.906961685E-1,8.854669364E-1
5.179535250E0,9.320219091E-1,-1.445634900E0,1.891509944E-1,1.730405502E0
5.189506250E0,6.919082641E-1,-2.105170712E0,-2.124129725E-1,2.226117707E0
5.199477250E0,5.892216190E-1,-1.629352077E0,-2.379056633E-2,1.732782819E0
5.209448250E0,3.051874176E-1,-1.096449122E0,2.114704013E-1,1.157609505E0
5.219418250E0,-4.008513740E-1,-5.822274354E-1,9.553180933E-3,7.069383805E-1
5.229389250E0,-9.860732782E-1,-6.572884351E-1,1.854385972E-2,1.185205666E0
5.239360250E0,-4.630967753E-1,-9.332305285E-1,-2.089414805E-1,1.062560297E0
5.249331250E0,-7.336192308E-1,-4.460703412E-1,1.984825659E-1,8.812328035E-1
5.259302250E0,-7.119743733E-1,-1.247909841E-1,2.666523296E-1,7.704438739E-1
5.269272250E0,-5.698567005E-1,2.610986441E-2,3.265874594E-1,6.573262149E-1
5.279243250E0,-5.081074720E-1,1.306010699E-1,6.679935175E-1,8.493792922E-1
5.289214250E0,-4.431758232E-2,4.500546339E-1,-1.405857754E-1,4.735795412E-1
5.299185250E0,2.275732312E-1,3.667826816E-1,-1.560689685E0,1.619281138E0
5.309156250E0,9.128906234E-1,-5.346296382E-1,-2.058338023E0,2.314293317E0
5.319126250E0,6.686906518E-1,-1.237336321E0,-2.391643349E0,2.774546137E0
5.329097250E0,8.599416737E-1,-1.321319587E0,-1.919803451E0,2.484155878E0
5.339068250E0,2.929171452E-1,-1.834663314E-1,-2.187497170E0,2.214634105E0
5.349039250E0,7.470668766E-1,-4.285164151E-1,1.628655381E0,1.842350017E0
5.359010250E0,7.360807624E-2,-1.160950050E0,6.157495812E0,6.266416667E0
5.368980250E0,3.259415248E-1,-3.852008262E-1,5.493216446E0,5.516343397E0
5.378951250E0,-2.987803676E-1,1.393373364E0,1.918324690E0,2.389713091E0
5.388922250E0,-8.959980905E-3,1.061149773E0,-5.930643725E-1,1.215666267E0
5.398893250E0,-5.550747201E-2,-5.170631406E-1,-1.087237126E0,1.205205351E0
5.408863250E0,-5.174061529E-1,-8.600634420E-1,-1.762730867E-1,1.019063517E0
5.418834250E0,-7.433138412E-1,-6.574024558E-2,5.969790834E-1,9.556261154E-1
5.428805250E0,-1.465896233E-1,1.538539848E0,4.648273319E-1,1.613895235E0
5.438776250E0,-6.799881303E-1,8.996616635E-1,-1.033136348E0,1.529426585E0
5.448747250E0,-2.389748266E-1,-6.730151063E-1,-1.237213529E0,1.428550181E0
5.458717250E0,-2.334519122E-1,-1.308533773E-1,-1.576768359E0,1.599318874E0
5.468688250E0,-6.824239341E-1,6.503036436E-1,-8.382954276E-1,1.261481858E0
5.478659250E0,-4.807741508E-1,4.784165534E-1,2.796138525E-3,6.782580638E-1
5.488630250E0,-6.312605779E-1,-2.649759328E-1,-5.256149858E-1,8.631183439E-1
5.498601250E0,-6.480381399E-1,1.557581306E-2,-1.102850361E0,1.279247808E0
5.508571250E0,-6.804543726E-1,-8.813040376E-2,-3.660193276E-1,7.776601247E-1
5.518542250E0,-5.365696713E-1,1.542138809E-1,5.866412061E-1,8.098375380E-1
5.528513250E0,-6.064083034E-1,4.867888892E-1,-3.864933532E-1,8.683729413E-1
5.538484250E0,-6.013146476E-1,1.343587831E-1,-8.314155936E-1,1.034835000E0
5.548454250E0,-3.139619321E-1,1.096643834E0,1.041044122E-1,1.145442064E0
5.558425250E0,-1.854466371E-2,1.742808233E0,9.732509190E-1,1.996231899E0
5.568396250E0,9.465275355E-2,1.614387590E0,2.358579683E-1,1.634269077E0
5.578367250E0,3.469402284E-1,-3.869883201E-1,-1.480660599E0,1.569230159E0
5.588338250E0,-6.163886234E-2,-2.313926252E0,-2.658060620E0,3.524675915E0
5.598308250E0,-1.894425512E-1,-2.841370831E0,-2.023033705E0,3.493127832E0
5.608279250E0,2.454979073E-1,-1.190908552E0,-4.346510214E-1,1.291299311E0
5.618250250E0,6.012545675E-3,-2.665596512E-1,1.702926130E0,1.723672707E0
5.628221250E0,1.355878678E-1,-9.302130729E-1,3.152875983E0,3.290031518E0
5.638192250E0,4.943798907E-2,-1.672475585E0,2.921184740E0,3.366443076E0
5.648162250E0,-2.003020732E-1,-1.369494797E0,1.952871795E0,2.393605056E0
5.658133250E0,-6.991376153E-1,9.756079316E-4,1.692125738E0,1.830869703E0
5.668104250E0,5.952355899E-2,-4.241073221E-2,1.288777785E0,1.290848521E0
5.678075250E0,-2.482347697E-1,-5.309701583E-1,-8.263635993E-2,5.919278485E-1
5.688045250E0,-3.529577442E-1,-8.485950056E-1,-1.246846817E0,1.548973737E0
5.698016250E0,7.983327784E-2,-5.575466305E-2,-1.702536705E0,1.705319081E0
5.707987250E0,1.198250169E-1,1.356352302E-1,2.542094547E-1,3.120535166E-1
5.717958250E0,5.805383210E-1,-2.631121328E-1,1.261205240E0,1.413114077E0
5.727929250E0,4.611123034E-1,-6.010469913E-2,1.232750934E-1,4.810757528E-1
5.737899250E0,-2.883620180E-2,3.397387245E-1,-4.370033562E-2,3.437493954E-1
5.747870250E0,-5.048756428E-2,3.959029850E-1,3.568620032E-1,5.353864558E-1
5.757841250E0,1.693649668E-1,-9.460005552E-2,-3.313348138E-1,3.839484618E-1
5.767812250E0,4.822717689E-2,-3.580381706E-1,-1.196447911E0,1.249801903E0
5.777783250E0,2.128708094E-1,-7.725393945E-1,-1.391014597E0,1.605320126E0
5.787753250E0,2.905162784E-1,-1.673288348E0,-1.953858805E-1,1.709523105E0
5.797724250E0,3.627095112E-1,-7.976037768E-1,1.970295328E-1,8.980816283E-1
5.807695250E0,-4.219505035E-1,4.014186636E-1,6.970600265E-1,9.083346583E-1
5.817666250E0,-2.194134052E-1,1.497605830E0,-3.992420375E-2,1.514120010E0
5.827637250E0,1.474544996E-1,6.172326690E-1,-2.136098975E-1,6.695880715E-1
5.837607250E0,-1.782385551E-1,-7.549667573E-1,-8.618795872E-2,7.804948119E-1
5.847578250E0,-1.777986252E-1,-5.236216700E-1,3.526227719E-1,6.558466465E-1
5.857549250E0,-3.770666184E-1,7.459234536E-2,1.698832494E-1,4.202422767E-1
5.867520250E0,2.120003052E-1,3.190161923E-1,5.752414745E-1,6.910992796E-1
5.877490250E0,6.092608675E-1,-1.261849603E-1,5.556024313E-3,6.222156526E-1
5.887461250E0,9.961000105E-1,-5.977231416E-1,-7.241191864E-3,1.161697301E0
5.897432250E0,1.020027913E0,6.763895345E-1,-9.724948740E-1,1.563235755E0
5.907403250E0,7.692872462E-1,8.876988450E-1,-8.323505634E-1,1.439659532E0
5.917374250E0,1.120425118E0,6.072485483E-1,-2.852739573E-1,1.305941987E0
5.927344250E0,1.194018905E0,6.888022962E-1,-2.070732951E-2,1.378607465E0
5.937315250E0,3.593923858E-1,3.111382386E-1,3.743153572E-2,4.768343636E-1
5.947286250E0,3.305659781E-1,1.174873147E0,-3.454909229E-1,1.268449745E0
5.957257250E0,-1.371142834E-2,8.177810562E-1,-5.198396909E-1,9.691166923E-1
5.967228250E0,-5.168826809E-1,-9.687491477E-2,-2.402626759E-1,5.781683218E-1
5.977198250E0,4.583216467E-1,1.615714324E-1,6.510225588E-1,8.124004134E-1
5.987169250E0,-9.338426589E-1,3.929556960E-1,6.650664014E-1,1.211936306E0
5.997140250E0,-3.470072521E-1,9.448577169E-1,5.786463082E-1,1.161034749E0
6.007111250E0,-2.421853866E-1,-8.068020317E-1,1.213277952E0,1.477033063E0
6.017082250E0,-3.582274742E-1,-7.179918891E-1,2.285992348E-1,8.343242093E-1
6.027052250E0,-2.620330292E-1,-8.713281029E-1,-1.585653788E-1,9.235891677E-1
6.037023250E0,1.302273598E-1,-6.111948341E-1,-5.852916688E-1,8.562036136E-1
6.046994250E0,3.063553624E-1,-8.151088786E-1,-9.988155305E-2,8.764886860E-1
6.056965250E0,7.435365470E-1,-8.125913599E-1,-2.665418172E-1,1.133223656E0
6.066935250E0,3.095041611E-1,-1.058337555E0,-5.846133918E-1,1.248056098E0
6.076906000E0,9.849452041E-2,-1.096887663E0,-1.734892273E-1,1.114882158E0
6.086877000E0,9.719570763E-2,-1.104546346E0,5.716524535E-1,1.247499965E0
6.096848000E0,1.503581538E-1,-8.860239100E-1,8.557072663E-1,1.240919365E0
6.106819000E0,-7.791957917E-1,-1.089657873E0,1.461230886E0,1.982346101E0
6.116789000E0,-5.334292779E-1,-5.549884737E-1,1.813284724E0,1.969913828E0
6.126760000E0,-4.394048077E-1,7.938948879E-1,1.029756072E0,1.372495263E0
6.136731000E0,-6.503530526E-1,5.263450107E-1,8.669356745E-1,1.204813524E0
6.146702000E0,-2.149304911E-1,1.054679829E-1,-1.265612286E-1,2.708068611E-1
6.156673000E0,2.295716268E-1,-1.011296412E-1,-1.227059255E0,1.252439520E0
6.166643000E0,1.353118792E-1,-3.046364272E-1,-1.222876157E0,1.267493097E0
6.176614000E0,2.726952808E-1,-1.398069263E-2,-1.366637555E0,1.393648586E0
6.186585000E0,4.257814530E-1,-6.437591475E-1,-4.481972659E-1,8.925225347E-1
6.196556000E0,3.007815041E-1,-1.080198540E0,-1.560002053E-1,1.132092957E0
6.206526000E0,7.809877440E-1,-4.088121754E-1,-2.280215299E-1,9.105290051E-1
6.216497000E0,5.533738381E-1,-7.196919671E-1,5.626547581E-1,1.068063439E0
6.226468000E0,5.410176482E-1,-2.578084159E-1,2.200266320E-1,6.384175700E-1
6.236439000E0,1.080607333E0,-8.554461882E-1,1.705165029E-1,1.388731892E0
6.246410000E0,6.812338796E-1,-1.256185405E0,6.546735603E-1,1.571839318E0
6.256380000E0,2.773541229E-1,-5.175253630E-1,5.467468232E-1,8.023028727E-1
6.266351000E0,-1.010619597E-1,2.998247534E-2,2.866930765E-1,3.054593077E-1
6.276322000E0,-4.172422524E-1,-1.195384303E-1,8.724162698E-2,4.427094250E-1
6.286293000E0,-3.193347924E-1,2.099141648E-1,2.572301263E-1,4.606582292E-1
6.296264000E0,-4.403844356E-1,1.601452965E-1,3.020157051E-1,5.574930073E-1
6.306234000E0,-7.157801067E-1,8.327782872E-1,-7.213476062E-2,1.100483648E0
6.316205000E0,-7.510937809E-1,1.106441721E0,-1.406477559E-1,1.344669826E0
6.326176000E0,-8.383206437E-1,6.630511585E-1,-9.694449663E-1,1.442997534E0
6.336147000E0,-8.227771365E-1,-1.137230819E-1,-8.281885153E-1,1.172941334E0
6.346118000E0,-3.659924304E-1,5.550235569E-2,-2.760236621E-2,3.712046083E-1
6.356088000E0,-8.614280359E-1,5.929605845E-1,4.355766356E-1,1.132866948E0
6.366059000E0,-1.232309762E0,1.023651579E0,1.904034680E-1,1.613289616E0
6.376030000E0,-1.261136243E0,6.299430540E-1,5.570981491E-1,1.515800522E0
6.386001000E0,-7.436751261E-1,2.821796107E-1,9.126287413E-1,1.210606974E0
6.395971000E0,-7.813879859E-1,5.888330349E-1,6.410448700E-1,1.169713663E0
6.405942000E0,-2.390981298E-1,6.007221785E-1,2.434780598E-1,6.908810440E-1
6.415913000E0,-1.801482558E-1,-2.707170215E-1,2.002343917E-1,3.818833741E-1
6.425884000E0,-2.326673986E-1,-5.025158527E-1,1.228043926E-1,5.672188462E-1
6.435855000E0,-2.367416288E-1,-7.495352787E-1,5.168318832E-1,9.407257455E-1
6.445825000E0,-2.100105343E-1,-5.122599453E-1,4.614365315E-1,7.207207148E-1
6.455796000E0,-5.594439058E-1,-2.567550400E-1,-1.721739546E0,1.828465941E0
6.465767000E0,-4.864313685E-1,-1.060189953E0,-4.527621287E0,4.675464974E0
6.475738000E0,-4.717051924E-1,-2.527979660E0,-4.497671848E0,5.180949624E0
6.485709000E0,-5.159484785E-1,-3.140311486E0,-1.462154161E0,3.502235550E0
6.495679000E0,-5.340554051E-1,-2.157592463E0,2.296795664E0,3.196199420E0
6.505650000E0,-2.620189228E-1,-6.040688324E-1,4.669279441E0,4.715477025E0
6.515621000E0,3.607870563E-1,2.587553725E-1,5.263210371E0,5.281903545E0
6.525592000E0,-7.495023150E-2,1.603388393E-1,4.501233387E0,4.504711765E0
6.535563000E0,2.854749553E-2,6.943817094E-1,2.579265881E0,2.671253152E0
6.545533000E0,-4.998566122E-1,1.227788402E0,8.278751045E-1,1.562913364E0
6.555504000E0,-5.761249888E-1,1.074781387E0,-1.345516827E0,1.815899382E0
6.565475000E0,-6.498455874E-1,4.413981235E-1,-2.343902587E0,2.472045900E0
6.575446000E0,-2.991208948E-1,-8.924576014E-2,-2.644696224E0,2.663053930E0
6.585416000E0,-5.860274678E-1,6.807363546E-1,-1.536800301E0,1.780052062E0
6.595387000E0,-3.725188002E-2,6.913399878E-1,-2.379705673E-1,7.320988132E-1
6.605358000E0,-1.475988527E-1,-1.776863587E-1,-2.280881882E-2,2.321165776E-1
6.615329000E0,2.916488841E-1,-1.069119820E0,8.742581427E-1,1.411525261E0
6.625300000E0,-1.292334793E-1,-2.650496078E-1,1.068619591E0,1.108557809E0
6.635270000E0,-2.429496907E-1,-1.164648414E-1,1.895764378E0,1.914813617E0
6.645241000E0,-1.819560686E-1,-4.331105724E-1,2.055435466E0,2.108437272E0
6.655212000E0,1.506559233E-1,-1.104600433E0,6.123911744E-1,1.271952151E0
6.665183000E0,1.501923122E-2,-1.516755753E0,-1.095505089E0,1.871070547E0
6.675154000E0,8.897133569E-1,-4.308047229E-1,-2.759642544E0,2.931349439E0
6.685124000E0,8.407036764E-1,7.581529051E-2,-2.606171844E0,2.739463873E0
6.695095000E0,5.213474686E-1,1.213416531E0,-2.410278425E0,2.748385880E0
6.705066000E0,1.120930829E0,1.455626330E0,-6.627877414E-2,1.838403332E0
6.715037000E0,1.821815227E0,1.106986097E0,9.901294917E-1,2.350486194E0
6.725008000E0,2.014526591E0,-4.399123460E-2,1.968459887E0,2.816928636E0
6.734978000E0,2.158193556E0,-1.061038676E0,1.997958505E0,3.126570115E0
6.744949000E0,2.514096324E0,-3.426743191E-1,6.896112585E-1,2.629385803E0
6.754920000E0,2.427746690E0,5.343790850E-1,-3.760361928E-1,2.514143634E0
6.764891000E0,2.284578199E0,8.951797727E-1,-6.334376425E-1,2.534144357E0
6.774861000E0,1.848926134E0,5.147476432E-1,-1.155409813E0,2.240193032E0
6.784832000E0,8.394131959E-1,4.118664685E-1,-5.928059256E-1,1.107098626E0
6.794803000E0,2.567475848E-2,2.387780678E-1,1.342303197E0,1.363617260E0
6.804774000E0,-8.789354036E-1,6.287636706E-1,3.038684539E0,3.225131768E0
6.814745000E0,-8.327540213E-1,1.151077903E0,2.923744651E0,3.250652609E0
6.824715000E0,-4.509647530E-1,6.765810308E-1,1.929658933E0,2.093971036E0
6.834686000E0,-2.536763348E-1,3.430649132E-1,6.413571113E-1,7.703143266E-1
6.844657000E0,1.830022817E-1,1.268953970E-1,-4.581808019E-1,5.094329437E-1
6.854628000E0,3.499500096E-2,-1.083248447E0,-1.136828531E0,1.570678502E0
6.864599000E0,3.923408613E-3,-2.027544832E0,-1.785760710E0,2.701831740E0
6.874569000E0,5.531734979E-1,-1.762420380E0,-1.715340353E0,2.520817137E0
6.884540000E0,-3.086575574E-1,-1.592126948E0,-2.258270699E-1,1.637417348E0
6.894511000E0,3.136241823E-2,-1.027816843E0,8.828143734E-1,1.355268343E0
6.904482000E0,-5.233221464E-1,-5.380812496E-1,1.059176922E0,1.298173044E0
6.914453000E0,-5.521977438E-1,-8.088967967E-1,4.069229400E-1,1.060576567E0
6.924423000E0,-4.250813951E-1,-2.532013947E-1,1.162560958E-1,5.082525146E-1
6.934394000E0,-4.271532098E-1,-1.382732016E-1,1.304630756E-1,4.675467432E-1
6.944365000E0,-4.674409642E-1,1.624368203E-1,-4.047565466E-1,6.393079365E-1
6.954336000E0,4.059319831E-2,-5.447698796E-1,-1.322831969E0,1.431190570E0
6.964306000E0,-2.501199851E-1,-1.008161135E0,-1.289890510E0,1.656129950E0
6.974277000E0,-3.478398956E-1,-1.278732269E0,-6.890136731E-1,1.493615965E0
6.984248000E0,-7.258113706E-1,-2.603718352E-1,4.428096414E-2,7.723706637E-1
6.994219000E0,-3.540076118E-1,6.689565539E-2,5.087340742E-1,6.233833301E-1
7.004190000E0,-3.229529764E-1,-7.100566328E-2,1.615253563E0,1.648752408E0
7.014160000E0,-1.482469435E-1,-4.617280152E-1,1.919059101E0,1.979383174E0
7.024131000E0,-1.510329956E-1,-7.616106561E-1,1.006888781E0,1.271489982E0
7.034102000E0,1.112932715E-1,-1.058018004E0,2.637766689E-1,1.096068620E0
7.044073000E0,-2.351242889E-1,-1.471016786E0,-5.979041129E-1,1.605198787E0
7.054044000E0,-2.500876062E-1,-1.158097193E0,-1.616734078E0,2.004385691E0
7.064014000E0,-4.859342455E-1,-1.001209965E0,-1.863359694E0,2.170406145E0
7.073985000E0,-2.584608190E-2,-7.398721701E-1,-5.937332940E-1,9.489984576E-1
7.083956333E0,-4.731705412E-1,-6.212271944E-1,1.767529092E0,1.932349005E0
7.093927333E0,-1.150484265E-1,-2.068747821E-1,2.966724025E0,2.976152677E0
7.103898333E0,-2.863894233E-1,8.926423734E-1,3.069294128E0,3.209267167E0
7.113868333E0,4.067432843E-3,6.439787105E-1,2.508685895E0,2.590025105E0
7.123839333E0,-5.821217470E-2,1.049964927E0,3.706076378E-1,1.114973105E0
7.133810333E0,9.670808639E-2,1.077160619E0,-1.713882642E0,2.026578685E0
7.143781333E0,4.602661382E-2,9.084257627E-1,-3.188849223E0,3.316039080E0
7.153751333E0,-6.361368634E-3,4.995305568E-1,-3.956679270E0,3.988092537E0
7.163722333E0,-1.509515366E-1,-3.298054746E-1,-2.936095725E0,2.958414461E0
7.173693333E0,-2.573906689E-1,-5.241584444E-1,-3.325504500E-1,6.719983877E-1
7.183664333E0,-5.888087690E-1,6.258336309E-1,5.205068582E-1,1.004634704E0
7.193635333E0,-1.110958695E0,8.302373797E-1,3.848502856E-1,1.439316876E0
7.203605333E0,-1.369224802E0,4.775406405E-1,-8.861402696E-1,1.699431140E0
7.213576333E0,-1.222118357E0,7.455995178E-1,-1.356858671E0,1.972449587E0
7.223547333E0,-1.511233058E0,-1.585528073E-1,4.354596913E-1,1.580692725E0
7.233518333E0,-9.308385057E-1,-8.328262344E-1,1.904300144E0,2.277371050E0
7.243489333E0,-5.392370249E-1,-4.822941345E-1,1.353409399E0,1.534633898E0
7.253459333E0,-1.017201369E0,-6.902930439E-2,9.455982667E-1,1.390546566E0
7.263430333E0,-1.612982358E0,7.248731849E-1,1.529583083E0,2.338114118E0
7.273401333E0,-9.799388181E-1,4.062098721E-1,1.327634287E0,1.699382049E0
7.283372333E0,-9.250920814E-1,7.195323381E-1,2.245798588E-2,1.172188767E0
7.293342333E0,-9.952675132E-1,1.088988367E0,-1.048850740E0,1.810121808E0
7.303313333E0,-7.984272109E-1,1.125972883E0,-1.344576595E0,1.926963197E0
7.313284333E0,-3.642221859E-1,-7.729978162E-1,-7.630540413E-1,1.145615509E0
7.323255333E0,2.686867952E-1,-1.700867325E0,-8.818267787E-1,1.934621596E0
7.333226333E0,8.770868064E-1,-1.968341188E0,3.539495051E-2,2.155203262E0
7.343196333E0,5.271194379E-1,-1.051477601E0,1.258074056E0,1.722268962E0
7.353167333E0,6.348186086E-1,-6.470561001E-1,7.086053538E-1,1.150564127E0
7.363138333E0,7.477248345E-1,-3.056573510E-1,6.551542014E-1,1.040070128E0
7.373109333E0,5.958790760E-1,-5.685586917E-1,1.309645913E0,1.547095109E0
7.383080333E0,3.789543919E-3,-1.237104186E-1,1.004200231E0,1.011798761E0
7.393050333E0,-2.736775034E-1,-1.337106192E-1,6.718988729E-1,7.377167484E-1
7.403021333E0,-7.351575601E-1,-9.697206625E-1,4.839313549E-1,1.309581749E0
7.412992333E0,-1.196980666E0,-6.307262886E-1,-6.514213389E-1,1.501641810E0
7.422963333E0,-1.093482975E0,-3.424313673E-1,-5.457352549E-1,1.269169503E0
7.432933333E0,-2.432420881E-1,3.651644647E-2,-4.932360291E-2,2.508644695E-1
7.442904333E0,-5.069081715E-1,6.709650725E-2,7.266481072E-1,8.885242300E-1
7.452875333E0,-3.759708867E-1,-3.842746273E-1,1.713994324E-2,5.378799815E-1
7.462846333E0,-7.283014074E-1,-4.792667386E-1,-1.004508964E0,1.330096916E0
7.472817333E0,-5.721535965E-1,-1.197619986E0,-1.953038440E0,2.361358193E0
7.482787333E0,-1.181689393E-1,-1.765161847E0,-2.111343033E0,2.754547086E0
7.492758333E0,-4.427712325E-1,-2.765058820E0,1.275920928E-2,2.800314168E0
7.502729333E0,-2.675559071E-1,-1.454654523E0,9.874842113E-1,1.778406874E0
7.512700333E0,-2.620628865E-1,5.723541194E-1,7.749180418E-1,9.983807721E-1
7.522671333E0,-3.976700867E-1,4.265853721E-1,8.759965199E-1,1.052371836E0
7.532641333E0,-6.456770343E-1,-7.876021144E-1,1.230651199E0,1.597409871E0
7.542612333E0,-2.781309986E-1,-9.872389206E-1,9.955644786E-2,1.030489702E0
7.552583333E0,-5.065582522E-1,4.864365944E-1,-2.659220123E-1,7.509569494E-1
7.562554333E0,-5.632845763E-2,1.312596711E0,-8.513639545E-1,1.565536203E0
7.572524333E0,1.438101494E-1,1.305815695E0,-1.137943595E0,1.738030959E0
7.582495333E0,6.730594721E-1,4.314338833E-2,-9.080199659E-1,1.131092686E0
7.592466333E0,3.526251107E-1,6.262680790E-1,-1.623227996E-1,7.368207833E-1
7.602437333E0,2.968996838E-1,1.288797081E0,7.401171684E-2,1.324622615E0
7.612408333E0,6.133624700E-1,9.882347015E-1,-4.066153765E-2,1.163819017E0
7.622378333E0,3.240959609E-1,8.516741493E-1,-2.387184262E-2,9.115683811E-1
7.632349333E0,-1.703367010E-4,2.312024152E-1,2.591925688E0,2.602217008E0
7.642320333E0,-3.058601763E-2,8.741602018E-1,3.713571339E0,3.815193789E0
7.652291333E0,-2.334091179E-1,1.687391247E0,2.639637798E0,3.141569153E0
7.662262333E0,-8.212176841E-2,2.121968594E0,2.304668355E-1,2.136026605E0
7.672232333E0,1.397571884E-1,1.444935865E0,-2.029949207E0,2.495609246E0
7.682203333E0,1.355104653E-1,6.795072699E-1,-3.805183759E0,3.867753438E0
7.692174333E0,1.067665033E-2,3.398577154E-1,-5.582388824E0,5.592734773E0
7.702145333E0,1.119011261E-1,-1.306094607E0,-5.102161680E0,5.267870423E0
7.712115333E0,-1.461084340E-1,-3.295206567E0,-2.099286659E0,3.909825888E0
7.722086333E0,-1.337878390E-1,-3.386138957E0,2.056297930E0,3.963861425E0
7.732057333E0,6.213048162E-1,-1.837443665E0,3.626896892E0,4.112979450E0
7.742028333E0,7.878395113E-1,1.374192157E-1,3.334069501E0,3.428643256E0
7.751999333E0,6.255425857E-1,-1.848576763E-1,5.024559188E-1,8.233698059E-1
7.761969333E0,3.666258301E-1,-1.353522542E0,-3.267172676E-1,1.439854835E0
7.771940333E0,4.656495966E-1,-7.166353351E-1,-1.559136080E0,1.778004799E0
7.781911333E0,-5.247578936E-1,-4.047983542E-1,-6.816134369E-1,9.506994435E-1
7.791882333E0,-3.481407714E-1,-5.992106733E-1,5.286122686E-1,8.715998842E-1
7.801852333E0,-4.718463296E-1,-6.885996902E-1,9.195664626E-1,1.241938393E0
7.811823333E0,-7.283842186E-1,-3.443603638E-1,1.370944029E0,1.590161992E0
7.821794333E0,-8.177693617E-1,7.229772252E-1,1.424967039E0,1.794985755E0
7.831765333E0,-5.533035619E-1,1.068647658E0,4.455993479E-1,1.283242544E0
7.841736333E0,-3.010764595E-1,2.212855375E-1,-1.642277640E0,1.684247657E0
7.851706333E0,-3.321717331E-1,-1.779257729E0,-1.930865214E0,2.646570725E0
7.861677333E0,-2.250566992E-1,-3.451711972E0,-5.688136303E-1,3.505497825E0
7.871648333E0,2.283078973E-1,-3.024652975E0,1.570401911E0,3.415671570E0
7.881619333E0,2.502343347E-1,-1.348819627E0,2.994807617E0,3.294055900E0
7.891590333E0,-1.745295200E-2,-1.395829779E-1,3.618059995E0,3.620793578E0
7.901560333E0,-5.034580950E-1,7.577251813E-1,2.187259773E0,2.368907516E0
7.911531333E0,-5.056350865E-1,1.021931328E0,1.213382617E0,1.665024881E0
7.921502333E0,-4.880006881E-1,2.337957723E0,-2.107014924E-1,2.397620926E0
7.931473333E0,-3.764491524E-1,2.732082570E0,-1.081480542E0,2.962362114E0
7.941443333E0,-1.205544571E-1,1.054632759E0,-1.727833514E0,2.027854109E0
7.951414333E0,2.041481889E-1,-1.105214390E-1,-2.369738510E0,2.381082123E0
7.961385333E0,-6.049291771E-2,-4.760381985E-1,-2.115689853E0,2.169427416E0
7.971356333E0,-5.661284062E-1,-1.737500131E-2,-1.527207944E0,1.628854618E0
7.981327333E0,-1.011316878E0,3.458481878E-1,-5.070682025E-1,1.183000828E0
7.991297333E0,-1.147874506E0,4.737379038E-1,-2.826017797E-1,1.273541224E0
8.001268333E0,-1.204780047E0,3.292245537E-1,2.226029152E-1,1.268635419E0
8.011239333E0,-1.232077481E0,2.519009739E-1,1.044437846E0,1.634723045E0
8.021210333E0,-8.643567601E-1,5.275664940E-1,4.906211543E-1,1.125232479E0
8.031180333E0,-1.202246960E0,-8.223904163E-2,-4.842968059E-1,1.298731847E0
8.041151333E0,-7.654957654E-1,-5.045375276E-1,-1.177039248E0,1.491966245E0
8.051122333E0,-7.337852186E-1,1.486599031E-1,-9.372753400E-1,1.199593922E0
8.061093333E0,-8.109592558E-1,5.330295476E-1,2.198395211E-1,9.950401139E-1
8.071064333E0,-7.800551131E-1,1.263642359E0,2.864100713E-1,1.512385110E0
8.081033958E0,-4.379553195E-1,6.205331299E-1,1.755362206E0,1.912632401E0
8.091004958E0,-6.041823415E-1,-1.028550084E0,2.589162878E0,2.850739551E0
8.100975958E0,-7.209817898E-2,-2.762835708E-1,1.864833777E0,1.886567193E0
8.110946958E0,-5.020433977E-1,3.984374607E-1,8.975587124E-1,1.102910525E0
8.120916958E0,-2.406123759E-1,1.300411990E-1,4.460489988E-1,5.232253226E-1
8.130887958E0,-9.497546138E-1,-2.159376740E-2,-5.198800367E-1,1.082947538E0
8.140858958E0,-1.069690947E0,-7.620813569E-1,-9.665652126E-1,1.630722241E0
8.150829958E0,-7.798742149E-1,-2.546254840E-1,1.164502233E-1,8.286124442E-1
8.160800958E0,-7.280523160E-1,-7.975581685E-1,1.444362838E0,1.803425412E0
8.170770958E0,-6.466853866E-1,-9.257458001E-2,2.193941386E0,2.289137578E0
8.180741958E0,-9.762344608E-1,-4.506946117E-1,1.878543743E0,2.164505937E0
8.190712958E0,-6.140547073E-1,1.678732690E-1,7.646772283E-1,9.949753170E-1
8.200683958E0,-4.915733734E-1,5.499931973E-1,6.080923015E-1,9.559880468E-1
8.210653958E0,-6.212865436E-1,-2.065762818E-2,-3.642066908E-1,7.204652806E-1
8.220624958E0,-6.012533981E-1,-5.020764345E-1,-1.297543931E0,1.515653868E0
8.230595958E0,-9.495040606E-1,-5.179995722E-1,-2.255344167E0,2.501291433E0
8.240566958E0,-1.313279081E0,-9.677963439E-1,-1.158349793E0,2.000776337E0
8.250537958E0,-1.070871792E0,-9.191264597E-1,-3.199502850E-1,1.447041129E0
8.260507958E0,-1.111694421E0,-6.080604342E-1,-7.330011070E-2,1.269241854E0
8.270478958E0,-1.123175429E0,1.106296125E-1,-2.093309051E-1,1.147859479E0
8.280449958E0,-7.923969774E-1,4.866374463E-1,5.070892525E-1,1.059173491E0
8.290420958E0,-4.248445464E-1,-4.920487520E-1,1.745358789E0,1.862493534E0
8.300390958E0,1.402763480E-2,-1.099839630E0,1.501105388E0,1.860957112E0
8.310361958E0,8.485895969E-2,-1.245216613E0,5.449072891E-1,1.361869822E0
8.320332958E0,-1.539710935E-1,-1.140258800E0,1.517177045E-2,1.150707353E0
8.330303958E0,-5.116818018E-2,-9.684907007E-1,-1.232680768E-1,9.776438200E-1
8.340274958E0,-4.960576762E-1,-1.194592297E0,3.390759426E-1,1.337197244E0
8.350244958E0,-2.472424972E-1,-3.385622647E-1,6.021942151E-1,7.337514103E-1
8.360215958E0,-6.850129350E-1,4.089279503E-1,3.500815719E-1,8.712186274E-1
8.370186958E0,8.170970416E-2,6.697897822E-1,2.520717126E-1,7.203020036E-1
8.380157958E0,4.708485022E-1,-2.303802967E-4,7.466835916E-2,4.767323452E-1
8.390127958E0,4.527608715E-1,-7.460526770E-1,-1.355940074E-1,8.831606527E-1
8.400098958E0,2.767939962E-1,8.127278924E-2,-6.101277173E-1,6.748896310E-1
8.410069958E0,5.512028401E-1,7.145423242E-1,-2.408836502E-1,9.340343875E-1
8.420040958E0,5.238608942E-1,1.171606600E-1,6.435451394E-1,8.380377099E-1
8.430011958E0,3.208315334E-1,7.748604468E-1,4.940827060E-1,9.733752129E-1
8.439981958E0,2.492115288E-1,1.140948772E0,7.636171281E-2,1.170342512E0
8.449952958E0,-2.013005584E-1,2.437424709E0,4.547145724E-2,2.446145699E0
8.459923958E0,-6.101361226E-1,1.488456107E0,-1.644032389E-1,1.617033115E0
8.469894958E0,-1.208163173E0,2.439572391E-1,-2.349165666E-1,1.254734705E0
8.479864958E0,-1.074751932E0,1.267324059E0,-1.268705463E0,2.090649549E0
8.489835958E0,-1.710463483E0,9.345745111E-1,-1.363005264E0,2.378423468E0
8.499806958E0,-6.839244758E-1,-3.903411135E-1,-1.649441063E-2,7.876489949E-1
8.509777958E0,-1.040605764E-1,-1.822059640E0,7.111909926E-1,1.958704308E0
8.519748958E0,-4.417422321E-1,-1.178204014E0,1.673574277E0,2.093836612E0
8.529718958E0,-6.903749780E-1,-7.863899866E-1,3.197353998E0,3.364238310E0
8.539689958E0,-4.123786846E-1,3.035649249E-1,1.961435042E0,2.027174207E0
8.549660958E0,-6.381246974E-1,-6.266002008E-1,3.797947830E-1,9.716352291E-1
8.559631958E0,-6.108393965E-1,-8.439406219E-1,-6.368997788E-1,1.221065875E0
8.569601958E0,-6.208418629E-1,-1.059929751E0,-2.908551246E-1,1.262336088E0
8.579572958E0,-1.416908407E0,-4.425909555E-1,-4.403427011E-1,1.548359739E0
8.589543958E0,-1.655851804E0,-1.283522308E-1,-1.027585001E0,1.953010606E0
8.599514958E0,-1.416752871E0,-5.569455367E-1,-2.672528386E-2,1.522527920E0
8.609484958E0,-1.648030130E0,-1.238993129E0,7.999792081E-1,2.211577269E0
8.619455958E0,-1.611631505E0,-7.289633122E-1,8.361670411E-1,1.956506821E0
8.629426958E0,-1.509202466E0,1.642725536E-1,1.161166397E0,1.911278357E0
8.639397958E0,-1.114895040E0,4.299691558E-2,1.545118550E0,1.905841289E0
8.649368958E0,-8.042214362E-1,-5.382341543E-1,1.587752938E-1,9.806516798E-1
8.659338958E0,-3.839729109E-1,-3.535998416E-1,-9.351270729E-1,1.070948499E0
8.669309958E0,-2.570494838E-1,-5.568350244E-1,-1.159768912E0,1.311946497E0
8.679280958E0,-7.099143261E-1,-5.345416376E-1,-1.887458408E0,2.086195666E0
8.689251958E0,-5.673896872E-1,-1.816862927E0,-5.445096785E-1,1.979750677E0
8.699221958E0,-4.819397201E-1,-1.108764235E0,-7.519963717E-1,1.423770545E0
8.709192958E0,-5.511676837E-1,-3.390434906E-1,-4.685677958E-1,7.989318389E-1
8.719163958E0,-3.240172427E-1,2.848830709E-1,3.082219398E-1,5.302323093E-1
8.729134958E0,-1.827445291E-1,-1.000564140E0,5.020641553E-1,1.134280643E0
8.739105958E0,-3.080900485E-1,-2.044192732E0,1.432497668E-1,2.072236448E0
8.749075958E0,3.410757635E-2,-1.187466880E0,-4.488030374E-2,1.188804088E0
8.759046958E0,1.153780632E-1,-8.683007070E-1,7.899038708E-1,1.179494104E0
8.769017958E0,6.390118662E-2,-7.752068943E-1,2.062227591E0,2.204044403E0
8.778988958E0,2.931358311E-1,3.568912393E-1,6.264566517E-1,7.782980847E-1
8.788958958E0,-1.061122730E-1,2.155915189E-1,2.802529532E-1,3.691628844E-1
8.798929958E0,-2.435644889E-1,-2.020613542E-1,1.506201822E-1,3.504837948E-1
8.808900958E0,2.452510086E-1,6.192607757E-1,-4.843424141E-2,6.678157241E-1
8.818871958E0,-9.095409729E-1,5.412065864E-1,-3.301373041E-1,1.108674880E0
8.828842958E0,-6.473258029E-1,7.501135683E-1,-1.100222037E0,1.480604468E0
8.838812958E0,-6.630814178E-1,7.329753792E-1,-1.471460005E0,1.772603853E0
8.848783958E0,-1.554222519E0,-4.231858009E-1,-1.859421009E0,2.460109825E0
8.858754958E0,-6.439540060E-1,-7.049514288E-1,-6.608540672E-1,1.161189639E0
8.868725958E0,-7.102970995E-1,-3.153184131E-1,-6.551968861E-1,1.016479528E0
8.878695958E0,-1.874752920E-1,-3.591301382E-2,-1.388526607E-1,2.360440447E-1
8.888666958E0,1.564182447E-1,-4.708183891E-1,-6.059878886E-2,4.998087994E-1
8.898637958E0,6.983501416E-1,-6.582111257E-1,4.354620302E-1,1.053832048E0
8.908608958E0,8.500261116E-1,-1.232780170E-1,9.592953694E-1,1.287629398E0
8.918578958E0,4.284523150E-1,4.389420006E-1,2.415683591E-1,6.592395150E-1
8.928549958E0,6.792002910E-1,5.641343960E-1,3.201906055E-1,9.391925660E-1
8.938520958E0,1.148239299E0,5.840432882E-2,-2.704752392E-1,1.181110244E0
8.948491958E0,8.097673740E-1,1.504780948E-2,-3.665011382E-1,8.889728460E-1
8.958462958E0,-2.881931797E-2,1.138335943E-2,1.434051858E0,1.434386582E0
8.968432958E0,2.005358887E-1,7.776682797E-1,2.390401985E0,2.521706614E0
8.978403958E0,7.297215499E-1,1.493746375E0,6.975418371E-1,1.802868933E0
8.988374958E0,3.696282291E-1,1.574076886E0,-1.043780619E0,1.924531384E0
8.998345958E0,4.206407272E-1,4.832212105E-1,-6.698348057E-1,9.268872783E-1
9.008315958E0,6.110836639E-1,4.903755713E-1,-6.575907362E-1,1.022896388E0
9.018286958E0,-2.109342116E-1,-5.619057298E-1,1.225819645E0,1.364868159E0
9.028257958E0,-1.445168585E-2,-1.702489927E-1,1.958342450E0,1.965781962E0
9.038228958E0,-8.522582131E-1,1.774299583E-1,2.052293172E0,2.229289733E0
9.048198958E0,-1.284700522E0,-2.750723201E-1,1.379572765E0,1.905082997E0
9.058169958E0,-1.372942900E0,-7.829489002E-1,3.813267535E-1,1.625850940E0
9.068140958E0,-1.156031080E0,-1.181256260E0,6.785161668E-1,1.786661243E0
9.078112750E0,-3.045547854E-1,-3.532960787E-1,-4.211334282E-1,6.284306652E-1
9.088083750E0,3.042510957E-2,-4.847140047E-1,-1.701147991E0,1.769117815E0
9.098053750E0,4.756506743E-1,-7.911502048E-1,-1.487135221E0,1.750352357E0
9.108024750E0,1.334123966E0,-1.472231838E0,-1.524470862E0,2.504269304E0
9.117995750E0,9.397727589E-1,-1.980744595E0,-2.178553269E0,3.090730712E0
9.127966750E0,6.076388499E-1,-2.381843123E0,-1.170203269E-1,2.460913528E0
9.137936750E0,5.463698971E-1,-1.277158783E0,1.313711482E0,1.911934225E0
9.147907750E0,9.308891572E-2,-2.979662159E-1,4.337698460E-1,5.344208934E-1
9.157878750E0,-6.035045030E-1,-9.198883519E-1,6.268969470E-1,1.266259076E0
9.167849750E0,-1.041040467E-1,-1.710087799E0,6.655552286E-1,1.837988492E0
9.177819750E0,-2.520461310E-1,-2.517076065E0,4.542234063E-1,2.570120245E0
9.187790750E0,1.806337208E-1,-1.124561950E0,-2.419694781E-2,1.139233783E0
9.197761750E0,1.564231782E-1,1.881110671E-1,8.696388423E-2,2.596472635E-1
9.207732750E0,5.054618993E-1,3.174906537E-1,4.616727591E-2,5.986847786E-1
9.217703750E0,2.538912199E-1,1.878248459E-1,5.687516499E-1,6.505515841E-1
9.227673750E0,3.217602906E-1,4.785592255E-1,9.787864780E-1,1.136033268E0
9.237644750E0,9.729950302E-1,9.037225547E-1,1.312325692E0,1.866984871E0
9.247615750E0,5.879010618E-1,9.989406610E-1,1.760235275E0,2.107590645E0
9.257586750E0,3.260483462E-1,1.991720695E0,-4.328570956E-1,2.064127932E0
9.267556750E0,9.759418076E-1,2.256505132E0,-1.780715733E0,3.035659128E0
9.277527750E0,1.010310279E0,1.949953449E0,-2.595378469E0,3.399858043E0
9.287498750E0,1.408065662E0,1.103237447E0,-3.470114914E0,3.904033720E0
9.297469750E0,9.871321359E-1,-3.670718265E-1,-1.549156637E0,1.873247946E0
9.307440750E0,8.095622829E-1,-5.649284479E-1,-2.577084285E-1,1.020269021E0
9.317410750E0,2.486196627E-1,-2.041724914E-1,1.155420338E0,1.199372461E0
9.327381750E0,5.466003504E-1,3.676229265E-1,1.391591132E0,1.539624772E0
9.337352750E0,6.965329000E-1,4.244219023E-1,2.349249866E0,2.486818643E0
9.347323750E0,6.158802080E-1,3.544400865E-1,2.355085387E0,2.459951907E0
9.357293750E0,1.381313043E0,8.697613415E-1,1.935340673E-1,1.643765783E0
9.367264750E0,1.006950177E0,7.188403201E-1,-5.705660409E-1,1.362433731E0
9.377235750E0,6.917586485E-1,-2.079261115E-1,-3.567965144E-1,8.056469750E-1
9.387206750E0,1.001370764E0,-8.842524961E-1,-2.859288454E-4,1.335906421E0
9.397176750E0,3.188707428E-1,-1.468659773E-1,-1.349595845E-1,3.761146838E-1
9.407147750E0,-1.381492406E-1,6.351599398E-1,1.257133824E-1,6.620552970E-1
9.417118750E0,6.892810370E-1,-3.640330285E-1,5.057297748E-1,9.291883549E-1
9.427089750E0,6.375701621E-1,-4.527031302E-2,-9.740946722E-1,1.165077484E0
9.437060750E0,1.010338931E0,-1.069937553E0,1.447344918E0,2.064063574E0
9.447030750E0,-7.631829724E-2,-4.438638943E-1,7.008425903E-1,8.330786131E-1
9.457001750E0,2.754349644E0,-1.243950399E0,1.247454928E0,3.269556293E0
9.466972750E0,2.377922565E0,-2.472781360E0,1.523327731E0,3.753623683E0
9.476943750E0,1.090475314E0,-1.823835440E0,1.193265272E0,2.437087222E0
9.486913750E0,2.173636491E0,2.413716003E-1,9.408772248E-1,2.380799403E0
9.496884750E0,1.271723796E0,1.689453560E-1,-7.003274506E-1,1.461602711E0
9.506855750E0,2.021189201E0,-4.333707735E-1,-3.175592415E0,3.789116414E0
9.516826750E0,1.957637422E0,-1.502164319E-1,-2.719588532E0,3.354261623E0
9.526796750E0,1.138658271E0,-4.798228088E-1,-5.280573678E-1,1.343732551E0
9.536767750E0,1.301392861E0,-3.978351974E-1,2.057324701E0,2.466674106E0
9.546738750E0,1.328304671E0,-3.244970798E-1,2.551272921E0,2.894595856E0
9.556709750E0,1.430569841E0,-1.119885054E0,5.515099651E-1,1.898640526E0
9.566679750E0,1.618934678E0,-1.742380802E0,1.615059435E-2,2.378466143E0
9.576650750E0,9.830150382E-1,-1.199138215E0,2.210065084E0,2.699747895E0
9.586621750E0,3.955990760E-1,-4.214532709E-1,5.265909446E0,5.297539408E0
9.596592750E0,1.348704437E0,2.168890745E0,5.503571280E0,6.067321284E0
9.606563750E0,1.299260527E0,2.563900568E0,-1.249305571E0,3.134075374E0
9.616533750E0,1.991023269E0,1.579665070E0,-5.572708173E0,6.124915655E0
9.626504750E0,8.612210445E-1,-1.234093163E0,-3.058653949E0,3.408819679E0
9.636475750E0,-1.622168042E0,-2.621224624E0,2.207114578E0,3.791253413E0
9.646446750E0,9.703454375E-3,2.721935897E0,7.440891820E-1,2.821825277E0
9.656416750E0,1.587979664E0,3.043728054E0,-5.220908689E-1,3.472540678E0
9.666387750E0,9.690483789E-1,-8.291024351E-1,2.183649702E0,2.528792524E0
9.676358750E0,-1.559619060E-1,-1.418225200E0,1.390966065E0,1.992604684E0
9.686329750E0,-6.518087170E-1,3.287833813E-1,6.225238144E-2,7.326857951E-1
9.696299750E0,-9.812373385E-2,1.387121813E0,-5.147894508E-1,1.482816027E0
9.706270750E0,-3.132752497E-1,1.458052924E-1,3.819810569E-2,3.476487605E-1
9.716241750E0,-1.502525385E-1,3.748044768E-1,-1.293533911E0,1.355095642E0
9.726212750E0,-3.299724126E-1,6.999082053E-1,-5.562614125E-1,9.529848099E-1
9.736183750E0,-2.128539987E-1,1.421315161E0,-1.393399091E0,2.001750394E0
9.746153750E0,1.138017416E0,-1.734757787E-1,1.686629355E-2,1.151287087E0
9.756124750E0,-1.181515146E0,-1.964439049E0,-6.921986514E-1,2.394605978E0
9.766095750E0,-8.783083628E-1,-1.751119466E0,-3.512779123E-1,1.990286697E0
9.776066750E0,-2.182199885E-1,5.282687446E-1,-3.115045667E-1,6.509400318E-1
9.786036750E0,-1.878036498E-1,4.444641110E-1,1.290155974E0,1.377432755E0
9.796007750E0,5.155340937E-1,-5.176749347E0,1.908844015E0,5.541497513E0
9.805978750E0,-4.821079007E-1,-3.219990909E0,-2.647637374E0,4.196516787E0
9.815949750E0,-1.142090294E0,2.853201210E0,-2.558770806E0,3.999054316E0
9.825919750E0,7.287498888E-1,3.467301818E0,1.204352762E0,3.742154977E0
9.835890750E0,2.256705692E0,-3.581843510E-1,4.449525290E0,5.001928819E0
9.845861750E0,6.656838673E-1,-5.681794998E0,1.901484709E0,6.028397259E0
9.855832750E0,-8.055352324E-1,-2.660977504E0,-1.309853489E0,3.073337673E0
9.865802750E0,-1.279350173E0,4.137092185E-1,8.325207174E-1,1.581449629E0
9.875773750E0,6.797240554E-1,1.316528963E0,1.535771776E0,2.133979440E0
9.885744750E0,-7.862853214E-2,-8.930832535E-1,1.894193816E-1,9.163295509E-1
9.895715750E0,-1.618844046E-1,-1.580732479E0,-1.996897820E0,2.551964466E0
9.905685750E0,5.099695909E-1,-7.916457564E-2,-2.632913500E0,2.683015004E0
9.915656750E0,8.566305417E-1,4.530343750E-1,3.674741149E-1,1.036384704E0
9.925627750E0,1.201490112E0,-1.107812016E0,1.340045003E0,2.113420583E0
9.935598750E0,5.807980835E-1,-1.931684701E0,8.116917658E-1,2.174298903E0
9.945569750E0,-1.269377893E-1,-4.146228459E-1,6.510360074E-1,7.822232352E-1
9.955539750E0,5.047703929E-1,1.691658837E0,1.712029075E0,2.459175944E0
9.965510750E0,4.478382468E-3,8.971125698E-1,1.532069319E0,1.775406268E0
9.975481750E0,1.474847589E-1,4.684441271E-1,-1.156871032E0,1.256798408E0
9.985452750E0,4.569569796E-1,1.650025785E-1,-3.103543024E0,3.141339656E0
9.995422750E0,1.139149291E0,8.595658439E-1,-1.618241490E0,2.157595900E0
1.000539375E1,1.332632780E0,-6.612075314E-1,-1.142567573E0,1.875784152E0
1.001536475E1,1.451952524E0,-1.585971584E0,-1.275429761E0,2.500038615E0
1.002533575E1,9.448470457E-1,2.147623837E-2,-2.223111391E-3,9.450937048E-1
1.003530575E1,1.269013904E0,1.551753678E0,1.518194461E0,2.514607362E0
1.004527675E1,1.755536453E0,2.143081135E0,2.035733857E0,3.437865228E0
1.005524775E1,1.951772372E0,5.982382813E-1,1.639208436E-2,2.041463478E0
1.006521875E1,1.911432577E0,5.900495481E-1,-1.084988871E0,2.275727097E0
1.007518875E1,2.215307697E0,1.348850325E0,-1.060983127E0,2.802261692E0
1.008515871E1,1.922340851E0,2.106910844E0,-1.058691019E0,3.042251522E0
1.009512971E1,1.280088530E0,8.190750450E-2,-6.072292525E-1,1.419176821E0
1.010510071E1,7.699511245E-1,3.883223623E-1,3.268482453E-1,9.221977915E-1
1.011507171E1,-4.409755160E-1,1.166099400E0,1.092715382E0,1.657791942E0
1.012504171E1,-8.975790314E-1,1.866242079E0,1.548889419E0,2.586032878E0
1.013501271E1,-3.588901100E-1,1.092508391E0,1.164133859E0,1.636332587E0
1.014498371E1,2.741262406E-2,-8.718958676E-1,9.181438351E-1,1.266468301E0
1.015495471E1,4.464628355E-1,-7.966492188E-1,2.978635973E-1,9.605736640E-1
1.016492471E1,4.672669365E-1,-4.196263084E-1,1.893088692E-1,6.559439584E-1
1.017489571E1,6.498085307E-1,-8.971719190E-1,-2.625060689E-1,1.138454222E0
1.018486671E1,6.955322953E-1,-2.158511937E0,-1.439526021E-1,2.272369096E0
1.019483771E1,7.611465333E-1,-2.301457649E0,9.750097615E-1,2.612794556E0
1.020480771E1,2.438800558E-1,-8.913480923E-1,7.266124392E-1,1.175561372E0
1.021477871E1,1.498372400E-1,-2.900657505E-2,5.669939768E-1,5.871752291E-1
1.022474971E1,4.918530165E-1,-7.349955922E-1,9.331279099E-1,1.285638210E0
1.023472071E1,4.711176203E-1,-4.758990347E-1,-8.916822606E-1,1.115136295E0
1.024469071E1,6.841388494E-3,-1.033525187E0,-4.135782409E-1,1.113224182E0
1.025466171E1,3.123167449E-1,-1.021475538E0,-2.398492777E-1,1.094751889E0
1.026463271E1,2.313975661E-1,-1.359386423E0,4.080678248E-1,1.438052721E0
1.027460371E1,4.311838418E-1,-1.124083063E0,1.282037115E-1,1.210751184E0
1.028457371E1,1.007971539E0,-6.962855628E-1,8.169916821E-1,1.472513368E0
1.029454471E1,1.006348645E0,-2.469515982E-1,6.763678998E-1,1.237415137E0
1.030451571E1,1.318474332E0,4.237857252E-2,7.013618231E-1,1.494014362E0
1.031448671E1,1.620997868E0,-3.567368728E-1,5.121745759E-1,1.737014128E0
1.032445671E1,1.151629515E0,-9.911118239E-2,-5.677330649E-1,1.287786628E0
1.033442771E1,1.658969101E0,-5.590157434E-1,-1.081575851E0,2.057786044E0
1.034439871E1,1.670750364E0,-1.118866762E0,-5.149847478E-1,2.075687573E0
1.035436971E1,8.784103967E-1,-1.471819316E0,1.801953989E-1,1.723463753E0
1.036433971E1,5.675526783E-2,-1.061366705E0,1.208849271E0,1.609669843E0
1.037431071E1,-2.916655487E-1,3.985862723E-1,1.789809322E0,1.856706013E0
1.038428171E1,-1.085848412E-1,1.173328605E0,1.747325208E0,2.107518936E0
1.039425271E1,6.638110042E-2,1.139521759E0,5.333069980E-2,1.142698758E0
1.040422371E1,7.706491359E-2,5.471707463E-2,-3.511457652E-1,3.636431047E-1
1.041419371E1,5.276644349E-1,5.410507581E-1,-1.318345985E0,1.519605809E0
1.042416471E1,3.696304218E-1,-2.881499103E-1,-1.174272931E0,1.264347237E0
1.043413571E1,1.003244065E-1,7.859555385E-1,-1.004604859E0,1.279461612E0
1.044410671E1,1.260379028E-1,8.345964789E-1,-5.407037258E-2,8.457898325E-1
1.045407671E1,8.079032086E-2,5.413334709E-1,4.946592414E-1,7.377376009E-1
1.046404771E1,-2.154965016E-1,6.798382223E-2,6.570907992E-1,6.948588783E-1
1.047401871E1,-5.673264641E-1,8.782278174E-1,4.057008719E-1,1.121488570E0
1.048398971E1,1.015833852E-1,8.376697755E-1,8.596751869E-2,8.481746584E-1
1.049395971E1,-9.226350814E-2,2.345654413E-1,-2.923128355E-1,3.859796562E-1
1.050393071E1,1.000224710E-1,8.205602378E-2,-2.106693327E-1,2.472230845E-1
1.051390171E1,-4.308631220E-1,6.855100214E-2,2.494907516E-1,5.025812421E-1
1.052387271E1,-4.943801831E-1,-1.635343426E-1,7.538288891E-2,5.261538051E-1
1.053384271E1,-2.422006624E-1,1.246620530E-1,-8.266881198E-1,8.704108431E-1
1.054381371E1,-1.814176132E-1,-4.579507139E-1,-1.803176057E-1,5.245432734E-1
1.055378471E1,-2.208224380E-1,-6.726563796E-1,-1.610761732E-1,7.260679636E-1
1.056375571E1,1.623817834E-1,8.376955032E-2,-1.232119435E-1,2.203777760E-1
1.057372571E1,-3.711737213E-1,-1.063843293E0,5.655508840E-1,1.260706265E0
1.058369671E1,9.175984360E-2,-8.337135494E-1,3.955465972E-1,9.273377281E-1
1.059366771E1,-1.093476836E-1,1.869547802E-1,-1.867594832E-1,2.859862065E-1
1.060363871E1,1.875191096E-1,-1.492095414E-1,9.662699282E-2,2.583866859E-1
1.061360871E1,1.340602096E-1,-7.356998894E-1,3.606509990E-1,8.302382851E-1
1.062357971E1,7.075196721E-2,-8.368713382E-1,1.922447562E-1,8.615785071E-1
1.063355071E1,4.359768044E-1,-5.094445109E-1,5.168090791E-1,8.465820149E-1
1.064352171E1,5.372432705E-1,-3.790513095E-1,1.039456018E0,1.229950829E0
1.065349171E1,5.390336148E-2,-1.199021271E-1,1.021831341E0,1.030253067E0
1.066346271E1,1.386965400E-1,-6.303766251E-2,7.956978768E-1,8.101515835E-1
1.067343371E1,2.594188853E-1,-4.162834552E-1,8.863151014E-2,4.984431940E-1
1.068340471E1,-6.461008843E-1,-1.596582234E-1,4.277033597E-1,7.911177314E-1
1.069337471E1,-5.109310924E-1,3.480043486E-1,-5.434741366E-1,8.231170907E-1
1.070334571E1,-4.732683724E-1,-8.215697595E-1,2.544503599E-1,9.816846784E-1
1.071331671E1,-1.328370013E0,-8.952046233E-1,-9.298230636E-1,1.852168767E0
1.072328771E1,-1.464181830E0,-8.806778008E-1,-4.674404526E-1,1.771418188E0
1.073325771E1,-1.154115312E0,-5.307006016E-1,-8.726191682E-1,1.541132537E0
1.074322871E1,-1.200548637E0,-6.315372974E-1,-6.913379413E-1,1.522532278E0
1.075319971E1,-1.210021857E0,-5.337841308E-1,-1.799696964E-1,1.334716256E0
1.076317071E1,-1.129578276E0,-5.340025243E-1,3.589775258E-1,1.299988708E0
1.077314071E1,-7.965897234E-1,-4.620130670E-1,-2.718487501E-2,9.212764400E-1
1.078311171E1,-7.941664179E-1,4.214292973E-2,2.482417864E-1,8.331268273E-1
1.079308271E1,-7.153957254E-1,-6.642586085E-1,3.083979410E-1,1.023787006E0
1.080305371E1,-6.803711960E-1,-5.738273254E-1,-4.287804168E-1,9.879450438E-1
1.081302471E1,-4.525639665E-1,-6.716696620E-3,-2.548134720E-1,5.194123250E-1
1.082299471E1,-4.420250181E-1,1.535060754E-1,-4.113223851E-2,4.697255506E-1
1.083296571E1,1.223337648E-1,7.661176899E-1,-8.840990067E-2,7.808445270E-1
1.084293671E1,1.358177365E-1,-1.874421456E-1,-5.577811038E-1,6.039046078E-1
1.085290771E1,-2.863247750E-1,4.349220398E-1,-1.026633074E0,1.151136189E0
1.086287771E1,-3.738846367E-1,2.235156655E-1,-4.654050368E-1,6.374565260E-1
1.087284871E1,-6.334943604E-1,2.611886913E-1,3.088446683E-1,7.516113798E-1
1.088281971E1,-1.332182471E-1,2.312977248E-1,-5.529127121E-3,2.669762351E-1
1.089279071E1,-1.371990681E-2,5.605801660E-1,2.103313637E-1,5.988970203E-1
1.090276071E1,1.699441701E-1,9.437017223E-1,5.681569880E-1,1.114565532E0
1.091273171E1,3.742892640E-1,1.958459979E0,-1.582730180E-1,2.000177065E0
1.092270271E1,-2.078391342E-1,8.144399571E-1,-8.765876734E-1,1.214460991E0
1.093267371E1,-4.050070267E-2,1.262681662E0,-9.493884319E-1,1.580298605E0
1.094264371E1,-2.502339327E-1,6.854766923E-1,-1.168956642E0,1.378025743E0
1.095261471E1,-6.766619416E-1,6.179980695E-2,-6.634420449E-1,9.496556988E-1
1.096258571E1,-6.230801770E-1,1.849240422E-1,-6.403987527E-2,6.530902801E-1
1.097255671E1,-7.382577538E-1,-6.150080958E-1,9.592649639E-1,1.357736624E0
1.098252671E1,-3.354209212E-1,-1.196558131E0,1.409497061E0,1.879079700E0
1.099249771E1,7.648165382E-1,-6.112442431E-1,5.725616956E-1,1.134191676E0
1.100246871E1,3.753726069E-2,-8.215180117E-1,1.381919253E-1,8.339052091E-1
1.101243971E1,5.937350847E-1,-1.097198150E0,3.313260430E-1,1.290791260E0
1.102240971E1,4.919666352E-1,-1.596129075E0,1.320231128E-1,1.675437046E0
1.103238071E1,7.102148730E-1,-1.384951034E0,3.747889817E-2,1.556887665E0
1.104235171E1,3.444412381E-1,-7.330429146E-1,1.596412665E-1,8.255162113E-1
1.105232271E1,3.454572649E-1,-1.364893623E0,5.545639658E-1,1.513213969E0
1.106229271E1,-2.466727957E-1,-1.445481411E0,1.083414801E0,1.823198181E0
1.107226371E1,-2.778970004E-1,-8.562028179E-1,1.968827677E-1,9.214514813E-1
1.108223471E1,-1.050575814E0,-2.184861830E-1,7.752285290E-1,1.323791912E0
1.109220571E1,-1.168580374E0,2.502160987E-1,1.199690192E0,1.693353107E0
1.110217571E1,-1.111827153E0,-2.708956540E-2,4.828800255E-1,1.212463022E0
1.111214671E1,-4.249664608E-1,-3.454116932E-1,-6.760340238E-1,8.700159377E-1
1.112211771E1,-4.074200995E-1,-2.336214083E-1,-9.683831120E-1,1.076260169E0
1.113208871E1,2.353529151E-1,-3.248789030E-1,-3.746211666E-1,5.488882534E-1
1.114205871E1,4.283529123E-1,-7.542653838E-1,1.292714131E-1,8.769912114E-1
1.115202971E1,1.145290914E0,2.730395356E-1,5.848385096E-2,1.178839356E0
1.116200071E1,5.473982396E-1,5.649114910E-1,3.541676062E-1,8.626728920E-1
1.117197171E1,9.309908257E-1,8.514031309E-1,3.298285711E-1,1.304000803E0
1.118194171E1,1.289771812E0,3.382333589E-1,-7.212645757E-1,1.515960329E0
1.119191271E1,8.761518366E-1,-3.658670077E-1,-5.807390267E-1,1.112995294E0
1.120188371E1,9.185876387E-1,-7.275854158E-1,-3.090493208E-1,1.211897384E0
1.121185471E1,4.464831546E-1,3.131721926E-1,2.841548002E-1,6.149536405E-1
1.122182471E1,2.354102543E-1,5.343644670E-1,-1.289848995E-1,5.979970533E-1
1.123179571E1,-5.315166537E-2,2.847810370E-1,-1.614778769E-1,3.316631473E-1
1.124176671E1,3.881889727E-2,7.193800181E-2,-5.483612394E-1,5.544204468E-1
1.125173771E1,-2.239091466E-1,-4.864035577E-2,4.248054796E-1,4.826602176E-1
1.126170771E1,-3.742772041E-1,5.156223866E-1,-4.233559549E-1,7.649706763E-1
1.127167871E1,-8.287327449E-1,3.879995960E-1,-9.992833078E-2,9.205038404E-1
1.128164971E1,-7.870539379E-1,3.592707637E-1,9.444422722E-3,8.652274730E-1
1.129162071E1,-8.670694296E-1,5.254775763E-2,-3.739645243E-1,9.457378749E-1
1.130159071E1,-1.118635797E0,3.117922497E-1,-1.126956092E0,1.618205947E0
1.131156171E1,-1.130951495E0,-1.890530536E-1,-2.650490230E-1,1.176878636E0
1.132153271E1,-1.561796125E0,-1.214905232E-2,-5.119582289E-1,1.643610648E0
1.133150371E1,-9.546579427E-1,-3.971575052E-2,-3.929668057E-1,1.033136989E0
1.134147371E1,-2.027949971E-1,-5.547899607E-1,1.177550295E0,1.317399867E0
1.135144471E1,-9.526367795E-2,-8.014465669E-1,1.864005226E0,2.031232939E0
1.136141571E1,-3.884775693E-1,-3.661789566E-1,1.237915195E0,1.348123096E0
1.137138671E1,-2.025562479E-1,-2.972253737E-1,1.215667709E0,1.267761782E0
1.138135671E1,-1.147030753E-1,-2.172114900E-1,3.460300362E-1,4.243517560E-1
1.139132771E1,-8.217651296E-2,-3.764171389E-1,-8.026613259E-1,8.903415333E-1
1.140129871E1,-6.213148295E-1,-3.846538192E-1,-1.212917179E0,1.416036285E0
1.141126971E1,-8.994397616E-1,-1.312591156E0,-7.070102334E-1,1.741192378E0
1.142123971E1,-1.173619724E0,-6.796499419E-1,-4.967361724E-1,1.444317875E0
1.143121071E1,-1.006058330E0,-2.986626193E-1,8.913717735E-1,1.376915525E0
1.144118171E1,-8.387682480E-1,-2.511329421E-1,1.084845614E0,1.394091079E0
1.145115271E1,-8.660141534E-1,1.887709254E-1,4.725620288E-1,1.004455000E0
1.146112271E1,-5.749191102E-1,-9.208867639E-2,3.624583733E-1,6.858486568E-1
1.147109371E1,-6.237464672E-1,-2.376118407E-1,-8.185107887E-2,6.724720376E-1
1.148106471E1,-7.426571989E-1,6.442988455E-2,-7.896518558E-1,1.085928625E0
1.149103571E1,-7.979361910E-1,-9.688482580E-1,-5.440758151E-1,1.367986697E0
1.150100571E1,-8.576033722E-1,-8.365547115E-1,-1.908548731E-1,1.213149996E0
1.151097671E1,-1.394934716E0,-8.226275209E-1,4.506840867E-1,1.680974434E0
1.152094771E1,-1.605960437E0,3.394738457E-1,7.275941867E-1,1.795478966E0
1.153091871E1,-1.121312871E0,4.953223157E-1,1.552967852E0,1.978483233E0
1.154088871E1,-1.300636377E0,2.746238387E-1,1.002515064E0,1.664965373E0
1.155085971E1,-1.298494396E0,4.619964024E-1,-1.637699854E-1,1.387929746E0
1.156083071E1,-1.146741681E0,1.203248808E-1,-1.028970791E0,1.545404623E0
1.157080171E1,-1.535250204E0,-7.831778187E-1,-1.166761013E0,2.081271714E0
1.158077171E1,-1.364696864E0,-1.436346598E0,-1.369253014E0,2.408390105E0
1.159074271E1,-1.243076240E0,-9.706220108E-1,-1.792508397E0,2.387557744E0
1.160071371E1,-1.036503320E0,-2.370718503E-1,-3.579326284E-1,1.121899266E0
1.161068471E1,-8.822026084E-1,1.071551970E-1,5.841076076E-1,1.063459156E0
1.162065471E1,-1.921088450E-1,6.051868200E-4,5.972802150E-1,6.274151973E-1
1.163062571E1,8.256780133E-2,-4.130911678E-2,7.875556290E-2,1.213520648E-1
1.164059671E1,6.801476862E-1,-2.750080007E-1,-2.919818830E-1,7.896098375E-1
1.165056771E1,5.419665782E-1,-2.557154050E-1,2.497223014E-1,6.492144238E-1
1.166053771E1,8.866046117E-1,-6.003716379E-1,7.645053202E-1,1.315667977E0
1.167050871E1,5.077670544E-1,4.381093571E-1,6.560616893E-1,9.381812887E-1
1.168047971E1,6.182973008E-1,1.304573161E0,1.109199268E-1,1.447931599E0
1.169045071E1,1.097326277E0,1.277609019E0,1.137575805E-1,1.688001940E0
1.170042071E1,8.410130672E-1,1.465965669E0,-9.913252473E-2,1.692981270E0
1.171039171E1,7.519938867E-1,1.457738929E0,-9.857370633E-1,1.913681047E0
1.172036271E1,1.973371329E-1,1.355082872E0,-1.741632943E0,2.215508258E0
1.173033371E1,2.604899855E-1,4.592952812E-1,-1.026392169E0,1.154247838E0
1.174030371E1,-2.241398558E-2,-7.097239262E-1,-2.058746159E-1,7.393204959E-1
1.175027471E1,-6.278879039E-1,-1.730507738E0,1.102713536E0,2.145897806E0
1.176024571E1,-7.185826041E-1,-3.933530143E-1,5.321188438E-1,9.768510719E-1
1.177021671E1,-1.028466761E0,-4.091656396E-1,1.518396190E0,1.879012344E0
1.178018671E1,-4.357345104E-1,-7.859628475E-1,2.656856094E0,2.804725738E0
1.179015771E1,-2.816275970E-1,-1.104257201E0,2.947579072E0,3.160208925E0
1.180012871E1,-1.302178580E-2,2.527689931E-1,1.318282835E0,1.342360371E0
1.181009971E1,7.942521527E-2,8.194937056E-1,1.371996528E-1,8.346867934E-1
1.182006971E1,1.103807112E0,-3.549552262E-3,-4.088899434E-1,1.177112452E0
1.183004071E1,1.219929598E0,-6.980973226E-1,-1.599312884E0,2.129171152E0
1.184001171E1,8.674549804E-1,-1.026075250E-1,-2.465452752E0,2.615619185E0
1.184998271E1,6.317309864E-1,-2.458195773E-1,-1.727619506E0,1.855850334E0
1.185995271E1,4.101516994E-1,-6.477352542E-1,-5.511328197E-1,9.442101254E-1
1.186992371E1,1.785547068E-1,-1.536738321E0,1.878242612E-2,1.547190754E0
1.187989471E1,2.819401307E-1,-1.346356780E0,3.303635913E-1,1.414675552E0
1.188986571E1,1.991760091E-1,-7.334256148E-1,1.277644102E0,1.486592973E0
1.189983571E1,-2.719985119E-1,-6.149657035E-1,2.142791698E0,2.245823294E0
1.190980671E1,-1.463108208E-1,-7.134749150E-1,1.236403105E0,1.434972456E0
1.191977771E1,7.203605231E-2,-2.119007564E-1,4.773620081E-1,5.272244400E-1
1.192974871E1,1.294029389E-1,2.411871207E-1,-1.548559052E-1,3.144784558E-1
1.193971871E1,2.818119670E-1,-9.076486677E-2,-4.688917315E-1,5.545409829E-1
1.194968971E1,3.311189054E-1,-9.780450511E-1,-6.821852946E-1,1.237573686E0
1.195966071E1,1.976883313E-1,-6.674430022E-1,-1.401788092E0,1.565110441E0
1.196963071E1,1.514554935E-1,2.145396048E-1,-9.022037405E-1,9.396475924E-1
1.197960171E1,5.905625682E-2,4.066864201E-1,6.812070554E-1,7.955655461E-1
1.198957271E1,-1.300051656E-1,-1.839118892E-1,1.670219144E0,1.685335847E0
1.199954371E1,-2.653382044E-1,-5.277954125E-1,1.980558361E0,2.066781019E0
1.200951371E1,-4.414258247E-1,-1.428688207E-1,7.526892668E-1,8.841998592E-1
1.201948471E1,-9.949179228E-1,4.786247143E-1,-3.810022330E-1,1.167949482E0
1.202945571E1,-5.376658415E-1,-5.329973879E-1,-7.247565329E-1,1.048066221E0
1.203942671E1,-5.635475548E-1,-7.516072395E-1,-1.521373592E0,1.788037163E0
1.204939671E1,-1.347107708E0,4.059549335E-1,-1.441389529E0,2.014225002E0
1.205936771E1,-9.369430719E-1,8.049329692E-1,-3.218979925E-1,1.276478642E0
1.206933871E1,-1.496781665E0,9.996262470E-1,2.674294245E-1,1.819650099E0
1.207930971E1,-1.314548804E0,6.804168043E-1,-8.279645669E-1,1.696033876E0
1.208928000E1,-1.607050212E0,7.201112124E-1,-1.109729610E0,2.081506750E0
1.209925100E1,-1.579866652E0,1.947108194E-1,1.652715504E-1,1.600376714E0
1.210922200E1,-1.230145123E0,2.822705349E-1,-3.343262494E-2,1.262557491E0
1.211919300E1,-1.426133266E0,2.582130432E-3,-1.594108862E-1,1.435017279E0
1.212916300E1,-1.879626648E0,-5.031684020E-1,1.048043239E0,2.210106198E0
1.213913400E1,-1.372499096E0,-1.024356169E-1,5.955693197E-1,1.499649839E0
1.214910500E1,-1.290831620E0,-4.100915462E-2,-6.263566643E-1,1.435357340E0
1.215907600E1,-9.862964956E-1,-7.684115526E-1,-1.297894764E0,1.802156461E0
1.216904600E1,-1.405376528E0,-7.167119336E-1,-3.667952532E-1,1.619659822E0
1.217901700E1,-1.485816235E0,-2.157166493E0,9.660693687E-1,2.791828646E0
1.218898800E1,-2.089216292E0,-1.081306880E0,8.697610492E-1,2.508093612E0
1.219895900E1,-2.373127263E0,-1.518804618E0,1.724699991E0,3.303496713E0
1.220892900E1,-2.324396422E0,-6.107177013E-1,1.742153345E0,2.968314861E0
1.221890000E1,-2.708471513E0,-5.041311461E-1,1.730974054E0,3.253649847E0
1.222887100E1,-2.626875665E0,-2.649148294E-1,1.389575012E0,2.983550627E0
1.223884200E1,-2.592273597E0,7.338483685E-1,4.530498701E-1,2.731971818E0
1.224881200E1,-2.076377707E0,6.728768197E-1,-1.486806607E-1,2.187741652E0
1.225878300E1,-1.774482601E0,2.707322243E-1,-6.590817761E-1,1.912190687E0
1.226875400E1,-1.121105003E0,4.055008972E-1,-1.182880032E0,1.679438172E0
1.227872500E1,-3.371728932E-1,-4.064955086E-2,-1.306565015E0,1.349981513E0
1.228869500E1,-1.510900059E-1,-1.695049345E-1,-1.283067394E0,1.303005008E0
1.229866600E1,-8.988741897E-2,-4.037841547E-1,2.358258086E-1,4.761672014E-1
1.230863700E1,2.651943629E-1,-2.079883844E-1,4.290482193E-1,5.455910489E-1
1.231860800E1,-2.562322258E-1,1.833523107E-1,1.051709443E0,1.097891514E0
1.232857800E1,-1.303029716E-1,3.984114406E-1,1.072681067E0,1.151674959E0
1.233854900E1,1.370980574E-1,-1.485695636E-1,-2.666061366E-1,3.345857508E-1
1.234852000E1,3.885978027E-1,-8.489212802E-1,-1.899562730E0,2.116604393E0
1.235849000E1,2.276851688E-1,-5.889029092E-1,-2.493365021E0,2.572064599E0
1.236846100E1,5.572401633E-1,-4.844058564E-1,-2.095384228E0,2.221666198E0
1.237843200E1,6.523849601E-1,-8.145949084E-1,-5.797882694E-1,1.193869942E0
1.238840300E1,1.367934321E0,-1.023374713E0,1.142169963E0,2.055016383E0
1.239837300E1,1.650563875E0,-5.713983920E-1,2.088493284E0,2.722620323E0
1.240834400E1,1.730008971E0,-2.834838322E-1,2.495643096E0,3.049840747E0
1.241831500E1,1.718346407E0,1.018090877E-1,2.333073544E0,2.899364004E0
1.242828600E1,2.022758301E0,-5.263075885E-1,1.251061490E0,2.435919882E0
1.243825600E1,1.960289865E0,-9.829511574E-1,7.618746579E-2,2.194250182E0
1.244822700E1,2.264748244E0,-9.828906387E-2,-3.040125293E-1,2.287174888E0
1.245819800E1,2.355542639E0,3.369025326E-1,-6.471452701E-1,2.465944331E0
1.246816900E1,2.266107283E0,7.419783372E-1,-4.152721792E-1,2.420377048E0
1.247813900E1,2.264702344E0,8.750074634E-1,-6.000412703E-3,2.427869595E0
1.248811000E1,2.006177059E0,1.240917156E0,3.053591430E-2,2.359142688E0
1.249808100E1,1.676613075E0,1.808257288E0,4.046857953E-3,2.465936373E0
1.250805200E1,1.691622292E0,2.198579983E0,-5.386267948E-1,2.825855400E0
1.251802200E1,7.994682346E-1,1.135132546E0,-2.142314565E-1,1.404838237E0
1.252799300E1,5.641136384E-1,2.535791248E-2,-2.793402028E-1,6.299985473E-1
1.253796400E1,-4.389716752E-2,1.551859805E-1,-6.721245754E-1,6.912026437E-1
1.254793500E1,-4.988856089E-1,-2.416946590E-3,-1.726402116E-1,5.279179246E-1
1.255790500E1,-2.662763536E-1,7.997558445E-2,4.449351043E-1,5.246584009E-1
1.256787600E1,-4.498514432E-1,-4.119550538E-1,9.267252088E-1,1.109456128E0
1.257784700E1,-1.311058308E-1,-4.755558032E-1,1.106338225E0,1.211332460E0
1.258781800E1,6.172203898E-2,4.681865573E-3,1.051308324E0,1.053129015E0
1.259778800E1,9.426340207E-2,-9.030928096E-1,5.477086902E-2,9.096494159E-1
1.260775900E1,1.241703022E-1,-1.315727018E0,-6.817853451E-4,1.321573423E0
1.261773000E1,3.242646530E-1,-1.690430922E0,-1.550862855E-1,1.728223372E0
1.262770000E1,2.382923104E-1,-1.483590054E0,-4.740659326E-1,1.575614541E0
1.263767100E1,5.051787478E-1,-9.530897194E-1,1.001780069E-1,1.083337996E0
1.264764200E1,-2.022851564E-1,-7.676435208E-1,8.801813722E-2,7.987133729E-1
1.265761300E1,1.007045487E-1,-4.145292905E-1,2.376834691E-1,4.883332574E-1
1.266758300E1,-1.719266320E-1,-3.745033452E-1,6.015258783E-1,7.291398389E-1
1.267755400E1,-2.142004663E-1,-1.920406884E-1,4.103973556E-1,5.011860485E-1
1.268752500E1,-8.923940130E-1,-3.756429675E-1,3.507083935E-1,1.029791771E0
1.269749600E1,-7.464314304E-1,-4.181528100E-1,1.458354056E-1,8.679168269E-1
1.270746600E1,-1.146470590E0,-6.902450967E-1,-2.310030252E-1,1.358011599E0
1.271743700E1,-8.130421071E-1,-1.132764716E0,-6.143026292E-2,1.395695901E0
1.272740800E1,-9.856329829E-2,-9.597289404E-1,3.579957783E-2,9.654408178E-1
1.273737900E1,1.428566878E-1,-7.982118872E-1,9.858452368E-1,1.276495625E0
1.274734900E1,4.207103822E-1,2.720972568E-2,1.496552162E0,1.554800941E0
1.275732000E1,6.131855187E-1,1.045886494E0,7.130585933E-1,1.406530339E0
1.276729100E1,-3.159021845E-1,1.229464214E0,-1.472102614E0,1.943826780E0
1.277726200E1,3.728644437E-1,-6.946272925E-1,-1.679226780E0,1.855084243E0
1.278723200E1,3.185786743E-1,-2.135116643E0,-1.355233730E0,2.548896607E0
1.279720300E1,7.970259257E-2,-8.367564404E-1,-1.187464249E-1,8.488901915E-1
1.280717400E1,1.349103217E-1,8.066330472E-1,7.515186542E-1,1.110692557E0
1.281714400E1,2.701903336E-2,1.694680679E0,9.433669692E-1,1.939745826E0
1.282711500E1,4.478707720E-1,3.237945369E-1,4.411063474E-1,7.071109816E-1
1.283708600E1,8.940932869E-1,-1.767557743E-1,-1.670058931E0,1.902562020E0
1.284705700E1,2.084933645E-1,5.289104766E-1,-2.248349728E0,2.319114545E0
1.285702700E1,-1.342411809E-1,2.634354839E-1,-1.498190551E0,1.527086729E0
1.286699800E1,-5.653258393E-1,-1.731269923E-1,1.704592001E-1,6.153231663E-1
1.287696900E1,-1.325561742E0,-8.296807247E-1,1.543092490E0,2.196956638E0
1.288694000E1,-1.207596651E0,4.708341765E-1,2.191027719E0,2.545697735E0
1.289691000E1,-8.546132523E-1,1.286044797E0,2.399538260E0,2.853429321E0
1.290688100E1,-8.221160357E-1,1.111121540E0,1.664264340E0,2.163386615E0
1.291685200E1,-2.862046147E-1,6.076932290E-1,-1.714023560E-1,6.932408743E-1
1.292682300E1,-4.667197832E-1,1.017909029E0,-1.759263468E0,2.085419405E0
1.293679300E1,7.329338640E-2,7.990296203E-1,-1.429885717E0,1.639632098E0
1.294676400E1,3.400834179E-1,-8.677469757E-1,-1.414038008E0,1.693559870E0
1.295673500E1,2.316579864E-1,-1.650907837E0,-5.630681562E-1,1.759604461E0
1.296670600E1,1.166276132E-1,-1.240601698E0,-4.087765074E-1,1.311408711E0
1.297667600E1,3.561903774E-1,3.420524678E-1,2.369455504E-1,5.477359487E-1
1.298664700E1,-1.512375750E-1,-1.738616949E-1,1.171522400E0,1.193970447E0
1.299661800E1,3.373404890E-3,-5.921235555E-1,5.476309222E-1,8.065490139E-1
1.300658800E1,-2.446089844E-1,-9.712105331E-1,2.686731273E-1,1.036951640E0
1.301655900E1,-1.021537811E-1,-5.851487043E-1,-1.319552851E-1,6.084789219E-1
1.302653000E1,-2.969273119E-1,9.655741096E-2,-3.901291519E-1,4.996898211E-1
1.303650100E1,-8.255489360E-1,-2.250967526E-1,-3.221751505E-1,9.143283991E-1
1.304647100E1,-7.235453553E-1,-3.361801091E-1,-1.642874640E-1,8.145706340E-1
1.305644200E1,-7.275692629E-1,5.537576348E-1,-3.992718583E-1,9.977086585E-1
1.306641300E1,-4.333386138E-1,6.307473385E-1,5.481513244E-1,9.413258913E-1
1.307638400E1,1.145014194E-1,7.755758536E-1,3.740814686E-1,8.686572540E-1
1.308635375E1,-1.880916251E-1,1.586712134E-1,4.985453010E-1,5.559698108E-1
1.309632475E1,-3.378501470E-1,-8.732360494E-1,1.083099636E0,1.431708330E0
1.310629575E1,-3.556337956E-1,-7.554605547E-1,1.366825835E0,1.601689392E0
1.311626675E1,-1.112299388E0,-6.828682494E-1,1.362079650E-1,1.312277252E0
1.312623675E1,-1.272752029E0,-1.097622073E0,-3.305881244E-1,1.712880746E0
1.313620775E1,-1.565956711E0,-1.243766504E0,-1.868729192E-1,2.008506168E0
1.314617875E1,-1.736836472E0,-8.813040376E-2,-3.789130229E-1,1.779871618E0
1.315614975E1,-8.118025705E-1,-2.792191654E-2,1.352993077E-1,8.234737091E-1
1.316611975E1,-7.985277099E-1,-8.514320746E-1,5.531495243E-1,1.291726549E0
1.317609075E1,-5.473156476E-1,-5.400579008E-1,2.048688948E-1,7.957312476E-1
1.318606175E1,-4.613229494E-1,-1.029481253E-1,-8.815700859E-1,1.000291456E0
1.319603175E1,-5.172548196E-1,1.870307940E-1,-1.006137999E0,1.146667667E0
1.320600275E1,-7.192497714E-1,-9.446825927E-1,-2.532212752E-1,1.214029015E0
1.321597375E1,-8.894747905E-1,-8.699639475E-1,2.341827410E-1,1.266034845E0
1.322594475E1,-6.237334572E-1,-8.449986756E-2,-3.472287154E-1,7.188542509E-1
1.323591475E1,-6.124885671E-1,1.270737956E0,-3.732710445E-1,1.459194459E0
1.324588575E1,-4.205082147E-1,6.103706691E-1,-2.085760295E-2,7.414948091E-1
1.325585675E1,1.110242630E-1,-4.676377961E-1,-3.366008162E-2,4.818137570E-1
1.326582775E1,3.008748768E-1,1.658013082E-1,-2.290138024E-1,4.128717561E-1
1.327579775E1,5.081539208E-1,1.389190850E0,-2.315222579E-1,1.497222155E0
1.328576875E1,1.006864588E-1,1.922802196E0,-2.430260700E-1,1.940713198E0
1.329573975E1,1.516946080E-1,9.898116955E-1,-1.644751596E-1,1.014785950E0
1.330571075E1,-1.121584036E-1,8.726834875E-1,-2.599403107E-1,9.174556894E-1
1.331568075E1,-2.140101760E-1,1.236203423E0,-4.816825157E-1,1.343881432E0
1.332565175E1,-1.954808246E-1,7.050487849E-1,-6.506097454E-1,9.790809888E-1
1.333562275E1,-5.376690940E-1,-4.478104725E-1,-1.210876501E-1,7.101299127E-1
1.334559375E1,-2.039898390E-1,-1.966368923E-1,-1.290661758E-1,3.113454666E-1
1.335556375E1,-5.823644795E-1,-4.398360398E-1,8.486812520E-1,1.119314074E0
1.336553475E1,-4.967966546E-1,-4.718191400E-1,7.602187264E-1,1.023402525E0
1.337550575E1,-5.241313279E-1,-1.504776563E0,1.157549894E-1,1.597643693E0
1.338547575E1,-7.193851344E-1,-1.401677287E0,1.403922325E-1,1.581747188E0
1.339544675E1,-3.380621816E-1,-1.412151112E0,6.958946764E-2,1.453719194E0
1.340541775E1,-1.915132695E-1,-9.524301535E-1,2.443200588E-1,1.001744888E0
1.341538875E1,5.749089141E-1,-1.180511325E0,9.611243784E-1,1.627233025E0
1.342535875E1,5.320175773E-1,-7.101776701E-1,1.047847942E0,1.373091525E0
1.343532975E1,5.451995037E-1,-4.030801499E-1,1.164071878E0,1.347137500E0
1.344530075E1,1.568368687E-1,3.268564314E-2,6.991732103E-1,7.172930591E-1
1.345527175E1,9.309998889E-2,1.752547941E-1,-3.269289368E-1,3.824452647E-1
1.346524175E1,-3.166782196E-1,-2.895751691E-1,-7.237437952E-1,8.413940542E-1
1.347521275E1,6.036848165E-3,-4.852975568E-1,-9.800044531E-1,1.093599054E0
1.348518375E1,-1.967065472E-1,-1.538504764E-1,2.357889712E-1,3.434528698E-1
1.349515475E1,-2.012333885E-2,3.178441179E-1,5.723377472E-1,6.549811668E-1
1.350512475E1,-3.331085667E-1,-9.340049922E-2,5.353090847E-1,6.373702116E-1
1.351509575E1,3.761445490E-1,-8.422270954E-2,-1.650481868E-1,4.193078708E-1
1.352506675E1,4.844820164E-1,-2.197105899E-1,6.691670537E-2,5.361654717E-1
1.353503775E1,4.323248528E-1,-1.774743971E-1,2.378349119E-1,5.243733263E-1
1.354500775E1,2.827307108E-1,-3.755228072E-1,3.201771569E-1,5.687419849E-1
1.355497875E1,5.349602982E-1,1.310586146E-1,2.206569618E-1,5.933366464E-1
1.356494975E1,3.553673818E-1,-6.669568062E-2,-4.444550478E-1,5.729525106E-1
1.357491975E1,5.002178970E-1,-2.673256364E-1,-8.512142658E-1,1.022861998E0
1.358489075E1,4.737377577E-1,-3.709195867E-1,-1.047460856E0,1.207966493E0
1.359486175E1,3.726727282E-1,-7.794443715E-1,-2.099700058E-1,8.891039837E-1
1.360483275E1,2.148850290E-1,-1.579537600E-2,-1.667163974E-1,2.724324261E-1
1.361480275E1,2.395579402E-1,-1.908513647E-1,7.047502846E-1,7.684303571E-1
1.362477375E1,5.591435782E-1,-5.014925900E-1,1.075611691E0,1.311898193E0
1.363474475E1,4.185496898E-1,2.204186878E-1,6.330575734E-1,7.902721886E-1
1.364471575E1,1.466190056E-1,2.178406504E-1,9.853412068E-1,1.019729854E0
1.365468575E1,-1.550987108E-1,6.610139886E-1,-4.682058531E-1,8.247495523E-1
1.366465675E1,-4.790580661E-1,7.981613088E-1,-9.640000391E-1,1.340094840E0
1.367462775E1,-7.912137202E-1,8.249576363E-1,-4.026772767E-1,1.211908925E0
1.368459875E1,-7.336478090E-1,1.800450085E0,-3.514065510E-1,1.975688787E0
1.369456875E1,-8.062711776E-1,1.343448667E0,5.942642212E-1,1.675731929E0
1.370453975E1,-4.928013618E-1,1.279288631E0,1.066251469E-1,1.375064183E0
1.371451075E1,-3.607820497E-1,1.630303127E0,-1.440004324E0,2.204918235E0
1.372448075E1,-2.557447873E-2,9.763183683E-1,-1.948408030E0,2.179482843E0
1.373445175E1,8.325324118E-2,-6.099683806E-1,-1.505403092E0,1.626416612E0
1.374442275E1,1.886677951E-1,-1.857422723E0,-1.582949451E0,2.447722140E0
1.375439375E1,2.843253927E-1,-2.004041656E0,-7.470332551E-1,2.157564037E0
1.376436375E1,4.166652784E-1,-2.408730083E0,1.419718578E0,2.826869542E0
1.377433475E1,1.839072114E-1,-1.733667574E0,2.474284387E0,3.026798365E0
1.378430575E1,6.419665374E-2,-1.113256358E0,3.202603043E0,3.391183744E0
1.379427675E1,-7.907273050E-1,-3.697247082E-1,2.416689312E0,2.569500586E0
1.380424675E1,-4.241828974E-1,-2.000045961E-1,1.483314650E0,1.555684840E0
1.381421775E1,-7.399444563E-1,-1.016976982E-2,-2.798670369E-1,7.911679853E-1
1.382418875E1,-9.387937157E-1,1.479462504E-1,-8.737915349E-1,1.291020286E0
1.383415975E1,-7.387239962E-1,2.843229076E-1,-8.215583575E-1,1.140837759E0
1.384412975E1,-7.397813190E-1,-2.934811091E-1,-2.972619188E-1,8.495717802E-1
1.385410075E1,-2.817970566E-2,4.686660290E-2,-2.117218316E-2,5.864158608E-2
1.386407175E1,2.713579495E-1,6.590203804E-1,6.510354227E-1,9.652927639E-1
1.387404175E1,3.522340782E-1,9.909054172E-1,1.153712951E0,1.561094477E0
1.388401275E1,1.939371597E-1,4.962289265E-1,1.012053627E0,1.143725191E0
1.389398375E1,-5.762796476E-3,4.214158487E-1,6.819426352E-1,8.016671910E-1
1.390395475E1,-3.489603683E-2,-2.817831695E-1,-6.367617846E-3,2.840071030E-1
1.391392475E1,-1.291429936E-1,1.500658661E-2,-6.946825486E-1,7.067439097E-1
1.392389575E1,1.763659112E-2,-1.528652206E-1,-7.981730032E-1,8.128708188E-1
1.393386675E1,-5.594713146E-1,-4.286304358E-1,1.003165859E-1,7.118957928E-1
1.394383775E1,-7.835353759E-1,1.411845303E-1,7.686164975E-3,7.961908276E-1
1.395380775E1,-6.037080592E-1,8.341620308E-1,-6.915601355E-1,1.240381044E0
1.396377875E1,-5.416369414E-1,5.001348665E-1,-8.834780324E-1,1.150668890E0
1.397374975E1,-2.292868674E-1,-4.218710545E-1,-5.529939884E-1,7.323592051E-1
1.398372075E1,-5.231476801E-1,-1.912449408E0,-1.003101540E-1,1.985247683E0
1.399369075E1,-7.081988993E-1,-1.551724734E0,-3.238579792E-1,1.736168000E0
1.400366175E1,-6.110299426E-1,-7.258286199E-1,-7.821171337E-1,1.229590170E0
1.401363275E1,-7.919963700E-1,-1.016561830E0,-4.053348362E-2,1.289301814E0
1.402360375E1,-6.772970954E-1,-1.270925651E0,2.712143272E-1,1.465448934E0
1.403357375E1,-2.406121932E-1,-9.964450693E-1,5.143807304E-1,1.146902149E0
1.404354475E1,2.663936634E-1,2.133760089E-1,8.920243227E-1,9.550928214E-1
1.405351575E1,8.054744945E-1,7.432682329E-1,7.597643977E-1,1.333596179E0
1.406348575E1,8.890638044E-1,7.186409301E-1,3.493413144E-1,1.195373828E0
1.407345675E1,1.249462131E0,8.694657648E-1,-3.608334321E-1,1.564393524E0
1.408342788E1,1.332534108E0,1.011595790E0,-8.237376148E-1,1.864810137E0
1.409339887E1,1.320457123E0,1.511662244E0,-1.130883082E0,2.303828617E0
1.410336887E1,2.034215628E0,1.456778816E0,-4.820163918E-1,2.548053677E0
1.411333988E1,1.536210609E0,7.831702173E-1,6.056534278E-1,1.827598069E0
1.412331088E1,1.264060435E0,1.184169928E0,1.309155332E0,2.171173619E0
1.413328187E1,3.954249021E-1,1.222703371E0,1.222667996E0,1.773776033E0
1.414325188E1,-4.094489372E-1,-3.524409235E-2,6.280032402E-1,7.505189191E-1
1.415322288E1,4.488044261E-1,-3.165898901E-1,7.769493645E-1,9.514751108E-1
1.416319387E1,4.495074076E-1,-9.509706885E-2,-4.113223851E-2,4.612940744E-1
1.417316388E1,4.244020949E-1,-1.072803274E-1,-4.159504563E-1,6.038551058E-1
1.418313488E1,3.093913829E-1,-8.799851981E-1,1.413266176E-1,9.434353128E-1
1.419310587E1,-3.005243728E-1,-1.292517664E0,7.318106139E-1,1.515408719E0
1.420307688E1,3.325299116E-1,-1.150020434E0,2.035918629E-1,1.214319887E0
1.421304688E1,-9.738669232E-2,-1.963728905E-1,-5.605439132E-1,6.018770295E-1
1.422301787E1,1.876623664E-1,-1.009491669E0,-6.545256257E-2,1.028870561E0
1.423298888E1,3.723543473E-2,-1.337343589E0,1.081601579E0,1.720388424E0
1.424295988E1,1.519924506E-1,-1.352610377E0,1.918203653E0,2.352054802E0
1.425292987E1,-4.322159484E-2,3.564462662E-2,1.670831348E0,1.671770331E0
1.426290088E1,3.524363919E-1,8.845878339E-1,7.160763413E-1,1.191416121E0
1.427287188E1,2.972521978E-1,1.881201303E-1,-2.480441505E-1,4.304346095E-1
1.428284287E1,2.329198886E-1,-5.421465263E-1,-1.561948591E0,1.669687974E0
1.429281288E1,-2.573359609E-3,-6.031692383E-1,-1.701387143E0,1.805142089E0
1.430278388E1,-5.817087874E-2,-5.359440923E-2,-9.619459122E-1,9.651922865E-1
1.431275487E1,5.476038788E-1,-1.799509853E-1,-5.346612132E-1,7.862028861E-1
1.432272588E1,1.969494990E-1,-9.914281583E-1,-3.417405188E-1,1.067007723E0
1.433269588E1,2.634433045E-1,-9.333150208E-1,-3.735277373E-1,1.039231578E0
1.434266687E1,5.952355899E-2,-8.861282828E-1,5.714092094E-1,1.056065752E0
1.435263788E1,-1.676235929E-1,-9.064087656E-1,1.777188107E0,2.002017005E0
1.436260788E1,-3.014899673E-1,-2.692207190E-1,1.205340357E0,1.271306954E0
1.437257887E1,2.276439460E-1,3.359430045E-2,8.575099629E-1,8.878477796E-1
1.438254988E1,3.092069764E-1,3.825833201E-1,3.443249881E-1,6.004487060E-1
1.439252088E1,1.479243234E-1,3.865740448E-2,-8.481976873E-1,8.618673431E-1
1.440249087E1,-4.165614903E-2,-5.452332714E-1,-2.145826403E0,2.214404097E0
1.441246188E1,6.964508928E-2,-7.959539849E-1,-1.842163537E0,2.007974024E0
1.442243288E1,-1.969131001E-1,-1.939588675E-1,-1.058580506E0,1.094069239E0
1.443240387E1,-6.359987229E-2,7.125191876E-1,-1.403752756E-1,7.289950305E-1
1.444237388E1,4.659821570E-1,4.967355877E-2,1.416279246E0,1.491795474E0
1.445234488E1,2.952450679E-1,-8.526608670E-1,2.735531550E0,2.880509168E0
1.446231587E1,3.018705480E-1,2.209887913E-1,2.943028768E0,2.966712019E0
1.447228688E1,-2.778394418E-1,1.023152227E0,3.000263069E0,3.182076951E0
1.448225688E1,-6.706204522E-1,2.076079645E0,1.541660507E0,2.671433249E0
1.449222787E1,-4.764290848E-1,2.142187973E0,-4.296551603E-1,2.236192644E0
1.450219888E1,-6.238617305E-1,1.559614090E0,-1.679974639E0,2.375692395E0
1.451216888E1,-3.878410634E-1,1.386823897E0,-2.676720255E0,3.039495441E0
1.452213987E1,-5.309420916E-1,8.643076435E-1,-2.610232151E0,2.800399808E0
1.453211088E1,-2.156663632E-1,-3.433286226E-1,-1.306046952E0,1.367532509E0
1.454208188E1,-1.167944124E0,-5.460170907E-1,-6.037133217E-2,1.290686963E0
1.455205187E1,-1.033554570E0,-2.397051439E-1,1.251595341E0,1.640787769E0
1.456202288E1,-8.087067622E-1,-8.286092225E-1,1.233666608E0,1.691902235E0
1.457199388E1,-7.621007989E-1,-1.420826626E0,6.223951757E-1,1.728271299E0
1.458196487E1,-1.141942652E0,-6.339823106E-1,-3.265336651E-1,1.346324933E0
1.459193488E1,-8.814885903E-1,-3.001375794E-1,-5.387799919E-1,1.075819958E0
1.460190588E1,-1.123828782E0,-1.014877832E-1,-5.896694791E-1,1.273185374E0
1.461187687E1,-5.911418080E-1,-5.788489142E-1,-2.282799768E-1,8.582694510E-1
1.462184788E1,-7.342362582E-1,-5.726023337E-1,5.496382713E-5,9.311156311E-1
1.463181788E1,-5.763685984E-1,-5.364147931E-2,6.294176817E-1,8.551285211E-1
1.464178887E1,1.762792993E-1,5.473350531E-1,7.873889834E-1,9.750033143E-1
1.465175988E1,1.798911244E-1,-8.217852294E-2,5.390489638E-1,5.741845624E-1
1.466172988E1,-5.905183487E-2,-5.313303468E-1,5.758864224E-2,5.376946237E-1
1.467170087E1,-2.334997863E-1,-1.490930356E0,2.359409988E-1,1.527436949E0
1.468167188E1,-6.223230357E-1,-2.276490330E0,1.915805125E-1,2.367783199E0
1.469164288E1,-9.492206168E-1,-1.855756559E0,5.837602830E-1,2.164631205E0
1.470161287E1,-1.152713296E0,-1.837681939E0,1.078747553E0,2.422709049E0
1.471158388E1,-1.014888357E0,-1.268473329E0,1.283595983E0,2.070420636E0
1.472155488E1,-8.721059288E-1,-4.365145290E-1,9.769639009E-1,1.380424626E0
1.473152587E1,-4.787249941E-1,-1.294646636E-1,5.331040996E-1,7.281062423E-1
1.474149588E1,-2.339929989E-1,-4.137568733E-1,-4.631076658E-1,6.636385943E-1
1.475146688E1,-1.992848039E-1,-9.303268012E-1,-1.279623969E0,1.594572009E0
1.476143787E1,-2.319654769E-1,-1.128717566E0,-1.519793674E0,1.907245170E0
1.477140888E1,-5.493194519E-1,-9.146664959E-1,-1.386579484E0,1.749562609E0
1.478137888E1,-2.125229001E-1,-2.857738942E-1,-8.354098266E-1,9.081532250E-1
1.479134987E1,-1.497170066E-1,6.639703408E-1,1.222068071E-1,6.915246194E-1
1.480132088E1,-1.908202283E-1,5.883319286E-1,1.091402682E0,1.254474644E0
1.481129088E1,-2.493426709E-1,4.302036291E-1,4.882588792E-1,6.968813838E-1
1.482126187E1,4.944873333E-2,3.696940103E-1,-2.817656279E-2,3.740491374E-1
1.483123288E1,3.485767910E-1,7.446899834E-1,-2.181432438E-1,8.506793905E-1
1.484120388E1,6.844257284E-1,1.090586995E0,3.045405328E-1,1.323088625E0
1.485117387E1,1.026019994E0,1.425188649E0,-2.524897885E-1,1.774156364E0
1.486114488E1,1.397273749E0,2.104075237E0,-9.203558367E-1,2.688226441E0
1.487111588E1,1.397530442E0,1.712343948E0,-8.869729131E-1,2.381582264E0
1.488108687E1,1.194831741E0,1.904074441E0,-1.230613777E0,2.562719773E0
1.489105687E1,8.047397187E-1,1.212448525E0,-7.089053160E-1,1.618698300E0
1.490102788E1,2.595192381E-1,5.785568458E-1,-2.341833258E-1,6.759586443E-1
1.491099887E1,6.524242826E-2,4.044077602E-1,-5.035616273E-1,6.491352120E-1
1.492096887E1,-3.450546475E-1,-2.111985058E-1,1.952209890E-2,4.050291730E-1
1.493093988E1,-4.166688598E-1,-1.068923939E0,1.885490236E0,2.207098719E0
1.494091087E1,-4.813278090E-1,-1.775652336E0,3.226405889E0,3.714069552E0
1.495088188E1,-2.493795083E-1,-6.105794147E-1,2.254779911E0,2.349261545E0
1.496085188E1,1.034846073E-1,2.750401604E-1,8.949122626E-1,9.419257463E-1
1.497082287E1,8.311252063E-1,-1.300081038E0,4.804604477E-1,1.616113256E0
1.498079388E1,8.038773275E-1,-8.777138472E-1,-5.733604252E-1,1.321114125E0
1.499076488E1,8.161627661E-1,-9.390479234E-1,-8.958735448E-1,1.533141243E0
1.500073487E1,4.821396949E-1,-4.499599090E-1,-1.454514189E0,1.597039177E0
1.501070587E1,2.173380091E-1,-7.908648607E-1,-6.162304562E-1,1.025886452E0
1.502067688E1,-1.076207084E-1,-1.491996888E0,3.486630374E-1,1.535969676E0
1.503064687E1,2.744751001E-1,-6.760898647E-1,1.127895155E0,1.343347150E0
1.504061787E1,-4.239158258E-3,5.797777444E-2,1.064684415E-1,1.213050775E-1
1.505058888E1,3.413119910E-1,-1.034430921E-2,-1.238791108E0,1.284991941E0
1.506055987E1,2.805657061E-1,-9.045762482E-1,-1.092046461E0,1.445524395E0
1.507052987E1,6.000062601E-1,-9.332489473E-1,-5.626272762E-1,1.243989776E0
1.508050088E1,2.483645048E-1,-9.093738887E-1,-5.861716747E-2,9.445008041E-1
1.509047146E1,5.833149444E-1,-7.204854342E-1,9.691169375E-1,1.341097768E0
1.510044246E1,5.194642997E-1,-6.479317206E-1,7.027002507E-1,1.087863188E0
1.511041246E1,6.024281037E-1,-1.383775744E-1,-1.442829698E-1,6.347326591E-1
1.512038346E1,1.643504385E0,3.030389678E-1,9.235039777E-1,1.909397517E0
1.513035446E1,9.132221606E-1,1.404352096E-1,2.182128257E0,2.369679407E0
1.514032446E1,1.131329517E0,-7.701505145E-1,2.462680002E0,2.817415675E0
1.515029546E1,4.001612198E-1,-1.539457568E0,6.184073746E-1,1.706600799E0
1.516026646E1,-7.812698722E-2,-1.263031325E0,-7.125633341E-1,1.452273549E0
1.517023746E1,-1.440605564E-1,-9.728082848E-1,-5.365130264E-1,1.120248022E0
1.518020746E1,-1.555727738E-1,-6.183603045E-1,-1.379065812E-2,6.377793791E-1
1.519017846E1,-2.707445034E-1,-2.443612817E-1,-9.204920769E-2,3.761490114E-1
1.520014946E1,-3.468240881E-1,1.220557151E0,-4.799225038E-1,1.356603227E0
1.521012046E1,-4.931557761E-1,1.859809849E0,1.348584276E-1,1.928803279E0
1.522009046E1,-1.850248336E-1,1.350113323E0,4.947586441E-1,1.449767668E0
1.523006146E1,-3.291006658E-1,5.229796457E-1,-4.694688517E-1,7.760257475E-1
1.524003246E1,-3.423880979E-2,1.508619061E0,-2.768302855E0,3.152872415E0
1.525000346E1,-3.016954239E-1,1.793738944E0,-2.994301248E0,3.503478199E0
1.525997346E1,-1.276425250E-1,1.794778286E0,-2.084878535E0,2.753949930E0
1.526994446E1,1.299697899E-1,1.661632800E0,-1.721868770E0,2.396403090E0
1.527991546E1,3.827554476E-1,3.340470448E-1,-1.601540673E0,1.680185016E0
1.528988546E1,2.793193721E-1,-4.623071820E-2,-9.049723971E-1,9.482255167E-1
1.529985646E1,-1.220525868E-1,-8.593872115E-1,-1.086722571E-1,8.747873300E-1
1.530982746E1,-7.392232753E-1,-1.707921991E0,-3.289661068E-1,1.889885519E0
1.531979846E1,-4.109600770E-1,-2.102740317E0,2.161336142E0,3.043317096E0
1.532976846E1,-1.603334891E0,-2.447579276E0,7.338783063E0,7.900573645E0
1.533973946E1,-1.131439006E0,-1.332584248E0,7.567473514E0,7.766761899E0
1.534971046E1,-7.039250232E-1,3.484396738E-1,2.969376907E0,3.071501239E0
1.535968146E1,-7.524998170E-1,3.778049755E-1,-5.390431166E-2,8.437406289E-1
1.536965146E1,-7.660840684E-1,-4.431300688E-1,1.131619247E0,1.436597082E0
1.537962246E1,-2.043475278E0,3.507557559E-1,-2.456830448E-1,2.087865171E0
1.538959346E1,-1.482292264E0,1.008163182E0,-2.906856138E0,3.415171440E0
1.539956346E1,-1.063494872E0,4.464334533E-1,-3.113295595E0,3.320080365E0
1.540953446E1,-4.633993687E-1,2.338696226E-1,-2.322543878E0,2.379841180E0
1.541950546E1,-5.936942638E-1,-1.317087372E0,-1.049244842E0,1.785527027E0
1.542947646E1,-4.061177053E-1,-1.633839523E0,5.223586714E-1,1.762731335E0
1.543944646E1,1.415446457E-1,-1.592793238E-1,3.027255571E-1,3.701993417E-1
1.544941746E1,6.083574727E-2,7.203000775E-1,-3.581530684E-1,8.067259821E-1
1.545938846E1,4.398652759E-1,-3.427257746E-1,-8.880844688E-1,1.048635514E0
1.546935946E1,2.653239153E-1,-9.102039009E-1,-1.090035018E0,1.444660605E0
1.547932946E1,-7.417783624E-1,-1.305361951E0,4.918619335E-2,1.502206458E0
1.548930046E1,-1.246577553E0,-1.162334670E0,8.283890748E-1,1.895047741E0
1.549927146E1,-1.636014541E0,3.991250932E-2,4.071118051E-1,1.686379734E0
1.550924146E1,-1.529319373E0,2.029539025E0,-2.908305663E-1,2.557817198E0
1.551921246E1,-9.586093448E-1,3.068920783E0,-2.698887634E-1,3.226460382E0
1.552918346E1,-6.490832566E-1,1.120524740E0,-2.585334706E-1,1.320501542E0
1.553915446E1,-4.587742212E-1,-2.893096470E0,-6.490193027E-1,3.000284491E0
1.554912446E1,-1.913088363E-1,-4.388466910E0,-7.626710486E-1,4.458352612E0
1.555909546E1,-1.249460815E-1,-3.137513300E0,3.245210534E-1,3.156725384E0
1.556906646E1,-3.317687503E-1,-1.159030701E0,2.309749001E0,2.605448736E0
1.557903746E1,-1.737626577E-1,-6.004190004E-1,3.466878480E0,3.522774876E0
1.558900746E1,6.315336429E-2,-1.530939929E0,2.165916266E0,2.653103595E0
1.559897846E1,2.229498012E-1,1.967827803E-1,6.871665376E-1,7.487509111E-1
1.560894946E1,9.622107911E-1,1.380493117E0,-1.964682001E-1,1.694169592E0
1.561892046E1,1.370209326E0,2.201976630E-1,-1.476410258E-1,1.395621181E0
1.562889046E1,6.546411082E-1,5.845087266E-1,3.527508259E-2,8.783221297E-1
1.563886146E1,1.162773650E-1,2.191814169E-1,-3.067893720E-1,3.945638578E-1
1.564883246E1,4.036837287E-2,1.369287221E0,-1.013025434E0,1.703759850E0
1.565880246E1,-7.732504159E-2,2.051165536E0,-7.404183000E-1,2.182081226E0
1.566877346E1,4.417037867E-2,1.236794576E0,-8.534391314E-1,1.503319726E0
1.567874446E1,-1.473002793E-1,1.414078354E0,-1.988204765E0,2.444232630E0
1.568871546E1,-2.111536284E-1,1.633401566E0,-1.969104835E0,2.567091814E0
1.569868546E1,1.126276061E-2,1.277702866E0,-3.163296890E-1,1.316326683E0
1.570865646E1,-4.847898723E-1,-8.820323083E-1,1.539537383E0,1.839341612E0
1.571862746E1,-3.006822476E-1,-9.545977163E-1,1.646937286E0,1.927192008E0
1.572859846E1,5.165591106E-2,1.202732791E0,-3.048106742E-1,1.241830925E0
1.573856846E1,1.536972794E-1,9.853493929E-1,-2.056654025E0,2.285686343E0
1.574853946E1,7.779881955E-1,1.324891359E-2,-3.706549417E0,3.787340723E0
1.575851046E1,7.984869987E-1,-1.655028078E0,-4.953679240E0,5.283525096E0
1.576848046E1,-5.622565627E-2,-3.015948225E0,-1.878752489E0,3.553704537E0
1.577845146E1,-1.498970278E-2,-2.900871221E0,3.338290021E0,4.422607692E0
1.578842246E1,-2.133685537E-1,-1.510042858E0,5.424737365E0,5.635027156E0
1.579839346E1,4.940511310E-1,-1.488429210E-1,4.040573950E0,4.073386623E0
1.580836346E1,7.593764350E-1,7.752437317E-1,3.646851100E0,3.804888744E0
1.581833446E1,-5.962727398E-2,5.338411412E-1,4.776853006E0,4.806960206E0
1.582830546E1,-2.691389311E-1,7.324570236E-1,3.522885450E0,3.608275343E0
1.583827646E1,-2.454480598E-1,1.434954084E0,3.821330845E-1,1.505112510E0
1.584824646E1,-2.707381446E-1,1.255364164E0,-2.102396209E0,2.463596587E0
1.585821746E1,2.243852927E-1,2.562056941E-1,-2.496584498E0,2.519707180E0
1.586818846E1,5.476543842E-1,-1.043712206E0,-3.404150720E0,3.602430099E0
1.587815846E1,4.837381044E-1,-1.260808214E0,-3.606307091E0,3.850855845E0
1.588812946E1,6.818873059E-1,-2.234209406E-1,-1.583507275E0,1.738500073E0
1.589810046E1,4.655234429E-1,-2.613310710E-1,1.567178341E0,1.655612864E0
1.590807146E1,1.036787495E0,-5.247370264E-1,1.761587736E0,2.110324290E0
1.591804146E1,1.201036441E0,-8.913463381E-1,7.033761889E-1,1.652793057E0
1.592801246E1,1.539638247E0,-1.756404764E0,-6.388369614E-1,2.421478121E0
1.593798346E1,1.306517068E0,-1.487085227E0,-1.623370668E0,2.560027665E0
1.594795446E1,1.092881808E0,-9.505824333E-1,-2.440034906E0,2.837563735E0
1.595792446E1,1.070333337E0,1.196505799E0,-1.966409853E0,2.538504932E0
1.596789546E1,4.040486681E-1,2.910071522E0,-2.612886786E-1,2.949583591E0
1.597786646E1,3.801028582E-1,2.678560666E0,1.014736914E0,2.889438774E0
1.598783646E1,4.093241722E-1,5.709350002E-1,9.558952135E-1,1.186275142E0
1.599780746E1,3.899302735E-1,-4.664402863E-1,-7.827006859E-1,9.910764464E-1
1.600777846E1,5.979008239E-1,-1.327185514E0,-2.642828624E0,3.017192390E0
1.601774946E1,3.886566769E-1,-1.084323458E0,-2.917402176E0,3.136566089E0
1.602771946E1,-3.090960255E-1,-2.783781312E0,4.783010709E-1,2.841434613E0
1.603769046E1,-1.258701755E0,-2.053013256E0,1.653653398E0,2.921260532E0
1.604766146E1,-8.764297255E-1,-1.076180041E-2,2.143389283E0,2.315677547E0
1.605763146E1,-6.102630072E-1,6.801422775E-1,2.884762434E0,3.026031850E0
1.606760246E1,4.730431084E-1,6.596644512E-1,2.092305084E0,2.244252110E0
1.607757346E1,3.299425187E-1,1.633057165E-1,6.820075393E-1,7.750258746E-1
1.608754521E1,8.548082569E-1,1.946064466E-1,1.481322504E0,1.721303339E0
1.609751521E1,1.133748437E0,1.309758765E-1,1.004742268E0,1.520541754E0
1.610748621E1,9.768799203E-1,-9.267652622E-1,1.782184553E-1,1.358289383E0
1.611745721E1,2.493360928E-1,-1.120565962E0,-7.568916607E-1,1.375035108E0
1.612742821E1,-2.503412291E-3,-1.169821738E0,-6.317460430E-1,1.329508265E0
1.613739821E1,2.815098122E-2,-3.080541247E-1,-7.538148558E-1,8.148169478E-1
1.614736921E1,1.883305570E-1,-5.341770637E-1,-3.179090220E-1,6.495226557E-1
1.615734021E1,-7.187664259E-1,-1.077151556E0,8.609978271E-1,1.555055596E0
1.616731121E1,-1.109328126E0,-1.217130390E0,1.115289727E0,1.988941038E0
1.617728121E1,-8.788060340E-1,5.450715959E-2,7.356528193E-1,1.147369228E0
1.618725221E1,-9.355855677E-1,2.650060460E-1,1.167157454E0,1.519146168E0
1.619722321E1,-3.985289696E-1,5.382031640E-1,1.169871731E0,1.347994011E0
1.620719321E1,-1.141747794E-1,1.246136965E0,-3.157268411E-1,1.290572220E0
1.621716421E1,4.557800813E-1,2.299211441E0,-2.487818352E0,3.418091410E0
1.622713521E1,7.945911451E-1,2.861127111E0,-3.197063391E0,4.363328748E0
1.623710621E1,1.014537963E0,1.323541821E0,-2.505237792E0,3.009529303E0
1.624707621E1,1.134283604E0,-1.053710361E0,-1.165233135E0,1.937697881E0
1.625704721E1,5.147383607E-1,-1.549762993E0,1.035748883E0,1.933777822E0
1.626701821E1,1.996456502E-1,-1.092140016E-1,3.519431500E0,3.526780992E0
1.627698921E1,5.401769648E-1,1.423874487E0,3.359913025E0,3.688932805E0
1.628695921E1,6.104160581E-1,1.225123242E-1,2.661957790E0,2.733795220E0
1.629693021E1,8.192762623E-1,-9.701735294E-1,-1.926832974E-2,1.269969110E0
1.630690121E1,4.371173769E-1,-9.118165630E-1,-1.780770112E0,2.047833791E0
1.631687121E1,1.293141709E-1,-1.704616560E0,-2.133191155E0,2.733668647E0
1.632684221E1,-1.528621508E-1,-2.093625093E0,-2.467744276E0,3.239813988E0
1.633681321E1,-4.078267734E-1,-2.977676152E0,-9.908650714E-1,3.164599743E0
1.634678421E1,-4.018624672E-1,-2.417853493E0,2.298290797E0,3.360007373E0
1.635675421E1,-6.671580235E-1,-3.377266976E-1,3.410273339E0,3.491292511E0
1.636672521E1,-9.811249258E-1,3.153412172E-1,2.630728396E0,2.825381053E0
1.637669621E1,-1.137004605E0,8.764128417E-2,3.036545042E0,3.243619315E0
1.638666721E1,-1.036352243E0,-2.131222397E-1,1.608933892E0,1.925646730E0
1.639663721E1,-5.513649541E-1,5.141655529E-1,-6.162579381E-1,9.737265400E-1
1.640660821E1,-6.803866911E-1,4.169775197E-1,-2.262951980E0,2.399530780E0
1.641657921E1,-3.744073412E-1,-1.548585364E-1,-1.329057500E0,1.389444443E0
1.642654921E1,4.638625413E-2,-1.246947974E-2,-1.399907627E0,1.400731429E0
1.643652021E1,-7.736367707E-1,1.681593148E0,7.984536695E-1,2.015886314E0
1.644649121E1,-7.671397101E-1,3.706750854E0,1.377424498E0,4.028126547E0
1.645646221E1,-7.071996101E-1,3.230876378E0,2.266994745E-1,3.315129878E0
1.646643221E1,-1.074064664E0,1.418876287E0,-8.261414051E-2,1.781474086E0
1.647640321E1,-5.602275789E-1,-2.687707758E-1,3.354132468E-1,7.061123963E-1
1.648637421E1,-2.323542436E-1,3.433251143E-2,3.063765585E-2,2.368668019E-1
1.649634521E1,-7.414288451E-1,1.108165480E0,-1.664929753E0,2.133011614E0
1.650631521E1,-7.262805366E-1,4.120293134E-1,-1.690846952E0,1.885792933E0
1.651628621E1,-1.173669790E0,-1.109474087E-1,-2.237007884E0,2.528638839E0
1.652625721E1,-8.967241685E-1,6.917188874E-1,-3.806231580E0,3.971144432E0
1.653622721E1,-1.018165137E0,2.660225844E-1,-3.978883486E0,4.115694602E0
1.654619821E1,-9.528168006E-1,-1.421493501E0,-1.669203483E0,2.390553052E0
1.655616921E1,-1.108676673E0,-2.324466735E0,4.818760586E-1,2.620021775E0
1.656614021E1,-4.486095311E-1,-1.769472706E0,4.820853889E-1,1.888038795E0
1.657611021E1,-8.146489951E-1,-1.319472452E0,1.215468319E0,1.970285200E0
1.658608121E1,-1.192693999E0,-1.371722001E0,1.154595881E0,2.153423291E0
1.659605221E1,-1.825663352E-1,-2.078984834E0,-4.661979192E-1,2.138422060E0
1.660602221E1,3.024357179E-2,-5.115237808E-1,-3.678024361E0,3.713547421E0
1.661599321E1,1.495471633E-1,-8.214373201E-2,-5.866113853E0,5.868594695E0
1.662596421E1,-1.452777274E-2,-4.278943590E0,-8.284329289E-1,4.358425223E0
1.663593521E1,-3.477763803E-1,-5.734249200E0,5.941599653E0,8.264694111E0
1.664590521E1,-6.274690971E-1,-2.472409185E0,8.437928628E0,8.815053271E0
1.665587621E1,-3.547194372E-1,1.663632841E0,5.608945123E0,5.861208536E0
1.666584721E1,-3.569154687E-1,1.328788820E0,5.087482245E0,5.270250845E0
1.667581821E1,-1.602696046E-1,-1.578584212E0,4.427564902E0,4.703290914E0
1.668578821E1,-3.495158904E-1,-1.920498101E0,1.423750234E0,2.416099965E0
1.669575921E1,-1.552473763E-1,-3.079670012E-2,-1.371572605E0,1.380674326E0
1.670573021E1,-1.026927847E0,6.998096797E-1,-1.209338683E0,1.734016851E0
1.671570021E1,-9.656394522E-1,6.840830085E-1,-1.449825307E0,1.871476031E0
1.672567121E1,-5.591496081E-1,5.540850788E-2,-1.649601277E0,1.742671157E0
1.673564221E1,-1.079655480E-2,1.649860893E0,-1.766616341E0,2.417248608E0
1.674561321E1,4.804108925E-3,3.163915526E0,-1.502395284E0,3.502509975E0
1.675558321E1,8.585868739E-2,2.265225377E0,-1.062636135E0,2.503560121E0
1.676555421E1,6.831236266E-2,6.964726737E-1,-1.664701712E0,1.805816312E0
1.677552521E1,3.139860884E-1,9.066116640E-1,-2.789541112E0,2.949927387E0
1.678549621E1,3.118736722E-2,1.174814968E0,-1.524081438E0,1.924574521E0
1.679546621E1,1.469050806E-1,2.206484833E-1,-1.205805210E0,1.234598340E0
1.680543721E1,1.103552685E-1,-5.466158456E-1,-3.101271966E0,3.151008564E0
1.681540821E1,-1.174644594E-1,2.427884392E0,-3.834910419E0,4.540369857E0
1.682537821E1,-1.722629931E-2,6.228147719E0,-2.660354483E-1,6.233850785E0
1.683534921E1,-1.650228245E-1,6.349078079E0,2.144759871E0,6.703582616E0
1.684532021E1,-5.953850593E-2,1.495481536E0,2.223907782E0,2.680629717E0
1.685529121E1,-3.752281441E-1,-3.272273787E0,1.081867043E0,3.466844126E0
1.686526121E1,-6.745416681E-1,-3.340844378E0,-1.069361603E0,3.572083685E0
1.687523221E1,-2.176158249E-2,-2.313703765E0,1.155854201E-1,2.316691319E0
1.688520321E1,7.911398260E-1,-2.575699664E0,2.745855394E0,3.847057685E0
1.689517421E1,1.251031085E0,-2.373277829E0,1.906664173E0,3.291336309E0
1.690514421E1,1.498980510E0,-2.388268044E0,1.541063506E0,3.213353941E0
1.691511521E1,1.253978374E0,-2.987711144E0,2.959750051E0,4.388507720E0
1.692508621E1,8.326291832E-1,-2.348662806E0,3.419396750E0,4.231047443E0
1.693505621E1,2.295450220E-1,-2.171169697E0,2.406298810E0,3.249144924E0
1.694502721E1,-2.722034568E-1,-3.078550270E-1,1.755797238E0,1.803245236E0
1.695499821E1,-7.131175040E-1,3.439399490E-1,1.447403390E0,1.649790240E0
1.696496921E1,-8.437731723E-1,-3.549277443E-1,9.918520814E-1,1.349702716E0
1.697493921E1,-1.336673791E0,-5.000600222E-1,1.039541388E-1,1.430930925E0
1.698491021E1,-9.523436147E-1,7.770130992E-2,2.609612346E-2,9.558644578E-1
1.699488121E1,-9.527630793E-1,2.070157000E-1,-6.669281548E-1,1.181273105E0
1.700485221E1,-7.991714153E-1,2.882852733E-1,-1.455595340E0,1.685390501E0
1.701482221E1,-6.464645080E-1,-4.472541100E-1,-1.274377263E0,1.497327622E0
1.702479321E1,-6.440591828E-1,-4.672928104E-1,-7.762096918E-1,1.111609773E0
1.703476421E1,-4.481460296E-1,2.593775162E-1,-1.389936955E0,1.483251934E0
1.704473421E1,-8.456762217E-1,6.805708784E-1,-2.132491243E0,2.392877743E0
1.705470521E1,-1.038010221E0,2.178201851E-1,-1.243603951E0,1.634460657E0
1.706467621E1,-1.132279178E0,7.660291046E-2,-8.833113867E-1,1.438110965E0
1.707464721E1,-1.304260043E0,8.881476188E-1,-1.992386109E-1,1.590470520E0
1.708461733E1,-1.407384169E0,1.043976501E0,1.004589071E0,2.019855524E0
1.709458833E1,-1.417938394E0,6.257485539E-2,4.025369436E-1,1.475296883E0
1.710455933E1,-1.300605241E0,-4.260529831E-1,-6.515236652E-1,1.515776442E0
1.711453033E1,-4.697040559E-1,-6.220709476E-1,-9.228894353E-1,1.208022795E0
1.712450033E1,2.287896348E-1,-1.369319965E0,-1.605680501E-1,1.397556425E0
1.713447133E1,5.079109325E-1,-1.195364130E0,2.123053837E-1,1.316032862E0
1.714444233E1,6.853525121E-1,-8.192545545E-1,-4.916210282E-1,1.175830484E0
1.715441233E1,7.537006158E-1,-6.860146362E-1,2.298534626E-1,1.044755145E0
1.716438333E1,1.062299847E0,-1.020447890E0,2.305920829E0,2.736250304E0
1.717435433E1,7.164920783E-1,-7.407644552E-1,1.444567491E0,1.774505033E0
1.718432533E1,8.078557730E-1,-2.689134479E-1,6.082753193E-1,1.046395841E0
1.719429533E1,6.616431490E-1,7.284990433E-1,4.818076462E-1,1.095728580E0
1.720426633E1,5.153651822E-1,1.178545491E0,-3.229662788E-1,1.326226965E0
1.721423733E1,1.047109877E-1,1.394624960E0,-1.117998742E0,1.790492770E0
1.722420833E1,-1.275091354E-1,1.466881928E0,-1.969684294E0,2.459198525E0
1.723417833E1,9.296780527E-2,1.213965292E0,-2.126745769E0,2.450592236E0
1.724414933E1,-2.048349079E-1,1.073845540E0,-1.235419019E0,1.649655035E0
1.725412033E1,-3.614013429E-1,9.471559650E-1,3.958804733E-1,1.088318291E0
1.726409033E1,-6.619127787E-1,6.836354041E-1,1.519614750E0,1.792962598E0
1.727406133E1,-8.543070044E-1,7.137023717E-1,1.489294598E0,1.859357397E0
1.728403233E1,-1.370713064E-1,5.246118960E-1,1.369796805E0,1.473210600E0
1.729400333E1,4.712271825E-1,-3.604659346E-1,8.733354521E-1,1.055796173E0
1.730397333E1,5.376685093E-1,-6.808196774E-1,7.923456681E-1,1.174910429E0
1.731394433E1,7.345542005E-1,-5.127812245E-1,3.536811179E-1,9.631224174E-1
1.732391533E1,7.746500201E-1,-4.948419669E-1,-2.819790512E-1,9.614902034E-1
1.733388533E1,1.098510265E0,-1.258791802E0,-3.816787559E-1,1.713756189E0
1.734385633E1,1.052521768E0,-1.624797681E0,-6.136915952E-1,2.030858673E0
1.735382733E1,1.142821342E0,-1.249062912E0,-5.097216690E-1,1.768054003E0
1.736379833E1,8.812109207E-1,-1.097700133E0,5.454762232E-1,1.509643196E0
1.737376833E1,6.410676011E-1,-1.364613541E0,9.674995977E-1,1.791422133E0
1.738373933E1,6.443299820E-1,-9.597216314E-1,8.793937522E-1,1.452432479E0
1.739371033E1,6.527819129E-1,1.343839261E-1,1.029095337E0,1.226058921E0
1.740368133E1,4.606481076E-1,-1.199453965E-1,6.824636221E-1,8.320698124E-1
1.741365133E1,5.367333933E-1,-5.995138514E-1,5.263254225E-2,8.063930667E-1
1.742362233E1,9.702879155E-1,-7.554973921E-1,-3.099258184E-2,1.230120111E0
1.743359333E1,1.051644320E0,5.047608912E-2,-9.149483317E-1,1.394859871E0
1.744356333E1,1.323889146E0,1.249202076E-1,-7.622670060E-1,1.532755205E0
1.745353433E1,1.685752419E0,-1.042500079E-1,-6.594618452E-1,1.813151733E0
1.746350533E1,1.328970815E0,-9.851251522E-1,-1.351934731E-2,1.654333027E0
1.747347633E1,1.250571055E0,-7.248638293E-1,7.604508609E-1,1.633291476E0
1.748344633E1,1.644207513E0,1.485973379E-1,7.742865425E-1,1.823463508E0
1.749341733E1,1.546113308E0,2.989339301E-1,7.147589636E-1,1.729366425E0
1.750338833E1,1.811544592E0,-1.085010214E0,1.098793563E0,2.380396662E0
1.751335933E1,1.073855992E0,-1.371565296E0,3.079137915E-1,1.768945718E0
1.752332933E1,6.282616141E-1,-6.743202049E-1,4.303299290E-1,1.017154975E0
1.753330033E1,-1.495252179E-1,4.501812261E-1,6.815684134E-1,8.303953452E-1
1.754327133E1,-4.670281508E-1,8.714640507E-1,3.398430973E-1,1.045494245E0
1.755324133E1,-5.874259025E-3,3.483832482E-1,-2.291354245E-1,4.170233054E-1
1.756321233E1,-1.203400835E-2,6.250053728E-1,3.102474153E-2,6.258906198E-1
1.757318333E1,8.703251593E-2,9.452699456E-1,7.621974242E-1,1.217396748E0
1.758315433E1,3.114300878E-1,1.327210657E0,6.721959114E-3,1.363276205E0
1.759312433E1,-3.784806213E-1,9.896447575E-1,-2.740455490E-1,1.094415501E0
1.760309533E1,-4.176910262E-1,9.633992377E-1,5.576314151E-2,1.051529083E0
1.761306633E1,-9.519976788E-1,1.068281622E0,-1.775898796E-1,1.441895755E0
1.762303733E1,-1.200170322E0,1.143258129E0,-7.280029070E-1,1.810369074E0
1.763300733E1,-1.319149247E0,8.780202413E-1,-2.060149491E-1,1.597972602E0
1.764297833E1,-9.777380723E-1,-3.623753428E-2,2.465835160E-1,1.009003631E0
1.765294933E1,-1.450059488E0,3.185352588E-1,-1.012842416E0,1.797216456E0
1.766291933E1,-1.197383027E0,-6.603997386E-1,-2.299821013E-1,1.386631060E0
1.767289033E1,-1.488892163E0,-1.928074630E0,5.130037111E-1,2.489466702E0
1.768286133E1,-1.481123260E0,-2.064255406E0,-3.969148457E-2,2.540954920E0
1.769283233E1,-1.792844612E0,-1.633926354E0,-3.704538560E-1,2.453822160E0
1.770280233E1,-1.717286599E0,-1.320513548E0,1.508306819E-1,2.171538438E0
1.771277333E1,-2.286299912E0,-1.837091370E0,4.616914701E-1,2.969045470E0
1.772274433E1,-2.074490372E0,-1.379573058E0,1.242147410E-1,2.494426072E0
1.773271433E1,-2.449761603E0,-4.098445013E-1,4.863749063E-1,2.530981030E0
1.774268533E1,-2.554063212E0,4.713969710E-1,1.993643260E-1,2.604841671E0
1.775265633E1,-1.952810984E0,-1.088722318E-1,-4.941680753E-1,2.017306617E0
1.776262733E1,-1.777548734E0,-6.941501597E-1,-1.394046378E-1,1.913362903E0
1.777259733E1,-1.393126173E0,-4.757432064E-1,-1.453465784E-1,1.479276093E0
1.778256833E1,-7.835769642E-1,-4.470605671E-1,2.986003464E-1,9.502726853E-1
1.779253933E1,-4.153231231E-1,-4.114858148E-1,6.897381431E-1,9.041861414E-1
1.780251033E1,8.556464553E-2,5.183585912E-2,-5.968253016E-3,1.002191843E-1
1.781248033E1,3.828296341E-1,5.865222153E-1,-4.139127016E-1,8.135665691E-1
1.782245133E1,3.519868141E-1,-1.454828185E-1,4.600051332E-1,5.972141076E-1
1.783242233E1,3.472697556E-1,-4.596402669E-1,1.384071613E0,1.499173001E0
1.784239233E1,2.561098363E-1,-5.787486345E-1,8.197071290E-1,1.035597416E0
1.785236333E1,3.955658200E-1,-4.847233602E-1,-1.202713788E-2,6.257585045E-1
1.786233433E1,-1.172716475E-1,-2.279689050E-1,-2.443387699E-1,3.541523619E-1
1.787230533E1,4.634152293E-2,-7.146466970E-1,1.116780767E0,1.326675062E0
1.788227533E1,9.913844503E-3,-8.657407960E-1,3.508855641E-1,9.341980996E-1
1.789224633E1,2.878534930E-1,-3.524502790E-1,-8.173781830E-1,9.355147923E-1
1.790221733E1,6.727705465E-1,8.809590518E-2,-1.074750981E0,1.271011711E0
1.791218833E1,1.020644575E0,-7.171674317E-1,-2.390493786E-1,1.270113806E0
1.792215833E1,1.089255511E0,-1.313629037E0,8.971207559E-2,1.708843782E0
1.793212933E1,8.140229045E-1,-9.989125943E-1,2.853873932E-1,1.319812723E0
1.794210033E1,2.453441621E-1,8.017965227E-2,8.999443763E-1,9.362277581E-1
1.795207033E1,-4.509521450E-1,8.867711842E-2,6.493777370E-1,7.955582403E-1
1.796204133E1,-4.556239606E-1,-7.660554171E-2,-2.465227050E-1,5.236745617E-1
1.797201233E1,-4.563052709E-1,1.176886636E-1,-7.904611105E-1,9.202683788E-1
1.798198333E1,-3.895360250E-1,3.887036008E-1,-3.479064077E-1,6.510512058E-1
1.799195333E1,-2.667878388E-1,5.299927962E-1,-3.244403619E-1,6.762615347E-1
1.800192433E1,-3.137778910E-1,4.262219676E-1,-3.684687263E-1,6.448960636E-1
1.801189533E1,3.957472664E-1,7.099443662E-1,-6.700166541E-1,1.053356169E0
1.802186533E1,1.222528174E-1,1.687859317E0,1.254906034E-1,1.696927434E0
1.803183633E1,-3.817922284E-1,1.307171664E0,6.786693639E-1,1.521530535E0
1.804180733E1,-3.173998757E-1,9.423828828E-1,8.836136878E-2,9.983165382E-1
1.805177833E1,-1.292781374E-1,4.999881014E-1,-4.281495023E-1,6.708300341E-1
1.806174833E1,-3.985761128E-1,6.447148749E-1,-9.796068424E-1,1.238607990E0
1.807171933E1,-2.192075101E-1,1.224861871E0,1.715631545E-2,1.244440788E0
1.808169033E1,-5.181306229E-1,1.967745942E-1,5.120289803E-2,5.565979878E-1
1.809166213E1,2.299439482E-2,-1.279717817E0,-1.845872426E-1,1.293166224E0
1.810163212E1,3.092311692E-1,-1.224604301E0,-3.638821703E-1,1.314416161E0
1.811160312E1,5.286095642E-1,-1.029709294E-1,6.642372662E-1,8.551270254E-1
1.812157413E1,6.366579965E-1,-9.317672628E-1,1.022938803E0,1.523130799E0
1.813154412E1,3.579485621E-1,-1.568508582E0,1.183969953E0,1.997531275E0
1.814151512E1,1.073621519E0,-9.331565613E-1,7.616711748E-1,1.613563544E0
1.815148613E1,7.117315677E-1,2.188437402E-1,1.731699693E-1,7.644882245E-1
1.816145712E1,6.599497222E-1,-4.231729370E-1,1.171825286E0,1.409887751E0
1.817142712E1,1.850135777E-1,-5.996044832E-1,7.827860552E-1,1.003249505E0
1.818139813E1,3.433838788E-1,-5.934002951E-1,-6.326932919E-1,9.329186460E-1
1.819136912E1,2.253831931E-1,-7.306572506E-1,-8.845007104E-1,1.169187371E0
1.820133912E1,2.728600992E-1,-5.279032937E-1,-7.249752188E-1,9.374025757E-1
1.821131013E1,4.561091334E-2,-1.102700672E0,-3.288152486E-1,1.151585253E0
1.822128112E1,2.417399749E-1,-1.393475398E0,1.772296911E-1,1.425349874E0
1.823125212E1,-3.136626278E-1,-9.955779272E-1,6.572597837E-1,1.233511279E0
1.824122213E1,2.360306074E-1,-4.182510433E-1,1.135798836E0,1.233159916E0
1.825119312E1,3.118013860E-1,-7.551991841E-1,1.378113300E0,1.602105546E0
1.826116412E1,6.880526101E-1,-5.639449462E-1,9.922438449E-1,1.332665804E0
1.827113513E1,1.027131184E0,-3.910699689E-1,6.720789671E-3,1.099081143E0
1.828110513E1,8.814574539E-1,-2.479868478E-1,-3.659743041E-1,9.861044118E-1
1.829107612E1,6.025891945E-1,-7.152799505E-1,-1.445267987E-1,9.463757924E-1
1.830104713E1,3.413026354E-1,-6.937098643E-1,3.517024201E-1,8.493617940E-1
1.831101713E1,3.776139177E-1,6.069371840E-1,-1.015047401E-1,7.219890778E-1
1.832098812E1,5.282230633E-1,1.349894637E0,-3.180481857E-1,1.484045075E0
1.833095913E1,8.197491559E-1,8.588147691E-1,-3.045393634E-1,1.225681733E0
1.834093012E1,8.426619820E-1,3.563956878E-1,-1.540209228E0,1.791463527E0
1.835090012E1,1.113333541E0,-4.461264744E-1,-1.222555144E0,1.712653347E0
1.836087113E1,9.806032079E-1,2.574175295E-1,-3.671975416E-1,1.078276621E0
1.837084212E1,7.672896912E-1,5.592464161E-1,6.264747781E-1,1.137523921E0
1.838081212E1,8.068609424E-2,2.521260917E-1,-3.997121537E-1,4.794242565E-1
1.839078313E1,3.740785450E-2,1.466338429E-1,-7.383887315E-1,7.537365257E-1
1.840075413E1,-5.559776033E-1,1.988342759E-1,-2.640327770E-1,6.468071366E-1
1.841072512E1,-7.157422460E-1,1.245897814E0,-9.143349588E-2,1.439759845E0
1.842069513E1,-4.093905381E-1,1.568730484E0,4.235623616E-1,1.675685238E0
1.843066613E1,-3.776170606E-1,7.261665890E-1,2.721042734E-1,8.625272720E-1
1.844063712E1,-9.379825607E-2,1.868594706E-2,1.517371758E0,1.520382954E0
1.845060813E1,-1.140816332E0,-1.489967027E-1,9.216030478E-1,1.474114683E0
1.846057813E1,-6.517321915E-1,-2.500120309E-1,1.327945359E0,1.500233229E0
1.847054912E1,-9.174355911E-1,1.838592643E-1,-1.629144793E0,1.878724314E0
1.848052013E1,-1.132803966E0,-1.088397798E0,-8.870629603E-1,1.804088492E0
1.849049013E1,-4.920459015E-1,-1.778604595E0,-4.282512438E-1,1.894450475E0
1.850046112E1,-7.273630755E-1,-1.276556228E0,-7.435354507E-1,1.646662628E0
1.851043213E1,1.123708402E-1,-1.843425366E0,-1.291685021E-1,1.851358633E0
1.852040312E1,-4.258098851E-1,-2.545936752E0,1.015444427E0,2.773848480E0
1.853037312E1,-9.551566371E-1,-1.928053288E0,1.315980202E0,2.522204903E0
1.854034413E1,-6.290913340E-1,-9.563679609E-1,2.067661994E0,2.363391991E0
1.855031513E1,-6.673649418E-1,3.087552059E-1,2.026342059E0,2.155636306E0
1.856028512E1,-2.708264375E-1,9.882589674E-1,1.421379772E0,1.752233775E0
1.857025613E1,-5.436930417E-1,9.266550422E-2,5.086621535E-1,7.502840833E-1
1.858022713E1,-4.934250404E-1,3.320616227E-1,-9.185186416E-1,1.094262165E0
1.859019812E1,2.346212822E-1,1.112428685E0,-1.769870902E0,2.103565481E0
1.860016813E1,7.834972959E-1,1.116736036E0,-1.998480662E0,2.419688480E0
1.861013913E1,1.386235229E0,5.714635885E-1,-1.586705117E0,2.183083112E0
1.862011012E1,1.702615350E0,-5.586432758E-1,-1.846655953E-1,1.801411314E0
1.863008013E1,1.155460538E0,-5.857702634E-1,1.517924904E0,1.995573068E0
1.864005113E1,1.031780305E0,6.632721832E-1,1.949924798E0,2.303629160E0
1.865002212E1,1.116508726E0,1.461247258E0,2.955533624E-2,1.839214181E0
1.865999313E1,2.658889756E-1,-1.495024869E-1,-7.062951189E-1,7.693508536E-1
1.866996313E1,5.527007505E-1,-1.707587530E0,-9.081234616E-1,2.011472474E0
1.867993412E1,1.853383175E-1,-1.507001721E0,-9.886542392E-1,1.811861386E0
1.868990513E1,-7.397261359E-2,-7.141058296E-1,-2.034304798E-1,7.461923636E-1
1.869987613E1,1.100996355E-1,-1.029736192E0,2.053658497E0,2.299998212E0
1.870984612E1,4.392150655E-2,-9.222333777E-1,2.364011747E0,2.537911551E0
1.871981713E1,2.868095823E-1,-5.788100302E-1,1.175831798E0,1.341589060E0
1.872978813E1,1.230113840E-1,6.821218523E-1,4.923186010E-1,8.501762329E-1
1.873975812E1,2.105061223E-1,-6.473399824E-1,7.024856579E-1,9.781860661E-1
1.874972913E1,4.659107479E-1,-1.963117578E0,-4.482013589E-1,2.066830402E0
1.875970013E1,2.109991157E-1,-1.142844731E0,-8.387772381E-1,1.433234789E0
1.876967112E1,1.788956360E-1,-2.108429950E-1,7.659501672E-2,2.869237071E-1
1.877964113E1,6.094553605E-1,1.351595592E-1,2.835291481E-1,6.856330803E-1
1.878961213E1,8.271754121E-1,-6.750236249E-1,-1.248986313E0,1.643119858E0
1.879958312E1,1.226351157E0,1.989491737E-1,-9.529733598E-1,1.565782922E0
1.880955313E1,8.321308543E-1,1.390055069E0,-5.105999207E-1,1.698648619E0
1.881952413E1,7.597656403E-1,1.823716449E0,4.355281037E-1,2.023084339E0
1.882949512E1,7.956111918E-1,1.100922826E0,4.029456639E-1,1.416825129E0
1.883946613E1,3.074095423E-1,1.059925951E0,-1.783548124E0,2.097376351E0
1.884943613E1,2.280697694E-1,1.127941933E0,-2.006250442E0,2.312857466E0
1.885940712E1,-1.625297179E-1,1.259021890E0,-1.366514179E0,1.865184449E0
1.886937813E1,-1.804900986E-1,7.745195541E-1,-7.379051667E-1,1.084878450E0
1.887934913E1,-4.728824562E-1,-3.698925233E-1,-9.853903234E-2,6.083980909E-1
1.888931912E1,-1.004721949E-1,2.771205997E-1,1.893509692E-1,3.503487952E-1
1.889929013E1,-2.662536956E-1,2.202932650E-1,7.909031600E-1,8.631036795E-1
1.890926113E1,-3.632416809E-1,-9.118627560E-1,2.856411039E0,3.020351342E0
1.891923112E1,-1.757351428E-2,-1.825868517E0,2.164277877E0,2.831643232E0
1.892920213E1,-1.133060293E-1,2.221661282E-1,2.372449279E-2,2.505172576E-1
1.893917313E1,8.232294917E-2,4.532890213E-1,9.761452907E-1,1.079401516E0
1.894914412E1,2.444380264E-1,1.003446525E-1,1.308724392E0,1.335132403E0
1.895911412E1,4.496296875E-2,-3.583164981E-1,-5.729014188E-1,6.772210991E-1
1.896908513E1,-4.691257663E-2,2.230753702E-1,-2.363998298E0,2.374963445E0
1.897905612E1,-6.023816914E-1,1.607969686E-1,-1.110180430E0,1.273271360E0
1.898902612E1,-4.900083661E-1,-2.266582516E-1,-5.924018830E-1,8.015124159E-1
1.899899713E1,-5.682009152E-1,-1.049239579E0,-7.753255928E-1,1.422984803E0
1.900896812E1,-4.753762206E-1,-1.137638663E0,5.496043575E-1,1.349914526E0
1.901893913E1,-6.626094744E-1,-4.113264781E-1,1.727118400E0,1.895040568E0
1.902890913E1,-6.655834414E-1,-3.484209627E-2,6.287423283E-1,9.162599001E-1
1.903888012E1,7.287275232E-2,-9.405252224E-1,-4.208381438E-1,1.032958312E0
1.904885113E1,-7.093359634E-2,-1.634615156E0,2.294084895E-1,1.652158145E0
1.905882213E1,-3.729949097E-1,-1.242852584E0,1.076506900E0,1.686023385E0
1.906879212E1,-3.035849516E-1,-3.007807732E-1,3.261939418E-1,5.376201113E-1
1.907876312E1,-2.921852931E-1,1.695622373E-1,-7.426548600E-1,8.158797944E-1
1.908873308E1,-2.270038220E-1,-6.270980912E-1,1.754942375E-1,6.896237950E-1
1.909870308E1,-9.607772000E-2,-2.712067258E-1,7.290735322E-1,7.837934880E-1
1.910867408E1,-3.567755375E-1,2.003443193E-1,-1.905291831E-1,4.513623822E-1
1.911864508E1,-6.055745635E-1,6.056537202E-1,-1.414396443E0,1.653497589E0
1.912861608E1,-4.379166913E-1,-9.907835028E-1,-1.056222324E0,1.512953594E0
1.913858608E1,-2.983636073E-1,-1.889301158E0,2.037491530E-1,1.923536698E0
1.914855708E1,-7.545473658E-1,-1.215176543E0,1.438659464E0,2.028727880E0
1.915852808E1,-4.722950303E-1,9.278683394E-2,1.752732128E-1,5.122428050E-1
1.916849808E1,-2.289198815E-1,3.184718165E-1,4.679269409E-1,6.105605884E-1
1.917846908E1,1.572849847E-2,-2.333579913E-1,2.433763182E-1,3.375431380E-1
1.918844008E1,-1.892287624E-1,8.072250777E-1,-5.799999386E-1,1.011839799E0
1.919841108E1,-2.487605806E-1,2.070039471E0,-7.974473637E-1,2.232233755E0
1.920838108E1,-2.811583214E-1,1.175458746E0,-2.732713777E-1,1.239124897E0
1.921835208E1,-1.193565599E0,-8.051762134E-1,1.558727360E-1,1.448172602E0
1.922832308E1,-1.270920973E0,-9.342260170E-1,-4.757692266E-1,1.647535957E0
1.923829408E1,-6.202542177E-1,1.321247374E0,-2.733924150E-1,1.484975868E0
1.924826408E1,-1.007811764E0,1.350616769E0,1.614525585E0,2.333782996E0
1.925823508E1,-6.067360398E-1,6.679128259E-2,2.460407190E0,2.534993735E0
1.926820608E1,-7.248657297E-1,-9.975729972E-2,1.006440884E0,1.244309085E0
1.927817608E1,-2.253021361E-1,6.259570071E-1,-4.989592838E-1,8.315910018E-1
1.928814708E1,2.259432102E-1,1.796264648E-1,-3.086183810E-1,4.225651503E-1
1.929811808E1,1.618593346E-1,-4.112308761E-1,-8.904695481E-1,9.941052730E-1
1.930808908E1,2.843815260E-2,-1.694970408E0,-1.204218861E0,2.079393296E0
1.931805908E1,-1.643864281E-1,-1.367444763E0,-6.815684134E-1,1.536705430E0
1.932803008E1,-9.762328528E-1,2.760947058E-1,5.531816840E-1,1.155538336E0
1.933800108E1,-6.178293043E-1,1.135133131E0,1.255818785E0,1.802032490E0
1.934797108E1,-5.529649716E-1,1.144954991E-1,1.245518330E0,1.367550872E0
1.935794208E1,-2.671160869E-1,-7.309835252E-1,2.812773854E-1,8.275293865E-1
1.936791308E1,-2.177531614E-1,-3.859630108E-2,5.255652845E-2,2.273066265E-1
1.937788408E1,9.839687191E-2,3.636254776E-1,1.844328761E-2,3.771545932E-1
1.938785408E1,4.239262046E-1,-4.196412188E-1,2.042104983E-1,6.304871982E-1
1.939782508E1,6.800626823E-1,-7.962054151E-1,-4.121877730E-1,1.125311990E0
1.940779608E1,5.563791608E-1,-1.388354991E0,-4.986382717E-1,1.576619002E0
1.941776708E1,3.189626902E-1,-5.213014948E-1,3.677617979E-1,7.132609524E-1
1.942773708E1,-1.394590169E-2,-6.267574909E-1,7.094812667E-1,9.467751098E-1
1.943770808E1,-2.952129813E-1,-1.134463917E0,4.360473365E-1,1.250718339E0
1.944767908E1,-4.484714272E-1,-1.072358885E0,3.952688545E-1,1.227728662E0
1.945764908E1,-1.728554622E-1,-7.351248157E-1,7.290875655E-1,1.049693376E0
1.946762008E1,-3.421579369E-1,-8.707585841E-1,5.589476234E-1,1.089823385E0
1.947759108E1,-4.005800267E-1,-1.218977233E0,-4.738133329E-1,1.367797107E0
1.948756208E1,5.898678459E-2,-1.876917340E0,-2.999165547E-1,1.901643522E0
1.949753208E1,-5.695992038E-2,-1.392521132E0,-3.236638516E-1,1.430775253E0
1.950750308E1,1.379205414E-1,-7.697265914E-1,-1.337392706E-1,7.933393308E-1
1.951747408E1,1.956770718E-2,-5.031315646E-1,1.434649444E-1,5.235517708E-1
1.952744408E1,3.648954928E-1,-3.872836044E-1,1.167396605E-1,5.447618372E-1
1.953741508E1,2.758808438E-1,-2.685804489E-1,3.498044139E-1,5.202007550E-1
1.954738608E1,-1.269113307E-1,-2.328229710E-1,5.688504678E-1,6.276176196E-1
1.955735708E1,-3.997694564E-1,-3.887576875E-1,7.533008856E-1,9.372354998E-1
1.956732708E1,-1.902947829E-1,-3.304837516E-1,-4.278360915E-1,5.731276783E-1
1.957729808E1,7.769673447E-1,1.742400098E-1,-1.115322472E0,1.370394853E0
1.958726908E1,1.668275384E0,5.148999631E-1,1.223027015E-1,1.750206467E0
1.959724008E1,1.238105522E0,1.034789355E0,1.907578093E-1,1.624833172E0
1.960721008E1,1.749208596E0,1.174007175E0,8.378533781E-2,2.108327190E0
1.961718108E1,2.177675602E0,1.390858769E0,-5.181627095E-1,2.635384552E0
1.962715208E1,2.184343474E0,1.769092930E0,-4.883424944E-1,2.852985208E0
1.963712208E1,2.446727629E0,1.823232299E0,-1.200871915E0,3.279137914E0
1.964709308E1,1.896630497E0,1.345630263E0,-6.924489123E-1,2.426399296E0
1.965706408E1,1.229601916E0,3.765098172E-1,1.431515336E-2,1.286034774E0
1.966703508E1,6.378147950E-1,3.242819023E-1,6.635712683E-2,7.185887093E-1
1.967700508E1,-3.810590972E-1,4.667384943E-1,8.881253994E-1,1.073227647E0
1.968697608E1,-1.247905456E-1,8.984849113E-1,1.661481065E0,1.892978380E0
1.969694708E1,3.509035443E-1,6.855638158E-1,7.796531171E-1,1.095896905E0
1.970691708E1,-4.851741806E-2,-8.721122146E-3,1.607756263E-1,1.681630157E-1
1.971688808E1,-9.828153558E-2,-2.748165044E-1,-4.228975332E-1,5.138343069E-1
1.972685908E1,5.372195162E-2,-1.361608365E0,-8.798398948E-1,1.622030094E0
1.973683008E1,3.097986415E-2,-1.340021321E0,-1.783810079E-1,1.352196982E0
1.974680008E1,2.863080373E-1,-1.310013995E0,2.808452761E-1,1.370030302E0
1.975677108E1,-3.693759949E-1,-1.688218336E0,1.594005951E0,2.351036951E0
1.976674208E1,-2.099664974E-1,-1.289255503E0,1.161617802E0,1.748033638E0
1.977671308E1,-5.924097037E-1,-9.031641456E-1,1.132323836E0,1.564868046E0
1.978668308E1,-1.522202727E-1,-5.016475412E-1,7.777592039E-1,9.379395750E-1
1.979665408E1,-6.053548544E-1,-2.183897039E-1,1.532349985E0,1.662000313E0
1.980662508E1,-5.340802192E-1,-1.122568926E0,2.944441456E-1,1.277536704E0
1.981659508E1,-7.157412958E-1,-9.016731057E-1,-2.192395967E-1,1.171906990E0
1.982656608E1,-2.516668660E-1,-7.475852323E-1,-1.847837090E-2,7.890255643E-1
1.983653708E1,-2.662380543E-1,-7.455425075E-1,9.971490741E-2,7.979093901E-1
1.984650808E1,2.953589424E-2,-1.097695163E0,-3.899455494E-1,1.165274462E0
1.985647808E1,1.357174567E-1,-7.028850228E-1,-1.704820628E0,1.849021351E0
1.986644908E1,5.216308393E-2,-9.055357763E-1,-6.620474839E-1,1.122952760E0
1.987642008E1,1.177852158E-1,-7.342453945E-1,-4.989779949E-2,7.453049354E-1
1.988639108E1,4.888021586E-1,-1.098892673E0,5.550919694E-1,1.324620607E0
1.989636108E1,3.870611179E-1,-5.519818354E-1,7.345476955E-1,9.970258635E-1
1.990633208E1,8.628201849E-1,-2.940550134E-1,8.432410026E-1,1.241765844E0
1.991630308E1,2.950886549E-1,-1.003227839E0,1.990070611E-1,1.064493881E0
1.992627308E1,4.721616407E-1,-7.785210961E-1,-4.417922258E-2,9.115829725E-1
1.993624408E1,8.315638205E-1,-2.270693108E-1,5.277901500E-1,1.010752839E0
1.994621508E1,7.147581596E-1,8.246608901E-1,1.424329108E-1,1.100559832E0
1.995618608E1,8.704153526E-1,1.684176448E-1,7.049572760E-1,1.132674777E0
1.996615608E1,9.018762233E-1,7.384588981E-1,-3.869459277E-1,1.228181345E0
1.997612708E1,6.162406158E-1,5.940917283E-1,-7.364310837E-1,1.129171475E0
1.998609808E1,1.770331516E-1,6.133404699E-1,-3.634225792E-1,7.345769121E-1
1.999606908E1,1.953003649E-1,8.963223186E-1,4.059517175E-1,1.003161367E0
2.000603908E1,1.669168838E-1,8.546875119E-1,6.227635503E-2,8.730580356E-1
2.001601008E1,-5.153582387E-2,4.975407493E-1,-8.986761153E-1,1.028504496E0
2.002598108E1,-4.494567561E-1,6.220697781E-1,-1.398997800E0,1.595674475E0
2.003595108E1,-7.211336712E-1,-6.256520748E-5,-3.201602000E-1,7.890097143E-1
2.004592208E1,-7.201082157E-1,-5.490164199E-1,3.421048003E-1,9.679930610E-1
2.005589308E1,-3.858669703E-1,4.290970436E-1,-2.933226496E-1,6.473451694E-1
2.006586408E1,-7.055118844E-2,5.119222686E-1,3.082950300E-1,6.017372390E-1
2.007583408E1,3.532022309E-1,2.899757034E-1,1.441459696E0,1.512165262E0
2.008580508E1,8.369704485E-2,-1.537580904E-1,5.497353351E-1,5.769364648E-1
2.009577596E1,2.732096896E-1,-3.589287016E-1,-1.058154244E0,1.150288552E0
2.010574696E1,-1.875669106E-1,-8.139949840E-1,-7.375584269E-1,1.114343579E0
2.011571696E1,-1.544179487E-1,-1.279536553E0,7.374063993E-1,1.484865951E0
2.012568796E1,-8.446687464E-1,-1.667072173E0,1.002912675E0,2.120949965E0
2.013565896E1,-7.404882473E-1,-6.479168102E-1,2.166305691E-1,1.007495827E0
2.014562996E1,-3.966085978E-1,7.847255766E-2,5.800028622E-1,7.070075264E-1
2.015559996E1,-5.443865946E-1,-9.198155540E-1,1.159576539E0,1.577033661E0
2.016557096E1,-1.776658203E-1,-8.763596320E-1,3.395770490E-1,9.564956459E-1
2.017554196E1,-3.712063926E-1,-6.904936033E-1,-5.641405356E-1,9.658313238E-1
2.018551196E1,2.609990222E-1,6.791231078E-1,-2.222105670E-1,7.607274290E-1
2.019548296E1,4.091469285E-1,-2.860522217E-1,2.436657554E-1,5.555178512E-1
2.020545396E1,1.444978550E-1,-8.125021899E-1,-3.495547378E-1,8.962298552E-1
2.021542496E1,8.051862267E-1,-6.890522647E-1,-9.865732151E-1,1.447910423E0
2.022539496E1,3.746913332E-1,-7.306534499E-2,-4.927740991E-2,3.849160985E-1
2.023536596E1,6.882750966E-1,-9.844079912E-3,1.185130625E0,1.370530596E0
2.024533696E1,5.851769172E-1,-6.021521151E-2,3.547932583E-1,6.869760929E-1
2.025530796E1,3.569424024E-1,1.384223056E-1,-1.784891814E-1,4.224062040E-1
2.026527796E1,-2.049892013E-1,-2.168931091E-1,6.784360600E-1,7.411738533E-1
2.027524896E1,-6.955754185E-1,-7.716681594E-1,5.525501847E-2,1.040360528E0
2.028521996E1,-2.712103803E-1,-1.401493392E0,-1.425393301E-1,1.434592715E0
2.029519096E1,4.159870014E-2,-9.951174590E-1,-3.684137625E-1,1.061940634E0
2.030516096E1,-1.906312902E-1,-1.660445523E-1,-3.294525951E-1,4.152711097E-1
2.031513196E1,-3.703461941E-1,1.731369326E-1,1.612931049E-1,4.394862530E-1
2.032510296E1,-2.812787741E-1,-5.961300677E-1,1.414077185E0,1.560161239E0
2.033507396E1,-4.582036791E-1,-2.647300574E-1,3.432046616E-1,6.307313648E-1
2.034504396E1,-3.714100219E-1,-1.036378044E-1,-5.101818448E-1,6.395089629E-1
2.035501496E1,-3.454002911E-1,-4.610047147E-1,-2.131649244E-1,6.142198247E-1
2.036498596E1,-4.505504778E-1,-6.267107132E-1,6.576649958E-1,1.014044031E0
2.037495596E1,-5.428564513E-1,-7.252254796E-1,4.955895334E-1,1.032595811E0
2.038492696E1,-1.486112250E-1,5.020407665E-1,7.330297583E-1,9.008123301E-1
2.039489796E1,-1.937029056E-1,9.222626138E-1,8.855689967E-1,1.293182737E0
2.040486896E1,4.121950820E-2,6.020500812E-1,1.275599331E-1,6.167940375E-1
2.041483896E1,2.403819591E-1,6.451116085E-1,-1.519418868E0,1.668108560E0
2.042480996E1,7.828177764E-1,1.027963316E0,-1.786561779E0,2.204839051E0
2.043478096E1,6.816442079E-1,7.786269307E-1,-7.181281292E-1,1.259605785E0
2.044475196E1,3.016197755E-1,8.417113709E-1,-1.811689603E-1,9.122909148E-1
2.045472196E1,4.394262231E-1,2.174553189E-1,-7.920381045E-1,9.315076920E-1
2.046469296E1,-3.572067697E-1,9.097258911E-1,-9.665634584E-1,1.374570039E0
2.047466396E1,-6.616266306E-1,9.705573991E-1,-1.483193028E-1,1.183946823E0
2.048463496E1,-9.696570010E-1,-2.032410300E-1,3.945742053E-1,1.066410062E0
2.049460496E1,-4.982809337E-1,4.799464774E-1,6.428768027E-1,9.444168007E-1
2.050457596E1,-8.942105236E-1,7.834339267E-1,-4.013061047E-2,1.189534213E0
2.051454696E1,-7.160604076E-1,5.399278003E-1,3.527753842E-1,9.636986088E-1
2.052451796E1,-7.657264381E-1,-3.688216057E-1,1.086395711E0,1.379355645E0
2.053448796E1,-8.992571823E-1,-3.169454008E-1,2.715265685E-1,9.913851646E-1
2.054445896E1,-5.112211143E-1,-8.638889828E-1,-4.411911321E-1,1.096494787E0
2.055442996E1,-1.275382253E-1,-9.953083706E-1,3.156853259E-2,1.003942889E0
2.056440096E1,1.215814474E-1,-5.427797797E-1,-3.523906374E-1,6.584611598E-1
2.057437096E1,5.068023369E-1,-6.713275999E-1,-1.093435174E-1,8.482248286E-1
2.058434196E1,-9.252451323E-2,-1.279368446E0,8.857642937E-1,1.558820961E0
2.059431296E1,6.228470924E-1,-1.014551265E0,7.265908045E-1,1.394699597E0
2.060428296E1,3.538398698E-1,-7.578508964E-1,1.532169306E-1,8.503035120E-1
2.061425396E1,7.265077740E-2,-1.513980080E0,7.889841038E-1,1.708774337E0
2.062422496E1,-2.161172567E-1,-1.181666442E0,7.263890755E-1,1.403810293E0
2.063419596E1,-8.652807663E-1,-1.265223446E-1,-4.344007605E-1,9.764336788E-1
2.064416596E1,-5.589724375E-1,-2.863644630E-2,-5.743456811E-1,8.019620897E-1
2.065413696E1,-4.450523775E-1,5.841456145E-2,1.003492134E0,1.099309029E0
2.066410796E1,-4.439559880E-1,2.208490428E-1,4.984400511E-2,4.983529310E-1
2.067407896E1,-1.104219267E-1,1.769706595E-1,-4.253024930E-1,4.737022554E-1
2.068404896E1,-5.166316161E-1,-9.746410945E-1,1.784681314E-1,1.117445463E0
2.069401996E1,-9.795566294E-2,-1.121300958E0,5.676167053E-1,1.260595047E0
2.070399096E1,2.582949042E-1,-1.839469725E-1,4.238833737E-1,5.293674157E-1
2.071396196E1,1.327668055E-1,1.181267955E0,6.676023388E-1,1.363346577E0
2.072393196E1,-6.136937879E-2,9.683392578E-1,3.633646917E-1,1.036089291E0
2.073390296E1,2.837788973E-2,-6.575778723E-2,-9.378080213E-1,9.405388222E-1
2.074387396E1,1.638981856E-1,-7.533201814E-2,-1.087294428E0,1.102155480E0
2.075384496E1,3.148912009E-2,3.467840347E-1,-1.410985762E-1,3.757120434E-1
2.076381496E1,-3.158744102E-1,3.138288349E-2,3.641236603E-2,3.195111716E-1
2.077378596E1,-2.443466637E-1,1.199532902E-1,-8.085769540E-1,8.531651507E-1
2.078375696E1,-2.364018690E-1,-6.764059067E-2,-6.434521687E-1,6.888336422E-1
2.079372696E1,-2.068713469E-1,7.263922915E-1,-3.179435205E-1,8.194690949E-1
2.080369796E1,-5.937574138E-1,4.394629875E-1,2.761587328E-1,7.886312379E-1
2.081366896E1,-5.776251651E-1,-3.664327258E-1,-6.429838067E-1,9.388034669E-1
2.082363996E1,-5.099397336E-1,3.489325941E-1,-4.958099735E-1,7.922247262E-1
2.083360996E1,-9.406573695E-1,2.389941224E-1,9.493246973E-2,9.751751900E-1
2.084358096E1,-1.070397949E0,4.451774713E-1,9.843483496E-1,1.520814395E0
2.085355196E1,-1.221128351E0,2.895611358E-1,8.103042215E-1,1.493851744E0
2.086352296E1,-1.069416201E0,9.227113876E-1,-1.220594573E-1,1.417725582E0
2.087349296E1,-9.566282351E-1,1.768485404E0,-5.077230906E-1,2.073755275E0
2.088346396E1,-1.653760840E0,1.348001309E0,-5.766401285E-1,2.210100967E0
2.089343496E1,-1.171976729E0,5.941279811E-1,-8.688997543E-1,1.575279116E0
2.090340596E1,-9.792031652E-1,-4.190164438E-1,-1.183953581E0,1.592532480E0
2.091337596E1,-3.401673620E-1,-1.226990842E0,-9.410274982E-2,1.276744175E0
2.092334696E1,-2.357328014E-1,-9.708094141E-1,7.823358196E-1,1.268893300E0
2.093331796E1,9.835111745E-2,-4.902328992E-1,6.594384563E-1,8.275628770E-1
2.094328896E1,1.059228963E-1,-4.913006008E-1,1.062779977E0,1.175626309E0
2.095325896E1,4.247102797E-1,-8.208271632E-1,1.381840315E0,1.662413520E0
2.096322996E1,-3.378942569E-1,-7.946585342E-1,1.006602852E0,1.326236788E0
2.097320096E1,-8.259917895E-1,-1.566782192E0,5.313043267E-1,1.849149307E0
2.098317096E1,-1.656563849E0,-1.456953940E0,-2.046010923E-1,2.215576714E0
2.099314196E1,-1.775129449E0,-6.016220650E-1,-3.941485280E-1,1.915303300E0
2.100311296E1,-1.242371943E0,-8.586039770E-1,7.175703049E-2,1.511898775E0
2.101308396E1,-1.386002071E0,-8.701434571E-1,-1.068520188E-1,1.639990467E0
2.102305396E1,-8.663973653E-1,-4.981351188E-1,3.928633100E-1,1.073836380E0
2.103302496E1,-9.511955870E-1,-1.164505157E-1,7.795320797E-1,1.235315357E0
2.104299596E1,-1.049456511E0,7.473586527E-1,4.922297233E-1,1.379200502E0
2.105296696E1,-3.408028447E-1,5.844280350E-1,-2.010494936E-1,7.057787231E-1
2.106293696E1,2.410789472E-1,7.055805892E-2,-8.890609539E-1,9.238651840E-1
2.107290796E1,4.559470193E-1,-4.097331119E-1,-6.223659396E-1,8.735606849E-1
2.108287896E1,3.572993749E-1,1.592869252E-2,-1.078466302E-1,3.735605202E-1
2.109284958E1,4.760713083E-1,7.907584414E-1,7.566624498E-1,1.193516178E0
2.110281958E1,6.186669179E-1,3.022738597E-1,1.052618685E0,1.257825242E0
2.111279058E1,5.338968359E-1,1.569968632E-1,1.110924196E-1,5.674816051E-1
2.112276158E1,6.920353679E-1,-9.305288225E-2,8.513662934E-2,7.034344568E-1
2.113273158E1,9.045402879E-1,-1.860315049E-1,-6.777969593E-1,1.145517163E0
2.114270258E1,1.245909801E0,-4.817784101E-1,-1.282867420E0,1.852066544E0
2.115267358E1,1.292435950E0,-7.234181052E-1,-8.877897692E-1,1.726816468E0
2.116264458E1,7.933642530E-1,-1.190753308E0,-3.896385705E-1,1.482949255E0
2.117261458E1,5.275292911E-1,-9.046730196E-1,8.971909225E-1,1.379011232E0
2.118258558E1,3.454695075E-1,-1.183226480E0,1.217139453E0,1.732282463E0
2.119255658E1,5.472874714E-1,-6.342957214E-1,6.009896886E-1,1.031039885E0
2.120252758E1,3.990468136E-1,-4.526858810E-1,5.796648932E-1,8.367641571E-1
2.121249758E1,3.075392774E-1,-4.683593425E-1,9.042865187E-1,1.063802138E0
2.122246858E1,5.037234490E-1,2.684181887E-1,5.126160407E-1,7.671771909E-1
2.123243958E1,5.959311893E-1,4.122129160E-1,-4.365531206E-3,7.246188849E-1
2.124240958E1,2.095736376E-1,4.421038824E-1,-3.126611459E-1,5.806323661E-1
2.125238058E1,7.235817542E-1,-1.971096396E-3,-9.746226758E-1,1.213863172E0
2.126235158E1,7.634808880E-1,4.731341788E-1,-1.831852557E0,2.040206560E0
2.127232258E1,2.543030832E-1,1.125499551E0,-4.589713454E-1,1.241802719E0
2.128229258E1,2.205248147E-1,1.941697181E0,-1.618234473E-1,1.960868676E0
2.129226358E1,-2.706201770E-1,1.263000627E0,4.574510694E-1,1.370280025E0
2.130223458E1,-1.634478769E-1,1.407454044E0,-5.891502464E-1,1.534516245E0
2.131220558E1,2.099982186E-1,9.006673846E-1,-1.668519943E0,1.907684405E0
2.132217558E1,-7.605766491E-1,-1.458465153E-1,-7.916252911E-1,1.107437875E0
2.133214658E1,-1.222393250E0,-4.127973452E-1,-1.677624643E-2,1.290321025E0
2.134211758E1,-1.802696439E0,-2.611097538E-1,-8.586519241E-2,1.823531077E0
2.135208758E1,-1.958174635E0,-9.370104611E-2,1.856178144E0,2.699745374E0
2.136205858E1,-9.512285507E-1,3.394794005E-1,2.818452085E0,2.993952934E0
2.137202958E1,-1.089064965E0,4.347548094E-1,1.366673808E0,1.800797473E0
2.138200058E1,-5.928361849E-1,4.476739401E-1,-1.126091874E-1,7.513637787E-1
2.139197058E1,8.399846882E-2,-3.319540340E-1,-4.442047870E-1,5.608628319E-1
2.140194158E1,-1.973346844E-1,-1.138736185E0,-5.976509285E-1,1.301094812E0
2.141191258E1,3.087322555E-2,-8.387050250E-1,-1.223842701E0,1.483971102E0
2.142188358E1,-4.637516635E-1,-6.660174510E-1,-7.984150779E-1,1.138468922E0
2.143185358E1,-4.369874591E-1,-8.214262104E-1,-1.615287477E-1,9.443466497E-1
2.144182458E1,-5.131568716E-1,-1.104144350E0,7.708782005E-1,1.441082204E0
2.145179558E1,-2.042627578E-1,-1.280271256E0,1.298026911E0,1.834582139E0
2.146176558E1,-2.020563475E-1,-2.588033196E-1,6.062492591E-1,6.894520215E-1
2.147173658E1,-3.358379373E-1,2.010632345E-1,1.825752157E-1,4.319111643E-1
2.148170758E1,-4.305645485E-1,-6.959183577E-1,5.614940858E-1,9.924534243E-1
2.149167858E1,2.162737428E-1,-1.363641734E0,-6.321313745E-1,1.518513479E0
2.150164858E1,4.811426350E-1,-9.869070911E-1,-5.233345717E-1,1.216290638E0
2.151161958E1,1.875270034E-1,-4.453686753E-1,2.471623904E-1,5.427788510E-1
2.152159058E1,2.892127879E-2,-3.680526969E-1,3.114063334E-1,4.829835738E-1
2.153156058E1,-3.390064339E-1,-2.683424672E-1,1.209958488E-1,4.489688601E-1
2.154153158E1,-7.517605097E-1,5.380376878E-1,2.069212675E-2,9.246926957E-1
2.155150258E1,-5.664539865E-1,2.509613264E-1,1.584197831E-1,6.394908395E-1
2.156147358E1,-3.400496502E-1,5.176247656E-3,-5.130656916E-1,6.155460682E-1
2.157144358E1,-4.844191588E-2,-1.227810914E0,-1.239960551E-2,1.228828715E0
2.158141458E1,1.471443779E-1,-9.273695719E-1,-6.877559370E-1,1.163904644E0
2.159138558E1,6.856065005E-2,3.240556151E-1,-4.161691421E-1,5.318922440E-1
2.160135558E1,1.259516564E-1,4.758695063E-1,4.172549701E-1,6.453040499E-1
2.161132658E1,2.398953976E-1,-5.181422442E-2,6.348246020E-1,6.806150094E-1
2.162129758E1,1.144294987E-1,-1.733424622E-1,7.398248076E-1,7.684285688E-1
2.163126858E1,-5.345429532E-2,1.048011372E0,4.853387797E-1,1.156174264E0
2.164123858E1,1.087691747E-2,1.844749761E0,-5.340729833E-2,1.845554748E0
2.165120958E1,1.775306766E-1,1.235543272E0,-7.534523284E-1,1.458003680E0
2.166118058E1,3.758126099E-1,-8.265127033E-2,-9.859639353E-1,1.058390869E0
2.167115058E1,-3.418454763E-1,1.381755531E-1,-1.364070042E0,1.413024378E0
2.168112158E1,-5.256757238E-1,5.788205552E-1,-5.750420845E-1,9.705882755E-1
2.169109258E1,-5.058666728E-1,7.309972662E-1,-2.374413943E-1,9.201285288E-1
2.170106358E1,-7.100412107E-1,1.060912084E0,4.252095222E-3,1.276601367E0
2.171103358E1,-3.977868848E-1,1.038453805E-1,1.292287284E-1,4.309504995E-1
2.172100458E1,1.821478573E-1,2.478608403E-1,7.661618364E-1,8.256008706E-1
2.173097558E1,2.896186578E-1,1.150115159E-1,2.530002505E-1,4.013922551E-1
2.174094558E1,3.829403657E-1,-6.571197429E-1,4.187869406E-1,8.682350960E-1
2.175091658E1,1.249231312E-1,-5.726377094E-1,3.282504076E-1,6.717648882E-1
2.176088758E1,1.612545133E-2,-5.448546642E-1,4.640163231E-1,7.158475979E-1
2.177085758E1,-1.190776697E-1,-9.448977703E-1,7.697643059E-1,1.224560482E0
2.178082858E1,2.321938837E-1,-8.735757726E-1,6.378926361E-1,1.106325289E0
2.179079958E1,-1.171960357E-1,-1.416748193E-1,-2.215030539E-1,2.878719648E-1
2.180077058E1,-2.457518958E-1,1.146872878E-1,-1.992666775E-1,3.365328766E-1
2.181074058E1,-2.196826695E-1,8.810672253E-2,-5.230743706E-1,5.741341890E-1
2.182071158E1,1.022585193E-1,-4.780218664E-1,-2.967327458E-1,5.718496585E-1
2.183068258E1,2.442521580E-1,-8.613963148E-1,-5.027360004E-1,1.026842838E0
2.184065258E1,1.291468674E-1,-1.246529313E0,1.489344299E-2,1.253290093E0
2.185062358E1,8.247994691E-2,-2.364809892E-1,2.949388200E-1,3.869303651E-1
2.186059458E1,1.622567260E-1,-1.933852556E-1,8.902385831E-1,9.253376881E-1
2.187056458E1,6.981626652E-2,-2.806362382E-1,9.044250977E-1,9.495344999E-1
2.188053558E1,2.737362313E-1,1.829862750E-1,5.531045008E-1,6.436925430E-1
2.189050658E1,-2.880335507E-1,-3.459730259E-1,7.175814146E-1,8.471031504E-1
2.190047758E1,-1.320447475E-1,-4.271823728E-1,8.153456908E-1,9.298974086E-1
2.191044758E1,-6.448390552E-1,-1.298190048E-1,2.425325650E-1,7.010652082E-1
2.192041858E1,-5.075824651E-1,-3.410432383E-1,-1.761052716E-1,6.363674379E-1
2.193038958E1,-3.931415644E-1,-2.432637593E-1,-5.026295811E-1,6.829158382E-1
2.194035958E1,-3.792936766E-1,-6.753452218E-1,-2.244687617E-2,7.748927177E-1
2.195033058E1,-3.336158857E-1,-7.899825159E-1,-1.184493864E-1,8.656801902E-1
2.196030158E1,-3.138072002E-1,-6.836845207E-1,1.129027176E-1,7.606881795E-1
2.197027158E1,5.704477809E-2,-3.560384229E-1,-2.620137334E-1,4.457226287E-1
2.198024258E1,1.538352737E-1,-8.833017388E-1,1.613276035E-1,9.109960751E-1
2.199021358E1,-1.337895566E-1,-1.552556501E0,-3.438841081E-1,1.595803125E0
2.200018358E1,-1.345403391E-1,-9.669733483E-1,-8.689646584E-1,1.306995844E0
2.201015458E1,-2.985515222E-2,-5.521470192E-1,-8.161543608E-3,5.530138079E-1
2.202012558E1,1.962519993E-1,-3.557983947E-1,2.799184924E-1,4.934183897E-1
2.203009658E1,3.067346274E-1,-8.247942066E-1,1.833464634E-1,8.988812717E-1
2.204006658E1,3.337079063E-1,8.423586577E-2,2.926379406E-1,4.517672101E-1
2.205003758E1,4.488954234E-1,1.020921806E0,6.576989096E-1,1.294741786E0
2.206000858E1,6.429101318E-1,8.940003893E-1,6.892440534E-1,1.299087179E0
2.206997858E1,1.239830743E0,7.738374764E-1,-9.492954612E-2,1.464587427E0
2.207994958E1,1.245456057E0,1.752664008E0,-6.059721011E-1,2.233874236E0
2.208992233E1,1.040962042E0,1.372669542E0,-4.318350023E-1,1.776036349E0
2.209989233E1,6.608075088E-1,1.707764408E0,-6.094459319E-1,1.929909371E0
2.210986333E1,2.323741972E-2,1.338924676E0,-3.124535698E-1,1.375095087E0
2.211983433E1,-1.508287085E-1,7.429419583E-1,-2.764329672E-2,7.586014794E-1
2.212980433E1,-1.097561116E-1,6.869949219E-1,5.608163935E-1,8.936013954E-1
2.213977533E1,-1.517633859E-1,9.203213382E-1,1.645798248E-1,9.471589146E-1
2.214974633E1,-1.773652004E-1,8.662138358E-1,-3.817138392E-1,9.630629671E-1
2.215971733E1,-1.156682313E-1,-8.750065863E-3,-1.756953818E-1,2.105340128E-1
2.216968733E1,-3.313628805E-1,-9.455026647E-1,7.530319136E-1,1.253329051E0
2.217965833E1,1.720652841E-2,-5.112586096E-1,7.288647866E-1,8.904635353E-1
2.218962933E1,-2.188283182E-1,-5.205629915E-2,5.948395872E-1,6.359479740E-1
2.219959933E1,-4.398768973E-1,-8.729217616E-1,8.449963367E-1,1.292092449E0
2.220957033E1,-1.860752128E-1,-9.187355733E-1,1.061095394E0,1.415846910E0
2.221954133E1,-3.770699074E-1,-1.361362197E0,6.939341050E-1,1.573859361E0
2.222951133E1,5.414426677E-2,-2.873894799E-1,5.224440408E-1,5.987253882E-1
2.223948233E1,2.904275469E-2,-4.801607779E-1,8.024432248E-1,9.355816283E-1
2.224945333E1,7.395594902E-2,-6.836488527E-1,5.473789072E-1,8.789021016E-1
2.225942333E1,1.123787340E-1,-5.255182144E-1,-1.642436099E-1,5.619380187E-1
2.226939433E1,3.766476654E-2,-6.208643746E-1,-4.793266726E-1,7.852676393E-1
2.227936533E1,8.842679181E-1,-4.973469141E-1,2.324151278E-2,1.014802381E0
2.228933533E1,6.426007410E-1,-3.517693707E-1,-3.273926210E-1,8.024109489E-1
2.229930633E1,1.031966247E0,-2.105082420E-1,-5.388677001E-2,1.054595580E0
2.230927733E1,5.377378719E-1,-2.926639608E-1,-1.846743661E-1,6.394676178E-1
2.231924833E1,7.659676357E-1,1.659644455E-2,-3.894695860E-1,8.594582127E-1
2.232921833E1,7.454792845E-1,-5.449426648E-1,1.848518876E0,2.066331025E0
2.233918933E1,4.768537389E-1,-2.495343134E-1,1.564800863E0,1.654768444E0
2.234916033E1,8.459487750E-1,8.081477684E-1,-1.641894647E0,2.016072959E0
2.235913033E1,8.025790264E-1,4.266950074E-1,-2.021063778E0,2.216055170E0
2.236910133E1,7.184608358E-1,-1.039634943E0,-1.657147694E-1,1.274554107E0
2.237907233E1,5.485465962E-1,-1.904438723E0,-1.905402929E-1,1.991003722E0
2.238904233E1,5.086419806E-2,-9.602376482E-1,-3.732751375E-1,1.031493013E0
2.239901333E1,3.078708876E-1,7.976642954E-1,3.254618704E-2,8.556354749E-1
2.240898433E1,1.194091337E-1,-1.723472661E-1,1.841872931E-4,2.096715414E-1
2.241895433E1,2.621886382E-1,-1.316969258E0,-2.975899476E-1,1.375394739E0
2.242892533E1,6.204635480E-1,-1.216194543E0,-3.374311209E-2,1.365738913E0
2.243889633E1,5.257811198E-1,-1.476091585E-1,3.422550738E-1,6.444942088E-1
2.244886633E1,6.199012651E-1,3.313821763E-1,1.317011066E0,1.492852931E0
2.245883733E1,4.321544795E-1,-1.554879892E-1,1.264225911E0,1.345065487E0
2.246880833E1,-8.908445008E-2,2.686906689E-1,8.126337522E-1,8.605256127E-1
2.247877933E1,-3.268510227E-1,1.323562579E0,-2.859218287E-1,1.392982693E0
2.248874933E1,-4.020888276E-1,1.558676489E0,-6.577825248E-1,1.738915085E0
2.249872033E1,-1.842680577E-1,6.185962397E-1,-8.142598629E-2,6.505737591E-1
2.250869133E1,-4.217150800E-1,5.802884987E-1,-7.612916905E-1,1.046013092E0
2.251866133E1,-5.195093963E-1,1.198936194E0,-2.029428220E-1,1.322317586E0
2.252863233E1,-3.017755307E-2,1.274627816E0,7.727756220E-1,1.490895340E0
2.253860333E1,6.820119247E-3,4.350971639E-1,9.303382033E-1,1.027076058E0
2.254857333E1,9.746650681E-3,-4.649586019E-1,-5.148169327E-1,6.937708360E-1
2.255854433E1,-1.284927101E-1,-7.472607118E-1,-9.061137736E-1,1.181503753E0
2.256851533E1,-6.577978738E-2,5.568677688E-1,-3.969002277E-1,6.869923457E-1
2.257848533E1,-1.378854581E-1,4.652307898E-2,6.437451142E-1,6.599883094E-1
2.258845633E1,6.069139414E-2,-4.706745476E-1,2.776100117E-1,5.498047777E-1
2.259842733E1,-2.052048174E-1,-1.267841830E0,-3.631635475E-1,1.334698350E0
2.260839733E1,-6.501008914E-1,-3.082383120E-1,-5.469485521E-2,7.215494115E-1
2.261836833E1,-8.589476471E-1,1.764657524E-1,7.192800307E-1,1.134149454E0
2.262833933E1,-8.439442764E-1,-3.020095655E-1,6.232745969E-1,1.091752235E0
2.263831033E1,-5.100945020E-1,4.444644034E-2,-3.219172883E-1,6.048161932E-1
2.264828033E1,-5.719485419E-1,4.890728116E-2,-1.360997915E-1,5.899493283E-1
2.265825133E1,-5.063948225E-1,2.748203051E-1,-2.354626966E-1,6.224183463E-1
2.266822233E1,-7.144270610E-1,-5.343907794E-1,-7.194963777E-1,1.146147708E0
2.267819233E1,-6.992196225E-1,-9.167279318E-1,-9.317397809E-1,1.482375526E0
2.268816333E1,-4.610247414E-1,-6.360276666E-1,-8.520983648E-1,1.158942030E0
2.269813433E1,-4.091366228E-1,-1.008260830E0,9.531628096E-1,1.446548312E0
2.270810433E1,-3.769895813E-1,-4.008874440E-1,8.467370528E-1,1.009849258E0
2.271807533E1,-1.197191823E-1,-4.889166909E-1,9.425612229E-1,1.068547553E0
2.272804633E1,-5.845527269E-2,-1.179798842E0,1.118860037E0,1.627018780E0
2.273801633E1,-4.566797485E-1,-1.059148271E0,8.726343709E-1,1.446320227E0
2.274798733E1,-1.046468949E0,-1.107413236E0,5.551779234E-1,1.621630002E0
2.275795833E1,-8.345679007E-1,-9.811095768E-1,4.242084789E-1,1.356109294E0
2.276792833E1,-7.696073082E-1,4.119041830E-2,-2.553449839E-1,8.119070884E-1
2.277789933E1,-8.121247521E-1,-9.306986842E-1,-1.913746905E-1,1.249948369E0
2.278787033E1,4.322488390E-2,-8.039813349E-1,-6.237651783E-1,1.018497607E0
2.279784133E1,-4.602321513E-2,-7.766760072E-1,-7.823106766E-2,7.819615441E-1
2.280781133E1,1.002117746E-2,1.268322471E-1,1.894790232E-2,1.286307347E-1
2.281778233E1,-2.627692667E-1,1.477389666E-1,-6.913630843E-2,3.092803242E-1
2.282775333E1,-5.604796304E-1,3.387964457E-1,-9.120065975E-1,1.122798504E0
2.283772333E1,-5.070324979E-1,7.601175696E-2,-1.154784161E-1,5.255425822E-1
2.284769433E1,-6.845170180E-1,-2.068809217E-1,2.051174015E-1,7.439330697E-1
2.285766533E1,-1.478132628E-1,4.822529116E-1,3.501417983E-1,6.140162134E-1
2.286763533E1,-1.058537529E-1,1.314333334E0,-9.003484190E-2,1.321659337E0
2.287760633E1,2.152143004E-1,7.357539761E-1,1.279739159E-1,7.771926605E-1
2.288757733E1,3.842105272E-1,4.341054761E-1,3.103912568E-1,6.575773916E-1
2.289754733E1,2.956754595E-1,1.019059468E0,-2.361526680E-1,1.087048416E0
2.290751833E1,5.631943465E-1,1.252344954E0,-9.811312115E-1,1.687653463E0
2.291748933E1,6.303240732E-1,1.576282455E0,-4.406286299E-1,1.753889508E0
2.292746033E1,3.936770231E-1,2.154526475E-1,-1.898970991E-1,4.873010877E-1
2.293743033E1,1.233608282E-1,2.380202687E-1,-7.741269135E-1,8.192338009E-1
2.294740133E1,2.624873944E-1,8.346789247E-1,-5.331795287E-1,1.024631128E0
2.295737233E1,-1.117118225E-1,1.233300573E-1,6.400023115E-1,6.612811754E-1
2.296734233E1,-3.420791091E-1,-2.060514942E-1,5.893759489E-1,7.119265020E-1
2.297731333E1,-5.437165037E-1,-6.563946882E-1,8.289773047E-2,8.563607048E-1
2.298728433E1,-7.055713067E-1,-3.595818356E-1,-8.105784559E-1,1.133211101E0
2.299725433E1,-8.518831873E-1,-7.292433938E-1,6.561862350E-2,1.123301694E0
2.300722533E1,-8.910393593E-1,-1.923783651E0,1.128967534E0,2.401970518E0
2.301719633E1,-1.169496340E0,-1.402113782E0,4.772707915E-1,1.887175708E0
2.302716633E1,-8.542007312E-1,3.486984131E-1,-3.127710736E-1,9.742049153E-1
2.303713733E1,-6.871428564E-1,1.943497539E-1,2.318771839E-2,7.144751936E-1
2.304710833E1,-3.014951202E-1,-1.251905243E0,3.435411104E0,3.668816635E0
2.305707933E1,-1.036757382E-1,-6.032730263E-1,2.443373081E0,2.518880509E0
2.306704933E1,-5.284281544E-1,1.310491713E0,-1.704238245E0,2.213832162E0
2.307702033E1,-3.069455657E-1,2.176450610E0,-2.827587190E0,3.581396676E0
2.308699133E1,-4.533243969E-2,-7.375961414E-1,-1.077703241E0,1.306731561E0
2.309695996E1,-5.457490324E-1,-3.390148392E0,-1.007323229E0,3.578498039E0
2.310693096E1,-4.859992227E-1,-1.491634653E0,-1.508480482E0,2.176392094E0
2.311690196E1,-1.556558920E0,7.119762737E-1,1.453237742E-1,1.717819806E0
2.312687196E1,-1.580627229E0,-2.397428584E-1,1.382792242E0,2.113758137E0
2.313684296E1,-1.183590615E0,-2.026401116E0,6.100978965E-1,2.424748991E0
2.314681396E1,-5.912996829E-2,-1.081442827E0,2.235419780E-1,1.105886955E0
2.315678496E1,-2.041241788E-1,7.688980410E-1,9.924338794E-1,1.271926052E0
2.316675496E1,5.224052299E-2,5.559284136E-1,1.839622337E0,1.922497287E0
2.317672596E1,-2.389212515E-2,-1.016712981E0,3.573449832E-1,1.077947845E0
2.318669696E1,2.934905743E-1,-1.483030475E0,-6.254240334E-1,1.636053584E0
2.319666696E1,-3.574819542E-1,5.946594930E-1,-6.459921992E-1,9.480080071E-1
2.320663796E1,-2.789526786E-1,1.056424930E0,3.848444384E-1,1.158427154E0
2.321660896E1,-2.027339302E-2,2.401632732E-1,-4.182390565E-1,4.827145291E-1
2.322657896E1,7.299963690E-2,-8.584250522E-1,-1.336193442E0,1.589853902E0
2.323654996E1,2.562019665E-1,1.220428220E0,-9.622716022E-1,1.575135271E0
2.324652096E1,1.108338996E-1,1.481883252E0,5.357113731E-1,1.579635654E0
2.325649196E1,5.008893035E-2,-1.585530996E-2,1.029705786E0,1.031045245E0
2.326646196E1,7.922139595E-1,-7.246621004E-1,5.903173506E-1,1.225239851E0
2.327643296E1,6.811153273E-1,-1.076847208E0,2.448240888E-1,1.297480957E0
2.328640396E1,3.492490381E-1,9.597380036E-1,-2.261498362E-1,1.046047645E0
2.329637396E1,-1.231206539E-1,2.010880559E0,5.415047944E-2,2.015373810E0
2.330634496E1,-3.811606926E-1,1.534403235E0,-3.912752062E-1,1.628733572E0
2.331631596E1,-2.125372258E-1,-3.730494350E-2,-1.025222726E0,1.047685720E0
2.332628596E1,-8.512587047E-1,9.803011993E-1,-1.250811229E0,1.802820167E0
2.333625696E1,-8.920629144E-1,1.410961204E0,-9.033685058E-1,1.898068075E0
2.334622796E1,-5.750795797E-1,1.022448222E0,-5.825797302E-1,1.309777092E0
2.335619896E1,-1.968260497E-1,2.388304004E-1,-6.347678840E-1,7.061945345E-1
2.336616896E1,-2.697325697E-1,3.855472738E-1,-3.849865258E-1,6.079613347E-1
2.337613996E1,-6.059886195E-2,1.476126668E-1,4.023761451E-1,4.328605822E-1
2.338611096E1,-1.190835900E-1,-6.373520610E-1,4.086338353E-1,7.664073084E-1
2.339608096E1,7.039845186E-1,-1.821607651E0,4.803417492E-1,2.011113331E0
2.340605196E1,1.121382819E0,-1.454531146E0,3.790808380E-2,1.837007704E0
2.341602296E1,1.412294807E0,-1.167602427E0,1.410337306E0,2.312341533E0
2.342599296E1,1.200942739E0,-5.721582377E-1,8.231318432E-1,1.564344765E0
2.343596396E1,1.204298968E0,-1.410381160E0,7.016337186E-1,1.982876924E0
2.344593496E1,2.582210100E-1,-1.639488518E0,7.501328641E-1,1.821345657E0
2.345590596E1,1.359685215E-1,-4.090238446E-1,4.422184879E-1,6.175314853E-1
2.346587596E1,-6.962550111E-2,-2.292400897E-3,-2.927338350E-1,3.009087298E-1
2.347584696E1,-2.134451522E-1,-6.315527925E-1,-2.246699059E-1,7.034872631E-1
2.348581796E1,-2.253515451E-1,-9.655650464E-1,-1.188902664E-1,9.986160789E-1
2.349578796E1,-4.731706508E-1,-8.316345719E-1,4.325255585E-1,1.050040420E0
2.350575896E1,3.730416144E-1,-1.800828400E-1,9.406497681E-1,1.027818983E0
2.351572996E1,4.340797484E-1,3.742334962E-1,1.123254220E0,1.261021800E0
2.352569996E1,2.162715501E-1,7.308890927E-1,1.105368757E0,1.342688474E0
2.353567096E1,4.832665265E-2,4.892686933E-1,8.051159871E-1,9.433615809E-1
2.354564196E1,-2.517018031E-1,3.584156084E-1,2.500678718E-2,4.386808469E-1
2.355561296E1,2.646360634E-1,1.966509256E-1,-3.528104675E-1,4.828861756E-1
2.356558296E1,2.972176261E-2,4.046100739E-1,-8.673888338E-1,9.575782391E-1
2.357555396E1,1.784948824E-1,5.116214293E-1,-4.354836649E-1,6.951711533E-1
2.358552496E1,1.268799750E-1,-1.709813565E-2,-1.955145192E-1,2.337023781E-1
2.359549496E1,-1.453351763E-1,3.943069875E-2,-1.154409939E-1,1.897464533E-1
2.360546596E1,-7.722210136E-1,3.672960672E-1,3.548909068E-1,9.258397543E-1
2.361543696E1,-5.032798646E-1,6.500554293E-2,7.055899447E-1,8.691222657E-1
2.362540696E1,-4.117482086E-1,-3.580542505E-1,2.043981940E-1,5.826817787E-1
2.363537796E1,-4.736387204E-1,-8.276955950E-1,-4.703932965E-1,1.063336019E0
2.364534896E1,1.321135984E-1,-6.574936724E-1,-7.069125849E-1,9.744112760E-1
2.365531996E1,5.278004558E-1,-2.998832256E-1,-3.810343927E-1,7.167220371E-1
2.366528996E1,5.305069126E-1,-8.145753202E-1,-7.027885437E-2,9.746330868E-1
2.367526096E1,4.475053941E-1,-5.314399821E-1,6.077847379E-1,9.230881973E-1
2.368523196E1,2.518066876E-2,-2.203146073E-1,1.083839893E0,1.106291782E0
2.369520196E1,2.194370864E-1,1.121870184E-1,9.064903343E-1,9.393951714E-1
2.370517296E1,4.718207480E-1,6.935879499E-1,-4.852346992E-1,9.690881156E-1
2.371514396E1,5.664275278E-1,-4.979430377E-2,-5.905342823E-1,8.197867744E-1
2.372511496E1,6.929150084E-1,2.687087953E-2,-4.756961364E-1,8.409162070E-1
2.373508496E1,5.369713019E-1,4.864380562E-1,-7.010694623E-1,1.008195692E0
2.374505596E1,5.797527476E-1,1.142588623E0,-1.123721997E0,1.704222150E0
2.375502696E1,5.525420717E-1,1.078202008E0,-7.971088099E-1,1.450243002E0
2.376499696E1,4.575356347E-1,9.596859634E-1,-8.389912462E-1,1.354342023E0
2.377496796E1,5.707942285E-2,9.239843264E-1,-4.953421962E-1,1.049937611E0
2.378493896E1,-3.492639119E-1,1.507706018E0,-1.991760457E-1,1.560395403E0
2.379490996E1,3.005651571E-2,6.853041995E-1,1.832471192E0,1.956654265E0
2.380487996E1,-9.036588201E-1,-2.358120677E-1,2.032982157E0,2.237235581E0
2.381485096E1,-3.388709977E-2,6.864210176E-1,-1.482199001E-1,7.030585237E-1
2.382482196E1,2.940390797E-1,1.876058677E0,-2.716277254E0,3.314244598E0
2.383479196E1,5.050071321E-1,-3.361912188E-1,-8.417680889E-1,1.037607948E0
2.384476296E1,3.222505065E-1,-2.447830121E0,2.914644045E-1,2.486095169E0
2.385473396E1,6.716961206E-1,-1.568403332E0,1.396110445E-1,1.711886659E0
2.386470496E1,4.370719148E-1,8.007761836E-4,6.164187366E-1,7.556484360E-1
2.387467496E1,5.794641875E-1,2.656273127E-2,1.587034900E0,1.689723083E0
2.388464596E1,1.251039563E-1,-1.579438490E0,1.055431781E0,1.903736638E0
2.389461696E1,1.953442921E-1,-1.191359372E0,1.004692567E0,1.570637991E0
2.390458696E1,-3.973696860E-1,-3.833557373E-1,4.194032371E-1,6.933710147E-1
2.391455796E1,-4.459368054E-1,-1.152570990E-1,7.444207191E-2,4.665677393E-1
2.392452896E1,-3.811582806E-1,-4.062876400E-1,1.589214742E-2,5.573184383E-1
2.393449996E1,-1.056711005E-1,-1.306979875E0,-4.128987944E-1,1.374717495E0
2.394446996E1,-6.496316524E-1,-4.781464121E-1,-2.739595950E-1,8.518797655E-1
2.395444096E1,-7.857315901E-1,4.439059943E-1,2.910206008E-1,9.482192012E-1
2.396441196E1,-6.330678792E-1,-3.865442240E-1,1.272181633E0,1.472629446E0
2.397438196E1,-1.017790476E-1,-1.138866870E0,5.909546971E-1,1.287091363E0
2.398435296E1,-3.360670386E-1,3.728146693E-1,-9.534727120E-1,1.077516610E0
2.399432396E1,4.180848362E-1,8.605812129E-1,-5.781136268E-1,1.117859705E0
2.400429496E1,4.478369312E-1,-2.722943079E-1,2.928186196E-1,6.003705948E-1
2.401426496E1,6.059232038E-1,-1.016914417E0,-2.430827880E-1,1.208448221E0
2.402423596E1,2.178364111E-1,-6.975590864E-1,-1.423075465E0,1.599745342E0
2.403420696E1,5.371174823E-1,9.934904712E-1,-7.452796751E-1,1.353129817E0
2.404417696E1,1.269992582E-1,1.675724590E0,7.297214037E-1,1.832123096E0
2.405414796E1,9.367254093E-2,7.108422062E-1,5.785340416E-1,9.212886759E-1
2.406411896E1,1.126582309E-1,1.653987274E-1,-2.931103957E-1,3.549117074E-1
2.407408996E1,-5.177782550E-2,1.287459531E0,-3.924265230E-1,1.346934134E0
2.408405996E1,-1.311238841E-1,6.562333050E-1,5.957125765E-1,8.959403426E-1
2.409403113E1,8.730170712E-2,-2.145270333E-1,-3.214916110E-2,2.338311455E-1
2.410400212E1,-4.263151576E-1,1.120741671E-1,-9.206435198E-1,1.020729995E0
2.411397212E1,-4.373220295E-1,4.106338754E-1,-7.751244485E-1,9.801472582E-1
2.412394313E1,-3.855334597E-1,6.025184432E-1,-6.015241241E-1,9.346099694E-1
2.413391412E1,-5.254109911E-1,1.329861492E-2,-1.927300751E-2,5.259325161E-1
2.414388512E1,-1.689778081E-1,-3.354091537E-1,-1.843825901E-1,4.183894591E-1
2.415385513E1,-5.779653268E-1,3.572724777E-1,-2.718616140E-1,7.318444367E-1
2.416382612E1,-1.321824202E0,-8.231417835E-2,-2.120469368E-1,1.341252678E0
2.417379712E1,-1.047854374E0,-8.397353044E-1,1.686746299E-1,1.353368132E0
2.418376713E1,-1.409568689E0,-3.874979049E-1,-2.478430063E-1,1.482722048E0
2.419373813E1,-1.317455162E0,5.628266662E-1,-3.498248792E-1,1.474733673E0
2.420370912E1,-8.567385690E-1,1.239627260E-1,3.467966062E-1,9.325425562E-1
2.421368013E1,-8.898846804E-1,-2.594851050E-1,6.772648627E-1,1.148004773E0
2.422365013E1,1.643823716E-1,-9.479172724E-1,9.260820150E-1,1.335363852E0
2.423362112E1,1.576277778E-2,-3.719677001E-1,6.455033720E-1,7.451731599E-1
2.424359213E1,9.304126091E-2,4.321908054E-1,7.279619765E-1,8.516890323E-1
2.425356213E1,-4.147328101E-1,2.881241825E-1,5.254343069E-1,7.287661211E-1
2.426353312E1,-1.133300833E0,-8.736307365E-1,6.975424218E-1,1.591906678E0
2.427350413E1,-1.420631036E0,3.748685038E-1,-7.627283514E-2,1.471236379E0
2.428347512E1,-1.248755348E0,9.614491913E-1,1.880148804E-1,1.587174868E0
2.429344512E1,-1.066788828E0,5.233114752E-1,-5.328210944E-1,1.302225642E0
2.430341613E1,-5.681164595E-1,9.822532922E-2,-9.236829025E-1,1.088850142E0
2.431338713E1,-1.175544700E0,-1.172828668E0,2.775848687E-2,1.660783839E0
2.432335812E1,-1.306183192E0,-8.366389114E-1,7.111985940E-1,1.706423933E0
2.433332813E1,-1.153120482E0,1.153641030E-1,3.310523933E-1,1.205235002E0
2.434329913E1,-5.679448803E-1,-6.215689641E-1,3.241994566E-1,9.022276053E-1
2.435327012E1,-2.071385647E-1,-1.370749317E0,-1.975750780E-1,1.400319958E0
2.436324013E1,2.567376080E-1,-8.407454109E-1,-1.216572858E0,1.500938561E0
2.437321113E1,2.518045679E-1,-4.573355868E-1,-2.734450400E-2,5.227897296E-1
2.438318212E1,2.101157476E-1,-4.504110217E-1,6.847469598E-1,8.461070351E-1
2.439315313E1,-3.215858608E-1,-5.039908129E-1,4.655289978E-1,7.577212239E-1
2.440312313E1,-5.340482422E-1,-2.913059449E-1,3.727997589E-1,7.134748340E-1
2.441309412E1,-8.592921212E-1,-1.264936933E-1,7.259832788E-1,1.132005002E0
2.442306513E1,-1.037142714E0,-9.116607347E-1,1.053716208E0,1.736982484E0
2.443303513E1,-8.113682686E-1,-1.223410300E0,-4.676603079E-3,1.468016723E0
2.444300612E1,-7.801439908E-1,-1.319281540E0,2.647280109E-1,1.555380773E0
2.445297713E1,-8.594174708E-1,-5.306962162E-1,9.541544974E-2,1.014564424E0
2.446294813E1,-4.581073828E-1,2.633302340E-1,-2.352463496E-1,5.783995429E-1
2.447291812E1,2.930767011E-1,4.440208921E-1,-5.805753046E-1,7.874745645E-1
2.448288913E1,6.144555339E-1,5.588681012E-2,-1.228481882E0,1.374716943E0
2.449286013E1,8.868898096E-1,-6.575802112E-1,-7.243998528E-1,1.320507635E0
2.450283112E1,7.141827205E-1,-3.254086608E-1,-3.297882253E-1,8.512978493E-1
2.451280113E1,6.056323048E-1,-6.356829733E-2,4.070743829E-1,7.324895700E-1
2.452277213E1,7.171672124E-1,6.493534711E-1,5.031599236E-1,1.090485511E0
2.453274312E1,4.377841422E-1,1.054400332E0,3.973832077E-1,1.208854180E0
2.454271313E1,-6.909055397E-2,1.221024928E0,-2.445714891E-2,1.223222601E0
2.455268413E1,3.411990666E-1,3.679500782E-1,8.958460629E-2,5.097347004E-1
2.456265512E1,5.389258434E-1,6.971933430E-1,-4.521862364E-1,9.904504100E-1
2.457262613E1,8.013560081E-1,1.040942088E0,-1.250767375E0,1.813877314E0
2.458259613E1,1.079716291E0,9.522874814E-1,-5.353131777E-1,1.535968396E0
2.459256712E1,8.944855620E-1,3.589944828E-1,-3.481116450E-1,1.024774696E0
2.460253813E1,6.262115803E-2,8.631697753E-1,-1.012702668E-1,8.713432948E-1
2.461250913E1,-5.882853336E-1,6.042465878E-1,4.528235829E-1,9.572057092E-1
2.462247912E1,-1.047048628E0,8.312539181E-1,8.356577486E-1,1.576584212E0
2.463245013E1,-1.143312216E0,1.257346370E0,5.941420144E-1,1.800302044E0
2.464242113E1,-3.843687309E-1,-2.722551316E-2,8.698025644E-1,9.513343528E-1
2.465239112E1,-2.611881431E-1,-4.589187205E-1,5.849496067E-1,7.880302535E-1
2.466236213E1,-2.270872910E-1,4.662736407E-1,-2.189741331E-1,5.629648450E-1
2.467233313E1,2.582890936E-1,-2.191317156E-1,-2.456152171E-1,4.184002862E-1
2.468230412E1,1.071681339E-2,-8.778188047E-1,-1.897246063E-2,8.780892086E-1
2.469227413E1,2.443260522E-1,-9.175836718E-1,5.187503546E-1,1.082015224E0
2.470224513E1,8.799979158E-2,-2.324022639E-1,2.199991500E-1,3.318951666E-1
2.471221612E1,-3.488926868E-1,3.913985825E-1,-4.221163452E-2,5.260235540E-1
2.472218713E1,-1.358923616E-1,-5.407604438E-1,2.325203776E-2,5.580584636E-1
2.473215713E1,-8.418999436E-1,-1.125493411E0,-4.601530677E-1,1.478942791E0
2.474212812E1,9.470742501E-2,-7.211610800E-1,-4.417729300E-1,8.510030090E-1
2.475209913E1,-2.579029946E-1,-2.324309152E-1,-3.632348835E-2,3.490809087E-1
2.476206913E1,-3.160712421E-3,-7.430530554E-1,4.353129262E-1,8.611824295E-1
2.477204012E1,-1.924444386E-1,-9.357758215E-1,1.845872426E-1,9.730281086E-1
2.478201113E1,-1.560409165E-1,-6.007537535E-1,-5.370755285E-1,8.207947144E-1
2.479198213E1,-2.079421183E-1,-8.910820439E-1,-1.428948408E-1,9.261134213E-1
2.480195212E1,1.875109235E-1,-1.294940458E0,-3.757754070E-1,1.361336951E0
2.481192313E1,1.485151114E-1,-1.758214185E0,1.078377424E0,2.067914826E0
2.482189413E1,-2.274027483E-1,-1.204273825E0,3.623236535E0,3.824896135E0
2.483186512E1,-1.831888079E-1,3.824792397E-1,2.526476049E0,2.561821565E0
2.484183513E1,7.494901820E-1,1.998358162E0,-2.076457375E0,2.977724989E0
2.485180613E1,6.345304140E-1,1.771121621E-3,-7.117774683E-1,9.535508102E-1
2.486177712E1,5.062205024E-2,-2.142197329E0,-1.019888311E0,2.373129612E0
2.487174712E1,-3.825630011E-1,-2.322676902E0,-2.154911807E0,3.191367628E0
2.488171813E1,-1.743420437E-2,-1.751030588E-1,-1.095446616E0,1.109490118E0
2.489168912E1,1.078306235E-1,6.517718795E-1,1.247181278E0,1.411345162E0
2.490166013E1,7.287392177E-2,2.071767908E-1,1.151210343E0,1.171971879E0
2.491163013E1,2.541922054E-1,-3.162007579E-1,4.963853395E-1,6.410889188E-1
2.492160112E1,3.250063723E-1,4.895780110E-1,-3.787148023E-1,6.990999016E-1
2.493157213E1,2.590702450E-1,1.023859448E0,9.241524339E-2,1.060163260E0
2.494154313E1,8.020482454E-1,5.166295695E-1,1.343953282E-1,9.634571107E-1
2.495151312E1,5.684867710E-1,1.463271564E-1,-2.253528607E-1,6.287867344E-1
2.496148413E1,1.814217062E-1,8.318506265E-1,-6.589654166E-1,1.076626546E0
2.497145513E1,-3.019803295E-1,7.756167841E-1,3.744071585E-1,9.126632651E-1
2.498142612E1,-6.807441022E-1,4.675901413E-1,-2.611015677E-2,8.262776852E-1
2.499139612E1,-5.951748519E-1,1.085373618E0,-8.238241535E-1,1.486928119E0
2.500136713E1,-6.579253431E-1,1.682129923E0,-3.872195774E-1,1.847259006E0
2.501133812E1,-2.347670241E-1,2.621789172E0,-2.616149533E-1,2.645247891E0
2.502130812E1,-2.428394707E-1,5.139515448E-1,2.304323369E-1,6.133647046E-1
2.503127913E1,1.945089443E-1,8.367219418E-2,-3.614111370E-1,4.188708338E-1
2.504125012E1,-2.816135272E-1,-1.224129507E0,-3.528443813E-2,1.256600263E0
2.505122113E1,-4.354436114E-2,-9.112920678E-1,4.740337729E-2,9.135624907E-1
2.506119113E1,-5.081467214E-1,-3.255109870E-1,4.463746887E-1,7.506136529E-1
2.507116212E1,-1.379226610E-1,6.213035005E-1,7.178989184E-1,9.593849891E-1
2.508113313E1,1.208019405E-1,-1.672113642E-1,1.216513216E-1,2.394823442E-1
2.509110371E1,-2.096320367E-1,-8.030153748E-1,-1.961068422E-1,8.527820217E-1
2.510107371E1,-8.809108123E-2,-4.697012785E-1,-1.957203412E-1,5.164162871E-1
2.511104471E1,-1.832999050E-1,-2.181534764E-1,-3.826406229E-1,4.770782333E-1
2.512101571E1,-4.497885856E-1,-1.032317153E-1,-3.906401986E-1,6.046208097E-1
2.513098671E1,-4.968571367E-1,-8.274777862E-1,5.838362968E-1,1.128029841E0
2.514095671E1,-5.742556340E-1,-2.953235668E-1,7.110278553E-1,9.604926617E-1
2.515092771E1,-2.172396297E-1,2.867503792E-1,3.310816294E-1,4.889109142E-1
2.516089871E1,-2.811053310E-1,4.206253052E-2,7.558186966E-1,8.074969757E-1
2.517086971E1,-4.692536741E-2,2.479324687E-1,-7.672307074E-2,2.637402675E-1
2.518083971E1,-7.172924890E-1,5.068585798E-1,-9.864697194E-1,1.320809086E0
2.519081071E1,-1.297926924E-1,-1.140546191E-1,-9.548257577E-1,9.703333586E-1
2.520078171E1,3.351580158E-1,-4.036043528E-1,-1.513326654E0,1.601681907E0
2.521075171E1,8.713822628E-1,-8.116172138E-1,-6.635315073E-1,1.363196101E0
2.522072271E1,5.442225071E-1,-1.450858802E0,1.218910575E-1,1.554357369E0
2.523069371E1,1.933063913E-1,-1.408483446E0,1.095558298E0,1.794837308E0
2.524066471E1,-7.177457213E-2,-9.518018702E-1,1.507525631E0,1.784295917E0
2.525063471E1,4.266592663E-1,-4.020802760E-1,8.322295260E-1,1.017994431E0
2.526060571E1,5.172569027E-1,-5.701628754E-1,1.122254931E0,1.360917535E0
2.527057671E1,2.509003691E-1,-1.206747782E0,1.171865047E0,1.700723050E0
2.528054771E1,2.316661725E-1,-1.016282333E0,3.568093783E-1,1.101731332E0
2.529051771E1,5.375443290E-1,-1.090806851E0,-9.322098970E-2,1.219632586E0
2.530048871E1,1.094422257E0,-8.872819385E-1,8.534993577E-1,1.647267577E0
2.531045971E1,1.143377266E0,-1.223418486E0,1.139630517E0,2.025542416E0
2.532043071E1,7.570880540E-1,-5.408566305E-1,7.005660170E-1,1.164689212E0
2.533040071E1,1.174455364E0,3.721963263E-1,3.575040275E-1,1.282842405E0
2.534037171E1,1.127309337E0,1.117222525E0,1.845907509E-2,1.587247066E0
2.535034271E1,7.798419090E-1,1.688532331E0,-1.199397247E0,2.213108355E0
2.536031371E1,3.623395287E-2,6.360934478E-1,-1.824809001E0,1.932836171E0
2.537028371E1,-8.191035502E-2,6.341515875E-1,-1.126349736E0,1.295191596E0
2.538025471E1,-2.332849742E-1,9.062008971E-1,-4.760381985E-1,1.049873474E0
2.539022571E1,-5.933555639E-1,1.912950222E0,-4.716481090E-1,2.057644604E0
2.540019571E1,-3.474150954E-1,1.347616855E0,-1.367874241E-1,1.398384509E0
2.541016671E1,3.103414093E-1,1.868116404E0,-5.833047849E-1,1.981518398E0
2.542013771E1,5.007325251E-1,1.303449619E0,-8.070771432E-1,1.612788729E0
2.543010871E1,3.802614639E-1,1.284504055E0,-8.920360172E-1,1.609433970E0
2.544007871E1,5.776533048E-1,4.675886795E-1,-5.988326508E-1,9.544228923E-1
2.545004971E1,4.387705310E-1,-2.039003035E-1,-2.440142494E-1,5.418836282E-1
2.546002071E1,6.683856464E-1,-1.580493620E-1,-7.615460443E-1,1.025510288E0
2.546999171E1,7.399298383E-1,-7.104732469E-1,-4.383944088E-1,1.115552804E0
2.547996171E1,1.895165916E-1,-1.581607515E0,1.626531672E0,2.276621214E0
2.548993271E1,-1.754323301E-1,-2.087382898E0,5.145353892E0,5.555412725E0
2.549990371E1,-5.078228588E-1,-5.526744381E-1,3.628590245E0,3.705401498E0
2.550987471E1,1.528220974E-1,8.202228534E-1,3.201800805E-1,8.936640346E-1
2.551984471E1,5.118103675E-1,9.813978446E-1,-2.426682204E-1,1.133128169E0
2.552981571E1,5.132166228E-1,-4.860924858E-1,-1.040972201E0,1.258292625E0
2.553978671E1,1.911654333E-1,-1.205494139E0,-2.151784716E0,2.473850805E0
2.554975771E1,-1.645073193E-1,-1.855087638E-1,-1.807202450E0,1.824131809E0
2.555972771E1,-3.355360383E-1,9.472632614E-1,-1.964722931E-1,1.023959707E0
2.556969871E1,-3.936118998E-1,-2.917953569E-1,6.327079099E-1,8.002463103E-1
2.557966971E1,-2.130560931E-1,-8.186572614E-1,8.277260005E-1,1.183521416E0
2.558964071E1,5.622543700E-2,-3.782446861E-1,2.615459561E-1,4.632889266E-1
2.559961071E1,-2.205814596E-1,-5.894811988E-2,7.474747199E-1,7.815686266E-1
2.560958171E1,5.984695387E-1,-3.131330162E-2,6.659469920E-1,8.958971525E-1
2.561955271E1,8.522146513E-1,-9.035421681E-1,-6.726578414E-2,1.243858090E0
2.562952271E1,7.844498804E-1,-5.145991239E-1,-2.759991038E-1,9.779311727E-1
2.563949371E1,8.575790332E-1,1.663380826E-1,-1.150673568E-1,8.811076282E-1
2.564946471E1,9.299957027E-1,-3.877399796E-1,-2.534341139E-1,1.038972160E0
2.565943571E1,1.202691934E0,-1.395352061E0,-7.428337848E-1,1.986272211E0
2.566940571E1,8.045824286E-1,-1.826581585E0,-4.796430069E-1,2.052756825E0
2.567937671E1,1.549512148E-3,4.673620999E-1,4.744138420E-1,6.659566253E-1
2.568934771E1,-1.907673110E-1,8.602642938E-1,1.530661309E0,1.766174076E0
2.569931871E1,8.350569472E-2,4.334459102E-1,5.886082095E-1,7.357364898E-1
2.570928871E1,1.406560151E-1,-1.251031085E0,3.869038278E-1,1.317025991E0
2.571925971E1,-3.570166621E-1,-2.468966344E0,9.287565315E-1,2.661924943E0
2.572923071E1,-2.350612852E-1,-2.421864098E-1,5.382923341E-1,6.353477015E-1
2.573920171E1,-8.675864697E-2,1.736927396E0,-2.716692406E-1,1.760184087E0
2.574917171E1,1.427769464E-1,1.053684633E0,-6.390954083E-1,1.240596430E0
2.575914271E1,-1.468959443E-2,9.036480027E-1,-5.862535357E-1,1.077259813E0
2.576911371E1,1.674971469E-1,6.132284957E-1,1.974382532E-1,6.656473135E-1
2.577908471E1,-3.556488521E-2,9.948131114E-1,-4.531317312E-1,1.093730476E0
2.578905471E1,-3.312860627E-1,1.737330854E0,-3.452418315E-1,1.802015781E0
2.579902571E1,-5.644619863E-1,7.232353798E-1,-7.092964947E-1,1.159650062E0
2.580899671E1,-8.632745136E-1,8.742467406E-1,-1.056345701E0,1.620313701E0
2.581896771E1,-1.167355236E0,4.493509215E-1,-6.345597231E-1,1.402604912E0
2.582893771E1,-1.595976024E0,4.244894376E-1,2.598637122E-1,1.671783449E0
2.583890871E1,-1.952737309E0,-4.706745476E-2,1.048961252E-1,1.956118999E0
2.584887971E1,-2.355449523E0,-4.978749177E-1,-1.202796818E0,2.691234303E0
2.585885071E1,-2.257964597E0,-1.744826692E-1,-9.666616917E-1,2.462373479E0
2.586882071E1,-2.267289444E0,-6.626497471E-1,-5.310435408E-1,2.421097551E0
2.587879171E1,-1.811538160E0,-1.449423019E0,7.595170605E-1,2.441180812E0
2.588876271E1,-2.043012471E0,-9.837206510E-1,8.863969624E-1,2.434605892E0
2.589873371E1,-1.694754938E0,-5.265756834E-1,2.398060083E-1,1.790805174E0
2.590870371E1,-1.021465232E0,-4.279562518E-1,2.282858241E-1,1.130775040E0
2.591867471E1,-4.451022250E-1,-8.047730479E-1,3.775406814E-1,9.941391328E-1
2.592864571E1,-4.225385141E-1,-1.489395462E0,4.367981189E-1,1.608611275E0
2.593861671E1,7.845574692E-3,-5.962391183E-1,-5.784083265E-1,8.307339113E-1
2.594858671E1,-3.389630914E-3,-4.906781647E-1,1.550459397E-1,5.146025595E-1
2.595855771E1,-1.499758555E-1,3.329898682E-1,7.846460545E-1,8.654735354E-1
2.596852871E1,-8.115171533E-2,3.074129775E-1,7.373064119E-1,8.029377838E-1
2.597849971E1,-3.164542347E-2,1.025288799E-1,1.359770000E-2,1.081596112E-1
2.598846971E1,3.848734187E-1,1.534847331E-1,1.064614248E-1,4.278073710E-1
2.599844071E1,4.112403779E-1,-4.476727706E-1,-1.943006372E-1,6.381867247E-1
2.600841171E1,-4.430949489E-1,-2.935749570E-1,-1.730606264E-1,5.589895970E-1
2.601838271E1,-3.365291879E-1,-4.494105631E-1,8.866787982E-1,1.049486084E0
2.602835271E1,-4.151259989E-2,-3.653837353E-2,1.021143124E0,1.022639539E0
2.603832371E1,-2.535833640E-1,1.396519750E-1,7.874234819E-1,8.389534770E-1
2.604829471E1,-4.894400898E-1,-3.167755392E-1,7.372327369E-1,9.398991713E-1
2.605826471E1,-7.571575628E-1,5.023389745E-1,-3.845409679E-1,9.866629497E-1
2.606823571E1,-6.007425341E-1,7.962621331E-1,-8.409769607E-1,1.304671309E0
2.607820671E1,-3.585511542E-1,4.838629425E-1,-1.210077186E0,1.351654199E0
2.608817771E1,-1.510692483E-1,-2.247926974E-1,-1.025112798E0,1.060287661E0
2.609814846E1,-6.736292101E-1,-1.181074412E0,-1.330913991E-1,1.366172171E0
2.610811946E1,-1.003682680E0,-6.287917373E-1,3.953010142E-2,1.185040337E0
2.611809046E1,-5.863850616E-1,-2.403217328E-1,-8.572836757E-2,6.394930247E-1
2.612806146E1,-6.728855905E-1,-3.878899607E-1,-2.205768549E-1,8.073956827E-1
2.613803146E1,-4.395659716E-1,-6.093450674E-1,-6.532819229E-1,9.956389533E-1
2.614800246E1,-5.354176967E-1,-7.923158473E-1,-1.010397695E0,1.391164985E0
2.615797346E1,-3.213782481E-1,-9.415587178E-1,-8.854660857E-1,1.331865979E0
2.616794446E1,-3.829700038E-1,-9.250143135E-1,1.644448126E0,1.925234309E0
2.617791446E1,-4.476372122E-1,-1.027922970E0,2.817299598E0,3.032190913E0
2.618788546E1,-4.235087134E-2,5.590493649E-2,1.053626745E0,1.055958464E0
2.619785646E1,4.601671010E-1,9.472942516E-1,-5.403920692E-1,1.183699180E0
2.620782746E1,6.709204875E-2,6.164886108E-1,-7.517174596E-1,9.744940684E-1
2.621779746E1,3.726236846E-1,-6.279096848E-1,-4.270630896E-2,7.313978476E-1
2.622776846E1,9.172167590E-1,-3.846049950E-1,-1.400157888E0,1.717454423E0
2.623773946E1,3.815488746E-1,1.274752654E0,-6.329067153E-1,1.473480500E0
2.624771046E1,3.169310752E-1,1.683564245E0,1.279224604E-1,1.717905128E0
2.625768046E1,7.558841854E-3,1.563929043E0,-2.673861551E-1,1.586640017E0
2.626765146E1,5.171116725E-1,1.104195220E0,-8.282083958E-1,1.473967677E0
2.627762246E1,3.117947347E-1,1.504668389E0,-5.237041157E-1,1.623425058E0
2.628759346E1,-2.345907305E-1,1.171441709E0,3.190626776E-1,1.236571664E0
2.629756346E1,-3.679986101E-1,6.153586364E-1,-2.165791136E-1,7.489964892E-1
2.630753446E1,2.738872357E-1,-2.176479846E-1,-1.196550822E-1,3.697326085E-1
2.631750546E1,2.642453232E-1,-3.327325907E-1,1.013110219E0,1.098603151E0
2.632747646E1,7.089734361E-1,-1.919725683E-1,1.279043341E0,1.474940225E0
2.633744646E1,6.245635425E-1,-6.697064593E-1,1.681156361E-1,9.310473820E-1
2.634741746E1,1.552685139E0,8.662971586E-2,-5.213611364E-1,1.640168676E0
2.635738846E1,1.885410421E0,-1.405150241E-1,5.886123025E-1,1.980146805E0
2.636735946E1,1.884108246E0,2.574713239E-1,-4.805592656E-1,1.961400666E0
2.637732946E1,2.005363419E0,-4.387203911E-1,-1.263457587E0,2.410452883E0
2.638730046E1,1.686386696E0,-1.812474007E0,3.374001306E-1,2.498559778E0
2.639727146E1,8.963447573E-1,-2.432673554E0,1.432738574E0,2.962106406E0
2.640724246E1,1.002592028E0,-5.775189650E-1,9.642684263E-1,1.506164841E0
2.641721246E1,2.483740796E-1,4.451760095E-1,1.301116580E0,1.397417517E0
2.642718346E1,4.616836495E-1,2.645724750E-1,1.484943684E0,1.577405507E0
2.643715446E1,3.626465075E-1,-3.435499397E-1,9.201342273E-1,1.046989038E0
2.644712546E1,1.133764663E0,-6.271270350E-1,-2.500123233E-1,1.319551739E0
2.645709546E1,1.463166899E0,-5.694255415E-1,-2.027276444E-1,1.583098645E0
2.646706646E1,1.500353144E0,-7.512502670E-3,-1.853579056E-1,1.511778273E0
2.647703746E1,1.328730933E0,-8.399864423E-1,4.918595946E-1,1.647127492E0
2.648700846E1,1.287651319E0,-1.180223057E0,-1.135950279E-1,1.750393160E0
2.649697846E1,1.024821168E0,-1.407731786E-1,-2.194278771E-1,1.057461162E0
2.650694946E1,7.577753942E-1,8.361164626E-1,5.959996748E-1,1.276138668E0
2.651692046E1,5.330831958E-1,3.869786721E-1,1.904262722E-2,6.590089590E-1
2.652689146E1,8.559239788E-1,-6.827208996E-3,-4.825362092E-1,9.825953701E-1
2.653686146E1,7.437747480E-1,2.218135411E-1,-1.445521756E0,1.640711818E0
2.654683246E1,1.478699004E0,6.149966937E-1,-2.271861382E0,2.779590944E0
2.655680346E1,1.363335340E0,-6.796402940E-1,-1.384766847E0,2.058682442E0
2.656677446E1,5.586959738E-1,-1.479633243E0,6.621053714E-1,1.714595943E0
2.657674446E1,4.386982448E-1,-2.524579212E-1,4.947966510E-1,7.078240444E-1
2.658671546E1,4.954912271E-1,7.438973933E-1,5.070880830E-1,1.027634766E0
2.659668646E1,4.517885526E-1,1.354483532E0,4.639619440E-1,1.501332482E0
2.660665746E1,6.431101797E-1,6.485950872E-1,3.555358547E-1,9.801387832E-1
2.661662746E1,2.667316324E-1,1.474302337E-1,6.077321130E-1,6.798674567E-1
2.662659846E1,-1.910650805E-2,5.938595939E-1,1.276382858E0,1.407901799E0
2.663656946E1,-4.606261075E-1,5.171350613E-1,8.014644009E-1,1.059221539E0
2.664654046E1,-3.634086189E-1,6.570624402E-1,-3.058649272E-1,8.107713786E-1
2.665651046E1,-1.022665154E0,-3.323259169E-1,3.439507663E-2,1.075856660E0
2.666648146E1,-7.813428162E-1,3.468828526E-1,-9.165773660E-1,1.253370806E0
2.667645246E1,-6.037462854E-1,1.373853604E0,3.445319796E-1,1.539703084E0
2.668642346E1,-2.752940027E-1,1.924228039E-1,3.001165295E-1,4.504256372E-1
2.669639346E1,-2.124717370E-2,-3.879709446E-1,2.191986662E-1,4.461176432E-1
2.670636446E1,1.391522574E-1,5.489892304E-2,-2.335459793E-1,2.773462942E-1
2.671633546E1,9.726265825E-2,-9.721785396E-2,-1.754538918E-1,2.229246598E-1
2.672630646E1,-2.326343983E-2,-8.370447081E-1,-2.075755709E-1,8.627123789E-1
2.673627646E1,-2.606671196E-1,-1.431089366E0,-3.604124326E-1,1.498619779E0
2.674624746E1,-4.572281443E-2,-1.038317273E0,1.024204141E-1,1.044357830E0
2.675621846E1,-6.538581660E-1,-5.765635300E-1,3.646809000E-1,9.449593453E-1
2.676618946E1,-6.305467790E-1,1.032935203E0,7.133024222E-1,1.404757887E0
2.677615946E1,-5.909657338E-1,5.343586197E-1,6.913777024E-1,1.054885188E0
2.678613046E1,-5.920445450E-1,-3.015847653E-1,-5.472239560E-1,8.607695232E-1
2.679610146E1,-3.110206365E-1,-3.231595293E-1,-9.824912739E-1,1.080025472E0
2.680607246E1,-2.321379697E-1,3.809732893E-1,-7.671927005E-1,8.874758159E-1
2.681604246E1,-4.710290350E-2,5.864318758E-2,-4.071650147E-2,8.553093277E-2
2.682601346E1,8.220366597E-2,4.449731112E-1,8.409348607E-2,4.602501784E-1
2.683598446E1,5.080094580E-1,-5.792482790E-1,1.363330954E0,1.565973649E0
2.684595546E1,4.256347610E-1,-7.337130055E-1,5.818850809E-1,1.028635004E0
2.685592546E1,5.244518284E-1,-2.399051186E-1,8.048359054E-1,9.901338399E-1
2.686589646E1,2.871358569E-1,-8.473615354E-1,4.403602427E-1,9.971889066E-1
2.687586746E1,7.878677242E-2,-7.102031055E-1,-2.062365586E-1,7.437266465E-1
2.688583846E1,-2.188419130E-1,-4.313151848E-1,-2.124901557E-1,5.282770465E-1
2.689580846E1,-5.716385664E-1,-1.058774926E0,-1.572368914E-1,1.213465465E0
2.690577946E1,-3.279460600E-1,-1.431669703E0,3.132704258E-2,1.469084116E0
2.691575046E1,-5.807157840E-1,-1.348980133E0,9.368116558E-2,1.471650224E0
2.692572146E1,-7.117600729E-1,-1.088661507E0,1.968266344E-1,1.315494965E0
2.693569146E1,-8.062626991E-1,-8.954633626E-1,2.051442987E-1,1.222292255E0
2.694566246E1,-8.319656704E-1,-1.026904093E0,1.575485480E-1,1.330984762E0
2.695563346E1,-9.941623163E-1,-1.170731272E0,3.808817804E-2,1.536366210E0
2.696560446E1,-1.163509376E0,-3.359701940E-1,-1.432293016E-1,1.219485413E0
2.697557446E1,-1.182971102E0,1.655598181E-1,-5.177288461E-1,1.301873205E0
2.698554546E1,-1.018568010E0,-8.798129976E-2,2.530850351E-2,1.022673956E0
2.699551646E1,-5.356850606E-1,-7.919381171E-2,9.151418746E-2,5.491857523E-1
2.700548746E1,-4.058971191E-1,-5.978582123E-1,6.985095513E-1,1.005038560E0
2.701545746E1,-6.141535252E-2,9.763695315E-1,-2.817475015E-1,1.018062357E0
2.702542846E1,-4.461714980E-1,1.408056014E0,-4.404690009E-1,1.541331790E0
2.703539946E1,2.173020853E-1,1.086044878E0,6.393988788E-2,1.109415154E0
2.704537046E1,7.855893566E-1,1.277640301E0,-8.528924167E-1,1.725381364E0
2.705534046E1,2.842217508E-1,1.978806243E0,-1.921489788E0,2.772828728E0
2.706531146E1,1.105203792E-1,1.755443189E0,-1.780739706E0,2.502964132E0
2.707528246E1,-2.833698480E-1,8.332671145E-1,-1.532248828E0,1.767036793E0
2.708525346E1,-7.050291236E-1,7.660229650E-1,-8.311512995E-1,1.332167306E0
2.709522338E1,-7.203709750E-1,8.845764318E-1,5.376690209E-2,1.142059843E0
2.710519437E1,-3.152808447E-1,1.185022452E0,1.089974207E0,1.640647432E0
2.711516537E1,2.536405206E-2,4.996267435E-1,7.685369754E-1,9.170165214E-1
2.712513638E1,2.918365797E-1,1.352314800E-2,8.523193896E-2,3.043286845E-1
2.713510637E1,9.361914854E-2,-2.427439418E-1,4.801166314E-1,5.460779670E-1
2.714507737E1,-1.185198453E-1,-1.111049619E0,8.519469219E-1,1.405094932E0
2.715504838E1,-3.272300319E-1,-7.257341874E-1,8.687032878E-2,8.008221141E-1
2.716501937E1,-4.403189468E-1,-8.826108903E-1,3.520286947E-1,1.047285520E0
2.717499038E1,-2.518183820E-2,-5.694366512E-1,4.542906493E-1,7.288842286E-1
2.718496038E1,-2.151673034E-2,-4.511354917E-1,-4.258322507E-1,6.207409342E-1
2.719493137E1,-2.414290858E-1,-7.288910991E-1,9.615161419E-2,7.738316165E-1
2.720490238E1,-8.350237642E-1,-9.586293715E-1,3.283480561E-1,1.313029857E0
2.721487338E1,-8.439504160E-1,9.377647519E-2,-1.626590145E-1,8.645833025E-1
2.722484337E1,-8.158177073E-1,-7.560692498E-1,-2.537457705E-2,1.112583979E0
2.723481437E1,-6.225655489E-1,1.705989486E-1,-3.024296880E-1,7.128503210E-1
2.724478538E1,-7.703037116E-1,-2.194515583E-1,8.001639801E-1,1.132161291E0
2.725475637E1,-7.713642503E-1,-6.668392771E-1,2.048718184E-1,1.040023985E0
2.726472637E1,-3.229816277E-1,-3.581747031E-1,-1.985281742E-1,5.215550649E-1
2.727469738E1,4.481028333E-2,-4.399953765E-1,5.469842201E-1,7.034171095E-1
2.728466837E1,1.802706087E-1,-4.170085099E-1,8.098855609E-1,9.286055198E-1
2.729463938E1,2.620259394E-1,-4.926100847E-1,-1.985948324E-2,5.583159389E-1
2.730460938E1,8.369901828E-2,-5.256629330E-1,-9.291576505E-2,5.403335860E-1
2.731458037E1,7.875008114E-2,-1.196077490E0,3.229452288E-1,1.241409102E0
2.732455138E1,1.408983821E-1,-7.063635314E-1,-2.800722742E-1,7.728145129E-1
2.733452238E1,3.062618069E-1,-3.614903668E-1,4.477856219E-1,6.519076183E-1
2.734449237E1,3.550508282E-1,-5.597919613E-2,5.260956270E-1,6.371588261E-1
2.735446337E1,6.223098794E-1,-2.151076618E-1,-1.038933277E-2,6.585201823E-1
2.736443438E1,6.779006743E-1,-1.063671385E0,-2.664324743E-1,1.289159572E0
2.737440537E1,8.555238099E-1,-1.256152368E0,1.908560425E-1,1.531752523E0
2.738437537E1,5.896968149E-1,-8.005481422E-2,8.465657294E-2,6.010971985E-1
2.739434638E1,1.099413587E0,8.222822428E-1,-2.144817173E-2,1.373068952E0
2.740431737E1,1.342759280E0,6.370944911E-1,-3.813086271E-1,1.534368973E0
2.741428838E1,1.764259329E0,9.396139339E-1,-1.440200790E0,2.463668736E0
2.742425838E1,1.507930551E0,4.205867136E-1,-8.957314575E-1,1.803630387E0
2.743422937E1,1.144655614E0,5.757618767E-1,2.067131066E-1,1.297870765E0
2.744420038E1,1.022157762E0,1.507152286E0,-2.066990733E-3,1.821076269E0
2.745417138E1,8.938906809E-1,9.855400121E-1,-3.619853336E-1,1.378899216E0
2.746414137E1,6.081047268E-1,9.053676689E-1,3.837457466E-1,1.156175926E0
2.747411237E1,6.897689871E-2,8.005841026E-1,1.222706003E0,1.463114037E0
2.748408338E1,-1.877353835E-1,1.988804104E0,-2.569406891E-1,2.014101501E0
2.749405437E1,-4.607489721E-1,1.935893235E0,-1.671309650E-2,1.990038080E0
2.750402437E1,-3.544441795E-1,7.099768183E-1,8.550383449E-3,7.935810406E-1
2.751399538E1,-6.278330863E-2,6.231933206E-1,-6.270086288E-1,8.862570053E-1
2.752396637E1,-1.697294676E-1,6.202369684E-1,-5.454060566E-1,8.431902251E-1
2.753393738E1,-1.451303045E-1,7.622021019E-2,3.098556519E-2,1.668305457E-1
2.754390738E1,-2.309379749E-2,-7.975765872E-1,4.401819026E-1,9.112748451E-1
2.755387837E1,-7.720539294E-2,-1.417260701E0,1.289682350E0,1.917777133E0
2.756384938E1,-6.485972799E-2,-1.266965624E0,1.157793138E0,1.717525437E0
2.757382038E1,-2.387212767E-1,-6.570016292E-1,-3.321411449E-1,7.739229476E-1
2.758379037E1,6.011719756E-2,-1.590671868E0,1.812402379E0,2.412188519E0
2.759376137E1,-6.008530100E-1,-8.273093864E-1,-8.175734800E-1,1.309156811E0
2.760373238E1,-4.614578739E-2,-1.457683088E0,-3.966751099E-2,1.458952683E0
2.761370337E1,-5.508034752E-1,-8.713310266E-1,2.610647303E-1,1.063370594E0
2.762367337E1,4.391427062E-2,-2.316067502E-1,-1.986328393E-1,3.082615038E-1
2.763364438E1,3.409713176E-1,-4.202206779E-1,3.585962874E-1,6.491826822E-1
2.764361537E1,-7.036415063E-2,-6.416582429E-1,7.828661621E-1,1.014670312E0
2.765358638E1,1.674418176E-1,-1.340285616E0,1.122401696E0,1.756185600E0
2.766355638E1,7.915383138E-2,5.411744267E-2,-2.845401317E-1,3.002617411E-1
2.767352737E1,2.211821879E-1,1.851699176E-1,3.817758197E-1,4.784999845E-1
2.768349838E1,9.284611009E-2,-2.863931143E-1,7.408159107E-1,7.996559445E-1
2.769346938E1,-1.185836530E-1,-4.345253062E-1,4.230331886E-1,6.179250789E-1
2.770343937E1,-2.132950980E-1,4.013180915E-1,3.368879145E-1,5.657247355E-1
2.771341037E1,-3.222103800E-1,8.842551273E-1,4.868625641E-1,1.059604556E0
2.772338138E1,-7.002120412E-1,1.631569049E-1,-1.542969114E-1,7.353397957E-1
2.773335237E1,-8.237020929E-1,-6.596933949E-1,-3.963242769E-1,1.127277005E0
2.774332237E1,-7.528329621E-1,7.090509117E-2,-1.104457176E0,1.338510610E0
2.775329338E1,-4.797845826E-1,4.724860150E-1,-4.311795294E-1,7.995949391E-1
2.776326437E1,-3.514430230E-1,-3.704152644E-1,2.821831191E-1,5.833926458E-1
2.777323538E1,-3.261717224E-1,3.303372788E-1,-7.242565960E-1,8.602664280E-1
2.778320538E1,-6.067210563E-1,-1.732080055E0,-1.112814601E0,2.146291707E0
2.779317637E1,-7.115617792E-1,5.193780532E-1,-9.797693950E-1,1.317581798E0
2.780314738E1,-7.618191824E-1,1.765645704E-1,9.199658275E-2,7.874051596E-1
2.781311838E1,-8.654634918E-1,-1.215096729E0,-2.574131441E-1,1.513852252E0
2.782308837E1,-8.525788598E-2,-7.685840455E-1,6.415097237E-2,7.759546954E-1
2.783305937E1,7.340009809E-3,-2.115148401E-1,7.697034949E-1,7.982705515E-1
2.784303038E1,2.908586329E-1,7.543373045E-1,1.174835433E0,1.426135270E0
2.785300137E1,7.544625080E-1,6.749619368E-1,1.082080466E0,1.481784541E0
2.786297137E1,9.452499919E-1,-8.335200065E-1,1.006317508E-1,1.264270500E0
2.787294238E1,1.394402474E0,8.168569037E-1,-1.189370441E0,2.006543173E0
2.788291337E1,1.889404654E0,1.135539512E0,-7.597024173E-1,2.331619114E0
2.789288438E1,2.254118445E0,4.299510294E-1,-3.050773072E-1,2.314947087E0
2.790285438E1,2.422966883E0,4.630836922E-1,3.240252095E-1,2.488012733E0
2.791282537E1,2.404299647E0,4.461250126E-1,5.632663769E-1,2.509373095E0
2.792279638E1,1.473346317E0,6.345483211E-1,7.774633348E-1,1.782652568E0
2.793276738E1,1.382139108E0,1.609493763E0,7.893238270E-1,2.263583617E0
2.794273737E1,5.166316161E-1,2.071256277E-1,1.392222047E-2,5.567792027E-1
2.795270837E1,1.265254144E-1,6.959168959E-1,-9.406807584E-1,1.176940651E0
2.796267938E1,-5.709130731E-1,3.238451153E-1,-4.893897307E-1,8.187305444E-1
2.797265037E1,-5.292907649E-1,-2.894687498E-1,-1.529046893E-2,6.034688636E-1
2.798262037E1,-6.538131425E-1,-8.198957017E-1,-4.630679047E-1,1.146356171E0
2.799259138E1,-4.734907859E-1,-1.055692859E0,-8.388339561E-1,1.429098787E0
2.800256237E1,-5.716844670E-1,-9.196787292E-1,6.113392603E-1,1.243530372E0
2.801253338E1,-2.353908489E-1,-4.447743058E-1,9.955451828E-1,1.115501343E0
2.802250338E1,-4.749681580E-1,3.113613099E-1,3.072121257E-1,6.456933534E-1
2.803247437E1,-3.920683810E-1,-1.417157498E-1,2.598853469E-1,4.912650635E-1
2.804244538E1,-8.506799034E-1,1.597143567E-1,2.814259046E-1,9.101458749E-1
2.805241638E1,-8.560605843E-1,-4.557778886E-1,7.698257017E-1,1.238226481E0
2.806238637E1,-7.967066677E-1,-3.971952197E-1,1.175015527E0,1.474166560E0
2.807235738E1,-5.200340378E-1,-1.193364090E-1,3.689511216E-1,6.486921527E-1
2.808232838E1,-8.575350329E-1,1.446849659E-1,-1.161902561E0,1.451315828E0
2.809229937E1,-3.564344256E-1,-7.429317257E-1,-6.757820088E-1,1.065680239E0
2.810226883E1,-3.664460282E-1,-1.115191787E0,-2.258674157E-1,1.195387595E0
2.811223983E1,2.511830089E-1,-6.448429289E-1,-3.988286394E-1,7.987362459E-1
2.812221083E1,3.181013954E-1,-4.291841671E-1,2.967666596E-1,6.111120988E-1
2.813218183E1,2.089695472E-1,-5.118813381E-1,1.115735285E0,1.245213236E0
2.814215183E1,-1.305097803E-1,-1.172461171E0,9.237641788E-1,1.498345173E0
2.815212283E1,6.744690165E-3,-1.444442945E0,5.959055346E-1,1.562550581E0
2.816209383E1,-4.270981729E-1,-4.875990209E-1,4.430715966E-1,7.851611900E-1
2.817206483E1,-7.255888110E-1,-5.972945407E-1,3.150017864E-1,9.911942375E-1
2.818203483E1,-6.880428891E-1,-8.776784715E-1,-4.341604400E-1,1.196753026E0
2.819200583E1,2.787806243E-2,-1.180979395E0,-7.111184871E-1,1.378832484E0
2.820197683E1,2.876455148E-1,-5.539105394E-1,-1.009295495E0,1.186690450E0
2.821194783E1,6.468168759E-1,2.312006611E-1,-4.350913167E-1,8.130991763E-1
2.822191783E1,6.253726510E-1,3.870856762E-4,-2.356188172E-1,6.682868617E-1
2.823188883E1,1.280864748E0,7.705051482E-2,-3.770460069E-1,1.337428494E0
2.824185983E1,9.106254121E-1,6.556523842E-1,-4.642180520E-1,1.214338128E0
2.825183083E1,1.405173337E0,9.472708628E-1,1.949145949E-1,1.705821179E0
2.826180083E1,1.151924215E0,2.218623653E-1,5.780586630E-1,1.307785962E0
2.827177183E1,5.422051446E-1,5.011940897E-3,7.449440449E-1,9.213865467E-1
2.828174283E1,1.291763958E-1,5.256108928E-1,7.085597456E-1,8.916334812E-1
2.829171383E1,-2.066925683E-1,5.941212568E-1,6.933628321E-2,6.328581245E-1
2.830168383E1,-6.150237371E-1,1.629608185E0,-3.718817461E-1,1.781059535E0
2.831165483E1,-5.903717297E-1,1.619037589E0,-8.195615333E-1,1.908272150E0
2.832162583E1,-1.091225000E0,8.933270824E-1,-3.207852674E-1,1.446273993E0
2.833159683E1,-1.147258136E0,9.690640202E-1,2.876976281E-1,1.529070382E0
2.834156683E1,-9.037680899E-1,1.127732602E0,-1.934036744E-1,1.458074951E0
2.835153783E1,-8.954054021E-1,1.151350676E0,8.615872264E-3,1.458572400E0
2.836150883E1,-4.456938536E-1,3.996820405E-1,-3.549411929E-1,6.959683865E-1
2.837147983E1,-5.337410807E-1,-1.178965321E0,3.675565606E-1,1.345338840E0
2.838144983E1,-3.069751672E-1,-1.090495779E0,1.234983986E0,1.675887897E0
2.839142083E1,1.077552675E-1,-7.787356889E-1,9.072294223E-1,1.200460618E0
2.840139183E1,2.290915704E-1,-3.336845174E-1,5.094234610E-1,6.506462690E-1
2.841136283E1,6.937562035E-1,-1.265939438E0,4.177940834E-1,1.502814768E0
2.842133283E1,9.523526048E-1,-1.539245314E0,-6.840727758E-1,1.934995396E0
2.843130383E1,5.244140408E-1,-1.243151084E0,-6.428294402E-1,1.494544879E0
2.844127483E1,3.026182607E-1,-1.364046361E0,-1.551435882E-1,1.405798641E0
2.845124583E1,1.882869952E-1,-1.115824163E0,2.576107800E-1,1.160551106E0
2.846121583E1,-2.196418852E-2,-8.163978973E-1,6.694547367E-1,1.056010226E0
2.847118683E1,1.546340764E-1,-4.424734265E-2,7.701145542E-1,7.867311812E-1
2.848115783E1,3.046063871E-1,2.415309370E-2,9.316134810E-2,3.194486810E-1
2.849112883E1,6.978488890E-1,-1.661524335E-1,1.181581950E-1,7.270220506E-1
2.850109883E1,1.255041251E0,-2.059348422E-1,-8.927675039E-1,1.553889159E0
2.851106983E1,7.019032022E-1,1.810976243E-1,-1.326063141E0,1.511260371E0
2.852104083E1,3.095689190E-1,6.645231950E-1,-8.189154160E-1,1.099111664E0
2.853101183E1,-7.965457231E-2,-1.549804509E-2,5.551405013E-2,9.832014062E-2
2.854098183E1,-6.824414027E-1,-4.535617939E-1,7.239636505E-1,1.093420293E0
2.855095283E1,1.494654302E-1,-5.094623449E-1,8.086564761E-1,9.673763963E-1
2.856092383E1,8.098437533E-2,2.483131224E-1,8.037834066E-1,8.451542111E-1
2.857089483E1,-5.250589887E-1,5.943601155E-1,1.098801164E0,1.355106965E0
2.858086483E1,1.180567458E-2,2.382740378E-3,6.396736979E-1,6.397870671E-1
2.859083583E1,3.424852348E-1,-5.480913904E-1,1.552786589E-1,6.646892283E-1
2.860080683E1,1.534316696E-1,-3.879949182E-1,2.324806166E-1,4.776280675E-1
2.861077783E1,2.679653949E-1,-8.318363008E-1,-1.375352830E-1,8.846881022E-1
2.862074783E1,9.700676948E-2,-1.168349701E0,-2.028358179E-1,1.189787253E0
2.863071883E1,3.587585476E-1,-7.179492044E-1,-7.475513184E-1,1.096809796E0
2.864068983E1,-1.486199228E-1,-9.789867452E-1,-4.742355019E-1,1.097908120E0
2.865066083E1,-3.366934946E-1,-8.094341558E-1,5.187860227E-1,1.018668297E0
2.866063083E1,-7.070952373E-1,-2.194515583E-1,6.034104359E-1,9.551161266E-1
2.867060183E1,-9.507177964E-1,-8.819589257E-2,-1.227517676E-1,9.626582157E-1
2.868057283E1,-9.819436821E-1,-1.718128306E-1,-2.408883280E-1,1.025553621E0
2.869054383E1,-1.412760538E0,8.242732197E-2,-3.990099031E-1,1.470338568E0
2.870051383E1,-9.537120824E-1,-2.701530576E-1,-1.616147017E-1,1.004325008E0
2.871048483E1,-6.287921758E-1,4.471438900E-1,-2.657530278E-1,8.160526518E-1
2.872045583E1,-4.330301732E-1,1.110904608E0,1.938018698E-1,1.207966615E0
2.873042683E1,-5.953963883E-2,1.538926056E0,-5.561655182E-1,1.637424337E0
2.874039683E1,-1.200797363E-1,8.712553051E-1,-9.039713538E-1,1.261217332E0
2.875036783E1,-4.499282610E-1,4.971422616E-1,-6.631198633E-1,9.430343691E-1
2.876033883E1,1.192280162E-1,7.201205680E-1,-3.207121772E-1,7.972736374E-1
2.877030983E1,-3.278452686E-1,1.075952877E0,-3.297279990E-1,1.172125277E0
2.878027983E1,-5.429139733E-1,8.737722391E-1,-3.232738423E-1,1.078303986E0
2.879025083E1,-3.552548960E-1,7.546600708E-1,4.780350226E-1,9.613715965E-1
2.880022183E1,-9.608219312E-1,6.435243818E-1,-2.402913272E-2,1.156667546E0
2.881019283E1,-9.718254409E-1,-5.566180927E-1,2.381565088E-1,1.144983367E0
2.882016283E1,-5.712643446E-1,-7.303438398E-1,-5.125955755E-1,1.059480675E0
2.883013383E1,-6.209455048E-1,-1.371972554E0,3.145883882E-1,1.538456325E0
2.884010483E1,-2.898405596E-1,-9.652256155E-1,-2.371753460E-1,1.035335783E0
2.885007583E1,-7.927552655E-2,-7.048359463E-1,1.279014689E0,1.462517315E0
2.886004583E1,3.200089033E-1,-3.970902622E-2,1.029195324E0,1.078529332E0
2.887001683E1,3.730431493E-1,1.389266279E-1,-2.670902860E-1,4.793735704E-1
2.887998783E1,4.384475454E-1,6.680940896E-2,-1.844284907E0,1.896862295E0
2.888995783E1,-9.544519745E-2,-6.711594924E-1,-1.049513229E0,1.249417011E0
2.889992883E1,-5.654162519E-2,-1.258543295E0,-7.953967452E-2,1.262321172E0
2.890989983E1,-6.910992287E-1,-7.860277516E-1,-6.952310175E-1,1.256504651E0
2.891987083E1,-3.082909735E-1,-4.394571403E-1,7.980543047E-1,9.617986150E-1
2.892984083E1,-1.984106451E-3,1.292088479E-2,1.690701941E0,1.690752477E0
2.893981183E1,2.881231958E-1,-3.829125184E-1,9.265626562E-1,1.043146839E0
2.894978283E1,5.560461253E-1,-1.768072298E-1,7.549205643E-1,9.541242835E-1
2.895975383E1,5.535768827E-1,6.911628172E-1,8.634998506E-1,1.236844937E0
2.896972383E1,1.580838971E-1,2.367511305E-1,1.263050036E0,1.294734340E0
2.897969483E1,3.913213261E-1,-4.037715831E-1,3.647849804E-1,6.702476808E-1
2.898966583E1,1.002697351E0,2.569529682E-2,-7.006426156E-2,1.005470649E0
2.899963683E1,6.102039503E-1,-1.126232207E-2,7.209616899E-2,6.145515100E-1
2.900960683E1,4.730167229E-1,-1.956107059E-1,2.975864393E-1,5.920861907E-1
2.901957783E1,5.818490475E-1,-2.520278585E-1,-3.457405990E-1,7.222208231E-1
2.902954883E1,2.999160431E-1,-1.086003363E-1,-3.353389871E-1,4.628130316E-1
2.903951983E1,1.755145566E-1,1.179266453E-1,-5.196069717E-2,2.177428927E-1
2.904948983E1,-2.568148278E-2,5.927559319E-1,-2.639912617E-1,6.493924235E-1
2.905946083E1,1.549249754E-1,-1.811201361E-1,-7.303236669E-1,7.682310266E-1
2.906943183E1,3.157396319E-1,-1.083158693E-1,-1.385240471E-1,3.614038659E-1
2.907940283E1,1.554895241E-1,-4.174762872E-1,2.002677208E-1,4.884368971E-1
2.908937283E1,6.267658963E-1,-1.291316646E-1,-5.109571856E-1,8.188942063E-1
2.909934358E1,7.234899529E-1,9.866416276E-2,-4.417723453E-1,8.534255293E-1
2.910931458E1,5.347685827E-1,2.565986270E-1,-4.310538143E-1,7.332309890E-1
2.911928558E1,2.565058755E-1,1.427088994E-1,-4.689431870E-1,5.532348568E-1
2.912925558E1,9.542385511E-2,1.123209196E-1,-4.130987692E-1,4.386026610E-1
2.913922658E1,-2.561964847E-2,4.194035295E-1,1.272231334E-1,4.390232484E-1
2.914919758E1,-4.771862262E-1,7.076850021E-1,2.943833345E-1,9.028766828E-1
2.915916858E1,-8.422607169E-1,7.853866044E-1,-7.073669136E-2,1.153793271E0
2.916913858E1,-1.354989024E0,1.102205998E-1,2.989272058E-1,1.391941561E0
2.917910958E1,-1.464054068E0,1.320514718E-1,-8.972669363E-2,1.472733100E0
2.918908058E1,-1.362167943E0,5.769971010E-1,-5.560047197E-1,1.580369706E0
2.919905158E1,-9.233678837E-1,2.613237619E-1,2.540749687E-1,9.926995754E-1
2.920902158E1,-1.243551326E0,4.503086954E-2,3.148135060E-1,1.283571277E0
2.921899258E1,-4.882688195E-1,-2.435070035E-1,3.901390922E-1,6.707537641E-1
2.922896358E1,1.522844459E-1,3.635886401E-1,3.896444178E-1,5.542653011E-1
2.923893458E1,7.077993152E-1,-8.106667489E-2,2.859346926E-2,7.130001843E-1
2.924890458E1,4.019821159E-1,-5.741837132E-1,-8.916769981E-1,1.134180068E0
2.925887558E1,7.912145973E-1,-9.921795255E-1,3.342502356E-2,1.269471537E0
2.926884658E1,1.284509756E-1,-1.259718878E0,8.824167627E-1,1.543389337E0
2.927881758E1,-9.416326851E-2,-5.669091922E-1,2.151863068E-1,6.136431373E-1
2.928878758E1,3.727743235E-1,-2.998671457E-1,-2.130240065E-1,5.236986048E-1
2.929875858E1,8.285540394E-1,-2.034100145E-1,1.887346727E-1,8.737838445E-1
2.930872958E1,3.665747400E-1,-8.162973252E-1,7.400335532E-1,1.161192500E0
2.931870058E1,3.442997720E-1,-2.527356640E-1,7.851576859E-1,8.938066013E-1
2.932867058E1,1.764267223E-1,3.114504799E-1,4.359251297E-1,5.640554126E-1
2.933864158E1,4.231684785E-1,4.036046451E-1,8.327089977E-1,1.017532577E0
2.934861258E1,5.029892579E-1,1.995812577E-1,1.035243684E-1,5.509520550E-1
2.935858358E1,5.283748716E-1,-1.473890108E-1,-5.002187741E-1,7.423761495E-1
2.936855358E1,3.445646509E-1,-5.984128207E-2,-9.335617733E-1,9.969169285E-1
2.937852458E1,1.878046730E-1,-2.209145316E-1,-3.679149950E-1,4.684391839E-1
2.938849558E1,-1.753680839E-1,-4.643618935E-1,7.520513356E-1,9.010921953E-1
2.939846658E1,9.807461724E-2,-5.231895608E-1,2.470600641E-1,5.868429281E-1
2.940843658E1,-1.747093219E-1,4.683315682E-1,2.078626692E-1,5.413544996E-1
2.941840758E1,-1.198603195E-1,2.331305346E-1,2.610740858E-1,3.699675940E-1
2.942837858E1,-1.491303847E-1,-8.713813126E-2,-1.500255203E-1,2.287806423E-1
2.943834858E1,9.753484614E-2,-8.809847796E-1,-6.628655094E-1,1.106814308E0
2.944831958E1,-4.373800631E-1,-1.193839761E0,-1.274412346E-1,1.277809048E0
2.945829058E1,-4.872675569E-1,-5.613107756E-1,1.084828073E-1,7.511777275E-1
2.946826158E1,-5.781273678E-1,-6.314753169E-1,5.574437195E-1,1.021633902E0
2.947823158E1,-5.279266825E-1,-5.078528988E-1,1.432842654E-1,7.464258367E-1
2.948820258E1,-4.530235577E-1,-2.837089500E-1,-2.468922490E-1,5.887927434E-1
2.949817358E1,-2.818097012E-1,-5.171414933E-1,-2.123474836E-2,5.893241437E-1
2.950814458E1,-3.321557629E-1,-4.271022660E-1,-5.332426786E-2,5.436793853E-1
2.951811458E1,-1.324657470E-1,-4.017709583E-2,-1.497144485E-1,2.039014204E-1
2.952808558E1,-1.953415147E-1,3.868035480E-1,2.677358186E-1,5.093699645E-1
2.953805658E1,-9.712883011E-2,-8.504687458E-2,-9.840220749E-2,1.623267537E-1
2.954802758E1,6.096151357E-1,-1.433246112E-1,-2.940985751E-1,6.918573045E-1
2.955799758E1,1.260748572E0,6.110913384E-1,-9.524050105E-1,1.694105927E0
2.956796858E1,1.907813005E0,6.872147772E-1,4.306953800E-1,2.073044409E0
2.957793958E1,2.082685537E0,1.615976279E0,4.165041876E-1,2.668788886E0
2.958791058E1,1.830706210E0,2.071777264E0,-2.559735596E-2,2.764851078E0
2.959788058E1,1.942625134E0,2.255019062E0,-3.303939968E-1,2.994672532E0
2.960785158E1,2.161592543E0,1.546269574E0,-8.205339253E-2,2.658978127E0
2.961782258E1,1.318893577E0,7.353239134E-1,-1.367450902E0,2.037180281E0
2.962779358E1,7.631454771E-1,7.047967699E-1,-1.112272564E0,1.521932904E0
2.963776358E1,2.564790514E-1,4.246949673E-1,-5.558439213E-1,7.450568998E-1
2.964773458E1,-3.826714669E-1,2.272137371E-1,1.210005265E-1,4.611991558E-1
2.965770558E1,-7.431226373E-3,-4.691039854E-1,9.058442169E-1,1.020131128E0
2.966767658E1,2.663661814E-1,-2.360108730E-1,1.261907490E0,1.311130272E0
2.967764658E1,3.866494739E-1,-1.295973954E0,1.152413115E0,1.776823652E0
2.968761758E1,5.908163374E-1,-1.304474636E0,1.046034136E0,1.773388123E0
2.969758858E1,8.016960968E-1,-1.140822472E0,7.157623458E-1,1.567325199E0
2.970755958E1,8.195372674E-1,-9.421381769E-1,3.272166198E-1,1.290866528E0
2.971752958E1,6.255784730E-1,-4.761729768E-1,2.661184788E-1,8.300049243E-1
2.972750058E1,8.661471775E-1,-8.307153895E-1,1.565001422E-1,1.210285622E0
2.973747158E1,-4.808092341E-3,-9.385973954E-1,-4.662043512E-2,9.397668080E-1
2.974744258E1,-3.900706798E-2,-9.745788217E-2,-5.380373955E-1,5.481822955E-1
2.975741258E1,-4.648081823E-1,-4.215786937E-1,1.075624555E0,1.245288491E0
2.976738358E1,-4.998696953E-1,3.157233328E-1,1.674065443E0,1.775400248E0
2.977735458E1,-1.782406016E-1,9.272497040E-1,1.088840432E0,1.441226982E0
2.978732558E1,-7.774115869E-1,1.320388418E0,-4.360987920E-1,1.593102792E0
2.979729558E1,-1.934803460E-1,8.589881390E-1,-1.091522550E0,1.402396786E0
2.980726658E1,-4.679307416E-2,-7.664325625E-2,-1.035368230E0,1.039255095E0
2.981723758E1,-1.708671165E-1,-4.801698411E-1,-1.772826669E0,1.844633581E0
2.982720858E1,-1.478075252E-1,-6.717524001E-1,-1.292753892E0,1.464346604E0
2.983717858E1,-2.132959020E-1,-1.079560024E0,1.155090555E0,1.595361770E0
2.984714958E1,-3.794849537E-1,-9.874628690E-1,1.691385480E0,1.994962804E0
2.985712058E1,-2.851266074E-1,-3.012634608E-1,1.021384029E0,1.102398381E0
2.986709158E1,-3.417315287E-1,4.932857305E-2,1.168259654E0,1.218213596E0
2.987706158E1,4.849651426E-1,-1.343795407E-1,6.805884200E-1,8.464334870E-1
2.988703258E1,7.293912553E-1,-5.607894963E-1,-9.891851664E-2,9.253547079E-1
2.989700358E1,5.350189166E-1,-1.019204772E0,-3.870926929E-1,1.214439937E0
2.990697458E1,4.242768914E-2,-8.532069969E-1,-6.081788403E-1,1.048639018E0
2.991694458E1,3.296801980E-1,-1.124463424E-1,-7.768569785E-1,8.513753449E-1
2.992691558E1,-1.103513581E-1,-4.177712792E-1,-5.090498239E-1,6.677140010E-1
2.993688658E1,-4.341849983E-2,-1.836227444E-1,4.453496718E-1,4.836722119E-1
2.994685758E1,1.537719776E-1,-4.301153362E-2,1.155263633E-1,1.970841285E-1
2.995682758E1,5.793834959E-1,1.241586954E0,-3.808975679E-1,1.422078183E0
2.996679858E1,7.278667400E-1,8.805210954E-1,-2.473845845E-1,1.168891151E0
2.997676958E1,9.478980497E-1,-3.572081584E-1,-2.096928477E-1,1.034446457E0
2.998674058E1,5.387019315E-1,3.254949072E-1,-2.031650162E-1,6.613794141E-1
2.999671058E1,5.904637503E-1,-2.989649203E-1,-2.677597922E-1,7.139487169E-1