"Time (s)","Linear Acceleration x (m/s^2)","Linear Acceleration y (m/s^2)","Linear Acceleration z (m/s^2)","Absolute acceleration (m/s^2)"
6.550000049E-3,-1.094154820E0,-5.616583925E-1,1.949193896E0,2.304775860E0
1.652000000E-2,-9.130367307E-1,5.336709872E-1,1.461861216E0,1.804294601E0
2.649000002E-2,-1.311369088E0,4.236594254E-1,-1.748962428E0,2.226666964E0
3.646000003E-2,-9.646546349E-1,-2.560855923E0,-1.070732190E0,2.938538590E0
4.643000005E-2,8.603848927E-2,-1.740884792E0,2.394345347E0,2.961582706E0
5.640000000E-2,-5.399118666E-1,1.549564773E0,-1.160350710E-1,1.645028859E0
6.637000002E-2,7.642420493E-2,-1.696478990E-1,-1.687276057E0,1.697504510E0
7.634000003E-2,1.002709411E0,-2.169082534E0,-1.154895843E0,2.654077920E0
8.631000004E-2,7.706209961E-2,-1.393187130E0,-1.427276105E-1,1.402597632E0
9.628000000E-2,-1.947063244E-1,1.501111528E0,-5.399348170E-1,1.607101733E0
1.062500000E-1,-4.952702024E-1,1.226608434E0,8.781816244E-1,1.587785814E0
1.162200000E-1,3.401795680E-1,-3.224853453E-1,2.351030343E0,2.397303195E0
1.261900000E-1,8.737121589E-1,-1.417393433E0,1.058320890E0,1.972921739E0
1.361600000E-1,-5.813338712E-1,-5.227118433E-2,-1.454108977E0,1.566880424E0
1.461300000E-1,-3.143337420E-1,2.051451758E-1,-2.308369642E-1,4.406540009E-1
1.561010000E-1,-8.722722821E-2,-1.192277969E0,1.854788845E0,2.206666492E0
1.660710000E-1,-6.891262320E-1,-1.862200776E0,4.837945300E-1,2.043708355E0
1.760410000E-1,-5.044170018E-1,-9.025747463E-1,-1.029878279E0,1.459358405E0
1.860110000E-1,7.038249627E-2,-2.795288632E0,2.180530797E0,3.545885896E0
1.959810000E-1,1.579800579E0,2.081037207E0,7.861803639E-1,2.728473069E0
2.059510000E-1,4.769421780E-1,3.733117411E0,-2.089863871E0,4.304784599E0
2.159210000E-1,-1.512251936E0,-3.512802511E-2,-5.947203040E-3,1.512671565E0
2.258908750E-1,4.197727080E-1,-1.824360520E0,1.763783365E0,2.572048248E0
2.358608751E-1,9.610346968E-1,7.202749345E-1,-1.172620507E0,1.678517955E0
2.458308750E-1,6.332115014E-1,1.221401489E0,-8.600154948E-1,1.622468814E0
2.558008750E-1,-3.792036295E-1,-1.596470844E0,2.567324697E0,3.046911658E0
2.657708750E-1,-4.997559670E-1,-1.124211409E0,1.799063711E0,2.179503970E0
2.757408750E-1,8.532118209E-1,-9.607589275E-2,8.635986686E-1,1.217786372E0
2.857108750E-1,9.627360173E-2,4.470129123E-1,-1.835072619E-1,4.927109349E-1
2.956808750E-1,-1.703076842E-1,-5.304930255E-1,-1.752311128E-1,5.840663492E-1
3.056518750E-1,1.071062996E-1,-2.514098955E0,-1.975066656E0,3.198914443E0
3.156218750E-1,8.288432573E-1,-2.211148865E0,-1.697971784E0,2.908482186E0
3.255918750E-1,7.996647741E-1,1.307443267E-1,-2.664196104E0,2.784690056E0
3.355618750E-1,3.983300181E-1,1.706907206E0,-2.882104290E-1,1.776306355E0
3.455318750E-1,9.926943728E-1,1.459260374E0,-1.141499287E-1,1.768590728E0
3.555018750E-1,8.054926939E-2,-1.502564561E0,-1.086299232E0,1.855864884E0
3.654718750E-1,1.701624247E0,-2.967325411E0,-5.072693467E-2,3.420982081E0
3.754418750E-1,1.338824689E0,-2.981085371E0,2.486693932E0,4.106454462E0
3.854118750E-1,1.260709250E0,-1.387009546E0,1.400840843E0,2.339986829E0
3.953818750E-1,1.599620155E0,-1.162386418E0,-7.527588487E-2,1.978785811E0
4.053518750E-1,-7.772476456E-1,-2.638630030E0,1.281717272E0,3.034679803E0
4.153218750E-1,3.537558161E-2,-3.425874003E0,3.880062618E0,5.176171369E0
4.252918750E-1,-9.903546095E-1,-2.815356276E0,3.252620126E0,4.414359625E0
4.352628750E-1,-1.022815281E0,-3.222272784E0,2.066368589E0,3.962205465E0
4.452328750E-1,-1.610537345E-1,-4.000595368E0,2.186676221E0,4.562044990E0
4.552028750E-1,-1.487204803E0,-3.635300802E0,1.501933939E0,4.205115409E0
4.651728750E-1,-6.029458015E-1,-2.617314591E0,4.321144992E-1,2.720404794E0
4.751428750E-1,-1.065746342E0,-2.698734437E0,-1.057662494E0,3.088305811E0
4.851128750E-1,-3.158315793E-1,-4.433165365E0,1.925898589E0,4.843737205E0
4.950828750E-1,7.810453391E-1,-3.496506614E0,2.882362736E0,4.598217618E0
5.050528750E-1,5.502370993E-1,-9.962793007E-1,-2.341295314E-1,1.161959529E0
5.150228750E-1,1.041431792E0,-1.083693713E-1,-1.713727106E0,2.008279038E0
5.249928750E-1,4.511787611E-1,1.018786111E0,5.159764355E-1,1.227892135E0
5.349628750E-1,8.386050376E-1,-9.386678544E-1,1.553689983E0,1.999577034E0
5.449328750E-1,2.259821088E0,-2.060983304E0,7.558982188E-1,3.150527836E0
5.549038750E-1,1.828753825E0,-2.202156140E0,1.898778033E-1,2.868777753E0
5.648738750E-1,2.228234721E0,4.625331768E-1,-2.806322621E0,3.613089200E0
5.748438750E-1,1.521902473E0,3.149101020E0,-3.103143075E0,4.675737515E0
5.848138750E-1,1.312582677E0,2.800805480E0,2.102157058E0,3.739846109E0
5.947838750E-1,1.651618859E0,3.659099847E-1,2.322452077E0,2.873241831E0
6.047538750E-1,7.293906706E-1,-9.743788469E-1,-5.881392628E-1,1.351788697E0
6.147238750E-1,1.349704018E0,6.142260307E-1,-1.140878897E0,1.870983488E0
6.246938750E-1,1.122234612E0,3.762758117E0,1.675093968E0,4.268922460E0
6.346638750E-1,-2.035693511E-2,3.914214158E0,1.707845392E0,4.270623229E0
6.446338750E-1,-3.265554459E-1,1.826058551E0,-1.614322686E0,2.459098621E0
6.546038750E-1,-3.039467846E-1,-1.316293028E-1,-3.510401060E0,3.525992842E0
6.645738750E-1,-6.610368658E-2,1.117803445E-1,-2.910865574E0,2.913760960E0
6.745448750E-1,-5.313789152E-1,1.753519455E0,-1.142159438E0,2.159102178E0
6.845148750E-1,-2.114605926E0,3.142171192E0,-4.112370157E-1,3.809713100E0
6.944848750E-1,-2.297804016E0,2.539065689E0,7.925894970E-1,3.514961732E0
7.044548750E-1,-2.189860030E0,1.495998138E0,1.288978930E0,2.948722445E0
7.144248750E-1,-1.457222473E0,1.745010587E0,4.056657887E-1,2.309355758E0
7.243948750E-1,-6.939423642E-1,2.376603141E0,-8.351472867E-1,2.612904415E0
7.343648750E-1,-3.212328717E-1,3.182817235E0,-1.699137719E0,3.622234821E0
7.443348750E-1,4.698628809E-1,2.791197628E0,-2.620671769E0,3.857392364E0
7.543048750E-1,7.606344634E-1,1.311980999E0,-6.765380538E-1,1.660591059E0
7.642748751E-1,-2.762905875E-1,2.025000416E0,-2.099057449E0,2.929676662E0
7.742448750E-1,4.780468998E-1,3.443039382E0,-2.807289165E0,4.468100433E0
7.842158750E-1,3.134542111E-1,2.906273463E0,-1.270487110E0,3.187289833E0
7.941858750E-1,-7.869214254E-1,4.465882875E0,-6.806737894E-1,4.585484925E0
8.041558750E-1,2.407770116E-2,5.085298895E0,-1.652378705E0,5.347073963E0
8.141258750E-1,1.777361477E0,2.617506672E0,-3.512382097E0,4.727280718E0
8.240958750E-1,2.870133870E0,2.734867599E0,-1.765273236E0,4.339741791E0
8.340658750E-1,9.572841465E-1,4.218187219E0,-3.359140023E0,5.476615565E0
8.440358750E-1,1.924021340E0,3.982731247E0,-1.680531294E0,4.731616186E0
8.540058750E-1,3.018758397E0,2.826244377E0,-3.785317844E-1,4.152570993E0
8.639758750E-1,1.769358393E0,3.468750758E0,-1.042173219E0,4.031003097E0
8.739458750E-1,-1.803278384E-1,4.928806939E0,-3.715603246E0,6.175059793E0
8.839158750E-1,9.918798557E-1,3.751880249E0,-3.297556563E0,5.092574039E0
8.938868750E-1,1.361215139E0,1.995117051E0,-4.126751384E0,4.781576695E0
9.038568750E-1,4.810770366E-1,3.282961913E0,-1.297586616E0,3.562724387E0
9.138268750E-1,1.348447452E0,3.629624910E0,-4.399772501E-1,3.896930523E0
9.237968750E-1,1.232385191E0,1.691325546E0,-1.435532373E0,2.537736897E0
9.337668750E-1,1.899857137E0,1.175073707E0,-8.054913783E-1,2.374672971E0
9.437368750E-1,1.524939224E0,2.322682457E0,1.895073237E0,3.363271623E0
9.537068750E-1,5.354578963E-1,2.176350330E0,2.026092383E0,3.021302081E0
9.636768750E-1,4.089989208E-1,5.000921819E-1,8.630186248E-1,1.078041490E0
9.736468750E-1,-3.120303775E-1,-1.605309496E0,1.375631742E0,2.136994203E0
9.836168750E-1,1.356815694E-1,-5.628532711E-1,1.347914186E0,1.466998959E0
9.935868750E-1,-2.572845785E-1,2.105631473E0,5.781492949E-1,2.198666837E0
1.003556875E0,-5.416049279E-2,4.686277297E-1,1.122405789E0,1.217513886E0
1.013527875E0,-1.862235859E-2,-1.612549226E0,1.302455592E0,2.072933276E0
1.023497875E0,1.130329497E0,-2.153398547E0,3.856294856E0,4.559142473E0
1.033467875E0,1.466161697E0,-2.257931268E0,3.298852891E0,4.257970658E0
1.043437875E0,1.054302026E0,-3.227377111E0,1.179952916E0,3.594412979E0
1.053407875E0,1.244626045E0,-2.823192130E0,-1.263530093E0,3.334068999E0
1.063377875E0,3.270569178E-1,-1.716686090E0,-6.406519371E-1,1.861293170E0
1.073347875E0,6.278763556E-1,-5.481501549E-1,-3.722454429E-2,8.343158737E-1
1.083317875E0,1.573271578E0,2.166633135E-1,-1.351773348E0,2.085525745E0
1.093287875E0,1.129273198E0,-2.222195132E0,8.265349227E-1,2.626131973E0
1.103257875E0,8.774887294E-1,-3.848531215E0,3.984758184E0,5.608874822E0
1.113228875E0,1.933582123E0,-1.196121929E0,1.693172389E-1,2.279937679E0
1.123198875E0,9.110771826E-1,-7.425531185E-1,-1.217750487E0,1.692442914E0
1.133168875E0,6.445118304E-1,-3.096257978E0,4.964680776E0,5.886447500E0
1.143138875E0,1.206950095E-1,-2.144272798E0,2.541753654E0,3.327609465E0
1.153108875E0,7.001777619E-1,1.206698665E0,-2.841628693E0,3.165631722E0
1.163078875E0,1.360541248E0,-6.161497647E-1,-1.390070271E-1,1.500011991E0
1.173048875E0,5.666602470E-1,-1.432131633E0,-9.341271991E-1,1.801304658E0
1.183018875E0,1.650107354E0,-1.577627900E0,-1.285401603E0,2.619927737E0
1.192988875E0,2.713439892E-1,-4.609558904E-1,1.337421942E-1,5.513572960E-1
1.202958875E0,5.385848410E-1,-2.191928190E-1,5.793228310E-1,8.208130515E-1
1.212928875E0,1.699900342E-1,-1.241669400E0,-6.584017450E-1,1.415673821E0
1.222899458E0,1.560825341E0,-1.269009519E0,5.384806144E-1,2.082431818E0
1.232869458E0,2.479616755E0,-1.714392812E0,8.570281523E-1,3.134029231E0
1.242839458E0,1.662329058E0,-2.604678173E0,-1.517472914E0,3.442442494E0
1.252809458E0,1.372671881E0,-1.201563640E0,-9.715651667E-1,2.066862876E0
1.262779458E0,7.261683431E-1,4.671679723E-1,7.133965623E-1,1.120045103E0
1.272749458E0,1.905738851E0,-2.083333701E-2,3.150545867E0,3.682147995E0
1.282719458E0,2.015276204E0,7.316065460E-2,3.113923586E0,3.709880154E0
1.292689458E0,1.567181849E0,-1.336856516E0,2.684530381E0,3.383777129E0
1.302659458E0,1.364337552E0,-1.772562960E0,2.389378722E0,3.272999707E0
1.312629458E0,1.975624919E0,-2.091746382E0,3.001903213E0,4.158114915E0
1.322599458E0,1.467437705E0,-2.648527612E0,1.068167601E0,3.210771552E0
1.332570458E0,1.195681122E0,-1.761865771E0,-2.154064545E0,3.028831195E0
1.342540458E0,4.400316292E-1,-2.305579351E0,-1.883995687E0,3.009778020E0
1.352510458E0,1.425238496E0,-1.116864675E0,6.319337386E-1,1.917819523E0
1.362480458E0,2.086380100E0,-1.026996186E-1,2.310623744E0,3.114885427E0
1.372450458E0,1.056941678E0,-4.870730639E-3,2.312117708E-1,1.081946541E0
1.382420458E0,1.601715505E0,9.690116876E-1,-9.820498091E-1,2.113976830E0
1.392390458E0,9.613599481E-1,6.513611126E-1,9.154377437E-1,1.478685400E0
1.402360458E0,9.007735115E-1,-5.302509508E-1,8.874430293E-1,1.371172535E0
1.412330458E0,1.022590236E0,-1.471686292E0,-1.432958429E0,2.294541608E0
1.422300458E0,-1.709068045E-3,-6.646316609E-1,-3.108344173E0,3.178606874E0
1.432270458E0,-6.614786229E-1,1.307507294E0,-2.994590685E0,3.333872023E0
1.442241458E0,-1.189503904E0,2.082125081E0,-7.596837062E-1,2.515409256E0
1.452211458E0,-6.863214688E-1,2.732362067E0,5.674278402E-1,2.873815230E0
1.462181458E0,-1.035986280E-1,2.278202103E0,1.235265237E-1,2.283899363E0
1.472151458E0,-5.706397158E-1,1.319664240E0,-5.370357674E-1,1.534780378E0
1.482121458E0,8.759414099E-2,8.057536259E-1,-6.644273007E-1,1.048034006E0
1.492091458E0,1.255633720E0,3.289219895E0,-1.057000589E0,3.675980659E0
1.502061458E0,1.156788513E0,4.895911380E0,-2.865877097E0,5.789763332E0
1.512031458E0,5.884301618E-1,3.716152592E0,-2.132177247E0,4.324606335E0
1.522001458E0,1.230076710E0,2.931922275E0,-3.135855907E-1,3.194932372E0
1.531971458E0,8.316151299E-1,2.500032893E0,-1.217502565E0,2.902423244E0
1.541942458E0,6.506737724E-1,2.341415766E0,-5.371366319E0,5.895522053E0
1.551912458E0,-1.865254484E-1,1.903681216E0,-2.802635951E0,3.393164038E0
1.561882458E0,-8.922704905E-3,3.336290566E0,-1.141548988E0,3.526194613E0
1.571852458E0,6.403065860E-1,4.193802575E0,-2.250441862E0,4.802339132E0
1.581822458E0,-5.120323424E-1,4.632026246E0,-3.724418508E0,5.965663206E0
1.591792458E0,5.045421322E-1,2.269394149E0,-2.231732526E0,3.222629770E0
1.601762458E0,-6.655534744E-2,2.636924398E0,-1.798195984E0,3.192382917E0
1.611732458E0,1.350607121E0,4.734379709E0,-1.250245804E0,5.079528068E0
1.621702458E0,-6.546203506E-1,2.152305410E0,-1.828892112E-2,2.249729065E0
1.631672458E0,-8.401207821E-1,1.774946285E0,5.418503648E-1,2.037115377E0
1.641642458E0,-3.191120866E-1,1.533570299E0,2.910141689E0,3.304934952E0
1.651613458E0,-2.261838231E0,4.979415759E-1,9.251868063E-1,2.493958425E0
1.661583458E0,-2.401034854E0,-4.300656348E-2,-1.665403377E0,2.922393941E0
1.671553458E0,-2.888917465E0,4.266368276E-1,9.711734033E-1,3.077505627E0
1.681523458E0,-3.829309956E0,8.852368748E-1,-1.220744262E0,4.115516446E0
1.691493458E0,-3.492246040E0,1.717528381E0,-9.695759439E-1,4.010706129E0
1.701463458E0,-1.632971065E0,1.005241328E0,2.537008638E0,3.180175696E0
1.711433458E0,-1.124785898E0,-3.005039075E-1,-5.127306461E-2,1.165364682E0
1.721403458E0,-6.716146982E-1,-1.345195815E0,-4.809744179E-2,1.504304307E0
1.731373458E0,3.034909576E-1,-1.987015441E0,3.378297840E0,3.931060089E0
1.741343458E0,1.521459546E0,-6.331283247E-1,-1.482011890E-1,1.654585815E0
1.751313458E0,5.631631735E-1,-1.237856723E0,-2.246860442E0,2.626370856E0
1.761284458E0,8.070400134E-2,-2.605250323E0,1.524752113E0,3.019720415E0
1.771254458E0,3.549159037E-1,-1.486631191E-1,1.843724744E0,1.883450810E0
1.781224458E0,5.653905241E-1,1.637078588E0,1.502465451E0,2.292835619E0
1.791194458E0,1.160860295E0,-7.772306156E-1,1.785612191E0,2.267177750E0
1.801164458E0,3.187646158E-1,-3.091707675E0,-2.133180045E0,3.769711439E0
1.811134458E0,3.793074176E-2,-3.305856393E0,3.694252723E0,4.957582921E0
1.821104458E0,2.457231567E0,-1.815856914E0,4.209796464E0,5.201702565E0
1.831074458E0,2.511887830E0,-1.824079853E0,5.000111979E-1,3.144337606E0
1.841044458E0,3.547140285E-1,-3.298411134E0,1.544415715E0,3.659311130E0
1.851014458E0,1.588286643E0,-2.723163812E0,2.307848656E0,3.906973384E0
1.860985458E0,2.592182381E0,-2.572463230E0,2.840400193E0,4.626537563E0
1.870955458E0,2.705022533E0,-2.329051829E0,-4.500309527E-1,3.597798936E0
1.880925458E0,3.227985514E0,-2.998872017E0,-3.078414030E0,5.374919236E0
1.890895458E0,2.791554600E0,-3.745955558E0,5.387954285E0,7.131269979E0
1.900865458E0,1.960497002E0,-5.834015563E-1,3.715800297E0,4.241589056E0
1.910835458E0,2.726473336E0,-7.666813615E-1,-2.947979021E-1,2.847518738E0
1.920805458E0,1.969245314E0,-4.146175835E0,9.970005548E-1,4.697096046E0
1.930775458E0,4.635736889E-1,-2.090980690E0,2.264548270E0,3.116934339E0
1.940745458E0,-2.845986038E-1,8.689067709E-1,1.761734501E0,1.984868710E0
1.950715458E0,-2.186335328E-1,-2.397986993E-1,2.977349585E-1,4.403977105E-1
1.960685458E0,-9.622265786E-2,-3.911839896E-1,9.335804844E-1,1.016787212E0
1.970656458E0,-4.065922800E-1,-3.420024741E-1,3.620901157E0,3.659673231E0
1.980626458E0,-5.049199355E-1,-1.291223091E0,4.329158016E0,4.545746401E0
1.990596458E0,9.197246298E-2,-9.655665082E-1,2.993542280E0,3.146755948E0
2.000566458E0,1.482422365E0,-2.400525854E0,1.109906196E0,3.031829845E0
2.010536458E0,1.006533855E-1,-1.590461076E0,5.631962103E-1,1.690232975E0
2.020506458E0,-8.227017805E-2,9.877631235E-1,1.011993400E0,1.416536273E0
2.030476458E0,-9.630098131E-1,1.885878198E0,-8.667415470E-1,2.288048380E0
2.040446458E0,-1.216563941E0,-3.578531063E-1,-2.053263810E0,2.413292137E0
2.050416458E0,-1.544385017E0,-3.336000252E-1,-2.511263348E0,2.966961014E0
2.060386458E0,-1.204604631E0,1.232277602E0,1.099323905E0,2.044038516E0
2.070357458E0,-1.904252781E0,2.679580128E-1,1.520638597E-1,1.929016218E0
2.080327458E0,-2.042334487E-1,-1.738567248E0,-1.641274257E0,2.399605919E0
2.090297458E0,2.578051999E-1,-6.803811362E-1,-1.033721069E0,1.264104925E0
2.100267458E0,4.047350581E-1,3.281427019E0,-1.864527383E0,3.795791895E0
2.110237458E0,3.843314914E-1,2.792618794E0,-1.648034223E0,3.265340292E0
2.120207458E0,-4.049196839E-5,4.785194644E-1,-3.742829052E0,3.773294342E0
2.130177458E0,-3.739035670E-1,1.658574122E0,-1.369255353E0,2.183009899E0
2.140147458E0,-5.856588739E-1,1.768358812E0,6.198224008E-2,1.863848439E0
2.150117458E0,7.996250130E-1,1.568535187E0,-3.753655756E0,4.146038390E0
2.160087458E0,1.453485372E0,9.600610623E-1,-1.791251830E0,2.498583617E0
2.170058458E0,7.738849119E-1,1.489788395E0,-1.904063916E-1,1.689562639E0
2.180028458E0,1.381600141E0,5.089293712E0,-3.382159342E0,6.264880785E0
2.189998458E0,1.596004529E0,5.241440018E0,-6.415681958E-1,5.516478375E0
2.199968458E0,5.874629592E-1,1.776011940E0,2.202552581E-1,1.883572010E0
2.209938458E0,1.296357092E0,2.071275865E0,1.723896584E0,2.990408810E0
2.219908458E0,8.850371924E-1,1.062073633E0,4.678520381E0,4.878508398E0
2.229879500E0,1.730356003E0,8.968488604E-1,-3.428836495E-1,1.978898424E0
2.239849500E0,1.978288472E0,7.526509675E-1,-3.898425799E0,4.435970296E0
2.249819500E0,1.219147533E0,4.198823580E0,-2.512949685E0,5.042951148E0
2.259789500E0,1.207002940E0,9.135786799E0,-4.885290790E0,1.043002985E1
2.269760500E0,6.665839000E-1,7.265901613E0,-6.246656495E0,9.605122472E0
2.279730500E0,1.370558405E0,2.659335606E0,3.980135375E-1,3.018097245E0
2.289700500E0,1.002019951E0,5.652632010E-1,3.658855433E0,3.835464711E0
2.299670500E0,1.398347298E0,2.372864724E0,2.739308851E0,3.884543106E0
2.309640500E0,2.781359103E0,3.384858124E0,2.919047583E0,5.264414665E0
2.319610500E0,2.668808095E0,2.681763771E0,-3.594026184E0,5.218373097E0
2.329580500E0,2.741184931E0,3.042859158E0,-2.813542178E0,4.968813366E0
2.339550500E0,9.781366331E-1,4.125602406E0,-9.905721259E-1,4.354145108E0
2.349520500E0,1.839572051E0,3.378128563E0,-2.845885466E0,4.784855485E0
2.359491500E0,1.061237043E0,2.766095531E-1,-2.541363645E-1,1.125754057E0
2.369461500E0,1.065602647E0,-2.112867987E0,4.090457132E0,4.725627967E0
2.379431500E0,1.033416575E0,-6.801861316E-2,5.278550541E-1,1.162414430E0
2.389401500E0,1.119023102E0,2.325431818E-1,-3.318639868E-1,1.190135597E0
2.399371500E0,-7.568442982E-1,-5.361355886E-1,-2.517226338E-2,9.278406673E-1
2.409341500E0,-5.500633639E-1,-3.161057407E-1,-1.001935020E0,1.185903170E0
2.419311500E0,-2.840431184E-1,2.528195715E-1,-4.121287161E-1,5.607569059E-1
2.429281500E0,1.034745136E0,7.746098936E-1,-2.352395083E0,2.684116356E0
2.439251500E0,1.397674868E0,-4.008377427E-1,-2.416399875E0,2.820133736E0
2.449222500E0,2.548835509E0,-1.377434731E0,-4.857691348E-2,2.897628100E0
2.459192500E0,1.358216980E0,-1.568210374E0,-1.589541017E0,2.613556539E0
2.469162500E0,1.187781168E0,-3.269607165E0,-8.538192004E-1,3.581921599E0
2.479132500E0,1.150894374E0,-4.478226640E0,1.121264412E0,4.757762665E0
2.489102500E0,-6.794596151E-2,-1.531950036E0,-7.103326213E-1,1.689988165E0
2.499072500E0,4.126783544E-1,2.236869012E0,2.014893211E0,3.038697263E0
2.509042500E0,3.827789095E-1,4.507931373E-1,1.467434782E0,1.582118512E0
2.519012500E0,1.430337561E0,1.239636031E-1,-1.217386791E0,1.882355734E0
2.528982500E0,1.351585945E0,-9.450322562E-1,1.602579723E0,2.299593942E0
2.538953500E0,1.368542724E0,4.126157892E-1,6.665007234E-1,1.577144315E0
2.548923500E0,2.127991080E0,-2.308255329E0,6.945790529E-2,3.140256853E0
2.558893500E0,6.243177402E-1,-5.860877087E0,-5.566373885E-1,5.920261654E0
2.568863500E0,1.514898678E0,-1.043710160E0,1.525427467E-1,1.845946422E0
2.578833500E0,1.055562758E0,4.061286250E0,-1.198440058E0,4.364002442E0
2.588803500E0,2.536002333E0,5.483200166E0,-1.693762373E0,6.274202966E0
2.598773500E0,7.178695361E-1,-1.102170622E0,-1.316532179E0,1.861014167E0
2.608743500E0,3.412278642E-1,-7.641510374E0,4.527844065E-1,7.662514664E0
2.618713500E0,5.415408278E-1,-5.519820693E0,6.894633240E-1,5.589011238E0
2.628684500E0,-2.181640014E-1,-1.189536795E0,2.162953482E0,2.478096262E0
2.638654500E0,9.845769757E-1,4.689159974E-1,1.408372641E0,1.781232026E0
2.648624500E0,1.313975923E0,1.278279987E0,-4.454689550E-1,1.886524593E0
2.658594500E0,2.475250931E0,1.515579001E0,1.564876292E0,3.297375425E0
2.668564500E0,4.112679767E0,2.650887841E-1,-2.771414158E0,4.966401451E0
2.678534500E0,4.923851423E0,-2.139557895E0,-6.335458159E-2,5.368988231E0
2.688504500E0,3.562310302E0,-3.316477861E0,4.308856484E0,6.500409547E0
2.698474500E0,1.889702277E0,-3.237169736E0,5.327562488E0,6.514074351E0
2.708445500E0,1.167267966E-1,-6.634025761E-1,3.885302893E0,3.943260921E0
2.718415500E0,1.315513302E0,8.765327096E-2,1.113868854E0,1.725967024E0
2.728385500E0,2.094376168E0,-2.136715564E0,-1.690647562E0,3.436605027E0
2.738355500E0,3.322447137E-1,-1.520123750E0,-1.864269521E0,2.428304678E0
2.748325500E0,6.856808332E-1,-2.265255198E-1,-8.747083783E-1,1.134278080E0
2.758295500E0,-1.365102661E0,-2.923967722E0,2.882970262E0,4.327194247E0
2.768265500E0,-1.994893979E0,-2.850151010E0,3.032034500E0,4.614780166E0
2.778235500E0,-1.122434367E0,1.034884080E-1,1.612200147E-1,1.138666172E0
2.788206500E0,-1.144432543E0,-9.865691221E-1,-1.129562196E0,1.886519343E0
2.798176500E0,-1.651276066E0,-9.387380210E-1,-6.859193265E-1,2.019511585E0
2.808146500E0,-2.098918431E0,-1.580598578E0,-2.601543188E-2,2.627627684E0
2.818116500E0,-2.574008065E0,-1.734130673E0,-1.660836702E0,3.520100178E0
2.828086500E0,-2.271775428E0,-1.429626685E0,6.362577546E-1,2.758553966E0
2.838056500E0,-1.022783925E0,-2.224640438E-1,1.235510235E0,1.619278466E0
2.848026500E0,2.487456702E-2,-7.686866641E-1,2.436236554E-1,8.067530088E-1
2.857996500E0,9.421530873E-1,-1.557052132E0,2.455461615E0,3.056363121E0
2.867966500E0,4.551132064E-1,-1.183958551E0,3.646779764E-1,1.319801465E0
2.877937500E0,1.251796193E0,-1.233425995E0,-1.725754244E0,2.463038998E0
2.887907500E0,2.669446173E-1,-9.207727432E-2,-1.954887330E0,1.975176480E0
2.897877500E0,1.670250573E-1,-4.271051896E-1,1.511880053E0,1.579904271E0
2.907847500E0,2.459575716E-1,-6.347102889E-1,1.814038430E0,1.937546826E0
2.917817500E0,6.962717488E-1,8.631203663E-1,-8.841633260E-2,1.112469578E0
2.927787500E0,-4.711687104E-1,1.481763384E-1,7.965819758E-1,9.372827882E-1
2.937757500E0,-4.119079106E-1,-9.979823023E-2,9.520179248E-1,1.042096897E0
2.947727500E0,-4.668007672E-1,1.813780860E0,-2.896683737E0,3.449417434E0
2.957698500E0,-8.848739089E-1,-1.867074138E0,1.496065673E0,2.550917515E0
2.967668500E0,-1.645779391E0,-2.557582067E0,2.681019128E0,4.054340809E0
2.977638500E0,-4.213407851E-1,1.173836144E0,-2.689290015E0,2.964405527E0
2.987608500E0,5.093547562E-1,2.395849836E-1,-9.087877053E-1,1.068989394E0
2.997578500E0,-8.380485289E-1,-2.251840223E0,2.008425021E-1,2.411109172E0
3.007548500E0,-1.444961008E-1,7.986016041E-1,-1.207873371E0,1.455198174E0
3.017518500E0,-8.377924208E-1,3.267317103E0,1.865736002E0,3.854637210E0
3.027488500E0,-1.099351972E0,-1.478902926E0,3.296646152E0,3.776718744E0
3.037458500E0,8.952752285E-2,-4.189214265E-1,2.228175080E-1,4.828643503E-1
3.047429500E0,-4.385437686E-1,8.600128636E-1,-1.109333754E0,1.470565925E0
3.057399500E0,-5.330341523E-1,-1.970254397E-1,-2.009815489E0,2.088612633E0
3.067369500E0,-1.570537274E0,2.388363061E0,-3.372604991E0,4.421010050E0
3.077339500E0,-1.853879896E0,2.427527127E-1,-2.691575106E0,3.277251303E0
3.087309500E0,-1.336224140E0,-1.511337723E0,-2.393461248E0,3.130222582E0
3.097279500E0,-1.556214373E0,-5.739404690E-1,-7.013817036E-1,1.800873991E0
3.107249500E0,-1.566255942E0,-1.357418835E0,4.246642109E0,4.725432549E0
3.117219500E0,-8.058473276E-1,5.522513920E-1,2.077529170E0,2.295756731E0
3.127190500E0,-9.409627403E-1,1.902396583E0,6.401531696E-3,2.122395961E0
3.137160500E0,-3.152183526E-1,1.360682750E0,7.109945261E-1,1.567269400E0
3.147130500E0,-6.394659025E-1,2.273187531E0,-2.312041694E-1,2.372710171E0
3.157100500E0,-1.378738075E0,-5.203279334E-1,-4.561553264E-1,1.542639789E0
3.167070500E0,-2.695203158E-1,-1.159169573E-1,-1.762052005E0,1.786310502E0
3.177040500E0,-1.362726498E0,4.275618571E-1,-6.571188658E-1,1.572144349E0
3.187010500E0,-7.310529609E-1,-1.183398095E0,2.063823296E0,2.488822228E0
3.196980500E0,-1.080317019E0,-9.236732545E-1,3.344244826E-1,1.460170154E0
3.206950500E0,-1.623617713E0,2.034688083E0,-2.273752956E0,3.456304758E0
3.216921500E0,4.305460567E-1,2.154704815E-1,3.067727659E0,3.105277834E0
3.226890958E0,1.126084053E0,-3.301513374E-2,2.357831240E0,2.613144360E0
3.236860958E0,3.445949248E0,8.215323374E-1,3.282564887E0,4.829566631E0
3.246830958E0,3.541501523E0,-6.022664282E-1,4.561898249E-1,3.621196908E0
3.256800958E0,3.360440736E0,-1.763307110E0,-2.336016448E0,4.456319866E0
3.266770958E0,2.455453136E0,3.554478541E-1,-1.907779822E0,3.129731159E0
3.276740958E0,2.599469473E0,1.287799546E-1,-1.042443361E0,2.803660817E0
3.286710958E0,-2.999662268E0,1.127825865E0,1.005398326E0,3.358688836E0
3.296681958E0,-4.274726871E0,-1.374402657E0,-4.229922581E-1,4.510121388E0
3.306651958E0,4.155329358E0,-5.054532015E-1,3.346342807E0,5.359128212E0
3.316621958E0,5.962556093E-2,-3.658257848E0,1.565211337E0,3.979483914E0
3.326591958E0,-3.274810602E0,-1.438218292E0,3.835582264E0,5.244477823E0
3.336561958E0,-2.736601006E0,-2.417302978E0,8.662149467E0,9.400275110E0
3.346531958E0,6.087330467E-1,-3.712277350E-1,1.338460992E0,1.516523584E0
3.356501958E0,2.224379506E0,2.490164547E0,-2.980452703E0,4.475699048E0
3.366471958E0,1.258152701E0,1.355904113E0,-2.723612586E0,3.292338029E0
3.376441958E0,-4.531881568E-1,-4.432569534E-1,-2.640033070E0,2.715074740E0
3.386412958E0,-1.129881308E0,-1.671747606E0,-2.972753089E0,3.592858578E0
3.396382958E0,-4.285793092E-1,-2.114930008E0,1.197879310E0,2.468101295E0
3.406352958E0,-3.801504399E-1,1.802693077E0,3.275324280E0,3.757920412E0
3.416322958E0,2.252428599E-1,4.082025739E0,1.242721606E0,4.272941080E0
3.426292958E0,7.349781237E-1,-1.274607643E0,-2.306687983E0,2.735987379E0
3.436262958E0,2.917276023E-1,-3.131004765E0,-3.088374762E0,4.407533834E0
3.446232958E0,6.214798672E-1,9.841869664E-1,-1.895420562E0,2.224293217E0
3.456202958E0,6.105675741E-1,1.251607035E0,1.446842642E0,2.008150036E0
3.466173958E0,-6.157883702E-2,-1.543978051E0,2.948605843E0,3.328954279E0
3.476143958E0,-1.648568366E0,-2.633032491E0,-9.804488415E-1,3.257593849E0
3.486113958E0,-2.354692454E0,-9.477579358E-1,-3.417409866E0,4.256936909E0
3.496083958E0,-1.479922680E0,-1.220315076E0,-1.029980021E0,2.177199777E0
3.506053958E0,-7.570794294E-1,-1.710391855E0,1.375622386E0,2.321841189E0
3.516023958E0,-1.434248325E0,1.792917995E0,-1.487081426E-1,2.300812314E0
3.525993958E0,-2.681432818E0,3.917987659E0,-5.079807774E0,6.953068120E0
3.535963958E0,-1.964292722E0,-3.206820640E-1,-1.920027984E0,2.765463857E0
3.545934958E0,-1.532212429E0,-2.603788519E0,1.572173617E0,3.405748003E0
3.555904958E0,-7.589720269E-1,-2.518090849E0,2.809625713E0,3.848482390E0
3.565874958E0,-5.331920271E-1,1.076588761E0,1.749341328E0,2.122152723E0
3.575844958E0,-1.096660718E0,2.340696267E0,6.102119172E-1,2.655914593E0
3.585814958E0,-3.885916266E-1,4.560670334E-1,-2.950598574E0,3.010819246E0
3.595784958E0,-3.287419757E-1,-1.152720386E0,-1.174933666E0,1.678482855E0
3.605754958E0,-6.168967465E-1,-1.775016451E0,1.065674933E0,2.160302771E0
3.615724958E0,-6.613432964E-2,7.297442079E-2,1.636209984E0,1.639171171E0
3.625694958E0,-4.928274184E-1,3.062825353E0,5.409978408E-1,3.149040595E0
3.635665958E0,-4.713151831E-1,-9.917380607E-1,1.248996838E0,1.663032016E0
3.645635958E0,-7.310134922E-1,-5.235056612E0,2.711099544E0,5.940560512E0
3.655605958E0,-1.496741611E0,1.795516497E0,-5.617648119E-1,2.404099550E0
3.665575958E0,-1.036369273E0,2.224485487E-2,-2.295681185E0,2.518870422E0
3.675545958E0,-1.037938081E0,-3.806859279E0,-2.496510238E0,4.669267223E0
3.685515958E0,-5.311363288E-1,-1.719811134E0,-3.436867061E0,3.879679282E0
3.695485958E0,-1.571219936E0,-1.255473214E0,-8.746475673E-1,2.193160607E0
3.705455958E0,-9.081907046E-1,-2.903894231E0,2.298474984E0,3.813187553E0
3.715426958E0,-4.172406444E-1,-1.081856225E0,1.397586282E0,1.815970833E0
3.725396958E0,-4.992729139E-1,-9.188010621E-1,3.141727681E0,3.311181308E0
3.735366958E0,4.884328339E-1,4.847166359E-2,8.466370654E-1,9.786268216E-1
3.745336958E0,4.920815695E-2,4.678687611E-1,1.145120468E0,1.237991723E0
3.755306958E0,3.512912147E-2,-1.279434812E0,2.307199030E0,2.638437958E0
3.765276958E0,-4.664359740E-1,-6.796189517E-1,5.351903862E-1,9.827884751E-1
3.775246958E0,-1.056979685E0,1.556648967E0,5.421982741E-1,1.958147346E0
3.785216958E0,-9.387591440E-2,1.658238492E0,-1.020398773E0,1.949302757E0
3.795186958E0,5.150556453E-3,-1.394500122E0,5.945653528E-1,1.515970012E0
3.805157958E0,-3.054214341E-1,5.647059613E-1,4.874174649E-1,8.060712501E-1
3.815127958E0,-8.640002261E-1,2.857479033E0,-8.366517752E-1,3.100269183E0
3.825097958E0,1.654646913E-1,-1.292357158E0,2.692453358E0,2.991132006E0
3.835067958E0,-2.912585825E-2,5.323325595E-1,-1.962716752E0,2.033834634E0
3.845037958E0,4.012170443E-1,2.920952898E0,-3.888851568E0,4.880174942E0
3.855007958E0,3.330430413E-1,2.007007364E0,-3.095843995E0,3.704490015E0
3.864977958E0,7.973571704E-1,-1.668555611E0,1.838689706E0,2.607802930E0
3.874947958E0,5.085323453E-1,-5.437387231E-1,1.713448194E0,1.868197436E0
3.884918958E0,1.666387171E0,-4.718469143E-2,1.870588607E0,2.505628531E0
3.894888958E0,1.172832761E0,1.113394937E0,2.122963790E0,2.668737571E0
3.904858958E0,3.272443576E-1,1.427501222E-1,7.833824712E-1,8.609033414E-1
3.914828958E0,-3.050870282E-1,-3.782479021E-1,-3.871289456E-1,6.213037830E-1
3.924798958E0,-6.088794829E-1,2.445900832E0,-3.490747399E0,4.305633810E0
3.934768958E0,-2.211048951E-1,1.875202060E-1,-1.414643780E0,1.444045784E0
3.944738958E0,-2.993287999E-1,-1.417870274E0,2.005092108E-1,1.462927813E0
3.954708958E0,-1.285204259E0,-1.609935520E0,1.756514107E0,2.707209666E0
3.964678958E0,-3.161321628E-1,-1.168168730E0,-8.724899447E-1,1.491910329E0
3.974649958E0,1.993405351E-1,-5.956351009E-1,-2.513970609E0,2.591247970E0
3.984619958E0,8.012856223E-2,-1.927248126E-1,-4.603933883E-1,5.054953134E-1
3.994589958E0,6.122980210E-1,-8.294035667E-1,1.349877681E0,1.698525506E0
4.004559958E0,-6.561075168E-1,5.413042349E-1,5.442073774E-1,1.009776717E0
4.014529958E0,-1.192967064E0,2.595319412E0,-1.371232297E0,3.168458817E0
4.024499958E0,-6.270579647E-2,1.070535724E0,-1.059687384E0,1.507619350E0
4.034469958E0,2.098197323E-1,4.353301755E-1,-1.479796380E0,1.556706141E0
4.044439958E0,-5.182052114E-1,5.319109753E-1,-2.763977085E0,2.861998472E0
4.054410958E0,-2.094267629E-1,-1.157682626E0,-1.102387261E-1,1.181626509E0
4.064380958E0,-5.930610469E-1,-4.351345861E-1,9.205218977E-1,1.178314083E0
4.074350958E0,-9.027330597E-1,1.641160821E0,3.001429589E0,3.537925295E0
4.084320958E0,-1.155379115E-1,9.806365371E-3,4.304963992E0,4.306525299E0
4.094290958E0,-4.198831473E-1,-1.054859923E0,4.212363392E0,4.362686863E0
4.104260958E0,-7.830048873E-1,1.968984090E0,1.602287947E0,2.656562001E0
4.114230958E0,1.181958219E0,1.780438575E0,-1.342365178E0,2.523674111E0
4.124200958E0,3.444028730E0,-2.049086559E-1,-1.631338668E0,3.816357859E0
4.134171958E0,2.635924231E0,-1.154088927E0,-2.872466324E0,4.065843158E0
4.144141958E0,1.616513053E0,-1.056728401E0,-2.068039139E0,2.829589236E0
4.154111958E0,2.296645390E0,4.708113724E-1,-2.863351684E0,3.700679163E0
4.164081958E0,1.625652397E0,1.937971920E-2,-2.616582227E-1,1.646689502E0
4.174051958E0,5.877325889E-1,-2.112489088E0,1.708766913E0,2.779914406E0
4.184021958E0,5.945648412E-1,-6.242078125E-1,4.397942907E0,4.481634139E0
4.193991958E0,-6.616821791E-1,5.041641828E-1,1.701697630E0,1.894143514E0
4.203961958E0,1.076352168E-1,-2.276461387E-1,1.281465257E0,1.305971405E0
4.213931958E0,8.816744587E-1,-3.621733215E-1,1.978660939E0,2.196273771E0
4.223903208E0,1.439419017E0,1.561115070E0,-2.251653405E0,3.094987952E0
4.233873208E0,8.953949502E-1,-4.778777325E-1,-2.557901909E0,2.751901419E0
4.243843208E0,1.135990406E0,-9.926861867E-1,-8.160584664E-1,1.715182640E0
4.253813208E0,9.243834720E-1,1.268843165E0,3.565550244E-1,1.609838274E0
4.263783208E0,6.428019583E-1,4.413048604E-1,8.278505462E-1,1.137225072E0
4.273753208E0,1.180765533E0,-4.847166359E-2,-1.642614439E0,2.023546130E0
4.283723208E0,-9.940266609E-3,2.030752614E-1,-1.981872230E0,1.992274054E0
4.293693208E0,-1.106840282E-1,-9.738821259E-1,1.240923003E0,1.581324523E0
4.303663208E0,8.726155137E-1,1.000791889E-1,1.156197433E0,1.451986977E0
4.313634208E0,-2.178489096E-1,5.371626520E-1,-3.273762488E-1,6.657154576E-1
4.323604208E0,4.646633906E-1,3.561960053E-1,1.468645155E-1,6.036197865E-1
4.333574208E0,3.152413760E-1,-1.355276707E0,1.972627782E0,2.414003406E0
4.343544208E0,-2.350924216E-2,1.772055129E0,-1.192857136E0,2.136267823E0
4.353514208E0,-2.609252376E-1,2.641821148E0,-2.292754068E0,3.507708964E0
4.363484208E0,-1.134268547E0,-1.798086348E0,-7.360697258E-1,2.249772943E0
4.373454208E0,2.962532010E-2,-1.370795217E0,-2.175616212E0,2.571626546E0
4.383424208E0,8.669129435E-2,4.956620389E-1,1.830680775E0,1.898575344E0
4.393395208E0,-9.653380282E-1,-6.060981086E-1,4.421277975E0,4.565843992E0
4.403365208E0,-6.204024446E-1,-2.438910778E0,1.088597773E0,2.741939111E0
4.413335208E0,-9.133991119E-1,-2.970955070E0,3.340118446E0,4.562593911E0
4.423305208E0,-1.165539310E0,8.852158248E-2,5.908857000E-1,1.309757178E0
4.433275208E0,-1.330700421E0,-3.433631212E-1,2.914731753E-1,1.404855315E0
4.443245208E0,-2.017294882E-1,-3.264784966E0,1.190739275E0,3.481002109E0
4.453215208E0,-1.016013800E0,-1.901691701E0,-1.278391961E0,2.506591585E0
4.463185208E0,-1.026294520E0,1.545339282E0,-1.962002222E0,2.700149377E0
4.473155208E0,-1.928644588E0,2.609738646E0,-1.471451819E-1,3.248393056E0
4.483126208E0,-1.138659148E0,-7.362697005E-1,1.323557609E0,1.894846292E0
4.493096208E0,-5.881496781E-1,-7.011533698E-1,-9.223088068E-1,1.299303516E0
4.503066208E0,-2.720575323E-1,4.647904944E-1,3.681816280E-1,6.523827219E-1
4.513036208E0,5.382408420E-1,2.009676325E0,2.620020390E-2,2.080670225E0
4.523006208E0,5.707221250E-1,-3.276077986E-1,2.679450905E0,2.759077339E0
4.532976208E0,1.174317077E0,3.907811165E-2,5.317376053E-1,1.289687007E0
4.542946208E0,-7.037643709E-1,1.671840577E0,-2.772756094E0,3.313383703E0
4.552916208E0,-1.112030782E-1,8.721911520E-2,1.586922634E-1,2.125006661E-1
4.562887208E0,-1.495224405E-2,1.100211512E0,-1.010398280E0,1.493851942E0
4.572857208E0,-1.530223645E-2,1.752263181E0,-7.094660640E-1,1.890503243E0
4.582827208E0,2.398686466E-1,-1.276769943E0,-7.391383445E-1,1.494658472E0
4.592797208E0,6.740191463E-1,-2.132317581E0,-5.313230377E-1,2.298561342E0
4.602767208E0,-3.291753640E-1,-3.534887445E-1,-1.905733881E0,1.965993982E0
4.612737208E0,-8.195005761E-1,-1.770470826E0,3.683465195E-1,1.985403561E0
4.622707208E0,-7.638202458E-1,4.134627584E-1,-2.042211987E0,2.219234693E0
4.632677208E0,-8.075585152E-1,-1.418293320E0,2.154342288E0,2.702757368E0
4.642648208E0,7.045786688E-1,-2.514255368E0,3.235310029E0,4.157540395E0
4.652618208E0,-7.341727428E-2,3.017929262E-1,-1.426408963E0,1.459832728E0
4.662588208E0,-4.584152387E-1,-5.909780860E-2,-8.024122345E-1,9.260142959E-1
4.672558208E0,-2.543958347E-1,-2.386931078E0,4.390522206E-1,2.440271309E0
4.682528208E0,-7.130405400E-1,1.606210259E0,-7.600813168E-1,1.914696273E0
4.692498208E0,-1.035115630E0,1.390721651E0,-3.416112953E-1,1.766994441E0
4.702468208E0,-4.180463542E-1,-3.137033244E0,1.183040830E0,3.378657416E0
4.712438208E0,6.632789075E-3,5.826253384E-2,1.063323768E0,1.064939412E0
4.722408208E0,5.169289104E-1,1.037615899E0,2.006577886E0,2.317372880E0
4.732379208E0,6.073317615E-1,-9.051405045E-1,1.425516093E0,1.794499187E0
4.742349208E0,1.794639122E-1,8.790110520E-1,2.073422670E-3,8.971466014E-1
4.752319208E0,-8.747752558E-2,1.648312258E0,-2.311358154E0,2.840239803E0
4.762289208E0,7.464532113E-1,-7.720663548E-2,-2.723498565E-1,7.983280689E-1
4.772259208E0,5.619776140E-1,1.053903903E0,-1.532499089E0,1.942957986E0
4.782229208E0,3.044272065E-1,4.959479678E-1,-1.165492752E0,1.302694770E0
4.792199208E0,-3.849333892E-1,1.249103258E0,-7.743070078E-1,1.519205057E0
4.802169208E0,-2.861543287E-1,8.514428920E-1,-1.292262726E0,1.573779607E0
4.812139208E0,3.167081501E-1,-1.960077903E0,-1.449721811E0,2.458435025E0
4.822110208E0,3.783859695E-1,1.688614485E-1,-1.732984911E0,1.781832437E0
4.832080208E0,6.736347650E-1,-2.019487953E-1,-1.735716730E0,1.872773259E0
4.842050208E0,7.804032417E-1,-2.344691961E0,7.643854523E-1,2.586676387E0
4.852020208E0,5.976966830E-1,-3.293011522E-1,1.244589207E0,1.419395247E0
4.861990208E0,9.332179570E-1,9.190507382E-1,-5.725137484E-1,1.429448148E0
4.871960208E0,3.967028841E-1,-1.348333723E0,1.100268815E0,1.784928142E0
4.881930208E0,3.892022221E-1,-5.487348765E-2,4.842770423E0,4.858694767E0
4.891900208E0,-7.619962800E-1,3.297575274E-1,3.820222213E0,3.909408666E0
4.901871208E0,-9.566410258E-1,-1.499527225E-1,1.987628229E0,2.210953154E0
4.911841208E0,-7.377921693E-2,2.789643146E0,-6.259344953E-1,2.859955637E0
4.921811208E0,6.068067911E-1,1.427623429E0,-1.061464353E0,1.879635526E0
4.931781208E0,9.653052107E-1,3.496295822E-1,-4.706030946E0,4.816719034E0
4.941751208E0,1.411719880E0,-1.735468224E-1,-3.432760561E0,3.715765949E0
4.951721208E0,1.706632680E0,-1.890206307E0,1.584665608E-1,2.551585123E0
4.961691208E0,6.355207130E-1,8.690889117E-1,-2.314479983E-1,1.101258502E0
4.971661208E0,7.126057264E-1,-8.427641621E-1,3.815126950E0,3.971555362E0
4.981631208E0,3.310771709E-1,-1.988286333E0,2.256613598E0,3.025756032E0
4.991602208E0,3.143230708E-1,1.606321064E0,2.435048400E0,2.934029152E0
5.001572208E0,-2.053932439E-1,1.633519095E0,3.254408205E0,3.647155574E0
5.011542208E0,4.439921676E-1,2.082596952E-1,-2.023538319E0,2.082116345E0
5.021512208E0,1.596229939E0,-1.935538016E0,1.330718694E0,2.839906631E0
5.031482208E0,1.889209796E-1,6.790877321E-1,-5.953588200E-1,9.226610477E-1
5.041452208E0,1.728850930E0,9.640789765E-1,1.208236483E0,2.319096636E0
5.051422208E0,7.620310709E-3,-1.057242664E0,2.454823684E0,2.672822373E0
5.061392208E0,-3.828640596E-1,-1.096782705E0,-1.072524362E0,1.581083710E0
5.071363208E0,1.272177686E0,-2.211981216E-1,1.724390674E0,2.154272005E0
5.081333208E0,5.555424242E-1,1.817047115E0,3.202432305E-1,1.926873978E0
5.091303208E0,2.487389751E0,2.765487421E-1,-2.427534143E0,3.486618562E0
5.101273208E0,1.662973713E0,-9.825023836E-1,-3.359201419E0,3.874922796E0
5.111243208E0,1.688689768E-1,-1.112873658E0,-2.335337586E0,2.592451764E0
5.121213208E0,1.143272309E0,-1.681409838E0,8.954069370E-1,2.221702995E0
5.131183208E0,-1.294542848E-1,8.610922596E-1,-4.323366934E-1,9.721899546E-1
5.141153208E0,1.134438189E0,1.488585330E0,-1.726975143E-1,1.879537369E0
5.151123208E0,1.366537860E0,-1.453762822E0,6.030145794E-1,2.084341298E0
5.161094208E0,8.810667137E-1,7.952026176E-1,-2.906645054E0,3.139619599E0
5.171064208E0,-2.013898746E-1,2.922538370E0,-2.222957609E0,3.677407911E0
5.181034208E0,1.207856998E0,-4.684315556E-1,-4.323624212E-1,1.365753973E0
5.191004208E0,1.695457774E0,-1.533201340E-1,1.889607260E0,2.543363860E0
5.200974208E0,1.332726043E0,-8.764657590E-1,2.526837991E0,2.988186936E0
5.210944208E0,1.975898130E0,-3.705651577E0,1.013998411E0,4.320210621E0
5.220914208E0,1.496604348E0,-1.911151619E0,-4.373286953E0,5.001796063E0
5.230883833E0,1.180543046E0,1.436595982E0,-3.955727343E0,4.370957413E0
5.240853833E0,7.844610632E-1,-2.704005410E0,1.339338074E0,3.117827913E0
5.250824833E0,4.632722649E-1,-5.307477887E0,6.596235207E0,8.479048391E0
5.260794833E0,-5.288643567E-1,1.495335356E0,3.810173188E0,4.127123097E0
5.270764833E0,7.795771033E-2,3.544504068E0,1.293811653E0,3.774060822E0
5.280734833E0,4.323430523E-1,-1.162686965E0,2.859977841E0,3.117408338E0
5.290704833E0,-6.163937397E-2,-1.562076937E0,1.293124605E0,2.028806303E0
5.300674833E0,1.028834259E0,-1.116795093E0,1.423042721E-1,1.525116952E0
5.310644833E0,1.646502838E-1,2.253350852E0,2.585018957E0,3.433223381E0
5.320614833E0,3.059584826E-2,3.109539051E0,1.558692276E-1,3.113593492E0
5.330585833E0,-2.069870487E-2,-6.384875903E-1,3.209098130E-1,7.148971586E-1
5.340555833E0,-3.666559432E-1,-1.452389311E0,-1.064844044E0,1.837869454E0
5.350525833E0,-3.537263607E-1,9.861071920E-1,-2.993264537E0,3.171302937E0
5.360495833E0,-7.002303869E-2,2.018081698E-1,-2.245038450E-1,3.098898833E-1
5.370465833E0,-3.345021044E-1,-1.828169396E0,-3.393197715E-2,1.858829303E0
5.380435833E0,2.014177220E-1,-1.261547010E0,-5.760308486E-1,1.401385563E0
5.390405833E0,4.820606844E-1,1.374457913E0,-1.299204540E0,1.951781109E0
5.400375833E0,1.273051553E0,4.317160115E-1,2.129620845E0,2.518397092E0
5.410345833E0,1.316147140E0,6.721310073E-1,8.421873343E-1,1.700965282E0
5.420316833E0,8.985958622E-1,1.517724637E0,-2.004310336E0,2.669873128E0
5.430286833E0,1.019253596E0,-3.725632390E-1,1.279809326E0,1.677972935E0
5.440256833E0,-2.947493702E-1,9.003402328E-1,-4.878063047E-1,1.065572483E0
5.450226833E0,1.034800100E0,1.158352424E0,-1.952890506E0,2.495270108E0
5.460196833E0,-6.980487907E-1,-4.463811207E-1,-1.907551196E0,2.079730700E0
5.470166833E0,-1.153345965E0,5.451060945E-1,-2.407415628E0,2.724517861E0
5.480136833E0,-4.351894768E-1,-9.519267082E-2,-9.733298564E-1,1.070431004E0
5.490106833E0,-1.307068753E0,-3.713163203E-1,1.487734560E0,2.014859463E0
5.500076833E0,-7.207905858E-1,-1.650085427E0,4.494935936E-1,1.855900179E0
5.510047833E0,-1.118191481E0,-1.604530062E0,3.455827242E-1,1.986025258E0
5.520017833E0,-1.625985396E0,1.101598472E0,7.677476013E-1,2.108739928E0
5.529987833E0,-2.206481910E-1,-8.903178129E-1,1.169190531E0,1.486054484E0
5.539957833E0,-3.108541370E-1,1.982361057E-1,-3.499143416E-1,5.082990208E-1
5.549927833E0,-8.049003710E-1,9.953346831E-1,-1.594108862E0,2.044440951E0
5.559897833E0,-4.543797828E-1,-2.646322335E0,-1.696714633E0,3.176212120E0
5.569867833E0,1.795398895E-1,-2.272074513E0,-5.333046591E-1,2.340720194E0
5.579837833E0,3.122476016E-1,-3.036336297E-1,-1.505760357E0,1.567484034E0
5.589808833E0,1.078076731E-1,-1.824728894E0,2.091753691E0,2.777893363E0
5.599778833E0,2.140604620E-1,-1.309163518E0,3.866826276E0,4.088040661E0
5.609748833E0,2.292490067E-1,1.830795088E0,1.410263631E0,2.322328416E0
5.619718833E0,-1.917604240E-1,-3.769501126E-1,4.120884288E0,4.142529513E0
5.629688833E0,-7.771844957E-2,-1.588442617E0,1.400605785E0,2.119171222E0
5.639658833E0,-4.537825263E-1,6.166283593E-1,2.980910540E-3,7.656095613E-1
5.649628833E0,-1.027291325E0,2.520033002E-2,4.314806610E-1,1.114512487E0
5.659598833E0,-6.024118046E-1,-1.889524814E-1,-4.259965575E-1,7.616272642E-1
5.669568833E0,-7.051527192E-1,5.442562017E-1,-2.361514401E0,2.523926591E0
5.679539833E0,-4.904381365E-1,-1.176830210E0,-1.251769003E0,1.786724530E0
5.689509833E0,-7.959760581E-1,-1.485495077E0,-1.348022944E-1,1.690693694E0
5.699479833E0,-8.963440995E-1,1.999978718E-1,-6.637010765E-1,1.133106797E0
5.709449833E0,-6.106686212E-1,-8.265337533E-1,-6.372897881E-1,1.209219783E0
5.719419833E0,-4.387477268E-1,-4.897952351E-1,-1.438189933E0,1.581388385E0
5.729389833E0,5.564530184E-1,-1.037123564E0,-5.135761535E-1,1.284143962E0
5.739359833E0,2.136682235E-1,-1.526227658E0,5.878498256E-2,1.542232359E0
5.749329833E0,-1.957740990E-1,-6.396500167E-1,7.499574476E-1,1.004945678E0
5.759299833E0,6.597238004E-2,-6.236909187E-1,2.391313566E0,2.472189978E0
5.769270833E0,-1.076424162E-1,6.742664105E-1,1.037674372E0,1.242171560E0
5.779240833E0,5.669174514E-1,2.430150188E0,1.026712596E-1,2.497512106E0
5.789210833E0,2.615941957E-2,-2.595391917E-1,7.200945479E-1,7.658858042E-1
5.799180833E0,7.435316500E-1,-1.802670273E-1,-9.671329772E-1,1.233159240E0
5.809150833E0,5.079674677E-1,5.556065243E-1,-2.402703942E0,2.517879225E0
5.819120833E0,2.634634043E-1,-1.215593742E0,2.732819027E-1,1.273485025E0
5.829090833E0,5.070178434E-1,5.187649727E-3,1.046712413E0,1.163056697E0
5.839060833E0,5.182162115E-1,-1.507807175E0,3.331386799E0,3.693259877E0
5.849030833E0,-1.935347616E-1,4.575607046E-1,1.784481339E0,1.852347471E0
5.859001833E0,1.936625598E-1,2.122772586E0,3.287725639E-1,2.156793925E0
5.868971833E0,-1.151593774E-1,2.331574318E-1,-3.252367526E-1,4.164168770E-1
5.878941833E0,-4.159284196E-1,-3.685564345E-1,-8.958121490E-1,1.054186749E0
5.888911833E0,-6.555339780E-1,3.243266335E-1,-1.939393963E0,2.072718385E0
5.898881833E0,-1.481476870E0,-1.523763349E0,4.738232732E-2,2.125764226E0
5.908851833E0,-1.458466761E0,1.922026563E-1,-3.642756879E-1,1.515507813E0
5.918821833E0,-1.029930173E0,-1.118144630E0,-2.911375451E-1,1.547825780E0
5.928791833E0,-2.233527840E-1,-3.299818851E0,1.848734053E0,3.788998352E0
5.938761833E0,8.679237078E-1,-6.136006710E-1,2.543246448E-1,1.092921942E0
5.948732833E0,7.704355663E-1,-7.986448735E-1,2.427075722E0,2.668726504E0
5.958702833E0,-1.480231779E-1,9.655214846E-3,1.542396086E0,1.549512753E0
5.968672833E0,-1.307737090E-1,-2.556358829E-1,-6.493917704E-1,7.100430543E-1
5.978642833E0,-5.521247267E-1,-1.380068317E0,-2.305697465E-1,1.504191703E0
5.988612833E0,6.300817061E-2,1.457626078E-1,-1.279171395E0,1.288990390E0
5.998582833E0,-7.332364574E-2,-3.782256827E-1,-2.103612429E0,2.138601477E0
6.008552833E0,-3.065129814E-1,-1.518880924E0,-8.863443375E-2,1.552032710E0
6.018522833E0,2.826858334E-2,-4.902226666E-1,-8.648926574E-1,9.945635648E-1
6.028492833E0,-7.475402087E-1,-1.404852033E-1,-1.453873919E0,1.640823522E0
6.038463833E0,-5.582625855E-1,2.278958148E0,-1.322720287E0,2.693491473E0
6.048433833E0,2.708946672E-1,9.726179579E-1,-1.341593345E0,1.679059950E0
6.058403833E0,-7.340159643E-2,-2.307886078E0,9.087689942E-1,2.481448574E0
6.068373833E0,-2.559691742E-3,-1.586548412E0,1.138599068E0,1.952831343E0
6.078343833E0,-3.998190846E-2,2.353162238E-1,-7.951985246E-1,8.302487409E-1
6.088313833E0,-3.864245754E-1,2.441803104E-1,3.364072734E-1,5.675542529E-1
6.098283833E0,-4.165448988E-1,-6.646459866E-1,-1.655135667E0,1.831594392E0
6.108253833E0,-8.455487524E-1,-2.093905467E0,-2.939728600E-1,2.277237985E0
6.118223833E0,-1.880268526E0,-3.492141375E-1,3.051922050E0,3.601609146E0
6.128194833E0,-7.574353056E-1,1.043116375E0,1.695036482E0,2.129541896E0
6.138164833E0,-1.425449435E0,1.081267118E-2,1.031725414E0,1.759681885E0
6.148134833E0,2.922475659E-1,-2.250184584E0,1.843320701E0,2.923451814E0
6.158104833E0,5.679813523E-2,-1.474178960E0,-3.821441942E-1,1.523963195E0
6.168074833E0,-1.064422313E0,-2.980840373E-1,1.035647727E0,1.514732705E0
6.178044833E0,-1.710296691E-1,-1.074787234E0,3.352666571E0,3.524881825E0
6.188014833E0,-6.190538574E-2,-6.088489312E-1,6.598460072E-1,8.999589163E-1
6.197984833E0,-5.060690595E-1,-1.768768117E-1,1.971515642E0,2.043101864E0
6.207954833E0,-2.269661075E-1,1.011851898E-1,1.213884893E0,1.239059559E0
6.217925833E0,-2.452236364E-1,1.326887306E0,1.587554133E-1,1.358663989E0
6.227896583E0,-1.729284793E-1,5.479870176E-1,1.910039771E-1,6.055382314E-1
6.237866583E0,2.700622796E-1,-1.582732227E0,-1.986783891E0,2.554463773E0
6.247836583E0,-1.954845888E-1,-3.975130159E-1,1.220102237E0,1.298029388E0
6.257806583E0,-3.911531456E-2,2.733318379E0,-1.594729836E0,3.164762648E0
6.267776583E0,1.290121914E0,-2.123425135E-1,1.548718681E0,2.026828421E0
6.277746583E0,3.736489208E-1,1.777875155E-2,-1.513416116E0,1.558960532E0
6.287716583E0,1.007136411E0,-3.178751081E-1,-1.719889487E0,2.018263655E0
6.297686583E0,-3.288849767E-1,4.028129321E-1,-1.163496512E0,1.274420543E0
6.307657583E0,-1.017392135E0,1.017183097E0,-1.619022678E0,2.165867641E0
6.317627583E0,-2.534364893E-1,-1.152875337E0,-2.377214760E-1,1.204102611E0
6.327597583E0,-9.136139240E-2,-1.612154246E0,-1.401189337E0,2.137924174E0
6.337567583E0,-2.642405724E-1,-1.323590645E0,1.080112878E0,1.728687105E0
6.347537583E0,3.766644761E-2,-1.097313048E0,5.183334482E-1,1.214159894E0
6.357507583E0,6.145097668E-1,1.327007466E0,-2.005904871E-1,1.476078457E0
6.367477583E0,4.863479360E-1,4.641242042E-1,1.422513548E0,1.573369119E0
6.377447583E0,9.583454892E-1,-1.735310349E0,5.719746351E-1,2.063221526E0
6.387417583E0,-2.477180220E-2,1.168542659E0,5.784241140E-1,1.304101240E0
6.397388583E0,-7.486738376E-1,3.525490969E-1,4.614739537E-2,8.288141909E-1
6.407358583E0,9.639299456E-2,-1.335256425E0,4.536234820E-1,1.413497646E0
6.417328583E0,-1.422351287E-1,-6.135290426E-1,9.392639780E-1,1.130869373E0
6.427298583E0,-1.929399902E-1,-1.427846208E-1,3.068794191E-2,2.419814818E-1
6.437268583E0,-4.044898405E-1,1.302023775E0,-5.363557363E-1,1.465112766E0
6.447238583E0,-1.213350896E0,6.401309502E-1,-8.942439258E-2,1.374767163E0
6.457208583E0,-7.712590735E-1,-2.346369528E0,4.600108050E0,5.221234010E0
6.467178583E0,-6.839929613E-1,1.254614551E0,1.453274580E0,2.038114581E0
6.477148583E0,1.297259610E-2,7.835844925E-1,-2.063038015E-1,8.103913892E-1
6.487119583E0,4.560520499E-1,1.133289796E-1,2.063094733E0,2.115936391E0
6.497089583E0,-4.979843703E-1,1.665399284E0,-3.453306507E0,3.866118085E0
6.507059583E0,-4.204048651E-1,-7.200878236E-1,-3.858957093E0,3.948014257E0
6.517029583E0,-5.496276733E-2,-2.504740486E0,-2.257029335E0,3.372080549E0
6.526999583E0,-3.014377444E-1,-2.962542973E0,-8.304888099E-1,3.091478165E0
6.536969583E0,-5.916249342E-3,-1.572453114E0,1.796497952E0,2.387477474E0
6.546939583E0,-4.787167714E-1,-5.305526671E-1,4.777519004E0,4.830667005E0
6.556909583E0,-3.003369329E-1,-1.696552665E0,2.562834036E0,3.088140462E0
6.566879583E0,1.627520217E-1,-1.927968211E0,1.818813266E0,2.655490791E0
6.576850583E0,-1.084603320E-1,-4.253562874E-1,2.274710146E0,2.316678195E0
6.586820583E0,4.112785310E-3,-1.035184335E0,1.759284518E0,2.041250973E0
6.596790583E0,7.900865963E-1,-8.064155307E-1,6.277009392E-1,1.291724161E0
6.606760583E0,6.564014856E-2,5.882103065E-1,-5.845444531E0,5.875331630E0
6.616730583E0,2.251660787E-1,-1.170478965E0,-2.772399999E0,3.017767805E0
6.626700583E0,3.037410723E-1,-4.491088468E-1,-1.523085072E0,1.616708240E0
6.636670583E0,-1.287847201E0,-8.080036345E-1,3.341601884E-1,1.556625619E0
6.646640583E0,-4.701670092E-1,-1.642732553E0,3.889583640E0,4.248351227E0
6.656610583E0,-1.820324844E-1,1.786415014E0,2.074561123E0,2.743759880E0
6.666581583E0,-6.301450753E-1,2.243250079E0,3.207151008E-1,2.352044198E0
6.676551583E0,3.749642520E-1,-2.742756370E-1,-9.496193969E-1,1.057167117E0
6.686521583E0,2.835201946E-1,9.552362323E-2,-6.972705263E-1,7.587454449E-1
6.696491583E0,-4.211374116E-1,5.180156520E-1,-9.033533031E-1,1.123273843E0
6.706461583E0,1.969512166E-1,7.154661843E-1,1.815244710E-1,7.639586221E-1
6.716431583E0,1.875072325E-1,4.065449175E-1,3.824032259E-1,5.887868539E-1
6.726401583E0,-3.779483054E-1,-8.081097615E-1,2.526254439E-1,9.272032803E-1
6.736371583E0,1.557586422E-1,-2.586758503E-1,-1.080214620E-1,3.206907956E-1
6.746341583E0,2.141520806E-2,1.920024768E0,-3.240450901E-1,1.947295289E0
6.756312583E0,-3.379477589E-1,9.063000074E-1,-1.328046516E0,1.642953420E0
6.766282583E0,-8.316377878E-2,-3.738604731E0,2.050448960E-1,3.745146854E0
6.776252583E0,-1.056554592E-1,-2.663019936E0,3.210764587E-1,2.684386028E0
6.786222583E0,-1.264791191E0,-9.122425327E-1,1.558827932E0,2.204955264E0
6.796192583E0,-5.581203520E-1,-5.671679315E-1,1.275904555E0,1.503698848E0
6.806162583E0,-1.844759993E-3,-3.524127691E0,2.746117349E0,4.467733193E0
6.816132583E0,-4.209848724E-1,-1.539761331E0,1.639607801E0,2.288319680E0
6.826102583E0,-1.748280935E-2,1.165809086E0,-7.677002388E-1,1.395987153E0
6.836072583E0,-7.061618755E-1,1.247360203E-1,1.478261486E0,1.643009644E0
6.846043583E0,-3.249884287E-1,8.080904657E-1,2.126018375E-1,8.965641197E-1
6.856013583E0,1.400454196E-1,-5.120921302E-1,-2.973829561E-1,6.085126884E-1
6.865983583E0,-3.907844786E-1,-4.340844262E-1,-1.971300464E0,2.056007616E0
6.875953583E0,-7.937818904E-1,6.556918529E-1,-3.476198357E0,3.625462248E0
6.885923583E0,-3.387159003E-1,-7.176273152E-1,-7.238209784E-1,1.074073663E0
6.895893583E0,8.339203946E-2,-2.193489397E0,6.196949315E-1,2.280870837E0
6.905863583E0,8.647764440E-1,-2.625082324E0,1.467166395E0,3.129132905E0
6.915833583E0,4.714396557E-1,1.526481135E0,-2.339575063E0,2.833021616E0
6.925803583E0,-2.322565586E-1,2.069876042E0,-1.870803199E0,2.799684723E0
6.935774583E0,6.205651434E-1,-9.488920033E-2,-7.619050634E-1,9.872205342E-1
6.945744583E0,-2.477066199E-1,6.563511264E-1,-1.147062913E0,1.344584953E0
6.955714583E0,-5.190268914E-1,-2.649727169E-1,6.752972746E-1,8.919786229E-1
6.965684583E0,-3.288805912E-1,-8.007285288E-1,1.098259127E0,1.398392552E0
6.975654583E0,-4.178910010E-2,-9.907507583E-1,8.137494010E-1,1.282778812E0
6.985624583E0,-7.771024154E-1,-1.117929161E0,-9.292623156E-1,1.648387765E0
6.995594583E0,-9.502273612E-3,2.545494702E-1,-8.634051257E-1,9.001967214E-1
7.005564583E0,1.405732770E-1,-1.309015583E0,3.240257943E-1,1.355830137E0
7.015534583E0,-4.676402081E-2,-3.692170529E0,3.311408032E0,4.959811816E0
7.025505583E0,4.204978724E-1,-9.492194474E-1,3.978084172E0,4.111324568E0
7.035475583E0,2.598507752E-1,1.462116739E0,3.097031565E0,3.434663346E0
7.045445583E0,2.452001744E-1,3.486937353E-1,1.607789007E0,1.663338793E0
7.055415583E0,1.394649665E0,-8.719397217E-1,4.165848792E-2,1.645315166E0
7.065385583E0,2.750478349E-1,-3.710239595E-1,5.934473652E-1,7.519906018E-1
7.075355583E0,-1.198649973E-2,-9.928528324E-1,-7.376256698E-1,1.236928475E0
7.085325583E0,3.529233918E-1,6.021111846E-2,-1.532862786E0,1.574118363E0
7.095295583E0,-3.942735853E-1,1.014515889E0,-4.848990691E-1,1.191562527E0
7.105265583E0,-2.995081998E-1,-3.988736629E-2,9.195869279E-1,9.679546899E-1
7.115236583E0,4.706779462E-1,1.902809688E-1,8.365476948E-1,9.785482215E-1
7.125206583E0,8.698537275E-3,1.487180244E0,-5.020249790E-1,1.569652772E0
7.135176583E0,5.123279922E-1,-5.883345598E-1,-2.439060760E-1,8.173785535E-1
7.145146583E0,3.653926523E-1,3.801684201E-2,-6.119526333E-1,7.137528256E-1
7.155116583E0,-3.066398660E-1,-8.286878675E-2,-1.482367986E0,1.516017839E0
7.165086583E0,3.262230317E-1,-1.195208886E0,7.160506135E-1,1.430969681E0
7.175056583E0,2.275032108E-1,-3.783315173E-1,2.752752185E-1,5.202584875E-1
7.185026583E0,-2.540786963E-1,1.052226045E0,-2.352790940E0,2.589857301E0
7.194997583E0,-4.161419160E-1,-1.640044295E0,3.966400266E-2,1.692481202E0
7.204967583E0,-4.011002827E-1,-2.445121399E-1,-3.061064172E-1,5.606859744E-1
7.214937583E0,-3.883768510E-1,-2.069776931E-1,1.473755622E-1,4.641076386E-1
7.224907583E0,-5.989441864E-2,-1.554607119E0,1.759897306E0,2.348963423E0
7.234877333E0,2.539214427E-1,-7.207222465E-1,-5.906810474E-1,9.658264624E-1
7.244847333E0,3.515751701E-2,-4.215474111E-1,-4.695735168E-1,6.320107266E-1
7.254817333E0,-1.452771061E-1,-1.583516631E-1,8.445630580E-1,8.714742944E-1
7.264787333E0,2.079657630E-1,1.707325575E-1,-2.988944614E-1,4.021657168E-1
7.274757333E0,5.737178363E-2,-4.746497771E-1,-1.772484022E0,1.835833201E0
7.284728333E0,-2.626075912E-2,-4.524306500E-1,-1.451126897E0,1.520247477E0
7.294698333E0,-9.232512318E-2,-2.337737283E-1,-1.644276803E0,1.663376171E0
7.304668333E0,-5.298227153E-1,-1.941249284E0,1.166204942E0,2.325767585E0
7.314638333E0,-1.242069934E-1,-1.010892077E0,2.564412784E0,2.759264956E0
7.324608333E0,4.338114343E-1,9.252721757E-1,1.415986885E0,1.746235900E0
7.334578333E0,3.547795174E-1,1.539969492E0,2.440337791E0,2.907339519E0
7.344548333E0,3.453378721E-1,1.524236096E0,6.635303378E-2,1.564275119E0
7.354518333E0,3.050094430E-1,-8.266620997E-1,1.444004989E-1,8.928899660E-1
7.364488333E0,2.362677851E-1,-8.625034851E-1,6.537672418E-1,1.107766372E0
7.374459333E0,6.548239799E-1,-2.204078704E-2,-5.747052848E-1,8.715310696E-1
7.384429333E0,-7.077309758E-1,-1.042957331E0,3.457897156E-1,1.306986479E0
7.394399333E0,4.292652972E-2,-1.401095197E-1,-1.181301284E-1,1.882235152E-1
7.404369333E0,-3.351192780E-1,1.351910757E0,-3.785832399E-1,1.443361665E0
7.414339333E0,8.674556382E-2,-1.643193313E0,1.126633911E0,1.994219904E0
7.424309333E0,1.494976629E-1,-2.590986625E0,2.802615486E0,3.819713969E0
7.434279333E0,-3.007508793E-1,6.300339782E-1,5.073763508E-1,8.630322511E-1
7.444249333E0,-2.358284399E-1,-5.789813536E-1,1.766927998E0,1.874264926E0
7.454220333E0,4.776847013E-1,-7.925131908E-1,6.008856082E-1,1.103323772E0
7.464190333E0,1.019685266E0,-5.157592115E-1,-7.932268435E-1,1.391033584E0
7.474160333E0,1.358221950E-1,-6.256871581E-2,-2.636227702E0,2.640465680E0
7.484130333E0,1.053627330E-1,-1.450708529E0,-4.631678921E-1,1.526493052E0
7.494100333E0,7.250738174E-1,-8.118896940E-1,5.893484670E-1,1.237832190E0
7.504070333E0,2.093525398E-1,4.321209311E-2,-5.061671466E-1,5.494551403E-1
7.514040333E0,5.657510050E-2,-8.834403178E-1,-6.404513776E-1,1.092632374E0
7.524010333E0,8.065945286E-1,4.964362103E-1,1.353396535E-2,9.472205724E-1
7.533980333E0,-2.035693511E-1,1.459547765E0,-1.048720931E0,1.808738718E0
7.543951333E0,4.505494545E-1,-1.472174535E0,9.740964264E-1,1.821855241E0
7.553921333E0,1.737215079E-1,-8.289623943E-1,1.693552458E-1,8.637354993E-1
7.563891333E0,6.247909261E-1,8.493557283E-1,-4.875566286E-1,1.161671348E0
7.573861333E0,1.024203922E0,-1.571351498E-2,4.270695215E-1,1.109787801E0
7.583831333E0,4.848141383E-1,-1.117116398E-1,-9.637439311E-1,1.084585914E0
7.593801333E0,-8.404758543E-2,-6.199299896E-1,-1.637442577E-1,6.466756301E-1
7.603771333E0,8.082167655E-3,5.232106107E-1,-5.346109271E-1,7.480798808E-1
7.613741333E0,3.509851860E-1,1.999877854E0,-2.854961514E-2,2.030644506E0
7.623711333E0,1.404376946E-2,3.489232385E-1,2.024908322E0,2.054798863E0
7.633682333E0,-1.462014413E-1,-9.089847565E-1,1.542017772E0,1.795952938E0
7.643652333E0,-1.066032929E-1,-2.577853194E-1,2.456769052E0,2.472555704E0
7.653622333E0,-2.694326075E-1,9.061076340E-1,1.299822591E0,1.607222369E0
7.663592333E0,4.960801148E-1,1.405653101E0,-1.444374533E0,2.075614105E0
7.673562333E0,7.828660890E-1,-7.493776962E-1,-1.194776192E0,1.613051888E0
7.683532333E0,-3.324131866E-1,-2.818230475E0,-1.349052054E0,3.142111230E0
7.693502333E0,-5.028824732E-2,-6.940665445E-1,-1.675151855E0,1.813943498E0
7.703472333E0,-3.044558944E-1,1.174247495E0,-2.457912183E0,2.740963858E0
7.713442333E0,2.400420166E-1,-2.722725855E0,-5.500645334E-1,2.788086664E0
7.723413333E0,2.986390842E-1,-2.930568352E0,1.926061141E-1,2.952035447E0
7.733383333E0,1.315240529E-1,-1.160569104E0,-6.734156406E-1,1.348223960E0
7.743353333E0,-2.568989546E-1,-7.129486656E-1,2.164557374E0,2.293382109E0
7.753323333E0,1.823761180E-2,-1.205467826E0,3.373445821E0,3.582404499E0
7.763293333E0,-6.727617757E-1,-1.785711301E0,2.693723958E0,3.301139503E0
7.773263333E0,-2.030745305E-1,-4.304667538E-1,5.452060819E-2,4.790755554E-1
7.783233333E0,2.856876478E-1,2.721937358E-1,-2.213023190E0,2.247927601E0
7.793203333E0,8.923708434E-1,-9.335149956E-1,2.442486643E0,2.762882005E0
7.803174333E0,9.528550268E-1,-1.322473535E-1,1.023197835E0,1.404405879E0
7.813144333E0,1.473104534E0,3.168676329E-1,2.992851723E0,3.350761631E0
7.823114333E0,2.494553760E-2,1.464698870E0,1.095560637E0,1.829267112E0
7.833084333E0,-3.133241471E-1,1.293768091E0,-1.405624450E0,1.935920450E0
7.843054333E0,1.606887951E-2,-3.136317837E-1,-5.901243925E-2,3.195396261E-1
7.853024333E0,-1.761467868E-1,1.601844728E-1,-1.248440183E0,1.270940458E0
7.862994333E0,5.689359833E-1,1.053226796E-1,9.931601036E-1,1.149412029E0
7.872964333E0,-3.323178039E-1,2.514402718E0,-1.824454660E0,3.124306476E0
7.882934333E0,-8.482177871E-1,1.683653415E0,-3.194540318E0,3.709346314E0
7.892905333E0,-3.063621598E-1,-1.831043010E0,-2.249439064E0,2.916599455E0
7.902875333E0,-5.829421113E-1,-1.337883579E0,-2.432470948E0,2.836665100E0
7.912845333E0,-3.779398269E-1,3.445916212E-1,1.086001024E0,1.200408315E0
7.922815333E0,3.022854079E-1,-9.160777214E-1,2.881780354E0,3.038952594E0
7.932785333E0,3.257618326E-1,-2.037129003E-1,9.761663407E-1,1.049056930E0
7.942755333E0,1.479661310E-1,-6.325012109E-1,1.220125042E0,1.382265125E0
7.952725333E0,-1.121202870E-1,-3.703953838E-1,-4.161457533E-1,5.682789694E-1
7.962695333E0,4.614485183E-1,-1.738473693E-1,-7.976391524E-1,9.377557573E-1
7.972665333E0,1.032080340E-1,-4.572723492E0,2.696383857E0,5.309513908E0
7.982636333E0,-5.385241762E-2,-1.787596736E0,-8.906040341E-1,1.997893320E0
7.992606333E0,-7.039569636E-1,1.115203773E0,-1.980151979E0,2.379125201E0
8.002576333E0,-3.484456672E-1,-1.085390575E0,-9.291091186E-1,1.470622602E0
8.012546333E0,5.291023383E-1,-3.402590683E0,-2.676732534E-1,3.453870526E0
8.022516333E0,4.701914214E-1,-1.396142605E0,-7.420292079E-2,1.475059395E0
8.032486333E0,5.546721393E-1,2.206964305E0,3.655129588E-1,2.304767309E0
8.042456333E0,4.519625804E-1,1.435001446E0,7.087708300E-1,1.663086111E0
8.052426333E0,2.034773306E-1,-6.718547264E-1,-2.557694918E-1,7.471344125E-1
8.062396333E0,-4.756446809E-2,-3.896479261E-1,-1.078911860E0,1.148102211E0
8.072367333E0,-1.124404952E-2,1.397051847E0,1.992865580E-1,1.411238968E0
8.082337333E0,1.527997318E-1,1.684751522E0,-5.709835321E-1,1.785429260E0
8.092307333E0,5.432301615E-1,-1.060132065E0,2.354328758E-1,1.214251886E0
8.102277333E0,4.636817893E-1,4.624691498E-1,-3.468001145E-1,7.410457716E-1
8.112247333E0,5.708412255E-1,8.821311262E-1,1.518624816E0,1.846682528E0
8.122217333E0,5.460594099E-1,1.489016855E-1,3.340054711E0,3.387671481E0
8.132187333E0,-2.775988289E-1,1.040364676E0,-2.333389878E-2,1.077016360E0
8.142157333E0,-2.074799690E-1,-4.166550457E-1,-4.663791829E-1,6.589073584E-1
8.152127333E0,5.979793958E-2,-1.301935190E0,-8.322324497E-1,1.546357618E0
8.162098333E0,7.413624061E-1,-7.270761234E-1,-9.197600055E-1,1.387161265E0
8.172068333E0,6.784647844E-1,-9.760341936E-1,4.853598297E-2,1.189669262E0
8.182038333E0,-1.056947818E-1,-8.729805261E-1,-1.188300986E0,1.478284688E0
8.192008333E0,3.212587456E-1,-2.177233552E0,6.172086954E-2,2.201672680E0
8.201978333E0,5.811698203E-1,-1.613800822E0,4.975799257E-1,1.785972350E0
8.211948333E0,2.033288113E-1,3.993537194E-1,-8.873874807E-1,9.941240062E-1
8.221918333E0,1.052543841E0,-1.035366476E-2,-1.693364178E0,1.993850038E0
8.231888083E0,6.743169889E-1,-1.669229503E0,-2.532698071E0,3.107344534E0
8.241859083E0,9.321446275E-1,-2.512926881E0,6.942264658E-1,2.768690214E0
8.251829083E0,1.776217470E-1,5.586801133E-1,-1.317195253E0,1.441761523E0
8.261799083E0,1.191216700E-1,1.127315696E0,-1.237166752E0,1.677978612E0
8.271769083E0,2.423355869E-1,-1.500324493E0,8.006358504E-2,1.521877228E0
8.281739083E0,4.694980878E-1,-1.090161903E0,-8.909501892E-1,1.484140717E0
8.291709083E0,6.966627813E-1,1.370775045E0,3.662859607E-1,1.580673483E0
8.301679083E0,-6.939914078E-2,2.221480895E0,-3.199016361E0,3.895317611E0
8.311649083E0,8.921606360E-1,-5.716258487E-1,-2.664049339E0,2.867030797E0
8.321619083E0,4.064463188E-1,-1.403488462E0,-3.369186709E0,3.672383089E0
8.331590083E0,1.226661059E-1,-1.281229322E0,-1.077663479E0,1.678676301E0
8.341560083E0,5.544227555E-2,1.412873535E0,7.376057893E-1,1.594787689E0
8.351530083E0,-8.466054174E-1,2.610592047E0,1.064275694E0,2.943571695E0
8.361500083E0,-8.973714553E-2,4.567482340E-1,2.109456137E0,2.160202976E0
8.371470083E0,1.728235949E-1,-7.507710877E-1,2.883325773E0,2.984475286E0
8.381440083E0,1.761809199E-1,2.156219244E0,5.685581070E-1,2.236868227E0
8.391410083E0,8.309321751E-1,1.402297092E0,-5.356891537E-1,1.715764635E0
8.401380083E0,9.563694227E-1,2.938857365E-1,-9.994897145E-1,1.414210376E0
8.411350083E0,4.323599361E-2,-1.462919562E0,-1.749181699E0,2.280710330E0
8.421321083E0,4.154945927E-1,-1.411466111E0,-1.559790968E0,2.144252831E0
8.431291083E0,-3.310621874E-1,-1.715827426E-1,-1.059213760E0,1.122932143E0
8.441261083E0,-1.090432629E-3,-1.569629493E-1,5.734925723E-1,5.945858113E-1
8.451231083E0,1.417215970E-1,-2.259150705E0,4.942212850E-1,2.316916398E0
8.461201083E0,1.050822128E-1,-2.369197642E0,2.700659341E-1,2.386854698E0
8.471171083E0,9.338792771E-2,-8.736055934E-1,7.438681573E-1,1.151194108E0
8.481141083E0,-1.170883007E-1,-2.157417923E-2,1.015721000E0,1.022675054E0
8.491111083E0,2.195718648E-1,8.190732908E-1,-4.479727328E-2,8.491758683E-1
8.501081083E0,6.792543778E-1,-7.316097620E-1,3.527379620E-1,1.058802826E0
8.511051083E0,7.298282616E-2,-4.291984928E-1,-2.465431702E-1,5.003212707E-1
8.521022083E0,-4.218521972E-1,1.656055726E0,9.498743355E-2,1.711578937E0
8.530992083E0,-2.127020442E-1,5.695261136E-1,-8.861373460E-1,1.074635543E0
8.540962083E0,-3.489043812E-1,-1.077559984E0,-3.635459554E-1,1.189552625E0
8.550932083E0,-2.856803753E-1,-3.086686671E-1,-2.933308357E-1,5.127695409E-1
8.560902083E0,2.573412234E-1,1.513876000E0,-2.430510376E0,2.874965345E0
8.570872083E0,3.761215621E-1,7.042243275E-1,-7.412281394E-1,1.089411992E0
8.580842083E0,1.626587586E-1,8.164411667E-1,-8.142317963E-1,1.164477337E0
8.590812083E0,6.859854001E-1,1.014041680E0,-1.116314160E0,1.656808318E0
8.600782083E0,-4.073024974E-1,-1.954390901E-1,2.513747245E-1,5.169922770E-1
8.610753083E0,9.896083586E-2,2.299493569E0,1.064854569E0,2.536016399E0
8.620723083E0,2.122968687E-1,6.270998454E-1,1.867512971E-1,6.878955034E-1
8.630693083E0,1.795245771E-1,-1.755085047E0,-8.215051478E-1,1.946130341E0
8.640663083E0,2.861541459E-1,-1.063820489E0,-2.538438867E0,2.767177282E0
8.650633083E0,9.361121826E-2,1.166061393E0,1.163387169E0,1.649827851E0
8.660603083E0,-1.380081034E-1,1.727080393E0,2.038169222E0,2.675067607E0
8.670573083E0,-1.259306430E-1,6.449724448E-1,1.205487122E0,1.372970205E0
8.680543083E0,-6.451808980E-1,1.056903525E0,-4.270233285E-1,1.309829140E0
8.690513083E0,-8.480731416E-1,-5.889982188E-1,-2.030997028E0,2.278397657E0
8.700484083E0,-1.091535268E0,-2.906488641E0,1.784706457E0,3.581103545E0
8.710454083E0,-1.460300448E0,-3.548324347E-1,-5.366825956E-1,1.595747995E0
8.720424083E0,-7.841964036E-1,5.493079036E-2,-1.227739871E0,1.457849986E0
8.730394083E0,-1.996713048E-1,-9.952572075E-1,2.049620410E0,2.287214324E0
8.740364083E0,-9.952187620E-2,1.097403972E0,1.553353184E0,1.904496310E0
8.750334083E0,2.926327951E0,2.369206998E0,1.103863099E0,3.923652739E0
8.760304083E0,-2.253213588E-1,9.516103739E-1,-1.331608640E0,1.652123963E0
8.770274083E0,-2.162304003E-1,-3.345814803E-1,3.680114740E-1,5.423401128E-1
8.780244083E0,-1.914224550E-1,2.287924853E0,1.301442854E0,2.639127923E0
8.790215083E0,-1.352529539E0,1.650114370E0,2.502596605E-1,2.148218678E0
8.800185083E0,2.481028784E-1,-6.350605372E-1,5.060706675E-2,6.836797491E-1
8.810155083E0,-1.458013017E0,1.068209701E0,-2.304545563E-1,1.822082113E0
8.820125083E0,-1.002082516E0,1.767125634E0,8.806479800E-1,2.214146165E0
8.830095083E0,-2.847437975E-1,6.931537941E-1,3.983770005E0,4.053635980E0
8.840065083E0,-9.550611082E-1,1.001583602E0,1.918524081E0,2.365596348E0
8.850035083E0,1.482141991E-1,-1.273435861E-2,1.556412447E0,1.563505458E0
8.860005083E0,1.048547561E-1,3.047293687E0,-6.754066175E-1,3.123006153E0
8.869975083E0,7.508712944E-2,1.684765263E0,6.009165984E-1,1.790299647E0
8.879945083E0,-2.360547271E-1,-3.417829111E-1,-2.700589174E-1,4.954484952E-1
8.889916083E0,-1.377449422E-1,7.033142084E-1,-2.418076272E0,2.522046273E0
8.899886083E0,-3.895007224E-1,7.264323449E-1,-5.085785383E-1,9.685385352E-1
8.909856083E0,-6.808948141E-1,2.296123234E0,1.683699900E-1,2.400864033E0
8.919826083E0,2.144945081E-2,-5.898042575E-1,-1.106383249E0,1.253958944E0
8.929796083E0,-3.146157605E-1,-1.565513638E0,-2.781339807E0,3.207127554E0
8.939766083E0,-1.989583465E-1,1.982366905E-1,1.722268719E0,1.745019126E0
8.949736083E0,-7.476317176E-1,-6.595612478E-1,3.722771348E0,3.853959098E0
8.959706083E0,-6.230032861E-1,-3.135990393E-1,4.294826674E0,4.351093382E0
8.969676083E0,-6.177567257E-1,5.434557179E-1,-3.038452989E-1,8.770914747E-1
8.979647083E0,-2.756219218E-1,3.069264892E-1,1.062439084E-1,4.259801423E-1
8.989617083E0,3.111303449E-3,3.517445201E-1,2.847675884E-1,4.525775812E-1
8.999587083E0,2.811404143E-1,-3.023252859E0,2.159960877E0,3.726194946E0
9.009557083E0,-5.692025067E-1,1.056706474E0,-2.744186014E-1,1.231229318E0
9.019527083E0,-9.845099520E-1,2.682734116E0,-1.286665186E0,3.133979816E0
9.029497083E0,-2.048807062E0,-9.192419422E-1,-3.622595680E-1,2.274609443E0
9.039467083E0,-1.368159146E0,-1.716064531E0,-6.752528358E-1,2.296236773E0
9.049437083E0,-7.908366479E-1,5.325436440E-1,-7.197811371E-1,1.194617186E0
9.059407083E0,1.884746908E-1,1.654080829E0,8.120472765E-1,1.852276134E0
9.069377083E0,1.109126908E0,-1.307085418E0,2.892229913E0,3.362086950E0
9.079348083E0,2.165344920E-1,1.349479485E0,-1.707931346E0,2.187466926E0
9.089318083E0,-1.720771247E-1,7.410819590E-2,-8.422674412E-1,8.628539876E-1
9.099288083E0,5.486172013E-2,-1.290496867E0,9.538703227E-1,1.605696286E0
9.109258083E0,9.192544406E-1,3.895909157E-1,7.134521109E-1,1.227120093E0
9.119228083E0,2.217441419E-1,-3.509817508E-1,2.364188917E0,2.400364116E0
9.129198083E0,-4.684105422E-1,-1.733339837E-1,1.408179098E-1,5.189246474E-1
9.139168083E0,1.065387908E-1,-1.602549317E0,1.584635203E0,2.256232159E0
9.149138083E0,-5.492874384E-3,-6.457597724E-1,-9.751752377E-2,6.531045266E-1
9.159108083E0,1.384557078E-1,-2.470091933E-1,7.318772721E-1,7.847470077E-1
9.169079083E0,1.290431159E-1,-2.092927228E0,1.625860997E0,2.653379070E0
9.179049083E0,9.902595922E-2,7.903900668E-1,-1.226790867E0,1.462716114E0
9.189019083E0,3.433554832E-1,-3.792732114E-1,-4.742431033E-1,6.976013745E-1
9.198989083E0,-1.284160385E-1,-3.246087032E0,1.280057248E0,3.491721389E0
9.208959083E0,-1.520255604E-1,1.124013481E0,1.284259057E-1,1.141495199E0
9.218929083E0,-8.888565206E-1,4.501888275E-2,1.306718797E0,1.581014430E0
9.228899000E0,-5.468593455E-1,-3.927545518E-1,-1.777672842E0,1.900902947E0
9.238869000E0,1.298405664E-1,1.540496911E0,-1.743079544E0,2.329874589E0
9.248839000E0,-4.186098430E-2,-2.220493885E0,1.814993865E0,2.868195977E0
9.258809000E0,4.740834012E-1,-7.027511215E-1,4.710306430E-1,9.697855829E-1
9.268780000E0,-2.866835017E-1,7.394155025E-2,1.619755919E0,1.646591637E0
9.278750000E0,-8.916513435E-1,5.951796028E-1,-9.798179269E-3,1.072089960E0
9.288720000E0,-3.435756309E-1,7.299175778E-1,1.014503610E-1,8.130904379E-1
9.298690000E0,-5.789737523E-1,-1.003814608E0,-5.429964191E-1,1.279726331E0
9.308660000E0,-3.774534848E-1,-6.495420438E-1,-2.267667174E-2,7.515917983E-1
9.318630000E0,-2.194202209E-1,5.243905789E-1,6.172262371E-1,8.391060364E-1
9.328600000E0,-5.945963430E-1,5.340466708E-1,7.853255010E-1,1.120485074E0
9.338570000E0,-7.895906062E-1,-4.820736945E-2,4.169082302E-1,8.941978239E-1
9.348540000E0,-3.397263723E-1,2.294368485E-1,6.318594790E-1,7.531943153E-1
9.358510000E0,-7.376896968E-1,-5.153975612E-1,1.732837561E0,1.952574390E0
9.368481000E0,-3.314111931E-1,9.377875561E-1,2.538475120E-1,1.026507398E0
9.378451000E0,-4.140971082E-1,1.283017401E0,4.686987734E-1,1.427336192E0
9.388421000E0,-1.293063794E0,-1.175511663E0,1.451461358E0,2.271691379E0
9.398391000E0,-7.669681674E-1,-2.364517531E-1,4.873361886E-1,9.389601493E-1
9.408361000E0,-1.413681036E0,4.555536479E-1,5.814529717E-1,1.595026882E0
9.418331000E0,-1.216661590E0,1.224561909E-1,-1.733401818E0,2.121306862E0
9.428301000E0,-8.960434064E-1,-5.474025884E-1,-1.437701105E0,1.780316783E0
9.438271000E0,-1.129491518E0,-1.841492569E0,-5.102350545E-1,2.219726511E0
9.448241000E0,-1.158999857E0,-3.925881985E-1,-7.801600707E-1,1.451225654E0
9.458211000E0,-1.498964723E0,-4.620148212E-1,-6.663943040E-1,1.704240096E0
9.468182000E0,-1.083951941E0,-1.569794970E0,-1.705662042E0,2.559001965E0
9.478152000E0,-9.049711911E-2,-1.049685137E0,-8.209537554E-1,1.335662264E0
9.488122000E0,-1.209689735E0,5.010783148E-1,-1.347339989E0,1.878763896E0
9.498092000E0,-4.825721331E-1,-2.082064855E0,-2.457228059E-1,2.151336706E0
9.508062000E0,-4.396068290E-1,-9.777693549E-1,1.360956985E0,1.732481166E0
9.518032000E0,-1.179128458E0,-9.442092606E-1,1.308169491E0,1.998294890E0
9.528002000E0,-8.798205259E-1,-1.197191677E0,2.426553565E-1,1.505401505E0
9.537972000E0,-7.120642743E-1,3.331486201E-1,1.200697668E0,1.435164946E0
9.547942000E0,-1.969147812E0,1.276710302E-2,-3.485355681E-1,1.999795776E0
9.557912000E0,-2.884690952E-2,-1.047749709E0,2.009010912E0,2.265995684E0
9.567883000E0,-1.940137144E0,-3.368832368E-1,6.884570181E-2,1.970371077E0
9.577853000E0,-7.264529563E-1,9.006963283E-2,-1.997708829E0,2.127601232E0
9.587823000E0,-2.888350943E-1,-9.193170789E-1,-5.957125765E-1,1.132891467E0
9.597793000E0,-1.762675903E0,-9.595166865E-1,1.614065409E-2,2.006977611E0
9.607763000E0,-3.434199122E-1,-9.850611252E-1,1.632194701E0,1.937096332E0
9.617733000E0,-7.622010056E-1,7.287735701E-2,1.986661685E0,2.129104537E0
9.627703000E0,-6.087396248E-1,9.627066350E-1,2.868473260E0,3.086341984E0
9.637673000E0,-1.015224919E-1,9.526561484E-1,-1.613807546E0,1.876761932E0
9.647643000E0,-7.254046237E-1,-4.327527228E-1,-4.530311590E-1,9.585009224E-1
9.657613000E0,-2.155657911E-1,-5.007160798E-1,-9.050291151E-1,1.056533436E0
9.667583000E0,3.578691496E-2,-2.282451859E-1,-2.084641138E0,2.097404406E0
9.677554000E0,-5.240702245E-2,-8.007484093E-1,-2.108253365E0,2.255809558E0
9.687524000E0,2.186008432E-1,-1.394187588E0,-1.124467517E0,1.804431367E0
9.697494000E0,5.477008330E-2,-1.346795028E0,-6.340176862E-1,1.489575455E0
9.707464000E0,6.891466241E-2,-2.469461311E0,1.228254426E0,2.758912345E0
9.717434000E0,4.316693068E-1,-1.736655208E-1,-1.416502025E0,1.490964819E0
9.727404000E0,1.767974905E-1,-7.431278998E-1,-2.235091166E0,2.362017983E0
9.737374000E0,3.195727741E-1,-3.255123611E0,-1.269700660E0,3.508574675E0
9.747344000E0,1.209835513E-1,-1.232827241E0,2.741677558E-1,1.268726914E0
9.757314000E0,1.547332233E-2,-5.485004032E-1,1.881277902E0,1.959667997E0
9.767284000E0,-3.889486722E-1,-7.539651293E-1,2.388788738E0,2.534966690E0
9.777255000E0,-7.145294604E-1,2.475610828E0,-1.203607827E0,2.843918620E0
9.787225000E0,5.276463085E-1,-2.371162891E-2,2.359310585E-1,5.784775991E-1
9.797195000E0,5.228993561E-1,-1.473031444E0,1.845771854E0,2.418701947E0
9.807165000E0,3.944665069E-1,4.482601234E-1,1.363238568E0,1.488274288E0
9.817135000E0,6.285138483E-1,9.773676512E-1,2.206139263E0,2.493456964E0
9.827105000E0,5.060198698E-1,-6.050540882E-1,9.857084119E-1,1.262445100E0
9.837075000E0,6.322658604E-1,1.153606824E0,1.751528771E0,2.190530040E0
9.847045000E0,2.167544935E-1,2.414286399E0,2.209031880E0,3.279570578E0
9.857015000E0,-8.238340938E-1,4.162261525E-1,1.748848992E0,1.977478096E0
9.866985000E0,-5.170544794E-1,1.404818119E0,4.299271143E0,4.552427006E0
9.876955000E0,-1.103713264E0,-9.539036518E-1,2.151464288E0,2.599406419E0
9.886926000E0,-4.871757190E-1,-7.900944901E-1,1.772876371E0,2.001169685E0
9.896896000E0,2.021750460E-1,2.490237637E0,2.521887154E0,3.549939867E0
9.906866000E0,3.988921913E-1,3.967467090E0,-8.347420746E-1,4.073905304E0
9.916836000E0,1.576310230E0,9.445621401E-1,-2.243859651E0,2.900320277E0
9.926806000E0,1.440199767E0,5.962847266E-1,-3.593014031E0,3.916564907E0
9.936776000E0,1.439955499E0,-1.496908842E0,-3.348555393E0,3.940435400E0
9.946746000E0,-9.735691537E-1,-1.534202676E0,-2.282631953E0,2.917537212E0
9.956716000E0,-5.669136507E-1,8.585209465E-1,-3.825333849E0,3.961266005E0
9.966686000E0,7.270607744E-1,-2.966769049E0,-1.192220374E0,3.278982369E0
9.976656000E0,1.023504668E0,-2.558032887E0,-1.341483418E0,3.064420307E0
9.986627000E0,1.631110189E0,-1.128104485E0,1.399918152E0,2.427531876E0
9.996597000E0,1.336730801E0,-5.791374743E-2,1.835732769E0,2.271589320E0
1.000656700E1,9.389339758E-1,1.201766539E0,2.604289041E0,3.017973034E0
1.001653700E1,9.500860778E-1,-9.674101353E-2,-1.398960378E0,1.693845483E0
1.002650700E1,1.064205601E0,-1.409484197E0,-4.694601393E0,5.015821120E0
1.003647700E1,6.299824496E-1,-8.125688481E-1,-3.760672415E0,3.898692477E0
1.004644700E1,7.562849390E-1,6.635502183E-1,-3.206736440E0,3.360866614E0
1.005641700E1,5.833038347E-1,9.402293533E-2,-1.002847770E0,1.163953318E0
1.006638700E1,3.146625017E-1,2.761724737E-1,1.404069675E0,1.465160530E0
1.007635700E1,3.909348983E-1,-1.294713879E-1,5.877124161E-1,7.176341818E-1
1.008632800E1,7.413809710E-1,-1.822329489E0,2.933227081E0,3.531904814E0
1.009629800E1,6.063833065E-1,1.286122857E0,1.746397839E0,2.252047542E0
1.010626800E1,1.175457211E0,1.105745317E0,8.707983452E-1,1.833756287E0
1.011623800E1,1.927912955E0,-8.304718530E-1,-2.485288262E0,3.253181459E0
1.012620800E1,6.757257293E-1,-1.120957141E0,3.946126800E0,4.157531346E0
1.013617800E1,3.614623732E-1,-1.372955471E-2,1.483874229E0,1.527326512E0
1.014614800E1,1.610993428E-1,2.610638532E-1,5.350646710E-1,6.167670029E-1
1.015611800E1,7.067517865E-1,-4.899253356E-1,2.256155176E0,2.414489822E0
1.016608800E1,1.965251812E0,-1.080614277E0,7.936934513E-1,2.379052583E0
1.017605800E1,7.799189461E-1,-1.911779317E0,3.006278100E0,3.647037392E0
1.018602800E1,1.833405139E0,5.021208733E-1,4.356969128E0,4.753596508E0
1.019599900E1,1.054521223E0,-2.677427768E0,4.369756404E0,5.232151135E0
1.020596900E1,2.735559178E-1,-1.846348974E-1,2.744228114E0,2.764002682E0
1.021593900E1,5.716692643E-1,1.776287051E0,1.180131841E-1,1.869740236E0
1.022590900E1,2.892221434E-1,-2.201497743E0,-1.541267574E-1,2.225757583E0
1.023587896E1,1.163681284E0,-3.096681901E0,-4.773842275E-1,3.342377691E0
1.024584896E1,9.814013529E-1,1.066885599E0,-4.438690984E0,4.669408008E0
1.025581896E1,7.035575987E-1,1.568489286E-1,-3.975571039E0,4.040391066E0
1.026578896E1,7.624699775E-1,-2.452069060E0,-1.758645417E0,3.112368366E0
1.027575896E1,5.165051700E-1,-3.517413041E-1,-2.404603702E0,2.484475498E0
1.028572896E1,4.280993624E-1,-1.267465854E-1,-3.069951940E-1,5.418300565E-1
1.029569896E1,1.429417647E-2,2.034107162E0,-5.157828927E-2,2.034811192E0
1.030566996E1,1.214291932E0,2.144114631E0,-3.399927860E-1,2.487433927E0
1.031563996E1,5.069120087E-1,-2.244217208E0,2.281809250E0,3.240389501E0
1.032560996E1,-3.782774305E-1,-2.779055007E0,2.906984192E-1,2.819706744E0
1.033557996E1,9.855639126E-1,9.420381895E-1,-1.087065217E0,1.743698071E0
1.034554996E1,3.697475854E-1,1.812232225E0,1.376346856E-1,1.854681164E0
1.035551996E1,8.851483626E-1,1.468105750E0,-1.076391710E0,2.024213731E0
1.036548996E1,2.180001624E0,6.629155031E-1,-1.820565092E0,2.916559840E0
1.037545996E1,-2.988475375E-2,-2.824705097E-1,-9.022645515E-1,9.459196627E-1
1.038542996E1,2.769099538E-1,1.350488715E0,-8.885136545E-1,1.640108352E0
1.039539996E1,1.237868564E0,5.552936983E-1,1.003630128E0,1.687584992E0
1.040536996E1,-2.576552188E-1,7.323120126E-1,1.649110111E0,1.822698893E0
1.041534096E1,8.437354577E-1,4.736633518E-1,4.445222908E-1,1.064822314E0
1.042531096E1,1.546688381E0,-8.838388056E-2,1.171471530E0,1.942267284E0
1.043528096E1,-6.363193696E-1,4.593467367E-1,6.647325253E-1,1.028479992E0
1.044525096E1,-3.896246103E-1,-1.954100295E0,2.137264325E0,2.922022261E0
1.045522096E1,-5.265824077E-1,2.069621688E0,5.574548292E-1,2.207120035E0
1.046519096E1,-1.171770542E0,1.655400253E0,8.547927618E-2,2.029951454E0
1.047516096E1,-1.857927923E-1,-5.354891789E-1,2.020786035E0,2.098771979E0
1.048513096E1,-3.065567990E-1,1.377103486E0,2.141741538E0,2.564653563E0
1.049510096E1,9.890689529E-2,-8.876415423E-1,2.199437184E0,2.373860571E0
1.050507096E1,2.890304279E-1,-1.008955772E0,2.657765921E0,2.857490162E0
1.051504096E1,-9.981985762E-1,1.077150679E0,-7.755220592E-2,1.470601349E0
1.052501196E1,2.884957731E-2,-1.985452480E0,3.275733000E-1,2.012500464E0
1.053498196E1,5.483659172E-1,-1.534069067E0,-6.363413697E-1,1.749000692E0
1.054495196E1,-2.018265885E-1,-1.117894370E0,-1.958737137E0,2.264304079E0
1.055492196E1,4.163756219E-1,-1.243208095E0,-1.674234427E0,2.126498517E0
1.056489196E1,-3.587984549E-1,-4.274381885E-1,-7.190905809E-2,5.626816585E-1
1.057486196E1,3.767985235E-1,-1.136466881E0,-1.206175339E-1,1.203363074E0
1.058483196E1,8.569922651E-1,-1.134450468E0,1.288883035E0,1.919018782E0
1.059480196E1,-9.721376822E-1,2.044841480E-1,-1.273324764E-1,1.001538317E0
1.060477196E1,2.153848929E-1,7.975096366E-1,-5.022150135E-1,9.667637728E-1
1.061474196E1,-5.512467673E-1,-1.673340973E0,-3.684330583E-1,1.799912756E0
1.062471196E1,-8.633048460E-2,-2.961979302E0,-2.800266659E0,4.077041538E0
1.063468296E1,-5.443743154E-2,8.094899967E-1,-1.833316700E0,2.004816104E0
1.064465296E1,-6.561548062E-1,1.129452561E0,1.533195493E0,2.014172444E0
1.065462296E1,8.797634424E-1,1.179249204E0,2.799274387E0,3.162364541E0
1.066459296E1,5.649826808E-1,1.437030137E0,9.790735763E-1,1.828345184E0
1.067456296E1,-6.096445911E-1,-2.433179922E0,9.456953305E-1,2.680740704E0
1.068453296E1,-6.226544997E-1,-1.907699130E0,-1.095599813E0,2.286340646E0
1.069450296E1,-1.173396506E0,-7.388667414E-1,-3.841304934E-1,1.438867491E0
1.070447296E1,-5.261543184E-1,3.345095596E-1,7.680364537E-1,9.892497189E-1
1.071444296E1,-5.864278559E-1,2.407191972E0,-5.445839381E-1,2.536738553E0
1.072441296E1,-7.855603398E-1,9.188066170E-1,2.908166499E0,3.149403600E0
1.073438396E1,4.120963372E-1,-1.312723303E-1,-5.569426131E-1,7.051530969E-1
1.074435396E1,4.913347704E-1,1.829689964E0,-4.725795704E-1,1.952564128E0
1.075432396E1,-5.126822239E-1,-4.556600672E-1,2.614915186E0,2.703377626E0
1.076429396E1,4.677433018E-1,-1.205794685E0,-7.072517234E-1,1.474086029E0
1.077426396E1,1.308372097E0,2.029208657E0,2.718779862E-2,2.414594064E0
1.078423396E1,-7.497639048E-1,3.083149105E-2,1.163428684E0,1.384435913E0
1.079420396E1,-3.930589724E-1,-1.525838234E0,-5.256208330E-1,1.661010214E0
1.080417396E1,-4.605570372E-1,-1.230865792E0,1.196401134E0,1.777222286E0
1.081414396E1,-1.130337537E0,-2.115598637E0,2.567796568E0,3.513829784E0
1.082411396E1,1.010668202E-1,5.062554395E-1,1.158158004E0,1.268005929E0
1.083408396E1,1.649948309E-1,-2.348454645E0,3.285407218E0,4.041826704E0
1.084405496E1,-5.517764885E-1,-1.485676340E0,-7.811195987E-1,1.766872748E0
1.085402496E1,6.270327486E-1,6.372845256E-1,-3.207291341E-1,9.498256745E-1
1.086399496E1,-3.622281392E-1,-4.846491006E-1,6.176899213E-1,8.646587849E-1
1.087396496E1,-5.943924945E-2,-2.458523217E-1,7.487459046E-1,7.903143793E-1
1.088393496E1,2.201136093E-1,-1.040830114E0,-4.815620631E-1,1.167766821E0
1.089390496E1,-6.472054964E-1,-2.301368186E0,1.886899999E0,3.045580748E0
1.090387496E1,-5.435362633E-1,8.060492027E-1,-9.621938342E-1,1.367831847E0
1.091384496E1,4.790694682E-1,-3.715709665E-1,8.496665078E-1,1.043793904E0
1.092381496E1,-7.738663470E-1,-8.697470158E-2,-4.214339751E-1,8.854605113E-1
1.093378496E1,-5.211361283E-1,3.523391819E-1,-1.259542876E-1,6.415529954E-1
1.094375496E1,-2.166325060E-1,-2.486350116E-1,3.392759174E0,3.408748132E0
1.095372496E1,-9.546729261E-1,8.776556674E-1,1.688516836E0,2.129030054E0
1.096369596E1,-2.342776487E-1,7.513479155E-1,2.292240683E0,2.423587641E0
1.097366596E1,-1.018899108E0,7.009066173E-1,1.229968244E0,1.744203933E0
1.098363596E1,-9.332406150E-1,9.891524220E-1,-8.566170931E-3,1.359938947E0
1.099360596E1,-5.154148470E-1,7.569208968E-1,-5.456949091E-1,1.066004054E0
1.100357596E1,-5.284215762E-1,-4.809247166E-1,2.193676507E-1,7.474223113E-1
1.101354596E1,2.395972993E-1,1.651056357E0,1.075529830E0,1.984983218E0
1.102351596E1,4.289722055E-1,4.403011858E-2,1.259091471E0,1.330889604E0
1.103348596E1,1.004150749E-1,1.198059696E0,-8.492414153E-1,1.471951495E0
1.104345596E1,-2.577774622E-1,-4.711686373E-2,2.193098218E0,2.208698488E0
1.105342596E1,-7.622548731E-1,-2.255765167E0,1.242591798E0,2.685804043E0
1.106339596E1,-1.217346737E0,2.571248764E0,-2.149485590E0,3.565605361E0
1.107336696E1,-7.659068978E-1,1.251005942E-1,1.481272218E0,1.672253246E0
1.108333696E1,-5.352925297E-1,-4.575806437E0,1.773565757E0,4.936605932E0
1.109330696E1,4.981867570E-1,9.506865138E-1,-1.364149565E0,1.735770413E0
1.110327696E1,5.719074287E-1,1.691929856E-1,-1.467007935E-1,6.141868577E-1
1.111324696E1,-2.269043828E-1,-1.899350476E0,5.144035345E-1,1.980815192E0
1.112321696E1,6.377945490E-2,-1.056572573E0,-8.485824341E-1,1.356652338E0
1.113318696E1,1.098125007E-1,-2.017712154E0,-2.290149719E0,3.054178589E0
1.114315696E1,1.802343560E-1,-2.041090491E0,5.416474664E-1,2.119414258E0
1.115312696E1,1.006297043E-1,-1.819697365E0,2.041274679E0,2.736462525E0
1.116309696E1,9.646885487E-1,-2.182099605E0,1.228983573E0,2.683762901E0
1.117306696E1,-2.847213954E-2,-1.039751303E0,-1.081301617E0,1.500368828E0
1.118303796E1,-4.426273179E-1,-2.733587936E-1,-4.659119904E-2,5.223166782E-1
1.119300796E1,3.618858578E-1,-2.916973283E0,2.798234167E0,4.058301241E0
1.120297796E1,-1.234023800E-1,-2.850346307E0,3.036024055E0,4.166190620E0
1.121294796E1,-7.590270638E-2,7.531754628E-1,1.123613239E0,1.354821468E0
1.122291796E1,-9.238162190E-1,9.606337970E-1,1.642753603E0,2.115394313E0
1.123288796E1,-1.166737331E0,-1.728673759E-1,-2.999025214E-1,1.217004787E0
1.124285796E1,4.415058950E-1,-3.435429815E0,1.560596715E0,3.799021923E0
1.125282796E1,1.211687436E-1,-5.401947257E-1,-1.384016064E0,1.490634990E0
1.126279796E1,4.509260883E-1,1.503663545E0,-3.252747595E-1,1.603166262E0
1.127276796E1,8.087291278E-1,-1.068910490E0,4.188861094E0,4.398087050E0
1.128273796E1,5.383184638E-1,-1.775072000E0,1.648763956E0,2.481751389E0
1.129270896E1,3.780915256E-1,-7.353092954E-1,2.169680704E0,2.321884433E0
1.130267896E1,-9.472910357E-1,1.465154952E0,1.334004244E0,2.196271082E0
1.131264896E1,-1.029204241E0,8.485295168E-1,8.241182685E-2,1.336433844E0
1.132261896E1,-1.692373879E-1,-2.886916840E0,2.989611197E0,4.159411646E0
1.133258896E1,-4.674178677E-1,-1.343017142E0,-2.022218603E-1,1.436338466E0
1.134255896E1,3.764696907E-2,1.826161462E-1,-9.272064346E-1,9.457683244E-1
1.135252896E1,7.135572877E-2,-1.177950537E0,1.024429843E0,1.562726979E0
1.136249896E1,3.699202610E-1,-2.283395892E0,-3.492536062E-1,2.339383654E0
1.137246896E1,4.979288217E-1,-1.241658875E0,-4.230343580E-1,1.403070897E0
1.138243896E1,-3.468053039E-2,-8.615381098E-1,-7.332461053E-1,1.131857104E0
1.139240896E1,-6.882601131E-1,-1.335650528E0,2.006091982E-1,1.515885341E0
1.140237996E1,4.021309275E-2,-1.900502377E0,2.384002792E0,3.049097521E0
1.141234996E1,-1.769624368E-1,-1.455091602E0,1.096043032E0,1.830278012E0
1.142231996E1,2.162829156E-1,-1.308263339E0,9.591047502E-1,1.636524728E0
1.143228996E1,9.773485015E-1,-1.583541481E0,1.700864401E0,2.521061964E0
1.144225996E1,3.781475493E-1,7.695540985E-1,-4.038420421E-1,9.477855636E-1
1.145222996E1,3.751511801E-1,-2.507180822E-1,-1.078373331E0,1.168968351E0
1.146219996E1,3.605560182E-1,-1.702054310E0,-1.106345826E-1,1.743338615E0
1.147216996E1,3.649497257E-1,2.930367208E-1,-9.244173127E-1,1.036149695E0
1.148213996E1,2.587421066E-1,-1.000971107E0,1.031764591E-1,1.039007226E0
1.149210996E1,1.473854294E-1,2.471889952E-1,-9.166943103E-1,9.608086816E-1
1.150207996E1,-1.276709205E-1,4.929357746E-1,-1.816315920E0,1.886342775E0
1.151204996E1,2.285098821E-1,-9.511972681E-1,-1.681510702E0,1.945371751E0
1.152202096E1,1.970938887E-1,1.371101904E-1,-2.248976550E0,2.261756115E0
1.153199096E1,-4.446887172E-1,1.109085247E-1,-3.535501403E-1,5.788319771E-1
1.154196096E1,-3.926636641E-1,-2.838500141E0,-1.681723541E0,3.322568565E0
1.155193096E1,-9.253918974E-1,-2.027273521E0,-4.449853903E-1,2.272487643E0
1.156190096E1,-1.604352745E0,-4.795482820E-1,1.132070652E0,2.021261548E0
1.157187096E1,-1.001783358E-1,-1.083170095E0,1.650794109E0,1.976971002E0
1.158184096E1,3.384977992E-1,-1.341342500E0,2.198578813E0,2.597600674E0
1.159181096E1,-1.739753210E0,-2.011351553E-1,2.325303179E-1,1.766710766E0
1.160178096E1,-5.444739374E-1,-1.290422607E0,2.402796328E-1,1.421047739E0
1.161175096E1,-6.369643906E-1,-4.546511301E-1,-7.015331465E-1,1.050990029E0
1.162172096E1,-2.313725692E-1,-3.529724354E0,-1.104495183E0,3.705724880E0
1.163169196E1,8.930760907E-1,-3.871139475E0,-5.756472713E-1,4.014308847E0
1.164166196E1,-3.181039901E-1,-3.210530698E-1,1.796071690E-1,4.863372876E-1
1.165163196E1,-4.419962206E-1,-2.768498737E-1,5.707613379E-1,7.731591145E-1
1.166160196E1,-1.104260563E0,-4.140756343E0,2.419678409E0,4.921391885E0
1.167157196E1,-1.262194004E0,-2.517819831E0,7.668623328E-1,2.919011518E0
1.168154196E1,-9.092775558E-1,2.541097596E-1,-9.619435734E-1,1.347847499E0
1.169151196E1,-3.271034397E-1,-4.739992744E-1,4.957251889E-1,7.598785661E-1
1.170148196E1,-3.356551022E-1,-1.650688567E0,6.694021118E-1,1.812604833E0
1.171145196E1,6.151472595E-1,-1.197939244E0,1.411231345E-1,1.354023752E0
1.172142196E1,2.061208568E-1,-2.347586918E-1,-5.955412531E-1,6.725078699E-1
1.173139196E1,6.155946446E-1,9.341690066E-1,4.254784942E-1,1.196937947E0
1.174136296E1,9.941897982E-1,1.191352355E0,1.632033902E-1,1.560246498E0
1.175133296E1,5.498076944E-1,-1.645613184E0,-2.549824566E-1,1.753666817E0
1.176130296E1,2.841153315E-1,-1.166120158E0,1.588811284E-1,1.210702671E0
1.177127296E1,-1.172163036E0,2.370855620E0,-1.064723591E0,2.851062763E0
1.178124296E1,-8.135867022E-1,-1.050297341E0,1.055416578E0,1.696747471E0
1.179121296E1,-5.436427557E-1,-2.322731281E0,-1.857835829E-2,2.385576074E0
1.180118296E1,-2.598321738E-1,-1.567242368E0,1.110393854E0,1.938230097E0
1.181115296E1,-6.230300371E-1,-1.955893636E-1,8.410237384E-1,1.064773476E0
1.182112296E1,-8.700923670E-2,2.347078210E-1,4.091343570E-1,4.796345386E-1
1.183109296E1,4.403717544E-1,-1.481899332E0,2.218673354E0,2.704156868E0
1.184106296E1,7.598980066E-1,-9.934208894E-1,2.715745157E-1,1.279876073E0
1.185103396E1,8.011696281E-1,2.279525328E-1,-6.796125197E-1,1.075038747E0
1.186100396E1,3.750233088E-1,-8.966366065E-1,6.969582850E-1,1.195972632E0
1.187097396E1,1.820549962E-1,-1.542732594E0,3.262319487E-1,1.587323269E0
1.188094396E1,-2.971744298E-1,-4.642136666E-1,-2.316267477E0,2.380945609E0
1.189091396E1,-3.250855656E-1,-7.943749443E-1,6.058598346E-1,1.050608546E0
1.190088396E1,-4.767628512E-1,-2.916243258E-1,9.175117511E-1,1.074325545E0
1.191085396E1,-7.007233071E-1,-2.935009897E-3,-1.064357556E0,1.274315021E0
1.192082396E1,-1.039032314E0,-5.253056681E-1,1.557978331E0,1.944950045E0
1.193079396E1,-1.345705254E0,-1.158619934E-1,-6.129145002E-1,1.483243343E0
1.194076396E1,-1.168703312E0,4.436428696E-2,-2.185614951E0,2.478860290E0
1.195073396E1,-6.211084959E-1,-1.691365015E0,-1.167031739E0,2.146731110E0
1.196070396E1,-3.296461014E-1,-7.996321759E-1,-2.404475064E0,2.555303994E0
1.197067496E1,4.862182375E-1,-5.017948911E-1,-3.024974572E0,3.104621949E0
1.198064496E1,1.818355064E-1,-1.320977817E0,-5.082639581E-1,1.427017448E0
1.199061496E1,-3.151950003E-1,1.911279380E-1,6.552506804E-2,3.743945932E-1
1.200058496E1,-2.936036083E-1,-2.310924876E-1,-6.172613204E-2,3.787042804E-1
1.201055496E1,5.450873468E-1,-8.208932367E-1,1.001212889E-1,9.904595874E-1
1.202052496E1,1.065905167E0,1.955449247E-1,-3.376433748E-1,1.135074752E0
1.203049496E1,1.073800663E0,2.651668444E-1,-5.197361952E-1,1.222083070E0
1.204046496E1,8.567457318E-1,-8.249164134E-2,1.241089064E-1,8.696097634E-1
1.205043496E1,1.279085587E0,-3.961289799E-1,5.801572287E-1,1.459301380E0
1.206040496E1,1.202296077E-1,-4.885901240E-1,3.930445737E-1,6.384821882E-1
1.207037496E1,-3.143309645E-1,-1.018667997E0,5.088720685E-1,1.181287106E0
1.208034596E1,-6.218236104E-1,-4.533837461E-1,-1.908472717E-1,7.928707996E-1
1.209031596E1,1.845655348E-2,9.232814911E-1,-5.421029645E-1,1.070824440E0
1.210028596E1,2.317972963E-1,1.952016932E-1,6.993924809E-1,7.622227561E-1
1.211025596E1,4.147108100E-1,-9.057684955E-1,7.834830433E-1,1.267378121E0
1.212022596E1,2.864425598E-1,-2.785265628E-1,5.136211771E-1,6.507173732E-1
1.213019596E1,2.041177834E-1,2.366145980E-1,-5.880077004E-1,6.658855707E-1
1.214016596E1,3.766081966E-1,-2.379819694E-1,-2.336138070E-1,5.030353490E-1
1.215013596E1,6.836916836E-1,-1.202569654E0,1.531057166E0,2.063430187E0
1.216010596E1,7.760199496E-1,8.549939060E-1,1.109277036E0,1.601161167E0
1.217007596E1,7.064783560E-1,2.582797015E-1,1.367137492E-2,7.523343527E-1
1.218004596E1,6.504562560E-1,-4.504420120E-1,1.285532581E0,1.509498381E0
1.219001696E1,1.219251833E0,-9.517857903E-1,-4.037274367E-1,1.598582831E0
1.219998696E1,5.949690299E-1,1.904970235E-1,-4.778812408E-1,7.865416346E-1
1.220995696E1,2.308568448E-2,-1.335333024E0,1.976351874E0,2.385291169E0
1.221992696E1,-5.755877028E-1,-8.607917127E-1,1.902771682E-1,1.052838533E0
1.222989696E1,-6.405851327E-2,-5.542827147E-1,-6.376090461E-1,8.472768831E-1
1.223986662E1,-3.375036263E-1,-7.288086534E-2,5.493295383E-1,6.488322280E-1
1.224983663E1,6.044889548E-1,5.475864834E-1,1.091511440E-1,8.229045057E-1
1.225980663E1,1.348537499E0,-2.418496102E-2,-1.716251934E0,2.182809886E0
1.226977663E1,9.028194523E-1,7.812964770E-1,-1.487183168E0,1.907149948E0
1.227974663E1,1.063649896E0,2.095196532E0,-3.790967424E0,4.460115875E0
1.228971663E1,1.238470973E0,-1.097726738E0,-1.578124913E0,2.286764654E0
1.229968763E1,5.530659822E-1,-2.345424325E0,2.351779956E0,3.367159962E0
1.230965763E1,8.092849787E-1,2.766902447E-2,1.793624046E0,1.967941811E0
1.231962762E1,1.206948999E0,9.190270570E-1,2.729760348E0,3.122967847E0
1.232959763E1,-7.967777114E-1,2.170140880E0,1.292634024E0,2.648635286E0
1.233956763E1,9.076320762E-1,2.687312779E0,-3.234869149E0,4.302304541E0
1.234953763E1,6.302829234E-1,4.145807460E-1,-3.338801068E0,3.422970396E0
1.235950763E1,9.404413149E-2,-5.831325844E-1,-1.608709359E-1,6.121824627E-1
1.236947763E1,6.513050524E-1,1.336571757E0,-4.251931500E-1,1.546418943E0
1.237944763E1,5.245420948E-1,2.005845230E0,-4.933547276E-1,2.131187083E0
1.238941763E1,-9.351568937E-2,-5.988893688E-2,-2.050692789E0,2.053697345E0
1.239938763E1,4.674009108E-1,-1.376599456E0,-1.177613445E0,1.870899008E0
1.240935763E1,-4.117952055E-1,1.041880566E0,-2.268439007E-1,1.143043552E0
1.241932863E1,-1.977268133E-1,-2.537624350E-1,9.268947780E-1,9.811346470E-1
1.242929863E1,-2.516773179E-2,-5.902027452E-1,1.048064289E0,1.203084141E0
1.243926863E1,-9.664929264E-1,1.206148442E0,-1.066367244E0,1.877775742E0
1.244923863E1,-3.448184200E-1,2.038163960E-2,4.566400605E-1,5.725690342E-1
1.245920863E1,-3.482541709E-1,-3.927171296E-1,1.741832918E-1,5.530348366E-1
1.246917863E1,1.681408522E-1,1.309992068E0,-3.393915169E0,3.641841668E0
1.247914863E1,2.920758040E-1,-6.612268272E-1,3.044311899E-1,7.843516696E-1
1.248911863E1,-6.482190382E-1,-1.602876762E-1,2.732309150E0,2.812719920E0
1.249908863E1,1.325215733E0,7.591241276E-1,2.036367695E0,2.545438974E0
1.250905863E1,1.676120447E0,-6.509845519E-1,4.928554339E0,5.246313802E0
1.251902863E1,-3.737613335E-2,1.220374133E0,8.735471213E-1,1.501264325E0
1.252899963E1,1.318307101E0,2.144339748E0,-3.096297154E0,3.990386277E0
1.253896963E1,4.193111435E-1,-4.440550983E-2,-2.062272030E-1,4.693861349E-1
1.254893963E1,-6.974067664E-1,-1.719113562E-1,3.641376936E-1,8.053111027E-1
1.255890963E1,5.938182979E-1,-1.775463179E-1,-5.685645390E-1,8.410757997E-1
1.256887963E1,8.005422950E-3,-1.449023654E0,4.305258107E-1,1.511650128E0
1.257884963E1,-7.751501032E-1,8.723879108E-1,-2.356275880E-1,1.190562350E0
1.258881963E1,-8.355663858E-2,6.281757331E-1,-4.715919757E-1,7.899274999E-1
1.259878963E1,-2.528535584E-1,-1.772944491E0,2.719032462E0,3.255826257E0
1.260875962E1,-5.329720987E-1,-5.137100548E-1,1.406146021E0,1.589089020E0
1.261872963E1,-4.312511578E-2,1.317227121E0,-8.782705021E-1,1.583763283E0
1.262869963E1,-5.499984598E-1,7.452568710E-3,-1.308436709E0,1.419352130E0
1.263867063E1,2.433215006E-1,-6.304678416E-1,-6.734928238E-1,9.540899516E-1
1.264864063E1,6.717684069E-1,5.734685987E-1,-6.642817050E-1,1.105173837E0
1.265861063E1,-1.266792693E-1,4.022138849E-1,-2.357486254E-1,4.831159911E-1
1.266858063E1,-3.839517148E-1,-1.538563529E0,3.149678725E-1,1.616725522E0
1.267855063E1,-3.987851507E-1,-4.654620472E-1,-5.530822814E-2,6.154214116E-1
1.268852063E1,7.471597742E-1,7.836143133E-1,4.131794608E-1,1.158885839E0
1.269849063E1,8.529403639E-1,1.127678223E0,-1.366026521E-2,1.413984456E0
1.270846063E1,1.020229715E0,-3.619262767E-1,-3.556984073E-1,1.139465076E0
1.271843063E1,1.123567996E0,-1.324824116E0,-1.217953386E0,2.121550006E0
1.272840062E1,2.192269521E-1,6.161754924E-1,-1.287254001E0,1.443868262E0
1.273837063E1,5.626651369E-2,4.538094234E-1,-9.206312406E-1,1.027944938E0
1.274834163E1,8.546896315E-1,-1.530730891E0,4.642695075E-1,1.813609000E0
1.275831163E1,-3.848242655E-1,5.150812268E-1,-3.658778250E-1,7.397735927E-1
1.276828163E1,-9.250002801E-1,1.480975764E0,-5.537892097E-1,1.831828928E0
1.277825163E1,2.874674671E-1,-5.780095464E-1,9.962024099E-1,1.187077008E0
1.278822163E1,-3.642756148E-1,6.141915321E-3,1.618830889E-1,3.986735271E-1
1.279819163E1,6.402823931E-1,1.604399961E-1,-1.611178638E0,1.741148799E0
1.280816162E1,4.464346227E-1,-1.062469197E0,1.900176687E0,2.222344733E0
1.281813163E1,-6.947917454E-1,2.906665519E-1,1.093788931E0,1.328004834E0
1.282810163E1,1.535937106E-1,1.761967513E0,-2.842390001E-2,1.768877741E0
1.283807163E1,4.384578511E-2,1.098789470E0,-1.790817967E0,2.101497024E0
1.284804162E1,-7.864417344E-2,-3.022680125E-1,-5.839672744E-1,6.622451472E-1
1.285801263E1,2.384656072E-1,-1.785479167E0,2.205007242E0,2.847254579E0
1.286798263E1,-1.773592070E-1,8.694397447E-1,-1.717906111E-1,9.038217590E-1
1.287795263E1,2.801637100E-1,5.674222854E-1,1.735435479E0,1.847213051E0
1.288792262E1,1.949102095E-1,-3.262032974E-1,2.064485786E0,2.099166535E0
1.289789263E1,9.678524771E-1,-2.964468169E-1,5.524320710E-1,1.153169686E0
1.290786263E1,8.927656766E-1,7.317620820E-1,4.188723099E-1,1.227990354E0
1.291783263E1,6.615243043E-1,5.271256140E-1,-3.649001706E-1,9.212100480E-1
1.292780262E1,1.344503651E0,3.205335447E-1,-2.288574479E0,2.673575315E0
1.293777263E1,4.927538531E-1,-4.540436044E-1,1.143047045E0,1.324959811E0
1.294774263E1,-4.421601619E-1,-1.242731547E0,1.717389218E0,2.165482171E0
1.295771263E1,-5.840601721E-1,3.121544847E-1,3.166963094E-1,7.340730613E-1
1.296768363E1,-7.164358719E-1,1.927211581E0,3.826622576E-1,2.091376399E0
1.297765363E1,-3.476831172E-1,1.236497245E0,-3.937579340E-1,1.343448659E0
1.298762363E1,5.342108314E-1,-1.547188464E0,-6.573030531E-2,1.638137305E0
1.299759363E1,1.417522949E-1,8.907610318E-1,-3.966762793E-1,9.853430872E-1
1.300756362E1,-7.826337352E-2,5.532962894E-1,-6.906660962E-1,8.884152160E-1
1.301753363E1,-5.643664574E-1,-9.374320453E-1,4.299966377E-1,1.175663832E0
1.302750363E1,-6.938545098E-1,2.289795962E-1,-6.779244286E-1,9.967182486E-1
1.303747363E1,-3.362901098E-1,-6.842046306E-1,-1.031582742E0,1.282727550E0
1.304744363E1,-6.446564028E-1,-1.694884746E0,-4.235769796E-1,1.862158328E0
1.305741363E1,-1.809406266E-2,-7.447657049E-2,-3.691054881E-1,3.769788004E-1
1.306738363E1,7.286073630E-1,3.441995654E-1,-7.698824197E-1,1.114477891E0
1.307735363E1,4.819885444E-1,-1.242841182E0,5.643685770E-1,1.447576959E0
1.308732462E1,9.592040066E-1,1.184591220E0,-1.095856506E0,1.877293309E0
1.309729463E1,9.923979921E-1,8.633057231E-1,-1.318594492E0,1.862482746E0
1.310726463E1,-9.828508046E-2,-1.072500973E0,-2.858727121E-1,1.114289685E0
1.311723463E1,-7.573277168E-2,6.452627590E-1,1.752135712E-1,6.729036160E-1
1.312720462E1,-1.099755283E-1,7.393359804E-1,-1.100491594E0,1.330336069E0
1.313717463E1,3.641954349E-1,1.223672547E0,-3.645436658E0,3.862540776E0
1.314714463E1,3.335783539E-1,-4.916683906E-1,2.319113317E0,2.394013137E0
1.315711463E1,-7.754419523E-1,-3.694463807E-1,-1.118712687E-1,8.662078448E-1
1.316708463E1,1.269514426E0,6.927275321E-1,7.806909978E-2,1.448320785E0
1.317705463E1,2.145714721E-1,1.861843219E0,1.434364100E0,2.360063867E0
1.318702463E1,-2.015996069E-1,1.704812441E0,-1.811427648E0,2.495655823E0
1.319699563E1,1.457169995E0,-5.712972352E-1,-2.472214472E-1,1.584564094E0
1.320696562E1,-6.449989765E-1,1.191192434E0,-4.734724402E-2,1.355435301E0
1.321693563E1,5.608506728E-2,3.020373398E-1,-1.323379269E0,1.358567178E0
1.322690563E1,-4.556366052E-2,-1.189451425E0,2.425770038E-1,1.214789835E0
1.323687583E1,-9.263846084E-1,3.331141216E-1,1.732829960E0,1.992950860E0
1.324684583E1,4.977530763E-1,-1.093086973E0,1.178322712E0,1.682569959E0
1.325681583E1,4.666214404E-1,-1.180386195E0,2.868246388E-1,1.301274572E0
1.326678583E1,1.724630044E-1,-3.431993991E-2,4.253235430E-1,4.602406570E-1
1.327675583E1,-2.860780225E-1,-7.956464213E-1,8.623713380E-1,1.207716104E0
1.328672583E1,6.261319119E-2,-1.389590800E0,1.311077312E0,1.911493322E0
1.329669583E1,4.512962902E-1,-1.702623244E0,3.242889774E0,3.690383224E0
1.330666683E1,2.592148174E-1,-9.311459962E-1,2.910948020E0,3.067220820E0
1.331663683E1,-1.284871553E-1,1.983641598E-1,1.688147292E0,1.704610973E0
1.332660683E1,6.939197794E-2,2.689242652E-1,1.905544431E0,1.925677825E0
1.333657683E1,-1.223393197E0,8.525547400E-1,-2.330948666E0,2.767103572E0
1.334654683E1,1.054599795E-1,-1.072247788E-1,-2.791513377E-1,3.170874167E-1
1.335651683E1,-8.474042932E-1,4.697682291E-2,-4.605693895E-1,9.656215721E-1
1.336648683E1,-4.355026683E-1,-7.884268641E-1,-1.455692403E0,1.711817709E0
1.337645683E1,-6.501247188E-1,3.488615504E-1,-1.628119192E0,1.787495072E0
1.338642683E1,-1.489147394E0,1.190298979E0,-2.629812137E0,3.248119994E0
1.339639683E1,-1.343254686E0,3.058000231E-1,-1.345993960E0,1.926018314E0
1.340636683E1,-1.195568636E0,-7.508304369E-1,4.900773633E-1,1.494425151E0
1.341633783E1,-2.195374027E-1,-1.577730811E-1,-3.389847261E-1,4.335892766E-1
1.342630783E1,5.889431819E-1,-1.166238856E-1,7.312615603E-1,9.461493919E-1
1.343627783E1,-1.305938340E-1,1.636362304E0,-3.691177672E-1,1.682552901E0
1.344624783E1,3.197208548E-1,2.184940183E0,1.455359697E0,2.644665739E0
1.345621783E1,1.279362014E0,-7.265466580E-1,1.899294927E0,2.402490048E0
1.346618783E1,3.795925059E-1,9.057307810E-2,9.177719522E-1,9.972959988E-1
1.347615783E1,6.337127540E-1,3.284158253E0,-1.117623936E0,3.526523862E0
1.348612783E1,2.748312686E-1,2.277826127E0,-5.067238600E0,5.562457291E0
1.349609783E1,-7.221574455E-1,1.310594039E0,-3.381525503E0,3.697821364E0
1.350606783E1,4.154614829E-2,-1.277666321E0,-1.967774593E0,2.346549416E0
1.351603783E1,-5.578543402E-2,-2.634277948E0,7.841431940E-1,2.749074912E0
1.352600883E1,1.748219174E-1,2.147860357E0,2.438611693E0,3.254334618E0
1.353597883E1,-2.847854589E-1,6.271287891E-1,1.542402518E0,1.689200641E0
1.354594883E1,-1.784314109E0,-2.500279646E0,1.638090448E0,3.481165820E0
1.355591883E1,-1.242617818E0,2.761517161E-1,-4.242032164E-1,1.341755262E0
1.356588883E1,-1.198145504E0,9.967093635E-1,-9.871953589E-1,1.844867714E0
1.357585883E1,-2.857358507E-1,-5.690717849E-1,4.903188533E-1,8.036791964E-1
1.358582883E1,3.236391471E-1,-1.113279455E0,1.755226550E0,2.103557388E0
1.359579883E1,-4.243349250E-1,-1.079181124E0,5.923948663E-1,1.302161167E0
1.360576883E1,-7.544244280E-1,5.094123513E-1,8.047318250E-1,1.215010482E0
1.361573883E1,-8.497676647E-1,5.397199318E-1,1.067086451E0,1.466995631E0
1.362570883E1,-7.678196682E-1,-1.404552070E0,1.504482740E-1,1.607777424E0
1.363567883E1,-3.906324145E-1,-1.171349030E0,-1.232163874E0,1.744385292E0
1.364564983E1,-5.788051697E-1,-9.061628902E-1,-1.580038707E0,1.911195679E0
1.365561983E1,-3.551425929E-1,1.961656067E-1,-1.992093748E-1,4.519862626E-1
1.366558983E1,-3.523062182E-1,-1.359972021E0,2.856177735E0,3.182985207E0
1.367555983E1,-3.828646808E-1,-1.222376220E0,2.887442797E0,3.158815426E0
1.368552983E1,3.438835233E-2,3.400459957E-1,-4.791582727E-1,5.885630708E-1
1.369549983E1,-7.226694424E-2,6.445587543E-1,-7.777451706E-1,1.012702350E0
1.370546983E1,-4.111367725E-1,1.441945307E0,-2.101550117E0,2.581618215E0
1.371543983E1,3.952707183E-1,2.211764577E0,-4.051927489E0,4.633169311E0
1.372540983E1,3.453978791E-1,-6.658133832E-1,-1.188470555E0,1.405371629E0
1.373537983E1,1.705839286E-1,-1.290790982E0,-3.515755355E-1,1.348645836E0
1.374534983E1,4.285087040E-1,1.965163519E0,-2.629583511E0,3.310618795E0
1.375532083E1,4.009450025E-1,2.018303600E0,-1.357680205E0,2.465279265E0
1.376529083E1,-4.930949651E-2,-9.186738852E-1,-6.710931265E-1,1.138753318E0
1.377526083E1,1.910420936E-1,-6.658841345E-1,-1.310494929E0,1.482327805E0
1.378523083E1,-2.100980232E-1,-8.207923722E-1,2.344144662E0,2.492560028E0
1.379520083E1,-7.832571946E-2,-2.763335645E0,8.321863151E0,8.769011638E0
1.380517083E1,-2.009356556E-1,1.366311865E0,4.855171198E0,5.047758969E0
1.381514083E1,-5.690440106E-1,4.060920507E0,-1.922670926E0,4.528967867E0
1.382511083E1,-2.771953710E-1,2.208030545E0,-4.837279302E0,5.324613339E0
1.383508083E1,4.899938577E-1,2.285408796E0,-4.488840213E0,5.060916301E0
1.384505083E1,9.480758782E-1,2.999209401E-1,-1.772831347E0,2.032666088E0
1.385502083E1,8.708701929E-1,-3.009360752E0,2.618167992E0,4.082826308E0
1.386499183E1,-2.668538027E-1,7.011656490E-1,1.703321986E0,1.861222719E0
1.387496183E1,-3.881653646E-1,7.313176936E-1,6.364156294E-1,1.044280984E0
1.388493183E1,1.326092669E0,3.401576775E-1,-1.645027000E0,2.140173555E0
1.389490183E1,1.254410483E0,-1.105711403E-1,-2.518039101E0,2.815367215E0
1.390487183E1,1.741738485E0,-2.851780922E0,1.164405754E0,3.538664739E0
1.391484183E1,9.300039618E-1,-5.846069598E-1,2.468893254E0,2.702241026E0
1.392481183E1,4.885650540E-1,5.781188893E-1,1.784274933E0,1.938183247E0
1.393478183E1,5.476010283E-1,-1.053389056E0,9.915626442E-1,1.546832850E0
1.394475183E1,-3.668946558E-1,-1.766282758E0,-1.413564384E-2,1.804041653E0
1.395472183E1,3.819876350E-2,-1.251001264E0,2.563091898E-1,1.277559278E0
1.396469183E1,2.880869796E-1,1.091655282E0,5.569584006E-1,1.258931302E0
1.397466283E1,3.528672586E-1,6.876521489E-1,1.692439148E0,1.860572775E0
1.398463283E1,5.069169058E-1,6.846007794E-2,-6.205024320E-1,8.041609290E-1
1.399460283E1,9.962578853E-1,5.731344303E-1,-1.424496923E0,1.830356340E0
1.400457283E1,3.406076208E-1,3.557326135E-1,-1.873364865E0,1.937022240E0
1.401454283E1,6.581815973E-1,-2.686319044E-1,1.899696046E-1,7.358359639E-1
1.402451283E1,-2.744741499E-1,-8.373347300E-1,7.068213683E-1,1.129629123E0
1.403448283E1,-2.933018920E-1,-4.852887860E-1,6.871630293E-1,8.909120240E-1
1.404445283E1,4.209854206E-1,1.660492301E-2,-2.942962110E-2,4.223393782E-1
1.405442283E1,6.270890281E-1,-1.935919547E-1,1.349839089E0,1.500927733E0
1.406439283E1,7.850858382E-1,7.033659562E-1,2.144144744E-1,1.075665844E0
1.407436283E1,4.947519198E-1,7.035244158E-1,-2.479791294E0,2.624707780E0
1.408433283E1,-5.335511193E-2,1.576543826E-1,-2.143819054E0,2.150270171E0
1.409430383E1,-1.963053551E-1,8.229286525E-1,-1.971571190E0,2.145423109E0
1.410427383E1,8.991117328E-2,8.773539510E-1,-8.010860860E-1,1.191458305E0
1.411424383E1,-4.429294362E-1,-9.982539055E-1,1.275975891E0,1.679527261E0
1.412421383E1,2.622673564E-2,-2.772629210E0,1.416168149E0,3.113469576E0
1.413418383E1,2.064268123E-1,-8.129886782E-1,-8.846281797E-1,1.219069168E0
1.414415383E1,6.353842536E-1,-3.622513819E-1,-1.618941402E0,1.776488243E0
1.415412383E1,-1.580903656E-1,-8.063330850E-1,-7.038527369E-2,8.246936973E-1
1.416409383E1,-6.899701314E-1,-6.057072222E-2,1.052077818E0,1.259601258E0
1.417406383E1,1.693776114E-1,-1.934986916E-1,1.810292704E0,1.828466623E0
1.418403383E1,5.127615633E-1,7.571319813E-1,2.702759660E0,2.853258320E0
1.419400383E1,9.818869641E-1,2.631206405E0,7.131954181E-1,2.897584660E0
1.420397483E1,1.397501059E0,-1.593779956E0,2.550857769E0,3.316627672E0
1.421394483E1,-2.512281056E-1,-1.481233041E0,2.715873796E-1,1.526737236E0
1.422391483E1,-2.014609183E-1,2.174014952E0,-5.141484790E0,5.585856547E0
1.423388546E1,-6.880849160E-1,-7.835824460E-2,-1.743710459E0,1.876200157E0
1.424385546E1,-2.280756605E0,-2.753132254E-1,-9.989763290E-1,2.505115121E0
1.425382546E1,-5.893641814E-1,-5.030067265E-3,-1.270155573E0,1.400239486E0
1.426379546E1,-6.067643988E-1,-9.361497509E-1,-1.109008648E0,1.573035147E0
1.427376546E1,-3.023008300E-1,-7.317468792E-1,-2.497429420E0,2.619922326E0
1.428373546E1,1.240763082E-1,2.378416362E-1,-3.115572501E0,3.127100187E0
1.429370546E1,5.577678014E-1,-5.068781680E-1,-3.703790701E0,3.779695220E0
1.430367546E1,1.815290026E-1,-2.123092428E0,-2.316186785E0,3.147252049E0
1.431364646E1,-2.778153221E-1,-3.209539303E0,3.012216532E0,4.410416344E0
1.432361646E1,-6.903705195E-1,-8.553798223E-1,2.467074185E0,2.700877844E0
1.433358646E1,-1.341814370E0,-1.566586018E-2,2.614250357E0,2.938539799E0
1.434355646E1,2.160289272E-1,-4.229489887E-1,-2.234011770E0,2.283935843E0
1.435352646E1,1.628534051E0,-1.599555251E0,-2.207823261E0,3.175717826E0
1.436349646E1,1.237977760E0,-8.154488942E-1,-2.639400401E0,3.027206685E0
1.437346646E1,1.353971316E0,-9.923663440E-1,-7.126428562E-1,1.823702039E0
1.438343646E1,1.031932771E0,-1.859903405E0,2.089667405E0,2.981750456E0
1.439340646E1,1.070580966E0,-1.501044285E0,9.690245515E-1,2.082855284E0
1.440337646E1,7.538943779E-1,1.895832206E0,-4.386329752E-1,2.086848191E0
1.441334646E1,7.438272268E-1,1.146518537E0,2.861340827E-1,1.396300975E0
1.442331746E1,3.849454125E-1,-7.010896352E-1,1.467333040E0,1.671160046E0
1.443328746E1,-2.766690120E-1,1.379363143E0,1.870378107E-1,1.419215122E0
1.444325746E1,-1.079941993E-1,1.944677507E0,5.951705396E-2,1.948582980E0
1.445322746E1,-9.189932162E-1,-3.127032459E-2,-4.326465958E-1,1.016223126E0
1.446319746E1,-1.029969276E0,1.242792650E0,-1.199711242E0,2.011138321E0
1.447316746E1,-3.963677656E-1,1.717320220E0,-1.428270716E0,2.268535515E0
1.448313746E1,-1.106205493E-2,1.096994667E0,-1.845588251E0,2.147024840E0
1.449310746E1,1.904650100E-1,5.324278691E-1,1.548071394E0,1.648114497E0
1.450307746E1,9.521854475E-2,5.169207609E-1,8.057129878E-1,9.620015920E-1
1.451304746E1,-4.170256130E-2,4.330015218E-1,1.192061915E0,1.268952730E0
1.452301746E1,-9.665491328E-2,6.403154299E-1,2.475909328E0,2.559193823E0
1.453298846E1,4.936310817E-2,-5.103920522E-1,2.763739103E-1,5.825112031E-1
1.454295846E1,-4.272321107E-1,7.957554719E-1,-1.827812131E0,2.038786706E0
1.455292846E1,8.932656866E-1,1.024705540E0,-9.405521196E-1,1.653052727E0
1.456289846E1,2.465873532E-1,1.124878284E0,-3.196966912E0,3.398051488E0
1.457286846E1,5.282275218E-1,-1.799324789E0,-2.414184365E0,3.056939672E0
1.458283846E1,7.583730528E-1,-2.028546167E0,-4.094912125E0,4.632324962E0
1.459280846E1,-2.732874575E-1,-6.287338498E-1,-3.691815019E0,3.754928817E0
1.460277846E1,-7.617496736E-2,-1.422052202E0,-8.539554405E-1,1.660504437E0
1.461274846E1,6.063372597E-1,-8.411827826E-1,-2.693098891E0,2.885830033E0
1.462271846E1,1.025882657E-1,1.509015502E0,-4.894756263E0,5.123113410E0
1.463268946E1,1.754284929E-1,1.633943018E0,-2.295598154E0,2.823174778E0
1.464265946E1,4.910883834E-1,8.113888800E-1,4.586819082E-1,1.053522097E0
1.465262946E1,-2.264290042E-1,-1.936323590E0,4.680586202E0,5.070355642E0
1.466259946E1,-1.315699974E0,-2.120121166E0,7.192526658E0,7.613042749E0
1.467256946E1,-1.149696937E0,2.375403000E0,1.767361861E0,3.176147101E0
1.468253946E1,-9.237437135E-1,1.902222628E0,-9.313141036E-1,2.310649115E0
1.469250946E1,-3.913194623E-1,4.403196046E-1,-2.891312485E0,2.950711806E0
1.470247946E1,3.192123663E-1,2.217679328E-1,-9.730480206E-1,1.047807235E0
1.471244946E1,-7.695457663E-1,2.494028680E0,-8.148925316E-1,2.734306051E0
1.472241946E1,-2.232155206E-1,2.051069934E0,-1.411559374E0,2.499842577E0
1.473238946E1,2.583444959E-1,-2.531143296E0,4.110316615E0,4.834059468E0
1.474236046E1,2.706179478E-1,-3.712514162E-1,3.803389249E0,3.831035299E0
1.475233046E1,1.221289076E0,3.021536117E0,2.807596729E0,4.301607479E0
1.476230046E1,6.469768703E-1,1.537290298E0,3.671930392E0,4.032978222E0
1.477227046E1,4.672612720E-1,1.279705245E0,1.247305824E0,1.847092426E0
1.478224046E1,5.944679967E-1,1.250593128E0,-1.004044695E0,1.710403789E0
1.479221046E1,-9.214934126E-1,1.666726018E0,-2.486613826E0,3.132151664E0
1.480218046E1,-9.226951616E-1,2.052519751E0,-4.294651258E-1,2.290991922E0
1.481215046E1,-1.106351674E0,-1.138317524E0,2.426331956E0,2.899459876E0
1.482212046E1,-6.678088917E-1,-1.590404651E0,1.502023401E0,2.287231944E0
1.483209046E1,1.730522576E-1,-4.641212806E-1,4.635025867E0,4.661418286E0
1.484206046E1,-4.275012653E-2,2.345119101E0,1.227056331E0,2.647088667E0
1.485203146E1,8.182565079E-1,1.496205422E0,-1.206740765E0,2.089114083E0
1.486200146E1,1.330777458E0,-2.826081239E0,-1.717245961E0,3.564637079E0
1.487197146E1,4.480382216E-1,-2.204114080E0,-4.509217760E0,5.039037798E0
1.488194146E1,8.013980350E-1,7.098592892E-1,-4.344782946E0,4.474737743E0
1.489191146E1,8.677671486E-1,3.380108723E-1,-3.373821797E0,3.499992099E0
1.490188146E1,2.391875922E-1,-1.217164596E0,-2.074668712E0,2.417219606E0
1.491185146E1,-9.764711268E-2,-1.447053142E0,-9.605571985E-2,1.453521399E0
1.492182146E1,-2.465994131E-1,-6.727382407E-1,2.067852028E0,2.188469790E0
1.493179146E1,-5.137660418E-1,7.645132139E-1,2.187477874E0,2.373498568E0
1.494176146E1,1.833323936E-1,3.404494244E0,3.458359087E-1,3.426921986E0
1.495173246E1,4.889174949E-2,6.449267195E0,-4.793722808E-1,6.467243272E0
1.496170246E1,4.991481123E-1,5.019281491E0,2.055679294E0,5.446847977E0
1.497167246E1,7.614706884E-1,9.062941602E-1,3.582665629E0,3.773155141E0
1.498164246E1,5.985230773E-1,-2.685595159E0,-9.867351830E-2,2.753250387E0
1.499161246E1,6.220400304E-1,-1.133417265E0,-3.769851959E0,3.985392363E0
1.500158246E1,4.765408032E-1,-1.004968556E0,-6.936060762E-1,1.310779281E0
1.501155246E1,-1.522968347E-1,2.857395710E0,-2.566758102E0,3.843976031E0
1.502152246E1,6.060962448E-1,2.985291858E0,2.168846891E0,3.739413988E0
1.503149246E1,-8.339417370E-1,-9.207242113E-1,7.518784919E0,7.620716407E0
1.504146246E1,-3.349564696E-1,-7.472879013E-1,4.918770193E0,4.986475233E0
1.505143246E1,7.623897976E-1,4.056672505E-1,3.377992616E0,3.486637095E0
1.506140346E1,-3.752077520E-1,2.710506637E0,-7.313767505E-1,2.832408698E0
1.507137346E1,3.984299689E-1,1.291215490E0,4.068486219E0,4.287022743E0
1.508134346E1,-5.618593175E-2,4.779321116E-1,2.447942680E0,2.494794446E0
1.509131346E1,-1.613601432E0,-1.059546466E0,1.733553261E-1,1.938143536E0
1.510128346E1,-8.410130672E-1,-9.850459224E-1,6.430627441E-1,1.446080268E0
1.511125346E1,-1.171091095E0,3.398004127E-1,1.377530918E0,1.839703808E0
1.512122346E1,-1.146770990E0,-1.035108613E0,-3.178780317E-1,1.577206388E0
1.513119346E1,3.699780023E-1,-3.754503018E0,-1.827623266E0,4.192061955E0
1.514116346E1,-7.407571462E-1,-2.703215159E0,-2.369890537E0,3.670486957E0
1.515113346E1,-6.552084343E-1,-1.531166801E0,-1.990924305E0,2.595678996E0
1.516110446E1,-3.175816510E-1,-2.268583141E0,9.134146070E-1,2.466100934E0
1.517107446E1,-3.453273471E-1,-1.337463749E0,1.547331136E-1,1.389964961E0
1.518104446E1,2.809868153E-1,1.073043010E-1,-1.438679345E0,1.469784358E0
1.519101446E1,1.834400189E-1,1.319675935E0,-2.091035069E0,2.479439951E0
1.520098446E1,-4.137010324E-1,2.910699805E0,-5.634669363E-2,2.940492620E0
1.521095446E1,-3.659266127E-1,6.039445791E-1,1.179307968E0,1.374561248E0
1.522092446E1,-6.003226310E-1,3.043162921E-1,4.189822376E-2,6.743523768E-1
1.523089446E1,-8.995249848E-1,2.972797528E-1,-8.574778032E-1,1.277806180E0
1.524086425E1,-8.153484683E-1,5.777195245E-1,-9.651934558E-1,1.389298881E0
1.525083425E1,1.300063716E-1,1.652733046E-1,-8.066497117E-1,8.336070293E-1
1.526080525E1,1.822867652E-1,-1.765286100E0,-3.719507432E-1,1.813232151E0
1.527077525E1,1.994310208E-1,1.684783097E0,-3.872585199E0,4.227905266E0
1.528074525E1,5.614997503E-1,1.705272910E0,-3.837047576E0,4.236292219E0
1.529071525E1,1.642008521E-1,-4.031808097E0,-2.185045432E0,4.588775653E0
1.530068525E1,-3.168489218E-2,-1.275482679E0,-1.533233500E0,1.994659109E0
1.531065525E1,7.244466305E-2,1.081071529E0,1.457414993E0,1.816045798E0
1.532062525E1,-6.818199898E-1,-2.204144778E0,7.407169758E0,7.758176108E0
1.533059525E1,-8.559160119E-1,7.976274580E-2,6.221332204E0,6.280440169E0
1.534056525E1,-1.316045106E0,1.053618559E-1,5.138135505E0,5.305045929E0
1.535053525E1,-1.255726545E0,1.351268441E0,6.773899931E-1,1.965103752E0
1.536050625E1,4.056725129E-2,1.946996512E0,1.254799615E0,2.316670714E0
1.537047625E1,-3.256241307E-3,-1.679336415E0,3.206319534E0,3.619484266E0
1.538044625E1,3.582283148E-1,-1.218935133E0,1.075961355E0,1.664879342E0
1.539041625E1,1.145800279E-1,1.264369461E0,6.477393472E-1,1.425245585E0
1.540038625E1,-1.657890290E-2,-4.204688922E-1,8.743856120E-1,9.703706239E-1
1.541035625E1,-6.583783561E-1,-2.479945076E0,1.099330922E0,2.791436568E0
1.542032625E1,-5.072830146E-1,5.896437514E-1,-2.103215988E0,2.242439142E0
1.543029625E1,-3.219126836E-1,-8.140210041E-1,-4.016433721E0,4.110717432E0
1.544026625E1,-4.055460669E-2,-1.322419741E0,-2.097499750E0,2.479908032E0
1.545023625E1,-2.918991815E-1,-4.436139259E-1,-1.236477950E0,1.345687990E0
1.546020725E1,-4.120782108E-1,-2.023098901E0,1.547395456E0,2.580149281E0
1.547017725E1,-8.289210252E-1,6.628315955E-2,-6.410559797E-1,1.049979187E0
1.548014725E1,-9.783765882E-1,1.889622171E0,-2.331225239E0,3.156343424E0
1.549011725E1,-8.258179810E-1,7.975748330E-1,-9.722481215E-1,1.504449189E0
1.550008725E1,-9.295809889E-1,-1.629861077E0,2.623750913E-1,1.894573470E0
1.551005725E1,-7.094864561E-1,-1.743773609E0,1.719639811E0,2.549760481E0
1.552002725E1,-9.773145877E-1,8.905204189E-1,3.371334976E-1,1.364488701E0
1.552999725E1,-1.056153473E0,7.405276430E-1,-6.015264630E-2,1.291301549E0
1.553996725E1,6.664802581E-3,-8.207227904E-1,-1.503668223E0,1.713081563E0
1.554993725E1,-6.918884566E-1,-1.286811951E0,1.509248806E0,2.100577681E0
1.555990825E1,-2.364564309E-1,-1.077739201E0,-6.930207700E-1,1.302962477E0
1.556987825E1,-7.747665989E-1,-1.171505151E0,-8.409564954E-1,1.637038616E0
1.557984825E1,-5.361886521E-1,-1.215431482E-1,2.078081147E0,2.149579555E0
1.558981825E1,-6.518845115E-1,8.254353538E-1,-7.283882385E-1,1.279392968E0
1.559978825E1,2.985791868E-1,1.741392915E0,1.818536693E0,2.535483094E0
1.560975825E1,-3.696681364E-1,4.829986070E0,-1.562690603E0,5.089933388E0
1.561972825E1,-1.470759947E0,3.503156652E0,-5.842448418E0,6.969178206E0
1.562969825E1,-5.948349825E-1,6.939785439E-1,-2.188553177E0,2.371750384E0
1.563966825E1,-2.033661787E-1,-4.669314817E0,1.492531031E-1,4.676123945E0
1.564963825E1,-4.565305714E-1,-3.535344113E0,3.044529415E0,4.687881986E0
1.565960925E1,-3.073715354E-1,2.769896806E0,2.958111076E0,4.064139111E0
1.566957925E1,4.164087318E-2,3.195169478E0,1.396434966E0,3.487244266E0
1.567954925E1,4.425825136E-1,-9.875616869E-1,3.862291176E0,4.011041073E0
1.568951925E1,1.127946684E0,-1.841583493E0,1.988439238E0,2.935572191E0
1.569948925E1,-5.446655799E-1,-1.525909862E0,3.217784754E0,3.602665711E0
1.570945925E1,-5.195878952E-1,1.426635250E0,2.037179874E0,2.540740356E0
1.571942925E1,3.821609319E-1,-4.494099784E-1,1.378188729E-3,5.899306789E-1
1.572939925E1,-1.562883999E-2,-1.630510118E0,-2.057145191E0,2.625005494E0
1.573936925E1,8.744885230E-1,-1.995601200E0,-2.567154543E0,3.367111043E0
1.574933925E1,3.850630512E-1,-7.988328615E-1,-1.868964835E0,2.068680025E0
1.575931025E1,3.676706179E-1,-1.197076779E0,6.982902807E-1,1.433800479E0
1.576928025E1,5.343799621E-2,-2.526459384E0,2.346378883E0,3.448383172E0
1.577925025E1,-1.296022924E0,-3.064731253E0,3.434472626E0,4.782034639E0
1.578922025E1,-7.022117159E-1,1.487645683E0,1.585454398E0,2.284700553E0
1.579919025E1,4.962162088E-1,2.956598109E0,9.055869395E-1,3.131739231E0
1.580916025E1,-3.224587770E-1,1.637795456E0,-1.424864713E0,2.194673796E0
1.581913025E1,4.708740472E-1,-1.278093168E0,-1.461033250E0,1.997464060E0
1.582910025E1,-8.069841725E-1,-1.126649990E0,-3.766316732E0,4.013191421E0
1.583907025E1,-7.314721332E-1,-1.889267537E-1,-3.599043680E0,3.677480144E0
1.584904025E1,1.195352874E-1,-2.044859314E0,-8.040599799E-1,2.200511475E0
1.585901125E1,2.268979143E-1,-8.420312136E-1,4.634356946E-1,9.875585407E-1
1.586898125E1,9.989239233E-1,2.329625441E0,-1.474084235E0,2.932222371E0
1.587895125E1,1.376287507E0,2.525279124E0,-2.056147656E0,3.535384723E0
1.588892125E1,1.585944394E0,-7.688036084E-1,7.739854109E-1,1.924923902E0
1.589889125E1,7.429002969E-1,-2.587691134E0,1.929791665E0,3.312422396E0
1.590886125E1,-1.034756099E0,-1.180303749E0,2.051945263E0,2.583469854E0
1.591883125E1,-3.689596000E-1,1.340959215E0,4.532287949E-1,1.462777886E0
1.592880125E1,3.741113625E-1,1.334995347E0,-3.308173352E-1,1.425346273E0
1.593877125E1,1.364553753E0,2.408648221E0,2.178345108E-1,2.776876856E0
1.594874225E1,1.467971995E0,-9.641555750E-1,4.134355688E-1,1.804291196E0
1.595871225E1,8.306582330E-1,-1.233395005E0,4.912649328E-1,1.566077129E0
1.596868225E1,-9.564126190E-2,1.398071309E0,7.606256926E-1,1.594459808E0
1.597865225E1,-4.684873600E-1,1.346955827E-1,7.299424285E-1,8.777466920E-1
1.598862225E1,-9.486014698E-2,-1.648956037E0,1.207324902E0,2.045895373E0
1.599859225E1,-2.765876991E-1,-2.017456923E0,2.951382101E-2,2.036542230E0
1.600856225E1,9.409960695E-2,-5.763141462E-1,-9.986553168E-1,1.156851405E0
1.601853225E1,4.974489115E-1,3.561349019E-1,2.124437873E0,2.210774471E0
1.602850225E1,3.244009662E-2,-1.194574756E0,2.721338603E0,2.972161672E0
1.603847225E1,5.550941986E-1,-2.345821059E0,3.097017531E0,3.924604897E0
1.604844325E1,-1.035567108E-1,1.907165864E-1,1.795163033E0,1.808233150E0
1.605841325E1,-9.149452619E-2,1.779872856E0,-5.914341688E-1,1.877794720E0
1.606838325E1,1.620649374E0,1.377199088E0,1.581496418E-1,2.132649298E0
1.607835325E1,5.149459369E-1,-5.282398009E-1,-2.369539704E0,2.481718158E0
1.608832325E1,1.144983497E0,-3.549839360E0,-5.716553771E-1,3.773478046E0
1.609829325E1,1.037568318E-1,-2.784499642E-1,-1.326748434E0,1.359618061E0
1.610826325E1,-9.620814215E-1,-2.132608187E-1,2.125778639E-1,1.008102270E0
1.611823325E1,4.933810401E-1,-2.503684479E0,2.862872797E0,3.835088197E0
1.612820325E1,3.642347574E-2,-3.590175793E-1,1.912659908E0,1.946403919E0
1.613817325E1,6.619903274E-1,1.178064558E0,2.555964142E0,2.891196982E0
1.614814425E1,-2.371820703E-2,1.730106912E0,7.870989615E-1,1.900883283E0
1.615811425E1,2.837261993E-1,9.860551518E-1,1.166158165E0,1.553296554E0
1.616808425E1,5.174485452E-1,-6.760591668E-1,1.398041781E0,1.636865851E0
1.617805425E1,-3.779343452E-1,1.635346350E-1,9.563840407E-1,1.041272481E0
1.618802425E1,6.403535099E-1,1.686366815E0,1.866281548E0,2.595552440E0
1.619799425E1,-4.235828999E-1,2.347040496E0,1.653223627E0,2.901925210E0
1.620796425E1,5.326981567E-1,1.935028139E0,1.461141424E0,2.482546170E0
1.621793425E1,7.290963364E-1,1.982450812E0,-1.630638757E0,2.668459377E0
1.622790425E1,-7.668534889E-1,-1.559952351E-1,-1.460242707E-1,7.960665013E-1
1.623787483E1,2.630403583E-1,-1.288523139E0,7.131983417E-1,1.496039433E0
1.624784483E1,-3.733548059E-1,8.030615678E-1,-2.562974954E-1,9.219490761E-1
1.625781483E1,-1.763099972E-1,3.648186019E0,1.939527864E0,4.135470321E0
1.626778483E1,8.631104261E-2,1.996058160E-1,1.082643553E0,1.104268600E0
1.627775483E1,4.235948867E-1,-2.063520411E-1,-1.645266151E0,1.711407170E0
1.628772483E1,6.499782461E-1,-4.113633156E-2,-1.044312716E-2,6.513624007E-1
1.629769483E1,-2.628642840E-1,4.991668600E-1,-2.881276324E0,2.935986792E0
1.630766483E1,-1.028215331E-1,-9.829140276E-2,-3.208635031E0,3.211786455E0
1.631763483E1,-6.421048971E-1,-2.307334978E0,-1.372541488E0,2.760428144E0
1.632760483E1,-5.509401539E-1,-2.389973092E0,1.291907215E0,2.772098607E0
1.633757583E1,3.309889510E-3,-3.170131701E0,5.828353119E0,6.634715219E0
1.634754583E1,-8.785788696E-1,-2.500289001E0,4.977211944E0,5.638792837E0
1.635751583E1,1.339148625E0,-2.106705314E0,1.600346087E0,2.965237582E0
1.636748583E1,2.360816974E-1,6.873486784E-1,-1.443993294E0,1.616570261E0
1.637745583E1,3.751298743E-1,-1.046785795E0,-1.238340288E0,1.664322563E0
1.638742583E1,1.784793873E-1,-3.859681271E0,-2.218913090E0,4.455622258E0
1.639739583E1,8.200449519E-2,-1.174761465E0,-2.270336428E0,2.557580250E0
1.640736583E1,-1.441819592E-1,1.124194452E-1,-2.818962547E0,2.824885203E0
1.641733583E1,-1.598321050E-1,-1.753881398E0,-2.621362910E0,3.158035745E0
1.642730683E1,-2.004913403E-1,-3.054302452E0,5.578740746E-1,3.111299363E0
1.643727683E1,5.851553556E-1,-4.016360046E0,3.706944104E0,5.496816297E0
1.644724683E1,3.522522046E-1,2.655560643E0,1.077427837E0,2.887375052E0
1.645721683E1,1.739105557E-1,8.752854985E-1,8.411395133E-1,1.226329999E0
1.646718683E1,7.088729370E-2,-3.871977673E0,2.569129148E0,4.647328339E0
1.647715683E1,3.325153667E-1,-2.258745785E0,3.495716947E0,4.175228852E0
1.648712683E1,-1.408824119E-1,-1.317121871E0,2.107594383E0,2.489299492E0
1.649709683E1,-1.373029439E0,1.183362427E-1,2.678551603E0,3.012283518E0
1.650706683E1,-4.135342771E-1,8.676706696E-1,2.052886080E0,2.266760738E0
1.651703783E1,3.734042148E-1,-9.493042320E-1,-1.781155443E0,2.052589571E0
1.652700783E1,-3.577614512E-1,-2.274756046E0,7.819423020E-2,2.304044848E0
1.653697783E1,-6.219176044E-1,-5.463746479E-1,4.015051439E0,4.099505436E0
1.654694783E1,-9.517194244E-1,9.386006114E-1,2.612863398E0,2.934926934E0
1.655691783E1,2.837276611E-1,-7.991272688E-1,3.472133957E0,3.574188019E0
1.656688783E1,-2.182592745E-1,-2.542339545E0,1.058203361E0,2.762412320E0
1.657685783E1,1.291857879E-1,-6.679546335E-1,7.946523947E-1,1.046099799E0
1.658682783E1,1.634258768E-1,2.739398314E0,1.585439780E0,3.169326495E0
1.659679783E1,-3.105792448E-2,-1.423144754E0,2.230660731E0,2.646158137E0
1.660676783E1,1.116209641E0,-3.820620701E0,5.539014763E-1,4.018690502E0
1.661673883E1,5.559067423E-1,-5.313435030E-1,-9.789502001E-1,1.244870161E0
1.662670883E1,-1.023519651E-1,3.233107383E0,-3.027142720E0,4.430242919E0
1.663667883E1,3.347230195E-1,1.850980846E0,-3.270642414E0,3.772965862E0
1.664664883E1,-1.461144640E-1,-1.903049717E0,2.264112067E-1,1.922032699E0
1.665661883E1,-1.286730602E-1,-1.256709316E0,-2.528428434E0,2.826451027E0
1.666658883E1,-4.501412093E-1,-5.136565527E-1,-2.014366377E0,2.127003071E0
1.667655883E1,-2.560258191E-2,-9.785701311E-1,2.778012156E-1,1.017560076E0
1.668652883E1,4.757961968E-1,-2.017004348E0,4.080730873E-1,2.112158187E0
1.669649883E1,3.735647574E-1,-3.029146560E0,2.365432035E0,3.861417904E0
1.670646983E1,1.239855667E-1,1.819855532E0,2.520559251E-2,1.824248311E0
1.671643983E1,5.818052664E-2,2.060724564E0,4.995656401E-1,2.121211101E0
1.672640983E1,-1.670436222E-2,-6.344185129E-1,1.515735707E0,1.643234803E0
1.673637983E1,-4.104227179E-1,-6.060905072E-1,-1.017987381E0,1.253830458E0
1.674634983E1,-2.917363000E-1,1.453429823E0,-1.898468131E-1,1.494526725E0
1.675631983E1,-1.459989522E0,1.322071831E0,-6.175022256E-1,2.064158989E0
1.676628983E1,-1.041530464E0,1.049804128E0,-1.011855991E0,1.791850150E0
1.677625983E1,-3.432784462E-1,7.619997883E-1,-1.150555454E0,1.422062454E0
1.678622983E1,-1.600725717E-1,4.848721719E-1,-3.098272929E0,3.140066781E0
1.679619983E1,1.149400337E0,-4.652737668E-1,-3.557582243E0,3.767491504E0
1.680617083E1,2.280852646E0,-2.313744403E0,-8.925277680E-1,3.369318591E0
1.681614083E1,1.784087237E0,-1.871855698E0,-4.635725194E-1,2.627110676E0
1.682611083E1,1.946099842E0,-6.611072516E-1,-1.016479969E-2,2.055351726E0
1.683608083E1,1.916422153E0,-2.941564041E0,1.181180246E0,3.704140879E0
1.684605083E1,6.272615940E-1,-1.458451997E0,-4.014879531E-1,1.637599435E0
1.685602083E1,5.766486800E-1,-3.938903734E-1,-2.794670874E-1,7.521802838E-1
1.686599083E1,6.174512087E-1,-3.297144334E0,1.023142871E0,3.507025533E0
1.687596083E1,-5.453951662E-1,-2.326960865E0,3.708980690E0,4.412339573E0
1.688593083E1,-8.940552800E-1,-1.425934753E0,4.711605096E0,5.003183721E0
1.689590183E1,-1.352757288E0,-2.407404226E0,3.024979835E0,4.095857711E0
1.690587183E1,-2.868754000E-1,-3.117003899E0,1.991459910E0,3.709976196E0
1.691584183E1,-5.161139547E-1,-3.349337751E0,5.454446483E-1,3.432484064E0
1.692581183E1,-5.411395627E-1,-2.672276663E0,9.073335028E-1,2.873525479E0
1.693578183E1,-1.563689746E0,-1.907480444E0,1.244678085E0,2.762757825E0
1.694575183E1,-1.981577677E0,-2.727425555E0,5.119178832E-1,3.409920845E0
1.695572183E1,-1.918260079E0,-3.956708798E0,2.636679692E0,5.127118688E0
1.696569183E1,3.867630195E-1,4.208264786E0,-5.841894686E-1,4.266187464E0
1.697566183E1,1.635919523E0,7.358969990E0,-2.884699869E0,8.071689125E0
1.698563283E1,-4.172693542E0,-1.803773350E0,-5.252612293E-1,4.576119432E0
1.699560283E1,1.178442142E0,-1.808599350E0,-9.503222322E-1,2.358573686E0
1.700557283E1,5.386221755E0,1.631231664E0,-3.086442257E0,6.418600108E0
1.701554283E1,1.419408091E0,-4.111273804E-1,-2.047351105E0,2.524953782E0
1.702551283E1,-2.655203378E0,-1.470294363E0,-1.924514553E0,3.593831765E0
1.703548283E1,-2.964707905E0,1.380276185E-1,-2.034224106E0,3.598140117E0
1.704545283E1,-1.627137590E0,2.092368234E0,2.304077786E-1,2.660576875E0
1.705542283E1,-1.193003901E0,3.029592118E0,-2.623902941E-1,3.266578543E0
1.706539283E1,1.075848211E-1,-2.102383345E0,-6.510284060E-1,2.203503621E0
1.707536283E1,3.866293010E-1,-3.540097314E0,3.748492080E-1,3.580821573E0
1.708533383E1,-3.004059118E-1,2.292526612E-1,2.436552304E-1,4.496313666E-1
1.709530383E1,-2.240209746E-1,8.207213286E-1,9.660524118E-1,1.287255281E0
1.710527383E1,8.618026232E-1,-1.308466237E0,7.510356742E-1,1.737481580E0
1.711524383E1,4.308821620E-1,-1.837572303E0,-5.886345220E-1,1.977074103E0
1.712521383E1,1.009289721E-2,-1.180392919E0,-7.024967676E-1,1.373656077E0
1.713518383E1,-4.141739991E-1,7.029581130E-1,-1.100384590E0,1.369867313E0
1.714515383E1,-6.072113088E-1,6.077569637E-1,-2.441814798E0,2.588538895E0
1.715512383E1,-4.687727041E-1,-2.654721276E0,-3.346715274E0,4.297417367E0
1.716509483E1,-1.083961004E0,-1.836643473E0,-4.658901803E0,5.123826374E0
1.717506483E1,-1.809569111E0,-7.624038309E-2,-3.640998037E0,4.066598046E0
1.718503483E1,-1.239149104E0,-2.791780010E0,2.094344593E0,3.703485575E0
1.719500483E1,-1.161858926E0,-2.456632520E0,4.260111170E0,5.053069036E0
1.720497483E1,-1.145180402E0,-8.639933556E-2,5.575592605E0,5.692638746E0
1.721494483E1,-4.094166313E-1,1.198449998E0,6.767865019E0,6.885339592E0
1.722491483E1,-2.754689258E-1,3.370389481E0,1.684136102E0,3.777793376E0
1.723488471E1,-2.598759731E-1,2.308302692E0,-1.759435961E0,2.914002700E0
1.724485471E1,1.547844522E0,-9.185601568E-1,-5.953213978E-1,1.895780312E0
1.725482471E1,6.071552852E-1,-3.289362860E-1,-8.627794737E-1,1.105090512E0
1.726479571E1,-3.419605934E-1,2.362489132E0,-1.364091092E0,2.749370192E0
1.727476571E1,2.481272723E-1,-1.185455731E-1,-2.802816045E-1,3.926550318E-1
1.728473571E1,3.408799548E-1,-2.730795598E0,-1.743398802E0,3.257742028E0
1.729470571E1,-1.448045853E0,-8.379288071E-1,-5.986548954E-1,1.776893121E0
1.730467571E1,-1.817444287E0,4.057742545E-1,2.604969656E0,3.202127948E0
1.731464571E1,-1.872294824E0,-1.011746063E0,4.912123078E-1,2.184126264E0
1.732461571E1,-9.194601164E-1,-1.698953239E0,-2.410902323E0,3.089384894E0
1.733458571E1,1.382625743E0,-1.770493630E0,-5.292057610E-1,2.307890893E0
1.734455571E1,1.829544369E0,-2.600476071E-1,1.013673306E0,2.107698016E0
1.735452671E1,1.143474769E0,1.077456196E0,8.540261918E-1,1.788241353E0
1.736449671E1,8.186462979E-1,-1.676510748E-1,1.527717236E0,1.741323806E0
1.737446671E1,6.104921450E-1,-2.201958211E0,1.535900415E0,2.753236406E0
1.738443671E1,-5.519200741E-1,-7.076265299E-1,1.388484507E0,1.653251433E0
1.739440671E1,-1.382771777E0,2.181521608E0,1.292928724E0,2.888383457E0
1.740437671E1,-1.200388350E0,1.722271643E0,-2.202846696E0,3.042973113E0
1.741434671E1,-5.143380823E-1,-9.871132055E-1,-1.843330057E0,2.153323441E0
1.742431671E1,-1.246356674E-1,-6.811287028E-1,-2.191144663E-1,7.262792222E-1
1.743428771E1,-2.546416004E-1,2.116798778E0,-2.315720762E0,3.147736021E0
1.744425771E1,6.614300179E-1,9.443773681E-1,-1.122681193E0,1.609270438E0
1.745422771E1,1.360233977E0,-1.215170403E0,-1.561297796E0,2.400942812E0
1.746419771E1,2.611610924E0,1.806284730E0,-3.993613207E0,5.102168421E0
1.747416771E1,-9.903886695E-1,1.830466475E0,-3.168617857E-1,2.105202751E0
1.748413771E1,4.632789892E-1,-2.373764902E-2,1.484818554E-1,4.870705895E-1
1.749410771E1,4.273904606E-1,6.185114551E-1,-1.386317528E0,1.577052731E0
1.750407771E1,-2.746785101E0,-3.649674135E-1,-8.670748383E-1,2.903420118E0
1.751404771E1,-1.155424943E0,-7.489923647E-1,7.137994355E-1,1.550969373E0
1.752401871E1,-2.401620745E0,3.946125045E-1,8.017935991E-2,2.435144752E0
1.753398871E1,-1.396358660E0,9.778900999E-1,-2.137061427E0,2.733700440E0
1.754395871E1,-1.055936469E0,2.145954457E0,-1.728925189E0,2.951153108E0
1.755392871E1,-1.281885818E0,1.722097980E0,-1.008247674E0,2.371795960E0
1.756389871E1,7.614818712E-1,-4.209761381E0,2.042306128E0,4.740565351E0
1.757386871E1,1.479717151E0,-5.762388926E0,3.139407506E0,6.726854277E0
1.758383871E1,7.521870641E-1,1.134117469E0,1.207888573E-1,1.366234885E0
1.759380871E1,5.151820182E-1,-1.385696847E0,7.231135238E0,7.380710338E0
1.760377871E1,-2.416709412E-1,-2.192128457E0,4.604755417E0,5.105644373E0
1.761374971E1,-1.723116419E0,2.136601835E-1,-5.991039616E-1,1.836765207E0
1.762371971E1,-8.931275462E-1,-2.640836477E-2,-8.600511628E-1,1.240186364E0
1.763368971E1,-5.257123420E-1,1.743402603E0,-1.552347463E0,2.392824429E0
1.764365971E1,-8.942411484E-1,2.874988520E0,-2.271840917E0,3.771801609E0
1.765362971E1,-4.212370701E-3,-1.004425934E0,-1.078075708E0,1.473477666E0
1.766359971E1,1.482358703E-1,-8.898541287E-1,-1.475507448E0,1.729432413E0
1.767356971E1,-9.549543234E-1,1.672030904E0,1.746534079E-1,1.933424143E0
1.768353971E1,-1.083166294E0,1.219502313E0,9.970929408E-1,1.911708515E0
1.769351071E1,-1.303342907E0,-1.031896153E-1,-2.390406078E-1,1.329094144E0
1.770348071E1,-2.541179092E-1,-1.112004469E0,-4.537363333E-1,1.227601935E0
1.771345071E1,1.266738972E-1,9.978419691E-2,-1.073048857E0,1.085097697E0
1.772342071E1,3.984345005E-1,2.263245218E0,-1.716369463E0,2.868266567E0
1.773339071E1,8.325053684E-1,8.727627173E-1,-1.423585342E0,1.865844360E0
1.774336071E1,1.041377194E0,-2.063493221E0,8.397110385E-1,2.459183881E0
1.775333071E1,8.374499202E-1,2.715271533E-1,6.615235734E-1,1.101209699E0
1.776330071E1,5.482588401E-1,2.795302958E0,7.182152528E-1,2.937709913E0
1.777327071E1,6.502358159E-1,1.139506556E0,3.052205640E-1,1.347012027E0
1.778324171E1,7.302603708E-1,-6.200176978E-1,-3.340906066E-1,1.014553443E0
1.779321171E1,8.186829892E-1,-2.867079869E-1,-9.299411774E-3,8.674847466E-1
1.780318171E1,2.518414420E-1,7.540870437E-1,-1.768062943E0,1.938586586E0
1.781315171E1,1.411868326E-1,1.464345113E0,-1.872971932E0,2.381651567E0
1.782312171E1,-2.635160293E-1,1.013335629E0,-1.738355579E0,2.029327453E0
1.783309171E1,-4.620878383E-1,-4.798900518E-1,-2.623325236E0,2.706594710E0
1.784306171E1,1.723539904E-3,5.172388494E-2,-1.336867041E0,1.337868385E0
1.785303171E1,-6.405171588E-2,2.885229626E-1,1.639181539E0,1.665612272E0
1.786300171E1,2.590010286E-1,-1.724598250E0,5.365194583E-1,1.824602364E0
1.787297271E1,1.402788258E0,9.612612033E-1,-1.598866741E0,2.334140710E0
1.788294271E1,9.850770588E-1,2.431952299E0,-5.563853735E-1,2.682225472E0
1.789291271E1,3.263849996E-2,-3.564445120E-1,7.992722797E-1,8.757591786E-1
1.790288271E1,8.966033504E-1,-1.053454837E0,1.895584869E0,2.346679922E0
1.791285271E1,2.886749902E-1,1.457208002E-1,4.710984707E-1,5.714031595E-1
1.792282271E1,-1.598604640E-1,1.167990097E0,7.972152293E-2,1.181571732E0
1.793279271E1,1.669325982E0,1.396503963E0,-7.741713524E-3,2.176449514E0
1.794276271E1,1.260319094E0,-2.666294962E0,2.901363848E0,4.137081728E0
1.795273371E1,5.105087042E-1,-8.756725842E-1,3.486391808E0,3.630750535E0
1.796270371E1,1.325849133E0,1.318643316E0,-7.448978519E-1,2.012850945E0
1.797267371E1,2.888226324E-1,1.838257597E0,-4.923028135E-1,1.924830270E0
1.798264371E1,1.261985843E0,7.284937808E-1,1.709334093E0,2.246137685E0
1.799261371E1,3.553921594E-1,3.142165053E-1,-6.851714677E-1,8.333639896E-1
1.800258371E1,-3.672598875E-1,1.760530852E0,-3.893263292E0,4.288571763E0
1.801255371E1,-1.308014832E-2,5.126724663E-1,-1.666580422E0,1.743701365E0
1.802252371E1,-3.440604016E-2,-3.540983167E-1,-5.363726932E-1,6.436342591E-1
1.803249471E1,-4.068880029E-1,7.840794593E-2,-1.975326857E0,2.018321541E0
1.804246471E1,3.496602800E-1,-1.741715389E0,-1.514382076E-1,1.782910076E0
1.805243471E1,-7.892907903E-2,-1.350186121E0,8.763672334E-1,1.611599171E0
1.806240471E1,3.660532415E-1,1.180978225E0,5.604907036E-1,1.357517725E0
1.807237471E1,-2.893735863E-1,4.549464145E-1,1.220170065E0,1.333989618E0
1.808234471E1,-2.820767728E-1,4.773029512E-1,1.202220283E0,1.323902950E0
1.809231471E1,-9.876948573E-2,9.273874059E-1,-8.338117826E-1,1.251017546E0
1.810228471E1,-4.520716310E-1,2.459102091E-1,8.624643087E-2,5.218036386E-1
1.811225471E1,-4.827885897E-1,-2.109710491E-1,1.686456277E0,1.766841357E0
1.812222571E1,5.093922514E-1,-1.131806650E0,1.401907375E0,1.872381117E0
1.813219571E1,1.789995410E0,-5.661528549E-1,1.557105927E0,2.439096450E0
1.814216571E1,1.501362958E0,3.324937320E-1,2.279171571E0,2.749411913E0
1.815213571E1,1.122271815E0,1.273907731E0,1.833061761E0,2.498489615E0
1.816210571E1,3.146087804E-1,1.705005984E0,-8.000271553E-1,1.909467868E0
1.817207571E1,2.490226820E-2,7.367649597E-1,-3.688257573E0,3.761208137E0
1.818204571E1,-6.464636309E-1,-3.195072122E0,3.475321859E-1,3.278289144E0
1.819201571E1,-2.814730478E-1,4.485159391E-1,-6.163637727E-1,8.125871797E-1
1.820198671E1,-2.821735442E-1,1.951146866E0,1.971380571E0,2.787998809E0
1.821195671E1,1.257991172E-1,-7.544244280E-1,3.150954587E0,3.242452228E0
1.822192671E1,4.723658547E-2,4.419208646E-1,-5.905103087E-1,7.390722362E-1
1.823189671E1,5.653546368E-1,7.342562118E-1,-2.237366903E-1,9.533184969E-1
1.824186750E1,-2.965280932E-1,4.174976295E-1,9.239822799E-1,1.056397858E0
1.825183750E1,9.954177866E-1,2.416893965E0,-3.569689488E0,4.424354874E0
1.826180750E1,5.272202658E-1,5.915014118E-2,-3.485553902E0,3.525697938E0
1.827177750E1,-6.778092384E-3,-2.359562016E-1,-1.718106086E0,1.734246175E0
1.828174850E1,8.549004968E-1,-1.562663705E0,2.082686414E0,2.740502767E0
1.829171850E1,-6.829123959E-2,-2.035196790E0,3.243779721E0,3.829986494E0
1.830168850E1,1.866995493E-1,6.820081240E-1,1.206890454E0,1.398776741E0
1.831165850E1,1.237526355E0,9.469457576E-1,-9.171884000E-1,1.808151628E0
1.832162850E1,9.035811252E-1,-1.086507685E0,-1.718211921E0,2.224682001E0
1.833159850E1,1.019620728E0,-2.738891360E-1,-3.202407746E0,3.371951521E0
1.834156850E1,9.635231256E-1,-1.515674603E0,-3.067141183E0,3.554293369E0
1.835153850E1,1.141395353E0,-1.802925797E0,-2.779969220E0,3.504504764E0
1.836150950E1,8.147627234E-2,2.974241790E-1,-2.511951565E0,2.530810185E0
1.837147950E1,-2.787586972E-3,-1.422525242E-1,1.004836993E0,1.014860056E0
1.838144950E1,3.022499592E-1,-1.303978499E0,2.481198719E0,2.819230755E0
1.839141950E1,-2.402362903E-1,-1.189889089E0,2.111276375E0,2.435372138E0
1.840138950E1,-2.529200705E-1,-4.828776866E-2,1.802757981E0,1.821053709E0
1.841135950E1,5.419992495E-1,2.099755606E-1,6.149563479E-1,8.461821509E-1
1.842132950E1,9.520620713E-1,-3.149763510E-1,6.148054898E-1,1.176272961E0
1.843129950E1,1.859820959E-1,5.234442070E-1,1.386606381E0,1.493740417E0
1.844127050E1,8.154496251E-1,1.354033297E0,-6.364021808E-1,1.703928401E0
1.845124050E1,8.758205187E-1,6.604090941E-1,-2.712144442E0,2.925564770E0
1.846121050E1,1.321792334E-1,-3.738367626E-1,3.964938462E-2,3.984938501E-1
1.847118050E1,-1.950738219E-1,9.674545741E-1,-8.346607983E-1,1.292548180E0
1.848115050E1,-9.208556275E-1,-5.990703401E-1,-8.248906857E-1,1.373792198E0
1.849112050E1,-1.509341923E0,-1.120326811E0,3.169599604E0,3.685051811E0
1.850109050E1,-2.448068103E0,1.872216764E0,1.135276095E0,3.284369781E0
1.851106050E1,-3.279833725E-1,2.326928120E0,-6.921758473E-2,2.350948456E0
1.852103150E1,-1.501109628E-1,-4.742983595E-1,6.471411186E0,6.490504986E0
1.853100150E1,-1.415689847E0,5.495678124E-1,2.860442110E0,3.238569373E0
1.854097150E1,-4.887347694E-2,2.848971042E0,-8.670742536E-1,2.978395940E0
1.855094150E1,5.255471216E-1,1.624944446E0,-1.894484423E0,2.550630404E0
1.856091150E1,3.473210649E-1,-1.662451411E0,-1.034099969E0,1.988401207E0
1.857088150E1,4.450151746E-1,-2.167251770E0,3.035523534E-1,2.233195642E0
1.858085150E1,-1.559425810E0,1.520277531E0,5.507100660E-1,2.246404729E0
1.859082150E1,-1.006304060E0,-9.804967886E-1,2.169707601E0,2.584889337E0
1.860079250E1,-1.632984221E0,-1.749773144E0,8.428392988E-1,2.537463617E0
1.861076250E1,-2.157944465E0,2.295241474E0,-2.498243937E0,4.020706469E0
1.862073250E1,-1.105625084E0,1.493239422E0,-2.962305869E0,3.496773778E0
1.863070250E1,-3.456611500E-1,-3.657141030E0,-2.009324908E0,4.187069229E0
1.864067250E1,1.206543348E-1,-1.537438232E0,-1.826463178E0,2.390447977E0
1.865064250E1,-5.236424642E-1,-7.496952000E-1,-1.494184624E0,1.751808213E0
1.866061250E1,4.038611917E-1,-1.017284546E0,-4.635140473E-1,1.188619780E0
1.867058250E1,7.466420764E-1,1.168568972E0,8.573205131E-1,1.630345452E0
1.868055350E1,-2.079276099E-1,1.543306206E0,1.802991285E0,2.382394911E0
1.869052350E1,-2.907327351E-1,-4.087709525E-1,2.792113886E0,2.836814969E0
1.870049350E1,-4.910709148E-1,2.159522921E0,7.485535312E-1,2.337738710E0
1.871046350E1,-4.116096295E-1,1.537943432E0,-5.623904639E-1,1.688483201E0
1.872043350E1,-1.546863359E-1,-1.057986137E0,8.046663362E-1,1.338189240E0
1.873040350E1,-3.474701323E-1,2.721633303E-1,-3.442623644E0,3.470801914E0
1.874037350E1,-1.208696512E0,1.078884086E0,-3.698421788E0,4.037729789E0
1.875034450E1,-1.184920053E0,-8.625338906E-1,-1.116820529E0,1.842630819E0
1.876031450E1,-1.272100649E0,-8.477275711E-1,-6.129343808E-1,1.646988358E0
1.877028450E1,-8.993530036E-1,1.291852836E0,-2.558036395E0,3.003542870E0
1.878025450E1,-6.332429302E-1,1.498456307E0,-7.552647899E0,7.725856470E0
1.879022450E1,-1.127721420E-2,-1.678817767E0,-5.975530461E0,6.206892988E0
1.880019450E1,7.622699296E-1,-2.752059582E0,2.946657550E-1,2.870838779E0
1.881016450E1,1.381733969E-1,-3.244920220E0,9.676681144E0,1.020719144E1
1.882013450E1,-2.226502411E-1,-1.570888984E0,1.142090323E1,1.153058091E1
1.883010550E1,-1.443400240E0,3.123161017E0,5.400652683E0,6.403482521E0
1.884007550E1,-1.192293611E0,1.153819370E0,3.566151338E0,3.933230041E0
1.885004550E1,-4.440065664E-1,-1.744327632E0,2.623657358E-1,1.818971275E0
1.886001550E1,9.502827635E-1,-4.156063476E-1,-7.571641409E-1,1.284158675E0
1.886998550E1,4.596756425E-1,3.045428717E-1,-2.988822407E0,3.039261002E0
1.887995550E1,-1.828000704E0,4.053629029E-1,-2.647452017E0,3.242669863E0
1.888992550E1,-7.039994290E-1,-1.818821160E0,-5.158361024E-1,2.017377628E0
1.889989650E1,-1.274263388E0,-3.239579081E0,-3.336953348E-1,3.497137741E0
1.890986650E1,-7.138457016E-1,-1.734909230E0,3.083727395E0,3.609551270E0
1.891983650E1,1.695352487E-1,2.155016179E0,6.874700081E-1,2.268358866E0
1.892980650E1,-2.366141229E-1,-2.594070446E-1,2.658612013E-1,4.404093963E-1
1.893977650E1,6.308590204E-1,-1.422602425E0,1.772735453E-1,1.566271584E0
1.894974650E1,-4.479554835E-1,1.939740703E0,-4.232239248E0,4.677083189E0
1.895971650E1,-5.871016744E-1,1.789320495E0,-3.310705782E0,3.808822519E0
1.896968650E1,-6.767932847E-3,-2.746840650E-1,-1.073362268E0,1.107972788E0
1.897965750E1,-1.069532488E0,3.290444595E-1,-1.642746001E0,1.987658025E0
1.898962750E1,-6.228000954E-1,2.427407259E-1,1.998016977E-1,6.976558874E-1
1.899959750E1,-3.509328169E-1,-1.836835554E-1,1.190731089E0,1.254884065E0
1.900956750E1,-8.313446961E-2,-1.177320207E0,3.922477736E0,4.096196504E0
1.901953750E1,1.243956538E0,3.896254143E-1,1.676445259E0,2.123606494E0
1.902950750E1,9.396415620E-1,3.999591985E-1,8.301660436E-1,1.316081033E0
1.903947750E1,9.122706724E-1,-1.645661131E0,2.394573973E0,3.045393710E0
1.904944750E1,3.175467504E-1,-6.088734895E-1,1.978150477E0,2.093953719E0
1.905941850E1,-9.478940298E-1,2.414409483E0,2.932349414E-1,2.610337713E0
1.906938850E1,-8.453718010E-2,-4.121471348E-1,1.174788070E0,1.247853680E0
1.907935850E1,1.447788137E-1,-1.676064898E0,7.497001702E-1,1.841793906E0
1.908932850E1,-1.642276762E-1,6.306444275E-1,-9.557554650E-1,1.156785042E0
1.909929850E1,-6.253129363E-2,3.646427469E0,-2.776915804E0,4.583841711E0
1.910926850E1,2.596260594E-1,2.313805214E0,-1.346656449E0,2.689718173E0
1.911923850E1,1.183407743E-1,2.090452101E0,-1.559337224E0,2.610656451E0
1.912920950E1,6.657673363E-1,3.863974004E0,-7.409433800E0,8.382914200E0
1.913917950E1,1.991955169E0,-1.547237581E-1,-4.069715304E0,4.533696890E0
1.914914950E1,1.906560239E0,-4.628787473E0,-2.598169929E0,5.640135849E0
1.915911950E1,2.464459018E0,-2.020963498E0,3.425538665E-1,3.205494480E0
1.916908950E1,1.428822401E0,-3.656483218E-1,2.005637653E0,2.489541031E0
1.917905950E1,4.726563882E-1,-1.933962776E0,3.438016623E0,3.972854689E0
1.918902950E1,-1.477987544E-1,-1.716930796E0,1.781180586E0,2.478366420E0
1.919899950E1,3.119567757E-1,3.629425228E-1,-4.158539772E-1,6.340180085E-1
1.920897050E1,8.503168644E-1,1.650782999E-1,4.451999831E-1,9.739058681E-1
1.921894050E1,1.460735042E0,3.248233545E-1,-1.647979259E-1,1.505461866E0
1.922891050E1,1.398267483E0,-6.183603045E-1,1.318658227E-1,1.534571607E0
1.923887963E1,1.211204383E0,-1.155111020E0,4.986464578E-1,1.746409407E0
1.924884963E1,1.443109488E0,7.580450240E-1,2.232226616E0,2.764060946E0
1.925881963E1,5.802111693E-1,-1.955873170E-1,2.193004662E0,2.276876995E0
1.926878963E1,7.715382781E-1,-1.456143808E0,1.191899947E0,2.033777665E0
1.927876063E1,3.895166561E-1,9.473141322E-1,-6.444678301E-1,1.210151261E0
1.928873063E1,7.237012567E-1,1.854445614E0,-2.807603161E0,3.441707069E0
1.929870063E1,7.344722664E-1,2.052321531E0,-7.075248469E0,7.403419080E0
1.930867063E1,8.373729562E-1,6.927661237E-1,-2.972521539E0,3.164964877E0
1.931864063E1,-3.657939906E-1,-3.567667228E0,9.768890566E-1,3.717037385E0
1.932861063E1,-1.032690717E0,-1.757128065E0,4.092860337E0,4.572248341E0
1.933858063E1,-8.388490858E-1,1.519816478E0,5.034572545E0,5.325451213E0
1.934855163E1,-5.700063162E-2,2.838128842E0,3.782696537E0,4.729378130E0
1.935852163E1,8.333399854E-1,3.584977618E-1,1.338224180E0,1.616731311E0
1.936849163E1,1.377681483E0,8.635054055E-1,-2.470647418E-1,1.644593823E0
1.937846163E1,1.402101210E0,1.730608310E0,-1.539221048E-1,2.232618405E0
1.938843163E1,9.893053266E-1,1.627750525E0,2.077240902E-1,1.916101797E0
1.939840163E1,1.192839594E0,-5.355418038E-1,-2.951603710E0,3.228255842E0
1.940837163E1,1.408147816E0,-3.394209284E-1,-6.986146258E0,7.134726790E0
1.941834163E1,2.099402580E-1,-2.983570730E0,-3.779647214E0,4.819906875E0
1.942831263E1,-1.924326711E-1,-3.871409031E0,2.949326804E0,4.870663899E0
1.943828263E1,-1.309386297E0,-3.583821916E0,9.391621780E0,1.013710174E1
1.944825263E1,-1.625017390E0,-1.395238041E0,7.089143792E0,7.405628293E0
1.945822263E1,-8.530051949E-1,9.190706187E-1,1.054188663E0,1.638176548E0
1.946819263E1,7.017830419E-1,2.132426046E0,-1.996312514E0,3.004164432E0
1.947816263E1,1.808316929E0,2.434877369E0,-4.278485461E0,5.244432835E0
1.948813263E1,1.127238293E0,-4.623001653E-1,-5.668797807E0,5.798245958E0
1.949810363E1,8.990719718E-1,-1.582439281E0,-4.826956628E0,5.158677619E0
1.950807363E1,2.643401212E-1,2.432731149E-1,-2.991577615E0,3.013070549E0
1.951804362E1,9.633148916E-2,1.357999171E0,-1.403530562E-1,1.368627226E0
1.952801363E1,-1.447229728E-2,1.741822978E0,5.426093334E-1,1.824440084E0
1.953798363E1,2.563911239E-1,4.969364396E-1,-1.489581111E0,1.591079545E0
1.954795363E1,3.754886010E-1,4.821672499E-2,-2.097554714E0,2.131443717E0
1.955792363E1,5.854049586E-2,9.933121312E-1,-2.887080855E0,3.053740631E0
1.956789463E1,4.350037546E-1,-3.589196384E-1,-2.485633247E0,2.548808391E0
1.957786463E1,8.823726162E-2,-1.737415931E0,-3.684966175E0,4.074969404E0
1.958783463E1,6.691761169E-1,-2.252068557E0,-2.551626093E0,3.468487448E0
1.959780462E1,1.148246681E0,-2.590846292E0,3.739697868E-1,2.858462585E0
1.960777463E1,1.033724870E-1,-2.024621516E0,4.990458226E-1,2.087779894E0
1.961774463E1,7.684041705E-1,-1.268174536E0,1.777973973E0,2.315146447E0
1.962771463E1,4.237540772E-1,-1.046932561E0,4.276989158E0,4.423603911E0
1.963768463E1,-3.586005997E-1,6.114392477E-1,1.503141389E0,1.661892409E0
1.964765563E1,3.604363330E-1,8.037097317E-1,5.094643915E-1,1.017554740E0
1.965762563E1,2.796198459E-1,-2.525769120E-1,1.095113910E0,1.158126431E0
1.966759563E1,2.507990661E-1,-2.131757417E-1,-5.462264210E-1,6.377361299E-1
1.967756562E1,8.561883460E-1,-3.023555453E0,-9.342517447E-1,3.278379536E0
1.968753563E1,5.033014262E-1,-1.772700954E0,-6.620889992E-1,1.958096739E0
1.969750563E1,-1.251621361E-1,9.577373788E-1,-1.886234586E0,2.119152510E0
1.970747563E1,1.806354019E-1,-1.622756710E0,4.999363536E-1,1.707602075E0
1.971744662E1,-5.904138297E-1,-1.263599382E0,1.438648354E0,2.003741744E0
1.972741663E1,-2.717571681E-1,2.021851398E0,1.276955885E-1,2.044025733E0
1.973738663E1,3.381101288E-2,3.067364839E0,-1.526672339E0,3.426455701E0
1.974735663E1,2.033250106E-1,2.968486376E0,-2.241957552E0,3.725537020E0
1.975732662E1,-2.240053698E-2,2.685868809E0,-1.863817531E0,3.269282617E0
1.976729663E1,2.145366812E-1,-6.239505351E-1,-1.046751004E0,1.237347131E0
1.977726663E1,-3.758999527E-1,-8.877096623E-1,-2.585148765E0,2.759043921E0
1.978723763E1,-6.142353863E-2,-3.235469073E-1,-3.333845553E0,3.350071883E0
1.979720763E1,-1.013590787E0,-4.021747085E-1,-1.469088374E0,1.829571379E0
1.980717763E1,-1.104191493E0,-4.747401166E-1,2.940652460E0,3.176799320E0
1.981714763E1,-1.014503391E0,8.877897692E-1,2.641176785E0,2.965333475E0
1.982711763E1,2.398193108E-1,2.949420652E0,4.565683737E0,5.440777837E0
1.983708762E1,-5.392339551E-1,2.033897831E0,1.348807055E0,2.499358742E0
1.984705763E1,9.582530301E-1,1.398928218E0,-1.895707076E0,2.543413916E0
1.985702863E1,1.455084731E0,3.955024508E-1,-2.636514800E0,3.037252715E0
1.986699863E1,7.325465591E-1,-2.921173923E0,-2.825190416E0,4.129356177E0
1.987696863E1,5.144471694E-1,-1.256328662E0,1.821236352E0,2.271545608E0
1.988693863E1,-2.889133374E-1,2.660772559E0,4.938564772E0,5.617170421E0
1.989690863E1,-2.420264885E-1,2.005989656E0,1.891412296E0,2.767672631E0
1.990687863E1,-5.808472732E-1,6.272302383E-1,5.686159945E-1,1.026706129E0
1.991684862E1,-6.517040518E-1,2.887889525E0,-2.616038436E-1,2.972046542E0
1.992681863E1,8.025215775E-2,4.230559635E0,-2.305195774E0,4.818506282E0
1.993678963E1,6.978023306E-2,1.354155211E0,-2.430531426E0,2.783179590E0
1.994675963E1,-1.043061411E0,1.291880610E0,-2.112361034E0,2.686820008E0
1.995672963E1,-1.793894187E0,5.459232429E-1,-1.819721339E0,2.612943607E0
1.996669963E1,-9.019187618E-1,4.951047993E-1,-1.951684225E0,2.206276848E0
1.997666963E1,3.265313993E-1,1.782043928E0,-1.732828791E0,2.506990014E0
1.998663963E1,-4.734391111E-1,-8.634837708E-1,1.386102351E0,1.700302485E0
1.999660962E1,3.713915301E-1,1.449425650E0,2.401350896E0,2.829355494E0
2.000658063E1,-2.172184335E-1,1.464857329E0,2.298178530E0,2.733974287E0
2.001655063E1,8.028957993E-2,-1.470113099E0,4.967513752E-1,1.553847119E0
2.002652063E1,2.248146976E-1,-6.795920545E-1,-3.199771821E-1,7.840742349E-1
2.003649063E1,-4.361138485E-2,1.392686900E-1,-8.028045827E-1,8.159613465E-1
2.004646063E1,-7.571917690E-2,1.236172433E0,-3.098708546E-1,1.276665823E0
2.005643063E1,4.834317834E-1,1.313895962E0,-3.402290136E-1,1.440758366E0
2.006640063E1,1.123633631E0,-1.570327943E0,1.344678336E-1,1.935604294E0
2.007637163E1,9.547045742E-1,-6.618290904E-1,5.371328312E-1,1.279839930E0
2.008634163E1,1.331050669E0,1.341314141E0,2.148813745E0,2.861506600E0
2.009631163E1,1.042930872E0,2.429953721E0,1.375242902E0,2.980549099E0
2.010628163E1,1.231834237E0,2.919830817E0,1.130641007E-1,3.171058353E0
2.011625163E1,1.273939306E0,7.459310549E-1,1.437101181E0,2.060241321E0
2.012622163E1,-6.902806916E-1,-1.261682957E0,2.577628076E0,2.951694059E0
2.013619163E1,3.550357716E-1,-9.922233796E-1,2.118119956E0,2.365795803E0
2.014616163E1,3.777710617E-2,9.248660865E-1,3.544783857E0,3.663645314E0
2.015613263E1,-4.608596306E-1,3.526748706E0,1.702242590E0,3.943092424E0
2.016610263E1,2.075530592E0,3.110256505E0,1.809678161E0,4.154089288E0
2.017607263E1,5.807939174E-1,6.956292129E-1,1.857905411E0,2.067131852E0
2.018604263E1,1.115671843E0,2.805885834E-1,-1.501084923E0,1.891219067E0
2.019601263E1,5.920473956E-1,1.364890699E0,-7.018833947E-1,1.645018857E0
2.020598263E1,-9.654228859E-1,-5.470482472E-1,-5.592902702E-1,1.242621720E0
2.021595263E1,9.174120560E-2,-1.602340864E0,-1.014028232E0,1.898464102E0
2.022592362E1,-8.346814828E-1,4.042054465E-1,-1.323859910E0,1.616378756E0
2.023589363E1,-4.885315787E-1,-9.036626208E-1,-1.677961442E0,1.967440936E0
2.024586358E1,4.074771099E-1,-2.482890903E0,6.641267538E-1,2.602277690E0
2.025583358E1,-5.214850243E-1,2.884808627E-1,1.596993878E0,1.704569531E0
2.026580358E1,-6.204936612E-1,6.200811401E-1,7.156933486E-1,1.132135139E0
2.027577358E1,9.476371908E-1,1.029935289E0,1.342451717E0,1.939319354E0
2.028574358E1,7.238928261E-1,2.742706668E-1,-6.474961030E-1,1.009205839E0
2.029571358E1,1.360099783E0,-5.943937370E-1,-1.702459522E0,2.258659726E0
2.030568458E1,4.248809087E-1,-8.961884174E-1,-2.357679797E0,2.557798172E0
2.031565458E1,1.817799944E-1,-1.670140792E0,-3.940350920E-1,1.725594936E0
2.032562458E1,3.417020003E-1,-9.418431848E-2,7.572641283E-1,8.361099825E-1
2.033559458E1,3.568799103E-1,1.504116997E0,9.858428979E-1,1.833471415E0
2.034556458E1,1.464690099E0,3.525622532E-1,2.521316466E0,2.937116604E0
2.035553458E1,1.343783128E0,-4.034716210E-1,2.800025169E0,3.131881765E0
2.036550458E1,1.709257056E0,8.141247922E-1,1.904956786E0,2.685743699E0
2.037547558E1,1.189738962E0,3.108145952E-2,2.014582724E0,2.339869314E0
2.038544558E1,3.454979396E-1,1.088211564E0,-4.671159321E-1,1.233600636E0
2.039541558E1,2.529429477E-1,5.624954215E-1,1.163845591E0,1.317162782E0
2.040538558E1,-1.549783313E-1,-1.906191718E0,1.601248312E0,2.494309785E0
2.041535558E1,3.432703697E-1,2.170301678E0,-1.157030661E0,2.483296976E0
2.042532558E1,2.157365298E-1,3.499569385E0,1.560099701E0,3.837634585E0
2.043529558E1,-1.388132504E0,-2.755404774E0,7.929461771E-1,3.185581730E0
2.044526658E1,7.029302656E-1,-1.018254891E0,1.119388041E0,1.668527365E0
2.045523658E1,7.440807036E-1,3.895698658E-1,6.559143394E-1,1.065666174E0
2.046520658E1,1.170671046E0,4.463767353E-1,-4.288266098E-1,1.324241348E0
2.047517658E1,2.855640961E0,-5.785662013E-1,3.708964902E-1,2.937173531E0
2.048514658E1,1.178156067E0,-2.458065672E0,-1.657803751E0,3.190368606E0
2.049511658E1,3.175133117E-2,-1.826221104E0,-1.537348770E0,2.387369453E0
2.050508658E1,-4.076732109E-1,-1.190002818E0,5.838713801E-1,1.386798450E0
2.051505658E1,-1.067376400E0,-7.147352824E-1,-7.006560642E-1,1.463235396E0
2.052502758E1,1.027765899E0,3.418098083E-1,2.551958799E-2,1.083414943E0
2.053499758E1,2.968396767E-1,-6.942396221E-1,1.685360509E-1,7.736193166E-1
2.054496758E1,1.077652516E0,-1.131430382E-1,-1.910832068E0,2.196682837E0
2.055493758E1,1.311499334E0,2.789501935E-1,-3.139568889E-1,1.377102989E0
2.056490758E1,9.060384907E-2,-1.158725477E0,9.106605685E-1,1.476535289E0
2.057487758E1,1.003488041E0,-6.935791790E-1,2.844541776E-1,1.252579141E0
2.058484758E1,5.619805741E-1,2.391976056E-1,-2.838408047E-1,6.735007518E-1
2.059481758E1,7.956076835E-1,3.714575306E-1,-5.478028303E-1,1.034920395E0
2.060478858E1,5.843868122E-1,1.383097759E0,-2.088020829E0,2.571827821E0
2.061475858E1,2.997455236E-1,4.474078918E-1,-1.636846161E-1,5.628621981E-1
2.062472858E1,1.706955738E-1,-1.148506590E0,6.418541247E-1,1.326718163E0
2.063469858E1,4.143100199E-1,1.614452787E0,-1.655636773E0,2.349307072E0
2.064466858E1,5.323771445E-1,-3.390244871E-1,7.706080592E-1,9.960922687E-1
2.065463858E1,1.701047127E-1,-7.446917376E-1,-1.042783084E0,1.292632182E0
2.066460858E1,5.250504372E-1,-4.805925947E-1,1.175544700E0,1.374246174E0
2.067457958E1,-5.085871629E-1,-2.700314355E-1,2.200344672E0,2.274443790E0
2.068454958E1,-9.002894352E-1,2.180355673E0,5.410019338E-1,2.420155991E0
2.069451958E1,-5.648110650E-1,-1.634967450E0,2.431427804E0,2.983952290E0
2.070448958E1,-1.371616167E0,-2.215168826E0,3.342891195E0,4.238304541E0
2.071445958E1,-4.037764802E-1,7.755995348E-1,1.660065454E0,1.876274872E0
2.072442958E1,-3.020470608E-1,-1.307291240E-1,4.171232323E0,4.184196652E0
2.073439958E1,-8.440638520E-1,4.366127622E-1,2.449240177E0,2.627137594E0
2.074436958E1,-3.646112085E-1,-2.020312411E-1,-2.598578650E-1,4.912067444E-1
2.075434058E1,-3.334730675E-1,-2.742407876E0,2.103900697E0,3.472521186E0
2.076431058E1,-6.043211398E-1,-1.645152131E-1,-2.304994630E0,2.388570606E0
2.077428058E1,2.064248389E-1,1.860693364E0,-3.095597827E0,3.617667331E0
2.078425058E1,-7.616800918E-1,-2.261378494E-1,5.719097310E-1,9.789666131E-1
2.079422058E1,-1.431564891E0,-9.764160168E-1,1.800212688E0,2.498706065E0
2.080419058E1,-3.761535025E-1,4.302088916E-3,1.796724240E0,1.835681878E0
2.081416058E1,-8.830823220E-2,1.557590953E0,-5.345173717E-2,1.561007691E0
2.082413158E1,2.236301613E-1,2.069311493E0,-1.602494354E0,2.626794369E0
2.083410158E1,6.274806453E-1,1.869062483E-2,-2.523208625E0,2.600127509E0
2.084407158E1,1.452318998E-1,-5.201493010E-1,-4.920892732E0,4.950437645E0
2.085404158E1,-2.491461314E-1,1.482805358E0,-4.583965641E0,4.824264350E0
2.086401158E1,-1.152966554E0,-1.239633107E-1,-1.996522429E0,2.308852656E0
2.087398158E1,-1.473336815E0,-1.566920186E0,6.032221556E-2,2.151650299E0
2.088395158E1,-1.639163559E0,-2.302042663E0,1.351083376E0,3.132360752E0
2.089392158E1,-1.367831264E0,-8.963091624E-1,1.338100803E0,2.113018278E0
2.090389258E1,-1.315837968E0,1.219518685E0,6.412267184E-1,1.905210510E0
2.091386258E1,-1.667923820E0,-9.754389471E-1,8.820156437E-1,2.124006263E0
2.092383258E1,-6.508399795E-1,-2.154633479E0,-2.945312691E-1,2.269975061E0
2.093380258E1,-7.226608177E-1,-1.211384039E0,-8.476802087E-1,1.645676664E0
2.094377258E1,-6.351617671E-1,3.686289400E-1,3.245011729E-1,8.028815460E-1
2.095374258E1,-6.186307383E-1,4.792070970E-1,9.335687900E-1,1.218151927E0
2.096371258E1,-8.139297876E-1,1.368248463E-1,-1.158678406E-1,8.334435159E-1
2.097368258E1,1.654530151E-1,-1.477842826E0,-1.188455937E0,1.903633797E0
2.098365358E1,-1.039493002E0,-8.676180446E-1,6.277003545E-1,1.492419012E0
2.099362358E1,-1.314579794E0,-2.439747807E-1,1.164125088E0,1.772803133E0
2.100359358E1,-1.404932286E0,-4.386151412E-1,6.504816914E-1,1.609143996E0
2.101356358E1,-1.091772592E0,-7.139698818E-1,1.437279521E0,1.941003041E0
2.102353358E1,-1.655716003E0,-1.659799698E0,1.444882656E0,2.753909296E0
2.103350358E1,-1.347838318E0,-3.394513339E-1,3.913307548E-1,1.443965062E0
2.104347358E1,-1.051976369E0,-7.657586709E-1,1.626549214E0,2.082955345E0
2.105344458E1,1.236464008E-1,-1.688807150E0,2.794287881E0,3.267323490E0
2.106341458E1,3.364730546E-1,2.572605318E-1,-5.307348078E-1,6.790261659E-1
2.107338458E1,-6.877035953E-2,1.588603416E0,4.914900506E-1,1.664317471E0
2.108335458E1,-3.521307287E-1,-1.853098123E0,1.991571007E0,2.743050087E0
2.109332458E1,-1.036350489E0,-1.067923480E0,-8.058691084E-2,1.490294315E0
2.110329458E1,-1.082443213E0,-9.183394244E-1,-5.027517879E-1,1.505918314E0
2.111326458E1,-1.356292076E0,-2.584680111E0,2.118156794E0,3.606478569E0
2.112323458E1,-1.706762196E0,-5.528831837E-1,1.746281480E0,2.503640552E0
2.113320558E1,-9.254799711E-1,-7.061237955E-1,2.503132794E0,2.760579247E0
2.114317558E1,-6.673821911E-1,-6.621582887E-1,9.129690492E-1,1.310482763E0
2.115314558E1,-7.185475939E-1,4.025597477E-1,-5.957657862E-1,1.016514568E0
2.116311558E1,-9.107975395E-1,7.002464667E-1,5.462942487E-1,1.272137838E0
2.117308558E1,-1.047435933E0,1.666174040E0,-5.781042713E-1,2.051210012E0
2.118305558E1,-4.472333158E-1,4.004567966E-1,-7.423794562E-1,9.547306121E-1
2.119302558E1,-1.162179500E0,-7.613285279E-1,-1.293418720E0,1.898213451E0
2.120299558E1,-1.772276446E0,9.909048325E-1,-1.215938435E0,2.366719769E0
2.121296658E1,-1.444890403E0,2.178970760E-1,5.140456849E-1,1.549009483E0
2.122293658E1,-1.169603125E0,1.890992466E-1,3.572935277E-1,1.237492893E0
2.123290658E1,-7.750468268E-1,8.170168251E-1,5.762776011E-1,1.265033577E0
2.124287708E1,-6.617435749E-1,4.342741683E-1,3.621340283E0,3.706832078E0
2.125284708E1,-6.836463676E-1,2.338971630E0,6.114374936E-1,2.512372674E0
2.126281708E1,-7.501762066E-1,1.300910173E0,2.471968889E-1,1.521919157E0
2.127278708E1,-1.666190413E0,-1.378524944E-1,6.060188788E-1,1.778328621E0
2.128275708E1,-1.556418440E0,-1.261548471E-1,9.348826593E-1,1.819988735E0
2.129272808E1,-1.325927047E0,6.733185768E-2,1.748820341E-1,1.339104118E0
2.130269808E1,-1.150889477E0,8.348438162E-1,-1.326633829E0,1.944599728E0
2.131266808E1,3.221893666E-1,-8.526003483E-1,2.380267006E-1,9.420138279E-1
2.132263808E1,-4.238372538E-2,-2.603640877E0,3.296081311E0,4.200582603E0
2.133260808E1,1.125278654E-1,1.814736003E-1,2.457850787E0,2.467108769E0
2.134257808E1,6.871601788E-1,1.257815901E0,1.149055644E0,1.837013562E0
2.135254808E1,1.169190823E0,-8.595120496E-1,1.694386271E0,2.230854765E0
2.136251908E1,9.660469300E-1,6.248229396E-1,2.030030483E-1,1.168272492E0
2.137248908E1,5.097009844E-1,5.432174438E-1,-1.837422030E0,1.982674961E0
2.138245908E1,6.531413705E-1,-1.643968947E0,-2.889156032E-1,1.792400562E0
2.139242908E1,-7.073070527E-1,-5.746643543E-1,-8.332943040E-1,1.234869136E0
2.140239908E1,-2.086512686E0,6.985346943E-2,-1.022789699E0,2.324760948E0
2.141236908E1,1.227276753E-1,-2.483696942E0,-2.358497822E-1,2.497886647E0
2.142233908E1,8.892459451E-1,-4.000366157E0,-7.486429936E-1,4.165831738E0
2.143230908E1,7.649600874E-1,-1.180863912E0,-8.398537105E-1,1.638584075E0
2.144227908E1,9.140431096E-1,-1.614979036E0,2.405866116E0,3.038391657E0
2.145225008E1,-1.400265532E-1,-2.889122995E0,5.439812656E0,6.161022711E0
2.146222008E1,4.721910960E-1,6.739410129E-1,2.814076613E0,2.931925665E0
2.147219008E1,1.466519108E0,9.625171852E-1,-2.647338581E-1,1.774035411E0
2.148216008E1,2.655744538E0,2.946250584E0,-7.139233965E-1,4.030267755E0
2.149213008E1,-8.783087283E-1,1.800600359E-1,-1.152827098E0,1.460430812E0
2.150210008E1,4.817842573E-1,-2.860928598E0,8.372902912E-1,3.019616457E0
2.151207008E1,5.699449204E-2,4.172985611E0,1.716800988E-2,4.173410119E0
2.152204008E1,-3.164642335E0,5.512011736E0,-1.141206341E0,6.457521692E0
2.153201108E1,-2.398883956E0,-1.817986178E0,2.042099136E-1,3.016855924E0
2.154198108E1,-6.606133081E-1,-1.792665102E0,1.844061543E0,2.655300565E0
2.155195108E1,-9.099315669E-1,-6.056762320E-1,-7.237625062E-2,1.095471349E0
2.156192108E1,-1.713074703E0,-1.914502658E0,-1.949966313E0,3.225261848E0
2.157189108E1,-1.384506353E0,-4.005085152E0,-1.497220498E-1,4.240280841E0
2.158186108E1,1.430410030E-1,-6.382422996E0,2.159424103E0,6.739354307E0
2.159183108E1,4.513198252E-1,-1.719561751E0,1.604343828E0,2.394681882E0
2.160180208E1,2.341128120E-1,6.334417355E-1,1.795067723E0,1.917896080E0
2.161177208E1,5.167085800E-1,-6.772020051E-1,8.349882424E-1,1.192809992E0
2.162174208E1,1.092127152E0,3.091189027E-1,-1.290392786E-1,1.142342920E0
2.163171208E1,1.264140688E0,-2.661921245E0,-4.839208299E-1,2.986311397E0
2.164168208E1,7.256799544E-1,-1.091206800E0,-6.932108045E-2,1.312306782E0
2.165165208E1,-4.345103593E-1,2.395082389E0,-6.044208348E-2,2.434927545E0
2.166162208E1,-1.957895576E-1,-1.339752934E0,2.834576951E0,3.141352888E0
2.167159208E1,4.984434498E-1,-1.571292734E0,1.734812166E0,2.393110942E0
2.168156208E1,-1.119840286E-1,3.535632380E0,-7.334408176E-1,3.612640611E0
2.169153308E1,5.050031121E-1,-4.926314270E-1,1.053130901E0,1.267595583E0
2.170150308E1,-6.210568211E-1,-1.357294874E0,2.639421451E-1,1.515792336E0
2.171147308E1,-1.002513310E0,1.192287617E0,-2.611674659E0,3.040958274E0
2.172144308E1,-1.036432204E0,-3.460031390E-2,-1.392827818E0,1.736478686E0
2.173141308E1,-1.463164706E0,-2.723501489E-1,-1.446324579E0,2.075302472E0
2.174138308E1,-1.542905379E0,9.623964402E-1,-1.150111066E0,2.151631795E0
2.175135308E1,-6.881962323E-1,4.216655248E-1,-1.525881795E0,1.726189770E0
2.176132408E1,-3.580961312E-1,3.857779464E-1,-1.065351582E0,1.188289298E0
2.177129408E1,3.554727779E-1,-1.348232274E0,1.419480597E0,1.989727701E0
2.178126408E1,1.987152120E-1,-3.998659354E-1,1.584282616E0,1.646004832E0
2.179123408E1,9.531305037E-1,-2.595283744E-1,2.278444178E0,2.483368802E0
2.180120408E1,6.324735828E-1,1.626727554E-1,1.474574232E-1,6.694990291E-1
2.181117408E1,7.173302036E-2,1.231800469E0,-4.192762941E0,4.370553637E0
2.182114408E1,-5.973757439E-1,-2.301554713E-1,-4.332212602E0,4.379257397E0
2.183111408E1,-7.834269100E-1,-2.222348037E0,-9.817399067E-1,2.552724381E0
2.184108408E1,3.705543550E-1,-1.842312056E0,3.668424402E0,4.121742573E0
2.185105508E1,9.294749350E-1,-7.491745055E-1,3.661366228E0,3.851076310E0
2.186102508E1,1.453390135E-1,1.360967802E0,-2.788259402E0,3.106082304E0
2.187099508E1,2.563722666E-2,1.750811318E-1,-3.625334516E0,3.629650261E0
2.188096508E1,-7.905568586E-1,-3.609747593E0,-6.217221612E-1,3.747238487E0
2.189093508E1,-5.076111165E-1,-1.505017760E0,3.395447139E0,3.748574233E0
2.190090508E1,-4.532750976E-1,2.229144548E0,2.815396330E0,3.619530387E0
2.191087508E1,-7.163493332E-1,2.066210130E-1,-1.655393529E-1,7.637092951E-1
2.192084508E1,-1.040588478E0,-5.714513093E-1,-4.689934146E0,4.837857302E0
2.193081608E1,-6.115740260E-1,-2.826686134E0,-2.920866067E0,4.110430132E0
2.194078608E1,1.147568331E-1,-2.620688726E0,9.412567091E-1,2.786959405E0
2.195075608E1,1.052762527E0,2.151034518E0,3.620518749E0,4.340900188E0
2.196072608E1,2.157334600E-1,1.659815193E0,6.797417432E-1,1.806537085E0
2.197069608E1,-3.059508447E-1,-1.322543994E0,2.106256540E0,2.505802297E0
2.198066608E1,-7.789049658E-1,-4.384949809E-1,-8.915793496E-1,1.262491398E0
2.199063608E1,-9.338903137E-1,6.473484609E-1,-3.186124420E0,3.382691232E0
2.200060608E1,1.684551035E-1,8.392599258E-1,-4.584503585E-1,9.710360839E-1
2.201057708E1,8.404097077E-1,-9.906194884E-1,5.472526073E-2,1.300234710E0
2.202054708E1,4.287688686E-1,-1.392012132E0,-1.779879581E0,2.299893876E0
2.203051708E1,6.272526039E-1,-2.377249843E-1,1.448859932E0,1.596607059E0
2.204048708E1,2.636668509E-1,1.319772121E0,1.262114482E0,1.845061415E0
2.205045708E1,3.794250197E-1,4.880328843E-1,7.221995455E-1,9.506374836E-1
2.206042708E1,3.004039201E-1,-4.857439917E-1,-2.155166745E-2,5.715367137E-1
2.207039708E1,-1.141957197E-1,6.479077470E-1,-1.489875226E0,1.628666111E0
2.208036708E1,2.561109692E-1,1.128916956E0,-2.341292975E0,2.611838264E0
2.209033808E1,6.384374504E-1,-5.497935149E-1,4.826262563E-1,9.709806334E-1
2.210030808E1,4.892361682E-1,-4.483823302E-1,-1.970756673E0,2.079490468E0
2.211027808E1,4.519926570E-1,-1.147641787E0,-1.684482257E0,2.087788186E0
2.212024808E1,-3.891863981E-1,-1.878380314E0,-7.558157730E-1,2.061804098E0
2.213021808E1,-2.227836307E-1,-1.948960007E0,-1.132859441E0,2.265269999E0
2.214018808E1,-3.414685136E-1,1.560516608E-1,-9.410988343E-1,1.013222524E0
2.215015808E1,-5.295264076E-2,-1.095759150E0,1.339588920E0,1.731470638E0
2.216012808E1,6.217328323E-1,-8.156088156E-1,9.035369056E-1,1.366802251E0
2.217009908E1,4.177855683E-1,-3.081432948E-1,1.932124704E0,2.000650630E0
2.218006908E1,-1.216158729E-2,-1.144469672E-1,1.308153704E0,1.313206810E0
2.219003908E1,-2.689837241E-1,1.051773470E0,-5.338379252E-1,1.209777916E0
2.220000908E1,6.118844401E-1,1.004230052E-1,-2.598845283E0,2.671794182E0
2.220997908E1,1.724460840E-1,-1.687556139E0,-4.515138066E-1,1.755405392E0
2.221994908E1,-6.853572629E-2,-9.078942508E-2,3.255723828E-1,3.448727909E-1
2.222991908E1,5.021819036E-2,-9.301984549E-1,-1.197558298E0,1.517213534E0
2.223988896E1,-3.993289783E-1,-7.457161698E-1,6.815497023E-1,1.086308536E0
2.224985996E1,1.764718920E-1,6.996564826E-1,-1.112591822E0,1.326092789E0
2.225982996E1,2.422448820E-1,4.154797554E-1,-2.731756588E0,2.773770009E0
2.226979996E1,1.919474619E-1,1.773024890E-1,1.809728447E0,1.828495844E0
2.227976996E1,8.130156485E-1,-7.692687544E-1,1.009481437E0,1.507256326E0
2.228973996E1,-3.121854018E-1,-1.833005628E-1,-4.143404839E0,4.159190123E0
2.229970996E1,1.082378820E0,-1.377241773E0,-1.476294483E0,2.290804272E0
2.230967996E1,-4.152659666E-2,-2.008778485E0,4.061028680E0,4.530879540E0
2.231964996E1,4.477998745E-1,1.253798279E0,5.358435202E0,5.521355147E0
2.232962096E1,1.437884123E0,-2.186764806E0,6.955493984E0,7.431577735E0
2.233959096E1,-1.514970014E0,9.551534942E-1,2.077359016E0,2.742785595E0
2.234956096E1,2.361273788E-2,4.415048352E0,2.342788108E0,4.998186234E0
2.235953096E1,-5.836543753E-1,2.492928234E0,1.431390206E0,2.933295336E0
2.236950096E1,5.943187465E-1,1.430338292E0,-5.461208203E0,5.676607916E0
2.237947096E1,1.273805259E0,2.933685502E-1,-5.456295957E0,5.610687169E0
2.238944096E1,-3.999667268E-1,-2.022646034E0,-3.959521601E0,4.464177603E0
2.239941096E1,-1.256800240E0,-1.764175129E-1,-1.158252729E0,1.718202365E0
2.240938096E1,-1.553665718E0,1.925565005E0,-2.446608346E0,3.479593388E0
2.241935196E1,3.956628107E-1,-2.509184663E0,-3.278857752E0,4.147705979E0
2.242932196E1,5.061659040E-1,-2.313191549E0,-4.919215751E-1,2.418480081E0
2.243929196E1,4.675057221E-1,7.313893220E-1,2.162214979E0,2.329949690E0
2.244926196E1,7.501241664E-1,1.352456303E0,6.838435650E-1,1.690995664E0
2.245923196E1,1.342892012E0,5.340320528E-1,1.236409537E0,1.901908971E0
2.246920196E1,1.100385102E0,2.373130479E-1,-1.424007511E-1,1.134655379E0
2.247917196E1,6.145116672E-1,-5.968574613E-2,-1.043119884E0,1.212141109E0
2.248914196E1,-2.253487676E-1,1.937785101E0,2.406392366E-1,1.965629774E0
2.249911296E1,-3.918952303E-1,3.319262597E-1,-2.653809110E0,2.703046375E0
2.250908296E1,-2.214543027E-1,-4.008368948E0,-1.477949245E0,4.277896400E0
2.251905296E1,-9.359694374E-1,-1.984307595E0,-1.222710096E0,2.511679796E0
2.252902296E1,-5.858692275E-1,8.673376706E-1,2.725680161E0,2.919734530E0
2.253899296E1,-5.855454379E-1,4.868713349E-2,2.142277143E0,2.221392638E0
2.254896296E1,1.167826229E0,-1.270428053E0,4.314887887E0,4.647156444E0
2.255893296E1,-6.558835685E-1,1.356548769E0,3.259395880E-1,1.541636933E0
2.256890296E1,3.006772044E-1,2.786167268E0,-1.225043135E0,3.058408983E0
2.257887396E1,9.164260693E-1,1.510805919E0,-6.234207773E-1,1.873772860E0
2.258884396E1,1.792338243E-1,1.412368336E0,-2.993206649E0,3.314542974E0
2.259881396E1,2.101281729E-1,-2.000481871E0,-3.146277984E0,3.734320115E0
2.260878396E1,7.360540845E-2,2.399457568E-1,-2.524697911E0,2.537142342E0
2.261875396E1,-1.200986666E-1,3.010627259E0,-1.537747550E-1,3.016943297E0
2.262872396E1,3.458463605E-1,-3.724214441E-1,4.324169757E0,4.353935177E0
2.263869396E1,1.286328240E-1,-5.370205647E-1,4.777106776E0,4.808917408E0
2.264866396E1,2.191123467E-1,1.110832980E0,-6.029064059E-1,1.282753392E0
2.265863496E1,1.620866598E0,-2.421019176E-1,3.180084246E-1,1.669416432E0
2.266860496E1,1.615046279E0,-1.947473645E-1,3.348717946E-1,1.660855243E0
2.267857496E1,9.507307333E-1,-1.893866372E0,2.784617171E0,3.499244426E0
2.268854496E1,-3.471135253E-1,2.717069551E-1,3.210396212E-1,5.453245889E-1
2.269851496E1,-3.691805517E-1,2.543538809E-1,1.531625515E-1,4.737604285E-1
2.270848496E1,1.329262152E-2,-5.969907779E-1,2.705007915E0,2.770134022E0
2.271845496E1,5.951422537E-1,1.246726072E0,-1.302396535E0,1.898619745E0
2.272842496E1,1.895523327E0,1.733761129E0,-1.327494539E0,2.891570177E0
2.273839596E1,1.236953767E0,-3.924066424E-1,-1.358238614E0,1.878523284E0
2.274836596E1,1.453461691E0,5.793339407E-1,-2.755134925E0,3.168429762E0
2.275833596E1,1.267386039E0,1.437410499E0,-3.393166725E0,3.896921444E0
2.276830596E1,7.825412761E-1,-2.710392031E-1,-1.353978333E0,1.587164271E0
2.277827596E1,5.398266435E-1,-9.992163572E-1,-2.334832971E0,2.596399649E0
2.278824596E1,1.432973485E-1,-1.255068587E0,-7.387547672E-2,1.265380921E0
2.279821596E1,1.457263550E-1,2.565769923E-1,2.086425709E0,2.107187737E0
2.280818596E1,3.436376479E-1,9.359488991E-1,1.788036447E0,2.047232647E0
2.281815596E1,5.167063873E-1,6.659320816E-1,1.634930028E0,1.839414914E0
2.282812696E1,1.238020445E0,8.980636194E-1,3.770284653E-1,1.575234380E0
2.283809696E1,1.695038090E0,1.362104793E0,7.429413736E-2,2.175776462E0
2.284806696E1,1.131317165E0,-9.477319157E-1,1.025510994E0,1.797149718E0
2.285803696E1,-9.472014271E-2,-1.567039177E-1,-1.724217596E0,1.733913014E0
2.286800696E1,-1.940434475E0,-7.742122829E-1,-1.308306316E0,2.465026577E0
2.287797696E1,-1.667991355E0,-7.664311007E-1,2.229904101E0,2.888266625E0
2.288794696E1,2.447849125E-2,-4.031538248E-2,4.196564215E-1,4.222985185E-1
2.289791696E1,-2.222006998E-1,-2.404985233E0,1.480892149E0,2.833084658E0
2.290788796E1,1.143660345E0,7.785170031E-1,1.054978037E0,1.739835155E0
2.291785796E1,1.650034263E0,3.693648998E0,-1.237833334E0,4.230589481E0
2.292782796E1,2.472793639E0,-8.037047616E-1,1.767085288E0,3.143762100E0
2.293779796E1,1.424755662E0,-1.070758795E0,-7.457538843E-2,1.783820222E0
2.294776796E1,1.082409518E0,-1.030963522E-1,-3.394664782E0,3.564546002E0
2.295773796E1,1.047242024E0,5.554410481E-1,-3.638114190E0,3.826369752E0
2.296770796E1,-3.960976973E-2,-1.237195988E0,-8.578467625E-1,1.506029188E0
2.297767796E1,-1.995349185E-1,-3.408329432E0,1.098558505E0,3.586551894E0
2.298764896E1,-3.974530088E-1,-1.521123331E0,9.601192421E-1,1.842176442E0
2.299761896E1,4.303302214E-2,-7.974818623E-1,3.500575984E0,3.590523831E0
2.300758896E1,-8.312169345E-1,1.789024626E0,6.030765599E-1,2.062821379E0
2.301755896E1,7.098937878E-1,7.075952473E-1,-1.235241848E-1,1.009900217E0
2.302752896E1,1.117402911E-3,-2.259519372E0,1.009610075E0,2.474821518E0
2.303749896E1,2.212827601E-2,-8.898202148E-1,-5.690223759E-1,1.056435582E0
2.304746896E1,1.162050350E0,5.761007228E-1,1.198014965E0,1.765642352E0
2.305743896E1,-2.458483748E-1,3.867003447E-1,-7.140777630E-1,8.484607425E-1
2.306740996E1,-3.546977294E-1,1.067467690E-2,-6.648319280E-1,7.536085990E-1
2.307737996E1,-5.698948536E-1,-1.536961100E-1,1.354970605E0,1.477953984E0
2.308734996E1,-1.108729151E0,1.013128345E0,-1.812039852E0,2.353550042E0
2.309731996E1,4.375515327E-1,9.825485766E-1,1.337554674E0,1.716364051E0
2.310728996E1,-5.335329198E-1,4.219786432E-1,1.935926564E0,2.051958823E0
2.311725996E1,-1.706743046E-1,1.463278581E0,-5.277597445E-1,1.564878357E0
2.312722996E1,-5.842227978E-1,-2.620581722E-1,1.813316299E0,1.923046219E0
2.313719996E1,-9.914091548E-1,-4.002579913E-1,5.982490987E-1,1.225153279E0
2.314717096E1,8.806275878E-2,2.038193196E0,-1.906592252E0,2.792325298E0
2.315714096E1,2.521988896E-1,6.414997834E-1,8.814005166E-1,1.118924985E0
2.316711096E1,-4.968992001E-1,-1.114292777E0,5.598708987E-2,1.221348338E0
2.317708096E1,4.113147471E-1,8.823854801E-1,-1.521992812E0,1.806722468E0
2.318705096E1,1.553188585E-2,1.057604606E0,1.195828691E0,1.596488334E0
2.319702096E1,-9.964348367E-1,-3.007738150E0,2.420209336E-1,3.177726435E0
2.320699096E1,-7.077939065E-1,-1.475939557E0,-7.953382730E-1,1.819871632E0
2.321696096E1,-1.179849786E0,1.580510285E0,2.808581400E-1,1.992219760E0
2.322693096E1,-1.064241781E0,-6.581517765E-1,-1.724349743E-1,1.263134256E0
2.323690196E1,-7.530015081E-1,-2.671871451E0,1.690350523E0,3.250106647E0
2.324687183E1,-1.120604116E0,-1.193124354E0,-1.201947802E-1,1.641263566E0
2.325684183E1,-4.811194654E-1,3.378959745E-2,-9.985822266E-1,1.108956329E0
2.326681183E1,-4.587404170E-1,-8.840498900E-1,3.180288899E-1,1.045528265E0
2.327678183E1,-5.527799438E-1,2.306942922E-1,-1.245004359E0,1.381601020E0
2.328675183E1,5.429554520E-1,7.930452874E-1,-2.374730862E0,2.561848575E0
2.329672183E1,-1.512315816E-1,3.127052924E-1,-1.790040287E0,1.823430783E0
2.330669183E1,-2.573287615E-1,-2.126661569E-1,4.708078641E-1,5.771525194E-1
2.331666283E1,-3.805231268E-1,-5.833129710E-1,-2.150108904E-1,7.288906332E-1
2.332663283E1,3.676031191E-2,-2.079673344E-1,-1.663191376E0,1.676546237E0
2.333660283E1,-4.679603066E-1,-8.093601885E-1,-1.349157304E-1,9.445914554E-1
2.334657283E1,2.935447342E-1,-8.879619697E-1,1.387467676E0,1.673233852E0
2.335654283E1,1.240033641E-2,5.820853481E-1,1.029812205E0,1.183000549E0
2.336651283E1,-3.292109224E-1,1.148142016E0,-5.692615271E-2,1.195763567E0
2.337648283E1,1.057197421E-1,-8.250155237E-1,-6.937703830E-1,1.083118010E0
2.338645283E1,3.537824940E-2,-2.614072309E0,6.309560841E-1,2.689373763E0
2.339642383E1,-2.091981367E-1,8.454290307E-1,-3.965102184E-1,9.569401546E-1
2.340639383E1,-2.281687701E-1,1.594964602E0,2.328917928E0,2.831930752E0
2.341636383E1,-1.463312787E0,-1.629867509E0,2.815310960E0,3.567033531E0
2.342633383E1,-1.071085727E0,-2.172185359E0,2.123498810E0,3.221003114E0
2.343630383E1,-2.392059378E-3,2.105254035E0,-9.000999123E-1,2.289602613E0
2.344627383E1,1.172622554E-1,9.799635226E-1,1.348362082E-1,9.961223545E-1
2.345624383E1,8.536039498E-2,-1.844563819E0,2.373207078E0,3.006960910E0
2.346621383E1,7.425634973E-2,-4.947147900E-1,-4.289283514E-1,6.589660534E-1
2.347618483E1,7.187731502E-1,2.666032130E-1,-1.239362966E0,1.457303220E0
2.348615483E1,8.435867192E-1,-1.162853318E-1,2.346790527E0,2.496514893E0
2.349612483E1,2.568415788E-1,-6.341305375E-2,2.017278290E0,2.034551674E0
2.350609483E1,1.794889456E-1,-1.968541163E0,1.039902161E0,2.233554812E0
2.351606483E1,-9.345582850E-2,-1.483438611E-3,-1.386513995E0,1.389660840E0
2.352603483E1,-1.131487392E-2,1.116067992E0,-1.972854654E0,2.266691703E0
2.353600483E1,6.714284644E-1,-1.360484237E0,-1.665647206E0,2.253023337E0
2.354597483E1,1.808907425E-1,-6.537236801E-1,-2.012288861E0,2.123530685E0
2.355594483E1,1.229864968E-1,-1.019742715E0,4.578410786E-1,1.124552950E0
2.356591583E1,3.403101437E-1,-6.882593822E-1,1.255300137E0,1.471492577E0
2.357588583E1,-1.386546593E-2,1.487356538E0,5.842333227E-1,1.598045774E0
2.358585583E1,-4.500720294E-1,1.601354147E0,-5.019974971E-1,1.737498611E0
2.359582583E1,2.902452235E-1,-6.421885854E-1,-2.694537306E-1,7.544890867E-1
2.360579583E1,-6.392489708E-1,-5.392512774E-1,-2.004810857E0,2.172256375E0
2.361576583E1,-3.204532186E-1,1.771203482E0,-3.894211126E0,4.290073698E0
2.362573583E1,1.995465764E-1,-6.230196583E-1,-9.122094959E-1,1.122541088E0
2.363570583E1,2.710919377E-1,-2.052881402E-1,-2.402077121E-1,4.163337653E-1
2.364567683E1,6.885416566E-1,-6.698798293E-1,-3.761162996E-1,1.031645322E0
2.365564683E1,-4.795129795E-2,-1.507591997E0,2.095327510E0,2.581768837E0
2.366561683E1,1.508505259E-1,2.121184774E0,6.972822207E-1,2.237941738E0
2.367558683E1,-3.763565836E-1,-1.420878958E0,2.389914912E0,2.805750270E0
2.368555683E1,-3.157235155E-1,-1.929629112E0,1.471292190E0,2.447008492E0
2.369552683E1,8.047764100E-1,-2.976212302E-1,2.970104885E-1,9.079970799E-1
2.370549683E1,-1.962758998E-1,7.380484235E-1,1.058791591E0,1.305480501E0
2.371546683E1,-6.766894966E-2,1.206653934E0,1.683309306E0,2.072226586E0
2.372543783E1,-5.310182882E-1,-1.711719757E-1,7.069266182E-1,9.005695482E-1
2.373540783E1,4.989278185E-1,-1.777966956E0,-6.611195308E-1,1.961421551E0
2.374537783E1,8.709809245E-1,-7.541183263E-2,4.056593567E-1,9.637708385E-1
2.375534783E1,-1.769731080E-1,7.267644668E-1,8.823173600E-1,1.156715175E0
2.376531783E1,3.526934501E-2,1.031274594E0,7.058846444E-1,1.250217720E0
2.377528783E1,-2.614097891E-1,-1.412780857E0,5.464398444E-1,1.537166657E0
2.378525783E1,-3.294687480E-1,-1.872430187E0,-6.871799862E-1,2.021573841E0
2.379522783E1,4.316973004E-1,9.381816584E-1,-3.138118780E-1,1.079363367E0
2.380519883E1,1.145024427E-1,1.417538444E0,6.911876678E-1,1.581223084E0
2.381516883E1,4.367327763E-1,-1.975441170E0,1.757423349E0,2.679858235E0
2.382513883E1,3.335063966E-1,-6.596963185E-1,-1.073263450E0,1.303196141E0
2.383510883E1,2.887326219E-1,-3.054617617E-1,-1.827396394E0,1.875113595E0
2.384507883E1,3.923024889E-2,-6.790219510E-1,-1.578896745E0,1.719163970E0
2.385504883E1,3.785041563E-1,3.467080209E-1,-4.700397153E0,4.728340644E0
2.386501883E1,-1.577914632E-1,3.915792614E-1,-3.263286032E0,3.290481453E0
2.387498883E1,-1.414621268E-1,-3.400263783E0,4.023974875E0,5.270121357E0
2.388495883E1,-4.988825026E-1,-5.985367817E-1,3.749382611E0,3.829490827E0
2.389492983E1,1.842804465E-1,2.395491986E0,1.650692368E0,2.914983093E0
2.390489983E1,3.305875397E-1,-4.801180932E-1,1.263044774E0,1.391072825E0
2.391486983E1,5.615324216E-1,-8.074238831E-1,-1.064296160E0,1.449130188E0
2.392483983E1,6.210533128E-1,-3.757607889E-1,-2.931589276E-1,7.828445214E-1
2.393480983E1,5.109885779E-1,1.219267547E0,3.723483539E-1,1.373450391E0
2.394477983E1,-9.436130639E-2,1.414367499E0,6.468289357E-1,1.558116539E0
2.395474983E1,-6.703006826E-1,-2.878502405E-1,-1.207333088E-2,7.295934014E-1
2.396471983E1,-1.174068644E-1,1.580867842E-1,-3.224382752E-1,3.778124461E-1
2.397469083E1,9.702847727E-2,2.226776133E0,-3.756970543E-1,2.260330673E0
2.398466083E1,4.928798972E-1,-3.490530467E-1,-1.059993194E0,1.219981227E0
2.399463083E1,5.973141289E-1,-1.085513659E0,1.181915826E0,1.712322718E0
2.400460083E1,-3.769003747E-1,6.053429407E-1,2.219304854E-1,7.468246840E-1
2.401457083E1,1.770456135E-1,7.301321706E-1,-6.889399981E-1,1.019350998E0
2.402454083E1,-1.378098097E-1,-8.255052280E-1,1.183833713E0,1.449797463E0
2.403451083E1,1.194310608E-1,-4.998644328E-1,-7.268270320E-1,8.901717609E-1
2.404448083E1,4.865831403E-1,-1.533064223E0,1.376397142E0,2.116959649E0
2.405445183E1,4.361612841E-1,-1.483476618E-1,1.296401385E0,1.375827113E0
2.406442183E1,-3.001975134E-2,4.828045964E-1,1.560756344E-1,5.082923051E-1
2.407439183E1,-1.847062334E-1,-1.985540773E0,1.106590825E0,2.280577078E0
2.408436183E1,1.750138157E-1,-1.079988040E0,-2.592743129E-1,1.124378571E0
2.409433183E1,-7.661533579E-3,6.015849352E-1,-2.341539143E0,2.417595642E0
2.410430183E1,-1.828560282E-1,-1.314674811E0,-1.001756095E0,1.662925573E0
2.411427183E1,-3.671224780E-1,-2.036061594E0,-5.206957233E-1,2.133412703E0
2.412424183E1,-2.983598797E-1,-1.025254593E0,-2.485056712E0,2.704749981E0
2.413421283E1,1.662754443E-1,-8.813902840E-1,1.293409950E-1,9.062149023E-1
2.414418283E1,2.609532677E-1,-6.380391088E-1,1.370372756E0,1.533985659E0
2.415415283E1,3.704899625E-1,-2.198355157E0,3.718199995E0,4.335324602E0
2.416412283E1,3.944963642E-1,-9.730149838E-1,3.977007700E0,4.113268261E0
2.417409283E1,-1.651020543E-1,2.527257529E0,3.937246048E-1,2.563066205E0
2.418406283E1,6.371379067E-1,2.203592508E0,4.644531101E-1,2.340401962E0
2.419403283E1,-1.559725772E-1,1.075416687E0,-1.457989774E0,1.818401132E0
2.420400283E1,-4.150822909E-1,1.243282647E0,-2.413031294E0,2.746045352E0
2.421397283E1,-5.542951401E-1,-2.203473517E-1,-3.268159102E0,3.322146892E0
2.422394383E1,-3.875378852E-1,-5.462120953E-1,-2.269531267E0,2.366285155E0
2.423391383E1,1.197345313E-1,-4.686356235E-1,-1.079171476E0,1.182610156E0
2.424388371E1,-7.154251807E-1,-6.717605862E-1,6.916361493E-1,1.200606529E0
2.425385371E1,-8.118837006E-2,6.524329072E-1,1.624024386E0,1.752060346E0
2.426382371E1,2.613003731E-1,3.147088408E-2,1.216800315E0,1.244938275E0
2.427379371E1,1.586134137E0,-2.171989185E-1,5.394676244E-1,1.689385151E0
2.428376371E1,1.508691127E0,-9.668020248E-2,9.224427080E-1,1.770987445E0
2.429373371E1,8.111623004E-1,8.801229000E-3,-8.929879439E-1,1.206436574E0
2.430370471E1,4.591106553E-1,-2.203631392E0,7.997692931E-1,2.388808244E0
2.431367471E1,-2.246911751E-1,-7.169648257E-1,9.191823006E-3,7.514048011E-1
2.432364471E1,-3.455803122E-1,-6.297176439E-1,-3.878499073E-1,8.163318037E-1
2.433361471E1,-1.879982889E-1,-5.654625911E-1,5.071518177E-1,7.824923416E-1
2.434358471E1,-1.153915118E-1,-1.382166005E0,9.950475848E-1,1.706990850E0
2.435355471E1,2.734251595E-1,-1.509438840E0,1.524564418E0,2.162744459E0
2.436352471E1,7.432161927E-2,2.518425018E-1,1.460646164E-1,3.004716642E-1
2.437349471E1,7.258691850E-1,1.154995245E0,1.253841841E-1,1.369898275E0
2.438346571E1,5.887881576E-1,-4.372848997E-1,1.788080885E0,1.932646587E0
2.439343571E1,4.120755795E-1,-4.163811037E-1,-1.278245196E0,1.406090426E0
2.440340571E1,2.290231580E-1,-2.961489013E-1,-2.548178574E0,2.575532921E0
2.441337571E1,-1.136150546E-1,-7.021854034E-1,-5.191783708E-1,8.806355104E-1
2.442334571E1,-5.361509375E-2,9.610249758E-1,7.737737417E-1,1.234977484E0
2.443331571E1,-1.643106336E-1,5.756449324E-1,-3.813337702E-1,7.097749761E-1
2.444328571E1,6.697956294E-1,-1.159748155E0,-6.372435951E-1,1.483145767E0
2.445325571E1,7.580318677E-1,1.617044565E0,-3.885055556E0,4.275874426E0
2.446322671E1,1.448459251E0,1.930325516E0,5.040241420E-2,2.413862300E0
2.447319671E1,6.207996167E-1,-6.483699694E-1,7.642585677E-1,1.178926181E0
2.448316671E1,3.033014347E-1,-6.867762360E-1,-1.174236093E0,1.393730161E0
2.449313671E1,2.245441177E-1,-1.231015481E0,1.746251074E0,2.148304445E0
2.450310671E1,6.669571716E-1,1.419838446E-1,-1.318607356E0,1.484492048E0
2.451307671E1,8.038687760E-1,8.926344797E-1,2.953177196E-1,1.237018140E0
2.452304671E1,2.004533699E-1,-6.436217380E-1,-2.057767335E0,2.165372231E0
2.453301671E1,9.481296726E-1,-2.718416457E0,-3.205081678E0,4.308281151E0
2.454298671E1,1.631837290E-1,-1.557524003E0,-1.571981828E0,2.218926952E0
2.455295771E1,4.554153612E-1,5.378286499E-1,-2.116495600E0,2.230743471E0
2.456292771E1,1.602058736E0,-7.986597839E-1,-1.145225133E0,2.125085939E0
2.457289771E1,9.130756878E-1,-2.589918923E0,6.843727380E-1,2.830150753E0
2.458286771E1,1.036634737E0,-8.859104741E-1,-1.880007302E0,2.322472045E0
2.459283771E1,4.782402599E-1,-1.277667783E0,-7.928210467E-1,1.577882734E0
2.460280771E1,-8.529312276E-1,-2.046513784E0,5.931608516E-1,2.295114407E0
2.461277771E1,-4.479494901E-1,-1.548316392E0,2.356011001E0,2.854598086E0
2.462274771E1,-6.298551265E-1,7.627166569E-2,1.602800163E0,1.723804864E0
2.463271871E1,-5.329128957E-1,1.697687317E0,-1.161544127E0,2.124928973E0
2.464268871E1,7.216950770E-1,7.847825870E-1,1.908279759E-1,1.083117172E0
2.465265871E1,-2.184201825E-1,3.933185157E-1,-8.237510633E-1,9.386014305E-1
2.466262871E1,8.915060402E-1,-1.683106408E-1,-2.668662792E0,2.818665037E0
2.467259871E1,1.207290696E-1,2.270096692E-1,-1.112138663E0,1.141473304E0
2.468256871E1,-3.349018347E-1,1.191400302E0,-6.944854975E-2,1.239522900E0
2.469253871E1,1.108295873E-1,4.509694308E-2,-2.719165778E-1,2.970783684E-1
2.470250871E1,-5.249409846E-1,-4.563962317E-1,1.266560120E0,1.445003493E0
2.471247971E1,-6.102145850E-1,1.578015278E0,1.733610563E0,2.422374794E0
2.472244971E1,-5.359027963E-2,2.199188678E0,2.194203926E0,3.107061896E0
2.473241971E1,-1.136405631E-1,3.362596312E-1,5.338040113E-2,3.589347913E-1
2.474238971E1,7.084593196E-1,9.769209239E-1,-9.720329440E-1,1.549560306E0
2.475235971E1,-1.992351025E-1,1.102262716E0,4.509273309E-1,1.207482165E0
2.476232971E1,6.370545839E-1,-1.210373640E-3,-8.330311793E-1,1.048704417E0
2.477229971E1,-1.136412575E-1,-1.804535535E-1,5.652982843E-1,6.041853777E-1
2.478226971E1,-2.238239234E-1,-1.648944050E-1,6.197159815E-1,6.792166158E-1
2.479224071E1,-6.117405986E-1,-7.219068924E-1,1.312473042E0,1.618011621E0
2.480221071E1,-3.422103060E-1,6.711363959E-1,7.562034434E-1,1.067415385E0
2.481218071E1,3.540940044E-1,1.004475051E0,-9.728626639E-1,1.442502844E0
2.482215071E1,-1.529902414E-1,-6.894007587E-1,-1.039195817E0,1.256426427E0
2.483212071E1,-5.433341689E-1,-9.616354251E-1,-1.287773818E0,1.696560084E0
2.484209071E1,-1.919483389E-1,-1.355405053E-1,-1.255370303E0,1.277172656E0
2.485206071E1,1.788650477E-1,-6.532047397E-1,-2.277064235E0,2.375645316E0
2.486203071E1,-4.431604743E-2,-1.322692513E0,-3.082698285E0,3.354773929E0
2.487200171E1,-1.103785477E0,-2.956779373E0,1.091043078E0,3.339350481E0
2.488197171E1,-1.261422464E0,-3.154084602E-1,1.211684586E0,1.777315016E0
2.489194171E1,-3.172744529E-1,1.697989618E0,-3.645078224E-1,1.765417167E0
2.490191171E1,-6.701303094E-1,1.554708568E0,-6.434088993E-1,1.811123512E0
2.491188171E1,-1.183894889E-1,1.821424633E0,-5.126856226E-1,1.895903561E0
2.492185171E1,9.881206077E-2,2.000573088E0,-1.961045617E0,2.803168995E0
2.493182171E1,-9.565767065E-2,2.181613117E0,-1.463459260E0,2.628744793E0
2.494179171E1,1.388556939E-1,1.643543269E0,-2.678838701E0,3.145900852E0
2.495176271E1,-8.082730450E-1,-6.079434898E-1,-2.777270730E0,2.955695063E0
2.496173271E1,-1.345668562E0,-1.534394464E0,-4.720270085E-1,2.094755296E0
2.497170271E1,-1.372380251E0,1.299515027E0,-2.319641905E0,2.992140610E0
2.498167271E1,-6.851644510E-1,-3.060815665E-1,2.805803972E0,2.904422866E0
2.499164271E1,-1.505271822E0,2.713113910E0,1.439596188E0,3.420419204E0
2.500161271E1,-8.609867173E-1,2.372554529E0,9.788940668E-1,2.707128869E0
2.501158271E1,-9.592453026E-1,-1.437794953E0,2.796943102E0,3.287901549E0
2.502155271E1,-8.619795015E-1,2.382422582E0,-2.024806581E0,3.243268060E0
2.503152371E1,-1.543011506E0,1.027026884E0,9.486171842E-2,1.855981539E0
2.504149371E1,-1.959902341E0,-1.612364161E0,1.876722921E0,3.156425873E0
2.505146371E1,-1.399057588E0,1.970190078E-1,-4.527673327E0,4.742995296E0
2.506143371E1,-2.210786630E0,2.244395256E-1,1.880399065E0,2.910988023E0
2.507140371E1,-1.295062811E0,-1.500753971E0,2.867292123E0,3.485801814E0
2.508137371E1,-1.314763396E0,-2.811882153E-1,1.084752644E0,1.727529421E0
2.509134371E1,-9.208680528E-1,-9.878397220E-1,3.014111030E0,3.302830693E0
2.510131471E1,-1.673512223E-1,1.843239717E0,2.093673917E0,2.794460513E0
2.511128471E1,5.239354828E-1,-5.357064030E-1,1.617521698E0,1.782657057E0
2.512125471E1,-4.800285212E-1,-2.884592280E-1,4.265573055E-1,7.039795751E-1
2.513122471E1,6.343349708E-1,-3.479040688E-1,1.946308880E0,2.076423934E0
2.514119471E1,1.330383173E-1,2.224984839E0,-3.041292982E0,3.770639167E0
2.515116471E1,1.027801787E0,8.090277743E-1,-1.683995184E0,2.132309132E0
2.516113471E1,8.771467403E-1,-2.426578124E0,3.489130644E0,4.339550719E0
2.517110471E1,-5.390551034E-1,1.399896225E0,-2.146958424E0,2.619106779E0
2.518107471E1,-3.539875485E-1,2.598230156E0,-3.989654642E-1,2.652410332E0
2.519104571E1,5.327014457E-1,1.337473982E0,2.005248229E0,2.468527485E0
2.520101571E1,5.770546230E-1,1.980491703E0,1.450939786E-1,2.067943830E0
2.521098571E1,4.383142289E-1,1.597937618E0,-1.281308552E0,2.094582441E0
2.522095571E1,7.109286719E-1,-6.449970031E-1,-1.528527076E0,1.804947570E0
2.523092571E1,1.322746746E0,1.477032986E-1,-1.383220843E0,1.919576807E0
2.524089571E1,5.672283771E-1,2.189482592E0,1.964038807E-1,2.270276753E0
2.525086571E1,8.065507476E-1,1.104817364E0,-7.747771239E-1,1.572076687E0
2.526083671E1,1.074379464E0,5.964621896E-1,5.461012906E-1,1.344724877E0
2.527080671E1,-1.417988351E-1,3.146565083E-1,7.838122416E-1,8.564328683E-1
2.528077671E1,-3.106123547E-1,1.822851938E0,1.446019939E0,2.347390655E0
2.529074671E1,1.980063102E-1,2.560680506E0,-1.573007430E0,3.011750907E0
2.530071671E1,9.244432598E-1,-1.149793562E0,-1.694987950E0,2.247132556E0
2.531068671E1,9.797845978E-1,-1.263259074E0,-1.776460129E-1,1.608527107E0
2.532065671E1,8.802577514E-1,-1.897938958E-1,1.941515917E0,2.140177443E0
2.533062671E1,5.878607891E-3,2.293596652E-1,2.018690978E0,2.031687397E0
2.534059771E1,3.504457073E-1,-1.248441938E-1,2.895310811E0,2.919113386E0
2.535056771E1,-9.196855997E-1,1.844568497E-1,6.722520447E-1,1.154022852E0
2.536053771E1,-1.239080838E0,1.184517545E0,3.739659276E0,4.113812664E0
2.537050771E1,-1.625442190E0,-2.902075455E-1,4.627105814E0,4.912880107E0
2.538047771E1,-1.935771905E-1,2.982030281E-1,2.476918557E0,2.502303482E0
2.539044771E1,-1.554704841E-1,2.017610997E0,-4.299095142E-1,2.068755035E0
2.540041771E1,-1.748257108E0,1.545477277E0,-3.500103528E0,4.206617125E0
2.541038771E1,-2.453500459E-1,1.299230853E0,-4.275793988E0,4.475557136E0
2.542035871E1,-7.776856752E-1,-1.591841019E0,-2.614160895E0,3.157940788E0
2.543032871E1,-8.303598788E-1,-3.258562651E0,-1.064780894E0,3.527249131E0
2.544029871E1,3.151801995E-1,6.156214687E-1,-9.956831771E-1,1.212317343E0
2.545026871E1,-1.357009529E0,2.744248579E0,-2.098820636E0,3.711795144E0
2.546023871E1,-8.505471716E-1,-1.257892792E0,-3.079535526E0,3.433549741E0
2.547020871E1,-4.689580609E-1,-4.259456282E0,-4.661283374E-1,4.310471565E0
2.548017871E1,-1.129763267E0,-3.238904605E0,3.784879888E0,5.108050885E0
2.549014871E1,5.105801864E-1,6.901240593E-1,4.939270531E0,5.013317935E0
2.550011971E1,-4.256285118E-1,9.111914957E-1,5.527002828E0,5.617756654E0
2.551008971E1,-8.657950290E-1,-2.370259497E-1,6.751645428E-1,1.123222815E0
2.552005971E1,1.324171859E0,3.002802515E-1,1.164732029E0,1.788910294E0
2.553002971E1,-4.645436323E-1,-7.812198785E-1,-7.098110497E-1,1.153228950E0
2.553999971E1,6.569088046E-1,1.111553649E0,-2.306258798E-2,1.291360746E0
2.554996971E1,-7.992375619E-1,2.228280622E0,-1.716009859E0,2.923816863E0
2.555993971E1,-7.926549858E-1,-1.769295536E0,-3.210268158E0,3.750270693E0
2.556991071E1,1.222431330E0,-1.529256808E0,-1.149442729E0,2.270282654E0
2.557988071E1,-2.311618867E-1,1.041671821E0,4.065510571E-1,1.141840515E0
2.558985071E1,2.786530819E-2,6.732311609E-1,2.518881100E-1,7.193499089E-1
2.559982071E1,7.378875520E-1,1.373407169E0,-1.265242742E0,2.007875616E0
2.560979071E1,7.090056688E-1,1.467361692E-1,-2.908367059E0,2.997135214E0
2.561976071E1,1.599166557E0,-3.392469737E-1,-1.975371296E0,2.564081501E0
2.562973071E1,-5.444449937E-1,-5.886754525E-1,1.090353692E0,1.353451260E0
2.563970071E1,-1.775155469E-1,-2.906943262E-2,3.176103462E0,3.181193173E0
2.564967171E1,-4.582738457E-1,-1.907379287E-1,5.101958781E0,5.126049091E0
2.565964171E1,4.817170509E-1,1.694558179E0,3.184215889E0,3.639067129E0
2.566961171E1,5.484092962E-1,1.459862053E0,2.424582469E0,2.882802476E0
2.567958171E1,-8.308107723E-1,-3.009803679E0,3.945245624E0,5.031314715E0
2.568955171E1,-8.768915825E-2,-1.535529116E0,-1.505522375E0,2.152239921E0
2.569952171E1,6.895881620E-1,-3.572268695E-1,-1.433038536E0,1.629951629E0
2.570949171E1,-1.916328597E0,2.103863275E-1,7.304306710E-1,2.061578683E0
2.571946171E1,6.632644357E-1,2.803753939E0,-3.510241431E0,4.541227892E0
2.572943271E1,-7.369622301E-1,-1.325077008E0,-2.081159706E0,2.574911285E0
2.573940271E1,-7.799200425E-1,-5.566116607E0,1.869068331E0,5.923119599E0
2.574937271E1,7.348463421E-1,-8.049203977E-1,1.255923450E-2,1.089978774E0
2.575934271E1,-6.751480244E-2,1.379283620E0,3.253017152E0,3.533992380E0
2.576931271E1,-2.065152149E-1,3.534683670E0,-1.218758547E-1,3.542808335E0
2.577928271E1,1.053410252E0,9.691058278E-1,-1.745604372E0,2.257426386E0
2.578925271E1,1.920868814E-1,1.102679915E0,-4.750017795E0,4.880109570E0
2.579922371E1,-2.953584308E-1,8.508043760E-1,-2.538909568E0,2.693912858E0
2.580919371E1,-7.905864602E-1,-6.765225586E-1,1.442670069E0,1.778765485E0
2.581916371E1,-1.093896958E0,-1.739388782E0,-3.703918755E-2,2.055104813E0
2.582913371E1,-4.170340184E-1,-2.435524071E0,-6.219876248E-1,2.548050918E0
2.583910371E1,5.778515619E-1,7.685589024E-1,1.859981757E0,2.093830784E0
2.584907371E1,-2.704889070E-1,1.393358161E0,1.993802889E0,2.447419288E0
2.585904371E1,6.124480021E-1,-6.676274818E-1,3.391630661E-1,9.673937126E-1
2.586901371E1,1.036542935E0,1.046671775E0,1.081519718E0,1.827464900E0
2.587898471E1,4.095105888E-1,-1.970576579E0,2.314877594E0,3.067495599E0
2.588895471E1,2.293657317E0,-6.563774389E-1,1.614408056E0,2.880626425E0
2.589892471E1,5.572022660E-1,4.181792979E0,-2.307101381E0,4.808386805E0
2.590889471E1,-1.806723855E-2,2.392309347E-1,-2.561347674E0,2.572558993E0
2.591886471E1,-3.926142186E-1,-2.722837830E-1,-2.173250429E0,2.225152087E0
2.592883471E1,-1.501489989E0,-7.408539176E-1,4.712446511E-2,1.674979830E0
2.593880471E1,2.954536308E-1,-1.072952378E-1,3.886005728E0,3.898697941E0
2.594877571E1,-2.048988618E-2,1.988584249E0,1.493456061E0,2.487025966E0
2.595874571E1,5.134356011E-2,-8.545328531E-1,9.862422627E-1,1.305961852E0
2.596871571E1,5.478491695E-1,-5.054201648E-1,-3.819143987E-1,8.375242465E-1
2.597868571E1,1.324166304E0,-1.946411498E0,2.981970640E0,3.799221370E0
2.598865571E1,1.033768432E0,-2.549207684E0,4.684531319E0,5.432492123E0
2.599862571E1,2.258560867E-1,1.825542242E0,5.635692626E-1,1.923857002E0
2.600859571E1,-8.959540902E-1,1.146740439E0,4.858977735E-1,1.534224238E0
2.601856571E1,-4.712796978E-1,-9.705620769E-1,-1.560201443E0,1.896924838E0
2.602853671E1,-7.904333362E-1,1.037763542E0,-3.612494615E0,3.840814415E0
2.603850671E1,-6.788476308E-1,-2.660096621E0,-2.619733291E0,3.794726691E0
2.604847671E1,1.620855853E-1,-8.178693491E-1,-2.163672690E0,2.318762928E0
2.605844671E1,-2.505101406E-1,2.911986485E-1,5.501978499E-1,6.710213539E-1
2.606841671E1,3.730932526E-1,-1.480277899E0,2.495869383E0,2.925711061E0
2.607838671E1,6.460635352E-1,-2.334191239E0,3.069931474E0,3.910284656E0
2.608835671E1,2.251640322E-1,-6.790283829E-2,8.613515836E-1,8.928808361E-1
2.609832771E1,4.830570134E-1,9.887010169E-1,1.387572341E0,1.770940648E0
2.610829771E1,1.005858209E0,2.097118804E0,1.962740725E0,3.043354920E0
2.611826771E1,6.523225410E-1,2.358425317E0,-5.578693968E-1,2.509763522E0
2.612823771E1,-4.813509786E-1,-8.352443504E-1,-1.417715907E0,1.714424184E0
2.613820771E1,1.593932349E-1,-5.960280338E-1,-3.272343369E0,3.329998010E0
2.614817771E1,3.286076725E-2,-6.054467288E-1,-1.594864322E0,1.706234971E0
2.615814771E1,-3.033984620E-1,4.796625951E-1,-2.109528058E0,2.184544680E0
2.616811771E1,-1.992581259E-2,2.229871649E0,-3.651400234E0,4.278486681E0
2.617808871E1,-4.398404253E-1,-1.434832754E0,-2.466050338E0,2.886799075E0
2.618805871E1,-1.617188918E-1,-2.511273288E0,2.482341850E-1,2.528688739E0
2.619802871E1,3.958282869E-1,-2.687194080E0,2.889710348E0,3.965869129E0
2.620799871E1,8.116651610E-1,-9.598251271E-1,1.531175864E0,1.981051270E0
2.621796871E1,5.580646938E-1,4.635236952E-1,3.067036518E0,3.151666769E0
2.622793871E1,-4.725676567E-1,3.058891931E-1,3.857115805E0,3.897977774E0
2.623790871E1,2.257640296E-1,6.496931943E-1,4.976259432E0,5.023567316E0
2.624787975E1,-1.023501744E0,5.744298810E-1,2.158848152E0,2.457264913E0
2.625784975E1,-9.965871567E-1,-1.313784280E0,-9.355708766E-1,1.895918764E0
2.626781975E1,-5.629110854E-2,1.304231684E0,-6.797360714E0,6.921582308E0
2.627778975E1,6.899819720E-1,8.020710495E-1,-4.126709284E0,4.260178706E0
2.628775975E1,9.105766609E-2,-3.618291252E0,3.636885690E0,5.131009706E0
2.629772975E1,-5.736424438E-1,-3.062289163E0,3.529805630E0,4.708100292E0
2.630769975E1,1.115494526E-1,1.138382136E0,-1.512709773E-1,1.153793776E0
2.631767075E1,1.923318432E-1,6.438813543E-1,4.539053178E-1,8.109283408E-1
2.632764075E1,-4.722715683E-1,3.498506069E-2,1.814783365E0,1.875554065E0
2.633761075E1,3.139087590E-1,-8.622128785E-1,-1.781575858E0,2.003986600E0
2.634758075E1,3.388445025E-1,-1.959343493E0,-1.252206960E0,2.349864845E0
2.635755075E1,-8.353088160E-1,8.441522911E-1,-8.635811269E-1,1.468368575E0
2.636752075E1,-6.677294426E-1,2.160911927E0,-3.423971611E-1,2.287496182E0
2.637749075E1,-4.640074792E-1,1.374005046E-1,3.923119175E0,3.952852882E0
2.638746075E1,-3.442680874E-1,-7.717161065E-1,1.693315061E0,1.892454005E0
2.639743175E1,6.321247964E-1,3.925528228E-1,-1.610373477E0,1.773973566E0
2.640740175E1,4.698387612E-1,6.965282223E-1,4.264000154E0,4.345986348E0
2.641737175E1,6.709586406E-1,5.176569253E-1,1.966325068E0,2.141165212E0
2.642734175E1,1.621617965E0,-3.057021992E0,4.661209114E0,5.805333641E0
2.643731175E1,-2.695116180E-1,1.306079989E0,1.708853452E0,2.167639631E0
2.644728175E1,5.602157017E-1,2.461571955E0,-9.433903581E-1,2.695025694E0
2.645725175E1,-1.427552020E-1,-8.362968493E-1,4.098390634E0,4.185281025E0
2.646722275E1,-4.400508519E-1,1.269983080E0,-5.500195098E-1,1.452247650E0
2.647719275E1,1.181499358E-1,-9.351715118E-1,-1.943970578E0,2.160445966E0
2.648716275E1,-4.577073601E-1,-3.621607500E-1,1.700928136E0,1.798280557E0
2.649713275E1,-1.221204145E-1,3.857631822E0,1.005949134E0,3.988504774E0
2.650710275E1,1.415808253E-2,1.799457521E0,-1.450528142E0,2.311337213E0
2.651707275E1,5.601378241E-1,-2.032374047E0,1.327641304E0,2.491371125E0
2.652704375E1,3.165554646E-1,9.248888907E-1,-8.790616304E-1,1.314677212E0
2.653701375E1,-3.147012395E-1,2.470011826E0,-4.016499209E-1,2.522165330E0
2.654698375E1,5.873117356E-1,8.505541152E-1,-1.290778118E0,1.653627989E0
2.655695375E1,9.076809736E-1,-3.398637672E0,-3.860272132E0,5.222674000E0
2.656692375E1,1.699339740E-1,-4.698709647E0,-8.853070414E-1,4.784403668E0
2.657689375E1,-5.778342761E-2,-5.467854148E-1,-2.204949939E-1,5.923945110E-1
2.658686375E1,-4.651002507E-1,1.757785876E0,1.977952257E0,2.686712594E0
2.659683475E1,-5.063461445E-1,-1.325650035E0,4.884765126E0,5.086714535E0
2.660680475E1,1.407402880E-2,-3.182818112E0,1.682367319E0,3.600123472E0
2.661677475E1,3.795951737E-1,-1.041388523E0,-3.380334426E0,3.557420889E0
2.662674475E1,9.960996450E-1,2.319727859E-1,-8.132594043E-1,1.306681574E0
2.663671475E1,9.820410383E-1,-3.641631583E0,6.997254798E0,7.949054025E0
2.664668475E1,4.352660754E-1,-1.414416323E0,3.784637813E0,4.063682255E0
2.665665475E1,1.866709710E-1,9.197079653E-1,2.075643443E0,2.277938650E0
2.666662575E1,-1.658385549E0,3.161811697E-1,3.081238235E0,3.513437380E0
2.667659575E1,-8.885140930E-1,3.547142624E0,3.735505414E-1,3.675760887E0
2.668656575E1,-8.002720074E-1,2.527195841E-1,-1.397863441E0,1.630436958E0
2.669653575E1,-4.969649448E-1,-2.811559972E0,-3.268813990E0,4.340159966E0
2.670650575E1,4.787974995E-1,1.222636128E0,-2.415416374E0,2.749240333E0
2.671647575E1,1.737165378E-1,1.024713141E0,-3.929662210E-1,1.111142164E0
2.672644675E1,5.131645826E-1,-9.827453354E-1,1.599589457E0,1.946230386E0
2.673641675E1,5.342204062E-1,-3.618660504E-1,9.320970458E-1,1.133641647E0
2.674638675E1,4.362614176E-1,-2.573302306E0,-6.547103977E-1,2.690883589E0
2.675635675E1,9.146499775E-1,-7.810564488E-1,1.673012944E0,2.060486852E0
2.676632675E1,9.034195228E-1,-5.902582937E-1,3.445882298E0,3.610910757E0
2.677629675E1,9.895422851E-1,-2.680042058E0,7.101963812E-1,2.943840734E0
2.678626775E1,1.035175637E0,-1.965352092E0,-8.051849842E-2,2.222764196E0
2.679623775E1,5.650680502E-1,-8.289088923E-1,8.041547048E-1,1.285712504E0
2.680620775E1,7.364340073E-1,-2.198992211E0,5.838175857E-1,2.391389714E0
2.681617775E1,-3.021084566E-1,-1.770654721E0,-1.430242982E0,2.296101620E0
2.682614775E1,-4.246217309E-1,-3.251065936E0,-4.577445996E-1,3.310477829E0
2.683611775E1,1.909351992E-1,-3.105725205E0,8.975066721E-2,3.112882985E0
2.684608775E1,6.338682899E-1,-5.313665995E-1,-1.065864968E0,1.349150696E0
2.685605875E1,1.060018775E0,-5.405107677E-1,3.685599428E-1,1.245643659E0
2.686602875E1,9.247443183E-1,-4.367820683E0,1.162024183E0,4.613383767E0
2.687599875E1,1.553764535E-1,-7.090514964E-1,-2.008977583E0,2.136091477E0
2.688596875E1,2.088946297E-1,1.850053770E0,-1.369026727E0,2.310967351E0
2.689593875E1,5.039178689E-1,-4.562693471E-1,9.646555120E-1,1.180116601E0
2.690590875E1,9.725216981E-1,-5.291654152E-1,-4.052851349E-1,1.179012523E0
2.691587975E1,4.616778023E-1,1.017632748E0,-1.846998015E0,2.158732144E0
2.692584975E1,8.688572889E-1,6.144084638E-1,-5.788696718E-1,1.211404493E0
2.693581975E1,7.808116698E-1,-1.495246186E0,1.314092721E0,2.138286159E0
2.694578975E1,4.249613079E-1,-8.275637403E-1,6.212666631E-2,9.323698731E-1
2.695575975E1,8.133650927E-1,1.767618262E0,-1.068231336E0,2.219719640E0
2.696572975E1,7.842200848E-1,1.498548401E0,-8.990327954E-2,1.693732875E0
2.697570075E1,5.000861885E-1,-1.555389184E0,5.477995559E0,5.716446191E0
2.698567075E1,-4.122672220E-1,4.541280967E-1,-5.340057403E-1,8.132396456E-1
2.699564075E1,1.210723011E-1,-1.563101369E0,-8.804515135E-1,1.798093229E0
2.700561075E1,-2.588847421E-2,-2.225934427E0,3.880948471E0,4.474060273E0
2.701558075E1,1.405877050E0,1.419964162E-1,3.974100464E0,4.217834487E0
2.702555075E1,6.944738761E-1,1.059172537E0,3.499172652E-1,1.313994871E0
2.703552075E1,1.277186265E0,-2.155228141E0,2.868421805E-1,2.521604952E0
2.704549175E1,1.419731735E0,-2.578616840E0,2.330545793E0,3.754510181E0
2.705546175E1,3.196723229E-1,-2.984950966E-1,1.957987524E0,2.006241476E0
2.706543175E1,3.270861538E-1,1.682887722E0,-1.397425484E0,2.211762740E0
2.707540175E1,-2.062416018E-1,-3.497872816E0,5.760536528E-1,3.550984039E0
2.708537175E1,-3.931007069E-1,-4.645366083E0,7.290559906E-1,4.718630824E0
2.709534175E1,4.847990817E-1,1.052592373E0,-3.154649443E0,3.360772822E0
2.710531275E1,7.206772960E-1,1.251971609E0,-1.155265387E0,1.849715327E0
2.711528275E1,1.066482434E0,-1.795149584E0,4.440556830E-1,2.134744074E0
2.712525275E1,1.604888935E-1,-2.589617207E0,-1.210475382E0,2.863062104E0
2.713522275E1,4.175835105E-1,-4.756133983E-1,-2.097110910E0,2.190538350E0
2.714519275E1,2.993914747E-1,-1.860765284E-1,-1.215931419E0,1.265997213E0
2.715516275E1,8.059641257E-2,-1.631594192E0,4.829899532E-1,1.703488974E0
2.716513275E1,4.438349506E-1,-8.196121117E-1,-3.603732562E-1,9.993109431E-1
2.717510375E1,-1.226069760E-1,1.210375394E0,-1.141213358E0,1.668055453E0
2.718507375E1,4.196553252E-1,-8.378668267E-1,1.000981924E0,1.371166009E0
2.719504375E1,2.496355433E-1,-1.731038081E0,-1.747840347E0,2.472601185E0
2.720501375E1,2.817863855E-1,2.387284250E0,-4.987588413E0,5.536656738E0
2.721498375E1,1.887919754E-3,1.522802067E0,-6.734261656E-1,1.665062311E0
2.722495375E1,1.145088015E0,-1.154537701E0,3.231212300E-1,1.657887570E0
2.723492475E1,9.822071723E-1,2.519009739E-1,-1.131157317E0,1.519112209E0
2.724489500E1,1.636466092E-1,-2.219759182E0,5.306260496E-1,2.288159751E0
2.725486500E1,-1.148473626E0,-2.061461021E0,6.938621843E-1,2.459686554E0
2.726483500E1,-8.189653366E-1,5.220318121E-1,1.403353391E0,1.706640611E0
2.727480500E1,-1.111442333E0,7.107878271E-1,3.723951901E0,3.950739317E0
2.728477500E1,-2.385381127E-1,1.975168982E0,5.686078084E-1,2.069180461E0
2.729474600E1,2.187468957E-1,-1.760989273E0,1.118700993E0,2.097719080E0
2.730471600E1,7.419714667E-1,-5.619709262E-1,2.206295968E0,2.394592842E0
2.731468600E1,-2.951810409E-1,1.844458569E0,-1.746666811E0,2.557343194E0
2.732465600E1,-1.202047205E-1,-4.158200634E-1,-1.604249688E0,1.661617453E0
2.733462600E1,6.516101309E-1,-4.207676556E0,3.325959413E0,5.402882914E0
2.734459600E1,-3.606745340E-2,-1.022208779E0,3.285169237E0,3.440719193E0
2.735456600E1,5.510196029E-1,5.939475945E-1,2.389172316E-2,8.105351086E-1
2.736453700E1,1.265273002E0,-3.012635778E0,1.783118353E0,3.722418724E0
2.737450700E1,-1.638967238E-2,-2.818152122E0,4.291677949E0,5.134272064E0
2.738447700E1,-3.845164827E-1,1.564597087E0,-4.609348404E-1,1.675791723E0
2.739444700E1,8.051208841E-1,1.249569281E0,-8.487186742E-1,1.711714466E0
2.740441700E1,4.546073491E-1,-1.764976197E0,-6.922419208E-1,1.949617321E0
2.741438700E1,6.394627596E-1,-9.586320028E-1,-3.356148003E0,3.548466902E0
2.742435800E1,1.045032873E0,2.960649937E-1,-2.695044259E0,2.905686106E0
2.743432800E1,8.343509690E-1,-5.889947104E-1,-1.480357128E-1,1.031974264E0
2.744429800E1,1.554732250E-1,-1.901527394E0,-4.908421791E-1,1.970001116E0
2.745426800E1,-4.676991919E-1,-8.823913273E-1,-1.293080751E0,1.633834391E0
2.746423800E1,-5.288501772E-1,2.359670189E-1,-7.106021780E-1,9.166888236E-1
2.747420800E1,-4.325010733E-1,8.439681038E-1,4.277974999E-1,1.040360533E0
2.748417800E1,2.680860668E-2,-3.427047247E-1,-1.013638222E-1,3.583850641E-1
2.749414900E1,-1.728780105E-1,-1.156336889E0,-3.710007461E0,3.889878811E0
2.750411900E1,-9.355256338E-2,-1.562848185E0,-3.965488100E-1,1.615084360E0
2.751408900E1,-1.870482991E-1,5.840894812E-1,5.193596345E-1,8.036678532E-1
2.752405900E1,-5.529824767E-1,-7.198676759E-1,2.050103974E-1,9.306064439E-1
2.753402900E1,-8.357438488E-1,-2.868221245E0,3.010730755E0,4.241421999E0
2.754400000E1,-3.138958221E-1,7.841200975E-1,2.176583927E0,2.334714652E0
2.755397000E1,-1.545320133E0,2.075732613E0,3.642838740E-1,2.613308810E0
2.756394000E1,-3.125454807E-1,-1.620193291E-1,9.007366741E-1,9.670891875E-1
2.757391000E1,-9.318656422E-2,-1.533222975E0,-2.995133307E0,3.366048121E0
2.758388000E1,2.738978337E-1,2.509478778E-2,-4.265192986E0,4.274052056E0
2.759385000E1,6.634467226E-1,6.027344978E-1,-2.879148522E0,3.015451316E0
2.760382000E1,6.970359799E-2,-9.361506280E-1,1.022655213E0,1.388185966E0
2.761379100E1,-4.075307581E-1,-2.155614350E0,1.172007719E0,2.487238757E0
2.762376100E1,-7.753929819E-1,-8.157503182E-1,-3.671642125E-2,1.126068805E0
2.763373100E1,-4.514426533E-1,3.126213849E-3,2.102592675E0,2.150513009E0
2.764370100E1,-4.848374906E-1,1.207179306E0,2.184388205E0,2.542420324E0
2.765367100E1,5.397072872E-1,7.633639437E-1,7.625500113E-1,1.206437311E0
2.766364100E1,9.036681025E-1,-2.438676890E0,5.655234021E-1,2.661499151E0
2.767361200E1,7.780213054E-1,-1.826897334E0,-5.433373117E-1,2.058661326E0
2.768358200E1,-2.434886578E-2,2.294563489E0,5.480858356E-1,2.359239826E0
2.769355200E1,-7.099543065E-3,-4.643782657E-1,3.268329840E0,3.301163056E0
2.770352200E1,-2.411333263E-2,-3.232151363E0,8.684138507E-1,3.346868163E0
2.771349200E1,-5.387268187E-1,-6.652862567E-1,-2.217633719E0,2.377126775E0
2.772346200E1,-4.131305634E-1,3.090764227E0,-1.182160240E0,3.334816816E0
2.773343200E1,-4.006386815E-1,-3.779143184E-1,1.053540207E0,1.188813506E0
2.774340300E1,-4.594584185E-1,-2.483451067E0,-7.533944410E-1,2.635570986E0
2.775337300E1,-4.777873565E-1,-1.228799678E0,-3.099272802E0,3.368044137E0
2.776334300E1,7.686219793E-2,-7.710667732E-1,-6.620907533E-1,1.019223200E0
2.777331300E1,4.104647082E-1,-3.505923262E-1,3.587950927E0,3.628331312E0
2.778328300E1,7.936444078E-2,-7.880210674E-1,5.714207284E0,5.768833574E0
2.779325300E1,9.501418456E-2,-9.772805277E-1,2.433899422E0,2.624494489E0
2.780322400E1,2.302380997E-1,3.573914686E-1,-7.684919518E-1,8.782471887E-1
2.781319400E1,2.250151840E-1,9.676016316E-1,6.003634518E-1,1.160741584E0
2.782316400E1,2.044327291E-1,-4.280483454E-2,2.765291539E0,2.773168276E0
2.783313400E1,-5.169585850E-1,3.018078366E-1,-2.425756590E0,2.498525401E0
2.784310400E1,1.226437038E-1,-5.894578099E-3,-4.623846576E0,4.625476557E0
2.785307400E1,-1.540501954E-1,1.081058373E0,6.957543433E-2,1.094193497E0
2.786304500E1,-4.372700258E-1,-7.692444885E-1,1.777990345E0,1.985998949E0
2.787301500E1,-5.246358696E-1,-2.371551731E-1,-4.561904097E-1,7.345713455E-1
2.788298500E1,-4.163396616E-2,-7.934829515E-1,5.118143874E-1,9.451468397E-1
2.789295500E1,5.005371915E-1,2.852151343E0,-9.326659799E-2,2.897240656E0
2.790292500E1,8.584222016E-1,1.802009538E0,9.282174182E-1,2.201298396E0
2.791289500E1,3.779954486E-1,4.236781365E-1,7.712091529E-1,9.576780670E-1
2.792286500E1,-7.456145744E-1,-9.803704888E-2,-3.027628039E0,3.119628807E0
2.793283600E1,-5.682103804E-1,-1.075793248E0,-1.785253757E0,2.160399297E0
2.794280600E1,-2.210151038E-1,-2.505990914E-1,6.837102485E-1,7.609909885E-1
2.795277600E1,-7.350691210E-1,9.279095623E-1,1.320535183E-2,1.183856896E0
2.796274600E1,-8.711333907E-1,-1.915146436E0,1.314496763E0,2.480838769E0
2.797271600E1,-3.548704416E-2,-1.490347389E0,-6.877027273E-1,1.641745934E0
2.798268600E1,-1.795226402E-1,1.838601998E0,-3.632672186E0,4.075413218E0
2.799265700E1,-3.207580413E-1,1.601509975E0,-1.766366665E0,2.405778692E0
2.800262700E1,5.991385332E-1,-2.049756357E0,-1.613580090E0,2.676585290E0
2.801259700E1,7.265677080E-2,-3.367501834E0,-1.598080875E0,3.728164440E0
2.802256700E1,2.898133700E-1,-6.442333567E-1,6.435334450E-1,9.555959932E-1
2.803253700E1,2.630375808E-1,-4.366282573E-1,2.542859947E0,2.593447457E0
2.804250700E1,-2.539216986E-1,-9.301110390E-1,3.493652880E0,3.624250712E0
2.805247800E1,-3.122314121E-1,-1.592725410E0,1.825276194E0,2.442518346E0
2.806244800E1,-7.558512948E-2,-7.676300722E-1,4.964110672E-2,7.729380823E-1
2.807241800E1,2.421861906E-1,1.792768013E-1,-1.242100632E-1,3.259178765E-1
2.808238800E1,8.381640114E-2,3.838591826E-1,3.235077310E-1,5.089502070E-1
2.809235800E1,-8.753015053E-2,-2.253502002E0,2.376369837E0,3.276135895E0
2.810232800E1,-9.590383843E-2,-2.627633464E0,1.305937609E0,2.935835181E0
2.811229900E1,-3.699549423E-1,9.412993938E-2,6.835202140E-1,7.828965371E-1
2.812226900E1,-4.449032369E-1,1.422604764E0,1.251830399E0,1.946489803E0
2.813223900E1,-6.619350712E-1,5.845174974E-1,1.443258884E0,1.691985505E0
2.814220900E1,-8.068516599E-1,1.114158584E0,-1.951652066E0,2.387740508E0
2.815217900E1,-3.646904748E-1,9.582340997E-1,-3.074218068E0,3.240683333E0
2.816214900E1,-1.852523268E-1,1.065939812E0,-3.991713447E0,4.135737220E0
2.817211900E1,-1.969867385E-1,1.002529097E0,-5.152667005E0,5.252984450E0
2.818209000E1,-7.201138437E-3,-1.233889680E0,-3.387523577E0,3.605253331E0
2.819206000E1,2.837099002E-1,-3.136052666E0,3.508534044E-1,3.168345900E0
2.820203000E1,1.938161954E-2,-1.735072075E0,1.834764470E0,2.525314122E0
2.821200000E1,7.087548964E-2,-1.552567318E-1,3.371439641E0,3.375756692E0
2.822197000E1,3.527188124E-1,3.316131413E-1,5.259990309E0,5.282222628E0
2.823194000E1,-3.346718564E-1,-9.878008381E-1,3.419944049E0,3.575440259E0
2.824191100E1,-2.766184701E-1,2.829271773E-1,1.165665829E-1,4.124964653E-1
2.825188133E1,3.264857910E-1,1.468648956E0,-9.550877130E-1,1.782053666E0
2.826185133E1,6.543290131E-1,7.003724742E-1,-1.956519873E0,2.178678056E0
2.827182133E1,-1.214609217E-1,-1.502682675E0,-3.683604358E0,3.980169475E0
2.828179133E1,-8.582611839E-1,-3.295221770E0,-8.302455658E-1,3.504911764E0
2.829176133E1,-1.266822514E0,-1.102765576E0,3.159104437E-1,1.709014513E0
2.830173133E1,-7.619261134E-1,8.549389422E-2,5.964534187E-1,9.713893601E-1
2.831170233E1,-5.312655158E-1,3.549868011E-1,3.004754900E0,3.071939239E0
2.832167233E1,8.549379189E-1,-4.985616732E-1,4.698571068E0,4.801671862E0
2.833164233E1,6.647723595E-1,2.527207536E-1,2.846436274E-1,7.660365943E-1
2.834161233E1,1.143403798E0,6.035104233E-1,-1.114352419E0,1.706862147E0
2.835158233E1,7.567311546E-1,-9.581338200E-1,1.083310136E0,1.632244867E0
2.836155233E1,3.349766059E-1,9.398346663E-2,1.730427924E0,1.765056095E0
2.837152333E1,8.980047087E-1,1.883843660E0,-1.339928058E0,2.480057780E0
2.838149333E1,-7.161085010E-1,-1.513547679E0,5.060934716E-1,1.749219415E0
2.839146333E1,-9.239831570E-1,-1.915126848E0,1.684298655E0,2.712621919E0
2.840143333E1,-1.151648299E0,1.083810657E-2,3.372714919E-1,1.200068052E0
2.841140333E1,-1.054436439E0,1.899549281E0,-2.848085189E-1,2.191173103E0
2.842137333E1,-1.302988274E0,1.552741857E0,8.428088933E-1,2.195247719E0
2.843134333E1,3.193211976E-2,1.685533294E0,-8.779641080E-1,1.900753304E0
2.844131433E1,7.314470632E-1,1.044075903E-1,-2.059392276E0,2.187924199E0
2.845128433E1,-4.579552090E-1,-9.378963143E-1,1.027186221E0,1.464405682E0
2.846125433E1,3.015452601E-1,8.961375466E-1,-2.712484750E0,2.872553840E0
2.847122433E1,2.176239014E-1,1.141778784E0,-4.128987359E0,4.289470313E0
2.848119433E1,6.170329135E-1,-1.921566094E0,-2.822620565E-1,2.037846349E0
2.849116433E1,7.296594232E-4,4.156981489E-1,4.854861295E-1,6.391418194E-1
2.850113533E1,-7.110415962E-1,2.431738291E0,-1.670654177E0,3.034800924E0
2.851110533E1,1.347177290E-1,-1.340201123E0,4.127537835E-1,1.408777343E0
2.852107533E1,-1.374374152E-1,-4.740498528E0,2.251909513E0,5.249982075E0
2.853104533E1,-2.012628073E-1,-1.199866194E0,-1.218245162E0,1.721716258E0
2.854101533E1,-8.448594388E-2,2.912102260E0,-7.474267727E-1,3.007677547E0
2.855098533E1,-1.239693772E-2,-1.312027192E0,2.655285532E0,2.961774855E0
2.856095633E1,-1.617239716E-1,-4.036879972E0,1.996128911E0,4.506338334E0
2.857092633E1,-9.300275700E-1,-1.936546661E0,-2.580813054E0,3.357939885E0
2.858089633E1,-9.483975481E-1,2.606364217E0,-1.881880749E0,3.351726048E0
2.859086633E1,-4.404617650E-1,1.338654535E0,1.530495833E0,2.080485526E0
2.860083633E1,-6.650839430E-1,-2.352279601E0,2.279360436E0,3.342310573E0
2.861080633E1,-5.745927990E-1,-1.531954713E0,-9.628434598E-1,1.898449277E0
2.862077633E1,-4.708971072E-2,1.083440529E0,-2.542854685E0,2.764447642E0
2.863074733E1,4.025095713E-1,5.163231754E-1,-1.425785065E-1,6.700240346E-1
2.864071733E1,3.545350306E-1,-1.323963113E0,2.219781402E0,2.608831709E0
2.865068733E1,8.924771531E-2,-5.261383116E-1,2.026574779E-1,5.708386208E-1
2.866065733E1,-3.497822676E-1,-3.505376548E-2,2.722837830E-1,4.446513912E-1
2.867062733E1,-4.535962924E-1,-8.481123179E-1,2.369263716E0,2.557040214E0
2.868059733E1,-2.505266955E-1,1.037195485E0,1.965839165E0,2.236752494E0
2.869056833E1,-6.797595041E-1,2.311790848E0,-1.102466784E0,2.649883567E0
2.870053833E1,5.054039022E-2,9.436216155E-1,-7.833339393E-2,9.482152735E-1
2.871050833E1,-7.793448592E-2,9.557086873E-1,-2.257908171E-1,9.851062746E-1
2.872047833E1,-5.609850126E-1,2.269829182E0,-1.571187192E0,2.816994479E0
2.873044833E1,-1.572943403E-1,-5.675041464E-1,-1.545507975E0,1.653903675E0
2.874041833E1,-2.593683251E-1,-1.737161285E0,5.322603464E-2,1.757223454E0
2.875038833E1,-2.244677201E-1,5.871572229E-1,3.009322160E-1,6.969214880E-1
2.876035933E1,-1.439366868E-1,3.040410637E0,-3.052117932E-1,3.059079739E0
2.877032933E1,3.528057897E-1,2.315351218E-2,-4.935833538E-1,6.071511653E-1
2.878029933E1,4.717482060E-1,-2.381183850E0,-2.150822264E-1,2.436974202E0
2.879026933E1,3.368569243E-1,-1.621194334E0,-6.485456783E-1,1.778301199E0
2.880023933E1,3.620987695E-1,-2.283130136E-1,5.322615159E-1,6.830407545E-1
2.881020933E1,5.563450277E-2,-7.857666734E-1,4.218629268E0,4.291544870E0
2.882018033E1,-2.641258573E-2,-2.633370460E0,4.314313690E0,5.054566274E0
2.883015033E1,-2.248279634E-1,-4.734832576E-1,1.368932587E0,1.465848026E0
2.884012033E1,2.338109495E-1,-7.610390908E-1,3.699690049E0,3.784382977E0
2.885009033E1,-7.518076529E-1,-2.488642225E-1,2.794245197E0,2.904299290E0
2.886006033E1,-6.456285024E-1,2.014300303E0,-1.664793513E0,2.691798528E0
2.887003033E1,-1.906151372E-1,-8.419142693E-1,-2.432406628E0,2.581037732E0
2.888000133E1,-3.044164257E-1,-3.332482567E0,-9.838291168E-2,3.347803551E0
2.888997133E1,-6.536936400E-1,2.353969154E-1,-1.082626011E0,1.286392694E0
2.889994133E1,-4.016940674E-1,2.912931980E0,-1.965119373E0,3.536696904E0
2.890991133E1,5.632578253E-1,-7.652254048E-1,-1.376356212E0,1.672478915E0
2.891988133E1,1.369127738E-1,-2.822808260E0,-1.737824652E0,3.317683846E0
2.892985133E1,2.652335392E-2,8.744218647E-3,-7.894512963E-1,7.899451240E-1
2.893982133E1,2.034930450E-1,1.444535039E0,3.171588242E-2,1.459142486E0
2.894979233E1,1.125588465E-1,-4.606720081E-1,-6.069316292E-1,7.702299627E-1
2.895976233E1,1.106129662E-1,-2.281516889E0,1.250351053E-1,2.287616297E0
2.896973233E1,6.439947903E-1,1.077848836E0,-2.476566555E0,2.776665141E0
2.897970233E1,1.116774774E0,2.439573853E0,-2.166092852E0,3.448284316E0
2.898967233E1,2.645247471E-1,6.056990361E-1,-1.281142491E0,1.441586191E0
2.899964233E1,3.376400127E-1,-6.207336894E-1,-2.574823167E0,2.670023489E0
2.900961333E1,-5.506211152E-1,-1.833833009E-1,-1.834237636E0,1.923860898E0
2.901958333E1,-1.842042134E-1,1.185403106E-1,1.813803957E0,1.826983248E0
2.902955333E1,-7.708715493E-1,-1.668808211E0,4.695625241E0,5.042624336E0
2.903952333E1,-1.344134253E0,1.894158733E-1,3.677289366E0,3.919825550E0
2.904949333E1,-1.889155161E-1,1.481271341E0,1.423445009E0,2.063019522E0
2.905946333E1,-1.682755575E-3,1.437354950E0,-3.673747122E-1,1.483562019E0
2.906943333E1,1.033598606E-1,1.341326712E0,-1.023468561E0,1.690363424E0
2.907940433E1,9.069602311E-1,4.498876959E-2,-2.003100547E0,2.199320952E0
2.908937433E1,6.736024591E-1,-6.367038971E-1,-1.276192823E0,1.577276211E0
2.909934433E1,4.573221382E-1,7.095362306E-2,-3.871529192E-1,6.033782707E-1
2.910931433E1,-1.124014468E-1,-3.052807903E-1,-5.448464781E-1,6.345771276E-1
2.911928433E1,-7.651224938E-1,-1.996219543E0,9.994131160E-1,2.359900733E0
2.912925433E1,-1.348898564E0,-2.538178082E0,2.841117062E0,4.041512275E0
2.913922533E1,-2.055632224E0,-7.346599621E-1,3.219025533E0,3.889405415E0
2.914919533E1,-1.622609799E0,8.405182466E-1,9.918614370E-1,2.079212012E0
2.915916533E1,-8.433468372E-1,-1.817202651E0,1.309694445E-1,2.007638502E0
2.916913533E1,8.890484920E-2,-3.591769744E0,2.381511878E0,4.310488695E0
2.917910533E1,1.464946938E0,-2.044740323E0,3.381661744E0,4.214578113E0
2.918907533E1,3.579625588E-1,2.111902612E0,-6.316764611E-1,2.233223004E0
2.919904533E1,-1.458959974E-1,1.414520404E0,-3.013638575E0,3.332292165E0
2.920901633E1,5.785650319E-1,-1.350123556E0,-1.391194691E0,2.023114871E0
2.921898633E1,-6.961494689E-1,-5.261386040E-1,-1.526656551E0,1.758444238E0
2.922895633E1,-1.781857255E0,2.070249679E0,-3.259166084E0,4.252424317E0
2.923892633E1,-1.785501386E-1,-5.700684428E-2,-1.649524679E0,1.660139030E0
2.924889533E1,-8.093488596E-1,-3.154635117E0,-6.076789033E-1,3.313011010E0
2.925886533E1,-7.909342964E-1,-1.714929879E-1,-1.995654117E0,2.153513934E0
2.926883633E1,-6.859238581E-1,1.567521864E0,1.982229495E-1,1.722471675E0
2.927880633E1,-1.728605968E-2,-4.930544731E-1,1.879000996E0,1.942690470E0
2.928877633E1,-1.257318650E-1,-9.512490159E-1,-2.150196612E-1,9.833191989E-1
2.929874633E1,-1.800612601E-1,1.690634698E-1,-7.892764646E-1,8.270198618E-1
2.930871633E1,4.842063933E-1,1.486629144E0,2.741934251E0,3.156378539E0
2.931868633E1,-9.272908538E-1,1.327879578E0,1.936739911E0,2.524696811E0
2.932865733E1,-1.176494580E0,-8.124361163E-1,1.375065147E0,1.983682459E0
2.933862733E1,-1.348367199E-1,-2.892670208E-1,1.487169135E-1,3.520980981E-1
2.934859733E1,-1.059037613E0,1.702383800E0,-1.977037168E0,2.815732095E0
2.935856733E1,-1.411284847E0,7.227874830E-1,-4.532188547E-1,1.649107030E0
2.936853733E1,-8.167404711E-1,-1.604176013E0,2.802432468E0,3.330776698E0
2.937850733E1,-1.110322225E0,-1.306503912E0,-3.057608467E-1,1.741624992E0
2.938847733E1,-8.146800584E-1,9.994473222E-1,-1.532419567E0,2.002725213E0
2.939844833E1,-6.158136959E-1,-4.914020500E-1,2.992020249E-3,7.878524196E-1
2.940841833E1,-7.453002866E-1,-2.069085791E0,2.664206629E0,3.454646941E0
2.941838833E1,-5.532163653E-1,4.277641708E-1,-1.154674818E0,1.349927579E0
2.942835833E1,-7.446696644E-1,2.522221907E0,-1.648379209E0,3.103754223E0
2.943832833E1,1.452065787E-2,1.358556703E-1,8.832195854E-1,8.937250409E-1
2.944829833E1,-3.504681825E-1,-7.902345309E-1,4.906802112E-1,9.940149045E-1
2.945826933E1,-6.831372213E-1,-3.701600334E-1,-8.250111383E-1,1.133286500E0
2.946823933E1,-3.788191385E-1,9.267500594E-1,-5.470216423E-1,1.140877859E0
2.947820933E1,-4.014803882E-1,-1.887510156E0,-6.084565830E-1,2.023388372E0
2.948817933E1,-8.912559255E-1,-2.070448484E0,3.948653966E-1,2.288452038E0
2.949814933E1,-5.600724084E-1,1.393552288E-1,1.995917827E-1,6.106863861E-1
2.950811933E1,-1.390999686E0,-2.989886016E-2,2.674019426E-1,1.416784341E0
2.951809033E1,-6.184781990E-1,-7.703706622E-2,1.405872957E0,1.537832488E0
2.952806033E1,9.283211332E-1,-9.418578029E-1,1.006892290E0,1.662139684E0
2.953803033E1,-8.488315254E-1,1.414028361E0,-2.114836160E0,2.681887982E0
2.954800033E1,-6.493052316E-1,1.193914020E0,-1.503421471E0,2.026648487E0
2.955797033E1,-2.598598750E-1,-6.670509464E-1,7.548919129E-1,1.040358554E0
2.956794033E1,-9.720351367E-1,-3.533086503E-1,1.505839294E-1,1.045157801E0
2.957791033E1,-1.003848083E0,1.863081951E0,-7.416655111E-1,2.242510437E0
2.958788133E1,-1.132562037E0,6.313361531E-1,-7.175094938E-1,1.481925092E0
2.959785133E1,-8.722048929E-1,-2.913614642E0,7.623213851E-1,3.135446627E0
2.960782133E1,-1.160427162E0,-1.478814633E0,1.743662512E0,2.563950638E0
2.961779133E1,-7.060166453E-1,6.625784111E-1,1.524491912E-1,9.801583597E-1
2.962776133E1,-1.413507520E0,1.630414224E0,6.646822393E-2,2.158858975E0
2.963773133E1,-6.259201697E-1,-7.767537752E-1,-8.642804539E-1,1.319887567E0
2.964770133E1,1.284086290E-1,-2.133132098E0,-2.003972951E0,2.929615830E0
2.965767233E1,-1.026240160E-1,-4.269019988E-1,-1.826446221E0,1.878478854E0
2.966764233E1,-6.970955484E-1,1.779281995E0,2.860101217E-1,1.932249573E0
2.967761233E1,-6.600111911E-1,-4.007479879E-1,3.029444768E0,3.126299622E0
2.968758233E1,-4.036730393E-2,-1.727399066E0,1.762716249E0,2.468340662E0
2.969755233E1,-9.506659754E-1,5.731718525E-1,-2.592403990E-1,1.139954979E0
2.970752233E1,-1.138069164E0,1.287149920E0,-1.206068335E0,2.099180118E0
2.971749333E1,-2.006831947E0,-7.525772926E-1,-1.826465517E-1,2.151071084E0
2.972746333E1,-1.601717259E0,-4.361865002E-1,-1.574984373E0,2.288303436E0
2.973743333E1,-1.006970204E0,8.573918492E-2,-1.237785972E0,1.597953163E0
2.974740333E1,-1.650012629E-1,6.951243058E-1,-8.049540192E-1,1.076277934E0
2.975737333E1,-5.635089632E-1,-7.487154990E-1,-4.627866536E-1,1.045126182E0
2.976734333E1,-7.422670434E-1,-9.851616973E-1,-1.351583898E-2,1.233566622E0
2.977731433E1,-1.433572460E-1,4.578934112E-1,-4.899475551E-1,6.857596392E-1
2.978728433E1,-9.585600820E-1,-1.390481915E0,1.210647874E0,2.077966714E0
2.979725433E1,-9.776711947E-1,3.418282270E-1,5.588359416E-1,1.176853904E0
2.980722433E1,-1.031730896E0,4.449023598E-1,-9.502982587E-1,1.471554801E0
2.981719433E1,-5.880972359E-2,-8.029615805E-1,-1.702299893E-1,8.229119835E-1
2.982716433E1,-4.939399608E-1,-1.909112987E-1,1.827541990E0,1.902717408E0
2.983713433E1,-7.905510845E-1,1.451662502E0,6.041091782E-1,1.759898559E0
2.984710533E1,-4.066173134E-1,9.524763465E-2,8.585554451E-1,9.547393381E-1
2.985707533E1,-8.841598908E-1,-1.216928076E0,3.766530740E-1,1.550651539E0
2.986704533E1,-3.192100275E-1,-1.518176627E0,6.152890545E-1,1.668932573E0
2.987701533E1,-7.362571290E-1,-2.805581778E-2,1.672638722E0,1.827725905E0
2.988698533E1,-5.128891422E-1,8.340751997E-1,1.907772805E0,2.144372586E0
2.989695533E1,-1.922135102E-2,-3.486811638E-1,9.687491477E-2,3.623986250E-1
2.990692633E1,4.261724856E-1,-2.830028987E-1,-1.243056067E0,1.344210554E0
2.991689633E1,3.318670566E-1,8.096964034E-1,-1.565843421E0,1.793769670E0
2.992686633E1,-7.798581351E-1,-4.626536295E-1,-8.772273588E-1,1.261647705E0
2.993683633E1,-9.008506217E-1,-9.473515543E-1,6.948655665E-2,1.309135284E0
2.994680633E1,-3.368739543E-1,-1.148900985E0,-1.481392670E0,1.904726169E0
2.995677633E1,-3.549649106E-1,2.038569172E0,-3.955550757E0,4.464095222E0
2.996674633E1,-1.544161032E-1,1.673405877E-1,-1.010000085E0,1.035348915E0
2.997671733E1,-3.117329370E-1,-1.370042096E0,7.848852056E-1,1.609421497E0
2.998668733E1,-2.374173842E-1,-1.734039164E0,-3.059725159E-1,1.776760540E0
2.999665733E1,-6.818191127E-1,2.978869861E-1,-1.914548559E0,2.054047259E0