"Time (s)","Linear Acceleration x (m/s^2)","Linear Acceleration y (m/s^2)","Linear Acceleration z (m/s^2)","Absolute acceleration (m/s^2)"
1.010295830E-2,1.910629170E0,-1.465168401E0,2.090474321E0,3.188621199E0
2.007295832E-2,1.721170612E0,-2.347524060E0,3.272552699E0,4.379828611E0
3.004295833E-2,1.609761273E0,-2.337801602E0,2.821006733E0,4.001840411E0
4.001295834E-2,7.176684650E-1,-2.809516662E0,3.328350340E0,4.414334365E0
4.998295836E-2,-6.078244259E-1,-3.440247628E0,2.880311533E0,4.527797346E0
5.995295831E-2,-4.884330531E-1,-3.585570526E0,1.837305670E0,4.058395615E0
6.992295833E-2,-1.335361968E0,-3.577629714E0,1.341144279E0,4.047381121E0
7.989295834E-2,-2.009607474E0,-3.303970666E0,1.655497025E0,4.206591823E0
8.986195835E-2,-1.408140653E0,-2.834658812E0,1.767451909E0,3.625194744E0
9.983195830E-2,-4.321024393E-1,-2.710439978E0,2.256960922E-1,2.753931030E0
1.098019583E-1,-1.285882390E0,-3.099448804E0,-5.992407864E-1,3.408689767E0
1.197719583E-1,-1.508594356E0,-2.383037125E0,-6.854942340E-1,2.902520493E0
1.297419583E-1,-7.561660212E-1,-1.016898630E0,1.075171396E0,1.661885497E0
1.397119584E-1,-8.520091948E-1,-2.090242771E0,2.909852251E0,3.682699368E0
1.496819583E-1,2.448506936E-1,-2.674369967E0,3.438578541E0,4.363029791E0
1.596519583E-1,3.894082999E-1,-2.353007579E0,3.052898535E0,3.874077046E0
1.696219583E-1,-2.371564157E-1,-1.780175450E0,1.381721032E0,2.265926038E0
1.795919584E-1,4.654165485E-1,-1.922744308E0,9.116031396E-1,2.178205345E0
1.895619583E-1,1.055119686E0,-2.141099806E0,-9.892956787E-1,2.583852138E0
1.995319583E-1,1.528991052E0,-1.498844270E0,-1.462105629E0,2.592701420E0
2.095019583E-1,8.692887403E-1,-6.845639420E-1,-5.475361973E-1,1.234539020E0
2.194719583E-1,1.318797975E0,1.234940717E0,-1.310697243E0,2.232091829E0
2.294419583E-1,1.440148896E0,1.393233908E0,-1.768807293E0,2.672790453E0
2.394119583E-1,1.024731998E0,4.742264387E-1,-2.995568340E0,3.201311616E0
2.493809583E-1,9.218855415E-1,1.633834845E-1,-1.783276813E0,2.014111046E0
2.593509583E-1,8.883288094E-1,4.931740487E-1,1.188230819E0,1.563406919E0
2.693209584E-1,9.707277723E-1,1.829125416E0,-1.705281973E-2,2.070821816E0
2.792909583E-1,2.615698201E-1,2.727569981E0,-1.784200673E0,3.269775040E0
2.892609583E-1,6.226242404E-1,2.067176090E0,-5.109489995E-1,2.218546103E0
2.992309583E-1,3.987919481E-1,1.801569242E0,2.724884355E-1,1.865190795E0
3.092009583E-1,1.004924117E0,1.700874342E0,-2.683762642E0,3.332480746E0
3.191709583E-1,8.438431927E-1,6.949281317E-1,-3.390116817E0,3.562006243E0
3.291409583E-1,8.410002764E-1,1.410609494E0,-3.753565709E0,4.097115588E0
3.391109583E-1,9.500784034E-1,3.096579575E0,-3.471980175E0,4.748273410E0
3.490809583E-1,5.013226919E-1,3.609987621E0,-2.344846913E0,4.333779195E0
3.590509583E-1,9.384322116E-1,2.479579333E0,-1.658048165E-1,2.656399804E0
3.690209583E-1,4.209492409E-1,9.372385025E-1,5.948723316E-1,1.187218331E0
3.789909583E-1,-5.297826253E-1,7.939223698E-1,5.018869262E0,5.108818947E0
3.889609583E-1,4.031770090E0,2.246887924E0,5.765462222E0,7.385406559E0
3.989309584E-1,3.413723196E0,3.335349457E0,4.524104771E0,6.576137623E0
4.089009583E-1,3.477159931E0,4.330259047E0,-1.230661724E0,5.688260972E0
4.188709583E-1,1.309628079E0,2.928123046E0,-1.547879605E0,3.561595366E0
4.288399583E-1,-2.922934519E0,1.177598535E0,-5.698813319E-1,3.202350581E0
4.388099583E-1,3.197937258E-1,4.680000311E-1,-1.760113068E0,1.849132248E0
4.487799583E-1,-1.089630830E-1,2.382143962E-1,-2.256250486E0,2.271406020E0
4.587499583E-1,-5.125046512E-1,2.094120060E0,-3.340192121E0,3.975535592E0
4.687199583E-1,1.599387728E0,4.706062521E0,-4.428977004E0,6.657394600E0
4.786899583E-1,1.113450997E0,4.298963872E0,-1.415724930E0,4.661023554E0
4.886599584E-1,3.156569961E0,2.392827702E0,-2.667497442E0,4.775468661E0
4.986299583E-1,7.091674174E-1,2.455153174E0,-4.655568890E0,5.310839597E0
5.085999583E-1,-7.083119698E-2,4.124977924E0,-3.491537942E0,5.404747647E0
5.185699583E-1,-1.702530712E0,3.666766716E0,6.573860836E-1,4.095844899E0
5.285399584E-1,-2.731919140E0,4.137372851E-2,2.491150680E0,3.697421491E0
5.385099583E-1,-2.119302263E0,-1.216388086E0,2.137163168E-1,2.452899656E0
5.484799583E-1,-2.549239844E0,1.676495253E0,-8.072893971E-1,3.156101438E0
5.584499583E-1,-3.048241228E0,3.322748415E0,-8.624420893E-1,4.590886403E0
5.684199583E-1,-3.064071395E0,3.000606886E0,-5.102895505E0,6.665712095E0
5.783899583E-1,-2.491454735E0,2.426093389E0,-4.413735652E0,5.619104754E0
5.883599583E-1,-3.625681840E0,7.711617905E-1,-8.209993637E-1,3.796616819E0
5.983299583E-1,-2.889355714E0,6.072377309E-1,-1.656635478E0,3.385491871E0
6.082989583E-1,-2.466581265E0,-6.235491237E-1,9.557297373E-1,2.717766726E0
6.182689584E-1,-3.017866697E0,-5.490450713E-1,1.159754294E0,3.279329186E0
6.282389583E-1,-2.098557512E0,-2.420896384E-1,-7.610987324E-1,2.245400254E0
6.382089583E-1,-2.452646765E0,6.147133961E-1,-8.263495660E-1,2.660113215E0
6.481789583E-1,-2.597590763E0,4.533837461E-1,5.354704678E-1,2.690680809E0
6.581489583E-1,-2.489053576E0,3.157975924E-1,2.214075689E0,3.346228770E0
6.681189583E-1,-1.279829499E0,7.589852563E-1,1.934454235E0,2.440519484E0
6.780889583E-1,-1.923165600E0,-5.370702660E-1,2.274683833E-1,2.009664714E0
6.880589583E-1,-1.341072943E0,-3.180595001E0,1.530495248E0,3.775854460E0
6.980289583E-1,-1.589150130E0,-3.419948435E0,2.059171836E0,4.296700372E0
7.079989584E-1,3.046430784E-1,-2.678137035E0,2.303938038E0,3.545892817E0
7.179689583E-1,2.420644954E-2,-2.734845087E0,2.803121270E0,3.916305971E0
7.279389583E-1,-2.269604065E-2,-2.484691261E0,1.817980038E0,3.078840235E0
7.379089583E-1,8.952185836E-1,-1.715172538E0,6.766292703E-1,2.049648828E0
7.478789584E-1,3.398956492E-1,-2.916812192E0,-2.809838551E-1,2.949961753E0
7.578489583E-1,1.323199028E0,-2.986833769E0,-2.182339926E0,3.928694336E0
7.678189583E-1,2.480495299E0,-3.848001458E0,-1.780922724E0,4.912398385E0
7.777889583E-1,1.824414314E0,-2.993695769E0,-3.218365967E-1,3.520551199E0
7.877589584E-1,3.480261879E0,-1.656645125E0,2.065058228E0,4.372775012E0
7.977279584E-1,3.042376763E0,-2.663379540E0,1.947290627E0,4.487938027E0
8.076979583E-1,1.982977646E0,-3.270422851E0,3.529198689E0,5.204143480E0
8.176679583E-1,3.840842712E0,-1.655309037E0,1.718788456E0,4.521764534E0
8.276379583E-1,2.470995328E0,-1.162021844E0,6.922126848E-1,2.816961320E0
8.376079584E-1,2.940460671E0,-2.458144610E0,2.782252557E0,4.736001813E0
8.475779583E-1,2.232421620E0,-2.215728404E0,1.067015115E0,3.321397282E0
8.575479583E-1,3.016377557E-2,-1.241363883E0,-1.652401509E0,2.066960302E0
8.675179583E-1,-8.700949252E-1,-1.674969715E0,-1.121578408E0,2.195569823E0
8.774879167E-1,-8.846578543E-1,-2.496848207E0,3.632765742E0,4.495982365E0
8.874579167E-1,6.737907395E-1,-3.540919140E0,5.750647717E0,6.786902937E0
8.974279166E-1,1.549085740E0,-1.047191300E0,2.870570657E0,3.425850572E0
9.073979167E-1,2.575682123E0,3.145482178E0,-8.783260506E-1,4.159285177E0
9.173679167E-1,1.475903450E0,3.302309180E0,-2.203841307E0,4.235617242E0
9.273379167E-1,-1.618688364E-2,9.492595008E-1,-1.745216702E0,1.986740283E0
9.373079166E-1,1.370481734E-1,-2.048038153E0,-1.348977794E0,2.456213258E0
9.472779167E-1,-1.332327994E0,-3.928772848E0,-1.487624048E0,4.407196306E0
9.572479167E-1,-1.287729964E0,-2.839823366E0,-2.327250302E0,3.890878972E0
9.672179167E-1,-5.287526017E-1,-3.159426033E-1,-1.910965970E0,2.007782354E0
9.771879166E-1,-2.107250275E0,3.007772941E0,-1.933500554E0,4.150376631E0
9.871579167E-1,-2.435684906E-1,4.109450058E0,-1.096733004E0,4.260249836E0
9.971269167E-1,-4.567609883E-1,3.250211073E0,2.026390007E0,3.857299454E0
1.007096917E0,-7.547158387E-1,1.200474889E0,2.939872441E0,3.263983138E0
1.017066917E0,-1.715091993E0,-1.093481660E0,3.269288199E0,3.850388034E0
1.027036917E0,-2.354010523E0,-2.338661143E-1,5.028699017E-1,2.418457574E0
1.037006917E0,-2.788347110E0,1.972171115E0,-1.120526494E0,3.594428763E0
1.046976917E0,-3.294718032E0,4.382957078E0,-2.328778764E0,5.957238470E0
1.056946917E0,-2.124130455E0,4.597396403E0,-7.740988469E-1,5.123203383E0
1.066916917E0,-1.960079365E0,3.806731810E0,-9.964865845E-1,4.396146460E0
1.076886917E0,-1.217129074E0,2.216620397E0,-6.825940150E-1,2.619302151E0
1.086856917E0,-8.018437390E-1,1.552495397E0,-6.912461400E-1,1.879099935E0
1.096826917E0,-3.637373786E-1,2.398937458E0,-2.204498534E0,3.278264723E0
1.106796917E0,4.149113329E-1,3.970997347E0,-3.700609231E0,5.443847906E0
1.116766917E0,8.165886627E-1,5.237454556E0,-3.626343745E0,6.422469636E0
1.126736917E0,1.019738768E0,5.237963263E0,-3.320610965E0,6.285108073E0
1.136706917E0,1.133738204E0,3.940972479E0,-2.447438650E0,4.775623765E0
1.146676917E0,1.669559578E0,2.466335389E0,-1.175977979E0,3.202056159E0
1.156646917E0,2.129476711E0,1.687971291E0,-1.884122572E0,3.306635149E0
1.166616917E0,2.537647154E0,2.533623101E0,-2.850995933E0,4.581165453E0
1.176586917E0,3.347583586E0,3.537503489E0,-2.116773342E0,5.310459131E0
1.186556917E0,4.219744625E0,3.867662720E0,-2.726590573E0,6.340296189E0
1.196525917E0,3.646157328E0,3.192589979E0,-2.785078517E0,5.589611469E0
1.206495917E0,4.007077591E0,9.472729093E-1,-3.339192832E0,5.301339977E0
1.216465917E0,3.197199047E0,-4.432227471E-1,-1.983942145E0,3.788740500E0
1.226435917E0,2.342381142E0,6.703318191E-1,7.319135249E-2,2.437509207E0
1.236405917E0,1.258494178E0,-1.344146240E-1,1.292736350E0,1.809155095E0
1.246375917E0,2.450188742E-1,7.584131062E-2,2.802105609E0,2.813819823E0
1.256345917E0,-9.994780201E-1,1.519075929E0,2.683541032E0,3.241595357E0
1.266315917E0,4.411797300E-2,1.439491523E0,3.548012105E0,3.829160762E0
1.276285917E0,4.046112433E-1,-1.686155730E0,3.542328612E0,3.943973047E0
1.286255917E0,1.890817049E-1,-3.326261422E0,2.645096174E0,4.253974695E0
1.296225917E0,8.825190890E-1,-5.353703050E0,3.953124163E0,6.713282873E0
1.306195917E0,2.312616914E-1,-5.224086651E0,3.769590588E0,6.446268418E0
1.316165917E0,8.297579811E-1,-4.250330240E0,2.142337954E0,4.831502600E0
1.326135917E0,6.732507491E-1,-4.154407252E0,1.840004745E0,4.593254146E0
1.336105917E0,-2.283394723E-1,-3.905393341E0,1.335666023E0,4.133792422E0
1.346075917E0,-7.498986831E-1,-3.995691893E0,1.248306867E0,4.252784002E0
1.356045917E0,-1.009608760E0,-5.244374735E0,3.394485857E0,6.328136412E0
1.366015917E0,-3.905798992E-1,-5.455067457E0,4.234269401E0,6.916599669E0
1.375985917E0,-7.286899549E-1,-4.488455174E0,1.345612137E0,4.742139910E0
1.385955917E0,-2.160966598E0,-3.811546699E0,-8.389438838E-1,4.461108800E0
1.395925917E0,1.097604970E-1,-2.589122240E0,-1.178782888E0,2.846951078E0
1.405894917E0,5.272711000E-1,-2.323340269E0,-2.254043162E-2,2.382526577E0
1.415864917E0,7.243272742E-1,-2.018056847E0,7.131971723E-1,2.259613605E0
1.425834917E0,1.591403063E0,-1.629589182E0,1.744382304E-1,2.284415309E0
1.435804917E0,4.402646407E-1,-1.225085819E0,-1.108818614E0,1.710013724E0
1.445774917E0,-6.989479463E-1,-1.340668901E0,-4.031187415E-1,1.564744724E0
1.455744917E0,-3.920420320E-1,-1.270124875E0,5.492582023E-2,1.330387537E0
1.465714917E0,-1.410208667E0,-2.688277861E-1,1.016468275E-1,1.439197325E0
1.475684917E0,-9.779833630E-1,3.243380356E-1,-7.691427469E-1,1.285778824E0
1.485654917E0,-6.712950017E-1,7.910338452E-1,-2.093711924E0,2.336664534E0
1.495624917E0,-4.385373002E-1,1.278758874E0,-2.059955948E0,2.463931356E0
1.505594917E0,2.895033945E-1,1.486795205E0,-2.403296265E0,2.840810648E0
1.515564917E0,7.130120348E-1,2.224816439E0,-3.025607826E0,3.822629601E0
1.525534917E0,6.696380469E-1,2.980876918E0,-3.071359364E0,4.332123112E0
1.535504917E0,4.295529071E-1,4.243213887E0,-2.211890584E0,4.804356330E0
1.545474917E0,9.325572947E-1,3.897430895E0,-1.129040624E0,4.163455707E0
1.555444917E0,8.616592933E-1,1.330394173E0,-1.231766263E0,2.007399691E0
1.565414917E0,8.712796441E-1,-1.170114098E0,1.314603183E0,1.963791422E0
1.575384917E0,1.042363839E0,2.460028875E-1,1.591384644E0,1.918213981E0
1.585354917E0,8.431542445E-1,2.896617664E0,1.227877280E0,3.257143777E0
1.595323917E0,1.687731409E0,4.485475141E0,2.338944733E-1,4.798190406E0
1.605293917E0,1.999630224E0,4.702413858E0,-2.840013108E0,5.846100545E0
1.615263917E0,1.076059881E0,2.999452938E0,-3.446847088E0,4.694185514E0
1.625233917E0,1.970706680E0,2.240310976E0,-3.562654703E0,4.647062149E0
1.635203917E0,2.275150149E0,2.549942387E0,-4.311639174E0,5.501703985E0
1.645173917E0,1.004673271E0,3.125921195E0,-4.123600904E0,5.271132338E0
1.655143917E0,9.339193305E-1,4.272781794E0,-3.522983099E0,5.616073316E0
1.665113917E0,-3.863555782E-1,5.541981640E0,-3.063581398E0,6.344159685E0
1.675083917E0,-3.752100543E-1,5.800761863E0,-1.869732574E0,6.106187082E0
1.685053917E0,-7.713011735E-1,5.674201219E0,-2.614302397E0,6.294921922E0
1.695023917E0,-3.074247012E0,5.900632891E0,-3.469820799E0,7.503873638E0
1.704993917E0,-2.991081187E0,6.458399377E0,-2.628369629E0,7.587213987E0
1.714963917E0,-4.846275828E0,6.618428898E0,-3.361735602E0,8.865170994E0
1.724933917E0,-5.638761830E0,6.432935922E0,-2.314099914E0,8.861904872E0
1.734903917E0,-5.922419032E0,6.415153370E0,-1.280985201E0,8.824407234E0
1.744873917E0,-7.113206838E0,5.690856428E0,-8.697733283E-2,9.109946403E0
1.754843917E0,-7.509989537E0,4.146486029E0,7.517882109E-2,8.578982521E0
1.764813917E0,-7.118056519E0,2.607610844E0,2.323462476E0,7.928735132E0
1.774783917E0,-6.552648892E0,7.364278677E-1,3.543798602E0,7.485856132E0
1.784753917E0,-5.533861611E0,-2.467893380E-1,3.069702848E0,6.333056520E0
1.794723917E0,-4.930578060E0,-3.257767430E-1,1.596751218E0,5.192912954E0
1.804692917E0,-3.248947782E0,-8.245480388E-1,1.516007602E-1,3.355372401E0
1.814662917E0,-2.329810505E0,4.101310149E-1,-3.991519904E-1,2.399072060E0
1.824632917E0,-1.043009517E0,-2.689815679E-1,-4.052880585E-2,1.077897268E0
1.834602917E0,-1.511459930E0,-1.799478278E0,1.158877797E0,2.620234902E0
1.844572917E0,-3.448995136E-1,-3.203982401E0,1.581019869E0,3.589440448E0
1.854542917E0,4.712885783E-1,-4.105621009E0,1.149045703E0,4.289352261E0
1.864512917E0,7.943981139E-1,-5.473444086E0,3.999945742E-1,5.545237072E0
1.874482333E0,1.962737655E0,-5.527616200E0,1.734716856E-1,5.868302343E0
1.884452333E0,1.876352499E0,-4.266917622E0,1.291947561E0,4.836983894E0
1.894422333E0,1.154443049E0,-1.516337970E0,1.125593691E0,2.213364125E0
1.904392333E0,1.383514373E0,-3.894152069E-1,2.540585380E0,2.918960483E0
1.914362333E0,-1.114093387E0,-2.909975043E-1,3.902187898E0,4.068532169E0
1.924332333E0,1.066054673E-1,-9.123583075E-1,1.841220966E0,2.057633848E0
1.934302333E0,-2.385403347E0,-1.575952965E0,-1.572360728E0,3.262835443E0
1.944272333E0,-2.168478370E0,-2.294624593E0,-7.544907939E-1,3.246052498E0
1.954242333E0,-1.820228146E0,-1.893526941E0,-5.720716989E-1,2.688111011E0
1.964212333E0,-1.815415595E0,-2.193987872E0,1.417865596E0,3.181141212E0
1.974182333E0,-1.415626697E0,-1.080997854E0,6.757732379E-1,1.905052434E0
1.984152333E0,-1.732957758E-1,-8.865852427E-1,1.372729184E0,1.643304668E0
1.994121333E0,4.652895817E-2,-9.515112635E-1,1.432274889E0,1.720159873E0
2.004091333E0,1.194476961E0,-3.743095100E-2,2.542139570E0,2.809030060E0
2.014061333E0,2.529753121E0,1.473519102E0,3.164185667E-1,2.944661289E0
2.024031333E0,2.899872808E0,1.524172947E0,-2.566823591E0,4.161844402E0
2.034001333E0,3.523380417E0,8.655302963E-1,-2.891318917E0,4.639297073E0
2.043971333E0,2.876814314E0,-1.819940025E-1,-2.999491237E0,4.160063712E0
2.053941333E0,3.369739563E0,2.921014586E-1,-1.361788459E0,3.646222126E0
2.063911333E0,3.831776604E0,3.043416983E0,2.163482655E0,5.350285606E0
2.073881333E0,3.678989736E0,4.027219787E0,2.540587134E0,6.017312330E0
2.083851333E0,3.156211819E0,3.262043791E0,-2.357639451E0,5.114789001E0
2.093821333E0,2.443787356E0,1.810640905E0,-5.687051060E0,6.449268710E0
2.103791333E0,1.986088219E0,6.296971786E-1,-4.341966342E0,4.815987611E0
2.113761333E0,1.008956357E0,-7.241326350E-1,1.265079020E0,1.772790436E0
2.123731333E0,9.889866534E-1,4.333465075E-1,2.907507518E0,3.101529262E0
2.133701333E0,6.451735890E-1,2.083706169E0,7.268410653E-1,2.299212537E0
2.143671333E0,9.338401008E-1,1.722571897E0,-1.588121313E-1,1.965841440E0
2.153641333E0,1.075385404E0,-7.181132188E-1,9.728597403E-3,1.293149260E0
2.163611333E0,6.379122242E-1,-2.550251705E0,-1.443619072E-1,2.632784861E0
2.173581333E0,5.809465297E-1,-2.596369279E0,-2.197541517E0,3.450771077E0
2.183551333E0,2.335366603E-1,-2.192460287E0,-3.136582716E0,3.834002167E0
2.193520333E0,6.501244265E-1,-2.825514059E0,-1.678586510E0,3.350200612E0
2.203490333E0,1.613271357E0,-3.309768181E0,1.373666493E0,3.929907062E0
2.213460333E0,2.189137022E0,-2.429372216E0,8.349687127E0,8.967242908E0
2.223430333E0,4.536996420E0,-2.088275183E0,8.044516849E0,9.468869050E0
2.233400333E0,5.080210648E0,-5.158708933E-1,1.914101247E0,5.453296855E0
2.243370333E0,3.967619410E0,-3.425336936E-1,-3.969008124E0,5.622486870E0
2.253340333E0,3.111839054E0,-2.673039140E0,-4.496115904E0,6.086356773E0
2.263310333E0,1.350956346E0,-4.032591039E0,-1.677868472E0,4.571883217E0
2.273280333E0,4.773120875E-1,-2.178729562E0,1.069130638E0,2.473404467E0
2.283250333E0,-4.306238247E-1,-8.381100708E-1,2.887346318E0,3.037208279E0
2.293220333E0,-4.581711905E-2,-1.351805508E0,8.705819982E0,8.810265541E0
2.303190333E0,-9.634403875E-1,1.103545010E-2,1.056605902E1,1.060989832E1
2.313160333E0,-2.693123559E-1,4.158042759E-2,5.929022292E0,5.935281242E0
2.323130333E0,-9.567139699E-1,2.042420733E-1,-4.766515714E-1,1.088215588E0
2.333100333E0,-2.654347054E0,3.868281063E-1,-3.841165770E0,4.685055895E0
2.343070333E0,-4.887675869E0,8.258785728E-1,-7.430014830E0,8.931773127E0
2.353040333E0,-5.343586782E0,-1.630332363E-1,-6.155253990E0,8.152769542E0
2.363010333E0,-4.572531119E0,-1.415224993E-1,-2.422518402E0,5.176549513E0
2.372980333E0,-3.181808590E0,1.229808031E0,8.311109537E-1,3.510994035E0
2.382949333E0,-2.961399843E0,2.182347235E0,1.816883685E0,4.102876406E0
2.392919333E0,-1.297981157E0,1.326446718E0,3.944654471E-1,1.897318889E0
2.402889333E0,-1.211932800E0,-1.455266726E-1,-2.755550662E0,3.013804668E0
2.412859333E0,-8.075450666E-1,-1.096508763E0,-3.180840291E0,3.460087493E0
2.422829333E0,-1.114824655E-1,-3.128178513E-1,-1.727402574E0,1.759034679E0
2.432799333E0,-5.579964641E-1,6.936201096E-2,1.670262998E0,1.762370457E0
2.442769333E0,-5.208527576E-1,1.564389803E0,5.667634211E0,5.902599479E0
2.452739333E0,-1.648932648E0,2.838971719E0,2.581583133E0,4.176518977E0
2.462709333E0,-2.108580809E0,1.632825615E0,-1.728185517E0,3.177869994E0
2.472679333E0,-1.889607553E0,8.514045927E-1,-3.697637676E0,4.238871414E0
2.482649333E0,-6.182782242E-1,-6.071412519E-1,-3.438209581E0,3.545726102E0
2.492619333E0,-3.231672037E-1,-3.020727155E-1,-1.952044998E0,2.001540567E0
2.502589333E0,-4.642958565E-1,9.473211488E-1,9.153260618E-1,1.396713930E0
2.512559333E0,-9.546148194E-1,3.306886088E0,-8.806754619E-1,3.552798097E0
2.522529333E0,9.280358621E-1,4.468958218E0,-1.469047444E0,4.794886705E0
2.532499333E0,-3.287831986E-1,4.992897685E0,-2.172371008E0,5.454935515E0
2.542469333E0,1.466904147E-1,3.038399194E0,-2.097026711E0,3.694713625E0
2.552439333E0,1.455185230E-1,-1.412223033E0,-9.161294693E-1,1.689627988E0
2.562409333E0,-2.747203543E-1,-5.910553862E0,-1.757896973E0,6.172545666E0
2.572379333E0,3.838909037E-2,-4.982914149E0,-2.009034886E0,5.372813816E0
2.582348333E0,1.246050134E0,-1.533032648E0,-1.316846759E0,2.374218908E0
2.592318333E0,1.907871623E0,-1.059340937E0,-1.098159724E0,2.442976081E0
2.602288333E0,1.267771078E0,-2.246034815E0,-2.024686128E-1,2.587065797E0
2.612258333E0,2.986030508E-1,-2.966278760E0,1.793795954E0,3.479321397E0
2.622228333E0,-8.263105358E-1,-3.259820972E0,3.336343483E0,4.737130958E0
2.632198333E0,-1.460085416E0,-3.264667144E-1,3.488927745E0,3.796188450E0
2.642168333E0,-2.383879562E0,8.932352811E-1,5.032228396E0,5.639510055E0
2.652138333E0,-2.863386183E0,3.466755688E-1,4.706591109E0,5.520069225E0
2.662108333E0,-1.730982971E0,2.424758178E0,9.357889777E-1,3.122732021E0
2.672078333E0,-1.871136491E0,2.943476373E0,-2.085608853E0,4.063861367E0
2.682048333E0,-2.250923088E0,3.345380355E0,-4.649794180E0,6.154576377E0
2.692018333E0,-2.848032564E0,1.668348328E0,-3.732620398E0,4.982683079E0
2.701988333E0,-3.772634649E0,-9.160587180E-1,-1.897664139E0,4.321234193E0
2.711958333E0,-2.093338725E0,-1.032751308E0,1.148995417E0,2.601698052E0
2.721928333E0,-1.705690547E0,1.615965169E0,3.914874601E-1,2.382013036E0
2.731898333E0,-2.285403387E0,2.349336990E0,2.163013709E-1,3.284697736E0
2.741868333E0,-1.358845848E0,1.379423954E0,-4.171912354E-1,1.980737491E0
2.751838333E0,-1.711018676E0,4.675299150E-1,-1.817392393E0,2.539504724E0
2.761808333E0,-2.637497352E-1,9.149512553E-1,-1.912083957E0,2.136062916E0
2.771777333E0,-1.142337485E0,-1.327631072E0,2.822499527E0,3.321752967E0
2.781747333E0,2.973009197E0,1.619187570E-1,2.747904258E0,4.051663755E0
2.791717333E0,1.954995211E0,1.227813545E0,1.456916810E0,2.729860614E0
2.801687333E0,-1.499640953E0,3.035415360E-1,1.299424396E0,2.007377446E0
2.811657333E0,-7.455439693E-1,1.589336072E0,1.087437100E0,2.065028912E0
2.821627333E0,-1.285414613E0,1.032477951E0,-7.282864970E-1,1.802415787E0
2.831597333E0,-6.048084686E-1,4.394270271E-2,-3.682565308E0,3.732159093E0
2.841567333E0,5.139367805E-1,9.752769792E-1,-5.386745081E0,5.498392380E0
2.851537333E0,2.451644991E0,1.005814355E0,-4.353588268E0,5.096661308E0
2.861507333E0,2.633055587E0,4.417358002E-1,-2.174614584E-1,2.678694034E0
2.871477333E0,1.085983556E0,-5.113697067E-1,4.776636660E0,4.925151474E0
2.881447583E0,9.571219593E-1,-5.141164362E-1,5.791775277E0,5.892797215E0
2.891417583E0,2.554874915E-1,-2.566517782E0,2.304246186E0,3.458588999E0
2.901387583E0,7.496664025E-2,-4.403192537E0,-1.770029946E0,4.746233299E0
2.911357583E0,-4.056380875E-1,-4.918510576E0,-3.652483723E0,6.139782235E0
2.921327583E0,-1.631482949E0,-1.922156371E0,-2.804706450E0,3.771312768E0
2.931297583E0,-1.213435169E0,1.182365477E-1,-1.897392243E-1,1.233858081E0
2.941267583E0,-1.007710059E-1,-1.434521682E0,3.676522211E0,3.947761748E0
2.951237583E0,1.308915742E0,-1.961671854E0,4.351545251E0,4.949481079E0
2.961207583E0,1.006227900E0,-1.076664190E0,3.214217368E0,3.535943106E0
2.971177583E0,2.925896280E-1,1.354305777E-1,7.442102194E-1,8.110480765E-1
2.981146583E0,1.020446355E0,1.800100714E0,4.702015078E-1,2.121971442E0
2.991116583E0,1.924331535E0,2.138007506E0,-2.182166263E0,3.610537017E0
3.001086583E0,2.961512694E0,-1.335366645E-1,-3.480261002E0,4.571718071E0
3.011056583E0,2.746441870E0,-2.154725280E-1,-1.520664325E0,3.146711195E0
3.021026583E0,1.408918479E0,1.459786039E0,1.999430834E0,2.848464537E0
3.030996583E0,1.416772020E0,-1.139275298E0,6.362583978E0,6.617224950E0
3.040966583E0,1.003839385E0,-5.375699106E-1,3.140863463E0,3.340912781E0
3.050936583E0,9.980303957E-1,1.900081962E0,-4.378446536E0,4.876183980E0
3.060906583E0,1.039746917E0,7.012878558E-1,-8.132582349E0,8.228716423E0
3.070876583E0,1.040645342E0,1.130304793E0,-1.115306567E1,1.125839267E1
3.080846583E0,1.768260432E0,7.122508004E-1,-1.080292271E1,1.096983068E1
3.090816583E0,1.569746876E0,-3.146817682E0,-6.226759590E0,7.151160869E0
3.100786583E0,5.214130305E-1,-4.578415464E0,6.993862243E0,8.375432454E0
3.110756583E0,3.110391283E0,-1.736035404E-1,1.868998281E1,1.894782651E1
3.120726583E0,2.402477070E0,3.710916410E0,1.779639377E1,1.833724156E1
3.130696583E0,4.060855018E0,4.490028075E0,3.805752693E0,7.150849541E0
3.140666583E0,5.397117091E-1,1.135914026E0,2.613397833E0,2.900247858E0
3.150636583E0,1.327574354E0,1.971230298E0,1.646033306E0,2.890956277E0
3.160606583E0,3.360369692E0,5.836980686E0,-9.083410950E0,1.130799640E1
3.170575583E0,3.494800981E0,3.654531417E0,-8.892092977E0,1.022929867E1
3.180545583E0,4.579739566E0,-3.463586497E-1,-6.113042355E0,7.646127493E0
3.190515583E0,1.595955997E0,-1.190696590E0,-4.700560876E0,5.104910034E0
3.200485583E0,2.124048448E0,-2.079641184E-1,-1.429609144E0,2.568776594E0
3.210455583E0,1.713416912E-1,-1.530753988E0,2.236153606E0,2.715317420E0
3.220425583E0,3.111671823E-1,-1.805038688E0,2.397222177E0,3.016896393E0
3.230395583E0,5.967516998E-1,2.267927375E-1,2.469896051E0,2.551065276E0
3.240365583E0,-1.351591207E-1,2.401290962E0,-8.570468634E-1,2.553232383E0
3.250335583E0,1.212404670E0,1.301523254E0,-5.196479023E-2,1.779490996E0
3.260305583E0,4.427137470E-1,-8.421940586E-1,1.481977977E0,1.761120387E0
3.270275583E0,8.030981860E-1,-4.023286073E0,3.297606849E0,5.263649727E0
3.280245583E0,-4.453857784E-1,-2.657601614E0,1.720193542E0,3.196917367E0
3.290215583E0,-1.103079060E0,-1.920059267E0,1.779575526E0,2.840827354E0
3.300185583E0,-5.599795838E-1,-1.464295119E0,2.023740633E0,2.559934273E0
3.310155583E0,-1.462636849E0,1.843714219E0,-7.573062283E-1,2.472266449E0
3.320125583E0,-1.782995562E0,5.185196235E0,-1.878475331E0,5.796033363E0
3.330095583E0,-5.437760722E-1,9.741942503E0,-3.029658192E0,1.021665135E1
3.340065583E0,-5.339838132E-2,8.535252024E0,-2.528997953E0,8.902202488E0
3.350035583E0,1.058770029E0,-4.870745257E-1,3.031712319E0,3.248001717E0
3.360005583E0,2.339715396E0,-1.083807851E1,6.879490120E0,1.304858606E1
3.369974583E0,3.253504225E0,-1.174280532E1,6.086186678E0,1.362058864E1
3.379944583E0,2.390118687E0,-2.169117032E0,-5.689374744E0,6.541155939E0
3.389914583E0,6.681081229E-1,-2.360484999E0,-5.308379527E0,5.847833026E0
3.399884583E0,-8.554308392E-1,-3.879895973E0,1.162918223E0,4.139774568E0
3.409854583E0,-3.550985414E0,4.225130787E-1,3.161962556E0,4.773470637E0
3.419824583E0,-1.979479550E0,2.482901721E0,2.420881181E0,3.992969564E0
3.429794583E0,1.020580694E0,-5.352699083E-1,2.806807355E0,3.034182980E0
3.439764583E0,1.763065181E0,-1.581658970E0,2.865907502E0,3.717992703E0
3.449734583E0,3.182271690E0,-2.652127451E-1,2.849220133E0,4.279631558E0
3.459704583E0,3.337951760E0,3.506777248E0,1.062695192E0,4.956685353E0
3.469674583E0,2.464744070E0,3.210742952E0,-6.892937547E-1,4.105966331E0
3.479644583E0,1.873936138E0,1.823040803E0,-5.402016839E0,6.001408197E0
3.489614583E0,1.153560119E0,4.857390216E-1,-6.599572797E0,6.717217017E0
3.499584583E0,9.515120675E-1,2.556844148E-1,-4.396731364E0,4.505773676E0
3.509554583E0,-3.751507051E-1,1.818360984E0,-2.972708650E0,3.504878235E0
3.519524583E0,7.448990945E-1,1.202455341E0,-8.060164583E-1,1.628015982E0
3.529494583E0,3.313104017E-1,-1.269681948E-1,-8.238668382E-2,3.642458928E-1
3.539464583E0,5.486823247E-1,-2.521103042E-1,-2.728503197E0,2.794519922E0
3.549434583E0,-1.900138973E-1,-1.650297388E0,-2.281974726E0,2.822586651E0
3.559404583E0,-7.216900337E-1,-8.557534593E-1,-1.877763140E-1,1.135081685E0
3.569374583E0,-8.863823444E-1,6.422596291E-1,3.433828847E0,3.604074312E0
3.579343583E0,-1.388875101E0,2.434413100E0,3.188978446E0,4.245577077E0
3.589313583E0,2.643847793E-1,1.850460444E0,1.431353368E0,2.354331249E0
3.599283583E0,6.840565498E-1,2.256507179E0,-1.153815862E0,2.625080771E0
3.609253583E0,1.437464878E-1,9.142282471E-1,8.430907291E-1,1.251909868E0
3.619223583E0,-7.156687173E-1,1.129397305E0,1.057175421E0,1.704505751E0
3.629193583E0,1.277111421E0,1.449083588E0,-1.455277251E0,2.418406232E0
3.639163583E0,9.226061377E-1,8.072051972E-1,-2.254156598E0,2.565931465E0
3.649133583E0,-7.881962646E-1,-3.583653516E0,-5.868634003E-1,3.715943289E0
3.659103583E0,-1.431951831E0,-1.961448783E0,1.776979362E0,3.009222994E0
3.669073583E0,-1.276243401E0,5.521978900E-1,7.939986759E-1,1.601297482E0
3.679043583E0,-1.571399153E0,-1.839520888E0,2.802485678E0,3.702304467E0
3.689013583E0,-1.585710506E0,-2.882707137E0,9.044794768E-1,3.412119777E0
3.698983583E0,-2.155852331E-1,-2.298546028E0,1.326796966E0,2.662739383E0
3.708953583E0,-1.314493401E0,-4.658850932E-1,9.817200261E-1,1.705495832E0
3.718923583E0,-4.308080851E-1,-6.068006516E-1,1.898875682E0,2.039492950E0
3.728893583E0,1.439937519E-1,-5.612382701E-1,3.599981573E0,3.646311825E0
3.738863583E0,-1.186674144E-2,1.019940351E0,1.482783138E0,1.799740252E0
3.748833583E0,4.302940052E-1,-4.028652647E-1,2.368631047E0,2.440874104E0
3.758803583E0,-8.379476644E-2,3.260837218E-1,-1.687242728E0,1.720505792E0
3.768773583E0,8.094702624E-2,1.200685388E0,-4.100196839E0,4.273150119E0
3.778743583E0,1.493110490E0,5.436381510E-1,-2.657332642E0,3.096181220E0
3.788713583E0,1.934371351E0,9.646470335E-1,-4.777865160E-1,2.213733583E0
3.798682583E0,5.256017565E-1,6.338545489E-1,1.260969597E-1,8.330241526E-1
3.808652583E0,1.107098436E0,-9.790788388E-1,1.228164378E0,1.921626931E0
3.818622583E0,3.456362262E-1,-1.014776383E0,3.462148082E-1,1.126543475E0
3.828592583E0,1.186532642E0,-2.045659798E0,1.020561326E0,2.575680325E0
3.838562583E0,1.204905105E0,-8.637156129E-2,-1.192434382E-1,1.213867932E0
3.848532583E0,1.563772045E0,8.840899435E-1,-1.809440179E0,2.549719945E0
3.858502583E0,7.550603858E-1,-1.998144739E0,2.568349714E0,3.340526731E0
3.868472583E0,9.025889258E-1,1.596503589E0,-3.519503421E-1,1.867447328E0
3.878442792E0,9.610186169E-1,5.458387506E-1,1.205308782E0,1.635318313E0
3.888412792E0,1.155826135E0,-1.689991504E-2,1.851297473E0,2.182549425E0
3.898382792E0,1.118951327E0,1.127958013E0,-3.547225070E-1,1.627934092E0
3.908352792E0,4.988243593E-1,1.752129865E-1,-9.118265033E-1,1.054017507E0
3.918322792E0,8.614119561E-1,2.084842283E-1,-1.937952039E0,2.130998437E0
3.928292792E0,9.486500017E-1,-9.583384725E-1,-1.191659042E0,1.799555702E0
3.938262792E0,1.074633891E0,-7.080744267E-1,6.396269202E-3,1.286953109E0
3.948232792E0,1.468966898E0,2.098694336E-1,1.469575447E0,2.088435042E0
3.958202792E0,1.864250225E0,-1.101977372E0,2.130945824E0,3.038208869E0
3.968172792E0,1.255725522E0,-1.342026039E0,7.526968682E-1,1.986059680E0
3.978142792E0,1.476961212E0,-1.023766184E0,-1.723665619E-1,1.805331508E0
3.988112792E0,1.223776335E0,4.435221246E-1,-1.312814519E0,1.848735340E0
3.998081792E0,1.501890377E0,1.190332893E0,-5.635721862E-2,1.917222793E0
4.008051792E0,1.446932690E0,6.231012270E-1,9.239887118E-1,1.826369209E0
4.018021792E0,6.033773261E-1,-1.035213279E0,1.070172027E0,1.606548753E0
4.027991792E0,9.433410953E-1,1.383391874E0,-8.574614310E-1,1.881197918E0
4.037961792E0,3.747283168E-1,4.649121165E-2,1.178074790E0,1.237110729E0
4.047931792E0,1.515298627E-2,9.358372173E-1,-2.452743244E-1,9.675641604E-1
4.057901792E0,1.390292758E0,7.090272304E-1,2.992224902E-1,1.589077615E0
4.067871792E0,2.138573663E0,3.645101613E-1,-1.087514284E0,2.426736963E0
4.077841792E0,1.557726755E0,4.202306181E-1,-1.484203427E0,2.192251406E0
4.087811792E0,1.486197912E0,-1.081111875E0,3.721495485E-1,1.875121971E0
4.097781792E0,2.209033635E0,-7.080408052E-1,-1.127752483E-2,2.319758298E0
4.107751792E0,1.847944533E0,-4.669893399E-1,-9.514981073E-1,2.130334877E0
4.117721792E0,1.865713783E0,-1.716344320E0,9.460613662E-1,2.705874693E0
4.127691792E0,1.668860982E0,-4.096231842E-1,-3.493804908E-1,1.753554920E0
4.137661792E0,1.205794247E0,-8.058851883E-1,-1.642395169E-1,1.459577104E0
4.147631792E0,7.632661490E-1,-1.881672004E-1,4.401193374E-1,9.009368128E-1
4.157601792E0,1.487806116E-1,7.362813950E-3,1.743085976E0,1.749439511E0
4.167571792E0,6.540152369E-1,5.493558508E-1,1.374316703E0,1.618108211E0
4.177541792E0,9.046398367E-1,7.060083130E-1,1.573139577E0,1.947200324E0
4.187511792E0,1.529739971E-1,9.325923049E-1,-8.227336478E-1,1.253004432E0
4.197481792E0,1.629553769E-1,3.643604726E-1,-4.767041963E-1,6.217394146E-1
4.207450792E0,-7.175257199E-1,2.764358908E-2,-2.147119807E0,2.264007684E0
4.217420792E0,-1.205837955E0,-3.192199677E-1,-1.042311214E0,1.625533521E0
4.227390792E0,-1.779476123E0,-2.039044843E0,6.917985265E0,7.428509895E0
4.237360792E0,2.305878180E-1,-1.251575168E0,1.417768883E1,1.423469254E1
4.247330792E0,7.216951501E-1,4.253512003E0,4.873056076E0,6.508447109E0
4.257300792E0,2.206645924E0,3.976161315E0,1.369904394E0,4.749292904E0
4.267270792E0,-1.048578406E0,2.411361622E0,-4.656362357E0,5.347512688E0
4.277240792E0,-1.577375958E-1,-4.935193267E-1,-8.976109280E0,8.991050010E0
4.287210792E0,-6.053821901E-1,-1.841620916E0,-1.019905385E1,1.038165471E1
4.297180792E0,-2.261465325E0,-9.109055668E-1,-6.980827045E0,7.394316778E0
4.307150792E0,-2.761420390E0,-1.394600109E0,-1.286378088E0,3.350391114E0
4.317120792E0,-2.062590557E0,-2.122338138E0,4.009503016E0,4.983443931E0
4.327090792E0,-2.099876936E0,-8.975166124E-1,6.186072909E0,6.594127482E0
4.337060792E0,-2.224930460E0,-1.142332807E0,2.673357521E0,3.660885170E0
4.347030792E0,-1.296480176E0,-1.685304961E0,-8.507207608E-1,2.290161451E0
4.357000792E0,-7.868106207E-1,-8.851725554E-1,-3.046102901E0,3.268232594E0
4.366970792E0,-1.722781958E0,2.677945831E-1,-4.816039876E0,5.121907038E0
4.376940792E0,-1.628728764E0,-3.972490141E-1,-5.832709880E0,6.068860577E0
4.386910792E0,-1.601919719E0,-2.010029790E0,-6.868756387E0,7.333906247E0
4.396880792E0,-1.602478566E0,-3.381735711E0,-5.480837306E0,6.636539124E0
4.406850792E0,-8.197696942E-1,-4.130506466E0,8.014284990E0,9.053279512E0
4.416820792E0,-8.244078518E-1,-3.353378177E-3,1.328513709E1,1.331069220E1
4.426790792E0,-1.858452272E0,3.892180096E0,6.795421193E0,8.048643360E0
4.436759792E0,9.502211485E-1,2.704515579E0,1.899042327E0,3.438558784E0
4.446729792E0,-4.430543473E-1,2.690792164E0,4.306708217E-1,2.760821795E0
4.456699792E0,-2.289300410E0,-1.076363059E0,5.278480375E-1,2.584197623E0
4.466669792E0,-3.282469285E0,-2.288596990E0,-1.071992850E0,4.142637983E0
4.476639792E0,-3.417144987E0,-1.805528100E0,-3.352711594E0,5.116393907E0
4.486609792E0,-2.129795384E0,-9.889530319E-1,-1.332483968E0,2.699920370E0
4.496579792E0,-5.714245583E-1,1.708582141E0,1.341261808E0,2.246054807E0
4.506549792E0,-9.652883269E-1,1.564138373E0,1.917185068E-1,1.847989824E0
4.516519792E0,-2.673706600E-1,1.021254805E0,2.233741044E0,2.470637064E0
4.526489792E0,-5.207248497E-1,1.389341416E0,1.456197603E0,2.078926501E0
4.536459792E0,-1.377997087E0,2.693616077E0,-6.207123470E-1,3.088644907E0
4.546429792E0,-2.023691955E0,2.660273499E0,-1.557447989E0,3.687550469E0
4.556399792E0,-2.608260762E0,1.380122988E0,-9.052285051E-1,3.086616645E0
4.566369792E0,-2.772930634E0,-1.204058647E-1,-1.162758594E0,3.009260610E0
4.576339792E0,-2.695576064E0,-1.895043417E0,-1.717285137E0,3.715694835E0
4.586309792E0,-2.831873783E0,-3.345328900E0,-1.748447873E0,4.718877466E0
4.596279792E0,-2.472235522E0,-3.805387242E0,-2.621101540E0,5.240524194E0
4.606249792E0,-1.488755630E0,4.154522735E-1,-4.487509972E0,4.746234262E0
4.616219792E0,-9.369271383E-1,5.559055510E0,-3.148021039E0,6.456854272E0
4.626189792E0,-1.213040519E-1,9.014869303E0,-3.029261166E-1,9.020773108E0
4.636159792E0,7.221435584E-1,3.530992322E0,-6.169865012E-2,3.604608831E0
4.646128792E0,3.895340150E-2,-5.203206244E-1,1.793111830E0,1.867485195E0
4.656098792E0,-5.212956842E-1,-1.251398875E0,2.049889966E0,2.457599888E0
4.666068792E0,4.683100797E-1,-2.320205576E0,2.769399208E0,3.643108593E0
4.676038792E0,1.293278095E0,-5.328350108E0,1.542523556E0,5.695898702E0
4.686008792E0,1.253725774E0,-5.378045594E0,1.991970956E-2,5.522282093E0
4.695978792E0,2.418424181E0,-1.650788262E0,-9.701156420E-1,3.084639649E0
4.705948792E0,2.207019707E0,1.354684677E0,-3.499850929E-1,2.613158267E0
4.715918792E0,3.462580776E0,-1.034864784E0,2.950841233E0,4.665605506E0
4.725888792E0,2.093994198E0,-3.048156443E0,3.671086054E0,5.210848513E0
4.735858792E0,1.910878992E0,-1.764435330E0,2.063461354E0,3.320024596E0
4.745828792E0,9.018342695E-1,-1.035772565E0,1.866530054E0,2.317339919E0
4.755798792E0,-5.599551717E-1,-1.374439787E0,1.963324862E0,2.461154005E0
4.765768792E0,-4.432294714E-1,-2.291691045E0,1.669749613E0,2.869906615E0
4.775738792E0,-7.189591648E-1,-1.857304025E0,-3.783148527E-4,1.991602537E0
4.785708792E0,-2.529598681E-1,6.971988979E-1,-7.133006680E-1,1.029015472E0
4.795678792E0,-4.415336327E-1,1.496521464E0,-6.875366664E-1,1.705061614E0
4.805648792E0,3.245929376E-1,-6.249255583E-1,-6.977780646E-1,9.913560188E-1
4.815618792E0,2.251609076E-1,-2.773071259E-2,-1.113225076E0,1.136105847E0
4.825588792E0,4.610184922E-1,1.492496533E0,-1.420993856E0,2.111707245E0
4.835557792E0,9.039499383E-1,2.504720606E0,-1.054738886E0,2.864127253E0
4.845527792E0,1.388922755E0,1.638226981E0,-1.338791360E0,2.530860795E0
4.855497792E0,1.368516850E0,1.498380294E0,-3.364954494E0,3.929491140E0
4.865467792E0,1.237833188E0,1.938612482E0,-4.316885880E0,4.891416263E0
4.875437792E0,8.883145568E-1,2.051102386E0,-3.155648147E0,3.867071112E0
4.885407417E0,1.620567805E0,9.904180518E-1,-9.973051947E-1,2.145177284E0
4.895377417E0,1.751609024E0,9.252724680E-1,2.276905775E-1,1.994017631E0
4.905347417E0,2.749163456E0,1.684070613E0,-3.383156292E0,4.673300764E0
4.915317417E0,3.109096709E0,3.403439113E0,-1.119393186E1,1.210594857E1
4.925287417E0,3.316600067E0,-1.224594069E0,-3.450189942E0,4.939967335E0
4.935257417E0,1.457171310E0,-6.349458733E0,1.589686729E1,1.717991165E1
4.945227417E0,2.103658623E0,-1.660235023E0,1.846367451E1,1.865714438E1
4.955197417E0,4.093495345E0,9.016973716E0,4.580547944E0,1.091072585E1
4.965167417E0,2.396115153E0,6.453363755E0,-4.257553014E0,8.094073711E0
4.975137417E0,4.044116486E0,-4.211374336E0,1.365383327E-1,5.840307754E0
4.985107417E0,2.975953270E0,-4.158554682E0,-3.522158641E0,6.209305630E0
4.995077417E0,1.585193904E0,9.360518101E-1,-8.814567668E0,9.004756292E0
5.005047417E0,7.679130775E-1,1.089760492E0,-8.772129162E0,8.872852893E0
5.015017417E0,-7.737422398E-1,-5.277871095E0,-5.777288800E0,7.863311404E0
5.024987417E0,-1.687740618E0,-7.436166101E0,-3.389163136E-1,7.632817235E0
5.034957417E0,-1.346822657E0,-2.229944740E0,3.973565444E0,4.751400546E0
5.044926417E0,-1.401426295E0,-1.245700763E0,9.042453543E0,9.234810887E0
5.054896417E0,4.471067601E-1,-2.614324032E0,1.559652506E1,1.582043579E1
5.064866417E0,-2.478183895E0,-1.256938819E0,9.359749192E0,9.763513484E0
5.074836417E0,-1.582539561E0,2.288337666E0,8.675271204E0,9.110502248E0
5.084806417E0,-2.619367256E0,5.459486783E0,-5.345514024E0,8.077227305E0
5.094776417E0,-1.269638387E0,-2.519044822E-1,-3.676643833E0,3.897838808E0
5.104746417E0,-2.465047832E0,-4.578612515E0,-4.265362555E0,6.725583328E0
5.114716417E0,-6.329037186E-1,-5.124139025E0,-4.079493603E0,6.580245885E0
5.124686417E0,-3.458252375E-1,2.372888112E0,-6.738250042E0,7.152216909E0
5.134656417E0,-9.602716351E-1,9.332359664E0,-5.346508051E0,1.079815757E1
5.144626417E0,-8.166719855E-1,1.066391919E1,-2.414087301E0,1.096421192E1
5.154596417E0,3.497676495E-1,-2.238761464E-1,3.362215658E0,3.387765056E0
5.164566417E0,-2.229287330E-1,-8.036339518E0,7.148759664E0,1.075812320E1
5.174536417E0,-2.840253940E-2,-6.583982366E0,4.730259469E0,8.107094741E0
5.184506417E0,1.068374885E0,-1.126457325E-1,-1.899766797E0,2.182482037E0
5.194476417E0,4.402807206E-1,-6.463921487E-2,-4.756966626E0,4.777735533E0
5.204446417E0,-7.731936248E-1,-2.789929074E0,-2.816777442E0,4.039278126E0
5.214416417E0,-2.993941791E-1,-2.921867402E0,-9.859820616E-1,3.098242505E0
5.224386417E0,-1.592814581E0,-1.294611552E-1,1.872367914E0,2.461621434E0
5.234355417E0,-1.883334367E0,1.985699525E0,1.474812214E0,3.108861851E0
5.244325417E0,-1.807907770E0,4.007386616E0,-7.133193791E-1,4.453818871E0
5.254295417E0,-2.391494537E0,7.739672846E0,-2.429622769E0,8.457236468E0
5.264265417E0,-2.054723275E0,4.508395057E0,8.110707915E-1,5.020492959E0
5.274235417E0,-2.791017241E0,-7.251395255E-2,5.123414555E0,5.834758968E0
5.284205417E0,-2.647175151E0,-8.537949929E0,6.096522802E0,1.081996837E1
5.294175417E0,-1.420373320E0,-7.856831167E0,7.690123540E-1,8.021136849E0
5.304145417E0,-1.183691333E0,2.249014556E0,-4.300396732E0,4.995258122E0
5.314115417E0,-1.884487146E0,5.252654393E0,-4.151662862E0,6.955427700E0
5.324085417E0,-2.577574282E0,1.669348786E0,4.384248143E-1,3.102068804E0
5.334055417E0,-1.494689823E0,8.645023558E-1,1.680899668E0,2.409748055E0
5.344025417E0,-1.884802457E0,1.855821756E0,4.834343415E-1,2.688914921E0
5.353995417E0,-2.059328396E0,2.092368234E0,4.388955152E-1,2.968411619E0
5.363965417E0,-2.104933608E0,2.700419897E0,1.126525152E0,3.604451697E0
5.373935417E0,-2.046131961E0,1.228382480E0,-2.864726949E0,3.728570773E0
5.383905417E0,-4.246442719E0,-1.085684690E0,-2.247948609E0,4.925876568E0
5.393875417E0,-3.370228975E0,-2.051276049E0,1.212762228E0,4.127586340E0
5.403845417E0,-2.455536751E0,-7.183628950E-1,1.011296997E0,2.751077535E0
5.413815417E0,-3.241755707E0,-1.100032003E0,-8.383363581E-1,3.524465679E0
5.423785417E0,-1.939214161E0,-1.990455943E0,-6.571761686E-1,2.855581716E0
5.433754417E0,-1.832978146E0,-1.860047831E0,-1.467625986E0,2.995582222E0
5.443724417E0,-2.290241227E0,-1.037621747E0,2.256562727E0,3.378452177E0
5.453694417E0,-1.447134711E0,-1.589970787E0,1.035470790E1,1.057554640E1
5.463664417E0,-1.724339072E0,6.091915780E-1,1.001551092E1,1.018110596E1
5.473634417E0,-1.754336312E0,4.083129109E0,1.190562104E0,4.600769211E0
5.483604417E0,-1.459282594E0,4.317161576E0,-2.960530654E0,5.434347387E0
5.493574417E0,2.317256314E-1,-6.823653889E-1,-3.909065977E0,3.974935988E0
5.503544417E0,6.545895796E-1,-3.360292509E0,-7.643971467E0,8.375580759E0
5.513514417E0,1.671074884E0,-2.482258527E0,-6.704192934E0,7.341682475E0
5.523484417E0,2.292177241E0,-2.630416739E0,-3.139212209E-1,3.503100806E0
5.533454417E0,1.197688544E0,-1.191916611E0,2.916891714E0,3.370961336E0
5.543424417E0,1.728836458E0,-1.227716189E0,2.360536162E0,3.173057439E0
5.553394417E0,2.234718260E0,5.002959573E-1,1.789657295E-1,2.297017736E0
5.563364417E0,1.795125026E0,1.274871352E-1,1.067519730E0,2.092444791E0
5.573334417E0,1.462149484E0,-2.647928273E0,9.505350709E-1,3.170634348E0
5.583304417E0,1.756532526E0,-1.727131264E0,-8.136517525E-1,2.594304934E0
5.593274417E0,1.589837471E0,-3.604843533E-1,-1.991359338E0,2.573527572E0
5.603244417E0,1.983234631E0,-8.577181238E-1,-1.212410225E0,2.477667964E0
5.613214417E0,1.638918122E0,-1.803206463E0,2.088964570E-1,2.445658171E0
5.623184417E0,1.975794196E0,-2.698563406E0,3.022001263E0,4.507604552E0
5.633153417E0,1.046986209E0,-1.101663376E0,3.026656816E0,3.386811745E0
5.643123417E0,1.028352229E0,1.890993635E0,2.149037109E0,3.041664960E0
5.653093417E0,2.505712001E0,3.408490231E0,1.105859923E0,4.372564974E0
5.663063417E0,2.481602762E0,4.320472562E-1,2.798694343E0,3.765329617E0
5.673033417E0,1.534572658E0,-2.799086106E0,2.313235111E0,3.942188853E0
5.683003417E0,5.686143499E-1,-4.265884126E0,3.288918471E-1,4.316162590E0
5.692973417E0,4.977062986E-1,-2.561763995E0,-3.278658947E0,4.190459499E0
5.702943417E0,1.048498445E0,5.366399109E-1,-3.598222146E0,3.786097462E0
5.712913417E0,1.013560454E0,1.700758567E0,-3.576954653E0,4.088335736E0
5.722883417E0,1.221198006E0,8.649894288E-1,-3.230512973E0,3.560301300E0
5.732853417E0,9.889976900E-1,-3.521742904E-1,-2.000376914E0,2.259126149E0
5.742823417E0,2.996329465E-1,-2.123857829E-1,-9.026522219E-2,3.782002561E-1
5.752793417E0,4.762820274E-2,2.753138101E-1,7.785994488E-1,8.272141448E-1
5.762763417E0,5.022407413E-1,6.281295401E-1,-1.215717995E0,1.457656587E0
5.772733417E0,7.054215449E-1,2.945955884E-1,-1.623254308E0,1.794257692E0
5.782703417E0,1.079299823E0,-1.768002132E-1,-2.951177448E-1,1.132802236E0
5.792673417E0,7.896593841E-1,-2.313073727E-1,2.877532352E0,2.992867768E0
5.802643417E0,1.425026827E0,1.843110786E0,1.760410107E0,2.920068933E0
5.812613417E0,1.353119962E0,3.616100593E0,-4.220231990E0,5.719919158E0
5.822583417E0,1.507867109E0,3.206910687E0,-9.939784799E0,1.055259500E1
5.832552417E0,5.858986828E-1,-2.712654904E-1,-1.018275532E1,1.020320382E1
5.842522417E0,-6.089694204E-1,-4.449329993E0,-4.695585480E0,6.497376712E0
5.852492417E0,-9.472058125E-1,-7.503748219E0,1.279904285E1,1.486670555E1
5.862462417E0,8.454554893E-1,-7.325859547E-1,1.834181269E1,1.837589644E1
5.872432417E0,9.978413296E-2,6.754419932E0,2.216835575E0,7.109606561E0
5.882402542E0,-1.105857292E0,9.668581581E-1,-2.182415940E0,2.630717465E0
5.892372542E0,-1.007733046E0,-3.960662101E0,9.292120296E-1,4.191157974E0
5.902342542E0,-1.178709286E0,-1.275489403E0,-3.637603143E0,4.030928606E0
5.912312542E0,-1.653086071E0,-3.518260887E-1,1.101030707E-2,1.690146853E0
5.922282542E0,-2.657123019E0,-1.553117833E0,1.220040257E0,3.310736470E0
5.932252542E0,-2.360705439E0,-1.303375067E0,1.563747194E0,3.117213823E0
5.942222542E0,-7.092622885E-1,1.672613871E0,1.096306157E-1,1.820084896E0
5.952192542E0,-1.914448425E0,2.263686682E0,6.377090335E-2,2.965376350E0
5.962162542E0,-2.500492192E0,-7.028978866E-1,1.122654880E0,2.829643197E0
5.972132542E0,-1.160659078E0,-8.797103789E-1,-2.621236610E-1,1.479773178E0
5.982102542E0,-1.511174878E0,1.197789847E0,-2.040937294E0,2.807806096E0
5.992072542E0,-1.177294333E0,2.765687688E0,4.176508266E-1,3.034712926E0
6.002042542E0,9.549056819E-2,3.424980256E-1,2.530236393E-1,4.363992532E-1
6.012012542E0,2.249202581E-1,-3.976216279E0,-4.698845887E-1,4.010196572E0
6.021981542E0,-2.910754733E-1,-5.655497146E0,6.521645200E-1,5.700411516E0
6.031951542E0,6.823615151E-1,-3.969859771E0,4.629088604E0,6.136274533E0
6.041921542E0,1.213070084E0,8.285960662E-1,1.748538271E1,1.754698604E1
6.051891542E0,2.098583239E0,1.097142894E1,9.714700325E0,1.480377340E1
6.061861542E0,2.412981447E-2,1.343662441E1,2.430486987E0,1.365469607E1
6.071831542E0,-5.351303937E0,8.092740006E0,-1.460030570E1,1.752991218E1
6.081801542E0,-1.660138544E0,-5.513678777E0,-1.341605742E1,1.459956541E1
6.091771542E0,-3.526481780E0,-1.092382909E1,-1.087356877E1,1.581140770E1
6.101741542E0,-2.759191431E0,-2.963720895E0,-9.768676558E0,1.057467827E1
6.111711542E0,2.439683780E0,5.906446778E0,1.665872909E0,6.604036874E0
6.121681542E0,-1.845452157E-1,3.877705898E0,6.066299713E0,7.202128309E0
6.131651542E0,-2.414838376E0,-5.713154200E0,2.279780266E0,6.608250401E0
6.141621542E0,-6.636958871E-1,-5.989293053E0,-6.510044324E-1,6.061017264E0
6.151591542E0,3.041860819E-1,9.639617398E-1,-5.289280182E-1,1.140840154E0
6.161561542E0,-2.580827965E-1,4.192718209E0,3.836562842E-1,4.218137605E0
6.171531542E0,-5.260637231E-1,-1.707299262E-2,1.900239837E-1,5.595923893E-1
6.181501542E0,-6.605966435E-1,-2.313121090E0,-1.601330173E-1,2.410925068E0
6.191471542E0,-9.432091675E-1,-1.145305240E0,2.886730607E0,3.245701961E0
6.201441542E0,-5.890350197E-1,3.620755561E0,3.508707122E0,5.076205153E0
6.211411542E0,-2.501792247E-1,1.077318786E0,6.584876990E-1,1.287171885E0
6.221381542E0,-6.927668546E-1,-2.203461823E-1,6.261251146E-1,9.594326521E-1
6.231350542E0,-6.574504761E-1,1.611736170E0,7.416584945E-1,1.892086661E0
6.241320542E0,2.037557860E-1,-5.600906371E0,4.823553548E0,7.394480200E0
6.251290542E0,9.442326495E-1,-1.984453484E0,2.392289466E0,3.248488851E0
6.261260542E0,3.371539629E0,-7.913935660E0,5.085604119E-1,8.617208990E0
6.271230542E0,2.212633034E0,-8.365241305E0,-7.873883986E-1,8.688670067E0
6.281200542E0,2.917607852E-1,3.345355212E0,-1.168395309E0,3.555513106E0
6.291170542E0,-5.578215227E-1,5.798934023E0,1.714073262E0,6.072631045E0
6.301140542E0,-1.446651731E0,-1.026743002E0,3.443881965E0,3.873928938E0
6.311110542E0,-1.167893326E0,-1.814810555E0,-2.113728697E0,3.020821275E0
6.321080542E0,-1.075699692E0,1.420477839E0,-2.961366221E0,3.456092738E0
6.331050542E0,-2.058891755E0,2.571098490E0,1.316512299E-1,3.296500379E0
6.341020542E0,-6.810216987E-1,1.148775270E0,-4.245739299E-1,1.401334434E0
6.350990542E0,4.692416874E-1,-3.758408958E-1,-2.035868928E0,2.122782709E0
6.360960542E0,2.046339098E-1,1.368184143E0,-2.355954868E0,2.732091914E0
6.370930542E0,9.830793576E-1,2.797475491E0,-1.155389348E0,3.182332272E0
6.380900542E0,7.368713059E-1,1.589127911E0,-1.384452851E0,2.232715059E0
6.390870542E0,5.563585859E-1,-3.645984542E-1,-2.819523295E0,2.896925701E0
6.400840542E0,1.396609286E-1,-1.240401139E0,-3.930131741E0,4.123594993E0
6.410810542E0,5.156202670E-3,-3.251037285E-1,-1.955051637E0,1.981904620E0
6.420779542E0,-4.991958037E-1,1.393145907E-1,1.033540975E0,1.156205843E0
6.430749542E0,5.940436715E-2,-7.896506864E-1,3.161809359E0,3.259465525E0
6.440719542E0,-2.242368099E-1,1.389149043E0,1.691524644E0,2.200289261E0
6.450689542E0,5.847083359E-1,8.449127215E-1,7.332156998E-1,1.262286262E0
6.460659542E0,2.042257303E0,-1.346910803E0,2.703460157E-1,2.461314806E0
6.470629542E0,1.800578870E0,-3.167389064E0,4.704131770E-1,3.673652992E0
6.480599542E0,1.465889070E0,-2.746713181E0,4.850645453E-1,3.150960437E0
6.490569542E0,1.403318162E0,-4.875920042E-1,7.519419926E-1,1.665071946E0
6.500539542E0,1.115813857E0,-8.183271861E-1,5.896379042E-1,1.504118614E0
6.510509542E0,3.874234625E-1,-1.910611921E0,5.510842878E-1,2.025889618E0
6.520479542E0,3.008524746E-1,-7.311469549E-1,2.560910887E-1,8.310660183E-1
6.530449542E0,-1.535032615E-1,-1.331516254E-1,1.284934410E0,1.300903165E0
6.540419542E0,-5.277913195E-1,3.143697023E-1,2.485512210E0,2.560305242E0
6.550389542E0,-2.741967726E-2,-1.307511387E0,2.038068650E0,2.421582476E0
6.560359542E0,3.436328240E-2,-3.868626049E-1,-3.074132699E-1,4.953245691E-1
6.570329542E0,1.684619009E-1,6.278091127E-1,-1.317832015E0,1.469423327E0
6.580299542E0,-2.847787712E-2,1.183365351E-1,2.313310540E-1,2.613973633E-1
6.590269542E0,1.648431322E-1,-2.661120468E-1,-3.365581316E-1,4.596305643E-1
6.600239542E0,3.802040881E-1,8.263475195E-1,-9.853400373E-1,1.341007219E0
6.610209542E0,3.213077161E-1,1.495296764E0,-5.993168002E-1,1.642659943E0
6.620178542E0,2.336738140E-1,1.488412545E0,1.193130786E0,1.921857546E0
6.630148542E0,7.609723594E-1,7.013308328E-1,1.075952584E0,1.492855597E0
6.640118542E0,7.564412789E-1,2.101015681E-1,4.612008888E-1,9.105231118E-1
6.650088542E0,1.745523388E0,1.471545374E-1,-4.463893068E-1,1.807697367E0
6.660058542E0,1.530915517E0,6.079429051E-1,-1.079932784E0,1.969657766E0
6.670028542E0,1.391932463E0,4.319940466E-1,-1.622255019E0,2.180781095E0
6.679998542E0,7.382986844E-1,2.331539235E-1,-1.562350295E0,1.743669734E0
6.689968542E0,6.035751812E-2,-2.454488638E-1,-2.009317306E0,2.025152886E0
6.699938542E0,-3.729829229E-3,-2.695420235E-1,-2.354502420E0,2.369883638E0
6.709908542E0,4.812208415E-1,-4.285351261E-1,-1.461237903E0,1.597007220E0
6.719878542E0,7.741889671E-1,-1.505143476E-1,3.204730260E-1,8.513084553E-1
6.729848542E0,1.581249080E0,8.048838526E-2,8.255958599E-1,1.785619097E0
6.739818542E0,1.216644267E0,1.203824759E-1,1.662300260E0,2.063481856E0
6.749788542E0,1.256915430E0,-3.025352302E-1,1.867504785E0,2.271329586E0
6.759758542E0,1.358371200E0,-6.134009886E-1,1.527724838E0,2.134332746E0
6.769728542E0,1.561289610E0,-8.954148307E-1,6.359952146E-1,1.908895722E0
6.779698542E0,2.944398332E-1,-5.263941273E-1,5.869353211E-1,8.415929324E-1
6.789668542E0,1.644381175E0,-2.244044423E-1,1.319737038E0,2.120389741E0
6.799638542E0,8.630162859E-1,-6.242192146E-1,8.534917563E-1,1.364879085E0
6.809608542E0,9.733221088E-1,-1.358229259E-1,-1.800071771E0,2.050868639E0
6.819577542E0,9.748352221E-1,-7.621582478E-2,-1.657869825E0,1.924745416E0
6.829547542E0,1.170834987E0,-1.060647790E0,3.780388641E-1,1.624420415E0
6.839517542E0,1.250212767E0,-1.661916098E0,5.318978190E-2,2.080342816E0
6.849487542E0,1.215557781E0,-7.698540607E-1,-1.071786443E0,1.794152216E0
6.859457542E0,7.689429183E-1,-1.720031574E0,3.683234230E0,4.137148320E0
6.869427542E0,5.818266819E-1,-1.340820636E0,5.801654733E0,5.982935726E0
6.879397292E0,4.557317687E-1,1.252197604E0,2.154082087E0,2.532935041E0
6.889367292E0,8.378538166E-1,2.267703135E0,-3.081660989E0,3.916773031E0
6.899337292E0,9.069018321E-1,4.424669945E-1,-5.226096924E0,5.322625013E0
6.909307292E0,9.870713248E-1,-1.344431876E0,-4.920317951E0,5.195318624E0
6.919277292E0,9.256094869E-1,-1.790583201E0,1.397893846E0,2.452967250E0
6.929247292E0,1.520703501E0,5.007339138E-1,5.522862414E0,5.750241981E0
6.939217292E0,2.035806363E0,2.959752682E0,8.661199880E-1,3.695241172E0
6.949187292E0,1.798981265E0,2.708444908E0,-4.785869413E0,5.785892624E0
6.959157292E0,9.433541784E-1,3.488016164E-1,-6.694658464E0,6.769788152E0
6.969127292E0,4.250647306E-1,-9.283451799E-1,-3.247551759E0,3.404276315E0
6.979097292E0,7.413814826E-1,9.443659660E-1,1.403139383E0,1.846692641E0
6.989067292E0,1.228361722E0,1.653926463E0,5.153429482E0,5.549971233E0
6.999037292E0,2.202671279E0,8.971853676E-1,4.265304667E0,4.883597675E0
7.009007292E0,2.294396113E0,1.041833496E0,8.778559345E-1,2.668389326E0
7.018976292E0,2.094628767E0,8.456804609E-1,-8.107234669E-1,2.399982845E0
7.028946292E0,2.689086531E0,1.111185567E0,-1.319885557E0,3.194998845E0
7.038916292E0,2.591043051E0,5.839392078E-1,-3.313107233E0,4.246312356E0
7.048886292E0,2.205361583E0,-7.348143286E-1,-1.137552416E0,2.587971659E0
7.058856292E0,1.007263953E0,-1.763959367E0,4.574010172E0,5.004767964E0
7.068826292E0,7.429056325E-1,-1.089636238E0,4.089970059E0,4.297333009E0
7.078796292E0,9.283108275E-1,-9.070329559E-1,-1.472586764E0,1.962901310E0
7.088766292E0,5.906389475E-1,-2.849818011E0,-3.619552204E0,4.644510224E0
7.098736292E0,-1.166167009E0,-4.080918861E0,-1.567471871E0,4.524468180E0
7.108706292E0,-1.328192989E0,-2.087602461E0,5.281567705E-1,2.530045498E0
7.118676292E0,-4.694926791E-1,-3.859805524E-2,3.391483896E0,3.424043838E0
7.128646292E0,-4.615435356E-1,2.522225708E-2,4.900888238E0,4.922637923E0
7.138616292E0,-1.272766355E-1,-1.701820714E0,2.806125569E0,3.284316336E0
7.148586292E0,-2.695961834E-1,-1.165002170E0,-9.088444233E-2,1.199238150E0
7.158556292E0,1.139152215E0,7.863952491E-1,3.356412882E-1,1.424338559E0
7.168526292E0,1.325930409E0,2.102586243E0,5.424140364E-1,2.544243177E0
7.178496292E0,2.100291211E0,1.543989160E0,-8.712000489E-2,2.608201601E0
7.188466292E0,1.651025513E0,-6.640867004E-1,-2.931975192E-1,1.803569010E0
7.198436292E0,-1.352259982E-1,-5.837301698E-1,1.481912488E-1,6.172419525E-1
7.208406292E0,8.527080102E-1,-1.500032132E0,1.811584353E-1,1.734942571E0
7.218375292E0,5.735234164E-2,-1.875670129E0,3.219827771E-1,1.903969704E0
7.228345292E0,1.764224830E-1,-2.584646781E0,-3.254150927E-1,2.611018740E0
7.238315292E0,4.657670525E-1,-3.391618967E-1,-2.353095580E0,2.422607799E0
7.248285292E0,2.683404207E-1,2.346998103E0,-2.455614227E-1,2.375017282E0
7.258255292E0,4.863496171E-1,2.066051963E0,4.131768880E0,4.645064127E0
7.268225292E0,-9.328209311E-2,-2.953814542E-1,3.944341060E0,3.956485581E0
7.278195292E0,3.420328065E-1,-7.836336091E-1,-2.067908161E0,2.237702446E0
7.288165292E0,1.316611263E0,-9.425121063E-1,-2.334461088E0,2.841039046E0
7.298135292E0,8.550565443E-1,1.690865370E0,-3.154027299E0,3.679406963E0
7.308105292E0,-1.271695218E-1,3.584596964E0,-5.769064692E0,6.793203581E0
7.318075292E0,-5.397526396E-1,2.182592525E0,-3.582901272E0,4.229920161E0
7.328045292E0,2.306577836E-1,-1.057202025E0,1.732387910E0,2.042558936E0
7.338015292E0,7.991337007E-1,-1.045342703E0,3.339383451E0,3.589267038E0
7.347985292E0,1.838923449E0,1.009836655E0,2.226196382E0,3.058980198E0
7.357955292E0,1.648258318E0,1.530951331E0,4.342510718E-1,2.291100490E0
7.367925292E0,6.076947274E-1,7.602178493E-1,-2.003808644E0,2.227660913E0
7.377895292E0,-1.485996220E-1,-5.962911585E-1,-1.461416243E0,1.585365077E0
7.387865292E0,-5.672177790E-1,5.639101553E-1,-8.002663064E-1,1.131440159E0
7.397834292E0,-9.792925546E-1,1.005586314E0,1.231407244E0,1.867239016E0
7.407804292E0,-4.903652655E-1,1.179017069E0,1.823031448E0,2.225754479E0
7.417774292E0,-3.822308427E-1,-7.628742394E-1,1.953382841E0,2.131614892E0
7.427744292E0,-4.208691706E-1,3.400383943E-1,1.154002973E0,1.274550834E0
7.437714292E0,-1.283278187E0,1.134086772E0,4.816877782E-2,1.713264703E0
7.447684292E0,-1.639524770E0,6.962864399E-3,-4.887605703E-1,1.710840977E0
7.457654292E0,-1.852120468E0,-1.643274590E0,2.702583075E-1,2.490731049E0
7.467624292E0,-1.587641987E0,-1.661983633E0,6.639782345E-1,2.392417976E0
7.477594292E0,-1.118044643E0,-1.765467071E0,4.234185201E-1,2.132177536E0
7.487564292E0,-9.829542272E-1,-1.834838730E0,7.940530550E-1,2.227858261E0
7.497534292E0,-5.664991562E-1,-1.011237940E-1,-3.348793960E-1,6.658014160E-1
7.507504292E0,-4.504396365E-1,-1.098099206E0,-6.606418133E-1,1.358368631E0
7.517474292E0,-2.517162019E-1,-2.410236910E-1,-6.745429838E-1,7.592507510E-1
7.527444292E0,-6.932243992E-1,9.241307992E-1,-7.769546270E-2,1.157849034E0
7.537414292E0,-8.067837591E-1,-5.151566559E-1,1.348783082E0,1.653935372E0
7.547384292E0,-9.927089178E-1,-1.133395923E0,1.032139397E0,1.826299277E0
7.557354292E0,-5.003570242E-1,-3.469632518E-1,5.215289515E-1,8.017063659E-1
7.567324292E0,-3.242138188E-1,1.186928644E0,-1.562301763E0,1.988643006E0
7.577294292E0,-2.347255271E-1,1.986293310E-1,-1.769783778E0,1.796297388E0
7.587264292E0,-5.072764365E-1,-7.885364994E-1,-2.175620890E0,2.369060036E0
7.597234292E0,-8.207265180E-1,-1.065360061E0,-1.842072905E0,2.280749145E0
7.607203292E0,-7.283846389E-2,-5.174025714E-2,9.790472639E-1,9.831154769E-1
7.617173292E0,7.397655132E-2,-1.547123560E-1,2.944098224E0,2.949088469E0
7.627143292E0,5.692242967E-2,-1.651847777E0,4.635581353E0,4.921428220E0
7.637113292E0,1.316748234E0,-8.233145687E-1,1.730518556E0,2.325159621E0
7.647083292E0,1.996421418E0,4.328477401E-1,2.315538329E0,3.087842839E0
7.657053292E0,-3.063084202E-1,1.317122456E0,-2.488282621E-1,1.374973423E0
7.667023292E0,2.044282194E0,3.848485315E-1,-2.313077821E0,3.110872399E0
7.676993292E0,1.015095275E0,-1.205257326E0,-1.182798756E0,1.970298591E0
7.686963292E0,-1.136268075E0,-1.156552067E0,-5.695842934E-1,1.718471440E0
7.696933292E0,5.665523659E-1,-1.411389220E-1,3.238217264E-1,6.676543186E-1
7.706903292E0,1.624301691E-3,-3.194450855E-1,1.131152639E0,1.175395292E0
7.716873292E0,9.906629039E-1,-5.301626578E-1,6.411068505E-1,1.293639605E0
7.726843292E0,1.363280230E0,8.315588504E-1,-1.530661309E0,2.212000712E0
7.736813292E0,1.490628055E0,1.824909281E0,-3.117666973E0,3.907955122E0
7.746783292E0,1.122967779E0,6.338671204E-1,-2.912701600E0,3.185384556E0
7.756753292E0,1.161450352E0,-7.620831111E-1,-2.322416409E0,2.706169907E0
7.766723292E0,5.773484090E-1,-1.213156038E0,-3.096621090E-1,1.378756461E0
7.776693292E0,5.602207084E-1,1.493639371E0,-7.915457690E-1,1.780828604E0
7.786663292E0,1.603597869E0,3.566912645E0,-1.110635110E1,1.177477926E1
7.796633292E0,1.294362461E0,1.041404310E0,-1.589151124E1,1.597811086E1
7.806602292E0,4.103851495E-1,-4.022842561E0,-2.403458233E0,4.704071611E0
7.816572292E0,-5.313141207E-1,-8.128523211E0,2.431809744E1,2.564615074E1
7.826542292E0,3.529168137E-1,2.212253112E-1,2.827863646E1,2.828170382E1
7.836512292E0,-1.363855742E0,1.053741234E1,2.812727076E0,1.099129632E1
7.846482292E0,5.963013911E0,3.625103258E0,-1.150081362E1,1.345242069E1
7.856452292E0,4.441050628E0,-6.108028952E0,-6.186728967E0,9.762508062E0
7.866422292E0,1.204370450E0,-1.694085432E0,-3.220751631E-1,2.103370163E0
7.876392292E0,1.900589793E0,4.228070183E0,1.004341734E0,4.743155210E0
7.886362917E0,2.421189476E-2,4.862749189E-2,-4.806107211E-1,4.836708737E-1
7.896332917E0,3.881632084E-1,-2.634767652E0,-2.842254930E0,3.895007618E0
7.906302917E0,-1.201350363E0,-1.644515077E0,4.997030497E-1,2.096992053E0
7.916272917E0,-1.977464599E0,6.296024537E-1,6.401063919E0,6.729070128E0
7.926242917E0,-6.987180045E-1,6.148601612E-1,6.585345352E0,6.650791929E0
7.936212917E0,-1.455675666E-1,-4.879975086E-1,6.652131665E-1,8.377589401E-1
7.946182917E0,-1.034362362E0,-9.680787644E-1,-1.572812133E0,2.116794746E0
7.956152917E0,-7.420667763E-1,7.227550310E-1,-3.479518991E0,3.630439414E0
7.966122917E0,-5.148709098E-1,-2.819235319E0,-4.382454802E0,5.236324086E0
7.976092917E0,-2.519978038E0,-1.018865633E1,-4.904153323E0,1.158489219E1
7.986062917E0,-3.069604030E0,-4.813204561E0,-7.529188870E0,9.448708488E0
7.996032917E0,1.171420513E0,1.161176337E1,-6.869283221E0,1.354224230E1
8.006001917E0,-4.410536494E-2,1.526395999E1,2.703132128E0,1.550152713E1
8.015971917E0,-2.371293723E0,-2.498044547E-1,1.612355683E1,1.629891165E1
8.025941917E0,-3.234241450E0,-1.154258964E1,1.742873956E1,2.115307675E1
8.035911917E0,-2.790255057E0,-7.643264539E0,2.373253856E0,8.475691709E0
8.045881917E0,9.664826938E-1,2.459726281E0,-1.189618246E1,1.218620119E1
8.055851917E0,3.875037978E-2,-1.074700695E-1,-1.032714763E1,1.032777951E1
8.065821917E0,-7.205024642E-1,-6.902517625E0,-1.709144644E0,7.147380554E0
8.075791917E0,-1.468481872E0,-4.695019177E0,4.424351857E0,6.616232571E0
8.085761917E0,-9.884745835E-1,2.786901094E0,5.761587272E0,6.476093545E0
8.095731917E0,1.428651516E0,6.556160145E0,-6.894147921E-1,6.745337186E0
8.105701917E0,1.576850074E0,-1.917114902E0,-4.002278781E0,4.709566980E0
8.115671917E0,6.349729751E-1,-5.990815668E0,-2.398145453E0,6.484147180E0
8.125641917E0,9.817727973E-1,-3.915331269E0,1.193359412E0,4.209252126E0
8.135611917E0,-4.382602152E-1,7.662933987E-1,8.022214984E0,8.070638812E0
8.145581917E0,-6.388890016E-1,1.583770984E0,8.345186525E0,8.518136406E0
8.155551917E0,-5.045304378E-1,1.400378913E-1,1.913743982E0,1.984081047E0
8.165521917E0,-5.423826076E-1,2.608004946E0,-3.190226242E0,4.156129469E0
8.175491917E0,-1.537981292E0,4.323448503E0,-2.551412669E0,5.250457125E0
8.185461917E0,-2.728929751E0,4.070849079E0,-1.987789028E0,5.288683676E0
8.195431917E0,-1.337671179E0,2.794960311E0,-4.517292765E0,5.477873789E0
8.205401917E0,-1.997194274E0,7.601578569E0,-6.825796893E0,1.040981676E1
8.215370917E0,-1.522407964E0,2.717147319E0,-3.301096467E0,4.538485810E0
8.225340917E0,7.115257457E-3,-3.610370906E0,2.738522401E0,4.531482500E0
8.235310917E0,1.712258286E0,-5.333831288E0,6.429519394E0,8.527620083E0
8.245280917E0,3.433901938E0,8.051063392E-1,-3.449307597E-1,3.543847621E0
8.255250917E0,4.316496456E-1,3.424556333E0,-5.626445255E0,6.600817654E0
8.265220917E0,-2.392027657E0,1.050867444E-1,-3.954533342E0,4.622896655E0
8.275190917E0,-8.759672838E-1,-5.456081364E0,8.782769340E-1,5.595311690E0
8.285160917E0,-7.956494180E-1,-6.286824528E0,4.120344005E0,7.558733714E0
8.295130917E0,-1.396371670E0,-2.617476851E-1,7.670896726E0,7.801347465E0
8.305100917E0,-2.262432016E0,2.561523382E0,5.890106149E0,6.809798169E0
8.315070917E0,-1.502708403E0,3.002984656E0,-1.399076738E0,3.637782993E0
8.325040917E0,9.147493802E-2,1.915950136E0,-2.877575621E0,3.458276166E0
8.335010917E0,3.233077562E-1,-8.843986765E-1,-1.778239437E0,2.012169083E0
8.344980917E0,-7.056682974E-1,-1.896690285E0,-1.102291367E0,2.304440939E0
8.354950917E0,-1.308833589E0,-2.424043940E0,-1.524877828E-1,2.759037316E0
8.364920917E0,-3.918486719E-1,-4.021671949E0,2.826190290E0,4.930998094E0
8.374890917E0,-1.059561523E0,-4.116053026E0,5.598755765E-1,4.286959738E0
8.384860917E0,1.144316402E0,-2.779187154E0,2.287948827E0,3.777307388E0
8.394830917E0,8.133842424E-3,5.124564117E-1,8.649809504E-1,1.005420200E0
8.404800917E0,-7.840434989E-1,1.232795958E0,1.112429854E0,1.836303423E0
8.414769917E0,3.667325052E-1,1.536071738E0,6.492806733E-1,1.707505346E0
8.424739917E0,9.478006205E-1,-1.269711477E0,1.565587313E0,2.227455249E0
8.434709917E0,1.466533580E0,-4.091881514E-2,-2.460666221E-1,1.487596677E0
8.444679917E0,1.393832955E0,-1.123597159E0,-2.056898439E0,2.726916220E0
8.454649917E0,9.213020624E-1,-3.786741641E-1,-3.118124226E0,3.273360704E0
8.464619917E0,3.742826128E-1,1.365691768E0,-3.078984718E0,3.389004039E0
8.474589917E0,5.759701107E-2,2.093684442E0,-1.324029479E0,2.477879339E0
8.484559917E0,-5.498820637E-1,7.803132677E-1,2.929001298E0,3.080634299E0
8.494529917E0,-8.210956234E-1,-2.723651762E0,5.879626769E0,6.531652768E0
8.504499917E0,-1.019312397E-1,-2.290832381E0,2.582646157E0,3.453746393E0
8.514469917E0,6.708209021E-2,-4.128669271E-1,-3.760909227E0,3.784097953E0
8.524439917E0,9.960630451E-2,2.816697335E-1,-5.148071094E0,5.156733001E0
8.534409917E0,-3.129106393E-1,1.430565456E0,-1.287715931E0,1.950036643E0
8.544379917E0,-3.670203161E-2,9.490223962E-1,2.416082371E0,2.596044024E0
8.554349917E0,-1.510938249E-1,1.410532603E0,2.780766195E0,3.121713023E0
8.564319917E0,-1.066344512E0,2.688157994E0,-4.459741545E-1,2.926119780E0
8.574289917E0,-1.840396947E0,1.179345390E0,-9.524897951E-1,2.384355947E0
8.584259917E0,-6.845977096E-1,5.388633147E-1,-2.768675323E0,2.902518000E0
8.594229917E0,7.391702849E-4,9.831710127E-1,-3.174111316E0,3.322891577E0
8.604199917E0,7.718758086E-1,8.463394421E-1,-1.854756101E0,2.179954795E0
8.614168917E0,1.211774194E0,-1.459968180E0,5.082867622E-2,1.898021954E0
8.624138917E0,1.497830363E0,-2.959811739E0,2.325253478E0,4.051022718E0
8.634108917E0,1.041648286E0,-1.799433839E-1,7.072458762E-1,1.271851997E0
8.644078917E0,6.105596438E-1,-1.623101403E0,8.550909698E-1,1.933499886E0
8.654048917E0,2.607745257E-1,-1.025916790E0,-2.231660020E-1,1.081809446E0
8.664018917E0,-2.323591224E-1,-1.170534513E0,-7.829117703E-1,1.427267546E0
8.673988917E0,5.329599658E-1,-1.101238284E0,1.558792264E0,1.981566402E0
8.683958917E0,9.566857022E-2,5.682990754E-1,-7.879473925E-2,5.816570513E-1
8.693928917E0,3.915700521E-1,-2.191270378E-1,6.726981872E-1,8.086201924E-1
8.703898917E0,-9.152372573E-3,-1.867179095E0,2.472156000E-1,1.883495976E0
8.713868917E0,-6.509750502E-1,-1.051436378E0,-3.813045341E-1,1.294094325E0
8.723838917E0,-1.125126791E0,1.345875554E0,-7.921316600E-1,1.924776316E0
8.733808917E0,-3.955598997E-1,4.975281778E-1,3.182187490E0,3.245045322E0
8.743778917E0,-1.123722290E-1,-3.007076830E-2,7.465491056E-1,7.555576325E-1
8.753748917E0,1.338811386E-2,-1.375397269E0,7.442938346E-1,1.563927812E0
8.763718917E0,3.293097038E-1,-1.507678536E0,6.560184199E-1,1.676871974E0
8.773688917E0,-3.223983680E-1,1.174888642E0,2.985518146E-1,1.254367257E0
8.783658917E0,-2.321356308E-1,-1.233362261E0,1.933656675E0,2.305232646E0
8.793628917E0,2.558417415E-1,-8.719856223E-1,9.365660727E-1,1.304978901E0
8.803598917E0,-3.162157780E-1,9.737748295E-2,-1.111032370E0,1.159253087E0
8.813568917E0,-7.975075901E-1,-3.544836482E-1,-5.722406834E-1,1.043616986E0
8.823537917E0,-1.412699179E-1,-1.543653530E0,-9.717154402E-1,1.829495643E0
8.833507917E0,4.480183228E-2,-3.289273982E0,3.034671010E0,4.475551214E0
8.843477917E0,-7.149036091E-1,-7.268235236E-1,4.781066510E0,4.888553628E0
8.853447917E0,-2.221548175E-1,1.138072234E0,4.351944616E0,4.503774318E0
8.863417917E0,-5.396286787E-1,2.166982506E0,3.754011852E-1,2.264495163E0
8.873387917E0,6.468698160E-3,-4.850230300E-1,-9.324285829E-1,1.051052923E0
8.883357417E0,6.161535653E-1,-8.604250923E-1,-2.302099088E0,2.533700213E0
8.893327417E0,-4.182942396E-1,-4.248648289E-1,-1.332554135E0,1.459856402E0
8.903297417E0,-4.890031201E-1,4.612710553E-1,3.724384010E-2,6.732623126E-1
8.913267417E0,-4.291598646E-2,-1.460087755E-1,-7.402709502E-1,7.557522240E-1
8.923237417E0,6.201401970E-1,9.371326679E-1,-1.967086376E0,2.265440423E0
8.933207417E0,2.960414587E-1,1.239685732E-1,-1.005769624E0,1.055737320E0
8.943177417E0,4.342094469E-1,1.192886665E0,-2.017945458E0,2.384034460E0
8.953147417E0,-3.252971617E-1,1.001704932E0,-4.066103479E0,4.200289099E0
8.963117417E0,-5.176071326E-2,7.337173909E-2,-4.438719635E0,4.439627753E0
8.973087417E0,3.230312194E-1,-5.885476908E-1,-2.889700407E0,2.966665805E0
8.983057417E0,-2.576540311E-1,-1.889361970E0,4.516506314E-2,1.907384108E0
8.993027417E0,2.275932945E-1,-5.199350005E-1,1.929835519E0,2.011565620E0
9.002997417E0,-3.158383767E-1,1.419674724E-2,2.918355272E0,2.935430620E0
9.012967417E0,-7.459093472E-1,5.893057823E-1,3.303852260E0,3.437892060E0
9.022937417E0,-6.999340061E-2,2.319138752E0,2.022462432E0,3.077930785E0
9.032906417E0,-1.508631924E0,3.998896167E-1,1.512156041E0,2.173130894E0
9.042876417E0,-8.641885795E-1,-9.614488989E-2,2.265891375E0,2.427000096E0
9.052846417E0,-1.390828509E0,-3.286739799E0,9.431196320E-1,3.691413969E0
9.062816417E0,-3.275575856E-1,-1.413559706E0,-1.353175510E0,1.984068793E0
9.072786417E0,1.551246213E-1,-3.081459260E-1,-1.025322129E0,1.081805448E0
9.082756417E0,-1.104061539E0,-2.462053473E0,3.075676948E0,4.091509242E0
9.092726417E0,-8.510520056E-1,-2.531837361E0,5.470849677E0,6.088077375E0
9.102696417E0,-1.198344309E0,1.025540230E-1,3.261756985E0,3.476435681E0
9.112666417E0,-1.117800960E0,1.420586013E0,-1.169494001E0,2.152965356E0
9.122636417E0,-6.089827593E-2,3.196073458E-1,-3.900807370E0,3.914352513E0
9.132606417E0,9.275840186E-2,-3.298438616E0,-6.113074515E0,6.946796488E0
9.142576417E0,2.671669394E-1,-5.460630498E0,-7.864975169E0,9.578501867E0
9.152546417E0,-4.379449772E-1,-4.803337970E0,-5.276129794E0,7.148524118E0
9.162516417E0,-6.083928118E-1,-2.578981999E0,-1.363695236E0,2.980093062E0
9.172486417E0,-9.619729556E-1,-6.579006386E-1,1.357452748E0,1.789106811E0
9.182456417E0,9.285106561E-1,1.077864039E0,-3.441671133E-1,1.463685050E0
9.192426417E0,8.195061310E-1,2.588388707E0,-5.364518060E0,6.012437144E0
9.202396417E0,-4.126873445E-3,2.546813250E-1,4.444667423E-1,5.122795071E-1
9.212366417E0,7.454564803E-1,-3.213194982E0,1.086512305E1,1.135478869E1
9.222336417E0,2.580509109E-1,-1.012375224E0,1.085213287E1,1.090230626E1
9.232306417E0,3.495451630E-1,4.498047532E0,1.825121827E0,4.866793924E0
9.242275417E0,-5.779588218E-1,2.856803972E0,9.298476219E-1,3.059408756E0
9.252245417E0,2.413138956E-1,-7.241048607E-1,6.479989636E-1,1.001230694E0
9.262215417E0,7.941447102E-1,-1.423618379E0,-1.644295514E0,2.315396909E0
9.272185417E0,1.287839015E0,1.485709962E0,-3.875959042E0,4.346138736E0
9.282155417E0,6.287885213E-1,3.019291663E0,-1.166843458E0,3.297426392E0
9.292125417E0,-4.516713160E-1,3.194035703E-1,2.427683832E0,2.489914538E0
9.302095417E0,-6.335078090E-1,-3.223177056E0,4.764497840E0,5.787109999E0
9.312065417E0,-1.629589182E0,-2.566909545E0,2.368966677E0,3.854424552E0
9.322035417E0,-6.473167397E-1,2.451310676E-1,-8.800392848E-1,1.119632683E0
9.332005417E0,-1.272440190E-1,3.122607578E0,-2.397112834E0,3.938657013E0
9.341975417E0,-7.188721874E-1,4.442629960E0,-7.170756304E-1,4.557185057E0
9.351945417E0,-1.525164342E0,4.249481517E0,-5.863909453E-1,4.552809438E0
9.361915417E0,-1.041489534E0,3.868664933E0,-1.870437164E0,4.421516029E0
9.371885417E0,-4.760634877E-1,1.117605225E0,-2.634768822E0,2.901324633E0
9.381855417E0,2.945222424E-1,1.021330234E-1,-3.901576279E0,3.914009704E0
9.391825417E0,3.413271572E-1,4.287741311E0,-4.552252098E0,6.262924951E0
9.401795417E0,1.230431052E0,7.509293718E0,-7.375747991E-1,7.645094460E0
9.411765417E0,3.654363018E0,1.646942841E0,5.005236479E0,6.412424034E0
9.421735417E0,2.577525457E0,-5.977814384E0,4.397021971E0,7.855679760E0
9.431705417E0,7.062826936E-1,-6.041952492E0,1.025026259E0,6.168849487E0
9.441675417E0,3.150456405E-1,-2.814678876E0,-2.436727720E0,3.736216391E0
9.451644417E0,5.356675921E-1,-6.749771395E-1,-2.111181065E0,2.280267396E0
9.461614417E0,7.956665942E-1,-2.128986129E0,-3.085973310E-1,2.293665098E0
9.471584417E0,-4.724678155E-3,-3.708159448E0,2.951850463E0,4.739608630E0
9.481554417E0,-8.015122750E-1,-3.492713233E0,3.199815676E0,4.804194835E0
9.491524417E0,-8.011998875E-1,-1.699738812E-1,3.615228188E0,3.706843297E0
9.501494417E0,-9.507259094E-1,7.642895579E-1,1.624809667E0,2.031754104E0
9.511464417E0,-6.306217696E-1,-1.735873436E0,1.005487204E0,2.102842105E0
9.521434417E0,-5.864568727E-1,-3.175438926E0,2.171410895E0,3.891319739E0
9.531404417E0,-5.651788549E-1,-2.065808134E0,2.049383013E0,2.964280877E0
9.541374417E0,-3.752187520E-2,-5.416758254E-1,2.656115252E0,2.711045706E0
9.551344417E0,1.497964191E-1,-2.521161515E-1,1.285816755E0,1.318835187E0
9.561314417E0,1.741501088E-1,-1.119396812E0,4.991984349E-1,1.237972762E0
9.571284417E0,-2.353087321E-1,-1.684290469E0,-8.780822217E-1,1.913957411E0
9.581254417E0,-5.406181372E-1,-1.333218086E0,-1.267403288E0,1.917302671E0
9.591224417E0,-9.381331265E-1,-6.675005972E-2,-1.238640250E0,1.555242426E0
9.601194417E0,-1.238738629E0,-3.030117783E-1,-1.516439711E0,1.981383085E0
9.611164417E0,-9.425015813E-1,-1.271812381E0,-1.241386102E0,2.011679751E0
9.621134417E0,-6.504213189E-1,-1.088790731E0,-4.782923001E-1,1.355461793E0
9.631104417E0,-3.958420278E-1,-8.557780176E-2,3.589921439E-1,5.411929697E-1
9.641074417E0,5.501908332E-2,9.175325087E-1,-6.589636624E-1,1.130984577E0
9.651044417E0,5.857154457E-1,9.997423142E-2,-1.424440205E-2,5.943570756E-1
9.661013417E0,3.117070631E-1,1.651426193E-1,-1.563229716E0,1.602535654E0
9.670983417E0,1.161432811E0,3.493109089E-1,-1.546104391E0,1.965040221E0
9.680953417E0,1.327973572E0,7.150235501E-1,-7.768014300E-1,1.696523783E0
9.690923417E0,6.657245055E-1,6.839719114E-1,-5.371784395E-1,1.095247629E0
9.700893417E0,1.033491785E0,-7.736179134E-1,4.376494735E-1,1.363131324E0
9.710863417E0,6.505876721E-1,-5.565429559E-1,2.572915220E-1,8.939817158E-1
9.720833417E0,7.041291641E-1,2.525408055E0,-3.047055997E0,4.019705707E0
9.730803417E0,1.162485455E0,1.647751510E0,-8.071093029E-1,2.172068807E0
9.740773417E0,1.580946633E0,-5.104706973E-1,1.760654520E0,2.420718267E0
9.750743417E0,1.216411767E0,-3.228236067E-1,6.726286054E-2,1.260316215E0
9.760713417E0,1.608916935E0,7.237750778E-1,-1.883378806E0,2.580616166E0
9.770683417E0,1.441514513E0,2.462105514E0,-1.069360433E0,3.046876989E0
9.780653417E0,7.279808338E-1,9.178982520E-1,5.502931595E-1,1.294339931E0
9.790623417E0,-5.786596471E-2,-5.213716614E-1,2.068885231E0,2.134353059E0
9.800593417E0,-8.347521611E-1,5.715384328E-1,1.970873033E0,2.215357276E0
9.810563417E0,-2.824508484E-1,5.206419289E-2,1.870627198E0,1.892547298E0
9.820533417E0,-3.097460531E-1,-4.254814178E-1,1.256442098E0,1.362212832E0
9.830503417E0,-1.384317982E-1,-8.764888555E-1,1.546220165E-1,9.007241778E-1
9.840473417E0,-3.733137292E-1,-2.082336458E0,-5.306932926E-1,2.181083134E0
9.850443417E0,-3.881830524E-1,-1.624862585E0,1.138884412E0,2.021861075E0
9.860413417E0,-6.985120364E-1,-1.569018752E0,2.264883900E-1,1.732349820E0
9.870382417E0,-5.728444085E-1,-1.584111877E0,-3.968809319E-1,1.730628680E0
9.880352417E0,-8.191485006E-1,-1.142200660E0,-1.086243099E0,1.776386975E0
9.890322292E0,8.069769731E-2,-2.087277940E0,1.809776979E0,2.763789795E0
9.900292292E0,-2.563550904E-1,-1.205734459E0,1.772751240E0,2.159203668E0
9.910262292E0,-8.653622436E-2,2.464849904E-1,1.287784928E0,1.314014227E0
9.920232292E0,1.844089025E-1,6.899191144E-1,1.292336985E0,1.476526299E0
9.930202292E0,-6.219238170E-1,1.136713341E-1,6.065422046E-1,8.761300431E-1
9.940172292E0,-7.658122460E-1,-3.462472603E-1,-1.187350228E0,1.454701387E0
9.950142292E0,-8.694976321E-1,-9.303648081E-1,-1.185694882E0,1.739964701E0
9.960112292E0,-4.755217797E-1,-1.565300800E0,-1.612087880E0,2.296761827E0
9.970082292E0,-1.565885265E-1,-9.215413597E-1,-1.439428373E0,1.716307806E0
9.980052292E0,-4.544692817E-1,6.242776868E-1,7.093204683E-1,1.048523002E0
9.990022292E0,-2.037822263E-1,1.469056215E0,4.323431253E-3,1.483129141E0
9.999992292E0,2.475144658E-2,-4.158832133E-2,-3.075167656E-2,5.734010978E-2
1.000996229E1,-5.038817623E-1,-2.314648090E0,1.829262825E0,2.992940877E0
1.001993229E1,-4.093804699E-4,-1.965839165E0,1.598429954E-1,1.972326944E0
1.002990229E1,-5.104759050E-2,3.952194455E-1,-1.090102261E0,1.160658092E0
1.003987229E1,-4.314786145E-1,1.234015979E0,-1.182768935E-1,1.312615197E0
1.004984229E1,-4.619021892E-1,-1.238050851E0,-1.168057340E-1,1.326562144E0
1.005981229E1,2.096936152E-1,-1.236231782E0,2.619102377E-1,1.280951757E0
1.006978229E1,4.765931358E-1,2.195813665E-1,4.218356788E-1,6.732773080E-1
1.007975229E1,2.325893382E-1,1.324174782E0,-5.395535785E-1,1.448673434E0
1.008972129E1,-4.187154218E-1,1.655520121E0,-1.476473408E0,2.257441738E0
1.009969129E1,-3.663090572E-1,-1.080861906E0,-1.163501190E0,1.629779066E0
1.010966129E1,-3.531626891E-1,-1.132713845E0,4.234758228E-1,1.259800108E0
1.011963129E1,1.765841403E-1,5.948778865E-1,7.244261652E-1,9.538631596E-1
1.012960129E1,1.027460492E-1,1.084059749E0,1.567237982E0,1.908396495E0
1.013957129E1,1.071497517E0,1.815699039E0,6.264227378E-1,2.199380680E0
1.014954129E1,-2.362242964E-1,3.495787114E-1,-5.039130449E-1,6.572180388E-1
1.015951129E1,-2.611940817E-1,9.992338988E-1,-9.015915370E-1,1.370969742E0
1.016948129E1,7.936990792E-1,3.852572519E-1,-1.164064862E0,1.460626023E0
1.017945129E1,-5.379709199E-1,-4.776555383E-1,-1.540105732E0,1.699850932E0
1.018942129E1,1.953048417E-1,-1.116018583E0,-1.742661468E0,2.078583761E0
1.019939129E1,4.891464134E-1,-8.080626914E-1,-1.418592989E-1,9.551720199E-1
1.020936129E1,3.452556090E-2,-1.812783325E0,7.457059371E-1,1.960472581E0
1.021933129E1,8.181215834E-2,-1.375592566E0,2.911703480E0,3.221329739E0
1.022930129E1,-3.908282962E-1,-2.556348889E0,3.065961215E0,4.010958061E0
1.023927129E1,-5.209396253E-1,-7.077130687E-1,5.091552492E0,5.166831007E0
1.024924129E1,-1.863979791E0,1.411400037E0,2.537821986E0,3.450653729E0
1.025921129E1,2.356223986E-1,7.041912907E-1,2.657302237E0,2.759104649E0
1.026918129E1,-1.030461100E0,4.036297882E-1,7.439003170E-1,1.333474697E0
1.027915129E1,-5.398199192E-1,-2.257124645E-1,-2.284681402E0,2.358414886E0
1.028912129E1,8.751284277E-1,1.195566151E0,-4.355523112E0,4.600631453E0
1.029909129E1,1.393040219E0,4.477876684E-1,-5.499685805E0,5.691012107E0
1.030906029E1,1.333599617E0,-1.173538813E0,-3.548074670E0,3.967935880E0
1.031903029E1,1.074568256E0,-2.364159681E0,-9.572815883E-1,2.767731196E0
1.032900029E1,7.416698965E-1,-1.260411480E0,1.072902092E0,1.813788917E0
1.033897029E1,1.267488658E0,-7.014860764E-1,1.227345768E0,1.898680554E0
1.034894029E1,-1.428903092E-1,-1.365697615E0,1.915678825E0,2.356983873E0
1.035891029E1,2.750934249E-1,-1.827420952E0,1.621200766E0,2.458340020E0
1.036888029E1,3.886200587E-1,-7.902392086E-1,1.558803958E0,1.790355645E0
1.037885029E1,-9.959593850E-1,8.930171800E-1,-2.439692259E-1,1.359755773E0
1.038882029E1,4.198635226E-2,3.678573999E-1,2.202535039E0,2.233437378E0
1.039879029E1,-1.315882700E0,4.830706447E-2,1.150460730E0,1.748553900E0
1.040876029E1,-1.190716909E0,-9.708424509E-3,1.295217909E0,1.759400592E0
1.041873029E1,-6.558049965E-1,1.415645408E0,-1.425677476E0,2.113454135E0
1.042870029E1,4.322613374E-1,-8.909601295E-1,5.756402546E-1,1.145435078E0
1.043867029E1,8.289874642E-1,-2.507840680E0,-2.455041200E-1,2.652688705E0
1.044864029E1,1.131049655E0,-2.401644719E0,3.347636211E-1,2.675675122E0
1.045861029E1,1.193282740E0,-1.344084259E0,5.544628090E-1,1.880934662E0
1.046858029E1,1.866121334E0,-8.855435613E-1,4.726725411E-1,2.118965682E0
1.047855029E1,1.911342238E0,-2.841308266E0,2.326811761E-1,3.432259073E0
1.048852029E1,1.256625262E0,-1.451333596E0,3.465019065E-1,1.950779287E0
1.049849029E1,8.946720882E-1,-2.149889633E-1,1.115871525E0,1.446315201E0
1.050845929E1,-1.665882703E-2,1.263217267E0,2.244177155E0,2.575330364E0
1.051842929E1,-8.445575032E-1,2.231432856E0,1.667288520E0,2.910742341E0
1.052839929E1,-5.938144607E-1,1.714630209E0,-6.554635191E-1,1.929301633E0
1.053836929E1,-4.972622026E-1,2.632077056E0,-3.965761750E0,4.785641606E0
1.054833929E1,7.471580932E-1,3.442344148E0,-4.316400561E0,5.571291794E0
1.055830929E1,3.410615474E-1,1.327391043E0,-1.752706985E0,2.224920613E0
1.056827929E1,3.321881053E-1,1.021432561E-1,5.321153355E-1,6.355540200E-1
1.057824929E1,-3.054775309E-1,2.007427194E0,-2.265088552E-1,2.043131597E0
1.058821929E1,-1.367092176E-1,1.547186126E0,1.829476833E-2,1.553321929E0
1.059818929E1,2.010106096E-1,-5.398675740E-1,1.017051242E0,1.168869322E0
1.060815929E1,1.924884024E-1,-3.557992718E-1,1.457705600E0,1.512795598E0
1.061812929E1,-5.579807132E-1,-5.858588487E-1,-8.109111625E-1,1.145491152E0
1.062809929E1,2.922286355E-1,4.014464378E-1,-7.361901784E-1,8.879936918E-1
1.063806929E1,-1.340840736E-1,-1.767516520E0,1.169453655E0,2.123608966E0
1.064803929E1,-6.025088318E-1,-2.545464005E0,1.266717410E-1,2.618864185E0
1.065800929E1,-4.674824063E-1,-2.111639195E0,5.187065005E-1,2.224098991E0
1.066797929E1,-6.793276142E-1,-1.140720730E0,5.350553155E-2,1.328756047E0
1.067794929E1,7.770586344E-1,-5.946472138E-2,-2.166254236E0,2.302175838E0
1.068791929E1,-1.095148408E0,-1.900190428E0,1.256251479E0,2.527497078E0
1.069788929E1,6.029847038E-2,-1.931807785E0,2.836529337E0,3.432406721E0
1.070785929E1,9.211733506E-1,-1.574915961E0,4.781310339E0,5.117601898E0
1.071782929E1,2.591985549E-1,-2.813966686E-1,3.290311863E0,3.312479454E0
1.072779829E1,7.483847659E-1,-2.142598155E-1,1.852911304E0,2.009792857E0
1.073776829E1,-1.242408251E-1,-1.333421862E0,7.163190007E-2,1.341111767E0
1.074773829E1,3.283666210E-1,-2.834347156E-1,-9.184262556E-1,1.015709930E0
1.075770829E1,-5.259835066E-1,-2.989812925E-1,-2.145598946E0,2.229269679E0
1.076767829E1,-7.370947427E-1,-1.222252259E0,-2.266312959E0,2.678317321E0
1.077764829E1,5.788973365E-1,-2.532387584E0,-5.456235731E-1,2.654395239E0
1.078761829E1,4.335867550E-1,-1.929841366E-1,-9.295973611E-1,1.043739242E0
1.079758829E1,1.606514022E0,-1.686965570E-1,-3.796562040E-1,1.659362728E0
1.080755829E1,2.013801536E0,-3.225712994E-1,-5.086603993E-1,2.101947733E0
1.081752829E1,1.015897148E0,-1.685555221E0,2.431545333E0,3.128187355E0
1.082749829E1,8.043316562E-1,-8.205312940E-1,2.546123278E0,2.793378736E0
1.083746829E1,4.909602928E-1,1.267786866E0,7.800185680E-3,1.359553746E0
1.084743829E1,5.429545384E-2,1.801226303E0,-1.213994236E0,2.172819872E0
1.085740829E1,9.167495665E-1,8.078834742E-1,-2.180200430E0,2.499275773E0
1.086737829E1,-2.565685138E-3,-6.773666042E-1,-2.029120656E0,2.139196750E0
1.087734829E1,-7.065024393E-2,8.913635874E-1,-1.067354254E0,1.392395635E0
1.088731892E1,2.134474728E-1,3.775477857E0,-2.948814003E0,4.795341166E0
1.089728892E1,-1.910838281E-1,4.419749806E0,-3.180798191E0,5.448685943E0
1.090725892E1,-8.875431629E-1,2.322999376E-1,-4.087860383E0,4.189546353E0
1.091722892E1,-4.718675988E-1,-3.295669374E0,1.660751917E0,3.720509721E0
1.092719892E1,-8.052594631E-1,-2.712437679E0,5.071448010E0,5.807352744E0
1.093716892E1,-7.031889318E-1,1.110450279E0,3.331266346E0,3.581188345E0
1.094713792E1,-2.030879243E-1,2.609198655E0,-1.724700576E0,3.134286905E0
1.095710792E1,-1.839261856E0,-7.891431481E-1,-1.334398931E0,2.405462864E0
1.096707792E1,-9.733530991E-1,-2.044902876E0,5.116986126E0,5.595765456E0
1.097704792E1,-2.829390179E-1,3.725340030E-1,5.660867229E0,5.680163189E0
1.098701792E1,-9.784433927E-1,1.563905654E0,3.638297793E0,4.079260128E0
1.099698792E1,4.053990825E-1,1.722236852E0,-3.984690356E-1,1.813622277E0
1.100695792E1,-3.935930425E-1,-5.657757095E-1,-9.746489882E-2,6.960725846E-1
1.101692792E1,4.110607222E-1,-2.917367970E0,4.089380075E0,5.040142477E0
1.102689792E1,1.082654663E0,8.606885093E-1,7.786468112E-1,1.587204047E0
1.103686792E1,-1.244820867E-1,6.169189659E-1,-1.156761104E0,1.316883083E0
1.104683792E1,-2.466720721E0,-2.209155549E0,-4.816346270E0,5.844849934E0
1.105680792E1,-1.531151891E-1,-2.881909577E0,-4.541828266E0,5.381175622E0
1.106677792E1,-4.327585700E-1,-1.848369187E0,-3.415938706E0,3.907990005E0
1.107674792E1,-9.346557873E-1,-1.904625541E0,1.470288223E-1,2.126686946E0
1.108671792E1,-3.685178429E-1,-3.956981863E0,1.503903866E-1,3.976949602E0
1.109668792E1,-6.776978490E-1,-1.076955674E0,-9.044625199E-1,1.561140720E0
1.110665792E1,-1.177981527E0,2.307299602E-1,3.815647352E-1,1.259550888E0
1.111662792E1,-3.255734792E-1,7.823814279E-1,2.230820945E0,2.386353050E0
1.112659792E1,1.156862261E0,-6.178346398E-1,2.038867965E0,2.424259168E0
1.113656792E1,-2.528345184E-2,-1.492826316E-1,-2.266359737E0,2.271411679E0
1.114653692E1,1.095937929E0,-8.553093633E-1,3.406248701E-1,1.431313855E0
1.115650692E1,4.773864202E-1,-6.273208702E-1,1.448440102E0,1.649062763E0
1.116647692E1,4.165544005E-1,1.324322425E0,-1.139594264E0,1.796113176E0
1.117644692E1,4.638518701E-1,-5.188553122E-1,-3.540120703E-1,7.808290071E-1
1.118641692E1,6.363150573E-1,-3.483249222E0,2.792821984E0,4.509742413E0
1.119638692E1,1.431668241E0,-2.798600495E0,4.622278352E0,5.589928072E0
1.120635692E1,9.738805910E-1,1.847832120E0,3.160513616E0,3.788373433E0
1.121632692E1,1.605212724E0,5.311511296E-1,5.071225816E0,5.345667469E0
1.122629692E1,9.283375785E-1,-1.584986913E0,1.723921727E0,2.519107043E0
1.123626692E1,2.490222142E0,-1.651334392E0,-4.704909450E-1,3.024809634E0
1.124623692E1,2.369079382E0,3.711724788E-2,-3.240081941E0,4.013981290E0
1.125620692E1,1.089051590E0,4.277071604E-1,5.309915006E-2,1.171232812E0
1.126617692E1,1.326987585E0,5.233711168E-1,-1.105409102E0,1.804644747E0
1.127614692E1,-2.307053654E-2,-2.011702386E-1,-2.472043149E0,2.480322367E0
1.128611692E1,9.153447729E-1,7.769902951E-1,-1.883328520E0,2.233494188E0
1.129608692E1,1.056711809E0,1.267028190E0,-4.328629428E-1,1.705687723E0
1.130605692E1,-5.797766846E-1,8.816300198E-1,-6.366635513E-1,1.232376961E0
1.131602692E1,-6.372897150E-1,-1.013468945E0,2.312886617E0,2.604362107E0
1.132599692E1,2.345667204E-2,6.552837172E-1,-8.567048013E-2,6.612763391E-1
1.133596692E1,-9.942355527E-1,2.415302061E0,-5.125698477E-1,2.661750594E0
1.134593692E1,-3.013548966E-2,3.212248026E0,3.075284600E-2,3.212536578E0
1.135590592E1,6.428134335E-1,2.125410557E0,1.918880761E-2,2.220573655E0
1.136587592E1,1.076915767E0,1.877381902E0,-4.591875755E0,5.076379942E0
1.137584592E1,1.836949575E-1,1.485914322E0,-2.459861060E0,2.879687768E0
1.138581592E1,-1.461999064E-1,9.457269055E-1,-8.445975566E-1,1.276369392E0
1.139578592E1,5.359112748E-1,-6.877053586E-1,6.817794979E-2,8.745214620E-1
1.140575592E1,-1.008950583E0,-2.174255273E0,3.231832105E-1,2.418639009E0
1.141572592E1,1.692868517E-1,-1.851993291E0,1.300784458E0,2.269488355E0
1.142569592E1,-3.983961647E-1,-2.150757652E0,1.462361153E0,2.631155283E0
1.143566592E1,-6.092036014E-1,-1.667746649E0,6.291604042E-1,1.883706646E0
1.144563592E1,-3.701668308E-1,-6.923041937E-1,8.966529787E-2,7.901572279E-1
1.145560592E1,-6.534210136E-1,-2.654468091E0,2.160633307E0,3.484464974E0
1.146557592E1,-5.254181174E-1,-1.715573657E0,1.796996720E0,2.539380708E0
1.147554592E1,-9.407990914E-1,-7.052046132E-1,1.300143603E0,1.752937496E0
1.148551592E1,-6.325484271E-1,-9.237106767E-1,1.524495420E0,1.891413549E0
1.149548592E1,-4.131284438E-1,1.015389463E0,1.703065878E0,2.025370153E0
1.150545592E1,-1.390229900E0,-1.262259493E0,1.128123781E0,2.190593862E0
1.151542592E1,-2.382714249E-1,-5.193496943E-3,2.465291369E-1,3.428948230E-1
1.152539592E1,-1.295154174E0,-1.348117961E0,-6.608745325E-1,1.982826649E0
1.153536592E1,-7.776972965E-1,-1.733828957E0,-9.852511597E-1,2.140489613E0
1.154533492E1,6.696650720E-2,-1.539049433E0,-4.708686751E-1,1.610861564E0
1.155530492E1,6.366736378E-1,-3.219681591E0,7.917089063E-1,3.376167333E0
1.156527492E1,9.091677012E-1,-1.193278720E0,1.078194991E0,1.847431853E0
1.157524492E1,5.584005067E-1,1.240687653E0,4.730181116E-1,1.440438513E0
1.158521492E1,1.563009130E0,1.450268818E0,1.399918152E0,2.550695595E0
1.159518492E1,2.480195191E-2,-2.253470135E-1,1.464961410E0,1.482399523E0
1.160515492E1,-2.267886628E-1,-1.240257297E0,3.108209102E0,3.354196638E0
1.161512492E1,1.678820216E-1,2.950238970E-1,9.715213126E-1,1.029114733E0
1.162509492E1,1.120009527E0,1.809417960E0,-9.711394894E-1,2.339129454E0
1.163506492E1,4.389299407E-1,1.867652427E0,-3.897896626E0,4.344465812E0
1.164503492E1,9.126678445E-1,-1.381585377E0,-4.708268090E0,4.990944716E0
1.165500492E1,9.089156131E-1,-2.080808288E0,-3.748940561E0,4.382972286E0
1.166497492E1,2.741822642E-1,-1.415937769E0,-1.495659876E0,2.077752186E0
1.167494492E1,1.094734718E-1,-6.652836254E-1,1.407664543E0,1.560803066E0
1.168491492E1,-4.308912982E-1,-2.566743484E-1,1.362918141E0,1.452272320E0
1.169488492E1,-1.047749928E0,-8.220164868E-1,1.889731221E0,2.311833710E0
1.170485492E1,-1.715665751E0,3.837530556E-1,8.045856446E-1,1.933425312E0
1.171482492E1,-1.092640026E0,2.293277979E0,1.587026714E0,2.995269588E0
1.172479492E1,1.045051931E-1,1.318715529E0,2.041926643E0,2.432980970E0
1.173476492E1,-1.323760379E-1,1.894579440E0,-1.856258250E0,2.655682466E0
1.174473392E1,-6.168151047E-1,2.365785207E0,2.617389143E-1,2.458842772E0
1.175470392E1,-2.728874349E-1,3.412936454E0,-1.397759360E0,3.698152784E0
1.176467392E1,1.074226048E0,1.216996489E0,-2.205255164E0,2.738282745E0
1.177464392E1,2.222629544E-1,-7.753773406E-1,-1.321846129E0,1.548511553E0
1.178461392E1,5.412220815E-1,-8.001508239E-1,-4.852873242E-1,1.081048782E0
1.179458392E1,1.441261475E0,-4.004354542E-1,1.683420403E0,2.251996325E0
1.180455392E1,3.115567165E-1,-2.262628629E0,1.159789377E0,2.561575160E0
1.181452392E1,3.466289007E-1,-2.853785932E0,1.618430940E0,3.299024772E0
1.182449392E1,5.218618774E-1,-5.307284344E0,1.411673979E0,5.516559648E0
1.183446392E1,-4.292264863E-1,-2.066367420E0,1.610659406E0,2.654869754E0
1.184443392E1,-1.851662631E-1,-2.877999544E-3,2.155547984E0,2.163488372E0
1.185440392E1,-7.608317339E-1,-9.721691841E-1,1.578868094E0,2.004196175E0
1.186437392E1,-7.123632132E-1,-1.668471119E0,5.482618368E-1,1.895217208E0
1.187434392E1,-7.407670134E-1,-1.537948987E0,-3.851391381E-1,1.749958574E0
1.188431379E1,-4.989117752E-1,1.139486091E0,-9.381822431E-1,1.558052448E0
1.189428379E1,2.186360544E-1,7.646474075E-1,-1.182929733E0,1.425415777E0
1.190425379E1,3.464377333E-1,-9.509250802E-1,-4.374331266E-1,1.102554013E0
1.191422379E1,-5.767193948E-1,-1.885260148E0,-5.125546449E-1,2.037037886E0
1.192419379E1,6.416305052E-2,-2.359439224E-1,-7.927590662E-1,8.296103716E-1
1.193416279E1,8.869504745E-1,1.692687655E0,-1.279683026E0,2.299882886E0
1.194413279E1,1.119784774E0,-1.137741281E0,6.806211644E-1,1.735401491E0
1.195410279E1,1.276633557E-1,-2.855035189E0,3.151678473E-1,2.875213842E0
1.196407279E1,-9.573392565E-1,-1.809485203E0,8.847462934E-1,2.230137026E0
1.197404279E1,-5.732477932E-1,1.735082600E0,-2.744431597E-1,1.847821341E0
1.198401279E1,-6.149562018E-1,2.399188011E0,-5.558983004E-1,2.538365057E0
1.199398279E1,-4.163824924E-1,-1.464895628E0,1.105013831E0,1.881581555E0
1.200395279E1,-5.695377349E-1,-2.195791738E0,-2.035854310E-1,2.277569234E0
1.201392279E1,-8.223111134E-1,-2.922917855E-1,-1.388851127E0,1.640285801E0
1.202389279E1,5.146155326E-1,7.137108502E-1,-1.751519415E0,1.960110351E0
1.203386279E1,5.807852928E-1,-1.283384021E0,-3.240108839E0,3.533085251E0
1.204383279E1,2.068674366E-1,-3.387068371E0,-2.631526541E0,4.294177246E0
1.205380279E1,2.533158905E-1,-3.135471160E0,-7.018161517E-1,3.223025636E0
1.206377279E1,2.156164792E-1,-1.354252567E0,3.903071997E0,4.136962834E0
1.207374279E1,-1.675920728E-1,-6.501291043E-1,5.507895881E0,5.548663982E0
1.208371279E1,-5.220906862E-1,-2.022698075E-1,4.243050165E0,4.279832527E0
1.209368279E1,-3.186216879E-1,1.453818955E0,1.297829860E0,1.974707999E0
1.210365279E1,6.634690151E-1,1.914702048E0,3.345166347E0,3.911062893E0
1.211362279E1,9.264914663E-1,1.925956476E0,3.211936369E0,3.858008557E0
1.212359179E1,-2.739625917E-1,1.962814985E0,-1.769846928E0,2.657076648E0
1.213356179E1,6.614083924E-2,3.191961696E0,-4.393900142E0,5.431330641E0
1.214353179E1,3.406870333E-1,2.005435632E0,-2.165710444E0,2.971218851E0
1.215350179E1,1.410328681E-1,1.304501241E0,-1.138617779E0,1.737257667E0
1.216347179E1,9.624621483E-1,1.922795472E-1,1.282341170E-1,9.898226103E-1
1.217344179E1,5.612667753E-1,9.474141195E-1,-5.662151277E-2,1.102642237E0
1.218341179E1,1.159735291E0,9.518591729E-1,-9.554052168E-1,1.778713287E0
1.219338179E1,1.162017623E-1,-9.673268124E-1,-1.984691173E-1,9.942907030E-1
1.220335179E1,-6.285436691E-1,-2.228823536E0,3.919850582E-1,2.348696188E0
1.221332179E1,3.451006944E-1,-1.552405643E0,5.502083749E-1,1.682791438E0
1.222329179E1,1.621123363E-1,-1.998342375E0,2.890823658E0,3.518027015E0
1.223326179E1,-3.330941679E-1,-1.830624349E0,3.040649203E0,3.564783978E0
1.224323179E1,5.023364894E-1,2.083351243E-1,2.185741836E0,2.252379374E0
1.225320179E1,-4.046179676E-1,2.949144956E0,-8.048528624E-1,3.083660131E0
1.226317179E1,6.347849871E-1,2.663549109E0,-2.634610362E0,3.799818101E0
1.227314179E1,1.132881660E0,-1.564065868E0,-1.885455152E0,2.699011676E0
1.228311179E1,9.692343935E-1,-2.393156608E0,-2.609200117E0,3.670768191E0
1.229308179E1,1.093655176E-1,-1.161542957E0,-2.278836526E0,2.560124757E0
1.230305079E1,-7.684787225E-1,-5.985259643E-1,-2.524721299E0,2.706106154E0
1.231302079E1,-9.410204085E-1,-2.860374574E0,5.902881145E-2,3.011768005E0
1.232299079E1,-1.037676857E0,-4.473863155E0,1.447801586E0,4.815428768E0
1.233296079E1,5.220986165E-2,-2.304225136E0,2.477953514E0,3.384144348E0
1.234293079E1,-1.591546027E0,1.635210402E0,2.893888768E0,3.685311929E0
1.235290079E1,-2.080292710E0,2.026950170E0,4.008385028E0,4.950080331E0
1.236287079E1,-6.336668533E-1,-2.015410105E0,1.745869836E0,2.740706671E0
1.237284079E1,-1.662289735E0,-2.494176907E0,-1.809103965E0,3.500997395E0
1.238281079E1,-7.997562830E-1,-6.986978316E-1,-2.566140051E0,2.777204266E0
1.239278079E1,-1.077853514E0,2.978615507E-1,-2.293969705E0,2.552016204E0
1.240275079E1,-1.457621546E0,-8.717526108E-1,-1.689248908E0,2.395448822E0
1.241272079E1,-9.847101460E-1,-2.395641675E0,-1.135425199E0,2.828063558E0
1.242269079E1,-1.334677113E0,4.003310814E-1,7.399353200E-1,1.577698402E0
1.243266079E1,-4.457308738E-1,7.093122822E-1,2.652469513E0,2.781617235E0
1.244263079E1,-1.762530234E-1,-1.997822557E0,-2.552093285E-1,2.021754659E0
1.245260079E1,-6.202312674E-1,-2.967020479E0,-6.198264939E0,6.899738082E0
1.246257079E1,-1.098126980E0,-2.111695913E0,-3.796602970E0,4.480997278E0
1.247254079E1,-5.713889268E-1,-2.966217071E0,5.837115172E0,6.572430491E0
1.248251079E1,-7.618206442E-1,2.498018235E-2,9.268897494E0,9.300185776E0
1.249247979E1,-4.765955478E-1,3.333802283E0,5.004105043E0,6.031786490E0
1.250244979E1,-1.169974423E0,3.349686537E0,1.575074421E0,3.882022601E0
1.251241979E1,-1.242115104E0,9.255636594E-1,4.872344470E-1,1.623858191E0
1.252238979E1,-5.030042049E-1,2.155015887E0,3.007503676E-1,2.233284014E0
1.253235979E1,-1.465079962E0,5.625117352E0,-2.330646949E0,6.262612851E0
1.254232979E1,-2.369907750E-1,4.287510346E0,-4.318102686E0,6.089738943E0
1.255229979E1,-2.443763090E0,1.041798120E0,-4.965427465E0,5.631411127E0
1.256226979E1,-2.261438720E0,-1.297479904E0,-3.571223212E0,4.421673260E0
1.257223979E1,-5.583174397E-1,-5.320437071E-1,-1.001856083E0,1.264319770E0
1.258220979E1,-1.054052130E0,9.808461598E-1,1.849379586E0,2.343776853E0
1.259217979E1,7.794592819E-1,2.275969051E0,1.164075971E0,2.672576427E0
1.260214979E1,-4.163180999E-1,2.020815856E0,4.564827704E-1,2.113147890E0
1.261211979E1,-5.916216452E-1,8.403635877E-1,4.016493362E-1,1.103426173E0
1.262208979E1,3.517293904E-2,4.491366211E-1,7.398517048E-1,8.662224802E-1
1.263205979E1,-1.697818441E0,-1.569895834E0,-6.496127951E-1,2.401906986E0
1.264202979E1,-8.201797302E-1,-3.034134528E0,-2.458424984E0,3.990303312E0
1.265199979E1,-6.513384546E-1,-1.266582047E0,-2.032068238E0,2.481486084E0
1.266196979E1,-8.295689698E-1,2.690375258E0,-3.693007851E-1,2.839487062E0
1.267193879E1,1.141062938E-1,4.246613458E0,2.390926480E-3,4.248146869E0
1.268190879E1,-4.338288298E-1,-1.339873972E0,-6.379744971E-1,1.546118098E0
1.269187879E1,-9.998347733E-1,-6.260520828E0,-4.983739775E-1,6.359415637E0
1.270184879E1,-1.480746699E0,-5.454265219E0,-3.156327009E-3,5.651692652E0
1.271181879E1,-6.283455216E-1,-4.549978116E0,3.402236341E0,5.715971577E0
1.272178879E1,-1.900922682E-1,-2.172851649E0,2.795094212E0,3.545415492E0
1.273175879E1,-2.507363730E-1,-3.950965078E0,3.133869608E0,5.049171466E0
1.274172879E1,-6.396424519E-2,-2.847223894E0,2.257237496E0,3.633991805E0
1.275169879E1,-8.770304538E-2,-4.302337423E-1,2.977301638E0,3.009504601E0
1.276166879E1,-2.183640127E-1,2.745647818E-1,5.279031767E0,5.290675293E0
1.277163879E1,1.178941110E-1,2.495357752E-2,-2.954153681E-1,3.190484950E-1
1.278160879E1,8.349183682E-1,6.550080210E-2,-2.503925092E0,2.640268908E0
1.279157879E1,1.137345206E0,-8.418049264E-1,-1.846551872E0,2.326358414E0
1.280154879E1,2.936522498E-1,-9.493089098E-1,-3.162124524E0,3.314581505E0
1.281151879E1,-2.858737354E-1,-2.554449713E-1,-4.553786992E0,4.569896267E0
1.282148879E1,-4.024903851E-1,-8.618608761E-1,-4.849157921E0,4.941572141E0
1.283145879E1,3.623747581E-1,-1.241626423E0,-5.067137443E0,5.229611219E0
1.284142779E1,6.659398292E-1,-4.332970986E-1,-5.556220779E0,5.612736550E0
1.285139779E1,1.124818058E0,-2.301879233E-1,-5.139258170E0,5.265944994E0
1.286136779E1,1.968853405E0,-7.015223292E-1,-4.587575127E0,5.041265997E0
1.287133779E1,1.680754219E0,-4.751334003E0,8.441836907E0,9.831821800E0
1.288130779E1,-1.165172617E0,-4.844376653E0,2.444475749E1,2.494738025E1
1.289127733E1,-2.440806884E0,5.480364851E0,8.709373920E0,1.057568585E1
1.290124733E1,3.935702091E0,1.100525274E1,-2.309759526E0,1.191387124E1
1.291121733E1,5.298247472E0,4.234163566E0,4.244332459E0,8.000870290E0
1.292118733E1,3.589192876E0,2.685728475E-1,2.136236385E0,4.185444154E0
1.293115733E1,6.575565299E0,5.230416262E0,-6.908905123E0,1.087788046E1
1.294112733E1,2.570361741E0,7.196890435E0,-8.568870590E0,1.148161725E1
1.295109733E1,1.436162703E0,3.058426200E0,-8.723266320E0,9.354780030E0
1.296106733E1,2.523627870E0,-5.329141821E0,-3.080917223E0,6.652856613E0
1.297103733E1,-2.335731688E0,-6.693028260E0,1.327845606E1,1.505223123E1
1.298100733E1,-1.322926402E0,-1.326700195E0,1.760284392E1,1.770227052E1
1.299097733E1,2.212851866E0,6.612797445E0,6.604195606E0,9.604228394E0
1.300094733E1,-9.987402476E-2,4.013708626E0,1.340168964E0,4.232715984E0
1.301091633E1,1.917197932E0,-3.604107953E0,8.260110122E-1,4.165037364E0
1.302088633E1,2.724908913E0,-2.580846091E0,-6.027784104E0,7.100709566E0
1.303085633E1,3.116255456E0,1.576962194E0,-1.244010099E1,1.292106692E1
1.304082633E1,2.530641605E0,-6.534359971E-1,-9.969800895E0,1.030669954E1
1.305079633E1,2.625186989E0,1.076560987E0,-9.399226668E0,9.818149126E0
1.306076633E1,-3.414348556E-1,3.900613242E0,-5.161093428E0,6.478290422E0
1.307073633E1,3.766024225E-1,5.796987485E0,5.518911451E0,8.012819534E0
1.308070633E1,-4.065535422E-1,-5.395602443E0,1.657538054E1,1.743619946E1
1.309067633E1,-1.893554423E0,-1.062311732E1,9.334364675E0,1.426767443E1
1.310064633E1,-4.417476701E0,-5.539208305E0,-4.540506796E0,8.415053833E0
1.311061633E1,-4.995887951E0,-1.287695466E0,-5.893964726E0,7.832999184E0
1.312058633E1,-2.355792608E0,-6.810351473E-1,1.240948731E0,2.748367049E0
1.313055633E1,-3.271600773E0,-7.905477662E0,7.532598381E0,1.139912221E1
1.314052633E1,-1.851776506E0,-8.783041821E0,4.672506520E0,1.011944747E1
1.315049633E1,-1.399079223E0,1.097349300E0,-2.203665891E0,2.831561675E0
1.316046633E1,-5.369890263E-1,7.520357820E0,-3.705592228E0,8.400925706E0
1.317043633E1,2.014308782E0,1.335440320E1,-2.924096653E0,1.381838869E1
1.318040533E1,1.978933858E0,3.078261125E0,-1.217413103E0,3.856678031E0
1.319037533E1,4.047608224E-1,-1.070377498E1,4.904322892E0,1.178079001E1
1.320034533E1,4.979466923E-1,-1.349531993E1,7.600493326E0,1.549642248E1
1.321031533E1,2.560115080E0,-3.784538410E0,3.991547971E0,6.067073051E0
1.322028533E1,8.294112412E-1,1.297312381E0,-4.643583852E0,4.892219682E0
1.323025533E1,-2.252625797E0,4.080233860E-1,-4.720745464E0,5.246545892E0
1.324022533E1,-1.518205571E0,-2.271494177E0,8.050773954E-1,2.848294852E0
1.325019533E1,-1.777835102E0,1.181830164E0,2.015170369E0,2.935699542E0
1.326016533E1,-9.307907047E-1,6.013847850E0,-1.317664200E0,6.226473821E0
1.327013533E1,5.912533437E-1,5.294537998E0,-2.655169172E0,5.952447939E0
1.328010533E1,1.072655193E0,7.010112825E-1,-3.913544360E0,4.117989247E0
1.329007533E1,1.746948501E0,2.602718478E-1,-1.259248762E0,2.169165264E0
1.330004533E1,1.206000069E0,2.919799827E0,-7.676189625E-1,3.250985400E0
1.331001533E1,6.891768104E-1,2.355557842E0,1.886142200E-1,2.461542758E0
1.331998533E1,7.138915291E-1,-1.528140575E-2,-7.551421738E-1,1.039285495E0
1.332995533E1,6.385559296E-1,8.719113627E-1,-2.268160679E0,2.512476063E0
1.333992533E1,2.575807582E-1,1.022963654E0,-3.328624574E0,3.491782358E0
1.334989433E1,-3.990577772E-1,2.062462065E-1,3.896268761E-1,5.946374608E-1
1.335986433E1,-1.878034305E-2,1.078702530E0,-8.673385477E-1,1.384278875E0
1.336983433E1,-6.567660595E-1,4.827259514E-1,-1.134915322E-1,8.229497730E-1
1.337980433E1,-7.479473211E-1,1.674935508E0,1.198848778E-1,1.838261825E0
1.338977433E1,-6.877186610E-1,1.871946622E0,1.097525302E0,2.276335411E0
1.339974433E1,-8.568237922E-1,1.859853996E0,-7.930256993E-1,2.195926605E0
1.340971433E1,3.379589783E-1,-1.724713440E0,2.837244451E-2,1.757742221E0
1.341968433E1,1.551831300E0,-2.262612256E-1,-6.198229855E-1,1.686284394E0
1.342965433E1,1.924582819E0,-7.179635301E-1,1.204173253E0,2.381076202E0
1.343962433E1,2.193827512E0,-1.015963952E0,3.449294148E0,4.212207500E0
1.344959433E1,5.980839879E-1,-1.314071378E0,-2.702331644E-1,1.468847850E0
1.345956433E1,8.496700162E-1,-1.365700538E0,3.709882915E-2,1.608867123E0
1.346953433E1,1.451031295E0,3.412873596E-2,-5.045176470E-1,1.536617925E0
1.347950433E1,1.986676887E0,-3.566930187E-1,6.204433751E-1,2.111649816E0
1.348947433E1,8.475675767E-1,-2.359436593E0,1.450773141E0,2.896559086E0
1.349944433E1,-3.676473387E-1,-2.384122953E0,3.003041666E0,3.851943155E0
1.350941433E1,-3.148897025E-1,-1.277652580E0,1.839143450E0,2.261415546E0
1.351938433E1,-4.075868548E-1,-8.889706144E-1,1.439321369E0,1.740126950E0
1.352935333E1,-6.021266432E-1,-6.757899025E-1,9.966982538E-1,1.346349099E0
1.353932333E1,-2.252314213E-1,-2.220027277E0,-8.691488457E-1,2.394717107E0
1.354929333E1,-4.847345430E-1,-1.662794935E0,2.166983968E-1,1.745512179E0
1.355926333E1,-8.934658807E-2,-5.976459584E-1,4.296803033E-1,7.414773546E-1
1.356923333E1,2.383312309E-1,-6.736202931E-1,-2.421425557E-1,7.544528430E-1
1.357920333E1,8.695197053E-1,-1.405703680E0,-8.332902110E-1,1.851064539E0
1.358917333E1,2.221888227E-1,-6.837087867E-1,-1.496462114E0,1.660188073E0
1.359914333E1,7.481946583E-1,-5.247004813E-1,-7.405598027E-1,1.176237503E0
1.360911333E1,-3.811942410E-2,1.349727407E-1,-2.078281707E-1,2.507255068E-1
1.361908333E1,2.316929966E-1,9.104909992E-1,8.688401127E-1,1.279671304E0
1.362905333E1,3.577423381E-1,1.060601597E0,4.958625984E-1,1.224228346E0
1.363902333E1,4.380577188E-1,5.700421304E-2,1.044648930E0,1.134211371E0
1.364899333E1,7.261459775E-1,-6.119947332E-1,-4.810130095E-1,1.064518224E0
1.365896333E1,1.095325287E0,-6.235792369E-2,-1.102154542E0,1.555111131E0
1.366893333E1,8.742999503E-1,-9.716768485E-1,-1.322040841E0,1.859125678E0
1.367890333E1,1.090508350E0,-6.238745213E-2,-1.916565263E-1,1.108978305E0
1.368887333E1,6.315000214E-1,-1.283346891E-2,4.580229270E-1,7.802191850E-1
1.369884233E1,1.624756165E0,3.717028213E-1,-7.510456145E-2,1.668423292E0
1.370881233E1,1.731590058E0,7.361477861E-1,7.688036084E-1,2.032578825E0
1.371878233E1,1.544597417E0,-1.782312900E0,9.076153386E-1,2.527090433E0
1.372875233E1,1.629698524E0,-6.503235242E-1,5.211161381E-1,1.830409789E0
1.373872233E1,3.162372665E-1,1.258354722E0,6.414266932E-1,1.447373766E0
1.374869233E1,5.627631509E-1,1.686448968E0,-8.873483044E-1,1.987007675E0
1.375866233E1,4.612243142E-1,2.157102174E-1,-3.792983544E-1,6.349220484E-1
1.376863233E1,6.249634921E-1,-3.438197887E-1,1.645739776E-1,7.320355235E-1
1.377860233E1,1.475612478E-1,1.975934967E-1,3.351641554E-1,4.161159969E-1
1.378857233E1,-3.387444055E-1,1.476810207E0,9.384371817E-1,1.782240305E0
1.379854233E1,-1.049352723E0,1.470618298E0,1.415500982E0,2.295103995E0
1.380851233E1,-4.717412259E-1,4.864003417E-1,-5.857337183E-1,8.956612447E-1
1.381848233E1,-2.881730616E-1,4.215795708E-1,-1.273590812E0,1.372154002E0
1.382845233E1,-3.383016251E-1,-2.608235326E-1,3.190422124E-1,5.331649257E-1
1.383842233E1,5.932367923E-1,-1.425940016E0,-8.312986493E-3,1.544442918E0
1.384839233E1,3.040610246E-1,-1.934642223E0,1.798398882E0,2.658859187E0
1.385836133E1,9.495715594E-2,-2.401369607E-1,1.568397485E0,1.589513540E0
1.386833133E1,-6.008593688E-1,-4.760504776E-1,1.677298368E0,1.844176199E0
1.387830133E1,-5.544557192E-1,2.846570760E-2,6.875156164E-3,5.552285195E-1
1.388827192E1,5.526341654E-1,-9.312389669E-1,-5.729838645E-1,1.225120828E0
1.389824192E1,-8.437501123E-2,-1.192443738E0,-3.792059684E-1,1.254128533E0
1.390821192E1,8.013996430E-2,-4.003825369E-1,-1.016164219E0,1.095133924E0
1.391818192E1,-1.654442443E-1,2.430395186E-3,5.878702909E-1,6.107120301E-1
1.392815192E1,-4.618543882E-1,-1.298064041E0,-1.791352987E-2,1.377897175E0
1.393812192E1,-2.133400302E-1,-1.119856695E0,2.231355965E-1,1.161629236E0
1.394809192E1,-1.010528600E-1,-2.156624456E0,1.251943835E0,2.495717150E0
1.395806192E1,-5.031385081E-1,-6.752569288E-2,1.214929790E0,1.316724145E0
1.396803192E1,-9.234971803E-2,1.036385353E0,5.542435384E-1,1.178901595E0
1.397800192E1,5.811731824E-1,-1.952358994E-1,1.216543622E0,1.362298686E0
1.398797192E1,9.725458910E-1,2.549038115E-1,2.143185800E-1,1.027985368E0
1.399794192E1,6.960725049E-1,-4.430637029E-1,-1.241940418E0,1.491052776E0
1.400791192E1,1.447037647E0,-8.787107974E-1,-6.328511667E-1,1.807360290E0
1.401788092E1,1.370551973E0,-3.003635743E-1,-2.486905602E0,2.855403730E0
1.402785092E1,3.480213055E-1,-5.495412076E-1,-1.079414721E0,1.260258111E0
1.403782092E1,8.287416619E-1,-3.285793135E-1,2.195103228E0,2.369230949E0
1.404779092E1,5.111054856E-1,7.640580082E-1,1.325559695E0,1.613109408E0
1.405776092E1,6.458460919E-1,1.737791907E0,1.292620575E-1,1.858425830E0
1.406773092E1,5.817609738E-1,-5.369699863E-1,2.215030539E-1,8.220986557E-1
1.407770092E1,-9.134918634E-2,-9.702811182E-1,-2.486112719E0,2.670308329E0
1.408767092E1,1.506768819E-1,-1.153221492E0,-3.053183295E0,3.267193224E0
1.409764092E1,-1.573294053E-1,-1.399551532E0,-1.233754901E0,1.872337627E0
1.410761092E1,-5.564674903E-1,1.220425004E-1,4.165883875E-1,7.057593954E-1
1.411758092E1,-1.063628554E0,-3.435227501E-1,1.982349363E0,2.275746598E0
1.412755092E1,-1.102691463E0,1.954332429E-1,1.991404946E0,2.284691724E0
1.413752092E1,-2.824885264E-1,9.397767788E-1,1.454596635E0,1.754659948E0
1.414749092E1,-6.586784644E-1,2.331060932E0,6.963414037E-1,2.520435228E0
1.415746092E1,-4.654432264E-1,1.081793368E0,8.773033726E-1,1.468528343E0
1.416743092E1,1.943225643E-1,1.015123123E0,-7.504655707E-1,1.277276315E0
1.417740092E1,-2.623962144E-1,-4.159387618E-2,5.723956347E-1,6.310456294E-1
1.418736992E1,-4.904162459E-1,1.068994105E0,-1.691488391E0,2.060191610E0
1.419733992E1,2.435768412E-1,-3.591687298E-1,-5.528051233E-1,7.027982345E-1
1.420730992E1,8.796124381E-1,-9.355311155E-2,-1.156051837E0,1.455653144E0
1.421727992E1,1.053400385E-1,-1.198173132E0,-5.472876906E-2,1.204039292E0
1.422724992E1,1.067518853E0,4.448514891E-1,-1.143635275E0,1.626465797E0
1.423721992E1,9.950592792E-1,-1.520281917E0,6.324851310E-1,1.923912035E0
1.424718992E1,4.986236537E-1,-4.704067451E-1,-1.952519792E-1,7.127632070E-1
1.425715992E1,4.840461796E-1,-1.863049499E0,1.042265605E0,2.188965905E0
1.426712992E1,3.462736458E-1,-2.319443977E0,1.077643014E0,2.580899119E0
1.427709992E1,-4.679462002E-1,-8.235458261E-1,-4.003734738E-1,1.028348332E0
1.428706992E1,-6.854743900E-2,-3.135931921E-1,-7.120528722E-1,7.810625675E-1
1.429703992E1,-7.485101156E-1,-3.350746930E-1,-1.193928346E0,1.448449978E0
1.430700992E1,-2.315396717E-1,6.351128697E-2,-2.068181226E0,2.082070577E0
1.431697992E1,-1.007403446E-1,-2.152903873E-1,-2.328080606E-1,3.327133315E-1
1.432694992E1,-1.724622552E-1,3.505268374E-1,6.181670541E-1,7.312611024E-1
1.433691992E1,5.149017904E-2,-1.247592629E0,2.790172026E0,3.056828183E0
1.434688892E1,-1.593248590E-1,-8.312480709E-1,2.511077406E0,2.649880659E0
1.435685892E1,3.479591788E-1,3.542310485E-1,3.061836004E-1,5.833554860E-1
1.436682892E1,9.054382740E-1,-7.964349183E-1,4.112592351E-1,1.274072685E0
1.437679892E1,4.179076655E-1,-2.069902354E0,-1.251894718E-1,2.115375848E0
1.438676892E1,6.516348354E-1,-6.194449630E-1,-1.068879207E0,1.396725736E0
1.439673892E1,-8.354735613E-2,-7.408775988E-1,-3.652024716E-1,8.302123960E-1
1.440670892E1,-5.545018757E-1,-2.154997761E0,3.297471778E0,3.978040700E0
1.441667892E1,-6.285003997E-1,-7.717786717E-1,6.351888835E-1,1.180728584E0
1.442664892E1,-1.995537941E-1,-2.301680428E-1,-8.667275137E-1,9.187032315E-1
1.443661892E1,-5.697698328E-1,-1.876467397E0,2.244331521E0,2.980401237E0
1.444658892E1,-4.145766164E-1,-9.549421173E-1,1.370808374E0,1.721308751E0
1.445655892E1,-4.004085936E-1,-4.178125021E-1,-6.111556578E-1,8.416683235E-1
1.446652892E1,-5.007893070E-2,-3.900010979E-1,3.953565627E-1,5.575980339E-1
1.447649892E1,2.327698162E-1,-8.162569794E-1,4.170994341E-1,9.457426615E-1
1.448646892E1,-7.106472746E-1,-3.495383656E-1,6.646886712E-1,1.033928260E0
1.449643892E1,-8.601110237E-1,4.473564363E-1,-1.347613639E0,1.660114837E0
1.450640792E1,-4.016822451E-2,9.736496991E-1,-1.866559875E0,2.105624133E0
1.451637792E1,2.568420721E-1,4.854861295E-1,-2.665989445E0,2.721978022E0
1.452634792E1,3.609435790E-1,2.856549034E-1,-2.008168913E0,2.060247892E0
1.453631792E1,-5.108786137E-1,7.713547486E-1,2.925057936E-1,9.703322861E-1
1.454628792E1,-1.080557851E0,1.137866119E0,2.648706830E-1,1.591383378E0
1.455625792E1,-6.935102550E-1,1.014951507E0,9.982617992E-1,1.583543386E0
1.456622792E1,-7.625372205E-1,5.420222729E-1,-1.594646806E-1,9.490416963E-1
1.457619792E1,-2.796398361E-1,1.019507950E0,-9.576026005E-1,1.426393227E0
1.458616792E1,-1.004140517E0,3.269224757E0,-1.090693415E0,3.589671407E0
1.459613792E1,-1.626633122E0,1.198375738E0,1.162619430E-1,2.023748147E0
1.460610792E1,-1.097032601E0,-4.042443305E-2,-5.858383834E-1,1.244315584E0
1.461607792E1,-1.811707584E0,5.383794576E-1,-2.101371776E0,2.826287344E0
1.462604792E1,-2.328186880E0,-7.317147195E-2,-1.836719195E0,2.966369095E0
1.463601792E1,-1.069253722E0,-2.162530729E0,4.228473641E0,4.868247324E0
1.464598792E1,-2.642597074E0,-2.881934720E-1,3.284171702E0,4.225181480E0
1.465595792E1,-2.149851041E0,7.601947528E-1,1.899769721E0,2.967975835E0
1.466592692E1,-1.228375609E0,2.828868315E-1,1.361977324E0,1.855778496E0
1.467589692E1,-8.455548189E-1,-4.133811897E-1,1.021149555E0,1.388738051E0
1.468586692E1,-4.034658834E-1,-1.707161853E0,8.202667075E-1,1.936497814E0
1.469583692E1,-2.918520749E-2,-3.316032010E-1,-1.858069133E0,1.887652871E0
1.470580692E1,-1.276026177E0,-3.822748795E-1,-8.739692903E-1,1.593172687E0
1.471577692E1,-1.080750152E0,-1.370217805E0,-2.676463562E-1,1.765545891E0
1.472574692E1,-1.744030448E0,-1.594345089E0,3.226739180E-1,2.384889290E0
1.473571692E1,-1.070168811E0,-1.747088688E0,-9.045876503E-2,2.050795688E0
1.474568692E1,-7.714208221E-1,-4.547549182E-1,-5.985133928E-1,1.077084213E0
1.475565692E1,-3.295673467E-1,-1.263523953E0,1.025971754E0,1.660640074E0
1.476562692E1,-1.143283565E0,-1.176558022E0,1.408580217E0,2.162286826E0
1.477559692E1,-4.766963757E-1,-9.686503297E-1,-4.101079184E-1,1.154864235E0
1.478556692E1,-1.701884741E-1,-4.280889836E-1,1.630887848E-1,4.886944304E-1
1.479553692E1,-2.775124363E-1,-1.980910948E-1,8.061234623E-1,8.752646860E-1
1.480550692E1,6.160421759E-2,-1.263081027E0,9.428325337E-1,1.577371848E0
1.481547692E1,-4.844560694E-1,-1.581940514E0,-2.364019348E0,2.885449870E0
1.482544592E1,-1.818624986E0,3.770006910E-1,-3.130909163E0,3.640345938E0
1.483541592E1,-4.198669944E-1,5.086241466E-1,1.021175283E-1,6.673940403E-1
1.484538592E1,-5.620880898E-1,3.504993555E-1,3.386527212E0,3.450704185E0
1.485535592E1,-1.084881282E0,7.178919017E-2,2.827655017E0,3.029480811E0
1.486532592E1,-1.969035253E-1,5.552381498E-1,1.850958334E0,1.942448753E0
1.487529592E1,-1.193433452E0,2.827520531E-1,-1.212931797E0,1.724945122E0
1.488526521E1,-1.035779508E0,-1.010298877E0,-6.936358970E-1,1.604579001E0
1.489523521E1,-3.794677775E-1,-2.595947403E-1,-1.167381402E0,1.254657149E0
1.490520521E1,-1.540177653E0,-1.963284516E-1,-1.018058717E-1,1.555974453E0
1.491517521E1,-4.893499331E-1,1.016057508E0,1.419939018E0,1.813301694E0
1.492514521E1,-1.756551675E0,1.939230825E0,1.995982146E-1,2.624105453E0
1.493511521E1,-1.717749991E0,1.500395536E0,-1.621687839E0,2.798521618E0
1.494508521E1,-3.887692723E-1,1.691262396E0,-3.234655141E0,3.670763397E0
1.495505521E1,-2.227066594E0,7.477524626E-1,-8.429983431E-1,2.495917780E0
1.496502521E1,-3.374158085E-1,-7.629713032E-1,2.286253719E0,2.433707193E0
1.497499521E1,-5.931900146E-1,2.971440974E-1,2.757110699E0,2.835811774E0
1.498496521E1,-1.886411465E0,2.243975426E0,2.510162902E-1,2.942275158E0
1.499493421E1,-4.631415065E-2,3.902136442E-1,-9.844483370E-1,1.059976517E0
1.500490421E1,-1.208004421E0,-6.911683720E-1,-1.005129939E0,1.716762824E0
1.501487421E1,-4.543270848E-1,-1.598511815E-1,-1.282303748E0,1.369769471E0
1.502484421E1,8.950705759E-1,-1.280637292E0,9.513425714E-1,1.829271958E0
1.503481421E1,-6.070741551E-1,8.142674643E-1,-6.479241192E-1,1.204730757E0
1.504478421E1,-3.076545406E-1,-1.423173406E0,2.486608563E0,2.881544031E0
1.505475421E1,4.360850510E-1,-2.379561247E0,1.418188362E0,2.804236105E0
1.506472421E1,-1.240377165E0,-2.335127378E0,1.040278137E0,2.841396485E0
1.507469421E1,-6.861869828E-1,-2.280091923E0,8.928534579E-1,2.543001976E0
1.508466421E1,-3.035422304E-1,7.751428673E-1,-5.587534958E-1,1.002591552E0
1.509463421E1,-7.394457619E-1,-1.204262423E0,1.292943926E0,1.915393436E0
1.510460421E1,8.330878973E-1,-1.045048295E0,-1.135616988E-1,1.341289545E0
1.511457421E1,-5.570905477E-2,-8.043137491E-1,4.338622320E-1,9.155656951E-1
1.512454421E1,-1.305391260E-1,-7.006391072E-1,3.707280904E-1,8.033523131E-1
1.513451421E1,2.929606704E-1,-5.977316201E-2,1.492094829E0,1.521757459E0
1.514448421E1,-1.318148057E-1,2.498924553E-1,-1.482240517E0,1.508926218E0
1.515445321E1,1.265864448E-1,2.545439154E-1,-4.917911822E-1,5.680451564E-1
1.516442321E1,1.046956205E-1,1.789192441E-1,2.043829912E-1,2.911111059E-1
1.517439321E1,-3.749360391E-1,-1.674852770E0,1.601307369E0,2.347316367E0
1.518436321E1,-6.119361514E-2,-1.054944123E0,-2.138730222E-1,1.078143511E0
1.519433321E1,4.762191698E-1,3.044320670E-1,5.664548635E-2,5.680425092E-1
1.520430321E1,-1.155005807E-1,-3.824061495E-1,1.875624813E0,1.917692178E0
1.521427321E1,3.976651166E-2,-5.624085903E-2,2.652951908E-1,2.740911307E-1
1.522424321E1,1.151548823E-1,-2.911001229E-1,-4.083742189E-1,5.145575101E-1
1.523421321E1,-1.823883789E-1,-7.049929440E-2,-1.672237018E0,1.683630695E0
1.524418321E1,-4.479462376E-1,-1.813532353E0,-3.072898936E-1,1.893140911E0
1.525415321E1,3.961958940E-1,-1.571884764E0,9.473717272E-1,1.877579849E0
1.526412321E1,-6.582070327E-1,-7.953654626E-1,-4.329839802E-1,1.119516790E0
1.527409321E1,-7.122715580E-1,1.838867462E-1,-2.432406628E-1,7.747974754E-1
1.528406321E1,3.025577785E-1,8.442876542E-1,-3.119764370E-1,9.495747204E-1
1.529403321E1,-3.797639024E-1,-1.506502953E0,1.408205996E0,2.096858578E0
1.530400321E1,-3.359239645E-1,-6.437322503E-1,6.565832609E-1,9.789472399E-1
1.531397221E1,-3.517598690E-1,2.623847392E-1,2.883817524E-1,5.251140752E-1
1.532394221E1,7.997711934E-4,1.365856074E0,3.661619997E-1,1.414085593E0
1.533391221E1,6.159440888E-1,-3.227028617E-1,-1.169804488E0,1.360869868E0
1.534388221E1,-4.776930336E-2,-2.588468814E-1,7.361059785E-2,2.733169121E-1
1.535385221E1,3.809537742E-1,1.460929754E0,-9.077486551E-1,1.761660906E0
1.536382221E1,6.973424470E-1,2.555562146E0,-9.225415260E-1,2.805043179E0
1.537379221E1,7.656481585E-1,1.706018430E0,7.564326543E-1,2.017153030E0
1.538376221E1,3.535562433E-1,1.244376661E0,-1.717169947E0,2.149918119E0
1.539373221E1,-4.089251728E-1,1.210254065E0,-1.879543617E0,2.272579791E0
1.540370221E1,-8.471826106E-1,1.916068250E-1,5.456300050E-1,1.025740539E0
1.541367221E1,-1.216422585E0,1.672239357E-1,3.956161791E-1,1.290023221E0
1.542364221E1,-1.322478797E0,-1.730783727E0,1.377907478E0,2.577438942E0
1.543361221E1,-1.223710189E0,1.881349822E0,2.091408706E-1,2.254037197E0
1.544358221E1,-3.150490757E-1,-3.379485995E-2,1.375584379E0,1.411605610E0
1.545355221E1,-3.596086597E-1,-1.345482329E0,1.281733060E0,1.892744230E0
1.546352221E1,-4.031271103E-1,-3.939976698E-1,1.732758039E-1,5.897203872E-1
1.547349121E1,-8.603827000E-2,-1.857136210E0,-1.936837560E0,2.684715482E0
1.548346121E1,-1.471959613E-1,-1.274100689E0,-1.450163861E0,1.935968605E0
1.549343121E1,1.009284787E-1,-1.561620270E0,4.917426503E-1,1.640321694E0
1.550340121E1,-2.213982791E-1,-2.200046172E0,2.549682478E0,3.374922384E0
1.551337121E1,8.852794133E-1,-1.348268527E0,2.000879189E0,2.570032138E0
1.552334121E1,-1.868119072E-1,-1.834493744E-1,-7.229614377E-2,2.716230735E-1
1.553331121E1,-2.576248681E-1,2.483274481E-1,-1.448513192E-1,3.860297901E-1
1.554328121E1,-3.792384204E-1,-1.442485590E0,4.756984752E-1,1.565527226E0
1.555325121E1,-6.934268591E-1,-1.478771071E0,4.509431183E-2,1.633902747E0
1.556322121E1,5.014541446E-1,5.466903976E-1,-1.214215845E0,1.422900829E0
1.557319121E1,-4.937790893E-1,-6.970819536E-1,-8.891919315E-2,8.588641697E-1
1.558316121E1,-1.646151456E-1,-6.147657287E-1,1.474587681E0,1.606064717E0
1.559313121E1,-4.520319430E-1,-7.779480690E-1,9.222345471E-1,1.288430299E0
1.560310121E1,7.357485674E-1,1.209830726E0,3.595178086E-1,1.460913890E0
1.561307121E1,6.279964428E-1,1.846040826E0,1.307233937E0,2.347574669E0
1.562304121E1,5.396191404E-1,-2.876125512E-1,1.249622490E0,1.391210324E0
1.563301021E1,2.952163252E-1,3.411867875E-1,-1.192510981E0,1.275007271E0
1.564298021E1,6.164784513E-1,-6.712428153E-2,2.483832890E-1,6.680161737E-1
1.565295021E1,-1.215005731E-1,1.336786057E0,-1.314886188E0,1.879011719E0
1.566292021E1,2.781403542E-2,-2.093894942E0,-8.276458937E-1,2.251703216E0
1.567289021E1,8.924768972E-1,-1.844880446E0,-1.298609878E0,2.426208253E0
1.568286021E1,-2.739852131E-1,3.691054881E-2,-1.088510649E0,1.123069775E0
1.569283021E1,3.414362443E-1,7.189189652E-1,-9.610425174E-2,8.016602863E-1
1.570280021E1,-1.052496077E-2,7.740915379E-1,-1.236932863E0,1.459222872E0
1.571277021E1,-7.773924373E-1,-1.285115674E0,-2.169833901E0,2.638946846E0
1.572274021E1,1.030311119E0,-1.747363214E0,2.043175024E0,2.879128928E0
1.573271021E1,1.033505965E0,6.757656366E-2,1.117977692E0,1.523999768E0
1.574268021E1,-1.433528825E0,1.778416900E0,1.524551554E0,2.746275478E0
1.575265021E1,-1.163092689E-1,3.517714173E-1,2.066556870E0,2.099506673E0
1.576262021E1,-3.243036466E-1,4.415393338E-1,5.160056716E-1,7.525899891E-1
1.577259021E1,-2.227367141E0,2.518459809E0,-1.450452713E0,3.661641334E0
1.578256021E1,-6.340305501E-1,2.972360156E0,-1.159590572E0,3.252932513E0
1.579252921E1,-1.510821122E0,5.480314565E-1,-5.771213543E-1,1.707626422E0
1.580249921E1,-6.307333052E-1,-8.007814461E-1,-1.334834549E0,1.679541217E0
1.581246921E1,-2.986520212E-1,-3.042762387E-1,9.128404105E-1,1.007499218E0
1.582243921E1,4.312415099E-1,2.822070926E-2,2.370433159E0,2.409505968E0
1.583240921E1,-4.627611634E-2,-4.249089754E-1,2.028859286E0,2.073393141E0
1.584237921E1,-2.418086797E-1,-1.602742860E0,2.120219107E0,2.668817186E0
1.585234921E1,-8.235372928E-2,-1.774889275E0,2.827690101E-1,1.799158800E0
1.586231921E1,5.425446120E-1,-1.022827414E0,-5.039346796E-1,1.262727499E0
1.587228921E1,1.477055918E-1,-1.962632552E-1,7.481898344E-1,7.874796730E-1
1.588225921E1,5.816040857E-2,-1.452022106E0,-1.818320346E-1,1.464518255E0
1.589222967E1,-5.731839855E-1,-1.678702285E0,-1.050659868E0,2.061666171E0
1.590219967E1,-3.360632744E-1,3.337295410E-1,-8.377118754E-1,9.623279676E-1
1.591216967E1,-6.977190808E-1,9.621590433E-1,-3.103561735E-1,1.228365945E0
1.592213967E1,-9.345945378E-1,-7.754761586E-1,7.294962859E-1,1.416684529E0
1.593210967E1,-7.462822533E-1,-1.819671053E-1,3.643984795E-2,7.690104626E-1
1.594207867E1,-3.598943327E-1,-6.023354253E-1,-1.458465153E-1,7.166610784E-1
1.595204867E1,-6.620196366E-1,-9.471331608E-1,-5.463667542E-1,1.278220581E0
1.596201867E1,3.851693244E-1,-9.052530634E-1,4.779864907E-1,1.093759390E0
1.597198867E1,-1.870489935E-1,-5.902629715E-1,-8.540887570E-1,1.054924313E0
1.598195867E1,-2.363559501E-1,-1.041670359E0,3.493231881E-1,1.123818473E0
1.599192867E1,-9.012766644E-1,-6.818408936E-2,-2.772036302E-1,9.454049653E-1
1.600189867E1,-1.761235880E0,5.608289650E-1,1.591366518E-1,1.855210346E0
1.601186867E1,-1.749329633E0,-1.135124652E0,2.953335071E-1,2.106153846E0
1.602183867E1,-1.427344079E0,-1.497003567E0,-1.013731778E-1,2.070895294E0
1.603180867E1,-2.368544508E0,-1.166104955E0,-2.913918990E-1,2.656070988E0
1.604177867E1,-1.369191034E0,-1.780368993E0,1.880559863E0,2.929317879E0
1.605174867E1,-8.258002932E-1,-1.026216168E0,9.005659354E-1,1.595645559E0
1.606171867E1,-6.950594017E-1,-3.742472371E-1,6.434790659E-1,1.018446795E0
1.607168867E1,-2.439222837E-1,3.926168498E-1,-3.454827368E-1,5.770653279E-1
1.608165867E1,2.001805059E-1,5.873118818E-2,2.173468530E-2,2.097474290E-1
1.609162767E1,-5.391701839E-1,-6.871077731E-1,7.947851264E-1,1.180891602E0
1.610159767E1,-6.124940123E-1,1.292363298E-1,1.199713581E0,1.353204944E0
1.611156767E1,-7.514821091E-1,2.423700124E-2,5.935029137E-1,9.578927399E-1
1.612153767E1,2.310427132E-1,8.309811455E-1,-4.332108521E-1,9.651849781E-1
1.613150767E1,3.037846523E-1,1.106917684E0,-1.457030246E0,1.854855523E0
1.614147767E1,7.469845039E-1,-3.648723963E-1,-1.008303807E0,1.306826034E0
1.615144767E1,6.713108622E-1,1.034864784E0,-9.847114617E-1,1.578372598E0
1.616141767E1,9.905689465E-2,1.040335732E0,-3.788258994E-1,1.111584349E0
1.617138767E1,1.249385532E-2,1.112610533E0,1.721244872E-1,1.125915243E0
1.618135767E1,5.392815733E-2,6.602292922E-1,-9.882963896E-3,6.625018018E-1
1.619132767E1,2.531415521E-1,1.045178688E0,-5.878065562E-1,1.225559335E0
1.620129767E1,7.598556874E-1,7.406232449E-1,-5.255676234E-1,1.184113501E0
1.621126767E1,-3.121531691E-1,6.624772543E-1,3.263833916E-1,8.017741775E-1
1.622123767E1,-1.314361985E-1,5.764945328E-1,4.245172119E-1,7.278985395E-1
1.623120767E1,-5.884623580E-1,6.798411459E-1,4.112609893E-1,9.887403763E-1
1.624117667E1,-6.934797764E-3,1.163356179E-1,3.771278679E-2,1.224921291E-1
1.625114667E1,-2.816603232E-1,9.693894178E-2,-3.954314071E-1,4.950714027E-1
1.626111667E1,5.223418241E-2,-6.721549809E-1,-1.228486560E0,1.401320790E0
1.627108667E1,-2.861124480E-1,-2.237708965E0,1.288628681E0,2.598031105E0
1.628105667E1,-2.951636454E-1,-5.296992660E-1,1.880029521E0,1.975402210E0
1.629102667E1,-3.485267973E-1,7.803606302E-1,-1.454722350E0,1.687202050E0
1.630099667E1,-5.212636707E-1,-4.819275141E-2,-1.559499777E0,1.645016082E0
1.631096667E1,-4.620915659E-1,-2.031398147E0,-1.429087572E0,2.526340898E0
1.632093667E1,-6.551275235E-3,-2.285744134E0,-3.048095047E-1,2.305987424E0
1.633090667E1,-5.231426734E-1,-1.779184639E0,2.245061839E0,2.911954480E0
1.634087667E1,-6.938816263E-1,-4.606766859E-1,4.470412713E0,4.547338183E0
1.635084667E1,-9.396225585E-1,-1.908183280E-1,5.418817644E0,5.502988901E0
1.636081667E1,-6.966069404E-1,-9.440417379E-2,4.347562128E0,4.404028818E0
1.637078667E1,-6.404969128E-1,4.757937849E-1,2.698398222E0,2.813888588E0
1.638075667E1,-9.152804536E-1,7.541469777E-1,3.574297678E-1,1.238641196E0
1.639072567E1,-5.722954280E-1,6.967232269E-1,-2.251640541E0,2.425454687E0
1.640069567E1,8.015512138E-2,-4.756511128E-1,-4.540384589E0,4.565934848E0
1.641066567E1,-1.401905950E-1,-2.338909650E-1,-6.965740060E0,6.971075453E0
1.642063567E1,-7.192498445E-1,-6.230693597E-1,-9.160835686E0,9.210127374E0
1.643060567E1,-6.921613023E-1,-3.129499984E0,-7.093477748E0,7.783976103E0
1.644057567E1,-4.199744735E-1,-4.882023658E0,-3.148164296E0,5.824214281E0
1.645054567E1,2.580763097E-1,-5.096902109E0,3.359790818E0,6.110090739E0
1.646051567E1,1.125602316E0,-4.804648331E-1,1.444646311E1,1.449821104E1
1.647048567E1,1.327821837E0,3.858029140E0,9.499760186E0,1.033890436E1
1.648045567E1,-5.413579196E-1,2.601040620E0,-1.335003533E0,2.973334010E0
1.649042567E1,-6.850940651E-1,-1.978122118E0,-4.845508674E0,5.278378094E0
1.650039567E1,-1.168434559E0,-2.212188208E0,-3.056844821E0,3.950103321E0
1.651036567E1,6.458309622E-1,2.963937242E0,-1.985532587E0,3.625515310E0
1.652033567E1,1.121721592E0,2.903898909E0,-1.436238717E0,3.428362562E0
1.653030467E1,4.838427330E-1,1.137943887E0,-4.853656769E-1,1.328382445E0
1.654027467E1,1.189823601E0,1.803032801E-1,7.460637867E-1,1.415909830E0
1.655024467E1,7.891480451E-1,1.194096161E0,-3.579664253E0,3.855206407E0
1.656021467E1,1.337383569E-1,-1.223783937E0,8.222647011E-2,1.233812897E0
1.657018467E1,-1.081563134E0,-5.689312763E0,8.362119477E0,1.017168131E1
1.658015467E1,-2.424192752E-1,-2.030462885E0,8.530781828E0,8.772444655E0
1.659012467E1,8.313884772E-1,5.246607202E0,2.071843922E-1,5.316109415E0
1.660009467E1,9.377152698E-1,3.979594508E0,-3.900821988E0,5.650919797E0
1.661006467E1,3.898929610E-1,-1.892935495E0,-5.422884967E0,5.756987291E0
1.662003467E1,1.139196946E-1,-2.709921623E0,-6.462152705E0,7.008285844E0
1.663000467E1,1.373251048E0,1.989906889E-1,-4.220529029E0,4.442778525E0
1.663997467E1,2.108922725E0,4.297677484E0,-8.697587103E-1,4.865600377E0
1.664994467E1,1.854090103E0,4.698478974E0,6.251690948E-1,5.089616015E0
1.665991467E1,2.176622518E0,2.042744961E0,3.080064699E0,4.289206350E0
1.666988367E1,2.504001691E0,4.876662639E-1,3.498254054E0,4.329621725E0
1.667985367E1,2.619679789E0,9.158920723E-1,-1.143979676E0,3.001711176E0
1.668982367E1,1.038397599E0,-6.483006799E-1,-4.613500512E0,4.773148890E0
1.669979367E1,2.128365301E-1,-3.990812683E0,-4.125766713E0,5.744026134E0
1.670976367E1,-3.545948915E-2,-4.432116959E0,-2.951483257E0,5.325051317E0
1.671973367E1,1.205528272E0,-9.636433589E-1,-1.512125051E0,2.160654787E0
1.672970367E1,1.951408383E0,1.652779824E-1,5.071260899E-1,2.022989955E0
1.673967367E1,1.620957229E0,-3.775208008E0,2.442829875E0,4.779865651E0
1.674964367E1,4.234887598E-1,-2.795621924E0,3.407809322E0,4.428093162E0
1.675961367E1,6.279264955E-1,5.278860444E-1,7.063310208E0,7.110788034E0
1.676958367E1,2.494124574E0,3.424920322E0,9.095286060E0,1.003369150E1
1.677955367E1,2.748499797E0,3.015397418E-1,7.942747815E0,8.410256845E0
1.678952367E1,1.282171309E0,-3.249949703E0,2.383732651E0,4.229458321E0
1.679949367E1,4.174010774E-1,-3.542845213E0,-1.247757229E0,3.779268972E0
1.680946267E1,3.072413617E-1,-7.798922682E-1,-2.384145464E0,2.527207708E0
1.681943267E1,2.566687936E-1,1.927063062E0,-2.793461670E0,3.403362898E0
1.682940267E1,1.810713118E-1,3.245619839E-1,-3.912559104E0,3.930171249E0
1.683937267E1,4.877612811E-1,-1.599931811E0,-4.274432171E0,4.590039570E0
1.684934267E1,1.041762014E0,-8.789660284E-1,-1.351389771E0,1.919401908E0
1.685931267E1,7.163915793E-1,-4.715489987E-1,4.064081511E0,4.153592889E0
1.686928267E1,2.357954031E-1,-1.699171048E0,7.198588466E0,7.400166054E0
1.687925267E1,-1.649427176E-1,-1.686597780E0,5.843068807E0,6.083853323E0
1.688922304E1,1.481041984E-1,1.581113425E0,1.392298645E0,2.111954079E0
1.689919304E1,8.160029179E-1,4.125357116E0,-2.704046048E0,4.999629699E0
1.690916304E1,2.340115638E0,2.666646672E0,-6.736016990E0,7.613216834E0
1.691913304E1,7.205333083E-1,-4.873627934E-1,-1.198909940E1,1.202061542E1
1.692910304E1,-1.194282103E-1,-3.030291445E0,-7.517336563E0,8.106002612E0
1.693907304E1,-4.242539410E-1,-1.875006763E0,5.109986424E0,5.459633964E0
1.694904204E1,-5.196666133E-1,3.684197266E0,1.108547888E1,1.169321191E1
1.695901204E1,1.031276714E0,5.581835092E0,8.081920318E0,9.876125287E0
1.696898204E1,1.997849162E0,7.790982163E-1,4.026018476E-1,2.181853238E0
1.697895204E1,1.439730820E0,-2.782170696E0,-5.197557249E0,6.068599507E0
1.698892204E1,2.106426110E0,-9.759719208E-1,-6.239352154E0,6.657256750E0
1.699889204E1,2.016925996E0,1.697023658E0,-4.826661928E0,5.499504081E0
1.700886204E1,4.554207699E-1,-2.805347890E-1,-2.312832237E0,2.373878852E0
1.701883204E1,1.338444181E0,-3.861301242E0,1.743118721E0,4.442920547E0
1.702880204E1,8.897322142E-1,-1.195480197E0,4.363937840E0,4.611371790E0
1.703877204E1,-4.937030024E-1,2.646678723E0,4.067193984E0,4.877572944E0
1.704874204E1,-9.010193139E-1,2.488805070E0,2.623369675E0,3.726668073E0
1.705871204E1,-1.431207919E0,-7.791569808E-1,1.979023467E0,2.563586470E0
1.706868204E1,-3.291455067E-1,-8.272582233E-2,2.567455090E0,2.589788788E0
1.707865204E1,-2.028993333E-1,1.933437404E-1,2.171293951E0,2.189307507E0
1.708862104E1,-1.041226482E-1,-8.572827986E-1,7.023827469E-1,1.113156254E0
1.709859104E1,-8.549835272E-3,-4.045633546E0,-1.165461761E0,4.210169237E0
1.710856104E1,-2.464344120E-1,-2.194115926E0,-2.680604560E0,3.472825280E0
1.711853104E1,-7.429445896E-1,1.777910531E0,-1.972669297E0,2.757599803E0
1.712850104E1,-5.879733846E-1,4.240380326E0,1.006081281E0,4.397583149E0
1.713847104E1,-8.775970490E-1,1.250501327E0,3.328136331E0,3.662024248E0
1.714844104E1,4.139196086E-1,-2.048362381E0,2.181199719E0,3.020720129E0
1.715841104E1,1.067742143E-1,-1.373762972E0,-4.624247110E-1,1.453431130E0
1.716838104E1,-1.393486873E-1,6.521911249E-1,-2.570978622E0,2.656068974E0
1.717835104E1,-4.462923892E-2,-7.904970708E-1,-4.186641490E0,4.260850192E0
1.718832104E1,7.146357335E-2,-4.161014606E0,-5.455936938E0,6.861952890E0
1.719829104E1,2.032171660E-1,-4.070946143E0,-5.274758622E0,6.666106677E0
1.720826104E1,7.095527489E-1,1.162587270E-1,-2.114816279E0,2.233703000E0
1.721823104E1,-2.266947236E-2,2.452132795E0,1.573961111E0,2.913901633E0
1.722820004E1,8.035904485E-1,1.551332678E0,3.736701170E0,4.124963796E0
1.723817004E1,1.973901598E0,-9.136882567E-1,3.651026596E0,4.249836345E0
1.724814004E1,1.380273846E0,-4.441737968E-1,1.491342877E0,2.080036017E0
1.725811004E1,1.690668319E-1,4.883272916E-2,-2.585638762E-1,3.127674969E-1
1.726808004E1,3.299901370E-1,-2.244869173E0,-9.402205825E-1,2.456083435E0
1.727805004E1,9.234357845E-1,-3.917051227E0,2.098817128E-1,4.029897554E0
1.728802004E1,1.275263116E0,-2.290961897E0,2.428602430E0,3.573921122E0
1.729799004E1,9.796167096E-1,1.228499716E0,2.443428630E0,2.905030795E0
1.730796004E1,4.469822510E-1,2.014395905E0,6.404233110E-1,2.160492077E0
1.731793004E1,5.069506735E-1,-4.380476689E-1,-7.921556336E-1,1.037494720E0
1.732790004E1,2.971901442E-1,-1.729259650E0,-4.500689596E-1,1.811414637E0
1.733787004E1,4.090536654E-1,-6.290265030E-1,2.243884209E0,2.366012592E0
1.734784004E1,5.604165901E-1,7.449373206E-1,2.898216292E0,3.044446755E0
1.735780904E1,6.331457202E-1,9.094408393E-1,1.812311747E0,2.124248105E0
1.736777904E1,4.134764262E-1,4.035803792E-1,-9.540112406E-1,1.115337314E0
1.737774904E1,2.926195219E-2,1.261019006E0,-2.890027267E0,3.153297131E0
1.738771904E1,1.556346081E-1,2.237201134E0,-3.174774390E0,3.886963271E0
1.739768904E1,5.017383923E-1,2.245847704E0,-3.157856641E0,3.907381718E0
1.740765904E1,5.185090108E-1,1.028789527E0,-2.399600825E0,2.661830874E0
1.741762904E1,9.861635446E-1,7.933861801E-1,-1.168021672E0,1.722281857E0
1.742759904E1,1.494955287E0,1.340513949E0,9.877356416E-1,2.237742312E0
1.743756904E1,9.602392562E-1,1.592648227E0,1.199432330E0,2.212967627E0
1.744753904E1,1.137294481E0,9.101562461E-1,1.499992079E-1,1.464350672E0
1.745750904E1,1.095639648E0,2.147445497E-1,-1.263897883E0,1.686410186E0
1.746747904E1,1.204227412E0,4.519716436E-1,-8.400086617E-1,1.536247564E0
1.747744904E1,1.604097660E0,9.855420586E-1,6.491491109E-1,1.991435919E0
1.748741904E1,2.023043937E0,-5.823742005E-1,2.637620509E0,3.374745684E0
1.749738804E1,1.547162883E0,-1.925158331E0,1.579459248E0,2.931661492E0
1.750735804E1,1.551662754E0,-2.407170338E0,9.119580656E-1,3.005627031E0
1.751732804E1,8.582789449E-1,-5.297744027E-1,1.784189563E0,2.049545331E0
1.752729804E1,1.496826981E0,1.301230308E0,2.245844196E0,2.996248901E0
1.753726804E1,1.892499878E0,1.422148097E0,1.923348033E-1,2.375090245E0
1.754723804E1,1.574962008E0,-3.407406449E-1,-1.999857096E0,2.568275281E0
1.755720804E1,8.592462205E-1,-2.460892509E0,-2.435595115E0,3.567410766E0
1.756717804E1,9.015622278E-1,-3.429059858E0,-8.974710041E-1,3.657419878E0
1.757714804E1,1.043174920E0,-2.631402287E0,1.943685819E0,3.433716132E0
1.758711804E1,1.031181112E0,-1.549465955E0,4.508838860E0,4.877889615E0
1.759708804E1,7.220139695E-1,-5.397094068E-1,4.429496237E0,4.520290624E0
1.760705804E1,6.829933067E-1,3.880209383E-1,2.711109484E0,2.822614877E0
1.761702804E1,9.340998633E-1,6.478203312E-1,8.687757933E-1,1.430728875E0
1.762699704E1,8.684066147E-1,3.725518370E-1,-1.845816293E0,2.073635143E0
1.763696704E1,5.697428260E-1,-1.215469489E0,-2.675360777E0,2.993247109E0
1.764693704E1,1.236194213E-1,-2.420321895E0,-1.839102520E0,3.042291557E0
1.765690704E1,-1.811476180E-1,-1.573952340E0,1.260952055E-1,1.589352204E0
1.766687704E1,3.541196591E-1,2.355123979E-1,1.461163643E0,1.521796969E0
1.767684704E1,7.673498444E-1,8.543290776E-1,1.663143429E0,2.021076451E0
1.768681704E1,7.321064830E-1,8.003610313E-2,3.381731325E-1,8.103991287E-1
1.769678704E1,1.155446870E0,-4.735104471E-1,-2.100281271E0,2.443450640E0
1.770675704E1,9.558739442E-1,-6.213070089E-1,-2.216789382E0,2.492764040E0
1.771672704E1,1.096962215E0,-1.855474139E0,5.156992775E-1,2.216315890E0
1.772669704E1,9.643179815E-1,-2.562917066E0,2.411632056E0,3.648893288E0
1.773666704E1,9.821497965E-1,-1.172236930E0,2.487631241E0,2.920114182E0
1.774663704E1,1.024473698E0,4.810220727E-1,7.602427000E-1,1.363413934E0
1.775660704E1,1.198219325E0,1.520944114E0,-7.481740469E-1,2.075756477E0
1.776657604E1,1.420371712E0,1.658930217E0,-7.305142862E-1,2.302858309E0
1.777654604E1,1.137760943E0,1.785709255E0,3.125699294E-1,2.140317141E0
1.778651604E1,1.112093201E0,1.635581993E0,1.321901677E0,2.378929126E0
1.779648604E1,1.012260837E0,1.681543447E0,4.385493600E-1,2.011115588E0
1.780645604E1,1.222074649E0,1.113821199E0,-1.970728022E0,2.572514927E0
1.781642604E1,8.075906749E-1,2.239352033E-1,-2.962967774E0,3.079208941E0
1.782639604E1,6.510801539E-1,1.308077690E-1,-1.177846749E0,1.352160864E0
1.783636604E1,7.981226441E-1,4.856594995E-1,1.696546817E0,1.936784967E0
1.784633604E1,7.684233201E-1,1.561669094E0,2.306376911E0,2.889404647E0
1.785630604E1,6.653157120E-1,1.419196130E0,8.261706412E-1,1.771812795E0
1.786627604E1,5.476133806E-1,2.414487836E-1,9.418811917E-2,6.058459635E-1
1.787624604E1,5.019783840E-1,-1.788382602E0,-7.027973145E-1,1.986005713E0
1.788621604E1,7.828999297E-1,-2.117454835E0,-1.441228731E0,2.678374047E0
1.789618504E1,9.013743860E-1,-1.530187100E0,-1.810044197E0,2.535785547E0
1.790615504E1,8.674418242E-1,-1.246964346E0,-7.405101013E-1,1.689890709E0
1.791612504E1,7.059927448E-1,-1.469633627E0,1.278272093E0,2.071769364E0
1.792609504E1,7.758978159E-1,-9.705419040E-1,3.651963320E0,3.857564659E0
1.793606504E1,9.816754411E-1,-6.972190708E-1,3.181457757E0,3.401687018E0
1.794603504E1,3.363160934E-1,-9.291898102E-2,2.331777801E0,2.357738358E0
1.795600504E1,-4.683031362E-1,-7.080396357E-1,1.202805004E0,1.472198299E0
1.796597504E1,-1.965979352E-1,-5.566242322E-1,1.382636706E0,1.503384696E0
1.797594504E1,-1.273831827E-1,8.580639866E-1,7.771382296E-1,1.164664805E0
1.798591504E1,-7.624815258E-1,7.340655926E-1,4.326717389E-1,1.143431329E0
1.799588504E1,-9.332289936E-1,1.740800884E-1,-4.822508651E-1,1.064793937E0
1.800585504E1,-1.420949710E0,-3.557723746E-1,-1.424995106E0,2.043595633E0
1.801582504E1,-1.271022569E0,9.894769424E-1,-4.181294212E0,4.480824062E0
1.802579504E1,-1.922718288E0,1.074033820E0,-5.146482405E0,5.597917060E0
1.803576404E1,-2.013783556E0,-1.430154397E0,-2.574032623E0,3.567395374E0
1.804573404E1,-2.123637827E0,-3.850226908E0,1.455493598E0,4.631689376E0
1.805570404E1,-1.298577134E0,-2.640477751E0,4.207973887E0,5.134731693E0
1.806567404E1,-1.545407256E0,6.574018711E-1,3.952755788E0,4.294733883E0
1.807564404E1,-1.780745407E0,1.266768281E0,1.610331377E0,2.714576067E0
1.808561404E1,-1.634566478E0,-8.823457190E-1,8.919588339E-1,2.060565966E0
1.809558404E1,-8.474312635E-1,-1.309012952E0,1.213039970E-1,1.564087374E0
1.810555404E1,-9.602633028E-1,6.015586227E-1,-1.927739292E0,2.236103121E0
1.811552404E1,-4.702685681E-1,1.220315661E0,-2.815542510E0,3.104448818E0
1.812549404E1,-2.711111787E-2,-6.917753130E-2,-3.118929972E0,3.119814853E0
1.813546404E1,-3.315235327E-1,-2.466079574E0,-2.540557898E0,3.556106122E0
1.814543404E1,-3.988854670E-1,-2.461613178E0,2.203417969E-1,2.503437549E0
1.815540404E1,-5.049159155E-1,-1.322189945E0,4.366213576E0,4.589874435E0
1.816537304E1,-9.073158880E-1,7.964667857E-2,5.031610930E0,5.113381881E0
1.817534304E1,-7.636993546E-1,1.151457680E0,2.471606947E0,2.831595379E0
1.818531304E1,-5.926362833E-1,1.266149061E0,4.240839332E-1,1.460889589E0
1.819528304E1,-8.185740117E-1,1.125488733E0,1.947385937E-1,1.405244257E0
1.820525304E1,-5.560690391E-1,7.400060713E-1,-7.521653563E-1,1.192717270E0
1.821522304E1,-6.405563352E-1,1.191176939E0,-1.626318834E0,2.115213433E0
1.822519304E1,3.222882576E-1,1.453249437E0,-1.798907590E0,2.334924445E0
1.823516304E1,-1.054783982E-1,2.224119159E0,-2.215499486E0,3.141061874E0
1.824513304E1,4.754667793E-1,1.591607423E0,-1.370427135E0,2.153451504E0
1.825510304E1,6.666376944E-1,7.613601029E-2,1.398492016E0,1.551122957E0
1.826507304E1,7.897961359E-1,-1.228736528E0,3.752950582E0,4.027183813E0
1.827504304E1,3.084277618E-1,-1.159795225E-2,2.322329870E0,2.342750141E0
1.828501304E1,1.015158937E0,2.809455559E-1,1.531590432E-1,1.064394553E0
1.829498204E1,8.160109578E-1,-6.316855243E-1,-1.021125582E0,1.451756846E0
1.830495204E1,1.708222574E-1,-1.934656841E0,-1.548131036E0,2.483704298E0
1.831492204E1,-6.619882078E-1,-1.995571379E0,-1.399861434E0,2.525895000E0
1.832489204E1,3.670128701E-2,-9.327826318E-1,-1.846840140E0,2.069359545E0
1.833486204E1,-1.128232777E-1,3.125825009E-1,-2.912109277E0,2.931009613E0
1.834483204E1,-1.238574350E-2,-2.309290579E-1,-2.795799387E0,2.805347723E0
1.835480204E1,-4.781365814E-1,-1.164424758E0,-8.692856705E-1,1.529757230E0
1.836477204E1,-6.814231101E-1,-2.092050145E0,3.037375932E0,3.750555134E0
1.837474204E1,-8.112588708E-2,-2.149653113E0,6.456729997E0,6.805655896E0
1.838471204E1,3.120455803E-1,-5.151034462E-1,5.850253866E0,5.881171167E0
1.839468204E1,5.284090778E-1,2.957685399E-1,3.333595877E0,3.388149444E0
1.840465204E1,1.228530268E0,5.795777696E-1,1.755503708E-1,1.369676948E0
1.841462204E1,8.337992111E-1,3.905001578E-1,-3.528253194E0,3.646406738E0
1.842459104E1,1.240384621E0,-5.021696976E-1,-6.847260268E0,6.976797373E0
1.843456104E1,1.582822712E0,-2.169844426E0,-6.871891079E0,7.378105419E0
1.844453104E1,2.853932770E-2,-3.237189909E0,-2.666953066E0,4.194383346E0
1.845450104E1,-6.111828839E-1,-2.337548710E0,3.443135276E0,4.206288033E0
1.846447104E1,-7.083445680E-1,-3.877744782E-1,6.540263320E0,6.589929086E0
1.847444104E1,-3.910201580E-1,7.985045403E-2,6.780185688E0,6.791920996E0
1.848441104E1,1.108918163E0,-5.164126378E-1,4.562492911E0,4.723634519E0
1.849438104E1,1.105446890E0,-3.580212137E-1,2.940022715E0,3.161317064E0
1.850435104E1,6.052248269E-1,1.300694703E0,6.106159598E-1,1.559152222E0
1.851432104E1,-3.658480408E-2,1.605217694E0,-2.460659789E0,2.938181222E0
1.852429104E1,9.244590472E-2,2.740838483E-1,-5.206227500E0,5.214256705E0
1.853426104E1,-1.325770268E-1,-9.340728199E-1,-7.281070459E0,7.341938146E0
1.854423104E1,-7.070393964E-1,-1.329768521E0,-7.475328997E0,7.625531630E0
1.855420004E1,-9.529805958E-1,-7.909636787E-1,-4.973175611E0,5.125063045E0
1.856417004E1,-1.025013542E0,7.877398163E-2,1.193061204E0,1.574881944E0
1.857414004E1,-1.118515417E0,9.956095022E-1,5.480430924E0,5.681323625E0
1.858411004E1,-6.914988128E-1,2.028578035E0,3.386579252E0,4.007769764E0
1.859408004E1,2.905853670E-1,1.013691724E0,-1.197893343E0,1.595919556E0
1.860405004E1,1.632867569E0,-1.861842049E0,-3.933236613E0,4.647909483E0
1.861402004E1,1.496904602E0,-2.947303083E0,-3.473644878E0,4.795156680E0
1.862399004E1,4.232954727E-1,-1.566079941E0,-1.101681502E0,1.960991477E0
1.863396004E1,-3.011931115E-1,1.537994303E0,1.159267806E0,1.949370568E0
1.864393004E1,-1.097266014E-1,3.445475039E0,6.431878746E-2,3.447821788E0
1.865390004E1,2.604778160E-1,2.979607780E0,-1.161669257E0,3.208642498E0
1.866387004E1,-2.116173857E-1,-1.564016166E-1,1.266267174E-1,2.920234737E-1
1.867384004E1,-1.076685606E0,-1.529354749E0,2.927420796E0,3.473898438E0
1.868380904E1,-5.492136173E-1,-1.308330290E0,6.490209399E0,6.643506739E0
1.869377904E1,-5.191712080E-1,-7.027584305E-1,7.359837717E0,7.411519370E0
1.870374904E1,5.640637178E-1,-7.682364285E-2,4.435908294E0,4.472287126E0
1.871371904E1,7.603937043E-1,2.178561455E-1,2.619321063E0,2.736147422E0
1.872368904E1,1.336475698E-2,-3.290812969E-2,7.476168072E-1,7.484600538E-1
1.873365904E1,-2.479113456E-1,3.562056533E-1,-1.687073159E0,1.741998377E0
1.874362904E1,-3.368795092E-1,3.258983651E-1,-2.691593817E0,2.732100808E0
1.875359904E1,-7.886239153E-1,-4.405824369E-1,-1.463389678E0,1.719752864E0
1.876356904E1,-9.506800818E-1,5.933178493E-1,-1.337428374E0,1.744859118E0
1.877353904E1,-3.792189419E-1,1.859533276E0,-2.181261114E0,2.891292282E0
1.878350904E1,9.659785176E-1,-2.120814353E-1,-1.197548357E0,1.553130741E0
1.879347904E1,3.267876900E-1,-2.650962978E0,2.012383586E-1,2.678598847E0
1.880344904E1,2.901710689E-2,-2.502294596E0,6.176103991E-1,2.577549775E0
1.881341804E1,5.501873249E-1,8.044871190E-1,-9.606706345E-1,1.368500524E0
1.882338804E1,4.828700121E-1,3.192185352E0,-2.789553975E0,4.266710929E0
1.883335804E1,5.875451491E-1,1.767078564E0,-4.822115133E0,5.169194358E0
1.884332804E1,8.827135089E-1,-1.421294988E0,-7.251982316E0,7.442480103E0
1.885329804E1,3.938928585E-1,-3.049685198E0,-8.526692870E0,9.064227639E0
1.886326804E1,8.328266729E-1,-2.058652896E0,-7.853642680E0,8.161577994E0
1.887323804E1,1.321712575E-1,-2.625741598E0,-1.023757998E0,2.821359356E0
1.888320804E1,6.317706744E-1,-2.776626951E0,2.395852175E1,2.412715391E1
1.889317729E1,-8.281106012E-1,6.079640720E0,1.650539171E1,1.760896799E1
1.890314729E1,-2.680638767E0,8.564147794E0,-2.313925667E0,9.267400047E0
1.891311729E1,1.337406885E0,-5.738797749E0,-2.940043180E0,6.585310219E0
1.892308729E1,-1.426833617E0,-9.441794398E0,1.025929070E0,9.603950546E0
1.893305729E1,-1.778461923E0,1.420521401E0,-1.713660448E0,2.849112142E0
1.894302729E1,-4.949454992E-1,4.420057369E0,-1.706611045E0,4.763863920E0
1.895299629E1,-4.244612614E-2,-6.929392013E-1,8.567761374E-1,1.102738301E0
1.896296629E1,2.925425579E-1,-3.835559752E0,1.537455189E0,4.142567829E0
1.897293629E1,4.903162951E-1,-3.570748419E-2,8.895410103E-1,1.016350482E0
1.898290629E1,-1.884585014E-3,3.666348640E0,1.660713326E0,4.024932876E0
1.899287629E1,1.119732003E0,-1.031217584E0,2.497164541E0,2.924558122E0
1.900284629E1,6.895315171E-1,-1.804187333E0,1.465446728E0,2.424475152E0
1.901281629E1,2.504996521E-1,-6.488596737E-2,2.808739275E-1,3.819036889E-1
1.902278629E1,-9.021745775E-1,-4.927711755E-2,1.258103292E0,1.548925788E0
1.903275629E1,-7.606936665E-1,-9.731646726E-1,7.576225626E-1,1.449032878E0
1.904272629E1,-1.022077655E0,-2.835296159E0,-2.512567277E0,3.923842678E0
1.905269629E1,-1.556136751E0,-3.009137681E0,-5.791824979E0,6.709821738E0
1.906266629E1,-2.433096051E-1,1.089966314E0,-7.506775323E0,7.589394039E0
1.907263629E1,5.389895049E-1,8.188822038E0,-4.868681774E0,9.542084588E0
1.908260529E1,9.803743625E-1,1.050910714E1,-1.945497286E-1,1.055652956E1
1.909257529E1,2.235572392E0,2.350281315E0,4.861341180E0,5.844163263E0
1.910254529E1,7.250591263E-1,-5.351383460E0,7.382349497E0,9.146698845E0
1.911251529E1,-1.707309203E0,-3.380399037E0,1.228897619E-1,3.789076967E0
1.912248529E1,-4.180077260E-1,1.630865336E0,-9.066217797E0,9.221212358E0
1.913245529E1,2.599828784E0,-9.497109058E-1,-4.654153279E0,5.414997992E0
1.914242529E1,1.833917501E0,-3.068666722E0,1.061783026E0,3.729256232E0
1.915239529E1,4.375516789E-1,3.434467363E-1,6.156077278E-1,8.296866920E-1
1.916236529E1,5.981369783E-1,1.183577313E0,-5.845134044E-1,1.449233942E0
1.917233529E1,2.286928341E0,5.719720039E-1,-4.723515290E-1,2.404227356E0
1.918230529E1,2.246531829E0,-1.556028870E-1,1.826512295E0,2.899528355E0
1.919227529E1,4.921546597E-1,-1.549969693E0,1.843347598E0,2.458160415E0
1.920224529E1,-7.868068200E-2,-1.332766973E0,2.165816279E0,2.544252073E0
1.921221429E1,8.494630247E-1,-2.583004591E-1,3.966943472E0,4.065088814E0
1.922218429E1,6.838817181E-1,-1.487728128E0,5.712629705E0,5.942656589E0
1.923215429E1,-1.561523425E-1,-1.035763794E0,3.865382014E0,4.004793166E0
1.924212429E1,-3.278775745E-1,-3.064908716E-1,9.835244769E-1,1.081092390E0
1.925209429E1,1.145663966E0,-2.617277461E0,9.808704257E-2,2.858724943E0
1.926206429E1,1.007896110E0,-3.119664090E0,-1.898461114E0,3.788444695E0
1.927203429E1,3.008370892E-1,-9.249654892E-1,-3.444702914E0,3.579391328E0
1.928200429E1,8.139051562E-1,-6.558149368E-1,-2.479802989E0,2.691088571E0
1.929197429E1,1.925562301E-1,-1.288990332E0,1.312522159E0,1.849672510E0
1.930194429E1,-6.236188518E-1,-2.540301498E0,3.256537760E0,4.176969040E0
1.931191429E1,-7.562737562E-1,-1.394484335E0,4.098822159E0,4.395097228E0
1.932188429E1,4.715065698E-1,1.711444061E0,3.601995939E-1,1.811381508E0
1.933185429E1,8.394528108E-1,1.440431170E0,-1.518353505E0,2.254976795E0
1.934182329E1,-1.852454198E-1,9.256230086E-1,-6.864344662E-1,1.167170123E0
1.935179329E1,-1.008832761E0,1.261712193E-1,-1.511974778E0,1.822012745E0
1.936176329E1,-6.699407134E-2,1.578208528E0,-5.903642453E0,6.111319381E0
1.937173329E1,2.772322085E-1,1.386452892E0,-6.306909714E0,6.463452596E0
1.938170329E1,-3.095629987E-1,-4.995556998E-1,-2.415187163E0,2.485661718E0
1.939167329E1,-3.458883874E-1,-4.181653816E-1,-3.900531381E-1,6.683131851E-1
1.940164329E1,-1.069351224E0,3.504847667E0,-2.439983450E0,4.402384405E0
1.941161329E1,-9.245987957E-1,4.338022395E0,-3.811426831E0,5.848101891E0
1.942158329E1,5.592499975E-1,3.572379792E-1,-1.613182479E-1,6.829371205E-1
1.943155329E1,8.962232083E-1,-3.899965663E0,8.832882317E0,9.697048945E0
1.944152329E1,-3.754610826E-1,-5.244765329E-1,9.908579378E0,9.929551448E0
1.945149329E1,-2.771890670E-1,6.059737968E0,1.587107990E0,6.270260743E0
1.946146329E1,6.529114287E-1,4.346888821E0,-1.904978421E0,4.790686646E0
1.947143229E1,1.944758052E0,-3.016666263E-1,-2.696591433E0,3.338366665E0
1.948140229E1,1.707740142E0,1.806513063E0,-1.014490980E1,1.044504958E1
1.949137229E1,1.199766791E0,2.272452243E0,-7.700147422E0,8.117619717E0
1.950134229E1,-5.859459722E-1,-3.537787372E0,5.138330217E0,6.265916500E0
1.951131229E1,-1.921016456E0,-6.349617192E0,1.325439944E1,1.482184359E1
1.952128229E1,-2.345270836E0,-3.092153817E-1,4.494175798E-1,2.407879899E0
1.953125229E1,-9.919798431E-1,2.546236714E0,-6.159945211E0,6.738862694E0
1.954122229E1,-6.577451757E-1,-5.756753379E0,3.477553741E0,6.757678463E0
1.955119229E1,1.077779327E0,-8.399118319E0,6.670269728E0,1.077957768E1
1.956116229E1,-4.492263027E-1,8.366049975E-1,8.127442646E-1,1.249906170E0
1.957113229E1,5.486748695E-1,5.146977664E0,-2.885372883E-1,5.184175629E0
1.958110229E1,8.070144318E-3,1.961041524E0,8.370441234E-1,2.132226970E0
1.959107229E1,1.294976711E0,-2.218243876E0,2.034022962E0,3.276403514E0
1.960104129E1,1.295394056E0,-1.502028664E0,-2.868604238E0,3.487553031E0
1.961101129E1,-4.448926206E-2,2.237089160E0,-6.062694320E0,6.462415154E0
1.962098129E1,7.812236426E-2,3.096019996E0,-3.323263262E0,4.542633777E0
1.963095129E1,-1.153982727E-2,9.992020315E-1,6.048535287E-2,1.001097570E0
1.964092129E1,6.154520456E-1,-6.448385435E-1,3.731539248E0,3.836532696E0
1.965089129E1,9.608206156E-1,-1.101217234E0,3.754918170E0,4.029300946E0
1.966086129E1,8.044561288E-1,-2.003399339E-1,1.119465809E0,1.393014519E0
1.967083129E1,2.263846750E-1,-2.877349041E0,-3.441936597E0,4.491916636E0
1.968080129E1,-3.109292737E-1,-3.149637210E0,-3.774120426E0,4.925533124E0
1.969077129E1,-1.646109247E-1,1.792745794E0,-3.582192589E0,4.009131824E0
1.970074129E1,1.404019974E0,6.249249735E0,-6.890271217E-1,6.441983601E0
1.971071129E1,1.679926545E0,-7.151612520E-2,3.036251512E0,3.470747902E0
1.972068129E1,1.681712029E-1,-4.656795928E0,3.947117903E0,6.106862501E0
1.973065029E1,-4.201412654E-2,-9.563243991E-1,1.988495956E0,2.206906820E0
1.974062029E1,1.606025487E0,3.385156332E0,-3.139890486E-1,3.759945529E0
1.975059029E1,1.171545497E0,3.583321102E0,-2.760879815E-1,3.780070574E0
1.976056029E1,5.582733298E-2,-1.645925425E0,8.330808806E-1,1.845592303E0
1.977053029E1,-5.989140002E-1,-5.418139951E0,-7.453966194E-1,5.501868285E0
1.978050029E1,5.166961182E-1,8.921842441E-1,-3.607618037E0,3.752049507E0
1.979047029E1,1.894872093E0,5.968682787E-1,-1.189886166E0,2.315733378E0
1.980044029E1,2.700052144E-1,-2.956655704E0,3.797038003E0,4.819980640E0
1.981041029E1,3.858107639E-1,-2.829752706E0,2.038361596E0,3.508741700E0
1.982038029E1,3.618472296E-1,1.822256984E0,-2.306331303E0,2.961539804E0
1.983035029E1,8.285393482E-1,3.068650934E0,1.577235551E0,3.548347220E0
1.984032029E1,-6.530052035E-1,-6.285493702E-2,2.876040727E0,2.949911321E0
1.985029029E1,-1.147067663E0,-1.363400536E0,1.386023998E-1,1.787130625E0
1.986026029E1,6.209121756E-2,9.216974804E-1,-1.757488253E0,1.985483952E0
1.987022929E1,-1.055794601E0,2.030533928E0,-1.041282688E0,2.514366701E0
1.988019929E1,-1.461665773E0,2.066938401E0,-3.318398963E0,4.173783998E0
1.989017008E1,-1.425643854E0,-3.757917792E-1,-2.181997279E0,2.633399321E0
1.990014008E1,-1.982399795E0,8.843834737E-1,-2.551530783E0,3.349977972E0
1.991011008E1,4.018851617E-1,2.956205176E0,7.340828419E-2,2.984300505E0
1.992008008E1,1.857577967E0,1.167146052E0,1.092721229E0,2.450890755E0
1.993005008E1,1.154774732E0,1.805015007E-1,5.877293730E-1,1.308247412E0
1.994002008E1,4.505124709E-1,2.899344805E-1,-3.087533348E0,3.133669680E0
1.994999008E1,1.821762346E-1,-1.177270506E0,-2.667900900E0,2.921788705E0
1.995996008E1,-3.571376994E0,-2.665149200E0,3.761786894E0,5.831705971E0
1.996993008E1,-2.294202424E0,-1.976698321E0,6.225646280E0,6.923104262E0
1.997990008E1,-2.704099148E-1,1.655385928E0,2.166511513E0,2.739926318E0
1.998987008E1,-1.657166149E-1,4.400061061E0,-8.215443242E-1,4.479166710E0
1.999983908E1,2.190571636E0,2.218541792E-1,2.239084815E0,3.140274538E0
2.000980908E1,4.375095058E-1,-8.041242993E-1,1.677083191E0,1.910664409E0
2.001977908E1,8.484649050E-1,-6.659972781E-1,-1.430016695E0,1.791198709E0
2.002974908E1,2.630709684E0,2.241049187E0,-2.938031153E0,4.535963179E0
2.003971908E1,1.352085735E0,4.459446260E-1,-5.663080984E-1,1.532222995E0
2.004968908E1,7.636432944E-1,-4.688751546E0,2.026799312E0,5.164828903E0
2.005965908E1,-3.623654391E-1,-4.940314259E0,-1.291831201E-1,4.955270120E0
2.006962908E1,-5.045014575E-1,-5.574209154E-1,-1.716645452E0,1.874062807E0
2.007959908E1,-6.918083498E-1,8.889133117E-1,2.515003812E0,2.755723107E0
2.008956908E1,-9.323638250E-1,-2.961874637E0,2.124607442E0,3.762440757E0
2.009953908E1,-1.413031995E0,-1.722410222E0,-1.659446819E0,2.777970507E0
2.010950908E1,-3.899936062E-1,-1.617594203E-1,-1.914391268E0,1.960396657E0
2.011947908E1,5.281884916E-1,7.566609880E-1,-4.380248648E-1,1.021462048E0
2.012944808E1,-2.027752627E-1,-4.220748007E0,3.235238693E0,5.321898246E0
2.013941808E1,-1.004067207E0,-2.130918342E0,-5.246314842E-1,2.413338379E0
2.014938808E1,4.707083152E-1,1.629505566E0,-2.228263958E0,2.800359794E0
2.015935808E1,4.867503341E-1,3.345371584E0,-8.026414454E-2,3.381549831E0
2.016932808E1,-6.634552011E-1,1.003494765E0,1.576259066E0,1.982868425E0
2.017929808E1,-1.072874317E0,-5.508916220E0,2.068189412E0,5.981356424E0
2.018926808E1,-9.407990000E-2,-1.243609214E0,-1.432562572E0,1.899381591E0
2.019923808E1,1.460543400E0,3.462723156E0,-2.002751468E0,4.258480024E0
2.020920808E1,2.329591088E0,1.706833532E0,5.499247849E-2,2.888477024E0
2.021917808E1,3.444253775E-1,-1.576653461E0,-9.527242684E-1,1.874072706E0
2.022914808E1,1.111660489E-1,-1.489636367E0,-1.765259203E0,2.312469340E0
2.023911808E1,4.906458953E-1,2.933062774E0,-7.512894434E-1,3.067250635E0
2.024908808E1,-7.104546089E-1,2.858963641E0,3.666201290E0,4.703132016E0
2.025905708E1,-3.548521690E-2,6.760854793E-1,3.192963908E0,3.263949953E0
2.026902708E1,-1.570940366E-2,9.049416992E-1,1.256578923E0,1.548598351E0
2.027899708E1,-6.074941679E-1,3.523214064E0,-1.368264835E0,3.828085051E0
2.028896708E1,-9.404188396E-2,3.160675291E0,6.667416286E-1,3.231602787E0
2.029893708E1,-8.921821976E-1,9.575947067E-1,-1.651529104E0,2.107255342E0
2.030890708E1,-1.066042285E0,-2.296321455E-1,-2.002949688E0,2.280566712E0
2.031887708E1,-1.387365057E0,1.242445618E-2,-1.109929585E0,1.776761057E0
2.032884708E1,-1.727406229E0,3.081260455E-1,-3.490635717E-1,1.789055426E0
2.033881708E1,-1.510314168E0,-4.735940623E-1,-3.918277681E-1,1.630603944E0
2.034878708E1,-4.727403688E-1,-2.385258774E0,-8.367301279E-1,2.571587094E0
2.035875708E1,-6.259104487E-1,-2.637514966E0,-7.326140213E-1,2.808019301E0
2.036872708E1,1.022085987E-2,-6.445748341E-1,-3.173611379E-1,7.185396820E-1
2.037869708E1,5.705651638E-1,-1.614274154E0,1.235814875E0,2.111554891E0
2.038866608E1,6.207797362E-1,-1.990688077E0,1.302115869E0,2.458396274E0
2.039863608E1,4.258068153E-1,-2.471417204E0,-5.765354633E-1,2.573248450E0
2.040860608E1,-3.904336092E-1,-1.314095644E0,-1.918354511E-1,1.384227801E0
2.041857608E1,-7.792824036E-1,3.629837456E-1,2.040146166E-1,8.835497880E-1
2.042854608E1,-5.563682338E-1,-3.212816960E-1,1.222710680E0,1.381227334E0
2.043851608E1,-1.686404383E0,6.406422892E-1,3.941105211E-1,1.846538759E0
2.044848608E1,-1.394817480E0,1.489091407E0,5.233795953E-1,2.106379648E0
2.045845608E1,-1.246092819E0,1.280069819E0,4.611833471E-1,1.844997598E0
2.046842608E1,-1.637777184E0,-1.231005833E0,3.285684961E-1,2.075005234E0
2.047839608E1,-1.370309168E0,-3.845152402E-1,1.951683640E-2,1.423369275E0
2.048836608E1,-1.499733047E0,2.353644633E-1,9.996967059E-1,1.817687857E0
2.049833608E1,-1.570404542E0,3.902601296E-1,1.092936991E0,1.952686524E0
2.050830608E1,-6.943135893E-1,1.043452882E0,8.450454533E-2,1.256187206E0
2.051827508E1,-6.029169675E-1,-2.133099353E-1,-7.953622466E-1,1.020593505E0
2.052824508E1,-8.594027066E-1,-6.085454607E-1,-8.654253387E-1,1.363033971E0
2.053821508E1,7.412292358E-2,-4.969624597E-1,-1.917250557E0,1.981997879E0
2.054818508E1,7.178524330E-1,-9.992607960E-1,-5.009637094E-1,1.328457335E0
2.055815508E1,3.790355951E-1,-2.303144278E0,4.004442251E-1,2.368226578E0
2.056812508E1,4.161218893E-1,-1.335172518E0,7.039620799E-1,1.565696551E0
2.057809508E1,1.655152697E-1,8.637974739E-2,3.023905116E-1,3.553825921E-1
2.058806508E1,-3.798645476E-1,1.855154881E-1,5.914774382E-1,7.270203785E-1
2.059803508E1,-1.172231521E-1,-1.099893716E0,-1.773963368E-1,1.120257522E0
2.060800508E1,-2.992267660E-1,-1.985164797E-1,-7.982110101E-1,8.752635414E-1
2.061797508E1,4.730124106E-1,1.194213398E0,-1.074179708E0,1.674439735E0
2.062794508E1,5.199442830E-2,1.268423043E0,-2.395230031E-1,1.291886878E0
2.063791508E1,3.810073128E-1,1.433480878E0,-5.473830003E-1,1.581031988E0
2.064788508E1,-3.225028139E-1,5.599381417E-1,2.531347364E-1,6.939855779E-1
2.065785408E1,-9.635189594E-1,1.232921381E0,1.791832459E-1,1.574982715E0
2.066782408E1,-8.072035892E-1,2.103261889E0,-2.230730313E-1,2.263857280E0
2.067779408E1,-7.415227660E-1,1.836641427E0,7.338846213E-1,2.112272326E0
2.068776408E1,2.527996179E-2,1.781264786E0,-4.341803205E-1,1.833590976E0
2.069773408E1,-7.740346737E-1,1.860807384E0,3.227604568E-2,2.015632789E0
2.070770408E1,-2.712307360E-1,8.902751282E-1,-1.109696281E-1,9.372673975E-1
2.071767408E1,1.729410143E-1,5.253161931E-1,7.112213981E-1,9.009448231E-1
2.072764408E1,-1.023240812E-1,2.181508452E-2,1.045599103E0,1.050820441E0
2.073761408E1,7.016245823E-2,4.253913707E-1,-4.593911755E-1,6.300165402E-1
2.074758408E1,3.105671484E-1,2.617699045E-1,-8.778114957E-1,9.672272011E-1
2.075755408E1,-3.738416962E-1,-1.233770104E0,-2.360520959E-1,1.310597908E0
2.076752408E1,-1.098903417E0,-2.011574039E0,5.277696848E-1,2.352139383E0
2.077749408E1,-1.703377242E0,-1.890011010E0,8.442771292E-1,2.680753536E0
2.078746308E1,-1.602496400E0,-8.901672471E-1,2.351633191E-1,1.848159687E0
2.079743308E1,-8.299983747E-1,-9.275388488E-1,3.664368188E-1,1.297498193E0
2.080740308E1,-1.342963348E0,-1.356813648E0,1.999660045E-1,1.919499995E0
2.081737308E1,-2.430472954E0,-1.469212920E0,9.336564982E-1,2.989565159E0
2.082734308E1,-1.115157361E0,-8.572705194E-1,5.775394303E-1,1.520539535E0
2.083731308E1,-1.562146081E0,1.588966820E0,-1.494487510E0,2.683022335E0
2.084728308E1,-1.626650079E0,-7.366567862E-1,-2.852640170E-1,1.808322222E0
2.085725308E1,-7.147986516E-1,-2.042204386E0,4.066697556E-1,2.201571293E0
2.086722308E1,-2.878209313E-1,-8.741707268E-1,-2.896827579E-2,9.207901548E-1
2.087719308E1,-5.769873069E-1,-1.114189866E-1,1.493575344E0,1.605022072E0
2.088716308E1,5.696418153E-1,5.291826645E-1,1.823492793E0,1.982335001E0
2.089713233E1,7.413689842E-1,-7.573638234E-1,1.466261246E0,1.809184892E0
2.090710133E1,-2.387662638E-1,-9.743241754E-1,4.513723040E-1,1.100024493E0
2.091707133E1,-1.589917504E-1,-2.696241769E-1,1.036997849E-1,3.297411392E-1
2.092704133E1,2.516029486E-2,-4.794178891E-1,-1.476614910E-1,5.022733009E-1
2.093701133E1,-1.377275102E-2,-1.261153784E0,-1.774508328E0,2.177057272E0
2.094698133E1,-4.095823633E-1,-7.380694735E-1,-1.916581635E0,2.094227644E0
2.095695133E1,-3.371876940E-1,-2.001561852E0,-6.927938980E-1,2.144739791E0
2.096692133E1,-2.026955761E-1,-4.571025753E-1,5.665770704E-1,7.556704557E-1
2.097689133E1,1.045791513E-1,4.910605726E-1,2.414929301E-1,5.571320491E-1
2.098686133E1,-2.914923797E-1,-4.989958289E-1,1.881612947E0,1.968357673E0
2.099683133E1,-1.386485380E-1,6.798086938E-1,2.597167132E0,2.688241133E0
2.100680133E1,-5.272264785E-1,9.805611080E-1,-7.281789082E-1,1.330305367E0
2.101677133E1,-3.114284067E-1,9.265316659E-1,3.855420113E-2,9.782305489E-1
2.102674133E1,1.448248423E-1,1.196082753E0,-9.955001593E-1,1.562884754E0
2.103671033E1,4.576071169E-1,6.606242716E-2,-1.065268552E0,1.161277574E0
2.104668033E1,5.318011573E-1,1.149714040E0,-1.192347844E0,1.739640257E0
2.105665033E1,6.820342172E-1,2.604006035E0,-8.443268305E-1,2.821153293E0
2.106662033E1,1.084900432E0,2.695063848E0,2.258545518E-2,2.905320670E0
2.107659033E1,1.177952657E0,1.910999006E0,3.493126631E-1,2.271895464E0
2.108656033E1,1.987668137E-1,1.036363426E0,6.268039763E-2,1.057112212E0
2.109653033E1,-1.976762714E-1,2.120277871E0,-7.853138065E-1,2.269663397E0
2.110650033E1,6.554671736E-1,5.700108477E-1,8.823998058E-1,1.238216055E0
2.111647033E1,6.386031459E-1,-1.509409019E-1,-4.986300856E-1,8.241535634E-1
2.112644033E1,-4.959018113E-1,-7.462009040E-1,-7.454515833E-1,1.165518107E0
2.113641033E1,1.202092430E-1,9.564583004E-2,-1.290174685E0,1.299287922E0
2.114638033E1,-4.925627223E-1,-1.091487759E0,8.961735070E-2,1.200830893E0
2.115635033E1,-4.994846196E-1,-1.116947998E0,2.551420856E-1,1.249862072E0
2.116631933E1,-5.974641830E-1,-2.152534621E0,7.452399141E-1,2.354941883E0
2.117628933E1,3.726458858E-2,-9.131965059E-1,7.700373709E-1,1.195104205E0
2.118625933E1,1.302640236E-1,-8.371885496E-1,8.268500876E-1,1.183864203E0
2.119622933E1,6.009748513E-1,-8.321079040E-1,1.254915975E0,1.621230532E0
2.120619933E1,9.118126892E-1,-4.351606062E-1,1.100405055E-1,1.016305095E0
2.121616933E1,1.138976871E0,-1.832171815E0,-6.579333830E-1,2.255437476E0
2.122613933E1,4.904843295E-1,3.733403340E-1,-7.543247330E-1,9.741476712E-1
2.123610933E1,5.477746175E-1,-1.147190674E0,2.640097974E0,2.930225382E0
2.124607933E1,5.043660945E-1,-4.051524031E-1,7.887133777E-1,1.020099220E0
2.125604933E1,-3.431789704E-1,-6.494136974E-1,4.743536156E-1,8.743690919E-1
2.126601933E1,3.580760314E-1,4.304851726E-1,7.140198755E-1,9.073920380E-1
2.127598933E1,-1.268443344E-1,2.047425950E-1,1.193156514E0,1.217222856E0
2.128595933E1,8.625427893E-2,-2.102088645E-1,-4.589894718E-1,5.121512497E-1
2.129592833E1,5.524575429E-1,-8.846457213E-2,-5.572314656E-1,7.896468980E-1
2.130589833E1,-3.979170585E-1,-9.585577431E-1,9.240062535E-2,1.041973516E0
2.131586833E1,4.497767084E-1,5.884061882E-1,2.704103351E-1,7.884431996E-1
2.132583833E1,3.429987665E-1,-4.080374193E-1,4.796394986E-1,7.170751272E-1
2.133580833E1,4.943544919E-1,-7.925295630E-1,1.464645660E-1,9.454847122E-1
2.134577833E1,4.243633936E-1,4.952059561E-1,-6.133699983E-1,8.952854202E-1
2.135574833E1,3.121199861E-1,8.717950031E-1,-9.204394519E-1,1.305624065E0
2.136571833E1,4.785281256E-1,-5.982251251E-1,-8.232066876E-1,1.124513992E0
2.137568833E1,4.837938722E-1,-7.724206960E-1,-5.349769628E-1,1.056830447E0
2.138565833E1,7.606872346E-1,-6.221378982E-1,-1.501422892E0,1.794427857E0
2.139562833E1,9.914451883E-1,-4.671925306E-1,-1.117566633E0,1.565307510E0
2.140559833E1,8.610872164E-1,-5.304260749E-1,4.156417233E-1,1.093426293E0
2.141556733E1,1.029853136E0,-9.515174031E-1,-2.529505491E-3,1.402137386E0
2.142553733E1,8.711578759E-1,5.118950790E-1,-4.159182966E-1,1.092675911E0
2.143550733E1,1.088518470E0,3.184110054E-1,-4.327740651E-1,1.213899262E0
2.144547733E1,4.794191682E-1,1.603771386E0,-1.397929514E0,2.180855869E0
2.145544733E1,1.960491009E-2,-2.531247962E-1,-1.124941142E0,1.153234186E0
2.146541733E1,-4.197975587E-1,-1.597021067E0,2.403796202E-1,1.668678711E0
2.147538733E1,-5.478300564E-1,8.452197003E-1,3.246210408E-1,1.058249939E0
2.148535733E1,-1.735191066E0,1.390332519E0,2.188764846E0,3.120032708E0
2.149532733E1,-1.349556376E0,1.562606403E0,3.789275240E0,4.315280758E0
2.150529733E1,-1.412299047E0,1.992925807E0,4.968075085E-1,2.492621024E0
2.151526733E1,-1.640204363E0,1.491904502E0,-1.165145427E0,2.504718200E0
2.152523733E1,-3.520631933E0,1.150722100E0,-1.497475437E0,3.995177499E0
2.153520733E1,-3.367890089E0,-2.068600179E0,6.738973342E0,7.812525332E0
2.154517633E1,-2.283679921E0,-6.880249089E-1,6.416775972E0,6.845698367E0
2.155514633E1,-1.699646280E0,1.980633205E0,4.761418696E0,5.429807858E0
2.156511633E1,-3.469445115E0,4.221458444E0,-2.581189615E0,6.043202845E0
2.157508633E1,-2.071117990E0,1.529636585E0,-6.194133881E0,6.707951427E0
2.158505633E1,-1.561641320E0,-3.975091567E0,-3.705747179E0,5.654435315E0
2.159502633E1,-2.818457055E0,-2.828572446E0,-3.690466651E0,5.437284832E0
2.160499633E1,-1.951094972E0,-1.032023915E0,-2.277839575E0,3.171813059E0
2.161496633E1,-5.898666034E-1,-9.826345307E-1,-2.525429982E-1,1.173580503E0
2.162493633E1,-1.086405286E0,-1.770799440E0,-9.545141011E-1,2.286286130E0
2.163490633E1,-4.828069353E-1,-3.599788030E0,1.345604535E0,3.873270965E0
2.164487633E1,-2.347425937E-1,-8.698920268E-1,3.191866386E-1,9.558746434E-1
2.165484633E1,-4.426341518E-1,2.101987196E0,-1.355529014E0,2.540026392E0
2.166481533E1,-1.851381965E-2,-1.999461240E-1,3.332556826E0,3.338600937E0
2.167478533E1,-9.062630238E-1,-9.034863272E-1,2.517899938E0,2.824432741E0
2.168475533E1,-8.428230728E-1,-6.505889878E-1,8.363079590E-1,1.353893558E0
2.169472533E1,-7.017215730E-1,8.642585269E-1,8.696780187E-1,1.412690987E0
2.170469533E1,-6.122499642E-1,-1.459435791E-1,-4.939441270E-1,8.000814630E-1
2.171466533E1,-8.789712909E-1,-2.202017853E0,-2.475880677E0,3.428040005E0
2.172463533E1,-3.181823062E-1,7.168946591E-1,-3.141874446E0,3.238294762E0
2.173460533E1,5.927166459E-1,4.176397169E-1,1.367167897E0,1.547541280E0
2.174457533E1,-3.765740270E-2,2.088663438E-1,4.038483571E0,4.044056476E0
2.175454533E1,3.819555485E-1,-4.933606918E0,4.576239715E0,6.740054688E0
2.176451533E1,7.512124063E-1,-4.765985664E0,8.848486197E-1,4.905292704E0
2.177448533E1,9.723044010E-1,9.926932034E-1,-1.144818751E0,1.800395961E0
2.178445533E1,8.304842784E-1,3.124202406E0,1.800403892E0,3.700243099E0
2.179442433E1,-1.109728623E-1,2.047866830E0,1.467741761E0,2.521971333E0
2.180439433E1,3.117688608E-1,4.005123451E-1,-8.680203331E-1,1.005519398E0
2.181436433E1,2.988368663E-1,1.277507277E0,-2.647485931E0,2.954743656E0
2.182433433E1,8.647656449E-2,4.069798919E0,-3.812886297E0,5.577530219E0
2.183430433E1,-2.478125094E-1,2.672314963E0,-4.745777394E0,5.452071292E0
2.184427433E1,-3.469719861E-1,-3.816381177E-1,-6.013516898E0,6.035596299E0
2.185424433E1,-9.289306323E-1,-9.471945566E-1,-6.095675540E0,6.238377188E0
2.186421433E1,-5.119330859E-1,6.560459018E-1,-4.151838278E0,4.234410561E0
2.187418433E1,-1.063046829E-1,1.814586606E0,-1.427374923E0,2.311152182E0
2.188415433E1,7.462911703E-1,2.276628032E-1,-3.257447587E0,3.349588877E0
2.189412492E1,1.236848955E0,-7.382156539E-1,-6.823024144E0,6.973407786E0
2.190409492E1,1.552736595E0,-4.587168161E0,4.345941280E0,6.506943082E0
2.191406392E1,4.301379576E-1,-3.211012801E0,1.471231145E1,1.506478444E1
2.192403392E1,-1.184018339E0,5.186527061E0,7.615211352E0,9.289424434E0
2.193400392E1,1.512247989E0,7.528469077E0,-2.218197976E0,7.992818207E0
2.194397392E1,3.975254120E0,-3.348653626E-1,2.349528193E0,4.629801600E0
2.195394392E1,1.489219315E0,-3.711895819E0,2.592272428E0,4.766111736E0
2.196391392E1,-6.820427687E-1,-1.870971599E-1,-2.586919302E0,2.681853680E0
2.197388392E1,-1.005574619E0,3.034137744E-1,-3.016772098E0,3.194394172E0
2.198385392E1,-4.542682106E-1,-3.251491321E0,1.468853901E0,3.596677244E0
2.199382392E1,-5.138912454E-1,-3.918852170E0,1.587496830E0,4.259299558E0
2.200379392E1,5.896117744E-1,-2.153342122E0,-6.446917784E-1,2.323822675E0
2.201376392E1,8.289327197E-1,-3.992835528E-1,-1.493513364E-1,9.321280121E-1
2.202373292E1,6.276297493E-1,-2.596205850E0,6.836711891E0,7.339947779E0
2.203370292E1,1.206720665E0,-3.394796636E0,8.568495784E0,9.295156748E0
2.204367292E1,2.340264888E0,9.294321772E-1,2.339677974E0,3.437263001E0
2.205364292E1,1.237343922E0,4.589032546E0,-2.048657373E0,5.175638774E0
2.206361292E1,7.547260713E-1,2.721611376E0,-4.013394338E0,4.907556830E0
2.207358292E1,1.007800947E0,-4.420541811E0,-5.185091570E0,6.887817306E0
2.208355292E1,-7.930780318E-1,-4.773427415E0,-6.311624908E0,7.953061740E0
2.209352292E1,4.479809189E-1,4.148561791E0,-1.064690262E0,4.306369375E0
2.210349292E1,1.544329468E0,8.865482883E0,8.312364349E0,1.225059759E1
2.211346292E1,1.596962011E0,3.977525471E0,1.074635440E1,1.156957776E1
2.212343292E1,1.629698524E0,-2.483781142E0,4.551149313E0,5.434891545E0
2.213340292E1,2.632457417E0,-2.188672753E0,-2.824310410E0,4.438113311E0
2.214337292E1,1.759969811E0,-5.607009110E-1,-3.477403468E0,3.937539095E0
2.215334192E1,7.862829825E-1,2.325990227E-1,-3.875286028E0,3.961083820E0
2.216331192E1,-1.567748152E-3,-1.161306438E0,-5.353678492E0,5.478184781E0
2.217328192E1,-7.542053767E-1,-9.016777834E-1,-4.103855442E0,4.268896586E0
2.218325192E1,-1.253826346E0,8.193966419E-2,2.320241244E0,2.638619724E0
2.219322192E1,-6.322673222E-1,2.660497740E-1,6.768857877E0,6.803527130E0
2.220319192E1,-2.821221618E-1,-1.316292443E0,4.239930090E0,4.448508276E0
2.221316192E1,-9.129387899E-1,1.926230418E0,-3.384899932E0,4.000171047E0
2.222313192E1,-1.636956162E-1,2.627318884E0,-5.263089918E0,5.884701884E0
2.223310192E1,1.637669887E-1,-3.611547366E-1,-9.918327856E-1,1.068168828E0
2.224307192E1,-5.839917231E-1,-4.250947122E0,5.102697870E0,6.667017572E0
2.225304192E1,4.868216701E-1,-2.469558667E0,8.491490293E-1,2.656458059E0
2.226301092E1,1.005800761E-1,4.490961583E0,-2.181387414E0,4.993726399E0
2.227298092E1,1.139194607E0,4.818043132E0,3.089686292E-1,4.960520698E0
2.228295092E1,1.871095853E-1,1.222097307E-1,1.616286181E0,1.631663640E0
2.229292092E1,-8.760061678E-1,-8.610212159E-1,-2.882010734E-1,1.261667230E0
2.230289092E1,4.013590220E-1,1.825389630E0,-1.053551901E0,2.145485486E0
2.231286092E1,-1.861654792E-1,-4.877893478E-2,-4.628714383E-2,1.979380454E-1
2.232283092E1,-2.560439601E0,-4.142815440E0,-4.166205472E-1,4.887979480E0
2.233280092E1,-1.973118948E0,-3.262104017E0,-2.342929611E0,4.474800573E0
2.234277092E1,-1.421388689E0,-1.497430413E0,-2.489618710E0,3.234322954E0
2.235274092E1,-1.086443951E0,-7.159906796E-1,1.241150460E0,1.798181741E0
2.236271092E1,-8.550513549E-1,-1.132384647E0,2.655605375E0,3.010921406E0
2.237268092E1,-1.512657148E0,-5.640197906E-1,1.411902605E0,2.144695535E0
2.238264992E1,-1.348552117E0,4.868935543E-1,2.123049744E0,2.561834959E0
2.239261992E1,-5.947830154E-1,-1.085482961E-1,5.321833386E0,5.356067602E0
2.240258992E1,-1.477095698E0,-3.398232168E-1,1.710031081E0,2.285059697E0
2.241255992E1,-1.157196137E0,-6.863666385E-1,-3.613547114E0,3.855894812E0
2.242252992E1,-4.387408198E-1,-7.952973425E-2,-5.268912576E0,5.287746043E0
2.243249992E1,-8.680166055E-1,2.116822459E0,-5.564530842E0,6.016510089E0
2.244246992E1,-4.840929938E-1,-7.243618459E-2,-4.716562366E0,4.741893459E0
2.245243992E1,1.954168707E-2,-2.886022216E0,-3.176488209E-1,2.903516297E0
2.246240992E1,1.898225837E-1,-2.955806981E0,4.840746117E0,5.675002246E0
2.247237992E1,2.162593805E-1,1.050088010E0,6.332294231E0,6.422414124E0
2.248234992E1,1.305234481E0,3.164082756E0,3.879862059E0,5.173817385E0
2.249231992E1,2.029151646E0,1.249647926E0,6.180699903E-1,2.461927468E0
2.250228892E1,2.938359620E-1,-7.074867815E-1,-3.049888973E0,3.144630323E0
2.251225892E1,-3.569364456E-1,-1.007371176E0,-5.007627990E0,5.120404125E0
2.252222892E1,-3.156526545E-1,-1.648798747E0,-1.897035563E0,2.533163602E0
2.253219892E1,-1.914723025E-1,-2.259919321E0,1.665903314E0,2.814095029E0
2.254216892E1,-3.938876325E-1,-7.556386024E-2,1.924492334E0,1.965840305E0
2.255213892E1,1.151002840E-1,1.916064157E0,2.055217364E0,2.812199912E0
2.256210892E1,1.185627858E0,7.131854779E-1,2.756622457E0,3.084366112E0
2.257207892E1,1.714792177E0,-7.416698965E-1,2.323478263E0,2.981465694E0
2.258204892E1,2.584964285E0,1.097402510E-1,-2.405562061E-1,2.598451571E0
2.259201892E1,3.182554695E0,7.823957536E-1,-3.642001419E0,4.899486895E0
2.260198892E1,3.716668316E0,-1.119685079E0,-3.283432029E0,5.084116830E0
2.261195792E1,2.522405802E0,-4.491628458E0,4.764153439E-1,5.173415585E0
2.262192792E1,1.334684714E0,-3.723016054E0,2.937366909E0,4.926495325E0
2.263189792E1,2.377944492E0,3.226448866E0,8.898871654E-1,4.105665775E0
2.264186792E1,3.119310626E0,4.405889566E0,3.601358593E-1,5.410328962E0
2.265183792E1,2.696965070E0,2.350043041E0,-1.504581558E0,3.880732991E0
2.266180792E1,1.906666804E0,6.178092045E-1,-3.078915136E0,3.673797073E0
2.267177792E1,1.631209737E0,-5.065232420E-1,-4.706698698E-1,1.771705712E0
2.268174792E1,3.755518971E-1,2.163955110E-1,1.633213871E0,1.689749624E0
2.269171792E1,5.101012263E-1,-1.671628323E-1,-4.099979907E-1,6.754591224E-1
2.270168792E1,1.634406410E0,3.152818680E-1,-1.450318227E0,2.207738646E0
2.271165792E1,1.650724527E0,1.287981979E0,4.875700772E-2,2.094317619E0
2.272162792E1,6.267496703E-1,1.864540831E0,1.795614438E0,2.663373588E0
2.273159692E1,1.035351492E-1,2.082610400E0,1.391311051E0,2.506737331E0
2.274156692E1,3.964453874E-1,-2.838869977E-1,3.909202802E-1,6.249635494E-1
2.275153692E1,4.262785029E-1,-1.504192718E0,-5.263815558E-1,1.649662583E0
2.276150692E1,7.660065928E-1,-3.724354774E-2,-2.316746364E0,2.440382531E0
2.277147692E1,-3.033431327E-1,-2.543456948E0,-2.108152208E0,3.317453245E0
2.278144692E1,5.582831604E-1,-2.637752363E0,-2.177790792E0,3.465860694E0
2.279141692E1,-1.812208178E-1,-2.413680043E0,-1.976107460E0,3.124690869E0
2.280138692E1,-1.224225328E-1,-1.144803841E0,-7.228526795E-1,1.359440733E0
2.281135692E1,-3.824130565E-1,-1.705045161E-1,6.275465727E-2,4.233788880E-1
2.282132692E1,-5.127770584E-3,-1.611673898E-1,-1.921762269E0,1.928515346E0
2.283129692E1,-1.717490046E-1,-3.757153561E0,-1.271436113E-1,3.763225491E0
2.284126592E1,-1.282858210E0,-5.679308762E0,6.049001895E0,8.395873816E0
2.285123592E1,-1.069271775E0,-3.262100217E-1,7.885995909E0,7.964840650E0
2.286120592E1,5.515956999E-1,3.606017362E0,8.294033328E0,9.060828212E0
2.287117592E1,4.482308508E-1,3.037900719E0,5.479768435E0,6.281529573E0
2.288114592E1,1.150568172E0,4.707704419E-1,5.357686758E-2,1.244308004E0
2.289111592E1,-9.823038706E-1,-8.679808643E-1,-3.910188643E0,4.124061941E0
2.290108558E1,-1.050108110E0,6.919326031E-1,-5.064404454E0,5.218207570E0
2.291105558E1,-5.061517611E-1,5.720839781E-1,-2.370591034E0,2.490616697E0
2.292102558E1,-2.374387338E0,-1.129588509E0,-2.346339707E0,3.524059513E0
2.293099558E1,-2.217000320E0,-1.602901320E0,-1.361218940E0,3.055699603E0
2.294096558E1,-9.992366032E-1,-3.238246500E-2,9.922947156E-1,1.408606125E0
2.295093458E1,-1.199399659E0,-1.496945679E-1,3.020300308E0,3.253180283E0
2.296090458E1,-7.390732212E-1,-4.844462022E-1,1.844390742E0,2.045163699E0
2.297087458E1,4.046074061E-1,-4.352643943E-1,9.255908489E-1,1.099945756E0
2.298084458E1,-2.706919881E-1,8.084056306E-1,-7.674236655E-2,8.559691623E-1
2.299081458E1,-6.197542807E-1,9.447053969E-1,-1.720512800E0,2.058331351E0
2.300078458E1,-1.622892073E0,-7.421981925E-1,-2.010414829E0,2.688197281E0
2.301075458E1,-6.623297583E-1,-2.137406412E0,-1.299425565E0,2.587603849E0
2.302072458E1,-5.612554463E-1,6.020416027E-1,-2.762629302E0,2.882634633E0
2.303069458E1,-6.751698784E-1,5.151305773E0,-2.161868239E0,5.627208883E0
2.304066458E1,-1.483509655E0,5.966836821E0,-1.921311448E0,6.441690789E0
2.305063458E1,-1.029161703E0,-5.773637214E-1,9.342950141E-1,1.505134496E0
2.306060358E1,-5.796398963E-1,-5.474652121E0,2.998422366E0,6.268838404E0
2.307057358E1,-1.198935536E0,-1.951809940E0,1.261756632E0,2.615155495E0
2.308054358E1,-1.503995521E0,2.970493140E0,-9.826321918E-1,3.471512357E0
2.309051358E1,-2.092547743E0,1.571495340E0,8.062678885E-1,2.738324592E0
2.310048358E1,-9.976630443E-1,-1.545455350E0,3.727492974E0,4.156677479E0
2.311045358E1,-3.787391413E-1,2.587141204E0,6.543776911E-1,2.695357696E0
2.312042358E1,-4.324032055E-1,4.232438345E0,-1.082962811E0,4.390138418E0
2.313039358E1,-8.060831165E-1,6.381177539E-1,1.842744166E-1,1.044471790E0
2.314036358E1,-7.590346652E-1,2.009018514E-1,-7.900880581E-1,1.113882542E0
2.315033358E1,-4.157659766E-1,-2.637159163E0,-1.023046392E-1,2.671691606E0
2.316030358E1,-1.157499900E0,-2.011649761E-1,-1.157088549E0,1.648977646E0
2.317027258E1,-5.819482309E-1,-1.366384663E0,-1.256525128E0,1.945385871E0
2.318024258E1,-1.277638547E0,-2.724433242E0,-1.191259677E0,3.236355414E0
2.319021258E1,-1.385850628E0,-3.438421251E0,2.427939355E0,4.431502248E0
2.320018258E1,-1.860255553E0,-1.710816655E0,3.435705219E0,4.265151193E0
2.321015258E1,-1.412546238E0,5.639376372E-2,1.184297397E0,1.844187478E0
2.322012258E1,-2.103768550E0,-9.395978540E-1,-7.096636999E-1,2.410873038E0
2.323009258E1,-1.932275124E0,-3.734167279E0,-1.914325780E-1,4.208840559E0
2.324006258E1,-1.358796585E0,-2.387527494E0,1.213529967E0,3.003210062E0
2.325003258E1,-1.920316983E0,-6.469040725E-1,3.046188855E-1,2.049120509E0
2.326000258E1,-1.492622540E0,-1.540770561E-2,-7.715623248E-1,1.680317787E0
2.326997258E1,-1.075468142E0,-1.148929344E0,-1.135423445E0,1.940581553E0
2.327994158E1,-1.410452203E0,-1.390058577E-2,-7.184351081E-1,1.582945877E0
2.328991158E1,-1.475135272E0,4.110420111E-1,4.031327748E-1,1.583507386E0
2.329988158E1,-1.472772559E0,2.626364619E-1,9.089835870E-1,1.750510806E0
2.330985158E1,-1.770560435E0,-1.915577669E0,-1.064555776E-1,2.610680916E0
2.331982158E1,-1.968026462E0,-4.014394504E0,-2.024346989E-1,4.475429722E0
2.332979158E1,-1.383057267E0,-8.191443345E-1,3.273739100E-1,1.640432419E0
2.333976158E1,-1.804790766E0,5.756613046E-1,1.863985931E0,2.657649186E0
2.334973158E1,-1.543053167E0,1.309668133E0,1.158001884E0,2.331783021E0
2.335970158E1,-1.944085476E0,-6.550647390E-1,2.582878876E-1,2.067677630E0
2.336967158E1,-1.659825865E0,-1.555806676E-1,-6.439626306E-1,1.787152796E0
2.337964158E1,-1.029858983E0,1.129589678E0,-5.078464669E-1,1.610742189E0
2.338961058E1,-3.042208911E-1,1.397080791E0,-1.655822715E0,2.187723463E0
2.339958058E1,2.667434730E-1,8.453571099E-1,-1.156147732E0,1.456865917E0
2.340955058E1,1.753464309E-1,-5.553197184E-1,-5.399780864E-1,7.941679257E-1
2.341952058E1,1.784134782E-1,-5.880199796E-1,2.050213902E0,2.140321450E0
2.342949058E1,1.175133568E-1,5.406613335E-1,2.741234924E0,2.796514433E0
2.343946058E1,7.637299794E-1,2.897560527E0,1.561848603E0,3.379128815E0
2.344943058E1,1.386293409E0,2.461811691E0,-4.031900775E-1,2.853925096E0
2.345940058E1,1.387014663E0,2.361893008E0,-1.533446338E0,3.139077242E0
2.346937058E1,1.296931581E0,3.186181723E0,-2.352380465E0,4.167430785E0
2.347934058E1,1.341224971E0,1.506819580E0,-7.794157201E-1,2.162609196E0
2.348931058E1,1.566067662E0,2.419334885E0,-9.788326710E-1,3.043659410E0
2.349927958E1,1.028012286E0,1.010897048E0,-1.116949752E0,1.823814368E0
2.350924958E1,1.897038048E0,-2.568506420E-1,-9.182175100E-1,2.123169565E0
2.351921958E1,3.167479404E0,3.468571249E-1,-1.358010573E0,3.463730410E0
2.352918958E1,4.105837940E0,5.619016367E-1,-1.678786485E0,4.471237267E0
2.353915958E1,2.800196785E0,-4.520985281E-1,-1.738394755E-1,2.841780301E0
2.354912958E1,1.621476462E0,-3.266964223E0,4.193667505E0,5.557795273E0
2.355909958E1,1.696211480E0,-1.267484857E0,4.176809397E0,4.682882444E0
2.356906958E1,1.097192595E0,-4.765094841E-1,1.428772992E0,1.863406864E0
2.357903958E1,2.062335765E0,-7.432574156E-1,-1.924988762E0,2.917403319E0
2.358900958E1,2.067745609E0,-2.470415576E0,-2.887066821E0,4.325931097E0
2.359897858E1,3.668470010E-1,-4.794398162E0,7.105945766E-1,4.860635258E0
2.360894858E1,2.682209183E-1,-8.817262065E-1,1.584912946E0,1.833393741E0
2.361891858E1,2.018307693E0,1.126551757E0,1.370576239E0,2.687222364E0
2.362888858E1,1.745388902E0,1.154539163E0,1.297308288E0,2.462184374E0
2.363885858E1,2.245105985E0,-1.591870548E0,-1.733190733E-1,2.757642512E0
2.364882858E1,2.108380834E0,-2.736550720E0,-5.216646069E-1,3.493724881E0
2.365879858E1,1.652124935E0,-1.004663331E0,1.231722994E0,2.292598252E0
2.366876858E1,1.608081661E0,-3.815805227E-2,1.337176359E-1,1.614082733E0
2.367873858E1,1.991273383E0,-5.826788405E-1,1.145970653E0,2.370217934E0
2.368870858E1,1.440474732E0,-1.365029863E0,-1.112295953E0,2.274967311E0
2.369867858E1,1.634697309E0,-7.636905107E-1,-8.929230398E-1,2.013149285E0
2.370864758E1,5.887968553E-1,1.179346852E0,1.103931511E0,1.719361950E0
2.371861758E1,6.771417788E-1,-1.900359705E-1,1.568159503E0,1.718650310E0
2.372858758E1,8.048631681E-1,-2.867585653E-1,-2.344850421E-2,8.547426668E-1
2.373855758E1,2.010893423E0,1.086852086E0,-3.125434415E0,3.872115713E0
2.374852758E1,2.294155061E0,-1.342606376E0,1.513679826E0,3.058915811E0
2.375849758E1,2.493911443E0,-7.777249977E-1,2.265431199E0,3.457835880E0
2.376846758E1,3.090637634E0,-3.840021470E-1,6.180664819E-1,3.175138550E0
2.377843758E1,2.745144665E0,-1.523965663E-1,-1.488530951E0,3.126462592E0
2.378840758E1,2.875402503E0,1.859236237E0,-1.539277182E0,3.754207398E0
2.379837758E1,3.073861973E0,1.466613248E0,-9.522950828E-1,3.536445641E0
2.380834658E1,2.285589767E0,-4.566716355E-1,-6.620071381E-1,2.422957494E0
2.381831658E1,2.776823418E0,-1.813028616E0,8.746089756E-2,3.317449391E0
2.382828658E1,1.372911179E0,-7.920652941E-1,1.245799581E0,2.016003256E0
2.383825658E1,1.722799939E0,5.662703839E-1,1.993149170E0,2.694688366E0
2.384822658E1,2.641946864E0,1.999216826E0,1.893493320E0,3.816027791E0
2.385819658E1,2.589143290E0,1.699301733E0,-1.254904280E0,3.341567613E0
2.386816658E1,1.632350821E0,1.677676975E0,-2.555696924E0,3.465653763E0
2.387813658E1,-7.367316306E-2,-7.579979539E-1,2.017483528E0,2.156438828E0
2.388810658E1,-8.273851079E-1,1.036176023E0,7.630031705E-1,1.529836823E0
2.389807717E1,9.165554389E-1,1.595515994E0,2.773869404E0,3.328677910E0
2.390804617E1,-2.521369822E-1,2.435077636E0,3.680028201E0,4.419930284E0
2.391801617E1,1.220389994E0,1.887250248E-1,1.498511564E0,1.941779024E0
2.392798617E1,1.247265185E0,2.206919866E0,-1.976931918E0,3.214720135E0
2.393795617E1,3.423932873E-1,1.297612928E0,-1.880636462E0,2.310373558E0
2.394792617E1,-2.933605103E-1,-5.304909790E-1,8.496056968E-1,1.043700583E0
2.395789617E1,-5.630050794E-1,-6.109936899E-1,6.056736592E0,6.113456155E0
2.396786617E1,2.941317581E-2,-5.524253467E-1,6.787188313E0,6.809696329E0
2.397783617E1,4.359289303E-2,1.319647868E0,1.087976214E0,1.710866178E0
2.398780617E1,6.021123540E-1,1.712517902E0,-4.332283938E0,4.697226945E0
2.399777617E1,-8.396501543E-1,-1.638848832E-1,-8.559989839E0,8.602633125E0
2.400774517E1,-7.030544458E-1,-9.893211141E-1,-1.037201917E1,1.044278810E1
2.401771517E1,-5.636242265E-1,-4.567243774E0,-7.841714360E0,9.092297403E0
2.402768517E1,-1.361318489E0,-6.110141551E0,-3.453793581E0,7.149525012E0
2.403765517E1,-2.196105733E0,-4.871341380E0,1.226929446E0,5.482536192E0
2.404762517E1,-2.661837922E0,-6.927623230E-1,4.815495501E0,5.545655748E0
2.405759517E1,-1.604658116E0,-1.865070004E0,5.136615813E0,5.695457471E0
2.406756517E1,-3.310028382E-2,-3.071681254E0,5.411614459E0,6.222691733E0
2.407753517E1,1.444819213E-1,-1.458581220E0,3.179496601E0,3.501075954E0
2.408750517E1,1.276856482E0,-5.771450356E-1,6.746785222E0,6.890759733E0
2.409747517E1,1.925026769E0,9.198798734E-1,7.126287645E0,7.438809222E0
2.410744517E1,9.754478641E-1,9.777354410E-1,3.798669376E0,4.041949302E0
2.411741417E1,2.072340351E0,7.954277354E-1,4.583532947E-1,2.266580586E0
2.412738417E1,1.865912296E0,2.212372687E0,-3.275859300E0,4.371209873E0
2.413735417E1,1.773976378E0,3.366810400E0,-4.130760820E0,5.616546039E0
2.414732417E1,1.138315624E0,1.891374581E0,-2.582222233E0,3.397194715E0
2.415729417E1,1.835689135E-1,6.936882296E-1,2.106114453E-1,7.478356014E-1
2.416726417E1,3.725682457E-1,-1.845909556E0,2.089017195E0,2.812504582E0
2.417723417E1,3.041697828E-1,-2.313772470E0,6.910806638E-1,2.433855949E0
2.418720417E1,4.385413932E-1,-1.680705248E0,-1.298473638E-1,1.741823477E0
2.419717417E1,7.344718644E-2,-9.849441808E-1,-5.080517042E-1,1.110687203E0
2.420714417E1,-1.743682100E-1,-4.171777868E-1,-1.619772291E0,1.681696719E0
2.421711317E1,-4.609953591E-1,1.066932085E0,-3.217629218E0,3.421110723E0
2.422708317E1,2.291176636E-3,2.435764976E0,-3.144719701E0,3.977715207E0
2.423705317E1,-3.676648803E-1,2.573053507E0,-3.550390753E0,4.400120034E0
2.424702317E1,-4.796633260E-1,3.628014587E0,-5.162202644E0,6.327788151E0
2.425699317E1,-5.041945518E-1,4.705677482E0,-4.935086263E0,6.837593812E0
2.426696317E1,-7.803494474E-1,3.884338979E0,-4.571082471E0,6.049118078E0
2.427693317E1,-4.728398081E-1,-7.182488742E-1,-1.549512148E0,1.772130589E0
2.428690317E1,7.015224388E-2,-4.166550457E0,3.100241686E0,5.193896665E0
2.429687317E1,4.543068753E-1,-3.652343682E0,6.651214821E0,7.601622702E0
2.430684217E1,5.758206412E-1,-1.479059047E0,5.249362410E0,5.484066993E0
2.431681217E1,-2.151139110E-1,1.041176854E0,-4.709511209E-1,1.162806172E0
2.432678217E1,-1.005337149E0,-2.330539361E-1,-3.305733894E0,3.463075728E0
2.433675217E1,-1.639610286E0,-3.438301383E0,5.415983498E-2,3.809615673E0
2.434672217E1,-1.865361488E0,-2.723188078E0,4.650445560E0,5.702803757E0
2.435669217E1,-2.625366791E0,-1.328522187E0,5.131186674E0,5.914947056E0
2.436666217E1,-2.498152721E0,-2.566454047E-1,3.922701684E0,4.657705700E0
2.437663217E1,-2.149826775E0,-5.202963585E-1,2.847848961E0,3.605926673E0
2.438660217E1,-1.246098520E0,-7.645339715E-1,1.083238800E0,1.819527414E0
2.439657217E1,-1.412217770E0,-1.039755103E0,2.524026650E-1,1.771766579E0
2.440654117E1,-1.785850465E0,-3.966897279E-1,-1.194125982E0,2.184619300E0
2.441651117E1,-1.710231349E0,-1.013370420E0,-1.820942237E0,2.695856358E0
2.442648117E1,-1.950733906E0,-2.469605152E0,7.331636596E-1,3.231383811E0
2.443645117E1,-9.008206547E-1,-2.792784270E0,1.630652790E0,3.357104459E0
2.444642117E1,-1.711861845E0,-7.635539782E-1,4.456636673E-1,1.926681540E0
2.445639117E1,-2.130416943E0,-8.280294710E-1,3.151373248E0,3.893001735E0
2.446636117E1,-4.282855962E-1,-3.989233643E-2,6.865332257E0,6.878794004E0
2.447633117E1,-1.164573862E0,2.628175794E0,5.572761383E0,6.270503147E0
2.448630117E1,-3.870915965E-1,6.359744570E0,3.356190687E0,7.201403115E0
2.449627117E1,-8.283594733E-1,6.870937983E0,-6.052651727E-1,6.947108327E0
2.450624017E1,-1.002453449E0,3.814645431E0,-6.060397534E0,7.230826436E0
2.451621017E1,-1.851832201E-1,-8.429115120E-1,-8.948088838E0,8.989609919E0
2.452618017E1,-1.558292619E0,-1.974803824E0,-1.012952929E1,1.043721656E1
2.453615017E1,-1.083647885E0,9.034766793E-2,-8.467431924E0,8.536970120E0
2.454612017E1,-1.263530385E0,1.441136052E0,-6.917289446E0,7.177901883E0
2.455609017E1,-5.629300158E-1,-1.685517799E0,-3.696136111E0,4.101131869E0
2.456606017E1,-5.847343560E-1,-3.933315258E0,1.185932863E0,4.149616843E0
2.457603017E1,-2.779718082E-1,-3.248967370E0,5.719330614E0,6.583600837E0
2.458600017E1,-9.959129727E-1,-1.709513018E0,4.861204355E0,5.248388818E0
2.459596917E1,-1.882347065E0,-1.108602852E0,1.730623806E0,2.786985739E0
2.460593917E1,-1.601601776E0,-2.654757821E0,1.611179808E0,3.494104708E0
2.461590917E1,-1.571844419E0,-1.933120485E0,6.554242843E0,7.011829214E0
2.462587917E1,-9.881035776E-1,1.703979213E0,6.190065388E0,6.495906661E0
2.463584917E1,-7.903294019E-1,3.417777656E0,2.592858319E0,4.362194279E0
2.464581917E1,-2.002032918E-1,3.027494430E0,1.848154010E0,3.552671829E0
2.465578917E1,-9.762101948E-1,2.639633413E0,-1.512696324E0,3.195137097E0
2.466575917E1,-2.457798454E0,-1.170477503E0,-6.567048830E-1,2.800366428E0
2.467572917E1,-9.168255803E-1,-2.488169185E0,8.556926483E-1,2.786353342E0
2.468569917E1,6.951710104E-1,-2.585618881E0,-1.321892322E0,2.985981755E0
2.469566817E1,8.980636194E-1,-4.346555530E0,5.558111769E-1,4.473029097E0
2.470563817E1,1.963044927E0,-4.966391087E-1,7.754349357E-1,2.168293137E0
2.471560817E1,2.124535083E0,-7.167078406E-2,1.723193164E0,2.736454037E0
2.472557817E1,5.475671875E-1,-1.393650522E0,1.602318352E0,2.193060807E0
2.473554817E1,1.152665934E0,-6.075467563E-1,-1.047674280E0,1.671936964E0
2.474551817E1,7.150418957E-1,3.918716222E-2,-4.552626904E0,4.608604157E0
2.475548817E1,-5.910483988E-1,2.745030937E-1,-4.564881499E0,4.611163981E0
2.476545817E1,-8.887467208E-2,-1.288034312E0,-1.565551645E0,2.029256773E0
2.477542817E1,-1.118013653E0,-1.537914196E0,-1.488312850E0,2.414582726E0
2.478539817E1,-9.756661754E-3,2.619891751E-1,-3.958603588E0,3.967275626E0
2.479536717E1,3.452777919E-1,4.078751883E0,-3.135396901E0,5.156175657E0
2.480533717E1,1.080709440E0,4.794456926E0,1.964426478E0,5.292799023E0
2.481530717E1,1.889359777E0,3.553463464E0,1.813677072E0,4.414318462E0
2.482527717E1,2.110581141E0,1.100711449E0,-1.596645969E0,2.866251349E0
2.483524717E1,2.903050770E0,-1.894389990E0,-4.098909867E0,5.368191437E0
2.484521717E1,2.588634290E0,-3.888772631E0,-3.590502652E0,5.891968207E0
2.485518717E1,1.695764460E0,-3.092463720E0,-1.040097458E0,3.677057476E0
2.486515717E1,2.055008326E0,-1.151011830E0,1.222630574E0,2.653811028E0
2.487512717E1,1.889462834E0,9.579423237E-1,3.866678342E0,4.408959593E0
2.488509617E1,1.312556219E0,7.111810523E-1,3.077718211E0,3.420662466E0
2.489506533E1,1.196997550E0,3.556747261E-1,9.339073437E-1,1.559323754E0
2.490503533E1,1.793106567E0,2.315760523E-1,-3.090061684E0,3.580131260E0
2.491500533E1,2.464842303E0,-1.196471885E-1,-8.183874124E0,8.547839418E0
2.492497533E1,2.586134898E0,-2.520022769E0,-1.150218655E1,1.205565858E1
2.493494533E1,-9.626746946E-1,-1.140091979E1,1.704893952E1,2.053226859E1
2.494491533E1,-5.701891294E0,-8.015602952E0,3.340857183E1,3.482662956E1
2.495488533E1,8.859164675E-1,1.180443146E1,1.314031910E1,1.768608029E1
2.496485533E1,6.630505738E0,1.168308303E1,-5.856238491E0,1.465447251E1
2.497482533E1,-1.856042196E-1,-5.131328761E0,-7.674486916E0,9.233782172E0
2.498479433E1,1.996899063E-2,-5.836107112E0,-1.152238985E1,1.291611446E1
2.499476433E1,-1.702951419E0,4.673369569E-1,-8.004901963E0,8.197371701E0
2.500473433E1,-2.275397778E0,3.626832280E0,1.533178536E0,4.547744920E0
2.501470433E1,2.024500479E0,-8.388906741E-1,4.404992310E0,4.919989533E0
2.502467433E1,9.229804326E-1,-2.235075964E0,-3.114009540E0,3.942653023E0
2.503464433E1,7.079846719E-1,-2.435046646E-1,-8.233135162E0,8.267106593E0
2.504461433E1,5.537116976E-1,1.955542803E-2,8.048780054E-1,9.771426008E-1
2.505458433E1,-1.832456867E0,2.514209175E-1,8.166832414E0,8.373664809E0
2.506455433E1,-9.056057967E-1,3.908692340E0,1.316119950E0,4.222578524E0
2.507452333E1,1.037338011E0,5.562471453E0,-2.972347292E0,6.391557497E0
2.508449333E1,4.148908677E-1,1.707258039E0,-3.037742552E0,3.509236991E0
2.509446333E1,-5.314248889E-1,-1.901228601E0,-3.404660012E0,3.935580314E0
2.510443333E1,-9.916322261E-1,-4.844847938E0,-5.586219335E-1,4.976740347E0
2.511440333E1,-1.960941098E0,-9.961217183E-1,-1.368885224E0,2.590636066E0
2.512437333E1,-1.341718476E0,7.991609488E0,-1.226640594E0,8.195771948E0
2.513434333E1,-2.255302798E0,1.094127485E1,3.638867311E0,1.174901023E1
2.514431333E1,-3.555673712E0,-2.462242046E-1,7.181238608E0,8.017083625E0
2.515428333E1,-1.331165860E0,-1.073000208E1,5.362207825E0,1.206889473E1
2.516425233E1,3.271066922E0,-1.180587924E1,-3.725923582E0,1.280473232E1
2.517422233E1,2.342853743E0,-3.453000990E0,-7.411938162E0,8.505821937E0
2.518419233E1,-2.321208228E0,1.665955062E0,2.169591826E-1,2.865394422E0
2.519416233E1,-3.364965604E0,-4.745647001E-1,7.919965308E0,8.618239707E0
2.520413233E1,-1.434492592E0,-3.352804565E0,8.324599063E0,9.088345120E0
2.521410233E1,-6.509490301E-1,1.008907825E-2,8.260630524E-1,1.051768319E0
2.522407233E1,-1.492539510E0,2.554534498E0,-2.484479007E0,3.863412562E0
2.523404233E1,-1.122188053E0,3.105271461E0,-4.853266175E0,5.869941178E0
2.524401233E1,-1.814684401E0,8.186809427E-1,-3.631445441E0,4.141342047E0
2.525398133E1,-1.559196306E0,-5.867879713E-1,-1.542928183E0,2.270691662E0
2.526395133E1,-1.785142221E0,-3.074204327E0,2.389663482E-1,3.562943995E0
2.527392133E1,-1.651697942E0,-1.327731351E0,-2.378404668E0,3.185558883E0
2.528389133E1,-1.509564117E0,-7.062951189E-1,-3.210274590E0,3.617112047E0
2.529386133E1,-1.841767681E0,-5.948869497E-2,-2.914561014E0,3.448233316E0
2.530383133E1,-1.795269306E0,7.388480303E-1,-1.318664659E0,2.346862752E0
2.531380133E1,-2.352378565E0,7.204883578E-1,-3.849591023E0,4.568603663E0
2.532377133E1,-2.398334172E0,-1.928078431E-1,-3.321375196E0,4.101306482E0
2.533374133E1,-1.448788011E0,-2.250442154E0,-7.314130032E-1,2.774606562E0
2.534371033E1,-6.705216343E-1,-4.864873190E0,6.798549453E0,8.386707643E0
2.535368033E1,1.008011227E0,-1.780251171E0,-2.011851490E-1,2.055688773E0
2.536365033E1,-3.732624198E-1,2.367591120E0,-1.255262247E1,1.277940309E1
2.537362033E1,-2.182157493E-1,7.809006205E-1,-1.433880184E1,1.436170819E1
2.538359033E1,-4.510368931E-1,-6.444628015E0,4.193623066E-3,6.460393340E0
2.539356033E1,-7.345897955E-1,-8.260346349E0,3.572010715E1,3.667013770E1
2.540353033E1,3.389748589E-1,5.050350087E0,2.291620410E1,2.346856089E1
2.541350033E1,-3.336858038E0,1.170628127E1,-9.161220433E0,1.523481548E1
2.542347033E1,-2.342483176E0,-7.139041007E-1,-1.619137985E1,1.637552039E1
2.543344033E1,-1.668377271E0,-1.043615260E1,-2.831997744E0,1.094152526E1
2.544340933E1,-4.375026792E0,-8.304771155E0,2.239472602E1,2.428237709E1
2.545337933E1,-9.010883110E-1,3.292520064E0,1.964278309E1,1.993719078E1
2.546334933E1,1.602923539E-1,1.143663341E1,2.682944616E0,1.174821132E1
2.547331933E1,-3.326936190E0,5.401084793E0,-7.596862789E0,9.897097837E0
2.548328933E1,2.883218184E-2,-1.718374181E0,-1.609995981E1,1.619142819E1
2.549325933E1,-7.839503820E-1,-3.732383586E0,-1.038491695E1,1.106308120E1
2.550322933E1,-2.681582215E0,-2.029741046E-1,-2.903731971E0,3.957744436E0
2.551319933E1,3.804080828E-1,-9.190770507E-2,4.667124158E0,4.683503522E0
2.552316933E1,7.869481033E-1,6.885780555E-1,2.970463904E0,3.149140019E0
2.553313833E1,1.955410656E0,5.422797843E0,-3.401667992E0,6.693408131E0
2.554310833E1,1.824183203E0,3.502327517E0,-2.590068027E0,4.722541136E0
2.555307833E1,-4.202091296E-1,-3.734840001E0,-2.499573594E0,4.513698450E0
2.556304833E1,-1.045627097E0,-8.744265425E0,-4.628972245E0,9.949014921E0
2.557301833E1,-1.302338063E0,1.878332659E0,-7.826894592E0,8.153802608E0
2.558298833E1,-1.825999494E0,1.899340068E1,-7.466858135E0,2.048993689E1
2.559295833E1,-7.792943173E-1,1.607705860E1,1.165596247E0,1.613808314E1
2.560292833E1,-1.721223237E0,-3.384237734E0,1.480037870E1,1.527962317E1
2.561289833E1,-1.235310261E0,-1.537574589E1,1.217019235E1,1.964823491E1
2.562286733E1,-1.398939913E0,-1.869592826E0,-7.683715577E0,8.030684608E0
2.563283733E1,-1.947462828E0,1.492278315E1,-1.729918397E1,2.292910453E1
2.564280733E1,-4.285691277E0,7.460862985E0,-5.458682790E0,1.018964396E1
2.565277733E1,-2.279268196E0,-2.197229276E1,1.760234106E1,2.824569212E1
2.566274733E1,2.798827952E0,-3.578937795E1,2.234210108E1,4.228335952E1
2.567271733E1,2.056141078E0,6.842701194E-1,-1.083306627E0,2.422704063E0
2.568268733E1,-1.366252808E0,1.496990703E1,-6.680288347E0,1.644965092E1
2.569265733E1,-3.961996581E-1,-5.188523301E0,5.576638087E0,7.627361311E0
2.570262733E1,-7.197122861E-1,-6.641909562E0,4.964688962E0,8.323525990E0
2.571259633E1,-2.791947533E-1,2.580309902E0,1.780863667E0,3.147606122E0
2.572256633E1,-3.033878712E0,4.591427858E0,4.345738381E-1,5.520369936E0
2.573253633E1,-2.866507719E0,-1.557156798E0,-1.424570013E0,3.559635307E0
2.574250633E1,-2.555547820E0,-4.945000218E0,-4.718049898E0,7.296838127E0
2.575247633E1,-4.133649344E0,-2.276419287E0,-4.577494528E0,6.574389540E0
2.576244633E1,-3.404743043E0,1.345089103E0,-3.226137502E0,4.879498239E0
2.577241633E1,-2.507534578E0,2.318564263E-1,-1.412048786E0,2.887103884E0
2.578238633E1,-2.144238884E0,-1.724458209E0,-3.880919820E-1,2.778872414E0
2.579235633E1,-1.194655301E0,2.056144733E0,-3.167349011E-1,2.399010931E0
2.580232633E1,-2.481906232E0,5.595740941E0,2.727761185E-1,6.127526583E0
2.581229533E1,-2.108884864E0,2.668500532E0,6.339019114E0,7.193848329E0
2.582226533E1,-1.384500506E0,-3.661472062E0,1.234273432E1,1.294860262E1
2.583223533E1,-2.045188220E0,-3.089431061E0,7.321060152E0,8.205199625E0
2.584220533E1,-3.348910027E0,5.012057841E0,-4.934430791E0,7.790027561E0
2.585217533E1,-5.011679526E0,6.771897844E0,-1.017250632E1,1.320815721E1
2.586214533E1,-3.527366756E0,1.306210382E0,-8.290466527E0,9.103863851E0
2.587211533E1,-2.456604161E0,-2.470404759E0,-6.447662135E0,7.328720944E0
2.588208533E1,-5.156247255E-1,-2.603547029E0,5.765610741E0,6.347172064E0
2.589205533E1,-4.926661449E-1,5.406388217E-1,1.592943629E1,1.594622058E1
2.590202517E1,-3.718898444E0,3.459961224E0,8.030142639E0,9.501827619E0
2.591199517E1,-6.986359242E-1,5.164699405E0,-7.543595240E0,9.168862593E0
2.592196517E1,1.852961444E0,2.135593483E0,-1.195339396E1,1.228323462E1
2.593193517E1,4.746346109E-1,-1.227960018E0,-9.338988653E0,9.431324026E0
2.594190517E1,1.402686516E0,-3.716718895E0,-2.074533057E0,4.481653290E0
2.595187517E1,1.875706967E0,-2.845244904E0,4.643866273E0,5.760137945E0
2.596184517E1,1.767390513E0,3.127549645E0,2.077812760E0,4.150005045E0
2.597181517E1,8.204679248E-1,6.444568373E0,-2.539971423E0,6.975462992E0
2.598178517E1,1.509440010E0,1.617819321E0,-2.498343340E0,3.337284516E0
2.599175417E1,9.383224301E-1,-4.043831727E0,-1.102220031E0,4.295103376E0
2.600172417E1,1.052546180E0,-3.848743177E0,-2.753596523E0,4.847986315E0
2.601169417E1,7.673955989E-1,4.437588199E0,-4.529837966E0,6.387528241E0
2.602166417E1,2.482853298E-1,4.395580047E0,-8.407571054E-1,4.482147038E0
2.603163417E1,2.645505296E-1,-4.828962808E0,6.726929832E0,8.284953455E0
2.604160417E1,1.057169427E0,-9.161343809E0,9.780834088E0,1.344293655E1
2.605157417E1,1.291085389E0,-8.944129103E0,5.021788192E0,1.033840914E1
2.606154417E1,-1.930967504E-1,4.300337675E-1,-2.286927318E0,2.335005772E0
2.607151417E1,-4.922342184E-1,-1.189454057E0,7.229930127E-1,1.476419444E0
2.608148317E1,5.249496823E-1,-1.962706811E0,6.744124739E0,7.043508266E0
2.609145317E1,1.382226378E0,-2.482701454E0,6.225625230E0,6.843446922E0
2.610142317E1,1.742937311E0,-1.777118526E0,2.572626953E0,3.579719285E0
2.611139317E1,5.893655701E-1,-2.827605316E-1,-1.450150412E-1,6.695779683E-1
2.612136317E1,-2.196195744E-1,-1.080775368E0,4.079485416E-2,1.103617856E0
2.613133317E1,-4.694624197E-1,-4.863602883E-1,-9.047835320E-1,1.129413358E0
2.614130317E1,1.220783511E-1,2.554702313E0,-1.553413995E0,2.992407404E0
2.615127317E1,3.471343560E-1,3.184219982E0,-1.033986533E0,3.365841248E0
2.616124317E1,1.298084616E-1,4.380383134E-2,-1.019906437E-1,1.707955027E-1
2.617121217E1,3.522802347E-1,-1.632408124E0,-1.279447383E0,2.103768821E0
2.618118217E1,-2.186723437E-2,-4.446906906E-1,-3.884997668E0,3.910426431E0
2.619115217E1,4.303651219E-1,9.298841670E-1,-4.566428087E0,4.679974805E0
2.620112217E1,8.659817744E-1,-8.808274895E-1,-2.263803919E0,2.578873724E0
2.621109217E1,2.049914671E-1,-1.807656194E0,1.076247284E0,2.113752737E0
2.622106217E1,5.570893417E-1,1.132569712E0,3.353277020E0,3.582949826E0
2.623103217E1,9.409853252E-1,5.856314505E0,1.698718473E0,6.169887958E0
2.624100217E1,9.587059700E-1,5.763682330E0,-4.655786991E-1,5.861391870E0
2.625097217E1,7.239075172E-1,2.138670580E0,-2.740156113E0,3.550550587E0
2.626094117E1,1.116021799E0,-7.965509856E-1,-4.003721874E0,4.231995625E0
2.627091117E1,1.234061880E0,-7.831658319E-1,-3.092445009E0,3.420449324E0
2.628088117E1,1.602474327E0,6.876182351E-1,-8.219816959E-1,1.927795818E0
2.629085117E1,1.035347618E0,-5.332900411E-1,4.379720644E0,4.531919668E0
2.630082117E1,5.500396096E-1,-7.238408589E-1,7.372194053E0,7.428037043E0
2.631079117E1,8.756341387E-1,2.006606537E0,3.603458328E0,4.216410423E0
2.632076117E1,1.364931337E0,3.365409992E0,-1.322305720E0,3.864908070E0
2.633073117E1,1.302303126E0,-2.273324355E-1,-2.811447705E0,3.106752592E0
2.634070117E1,6.327810732E-1,-3.331446440E0,-5.243655528E0,6.244587301E0
2.635067017E1,1.118646906E-1,-2.746513206E0,-6.293228399E0,6.867355545E0
2.636064017E1,-7.420847565E-4,-3.750181925E-1,-5.909416578E0,5.921304205E0
2.637061017E1,2.863326687E-1,-3.795617715E-1,-6.205830066E0,6.224016416E0
2.638058017E1,1.858479754E-1,-4.561082563E0,-3.959298238E0,6.042686170E0
2.639055017E1,-1.542426492E0,-9.515082815E0,1.615775485E1,1.881459334E1
2.640052017E1,-8.449899779E-1,-5.293183783E0,3.282393446E1,3.325872031E1
2.641049017E1,-1.218968828E0,1.034484832E1,1.216560345E1,1.601573224E1
2.642046017E1,1.702541968E0,1.073451613E1,-3.252030142E0,1.134478672E1
2.643043017E1,1.433268770E-1,-5.770828797E0,8.865226775E-1,5.840285100E0
2.644039917E1,6.759841762E-2,-7.121341485E0,-5.685694506E0,9.112913700E0
2.645036917E1,2.856440860E0,1.451775061E0,-1.072286965E1,1.119137340E1
2.646033917E1,6.556540652E-1,4.667802435E0,-1.296172408E1,1.379219174E1
2.647030917E1,1.297951774E0,-1.648361083E0,-8.545891618E0,8.799661164E0
2.648027917E1,6.279671337E-1,-6.001635940E0,1.549895725E0,6.230261105E0
2.649024917E1,4.602337593E-1,-1.876247250E0,1.097918819E1,1.114785595E1
2.650021917E1,1.568574363E0,4.801134447E0,9.750602229E0,1.098114572E1
2.651018917E1,2.095802011E0,2.874225166E0,1.309706724E0,3.790631620E0
2.652015917E1,-2.814123099E-1,-3.772649851E0,-2.775839916E0,4.692266726E0
2.653012817E1,-3.229870364E-1,-4.956492920E0,-1.597634733E-1,4.969574132E0
2.654009817E1,1.883474408E-1,-6.950240260E-1,2.025614081E0,2.149801284E0
2.655006817E1,6.454498699E-1,1.493742867E0,-3.291456163E-1,1.660183762E0
2.656003817E1,1.706858090E0,-1.988245988E0,-4.763659934E0,5.436813645E0
2.657000817E1,7.029016142E-1,-5.771219975E0,-4.127350139E0,7.129941785E0
2.657997817E1,9.310449855E-1,-1.123934251E-1,-2.668223666E0,2.828231705E0
2.658994817E1,1.962469122E0,1.570327768E1,-4.440032920E0,1.643648707E1
2.659991817E1,2.620361282E0,2.231235746E1,-4.304421955E0,2.287434452E1
2.660988717E1,-2.900071321E-1,4.178522047E0,1.109844216E0,4.333117217E0
2.661985717E1,-1.229052570E0,-1.709987929E1,8.850104122E0,1.929354257E1
2.662982717E1,1.869550872E0,-2.122037825E1,7.899735112E0,2.272015599E1
2.663979717E1,4.018882535E0,-5.803469709E0,-1.307049749E0,7.179140376E0
2.664976717E1,2.746539518E-1,5.381563278E0,-9.544584357E0,1.096064545E1
2.665973717E1,4.029456639E-1,4.871867922E-1,-6.590887928E-1,9.132985357E-1
2.666970717E1,1.066407297E0,-1.413389260E0,7.651528993E0,7.853711839E0
2.667967717E1,2.527940484E0,3.893639561E0,6.841543445E0,8.267867248E0
2.668964717E1,2.381783189E0,6.307903156E0,9.643005860E-1,6.811197325E0
2.669961617E1,-4.856068745E-1,1.831325431E0,-3.785316090E0,4.232987688E0
2.670958617E1,-2.418538494E-1,-4.113929610E0,-4.026532447E0,5.761586037E0
2.671955617E1,-6.997748157E-1,-3.109356034E0,-3.359593767E-1,3.204785241E0
2.672952617E1,-4.086350048E-1,3.932582894E-1,3.324944921E0,3.372965072E0
2.673949617E1,9.499839708E-1,3.127128938E-1,3.367530777E0,3.512907974E0
2.674946617E1,9.538171130E-1,-1.919238610E0,1.411611999E0,2.566299352E0
2.675943617E1,9.606339432E-1,-1.462230175E0,4.846347749E-1,1.815435354E0
2.676940617E1,1.859007611E0,6.939013606E-1,-3.801567256E-2,1.984654526E0
2.677937617E1,1.796508624E0,2.620765910E-1,-9.789291501E-2,1.818161268E0
2.678934517E1,1.991703300E0,-1.297675201E0,-1.624590397E-2,2.377205690E0
2.679931517E1,8.456855042E-1,-2.668296464E0,-7.506433260E-1,2.898008867E0
2.680928517E1,5.823062266E-1,-2.157062997E0,-7.232052666E-1,2.348409499E0
2.681925517E1,5.636649377E-1,-1.143133584E-1,-6.323214090E-1,8.547608263E-1
2.682922517E1,5.213422061E-1,3.700404578E-1,3.413212734E-1,7.247260503E-1
2.683919517E1,2.871672857E-1,7.446148467E-1,6.469493884E-1,1.027355747E0
2.684916517E1,3.894144760E-1,1.257565641E0,8.332983971E-2,1.319112898E0
2.685913517E1,2.680677212E-1,-1.988176113E-1,2.406047380E-1,4.114357613E-1
2.686910417E1,5.479993699E-1,-1.133611978E0,-1.916006269E0,2.292696982E0
2.687907417E1,6.655218995E-1,-2.707769555E-1,-3.056406865E0,3.139723313E0
2.688904417E1,1.283929859E0,1.340135342E0,-2.064766452E0,2.776274324E0
2.689901379E1,1.097299526E0,3.173511976E-1,2.067762566E-1,1.160833516E0
2.690898379E1,1.186847880E0,-1.349869787E0,1.376106536E0,2.263719401E0
2.691895379E1,1.495985859E0,4.023925173E-1,-1.564714909E-1,1.557041025E0
2.692892379E1,1.460741766E0,1.993242433E0,-3.828979003E-1,2.500678450E0
2.693889379E1,8.878404207E-1,5.041445947E-1,1.949495028E0,2.200671090E0
2.694886379E1,1.169895413E0,-2.222124381E0,1.994626177E0,3.207027538E0
2.695883279E1,1.201177212E0,-1.675110632E0,4.690121841E-1,2.113952401E0
2.696880279E1,1.194968493E0,9.990406483E-1,-1.253448908E0,1.999291395E0
2.697877279E1,1.064792150E0,1.213295201E0,7.778241080E-1,1.791892271E0
2.698874279E1,1.100170582E0,2.746238387E-1,1.453904325E-1,1.143211240E0
2.699871279E1,9.391262030E-1,-6.316486868E-1,3.491419244E-1,1.184414696E0
2.700868279E1,4.336613070E-1,6.699184209E-2,9.315842450E-1,1.029756885E0
2.701865279E1,4.803273504E-1,5.162711352E-2,2.073675855E0,2.129204376E0
2.702862279E1,5.320304777E-1,4.916920719E-1,-7.099051899E-1,1.014289358E0
2.703859179E1,-2.637905560E-1,-7.287294236E-1,2.681597418E-1,8.200863841E-1
2.704856179E1,6.351013946E-1,-2.347943598E-1,-2.420086545E-1,7.190621403E-1
2.705853179E1,5.118639426E-1,2.345911691E-1,-1.937384859E0,2.017547473E0
2.706850179E1,1.374154150E-2,-4.761873025E-1,-1.725064273E0,1.789634019E0
2.707847179E1,1.460556263E-1,-2.377999748E0,6.260110939E-1,2.463352378E0
2.708844179E1,3.250379473E-1,-2.121759556E0,2.859338740E0,3.575378485E0
2.709841179E1,2.610756938E-1,-5.174709839E-1,5.515716532E0,5.546085610E0
2.710838179E1,3.194122680E-1,-4.508554101E-2,8.848751661E0,8.854629459E0
2.711835079E1,-5.838746691E-1,8.780225801E-1,6.080386240E0,6.171136857E0
2.712832079E1,-4.658681363E-2,1.924714528E0,-1.618347325E0,2.515103260E0
2.713829079E1,1.507306507E0,2.750011887E0,-7.906436021E0,8.505660988E0
2.714826079E1,1.092759748E0,1.682532211E0,-1.339736153E1,1.354674627E1
2.715823079E1,1.017312101E0,-1.774784902E0,-1.182128665E1,1.199698310E1
2.716820079E1,-2.403508227E-1,-4.802557074E0,-7.156572129E0,8.621997889E0
2.717817079E1,-1.758196643E0,-4.903825294E0,-1.823776383E0,5.519503442E0
2.718814079E1,-1.340533684E0,-2.326658271E0,1.492829122E1,1.516786894E1
2.719810979E1,5.209201102E-1,2.138867632E-1,1.717140126E1,1.718063231E1
2.720807979E1,1.833599997E0,3.372043366E0,9.023405653E-1,3.942966385E0
2.721804979E1,-6.395147999E-1,4.051411765E0,-1.058973790E1,1.135629628E1
2.722801979E1,4.660465495E-1,-1.540979014E0,-3.815560813E0,4.141294487E0
2.723798979E1,1.281840649E0,-3.177268812E0,1.012053627E-1,3.427593190E0
2.724795979E1,1.476339799E0,-2.764931350E0,9.345423514E-1,3.270748229E0
2.725792979E1,1.123285356E0,-2.858700809E-1,-5.491804343E-1,1.282610948E0
2.726789979E1,3.727054726E-1,1.467378356E0,4.053593946E-1,1.567298583E0
2.727786879E1,-2.763152189E-1,5.036940667E-1,2.284610066E0,2.355737882E0
2.728783879E1,1.716800988E-2,-5.583006290E-1,3.485866728E0,3.530334428E0
2.729780879E1,2.950375649E-1,1.194260468E0,3.254283074E0,3.479031986E0
2.730777879E1,-8.345116943E-2,3.596740169E0,1.518783275E0,3.905151288E0
2.731774879E1,4.732006909E-1,3.080430150E-1,3.943942280E0,3.984154879E0
2.732771879E1,1.440294930E-1,-3.043774247E0,2.620160723E0,4.018774487E0
2.733768879E1,1.077536083E0,-1.947801674E0,-4.970232707E-1,2.280799751E0
2.734765779E1,7.256704527E-1,-5.253527382E-1,-1.701946721E0,1.923334538E0
2.735762779E1,1.837637208E0,-4.013265699E-1,-4.237235109E0,4.635961053E0
2.736759779E1,2.167307904E0,-2.084228910E0,-5.860657232E0,6.586997562E0
2.737756779E1,1.683362808E0,-2.705547321E0,-5.358952096E0,6.234746523E0
2.738753779E1,1.757257873E0,-4.683999807E-2,-2.928917098E-1,1.782115252E0
2.739750779E1,2.725738779E-1,5.083825396E0,4.624207349E0,6.877708251E0
2.740747779E1,9.523265116E-2,6.036623340E0,5.239402848E0,7.993824667E0
2.741744779E1,-6.203859993E-1,1.318963451E0,2.431906106E0,2.835262013E0
2.742741679E1,-7.823633015E-1,-3.378370053E0,-1.138729461E0,3.649956348E0
2.743738679E1,-3.257790819E-2,-3.540716242E0,-3.681622152E0,5.108040182E0
2.744735679E1,8.491832355E-1,-2.788390964E-1,-3.383918184E0,3.499966526E0
2.745732679E1,7.400157923E-1,1.032392289E0,2.538188607E-1,1.295330547E0
2.746729679E1,1.732262049E0,1.414837323E0,1.206560086E0,2.541315348E0
2.747726679E1,1.665483777E0,1.126972172E0,1.050098535E0,2.268613987E0
2.748723679E1,8.066517583E-1,2.292236005E0,-4.106791914E-1,2.464485821E0
2.749720679E1,7.792403036E-1,1.573963450E0,-6.432106787E-1,1.870373323E0
2.750717579E1,9.880606737E-1,-3.517597228E-1,-1.897786930E0,2.168315943E0
2.751714579E1,1.374060595E0,-2.718731622E0,-1.509531226E0,3.399739501E0
2.752711579E1,1.115514772E0,-2.395771191E0,9.164832258E-1,2.797147531E0
2.753708579E1,-1.568810883E-1,-1.223483390E0,2.890103865E0,3.142327741E0
2.754705579E1,6.113629416E-1,-7.359583363E-1,3.626653063E0,3.750734829E0
2.755702579E1,7.726810433E-2,-1.471203605E0,2.199286326E0,2.647124997E0
2.756699579E1,5.812993361E-1,-1.853836041E0,3.868588042E-1,1.980978728E0
2.757696479E1,3.784350861E-1,-6.421859542E-1,-5.465164429E-1,9.242814163E-1
2.758693479E1,-1.562837952E-1,8.930101633E-2,-1.679860033E0,1.689475963E0
2.759690479E1,7.472083792E-3,6.441836554E-1,-9.190244257E-1,1.122334312E0
2.760687479E1,-1.118453948E-1,2.983951092E-1,5.239380044E-1,6.132373651E-1
2.761684479E1,6.777148790E-1,1.919611663E-1,1.453487418E0,1.615169410E0
2.762681479E1,1.072957567E0,-6.926550266E-1,7.888700831E-1,1.501107902E0
2.763678479E1,1.735494829E0,-1.472970341E0,-5.309751284E-1,2.337417060E0
2.764675379E1,1.619823162E0,-1.572518895E0,-1.872196006E0,2.932875830E0
2.765672379E1,1.138955529E0,-1.391522427E0,-1.745416092E0,2.505999141E0
2.766669379E1,1.151994016E0,-1.326139154E0,4.127210391E-1,1.804459455E0
2.767666379E1,1.294172719E0,4.447251892E-1,1.583920673E0,2.093195695E0
2.768663379E1,1.584138482E0,4.955401245E-1,2.240781092E0,2.788575738E0
2.769660379E1,1.816182019E0,3.103017944E-1,1.423346776E0,2.328244054E0
2.770657379E1,1.473847131E0,-2.244009340E-1,3.140147763E-1,1.523544034E0
2.771654279E1,1.484048329E0,-2.562659204E-2,-1.264473249E0,1.949858652E0
2.772651279E1,1.125380194E0,3.269280598E-1,-1.244844730E0,1.709678608E0
2.773648279E1,1.365300881E0,1.032256634E0,-7.468022901E-1,1.867435117E0
2.774645279E1,1.669253623E0,1.006582972E0,2.081409967E-1,1.960341708E0
2.775642279E1,1.077151994E0,3.489855114E-1,1.604464281E-1,1.143586622E0
2.776639279E1,6.383355626E-1,1.405372435E-1,-1.514838159E-1,6.709473555E-1
2.777636279E1,7.184986234E-1,1.068067029E-1,1.506733918E-1,7.418560606E-1
2.778633279E1,9.432499518E-1,4.320726916E-1,-1.859297633E-2,1.037667086E0
2.779630179E1,1.162365149E0,7.030832434E-1,-5.645533490E-1,1.471101380E0
2.780627179E1,7.532256027E-1,5.614028692E-1,-5.799631011E-1,1.104028618E0
2.781624179E1,3.399683008E-1,2.686745891E-1,-4.651699787E-1,6.357260334E-1
2.782621179E1,3.109683770E-1,-5.232907176E-2,1.324733484E-1,3.420363303E-1
2.783618179E1,-2.691780344E-2,-3.173798490E-1,3.978211641E-1,5.096236016E-1
2.784615179E1,2.103499286E-1,-6.389837265E-1,1.043732087E0,1.241742310E0
2.785612179E1,-6.779203355E-2,-1.037069477E0,1.612991860E0,1.918815155E0
2.786609079E1,-2.200124525E-2,-5.673971424E-1,2.448147917E0,2.513135849E0
2.787606079E1,2.389872520E-1,6.582888937E-1,2.220183690E0,2.328019500E0
2.788603079E1,9.235326290E-2,1.108310491E0,4.220385772E-1,1.189536813E0
2.789600079E1,-4.306576654E-2,3.416203585E-1,2.678667963E-2,3.453645260E-1
2.790597054E1,2.221178155E-1,-1.338573843E-2,-1.006941406E0,1.031235423E0
2.791594054E1,-4.417250559E-1,-4.319563320E-1,-1.031402648E0,1.202288950E0
2.792591054E1,-6.200929807E-1,-5.198294583E-1,-1.596858807E0,1.790166478E0
2.793587954E1,-3.148858653E-1,-8.934984058E-1,-2.098230067E0,2.302186336E0
2.794584954E1,-8.062010110E-1,-1.461280587E0,-3.754193115E0,4.108438508E0
2.795581954E1,-6.944814775E-1,-2.094677592E0,-1.690602538E0,2.779948862E0
2.796578954E1,-5.756398161E-1,-2.451587542E0,1.685869217E0,3.030478129E0
2.797575954E1,3.273475975E-2,-1.228508487E0,3.257861570E0,3.481948690E0
2.798572954E1,4.111205830E-1,-1.704442897E-1,2.911583027E0,2.945401011E0
2.799569954E1,6.611722288E-1,3.283173582E-1,1.163821617E0,1.378195110E0
2.800566854E1,7.397115909E-1,-3.553566375E-1,4.665838355E-1,9.440085027E-1
2.801563854E1,6.151022360E-1,-2.378647327E-1,2.098168087E-1,6.920646538E-1
2.802560854E1,2.503598671E-1,-4.221017271E-2,2.714523089E-1,3.716828188E-1
2.803557854E1,-1.166822482E-1,9.896851033E-2,-8.767899871E-3,1.532526970E-1
2.804554854E1,3.778047562E-1,1.712114444E-1,3.811495829E-1,5.633158946E-1
2.805551854E1,8.446256232E-1,1.530707502E0,9.248558539E-1,1.977831199E0
2.806548854E1,6.254473492E-1,1.738687408E0,1.025139695E0,2.113085347E0
2.807545754E1,6.111829570E-1,1.661399789E0,4.518441743E-1,1.827007669E0
2.808542754E1,1.016281456E0,8.346382865E-1,-5.016887641E-1,1.407529994E0
2.809539754E1,1.248123703E0,1.394300732E-1,-1.847924214E0,2.234295733E0
2.810536754E1,7.750462420E-1,4.268905967E-2,-2.126900720E0,2.264116981E0
2.811533754E1,1.232895653E0,4.341616094E-2,-1.660123342E0,2.068314813E0
2.812530754E1,1.103547495E0,-1.022504355E0,-1.283826363E-1,1.509905405E0
2.813527754E1,4.228505362E-1,-1.226442958E0,4.438972235E-1,1.371134439E0
2.814524654E1,-9.509790938E-2,-1.144465579E0,1.430536512E0,1.834469893E0
2.815521654E1,-3.081386170E-1,-9.345902985E-1,2.102109695E0,2.321050108E0
2.816518654E1,-3.735839071E-1,2.274458715E-1,1.778589685E0,1.831577961E0
2.817515654E1,-3.767444368E-1,6.902374953E-1,9.751746529E-1,1.252728931E0
2.818512654E1,-1.891514695E-1,1.158998542E0,-1.800655907E-1,1.188057033E0
2.819509654E1,-2.836465310E-1,6.955277637E-1,-1.126504687E0,1.353967147E0
2.820506654E1,-4.422071223E-1,-3.144261280E-1,-1.479301706E0,1.575672703E0
2.821503554E1,-2.196130511E-1,-7.509348097E-1,-8.392403376E-1,1.147369742E0
2.822500554E1,2.576129727E-1,-7.320003560E-1,-6.326582086E-1,1.001221940E0
2.823497554E1,7.181148268E-1,-4.040659904E-2,-1.614244918E0,1.767231805E0
2.824494554E1,1.091083132E0,-5.054540786E-1,-1.038127531E0,1.588601585E0
2.825491554E1,1.082167809E0,-9.986959550E-1,3.368493229E-1,1.510611877E0
2.826488554E1,9.924722517E-1,-6.082133389E-1,2.148248320E0,2.443336956E0
2.827485554E1,1.190548802E0,-2.453140855E-2,2.902653159E0,3.137419896E0
2.828482454E1,1.035428822E0,-1.817773631E-1,1.665242579E0,1.969311733E0
2.829479454E1,1.836235484E-1,-1.008190664E0,1.236170971E0,1.605703799E0
2.830476454E1,-3.811025859E-1,-1.550429284E0,1.559131987E0,2.231583003E0
2.831473454E1,2.523139701E-1,-6.544010800E-1,-2.344207227E-1,7.394972537E-1
2.832470454E1,-2.467997168E-1,-5.238111198E-2,-9.548058772E-1,9.875769055E-1
2.833467454E1,-7.870360308E-1,1.058549809E0,-2.411043826E0,2.748287783E0
2.834464354E1,-4.360388215E-1,-4.353874782E-1,-1.858011246E0,1.957523410E0
2.835461354E1,-1.136194400E0,-8.408734649E-1,7.490850431E-1,1.599729446E0
2.836458354E1,-9.065914180E-1,5.530170849E-1,1.063608527E0,1.502996671E0
2.837455354E1,-4.727872562E-1,1.435595231E0,7.944565129E-1,1.707519431E0
2.838452354E1,-6.281731749E-1,3.143691176E-1,-1.340720356E0,1.513591937E0
2.839449354E1,-8.656113533E-1,-2.683163010E0,2.486084653E0,3.758891279E0
2.840446354E1,-8.717398931E-1,-9.585419556E-1,1.774916464E0,2.197512588E0
2.841443254E1,-1.071891327E0,7.670593840E-1,1.976205693E0,2.375441024E0
2.842440254E1,-4.675682142E-1,1.560011116E0,6.987171274E-1,1.772134403E0
2.843437254E1,-5.682972847E-2,-4.681193143E-2,-4.276361167E-2,8.514517864E-2
2.844434254E1,-5.039363607E-1,-3.162919745E-1,-2.202638535E0,2.281580370E0
2.845431254E1,-4.162931031E-1,5.782235545E-1,-4.367762504E0,4.425493387E0
2.846428254E1,-1.057329714E0,8.755027226E-1,-4.012692087E0,4.241008009E0
2.847425254E1,-1.832127376E0,-1.960686306E0,2.712999889E0,3.815933688E0
2.848422154E1,-8.525114706E-1,-2.421105422E0,6.412866524E0,6.907487555E0
2.849419154E1,-2.231695469E-1,2.878952933E0,7.452235419E-1,2.982202670E0
2.850416154E1,-2.748665566E0,2.886138576E0,-3.857797006E0,5.546850999E0
2.851413154E1,-3.471431122E0,-4.773307255E-1,-5.157034875E0,6.234876692E0
2.852410154E1,-2.023381468E0,-3.954242150E0,-3.189436868E0,5.468327997E0
2.853407154E1,-1.942900392E0,-4.071168045E0,1.420593322E0,4.729413977E0
2.854404154E1,-9.680530366E-1,7.215689233E-1,3.978060198E0,4.157252859E0
2.855401054E1,-3.490461031E-1,3.009677671E0,2.889043765E0,4.186474262E0
2.856398054E1,-1.006613231E0,4.330447912E-3,1.164436744E0,1.539221193E0
2.857395054E1,-1.397317164E0,-1.175612235E0,-1.355577546E-1,1.831102207E0
2.858392054E1,-1.164160025E0,-1.191797036E-1,8.549044436E-1,1.449252902E0
2.859389054E1,-1.520518144E0,1.728384322E0,-9.427606130E-1,2.487586253E0
2.860386054E1,-1.893200520E0,1.038701143E0,-4.011612107E0,4.555890689E0
2.861382954E1,-1.697989764E0,-1.083075955E0,-3.688425972E0,4.202464624E0
2.862379954E1,-1.258881703E0,-1.745024913E0,-2.457502878E-1,2.165707342E0
2.863376954E1,-1.352786086E0,-1.652940037E0,2.798088571E0,3.520162015E0
2.864373954E1,-1.120674355E0,-1.019014737E0,2.189878156E0,2.662680676E0
2.865370954E1,-1.438164497E0,-1.510742769E0,1.888061841E0,2.813438884E0
2.866367954E1,-1.220088204E0,-8.619906843E-1,-6.566066498E-1,1.631801292E0
2.867364954E1,-9.122311306E-1,-5.971390048E-1,-4.739495730E-1,1.188851893E0
2.868361854E1,-1.276270006E0,1.510004558E0,1.137965230E0,2.281215413E0
2.869358854E1,-2.042322938E0,5.881875023E-1,5.763592867E0,6.142967545E0
2.870355854E1,-1.963186283E0,-1.160825504E0,4.071064841E0,4.666388879E0
2.871352854E1,-7.109284526E-1,-8.408360428E-1,-8.156579322E-1,1.370300105E0
2.872349854E1,-1.263375288E0,-2.335813257E0,-3.128009529E0,4.103240707E0
2.873346854E1,-6.760228410E-1,-1.563559499E0,2.551549494E-2,1.703636178E0
2.874343754E1,-1.012537118E0,2.145969367E0,-3.755204684E-1,2.402380395E0
2.875340754E1,-2.983942321E0,3.492822868E0,2.024130642E-1,4.598336048E0
2.876337754E1,-2.521929546E0,2.130266085E0,-1.918601848E0,3.818271243E0
2.877334754E1,-2.085899605E0,-3.286293072E-1,-3.968286577E0,4.495138790E0
2.878331754E1,-3.095862414E0,-1.693286410E0,-2.254174139E0,4.187228678E0
2.879328754E1,-2.544702989E0,-2.125450318E0,2.650237631E0,4.244621521E0
2.880325754E1,-1.416804034E0,-1.333332984E0,5.652662416E0,5.978101948E0
2.881322654E1,1.664381430E-1,1.759096822E-1,5.735622711E0,5.740732859E0
2.882319654E1,-1.410822771E-1,1.819514640E0,2.305098125E0,2.940070594E0
2.883316654E1,-1.620495884E0,1.570174454E0,-8.612556893E-1,2.415205186E0
2.884313654E1,-6.639288986E-1,5.662873408E-1,-2.565898561E0,2.710224781E0
2.885310654E1,-1.812734062E0,3.405462250E-1,-1.865618473E0,2.623453602E0
2.886307654E1,-3.657717565E0,1.391216326E-1,-2.767136335E0,4.588605029E0
2.887304654E1,-2.766663296E0,-1.943219796E0,6.338679975E-1,3.439813600E0
2.888301554E1,-1.714654913E0,-1.149959331E0,1.935126665E0,2.829693118E0
2.889298554E1,-2.937650499E0,4.848420587E0,4.798535067E-1,5.689220688E0
2.890295529E1,-1.881787779E0,6.550683643E0,1.541623085E0,6.987788145E0
2.891292529E1,-2.189329687E0,3.723294381E0,1.738512284E0,4.656018738E0
2.892289529E1,-2.022713570E0,-4.790341948E0,-1.177982404E0,5.331640340E0
2.893286529E1,-7.720339027E-1,-6.118328238E0,-2.056886744E0,6.500827629E0
2.894283429E1,-1.799817563E-1,-8.941418919E-1,-2.008799243E-1,9.339357041E-1
2.895280429E1,-5.941070773E-1,5.373015234E-1,5.735557807E0,5.791224353E0
2.896277429E1,1.538614107E0,-5.806840628E-2,5.948811609E0,6.144840508E0
2.897274429E1,9.379327863E-1,-2.218209378E0,1.336887506E0,2.754530624E0
2.898271429E1,-2.652472436E-2,-2.045332646E-1,2.321338767E-1,3.105214228E-1
2.899268429E1,-1.319399946E0,1.613264633E0,4.495865643E-2,2.084576761E0
2.900265329E1,-2.427079668E0,2.897012058E0,-1.463411897E-1,3.782170055E0
2.901262329E1,-1.366071398E0,8.894053549E-2,-1.898269910E0,2.340403840E0
2.902259329E1,2.351017772E-1,-1.933599080E0,-3.176511598E0,3.726164808E0
2.903256329E1,1.044845397E0,-1.856563767E0,-3.704694096E0,4.273556981E0
2.904253329E1,8.463678742E-1,-2.864019729E0,-1.406326700E0,3.301015355E0
2.905250329E1,2.692264932E-1,-2.584486568E0,1.830891860E-1,2.604913698E0
2.906247329E1,2.579741479E-1,-4.721616114E0,1.239224972E1,1.326378763E1
2.907244229E1,-6.254708842E-1,-3.294463094E0,1.982750833E1,2.010907227E1
2.908241229E1,1.011138684E0,1.865074975E0,8.787019681E0,9.039503359E0
2.909238229E1,3.390265629E0,5.340500037E0,-1.579081517E-1,6.327699160E0
2.910235229E1,8.573900219E-2,4.581259842E0,-1.001754575E1,1.101573946E1
2.911232229E1,1.286183522E0,2.914147031E-1,-1.048511835E1,1.056772906E1
2.912229229E1,3.180777726E0,-3.105731052E0,-1.032820247E1,1.124431761E1
2.913226129E1,2.225708140E0,-2.190543569E0,-6.415810012E0,7.135466065E0
2.914223129E1,1.088672983E0,1.215304889E0,-2.287243068E0,2.809565035E0
2.915220129E1,8.280190922E-1,7.086980322E-1,6.859251738E-1,1.287773995E0
2.916217129E1,6.465386489E-2,-1.622774836E0,7.509503049E-1,1.789274896E0
2.917214129E1,-1.835174214E-1,-1.159410478E0,2.771843344E-1,1.206127048E0
2.918211129E1,7.640520879E-1,2.504201666E-1,8.801889735E-1,1.192148683E0
2.919208129E1,1.120342014E0,1.851447746E-1,1.932235801E-1,1.151859439E0
2.920205029E1,2.413158617E0,-1.168948456E0,-1.290492774E0,2.975759837E0
2.921202029E1,2.277588876E0,-8.549465436E-1,-1.653065752E0,2.941253315E0
2.922199029E1,1.741804851E0,-1.624578995E0,-2.513273621E-1,2.395058766E0
2.923196029E1,1.017493730E0,-9.621926647E-1,-8.394444054E-1,1.632720161E0
2.924193029E1,1.383297149E0,-2.168569148E0,-1.973704255E0,3.242176991E0
2.925190029E1,1.107097778E0,-3.142439872E0,-1.357522915E0,3.597702365E0
2.926186929E1,1.046407334E0,-4.173154888E-1,1.756485456E0,2.086710733E0
2.927183929E1,8.217704652E-1,3.430832734E0,5.243887662E0,6.320148555E0
2.928180929E1,1.774567678E0,7.454315858E0,4.790096365E0,9.036644208E0
2.929177929E1,2.384026473E0,-1.774936929E-1,4.894167448E0,5.446830386E0
2.930174929E1,1.782979482E0,-4.846883939E0,1.747233991E0,5.451983710E0
2.931171929E1,1.020433272E0,-8.630601400E0,-3.376174132E0,9.323471261E0
2.932168829E1,1.763845346E0,-5.034484252E0,-7.741094304E0,9.401155413E0
2.933165829E1,2.488811209E0,2.463817871E-1,-5.917686296E0,6.424476345E0
2.934162829E1,1.765186113E0,-3.516310841E-1,-2.372505412E0,2.977970511E0
2.935159829E1,2.969118167E-1,-2.958845194E0,1.386738528E0,3.281153038E0
2.936156829E1,-1.523507241E0,-3.545539318E0,5.323089368E0,6.574739826E0
2.937153829E1,-1.121378141E0,7.440201849E-1,-2.841612321E-1,1.375428143E0
2.938150729E1,1.521497261E0,2.540406455E0,-8.461988751E0,8.965147656E0
2.939147729E1,1.211899252E0,-3.216943632E0,-2.546210986E-1,3.447065133E0
2.940144729E1,-1.972548699E-1,-6.228457621E0,1.006607062E1,1.183885010E1
2.941141729E1,4.516864456E-2,4.825555050E-1,1.033985714E1,1.035120987E1
2.942138729E1,2.017048495E0,7.773330588E0,3.211156350E0,8.648969775E0
2.943135729E1,3.512090028E0,4.907761055E0,1.931013733E-1,6.038061202E0
2.944132729E1,2.660959085E0,-1.659458221E0,-1.472947537E0,3.464690359E0
2.945129629E1,2.594665108E0,-2.161787255E0,-3.886630796E0,5.148932909E0
2.946126629E1,2.946142118E0,7.552488855E-1,-4.165630690E0,5.157774065E0
2.947123629E1,2.686949082E0,2.428183769E0,-3.735761522E0,5.203045832E0
2.948120629E1,2.216430216E0,2.252316479E0,-2.010097910E0,3.745128306E0
2.949117629E1,1.343607419E0,3.634583349E0,1.081769979E-1,3.876490588E0
2.950114629E1,1.408208334E0,4.519543943E0,3.091477879E0,5.653898093E0
2.951111529E1,6.313520868E-1,2.516689564E0,3.327208963E0,4.219318820E0
2.952108529E1,-2.076452259E-1,-1.856519329E0,9.677603835E-1,2.103887050E0
2.953105529E1,-4.847620980E-1,-3.293303006E0,-1.183532581E0,3.532929146E0
2.954102529E1,-3.965586772E-1,-7.293135604E-1,-9.244939113E-1,1.242516014E0
2.955099529E1,6.353021003E-1,3.247581580E-1,1.648862189E-1,7.323005428E-1
2.956096529E1,-5.963064343E-1,-1.045490929E-1,-6.514651930E-1,8.893361424E-1
2.957093429E1,-2.106419532E0,1.444174266E0,-2.455533535E0,3.542920758E0
2.958090429E1,-1.501528142E0,2.358508932E0,-1.201784080E0,3.043260771E0
2.959087429E1,-7.730471521E-1,1.057618932E0,1.147902573E0,1.741792186E0
2.960084429E1,-5.331401331E-1,1.740888593E-1,-5.587915027E-1,7.917027699E-1
2.961081429E1,-2.392797589E-2,1.234065973E0,-3.095231792E0,3.332259176E0
2.962078429E1,-3.239495612E-1,5.688985319E0,-2.410398878E0,6.187044531E0
2.963075429E1,-1.555758436E-1,2.353407529E0,4.633959335E-1,2.403636127E0
2.964072329E1,-2.246200584E-2,-6.494151592E0,1.662759851E0,6.703676586E0
2.965069329E1,3.399502476E-1,-7.692279993E0,3.226750875E-1,7.706546365E0
2.966066329E1,3.212717557E-1,-3.157131586E0,5.211412811E-1,3.215942106E0
2.967063329E1,7.116420322E-1,3.194599959E-1,3.553462295E0,3.638074127E0
2.968060329E1,8.380190004E-1,-8.439093393E-1,4.708322470E0,4.856208325E0
2.969057329E1,9.318414494E-1,-2.448553129E0,3.524388185E0,4.391475036E0
2.970054229E1,5.777449599E-1,-3.980322486E-1,1.153274410E0,1.349911395E0
2.971051229E1,1.956483839E-1,5.005564508E-1,2.887121201E-1,6.100735520E-1
2.972048229E1,2.664401487E-1,-4.074714088E-1,3.032787037E-1,5.735863265E-1
2.973045229E1,5.592501437E-1,-2.348684148E0,5.206284803E-1,2.469844522E0
2.974042229E1,-2.394178263E-1,-1.883313610E0,8.645786619E-1,2.086069824E0
2.975039229E1,-5.632620645E-1,1.402375737E-1,1.237617572E0,1.366977683E0
2.976036129E1,-6.458865108E-1,1.982937008E-1,7.839145678E-1,1.034897012E0
2.977033129E1,-7.231137577E-1,-1.916464691E0,6.987896329E-1,2.164263702E0
2.978030129E1,-4.926744406E-1,-1.130509737E0,4.232214689E-1,1.303800898E0
2.979027129E1,6.797826737E-3,4.216324881E-1,9.079106230E-1,1.001060370E0
2.980024129E1,3.235224952E-1,1.350767042E0,-3.726705354E-1,1.438096567E0
2.981021129E1,6.163287625E-1,1.034206096E0,-2.625661783E0,2.888519204E0
2.982018029E1,7.841165160E-1,-2.851502886E-1,-3.179964378E0,3.287601382E0
2.983015029E1,5.184359937E-1,-7.961782256E-1,-1.300335392E0,1.610449558E0
2.984012029E1,6.009055618E-1,-5.866894457E-1,1.100858214E0,1.384622984E0
2.985009029E1,2.386383742E-1,5.087191638E-1,-3.501037914E-1,6.620544736E-1
2.986006029E1,-2.082216152E-1,1.020498468E0,-1.403688437E0,1.747888610E0
2.987003029E1,8.416213604E-2,1.087201750E0,-1.463589653E0,1.825153578E0
2.987999929E1,6.861177664E-3,1.393437683E0,-1.034487639E0,1.735476974E0
2.988996929E1,1.257965042E-1,1.667150818E0,-2.938529921E-1,1.697517656E0
2.989994083E1,-3.728680252E-1,1.577152229E0,-5.370644188E-1,1.707301352E0
2.990991083E1,1.606409942E-1,6.872141925E-1,-1.438459489E0,1.602259211E0
2.991988083E1,2.834753537E-1,-9.203327402E-1,-1.824361104E0,2.062926094E0
2.992985083E1,5.629496405E-2,-1.259527089E0,-5.741018522E-1,1.385341311E0
2.993981983E1,-1.044621339E-1,7.526769876E-2,-1.865092224E0,1.869531109E0
2.994978983E1,-1.945132932E-1,6.561929592E-1,-1.463070420E0,1.615239820E0
2.995975983E1,-8.390285222E-1,2.848666987E-1,-3.501657718E-1,9.527507360E-1
2.996972983E1,-9.273697912E-1,-1.290907634E0,1.126395344E0,1.948133394E0
2.997969983E1,-9.316902258E-1,-1.146981052E0,1.692222217E0,2.246603712E0
2.998966983E1,4.720480951E-2,-1.352513605E-1,1.741689661E0,1.747570914E0
2.999963983E1,2.389617252E-2,-4.500581422E-1,2.434664823E0,2.476028303E0