"Time (s)","X (m/s^2)","Y (m/s^2)","Z (m/s^2)"
-7.723751478E-4,-3.047662354E-1,6.694528656E0,7.290738831E0
9.182624985E-3,-3.237767029E-1,6.687044220E0,7.265890503E0
1.913762465E-2,-3.129991150E-1,6.655908966E0,7.185357971E0
2.909362502E-2,-2.968327332E-1,6.674919434E0,7.148833923E0
3.904862469E-2,-3.050656128E-1,6.690636749E0,7.139702911E0
4.900362482E-2,-2.968327332E-1,6.684948578E0,7.238198090E0
5.895862496E-2,-3.523672485E-1,6.671027527E0,7.329059143E0
6.891362462E-2,-3.935316467E-1,6.654412079E0,7.373367004E0
7.886862475E-2,-4.857398987E-1,6.610253906E0,7.328610077E0
8.882362489E-2,-5.291496277E-1,6.547085266E0,7.263794861E0
9.877862502E-2,-5.385800171E-1,6.522835693E0,7.192393341E0
1.087336247E-1,-5.417234802E-1,6.530769196E0,7.183711395E0
1.186886248E-1,-5.897735596E-1,6.556365967E0,7.218738556E0
1.286436250E-1,-6.683601379E-1,6.588848419E0,7.256609802E0
1.385996249E-1,-7.026388550E-1,6.589746552E0,7.342980194E0
1.485546250E-1,-6.649172974E-1,6.621330872E0,7.392676849E0
1.585096247E-1,-5.894741821E-1,6.627318420E0,7.388036499E0
1.684646248E-1,-5.481600952E-1,6.589746552E0,7.347620544E0
1.784196249E-1,-6.352789307E-1,6.523434448E0,7.286547546E0
1.883746251E-1,-7.875123596E-1,6.425837402E0,7.231611786E0
1.983296247E-1,-9.026229858E-1,6.434519348E0,7.219487000E0
2.082846249E-1,-9.740245056E-1,6.464606781E0,7.292834473E0
2.182396250E-1,-1.024020538E0,6.487060089E0,7.375462646E0
2.281946247E-1,-1.025816803E0,6.472540283E0,7.452402649E0
2.381496248E-1,-1.035247192E0,6.448590088E0,7.477999420E0
2.481046249E-1,-9.461824036E-1,6.442003784E0,7.482789459E0
2.580606248E-1,-8.303233337E-1,6.449637909E0,7.480244751E0
2.680156250E-1,-7.349716187E-1,6.449787598E0,7.430398407E0
2.779706246E-1,-6.667135620E-1,6.411616974E0,7.429500275E0
2.879256248E-1,-6.647676086E-1,6.372548218E0,7.425758057E0
2.978806249E-1,-7.361691284E-1,6.300248566E0,7.453300781E0
3.078356250E-1,-7.929011536E-1,6.293811951E0,7.461383972E0
3.177906247E-1,-8.550219727E-1,6.319857788E0,7.438780975E0
3.277456248E-1,-8.125103760E-1,6.361471252E0,7.430099030E0
3.377006250E-1,-7.747888184E-1,6.369853821E0,7.477849731E0
3.476556246E-1,-7.161108398E-1,6.349496155E0,7.534881134E0
3.576106247E-1,-6.215075684E-1,6.374194794E0,7.549700317E0
3.675656249E-1,-5.396278381E-1,6.399342499E0,7.532336426E0
3.775216248E-1,-3.126997375E-1,6.331683197E0,7.482789459E0
3.874766249E-1,-2.588117981E-1,6.321055298E0,7.418872375E0
3.974316251E-1,-3.541635132E-1,6.367159424E0,7.450905762E0
4.073866247E-1,-4.815486145E-1,6.421795807E0,7.504943390E0
4.173416249E-1,-4.574487305E-1,6.373745728E0,7.552993469E0
4.272966250E-1,-1.594184875E-1,6.246360626E0,7.476352844E0
4.372516247E-1,1.571731567E-2,6.309379578E0,7.252717896E0
4.472073750E-1,3.083587646E-2,6.406677246E0,7.243287506E0
4.571623746E-1,-3.350033569E-1,6.569089508E0,7.349416809E0
4.671173748E-1,-4.751119995E-1,6.557114410E0,7.466772766E0
4.770723749E-1,-4.165837097E-1,6.634503479E0,7.392377472E0
4.870273750E-1,-2.201921082E-1,6.719975739E0,7.212002563E0
4.969833749E-1,-1.936972046E-1,6.789281616E0,6.994055786E0
5.069383746E-1,-2.644999695E-1,6.772666168E0,6.949149170E0
5.168933747E-1,-3.543132019E-1,6.680158539E0,7.145391083E0
5.268483749E-1,-4.393363953E-1,6.570287018E0,7.445666656E0
5.368033750E-1,-4.480183411E-1,6.567143555E0,7.626640320E0
5.467583747E-1,-4.074526978E-1,6.720275116E0,7.617359619E0
5.567133748E-1,-2.341131592E-1,6.690936127E0,7.363637238E0
5.666683749E-1,-1.451980591E-2,6.538403320E0,7.116351471E0
5.766233746E-1,1.206491089E-1,6.387217712E0,7.062912598E0
5.865783747E-1,1.011895752E-1,6.381679230E0,7.164251862E0
5.965333749E-1,2.260299683E-2,6.394253082E0,7.334447937E0
6.064883750E-1,4.715194702E-2,6.438111877E0,7.505392456E0
6.164443749E-1,7.933502197E-3,6.518794098E0,7.516768799E0
6.263993750E-1,-2.050735474E-2,6.540498962E0,7.448211365E0
6.363543747E-1,-2.215393066E-1,6.493197327E0,7.348069611E0
6.463093748E-1,-4.076023865E-1,6.469696198E0,7.339387665E0
6.562643750E-1,-4.587959290E-1,6.478078766E0,7.355104980E0
6.662193746E-1,-5.289999390E-1,6.484365692E0,7.375612335E0
6.761743748E-1,-5.797444153E-1,6.474336548E0,7.409142609E0
6.861293749E-1,-5.869294739E-1,6.427184601E0,7.446564789E0
6.960843750E-1,-5.465135193E-1,6.438111877E0,7.452702026E0
7.060393747E-1,-4.185296631E-1,6.451883240E0,7.386539612E0
7.159943748E-1,-3.682342529E-1,6.452481995E0,7.390132141E0
7.259493750E-1,-4.249662781E-1,6.390660553E0,7.431146851E0
7.359043746E-1,-4.918771362E-1,6.358926544E0,7.452103271E0
7.458603750E-1,-5.394781494E-1,6.409371643E0,7.409741364E0
7.558153747E-1,-5.421725464E-1,6.451733551E0,7.398963776E0
7.657703748E-1,-5.408253479E-1,6.437962189E0,7.354206848E0
7.757253749E-1,-5.848338318E-1,6.474037170E0,7.327262878E0
7.856803746E-1,-6.303392029E-1,6.533463593E0,7.355554047E0
7.956353747E-1,-6.363267517E-1,6.575376434E0,7.386988678E0
8.055903749E-1,-6.474037170E-1,6.541696472E0,7.432643738E0
8.155453750E-1,-6.215075684E-1,6.515650635E0,7.442822571E0
8.255003747E-1,-5.849835205E-1,6.498137054E0,7.386689301E0
8.354553748E-1,-6.153703308E-1,6.423143005E0,7.364535370E0
8.454103749E-1,-6.803352356E-1,6.378086700E0,7.389383698E0
8.553663748E-1,-7.176077271E-1,6.391708374E0,7.364235992E0
8.653213750E-1,-7.324269104E-1,6.468798065E0,7.332352295E0
8.752763746E-1,-7.765850830E-1,6.490951996E0,7.361541595E0
8.852313748E-1,-8.114625549E-1,6.473288727E0,7.394024048E0
8.951863749E-1,-8.623567200E-1,6.482569427E0,7.406597900E0
9.051413750E-1,-8.515791321E-1,6.496640167E0,7.365134125E0
9.150963747E-1,-8.271798706E-1,6.533313904E0,7.318281555E0
9.250513748E-1,-7.526348877E-1,6.531966705E0,7.300917664E0
9.350063750E-1,-6.855743408E-1,6.536756744E0,7.284302216E0
9.449613746E-1,-5.981561279E-1,6.563251648E0,7.260950775E0
9.549163748E-1,-4.791535950E-1,6.563401337E0,7.311844940E0
9.648713749E-1,-3.927832031E-1,6.547085266E0,7.373067627E0
9.748263750E-1,-3.493734741E-1,6.533613281E0,7.414681091E0
9.847823749E-1,-2.752775574E-1,6.506819000E0,7.429350586E0
9.947373746E-1,-2.264790344E-1,6.489604797E0,7.405250702E0
1.004692375E0,-2.612068176E-1,6.445446625E0,7.379354553E0
1.014647375E0,-3.061134338E-1,6.427334290E0,7.368127899E0
1.024602375E0,-3.345542908E-1,6.424789581E0,7.341632996E0
1.034557375E0,-3.790118408E-1,6.449488220E0,7.332352295E0
1.044512375E0,-3.975732422E-1,6.453380127E0,7.328011322E0
1.054467375E0,-4.367916870E-1,6.484515381E0,7.358098755E0
1.064422375E0,-4.712200928E-1,6.527176666E0,7.363487549E0
1.074377375E0,-4.819976807E-1,6.554869080E0,7.321275330E0
1.084332375E0,-4.640350342E-1,6.570436707E0,7.314838715E0
1.094287375E0,-4.427792358E-1,6.601122894E0,7.288343811E0
1.104243375E0,-3.809577942E-1,6.613996124E0,7.297325134E0
1.114198375E0,-2.893482971E-1,6.588848419E0,7.305108948E0
1.124153375E0,-2.258802795E-1,6.580914917E0,7.301516418E0
1.134108375E0,-2.104623413E-1,6.530320129E0,7.295678558E0
1.144063375E0,-2.624043274E-1,6.504274292E0,7.311096497E0
1.154018375E0,-3.097059631E-1,6.507717133E0,7.356452179E0
1.163973375E0,-3.131488037E-1,6.507717133E0,7.379204865E0
1.173928375E0,-2.857557678E-1,6.503376160E0,7.381899261E0
1.183883375E0,-3.137475586E-1,6.491401062E0,7.376061401E0
1.193838375E0,-2.908451843E-1,6.493197327E0,7.359745331E0
1.203793375E0,-2.409988403E-1,6.497987366E0,7.355703735E0
1.213748375E0,-2.950364685E-1,6.494544525E0,7.345674591E0
1.223704375E0,-3.228785706E-1,6.548881531E0,7.347321167E0
1.233659375E0,-3.505709839E-1,6.549629974E0,7.340585175E0
1.243614375E0,-3.695814514E-1,6.535259857E0,7.356901245E0
1.253569375E0,-4.168830872E-1,6.536906433E0,7.351662140E0
1.263524375E0,-4.872367859E-1,6.518644409E0,7.336244202E0
1.273479375E0,-5.510041809E-1,6.523434448E0,7.331454163E0
1.283434375E0,-5.275030518E-1,6.504573669E0,7.282655640E0
1.293389375E0,-5.242098999E-1,6.526128845E0,7.263046417E0
1.303344375E0,-4.646337891E-1,6.536756744E0,7.309000854E0
1.313299375E0,-4.971162415E-1,6.549480286E0,7.350464630E0
1.323254375E0,-4.414320374E-1,6.533912659E0,7.366032257E0
1.333209375E0,-4.288581848E-1,6.522985382E0,7.342830505E0
1.343164375E0,-3.692820740E-1,6.542744293E0,7.337441711E0
1.353120375E0,-3.192860413E-1,6.521787872E0,7.352859650E0
1.363075375E0,-3.125500488E-1,6.497687988E0,7.370223541E0
1.373030375E0,-3.020718384E-1,6.488107910E0,7.362739105E0
1.382985375E0,-3.281176758E-1,6.471342773E0,7.378755798E0
1.392940375E0,-3.305126953E-1,6.467151489E0,7.398963776E0
1.402895375E0,-3.116519165E-1,6.487509155E0,7.381599884E0
1.412850375E0,-2.953358459E-1,6.476132812E0,7.359445953E0
1.422805375E0,-2.622546387E-1,6.491401062E0,7.377109222E0
1.432760375E0,-2.513273621E-1,6.510112152E0,7.382647705E0
1.442715417E0,-3.104544067E-1,6.531068573E0,7.366631012E0
1.452670416E0,-3.138972473E-1,6.507717133E0,7.356152802E0
1.462625416E0,-3.062631226E-1,6.489006042E0,7.358098755E0
1.472580417E0,-2.866539001E-1,6.488257599E0,7.327412567E0
1.482536417E0,-2.335144043E-1,6.485114136E0,7.322173462E0
1.492491417E0,-2.160008240E-1,6.509064331E0,7.300468597E0
1.502446416E0,-2.131567383E-1,6.522835693E0,7.310497742E0
1.512401416E0,-2.176473999E-1,6.549480286E0,7.375013580E0
1.522356417E0,-1.751358032E-1,6.558162231E0,7.355104980E0
1.532311417E0,-1.553768921E-1,6.534511414E0,7.351662140E0
1.542266416E0,-1.796264648E-1,6.537355499E0,7.339687042E0
1.552221416E0,-1.716929626E-1,6.538553009E0,7.332052917E0
1.562176417E0,-1.800755310E-1,6.556665344E0,7.317383423E0
1.572131416E0,-1.538800049E-1,6.578669586E0,7.319179688E0
1.582086416E0,-1.160087585E-1,6.582711182E0,7.355703735E0
1.592041417E0,-1.055305481E-1,6.542444916E0,7.406298523E0
1.601996417E0,-1.251397705E-1,6.511159973E0,7.401358795E0
1.611952417E0,-1.300794983E-1,6.493646393E0,7.389383698E0
1.621907416E0,-1.294807434E-1,6.495442657E0,7.353757782E0
1.631862416E0,-1.212478638E-1,6.498586121E0,7.334897003E0
1.641817417E0,-1.221459961E-1,6.474935303E0,7.352709961E0
1.651772417E0,-1.320254517E-1,6.468798065E0,7.393724670E0
1.661727416E0,-1.661544800E-1,6.461014252E0,7.420518951E0
1.671682416E0,-1.673519897E-1,6.457870789E0,7.398963776E0
1.681637417E0,-1.645079041E-1,6.490802307E0,7.371720428E0
1.691592416E0,-1.565744019E-1,6.503525848E0,7.337591400E0
1.701547416E0,-1.215472412E-1,6.501879272E0,7.306306458E0
1.711502417E0,-2.874023438E-2,6.523584137E0,7.288942566E0
1.721457417E0,1.646575928E-2,6.545738068E0,7.277865601E0
1.731412416E0,8.592132568E-2,6.552474060E0,7.266489258E0
1.741367416E0,4.251159668E-2,6.543343048E0,7.310497742E0
1.751323416E0,4.206253052E-2,6.534511414E0,7.332501984E0
1.761278416E0,1.960922241E-2,6.549180908E0,7.326364746E0
1.771233417E0,3.083587646E-2,6.538702698E0,7.329208832E0
1.781188416E0,5.134323120E-2,6.490353241E0,7.337741089E0
1.791143416E0,4.535568237E-2,6.528224487E0,7.316036224E0
1.801098417E0,7.035369873E-3,6.580765228E0,7.316634979E0
1.811053417E0,-5.194198608E-2,6.561455383E0,7.298372955E0
1.821008416E0,-7.783813477E-2,6.526727600E0,7.287295990E0
1.830963416E0,-4.969665527E-2,6.544690247E0,7.297474823E0
1.840918417E0,-3.832031250E-2,6.547234955E0,7.307503967E0
1.850873416E0,-2.559677124E-2,6.579717407E0,7.322921906E0
1.860828416E0,-3.053649902E-2,6.608008575E0,7.341183929E0
1.870783417E0,-2.439926147E-2,6.627917175E0,7.326514435E0
1.880739416E0,2.604583740E-2,6.592740326E0,7.315287781E0
1.890694417E0,1.052311707E-1,6.585555267E0,7.312892761E0
1.900649416E0,9.415420532E-2,6.572232971E0,7.331454163E0
1.910604416E0,1.318757629E-1,6.519243164E0,7.355104980E0
1.920559417E0,1.357676697E-1,6.508465576E0,7.377408600E0
1.930514417E0,1.468446350E-1,6.446494446E0,7.461683350E0
1.940469416E0,1.423539734E-1,6.405479736E0,7.489974518E0
1.950424416E0,1.342707825E-1,6.428382111E0,7.451953583E0
1.960379417E0,7.619155884E-2,6.457721100E0,7.405999146E0
1.970334417E0,2.544708252E-2,6.471791840E0,7.391928406E0
1.980289416E0,1.945953369E-2,6.487359467E0,7.357799377E0
1.990244417E0,-4.730163574E-2,6.464008026E0,7.352410583E0
2.000199417E0,-9.400451660E-2,6.489455109E0,7.356901245E0
2.010154416E0,-1.116677856E-1,6.501579895E0,7.370223541E0
2.020109416E0,-7.768844604E-2,6.524781647E0,7.369475098E0
2.030065416E0,-7.454498291E-2,6.527476044E0,7.353907471E0
2.040020416E0,-1.035845947E-1,6.501879272E0,7.377408600E0
2.049975417E0,-1.281335449E-1,6.487958221E0,7.405550079E0
2.059930416E0,-1.622625732E-1,6.463858337E0,7.411537628E0
2.069885416E0,-1.730401611E-1,6.451583862E0,7.419920197E0
2.079840417E0,-1.534309387E-1,6.469696198E0,7.391629028E0
2.089795417E0,-1.579216003E-1,6.491550751E0,7.373217316E0
2.099750416E0,-1.431024170E-1,6.513854370E0,7.364834747E0
2.109705416E0,-1.402583313E-1,6.539451141E0,7.376211090E0
2.119660417E0,-9.265731812E-2,6.545738068E0,7.385940857E0
2.129615416E0,-7.843688965E-2,6.531817017E0,7.390730896E0
2.139570416E0,-8.277786255E-2,6.502927094E0,7.367529144E0
2.149525417E0,-7.214996338E-2,6.474336548E0,7.374863892E0
2.159480417E0,-7.110214233E-2,6.452931061E0,7.384443970E0
2.169436417E0,-1.040336609E-1,6.450086975E0,7.367828522E0
2.179391417E0,-1.035845947E-1,6.468348999E0,7.359296265E0
2.189346416E0,-1.203497314E-1,6.491550751E0,7.345824280E0
2.199301417E0,-1.613644409E-1,6.520889740E0,7.315587158E0
2.209256417E0,-1.651066589E-1,6.527476044E0,7.297025757E0
2.219211416E0,-1.742376709E-1,6.564299469E0,7.288942566E0
2.229166416E0,-1.803749084E-1,6.555916901E0,7.278314667E0
2.239121417E0,-1.496887207E-1,6.577322388E0,7.290289764E0
2.249076417E0,-1.249900818E-1,6.576424255E0,7.292235718E0
2.259031416E0,-1.109193420E-1,6.563101959E0,7.306755524E0
2.268986417E0,-1.513352966E-1,6.575376434E0,7.352859650E0
2.278941417E0,-1.862127686E-1,6.546486511E0,7.371121674E0
2.288896416E0,-1.534309387E-1,6.502627716E0,7.385791168E0
2.298851416E0,-1.886077881E-1,6.477629700E0,7.379953308E0
2.308807416E0,-1.980381775E-1,6.473887482E0,7.375163269E0
2.318762416E0,-2.171983337E-1,6.504573669E0,7.367080078E0
2.328717417E0,-2.194436646E-1,6.525081024E0,7.345375214E0
2.338672416E0,-1.678010559E-1,6.534062347E0,7.344177704E0
2.348627416E0,-1.526824951E-1,6.531667328E0,7.329807587E0
2.358582417E0,-1.619631958E-1,6.554869080E0,7.317832489E0
2.368537417E0,-1.775308228E-1,6.567293243E0,7.333849182E0
2.378492416E0,-2.038760376E-1,6.550677795E0,7.342680817E0
2.388447416E0,-1.767823792E-1,6.527026978E0,7.373516693E0
2.398402417E0,-1.913021851E-1,6.495292969E0,7.367978210E0
2.408357416E0,-2.004331970E-1,6.479425964E0,7.363337860E0
2.418312416E0,-1.815724182E-1,6.476731567E0,7.358398132E0
2.428267417E0,-1.616638184E-1,6.479276276E0,7.372618561E0
2.438222417E0,-1.372645569E-1,6.509812775E0,7.369475098E0
2.448177000E0,-1.266366577E-1,6.538553009E0,7.370373230E0
2.458133000E0,-1.260379028E-1,6.541696472E0,7.355404358E0
2.468088000E0,-1.306782532E-1,6.530320129E0,7.326364746E0
2.478043000E0,-1.372645569E-1,6.511159973E0,7.314988403E0
2.487998000E0,-1.420545959E-1,6.490353241E0,7.328161011E0
2.497953000E0,-1.486408997E-1,6.491401062E0,7.343728638E0
2.507908000E0,-1.510359192E-1,6.495742035E0,7.372618561E0
2.517863000E0,-1.386117554E-1,6.492149506E0,7.368726654E0
2.527818000E0,-1.538800049E-1,6.490951996E0,7.366631012E0
2.537773000E0,-2.130070496E-1,6.499633942E0,7.367978210E0
2.547728000E0,-2.254312134E-1,6.507417755E0,7.361541595E0
2.557683000E0,-1.916015625E-1,6.514752502E0,7.355703735E0
2.567638000E0,-1.642085266E-1,6.529122620E0,7.351063385E0
2.577593000E0,-1.368154907E-1,6.536756744E0,7.356152802E0
2.587548000E0,-1.282832336E-1,6.528074799E0,7.356003113E0
2.597503000E0,-1.318757629E-1,6.520590363E0,7.356751556E0
2.607459000E0,-1.073268127E-1,6.511010284E0,7.357649689E0
2.617414000E0,-9.205856323E-2,6.514902191E0,7.366032257E0
2.627369000E0,-8.008346558E-2,6.526727600E0,7.385940857E0
2.637324000E0,-7.065307617E-2,6.530619507E0,7.370223541E0
2.647279000E0,-7.244934082E-2,6.520290985E0,7.372019806E0
2.657234000E0,-5.658233643E-2,6.519991608E0,7.384593658E0
2.667189000E0,-6.556365967E-2,6.506070557E0,7.385791168E0
2.677144000E0,-7.918533325E-2,6.518943787E0,7.372618561E0
2.687099000E0,-5.134323120E-2,6.516548767E0,7.356152802E0
2.697054000E0,-5.763015747E-2,6.501430206E0,7.317383423E0
2.707009000E0,-5.718109131E-2,6.524781647E0,7.297474823E0
2.716964000E0,-7.229965210E-2,6.549180908E0,7.335645447E0
2.726919000E0,-6.990463257E-2,6.536756744E0,7.331603851E0
2.736874000E0,-6.331832886E-2,6.510860596E0,7.329208832E0
2.746830000E0,-1.028361511E-1,6.513704681E0,7.321874084E0
2.756785000E0,-1.377136230E-1,6.515201569E0,7.322323151E0
2.766740000E0,-1.619631958E-1,6.492748260E0,7.336992645E0
2.776695000E0,-1.568737793E-1,6.492299194E0,7.329957275E0
2.786650000E0,-1.502874756E-1,6.525829468E0,7.330256653E0
2.796605000E0,-1.193019104E-1,6.559509430E0,7.341782684E0
2.806560000E0,-1.005908203E-1,6.559958496E0,7.349566498E0
2.816515000E0,-8.337661743E-2,6.542893982E0,7.353757782E0
2.826470000E0,-6.481521606E-2,6.543343048E0,7.356152802E0
2.836425000E0,-3.053649902E-2,6.534661102E0,7.345973969E0
2.846380000E0,-3.532653809E-2,6.517746277E0,7.344626770E0
2.856335000E0,-2.604583740E-2,6.514752502E0,7.361840973E0
2.866290000E0,-4.191284180E-2,6.520590363E0,7.379354553E0
2.876245000E0,-8.337661743E-2,6.526428223E0,7.392676849E0
2.886200000E0,-1.034349060E-1,6.500232697E0,7.405550079E0
2.896155000E0,-1.429527283E-1,6.506369934E0,7.352410583E0
2.906111000E0,-1.206491089E-1,6.512806549E0,7.332651672E0
2.916066000E0,-1.252894592E-1,6.512806549E0,7.343578949E0
2.926021000E0,-1.363664246E-1,6.499334564E0,7.342082062E0
2.935976000E0,-1.667532349E-1,6.520141296E0,7.355104980E0
2.945931000E0,-1.796264648E-1,6.528823242E0,7.342381439E0
2.955886000E0,-1.857637024E-1,6.520740051E0,7.363188171E0
2.965841000E0,-1.953437805E-1,6.492448883E0,7.389234009E0
2.975796000E0,-1.775308228E-1,6.492448883E0,7.368576965E0
2.985751000E0,-1.713935852E-1,6.481521606E0,7.337142334E0
2.995706000E0,-1.555265808E-1,6.484066315E0,7.334148560E0
3.005661000E0,-1.272354126E-1,6.503825226E0,7.319179688E0
3.015616000E0,-1.121168518E-1,6.542594604E0,7.349865875E0
3.025571000E0,-1.302291870E-1,6.561754761E0,7.353308716E0
3.035526000E0,-1.360670471E-1,6.551725616E0,7.364834747E0
3.045481000E0,-1.267863464E-1,6.528074799E0,7.354805603E0
3.055437000E0,-1.237925720E-1,6.510112152E0,7.356152802E0
3.065392000E0,-1.010398865E-1,6.502178650E0,7.360942841E0
3.075347000E0,-1.001417542E-1,6.493796082E0,7.414082336E0
3.085302000E0,-1.050814819E-1,6.527176666E0,7.400011597E0
3.095257000E0,-1.320254517E-1,6.524033203E0,7.395820313E0
3.105212000E0,-1.475930786E-1,6.515051880E0,7.358996887E0
3.115167000E0,-1.475930786E-1,6.511908417E0,7.318431244E0
3.125122000E0,-1.472937012E-1,6.516848145E0,7.311844940E0
3.135077000E0,-1.660047913E-1,6.530320129E0,7.315138092E0
3.145032000E0,-1.776805115E-1,6.527925110E0,7.334597626E0
3.154987000E0,-2.001338196E-1,6.527775421E0,7.341782684E0
3.164942000E0,-1.910028076E-1,6.504274292E0,7.349716187E0
3.174897000E0,-1.698966980E-1,6.508764954E0,7.333998871E0
3.184852000E0,-1.541793823E-1,6.510860596E0,7.313940582E0
3.194807000E0,-1.793270874E-1,6.542594604E0,7.348219299E0
3.204763000E0,-1.583706665E-1,6.507717133E0,7.367229767E0
3.214718000E0,-1.468446350E-1,6.524033203E0,7.387288055E0
3.224673000E0,-1.483415222E-1,6.532266083E0,7.381749573E0
3.234628000E0,-1.414558411E-1,6.515950012E0,7.385342102E0
3.244583000E0,-1.411564636E-1,6.504723358E0,7.378905487E0
3.254538000E0,-1.269360352E-1,6.495143280E0,7.354655914E0
3.264493000E0,-1.401086426E-1,6.507268066E0,7.341632996E0
3.274448000E0,-1.580712891E-1,6.523733826E0,7.352111206E0
3.284403000E0,-1.697470093E-1,6.531218262E0,7.358098755E0
3.294358000E0,-1.652563477E-1,6.534062347E0,7.352111206E0
3.304313000E0,-1.161584473E-1,6.541397095E0,7.344028015E0
3.314268000E0,-8.906478882E-2,6.531068573E0,7.306156769E0
3.324223000E0,-1.053808594E-1,6.522686005E0,7.323520660E0
3.334178000E0,-9.250762939E-2,6.494095459E0,7.323969727E0
3.344133000E0,-1.207987976E-1,6.518494720E0,7.336693268E0
3.354088000E0,-1.106199646E-1,6.504873047E0,7.335346069E0
3.364044000E0,-9.954299927E-2,6.508914642E0,7.348219299E0
3.373999000E0,-1.387614441E-1,6.520440674E0,7.331454163E0
3.383954000E0,-1.447489929E-1,6.530469818E0,7.333400116E0
3.393909000E0,-1.555265808E-1,6.524482269E0,7.336543579E0
3.403864000E0,-1.344204712E-1,6.521937561E0,7.346872101E0
3.413819000E0,-1.028361511E-1,6.525979156E0,7.381150818E0
3.423774000E0,-8.711883545E-2,6.535259857E0,7.367828522E0
3.433729000E0,-1.154100037E-1,6.499184875E0,7.383545837E0
3.443684375E0,-1.377136230E-1,6.499334564E0,7.382797394E0
3.453639375E0,-1.182540894E-1,6.502328339E0,7.377109222E0
3.463594375E0,-7.619155884E-2,6.525230713E0,7.350614319E0
3.473549375E0,-4.191284180E-2,6.537505188E0,7.339537354E0
3.483504375E0,-3.966751099E-2,6.550228729E0,7.352260895E0
3.493459375E0,-3.562591553E-2,6.529122620E0,7.363487549E0
3.503414375E0,-2.874023438E-2,6.518644409E0,7.357050934E0
3.513369375E0,-3.817062378E-2,6.513554993E0,7.348368988E0
3.523325375E0,-4.311035156E-2,6.508016510E0,7.350913696E0
3.533280375E0,-5.044509888E-2,6.508016510E0,7.350764008E0
3.543235375E0,-2.874023438E-2,6.517746277E0,7.343728638E0
3.553190375E0,-1.556762695E-2,6.522087250E0,7.338788910E0
3.563145375E0,-3.697311401E-2,6.511758728E0,7.352260895E0
3.573100375E0,-5.658233643E-2,6.513255615E0,7.347171478E0
3.583055375E0,-7.214996338E-2,6.511758728E0,7.355404358E0
3.593010375E0,-6.227050781E-2,6.508315887E0,7.352560272E0
3.602965375E0,-4.041595459E-2,6.500382385E0,7.361990662E0
3.612920375E0,-3.847000122E-2,6.489604797E0,7.362739105E0
3.622875375E0,-4.849914551E-2,6.490053864E0,7.364235992E0
3.632830375E0,-6.002517700E-2,6.522236938E0,7.355104980E0
3.642785375E0,-6.242019653E-2,6.541097717E0,7.371720428E0
3.652740375E0,-6.706054688E-2,6.548582153E0,7.368726654E0
3.662695375E0,-3.008743286E-2,6.545438690E0,7.353907471E0
3.672650375E0,-2.260299683E-2,6.520740051E0,7.344926147E0
3.682606375E0,2.020797729E-2,6.497238922E0,7.348069611E0
3.692561375E0,5.867797852E-2,6.507567444E0,7.331154785E0
3.702516375E0,1.916015625E-2,6.522386627E0,7.343279572E0
3.712471375E0,-1.930984497E-2,6.559958496E0,7.351662140E0
3.722426375E0,-5.972579956E-2,6.571484528E0,7.374115448E0
3.732381375E0,-6.915618896E-2,6.554270325E0,7.367978210E0
3.742336375E0,-7.214996338E-2,6.526428223E0,7.356302490E0
3.752291375E0,-1.049317932E-1,6.507567444E0,7.338938599E0
3.762246375E0,-1.240919495E-1,6.493347015E0,7.330406342E0
3.772201375E0,-1.585203552E-1,6.493796082E0,7.365583191E0
3.782156375E0,-1.685494995E-1,6.488407288E0,7.379803619E0
3.792111375E0,-1.737886047E-1,6.506519623E0,7.353159027E0
3.802066375E0,-1.683998108E-1,6.513704681E0,7.328909454E0
3.812021375E0,-1.718426514E-1,6.513854370E0,7.320676575E0
3.821976375E0,-1.740879822E-1,6.495442657E0,7.313192139E0
3.831931375E0,-2.013313293E-1,6.511758728E0,7.295977936E0
3.841886375E0,-2.002835083E-1,6.510710907E0,7.332651672E0
3.851842375E0,-1.842668152E-1,6.495442657E0,7.341782684E0
3.861797375E0,-1.678010559E-1,6.508764954E0,7.327711945E0
3.871752375E0,-1.537303162E-1,6.506220245E0,7.344776459E0
3.881707375E0,-1.481918335E-1,6.515950012E0,7.341483307E0
3.891662375E0,-1.288819885E-1,6.523284760E0,7.373965759E0
3.901617375E0,-1.258882141E-1,6.513704681E0,7.377707977E0
3.911572375E0,-1.182540894E-1,6.543642426E0,7.360643463E0
3.921527375E0,-1.131646729E-1,6.560706940E0,7.365134125E0
3.931482375E0,-1.227447510E-1,6.549929352E0,7.369475098E0
3.941437375E0,-1.360670471E-1,6.505771179E0,7.356152802E0
3.951392375E0,-1.312770081E-1,6.510710907E0,7.326514435E0
3.961347375E0,-1.275347900E-1,6.501130829E0,7.334597626E0
3.971302375E0,-1.142124939E-1,6.535259857E0,7.350314941E0
3.981257375E0,-1.173559570E-1,6.544989624E0,7.381899261E0
3.991212375E0,-1.288819885E-1,6.559958496E0,7.371121674E0
4.001167375E0,-1.284329224E-1,6.556066589E0,7.363786926E0
4.011122375E0,-1.088237000E-1,6.522835693E0,7.365134125E0
4.021078375E0,-8.068222046E-2,6.480922852E0,7.351662140E0
4.031033375E0,-8.277786255E-2,6.471342773E0,7.344327393E0
4.040988375E0,-7.050338745E-2,6.481072540E0,7.355404358E0
4.050943375E0,-8.472381592E-2,6.487509155E0,7.350165253E0
4.060898375E0,-9.699829102E-2,6.525679779E0,7.366930389E0
4.070853375E0,-1.154100037E-1,6.528523865E0,7.369026031E0
4.080808375E0,-1.023870850E-1,6.526877289E0,7.364535370E0
4.090763375E0,-7.095245361E-2,6.502328339E0,7.317383423E0
4.100718375E0,-6.541397095E-2,6.493796082E0,7.316634979E0
4.110673375E0,-4.251159668E-2,6.491999817E0,7.327412567E0
4.120628375E0,-7.963439941E-2,6.507866821E0,7.356152802E0
4.130583375E0,-1.113684082E-1,6.526428223E0,7.380102997E0
4.140538375E0,-1.026864624E-1,6.521787872E0,7.390132141E0
4.150493375E0,-4.655319214E-2,6.507118378E0,7.364834747E0
4.160448375E0,2.844085693E-3,6.505621490E0,7.334447937E0
4.170403375E0,1.407073975E-2,6.495442657E0,7.337741089E0
4.180359375E0,1.392105103E-2,6.496041412E0,7.351662140E0
4.190314375E0,-2.020797729E-2,6.518794098E0,7.353159027E0
4.200269375E0,-2.754272461E-2,6.547085266E0,7.363936615E0
4.210224375E0,-1.526824951E-2,6.528074799E0,7.336094513E0
4.220179375E0,4.790039062E-3,6.517746277E0,7.337441711E0
4.230134375E0,3.667373657E-2,6.501579895E0,7.324269104E0
4.240089375E0,5.912704468E-2,6.526727600E0,7.292684784E0
4.250044375E0,4.221221924E-2,6.541546783E0,7.323520660E0
4.259999375E0,1.691482544E-2,6.555617523E0,7.358098755E0
4.269954375E0,3.248245239E-2,6.553521881E0,7.370073853E0
4.279909375E0,2.350112915E-2,6.543193359E0,7.362888794E0
4.289864375E0,9.280700684E-3,6.513554993E0,7.360194397E0
4.299819375E0,4.790039062E-3,6.508166199E0,7.368876343E0
4.309774375E0,-3.442840576E-3,6.513704681E0,7.365433502E0
4.319729375E0,2.080673218E-2,6.503525848E0,7.376809845E0
4.329684375E0,1.287322998E-2,6.509962463E0,7.361391907E0
4.339639375E0,-8.382568359E-3,6.507567444E0,7.358996887E0
4.349595375E0,-1.916015625E-2,6.525380402E0,7.348668365E0
4.359550375E0,-3.023712158E-2,6.528224487E0,7.329358521E0
4.369505375E0,-2.395019531E-3,6.513255615E0,7.333100739E0
4.379460375E0,2.424957275E-2,6.518943787E0,7.364535370E0
4.389415375E0,-1.721420288E-2,6.505022736E0,7.347620544E0
4.399370375E0,-2.140548706E-2,6.525530090E0,7.350165253E0
4.409325375E0,8.232879639E-3,6.522386627E0,7.358847198E0
4.419280375E0,1.197509766E-3,6.531817017E0,7.344327393E0
4.429235375E0,4.580474854E-2,6.535559235E0,7.354356537E0
4.439190375E0,4.565505981E-2,6.537056122E0,7.345375214E0
4.449144375E0,4.939727783E-2,6.511309662E0,7.354506226E0
4.459099375E0,7.933502197E-2,6.489155731E0,7.365882568E0
4.469054375E0,4.879852295E-2,6.505172424E0,7.364235992E0
4.479009375E0,4.460723877E-2,6.502328339E0,7.382348328E0
4.488964375E0,1.496887207E-4,6.515051880E0,7.369175720E0
4.498919375E0,-7.155120850E-2,6.526128845E0,7.363936615E0
4.508875375E0,-1.161584473E-1,6.516249390E0,7.349117432E0
4.518830375E0,-1.001417542E-1,6.520440674E0,7.332951050E0
4.528785375E0,-8.143066406E-2,6.519841919E0,7.293433228E0
4.538740375E0,-5.373825073E-2,6.549031219E0,7.291636963E0
4.548695375E0,-6.601272583E-2,6.550677795E0,7.328011322E0
4.558650375E0,-9.939331055E-2,6.525679779E0,7.346273346E0
4.568605375E0,-1.019380188E-1,6.496340790E0,7.344926147E0
4.578560375E0,-7.514373779E-2,6.485413513E0,7.361691284E0
4.588515375E0,-6.661148071E-2,6.449488220E0,7.335495758E0
4.598470375E0,-9.939331055E-2,6.456822968E0,7.366331635E0
4.608425375E0,-1.431024170E-1,6.484216003E0,7.385342102E0
4.618380375E0,-1.842668152E-1,6.505771179E0,7.370223541E0
4.628335375E0,-1.736389160E-1,6.531218262E0,7.354057159E0
4.638290375E0,-1.399589539E-1,6.536307678E0,7.333849182E0
4.648245375E0,-9.580078125E-2,6.544989624E0,7.318131866E0
4.658200375E0,-9.235794067E-2,6.559659119E0,7.341034241E0
4.668155375E0,-6.017486572E-2,6.553671570E0,7.366631012E0
4.678110375E0,-7.125183105E-2,6.516848145E0,7.383845215E0
4.688066375E0,-8.756790161E-2,6.518644409E0,7.382647705E0
4.698021375E0,-8.831634521E-2,6.494544525E0,7.373067627E0
4.707976375E0,-8.951385498E-2,6.475234680E0,7.379354553E0
4.717931375E0,-1.130149841E-1,6.501579895E0,7.363786926E0
4.727886375E0,-1.059796143E-1,6.521488495E0,7.360044708E0
4.737841375E0,-1.200503540E-1,6.518345032E0,7.368127899E0
4.747796375E0,-1.306782532E-1,6.514602814E0,7.344327393E0
4.757751375E0,-1.580712891E-1,6.508315887E0,7.324867859E0
4.767706375E0,-1.600172424E-1,6.531667328E0,7.328460388E0
4.777661375E0,-1.125659180E-1,6.540948029E0,7.339537354E0
4.787616375E0,-1.127156067E-1,6.544540558E0,7.333998871E0
4.797571375E0,-8.547225952E-2,6.521039429E0,7.343129883E0
4.807526375E0,-7.244934082E-2,6.515950012E0,7.344477081E0
4.817481375E0,-7.738906860E-2,6.517596588E0,7.355703735E0
4.827436375E0,-9.550140381E-2,6.512507172E0,7.360044708E0
4.837392375E0,-1.026864624E-1,6.500831451E0,7.368726654E0
4.847347375E0,-1.172062683E-1,6.501130829E0,7.373816071E0
4.857302375E0,-1.260379028E-1,6.504124603E0,7.358697510E0
4.867257375E0,-9.535171509E-2,6.521787872E0,7.343728638E0
4.877212375E0,-9.984237671E-2,6.512806549E0,7.325017548E0
4.887167375E0,-9.879455566E-2,6.529421997E0,7.326215057E0
4.897122375E0,-1.094224548E-1,6.539900208E0,7.315138092E0
4.907077375E0,-1.200503540E-1,6.543642426E0,7.339088287E0
4.917032375E0,-1.273851013E-1,6.553521881E0,7.349716187E0
4.926987375E0,-1.248403931E-1,6.521787872E0,7.350764008E0
4.936942375E0,-1.483415222E-1,6.487209778E0,7.356751556E0
4.946897375E0,-1.883084106E-1,6.479875031E0,7.385641479E0
4.956852375E0,-2.198927307E-1,6.461762695E0,7.389832764E0
4.966807375E0,-2.261796570E-1,6.477330322E0,7.364834747E0
4.976762375E0,-2.333647156E-1,6.492598572E0,7.369475098E0
4.986717375E0,-2.101629639E-1,6.509064331E0,7.339387665E0
4.996672375E0,-1.706451416E-1,6.534810791E0,7.298971710E0
5.006627375E0,-1.435514832E-1,6.555916901E0,7.286248169E0
5.016583375E0,-1.465452576E-1,6.551575928E0,7.287894745E0
5.026538375E0,-1.182540894E-1,6.537505188E0,7.325017548E0
5.036493375E0,-1.510359192E-1,6.504723358E0,7.368427277E0
5.046448375E0,-1.591191101E-1,6.494694214E0,7.367678833E0
5.056403375E0,-1.481918335E-1,6.490203552E0,7.374115448E0
5.066358375E0,-1.794767761E-1,6.492448883E0,7.401807861E0
5.076313375E0,-1.769320679E-1,6.486461334E0,7.382647705E0
5.086268375E0,-1.591191101E-1,6.526128845E0,7.367379456E0
5.096223375E0,-1.685494995E-1,6.539301453E0,7.357050934E0
5.106178375E0,-1.797761536E-1,6.528224487E0,7.339088287E0
5.116133375E0,-1.977388000E-1,6.525979156E0,7.320077820E0
5.126088375E0,-1.948947144E-1,6.534810791E0,7.300019531E0
5.136043375E0,-1.877096558E-1,6.553970947E0,7.301516418E0
5.145998375E0,-2.167492676E-1,6.544091492E0,7.335944824E0
5.155953375E0,-1.965412903E-1,6.522236938E0,7.346273346E0
5.165908375E0,-1.859133911E-1,6.516548767E0,7.328310699E0
5.175863375E0,-1.917512512E-1,6.501729584E0,7.359895020E0
5.185819375E0,-1.758842468E-1,6.485263824E0,7.380851440E0
5.195774375E0,-1.845661926E-1,6.486910400E0,7.391479340E0
5.205729375E0,-1.782792664E-1,6.504873047E0,7.374863892E0
5.215684375E0,-1.522334290E-1,6.521039429E0,7.370373230E0
5.225639375E0,-9.834548950E-2,6.506669312E0,7.357350311E0
5.235594375E0,-6.616241455E-2,6.527026978E0,7.353608093E0
5.245549375E0,-6.256988525E-2,6.550977173E0,7.334298248E0
5.255504375E0,-5.852828979E-2,6.536756744E0,7.350165253E0
5.265459375E0,-9.116043091E-2,6.553821259E0,7.372917938E0
5.275414375E0,-1.172062683E-1,6.543043671E0,7.347919922E0
5.285369375E0,-1.215472412E-1,6.513554993E0,7.358996887E0
5.295324375E0,-1.429527283E-1,6.513854370E0,7.377258911E0
5.305279375E0,-1.387614441E-1,6.522236938E0,7.369924164E0
5.315234375E0,-1.263372803E-1,6.526128845E0,7.361242218E0
5.325189375E0,-9.370513916E-2,6.528374176E0,7.361990662E0
5.335144375E0,-1.035845947E-1,6.536607056E0,7.367529144E0
5.345099375E0,-1.389111328E-1,6.531367950E0,7.348368988E0
5.355054375E0,-1.874102783E-1,6.524781647E0,7.345973969E0
5.365009375E0,-1.821711731E-1,6.525230713E0,7.359296265E0
5.374965375E0,-1.562750244E-1,6.498735809E0,7.362290039E0
5.384920375E0,-1.725910950E-1,6.483617249E0,7.329508209E0
5.394875375E0,-1.938468933E-1,6.493197327E0,7.325765991E0
5.404830375E0,-2.010319519E-1,6.511459351E0,7.326813812E0
5.414785375E0,-1.905537415E-1,6.508764954E0,7.342531128E0
5.424740375E0,-1.850152588E-1,6.524033203E0,7.350314941E0
5.434695375E0,-2.029779053E-1,6.524631958E0,7.339088287E0
5.444650792E0,-1.663041687E-1,6.519542542E0,7.322472839E0
5.454605792E0,-1.420545959E-1,6.501579895E0,7.302564240E0
5.464560791E0,-1.175056458E-1,6.515950012E0,7.332202606E0
5.474515792E0,-8.816665649E-2,6.532864838E0,7.365882568E0
5.484470792E0,-1.142124939E-1,6.533463593E0,7.367379456E0
5.494425791E0,-1.166075134E-1,6.525979156E0,7.374564514E0
5.504380791E0,-1.345701599E-1,6.531068573E0,7.349716187E0
5.514335792E0,-1.842668152E-1,6.518494720E0,7.338938599E0
5.524290792E0,-2.046244812E-1,6.508914642E0,7.377408600E0
5.534245791E0,-2.644999695E-1,6.514453125E0,7.379204865E0
5.544200792E0,-2.685415649E-1,6.505322113E0,7.368576965E0
5.554155792E0,-2.484832764E-1,6.509513397E0,7.367678833E0
5.564111792E0,-2.552192688E-1,6.512058105E0,7.334298248E0
5.574066792E0,-2.652484131E-1,6.516099701E0,7.346722412E0
5.584021791E0,-2.695893860E-1,6.520141296E0,7.366631012E0
5.593976791E0,-2.947370911E-1,6.511459351E0,7.353608093E0
5.603931792E0,-2.490820312E-1,6.514004059E0,7.332352295E0
5.613886791E0,-1.992356873E-1,6.509513397E0,7.321574707E0
5.623841791E0,-1.857637024E-1,6.522835693E0,7.325167236E0
5.633796792E0,-1.589694214E-1,6.529721375E0,7.346123657E0
5.643751792E0,-1.266366577E-1,6.512207794E0,7.376061401E0
5.653706791E0,-1.805245972E-1,6.519841919E0,7.377707977E0
5.663661791E0,-1.483415222E-1,6.502927094E0,7.369026031E0
5.673616792E0,-1.279838562E-1,6.490802307E0,7.356003113E0
5.683571791E0,-1.269360352E-1,6.502927094E0,7.345674591E0
5.693526791E0,-9.415420532E-2,6.502028961E0,7.351213074E0
5.703481792E0,-1.383123779E-1,6.544540558E0,7.349865875E0
5.713436792E0,-1.544787598E-1,6.547085266E0,7.347770233E0
5.723391791E0,-1.841171265E-1,6.540648651E0,7.358697510E0
5.733346791E0,-1.847158813E-1,6.550378418E0,7.339537354E0
5.743301792E0,-1.706451416E-1,6.536157990E0,7.354805603E0
5.753256791E0,-1.417552185E-1,6.485563202E0,7.395071869E0
5.763211791E0,-1.797761536E-1,6.480473785E0,7.371570740E0
5.773166792E0,-1.913021851E-1,6.491700439E0,7.355853424E0
5.783121792E0,-2.067201233E-1,6.528972931E0,7.342830505E0
5.793077792E0,-2.338137817E-1,6.670129395E0,7.314838715E0
5.803032792E0,-1.712438965E-1,6.702911224E0,7.213948517E0
5.812987791E0,-1.878593445E-1,6.658303986E0,7.179520111E0
5.822942792E0,-1.440005493E-1,6.626719666E0,7.272476807E0
5.832897792E0,-9.669891357E-2,6.546336823E0,7.288792877E0
5.842852791E0,-2.637515259E-1,6.591692505E0,7.210505676E0
5.852807791E0,-1.124162292E-1,6.612798615E0,7.289391632E0
5.862762792E0,-4.176315308E-1,6.517446899E0,7.333400116E0
5.872717792E0,-6.735992432E-3,6.589596863E0,7.257058868E0
5.882672791E0,-2.665956116E-1,6.592141571E0,7.351063385E0
5.892627792E0,-8.981323242E-2,6.538103943E0,7.323221283E0
5.902582792E0,-3.637435913E-2,6.565946045E0,7.272327118E0
5.912537791E0,-7.155120850E-2,6.702462158E0,7.119944000E0
5.922492791E0,-1.184037781E-1,6.699318695E0,7.228318634E0
5.932447792E0,-2.197430420E-1,6.636898499E0,7.227719879E0
5.942402792E0,-3.954776001E-1,6.654711456E0,7.118447113E0
5.952357791E0,-4.483177185E-1,6.830146637E0,6.996600494E0
5.962312791E0,-3.658392334E-1,6.938072205E0,6.940317535E0
5.972267792E0,-4.340972900E-1,6.851701813E0,7.089557190E0
5.982222791E0,-4.643344116E-1,6.831044769E0,7.113657074E0
5.992177791E0,-5.695655823E-1,6.832541656E0,7.100334778E0
6.002132792E0,-5.679190063E-1,6.885381775E0,6.982529755E0
6.012087792E0,-6.773414612E-1,6.954238586E0,6.898704071E0
6.022042791E0,-2.261796570E-1,6.923402710E0,6.846163330E0
6.031997791E0,-8.553213501E-1,7.092401276E0,7.012916565E0
6.041952792E0,-2.927911377E-1,7.118596802E0,6.870113525E0
6.051907791E0,-5.522016907E-1,7.059619446E0,7.020850067E0
6.061863792E0,-5.162763977E-1,6.846762085E0,6.796167297E0
6.071818791E0,-3.505709839E-1,6.901847534E0,6.672973480E0
6.081773791E0,2.023791504E-1,7.439379730E0,6.649771729E0
6.091728792E0,-8.352630615E-2,7.271728363E0,7.130571899E0
6.101683791E0,-1.240919495E-1,7.117998047E0,7.157815247E0
6.111638791E0,-5.893244934E-1,7.025191040E0,6.789431305E0
6.121593792E0,-3.912863159E-1,6.956184540E0,6.648574219E0
6.131548792E0,-2.137554932E-1,7.116950226E0,6.495292969E0
6.141503791E0,-3.001258850E-1,7.042554932E0,6.850803680E0
6.151458791E0,-1.692979431E-1,7.108268280E0,7.044051819E0
6.161413792E0,-2.481838989E-1,7.180567932E0,7.074588318E0
6.171368792E0,-2.607577515E-1,6.921157379E0,7.105274506E0
6.181323791E0,-4.718188477E-1,6.831643524E0,6.955735474E0
6.191278792E0,-7.038363647E-1,6.737788696E0,6.885531464E0
6.201233792E0,-1.059197388E0,6.795119476E0,6.828050995E0
6.211188791E0,-1.322350159E0,6.873107300E0,6.780599670E0
6.221143791E0,-1.425036621E0,6.765481110E0,6.952592010E0
6.231098792E0,-1.693278809E0,6.800807648E0,6.997498627E0
6.241053792E0,-1.760189667E0,6.949149170E0,6.904691620E0
6.251008791E0,-1.558109894E0,7.069199524E0,6.626120911E0
6.260963792E0,-1.473086700E0,7.109914856E0,6.540199585E0
6.270918792E0,-1.490001526E0,7.135361938E0,6.603218536E0
6.280873791E0,-1.089434509E0,7.303911438E0,6.698121185E0
6.290828791E0,-6.415658569E-1,7.529791718E0,6.688690796E0
6.300783792E0,-1.124162292E-1,7.492519226E0,6.574029236E0
6.310738792E0,2.963836670E-2,7.299271088E0,6.685397644E0
6.320693791E0,-5.493576050E-2,7.224127350E0,6.737489319E0
6.330648792E0,1.465452576E-1,7.246880035E0,6.785988464E0
6.340603792E0,9.804611206E-2,7.225474548E0,6.607559509E0
6.350558791E0,2.760260010E-1,7.082372131E0,6.394702148E0
6.360513791E0,4.933740234E-1,7.068002014E0,6.413862305E0
6.370468792E0,3.103047180E-1,7.037764893E0,6.525829468E0
6.380423792E0,6.960525513E-1,6.925498352E0,6.609355774E0
6.390379792E0,8.044271851E-1,6.922504578E0,6.427184601E0
6.400334791E0,6.818321228E-1,6.860832825E0,6.424639893E0
6.410289791E0,1.165177002E0,6.854994965E0,6.684948578E0
6.420244792E0,1.469194794E0,6.948101349E0,6.967261505E0
6.430199792E0,1.574276276E0,6.887327728E0,7.086713104E0
6.440154791E0,1.743274841E0,6.872508545E0,7.140301666E0
6.450109375E0,1.716031494E0,6.943760376E0,6.921157379E0
6.460064375E0,2.050136719E0,7.003785553E0,6.634204102E0
6.470019375E0,2.101779327E0,6.974446564E0,6.550528107E0
6.479974375E0,2.495460663E0,6.838229828E0,6.747069397E0
6.489929375E0,2.662064209E0,7.017556915E0,6.868616638E0
6.499884375E0,2.611469421E0,7.009922791E0,7.020401001E0
6.509839375E0,3.379671936E0,6.762038269E0,7.171287231E0
6.519794375E0,3.662583618E0,6.655010834E0,7.036417694E0
6.529749375E0,3.678001556E0,6.703060913E0,6.729256439E0
6.539704375E0,3.661984863E0,6.666985931E0,6.757846985E0
6.549659375E0,3.423381042E0,6.713389435E0,6.951693878E0
6.559614375E0,3.212918701E0,7.027735748E0,6.866820374E0
6.569569375E0,3.370840302E0,7.020999756E0,7.103478241E0
6.579524375E0,3.422183533E0,6.890171814E0,7.102729797E0
6.589479375E0,3.261717224E0,6.593339081E0,7.023394775E0
6.599434375E0,3.220702515E0,6.700516205E0,6.854396210E0
6.609389375E0,2.813100128E0,7.032675476E0,6.553970947E0
6.619344375E0,2.291734314E0,7.250771942E0,6.345604248E0
6.629299375E0,2.225571899E0,7.260352020E0,6.716083832E0
6.639254375E0,2.559976501E0,7.004833374E0,7.310647430E0
6.649209375E0,2.639610901E0,6.853348389E0,7.328610077E0
6.659164375E0,2.772534485E0,6.705006866E0,7.059170380E0
6.669119375E0,2.989583130E0,6.668782196E0,6.766977997E0
6.679074375E0,2.747237091E0,6.556515656E0,6.718329163E0
6.689029375E0,2.882555695E0,6.471342773E0,6.604565735E0
6.698984375E0,3.052751770E0,6.487658844E0,6.652017059E0
6.708939375E0,2.775528259E0,6.748865662E0,6.719826050E0
6.718894375E0,2.195933533E0,6.707102509E0,6.915618896E0
6.728849375E0,2.252964935E0,6.425538025E0,7.367828522E0
6.738804375E0,2.033371582E0,6.635850677E0,7.491920471E0
6.748759375E0,1.643133087E0,6.859785004E0,7.127727814E0
6.758714375E0,1.715582428E0,6.798412628E0,6.588848419E0
6.768669375E0,1.337319031E0,6.768325195E0,6.290369110E0
6.778624375E0,9.795629883E-1,6.908733215E0,6.068979492E0
6.788580375E0,7.057823181E-1,6.720873871E0,6.731651459E0
6.798534375E0,4.123924255E-1,6.824757843E0,7.369175720E0
6.808490375E0,6.665638733E-1,7.147337036E0,7.401059418E0
6.818445375E0,7.667056274E-1,7.300019531E0,6.969656525E0
6.828400375E0,8.068222046E-1,6.917265472E0,6.843618622E0
6.838355375E0,1.196312256E0,6.683900757E0,6.541696472E0
6.848310375E0,1.369352417E0,6.550827484E0,6.378685455E0
6.858265375E0,1.609453125E0,6.582711182E0,6.746171265E0
6.868220375E0,2.171983337E0,6.850504303E0,7.207811279E0
6.878175375E0,2.359992371E0,7.311994629E0,7.294481049E0
6.888130375E0,2.189646606E0,7.022047577E0,7.272476807E0
6.898085375E0,2.130519562E0,6.414910126E0,7.140002289E0
6.908040375E0,2.391127625E0,5.814508667E0,7.109914856E0
6.917995375E0,2.775977325E0,6.790778503E0,6.748566284E0
6.927950375E0,2.270628204E0,7.701634369E0,6.652166748E0
6.937905375E0,1.770667877E0,7.135511627E0,7.059320068E0
6.947860375E0,1.940115509E0,6.424789581E0,7.421866150E0
6.957815375E0,2.031575317E0,5.632636871E0,7.308851166E0
6.967770375E0,2.316283264E0,6.055357819E0,7.053482208E0
6.977725375E0,1.822310486E0,6.575825500E0,7.330106964E0
6.987680375E0,1.160386963E0,6.444847870E0,7.457641754E0
6.997635375E0,1.456171875E0,6.425687714E0,7.796836395E0
7.007590375E0,2.048789520E0,6.450835419E0,7.478448486E0
7.017545375E0,1.924547882E0,6.130351868E0,7.126829681E0
7.027500375E0,2.617307281E0,5.965843964E0,6.994504852E0
7.037455375E0,2.576442261E0,6.374793549E0,7.334447937E0
7.047410375E0,2.739453278E0,6.735992432E0,7.364535370E0
7.057365375E0,2.704875183E0,6.380781097E0,7.269333344E0
7.067320375E0,2.628833313E0,6.497089233E0,7.279512177E0
7.077275375E0,1.807940369E0,6.657106476E0,7.337741089E0
7.087230375E0,1.957030334E0,6.816225586E0,6.758146362E0
7.097185375E0,1.460063782E0,6.676715698E0,6.216871948E0
7.107140375E0,9.325607300E-1,6.439908142E0,6.487509155E0
7.117095375E0,1.180744629E0,6.870412903E0,7.053631897E0
7.127050375E0,4.641847229E-1,7.192543030E0,6.756499786E0
7.137005375E0,8.143066406E-2,6.609206085E0,7.297175446E0
7.146960375E0,4.309538269E-1,6.272855530E0,8.348738708E0
7.156915375E0,-4.095483398E-1,6.549629974E0,8.180937653E0
7.166870375E0,-5.303471375E-1,6.597680054E0,7.187303925E0
7.176825375E0,-6.909631348E-1,6.621181183E0,6.556515656E0
7.186780375E0,-1.062789917E0,6.444997559E0,7.029232635E0
7.196735375E0,-1.348246307E0,6.424490204E0,7.684420166E0
7.206690375E0,-2.229014740E0,6.002966766E0,8.181386719E0
7.216645375E0,-1.857038269E0,6.051765289E0,7.768844604E0
7.226600375E0,-1.631906433E0,6.548282776E0,6.955436096E0
7.236555375E0,-1.891316986E0,6.867568817E0,6.302643585E0
7.246510375E0,-1.000519409E0,6.762337646E0,6.095324707E0
7.256466375E0,-7.104226685E-1,6.435118103E0,6.677913208E0
7.266421375E0,-1.325194244E0,6.535708923E0,7.218139801E0
7.276376375E0,-8.379574585E-1,6.483766937E0,7.585775299E0
7.286331375E0,-5.056484985E-1,5.510939941E0,7.735613708E0
7.296286375E0,-9.642947388E-1,5.235512695E0,7.796087952E0
7.306241375E0,-7.488926697E-1,6.072572021E0,7.715106354E0
7.316196375E0,-1.188528442E0,6.789281616E0,7.379055176E0
7.326151375E0,-1.602417755E0,6.580615540E0,7.529192963E0
7.336106375E0,-1.552421722E0,6.468348999E0,7.364235992E0
7.346061375E0,-1.588496704E0,6.358327789E0,7.528444519E0
7.356016375E0,-1.594334564E0,6.365363159E0,7.187752991E0
7.365971375E0,-1.588197327E0,6.267017670E0,7.166048126E0
7.375926375E0,-1.520088959E0,6.597979431E0,7.335645447E0
7.385881375E0,-1.543590088E0,6.835236053E0,7.290439453E0
7.395836375E0,-1.487307129E0,6.637347565E0,7.376809845E0
7.405791375E0,-1.608405304E0,6.430627441E0,7.208709412E0
7.415746375E0,-1.325194244E0,6.797364807E0,7.265142059E0
7.425701375E0,-1.013841705E0,7.340884552E0,6.863227844E0
7.435656375E0,-1.069076843E0,7.108118591E0,6.749015350E0
7.445611375E0,-5.577401733E-1,6.814279633E0,6.798712006E0
7.455567000E0,-7.628137207E-1,6.937323761E0,6.853797455E0
7.465522000E0,-9.862989807E-1,7.060218201E0,6.714137878E0
7.475477000E0,-5.158273315E-1,6.892566833E0,6.687493286E0
7.485432000E0,-1.228944397E-1,6.756649475E0,7.198530579E0
7.495387000E0,-2.836601257E-1,7.018455048E0,7.055128784E0
7.505342000E0,-1.627116394E-1,7.088958435E0,6.679709473E0
7.515297000E0,5.553451538E-2,6.761738892E0,6.813531189E0
7.525252000E0,2.544708252E-3,6.637197876E0,7.129374390E0
7.535207000E0,2.381547546E-1,6.751859436E0,7.218439178E0
7.545162000E0,8.376580811E-1,7.107669525E0,6.571634216E0
7.555117000E0,1.261426849E0,7.173083496E0,6.629563751E0
7.565072000E0,1.058149567E0,6.911726990E0,7.272327118E0
7.575027000E0,8.580157471E-1,6.380332031E0,7.893235931E0
7.584982000E0,1.244062958E0,6.291416931E0,7.892936554E0
7.594937000E0,1.231189728E0,6.902446289E0,7.314239960E0
7.604892000E0,1.819466400E0,7.339986420E0,7.346722412E0
7.614847000E0,2.247426453E0,7.350464630E0,6.893165588E0
7.624802000E0,1.717229004E0,6.959028625E0,7.114255829E0
7.634757000E0,1.190624084E0,7.281158752E0,6.660699005E0
7.644712000E0,1.002465363E0,6.739734650E0,6.886579285E0
7.654667000E0,1.013392639E0,6.495742035E0,6.668931885E0
7.664622000E0,9.116043091E-1,7.398963776E0,6.143674164E0
7.674577000E0,5.873785400E-1,7.775430908E0,5.852080536E0
7.684532000E0,5.059478760E-2,6.780749359E0,6.649472351E0
7.694487000E0,-1.299298096E-1,6.581064606E0,7.132966919E0
7.704442000E0,-2.106120300E-1,6.960226135E0,7.242688751E0
7.714397000E0,-2.555186462E-1,6.804849243E0,7.106472015E0
7.724352000E0,2.338137817E-1,6.799011383E0,6.732399902E0
7.734307000E0,-5.059478760E-2,7.091203766E0,6.776109009E0
7.744262000E0,-5.792953491E-1,6.956334229E0,6.952142944E0
7.754218000E0,-5.882766724E-1,6.433321838E0,7.575746155E0
7.764173000E0,-8.297245789E-1,6.501729584E0,7.565417633E0
7.774128000E0,-9.613009644E-1,6.724167023E0,7.239545288E0
7.784083000E0,-3.644920349E-1,7.210954742E0,6.855444031E0
7.794038000E0,-4.836442566E-1,7.508386230E0,6.796766052E0
7.803993000E0,-8.259823608E-1,7.212751007E0,7.195985870E0
7.813948000E0,-6.328839111E-1,6.406228180E0,7.299271088E0
7.823903000E0,-1.260079651E0,6.353088684E0,6.828799438E0
7.833858000E0,-1.155147858E0,7.009922791E0,6.547534332E0
7.843813000E0,-5.354365540E-1,7.029681702E0,7.248676300E0
7.853768000E0,-1.193168793E0,6.915020142E0,7.450307007E0
7.863723000E0,-1.778900757E0,6.913074188E0,7.248676300E0
7.873678000E0,-1.598376160E0,6.399342499E0,7.165000305E0
7.883633000E0,-2.144739990E0,6.666836243E0,6.926995239E0
7.893588000E0,-2.416574707E0,7.506889343E0,6.502927094E0
7.903543000E0,-2.312091980E0,7.319029999E0,6.782096558E0
7.913498000E0,-3.027454376E0,6.762487335E0,7.133415985E0
7.923453000E0,-3.160976715E0,6.485263824E0,6.968159637E0
7.933408000E0,-2.847678223E0,6.604416046E0,7.043003998E0
7.943363000E0,-2.667153625E0,7.196734314E0,6.852599945E0
7.953318000E0,-2.568359070E0,7.123386841E0,6.726262665E0
7.963273000E0,-2.523452454E0,6.659950562E0,7.225025482E0
7.973228000E0,-2.696941681E0,6.533313904E0,7.191644897E0
7.983183000E0,-2.729573822E0,6.637347565E0,6.825206909E0
7.993138000E0,-1.998793488E0,7.351512451E0,6.524332581E0
8.003093000E0,-1.431173859E0,6.888375549E0,7.140002289E0
8.013048000E0,-1.935026093E0,6.527326355E0,7.395670624E0
8.023003000E0,-1.458566895E0,6.565347290E0,7.230863342E0
8.032958000E0,-1.257235565E0,6.534661102E0,6.916966095E0
8.042913000E0,-9.672885132E-1,6.746919708E0,7.163353729E0
8.052868000E0,-5.334906006E-1,7.126679993E0,7.006779327E0
8.062823000E0,-4.113446045E-1,7.566166077E0,6.388714600E0
8.072778000E0,-4.201762390E-1,7.438032532E0,6.355483704E0
8.082733000E0,5.972579956E-2,6.256389771E0,6.834487610E0
8.092688000E0,3.225791931E-1,6.123765564E0,7.400760040E0
8.102643000E0,3.165916443E-1,6.309678955E0,7.485334167E0
8.112598000E0,-6.885681152E-3,6.687642975E0,7.362439728E0
8.122553000E0,-1.974394226E-1,6.864575043E0,7.432194672E0
8.132508000E0,-9.310638428E-2,6.955286407E0,6.959178314E0
8.142463000E0,2.909948730E-1,6.466253357E0,7.637417908E0
8.152418000E0,-5.179229736E-2,6.602769470E0,7.147187347E0
8.162373000E0,-1.484912109E-1,6.361920319E0,7.108268280E0
8.172328000E0,-5.508544922E-1,6.784790955E0,6.698420563E0
8.182283000E0,-5.755531311E-1,6.842421112E0,6.850653992E0
8.192238000E0,-2.143542480E-1,7.061415710E0,6.760242004E0
8.202193000E0,-3.650907898E-1,6.746919708E0,6.848408661E0
8.212148000E0,-2.077679443E-1,6.594985657E0,6.792125702E0
8.222103000E0,-4.266128540E-1,6.847510529E0,6.551875305E0
8.232058000E0,-1.766326904E-1,6.898704071E0,6.914421387E0
8.242013000E0,-4.402345276E-1,7.086413727E0,6.877897339E0
8.251969000E0,-5.831872559E-1,6.824009399E0,6.998845825E0
8.261923000E0,-3.984713745E-1,6.566095734E0,6.673721924E0
8.271879000E0,-3.318598938E-1,6.716832275E0,6.658154297E0
8.281834000E0,-4.505630493E-2,6.777156830E0,7.128326569E0
8.291789000E0,-3.323089600E-1,6.543941803E0,7.176676025E0
8.301744000E0,-1.437011719E-1,6.908284149E0,6.774163055E0
8.311699000E0,3.233276367E-2,6.881190491E0,6.527326355E0
8.321654000E0,3.293151855E-3,6.434818726E0,7.533384247E0
8.331609000E0,-7.119195557E-1,6.661148071E0,7.706424408E0
8.341564000E0,-7.033872986E-1,6.929390259E0,7.587870941E0
8.351519000E0,-6.905140686E-1,6.820865936E0,7.391030273E0
8.361474000E0,-4.044589233E-1,6.458768921E0,7.464976501E0
8.371429000E0,-2.077679443E-1,6.753356323E0,7.176226959E0
8.381384000E0,-5.349874878E-1,6.690487061E0,6.759493561E0
8.391339000E0,-7.502398682E-1,6.748865662E0,7.128775635E0
8.401294000E0,-7.444020081E-1,6.675368500E0,7.336094513E0
8.411249000E0,-9.909393311E-1,6.506968689E0,7.378755798E0
8.421204000E0,-8.613088989E-1,6.615343323E0,7.072642365E0
8.431159000E0,-9.711804199E-1,6.284381561E0,7.643555145E0
8.441114000E0,-9.895921326E-1,6.615792389E0,7.710016937E0
8.451068750E0,-1.159189453E0,6.434519348E0,7.833360443E0
8.461023750E0,-1.264420624E0,6.515351257E0,7.329059143E0
8.470978750E0,-1.567989349E0,6.622827759E0,7.053182831E0
8.480933750E0,-1.472188568E0,6.474336548E0,7.568710785E0
8.490888750E0,-1.281485138E0,6.801256714E0,7.321275330E0
8.500843750E0,-1.385518799E0,6.442303162E0,7.527097321E0
8.510798750E0,-1.318158875E0,6.839427338E0,7.143894196E0
8.520753750E0,-1.451531525E0,7.055727539E0,7.214996338E0
8.530708750E0,-1.045875092E0,7.339537354E0,6.946305084E0
8.540663750E0,-1.182690582E0,7.039710846E0,7.103029175E0
8.550618750E0,-6.965016174E-1,6.999743958E0,7.097490692E0
8.560573750E0,-4.170327759E-1,6.972949677E0,6.614744568E0
8.570528750E0,-3.067121887E-1,5.100044403E0,8.005801849E0
8.580483750E0,-1.005908203E-1,6.544390869E0,6.612948303E0
8.590438750E0,-1.821711731E-1,7.758665771E0,6.141728210E0
8.600393750E0,-8.262817383E-2,7.503147125E0,6.578370209E0
8.610348750E0,-2.290237427E-2,6.915469208E0,6.938670959E0
8.620303750E0,3.670367432E-1,6.874753876E0,6.278992767E0
8.630258750E0,-8.681945801E-3,5.264851685E0,7.525450745E0
8.640213750E0,1.676513672E-2,5.726491699E0,7.701933746E0
8.650168750E0,1.451980591E-2,7.311844940E0,6.982829132E0
8.660123750E0,5.837860107E-3,7.189399567E0,7.878566437E0
8.670078750E0,2.998265076E-1,6.913672943E0,8.430169373E0
8.680033750E0,4.279600525E-1,6.293362885E0,8.300988007E0
8.689988750E0,5.575904846E-1,6.222709808E0,7.136409760E0
8.699943750E0,2.787203979E-1,6.405928802E0,6.456373901E0
8.709898750E0,2.724334717E-1,6.443500671E0,5.899831238E0
8.719853750E0,8.532257080E-3,6.898255005E0,6.408473511E0
8.729808750E0,2.447410583E-1,7.091054077E0,7.298822021E0
8.739763750E0,7.664062500E-2,6.865024109E0,8.345894623E0
8.749718750E0,4.520599365E-2,6.443350983E0,8.330177307E0
8.759673750E0,1.207987976E-1,6.796766052E0,7.502847748E0
8.769628750E0,2.730322266E-1,6.993457031E0,7.329208832E0
8.779583750E0,1.995350647E-1,6.766828308E0,7.101532288E0
8.789539750E0,4.574487305E-1,6.438261566E0,6.763235779E0
8.799494750E0,7.821235657E-1,6.510710907E0,6.486311646E0
8.809449750E0,1.091679840E0,7.162006531E0,6.575675812E0
8.819404750E0,1.082249451E0,6.886579285E0,7.069199524E0
8.829359750E0,1.384770355E0,6.932683411E0,6.594237213E0
8.839314750E0,1.320553894E0,6.580016785E0,7.232958984E0
8.849269750E0,1.626068573E0,6.751110992E0,7.651488647E0
8.859224750E0,1.694476318E0,6.631360016E0,7.774981842E0
8.869179750E0,1.790576477E0,6.426585846E0,7.187603302E0
8.879134750E0,1.776056671E0,6.650520172E0,6.836732941E0
8.889089750E0,1.921254730E0,6.667434998E0,7.293283539E0
8.899044750E0,1.722019043E0,6.970704346E0,7.167095947E0
8.908999750E0,1.895807648E0,6.374045105E0,7.543114014E0
8.918954750E0,1.813029785E0,6.173761597E0,7.518864441E0
8.928909750E0,1.813628540E0,6.470744019E0,7.207811279E0
8.938864750E0,1.764680328E0,7.163653107E0,6.696624298E0
8.948819750E0,1.316811676E0,6.964866486E0,6.367309113E0
8.958774750E0,1.278940430E0,6.511010284E0,6.415808258E0
8.968729750E0,1.515298920E0,6.972650299E0,6.234385529E0
8.978684750E0,1.313219147E0,7.055877228E0,7.051536255E0
8.988639750E0,9.535171509E-1,6.926845551E0,7.338788910E0
8.998594750E0,1.128353577E0,6.489455109E0,7.633076935E0
9.008549750E0,8.960366821E-1,7.171137543E0,7.040010223E0
9.018504750E0,5.565426636E-1,7.292086029E0,7.028484192E0
9.028459750E0,5.742059326E-1,7.053931274E0,7.194638672E0
9.038414750E0,5.349874878E-1,6.519692230E0,7.182663574E0
9.048369750E0,4.846920776E-1,6.401887207E0,7.520511017E0
9.058324750E0,3.424877930E-1,7.066355438E0,7.216044159E0
9.068279750E0,7.634124756E-2,6.650819550E0,7.421417084E0
9.078234750E0,-1.826202393E-2,6.436465302E0,6.976392517E0
9.088189750E0,-5.685177612E-1,6.593189392E0,7.123237152E0
9.098144750E0,-4.424798584E-1,6.610852661E0,7.066056061E0
9.108099750E0,-1.381626892E-1,6.116131439E0,7.415279846E0
9.118054750E0,-1.682501221E-1,6.607709198E0,6.881040802E0
9.128009750E0,-4.502636719E-1,6.466702423E0,7.254514160E0
9.137964750E0,-3.926335144E-1,6.723568268E0,7.383246460E0
9.147919750E0,-1.920506287E-1,6.234235840E0,7.595804443E0
9.157874750E0,-3.700305176E-1,6.228697357E0,7.315437469E0
9.167829750E0,-3.626957703E-1,5.926026764E0,7.716603241E0
9.177784750E0,-1.842668152E-1,6.103557587E0,7.846533051E0
9.187739750E0,-2.674937439E-1,6.401288452E0,7.751031647E0
9.197694750E0,-3.794609070E-1,6.753805389E0,7.419321442E0
9.207649750E0,-2.290237427E-2,6.634802856E0,7.546407166E0
9.217604750E0,-2.128573608E-1,6.478527832E0,7.651788025E0
9.227559750E0,-2.532733154E-1,6.702162781E0,7.762857056E0
9.237514750E0,-3.201841736E-1,6.824159088E0,6.931485901E0
9.247469750E0,-4.162843323E-1,6.394851837E0,7.229965210E0
9.257424750E0,-3.504212952E-1,6.529122620E0,6.957232361E0
9.267379750E0,-3.177891541E-1,6.636299744E0,6.895410919E0
9.277334750E0,-2.868035889E-1,6.239624634E0,6.888974304E0
9.287289750E0,-4.939727783E-2,6.191724243E0,7.006929016E0
9.297244750E0,-3.543132019E-1,6.293961639E0,7.369325409E0
9.307199750E0,-6.060896301E-1,7.040010223E0,7.708819427E0
9.317155750E0,-7.442523193E-1,7.225025482E0,7.710765381E0
9.327110750E0,-9.854008484E-1,6.730004883E0,7.501051483E0
9.337065750E0,-7.726931763E-1,6.334377594E0,7.247029724E0
9.347020750E0,-5.882766724E-2,7.162605286E0,6.621630249E0
9.356975750E0,-2.519261169E-1,7.149582367E0,6.301595764E0
9.366930750E0,-1.880090332E-1,6.458469543E0,6.972949677E0
9.376885750E0,-4.087998962E-1,6.538702698E0,7.266638947E0
9.386840750E0,-8.351133728E-1,7.082821198E0,7.565267944E0
9.396795750E0,-8.842112732E-1,6.800208893E0,7.446265411E0
9.406750750E0,-5.548960876E-1,6.087241516E0,7.266489258E0
9.416705750E0,1.496887207E-2,6.418802032E0,7.161407776E0
9.426660750E0,-3.670367432E-1,6.959477692E0,6.955735474E0
9.436615750E0,-6.171665955E-1,6.898404694E0,6.768923950E0
9.446570750E0,-6.872209167E-1,5.953569489E0,7.332352295E0
9.456526166E0,-9.653425598E-1,6.458020477E0,7.189249878E0
9.466481166E0,-9.473799133E-1,7.074887695E0,6.915618896E0
9.476436167E0,-8.798703003E-1,6.933731232E0,6.778354340E0
9.486391167E0,-5.194198608E-1,6.338868256E0,7.388335876E0
9.496346166E0,-5.773493958E-1,6.487060089E0,7.738008728E0
9.506301166E0,-1.195414124E0,6.891519012E0,7.674091644E0
9.516256167E0,-1.005608826E0,6.655010834E0,7.417674866E0
9.526211166E0,-6.614744568E-1,6.653813324E0,7.451354828E0
9.536166166E0,-1.058149567E0,6.767726440E0,7.413333893E0
9.546121167E0,-1.008303223E0,6.959627380E0,7.053182831E0
9.556076167E0,-5.420228577E-1,6.725813599E0,6.972650299E0
9.566031166E0,-9.936337280E-1,6.490802307E0,7.168293457E0
9.575986166E0,-1.314266968E0,6.648125153E0,7.125632172E0
9.585941167E0,-8.887019348E-1,6.787036285E0,7.252119141E0
9.595896166E0,-5.330415344E-1,7.169490967E0,6.910828857E0
9.605851166E0,-9.545649719E-1,7.152276764E0,6.709347839E0
9.615806167E0,-7.993377686E-1,7.292834473E0,6.686744843E0
9.625761167E0,-1.300794983E-1,7.245832214E0,6.613097992E0
9.635716166E0,-4.382885742E-1,6.793921967E0,6.666536865E0
9.645671166E0,-5.528004456E-1,6.114484863E0,7.204218750E0
9.655626167E0,-8.906478882E-2,6.707551575E0,7.349566498E0
9.665581166E0,2.487826538E-1,7.167395325E0,7.370522919E0
9.675536166E0,9.954299927E-2,6.917864227E0,6.915319519E0
9.685491167E0,-1.556762695E-2,6.332581329E0,6.812333679E0
9.695446167E0,3.981719971E-1,6.547684021E0,6.716682587E0
9.705401166E0,1.140628052E-1,6.718029785E0,6.452781372E0
9.715356166E0,-1.128652954E-1,6.276597748E0,6.994504852E0
9.725311167E0,2.571652222E-1,6.184239807E0,8.076005859E0
9.735266166E0,7.604187012E-2,6.844666443E0,8.248746643E0
9.745221166E0,-2.809657288E-1,6.615343323E0,8.013585663E0
9.755176167E0,2.025288391E-1,6.402785339E0,7.374564514E0
9.765131167E0,5.107379150E-1,6.786437531E0,7.061715088E0
9.775086166E0,1.291813660E-1,7.376809845E0,6.642886047E0
9.785041166E0,-5.149291992E-2,6.839726715E0,6.876849518E0
9.794996167E0,4.661306763E-1,6.702761536E0,6.931036835E0
9.804951166E0,2.260299683E-1,6.649322662E0,7.386838989E0
9.814906166E0,5.418731689E-2,6.496939545E0,7.431146851E0
9.824861167E0,6.036946106E-1,5.989943848E0,7.626340942E0
9.834817166E0,8.026309204E-1,6.493347015E0,7.461084595E0
9.844772167E0,3.876937866E-1,7.339387665E0,7.481442261E0
9.854727167E0,4.674778748E-1,7.314838715E0,6.971901855E0
9.864682166E0,9.250762939E-1,6.845863953E0,6.447841644E0
9.874637167E0,7.514373779E-1,6.396498413E0,6.729106750E0
9.884592167E0,8.125103760E-1,6.378685455E0,7.133266296E0
9.894547166E0,1.157692566E0,6.713988190E0,6.767576752E0
9.904502166E0,9.873468018E-1,6.766379242E0,6.780749359E0
9.914457167E0,4.093986511E-1,6.630312195E0,7.769293671E0
9.924412167E0,5.501060486E-1,6.858886871E0,8.131839752E0
9.934367166E0,5.520520020E-1,6.754404144E0,7.712411957E0
9.944322166E0,4.578977966E-1,5.987548828E0,7.420369263E0
9.954277167E0,4.197271729E-1,6.543043671E0,7.030579834E0
9.964232166E0,2.603086853E-1,7.037016449E0,6.837780762E0
9.974187166E0,-1.737886047E-1,6.460415497E0,6.581363983E0
9.984142167E0,-3.465293884E-1,5.810916138E0,7.087461548E0
9.994097167E0,-2.122586060E-1,6.265371094E0,7.877518616E0
1.000405217E1,-1.869612122E-1,6.715784454E0,7.993976440E0
1.001400717E1,-2.875520325E-1,6.664740601E0,7.594906311E0
1.002396217E1,-5.011578369E-1,6.543043671E0,7.669600983E0
1.003391717E1,-5.129832458E-1,6.773414612E0,7.816595306E0
1.004387217E1,-5.725593567E-1,6.979835358E0,7.122638397E0
1.005382717E1,-6.670129395E-1,6.505471802E0,6.868766327E0
1.006378217E1,-5.053491211E-1,6.597829742E0,7.120243378E0
1.007373717E1,-2.257305908E-1,6.830146637E0,7.087910614E0
1.008369217E1,-1.715432739E-1,6.570137329E0,7.128925323E0
1.009364717E1,-4.474195862E-1,6.297404480E0,7.401508484E0
1.010360217E1,-8.798703003E-1,6.531367950E0,7.851772156E0
1.011355717E1,-6.836283875E-1,6.534810791E0,7.611222382E0
1.012351217E1,-4.251159668E-1,6.297554169E0,7.315587158E0
1.013346717E1,-4.400848389E-1,6.379733276E0,7.496860199E0
1.014342217E1,-1.749861145E-1,6.425987091E0,7.403903503E0
1.015337717E1,3.293151855E-2,6.156697083E0,6.893764343E0
1.016333217E1,-2.649490356E-2,5.860912170E0,7.106322327E0
1.017328717E1,-2.339634705E-1,6.497687988E0,7.310198364E0
1.018324217E1,7.664062500E-2,6.911427612E0,7.220684509E0
1.019319717E1,2.896476746E-1,6.440357208E0,7.149732056E0
1.020315217E1,2.433938599E-1,5.963299255E0,7.680079193E0
1.021310717E1,3.112028503E-1,6.694378967E0,7.710166626E0
1.022306217E1,2.844085693E-3,7.139553223E0,7.064559174E0
1.023301717E1,4.067042542E-1,6.353837128E0,7.289990387E0
1.024297217E1,3.903881836E-1,6.385720825E0,7.402705994E0
1.025292717E1,5.349874878E-1,6.870562592E0,7.370672607E0
1.026288217E1,6.036946106E-1,6.979685669E0,6.453080750E0
1.027283717E1,2.932402039E-1,6.572532349E0,6.750661926E0
1.028279217E1,-2.589614868E-2,6.690037994E0,7.226372681E0
1.029274717E1,1.486408997E-1,6.965764618E0,7.245832214E0
1.030270217E1,5.289999390E-1,6.850953369E0,7.037166138E0
1.031265717E1,2.947370911E-1,6.468798065E0,7.247329102E0
1.032261217E1,1.962419128E-1,6.831942902E0,7.859855347E0
1.033256717E1,4.541555786E-1,7.415579224E0,7.175328827E0
1.034252217E1,2.471360779E-1,6.924899597E0,7.356751556E0
1.035247717E1,2.691403198E-1,6.889123993E0,7.406298523E0
1.036243217E1,4.529580688E-1,7.047494659E0,7.011419678E0
1.037238717E1,3.067121887E-1,6.525679779E0,6.751560059E0
1.038234317E1,-3.483256531E-1,6.478228455E0,6.692133636E0
1.039229817E1,-1.422042847E-1,6.995702362E0,7.151827698E0
1.040225317E1,3.379971313E-1,6.917564850E0,7.285050659E0
1.041220817E1,2.421963501E-1,6.155948639E0,7.563321991E0
1.042216317E1,5.026547241E-1,6.756200409E0,7.263794861E0
1.043211817E1,4.314028931E-1,7.137607269E0,7.185208282E0
1.044207317E1,4.296066284E-2,6.489604797E0,6.794969788E0
1.045202904E1,2.136058044E-1,6.066883850E0,7.078779602E0
1.046198404E1,-2.888992310E-2,6.766379242E0,7.427853699E0
1.047193904E1,8.083190918E-2,6.843468933E0,7.192243652E0
1.048189404E1,5.170248413E-1,6.237379303E0,7.482190704E0
1.049184904E1,-6.436614990E-3,6.243516541E0,7.661068726E0
1.050180404E1,-2.845582581E-1,6.811435547E0,7.510481873E0
1.051175904E1,-1.317260742E-1,6.863078156E0,7.140151978E0
1.052171404E1,-3.541635132E-1,6.179150391E0,7.597750397E0
1.053166904E1,-2.025288391E-1,6.244714050E0,7.795638885E0
1.054162404E1,4.580474854E-2,6.864125977E0,6.880142670E0
1.055157904E1,-1.730401611E-1,6.689588928E0,6.687792664E0
1.056153404E1,-3.456312561E-1,6.456074524E0,7.162156219E0
1.057148904E1,-2.715353394E-1,6.622229004E0,7.532635803E0
1.058144404E1,1.796264648E-3,6.476731567E0,7.586823120E0
1.059139904E1,4.191284180E-3,6.305188293E0,7.888296204E0
1.060135404E1,1.511856079E-2,6.523434448E0,8.041128387E0
1.061130904E1,5.538482666E-3,7.106472015E0,6.866221619E0
1.062126404E1,7.110214233E-2,6.551426239E0,6.618636475E0
1.063121904E1,-5.568420410E-2,6.039640503E0,6.986721039E0
1.064117404E1,-1.960922241E-1,6.262527008E0,7.110064545E0
1.065112904E1,-1.317260742E-1,6.009852448E0,7.674241333E0
1.066108404E1,-3.600013733E-1,6.045029297E0,8.376281433E0
1.067103904E1,-3.671864319E-1,6.949298859E0,8.181386719E0
1.068099404E1,-9.190887451E-2,7.153025208E0,7.551646271E0
1.069094904E1,6.945556641E-2,5.413492584E0,7.979157257E0
1.070090404E1,2.213896179E-1,6.462361450E0,7.048692169E0
1.071085904E1,3.739224243E-1,7.624694366E0,6.724616089E0
1.072081404E1,1.681004333E-1,6.519692230E0,7.094347229E0
1.073076904E1,2.047741699E-1,5.376220093E0,7.916287994E0
1.074072404E1,5.421725464E-1,6.702761536E0,7.373516693E0
1.075067904E1,5.676196289E-1,6.978188782E0,7.388036499E0
1.076063404E1,6.080355835E-1,6.469396820E0,7.513475647E0
1.077058904E1,4.555027771E-1,7.099436646E0,6.928791504E0
1.078054404E1,2.430944824E-1,7.266489258E0,6.752458191E0
1.079049904E1,2.097138977E-1,6.635850677E0,6.601571960E0
1.080045404E1,6.611750793E-1,6.544989624E0,6.656058655E0
1.081040904E1,2.523751831E-1,6.966213684E0,6.809788971E0
1.082036404E1,1.529818726E-1,6.818770294E0,7.094496918E0
1.083031904E1,4.339476013E-1,6.826404419E0,7.271728363E0
1.084027404E1,-2.582130432E-1,6.665039978E0,7.849526825E0
1.085022904E1,-3.010240173E-1,5.657185822E0,8.376431122E0
1.086018404E1,5.427713013E-1,6.257587280E0,7.455995178E0
1.087013904E1,1.321751404E-1,7.276817780E0,6.920708313E0
1.088009404E1,-3.767665100E-1,7.329957275E0,6.650220795E0
1.089004904E1,1.231938171E-1,6.501579895E0,6.906787262E0
1.090000404E1,1.047821045E-1,5.873635712E0,7.244485016E0
1.090996004E1,-1.071771240E-1,6.419400787E0,7.711364136E0
1.091991504E1,5.394781494E-1,7.071145477E0,7.630532227E0
1.092987004E1,1.559756470E-1,6.589297485E0,7.687863007E0
1.093982504E1,-2.778222656E-1,6.224805450E0,8.058641968E0
1.094978004E1,2.644999695E-1,6.995552673E0,7.702532501E0
1.095973504E1,8.412506104E-1,6.793023834E0,7.458390198E0
1.096969004E1,7.391629028E-1,6.292464752E0,7.262148285E0
1.097964504E1,7.458988953E-1,7.056326294E0,6.787784729E0
1.098960004E1,4.441264343E-1,7.275171204E0,6.642586670E0
1.099955504E1,-1.263372803E-1,6.513704681E0,6.651867371E0
1.100951004E1,2.912942505E-1,6.242169342E0,7.165748749E0
1.101946504E1,6.583309937E-1,6.650220795E0,7.191644897E0
1.102942004E1,2.987786865E-1,6.819069672E0,7.173981628E0
1.103937504E1,2.900967407E-1,6.801855469E0,7.238796844E0
1.104933004E1,2.137554932E-1,6.669979706E0,7.436236267E0
1.105928504E1,-8.891510010E-2,6.235583038E0,7.491022339E0
1.106924004E1,3.700305176E-1,6.602170715E0,6.918013916E0
1.107919504E1,7.231462097E-1,7.060667267E0,7.174430695E0
1.108915004E1,6.396199036E-1,7.039710846E0,6.892267456E0
1.109910504E1,8.896000671E-1,6.187532959E0,7.326065369E0
1.110906004E1,1.224154358E0,6.378835144E0,7.506889343E0
1.111901504E1,9.816586304E-1,6.898704071E0,7.162455597E0
1.112897004E1,1.253792725E0,6.156397705E0,7.225175171E0
1.113892504E1,1.637594604E0,5.831722870E0,7.240892487E0
1.114888004E1,1.364861755E0,6.478677521E0,6.950047302E0
1.115883504E1,1.248403931E0,6.233337708E0,7.238497467E0
1.116879004E1,1.549278259E0,5.902076569E0,8.066874847E0
1.117874504E1,1.311422882E0,6.538702698E0,8.211474152E0
1.118870004E1,1.124461670E0,6.834936676E0,7.701484680E0
1.119865504E1,1.635199585E0,6.586453400E0,7.623646545E0
1.120861004E1,1.424737244E0,6.710844727E0,7.377408600E0
1.121856504E1,1.547032928E0,6.588399353E0,7.190746765E0
1.122852004E1,2.119143219E0,6.280339966E0,7.316784668E0
1.123847504E1,1.725312195E0,6.463858337E0,7.633825378E0
1.124843004E1,1.480870514E0,6.928192749E0,7.666607208E0
1.125838504E1,1.766326904E0,6.580166473E0,7.558531952E0
1.126834004E1,1.445094910E0,6.275998993E0,7.544012146E0
1.127829504E1,1.503922577E0,6.459217987E0,7.722291412E0
1.128825004E1,1.700763245E0,6.768025818E0,7.495063934E0
1.129820504E1,1.026714935E0,6.433022461E0,7.405400391E0
1.130816004E1,8.321195984E-1,6.660399628E0,6.983727264E0
1.131811504E1,7.069798279E-1,6.777156830E0,6.385870514E0
1.132807004E1,7.638615417E-1,6.246210938E0,6.192173309E0
1.133802504E1,1.016835480E0,5.963598633E0,6.428232422E0
1.134798004E1,8.467890930E-1,6.463109894E0,6.458619232E0
1.135793504E1,7.550299072E-1,6.528972931E0,6.746171265E0
1.136789004E1,7.722441101E-1,6.344257050E0,7.024292908E0
1.137784504E1,6.592291260E-1,6.452032928E0,7.548802185E0
1.138780004E1,7.699987793E-1,6.730453949E0,7.276518402E0
1.139775504E1,1.116977234E0,6.227799225E0,7.350464630E0
1.140771004E1,8.677455139E-1,6.267167358E0,7.597451019E0
1.141766504E1,4.376898193E-1,6.670428772E0,7.586224365E0
1.142762004E1,5.713618469E-1,6.738088074E0,7.092101898E0
1.143757604E1,1.986369324E-1,6.755002899E0,7.203769684E0
1.144753004E1,-6.586303711E-3,6.669979706E0,7.933202820E0
1.145748550E1,1.658551025E-1,6.496490479E0,7.880662079E0
1.146744050E1,9.071136475E-2,6.264622650E0,7.900420990E0
1.147739550E1,-6.158193970E-1,6.685098267E0,7.820636902E0
1.148735050E1,-7.611671448E-1,6.956783295E0,6.923103333E0
1.149730550E1,-6.357279968E-1,6.465504913E0,6.097869415E0
1.150726050E1,-9.367520142E-1,5.974974976E0,6.158942413E0
1.151721550E1,-1.037492523E0,6.150709534E0,7.389084320E0
1.152717050E1,-1.108145599E0,6.479875031E0,7.376510468E0
1.153712550E1,-1.235530701E0,6.236032104E0,8.964857483E0
1.154708050E1,-1.339115295E0,6.570736084E0,1.005010071E1
1.155703550E1,-1.329086151E0,7.137307892E0,8.771459656E0
1.156699050E1,-1.323248291E0,7.150330811E0,6.624025269E0
1.157694550E1,-1.611548767E0,6.773414612E0,5.187163239E0
1.158690050E1,-1.543290710E0,6.444997559E0,5.950426025E0
1.159685550E1,-1.141376495E0,6.447093201E0,5.943989410E0
1.160681050E1,-1.053808594E0,6.118975525E0,7.053631897E0
1.161676550E1,-1.134939880E0,6.236780548E0,8.027207336E0
1.162672050E1,-1.234333191E0,6.450835419E0,7.730374603E0
1.163667550E1,-1.043330383E0,6.998097382E0,6.968608704E0
1.164663050E1,-1.126707001E0,7.175179138E0,6.777007141E0
1.165658550E1,-1.025517426E0,6.892716522E0,6.652166748E0
1.166654050E1,-1.025816803E0,6.619534607E0,6.350693665E0
1.167649550E1,-1.204694824E0,6.809339905E0,6.779102783E0
1.168645050E1,-1.061891785E0,7.251221008E0,6.817123718E0
1.169640550E1,-8.605604553E-1,6.536307678E0,7.183711395E0
1.170636050E1,-6.698570251E-1,6.122418365E0,8.150850220E0
1.171631550E1,-4.549040222E-1,6.579268341E0,8.474477234E0
1.172627050E1,-4.486170959E-1,6.763235779E0,7.644303589E0
1.173622550E1,-4.977149963E-1,6.855294342E0,7.218289490E0
1.174618050E1,-1.892065430E-1,7.186854858E0,6.940317535E0
1.175613550E1,2.544708252E-1,6.687642975E0,6.599027252E0
1.176609050E1,2.421963501E-1,5.673202515E0,6.951095123E0
1.177604550E1,1.701960754E-1,5.605692902E0,7.618257751E0
1.178600050E1,1.532812500E-1,6.267017670E0,7.518415375E0
1.179595550E1,2.857557678E-1,6.048172760E0,7.947273560E0
1.180591050E1,2.800675964E-1,6.220913544E0,8.490194550E0
1.181586550E1,8.161029053E-1,6.303242340E0,8.480913849E0
1.182582050E1,1.036295013E0,6.155948639E0,8.097261658E0
1.183577550E1,9.767189026E-1,6.694079590E0,7.425458679E0
1.184573050E1,9.074130249E-1,6.993007965E0,6.660699005E0
1.185568550E1,1.020727386E0,6.566245422E0,6.625522156E0
1.186564050E1,9.577084351E-1,6.255192261E0,6.576124878E0
1.187559550E1,9.596543884E-1,6.382727051E0,6.817572784E0
1.188555050E1,8.315208435E-1,6.578669586E0,7.082372131E0
1.189550550E1,5.044509888E-1,6.660249939E0,7.368277588E0
1.190546050E1,2.142045593E-1,7.178322601E0,7.430997162E0
1.191541550E1,7.170089722E-2,7.149133301E0,7.713759155E0
1.192537050E1,1.272354126E-2,6.490652618E0,7.592660980E0
1.193532550E1,-2.260299683E-1,6.570736084E0,7.137756958E0
1.194528050E1,-7.117698669E-1,6.716383209E0,6.961723022E0
1.195523550E1,-7.253915405E-1,6.375541992E0,6.903045044E0
1.196519050E1,-4.203259277E-1,6.241121521E0,6.909930725E0
1.197514550E1,-3.975732422E-1,6.777605896E0,7.253017273E0
1.198510150E1,-2.613565063E-1,6.997498627E0,7.468269653E0
1.199505650E1,-1.773811340E-1,6.483617249E0,7.942932587E0
1.200501150E1,-2.161505127E-1,6.696324921E0,7.690258026E0
1.201496650E1,-6.421646118E-2,6.674320679E0,7.432494049E0
1.202492150E1,2.165995789E-1,6.120173035E0,7.333849182E0
1.203487650E1,5.891748047E-1,6.094127197E0,7.593409424E0
1.204483150E1,2.387535095E-1,6.629264374E0,7.458539886E0
1.205478650E1,2.161505127E-1,6.060147858E0,7.667056274E0
1.206474150E1,3.884422302E-1,6.127807159E0,7.915240173E0
1.207469650E1,2.845582581E-1,6.759044495E0,7.891289978E0
1.208465150E1,3.463796997E-1,7.121889954E0,7.272776184E0
1.209460650E1,3.918850708E-1,6.457870789E0,7.272476807E0
1.210456150E1,-2.791694641E-1,6.517147522E0,7.052733765E0
1.211451650E1,-4.583468628E-1,6.381230164E0,6.688092041E0
1.212447150E1,-1.679507446E-1,6.097420349E0,6.600224762E0
1.213442650E1,-3.411405945E-1,6.334676971E0,6.418951721E0
1.214438150E1,-4.767585754E-1,6.928492126E0,6.421945496E0
1.215433650E1,-4.700225830E-1,6.677913208E0,7.046446838E0
1.216429150E1,-4.779560852E-1,6.646179199E0,7.329059143E0
1.217424650E1,-3.878434753E-1,6.999893646E0,7.470065918E0
1.218420150E1,-1.854643250E-1,6.716981964E0,7.699089661E0
1.219415650E1,-3.212319946E-1,6.574927368E0,7.685318298E0
1.220411150E1,-5.703140259E-1,7.013665009E0,7.136858826E0
1.221406650E1,-3.938310242E-1,7.114405518E0,6.885531464E0
1.222402150E1,-1.930984497E-2,6.112688599E0,7.279362488E0
1.223397650E1,7.933502197E-3,6.265820160E0,7.048392792E0
1.224393150E1,2.862048340E-1,6.920858002E0,6.816075897E0
1.225388650E1,-8.367599487E-2,6.518345032E0,7.532635803E0
1.226384150E1,-3.546125793E-1,6.444698181E0,7.669151917E0
1.227379650E1,-4.311035156E-1,7.202721863E0,7.267537079E0
1.228375150E1,-3.501219177E-1,7.204218750E0,6.765930176E0
1.229370650E1,-2.984793091E-1,6.966063995E0,6.991211700E0
1.230366150E1,-3.456312561E-1,6.670279083E0,7.280559998E0
1.231361650E1,-2.733316040E-1,6.292165375E0,7.157515869E0
1.232357150E1,-1.408570862E-1,6.565197601E0,7.328460388E0
1.233352650E1,-2.249821472E-1,7.153174896E0,7.066056061E0
1.234348150E1,1.305285645E-1,6.817123718E0,6.652166748E0
1.235343650E1,1.332229614E-1,6.365213470E0,6.214476929E0
1.236339150E1,-2.347119141E-1,6.130351868E0,6.802603912E0
1.237334650E1,-2.700384521E-1,6.272406464E0,7.389383698E0
1.238330150E1,9.101074219E-2,5.747747498E0,8.567433929E0
1.239325650E1,3.535647583E-1,6.427483978E0,8.626560974E0
1.240321150E1,3.495231628E-1,7.191644897E0,8.321345673E0
1.241316650E1,4.900808716E-1,6.896458740E0,7.354206848E0
1.242312150E1,3.403921509E-1,6.233637085E0,7.149732056E0
1.243307650E1,1.199006653E-1,6.807244263E0,6.808741150E0
1.244303150E1,2.760260010E-1,6.942113800E0,6.526128845E0
1.245298612E1,6.854246521E-1,6.256090393E0,7.475903778E0
1.246294113E1,2.996768188E-1,5.996979218E0,7.832462311E0
1.247289612E1,4.430786133E-2,6.244115295E0,7.682623901E0
1.248285112E1,3.638932800E-1,6.765930176E0,7.514972534E0
1.249280612E1,-4.625381470E-2,7.152725830E0,7.306905212E0
1.250276112E1,-3.906875610E-2,7.141199799E0,6.963968353E0
1.251271713E1,3.323089600E-2,6.682403870E0,7.001989288E0
1.252267212E1,-1.493893433E-1,6.846612396E0,7.065008240E0
1.253262712E1,-1.029858398E-1,7.011269989E0,6.748266907E0
1.254258212E1,4.288581848E-1,6.068231049E0,7.327262878E0
1.255253712E1,8.741821289E-2,5.813909912E0,8.095914459E0
1.256249212E1,-3.547622681E-1,6.503076782E0,8.195008392E0
1.257244712E1,2.993774414E-3,6.546187134E0,7.548353119E0
1.258240213E1,3.567082214E-1,6.374643860E0,7.497608643E0
1.259235712E1,3.510200500E-1,6.583309937E0,6.897805939E0
1.260231212E1,4.391867065E-1,6.440506897E0,6.490203552E0
1.261226712E1,3.397933960E-1,6.073320465E0,7.027286682E0
1.262222212E1,2.077679443E-1,6.361471252E0,7.381001129E0
1.263217712E1,4.326004028E-1,6.320755920E0,7.902816010E0
1.264213212E1,5.170248413E-1,6.268065491E0,7.953560486E0
1.265208712E1,2.826123047E-1,6.480922852E0,8.030650177E0
1.266204212E1,3.656895447E-1,6.578070831E0,7.828121338E0
1.267199712E1,2.872526550E-1,6.260131989E0,7.560777283E0
1.268195212E1,2.510279846E-1,6.768923950E0,7.087760925E0
1.269190712E1,6.107299805E-2,6.745722198E0,6.729855194E0
1.270186212E1,-2.933898926E-2,6.122118988E0,6.940467224E0
1.271181712E1,-7.544311523E-2,6.352040863E0,7.077731781E0
1.272177212E1,-7.050338745E-2,6.499933319E0,7.531438293E0
1.273172712E1,4.026626587E-2,6.510860596E0,7.767946472E0
1.274168212E1,1.345701599E-1,6.756350098E0,7.703131256E0
1.275163712E1,8.846603394E-2,6.504423981E0,7.523205414E0
1.276159213E1,-1.398092651E-1,6.278244324E0,7.004234619E0
1.277154712E1,1.390608215E-1,6.547534332E0,6.556216278E0
1.278150212E1,8.158035278E-2,6.860683136E0,6.329288177E0
1.279145712E1,-1.167572021E-2,6.405629425E0,6.921456757E0
1.280141212E1,2.228865051E-1,6.299500122E0,7.428302765E0
1.281136712E1,-1.332229614E-2,6.955136719E0,7.950267334E0
1.282132212E1,-2.269281006E-1,7.319928131E0,8.094118195E0
1.283127713E1,2.170486450E-2,6.573580170E0,8.116870880E0
1.284123212E1,-5.059478760E-2,6.631958771E0,7.293433228E0
1.285118712E1,-8.083190918E-2,6.753356323E0,6.733896790E0
1.286114212E1,9.041198730E-2,6.150260468E0,6.831044769E0
1.287109712E1,-2.103126526E-1,6.257587280E0,7.163653107E0
1.288105212E1,-2.209405518E-1,6.980134735E0,7.115303650E0
1.289100712E1,1.739382935E-1,6.679410095E0,7.463928680E0
1.290096213E1,-1.101708984E-1,6.880891113E0,7.343429260E0
1.291091712E1,-4.339476013E-1,7.350913696E0,7.174580383E0
1.292087212E1,-6.631210327E-2,6.874454498E0,7.211703186E0
1.293082712E1,2.290237427E-2,6.682403870E0,7.108118591E0
1.294078212E1,3.737727356E-1,6.777156830E0,6.852450256E0
1.295073712E1,7.349716187E-1,6.465504913E0,6.413562927E0
1.296069212E1,3.640429688E-1,6.539750519E0,6.270909576E0
1.297064713E1,1.869612122E-1,6.944658508E0,6.587052155E0
1.298060212E1,4.775070190E-2,6.631060638E0,7.309000854E0
1.299055712E1,2.300715637E-1,6.388265533E0,7.755821686E0
1.300051212E1,4.555027771E-1,6.622229004E0,7.801925812E0
1.301046812E1,2.412982178E-1,6.276298370E0,7.861352234E0
1.302042313E1,-8.756790161E-2,6.140231323E0,7.398365021E0
1.303037812E1,-1.496887207E-2,6.669530640E0,7.458240509E0
1.304033312E1,1.426533508E-1,6.696025543E0,7.489525452E0
1.305028812E1,2.796185303E-1,5.786067810E0,8.265960846E0
1.306024312E1,4.583468628E-1,6.256090393E0,8.181237030E0
1.307019812E1,-2.604583740E-2,6.749763794E0,7.955207062E0
1.308015312E1,-3.412902832E-2,6.424041138E0,7.815846863E0
1.309010813E1,1.468446350E-1,6.267616425E0,7.642058258E0
1.310006312E1,4.415817261E-2,6.870113525E0,6.826703796E0
1.311001812E1,-1.411564636E-1,6.508764954E0,6.333928528E0
1.311997312E1,1.510359192E-1,6.102360077E0,7.006180573E0
1.312992812E1,2.377056885E-1,6.202950897E0,7.676636353E0
1.313988312E1,3.076103210E-1,6.098917236E0,7.753875732E0
1.314983812E1,6.129753113E-1,6.472091217E0,7.613916779E0
1.315979312E1,1.109193420E-1,7.015910339E0,6.780749359E0
1.316974812E1,1.197509766E-2,6.270610199E0,6.594835968E0
1.317970312E1,4.986131287E-1,5.835764465E0,6.820716248E0
1.318965812E1,4.077520752E-1,6.244564362E0,7.507488098E0
1.319961312E1,1.942959595E-1,6.241121521E0,8.774303741E0
1.320956812E1,6.436614990E-3,5.807173920E0,9.989177399E0
1.321952312E1,-1.956431580E-1,6.702013092E0,8.925040283E0
1.322947812E1,-1.625619507E-1,7.235952759E0,7.246281281E0
1.323943312E1,4.896318054E-1,6.932533722E0,6.260581055E0
1.324938812E1,8.499325562E-1,7.129973145E0,5.392386475E0
1.325934312E1,5.703140259E-1,7.007677460E0,6.083050232E0
1.326929812E1,8.505313110E-1,6.454278259E0,7.620203705E0
1.327925312E1,6.433621216E-1,6.056106262E0,8.959618378E0
1.328920812E1,3.191363525E-1,6.479425964E0,8.651558990E0
1.329916312E1,9.154962158E-1,6.904990997E0,7.722291412E0
1.330911812E1,1.270557861E0,7.290738831E0,6.414760437E0
1.331907312E1,8.779243469E-1,6.760092316E0,6.274951172E0
1.332902812E1,1.017284546E0,6.268514557E0,6.102809143E0
1.333898313E1,7.945477295E-1,6.083948364E0,6.835984497E0
1.334893812E1,9.969268799E-2,6.446644135E0,7.424410858E0
1.335889312E1,4.909790039E-1,6.574478302E0,7.637866974E0
1.336884812E1,2.941383362E-1,6.304589539E0,8.220904541E0
1.337880312E1,-3.969744873E-1,6.143374786E0,8.394693146E0
1.338875812E1,-7.454498291E-2,6.552474060E0,7.717201996E0
1.339871312E1,-1.326242065E-1,6.897955627E0,7.259753265E0
1.340866813E1,-6.234535217E-1,6.852001190E0,6.715934143E0
1.341862312E1,-1.733395386E-1,6.593189392E0,6.370901642E0
1.342857812E1,-1.496887207E-2,6.250102844E0,6.133345642E0
1.343853312E1,-8.053253174E-2,6.581663361E0,6.603667603E0
1.344848812E1,1.553768921E-1,6.953789520E0,7.220385132E0
1.345844304E1,-9.340576172E-2,6.419400787E0,7.929759979E0
1.346839804E1,-7.280859375E-1,6.848558350E0,7.405999146E0
1.347835304E1,-5.830375671E-1,7.000342712E0,7.863597565E0
1.348830804E1,-6.092330933E-2,6.683751068E0,8.447383575E0
1.349826304E1,2.604583740E-2,7.140151978E0,7.881859589E0
1.350821804E1,-1.624122620E-1,7.616012421E0,7.059020691E0
1.351817404E1,-4.246669006E-1,6.904242554E0,6.492299194E0
1.352812904E1,-3.647914124E-1,6.629713440E0,6.000122681E0
1.353808404E1,1.396595764E-1,6.739135895E0,6.172713776E0
1.354803904E1,7.171586609E-1,6.395151215E0,7.032825165E0
1.355799404E1,5.584886169E-1,6.207142181E0,8.173004150E0
1.356794904E1,3.534150696E-1,6.503376160E0,8.486602020E0
1.357790404E1,3.965254211E-1,6.274801483E0,8.592431946E0
1.358785904E1,3.116519165E-1,6.566395111E0,7.899672546E0
1.359781404E1,5.457650757E-1,6.726562042E0,7.592960358E0
1.360776904E1,1.073567505E0,6.380182343E0,7.109765167E0
1.361772404E1,1.038540344E0,6.349346466E0,6.427034912E0
1.362767904E1,5.816903687E-1,6.954088898E0,5.928122406E0
1.363763404E1,6.372248840E-1,6.367758179E0,6.117927704E0
1.364758904E1,9.410929871E-1,6.249504089E0,6.760242004E0
1.365754404E1,6.972500610E-1,6.518794098E0,7.737559662E0
1.366749904E1,4.390370178E-1,6.109245758E0,8.575816498E0
1.367745404E1,6.156697083E-1,6.045927429E0,8.527317352E0
1.368740904E1,7.948471069E-2,6.366560669E0,8.303383026E0
1.369736404E1,2.484832764E-1,6.597829742E0,8.099357300E0
1.370731904E1,2.519261169E-1,6.753506012E0,7.595205688E0
1.371727404E1,1.032852173E-1,6.737339630E0,7.834557953E0
1.372722904E1,3.906875610E-2,6.723717957E0,7.377707977E0
1.373718404E1,6.292913818E-1,6.559210052E0,7.008425903E0
1.374713904E1,7.461982727E-1,6.340514832E0,7.251370697E0
1.375709404E1,6.483018494E-1,6.550228729E0,7.004833374E0
1.376704904E1,8.161029053E-1,6.230343933E0,7.388036499E0
1.377700404E1,1.038839722E0,6.131549377E0,7.399861908E0
1.378695904E1,8.277786255E-1,6.328090668E0,6.730154572E0
1.379691404E1,6.568341064E-1,6.332431641E0,6.610253906E0
1.380686904E1,8.572673035E-1,6.682403870E0,7.405849457E0
1.381682404E1,8.693920898E-1,6.746620331E0,7.229965210E0
1.382677904E1,1.013542328E0,6.033503265E0,7.385641479E0
1.383673404E1,1.238075409E0,6.398743744E0,7.448959808E0
1.384668904E1,7.682025146E-1,7.247179413E0,7.304360504E0
1.385664404E1,5.168751526E-1,6.874005432E0,7.204817505E0
1.386659904E1,1.513352966E-1,6.342760162E0,7.303761749E0
1.387655404E1,-9.160949707E-2,6.719077606E0,7.082671509E0
1.388650904E1,-8.367599487E-2,6.273304596E0,7.101083221E0
1.389646404E1,-9.639953613E-2,5.742508392E0,7.278913422E0
1.390641904E1,-4.128414917E-1,6.369853821E0,7.083569641E0
1.391637404E1,-7.291337585E-1,7.268734589E0,6.638395386E0
1.392632904E1,-4.149371338E-1,7.074588318E0,6.854396210E0
1.393628404E1,-1.106199646E-1,6.926396484E0,7.292834473E0
1.394623904E1,1.622625732E-1,6.981032867E0,7.297025757E0
1.395619404E1,3.032693481E-1,6.154302063E0,7.936795349E0
1.396614904E1,-3.547622681E-2,6.234834595E0,8.381071472E0
1.397610404E1,-1.978884888E-1,6.372697906E0,7.873027954E0
1.398605904E1,-2.829116821E-2,6.748715973E0,6.407425690E0
1.399601404E1,2.501298523E-1,6.618037720E0,6.437064056E0
1.400596904E1,2.432441711E-1,6.878196716E0,6.293362885E0
1.401592504E1,4.032614136E-1,6.478677521E0,6.974147186E0
1.402587904E1,3.950285339E-1,6.433621216E0,7.902366943E0
1.403583504E1,2.616558838E-1,7.003336487E0,8.307424622E0
1.404579004E1,6.589297485E-1,7.401508484E0,7.566914520E0
1.405574504E1,4.415817261E-1,6.830296326E0,7.397616577E0
1.406570004E1,8.083190918E-3,6.736142120E0,7.636819153E0
1.407565504E1,1.631607056E-1,6.520590363E0,7.353159027E0
1.408561004E1,2.402503967E-1,6.197113037E0,7.145540771E0
1.409556504E1,-4.206253052E-2,6.298901367E0,6.969207458E0
1.410552004E1,2.427951050E-1,6.477330322E0,7.074588318E0
1.411547504E1,7.523355103E-1,6.949448547E0,6.641688538E0
1.412543004E1,2.290237427E-1,7.553292847E0,6.409371643E0
1.413538504E1,7.032376099E-1,7.295678558E0,6.997049561E0
1.414534004E1,8.193960571E-1,6.570885773E0,7.287295990E0
1.415529504E1,3.603007507E-1,6.976691895E0,7.281757507E0
1.416525004E1,3.342549133E-1,7.626939697E0,7.074588318E0
1.417520504E1,3.068618774E-1,6.556815033E0,7.805069275E0
1.418516004E1,1.489402771E-1,5.909411316E0,8.245453491E0
1.419511504E1,1.420545959E-1,6.509663086E0,7.746690674E0
1.420507004E1,4.269122314E-1,6.478976898E0,7.268285522E0
1.421502504E1,1.133143616E-1,6.797215118E0,6.836283875E0
1.422498004E1,1.743873596E-1,6.797664185E0,6.588848419E0
1.423493504E1,4.516108704E-1,6.249504089E0,6.701414337E0
1.424489004E1,6.433621216E-1,6.461762695E0,7.101083221E0
1.425484504E1,9.416917419E-1,6.639443207E0,7.599696350E0
1.426480004E1,8.875044250E-1,6.002667389E0,7.995173950E0
1.427475504E1,7.954458618E-1,6.277944946E0,7.879314880E0
1.428471004E1,8.854087830E-1,6.684349823E0,7.833809509E0
1.429466504E1,1.189276886E0,6.216871948E0,7.874674530E0
1.430462004E1,1.354084167E0,6.287375336E0,7.715106354E0
1.431457504E1,7.481442261E-1,6.681655426E0,7.218289490E0
1.432453004E1,5.201683044E-1,6.348897400E0,7.100484467E0
1.433448504E1,5.918692017E-1,6.362519073E0,6.699618073E0
1.434444004E1,2.803669739E-1,6.454877014E0,6.849007416E0
1.435439504E1,-8.547225952E-2,6.442452850E0,7.188651123E0
1.436435004E1,-2.891986084E-1,6.328390045E0,7.615413666E0
1.437430504E1,-5.098397827E-1,6.278693390E0,8.064629517E0
1.438426004E1,-4.444258118E-1,6.307583313E0,7.567363586E0
1.439421504E1,3.592529297E-3,6.117628326E0,7.376510468E0
1.440417004E1,-2.772235107E-1,7.002588043E0,6.742279358E0
1.441412504E1,-8.524772644E-1,6.863976288E0,6.964716797E0
1.442408004E1,-4.808001709E-1,6.027815094E0,7.286846924E0
1.443403504E1,-2.627037048E-1,6.536906433E0,7.612120514E0
1.444399004E1,-1.288819885E-1,6.937473450E0,7.485334167E0
1.445394450E1,-5.059478760E-2,6.217620392E0,7.722590790E0
1.446389950E1,1.155596924E-1,6.439608765E0,7.023095398E0
1.447385450E1,-4.430786133E-2,6.667584686E0,6.879244537E0
1.448380950E1,2.845582581E-1,6.261928253E0,7.157815247E0
1.449376450E1,3.936813354E-1,6.347999268E0,7.341333618E0
1.450371950E1,-1.516346741E-1,6.576873322E0,7.494016113E0
1.451367450E1,-3.315605164E-1,6.333479462E0,7.608527985E0
1.452362950E1,-4.011657715E-2,6.601272583E0,7.394024048E0
1.453358550E1,-4.047583008E-1,6.858437805E0,7.467820587E0
1.454353950E1,-5.851332092E-1,6.633755035E0,7.337741089E0
1.455349550E1,-9.370513916E-1,6.493646393E0,7.517367554E0
1.456345050E1,-1.122515717E0,6.827152863E0,7.507039032E0
1.457340550E1,-1.227447510E0,6.889423370E0,7.096442871E0
1.458336050E1,-8.991801453E-1,6.741081848E0,6.754404144E0
1.459331550E1,-8.387059021E-1,6.638844452E0,6.479725342E0
1.460327050E1,-8.979826355E-1,6.727609863E0,6.352190552E0
1.461322550E1,-1.223256226E0,6.565047913E0,6.305188293E0
1.462318050E1,-7.379653931E-1,6.578819275E0,6.806196442E0
1.463313550E1,-3.601510620E-1,6.628815308E0,7.557484131E0
1.464309050E1,-3.565585327E-1,6.448440399E0,8.179889832E0
1.465304550E1,-2.650987244E-1,6.843618622E0,8.101003876E0
1.466300050E1,-3.228785706E-1,6.966962128E0,7.718549194E0
1.467295550E1,-2.398013306E-1,6.057303772E0,7.533084869E0
1.468291050E1,4.044589233E-1,6.503525848E0,7.060517578E0
1.469286550E1,2.897973633E-1,6.994355164E0,7.085814972E0
1.470282050E1,-2.894979858E-1,6.389912109E0,7.243586884E0
1.471277550E1,-3.354524231E-1,6.389313354E0,7.400460663E0
1.472273050E1,-5.990542603E-1,7.155719604E0,7.104076996E0
1.473268550E1,-8.367599487E-1,6.813680878E0,6.681206360E0
1.474264050E1,-3.195854187E-1,6.543792114E0,7.072043610E0
1.475259550E1,-5.360353088E-1,6.559509430E0,7.291038208E0
1.476255050E1,-9.056167603E-1,6.184838562E0,7.746690674E0
1.477250550E1,-7.960446167E-1,6.493646393E0,7.530091095E0
1.478246050E1,-1.065783691E0,6.817423096E0,7.196584625E0
1.479241550E1,-9.599537659E-1,6.586902466E0,6.469247131E0
1.480237050E1,-8.553213501E-1,6.110293579E0,6.275549927E0
1.481232550E1,-6.740483093E-1,6.103557587E0,7.204817505E0
1.482228050E1,-7.447013855E-1,5.989345093E0,8.500223694E0
1.483223550E1,-6.608757019E-1,5.851182404E0,9.695637817E0
1.484219050E1,-5.243595886E-1,6.954837341E0,9.159901886E0
1.485214550E1,-2.832110596E-1,7.307204590E0,8.103698273E0
1.486210050E1,-2.290237427E-1,6.873556366E0,6.841822357E0
1.487205550E1,-2.514770508E-1,6.921157379E0,5.963149567E0
1.488201050E1,1.425036621E-1,6.656657410E0,5.946384430E0
1.489196550E1,1.878593445E-1,6.169420624E0,6.313570862E0
1.490192050E1,2.062710571E-1,5.956563263E0,7.191046143E0
1.491187550E1,1.466949463E-2,6.221063232E0,7.315587158E0
1.492183050E1,9.385482788E-2,6.439459076E0,7.238497467E0
1.493178550E1,1.558259583E-1,6.780899048E0,7.277865601E0
1.494174050E1,-1.528321838E-1,6.985523529E0,7.189100189E0
1.495169550E1,-2.589614868E-1,6.774163055E0,6.957531738E0
1.496165050E1,-3.573069763E-1,6.460116119E0,7.268285522E0
1.497160550E1,-4.559518433E-1,6.646179199E0,7.405699768E0
1.498156050E1,-3.743714905E-1,6.332880707E0,7.629035339E0
1.499151550E1,6.870712280E-2,5.674250336E0,8.338410187E0
1.500147050E1,-2.589614868E-2,6.259682922E0,8.540789337E0
1.501142550E1,-2.064207458E-1,6.732848969E0,8.142317963E0
1.502138050E1,2.874023438E-2,6.438111877E0,7.677833862E0
1.503133550E1,3.529660034E-1,6.513854370E0,7.264692993E0
1.504129050E1,2.600093079E-1,6.306535492E0,6.839577026E0
1.505124650E1,4.770579529E-1,5.770051117E0,6.937174072E0
1.506120150E1,2.049238586E-1,6.270460510E0,7.196884003E0
1.507115650E1,3.501219177E-1,6.518345032E0,7.536976776E0
1.508111150E1,4.574487305E-1,6.437962189E0,7.796986084E0
1.509106650E1,3.222798157E-1,6.881938934E0,7.699538727E0
1.510102150E1,1.917512512E-1,7.139852600E0,7.299570465E0
1.511097650E1,1.734892273E-1,6.628964996E0,7.336094513E0
1.512093150E1,-9.610015869E-2,6.969506836E0,7.072342987E0
1.513088650E1,1.317260742E-1,7.057673492E0,6.630012817E0
1.514084150E1,1.646575928E-2,6.507567444E0,6.591692505E0
1.515079650E1,-4.333488464E-1,6.711293793E0,6.563401337E0
1.516075150E1,-3.959266663E-1,6.730603638E0,7.034022675E0
1.517070650E1,-3.677851868E-1,6.613846436E0,7.658224640E0
1.518066150E1,-5.475613403E-1,6.800508270E0,7.955805817E0
1.519061650E1,-3.321592712E-1,6.697372742E0,7.839198303E0
1.520057150E1,-5.221142578E-1,6.616391144E0,7.244485016E0
1.521052650E1,-6.610253906E-1,6.853049011E0,6.834337921E0
1.522048150E1,-6.460565186E-1,6.982679443E0,6.761140137E0
1.523043650E1,-5.679190063E-1,6.659501495E0,6.771768036E0
1.524039150E1,-6.075865173E-1,6.415209503E0,7.111860809E0
1.525034650E1,-8.220904541E-1,7.037764893E0,7.176376648E0
1.526030150E1,-8.536747742E-1,7.193890228E0,7.132667542E0
1.527025650E1,-6.539900208E-1,6.587950287E0,7.321574707E0
1.528021150E1,-8.458909607E-1,6.732399902E0,7.241790619E0
1.529016650E1,-8.952882385E-1,6.999294891E0,6.943460999E0
1.530012150E1,-8.397537231E-1,6.389463043E0,7.108417969E0
1.531007650E1,-1.127904510E0,6.413862305E0,7.305707703E0
1.532003150E1,-8.000862122E-1,6.343658295E0,7.657326508E0
1.532998650E1,-6.021977234E-1,6.155948639E0,7.454498291E0
1.533994150E1,-7.457492065E-1,6.499484253E0,7.711364136E0
1.534989650E1,-9.728269958E-1,7.079827423E0,7.166197815E0
1.535985150E1,-7.292834473E-1,6.623725891E0,7.201224976E0
1.536980650E1,-7.548802185E-1,6.457870789E0,7.155420227E0
1.537976150E1,-4.305047607E-1,6.643185425E0,6.967560883E0
1.538971650E1,9.580078125E-3,6.336173859E0,6.645281067E0
1.539967150E1,-4.649331665E-1,6.582860870E0,6.241121521E0
1.540962650E1,-1.146615601E-1,6.906936951E0,6.826404419E0
1.541958150E1,-4.258644104E-1,6.847510529E0,7.145840149E0
1.542953650E1,-7.794291687E-1,6.939419403E0,7.811505890E0
1.543949150E1,1.233435059E-1,7.021299133E0,8.191715240E0
1.544944650E1,-5.884263611E-1,6.371949463E0,8.186625824E0
1.545940229E1,-6.024971008E-1,6.696923676E0,7.644153900E0
1.546935729E1,-2.790197754E-1,6.857839050E0,7.291038208E0
1.547931229E1,-2.942880249E-1,6.263574829E0,7.051386566E0
1.548926729E1,2.215393066E-2,6.117029572E0,6.836134186E0
1.549922329E1,2.052232361E-1,6.363716583E0,7.151079254E0
1.550917729E1,-1.868115234E-1,6.041287079E0,7.475005646E0
1.551913329E1,6.286926270E-3,6.103258209E0,7.746091919E0
1.552908829E1,4.248165894E-1,6.953041077E0,7.835306396E0
1.553904329E1,2.116598511E-1,6.923702087E0,7.486232300E0
1.554899829E1,1.960922241E-1,6.179000702E0,7.635322266E0
1.555895329E1,4.236190796E-1,6.562652893E0,7.156917114E0
1.556890829E1,2.028282166E-1,6.328839111E0,7.367678833E0
1.557886329E1,6.423143005E-1,6.214177551E0,7.520361328E0
1.558881829E1,7.021897888E-1,7.043902130E0,7.034621429E0
1.559877329E1,-4.340972900E-2,6.748566284E0,6.806046753E0
1.560872829E1,-9.340576172E-2,6.196963348E0,6.552174683E0
1.561868329E1,1.287322998E-2,6.518644409E0,6.477180634E0
1.562863829E1,1.327738953E-1,6.361620941E0,7.457941132E0
1.563859329E1,2.918930054E-2,6.095175018E0,8.333919525E0
1.564854829E1,-5.343887329E-2,6.803052979E0,8.409362640E0
1.565850329E1,-1.209484863E-1,7.259453888E0,7.949369202E0
1.566845829E1,2.586621094E-1,6.705306244E0,7.416327667E0
1.567841329E1,6.644682312E-1,6.946005707E0,7.008425903E0
1.568836829E1,3.817062378E-1,6.762936401E0,7.388036499E0
1.569832329E1,5.776487732E-1,6.165828094E0,7.297474823E0
1.570827829E1,8.390052795E-1,5.851930847E0,7.611671448E0
1.571823329E1,7.075785828E-1,6.285579071E0,7.382947083E0
1.572818829E1,1.350491638E0,6.826554108E0,6.890471191E0
1.573814329E1,1.068777466E0,7.248077545E0,6.970704346E0
1.574809829E1,3.502716064E-1,6.957681427E0,7.095844116E0
1.575805329E1,6.727011108E-1,6.815776520E0,6.813082123E0
1.576800829E1,9.482780457E-1,6.752308502E0,6.950346680E0
1.577796329E1,7.357200623E-1,6.716383209E0,6.784341888E0
1.578791829E1,1.092128906E0,6.328539734E0,6.998097382E0
1.579787329E1,1.056652679E0,6.110742645E0,7.640261993E0
1.580782829E1,6.848258972E-1,6.262527008E0,7.927963715E0
1.581778329E1,8.563691711E-1,6.706952820E0,7.370971985E0
1.582773829E1,9.963281250E-1,7.236850891E0,6.920858002E0
1.583769329E1,8.201445007E-1,7.038812714E0,6.592291260E0
1.584764829E1,9.285191345E-1,6.669979706E0,6.543343048E0
1.585760329E1,9.216334534E-1,6.246510315E0,7.140451355E0
1.586755829E1,8.466394043E-1,6.772965546E0,7.620203705E0
1.587751329E1,7.670050049E-1,7.097341003E0,7.823181610E0
1.588746829E1,8.717871094E-1,6.864125977E0,7.573650513E0
1.589742329E1,5.025050354E-1,6.950196991E0,7.471562805E0
1.590737829E1,3.611988831E-1,6.684499512E0,7.445367279E0
1.591733329E1,9.642947388E-1,6.395450592E0,7.208859100E0
1.592728829E1,9.336085510E-1,6.894363098E0,7.102879486E0
1.593724329E1,4.791535950E-1,6.301146698E0,6.789281616E0
1.594719929E1,5.810916138E-1,5.902974701E0,6.011798401E0
1.595715429E1,2.457888794E-1,6.520141296E0,5.639073486E0
1.596710929E1,1.032852173E-1,6.425388336E0,6.037694550E0
1.597706429E1,4.784051514E-1,5.838458862E0,7.165599060E0
1.598701929E1,4.492158508E-1,5.908064117E0,8.205636292E0
1.599697429E1,1.209484863E-1,6.252048798E0,8.435258789E0
1.600692929E1,1.294807434E-1,6.208639069E0,8.010741577E0
1.601688429E1,1.185534668E-1,6.659351807E0,7.508386230E0
1.602683929E1,-9.610015869E-2,6.880741425E0,7.152276764E0
1.603679429E1,5.313949585E-2,6.543043671E0,7.314838715E0
1.604674929E1,-4.595443726E-2,6.728058929E0,7.209607544E0
1.605670429E1,-2.529739380E-1,6.486760712E0,7.068750458E0
1.606665929E1,-3.098556519E-1,6.306086426E0,6.749614105E0
1.607661429E1,-1.357676697E-1,6.851851501E0,6.692882080E0
1.608656929E1,-3.766168213E-1,6.981182556E0,7.187154236E0
1.609652429E1,-6.364764404E-1,6.421945496E0,8.024363251E0
1.610647929E1,-2.110610962E-1,6.646328888E0,7.938441925E0
1.611643429E1,-3.083587646E-1,7.046297150E0,7.884104919E0
1.612638929E1,-2.472857666E-1,6.812782745E0,7.595355377E0
1.613634429E1,1.197509766E-3,6.676566010E0,7.313491516E0
1.614629929E1,-2.887495422E-1,6.773564301E0,7.884104919E0
1.615625429E1,-4.373904419E-1,6.802903290E0,7.845784607E0
1.616620929E1,5.643264771E-2,6.387666779E0,7.807763672E0
1.617616429E1,4.299060059E-1,6.565496979E0,7.115603027E0
1.618611929E1,9.744735718E-2,6.576723633E0,6.693929901E0
1.619607429E1,5.538482666E-3,6.419251099E0,6.262377319E0
1.620602929E1,3.396437073E-1,6.178252258E0,6.283184052E0
1.621598429E1,4.816983032E-1,6.112089844E0,6.757098541E0
1.622593929E1,3.230282593E-1,6.067632294E0,7.067103882E0
1.623589429E1,3.430865479E-1,6.566993866E0,7.206913147E0
1.624584929E1,-2.495310974E-1,6.455475769E0,7.300618286E0
1.625580429E1,-5.111869812E-1,5.905369720E0,7.457192688E0
1.626575929E1,-6.586303711E-2,6.363117828E0,7.415429535E0
1.627571429E1,5.553451538E-2,6.551426239E0,7.199428711E0
1.628566929E1,-3.784130859E-1,6.002517700E0,7.221882019E0
1.629562429E1,-3.215313721E-1,6.218518524E0,7.386090546E0
1.630557929E1,-1.809736633E-1,6.473887482E0,8.205636292E0
1.631553429E1,-2.170486450E-2,6.124514008E0,8.279582520E0
1.632548929E1,4.766088867E-1,6.587501221E0,8.033943329E0
1.633544429E1,3.873944092E-1,7.243586884E0,7.613617401E0
1.634539929E1,-3.293151855E-2,6.899452515E0,7.117099915E0
1.635535529E1,3.062631226E-1,6.576424255E0,6.904392242E0
1.636531029E1,5.261558533E-1,6.553372192E0,7.090155945E0
1.637526529E1,5.894741821E-1,6.283184052E0,7.612569580E0
1.638522029E1,5.339396667E-1,6.609954529E0,7.857460327E0
1.639517529E1,6.319857788E-1,6.880891113E0,7.437134399E0
1.640513029E1,3.604504395E-1,6.653513947E0,6.816225586E0
1.641508529E1,5.029541016E-1,6.484964447E0,6.077362061E0
1.642504029E1,5.049000549E-1,6.467301178E0,5.872587891E0
1.643499529E1,8.457412720E-2,6.495592346E0,6.776558075E0
1.644495029E1,3.225791931E-1,6.497837677E0,8.145611115E0
1.645490450E1,6.180647278E-1,7.108867035E0,8.588989105E0
1.646485950E1,3.080593872E-1,7.530390472E0,7.716603241E0
1.647481450E1,6.577322388E-1,7.308102722E0,6.657705231E0
1.648476950E1,3.947291565E-1,6.885531464E0,6.843169556E0
1.649472450E1,-5.837860107E-2,6.889573059E0,6.814878387E0
1.650467950E1,5.007087708E-1,6.190526733E0,7.551047516E0
1.651463450E1,6.343807983E-1,6.284980316E0,7.897277527E0
1.652458950E1,2.706372070E-1,6.957382050E0,7.299869843E0
1.653454450E1,6.855743408E-1,7.509284363E0,6.574927368E0
1.654449950E1,1.079255676E-1,7.646548920E0,6.840475159E0
1.655445450E1,-1.603166199E-1,7.206015015E0,7.119944000E0
1.656440950E1,4.993615723E-1,6.436914368E0,7.053332520E0
1.657436450E1,4.541555786E-1,7.008425903E0,6.810836792E0
1.658431950E1,1.329235840E-1,7.032226410E0,7.007976837E0
1.659427450E1,1.645079041E-1,5.976322174E0,7.763306122E0
1.660422950E1,1.821711731E-1,5.958658905E0,8.481063538E0
1.661418450E1,2.805166626E-1,6.362219696E0,8.332722015E0
1.662413950E1,6.538403320E-1,6.225703583E0,7.900121613E0
1.663409450E1,6.286926270E-1,6.480324097E0,7.185357971E0
1.664404950E1,2.468367004E-1,6.058950348E0,6.687493286E0
1.665400450E1,3.215313721E-1,5.724246368E0,6.682852936E0
1.666395950E1,6.020480347E-1,6.018684082E0,6.985224152E0
1.667391450E1,6.050418091E-1,5.532195740E0,7.731422424E0
1.668386950E1,3.731739807E-1,5.331762543E0,7.611970825E0
1.669382450E1,3.167413330E-1,6.077960815E0,7.586823120E0
1.670377950E1,2.496807861E-1,6.439159698E0,7.469616852E0
1.671373450E1,4.860392761E-1,6.141428833E0,7.568710785E0
1.672368950E1,3.980223083E-1,6.529421997E0,7.248227234E0
1.673364450E1,-2.017803955E-1,6.793323212E0,7.393724670E0
1.674359950E1,-2.329156494E-1,6.396348724E0,7.389383698E0
1.675355550E1,-1.856140137E-2,6.452032928E0,7.775730286E0
1.676351050E1,6.945556641E-2,7.028035126E0,7.909552002E0
1.677346550E1,-1.856140137E-1,6.613247681E0,7.931406555E0
1.678342050E1,-3.472778320E-2,6.452781372E0,7.575297089E0
1.679337550E1,9.370513916E-2,6.742728424E0,6.543941803E0
1.680333050E1,6.173162842E-1,6.609954529E0,6.218518524E0
1.681328550E1,8.575666809E-1,6.810387726E0,6.365512848E0
1.682324050E1,5.295986938E-1,7.009473724E0,6.694229279E0
1.683319550E1,5.185217285E-1,6.395151215E0,7.332501984E0
1.684315050E1,7.508386230E-1,6.601571960E0,7.819888458E0
1.685310550E1,8.744815063E-1,6.880891113E0,8.107739868E0
1.686306050E1,8.590635681E-1,6.237978058E0,7.846383362E0
1.687301550E1,1.028810577E0,6.183940430E0,7.905211029E0
1.688297050E1,2.198927307E-1,6.772217102E0,6.964118042E0
1.689292550E1,2.956352234E-1,6.074368286E0,6.883585510E0
1.690288050E1,9.389973450E-1,6.234235840E0,6.951693878E0
1.691283550E1,1.573228455E-1,6.584357758E0,7.433541870E0
1.692279050E1,1.529818726E-1,6.440955963E0,7.674091644E0
1.693274550E1,1.887574768E-1,6.508315887E0,7.664511566E0
1.694270050E1,-2.203417969E-1,6.754404144E0,7.457941132E0
1.695265550E1,-5.852828979E-2,6.603817291E0,7.627837830E0
1.696261050E1,-1.293310547E-1,6.763086090E0,7.834707642E0
1.697256550E1,-3.023712158E-2,6.766528931E0,7.614515533E0
1.698252050E1,2.668949890E-1,6.498735809E0,7.275021515E0
1.699247550E1,4.117936707E-1,6.927144928E0,6.744824066E0
1.700243050E1,6.520440674E-1,6.235882416E0,7.271129608E0
1.701238550E1,3.498225403E-1,6.728058929E0,7.116501160E0
1.702234050E1,4.071533203E-1,7.089108124E0,7.003635864E0
1.703229550E1,6.191125488E-1,6.996001740E0,7.291936340E0
1.704225050E1,3.079096985E-1,6.284082184E0,7.473957825E0
1.705220550E1,3.718267822E-1,6.744524689E0,6.845714264E0
1.706216050E1,4.679269409E-1,6.876250763E0,7.141648865E0
1.707211550E1,3.749702454E-1,6.586603088E0,7.252568207E0
1.708207050E1,8.330177307E-1,6.252348175E0,7.169041901E0
1.709202550E1,8.081694031E-1,6.769223328E0,7.181316376E0
1.710198050E1,5.804928589E-1,6.728657684E0,7.140601044E0
1.711193550E1,1.090632019E0,6.403982849E0,7.213798828E0
1.712189150E1,1.001866608E0,7.162006531E0,6.469247131E0
1.713184650E1,7.470964050E-1,6.621031494E0,7.003635864E0
1.714180150E1,1.433568878E0,6.713988190E0,6.549031219E0
1.715175650E1,1.454824677E0,6.926246796E0,6.973548431E0
1.716171150E1,1.428629150E0,6.294410706E0,7.442822571E0
1.717166650E1,1.259929962E0,7.007078705E0,7.425009613E0
1.718162150E1,1.150657196E0,7.611372070E0,6.935228119E0
1.719157650E1,1.063837738E0,6.260581055E0,7.005881195E0
1.720153150E1,1.427731018E0,5.856571198E0,7.792196045E0
1.721148650E1,1.027463379E0,6.194718018E0,8.266110535E0
1.722144150E1,6.396199036E-1,5.748495941E0,8.870104523E0
1.723139650E1,1.053060150E0,6.193969574E0,8.433163147E0
1.724135150E1,7.415579224E-1,6.813531189E0,7.584128723E0
1.725130650E1,6.071374512E-1,7.064259796E0,6.633156281E0
1.726126150E1,4.475692749E-1,7.129823456E0,5.556744690E0
1.727121650E1,1.706451416E-1,6.263125763E0,6.331383820E0
1.728117150E1,3.367996216E-2,5.607788544E0,6.750661926E0
1.729112650E1,3.513194275E-1,5.512586517E0,7.954757996E0
1.730108150E1,2.116598511E-1,6.176006927E0,8.289012909E0
1.731103650E1,-1.142124939E-1,6.463409271E0,8.314459991E0
1.732099150E1,2.151026917E-1,6.650520172E0,8.340954895E0
1.733094650E1,1.664538574E-1,6.968159637E0,7.648045807E0
1.734090150E1,2.335144043E-2,6.317313080E0,7.526648254E0
1.735085650E1,6.825805664E-2,6.481521606E0,6.735243988E0
1.736081150E1,-1.407073975E-1,6.625821533E0,6.977290649E0
1.737076650E1,6.840774536E-2,5.977369995E0,7.122788086E0
1.738072150E1,2.107617188E-1,5.919440460E0,7.955356750E0
1.739067650E1,2.586621094E-1,6.799610138E0,8.092022552E0
1.740063150E1,-2.933898926E-2,6.596332855E0,8.177045746E0
1.741058650E1,3.870950317E-1,7.028184814E0,7.644153900E0
1.742054150E1,5.418731689E-1,6.972500610E0,6.690786438E0
1.743049650E1,6.638694763E-1,6.352938995E0,6.384822693E0
1.744045150E1,3.671864319E-1,6.432124329E0,6.609355774E0
1.745040650E1,3.023712158E-1,6.298152924E0,7.511978760E0
1.746036237E1,5.650749207E-1,6.071673889E0,7.878566437E0
1.747031737E1,9.336085510E-1,6.614744568E0,8.047565002E0
1.748027337E1,9.779164124E-1,6.627617798E0,8.065976715E0
1.749022837E1,1.011446686E0,6.401887207E0,7.690856781E0
1.750018337E1,1.337468719E0,6.644083557E0,7.297175446E0
1.751013837E1,1.470691681E0,6.602021027E0,6.626569977E0
1.752009337E1,1.582808533E0,6.154152374E0,6.365961914E0
1.753004838E1,1.467099152E0,6.084846497E0,6.774312744E0
1.754000337E1,1.130149841E0,6.532415771E0,7.316485291E0
1.754995837E1,1.188678131E0,6.555767212E0,7.939190369E0
1.755991337E1,1.396296387E0,6.601122894E0,7.829917603E0
1.756986837E1,1.271156616E0,6.759194183E0,7.365134125E0
1.757982337E1,7.286846924E-1,6.604266357E0,6.778953094E0
1.758977837E1,5.560935974E-1,6.817722473E0,6.533014526E0
1.759973338E1,6.809339905E-1,6.972051544E0,6.597680054E0
1.760968837E1,4.752616882E-1,6.917415161E0,6.315367126E0
1.761964337E1,6.647676086E-1,7.137008514E0,6.492748260E0
1.762959837E1,-5.927673340E-2,7.168293457E0,6.550228729E0
1.763955337E1,1.950444031E-1,6.869963837E0,6.949149170E0
1.764950837E1,2.960842896E-1,7.106921082E0,6.883286133E0
1.765946337E1,-2.914439392E-1,6.637646942E0,7.397915955E0
1.766941838E1,-2.874023438E-2,6.258635101E0,7.959098969E0
1.767937337E1,-7.978408813E-2,6.800208893E0,8.048912201E0
1.768932837E1,-9.165440369E-1,6.953639832E0,7.896529083E0
1.769928337E1,-5.924679565E-1,6.657555542E0,7.167994080E0
1.770923837E1,-4.355941772E-1,6.663842468E0,6.912774811E0
1.771919337E1,-7.529342651E-1,6.991810455E0,6.530619507E0
1.772914837E1,-8.044271851E-1,6.804549866E0,6.763984222E0
1.773910338E1,-6.466552734E-1,6.580316162E0,7.404502258E0
1.774905837E1,-7.797285461E-1,6.672973480E0,7.441625061E0
1.775901337E1,-3.600013733E-1,6.330335999E0,7.807314606E0
1.776896837E1,-2.080673218E-2,6.405629425E0,7.526049500E0
1.777892337E1,8.307723999E-2,6.588698730E0,7.588469696E0
1.778887837E1,-2.980302429E-1,6.526727600E0,7.512727203E0
1.779883337E1,3.152444458E-1,6.467600555E0,7.702083435E0
1.780878837E1,7.632627869E-1,6.399192810E0,7.261998596E0
1.781874437E1,6.676116943E-2,5.906267853E0,6.850204926E0
1.782869938E1,3.129991150E-1,5.809119873E0,7.129374390E0
1.783865437E1,2.918930054E-1,5.978118439E0,7.153174896E0
1.784860937E1,3.137475586E-1,5.656437378E0,8.224497070E0
1.785856437E1,5.363346863E-1,6.120472412E0,8.613238678E0
1.786851937E1,1.094224548E-1,6.312672729E0,8.537346497E0
1.787847437E1,-4.177812195E-1,6.386469269E0,7.773634644E0
1.788842937E1,-6.511459351E-1,7.139702911E0,6.507866821E0
1.789838438E1,-4.439767456E-1,6.695277100E0,6.249504089E0
1.790833937E1,-5.569917297E-1,5.881419525E0,6.972949677E0
1.791829437E1,-6.126759338E-1,6.122268677E0,7.779322815E0
1.792824937E1,-6.758445740E-1,6.190975800E0,8.346044312E0
1.793820437E1,-6.289920044E-1,6.638395386E0,8.314310303E0
1.794815937E1,-4.230203247E-1,7.650291138E0,7.015012207E0
1.795811437E1,-8.982820129E-1,6.852450256E0,6.841073914E0
1.796806938E1,-8.228388977E-1,6.513405304E0,6.395300903E0
1.797802437E1,-5.542973328E-1,6.778204651E0,6.192023621E0
1.798797937E1,-2.963836670E-1,5.755531311E0,7.330106964E0
1.799793437E1,-2.656974792E-1,5.871689758E0,8.039182434E0
1.800788937E1,-3.818559265E-1,6.866221619E0,8.215216370E0
1.801784437E1,-9.532177734E-1,6.996899872E0,7.646099854E0
1.802779937E1,-4.793032837E-1,7.042105865E0,6.824308777E0
1.803775438E1,-3.350033569E-1,7.037016449E0,6.858737183E0
1.804770937E1,-5.499563599E-1,6.281238098E0,7.139852600E0
1.805766437E1,-2.776725769E-1,5.731880493E0,7.535180511E0
1.806761937E1,-4.565505981E-1,6.275250549E0,7.314539337E0
1.807757437E1,-3.972738647E-1,6.885381775E0,6.963968353E0
1.808752937E1,-3.115022278E-1,7.499853973E0,6.919510803E0
1.809748437E1,-7.978408813E-1,7.168742523E0,7.282655640E0
1.810743938E1,-8.259823608E-1,6.629114685E0,7.167545013E0
1.811739437E1,-6.372248840E-1,6.472240906E0,7.132517853E0
1.812734937E1,-1.619631958E-1,6.494694214E0,7.370822296E0
1.813730437E1,-5.258564758E-1,5.815107422E0,9.042845306E0
1.814725937E1,-1.336720276E-1,6.174360352E0,7.352111206E0
1.815721537E1,4.333488464E-1,6.585106201E0,7.404502258E0
1.816717037E1,4.224215698E-1,6.835834808E0,7.591313782E0
1.817712537E1,5.182223511E-1,7.019802246E0,7.264692993E0
1.818708037E1,8.771759033E-2,7.081174622E0,6.609505463E0
1.819703538E1,1.541793823E-1,6.673123169E0,6.140081635E0
1.820699037E1,6.879693604E-1,6.125412140E0,7.718549194E0
1.821694537E1,2.404000854E-1,5.198988647E0,8.441695404E0
1.822690037E1,4.528083801E-1,6.731801147E0,7.441924438E0
1.823685537E1,1.089284821E0,7.907905426E0,6.635251923E0
1.824681037E1,2.050735474E-2,6.295907593E0,7.528893585E0
1.825676537E1,3.146456909E-1,5.172044678E0,8.166118469E0
1.826672038E1,7.420069885E-1,8.049061890E0,6.027815094E0
1.827667537E1,5.017565918E-1,7.010820923E0,7.538174286E0
1.828663037E1,5.450166321E-1,6.674620056E0,6.982080688E0
1.829658537E1,7.773335266E-1,6.570287018E0,6.818919983E0
1.830654037E1,3.270698547E-1,6.443949738E0,6.790928192E0
1.831649537E1,5.298980713E-2,5.978567505E0,7.845335541E0
1.832645037E1,9.511221313E-1,6.790179749E0,7.550748138E0
1.833640538E1,1.685494995E-1,6.771768036E0,7.255412292E0
1.834636037E1,-6.182144165E-2,7.001839600E0,7.020999756E0
1.835631537E1,1.871109009E-2,7.031178589E0,6.720125427E0
1.836627037E1,-3.228785706E-1,6.256240082E0,7.062014465E0
1.837622537E1,1.796264648E-2,6.581813049E0,6.885082397E0
1.838618037E1,-1.580712891E-1,6.693331146E0,7.634274445E0
1.839613537E1,-1.872605896E-1,6.132297821E0,8.118068390E0
1.840609038E1,-2.655477905E-1,5.860912170E0,7.622299347E0
1.841604537E1,3.591032410E-1,6.230792999E0,7.591014404E0
1.842600037E1,-1.886077881E-2,6.480024719E0,7.355404358E0
1.843595537E1,1.787283325E-1,5.888754272E0,7.603438568E0
1.844591037E1,7.032376099E-1,5.959557037E0,7.523504791E0
1.845586479E1,6.384223938E-1,6.007457428E0,7.590715027E0
1.846581979E1,7.126679993E-1,6.142626343E0,7.468569031E0
1.847577479E1,8.719367981E-1,6.544390869E0,7.500602417E0
1.848573079E1,2.927911377E-1,6.332581329E0,7.998467102E0
1.849568579E1,6.906637573E-1,6.286926270E0,8.019872589E0
1.850564079E1,1.031055908E0,6.887178040E0,7.707322540E0
1.851559579E1,8.946894836E-1,6.436764679E0,7.550897827E0
1.852555079E1,4.888833618E-1,6.398743744E0,7.044800262E0
1.853550579E1,8.987310791E-1,6.596183167E0,6.865622864E0
1.854546079E1,6.499484253E-1,6.766528931E0,6.672823792E0
1.855541579E1,4.391867065E-1,7.208410034E0,6.483916626E0
1.856537079E1,4.239184570E-1,5.335654449E0,8.310867462E0
1.857532579E1,-2.237846375E-1,6.409371643E0,7.557184753E0
1.858528079E1,1.535806274E-1,7.194638672E0,7.344626770E0
1.859523579E1,5.324427795E-1,7.800428925E0,6.389463043E0
1.860519079E1,4.188290405E-1,5.450465698E0,7.954009552E0
1.861514579E1,1.465452576E-1,6.658902740E0,6.301446075E0
1.862510079E1,1.532812500E-1,6.608607330E0,7.273075562E0
1.863505579E1,1.767823792E-1,6.502328339E0,7.594307556E0
1.864501079E1,1.471440125E-1,6.366860046E0,7.685168610E0
1.865496579E1,5.327421570E-1,6.897805939E0,7.890092468E0
1.866492079E1,-2.279759216E-1,7.163503418E0,7.651937714E0
1.867487579E1,-1.523831177E-1,6.997798004E0,7.704927521E0
1.868483079E1,5.146298218E-1,7.219487000E0,6.609655151E0
1.869478579E1,1.556762695E-1,6.699917450E0,6.971303101E0
1.870474079E1,2.737806702E-1,7.050488434E0,6.714137878E0
1.871469579E1,-4.378395081E-1,7.033423920E0,6.375841370E0
1.872465079E1,-2.130070496E-1,6.091133423E0,6.594237213E0
1.873460579E1,-2.826123047E-1,6.152056732E0,6.103407898E0
1.874456079E1,-5.140310669E-1,6.973398743E0,6.476731567E0
1.875451579E1,-8.328680420E-1,6.322252808E0,7.328909454E0
1.876447079E1,-7.857160950E-1,5.995033264E0,8.604107666E0
1.877442579E1,-1.133143616E-1,7.195237427E0,8.446186066E0
1.878438079E1,-4.433779907E-1,7.157366180E0,7.608977051E0
1.879433579E1,-4.156855774E-1,6.619384918E0,7.336992645E0
1.880429179E1,-1.094523926E0,6.940916290E0,7.043752441E0
1.881424679E1,-1.050216064E0,6.131998444E0,7.885302429E0
1.882420179E1,-2.865042114E-1,6.098019104E0,7.428302765E0
1.883415679E1,-1.252894592E-1,6.488856354E0,7.257957001E0
1.884411179E1,-2.016307068E-1,6.727909241E0,6.713090057E0
1.885406679E1,-5.358856201E-1,7.119345245E0,6.771768036E0
1.886402179E1,-6.682104492E-1,6.697223053E0,7.512577515E0
1.887397679E1,-5.219645691E-1,5.971681824E0,7.369924164E0
1.888393179E1,1.401086426E-1,6.110143890E0,7.516768799E0
1.889388679E1,1.347198486E-1,6.659950562E0,7.055877228E0
1.890384179E1,-3.228785706E-1,6.167474670E0,7.329807587E0
1.891379679E1,-3.956272888E-1,6.446943512E0,7.390581207E0
1.892375179E1,-2.038760376E-1,6.529721375E0,7.864495697E0
1.893370679E1,-2.305206299E-2,6.419700165E0,8.061186676E0
1.894366179E1,-5.837860107E-3,6.444398804E0,8.353828125E0
1.895361679E1,4.924758911E-2,6.159840546E0,8.370443573E0
1.896357179E1,-3.445834351E-1,6.493347015E0,7.505093079E0
1.897352679E1,-1.110690308E-1,6.374643860E0,7.345824280E0
1.898348179E1,-2.845582581E-1,6.476881256E0,6.785090332E0
1.899343679E1,-7.406597900E-1,6.440357208E0,6.819818115E0
1.900339179E1,-7.629634094E-1,6.648125153E0,7.063661041E0
1.901334679E1,-4.321513367E-1,6.086942139E0,7.546706543E0
1.902330179E1,-4.625381470E-1,6.395749969E0,7.278464355E0
1.903325679E1,-8.587641907E-1,7.098089447E0,6.847959595E0
1.904321179E1,-1.001118164E0,6.649771729E0,7.026538239E0
1.905316679E1,-8.595126343E-1,6.178252258E0,6.909331970E0
1.906312179E1,-6.619235229E-1,6.646478577E0,7.241790619E0
1.907307679E1,-4.123924255E-1,7.083719330E0,7.277566223E0
1.908303179E1,-5.168751526E-1,6.659351807E0,7.355104980E0
1.909298679E1,-6.539900208E-1,6.164630585E0,7.628586273E0
1.910294279E1,-7.405101013E-1,6.358776855E0,7.410040741E0
1.911289779E1,-2.332150269E-1,6.727011108E0,7.137457581E0
1.912285279E1,-4.348457336E-1,6.409820709E0,7.587421875E0
1.913280779E1,-6.054908752E-1,5.994135132E0,7.502398682E0
1.914276279E1,-2.216889954E-1,6.397396545E0,6.690187683E0
1.915271779E1,-3.882925415E-1,6.661746826E0,6.870562592E0
1.916267279E1,-6.110293579E-1,6.224655762E0,7.095694427E0
1.917262779E1,-4.972659302E-1,6.206992493E0,7.215445404E0
1.918258279E1,-8.363108826E-1,6.582262115E0,7.387288055E0
1.919253779E1,-1.003513184E0,6.515950012E0,7.461533661E0
1.920249279E1,-3.526666260E-1,6.627168732E0,7.405849457E0
1.921244779E1,-3.990701294E-1,6.734794922E0,7.607779541E0
1.922240279E1,-4.912783813E-1,6.705904999E0,7.647596741E0
1.923235779E1,-5.548960876E-1,6.648723907E0,7.282206573E0
1.924231279E1,-4.444258118E-1,6.660549316E0,7.311096497E0
1.925226779E1,-1.306782532E-1,6.704557800E0,7.484286346E0
1.926222279E1,-3.689826965E-1,6.732998657E0,7.543413391E0
1.927217779E1,-1.137634277E-1,6.706354065E0,7.690258026E0
1.928213279E1,-1.754351807E-1,6.760242004E0,7.582631836E0
1.929208779E1,1.257385254E-1,6.907535706E0,7.406298523E0
1.930204279E1,6.315367126E-1,7.249125366E0,7.183112640E0
1.931199779E1,2.245330811E-1,6.982380066E0,6.703360291E0
1.932195279E1,1.161584473E-1,6.310277710E0,6.567592621E0
1.933190779E1,5.282514954E-1,6.561305695E0,6.540349274E0
1.934186279E1,1.553768921E-1,6.876699829E0,6.495292969E0
1.935181779E1,1.166075134E-1,6.977739716E0,7.142846375E0
1.936177279E1,-9.295669556E-2,6.905889130E0,7.715405731E0
1.937172779E1,-4.743635559E-1,6.097869415E0,8.121361542E0
1.938168279E1,-2.769241333E-2,6.413562927E0,7.605683899E0
1.939163779E1,3.508703613E-1,6.553222504E0,7.603737946E0
1.940159379E1,2.719844055E-1,5.788163452E0,7.720944214E0
1.941154879E1,3.758683777E-1,6.506968689E0,6.828799438E0
1.942150379E1,1.826202393E-1,6.831044769E0,6.581064606E0
1.943145879E1,-7.843688965E-2,5.884712677E0,7.333998871E0
1.944141379E1,3.379971313E-1,6.418802032E0,7.715705109E0
1.945136879E1,7.801776123E-1,6.652765503E0,8.114625549E0
1.946132404E1,5.896238708E-1,6.424190826E0,8.488098907E0
1.947127904E1,4.558021545E-1,6.888674927E0,7.767347717E0
1.948123404E1,3.769161987E-1,6.702911224E0,6.601871338E0
1.949118904E1,3.915856934E-1,6.248755646E0,6.008205872E0
1.950114404E1,4.511618042E-1,6.295907593E0,6.017935638E0
1.951109904E1,3.923341370E-1,6.083499298E0,7.121740265E0
1.952105404E1,3.677851868E-1,5.826334076E0,8.329877930E0
1.953100904E1,4.510121155E-1,6.642736359E0,8.829239502E0
1.954096404E1,6.301895142E-1,7.381450195E0,8.410709839E0
1.955091904E1,3.266207886E-1,6.705904999E0,8.157286835E0
1.956087404E1,3.385958862E-1,6.338718567E0,7.864645386E0
1.957082904E1,4.602928162E-1,6.237678680E0,7.093000031E0
1.958078404E1,7.033872986E-1,5.630092163E0,6.868317261E0
1.959073904E1,9.855505371E-1,6.100863190E0,6.412664795E0
1.960069404E1,5.186714172E-1,6.568191376E0,6.397546234E0
1.961064904E1,5.096900940E-1,6.654262390E0,6.979985046E0
1.962060404E1,5.436694336E-1,6.728058929E0,7.729326782E0
1.963055904E1,3.767665100E-1,6.442901917E0,8.167914734E0
1.964051404E1,3.312611389E-1,6.341263275E0,8.091274109E0
1.965046904E1,2.694396973E-1,7.003785553E0,7.565717010E0
1.966042404E1,2.604583740E-1,6.348298645E0,7.346123657E0
1.967037904E1,6.096821594E-1,5.808820496E0,7.587870941E0
1.968033404E1,4.649331665E-1,6.881789246E0,7.112758942E0
1.969028904E1,5.673202515E-2,7.000342712E0,7.081923065E0
1.970024504E1,2.276765442E-1,6.938221893E0,7.267836456E0
1.971020004E1,2.538720703E-1,6.869215393E0,7.017856293E0
1.972015504E1,4.242178345E-1,6.237229614E0,7.017856293E0
1.973011004E1,3.876937866E-1,6.379882965E0,7.224426727E0
1.974006504E1,1.381626892E-1,6.417903900E0,7.486232300E0
1.975002004E1,4.613406372E-1,6.116430817E0,7.525450745E0
1.975997504E1,4.965174866E-1,6.870861969E0,7.156168671E0
1.976993004E1,5.001100159E-1,7.102280731E0,6.857539673E0
1.977988504E1,6.680607605E-1,6.611601105E0,7.048243103E0
1.978984004E1,5.495072937E-1,6.627617798E0,7.111561432E0
1.979979504E1,6.494993591E-1,6.482120361E0,7.197782135E0
1.980975004E1,4.617897034E-1,6.099366302E0,7.436535645E0
1.981970504E1,6.080355835E-1,6.512507172E0,7.049290924E0
1.982966004E1,2.764750671E-1,6.837780762E0,7.291337585E0
1.983961504E1,4.559518433E-1,6.580465851E0,7.389832764E0
1.984957004E1,9.523196411E-1,6.495292969E0,7.241341553E0
1.985952504E1,4.649331665E-1,7.052284698E0,6.677015076E0
1.986948004E1,-5.822891235E-2,7.020101624E0,6.503076782E0
1.987943504E1,2.716850281E-1,6.938820648E0,6.694079590E0
1.988939004E1,1.863624573E-1,6.786587219E0,6.976392517E0
1.989934504E1,5.626799011E-1,6.329587555E0,7.555837555E0
1.990930004E1,6.480024719E-1,6.479725342E0,8.044720917E0
1.991925504E1,2.887495422E-1,6.897207184E0,7.518115997E0
1.992921004E1,1.579216003E-1,6.631809082E0,7.040758667E0
1.993916504E1,6.816824341E-1,6.772217102E0,6.922205200E0
1.994912004E1,6.676116943E-1,6.721772003E0,6.663094025E0
1.995907504E1,4.939727783E-1,6.200256500E0,6.955885162E0
1.996903004E1,5.577401733E-1,6.493347015E0,7.225773926E0
1.997898504E1,1.731898499E-1,6.662944336E0,7.710615692E0
1.998894104E1,9.580078125E-2,6.527925110E0,7.538922729E0
1.999889604E1,3.113525391E-1,6.418352966E0,7.839048615E0
2.000885104E1,3.502716064E-2,6.208339691E0,7.943531342E0
2.001880604E1,-3.393443298E-1,6.320905609E0,7.886350250E0
2.002876104E1,-4.032614136E-1,6.896458740E0,7.604785767E0
2.003871604E1,-3.132984924E-1,6.730603638E0,7.251071320E0
2.004867104E1,-1.890568542E-1,6.301296387E0,7.174430695E0
2.005862604E1,-3.787124634E-2,6.410269775E0,6.868017883E0
2.006858104E1,-3.089575195E-1,6.363566895E0,7.112010498E0
2.007853604E1,-1.107546844E0,6.344257050E0,7.445067902E0
2.008849104E1,-6.267466736E-1,6.186485138E0,8.329578552E0
2.009844604E1,-5.029541016E-1,6.442452850E0,8.212671661E0
2.010840104E1,-1.258283386E0,6.566395111E0,7.716154175E0
2.011835604E1,-1.219064941E0,6.345155182E0,7.779322815E0
2.012831104E1,-1.087189178E0,6.064339142E0,7.461234283E0
2.013826604E1,-9.379495239E-1,5.988896027E0,7.236102448E0
2.014822104E1,-3.324586487E-1,6.328689423E0,7.385491791E0
2.015817604E1,-5.375321960E-1,6.068081360E0,7.567213898E0
2.016813104E1,-6.387217712E-1,6.324947205E0,7.227719879E0
2.017808604E1,-5.788462830E-1,6.990762634E0,7.119045868E0
2.018804104E1,-4.799020386E-1,6.907386017E0,6.849905548E0
2.019799604E1,-5.445675659E-1,6.394552460E0,7.028035126E0
2.020795104E1,-2.011816406E-1,6.635251923E0,7.193141785E0
2.021790604E1,-1.466949463E-1,6.581513672E0,7.513625336E0
2.022786104E1,7.304809570E-2,6.894213409E0,7.543413391E0
2.023781604E1,-1.405577087E-1,7.042854309E0,7.353458405E0
2.024777104E1,-2.875520325E-1,6.417005768E0,6.863826599E0
2.025772604E1,-1.850152588E-1,6.419550476E0,6.143374786E0
2.026768104E1,2.305206299E-2,6.282585297E0,6.753206635E0
2.027763604E1,2.371069336E-1,5.949228516E0,7.667954407E0
2.028759104E1,5.810916138E-1,6.603517914E0,8.209228821E0
2.029754704E1,1.216969299E-1,7.396868134E0,8.050259399E0
2.030750204E1,8.592132568E-2,7.012467499E0,7.248376923E0
2.031745704E1,9.544152832E-1,7.026388550E0,6.504124603E0
2.032741204E1,8.644523621E-1,6.763086090E0,7.081473999E0
2.033736704E1,9.777667236E-1,5.658682709E0,7.588469696E0
2.034732204E1,1.150208130E0,5.819448395E0,7.937394104E0
2.035727704E1,6.942562866E-1,6.690786438E0,7.594906311E0
2.036723204E1,7.168592834E-1,7.078330536E0,7.272626495E0
2.037718704E1,6.586303711E-1,7.247628479E0,7.195686493E0
2.038714204E1,7.708969116E-2,6.652017059E0,7.217091980E0
2.039709704E1,-1.149609375E-1,6.568041687E0,6.888974304E0
2.040705204E1,-1.496887207E-3,6.921007690E0,6.906637573E0
2.041700704E1,2.404000854E-1,7.081174622E0,7.096742249E0
2.042696204E1,8.786727905E-2,6.307733002E0,7.384144592E0
2.043691704E1,2.475851440E-1,6.667285309E0,7.378007355E0
2.044687204E1,8.457412720E-2,7.210056610E0,7.459288330E0
2.045682704E1,3.911366272E-1,7.025041351E0,6.885531464E0
2.046678200E1,9.966275024E-1,6.697073364E0,6.928492126E0
2.047673700E1,9.318122864E-1,6.815477142E0,6.613097992E0
2.048669200E1,9.882449341E-1,6.437064056E0,6.906338196E0
2.049664700E1,1.316811676E0,6.606960754E0,7.438780975E0
2.050660200E1,9.110055542E-1,6.514902191E0,7.574398956E0
2.051655700E1,1.112636261E0,6.582262115E0,7.509434052E0
2.052651200E1,7.502398682E-1,6.796466675E0,7.457342377E0
2.053646700E1,2.618055725E-1,6.288123779E0,7.726333008E0
2.054642200E1,4.357438660E-1,6.304290161E0,7.522157593E0
2.055637700E1,1.306782532E-1,6.582411804E0,7.369325409E0
2.056633200E1,-1.348695374E-1,6.339017944E0,7.302564240E0
2.057628700E1,1.378633118E-1,5.984704742E0,6.983577576E0
2.058624300E1,-8.232879639E-2,6.144422607E0,7.102131042E0
2.059619800E1,-3.562591553E-1,5.912405090E0,7.487729187E0
2.060615300E1,-1.270857239E-1,5.994584198E0,7.754624176E0
2.061610800E1,2.544708252E-3,6.496939545E0,7.790549469E0
2.062606300E1,-4.441264343E-1,6.694229279E0,7.454947357E0
2.063601800E1,1.213975525E-1,6.671626282E0,7.145690460E0
2.064597300E1,5.221142578E-1,6.722221069E0,6.848708038E0
2.065592800E1,2.559677124E-1,6.627468109E0,7.025939484E0
2.066588300E1,3.037184143E-1,6.363866272E0,7.341483307E0
2.067583800E1,1.764830017E-1,6.542444916E0,7.464677124E0
2.068579300E1,-9.729766846E-3,6.623127136E0,7.239844666E0
2.069574800E1,2.662962341E-1,6.378236389E0,7.241341553E0
2.070570300E1,4.399351501E-1,6.124064941E0,7.699838104E0
2.071565800E1,-1.181044006E-1,6.174659729E0,7.546706543E0
2.072561300E1,-2.504292297E-1,6.431076508E0,7.197033691E0
2.073556800E1,1.709445190E-1,6.544839935E0,7.199129333E0
2.074552300E1,-1.122665405E-2,6.569837952E0,6.906487885E0
2.075547800E1,1.938468933E-1,6.447691956E0,6.976542206E0
2.076543300E1,-4.418811035E-1,6.812633057E0,7.359445953E0
2.077538800E1,-5.307962036E-1,6.663393402E0,7.661368103E0
2.078534300E1,9.220825195E-2,6.380332031E0,7.876919861E0
2.079529800E1,1.200503540E-1,6.485413513E0,7.597001953E0
2.080525300E1,6.137237549E-2,6.676715698E0,7.203320618E0
2.081520800E1,1.538800049E-1,6.632407837E0,7.201823730E0
2.082516300E1,3.483256531E-1,6.513105927E0,7.122488708E0
2.083511800E1,4.134402466E-1,6.243815918E0,6.858138428E0
2.084507300E1,3.224295044E-1,6.209537201E0,6.841373291E0
2.085502800E1,3.541635132E-1,6.554420013E0,7.085365906E0
2.086498300E1,1.062789917E-1,6.419251099E0,7.069947968E0
2.087493900E1,3.168910217E-1,6.420448608E0,7.699389038E0
2.088489400E1,3.847000122E-1,6.645430756E0,7.998167725E0
2.089484900E1,-1.871109009E-2,6.729855194E0,7.501500549E0
2.090480400E1,-5.792953491E-2,6.867718506E0,7.427554321E0
2.091475900E1,5.553451538E-2,6.565496979E0,7.616611176E0
2.092471400E1,8.083190918E-2,6.606212311E0,7.036717072E0
2.093466900E1,2.320175171E-1,7.289840698E0,6.416706390E0
2.094462400E1,-2.724334717E-2,6.864275665E0,6.936275940E0
2.095457900E1,-4.912783813E-1,6.525081024E0,6.977290649E0
2.096453400E1,4.236190796E-2,6.498137054E0,7.181316376E0
2.097448900E1,-1.004411316E-1,6.646029510E0,7.492668915E0
2.098444400E1,-4.210743713E-1,6.821015625E0,7.649542694E0
2.099439900E1,-5.366340637E-1,7.083419952E0,7.463329926E0
2.100435400E1,-6.334826660E-1,6.759343872E0,7.366481323E0
2.101430900E1,-5.553451538E-1,6.451134796E0,6.425388336E0
2.102426400E1,-8.637039185E-2,6.302942963E0,6.126010895E0
2.103421900E1,-4.228706360E-1,6.328390045E0,6.455326080E0
2.104417400E1,-7.420069885E-1,6.194568329E0,7.588619385E0
2.105412900E1,-3.206332397E-1,7.091652832E0,8.048313446E0
2.106408400E1,-9.864486694E-2,7.062613220E0,8.154742126E0
2.107403900E1,-6.601272583E-2,6.371051331E0,7.488926697E0
2.108399400E1,-2.294728088E-1,6.440955963E0,6.791976013E0
2.109394900E1,-7.454498291E-1,6.021677856E0,7.211254120E0
2.110390400E1,-5.691165161E-1,5.656287689E0,7.784262543E0
2.111385900E1,-1.233435059E-1,6.490053864E0,7.802674255E0
2.112381400E1,8.202941895E-2,6.811285858E0,7.906857605E0
2.113376900E1,1.166075134E-1,6.476432190E0,7.476352844E0
2.114372400E1,-2.115101624E-1,6.720574493E0,6.928043060E0
2.115367900E1,-2.748284912E-1,6.295159149E0,7.086563416E0
2.116363400E1,-7.529342651E-2,6.026916962E0,7.306007080E0
2.117359000E1,2.968327332E-1,6.135740662E0,7.423363037E0
2.118354500E1,2.757266235E-1,5.649551697E0,7.911048889E0
2.119350000E1,4.653822327E-1,5.893544312E0,8.236023102E0
2.120345500E1,5.855822754E-1,6.808441772E0,8.414452057E0
2.121341000E1,4.652325439E-1,6.731801147E0,8.612789612E0
2.122336500E1,2.655477905E-1,6.683302002E0,8.156688080E0
2.123332000E1,3.028202820E-1,6.743476868E0,7.706125031E0
2.124327500E1,3.294648743E-1,6.489305420E0,7.132068787E0
2.125323000E1,5.111869812E-1,6.247558136E0,7.176376648E0
2.126318500E1,7.312294006E-1,6.515351257E0,7.113208008E0
2.127314000E1,1.501377869E-1,6.627767487E0,7.086563416E0
2.128309500E1,-1.166075134E-1,6.913223877E0,6.666836243E0
2.129305000E1,-9.235794067E-2,6.893614655E0,6.703210602E0
2.130300500E1,3.016227722E-1,6.886279907E0,6.815477142E0
2.131296000E1,4.221221924E-1,6.846612396E0,7.065157928E0
2.132291500E1,2.094145203E-1,6.643933868E0,7.310647430E0
2.133287000E1,-1.504371643E-1,6.488706665E0,7.019203491E0
2.134282500E1,1.047821045E-2,6.249504089E0,6.735393677E0
2.135278000E1,2.131567383E-1,6.575226746E0,6.911277924E0
2.136273500E1,-2.680924988E-1,6.182443542E0,7.421267395E0
2.137269000E1,-1.613644409E-1,6.092181244E0,7.728129272E0
2.138264500E1,-5.150788879E-1,6.758894806E0,7.439080353E0
2.139260000E1,-6.930587769E-1,6.789131927E0,7.207212524E0
2.140255500E1,-2.386038208E-1,6.652316437E0,7.309898987E0
2.141251000E1,-4.772076416E-1,6.762786713E0,7.371570740E0
2.142246500E1,-3.758683777E-1,6.563101959E0,7.288643188E0
2.143242000E1,1.781295776E-2,6.568341064E0,7.527546387E0
2.144237500E1,2.406994629E-1,6.605463867E0,7.543413391E0
2.145233000E1,6.947053528E-1,6.620582428E0,7.015461273E0
2.146228492E1,4.885839844E-1,6.807843018E0,6.940916290E0
2.147224092E1,5.619314575E-1,6.516548767E0,7.187453613E0
2.148219592E1,8.345146179E-1,6.784790955E0,6.935078430E0
2.149215092E1,7.493417358E-1,6.796316986E0,7.315437469E0
2.150210592E1,8.002359009E-1,6.817273407E0,7.453450470E0
2.151206092E1,7.411088562E-1,7.123536530E0,6.992259521E0
2.152201592E1,5.969586182E-1,7.085665283E0,7.043153687E0
2.153197092E1,6.842271423E-1,7.061565399E0,7.274871826E0
2.154192592E1,5.087919617E-1,6.855144653E0,7.451055450E0
2.155188092E1,8.397537231E-1,6.807094574E0,7.457641754E0
2.156183592E1,4.833448792E-1,6.734196167E0,7.462731171E0
2.157179092E1,6.569837952E-1,6.504873047E0,7.220385132E0
2.158174592E1,1.493144989E0,6.789880371E0,7.090754700E0
2.159170092E1,6.506968689E-1,7.107070770E0,6.684948578E0
2.160165592E1,3.817062378E-1,6.448141022E0,6.809639282E0
2.161161092E1,8.728349304E-1,6.581962738E0,6.856641541E0
2.162156592E1,6.508465576E-1,6.728208618E0,6.591542816E0
2.163152092E1,8.289761353E-1,6.360273743E0,7.215445404E0
2.164147592E1,6.963519287E-1,6.252647552E0,7.822283478E0
2.165143092E1,3.637435913E-1,5.894143066E0,7.983647919E0
2.166138592E1,6.156697083E-1,5.985303497E0,8.237220612E0
2.167134092E1,7.186555481E-1,6.298601990E0,8.337512054E0
2.168129592E1,1.008003845E0,6.750212860E0,7.918982391E0
2.169125092E1,8.638536072E-1,6.752158813E0,7.585924988E0
2.170120592E1,6.291416931E-1,6.388265533E0,7.523355103E0
2.171116092E1,7.577243042E-1,6.095175018E0,7.115902405E0
2.172111592E1,7.179071045E-1,6.286028137E0,7.028184814E0
2.173107092E1,7.138655090E-1,7.322472839E0,6.649921417E0
2.174102592E1,4.266128540E-1,6.375841370E0,7.629783783E0
2.175098092E1,2.520758057E-1,6.286926270E0,7.523504791E0
2.176093592E1,2.664459229E-1,7.011269989E0,6.453978882E0
2.177089192E1,2.273771667E-1,7.242988129E0,5.477709045E0
2.178084692E1,1.167572021E-1,5.792205048E0,6.468199310E0
2.179080192E1,-3.143463135E-2,6.112389221E0,6.979236603E0
2.180075692E1,-5.029541016E-2,6.604565735E0,7.877368927E0
2.181071192E1,7.439529419E-2,7.011419678E0,8.723259888E0
2.182066692E1,-7.185058594E-3,7.378755798E0,7.813002777E0
2.183062192E1,-1.748364258E-1,6.676715698E0,7.549400940E0
2.184057692E1,-8.068222046E-2,6.669530640E0,7.311695251E0
2.185053192E1,-1.191522217E-1,5.873036957E0,7.585176544E0
2.186048692E1,4.646337891E-1,5.689069519E0,7.557783508E0
2.187044192E1,-1.538800049E-1,6.555617523E0,7.217690735E0
2.188039692E1,-6.397695923E-1,6.714586945E0,7.073091431E0
2.189035192E1,-4.930746460E-1,6.626569977E0,7.246730347E0
2.190030692E1,-6.436614990E-1,6.689439240E0,7.432044983E0
2.191026192E1,-7.557783508E-1,6.394402771E0,7.396119690E0
2.192021692E1,-4.230203247E-1,6.592291260E0,7.605833588E0
2.193017192E1,-6.349795532E-1,6.459667053E0,7.547754364E0
2.194012692E1,-5.358856201E-1,5.557044067E0,7.590116272E0
2.195008192E1,-7.948471069E-2,6.529122620E0,7.873477020E0
2.196003692E1,-4.320016479E-1,7.286846924E0,7.640711060E0
2.196999192E1,-2.957849121E-1,6.730154572E0,7.697143707E0
2.197994692E1,-9.385482788E-2,6.847061462E0,7.182663574E0
2.198990192E1,2.127076721E-1,6.820865936E0,6.798861694E0
2.199985692E1,1.413061523E-1,6.749015350E0,6.490353241E0
2.200981192E1,1.137634277E-1,6.444099426E0,6.809788971E0
2.201976692E1,4.607418823E-1,6.320306854E0,6.911128235E0
2.202972192E1,3.770658875E-1,6.790928192E0,6.828350372E0
2.203967692E1,5.325924683E-1,6.694079590E0,7.363637238E0
2.204963192E1,7.319778442E-1,7.079378357E0,7.304959259E0
2.205958692E1,7.894583130E-1,6.941065979E0,7.419770508E0
2.206954292E1,6.381230164E-1,6.659501495E0,7.512727203E0
2.207949792E1,2.475851440E-1,7.091353455E0,6.708150330E0
2.208945292E1,5.057981873E-1,7.215744781E0,6.270759888E0
2.209940792E1,1.483415222E-1,6.876550140E0,6.659202118E0
2.210936292E1,3.957769775E-1,6.510411530E0,6.839876404E0
2.211931792E1,7.544311523E-1,6.453829193E0,6.794371033E0
2.212927292E1,3.451821899E-1,6.949747925E0,6.712191925E0
2.213922792E1,-4.968168640E-1,6.290369110E0,8.620124359E0
2.214918292E1,-5.131329346E-1,6.720125427E0,7.325017548E0
2.215913792E1,-1.965412903E-1,7.236102448E0,7.048243103E0
2.216909292E1,8.981323242E-2,6.706803131E0,7.470065918E0
2.217904792E1,1.077758789E-1,6.189329224E0,7.379803619E0
2.218900292E1,-5.002597046E-1,6.675518188E0,7.003037109E0
2.219895792E1,-7.214996338E-1,6.418802032E0,7.049590302E0
2.220891292E1,-2.294728088E-1,6.335575104E0,8.057294769E0
2.221886792E1,2.409988403E-2,6.768175507E0,7.231312408E0
2.222882292E1,5.312452698E-1,6.024971008E0,7.445966034E0
2.223877792E1,3.513194275E-1,6.473588104E0,7.370522919E0
2.224873292E1,-1.270857239E-1,6.409072266E0,7.526498566E0
2.225868792E1,4.544549561E-1,6.371201019E0,7.500303040E0
2.226864292E1,4.149371338E-1,6.324947205E0,7.545059967E0
2.227859792E1,3.038681030E-1,6.009403381E0,7.795938263E0
2.228855292E1,3.219804382E-1,6.237079926E0,7.567513275E0
2.229850792E1,4.269122314E-1,6.595135345E0,7.683671722E0
2.230846292E1,6.818321228E-1,6.508016510E0,7.636220398E0
2.231841792E1,5.632786560E-1,6.309229889E0,7.602241058E0
2.232837292E1,5.140310669E-1,6.825206909E0,7.153025208E0
2.233832792E1,-1.041833496E-1,6.610253906E0,6.961273956E0
2.234828292E1,1.975891113E-1,6.532565460E0,7.160359955E0
2.235823792E1,5.589376831E-1,6.969057770E0,7.112609253E0
2.236819392E1,-1.064286804E-1,6.891519012E0,7.289541321E0
2.237814892E1,-4.311035156E-1,6.687193909E0,7.349716187E0
2.238810392E1,-1.802252197E-1,6.672524414E0,7.271878052E0
2.239805892E1,-1.695973206E-1,6.219566345E0,7.205116882E0
2.240801392E1,1.032852173E-2,6.258186035E0,7.357949066E0
2.241796892E1,3.143463135E-3,6.474935303E0,7.352260895E0
2.242792392E1,-1.305285645E-1,6.704857178E0,6.878645782E0
2.243787892E1,4.448748779E-1,6.887776794E0,7.164551239E0
2.244783392E1,1.722917175E-1,6.616840210E0,7.334747314E0
2.245778892E1,2.547702026E-1,6.544390869E0,7.235204315E0
2.246774387E1,3.354524231E-1,6.782994690E0,7.469916229E0
2.247769887E1,7.589218140E-2,6.678811340E0,7.540718994E0
2.248765387E1,4.688250732E-1,6.845714264E0,7.770042114E0
2.249760887E1,-2.562670898E-1,6.605164490E0,7.789052582E0
2.250756388E1,-1.047821045E-1,5.793701935E0,6.867868195E0
2.251751887E1,2.544708252E-1,6.620582428E0,5.363047485E0
2.252747387E1,3.255729675E-1,6.864575043E0,5.581293640E0
2.253742887E1,6.782395935E-1,6.025869141E0,7.119494934E0
2.254738387E1,7.253915405E-1,6.423442383E0,8.129295044E0
2.255733887E1,5.396278381E-1,7.038962402E0,8.372239838E0
2.256729387E1,4.869374084E-1,7.079677734E0,7.724836121E0
2.257724888E1,4.179309082E-1,6.544989624E0,7.463030548E0
2.258720387E1,7.297325134E-1,5.855972443E0,7.800428925E0
2.259715887E1,2.580633545E-1,6.437064056E0,7.372468872E0
2.260711387E1,5.599855042E-1,7.013215942E0,7.100334778E0
2.261706887E1,1.234931946E-1,7.189100189E0,6.882837067E0
2.262702387E1,-1.630110168E-1,7.028184814E0,6.653214569E0
2.263697887E1,2.236349487E-1,6.678362274E0,7.132966919E0
2.264693388E1,-3.210823059E-1,6.659501495E0,7.356302490E0
2.265688887E1,-2.743794250E-1,6.586453400E0,7.338339844E0
2.266684387E1,1.053808594E-1,6.688541107E0,7.340285797E0
2.267679887E1,-2.899470520E-1,6.531817017E0,7.174131317E0
2.268675487E1,-9.475296021E-2,6.449637909E0,7.109316101E0
2.269670988E1,8.217910767E-2,6.693780212E0,7.328610077E0
2.270666487E1,1.484912109E-1,6.709048462E0,7.241191864E0
2.271661987E1,8.415499878E-1,6.652765503E0,7.459438019E0
2.272657487E1,7.327262878E-1,6.884483643E0,7.312892761E0
2.273652987E1,4.191284180E-1,6.318660278E0,6.983876953E0
2.274648487E1,3.659889221E-1,6.026318207E0,7.627089386E0
2.275643987E1,3.610491943E-1,6.588848419E0,7.321874084E0
2.276639488E1,7.220983887E-1,6.489006042E0,7.447462921E0
2.277634987E1,4.966671753E-1,6.345155182E0,7.646399231E0
2.278630487E1,6.279441833E-1,6.290069733E0,7.652087402E0
2.279625987E1,7.583230591E-1,6.403982849E0,7.703131256E0
2.280621487E1,5.581892395E-1,6.500083008E0,7.694748688E0
2.281616987E1,4.784051514E-1,6.655160522E0,7.624844055E0
2.282612487E1,3.638932800E-1,6.751410370E0,6.885082397E0
2.283607988E1,3.996688843E-1,6.289171600E0,7.170838165E0
2.284603487E1,6.794371033E-1,6.374194794E0,7.009473724E0
2.285598987E1,4.486170959E-1,6.311325531E0,7.176526337E0
2.286594487E1,1.534309387E-1,6.968009949E0,7.151977386E0
2.287589987E1,-2.290237427E-1,6.739435272E0,7.315587158E0
2.288585487E1,2.035766602E-1,6.519243164E0,7.581284637E0
2.289580987E1,2.963836670E-1,6.820566559E0,7.438780975E0
2.290576488E1,-9.131011963E-2,6.180048523E0,7.817942505E0
2.291571987E1,-4.640350342E-2,6.032754822E0,8.002808075E0
2.292567487E1,3.607498169E-2,6.300547943E0,7.477400665E0
2.293562987E1,5.538482666E-2,6.200555878E0,6.890620880E0
2.294558487E1,1.913021851E-1,6.244863739E0,6.276148682E0
2.295553987E1,5.718109131E-2,6.293811951E0,6.537355499E0
2.296549487E1,-4.108955383E-1,6.462511139E0,6.811136169E0
2.297544987E1,-3.891906738E-3,6.464307404E0,7.864346008E0
2.298540487E1,-1.020877075E-1,6.755751343E0,7.733817444E0
2.299535987E1,-6.960525513E-2,6.478976898E0,7.610174561E0
2.300531587E1,-4.490661621E-1,6.754553833E0,7.657027130E0
2.301527087E1,-5.304968262E-1,6.875352631E0,7.475005646E0
2.302522587E1,-1.679507446E-1,6.443051605E0,7.656877441E0
2.303518087E1,-3.861968994E-2,6.913972321E0,7.143295441E0
2.304513587E1,3.712280273E-2,6.759044495E0,6.995702362E0
2.305509087E1,-1.305285645E-1,6.954537964E0,6.570436707E0
2.306504588E1,4.535568237E-2,6.781647491E0,7.063960419E0
2.307500087E1,2.847079468E-1,6.421945496E0,7.154522095E0
2.308495587E1,-2.698887634E-1,6.819518738E0,6.734645233E0
2.309491087E1,1.088237000E-1,6.771768036E0,6.791227570E0
2.310486587E1,-1.414558411E-1,6.906338196E0,6.344556427E0
2.311482087E1,3.532653809E-2,6.579867096E0,7.479645996E0
2.312477587E1,4.483177185E-1,6.572981415E0,7.817194061E0
2.313473088E1,1.230441284E-1,6.686894531E0,7.996521149E0
2.314468587E1,2.821632385E-1,6.540349274E0,7.860753479E0
2.315464087E1,-1.148112488E-1,6.994205475E0,6.961273956E0
2.316459587E1,2.722837830E-1,7.295828247E0,6.483168182E0
2.317455087E1,2.776725769E-1,7.038663025E0,6.531517639E0
2.318450587E1,3.746708679E-1,6.536008301E0,6.986271973E0
2.319446087E1,3.962260437E-1,6.438261566E0,6.856641541E0
2.320441588E1,1.607656860E-1,6.869215393E0,7.275171204E0
2.321437087E1,-6.301895142E-2,7.113208008E0,7.420369263E0
2.322432587E1,-2.915936279E-1,6.901099091E0,7.801626434E0
2.323428087E1,-6.929090881E-1,7.064559174E0,7.634424133E0
2.324423587E1,-6.626719666E-1,6.786736908E0,6.418652344E0
2.325419087E1,-5.167254639E-1,6.031257935E0,6.017636261E0
2.326414587E1,-4.854405212E-1,6.274651794E0,6.190077667E0
2.327410088E1,-5.882766724E-1,6.451883240E0,7.552394714E0
2.328405587E1,-2.628533936E-1,6.883136444E0,8.588390350E0
2.329401087E1,9.879455566E-3,7.009773102E0,8.763226776E0
2.330396587E1,1.451980591E-1,6.651418304E0,7.847281494E0
2.331392087E1,7.035369873E-3,5.887407074E0,7.710166626E0
2.332387687E1,-7.768844604E-2,5.566175079E0,7.554190979E0
2.333383187E1,3.917353821E-1,6.017636261E0,7.373666382E0
2.334378687E1,6.756948853E-1,6.548282776E0,7.560477905E0
2.335374187E1,3.484753418E-1,6.584058380E0,7.322023773E0
2.336369688E1,8.592132568E-2,6.456224213E0,7.485783234E0
2.337365187E1,-1.179547119E-1,6.823710022E0,7.491920471E0
2.338360687E1,-1.496887207E-4,6.879843292E0,7.466024323E0
2.339356187E1,3.577560425E-1,6.351442108E0,7.951015778E0
2.340351687E1,-1.945953369E-3,6.153403931E0,7.726632385E0
2.341347187E1,-3.472778320E-2,6.336772614E0,7.322622528E0
2.342342687E1,3.132984924E-1,6.936425629E0,7.342231750E0
2.343338188E1,2.068698120E-1,6.880741425E0,7.474556580E0
2.344333687E1,2.984793091E-1,6.706952820E0,6.872658234E0
2.345329187E1,3.290158081E-1,6.731501770E0,6.931934967E0
2.346324687E1,2.776725769E-1,6.495143280E0,6.716383209E0
2.347320187E1,4.712200928E-1,6.057603149E0,7.261250153E0
2.348315687E1,5.815406799E-1,6.128256226E0,7.455097046E0
2.349311187E1,1.040336609E-1,6.420298920E0,7.372618561E0
2.350306688E1,2.739303589E-1,6.750063171E0,7.193141785E0
2.351302187E1,6.804849243E-1,7.111262054E0,6.947203217E0
2.352297687E1,7.188052368E-1,6.679709473E0,7.269333344E0
2.353293187E1,7.890092468E-1,6.581064606E0,7.426356812E0
2.354288687E1,8.240364075E-1,6.725364532E0,7.175029449E0
2.355284187E1,8.922944641E-1,6.564748535E0,6.404282227E0
2.356279687E1,7.176077271E-1,6.234984283E0,7.030729523E0
2.357275188E1,6.836283875E-1,6.280339966E0,7.331304474E0
2.358270687E1,5.466632080E-1,6.322252808E0,7.567962341E0
2.359266187E1,3.291654968E-1,6.847809906E0,7.645052032E0
2.360261687E1,2.983296204E-1,6.902296600E0,7.529342651E0
2.361257187E1,1.971400452E-1,6.629863129E0,7.541916504E0
2.362252687E1,-1.481918335E-2,6.856641541E0,7.298372955E0
2.363248187E1,3.201841736E-1,6.623127136E0,7.133865051E0
2.364243688E1,1.489402771E-1,6.300547943E0,7.341183929E0
2.365239287E1,3.737727356E-1,6.702312469E0,7.126081238E0
2.366234787E1,5.553451538E-2,6.680158539E0,7.023993530E0
2.367230287E1,-6.122268677E-2,6.422843628E0,6.974596252E0
2.368225787E1,2.694396973E-1,6.993007965E0,6.583309937E0
2.369221288E1,2.086660767E-1,6.667584686E0,6.922953644E0
2.370216787E1,5.411247253E-1,6.589896240E0,7.552245026E0
2.371212287E1,4.436773682E-1,6.837032318E0,7.904612274E0
2.372207787E1,3.987707520E-1,6.576124878E0,7.623796234E0
2.373203287E1,6.015989685E-1,7.133565674E0,7.382348328E0
2.374198787E1,4.739144897E-1,7.088659058E0,7.139403534E0
2.375194287E1,8.659492493E-1,6.425238647E0,6.892716522E0
2.376189787E1,9.892927551E-1,6.837930450E0,6.622079315E0
2.377185287E1,2.700384521E-1,6.499184875E0,6.513554993E0
2.378180787E1,4.595443726E-1,6.493347015E0,6.937323761E0
2.379176287E1,8.563691711E-1,6.631060638E0,7.448510742E0
2.380171787E1,-1.580712891E-1,5.778433685E0,8.212372284E0
2.381167287E1,-1.960922241E-1,6.368506622E0,8.183781738E0
2.382162787E1,-1.496887207E-3,6.719826050E0,7.775281219E0
2.383158287E1,-3.586541748E-1,6.121969299E0,7.755821686E0
2.384153787E1,-1.312770081E-1,6.165379028E0,7.936945038E0
2.385149287E1,-1.386117554E-1,6.379284210E0,7.088808746E0
2.386144787E1,-4.218228149E-1,5.920338593E0,7.323370972E0
2.387140288E1,-2.483335876E-1,6.584058380E0,6.847510529E0
2.388135787E1,2.637515259E-1,6.472390594E0,7.551346893E0
2.389131287E1,6.780899048E-2,7.002887421E0,7.329208832E0
2.390126787E1,-2.249821472E-1,7.102879486E0,7.820636902E0
2.391122287E1,2.366578674E-1,6.762487335E0,7.158114624E0
2.392117787E1,2.332150269E-1,6.363117828E0,6.981481934E0
2.393113287E1,3.703298950E-1,6.886130219E0,7.035818939E0
2.394108788E1,-2.279759216E-1,6.768923950E0,7.143445129E0
2.395104287E1,-2.008822632E-1,6.403384094E0,7.829019470E0
2.396099787E1,-1.303788757E-1,6.470145264E0,7.304659882E0
2.397095287E1,-3.731739807E-1,5.996081085E0,6.901697845E0
2.398090787E1,-3.171903992E-1,6.494843903E0,6.495891724E0
2.399086287E1,-4.733157349E-1,6.119424591E0,7.163204041E0
2.400081887E1,2.269281006E-1,6.260730743E0,7.759563904E0
2.401077387E1,4.126918030E-1,6.886429596E0,8.249345398E0
2.402072887E1,6.795867920E-2,6.694079590E0,8.248147888E0
2.403068387E1,-2.368075562E-1,6.476282501E0,7.766748962E0
2.404063887E1,-1.734892273E-1,5.980513458E0,8.170758820E0
2.405059387E1,-8.412506104E-2,5.811065826E0,7.783813477E0
2.406054888E1,6.391708374E-2,6.542594604E0,7.100933533E0
2.407050387E1,-4.034111023E-1,7.171137543E0,6.630910950E0
2.408045887E1,-5.053491211E-1,6.402036896E0,7.071893921E0
2.409041387E1,-2.763253784E-1,6.755302277E0,6.940916290E0
2.410036887E1,-6.774911499E-1,7.179819489E0,7.066954193E0
2.411032387E1,-5.261558533E-1,6.719975739E0,7.130571899E0
2.412027887E1,-5.737568665E-1,6.298901367E0,7.322622528E0
2.413023388E1,-8.662486267E-1,6.313421173E0,7.342830505E0
2.414018887E1,-6.816824341E-1,6.561006317E0,6.931785278E0
2.415014387E1,-5.776487732E-1,6.904392242E0,7.070097656E0
2.416009887E1,-7.203021240E-1,6.733298035E0,6.885531464E0
2.417005387E1,-5.992039490E-1,6.477330322E0,6.770420837E0
2.418000887E1,-3.495231628E-1,7.008725281E0,6.302942963E0
2.418996387E1,-4.243675232E-1,6.502028961E0,6.380332031E0
2.419991888E1,-5.966592407E-1,6.251599731E0,7.186256104E0
2.420987387E1,-2.393522644E-1,6.842870178E0,7.525899811E0
2.421982887E1,-7.363188171E-1,6.729555817E0,8.256530457E0
2.422978387E1,-6.673123169E-1,7.067552948E0,8.050409088E0
2.423973887E1,-7.137158203E-1,7.274422760E0,7.518864441E0
2.424969387E1,-9.553134155E-1,6.466702423E0,7.533384247E0
2.425964887E1,-1.336869965E0,6.738537140E0,6.976991272E0
2.426960388E1,-1.142574005E0,7.178621979E0,6.463259583E0
2.427955887E1,-1.338366852E0,6.688241730E0,6.241271210E0
2.428951387E1,-1.471589813E0,6.708449707E0,7.151977386E0
2.429946887E1,-1.011895752E0,6.589297485E0,7.424710236E0
2.430942387E1,-1.001716919E0,5.995482330E0,7.736811218E0
2.431937887E1,-9.927355957E-1,6.708599396E0,7.311246185E0
2.432933387E1,-6.069877625E-1,6.633755035E0,6.892417145E0
2.433928887E1,-5.212161255E-1,6.682403870E0,7.101831665E0
2.434924387E1,-2.685415649E-1,6.913223877E0,6.985972595E0
2.435919988E1,4.593946838E-1,6.010750580E0,7.678432617E0
2.436915487E1,6.652166748E-1,6.254892883E0,7.695497131E0
2.437910987E1,5.626799011E-1,6.397845612E0,7.531737671E0
2.438906487E1,3.486250305E-1,6.227050781E0,7.501799927E0
2.439901987E1,4.381388855E-1,6.417454834E0,7.480244751E0
2.440897487E1,5.897735596E-1,6.396049347E0,7.482639771E0
2.441892987E1,6.156697083E-1,6.372847595E0,7.275320892E0
2.442888488E1,4.349954224E-1,6.501729584E0,7.786358185E0
2.443883987E1,4.149371338E-1,6.623875580E0,7.585625610E0
2.444879487E1,6.358776855E-1,6.381230164E0,7.889044647E0
2.445874987E1,3.616479492E-1,6.663692780E0,7.621999969E0
2.446870487E1,-6.137237549E-2,6.037544861E0,7.587421875E0
2.447865987E1,2.107617188E-1,6.097270660E0,8.082442474E0
2.448861487E1,6.427633667E-1,6.577322388E0,7.521409149E0
2.449856988E1,6.604266357E-1,6.673123169E0,7.417974243E0
2.450852487E1,1.030606842E0,6.654262390E0,7.386389923E0
2.451847987E1,8.216413879E-1,6.199358368E0,7.354955292E0
2.452843487E1,1.015039215E0,6.391408997E0,6.744674377E0
2.453838987E1,1.497935028E0,6.269861755E0,7.246281281E0
2.454834487E1,1.202449493E0,6.337970123E0,7.433541870E0
2.455829987E1,7.063810730E-1,6.251000977E0,7.664810944E0
2.456825488E1,1.136137390E0,6.541696472E0,7.722740479E0
2.457820987E1,1.033899994E0,6.785389709E0,7.353308716E0
2.458816487E1,1.101559296E0,6.554569702E0,6.965614929E0
2.459811987E1,8.891510010E-1,6.592740326E0,6.719227295E0
2.460807487E1,7.306306458E-1,6.957382050E0,6.103557587E0
2.461802987E1,6.897656250E-1,6.851402435E0,6.202352142E0
2.462798487E1,2.589614868E-1,6.428082733E0,7.184609528E0
2.463793988E1,2.650987244E-1,6.405779114E0,7.339537354E0
2.464789487E1,-2.454895020E-1,6.764433289E0,8.034841461E0
2.465784987E1,-2.731819153E-1,7.050787811E0,7.943830719E0
2.466780487E1,8.232879639E-2,6.647526398E0,8.201744385E0
2.467775987E1,-2.342628479E-1,6.660998383E0,7.690407715E0
2.468771487E1,1.213975525E-1,6.536607056E0,6.710994415E0
2.469766987E1,2.110610962E-1,6.469097443E0,5.927823029E0
2.470762587E1,5.291496277E-1,6.544540558E0,5.705834656E0
2.471758087E1,6.176156616E-1,6.323300629E0,7.265740814E0
2.472753588E1,3.367996216E-2,6.675218811E0,8.269852753E0
2.473749087E1,2.384541321E-1,7.291636963E0,8.404572601E0
2.474744587E1,5.029541016E-1,7.152875519E0,7.241191864E0
2.475740087E1,6.346801758E-1,5.966592407E0,7.400161285E0
2.476735587E1,7.325765991E-1,6.309379578E0,7.199877777E0
2.477731087E1,2.688409424E-1,6.410419464E0,7.092850342E0
2.478726587E1,3.770658875E-1,7.181016998E0,6.802304535E0
2.479722088E1,-4.462220764E-1,7.440128174E0,6.404731293E0
2.480717587E1,-1.698966980E-1,6.283034363E0,7.120542755E0
2.481713087E1,2.007325745E-1,6.479126587E0,7.415728912E0
2.482708587E1,-4.017645264E-1,6.563401337E0,7.920928345E0
2.483704087E1,-2.844085693E-2,5.905519409E0,8.158334656E0
2.484699587E1,2.279759216E-1,6.389013977E0,7.778574371E0
2.485695087E1,1.811233521E-2,6.644832001E0,7.121889954E0
2.486690588E1,-2.433938599E-1,6.692283325E0,6.648274841E0
2.487686087E1,-3.710783386E-1,6.642287292E0,6.746171265E0
2.488681587E1,-3.835025024E-1,6.242319031E0,6.230044556E0
2.489677087E1,7.798782349E-2,6.407575378E0,7.178621979E0
2.490672587E1,3.589535522E-1,6.507268066E0,7.921676788E0
2.491668087E1,-9.714797974E-2,5.947282562E0,8.806337128E0
2.492663587E1,-5.081932068E-1,6.427034912E0,8.539292450E0
2.493659088E1,-3.387455750E-1,7.020550690E0,7.360194397E0
2.494654587E1,-6.765930176E-2,6.771917725E0,7.143894196E0
2.495650087E1,-1.776805115E-1,7.062762909E0,6.342460785E0
2.496645587E1,8.921447754E-2,6.429878998E0,6.805148621E0
2.497641087E1,2.442919922E-1,6.074068909E0,7.389533386E0
2.498636587E1,-2.965333557E-1,6.407575378E0,7.764503632E0
2.499632087E1,-1.522334290E-1,6.545887756E0,7.622299347E0
2.500627588E1,-5.623805237E-1,6.360573120E0,7.785010986E0
2.501623087E1,-2.679428101E-1,6.442452850E0,7.882907410E0
2.502618587E1,9.445358276E-2,6.555168457E0,7.313042450E0
2.503614087E1,-1.784289551E-1,6.700965271E0,7.319179688E0
2.504609587E1,-8.876541138E-1,6.876699829E0,6.823710022E0
2.505605087E1,-8.663983154E-1,6.277196503E0,6.884333954E0
2.506600587E1,-5.331912231E-1,6.637347565E0,6.582711182E0
2.507596088E1,-9.653425598E-1,6.256838837E0,6.853647766E0
2.508591587E1,-9.367520142E-1,5.859265594E0,7.722740479E0
2.509587187E1,-6.542893982E-1,6.549779663E0,7.880063324E0
2.510582687E1,-5.463638306E-1,6.507118378E0,8.037835236E0
2.511578187E1,-3.875440979E-1,6.441554718E0,7.378306732E0
2.512573687E1,-5.620811462E-1,6.719376984E0,7.097341003E0
2.513569187E1,-5.057981873E-1,6.470444641E0,6.842870178E0
2.514564687E1,-2.354603577E-1,6.129154358E0,7.340734863E0
2.515560187E1,-1.158590698E-1,6.554569702E0,7.284601593E0
2.516555687E1,-3.486250305E-1,6.390361176E0,7.166796570E0
2.517551187E1,-4.873864746E-1,6.562503204E0,7.571255493E0
2.518546687E1,-4.866380310E-1,6.612050171E0,7.767796783E0
2.519542187E1,-2.896476746E-1,6.621181183E0,7.946674805E0
2.520537687E1,-6.885681152E-3,7.232509918E0,7.284900970E0
2.521533187E1,-8.547225952E-2,6.689139862E0,7.206314392E0
2.522528687E1,-3.921844482E-2,6.615343323E0,6.772666168E0
2.523524188E1,2.032772827E-1,6.934779053E0,6.852300568E0
2.524519687E1,6.002517700E-2,6.693480835E0,7.295528870E0
2.525515187E1,-5.893244934E-1,6.204298096E0,7.740703125E0
2.526510687E1,-1.336720276E-1,6.502478027E0,7.593409424E0
2.527506187E1,-3.324586487E-1,6.518794098E0,7.197782135E0
2.528501687E1,-7.128176880E-1,6.569089508E0,6.878346405E0
2.529497187E1,-1.474433899E-1,6.858437805E0,6.783144379E0
2.530492688E1,-1.643582153E-1,6.805897064E0,6.860982513E0
2.531488187E1,-1.243913269E-1,6.737040253E0,7.545509033E0
2.532483687E1,1.474433899E-1,7.085216217E0,7.365732880E0
2.533479187E1,4.016148376E-1,6.528374176E0,7.704628143E0
2.534474687E1,3.981719971E-2,6.653963013E0,7.570507050E0
2.535470187E1,1.197509766E-3,6.734196167E0,7.148534546E0
2.536465687E1,5.957611084E-1,6.684349823E0,7.083419952E0
2.537461188E1,8.436456299E-1,7.258406067E0,6.600224762E0
2.538456687E1,7.966433716E-1,6.653513947E0,7.143594818E0
2.539452187E1,7.788304138E-1,6.271358643E0,7.599995728E0
2.540447687E1,1.508862305E-1,6.812932434E0,7.189100189E0
2.541443187E1,1.484912109E-1,6.253545685E0,7.025340729E0
2.542438687E1,4.746629333E-1,5.958658905E0,7.412735138E0
2.543434187E1,8.898994446E-1,6.612648926E0,7.629484406E0
2.544429688E1,6.792874146E-1,6.464906158E0,7.921826477E0
2.545425187E1,7.427554321E-1,6.622827759E0,8.143964539E0
2.546420637E1,8.030799866E-1,6.500382385E0,7.172784119E0
2.547416237E1,6.426136780E-1,5.494324493E0,7.127578125E0
2.548411737E1,8.399034119E-1,5.682483215E0,7.295379181E0
2.549407237E1,5.596861267E-1,6.262227631E0,7.428751831E0
2.550402738E1,9.713301086E-1,6.319857788E0,8.116421814E0
2.551398237E1,1.353635101E0,7.242539063E0,7.986941071E0
2.552393737E1,9.180409241E-1,6.914122009E0,7.766299896E0
2.553389237E1,9.990225220E-1,6.289470978E0,7.732919312E0
2.554384737E1,1.024020538E0,6.672374725E0,7.195836182E0
2.555380237E1,1.231788483E0,6.410569153E0,7.029831390E0
2.556375737E1,1.196761322E0,5.968837738E0,7.291038208E0
2.557371238E1,8.619076538E-1,6.423741760E0,7.086264038E0
2.558366737E1,8.321195984E-1,6.727011108E0,6.892417145E0
2.559362237E1,7.238946533E-1,6.545887756E0,7.698341217E0
2.560357737E1,6.080355835E-1,7.017257538E0,7.456294556E0
2.561353237E1,3.658392334E-1,6.793173523E0,7.438930664E0
2.562348737E1,5.412744141E-1,7.004234619E0,6.916067963E0
2.563344237E1,4.282594299E-1,6.755002899E0,6.607709198E0
2.564339738E1,5.469625854E-1,6.041586456E0,7.032076721E0
2.565335237E1,5.538482666E-3,6.366111603E0,7.219786377E0
2.566330737E1,-4.221221924E-1,5.971083069E0,7.590116272E0
2.567326237E1,-3.029699707E-1,6.491251373E0,7.443571014E0
2.568321737E1,-3.085084534E-1,6.978937225E0,7.253915405E0
2.569317237E1,-1.347198486E-1,6.305637360E0,7.520361328E0
2.570312737E1,-1.507365417E-1,6.360423431E0,7.805518341E0
2.571308238E1,-5.942642212E-2,6.669231262E0,7.229366455E0
2.572303737E1,3.189866638E-1,6.343508606E0,6.960076447E0
2.573299237E1,-1.859133911E-1,6.462062073E0,7.199877777E0
2.574294737E1,3.397933960E-2,6.459517365E0,7.321874084E0
2.575290237E1,-3.002755737E-1,6.493197327E0,7.406747589E0
2.576285737E1,-6.950047302E-1,6.813381500E0,6.893914032E0
2.577281237E1,-1.053808594E-1,6.615043945E0,6.786587219E0
2.578276737E1,-4.144880676E-1,6.659800873E0,6.937623138E0
2.579272237E1,-4.357438660E-1,6.817572784E0,7.328759766E0
2.580267737E1,-3.180885315E-1,6.596183167E0,7.568860474E0
2.581263237E1,-4.046086121E-1,6.582411804E0,7.202572174E0
2.582258737E1,-2.203417969E-1,6.851851501E0,6.992409210E0
2.583254237E1,-4.233197021E-1,6.150110779E0,7.460485840E0
2.584249737E1,-3.028202820E-1,6.130351868E0,7.284900970E0
2.585245237E1,-3.770658875E-1,6.312972107E0,7.036567383E0
2.586240737E1,-3.345542908E-1,6.102060699E0,6.798412628E0
2.587236237E1,1.634600830E-1,6.490652618E0,7.343878326E0
2.588231837E1,-3.797602844E-1,6.977739716E0,7.204667816E0
2.589227337E1,-5.721102905E-1,6.428082733E0,7.640860748E0
2.590222837E1,-3.453318787E-1,7.196434937E0,7.366032257E0
2.591218337E1,-2.758763123E-1,7.146887970E0,7.491770782E0
2.592213837E1,1.019380188E-1,6.541995850E0,7.970475311E0
2.593209337E1,3.168910217E-1,6.962172089E0,7.687863007E0
2.594204838E1,2.649490356E-2,7.007527771E0,7.386090546E0
2.595200337E1,1.517843628E-1,7.188202057E0,6.621929626E0
2.596195837E1,7.297325134E-1,6.960525513E0,6.887028351E0
2.597191337E1,3.204835510E-1,6.764133911E0,6.854545898E0
2.598186837E1,-7.259902954E-2,7.041507111E0,7.181915131E0
2.599182337E1,-1.511856079E-2,6.685247955E0,7.674989777E0
2.600177837E1,-6.565347290E-1,6.076763306E0,7.694598999E0
2.601173338E1,-4.799020386E-1,6.374793549E0,7.360194397E0
2.602168837E1,-5.927673340E-2,6.451733551E0,7.065906372E0
2.603164337E1,-3.972738647E-1,6.064339142E0,7.096442871E0
2.604159837E1,-2.395019531E-1,6.244863739E0,6.810238037E0
2.605155337E1,2.207908630E-1,6.425088959E0,6.931635590E0
2.606150837E1,-8.981323242E-3,6.202651520E0,7.665260010E0
2.607146337E1,1.411564636E-1,6.208489380E0,8.240813141E0
2.608141838E1,3.896397400E-1,5.885311432E0,8.239765320E0
2.609137337E1,4.676275635E-1,6.331084442E0,7.822133789E0
2.610132837E1,3.516188049E-1,6.619833984E0,7.872129822E0
2.611128337E1,7.259902954E-2,6.130501556E0,7.939040680E0
2.612123837E1,2.339634705E-1,5.935157776E0,7.907905426E0
2.613119337E1,4.423301697E-1,6.110443268E0,7.310946808E0
2.614114837E1,6.481521606E-1,5.756878510E0,6.832541656E0
2.615110338E1,6.465055847E-1,5.951024780E0,6.612349548E0
2.616105837E1,6.893165588E-1,5.925727386E0,7.510032806E0
2.617101337E1,9.380992126E-1,6.279741211E0,8.320597229E0
2.618096837E1,9.830058289E-1,7.006629639E0,8.276139679E0
2.619092337E1,9.032217407E-1,6.813680878E0,7.927664337E0
2.620087837E1,1.110690308E0,6.168522491E0,7.821385345E0
2.621083337E1,1.315314789E0,6.302344208E0,7.861052856E0
2.622078838E1,1.332229614E0,6.855593719E0,6.942862244E0
2.623074337E1,1.263672180E0,7.076983337E0,6.583759003E0
2.624069837E1,6.679110718E-1,7.178172913E0,6.646628265E0
2.625065337E1,5.322930908E-1,6.944658508E0,6.513854370E0
2.626060837E1,8.598120117E-1,7.385192413E0,6.290518799E0
2.627056337E1,2.945874023E-1,7.010970612E0,7.019203491E0
2.628051837E1,2.740800476E-1,6.697522430E0,7.436685333E0
2.629047338E1,5.442681885E-1,6.733148346E0,7.310946808E0
2.630042837E1,3.562591553E-1,7.001540222E0,7.009473724E0
2.631038337E1,6.171665955E-1,7.031777344E0,6.953340454E0
2.632033937E1,2.588117981E-1,7.144942017E0,7.108717346E0
2.633029437E1,1.058299255E-1,6.959477692E0,7.214696960E0
2.634024937E1,2.531236267E-1,6.456523590E0,7.169490967E0
2.635020437E1,3.704795837E-1,6.628515930E0,6.774013367E0
2.636015937E1,2.266287231E-1,6.640790405E0,6.476132812E0
2.637011437E1,3.517684937E-1,6.388864288E0,7.417824554E0
2.638006938E1,4.436773682E-1,7.072792053E0,7.830965424E0
2.639002437E1,-7.035369873E-3,6.729555817E0,8.288414154E0
2.639997937E1,-5.263055420E-1,6.641987915E0,7.608378296E0
2.640993437E1,-8.816665649E-1,6.279441833E0,7.004084930E0
2.641988937E1,-6.921606445E-1,5.998476105E0,6.876101074E0
2.642984437E1,-3.203338623E-1,6.546187134E0,6.827302551E0
2.643979937E1,5.324427795E-1,6.834038544E0,6.612499237E0
2.644975438E1,2.601589966E-1,6.225104828E0,6.814129944E0
2.645970937E1,-2.868035889E-1,6.866670685E0,6.732399902E0
2.646966462E1,-7.147636414E-1,6.624773712E0,7.226522369E0
2.647961963E1,-6.294410706E-1,6.289470978E0,7.541617126E0
2.648957462E1,-4.388873291E-1,6.495442657E0,7.727979584E0
2.649952962E1,1.935475159E-1,6.256240082E0,7.676187286E0
2.650948462E1,-9.056167603E-2,6.759942627E0,7.433242493E0
2.651943962E1,-3.564088440E-1,6.529721375E0,7.556436310E0
2.652939462E1,-1.351689148E-1,5.900130615E0,7.729775848E0
2.653934962E1,4.306544495E-1,6.088588715E0,7.948770447E0
2.654930463E1,6.417155457E-1,5.967191162E0,7.765102386E0
2.655925962E1,5.252577209E-1,5.660628662E0,7.643106079E0
2.656921462E1,8.976832581E-1,6.280938721E0,7.219037933E0
2.657916962E1,4.456233215E-1,6.257736969E0,7.469766541E0
2.658912462E1,2.363584900E-1,6.119873657E0,7.464826813E0
2.659907962E1,3.698808289E-1,6.804849243E0,7.386838989E0
2.660903462E1,-7.753875732E-2,6.729555817E0,7.326813812E0
2.661898963E1,-5.538482666E-3,6.595434723E0,7.251969452E0
2.662894462E1,3.472778320E-2,6.797215118E0,7.721542969E0
2.663889962E1,-3.318598938E-1,6.453529816E0,7.930508423E0
2.664885462E1,-1.645079041E-1,6.576124878E0,7.717351685E0
2.665880962E1,6.186634827E-1,7.024741974E0,6.991660767E0
2.666876462E1,3.276686096E-1,6.907984772E0,6.615642700E0
2.667871962E1,2.360591125E-1,6.821614380E0,6.635850677E0
2.668867463E1,4.538562012E-1,6.611002350E0,6.728657684E0
2.669862962E1,-4.760101318E-2,6.231391754E0,7.045249329E0
2.670858462E1,5.132826233E-1,6.718329163E0,7.258555756E0
2.671853962E1,5.179229736E-1,6.514153748E0,8.136330414E0
2.672849462E1,6.900650024E-2,5.854924622E0,8.129594421E0
2.673844962E1,-1.203497314E-1,6.682703247E0,7.369774475E0
2.674840462E1,1.960922241E-2,6.387068024E0,7.016209717E0
2.675835963E1,-3.906875610E-2,6.135141907E0,6.833888855E0
2.676831462E1,-7.993377686E-2,7.100185089E0,6.522835693E0
2.677826962E1,-7.005432129E-2,6.381080475E0,7.131320343E0
2.678822562E1,-2.484832764E-1,6.395001526E0,7.571554871E0
2.679818062E1,1.835183716E-1,6.954987030E0,7.564669189E0
2.680813562E1,-3.727249146E-2,6.589297485E0,7.216942291E0
2.681809062E1,-2.014810181E-1,6.825655975E0,6.962920532E0
2.682804562E1,5.150788879E-1,6.999743958E0,7.370971985E0
2.683800062E1,5.411247253E-1,6.626120911E0,7.877518616E0
2.684795563E1,7.918533325E-2,6.869963837E0,7.789202271E0
2.685791062E1,1.583706665E-1,6.664890289E0,7.360942841E0
2.686786562E1,6.735992432E-3,6.802903290E0,5.953419800E0
2.687782062E1,3.547622681E-1,7.003635864E0,5.112917633E0
2.688777562E1,5.923182678E-1,6.790030060E0,6.526577911E0
2.689773062E1,3.257226562E-1,6.760691071E0,7.732769623E0
2.690768562E1,6.706054688E-1,6.983278198E0,8.358767853E0
2.691764063E1,3.689826965E-1,6.950795746E0,7.994724884E0
2.692759562E1,5.968089294E-1,5.907165985E0,7.938741302E0
2.693755062E1,9.892927551E-1,6.471193085E0,7.579488373E0
2.694750562E1,5.321434021E-1,6.756050720E0,7.161407776E0
2.695746062E1,6.155200195E-1,7.002588043E0,6.955885162E0
2.696741562E1,4.623884583E-1,7.189399567E0,6.626719666E0
2.697737062E1,2.673440552E-1,6.118676147E0,6.822063446E0
2.698732563E1,6.258485413E-1,6.168971558E0,7.274722137E0
2.699728062E1,2.309696960E-1,6.567592621E0,7.650141449E0
2.700723562E1,3.098556519E-1,5.752537537E0,8.143814850E0
2.701719062E1,2.272274780E-1,6.267167358E0,7.566914520E0
2.702714562E1,1.359173584E-1,6.707401886E0,7.264094238E0
2.703710062E1,3.532653809E-2,6.496789856E0,7.267387390E0
2.704705562E1,-1.969903564E-1,6.357579346E0,8.051307220E0
2.705701063E1,-1.956431580E-1,6.014043732E0,7.843688965E0
2.706696562E1,-1.511856079E-1,6.179599457E0,7.736811218E0
2.707692062E1,-2.859054565E-2,6.808591461E0,6.762187958E0
2.708687562E1,-4.161346436E-2,6.281537476E0,6.624624023E0
2.709683062E1,-4.583468628E-1,6.206543427E0,7.169041901E0
2.710678562E1,-2.956352234E-1,6.706653442E0,7.311695251E0
2.711674062E1,-3.314108276E-1,6.513405304E0,7.710016937E0
2.712669563E1,-5.153782654E-1,7.013964386E0,7.401957550E0
2.713665062E1,-3.571572876E-1,6.635401611E0,7.754773865E0
2.714660562E1,-1.731898499E-1,5.966592407E0,7.911198578E0
2.715656062E1,-3.617976379E-1,6.820416870E0,7.168293457E0
2.716651562E1,-3.607498169E-2,6.807244263E0,6.848109283E0
2.717647062E1,-1.170565796E-1,6.060596924E0,7.361691284E0
2.718642562E1,-1.260379028E-1,6.491550751E0,7.527396698E0
2.719638063E1,-8.547225952E-2,6.395600281E0,7.435936890E0
2.720633562E1,1.088237000E-1,6.261329498E0,7.783663788E0
2.721629062E1,-1.736389160E-2,6.867568817E0,7.244784393E0
2.722624562E1,-1.164578247E-1,6.641389160E0,6.924600220E0
2.723620062E1,2.055226135E-1,6.807094574E0,6.827601929E0
2.724615562E1,5.089416504E-2,6.688990173E0,6.728058929E0
2.725611062E1,3.457809448E-2,5.883365479E0,7.247179413E0
2.726606563E1,2.604583740E-2,6.067781982E0,7.381599884E0
2.727602062E1,-1.755848694E-1,6.227499847E0,7.689509583E0
2.728597562E1,3.005749512E-1,6.136339417E0,7.671996002E0
2.729593062E1,3.091072083E-1,6.866970062E0,7.370822296E0
2.730588662E1,6.586303711E-2,6.816974030E0,7.381599884E0
2.731584162E1,2.588117981E-1,6.884633331E0,6.928791504E0
2.732579662E1,7.232958984E-1,7.020999756E0,7.490872650E0
2.733575162E1,3.543132019E-1,6.805597687E0,7.116351471E0
2.734570662E1,-5.763015747E-2,6.907386017E0,7.192692719E0
2.735566163E1,-0.000000000E0,7.286547546E0,6.679260406E0
2.736561662E1,4.849914551E-2,6.669380951E0,6.828050995E0
2.737557162E1,2.151026917E-1,6.922953644E0,6.753955078E0
2.738552662E1,4.691244507E-1,7.125332794E0,6.868317261E0
2.739548162E1,2.050735474E-1,6.995852051E0,7.651937714E0
2.740543662E1,-1.496887207E-2,6.872807922E0,7.484735413E0
2.741539162E1,2.246827698E-1,6.695277100E0,7.589966583E0
2.742534663E1,-4.279600525E-1,7.035519562E0,6.747219086E0
2.743530162E1,-8.379574585E-1,6.599476318E0,7.004683685E0
2.744525662E1,-3.100053406E-1,6.694378967E0,6.623127136E0
2.745521162E1,-6.888674927E-1,6.134842529E0,7.011269989E0
2.746516662E1,-7.155120850E-1,6.572981415E0,7.388485565E0
2.747512162E1,-6.457571411E-1,6.480773163E0,7.883206787E0
2.748507662E1,-7.265890503E-1,6.409371643E0,8.024213562E0
2.749503163E1,-5.700146484E-1,7.302564240E0,7.049141235E0
2.750498662E1,5.044509888E-2,6.484964447E0,7.114255829E0
2.751494162E1,6.152206421E-2,6.143225098E0,7.020700378E0
2.752489662E1,-1.523831177E-1,6.297404480E0,7.209607544E0
2.753485162E1,1.676513672E-2,6.063590698E0,7.452851715E0
2.754480662E1,-6.885681152E-2,6.512956238E0,7.525899811E0
2.755476162E1,2.797682190E-1,6.628216553E0,7.905360718E0
2.756471663E1,1.001417542E-1,6.115233307E0,8.105644226E0
2.757467162E1,-2.080673218E-1,6.709946594E0,7.839347992E0
2.758462662E1,-4.523593140E-1,6.548133087E0,7.239096222E0
2.759458162E1,-1.297801208E-1,6.286177826E0,6.788533173E0
2.760453662E1,1.489402771E-1,6.715784454E0,6.599476318E0
2.761449162E1,2.540217590E-1,6.346053314E0,7.050039368E0
2.762444662E1,4.367916870E-1,6.364015961E0,7.822882233E0
2.763440163E1,6.427633667E-1,6.940467224E0,7.885003052E0
2.764435662E1,6.424639893E-1,6.202052765E0,7.882608032E0
2.765431162E1,1.052162018E0,6.049370270E0,7.717651062E0
2.766426662E1,9.476792908E-1,6.741830292E0,7.215744781E0
2.767422162E1,7.722441101E-1,6.728507996E0,6.913223877E0
2.768417662E1,1.156045990E0,6.757248230E0,7.104975128E0
2.769413162E1,6.149212646E-1,6.784790955E0,7.487429810E0
2.770408663E1,3.278182983E-1,6.649172974E0,7.502248993E0
2.771404162E1,3.101550293E-1,7.096143494E0,7.154073029E0
2.772399662E1,1.884580994E-1,6.610403595E0,7.260950775E0
2.773395162E1,4.813989258E-1,5.960006104E0,7.752229156E0
2.774390662E1,5.565426636E-1,6.512656860E0,7.435188446E0
2.775386162E1,6.631210327E-2,6.379583588E0,7.425009613E0
2.776381662E1,1.745370483E-1,6.519841919E0,7.291337585E0
2.777377163E1,5.340893555E-1,6.912475433E0,7.202572174E0
2.778372662E1,1.857637024E-1,6.383325806E0,7.128176880E0
2.779368162E1,3.552113342E-1,6.562652893E0,7.167994080E0
2.780363662E1,6.583309937E-1,6.913672943E0,6.740183716E0
2.781359162E1,8.418493652E-1,5.895939331E0,7.044949951E0
2.782354662E1,6.593788147E-1,6.428082733E0,7.133565674E0
2.783350162E1,2.719844055E-1,6.646478577E0,7.168293457E0
2.784345663E1,1.158590698E-1,6.229894867E0,7.810308380E0
2.785341262E1,3.715274048E-1,6.969955902E0,7.407196655E0
2.786336763E1,6.881190491E-1,6.773414612E0,7.708370361E0
2.787332262E1,6.348298645E-1,6.395151215E0,7.972570953E0
2.788327762E1,3.617976379E-1,6.954537964E0,7.326963501E0
2.789323262E1,9.542655945E-1,6.822811890E0,6.878496094E0
2.790318762E1,4.107458496E-1,6.695726166E0,6.765930176E0
2.791314262E1,5.595364380E-1,6.952891388E0,6.871161346E0
2.792309762E1,4.861889648E-1,6.740333405E0,6.943011932E0
2.793305263E1,-1.477427673E-1,6.860533447E0,6.825955353E0
2.794300762E1,3.206332397E-1,7.003486176E0,6.479276276E0
2.795296262E1,1.835183716E-1,6.842271423E0,6.205495605E0
2.796291762E1,1.616638184E-1,6.270909576E0,7.133116608E0
2.797287262E1,-1.266366577E-1,6.413263550E0,7.333849182E0
2.798282762E1,-2.095642090E-2,6.266119537E0,7.425608368E0
2.799278262E1,5.420228577E-1,6.784042511E0,7.368127899E0
2.800273763E1,-1.583706665E-1,6.160888367E0,7.804171143E0
2.801269262E1,2.119592285E-1,5.914800110E0,7.519313507E0
2.802264762E1,2.192939758E-1,6.701863403E0,7.225923615E0
2.803260262E1,-2.724334717E-2,6.152805176E0,7.537126465E0
2.804255762E1,5.670208740E-1,6.375541992E0,7.649542694E0
2.805251262E1,1.670526123E-1,6.567742310E0,7.826624451E0
2.806246762E1,-2.941383362E-1,6.358028412E0,7.666158142E0
2.807242263E1,-1.414558411E-1,6.921756134E0,7.111711121E0
2.808237762E1,-1.044827271E-1,6.643335114E0,7.049290924E0
2.809233262E1,2.585124207E-1,6.521488495E0,6.921007690E0
2.810228762E1,2.868035889E-1,6.728507996E0,7.054679718E0
2.811224262E1,-7.050338745E-2,6.728208618E0,7.066355438E0
2.812219762E1,-2.302212524E-1,6.485862579E0,7.251221008E0
2.813215262E1,1.194515991E-1,6.456822968E0,7.565417633E0
2.814210763E1,-1.176553345E-1,6.407126312E0,7.836803284E0
2.815206262E1,-4.146377563E-1,6.887926483E0,7.748037872E0
2.816201762E1,-1.748364258E-1,6.597380676E0,7.536827087E0
2.817197262E1,-3.936813354E-1,6.075865173E0,7.304959259E0
2.818192762E1,-4.800517273E-1,6.380032654E0,6.791826324E0
2.819188262E1,-3.445834351E-1,6.251450043E0,7.095544739E0
2.820183762E1,-4.475692749E-1,6.187832336E0,7.247927856E0
2.821179263E1,-2.950364685E-1,6.575526123E0,7.095544739E0
2.822174762E1,1.071771240E-1,6.654861145E0,7.509883118E0
2.823170262E1,-3.077600098E-1,6.452481995E0,7.634424133E0
2.824165762E1,-1.905537415E-1,6.930737457E0,7.493866425E0
2.825161262E1,1.797761536E-1,6.536906433E0,7.422015839E0
2.826156762E1,-3.529660034E-1,6.694229279E0,7.001390533E0
2.827152262E1,-3.906875610E-1,6.799909515E0,6.940467224E0
2.828147763E1,-8.869056702E-1,6.174959106E0,7.101831665E0
2.829143262E1,-6.908134460E-1,6.042484589E0,7.883057098E0
2.830138762E1,-5.501060486E-1,6.358178101E0,7.751929779E0
2.831134262E1,-7.387138367E-1,6.137836304E0,7.147486725E0
2.832129762E1,-7.135661316E-1,6.297853546E0,6.483168182E0
2.833125262E1,-8.743318176E-1,6.536607056E0,6.871909790E0
2.834120762E1,-4.162843323E-1,6.559359741E0,7.807015228E0
2.835116263E1,-4.161346436E-2,7.019203491E0,7.827821960E0
2.836111762E1,-2.433938599E-1,6.729705505E0,8.205336914E0
2.837107262E1,-1.667532349E-1,6.239175568E0,7.522157593E0
2.838102762E1,4.475692749E-2,6.521638184E0,7.146139526E0
2.839098262E1,4.724176025E-1,6.781198425E0,6.934329987E0
2.840093762E1,1.302291870E-1,7.250472565E0,6.590045929E0
2.841089262E1,-1.257385254E-1,7.621101837E0,6.697223053E0
2.842084763E1,-1.146615601E-1,7.037764893E0,6.844965820E0
2.843080262E1,2.993774414E-2,7.077432404E0,7.129973145E0
2.844075762E1,3.088078308E-1,6.991211700E0,7.156018982E0
2.845071262E1,-2.841091919E-1,6.161487122E0,7.617209930E0
2.846066762E1,1.460961914E-1,6.335275726E0,7.479047241E0
2.847062262E1,-5.298980713E-2,6.847061462E0,7.152127075E0
2.848057862E1,-4.355941772E-2,7.070995789E0,7.155719604E0
2.849053362E1,-1.082249451E-1,6.796167297E0,7.423812103E0
2.850048862E1,-2.878514099E-1,6.794520721E0,7.143145752E0
2.851044363E1,1.643582153E-1,6.443051605E0,7.057224426E0
2.852039862E1,1.624122620E-1,6.779551849E0,6.829398193E0
2.853035362E1,-7.993377686E-2,6.882388000E0,6.360124054E0
2.854030862E1,-3.802093506E-1,6.567742310E0,6.512656860E0
2.855026362E1,-6.779402161E-1,6.440806274E0,7.399712219E0
2.856021862E1,-5.388793945E-2,6.378236389E0,7.471562805E0
2.857017362E1,6.107299805E-2,6.369704132E0,7.479945374E0
2.858012863E1,1.302291870E-2,6.052663422E0,7.907456360E0
2.859008362E1,-1.703457642E-1,6.261329498E0,8.005502472E0
2.860003862E1,-1.737886047E-1,6.878346405E0,7.818541260E0
2.860999362E1,-1.586700439E-2,6.544241180E0,7.598349152E0
2.861994862E1,-3.113525391E-2,6.151907043E0,7.278164978E0
2.862990362E1,3.233276367E-2,6.146967316E0,7.206015015E0
2.863985862E1,-2.823129272E-1,6.103407898E0,7.478448486E0
2.864981363E1,-3.367996216E-2,6.418502655E0,7.406597900E0
2.865976862E1,-7.933502197E-3,6.418502655E0,7.804470520E0
2.866972362E1,-3.312611389E-1,6.246510315E0,7.552993469E0
2.867967862E1,-1.829196167E-1,6.521338806E0,7.360793152E0
2.868963362E1,1.636097717E-1,6.451284485E0,7.634424133E0
2.869958862E1,1.790277100E-1,6.163133698E0,7.870333557E0
2.870954362E1,1.850152588E-1,6.930288391E0,7.307653656E0
2.871949863E1,2.145039368E-1,6.719227295E0,7.213649139E0
2.872945362E1,1.847158813E-1,6.636748810E0,6.621181183E0
2.873940862E1,7.027885437E-1,6.655160522E0,6.679559784E0
2.874936362E1,4.321513367E-1,6.524631958E0,7.089856567E0
2.875931862E1,3.035687256E-1,6.516099701E0,7.357500000E0
2.876927362E1,3.198847961E-1,6.676416321E0,7.828420715E0
2.877922862E1,3.132984924E-1,6.614744568E0,7.549850006E0
2.878918363E1,4.061054993E-1,6.872658234E0,7.362888794E0
2.879913862E1,4.773573303E-1,6.901548157E0,7.321724396E0
2.880909362E1,5.089416504E-1,6.436614990E0,7.475005646E0
2.881904862E1,8.979826355E-1,6.713389435E0,7.050338745E0
2.882900362E1,1.019978943E0,6.483617249E0,7.546257477E0
2.883895862E1,1.219813385E0,6.330335999E0,7.195985870E0
2.884891362E1,1.220112762E0,6.522236938E0,6.511010284E0
2.885886863E1,1.171014862E0,6.053411865E0,7.237299957E0
2.886882362E1,8.578660583E-1,6.544839935E0,6.726711731E0
2.887877862E1,1.002315674E0,6.571484528E0,6.935228119E0
2.888873362E1,6.647676086E-1,5.647456055E0,7.259304199E0
2.889868862E1,3.035687256E-1,5.800737305E0,8.426127777E0
2.890864362E1,6.334826660E-1,6.737040253E0,8.123457184E0
2.891859862E1,3.176394653E-1,6.587950287E0,7.730673981E0
2.892855363E1,3.662882996E-1,6.791377258E0,7.324867859E0
2.893850862E1,6.420149231E-1,6.749464417E0,6.569239197E0
2.894846362E1,4.773573303E-1,6.435417480E0,7.013215942E0
2.895841862E1,1.163530426E0,6.829547882E0,6.511309662E0
2.896837362E1,9.922865295E-1,6.546636200E0,7.090455322E0
2.897832862E1,2.891986084E-1,7.179220734E0,6.929390259E0
2.898828362E1,5.727090454E-1,7.114555206E0,7.473209381E0
2.899823863E1,6.183641052E-1,6.931635590E0,7.543413391E0
2.900819362E1,-1.622625732E-1,6.314618683E0,8.003855896E0
2.901814862E1,2.606080627E-1,6.442153473E0,7.727231140E0
2.902810362E1,-2.420466614E-1,6.978039093E0,5.987249451E0
2.903805862E1,9.415420532E-2,6.809489594E0,5.393134918E0
2.904801362E1,2.136058044E-1,6.884633331E0,6.191275177E0
2.905796862E1,-1.495390320E-1,6.114035797E0,7.640411682E0
2.906792362E1,4.400848389E-2,6.009104004E0,8.999435577E0
2.907787862E1,-7.589218140E-2,6.321354675E0,8.340505829E0
2.908783362E1,3.668870544E-1,6.256389771E0,7.862100677E0
2.909778862E1,5.430706787E-1,6.507567444E0,7.775430908E0
2.910774362E1,2.546205139E-1,6.730004883E0,7.040159912E0
2.911769862E1,2.809657288E-1,6.886279907E0,6.982080688E0
2.912765362E1,-3.350033569E-1,6.618187408E0,7.727680206E0
2.913760862E1,-2.170486450E-2,6.729256439E0,7.091503143E0
2.914756362E1,-4.206253052E-2,6.657405853E0,6.575226746E0
2.915751862E1,-4.808001709E-1,6.098917236E0,6.516848145E0
2.916747362E1,-1.531315613E-1,5.879623260E0,6.738836517E0
2.917742862E1,-2.951861572E-1,6.236481171E0,7.507488098E0
2.918738362E1,-4.206253052E-1,6.498286743E0,8.505911865E0
2.919733962E1,-1.573228455E-1,6.548881531E0,9.456734619E0
2.920729462E1,-8.577163696E-2,7.026238861E0,8.997938690E0
2.921724962E1,-3.291654968E-1,7.400760040E0,7.141349487E0
2.922720463E1,1.377136230E-2,6.217021637E0,7.245682526E0
2.923715962E1,1.880090332E-1,5.916296997E0,6.747668152E0
2.924711462E1,-1.799258423E-1,6.747668152E0,5.835016022E0
2.925706962E1,3.379971313E-1,6.327192535E0,6.594686279E0
2.926702462E1,1.905537415E-1,5.248685303E0,8.017627258E0
2.927697962E1,6.990463257E-2,6.560557251E0,7.396868134E0
2.928693462E1,-6.137237549E-3,6.983128510E0,7.646698608E0
2.929688963E1,2.308200073E-1,6.033054199E0,8.561596069E0
2.930684462E1,2.721340942E-1,6.537056122E0,7.741451569E0
2.931679962E1,5.213658142E-1,6.571035461E0,7.310198364E0
2.932675462E1,3.212319946E-1,5.767805786E0,7.461383972E0
2.933670962E1,-1.169068909E-1,6.336922302E0,7.123237152E0
2.934666462E1,8.592132568E-2,6.356381836E0,7.330256653E0
2.935661962E1,-2.176473999E-1,6.425538025E0,7.203470306E0
2.936657463E1,-2.885998535E-1,6.897057495E0,7.658224640E0
2.937652962E1,-5.035528564E-1,7.264692993E0,7.067103882E0
2.938648462E1,-2.966830444E-1,6.699468384E0,7.627089386E0
2.939643962E1,-3.113525391E-2,6.675218811E0,7.630083160E0
2.940639462E1,-5.519023132E-1,6.545738068E0,7.736960907E0
2.941634962E1,-1.269360352E-1,6.950646057E0,6.951993256E0
2.942630462E1,-2.309696960E-1,6.647526398E0,6.775659943E0
2.943625963E1,-2.112107849E-1,6.630910950E0,6.672973480E0
2.944621462E1,1.248403931E-1,7.120692444E0,6.118825836E0
2.945616962E1,1.107696533E-1,6.866071930E0,6.755002899E0
2.946612462E1,-1.549278259E-1,6.390361176E0,7.319329376E0
2.947607962E1,-2.933898926E-2,6.731052704E0,7.502548370E0
2.948603462E1,2.466870117E-1,6.789281616E0,7.112309875E0
2.949598962E1,-4.813989258E-1,7.021598511E0,6.468199310E0
2.950594463E1,-1.097218323E-1,7.000492401E0,6.637197876E0
2.951589962E1,-3.649411011E-1,6.921905823E0,6.778653717E0
2.952585462E1,-7.685018921E-1,6.514902191E0,7.556136932E0
2.953580962E1,-7.214996338E-1,5.820496216E0,8.397387543E0
2.954576462E1,-8.357121277E-1,6.589896240E0,7.849676514E0
2.955571962E1,-5.754034424E-1,6.985673218E0,7.203769684E0
2.956567462E1,-5.197192383E-1,6.847510529E0,7.384443970E0
2.957562963E1,-9.467811584E-1,7.686815186E0,6.944658508E0
2.958558462E1,-1.039139099E0,7.500452728E0,6.869065704E0
2.959553962E1,-8.086184692E-1,5.857169952E0,7.924520874E0
2.960549462E1,-5.553451538E-1,5.960455170E0,7.598049774E0
2.961544962E1,-1.553768921E-1,6.221961365E0,6.969506836E0
2.962540462E1,-2.125579834E-1,5.789061584E0,7.286248169E0
2.963535962E1,-6.583309937E-1,7.075636139E0,6.964118042E0
2.964531462E1,1.936972046E-1,6.843169556E0,7.856262817E0
2.965526962E1,4.249662781E-1,6.254593506E0,8.351732483E0
2.966522462E1,3.513194275E-1,6.403683472E0,8.253686371E0
2.967517962E1,5.450166321E-1,6.500981140E0,7.380102997E0
2.968513462E1,3.643423462E-1,7.002887421E0,6.595285034E0
2.969508962E1,3.092568970E-1,7.410489807E0,6.640640717E0
2.970504462E1,6.382727051E-1,3.242557068E0,9.715097351E0
2.971499962E1,4.640350342E-1,5.627697144E0,8.278085632E0
2.972495462E1,2.050735474E-2,7.996670837E0,6.848708038E0
2.973490962E1,3.532653809E-2,7.270081787E0,5.939349060E0
2.974486462E1,5.056484985E-1,4.987328796E0,7.714357910E0
2.975481963E1,-2.679428101E-2,7.131020966E0,6.596332855E0
2.976477462E1,1.721420288E-2,6.808741150E0,8.968599701E0
2.977472962E1,-1.423539734E-1,7.417525177E0,8.836424561E0
2.978468462E1,-2.824626160E-1,5.949976959E0,8.314310303E0
2.979463962E1,-1.092727661E-2,6.003864899E0,7.165748749E0
2.980459462E1,-2.924917603E-1,6.528523865E0,7.015910339E0
2.981454962E1,-2.432441711E-1,6.769522705E0,6.173013153E0
2.982450463E1,3.140469360E-1,6.443949738E0,6.092480621E0
2.983445962E1,-2.668949890E-1,6.644233246E0,6.588698730E0
2.984441462E1,-2.716850281E-1,6.775659943E0,7.170239410E0
2.985436962E1,1.570234680E-1,6.492149506E0,7.848329315E0
2.986432462E1,-1.448986816E-1,5.559588776E0,8.158184967E0
2.987427962E1,-2.520758057E-1,5.960155792E0,7.863747253E0
2.988423462E1,2.402503967E-1,6.808441772E0,7.352260895E0
2.989418963E1,-1.017883301E-1,6.487509155E0,6.293961639E0
2.990414462E1,8.292755127E-2,6.275400238E0,6.730004883E0
2.991409962E1,-4.011657715E-2,6.592590637E0,7.731123047E0
2.992405462E1,2.621049500E-1,6.698121185E0,8.367749176E0
2.993400962E1,-2.375559998E-1,6.807843018E0,8.041427765E0
2.994396462E1,-2.439926147E-2,6.687493286E0,7.169041901E0
2.995391962E1,-1.901046753E-1,7.314539337E0,6.237379303E0
2.996387463E1,-3.721261597E-1,6.174809418E0,7.052434387E0
2.997382962E1,-3.267704773E-1,6.018235016E0,6.970105591E0
2.998378462E1,-2.679428101E-1,7.124584351E0,6.746919708E0
2.999373962E1,-1.733395386E-1,6.788233795E0,7.705376587E0
3.000369462E1,-9.160949707E-2,6.304140472E0,8.593779144E0
3.001364962E1,-3.658392334E-1,7.221283264E0,7.401807861E0
3.002360462E1,3.382965088E-2,6.819668427E0,7.034471741E0
3.003355963E1,1.360670471E-1,7.087910614E0,6.127807159E0
3.004351462E1,2.659968567E-1,6.766828308E0,6.343209229E0
3.005346962E1,-3.076103210E-1,6.419101410E0,6.771169281E0
3.006342462E1,-4.989125061E-1,6.604266357E0,7.017257538E0
3.007337962E1,-2.234852600E-1,6.740034027E0,6.995552673E0
3.008333462E1,-2.965333557E-1,6.732998657E0,6.715485077E0
3.009328962E1,1.860630798E-1,6.460265808E0,7.143594818E0
3.010324463E1,2.466870117E-1,6.338718567E0,7.493567047E0
3.011319962E1,-4.984634399E-2,6.331084442E0,7.698041840E0
3.012315462E1,7.379653931E-1,6.456673279E0,7.707023163E0
3.013310962E1,3.487747192E-1,6.670877838E0,7.721842346E0
3.014306462E1,2.691403198E-1,6.989565125E0,6.680906982E0
3.015301962E1,3.929328918E-1,6.842870178E0,6.646628265E0
3.016297462E1,2.077679443E-1,6.402186584E0,6.772067413E0
3.017292963E1,4.522096252E-1,6.467301178E0,6.965016174E0
3.018288562E1,5.578898621E-1,6.428531799E0,7.799231415E0
3.019284062E1,4.746629333E-1,5.611231384E0,8.795409851E0
3.020279562E1,2.371069336E-1,6.232439575E0,8.517437897E0
3.021274962E1,3.520678711E-1,6.768325195E0,8.261919250E0
3.022270562E1,4.575984192E-1,6.576124878E0,7.875422974E0
3.023266062E1,5.255570984E-1,6.124663696E0,8.147257690E0
3.024261562E1,8.707392883E-1,6.868317261E0,7.742050323E0
3.025257062E1,5.933660889E-1,6.568191376E0,8.077203369E0
3.026252562E1,8.177494812E-1,6.334527283E0,8.057893524E0
3.027248062E1,5.819897461E-1,6.655759277E0,7.603737946E0
3.028243562E1,3.367996216E-2,6.751709747E0,6.782994690E0
3.029239062E1,3.635939026E-1,6.621630249E0,6.600973206E0
3.030234562E1,3.240760803E-1,6.378535767E0,5.986351318E0
3.031230062E1,-1.779798889E-1,6.148913269E0,6.246210938E0
3.032225562E1,9.849517822E-2,6.066584473E0,7.265591125E0
3.033221063E1,2.963836670E-2,6.222709808E0,7.886050873E0
3.034216562E1,3.216810608E-1,6.392307129E0,8.171806641E0
3.035212062E1,5.272036743E-1,6.529721375E0,7.959548035E0
3.036207562E1,4.340972900E-1,6.590494995E0,7.612419891E0
3.037203062E1,5.679190063E-1,6.839876404E0,7.029981079E0
3.038198562E1,3.915856934E-1,6.999444580E0,6.796915741E0
3.039194062E1,2.317181396E-1,6.926246796E0,6.696175232E0
3.040189563E1,-2.969824219E-1,6.324198761E0,7.538922729E0
3.041185062E1,-1.963916016E-1,6.185886383E0,7.823181610E0
3.042180562E1,-1.398092651E-1,6.172414398E0,8.474477234E0
3.043176062E1,-3.847000122E-1,6.741979980E0,7.854616241E0
3.044171562E1,-4.911286926E-1,6.486760712E0,6.749913483E0
3.045167062E1,-2.679428101E-1,7.138206024E0,5.988147583E0
3.046162562E1,-3.218307495E-1,7.026687927E0,6.745273132E0
3.047158142E1,-2.296224976E-1,6.500083008E0,7.466772766E0
3.048153642E1,-3.073109436E-1,6.705156555E0,7.666158142E0
3.049149142E1,-4.089495850E-1,6.315067749E0,7.498806152E0
3.050144642E1,-2.612068176E-1,6.720424805E0,6.633305969E0
3.051140142E1,2.888992310E-2,7.278763733E0,6.537056122E0
3.052135642E1,-2.040257263E-1,7.065606995E0,6.646628265E0
3.053131142E1,-3.918850708E-1,7.004983063E0,7.075037384E0
3.054126642E1,-2.914439392E-1,6.712491302E0,7.355703735E0
3.055122142E1,-6.767427063E-1,6.515201569E0,7.272027740E0
3.056117642E1,-3.397933960E-1,7.104376373E0,7.058122559E0
3.057113142E1,-8.608598328E-1,6.530469818E0,7.215595093E0
3.058108642E1,-7.882608032E-1,6.152954865E0,7.507188721E0
3.059104142E1,-3.519181824E-1,6.937024384E0,6.805897064E0
3.060099642E1,-4.917274475E-1,6.784042511E0,6.940467224E0
3.061095142E1,-4.243675232E-1,6.703659668E0,7.380552063E0
3.062090642E1,-6.038442993E-1,6.976991272E0,7.971972198E0
3.063086142E1,-6.770420837E-1,6.911427612E0,7.771239624E0
3.064081642E1,-2.580633545E-1,6.860683136E0,7.589218140E0
3.065077142E1,2.311193848E-1,6.534810791E0,7.017107849E0
3.066072642E1,-3.288661194E-1,5.792354736E0,6.724017334E0
3.067068142E1,-8.170010376E-1,5.567671967E0,7.356003113E0
3.068063642E1,-1.202000427E-1,5.799988861E0,7.240593109E0
3.069059142E1,-3.772155762E-2,5.977220306E0,7.512727203E0
3.070054642E1,5.119354248E-2,5.914800110E0,7.671996002E0
3.071050142E1,1.338217163E-1,5.987399139E0,7.886649628E0
3.072045642E1,3.293151855E-2,6.974895630E0,7.329657898E0
3.073041142E1,-4.625381470E-2,6.378535767E0,7.786358185E0
3.074036642E1,2.671943665E-1,6.095624084E0,7.373367004E0
3.075032142E1,2.769241333E-1,6.162385254E0,7.334298248E0
3.076027642E1,3.881428528E-1,6.626869354E0,7.270979919E0
3.077023142E1,4.424798584E-1,6.497538300E0,7.372468872E0
3.078018642E1,7.405101013E-1,7.002288666E0,7.344028015E0
3.079014142E1,3.405418396E-1,7.080126801E0,7.750283203E0
3.080009642E1,5.228627014E-1,6.610253906E0,8.034691772E0
3.081005142E1,8.963360596E-1,7.000492401E0,7.470215607E0
3.082000642E1,1.018332367E0,6.324498138E0,7.356003113E0
3.082996142E1,7.987390137E-1,6.361770630E0,7.150779877E0
3.083991642E1,4.276606750E-1,6.725364532E0,6.954987030E0
3.084987142E1,2.848576355E-1,6.181246033E0,6.660100250E0
3.085982642E1,4.917274475E-1,6.018983459E0,6.825805664E0
3.086978142E1,2.865042114E-1,6.278394012E0,7.059020691E0
3.087973642E1,2.266287231E-1,6.172414398E0,7.313042450E0
3.088969142E1,2.291734314E-1,6.328988800E0,8.048313446E0
3.089964642E1,1.791773987E-1,6.293213196E0,8.030350800E0
3.090960142E1,2.710862732E-1,6.436016235E0,8.086633759E0
3.091955642E1,3.483256531E-1,6.874155121E0,7.990234222E0
3.092951142E1,1.148112488E-1,6.378386078E0,8.218359833E0
3.093946642E1,7.581733704E-1,6.607559509E0,7.695646820E0
3.094942142E1,7.358697510E-1,7.070846100E0,7.574698334E0
3.095937642E1,8.030799866E-1,6.725813599E0,7.141499176E0
3.096933142E1,7.924520874E-1,6.429280243E0,6.840325470E0
3.097928642E1,9.723779297E-1,6.827152863E0,6.808890839E0
3.098924142E1,5.385800171E-1,6.072572021E0,7.178322601E0
3.099919642E1,8.494834900E-1,6.339017944E0,7.285050659E0
3.100915142E1,8.990304565E-1,6.653963013E0,7.119944000E0
3.101910642E1,2.040257263E-1,6.452032928E0,7.382498016E0
3.102906142E1,1.140628052E-1,6.450835419E0,7.829169159E0
3.103901642E1,5.303471375E-1,7.100035400E0,6.816974030E0
3.104897142E1,1.365161133E-1,6.775809631E0,6.848558350E0
3.105892642E1,2.414479065E-1,6.407276001E0,7.468419342E0
3.106888142E1,7.111711121E-1,6.362668762E0,7.066355438E0
3.107883642E1,7.982899475E-1,6.137087860E0,7.469167786E0
3.108879142E1,8.396040344E-1,6.376140747E0,8.124954071E0
3.109874642E1,4.775070190E-1,7.086114349E0,7.450007629E0
3.110870142E1,4.810995483E-1,6.881789246E0,7.139553223E0
3.111865642E1,3.782633972E-1,6.806944885E0,6.871311035E0
3.112861142E1,4.417314148E-1,6.557862854E0,6.820716248E0
3.113856642E1,7.843688965E-1,6.069428558E0,7.157964935E0
3.114852142E1,5.698649597E-1,6.738387451E0,6.274352417E0
3.115847642E1,6.637197876E-1,6.803352356E0,5.816604309E0
3.116843142E1,7.888595581E-1,7.297474823E0,6.138135681E0
3.117838642E1,7.722441101E-1,6.954987030E0,7.018155670E0
3.118834142E1,8.352630615E-1,6.080206146E0,8.224946136E0
3.119829642E1,7.650590515E-1,5.890550537E0,9.015452271E0
3.120825142E1,6.194119263E-1,6.150410156E0,8.369844818E0
3.121820642E1,1.131796417E0,6.626569977E0,8.390950928E0
3.122816142E1,9.198371887E-1,7.140301666E0,8.009095001E0
3.123811642E1,8.202941895E-1,7.082521820E0,7.204967194E0
3.124807142E1,6.761439514E-1,6.808591461E0,6.564598846E0
3.125802642E1,5.941145325E-1,6.162834320E0,6.384074249E0
3.126798142E1,8.433462524E-1,5.840404816E0,6.754853210E0
3.127793642E1,7.164102173E-1,6.171216888E0,7.396269379E0
3.128789142E1,6.014492798E-1,5.875132599E0,8.035440216E0
3.129784642E1,4.721182251E-1,5.892346802E0,8.129295044E0
3.130780142E1,2.996768188E-1,6.776857452E0,7.427554321E0
3.131775642E1,4.586462402E-1,6.439908142E0,7.413932648E0
3.132771142E1,3.423381042E-1,6.108796692E0,7.555238800E0
3.133766642E1,4.318519592E-1,6.186485138E0,7.687713318E0
3.134762142E1,4.800517273E-1,5.889053650E0,7.227719879E0
3.135757642E1,4.888833618E-1,6.018534393E0,7.386838989E0
3.136753142E1,5.528004456E-1,6.284381561E0,7.130571899E0
3.137748642E1,2.405497742E-1,6.213878174E0,7.453001404E0
3.138744142E1,4.173321533E-1,6.412365417E0,7.743098145E0
3.139739642E1,1.919009399E-1,6.569987640E0,7.608527985E0
3.140735142E1,1.651066589E-1,6.299350433E0,7.563771057E0
3.141730642E1,2.005828857E-2,6.727011108E0,7.744744720E0
3.142726142E1,-1.748364258E-1,6.662345581E0,7.615413666E0
3.143721642E1,9.954299927E-2,6.749314728E0,7.049739990E0
3.144717142E1,-2.213896179E-1,6.680906982E0,6.962471466E0
3.145712642E1,-4.191284180E-1,6.220614166E0,6.687044220E0
3.146708050E1,-5.399272156E-1,6.788832550E0,6.346203003E0
3.147703550E1,-3.844006348E-1,6.934479675E0,6.963369598E0
3.148699050E1,-3.692820740E-1,6.491101685E0,7.551496582E0
3.149694550E1,-4.474195862E-1,6.815776520E0,7.999365234E0
3.150690050E1,-3.824546814E-1,7.210056610E0,7.544161835E0
3.151685550E1,-6.795867920E-2,6.375541992E0,7.424859924E0
3.152681050E1,5.852828979E-2,6.471043396E0,6.504124603E0
3.153676550E1,-1.309776306E-1,6.382277985E0,6.466403046E0
3.154672050E1,-1.984872437E-1,6.315965881E0,6.234535217E0
3.155667550E1,2.110610962E-2,6.464457092E0,7.244784393E0
3.156663050E1,9.131011963E-2,6.352789307E0,8.005951538E0
3.157658550E1,1.663041687E-1,6.580316162E0,7.704328766E0
3.158654050E1,3.433859253E-1,7.001540222E0,7.347171478E0
3.159649550E1,2.932402039E-1,6.926396484E0,6.307583313E0
3.160645050E1,1.338217163E-1,6.525979156E0,6.552474060E0
3.161640550E1,1.685494995E-1,7.254963226E0,6.319558411E0
3.162636050E1,2.689906311E-1,6.695726166E0,7.632328491E0
3.163631550E1,3.818559265E-1,6.413562927E0,8.465944977E0
3.164627050E1,4.049079895E-1,6.330485687E0,8.656798096E0
3.165622550E1,7.852670288E-1,6.654262390E0,7.617808685E0
3.166618050E1,6.698570251E-1,7.037315826E0,6.605912933E0
3.167613550E1,3.577560425E-1,7.082372131E0,6.441255341E0
3.168609050E1,2.718347168E-1,6.670428772E0,6.596183167E0
3.169604550E1,6.779402161E-1,6.530320129E0,7.120393066E0
3.170600050E1,9.737251282E-1,6.360423431E0,7.323221283E0
3.171595550E1,5.310955811E-1,6.189778290E0,7.207362213E0
3.172591050E1,3.095562744E-1,5.915847931E0,7.821085968E0
3.173586550E1,-3.188369751E-2,6.187083893E0,7.648644562E0
3.174582050E1,4.879852295E-2,6.251450043E0,7.962392120E0
3.175577550E1,4.626878357E-1,6.472540283E0,7.583979034E0
3.176573050E1,4.376898193E-1,6.746320953E0,7.090155945E0
3.177568550E1,1.016386414E-1,6.826853485E0,6.461163940E0
3.178564050E1,1.005908203E-1,6.570586395E0,6.494095459E0
3.179559550E1,5.489085388E-1,6.348148956E0,6.302793274E0
3.180555050E1,5.441184998E-1,5.782924347E0,6.975793762E0
3.181550550E1,3.529660034E-1,6.598278809E0,7.084767151E0
3.182546050E1,3.652404785E-2,6.850803680E0,7.455845490E0
3.183541550E1,-1.496887207E-1,6.292165375E0,8.766968994E0
3.184537050E1,-2.097138977E-1,6.628515930E0,8.849746857E0
3.185532550E1,-4.981640625E-1,6.456523590E0,8.376431122E0
3.186528050E1,-4.366419983E-1,6.423891449E0,7.530839539E0
3.187523550E1,-6.376739502E-2,6.775659943E0,5.517376556E0
3.188519050E1,4.799020386E-1,6.548881531E0,4.822222137E0
3.189514550E1,7.334747314E-2,6.097719727E0,5.978118439E0
3.190510050E1,-1.212478638E-1,5.635331268E0,7.938292236E0
3.191505550E1,7.514373779E-2,5.573958893E0,9.543105011E0
3.192501050E1,1.978884888E-1,5.630092163E0,1.008991791E1
3.193496550E1,3.808081055E-1,6.369105377E0,8.435408478E0
3.194492050E1,5.523513794E-1,6.723867645E0,7.355104980E0
3.195487550E1,1.073268127E-1,7.304360504E0,6.768474884E0
3.196483050E1,2.700384521E-1,6.656058655E0,7.087910614E0
3.197478550E1,6.938072205E-1,6.175258484E0,7.418722687E0
3.198474050E1,2.107617188E-1,6.483617249E0,7.691904602E0
3.199469550E1,3.706292725E-1,6.701713715E0,7.539671173E0
3.200465050E1,6.298901367E-1,6.437213745E0,7.632478180E0
3.201460550E1,3.055146790E-1,6.574777679E0,7.129524078E0
3.202456050E1,6.135740662E-1,6.888375549E0,6.337820435E0
3.203451550E1,3.182382202E-1,7.145391083E0,6.435267792E0
3.204447050E1,1.568737793E-1,6.736890564E0,6.143075409E0
3.205442550E1,6.941065979E-1,6.041736145E0,7.248526611E0
3.206438050E1,2.577639771E-1,6.311624908E0,8.213120728E0
3.207433550E1,-2.312690735E-1,6.417305145E0,8.476722565E0
3.208429050E1,-1.691482544E-2,6.537505188E0,8.208929443E0
3.209424550E1,6.601272583E-2,6.671476593E0,7.450456696E0
3.210420050E1,9.116043091E-2,6.716682587E0,6.989415436E0
3.211415550E1,-1.833686829E-1,6.478378143E0,7.107519836E0
3.212411050E1,-1.598675537E-1,6.414161682E0,7.144343262E0
3.213406550E1,-1.842668152E-1,6.489006042E0,6.865622864E0
3.214402050E1,-8.202941895E-2,6.641389160E0,7.294930115E0
3.215397550E1,3.791615295E-1,6.586154022E0,7.988587646E0
3.216393050E1,1.576222229E-1,6.728657684E0,7.734715576E0
3.217388550E1,7.424560547E-2,6.564598846E0,7.503596191E0
3.218384050E1,1.826202393E-2,6.411766663E0,7.011719055E0
3.219379550E1,9.160949707E-2,6.188880157E0,6.780749359E0
3.220375050E1,1.410067749E-1,6.749614105E0,6.625522156E0
3.221370550E1,-4.575984192E-1,6.709497528E0,6.968159637E0
3.222366050E1,-6.641688538E-1,6.998097382E0,6.936275940E0
3.223361550E1,-5.610333252E-1,7.555238800E0,6.465804291E0
3.224357050E1,-1.754351807E-1,6.381978607E0,7.073690186E0
3.225352550E1,4.490661621E-2,6.064638519E0,7.732769623E0
3.226348050E1,-1.956431580E-1,6.506519623E0,7.607629852E0
3.227343550E1,-1.511856079E-2,6.247258759E0,7.668403473E0
3.228339050E1,1.475930786E-1,6.534810791E0,7.851023712E0
3.229334550E1,9.804611206E-2,6.746620331E0,7.465575256E0
3.230330050E1,5.496569824E-1,6.516099701E0,6.919660492E0
3.231325550E1,3.861968994E-1,6.554420013E0,6.849157104E0
3.232321050E1,1.616638184E-2,6.330036621E0,6.951244812E0
3.233316550E1,3.011737061E-1,6.241121521E0,7.610174561E0
3.234312050E1,1.293310547E-1,6.266867981E0,8.045169983E0
3.235307550E1,1.025367737E-1,6.435267792E0,7.691904602E0
3.236303050E1,-2.993774414E-3,6.632407837E0,7.591762848E0
3.237298550E1,4.354444885E-1,6.532715149E0,7.795788574E0
3.238294050E1,2.865042114E-1,6.486161957E0,8.038733368E0
3.239289550E1,4.484674072E-1,6.588099976E0,8.452173615E0
3.240285050E1,4.305047607E-1,6.633305969E0,8.151299286E0
3.241280550E1,4.318519592E-1,6.247707825E0,7.269932098E0
3.242276050E1,4.730163574E-1,6.211483154E0,6.781797180E0
3.243271550E1,-1.339714050E-1,6.198909302E0,6.647376709E0
3.244267050E1,-3.305126953E-1,6.331832886E0,6.539002075E0
3.245262550E1,6.810836792E-2,6.201304321E0,7.161856842E0
3.246258050E1,-4.173321533E-1,6.334826660E0,6.815327454E0
3.247253650E1,-4.469705200E-1,6.311624908E0,7.602839813E0
3.248249150E1,-3.799099731E-1,6.745572510E0,7.573051758E0
3.249244650E1,-5.548960876E-1,6.888525238E0,7.658823395E0
3.250240150E1,9.071136475E-2,7.215894470E0,7.511080627E0
3.251235650E1,-1.459465027E-1,6.991511078E0,7.191195831E0
3.252231150E1,-1.085243225E-1,6.412066040E0,7.162754974E0
3.253226650E1,-3.620970154E-1,6.733447723E0,6.968908081E0
3.254222150E1,-2.106120300E-1,6.613097992E0,7.078180847E0
3.255217650E1,-5.968089294E-1,6.609505463E0,6.577023010E0
3.256213150E1,-9.199868774E-1,6.261928253E0,7.152426453E0
3.257208650E1,-5.126838684E-1,6.441255341E0,7.454947357E0
3.258204150E1,-4.537065125E-1,6.196663971E0,8.210875397E0
3.259199650E1,-5.162763977E-1,6.562652893E0,7.884703674E0
3.260195150E1,-5.933660889E-1,6.785090332E0,6.548282776E0
3.261190650E1,-2.936892700E-1,6.983278198E0,5.987249451E0
3.262186150E1,-4.122427368E-1,6.510860596E0,6.907236328E0
3.263181650E1,-5.119354248E-2,6.057154083E0,8.006101227E0
3.264177150E1,2.844085693E-3,6.340514832E0,8.652157745E0
3.265172650E1,-1.675016785E-1,6.230194244E0,8.784033508E0
3.266168150E1,1.621128845E-1,6.362369385E0,7.714507599E0
3.267163650E1,9.116043091E-2,7.048692169E0,6.500532074E0
3.268159150E1,-6.861730957E-1,6.946454773E0,6.374943237E0
3.269154650E1,-4.062551880E-1,6.547234955E0,7.037315826E0
3.270150150E1,-1.773811340E-1,6.921157379E0,7.192543030E0
3.271145650E1,-1.685494995E-1,6.550378418E0,7.526049500E0
3.272141150E1,2.613565063E-1,6.424789581E0,7.836503906E0
3.273136650E1,-3.673361206E-1,6.675817566E0,7.774832153E0
3.274132150E1,-5.152285767E-1,6.635700989E0,7.710915070E0
3.275127650E1,6.661148071E-2,7.043902130E0,7.510631561E0
3.276123150E1,4.620890808E-1,7.264842682E0,7.217241669E0
3.277118650E1,8.237370300E-1,6.735992432E0,6.751709747E0
3.278114150E1,8.419990540E-1,6.733597412E0,6.798712006E0
3.279109650E1,3.498225403E-1,6.962920532E0,6.648873596E0
3.280105150E1,5.307962036E-1,5.973777466E0,7.684270477E0
3.281100650E1,1.118474121E0,5.905818787E0,7.484885101E0
3.282096150E1,1.098415833E0,6.397845612E0,7.022646332E0
3.283091650E1,5.249583435E-1,6.627019043E0,7.225624237E0
3.284087150E1,3.643423462E-1,6.172713776E0,7.832612000E0
3.285082650E1,3.180885315E-1,6.314768372E0,7.647297363E0
3.286078150E1,2.195933533E-1,6.539151764E0,7.657176819E0
3.287073650E1,4.788542175E-1,6.433770905E0,8.034542084E0
3.288069150E1,4.667294312E-1,6.317762146E0,7.685467987E0
3.289064650E1,2.634521484E-1,6.372697906E0,7.551346893E0
3.290060150E1,5.593867493E-1,6.536307678E0,7.182663574E0
3.291055650E1,-1.242416382E-2,6.245312805E0,6.954987030E0
3.292051150E1,-8.053253174E-2,6.363117828E0,6.686445465E0
3.293046650E1,-3.501219177E-1,6.294410706E0,6.771318970E0
3.294042150E1,-2.933898926E-2,6.065836029E0,7.857610016E0
3.295037650E1,-1.335223389E-1,6.930737457E0,7.667804718E0
3.296033150E1,-1.550775146E-1,6.273454285E0,8.374634857E0
3.297028650E1,-3.013233948E-1,6.297703857E0,8.004155273E0
3.298024150E1,-2.056723022E-1,7.006180573E0,7.057224426E0
3.299019650E1,5.201683044E-1,6.417305145E0,6.417604523E0
3.300015150E1,3.460803223E-1,6.008355560E0,6.620582428E0
3.301010650E1,2.763253784E-1,6.731352081E0,6.350693665E0
3.302006150E1,4.559518433E-1,6.533164215E0,6.273154907E0
3.303001650E1,5.665718079E-1,6.555168457E0,7.291337585E0
3.303997150E1,2.627037048E-1,6.622827759E0,7.599846039E0
3.304992650E1,4.348457336E-1,6.165678406E0,8.483907623E0
3.305988150E1,1.769320679E-1,6.811435547E0,8.388406219E0
3.306983650E1,5.448669434E-2,6.713239746E0,7.864495697E0
3.307979150E1,3.242257690E-1,6.720424805E0,7.400310974E0
3.308974650E1,-9.265731812E-2,6.548432465E0,7.285799103E0
3.309970150E1,1.520837402E-1,6.412066040E0,7.046446838E0
3.310965650E1,5.980064392E-1,6.671027527E0,6.829847260E0
3.311961150E1,3.570075989E-1,6.619085541E0,6.928043060E0
3.312956650E1,1.420545959E-1,6.315067749E0,7.129973145E0
3.313952150E1,1.519340515E-1,6.647825775E0,7.368277588E0
3.314947650E1,2.207908630E-1,6.653064880E0,7.760162659E0
3.315943150E1,-2.189945984E-1,6.406976624E0,7.743696899E0
3.316938650E1,-1.103205872E-1,6.397097168E0,7.639363861E0
3.317934150E1,-4.700225830E-2,6.264622650E0,7.376809845E0
3.318929650E1,-5.822891235E-1,6.165828094E0,7.364385681E0
3.319925150E1,-8.322692871E-2,6.762487335E0,7.369325409E0
3.320920650E1,-5.688171387E-3,7.105873260E0,6.616241455E0
3.321916150E1,-9.834548950E-2,6.529571686E0,6.988367615E0
3.322911650E1,5.328918457E-2,6.801107025E0,6.694229279E0
3.323907150E1,2.838098145E-1,6.481820984E0,6.958729248E0
3.324902650E1,5.207670593E-1,6.356830902E0,7.206015015E0
3.325898150E1,-4.745132446E-2,6.894363098E0,7.299720154E0
3.326893650E1,-1.862127686E-1,6.612948303E0,7.325167236E0
3.327889150E1,-3.427871704E-1,6.329737244E0,7.825426941E0
3.328884650E1,-5.346881104E-1,6.705904999E0,7.756270752E0
3.329880150E1,1.496887207E-3,6.406976624E0,8.158184967E0
3.330875650E1,6.451583862E-2,6.747069397E0,7.418123932E0
3.331871150E1,-3.797602844E-1,6.919959869E0,6.105204163E0
3.332866650E1,-2.398013306E-1,7.201823730E0,5.520819397E0
3.333862150E1,-1.511856079E-2,7.329807587E0,6.411167908E0
3.334857650E1,7.529342651E-2,6.887327728E0,7.624844055E0
3.335853150E1,1.140628052E-1,6.360872498E0,8.812174988E0
3.336848650E1,-9.280700684E-3,5.941893768E0,9.150621185E0
3.337844150E1,-3.038681030E-2,6.374943237E0,7.644602966E0
3.338839650E1,2.860551453E-1,6.617738342E0,7.285200348E0
3.339835150E1,5.328918457E-2,6.715634766E0,6.618187408E0
3.340830650E1,-1.477427673E-1,6.268065491E0,6.797514496E0
3.341826150E1,1.930984497E-2,6.458170166E0,6.648723907E0
3.342821650E1,1.794767761E-1,6.225104828E0,7.119794312E0
3.343817150E1,4.266128540E-1,5.835315399E0,8.328830109E0
3.344812650E1,1.125659180E-1,6.126010895E0,8.357720032E0
3.345808150E1,2.671943665E-1,6.112389221E0,8.725056152E0
3.346803650E1,6.379733276E-1,6.426286469E0,8.191864929E0
3.347799104E1,6.225553894E-1,6.243666229E0,8.267308044E0
3.348794604E1,8.520281982E-1,6.467301178E0,7.040309601E0
3.349790104E1,5.959107971E-1,6.257437592E0,7.040159912E0
3.350785604E1,6.421646118E-1,6.364465027E0,7.033274231E0
3.351781104E1,3.444337463E-1,5.814508667E0,7.022346954E0
3.352776604E1,7.619155884E-1,6.065985718E0,7.533833313E0
3.353772104E1,5.230123901E-1,6.770121460E0,6.820566559E0
3.354767604E1,1.402583313E-1,6.404282227E0,7.640561371E0
3.355763104E1,4.082011414E-1,6.891369324E0,7.297025757E0
3.356758604E1,-1.167572021E-2,6.783892822E0,7.410639496E0
3.357754104E1,-9.699829102E-2,6.994055786E0,7.307354279E0
3.358749604E1,-1.266366577E-1,6.903494110E0,7.389683075E0
3.359745104E1,4.114942932E-1,6.532715149E0,7.410938873E0
3.360740604E1,-2.125579834E-1,6.694229279E0,6.964567108E0
3.361736104E1,-5.777984619E-1,6.611451416E0,7.343728638E0
3.362731604E1,-4.806504822E-1,6.464906158E0,6.728507996E0
3.363727104E1,-7.375163269E-1,6.626869354E0,7.072941742E0
3.364722604E1,-4.333488464E-1,6.828649750E0,6.776258698E0
3.365718104E1,-8.563691711E-1,6.621929626E0,7.569159851E0
3.366713604E1,-6.806346130E-1,7.212451630E0,7.577692108E0
3.367709104E1,-7.750881958E-1,6.654112701E0,7.593409424E0
3.368704604E1,-4.641847229E-1,6.550977173E0,7.229965210E0
3.369700104E1,-5.390290833E-1,7.158863068E0,5.925278320E0
3.370695604E1,-7.283853149E-1,6.418053589E0,5.993386688E0
3.371691104E1,-3.870950317E-1,6.315666504E0,6.024372253E0
3.372686604E1,-4.390370178E-1,6.407874756E0,7.021149445E0
3.373682104E1,-4.980143738E-1,6.816974030E0,6.577621765E0
3.374677604E1,-7.090754700E-1,6.396348724E0,7.859106903E0
3.375673104E1,-6.071374512E-1,6.312972107E0,7.505691833E0
3.376668604E1,-2.257305908E-1,6.260431366E0,8.071664886E0
3.377664104E1,3.936813354E-2,6.658303986E0,8.397986298E0
3.378659604E1,-4.840933228E-1,6.619384918E0,8.144263916E0
3.379655104E1,-2.421963501E-1,6.262527008E0,8.413853302E0
3.380650604E1,-2.706372070E-1,6.692433014E0,8.293653259E0
3.381646104E1,1.332229614E-1,6.675518188E0,7.841293945E0
3.382641604E1,4.314028931E-1,6.704108734E0,6.894961853E0
3.383637104E1,4.445755005E-2,6.665339355E0,6.734345856E0
3.384632604E1,-7.634124756E-2,6.417454834E0,7.114106140E0
3.385628104E1,-3.787124634E-2,6.485563202E0,7.736511841E0
3.386623604E1,2.772235107E-1,6.442303162E0,8.110284576E0
3.387619104E1,-2.754272461E-2,6.080954590E0,8.403824158E0
3.388614604E1,4.879852295E-2,6.541546783E0,8.314310303E0
3.389610104E1,-2.095642090E-3,6.207591248E0,8.538693695E0
3.390605604E1,-4.131408691E-2,5.994733887E0,8.054001617E0
3.391601104E1,9.505233765E-2,6.994205475E0,6.904990997E0
3.392596604E1,1.336720276E-1,6.955585785E0,5.571264496E0
3.393592104E1,8.592132568E-2,6.364165649E0,4.907993774E0
3.394587604E1,5.441184998E-1,6.343508606E0,5.998027039E0
3.395583104E1,5.554948425E-1,5.957311707E0,6.893165588E0
3.396578604E1,5.662724304E-1,5.946234741E0,8.750054169E0
3.397574104E1,2.842588806E-1,7.167844391E0,7.688910828E0
3.398569604E1,-1.094224548E-1,6.591991882E0,7.752977600E0
3.399565104E1,1.648072815E-1,6.663992157E0,7.591463470E0
3.400560604E1,-1.510359192E-1,6.526577911E0,7.691006470E0
3.401556104E1,1.086740112E-1,6.203100586E0,7.719147949E0
3.402551604E1,4.415817261E-2,6.159241791E0,7.057224426E0
3.403547104E1,5.056484985E-1,6.287674713E0,5.792055359E0
3.404542604E1,7.929011536E-1,6.567143555E0,5.377118225E0
3.405538104E1,-1.408570862E-1,6.908733215E0,6.804699554E0
3.406533604E1,6.586303711E-2,5.791606293E0,9.355994110E0
3.407529104E1,-1.513352966E-1,5.823489990E0,1.045860123E1
3.408524604E1,-9.445358276E-2,5.822442169E0,9.912686462E0
3.409520104E1,-5.703140259E-2,6.609655151E0,7.515122223E0
3.410515604E1,5.313949585E-2,6.573879547E0,6.447691956E0
3.411511104E1,1.992356873E-1,6.411467285E0,6.196364594E0
3.412506504E1,1.234931946E-1,6.939868469E0,6.298003235E0
3.413502004E1,4.314028931E-1,6.872059479E0,7.276668091E0
3.414497504E1,7.110214233E-1,6.456523590E0,7.483837280E0
3.415493004E1,9.526190186E-1,5.827082520E0,8.037535858E0
3.416488504E1,1.027912445E0,6.805597687E0,7.671696625E0
3.417484004E1,8.819659424E-1,6.433621216E0,7.768844604E0
3.418479504E1,7.583230591E-1,7.040608978E0,6.742129669E0
3.419475004E1,4.370910645E-2,6.783294067E0,7.177424469E0
3.420470504E1,3.826043701E-1,6.581513672E0,7.694149933E0
3.421466004E1,1.062789917E-2,6.555617523E0,8.086783447E0
3.422461504E1,-8.232879639E-3,6.568939819E0,8.274642792E0
3.423457004E1,-7.065307617E-2,6.362070007E0,7.505991211E0
3.424452504E1,-5.975573730E-1,6.805447998E0,7.181316376E0
3.425448004E1,-3.829037476E-1,7.481891327E0,5.927074585E0
3.426443504E1,-5.806425476E-1,6.399342499E0,6.520889740E0
3.427439004E1,-4.936734009E-1,6.597530365E0,7.129973145E0
3.428434504E1,-1.445993042E-1,6.499633942E0,7.562274170E0
3.429430004E1,1.758842468E-1,6.195616150E0,7.916287994E0
3.430425504E1,-2.154020691E-1,6.008355560E0,8.202941895E0
3.431421004E1,2.800675964E-1,5.845793610E0,8.162675629E0
3.432416504E1,4.837939453E-1,5.918392639E0,7.856262817E0
3.433412004E1,3.936813354E-2,6.355932770E0,6.876250763E0
3.434407504E1,2.627037048E-1,5.898933105E0,6.299350433E0
3.435403004E1,-1.257385254E-2,6.004912720E0,6.022725677E0
3.436398504E1,-1.706451416E-2,6.794371033E0,6.479425964E0
3.437394004E1,3.547622681E-2,6.058052216E0,8.013585663E0
3.438389504E1,-7.050338745E-2,6.515500946E0,8.790320435E0
3.439385004E1,-2.052232361E-1,7.103328552E0,8.421337738E0
3.440380504E1,-4.447251892E-1,6.355783081E0,7.969277802E0
3.441376004E1,-3.091072083E-1,6.621330872E0,6.785539398E0
3.442371504E1,6.840774536E-2,6.206842804E0,6.682553558E0
3.443367004E1,-4.980143738E-1,6.084846497E0,6.728058929E0
3.444362504E1,-2.409988403E-2,6.453080750E0,7.433541870E0
3.445358004E1,-1.377136230E-2,6.967111816E0,7.555388489E0
3.446353504E1,-1.465452576E-1,7.023544464E0,7.547904053E0
3.447348975E1,-1.640588379E-1,7.195237427E0,7.555837555E0
3.448344475E1,-3.805087280E-1,6.606960754E0,7.517517242E0
3.449339975E1,2.348616028E-1,6.379284210E0,7.582781525E0
3.450335475E1,1.243913269E-1,6.496041412E0,7.860753479E0
3.451330975E1,-2.562670898E-1,6.332731018E0,8.052804108E0
3.452326475E1,1.296304321E-1,6.585255890E0,7.823930054E0
3.453321975E1,9.355545044E-2,6.800508270E0,7.672744446E0
3.454317475E1,2.863545227E-1,6.719077606E0,7.485932922E0
3.455312975E1,7.680528259E-1,6.697522430E0,7.186705170E0
3.456308475E1,9.262738037E-1,6.602320404E0,7.327861633E0
3.457303975E1,7.225474548E-1,6.508016510E0,7.096143494E0
3.458299475E1,1.092428284E0,6.455625458E0,7.122788086E0
3.459294975E1,8.746311951E-1,6.357579346E0,7.603588257E0
3.460290475E1,1.785786438E-1,6.373146973E0,7.699239349E0
3.461285975E1,6.664141846E-1,6.148464203E0,8.074508972E0
3.462281475E1,6.138734436E-1,6.329587555E0,7.671996002E0
3.463276975E1,3.394940186E-1,6.190826111E0,7.195836182E0
3.464272475E1,6.191125488E-1,6.358926544E0,6.825356598E0
3.465267975E1,5.129832458E-1,6.445296936E0,7.087162170E0
3.466263475E1,2.528242493E-1,6.383475494E0,7.023843842E0
3.467258975E1,6.277944946E-1,6.362968140E0,7.249275055E0
3.468254475E1,5.984555054E-1,6.197412415E0,7.023394775E0
3.469249975E1,4.884342957E-1,5.894741821E0,7.158264313E0
3.470245475E1,6.095324707E-1,6.403533783E0,7.309300232E0
3.471240975E1,3.291654968E-1,6.351741486E0,7.598947906E0
3.472236475E1,1.543290710E-1,6.388864288E0,8.043523407E0
3.473231975E1,5.538482666E-2,6.572682037E0,7.972870331E0
3.474227475E1,9.939331055E-2,5.819747772E0,7.682623901E0
3.475222975E1,3.498225403E-1,5.918093262E0,6.952142944E0
3.476218475E1,4.213737488E-1,6.529571686E0,5.858816528E0
3.477213975E1,4.659809875E-1,6.489604797E0,5.507946167E0
3.478209475E1,4.108955383E-1,6.403533783E0,6.271059265E0
3.479204975E1,5.668711853E-1,6.496939545E0,7.926466827E0
3.480200475E1,3.857478333E-1,6.256689148E0,9.424850922E0
3.481195975E1,2.875520325E-1,5.930068359E0,1.026445496E1
3.482191475E1,3.945794678E-1,5.876629486E0,9.583670654E0
3.483186975E1,5.237608337E-1,6.256090393E0,8.142467651E0
3.484182475E1,6.764433289E-1,7.176975403E0,6.807992706E0
3.485177975E1,2.477348328E-1,6.830595703E0,6.628066864E0
3.486173475E1,3.242257690E-1,6.457122345E0,6.705755310E0
3.487168975E1,5.248086548E-1,6.422693939E0,6.828050995E0
3.488164475E1,8.472381592E-2,6.488257599E0,7.414531403E0
3.489159975E1,3.248245239E-1,6.315666504E0,7.694449310E0
3.490155375E1,2.860551453E-1,5.798342285E0,8.431815948E0
3.491150975E1,5.583389282E-2,6.100713501E0,8.679101715E0
3.492146375E1,2.784210205E-1,6.367159424E0,8.227041779E0
3.493141875E1,1.002914429E-1,6.575226746E0,7.547005920E0
3.494137375E1,-1.031355286E-1,6.383475494E0,7.195985870E0
3.495132875E1,1.866618347E-1,5.776787109E0,7.297474823E0
3.496128375E1,1.308279419E-1,6.180946655E0,7.323221283E0
3.497123875E1,-6.586303711E-3,5.880222015E0,7.705975342E0
3.498119375E1,1.221459961E-1,5.432053986E0,7.876171417E0
3.499114875E1,-2.395019531E-2,6.168971558E0,7.738457794E0
3.500110375E1,-7.065307617E-2,6.416257324E0,7.269033966E0
3.501105875E1,9.834548950E-2,5.992338867E0,7.396868134E0
3.502101375E1,-6.197113037E-2,6.419849854E0,7.328310699E0
3.503096875E1,-9.011260986E-2,6.199807434E0,7.721992035E0
3.504092375E1,1.414558411E-1,5.451363831E0,8.414751434E0
3.505087875E1,7.723937988E-2,5.846392365E0,8.479866028E0
3.506083375E1,7.933502197E-2,5.941145325E0,8.792865143E0
3.507078875E1,2.308200073E-1,6.056106262E0,8.125403137E0
3.508074375E1,2.841091919E-1,6.154302063E0,7.768694916E0
3.509069875E1,1.570234680E-1,5.694757690E0,7.259603577E0
3.510065375E1,1.571731567E-1,5.406906281E0,7.013665009E0
3.511060875E1,1.166075134E-1,5.875431976E0,7.116351471E0
3.512056375E1,-2.501298523E-1,6.084098053E0,6.998995514E0
3.513051875E1,-1.704954529E-1,5.593867493E0,7.912396088E0
3.514047375E1,-1.622625732E-1,5.885910187E0,8.262368317E0
3.515042875E1,-2.773731995E-1,6.337371368E0,8.391250305E0
3.516038375E1,-3.802093506E-2,5.585784302E0,8.577762451E0
3.517033875E1,9.385482788E-2,4.981191559E0,8.286318512E0
3.518029375E1,1.872605896E-1,5.498366089E0,8.003855896E0
3.519024875E1,1.175056458E-1,5.911656647E0,7.546107788E0
3.520020375E1,1.146615601E-1,5.711971893E0,7.544461212E0
3.521015875E1,3.263214111E-2,5.624254303E0,7.772736511E0
3.522011375E1,-2.877017212E-1,6.082152100E0,7.623945923E0
3.523006875E1,-1.197509766E-2,6.076763306E0,8.240962830E0
3.524002375E1,-9.445358276E-2,6.753805389E0,7.714956665E0
3.524997875E1,-3.606001282E-1,5.707032166E0,8.225544891E0
3.525993375E1,-9.580078125E-3,5.485343170E0,8.151898041E0
3.526988875E1,8.741821289E-2,5.452261963E0,8.315058746E0
3.527984375E1,-6.750961304E-2,6.410419464E0,8.061186676E0
3.528979875E1,-1.743873596E-1,6.199957123E0,8.174800415E0
3.529975375E1,3.367996216E-2,5.353916473E0,8.493787079E0
3.530970875E1,-1.865121460E-1,5.719606018E0,8.863817596E0
3.531966375E1,-6.780899048E-2,6.071374512E0,8.943601685E0
3.532961875E1,1.212478638E-1,5.742358704E0,8.722361755E0
3.533957375E1,-5.508544922E-2,5.563181305E0,7.961344299E0
3.534952875E1,2.856060791E-1,5.894292755E0,7.605833588E0
3.535948375E1,2.847079468E-1,5.968238983E0,7.372618561E0
3.536943875E1,4.984634399E-2,5.428311768E0,7.215295715E0
3.537939375E1,-6.047424316E-2,5.457201691E0,7.113956451E0
3.538934875E1,1.704954529E-1,5.460794220E0,7.935148773E0
3.539930375E1,1.766326904E-2,5.279221802E0,8.593928833E0
3.540925875E1,-1.803749084E-1,5.113965454E0,8.913514252E0
3.541921375E1,1.077758789E-1,5.792654114E0,8.851543121E0
3.542916875E1,-2.016307068E-1,5.612428894E0,8.573720856E0
3.543912375E1,-7.933502197E-2,5.223986664E0,8.365204468E0
3.544907875E1,-8.143066406E-2,5.382956085E0,7.956703949E0
3.545903375E1,1.978884888E-1,5.698050842E0,8.259973297E0
3.546898875E1,2.797682190E-1,5.747148743E0,8.012238464E0
3.547894354E1,1.880090332E-1,5.785768433E0,7.978259125E0
3.548889854E1,3.195854187E-1,6.149661713E0,8.187523956E0
3.549885354E1,3.959266663E-1,6.037844238E0,8.400231628E0
3.550880854E1,4.475692749E-1,5.620661774E0,8.405919800E0
3.551876354E1,3.432362366E-1,5.495072937E0,7.975115662E0
3.552871854E1,4.882846069E-1,6.012097778E0,7.912096710E0
3.553867354E1,4.998106384E-1,6.211932220E0,7.528743896E0
3.554862854E1,3.272195435E-1,5.972130890E0,7.492519226E0
3.555858254E1,-1.275347900E-1,5.622158661E0,7.918084259E0
3.556853754E1,2.191442871E-1,5.690566406E0,8.135731659E0
3.557849254E1,5.439688110E-1,5.732778625E0,8.330177307E0
3.558844754E1,3.147953796E-1,5.523214417E0,8.307574310E0
3.559840254E1,4.433779907E-1,5.298681335E0,9.065448303E0
3.560835754E1,4.197271729E-1,5.790558472E0,8.324189758E0
3.561831254E1,5.519023132E-1,6.139033813E0,7.563022614E0
3.562826754E1,7.256909180E-1,5.812862091E0,7.170389099E0
3.563822254E1,7.958949280E-1,5.740412750E0,7.068750458E0
3.564817754E1,6.761439514E-1,5.972879333E0,7.082521820E0
3.565813254E1,4.252656555E-1,6.246360626E0,7.000492401E0
3.566808754E1,5.026547241E-1,5.404960327E0,8.237370300E0
3.567804254E1,6.593788147E-1,5.549709320E0,8.485554199E0
3.568799754E1,4.460723877E-1,6.157295837E0,8.606652374E0
3.569795254E1,6.236032104E-1,6.259982300E0,8.123606873E0
3.570790754E1,6.738986206E-1,5.793402557E0,7.925568695E0
3.571786254E1,8.813671875E-1,5.543123016E0,7.557334442E0
3.572781754E1,7.394622803E-1,6.617139587E0,7.038513336E0
3.573777254E1,6.747967529E-1,6.750063171E0,7.254214783E0
3.574772754E1,2.514770508E-1,6.291416931E0,7.613617401E0
3.575768254E1,2.273771667E-1,5.487139435E0,8.256979523E0
3.576763754E1,2.412982178E-1,6.263275452E0,7.938741302E0
3.577759254E1,1.664538574E-1,6.444847870E0,8.191116486E0
3.578754754E1,2.285746765E-1,6.264922028E0,8.109236755E0
3.579750254E1,1.082249451E-1,5.598208466E0,8.154891815E0
3.580745754E1,1.537303162E-1,5.855822754E0,7.925269318E0
3.581741254E1,-4.864883423E-2,6.242618408E0,8.062683563E0
3.582736754E1,7.110214233E-2,5.842051392E0,7.860603790E0
3.583732254E1,-1.204994202E-1,5.877677307E0,7.552245026E0
3.584727754E1,-1.389111328E-1,5.800437927E0,7.751181335E0
3.585723254E1,-4.102967834E-1,6.297254791E0,7.778873749E0
3.586718754E1,-2.689906311E-1,5.949677582E0,8.097561035E0
3.587714254E1,7.229965210E-2,5.580694885E0,7.436685333E0
3.588709754E1,2.130070496E-1,5.564977570E0,7.700137482E0
3.589705254E1,7.334747314E-3,5.979315948E0,7.631280670E0
3.590700754E1,-2.324665833E-1,6.087989960E0,8.186625824E0
3.591696254E1,-1.683998108E-1,5.722749481E0,8.393795013E0
3.592691754E1,1.779798889E-1,5.833818512E0,7.998018036E0
3.593687254E1,2.311193848E-1,5.725593567E0,8.072712708E0
3.594682754E1,-9.849517822E-2,5.967041473E0,7.564220123E0
3.595678254E1,-7.110214233E-2,6.263425140E0,7.658374329E0
3.596673754E1,2.799179077E-2,6.122268677E0,7.404352570E0
3.597669254E1,-1.510359192E-1,5.963149567E0,7.436086578E0
3.598664754E1,3.543132019E-1,5.954766998E0,7.329059143E0
3.599660254E1,6.825805664E-2,5.831273804E0,7.584278412E0
3.600655754E1,-2.267784119E-1,6.344855804E0,8.008496246E0
3.601651254E1,3.832031250E-2,6.282285919E0,7.980205078E0
3.602646754E1,-1.303788757E-1,5.981860657E0,8.015381927E0
3.603642254E1,1.538800049E-1,5.945486298E0,7.813751221E0
3.604637754E1,2.106120300E-1,5.721551971E0,7.812703400E0
3.605633254E1,3.592529297E-3,6.171067200E0,7.926017761E0
3.606628754E1,-7.394622803E-2,5.863307190E0,8.302335205E0
3.607624254E1,-1.646575928E-3,5.732628937E0,8.330476685E0
3.608619754E1,3.044668579E-1,6.079906769E0,8.192463684E0
3.609615254E1,3.487747192E-1,5.989195404E0,7.905660095E0
3.610610654E1,2.538720703E-1,5.866151276E0,7.950716400E0
3.611606154E1,1.760339355E-1,5.794749756E0,8.075257416E0
3.612601654E1,-1.164578247E-1,5.674549713E0,7.988887024E0
3.613597154E1,-1.053808594E-1,6.034700775E0,7.803273010E0
3.614592654E1,-1.257385254E-2,5.848637695E0,7.822732544E0
3.615588154E1,8.681945801E-3,5.957910461E0,7.769892426E0
3.616583654E1,3.382965088E-2,6.167175293E0,7.572602692E0
3.617579154E1,-1.335223389E-1,5.668262787E0,7.939938812E0
3.618574654E1,-1.889071655E-1,5.741759949E0,7.746540985E0
3.619570154E1,-3.847000122E-2,5.917793884E0,7.779921570E0
3.620565654E1,8.113128662E-2,5.601202240E0,8.153993683E0
3.621561154E1,5.882766724E-2,6.237379303E0,7.861651611E0
3.622556654E1,2.197430420E-1,6.139183502E0,7.927664337E0
3.623552154E1,-5.673202515E-2,5.759423218E0,7.782166901E0
3.624547654E1,2.484832764E-2,5.853876801E0,7.720046082E0
3.625543154E1,-4.700225830E-2,5.979765015E0,7.574249268E0
3.626538654E1,-2.113604736E-1,5.776338043E0,7.900720367E0
3.627534154E1,-2.056723022E-1,6.197262726E0,7.799830170E0
3.628529654E1,-3.728746033E-1,6.178701324E0,7.730823669E0
3.629525154E1,-4.219725037E-1,5.945785675E0,7.884404297E0
3.630520654E1,-2.707868958E-1,6.067033539E0,7.689958649E0
3.631516154E1,-3.849993896E-1,5.892047424E0,8.072712708E0
3.632511654E1,-2.701881409E-1,5.992787933E0,7.920030212E0
3.633507154E1,-2.275268555E-1,6.437363434E0,7.658973083E0
3.634502654E1,-1.646575928E-1,6.290369110E0,7.743247833E0
3.635498154E1,-5.628295898E-2,5.727838898E0,8.042026520E0
3.636493654E1,-3.308120728E-2,5.971232758E0,8.030201111E0
3.637489154E1,-6.676116943E-2,6.255192261E0,7.720495148E0
3.638484654E1,-1.213975525E-1,5.782624969E0,8.065976715E0
3.639480154E1,-1.392105103E-2,6.007756805E0,7.775281219E0
3.640475654E1,1.612147522E-1,6.356232147E0,7.510781250E0
3.641471154E1,6.511459351E-2,6.128854980E0,7.425458679E0
3.642466654E1,9.250762939E-2,5.680986328E0,7.660469971E0
3.643462154E1,8.831634521E-2,5.815855865E0,7.804769897E0
3.644457654E1,7.080276489E-2,5.922883301E0,7.861950989E0
3.645453154E1,-8.711883545E-2,6.085145874E0,8.033194885E0
3.646448654E1,-3.547622681E-2,6.353687439E0,7.490573273E0
3.647444237E1,5.044509888E-2,6.215375061E0,7.534132690E0
3.648439738E1,1.760339355E-1,5.830675049E0,7.913593597E0
3.649435237E1,-1.146615601E-1,6.003415833E0,8.006101227E0
3.650430737E1,1.345701599E-1,6.159391479E0,7.858657837E0
3.651426237E1,3.317102051E-1,5.904920654E0,7.845036163E0
3.652421737E1,3.902384949E-1,6.034401398E0,7.900271301E0
3.653417237E1,3.923341370E-1,6.354136505E0,7.579039307E0
3.654412737E1,5.456153870E-1,6.100414124E0,7.904612274E0
3.655408238E1,6.644682312E-1,5.687722321E0,8.288863220E0
3.656403737E1,5.337899780E-1,6.018235016E0,8.064330139E0
3.657399237E1,8.023315430E-1,6.031557312E0,7.876470795E0
3.658394737E1,6.551875305E-1,5.766458588E0,7.828570404E0
3.659390237E1,7.056326294E-1,5.734425201E0,7.955057373E0
3.660385637E1,8.403524780E-1,6.191275177E0,7.716154175E0
3.661381137E1,9.457333374E-1,5.791606293E0,7.867639160E0
3.662376637E1,7.906558228E-1,5.461093597E0,8.202193451E0
3.663372137E1,8.936416626E-1,6.004463654E0,8.048014069E0
3.664367638E1,8.216413879E-1,5.799390106E0,7.832162933E0
3.665363137E1,7.482939148E-1,5.510041809E0,7.775430908E0
3.666358637E1,7.818241882E-1,5.720953217E0,7.887098694E0
3.667354137E1,7.460485840E-1,6.323899384E0,7.800129547E0
3.668349637E1,6.442602539E-1,6.053112488E0,7.774832153E0
3.669345137E1,6.637197876E-1,5.562432861E0,7.728129272E0
3.670340637E1,6.643185425E-1,5.700745239E0,7.899822235E0
3.671336138E1,6.911128235E-1,6.047424316E0,7.950267334E0
3.672331637E1,7.045848083E-1,5.979166260E0,7.824379120E0
3.673327137E1,5.138813782E-1,5.646557922E0,8.062683563E0
3.674322637E1,3.546125793E-1,5.747298431E0,8.215665436E0
3.675318137E1,3.457809448E-1,6.207142181E0,7.684270477E0