Time (s),X (m/s^2),Y (m/s^2),Z (m/s^2)
0.007826561,-0.3979500234,3.727050066,9.05505085
0.010349411,-0.4410000145,3.742050171,9.037950516
0.012873411,-0.433950007,3.718050241,8.98995018
0.015397401,-0.4459500313,3.708000183,9.001950264
0.017921324,-0.42900002,3.687000275,9.0
0.020445324,-0.3960000277,3.663000107,9.016050339
0.022969324,-0.3810000122,3.660000086,9.013950348
0.025493338,-0.3570000231,3.652950287,9.013950348
0.028017109,-0.2929500043,3.636000156,9.069000244
0.030541107,-0.2689500153,3.652950287,9.082950592
0.033065107,-0.2539499998,3.640950203,9.097949982
0.035589112,-0.2400000095,3.65805006,9.17400074
0.038113112,-0.2230500132,3.675000191,9.177000046
0.040637037,-0.2310000062,3.684000254,9.202950478
0.043161035,-0.2400000095,3.688950062,9.214950562
0.045684825,-0.2500500083,3.687000275,9.210000038
0.048208823,-0.2659500241,3.706050158,9.18405056
0.050732823,-0.2760000229,3.724950075,9.17895031
0.053256748,-0.2590500116,3.71505022,9.162000656
0.05578075,-0.2329500169,3.71295023,9.11700058
0.05830475,-0.2310000062,3.721950293,9.097949982
0.06082875,-0.2430000156,3.742050171,9.088050842
0.063352522,-0.2350500077,3.732000113,9.052050591
0.06587676,-0.2539499998,3.720000267,9.061950684
0.068400532,-0.3019500077,3.744000196,9.064050674
0.07092453,-0.3600000143,3.748950243,9.032999992
0.073448455,-0.405000031,3.730050087,9.058950424
0.075972453,-0.4699500203,3.73905015,9.070950508
0.078496453,-0.5179499984,3.745950222,9.069000244
0.081020224,-0.5509500504,3.744000196,9.081000328
0.083544222,-0.565950036,3.73905015,9.097949982
0.086068241,-0.5680500269,3.733950138,9.12195015
0.088592241,-0.5440500379,3.71505022,9.150000572
0.091116166,-0.5250000358,3.706050158,9.190950394
0.093640164,-0.5179499984,3.676950216,9.164999962
0.096164173,-0.49605003,3.682050228,9.226950645
0.098687944,-0.4819500148,3.675000191,9.234000206
0.101211942,-0.4650000334,3.664950132,9.208050728
0.103735942,-0.4530000091,3.65805006,9.210000038
0.106259942,-0.4530000091,3.652950287,9.213000298
0.108783867,-0.4579500258,3.676950216,9.177000046
0.111307865,-0.4480500221,3.676950216,9.169950485
0.113831865,-0.4390500188,3.670050144,9.17895031
0.116355642,-0.4320000112,3.694050074,9.154950142
0.11887964,-0.4270500243,3.720000267,9.141000748
0.12140364,-0.3960000277,3.742050171,9.12405014
0.12392764,-0.3910500109,3.73905015,9.118950844
0.126451579,-0.4080000222,3.75600028,9.112050056
0.128975577,-0.42900002,3.7660501,9.126000404
0.131499577,-0.4240500331,3.778050184,9.118950844
0.134023348,-0.4480500221,3.748950243,9.136050224
0.136547332,-0.4600500166,3.757950068,9.12405014
0.139071332,-0.4680000246,3.748950243,9.12195015
0.141595332,-0.4579500258,3.754050255,9.129000664
0.144119257,-0.4510500133,3.748950243,9.112050056
0.14664326,-0.4530000091,3.73905015,9.130949974
0.14916726,-0.4360500276,3.751050234,9.142950058
0.15169126,-0.4320000112,3.745950222,9.154950142
0.154215031,-0.4219500124,3.751050234,9.138000488
0.156739029,-0.4270500243,3.732000113,9.172050476
0.159263029,-0.4360500276,3.732000113,9.193950653
0.161786955,-0.4440000355,3.736950159,9.196050644
0.164310953,-0.4440000355,3.732000113,9.210000038
0.166834947,-0.4219500124,3.732000113,9.213000298
0.169358718,-0.4240500331,3.721950293,9.220050812
0.171882716,-0.3769500256,3.708000183,9.222000122
0.174406716,-0.3499500155,3.71295023,9.208050728
0.176930726,-0.3619500101,3.700950146,9.202950478
0.179454726,-0.3310500085,3.691050291,9.226950645
0.181978651,-0.3169500232,3.703050137,9.213000298
0.184502649,-0.3529500067,3.708000183,9.205050468
0.187026429,-0.3550500274,3.703050137,9.172050476
0.189550427,-0.364950031,3.727050066,9.153000832
0.192074427,-0.3859500289,3.736950159,9.148050308
0.194598427,-0.4030500054,3.727050066,9.142950058
0.197122338,-0.4170000255,3.745950222,9.126000404
0.199646336,-0.4459500313,3.73905015,9.118950844
0.202170336,-0.4630500078,3.757950068,9.091050148
0.204694107,-0.4819500148,3.7660501,9.091050148
0.207218345,-0.4680000246,3.760950089,9.052050591
0.209742116,-0.4530000091,3.745950222,9.058950424
0.212266114,-0.4270500243,3.736950159,9.05505085
0.214790114,-0.4099500179,3.751050234,9.040050507
0.217314036,-0.4150500298,3.736950159,9.088050842
0.219838034,-0.4080000222,3.733950138,9.081000328
0.222361805,-0.4219500124,3.745950222,9.076050758
0.224886034,-0.4459500313,3.745950222,9.091050148
0.227409804,-0.4699500203,3.73905015,9.133950233
0.229933802,-0.4800000191,3.73905015,9.157950401
0.232457727,-0.4840500355,3.720000267,9.17400074
0.234981725,-0.5179499984,3.730050087,9.18900013
0.237505716,-0.5179499984,3.71505022,9.205050468
0.240029487,-0.49605003,3.71505022,9.210000038
0.242553485,-0.4699500203,3.703050137,9.244050026
0.245077485,-0.4459500313,3.703050137,9.249000549
0.24760147,-0.4150500298,3.700950146,9.274950027
0.250125395,-0.3960000277,3.688950062,9.277050018
0.252649393,-0.4150500298,3.727050066,9.265050888
0.255173393,-0.42900002,3.718050241,9.283950806
0.257697152,-0.4530000091,3.736950159,9.262950897
0.26022138,-0.5059500337,3.754050255,9.202950478
0.262745152,-0.5230500102,3.781950235,9.190950394
0.26526915,-0.5490000248,3.796950102,9.133950233
0.26779307,-0.541950047,3.817950249,9.082950592
0.270317068,-0.5629500151,3.829950094,9.088050842
0.272841068,-0.5680500269,3.859050274,9.05700016
0.275364839,-0.5440500379,3.861000299,8.892000198
0.277888837,-0.565950036,3.856950283,9.126000404
0.280412837,-0.6060000062,3.828000069,9.162000656
0.282936837,-0.6060000062,3.865950108,8.98995018
0.285460762,-0.565950036,3.840000153,9.10695076
0.287984746,-0.5320500135,3.829950094,9.160050392
0.290508746,-0.4870500267,3.811050177,9.126000404
0.293032746,-0.405000031,3.808950186,9.232050896
0.295556517,-0.3070500195,3.801000118,9.220050812
0.298080542,-0.2350500077,3.805950165,9.201000214
0.300604542,-0.1519500017,3.78000021,9.24105072
0.303128467,-0.07304999977,3.763050079,9.244050026
0.305652465,-0.03195000067,3.751050234,9.226950645
0.308176465,0.04905000329,3.744000196,9.237000465
0.310700465,0.0390000008,3.742050171,9.24600029
0.313224237,0.04095000029,3.708000183,9.250950813
0.315748235,0.04605000094,3.687000275,9.244050026
0.318272231,0.05295000225,3.687000275,9.237000465
0.320796156,0.07995000482,3.663000107,9.198000908
0.323320154,0.1080000028,3.646050215,9.213000298
0.325844154,0.1110000089,3.64800024,9.18405056
0.328367945,0.1350000054,3.684000254,8.740950584
0.330891943,0.03705000132,3.610050201,9.739050865
0.333415943,0.1750500053,3.655050278,9.024000168
0.335939943,0.3169500232,3.603000164,9.166950226
0.338463923,0.2639999986,3.660000086,9.310950279
0.340987848,0.3049500287,3.627000093,9.12405014
0.343511846,0.364950031,3.639000177,9.138000488
0.346035617,0.2380500138,3.646050215,9.253050804
0.348559842,0.3259500265,3.652950287,9.032999992
0.351083613,0.2740500271,3.646050215,9.088050842
0.353607534,0.2449500114,3.619050264,9.10695076
0.356131534,0.2760000229,3.628950119,8.976000786
0.358655548,0.2380500138,3.60495019,9.028050423
0.361179548,0.2590500116,3.627000093,8.929950714
0.36370332,0.1800000072,3.583950281,8.965950012
0.366227548,0.1900500059,3.579000235,8.949000359
0.368751325,0.1870500147,3.568950176,8.956050873
0.371275246,0.07304999977,3.58095026,8.976000786
0.373799323,0.06105000153,3.556950092,8.983050346
0.376323248,0.0150000006,3.543000221,9.0499506
0.378847251,-0.06795000285,3.562050104,9.088050842
0.381371022,-0.1350000054,3.567000151,9.10695076
0.383895251,-0.228000015,3.574050188,9.148050308
0.386419022,-0.2310000062,3.547950268,9.17400074
0.38894301,-0.2380500138,3.532950163,9.160050392
0.391466935,-0.3450000286,3.550050259,9.244050026
0.393990933,-0.4800000191,3.592950106,8.956050873
0.396514933,-0.2760000229,3.535950184,9.277050018
0.399038728,-0.5680500269,3.550050259,9.607950211
0.401562957,-0.5470499992,3.615000248,9.06704998
0.404086728,-0.42900002,3.588000059,9.283950806
0.406610649,-0.5920500159,3.655050278,9.17895031
0.409134639,-0.5590500236,3.627000093,9.094950676
0.411658639,-0.5920500159,3.667050123,9.328050613
0.414182639,-0.5749500394,3.688950062,9.105000496
0.416706639,-0.5680500269,3.732000113,9.081000328
0.419230416,-0.5800500512,3.71295023,9.126000404
0.421754414,-0.5610000491,3.733950138,9.064050674
0.424278414,-0.5899500251,3.745950222,9.064050674
0.426802339,-0.6400500536,3.763050079,9.093000412
0.429326352,-0.6610500216,3.799050093,9.05700016
0.431850352,-0.7090500593,3.804000139,9.11700058
0.434374123,-0.7450500131,3.811050177,9.082950592
0.436898121,-0.7410000563,3.829950094,9.081000328
0.439422106,-0.7309500575,3.84705019,9.10695076
0.441946031,-0.7140000463,3.841950178,9.130949974
0.444470029,-0.724050045,3.84705019,9.169950485
0.446994029,-0.6780000329,3.865950108,9.136050224
0.449518029,-0.6520500183,3.895050287,8.973000526
0.452042029,-0.6810000539,3.883050203,9.141000748
0.4545658,-0.6570000052,3.924000263,9.06704998
0.457089798,-0.6760500073,3.912000179,9.058950424
0.459613718,-0.7380000353,3.936000109,9.11700058
0.462137793,-0.7309500575,3.936000109,9.05700016
0.464661718,-0.748050034,3.913950205,9.091050148
0.467185716,-0.7600500584,3.913950205,9.097949982
0.469709479,-0.7410000563,3.907050133,9.069000244
0.472233477,-0.7549500465,3.897000074,9.094950676
0.474757477,-0.724050045,3.877950191,9.097949982
0.477281402,-0.7309500575,3.868050098,9.103050232
0.479805476,-0.7290000319,3.859050274,9.112050056
0.482329401,-0.748050034,3.849000216,9.115050316
0.484853399,-0.7690500617,3.852000237,9.12195015
0.487377399,-0.7930500507,3.835050106,9.11700058
0.489901156,-0.7980000377,3.832950115,9.12195015
0.492425154,-0.7909500599,3.841950178,9.100049973
0.494949079,-0.8050500154,3.84705019,9.058950424
0.497473077,-0.8170500398,3.813000202,9.05505085
0.499997082,-0.8080500364,3.817950249,9.034950256
0.502521082,-0.8269500136,3.804000139,9.028050423
0.505044853,-0.8149500489,3.799050093,9.061950684
0.507568851,-0.8029500246,3.789000273,9.061950684
0.510092841,-0.8290500641,3.804000139,9.073950768
0.512616841,-0.8170500398,3.792000294,9.112050056
0.515140841,-0.8479500413,3.778050184,9.12405014
0.517664767,-0.8509500623,3.75600028,9.157950401
0.520188775,-0.8479500413,3.748950243,9.205050468
0.522712546,-0.834000051,3.772950172,9.186000824
0.525236544,-0.8200500607,3.75600028,9.202950478
0.527760544,-0.7639500499,3.720000267,9.220050812
0.530284553,-0.721050024,3.700950146,9.226950645
0.532808553,-0.6780000329,3.688950062,9.229050636
0.535332478,-0.6259500384,3.676950216,9.202950478
0.537856476,-0.5869500041,3.691050291,9.190950394
0.540380228,-0.5230500102,3.676950216,9.198000908
0.542904226,-0.4890000224,3.676950216,9.205050468
0.545428226,-0.4650000334,3.688950062,9.162000656
0.547952151,-0.4510500133,3.69900012,9.138000488
0.550476139,-0.4320000112,3.691050291,9.153000832
0.553000139,-0.4080000222,3.718050241,9.130949974
0.555524139,-0.3859500289,3.71505022,9.097949982
0.558048139,-0.3670500219,3.708000183,9.100049973
0.560571901,-0.3570000231,3.721950293,9.103050232
0.563095899,-0.3430500031,3.703050137,9.088050842
0.565619899,-0.3049500287,3.724950075,9.093000412
0.568143825,-0.295050025,3.709950209,9.112050056
0.570667832,-0.2520000041,3.706050158,9.094950676
0.573191832,-0.2520000041,3.720000267,9.12195015
0.575715832,-0.2569500208,3.718050241,9.162000656
0.578239603,-0.2740500271,3.71295023,9.133950233
0.580763601,-0.2710500062,3.727050066,9.145950317
0.583287526,-0.2760000229,3.708000183,9.17895031
0.585811524,-0.2710500062,3.696000099,9.141000748
0.588335524,-0.2539499998,3.688950062,9.17895031
0.590859515,-0.2500500083,3.675000191,9.17400074
0.593383286,-0.2400000095,3.700950146,8.782050133
0.595907284,-0.4120500088,3.64800024,9.747000694
0.598431284,-0.1540500075,3.643050194,8.98800087
0.600955284,-0.1950000077,3.636000156,9.10695076
0.603479284,-0.1990500093,3.684000254,9.237000465
0.606003209,-0.1110000089,3.646050215,8.889000893
0.608527207,-0.228000015,3.624000072,9.112050056
0.611051216,-0.0889500007,3.615000248,8.869950294
0.613574988,-0.3450000286,3.568950176,9.577050209
0.616098986,-0.2639999986,3.664950132,8.692950249
0.618622986,-0.1469999999,3.562050104,9.268050194
0.621146977,-0.1279500127,3.588000059,9.318000793
0.623670902,-0.09195000678,3.5239501,9.024000168
0.6261949,-0.07005000114,3.574050188,9.220050812
0.628718671,-0.06795000285,3.547950268,9.208050728
0.631242664,-0.0150000006,3.58095026,9.004050255
0.633766664,0.04605000094,3.552000284,9.196050644
0.636290589,0.01305000018,3.586050272,9.196050644
0.638814664,0.1129500046,3.612000227,9.064050674
0.641338594,0.1319999993,3.610050201,9.222000122
0.643862592,0.1680000126,3.622050285,9.262950897
0.646386592,0.2089500129,3.60495019,9.148050308
0.648910363,0.2710500062,3.651000261,9.232050896
0.651434356,0.2830500007,3.643050194,9.298950195
0.653958356,0.3600000143,3.627000093,9.292050362
0.656482281,0.4170000255,3.612000227,9.352050781
0.659006279,0.3960000277,3.627000093,9.292050362
0.661530303,0.4650000334,3.600000143,9.391950607
0.664054075,0.5230500102,3.59100008,9.358950615
0.666578073,0.4920000136,3.588000059,9.346950531
0.669102073,0.5269500017,3.622050285,9.316050529
0.671626068,0.5820000172,3.622050285,9.322950363
0.674150068,0.565950036,3.646050215,9.319950104
0.676673993,0.565950036,3.627000093,9.274950027
0.679197762,0.6570000052,3.67200017,9.136050224
0.68172175,0.6829500198,3.652950287,9.265050888
0.68424575,0.6640500426,3.667050123,9.258000374
0.68676975,0.7189500332,3.655050278,9.220050812
0.68929375,0.7980000377,3.663000107,9.30795002
0.691817661,0.8119500279,3.670050144,9.24600029
0.694341659,0.835950017,3.64800024,9.328050613
0.696865659,0.8479500413,3.636000156,9.366000175
0.699389659,0.8410500288,3.655050278,9.342000008
0.701913435,0.8220000267,3.655050278,9.418950081
0.704437433,0.7720500231,3.634050131,9.406949997
0.706961358,0.7549500465,3.64800024,9.403950691
0.709485433,0.724050045,3.639000177,9.414000511
0.712009372,0.7309500575,3.663000107,9.399000168
0.714533142,0.7620000243,3.643050194,9.387000084
0.71705737,0.7879500389,3.612000227,9.457050323
0.719581142,0.8290500641,3.610050201,9.427950859
0.722105135,0.8509500623,3.636000156,9.397050858
0.724629135,0.8940000534,3.619050264,9.409049988
0.72715306,0.919950068,3.640950203,9.409049988
0.729677058,0.9150000215,3.636000156,9.378000259
0.732201044,0.9010500312,3.670050144,9.343950272
0.734725044,0.9250500202,3.664950132,9.318000793
0.737248815,0.9180000424,3.67200017,9.277050018
0.739772813,0.8959500194,3.679050207,9.24105072
0.742296762,0.9100500345,3.664950132,9.220050812
0.74482076,0.9030000567,3.684000254,9.136050224
0.74734476,0.9370500445,3.663000107,9.130949974
0.749868531,0.943950057,3.64800024,9.10695076
0.75239275,0.9510000348,3.634050131,9.045000076
0.754916521,0.9820500612,3.675000191,9.0
0.757440519,0.9750000238,3.64800024,8.965950012
0.759964519,0.9750000238,3.646050215,8.935050011
0.762488444,0.9679500461,3.655050278,8.959050179
0.765012442,0.9420000315,3.667050123,8.913000107
0.767536442,0.8989500403,3.670050144,8.92305088
0.770060214,0.8839500546,3.670050144,8.92095089
0.772584212,0.8700000644,3.67200017,8.916000366
0.775108212,0.862950027,3.682050228,8.913000107
0.777632137,0.834000051,3.709950209,8.913000107
0.780156135,0.4630500078,3.754050255,8.821949959
0.782680145,0.5940000415,3.727050066,8.940000534
0.785204145,0.4440000355,3.778050184,8.937000275
0.787728145,0.724050045,3.748950243,8.980050087
0.790251916,0.6640500426,3.778050184,8.880000114
0.792775832,0.5850000381,3.78000021,8.947050095
0.795299832,0.7519500256,3.754050255,8.904000282
0.797823832,0.5250000358,3.784950256,8.940000534
0.800347832,0.5629500151,3.784950256,8.892000198
0.802871841,0.5130000114,3.792000294,8.875050545
0.805395612,0.4320000112,3.808950186,8.884950638
0.80791961,0.4150500298,3.829950094,8.851050377
0.81044361,0.324000001,3.849000216,8.836950302
0.812967605,0.2860500216,3.883050203,8.832000732
0.81549153,0.2089500129,3.900000095,8.808000565
0.818015528,0.08700000495,3.916050196,8.806050301
0.820539528,0.06105000153,3.92805028,8.833950043
0.823063504,-0.05100000277,3.943050146,8.833950043
0.825587276,-0.3289500177,4.101000309,8.710050583
0.828111197,-1.095000029,4.474050045,7.791000366
0.830635274,-0.6780000329,3.921000242,9.258000374
0.833159203,-0.4150500298,3.733950138,9.415950775
0.835683201,-0.4390500188,4.297049999,8.587950706
0.838207201,-0.3289500177,4.407000065,7.957950592
0.840730972,-0.3019500077,4.062000275,8.863050461
0.843254956,-0.5059500337,3.871050119,9.273000717
0.845778956,-0.4459500313,4.018949986,8.949000359
0.848302956,-0.4510500133,4.318950176,8.530050278
0.850826881,-0.5800500512,4.290000439,8.563950539
0.853350869,-0.5629500151,4.006950378,9.081000328
0.85587464,-0.4920000136,3.993000269,9.250950813
0.858398638,-0.4770000279,4.273050308,8.690999985
0.860922638,-0.433950007,4.378050327,8.475000381
0.863446648,-0.42900002,4.237050056,8.857950211
0.865970648,-0.3690000176,4.150950432,9.028050423
0.868494574,-0.3289500177,4.276050091,8.782050133
0.871018572,-0.2830500007,4.453050137,8.523000717
0.873542567,-0.2520000041,4.443000317,8.584950447
0.876066338,-0.2710500062,4.315950394,8.845950127
0.878590336,-0.1780500114,4.290000439,8.896950722
0.881114336,-0.1009500027,4.459950447,8.652000427
0.883638327,-0.06795000285,4.513050079,8.566050529
0.886162252,0.003000000026,4.417050362,8.764950752
0.88868625,0.06105000153,4.350000381,8.961000443
0.891210021,0.1200000048,4.431000233,8.896950722
0.893734033,0.1870500147,4.515000343,8.758049965
0.896258033,0.2310000062,4.491000175,8.863050461
0.898782033,0.2809500098,4.414050102,9.05505085
0.901305958,0.3360000253,4.411950111,9.093000412
0.903829956,0.3619500101,4.455000401,9.028050423
0.906353727,0.3889500201,4.456950188,9.045000076
0.908877956,0.3859500289,4.410000324,9.12195015
0.911401727,0.3720000088,4.342950344,9.217050552
0.913925734,0.405000031,4.339950085,9.220050812
0.916449734,0.4080000222,4.378050327,9.150000572
0.918973734,0.4219500124,4.339950085,9.17400074
0.92149766,0.3889500201,4.278000355,9.220050812
0.924021668,0.4200000167,4.2520504,9.210000038
0.926545668,0.4240500331,4.2520504,9.138000488
0.929069439,0.4800000191,4.216050148,9.109950066
0.931593437,0.5269500017,4.153050423,9.154950142
0.934117442,0.5509500504,4.062000275,9.177000046
0.936641442,0.5869500041,4.021950245,9.196050644
0.939165367,0.5899500251,3.988050222,9.18405056
0.941689136,0.5749500394,3.92805028,9.196050644
0.944213365,0.5590500236,3.844950199,9.24600029
0.946737136,0.5200500488,3.763050079,9.265050888
0.949261134,0.5179499984,3.69900012,9.265050888
0.951785134,0.4770000279,3.63105011,9.283950806
0.954309139,0.5010000467,3.567000151,9.301050186
0.956833064,0.5059500337,3.49695015,9.31305027
0.959357062,0.514950037,3.454050064,9.29595089
0.961881062,0.5440500379,3.433050156,9.286950111
0.964404824,0.5539500117,3.399000168,9.289050102
0.966928822,0.5470499992,3.373050213,9.30795002
0.969452822,0.5320500135,3.370050192,9.301050186
0.971976747,0.5010000467,3.367950201,9.273000717
0.974500756,0.5130000114,3.343950272,9.274950027
0.977024756,0.4939500093,3.307950258,9.274950027
0.979548756,0.4819500148,3.301050186,9.283950806
0.982072527,0.4680000246,3.25605011,9.310950279
0.984596539,0.45600003,3.253050089,9.289050102
0.987120539,0.45600003,3.201000214,9.316050529
0.989644464,0.4650000334,3.153000116,9.334950447
0.992168462,0.4770000279,3.145050049,9.330000877
0.994692472,0.4990500212,3.117000103,9.330000877
0.997216472,0.5200500488,3.105000257,9.343950272
0.999740243,0.5350500345,3.08100009,9.358950615
1.002264241,0.5680500269,3.034950256,9.340050697
1.004788236,0.5869500041,3.052050114,9.367950439
1.007312161,0.6210000515,3.04005003,9.355950356
1.009836159,0.6619500518,3.042000055,9.370950699
1.012360159,0.6850500107,3.034950256,9.390000343
1.01488394,0.697050035,3.061950207,9.391950607
1.017407938,0.7069500089,3.078000069,9.379950523
1.019931863,0.721050024,3.100050211,9.366000175
1.022455938,0.700050056,3.106950045,9.387000084
1.024979839,0.6829500198,3.130950212,9.387000084
1.027503837,0.6400500536,3.154950142,9.379950523
1.030027837,0.6109500527,3.202950239,9.366000175
1.032551608,0.5560500026,3.208050251,9.370950699
1.035075611,0.5059500337,3.246000051,9.391950607
1.037599536,0.4750500321,3.262950182,9.399000168
1.040123611,0.45600003,3.268050194,9.387000084
1.042647536,0.4800000191,3.262950182,9.390000343
1.045171534,0.5200500488,3.259950161,9.414000511
1.047695534,0.5250000358,3.282000065,9.411000252
1.050219305,0.565950036,3.286950111,9.427950859
1.052743303,0.5539500117,3.31305027,9.403950691
1.055267303,0.5490000248,3.319950104,9.387000084
1.057791303,0.5130000114,3.331950188,9.382950783
1.060315228,0.4699500203,3.349050045,9.375
1.062839226,0.4240500331,3.342000246,9.349050522
1.065362988,0.3720000088,3.366000175,9.346950531
1.088079489,-0.1159500033,3.433050156,9.202950478
1.090602683,-0.09195000678,3.435000181,9.18405056
1.093126683,-0.09405000508,3.433050156,9.18405056
1.095650606,-0.06105000153,3.442050219,9.208050728
1.098174611,-0.06105000153,3.450000048,9.217050552
1.100698611,-0.0580500029,3.442050219,9.225000381
1.10322238,-0.003000000026,3.457050085,9.202950478
1.10574638,-0.07304999977,3.457050085,9.238950729
1.108270366,-0.08400000632,3.484950066,9.222000122
1.110794291,-0.1319999993,3.508950233,9.222000122
1.113318289,-0.1489500105,3.505050182,9.226950645
1.115842289,-0.1609500051,3.49695015,9.220050812
1.118366293,-0.1800000072,3.543000221,9.202950478
1.120890065,-0.2070000172,3.532950163,9.177000046
1.123414063,-0.2520000041,3.555000067,9.162000656
1.125938063,-0.2740500271,3.562050104,9.118950844
1.128462003,-0.3019500077,3.571950197,9.103050232
1.130986001,-0.3360000253,3.56400013,9.133950233
1.133510001,-0.3570000231,3.56400013,9.103050232
1.136034001,-0.3720000088,3.556950092,9.097949982
1.138557752,-0.3499500155,3.550050259,9.069000244
1.14108175,-0.3220500052,3.559950113,9.04695034
1.14360575,-0.2929500043,3.529050112,9.058950424
1.146129675,-0.2689500153,3.529050112,9.091050148
1.148653643,-0.2329500169,3.532950163,9.05505085
1.151177643,-0.166050002,3.531000137,9.082950592
1.153701643,-0.1279500127,3.574050188,9.05505085
1.156225414,-0.1399500072,3.660000086,8.881950378
1.158749412,-0.1489500105,3.65805006,8.892000198
1.161273408,-0.1230000034,3.694050074,8.877000809
1.163797333,-0.1469999999,3.768000126,8.659950256
1.166321331,-0.2230500132,3.763050079,8.680950165
1.168845331,-0.2860500216,3.71505022,8.776950836
1.171369331,-0.3310500085,3.65805006,8.98800087
1.173893103,-0.45600003,3.708000183,9.06704998
1.176417101,-0.5779500008,3.748950243,9.05700016
1.178941101,-0.7570500374,3.718050241,9.25605011
1.18146504,-0.9370500445,3.694050074,9.433050156
1.183989038,-0.9730500579,3.687000275,9.559950829
1.186513038,-0.9510000348,3.73905015,9.523950577
1.189037038,-0.9610500336,3.816000223,9.442950249
1.191560823,-0.9060000181,3.82095027,9.438000679
1.194084821,-0.838950038,3.828000069,9.364050865
1.196608821,-0.7620000243,3.892050266,9.217050552
1.199132746,-0.7519500256,4.05795002,8.869950294
1.201656744,-0.7450500131,4.050000191,8.635950089
1.204180744,-0.7999500632,4.089000225,8.764950752
1.206704744,-0.8460000157,4.157999992,8.466000557
1.20922851,-0.9319500327,4.323000431,8.145000458
1.211752508,-1.150050044,4.405050278,8.016000748
1.214276508,-1.504050016,4.563000202,8.113950729
1.216800434,-1.921050072,4.792950153,7.537050247
1.219324437,-1.978050113,4.584000111,8.083050728
1.221848437,-2.148000002,4.599000454,8.419950485
1.224372208,-1.981050134,4.534049988,8.077950478
1.226896206,-1.738950133,4.335000038,8.80095005
1.229420206,-1.786950111,4.345050335,8.734050751
1.231944206,-1.605000019,4.081950188,8.964000702
1.234468102,-1.701000094,4.089000225,9.370950699
1.2369921,-1.66200006,4.146000385,9.198000908
1.2395161,-1.624050021,4.137000084,9.346950531
1.242039871,-1.617000103,4.138950348,9.615000725
1.244563855,-1.380000114,4.201050282,9.507000923
1.247087855,-1.147950053,4.267950058,9.498000145
1.249611855,-0.8989500403,4.278000355,9.603000641
1.25213578,-0.5269500017,4.282950401,9.538050652
1.254659773,-0.2070000172,4.242000103,9.628950119
1.257183773,0.003000000026,4.264050007,9.592950821
1.259707544,0.1159500033,4.290000439,9.495000839
1.262231542,0.2070000172,4.213050365,9.568950653
1.264755523,0.2380500138,4.149000168,9.688950539
1.267279523,0.3100500107,4.11495018,9.5020504
1.269803449,0.295050025,4.122000217,9.387000084
1.272327447,0.3480000198,4.062000275,9.280050278
1.274851447,0.4170000255,3.95505023,9.274950027
1.277375218,0.4080000222,3.981000185,9.17895031
1.279899206,0.4170000255,4.018949986,8.961000443
1.282423206,0.3910500109,4.048050404,8.889000893
1.284947131,0.3289500177,4.05795002,8.881950378
1.287471129,0.2880000174,4.084050179,8.796000481
1.289995124,0.2500500083,4.089000225,8.723999977
1.292519124,0.2020500153,4.072050095,8.692950249
1.295042895,0.1249500066,4.065000057,8.674050331
1.297566893,0.0580500029,4.038000107,8.664000511
1.300090893,0.0270000007,3.993000269,8.719050407
1.302614893,0.04605000094,3.949950218,8.723999977
1.305138818,0.1249500066,3.885000229,8.767050743
1.307662831,0.1920000017,3.817950249,8.857950211
1.310186831,0.3070500195,3.754050255,8.899050713
1.312710602,0.4150500298,3.663000107,8.983050346
1.315234601,0.5250000358,3.627000093,9.05700016
1.31775863,0.6280500293,3.579000235,9.10695076
1.320282555,0.7050000429,3.571950197,9.160050392
1.322806553,0.7690500617,3.571950197,9.258000374
1.325330544,0.8959500194,3.600000143,9.294000626
1.327854544,0.9750000238,3.643050194,9.265050888
1.330378315,0.9990000725,3.664950132,9.343950272
1.332902313,1.059000015,3.700950146,9.29595089
1.335426308,1.069050074,3.724950075,9.280050278
1.337950233,1.075950027,3.745950222,9.24600029
1.340474231,1.057050109,3.744000196,9.24600029
1.342998226,1.021050096,3.730050087,9.229050636
1.345522226,0.9780000448,3.708000183,9.237000465
1.348045997,0.9750000238,3.660000086,9.232050896
1.350569976,0.9490500689,3.628950119,9.399000168
1.353093976,1.083000064,3.627000093,9.12405014
1.355617901,0.9990000725,3.600000143,9.277050018
1.358141899,1.036949992,3.559950113,9.253050804
1.360665899,1.060950041,3.583950281,9.253050804
1.363189671,1.047000051,3.627000093,9.198000908
1.365713669,1.215000033,3.567000151,9.234000206
1.368237669,1.215000033,3.588000059,9.358950615
1.370761683,1.276950002,3.634050131,9.082950592
1.373285608,1.308000088,3.5400002,9.280050278
1.375809606,1.40805006,3.475950241,9.415950775
1.378333606,1.324950099,3.550050259,9.355950356
1.380857377,1.666950107,3.451950073,9.093000412
1.383381375,1.288950086,3.49695015,9.220050812
1.385905366,1.87800014,2.230950117,11.16900063
1.388429366,1.339050055,4.668000221,7.579950333
1.390953291,1.012950063,3.447000265,7.800000191
1.393477289,1.894950032,2.05095005,12.16500092
1.396001298,0.9799500704,4.204050064,8.365050316
1.398525069,1.054050088,3.670050144,6.71805048
1.401049067,1.899000049,2.740950108,12.11895084
1.403573067,0.2899500132,4.333050251,6.993000507
1.406097067,1.510950089,2.868000031,9.04695034
1.408620992,0.8530500531,3.754050255,10.92195034
1.411144995,0.2449500114,3.904050112,6.27300024
1.413668995,1.363050103,3.094950199,11.06100082
1.416192767,-0.1279500127,3.880050182,8.952000618
1.418716765,0.7500000596,3.543000221,8.289000511
1.421240765,0.4720500112,3.451950073,9.900000572
1.423764765,0.2980500162,3.586050272,9.670050621
1.42628869,0.6330000162,3.706050158,8.016000748
1.428812688,0.3690000176,3.319950104,10.49100018
1.431336693,0.6180000305,3.466050148,8.809950829
1.433860464,0.8790000677,3.63105011,9.367950439
1.436384462,-0.07005000114,3.595950127,8.916000366
1.438908462,1.357950091,3.12195015,10.07700062
1.441432447,-0.2020500153,3.889950275,8.776950836
1.443956372,0.5730000138,3.402000189,9.070950508
1.44648037,0.5710500479,3.450000048,9.433050156
1.44900437,-0.03705000132,3.588000059,9.430950165
1.451528151,0.7410000563,3.579000235,8.455950737
1.454052149,0.1369500011,3.667050123,9.841950417
1.456576149,0.0270000007,3.721950293,8.414999962
1.459100074,0.7930500507,3.370050192,9.478050232
1.461624072,-0.2569500208,3.864000082,9.154950142
1.464148072,0.4440000355,3.595950127,8.430000305
1.466672072,0.3720000088,3.478050232,9.387000084
1.469195844,0.08700000495,3.696000099,9.076050758
1.471719827,0.4920000136,3.556950092,8.548950195
1.474243827,0.228000015,3.508950233,9.253050804
1.476767752,0.319050014,3.49695015,9.05700016
1.47929175,0.1920000017,3.552000284,8.743050575
1.481815755,0.1009500027,3.508950233,9.172050476
1.484339755,0.1039500013,3.547950268,8.971050262
1.486863526,-0.1420500129,3.562050104,8.941950798
1.489387524,-0.1369500011,3.552000284,9.103050232
1.491911524,-0.2190000117,3.600000143,8.92800045
1.494435449,-0.3889500201,3.639000177,8.98800087
1.496959447,-0.4120500088,3.624000072,9.016050339
1.499483447,-0.4800000191,3.627000093,8.977950096
1.502007438,-0.538950026,3.619050264,9.037950516
1.504531209,-0.5710500479,3.598050117,9.085950851
1.507055207,-0.6610500216,3.58095026,9.082950592
1.509579216,-0.700050056,3.550050259,9.177000046
1.512103141,-0.721050024,3.532950163,9.196050644
1.514627139,-0.7309500575,3.507000208,9.225000381
1.517151144,-0.7140000463,3.49695015,9.274950027
1.519674916,-0.7380000353,3.490050077,9.330000877
1.522198914,-0.7309500575,3.508950233,9.280050278
1.524722914,-0.7069500089,3.562050104,9.262950897
1.527246914,-0.7020000219,3.520950079,9.340050697
1.529770839,-0.7090500593,3.552000284,9.397050858
1.532294837,-0.6810000539,3.624000072,9.17400074
1.534818832,-0.7189500332,3.595950127,9.382950783
1.537342603,-0.8080500364,3.603000164,9.337050438
1.539866601,-0.8430000544,3.583950281,9.414000511
1.54239062,-0.8790000677,3.567000151,9.433050156
1.54491462,-0.9180000424,3.502050161,9.43500042
1.547438545,-0.8959500194,3.481050253,9.473999977
1.549962543,-0.862950027,3.466050148,9.523950577
1.552486543,-0.7690500617,3.484950066,9.493050575
1.555010314,-0.6640500426,3.487950087,9.361050606
1.557534312,-0.5470499992,3.471000195,9.475950241
1.560058312,-0.4440000355,3.517050266,9.37305069
1.562582237,-0.3600000143,3.505050182,9.378000259
1.565106259,-0.2590500116,3.529050112,9.282000542
1.567630259,-0.1590000093,3.517050266,9.25605011
1.570154259,-0.01305000018,3.471000195,9.225000381
1.572678041,0.06495000422,3.460950136,9.250950813
1.575202039,0.2070000172,3.457050085,9.153000832
1.577726039,0.324000001,3.435000181,9.177000046
1.580249964,0.4530000091,3.439950228,9.157950401
1.582773957,0.5629500151,3.463950157,9.04695034
1.585297957,0.6780000329,3.451950073,8.980050087
1.587821957,0.7639500499,3.44505024,8.98995018
1.590345728,0.810000062,3.44505024,8.935050011
1.592869726,0.8290500641,3.44505024,8.905950546
1.595393726,0.7789500356,3.451950073,8.940000534
1.597917694,0.7309500575,3.493050098,8.91795063
1.600441692,0.6349500418,3.499950171,8.992050171
1.602965692,0.5590500236,3.5239501,9.076050758
1.605489463,0.4890000224,3.535950184,9.097949982
1.608013461,0.4650000334,3.555000067,9.208050728
1.610537461,0.4200000167,3.576000214,9.30600071
1.613061461,0.4080000222,3.612000227,9.286950111
1.615585387,0.3979500234,3.610050201,9.370950699
1.618109356,0.3499500155,3.639000177,9.427950859
1.620633356,0.3310500085,3.65805006,9.387000084
1.623157127,0.2779500186,3.652950287,9.450000763
1.625681125,0.2470500171,3.652950287,9.459000587
1.628205111,0.2310000062,3.684000254,9.394950867
1.630729111,0.2160000056,3.664950132,9.387000084
1.633253036,0.2260500044,3.667050123,9.370950699
1.635777034,0.2520000041,3.682050228,9.292050362
1.638301034,0.2380500138,3.682050228,9.25605011
1.640824805,0.2140500098,3.868050098,9.142950058
1.643348793,0.2590500116,3.562050104,9.118950844
1.645872793,0.1950000077,3.706050158,9.30600071
1.648396793,0.106050007,3.727050066,8.86095047
1.650920718,-0.07500000298,3.721950293,9.142950058
1.653444721,-0.0150000006,3.730050087,9.081000328
1.655968721,-0.03405000269,3.706050158,9.160050392
1.658492492,-0.01305000018,3.757950068,8.875050545
1.661016485,-0.09900000691,3.817950249,9.322950363
1.663540485,-0.08400000632,3.796950102,9.024000168
1.666064485,-0.08205000311,3.861000299,9.160050392
1.668588402,0.01695000008,3.796950102,9.166950226
1.6711124,-0.05100000277,3.784950256,9.301050186
1.6736364,0.02895000204,3.837000132,9.10695076
1.676160171,0.001050000079,3.796950102,9.301050186
1.678684169,0.05295000225,3.775050163,9.214950562
1.681208169,0.0150000006,3.816000223,9.234000206
1.683732094,0.1369500011,3.784950256,9.208050728
1.686256092,0.2190000117,3.792000294,9.253050804
1.688780092,0.3979500234,3.825000286,9.142950058
1.691304087,0.4680000246,3.796950102,9.12195015
1.693827858,0.5820000172,3.778050184,9.142950058
1.696351856,0.6469500065,3.801000118,9.100049973
1.698875875,0.7309500575,3.736950159,9.082950592
1.7013998,0.6400500536,3.718050241,9.082950592
1.703923798,0.6300000548,3.718050241,9.016050339
1.706447798,0.6400500536,3.643050194,9.088050842
1.708971798,0.5779500008,3.663000107,9.100049973
1.71149557,0.5130000114,3.706050158,8.916000366
1.714019568,0.49605003,3.610050201,9.04695034
1.716543568,0.4890000224,3.646050215,9.082950592
1.719067493,0.4410000145,3.65805006,8.961000443
1.721591486,0.3670500219,3.616950274,9.012000084
1.724115486,0.324000001,3.568950176,9.157950401
1.726639257,0.2310000062,3.598050117,9.052050591
1.729163255,0.1870500147,3.574050188,9.129000664
1.73168725,0.1440000087,3.562050104,9.169950485
1.73421125,0.1969500035,3.507000208,9.150000572
1.736735166,0.1519500017,3.507000208,9.237000465
1.739259164,0.1830000132,3.529050112,9.133950233
1.741783164,0.2070000172,3.507000208,9.103050232
1.744306935,0.2140500098,3.471000195,9.268050194
1.746830933,0.2209500074,3.469050169,9.198000908
1.749354933,0.2329500169,3.481050253,9.12405014
1.751878923,0.2760000229,3.438000202,9.210000038
1.754402848,0.2779500186,3.433050156,9.214950562
1.756926846,0.3000000119,3.459000111,9.157950401
1.759450846,0.3000000119,3.450000048,9.196050644
1.761974623,0.2620500028,3.439950228,9.234000206
1.764498621,0.2089500129,3.640950203,8.839050293
1.767022621,0.319050014,3.217050076,9.808950424
1.769546621,-0.01995000057,3.592950106,9.016050339
1.772070546,-0.007950000465,3.63105011,9.04695034
1.774594544,-0.06495000422,3.471000195,9.316050529
1.777118544,-0.1540500075,3.603000164,9.261000633
1.779642315,-0.2350500077,3.622050285,9.169950485
1.782166356,-0.2980500162,3.682050228,8.916000366
1.784690356,-0.3960000277,3.691050291,9.154950142
1.787214281,-0.4080000222,3.804000139,9.034950256
1.789738279,-0.4120500088,3.667050123,8.467950821
1.792262308,-0.5350500345,3.667050123,9.91395092
1.794786308,-0.4600500166,3.789000273,8.80095005
1.797310079,-0.3960000277,3.883050203,9.213000298
1.799834077,-0.3289500177,3.775050163,9.346950531
1.80235809,-0.1870500147,3.808950186,9.379950523
1.804882015,-0.06300000101,3.961950302,9.154950142
1.80740609,0.1440000087,3.933000088,9.370950699
1.809930015,0.1830000132,3.924000263,9.286950111
1.812453771,0.1319999993,4.069950104,9.280050278
1.814977769,0.2190000117,4.074000359,9.343950272
1.817501769,0.2710500062,4.029000282,9.342000008
1.820025774,0.1729500145,4.077000141,9.44505024
1.822549699,0.2380500138,4.066950321,9.390000343
1.825073697,0.2830500007,4.024050236,9.442950249
1.827597697,0.2620500028,4.038000107,9.490050316
1.830121473,0.2809500098,4.009950161,9.471000671
1.832645471,0.3600000143,3.979050159,9.459000587
1.835169471,0.4009500146,3.997950077,9.541050911
1.837693475,0.3019500077,4.052999973,9.316050529
1.8402174,0.4410000145,4.006950378,9.379950523
1.842741398,0.49605003,4.027050018,9.378000259
1.845265394,0.5820000172,4.05795002,9.217050552
1.847789165,0.7090500593,4.072050095,9.079050064
1.850313163,0.748050034,4.507950306,9.162000656
1.852837163,1.018050075,4.744950294,8.796000481
1.855361092,0.9820500612,4.594050407,8.644950867
1.85788509,1.116000056,4.126950264,9.426000595
1.86040909,1.075950027,3.727050066,9.423000336
1.86293309,1.047000051,3.511950254,9.519000053
1.865456862,1.21905005,3.265050173,9.378000259
1.86798086,1.11195004,3.520950079,9.318000793
1.87050486,1.222050071,3.913950205,8.787000656
1.873028785,1.339050055,4.077000141,8.723999977
1.875552778,1.459050059,4.072050095,8.602050781
1.878076778,1.285950065,4.222949982,8.775000572
1.880600778,1.252950072,4.093950272,8.715000153
1.883124549,1.294050097,3.880050182,8.937000275
1.885648547,1.011000037,4.029000282,9.238950729
1.888172547,1.143000007,3.861000299,8.614050865
1.890696472,1.102050066,3.793950081,9.459000587
1.89322047,1.167000055,3.778050184,9.29595089
1.895744456,1.24605,3.808950186,8.92800045
1.898268227,1.17900002,3.895050287,9.105000496
1.900792225,1.279050112,3.816000223,9.166950226
1.903316225,1.381950021,3.796950102,9.031050682
1.905840211,1.399050117,3.811050177,9.037950516
1.908364136,1.401000023,3.721950293,9.064050674
1.910888134,1.417950034,3.615000248,9.145950317
1.913412134,1.392000079,3.622050285,9.103050232
1.915935915,1.372950077,3.64800024,8.944950104
1.918459913,1.267050028,3.361050129,8.521050453
1.920983913,1.228950024,3.373050213,10.93905067
1.923507923,1.156949997,4.237050056,7.285050392
1.926031848,1.396950126,3.709950209,8.656949997
1.928555846,1.507050037,3.141000032,11.33205032
1.931079826,1.54005003,4.153050423,7.407000542
1.933603597,1.630950093,4.204050064,8.479949951
1.936127595,1.789050102,3.622050285,9.850050926
1.938651595,1.921050072,4.335000038,8.578050613
1.941175595,1.597950101,4.908000469,8.097000122
1.94369952,1.806000113,3.793950081,9.30600071
1.946223518,1.866000056,3.268050194,9.808950424
1.948747504,1.368000031,3.3370502,9.342000008
1.951271275,1.425000072,3.174000263,9.37305069
1.953795273,1.533000112,2.925000191,9.663000107
1.956319273,1.30095005,3.282000065,9.364050865
1.958843204,1.416000009,3.64800024,8.695950508
1.961367202,1.480050087,3.793950081,8.815050125
1.963891202,1.58100009,3.837000132,8.925000191
1.966415202,1.360950112,3.95505023,8.692950249
1.968938982,1.2739501,3.948000193,8.836950302
1.97146298,1.30095005,3.849000216,9.115050316
1.97398698,1.183050036,3.835050106,9.157950401
1.976510905,1.018050075,3.829950094,9.142950058
1.979034919,1.015950084,3.825000286,9.310950279
1.981558919,0.9970500469,3.811050177,9.367950439
1.98408269,0.9610500336,3.825000286,9.205050468
1.986606688,0.919950068,3.813000202,9.340050697
1.989130673,0.9180000424,3.912000179,9.318000793
1.991654673,0.726000011,3.967050076,9.463950157
1.994178598,0.8170500398,3.864000082,9.319950104
1.996702596,0.6520500183,3.916050196,9.601050377
1.999226611,0.6780000329,3.985950232,9.543000221
2.001750382,0.4510500133,3.900000095,9.382950783
2.00427438,0.4770000279,3.937950134,9.565050125
2.00679838,0.4459500313,3.871050119,9.414000511
2.009322398,0.3570000231,3.75600028,9.18900013
2.011846398,0.4129500091,3.889950275,9.268050194
2.014370324,0.4920000136,4.264050007,8.836950302
2.016894322,0.5989500284,4.410000324,8.391000748
2.019418088,0.7290000319,3.660000086,8.73900032
2.021942086,0.8770500422,3.162000179,9.130949974
2.024466086,0.6690000296,2.980050087,8.854050636
2.026990011,0.8269500136,3.13800025,8.703000069
2.029513996,0.7909500599,3.082950115,8.581050873
2.032037996,0.6229500175,3.262950182,8.607000351
2.034561996,0.7140000463,3.466050148,8.374950409
2.037085775,0.6469500065,3.555000067,8.274000168
2.039609773,0.6420000196,3.663000107,8.518050194
2.042133773,0.4680000246,3.732000113,8.539950371
2.044657698,0.4510500133,3.825000286,8.583000183
2.047181696,0.45600003,3.646050215,8.892000198
2.049705696,0.4129500091,3.5400002,9.0499506
2.052229701,0.2929500043,3.493050098,9.153000832
2.054753472,0.4320000112,3.397050142,9.331950188
2.057277471,0.2539499998,3.226950169,9.262950897
2.059801471,0.3139500022,3.378000259,9.44505024
2.06232541,0.1300500035,3.274950266,9.301050186
2.064849408,0.1900500059,3.277050257,9.270000458
2.067373408,0.08205000311,3.289050102,9.421050072
2.069897179,0.1870500147,3.31305027,9.301050186
2.072421192,0.1159500033,3.298950195,9.220050812
2.074945192,0.2639999986,3.346950054,9.378000259
2.077469192,0.2520000041,3.181050062,9.198000908
2.079993117,0.228000015,3.211950064,9.273000717
2.082517105,0.3550500274,3.174000263,9.334950447
2.085041105,0.2639999986,3.190950155,9.270000458
2.087564876,0.3790500164,3.258000135,9.25605011
2.090088874,0.3139500022,3.286950111,9.262950897
2.09261287,0.364950031,3.426000118,9.282000542
2.09513687,0.337950021,3.507000208,9.157950401
2.09766087,0.2470500171,3.787050247,9.390000343
2.100184795,0.228000015,4.33095026,8.992050171
2.102708812,0.0580500029,4.666050434,8.734050751
2.105232584,0.06795000285,4.029000282,9.580950737
2.107756812,0.04395000264,3.555000067,9.883050919
2.110280584,-0.2830500007,3.511950254,9.619950294
2.112804582,-0.2899500132,3.793950081,9.844950676
2.115328507,-0.5779500008,3.469050169,9.547950745
2.117852505,-0.5560500026,3.69900012,9.841950417
2.120376505,-0.4720500112,3.912000179,9.31305027
2.122900276,-0.1609500051,3.885000229,9.157950401
2.125424274,-0.1489500105,3.964050293,9.238950729
2.127948274,-0.3220500052,4.024050236,9.153000832
2.130472199,-0.3739500046,4.222949982,8.937000275
2.132996192,-0.1230000034,3.952050209,9.30600071
2.135520192,-0.228000015,4.006950378,9.352050781
2.138044192,-0.2260500044,4.03605032,9.061950684
2.140567963,-0.1680000126,3.900000095,9.286950111
2.143091951,0.05100000277,3.864000082,9.340050697
2.145615951,0.1039500013,3.924000263,9.12405014
2.148139951,0.1950000077,3.967050076,8.929950714
2.150663876,0.2880000174,3.877950191,9.052050591
2.153187874,0.42900002,3.889950275,9.032999992
2.155711646,0.5200500488,3.907050133,8.803050041
2.158235874,0.4939500093,3.92805028,8.875050545
2.160759646,0.5509500504,4.405050278,8.775000572
2.16328363,0.7170000076,4.624950409,8.31704998
2.165807555,0.7620000243,4.062000275,8.659950256
2.168331553,0.7380000353,3.56400013,9.270000458
2.170855524,0.3619500101,3.31305027,9.164999962
2.173379295,0.2590500116,3.354000092,9.213000298
2.175903293,0.2470500171,3.153000116,9.019050598
2.178427293,0.06105000153,3.262950182,9.164999962
2.180951293,0.3550500274,3.28395009,8.808000565
2.183475218,0.3690000176,3.421050072,8.690999985
2.185999216,0.6109500527,3.295950174,8.650050163
2.188523216,0.6139500141,3.339000225,8.980050087
2.191046987,0.7519500256,3.531000137,8.743050575
2.193571216,0.8719500303,3.535950184,8.796000481
2.196094977,0.9340500236,3.49695015,8.925000191
2.198618975,0.9340500236,3.406050205,9.162000656
2.2011429,1.120950103,3.487950087,9.24105072
2.203666893,1.380000114,3.71505022,9.225000381
2.206190893,1.665000081,3.865950108,9.157950401
2.208714665,1.806000113,3.58095026,9.258000374
2.211238663,1.887000084,3.295950174,9.715050697
2.213762663,1.890000105,2.983050108,9.828000069
2.216286588,1.978050113,2.84100008,9.933000565
2.218810586,2.100000143,2.680950165,9.808950424
2.221334586,2.047950029,2.616000175,9.852000237
2.223858586,2.245950222,2.7739501,9.648000717
2.226382343,2.332950115,2.913000107,9.426000595
2.228906341,2.517000198,3.241050243,9.696000099
2.231430341,2.344950199,3.078000069,9.670050621
2.233954355,2.482950211,2.767050028,9.249000549
2.23647828,2.752050161,3.033000231,9.687000275
2.239002278,3.22995019,2.965950251,9.141000748
2.241526049,2.469000101,2.869950056,8.719050407
2.244050283,2.518950224,2.977950096,9.283950806
2.246574054,3.175050259,2.968050241,9.103050232
2.249098052,3.106050253,2.84100008,8.820000648
2.251621996,2.862000227,3.076050043,9.17400074
2.254145994,2.899950027,3.08100009,8.905950546
2.256669994,3.244950056,3.076050043,8.854050636
2.259193752,3.292950153,3.270000219,9.064050674
2.26171775,3.031950235,3.31305027,8.893950462
2.26424175,2.776050091,3.451950073,8.971050262
2.26676575,3.124950171,3.307950258,8.997000694
2.269289655,3.304950237,3.186000109,9.021000862
2.271813653,2.851950169,3.258000135,9.105000496
2.274337653,2.646000147,3.246000051,9.091050148
2.2768614,2.755950212,3.010950089,8.980050087
2.279385629,2.77305007,2.911050081,9.18900013
2.2819094,2.622000217,2.920050144,9.007050514
2.284433398,2.304000139,2.956050158,8.916000366
2.286957323,2.206050158,2.96295023,8.916000366
2.289481321,2.248950005,2.959050179,8.776950836
2.292005321,2.017050028,3.100050211,8.779050827
2.294529092,1.630950093,3.3370502,8.680950165
2.297053076,1.399050117,3.82095027,8.518050194
2.299577076,1.485000014,4.030950069,8.329050064
2.302101001,1.324950099,3.634050131,8.466000557
2.304625004,0.7519500256,3.346950054,9.045000076
2.307149004,0.2470500171,3.190950155,9.100049973
2.309672776,0.1350000054,3.322950125,9.129000664
2.312196774,0.2520000041,3.271950245,8.812950134
2.314720788,-0.2140500098,3.616950274,8.953950882
2.317244788,-0.1990500093,3.813000202,8.643000603
2.319768713,-0.01995000057,3.829950094,8.655000687
2.322292788,0.2520000041,3.817950249,8.803050041
2.324816713,0.106050007,3.949950218,8.839050293
2.327340482,-0.1230000034,4.065000057,8.776950836
2.329864725,-0.0150000006,4.117050171,8.973000526
2.332388496,-0.04095000029,4.129050255,8.901000023
2.334912494,-0.2639999986,4.228050232,8.98995018
2.337436419,-0.405000031,4.375950336,9.103050232
2.339960417,-0.4030500054,4.350000381,9.136050224
2.342484417,-0.3499500155,4.357050419,9.12405014
2.345008188,-0.4600500166,4.429050446,9.198000908
2.347532186,-0.5899500251,4.479000092,9.162000656
2.350056186,-0.6900000572,4.453050137,9.181950569
2.352580201,-0.6090000272,4.455000401,9.196050644
2.355104127,-0.5200500488,4.453050137,9.115050316
2.357628125,-0.5320500135,4.480950356,9.064050674
2.360152125,-0.4920000136,4.513050079,9.019050598
2.36267613,-0.3220500052,4.503000259,8.98800087
2.365199901,-0.09195000678,4.525050163,8.908950806
2.367723899,-0.01005000062,4.548000336,8.947050095
2.370247899,-0.03195000067,4.564949989,8.91795063
2.372771852,0.1039500013,4.620000362,8.952000618
2.37529585,0.3000000119,4.6270504,8.937000275
2.37781985,0.2209500074,4.693950176,9.028050423
2.380343621,0.1560000032,4.756950378,9.021000862
2.382867624,0.1830000132,4.804950237,9.093000412
2.385391624,0.2740500271,4.809000015,9.093000412
2.387915549,0.2329500169,4.807050228,9.069000244
2.390439547,0.1750500053,4.789950371,9.058950424
2.392963542,0.1590000093,4.696950436,9.094950676
2.395487542,0.1830000132,4.575000286,9.12405014
2.398011313,0.1950000077,4.510050297,9.091050148
2.400535311,0.1680000126,4.429050446,9.05700016
2.403059311,0.2209500074,4.363950253,9.04695034
2.405583237,0.3550500274,4.264050007,9.045000076
2.408107311,0.4650000334,4.222949982,9.021000862
2.410631232,0.5989500284,4.161000252,9.028050423
2.41315523,0.6499500275,4.089000225,9.088050842
2.41567923,0.724050045,4.085999966,9.085950851
2.418202982,0.8700000644,4.084050179,9.076050758
2.42072698,0.9870000482,4.129050255,9.129000664
2.423250905,1.018050075,4.157999992,9.150000572
2.425774903,1.128000021,4.156050205,9.157950401
2.428298903,1.318050027,4.126950264,9.274950027
2.430822674,1.384950042,4.168050289,9.366000175
2.433346672,1.456050038,4.113000393,9.249000549
2.435870687,1.435050011,3.979050159,9.406949997
2.438394612,1.497000098,3.844950199,9.712950706
2.440918687,1.555050015,3.804000139,9.541050911
2.443442607,1.471050024,3.778050184,9.547950745
2.445966605,1.557000041,3.7660501,9.481050491
2.448490605,1.573950052,3.801000118,9.475950241
2.451014377,1.684050083,3.744000196,9.30795002
2.453538375,1.708050132,3.576000214,9.364050865
2.4560623,1.693050027,3.531000137,9.406949997
2.458586375,1.657050133,3.514050245,9.31305027
2.4611103,1.606950045,3.547950268,9.226950645
2.463634298,1.62195003,3.519000053,9.172050476
2.466158302,1.501950026,3.505050182,9.268050194
2.468682073,1.468050122,3.511950254,9.153000832
2.471206071,1.345950007,3.508950233,9.157950401
2.473729996,1.309950113,3.459000111,9.225000381
2.476254005,1.092000008,3.675000191,9.220050812
2.478778005,1.132950068,3.663000107,8.916000366
2.481302005,1.03305006,3.370050192,9.076050758
2.483825776,0.8940000534,3.223950148,9.519000053
2.486349769,0.7330500484,3.271950245,9.234000206
2.488873769,0.6379500031,3.438000202,9.181950569
2.491397694,0.7519500256,3.397050142,9.034950256
2.493921769,0.5989500284,3.451950073,9.225000381
2.496445704,0.5610000491,3.5400002,9.076050758
2.498969702,0.4800000191,3.595950127,9.0499506
2.501493474,0.4840500355,3.567000151,9.105000496
2.504017472,0.3570000231,3.634050131,9.294000626
2.506541481,0.2070000172,3.871050119,9.112050056
2.509065406,0.3019500077,3.961950302,9.016050339
2.511589404,0.3600000143,3.627000093,9.130949974
2.514113404,0.05100000277,3.459000111,9.519000053
2.516637171,-0.03705000132,3.514050245,9.370950699
2.519161169,-0.01005000062,3.71505022,9.208050728
2.521685169,0.1369500011,3.727050066,8.976000786
2.524209169,0.04905000329,3.78000021,9.105000496
2.526733154,0.2040000111,3.804000139,9.016050339
2.529257079,0.2380500138,3.787050247,8.92305088
2.531781077,0.2689500153,3.799050093,9.004050255
2.534305077,0.2209500074,3.789000273,9.021000862
2.536828819,0.1780500114,3.817950249,8.98995018
2.539352817,0.1780500114,3.873000145,8.901000023
2.541876817,0.1750500053,3.897000074,8.911050797
2.544400817,0.2190000117,3.964050293,8.92305088
2.546924728,0.3499500155,4.009950161,8.875050545
2.549448726,0.4009500146,4.018949986,8.908950806
2.551972726,0.4680000246,4.03605032,8.836950302
2.554496726,0.4600500166,3.976050138,8.901000023
2.557020498,0.4579500258,3.952050209,8.977950096
2.559544419,0.4530000091,3.937950134,8.976000786
2.562068419,0.4819500148,3.919050217,8.98500061
2.564592419,0.5730000138,3.88800025,9.031050682
2.5671164,0.6040500402,3.876000166,9.025950432
2.569640171,0.6850500107,3.904050112,8.971050262
2.572164169,0.7720500231,3.907050133,9.032999992
2.574688169,0.8550000191,3.95505023,8.980050087
2.577212169,0.8580000401,3.991050243,8.949000359
2.579736169,0.8790000677,4.009950161,8.892000198
2.582260094,0.9060000181,4.230000019,8.899050713
2.584784092,1.106999993,4.326000214,8.614050865
2.587307863,1.03305006,4.134000301,8.632950783
2.589831866,0.8989500403,3.849000216,9.115050316
2.592355866,0.7960500121,3.682050228,9.18405056
2.594879866,0.6589500308,3.708000183,9.222000122
2.597403791,0.6570000052,3.792000294,8.92800045
2.599927769,0.5230500102,3.883050203,9.05700016
2.602451541,0.5820000172,3.943050146,8.997000694
2.604975769,0.6300000548,3.948000193,8.911050797
2.607499541,0.7069500089,3.948000193,8.839050293
2.61002353,0.7789500356,3.912000179,8.929950714
2.612547455,0.7170000076,3.856950283,8.868000031
2.615071453,0.6850500107,3.789000273,8.91795063
2.617595467,0.7170000076,3.667050123,8.940000534
2.620119238,0.6780000329,3.571950197,9.007050514
2.622643467,0.6420000196,3.483000278,8.959050179
2.625167238,0.6520500183,3.406050205,9.061950684
2.627691226,0.7050000429,3.399000168,9.007050514
2.630215226,0.721050024,3.363000154,8.992050171
2.632739151,0.721050024,3.355950117,8.965950012
2.635263144,0.7600500584,3.331950188,8.916000366
2.637786915,0.7620000243,3.310950041,8.92800045
2.640310913,0.7570500374,3.291000128,8.93295002
2.642834918,0.7140000463,3.334950209,8.881950378
2.645358918,0.7020000219,3.318000078,8.839050293
2.647882843,0.5940000415,3.25605011,8.929950714
2.650406841,0.5230500102,3.246000051,8.92095089
2.652930837,0.4510500133,3.247950077,8.893950462
2.655454609,0.3889500201,3.210000038,8.968050003
2.657978607,0.3409500122,3.222000122,8.977950096
2.660502587,0.3049500287,3.210000038,8.99505043
2.663026512,0.2620500028,3.202950239,9.040050507
2.665550587,0.2089500129,3.220050097,9.061950684
2.668074512,0.1489500105,3.235950232,9.05505085
2.67059851,0.1560000032,3.274950266,9.12195015
2.673122281,0.1560000032,3.298950195,9.105000496
2.675646279,0.1420500129,3.330000162,9.126000404
2.678170279,0.166050002,3.334950209,9.17895031
2.680694279,0.2020500153,3.355950117,9.153000832
2.683218204,0.2400000095,3.378000259,9.166950226
2.685742202,0.2449500114,3.399000168,9.193950653
2.688265973,0.2639999986,3.423000097,9.17400074
2.690790202,0.3220500052,3.451950073,9.154950142
2.693313968,0.3120000064,3.469050169,9.181950569
2.695837966,0.3070500195,3.511950254,9.166950226
2.698361891,0.3289500177,3.526050091,9.148050308
2.70088589,0.324000001,3.517050266,9.198000908
2.703409895,0.2380500138,3.547950268,9.18405056
2.705933666,0.1639500111,3.56400013,9.154950142
2.708457895,0.1519500017,3.552000284,9.18900013
2.710981661,0.07304999977,3.576000214,9.153000832
2.713505659,0.01995000057,3.612000227,9.162000656
2.716029659,0.001050000079,3.63105011,9.186000824
2.718553575,-0.02895000204,3.664950132,9.166950226
2.721077573,-0.05100000277,3.71295023,9.154950142
2.723601344,-0.04605000094,3.748950243,9.17895031
2.726125342,-0.02505000122,3.801000118,9.157950401
2.728649332,-0.0390000008,3.868050098,9.136050224
2.731173332,-0.01305000018,3.877950191,9.17895031
2.733697257,0.06105000153,3.931050301,9.157950401
2.73622126,0.1009500027,3.943050146,9.160050392
2.73874526,0.1609500051,3.937950134,9.210000038
2.74126926,0.2070000172,3.92805028,9.205050468
2.74379326,0.2659500241,3.92805028,9.208050728
2.746317031,0.2830500007,3.895050287,9.232050896
2.748840953,0.2929500043,3.907050133,9.205050468
2.751364953,0.364950031,3.904050112,9.148050308
2.753888953,0.433950007,3.924000263,9.169950485
2.756412938,0.4720500112,3.916050196,9.088050842
2.758936938,0.4800000191,3.940050125,9.032999992
2.761460709,0.4890000224,3.937950134,9.007050514
2.763984707,0.4510500133,3.961950302,8.941950798
2.766508722,0.3979500234,3.982950211,8.911050797
2.769032722,0.3550500274,3.979050159,8.93295002
2.771556647,0.3409500122,4.018949986,8.92095089
2.774080416,0.3049500287,4.038000107,8.925000191
2.776604414,0.2779500186,4.05795002,8.992050171
2.779128414,0.2809500098,4.072050095,8.98995018
2.781652414,0.2880000174,4.110000134,9.019050598
2.784176339,0.2929500043,4.117050171,9.103050232
2.786700337,0.3310500085,4.168050289,9.157950401
2.789224337,0.4129500091,4.18500042,9.136050224
2.791748337,0.4680000246,4.16505003,9.24105072
2.794272351,0.4890000224,4.16505003,9.232050896
2.796796122,0.541950047,4.146000385,9.222000122
2.799320121,0.5920500159,4.062000275,9.30795002
2.801844121,0.5820000172,4.018949986,9.349050522
2.804368046,0.5989500284,3.940050125,9.29595089
2.806892044,0.6300000548,3.868050098,9.298950195
2.809416044,0.6780000329,3.808950186,9.25605011
2.811939815,0.721050024,3.751050234,9.18900013
2.814463813,0.8220000267,3.720000267,9.141000748
2.816987813,0.9340500236,3.733950138,9.037950516
2.819511743,0.9970500469,3.757950068,8.977950096
2.822035741,1.080000043,3.751050234,8.964000702
2.824559741,1.175999999,3.78000021,8.905950546
2.827083722,1.227000117,3.793950081,8.905950546
2.829607493,1.227000117,3.792000294,8.965950012
2.832131491,1.24605,3.837000132,8.977950096
2.834655416,1.255050063,3.829950094,9.024000168
2.837179414,1.243050098,3.808950186,9.093000412
2.839703414,1.222050071,3.793950081,9.129000664
2.842227186,1.204950094,3.757950068,9.148050308
2.844751414,1.17900002,3.706050158,9.234000206
2.847275186,1.147950053,3.676950216,9.181950569
2.849799184,1.126049995,3.667050123,9.154950142
2.852323184,1.140000105,3.640950203,9.154950142
2.854847184,1.120950103,3.675000191,9.12405014
2.857371109,1.108950019,3.691050291,9.05505085
2.859895121,1.131000042,3.724950075,9.037950516
2.862418892,1.15200007,3.748950243,8.968050003
2.86494289,1.135950089,3.763050079,8.92095089
2.86746689,1.123950005,3.757950068,8.949000359
2.86999081,1.284000039,3.571950197,8.680950165
2.872514808,1.5160501,3.379950047,8.37195015
2.875038808,1.528050065,3.394050121,8.578050613
2.877562808,1.641000032,3.49695015,8.346000671
2.880086808,1.468050122,3.610050201,8.526000023
2.882610579,1.306050062,3.733950138,8.892000198
2.885134577,1.5160501,3.885000229,9.141000748
2.887658502,1.810950041,3.936000109,9.342000008
2.8901825,1.519050121,3.958950281,9.607950211
2.892706524,1.377000093,4.11495018,9.847050667
2.895230524,1.344000101,4.029000282,9.835050583
2.897754296,1.489950061,4.041000366,9.937950134
2.900278294,1.40805006,1.30005002,8.281050682
2.902802323,4.393949986,8.779050827,11.34795094
2.905326323,3.606000185,5.584950447,7.180050373
2.907850248,4.68900013,2.386050224,9.547950745
2.910374246,-1.545000076,0.6990000606,6.427950382
2.912898236,-5.0020504,2.058000088,14.57805061
2.915422007,0.3889500201,2.809950113,5.925000191
2.917946005,1.842000127,2.580000162,9.352050781
2.920469925,2.494950056,6.430050373,7.731000423
2.922994,1.252950072,5.389050484,7.390950203
2.925517925,0.919950068,4.618050098,7.929000378
2.928041923,2.55795002,1.174950004,8.566050529
2.930565914,0.1319999993,3.3370502,10.06005001
2.933089685,1.231050014,4.647000313,7.297050476
2.935613683,2.859000206,4.081950188,9.24105072
2.938137692,1.650000095,4.552950382,8.731050491
2.940661617,-0.9250500202,4.18200016,9.397050858
2.943185615,0.1750500053,4.735050201,9.471000671
2.945709615,1.617000103,4.230000019,9.403950691
2.948233387,2.19900012,6.181050301,9.282000542
2.950757385,1.135950089,5.917950153,8.169000626
2.953281385,-0.2350500077,5.011050224,10.56105042
2.955805371,-1.312950015,3.177000046,9.684000015
2.958329296,-1.926000118,2.977950096,10.88595009
2.960853294,-0.1540500075,4.16505003,9.838050842
2.963377294,0.3690000176,4.785000324,10.00800037
2.965901299,1.999950051,4.900050163,8.92800045
2.96842507,0.8269500136,4.276050091,8.956050873
2.970948991,-0.3000000119,4.156050205,9.24105072
2.973473068,-0.7120500207,3.71505022,9.164999962
2.975996977,-0.5590500236,3.438000202,9.567000389
2.978520975,0.5470499992,3.402000189,9.937950134
2.981044975,0.4720500112,3.073950052,9.960000038
2.983568746,-0.05295000225,2.571000099,9.261000633
2.98609273,1.413000107,1.069950104,6.687000275
2.98861673,1.036949992,1.357050061,8.074950218
2.99114073,2.179050207,3.117000103,8.323950768
2.99366464,4.320000172,2.683050156,5.736000061
2.996188638,2.887950182,3.361050129,9.190950394
2.99871241,1.441950083,2.29095006,8.290950775
3.001236418,2.092950106,1.603950024,7.873950481
3.003760418,1.308000088,2.224050045,9.646050453
3.006284343,2.701050043,1.912050128,8.560950279
3.008808418,2.005050182,3.403950214,9.571950912
3.011332348,1.483050108,2.725950241,9.473999977
3.013856346,1.59495008,2.310000181,9.210000038
3.016380346,0.4360500276,1.951050043,9.358950615
3.018904093,-0.3619500101,1.812000036,9.343950272
3.021428091,0.2620500028,2.788950205,9.232050896
3.023952091,0.3550500274,3.643050194,10.37100029
3.026476091,0.7570500374,4.270950317,9.694050789
3.029000016,0.6280500293,4.386000156,9.828000069
3.031524014,0.7639500499,4.290000439,9.921000481
3.034047785,1.023000002,4.243950367,9.739050865
3.036571783,0.3930000067,4.864050388,9.957000732
3.039095807,0.7860000134,5.257050037,9.739050865
3.041619807,1.384950042,5.215950012,9.8539505
3.044143732,1.405950069,4.941000462,9.940950394
3.04666773,0.7860000134,4.684950352,9.571950912
3.049191734,0.5820000172,4.611000061,9.473999977
3.051715734,0.9820500612,4.672950268,9.591000557
3.054239506,0.7810500264,4.684950352,9.18405056
3.056763427,0.862950027,4.777950287,9.261000633
3.059287524,1.021050096,4.809000015,8.980050087
3.061811449,0.6040500402,4.84800005,8.680950165
3.064335447,0.03195000067,5.014950275,8.503950119
3.066859447,0.09600000083,5.113050461,8.362950325
3.069383442,0.514950037,5.224050045,8.322000504
3.071907213,0.1249500066,5.097000122,8.50605011
3.074431211,-0.3600000143,5.070000172,8.451000214
3.076955211,-0.3859500289,4.909950256,8.37195015
3.079479136,-0.7740000486,4.618050098,8.650050163
3.082003134,-1.059000015,4.572000027,8.620950699
3.084526905,-0.9220500588,4.405050278,8.511000633
3.087050903,-0.4320000112,4.090950012,8.707050323
3.089574912,-0.4510500133,3.768000126,8.809950829
3.092098912,-0.7330500484,3.538050175,8.67195034
3.094622912,-0.4870500267,3.414000273,8.623950005
3.097146853,-0.514950037,3.238950253,8.832000732
3.099670851,-0.6540000439,3.310950041,8.889000893
3.102194851,-0.5490000248,3.339000225,8.830050468
3.104718622,-0.1870500147,3.351000071,9.001950264
3.10724262,-0.2590500116,3.373050213,9.05505085
3.10976662,-0.5800500512,3.490050077,9.093000412
3.112290545,-0.3430500031,3.733950138,9.220050812
3.114814571,-0.007950000465,3.754050255,9.274950027
3.117338571,-0.01695000008,3.796950102,9.622050285
3.119862571,0.2230500132,3.852000237,9.568950653
3.122386342,0.5230500102,3.708000183,9.604950905
3.12491034,0.538950026,3.567000151,9.897000313
3.12743434,0.2209500074,3.517050266,9.937950134
3.129958265,0.4390500188,3.60495019,9.72495079
3.132482273,0.8119500279,3.475950241,9.859050751
3.135006044,0.7740000486,3.483000278,9.916950226
3.137530273,0.8530500531,3.58095026,9.550050735
3.140054044,1.023000002,3.579000235,9.531000137
3.142578042,1.071000099,3.655050278,9.627000809
3.145102042,0.8550000191,3.733950138,9.375
3.147625968,1.051950097,3.801000118,9.274950027
3.150149966,1.497000098,3.789000273,9.30600071
3.152673966,1.413000107,3.688950062,9.258000374
3.155197737,1.336950064,3.622050285,9.244050026
3.157721735,1.480050087,3.576000214,9.17400074
3.160245735,1.557000041,3.459000111,9.088050842
3.162769745,1.389000058,3.366000175,9.130949974
3.16529367,1.483050108,3.339000225,9.032999992
3.167817668,1.753050089,3.331950188,8.877000809
3.170341439,1.461000085,3.268050194,8.968050003
3.172865441,1.078050017,3.363000154,8.944950104
3.175389441,1.006049991,3.475950241,8.719050407
3.177913441,0.9580500722,3.490050077,8.836950302
3.180437441,0.7429500222,3.603000164,8.929950714
3.182961347,0.6259500384,3.703050137,8.86095047
3.185485345,0.8599500656,3.751050234,9.001950264
3.188009345,0.6709500551,3.745950222,9.244050026
3.190533127,0.3930000067,3.793950081,9.370950699
3.193057125,0.5230500102,3.816000223,9.427950859
3.195581125,0.721050024,3.754050255,9.603000641
3.198105031,0.6400500536,3.742050171,9.66795063
3.200629029,0.4530000091,3.718050241,9.640950203
3.203153029,0.6139500141,3.745950222,9.696000099
3.205677029,0.4819500148,3.706050158,9.522000313
3.208200785,0.166050002,3.640950203,9.583950043
3.210724783,0.2520000041,3.687000275,9.403950691
3.213248783,0.4030500054,3.651000261,9.24105072
3.215772708,0.2710500062,3.598050117,9.277050018
3.218296706,0.1420500129,3.64800024,9.141000748
3.220820477,0.2160000056,3.721950293,8.965950012
3.223344706,0.2659500241,3.684000254,8.98995018
3.225868454,0.06495000422,3.682050228,8.941950798
3.228392452,0.1830000132,3.823050261,8.86095047
3.230916452,0.3049500287,3.793950081,8.844000816
3.233440377,0.1830000132,3.799050093,8.98500061
3.235964375,-0.01305000018,3.871050119,8.836950302
3.238488375,0.01005000062,3.828000069,8.797950745
3.241012375,0.1519500017,3.859050274,8.940000534
3.243536161,0.004950000439,3.837000132,8.827050209
3.246060159,0.06300000101,3.853950262,8.884950638
3.248584159,0.2880000174,3.823050261,8.848950386
3.251108103,0.2430000156,3.792000294,8.833950043
3.253632101,0.1830000132,3.837000132,8.815050125
3.256156101,0.3360000253,3.82095027,8.794050217
3.258679872,0.6040500402,3.811050177,8.731050491
3.26120387,0.5560500026,3.78000021,8.854050636
3.26372787,0.5820000172,3.825000286,8.845950127
3.26625187,0.7860000134,3.828000069,8.722050667
3.268775767,0.7360500097,3.816000223,8.908950806
3.271299765,0.6850500107,3.877950191,8.815050125
3.273823765,0.748050034,3.892050266,8.767050743
3.276347536,1.006049991,3.823050261,8.830050468
3.278871534,0.9370500445,3.804000139,8.901000023
3.281395534,0.8050500154,3.787050247,8.808000565
3.283919534,0.9730500579,3.721950293,8.824950218
3.286443459,0.9970500469,3.684000254,8.842050552
3.288967423,0.8719500303,3.700950146,8.827050209
3.291491423,0.9610500336,3.727050066,8.775000572
3.294015195,1.231050014,3.732000113,8.791049957
3.296539193,1.216950059,3.748950243,8.7289505
3.299063188,1.066050053,3.768000126,8.731050491
3.301587113,1.222050071,3.829950094,8.703000069
3.304111111,1.296000004,3.841950178,8.640000343
3.306635111,1.080000043,3.864000082,8.743050575
3.309159106,1.057050109,3.924000263,8.683950424
3.311682877,1.072950006,3.913950205,8.605050087
3.314206875,0.9319500327,3.835050106,8.767050743
3.316730889,0.7069500089,3.813000202,8.80095005
3.319254814,0.7789500356,3.844950199,8.647950172
3.321778812,0.8749500513,3.748950243,8.839050293
3.324302807,0.700050056,3.682050228,9.021000862
3.326826807,0.6349500418,3.691050291,8.953950882
3.329350578,0.6829500198,3.640950203,8.983050346
3.331874576,0.6450000405,3.56400013,9.164999962
3.334398501,0.4440000355,3.598050117,9.076050758
3.336922499,0.5110500455,3.610050201,9.162000656
3.339446499,0.6499500275,3.627000093,9.172050476
3.341970518,0.5130000114,3.65805006,9.190950394
3.34449429,0.4129500091,3.744000196,9.196050644
3.347018288,0.5010000467,3.768000126,9.162000656
3.349542288,0.4939500093,3.811050177,9.193950653
3.352066303,0.3619500101,3.813000202,9.282000542
3.354590228,0.3930000067,3.853950262,9.325050354
3.357114226,0.5440500379,3.856950283,9.262950897
3.359638226,0.4219500124,3.768000126,9.390000343
3.362162016,0.2779500186,3.78000021,9.433050156
3.364686014,0.3409500122,3.816000223,9.265050888
3.367210014,0.4009500146,3.708000183,9.354000092
3.369734014,0.2500500083,3.64800024,9.495000839
3.372257968,0.2140500098,3.64800024,9.301050186
3.374781966,0.4080000222,3.640950203,9.294000626
3.377305966,0.3360000253,3.555000067,9.37305069
3.379829737,0.2310000062,3.588000059,9.265050888
3.382353764,0.3910500109,3.651000261,9.17400074
3.384877764,0.5730000138,3.663000107,9.193950653
3.387401764,0.5779500008,3.696000099,9.12405014
3.389925689,0.6499500275,3.754050255,9.081000328
3.392449691,0.9100500345,3.778050184,9.031050682
3.394973691,1.023000002,3.769950151,8.98800087
3.397497463,0.9780000448,3.78000021,9.10695076
3.400021461,1.155000091,3.840000153,9.085950851
3.402545452,1.249950051,3.825000286,9.0499506
3.405069377,1.116000056,3.781950235,9.244050026
3.407593375,1.009050012,3.811050177,9.318000793
3.410117375,1.066050053,3.859050274,9.261000633
3.412641375,0.9850500226,3.817950249,9.409049988
3.415165146,0.7360500097,3.813000202,9.493050575
3.417689144,0.724050045,3.883050203,9.433050156
3.420213144,0.7380000353,3.865950108,9.473999977
3.422737069,0.5629500151,3.900000095,9.615000725
3.425261067,0.4600500166,4.017000198,9.421050072
3.427785067,0.5610000491,4.021950245,9.478050232
3.430309067,0.5970000029,4.065000057,9.483000755
3.432832838,0.4440000355,4.231950283,9.12195015
3.435356855,0.5250000358,4.052999973,9.529050827
3.437880855,0.5940000415,4.206000328,9.30795002
3.44040478,0.5590500236,4.278000355,8.916000366
3.442928779,0.4129500091,4.189050198,9.091050148
3.445452769,0.5590500236,4.180050373,9.11700058
3.44797654,0.6829500198,4.177050114,8.893950462
3.450500538,0.6540000439,4.110000134,8.949000359
3.453024538,0.7090500593,4.085999966,9.013950348
3.455548567,0.8290500641,4.101000309,8.952000618
3.458072492,0.8200500607,4.054950237,8.965950012
3.46059649,0.748050034,4.062000275,8.99505043
3.46312049,0.7840500474,4.084050179,8.929950714
3.465644276,0.9030000567,4.038000107,8.93295002
3.468168274,0.7930500507,4.015050411,9.0
3.470692274,0.7020000219,4.018949986,8.92800045
3.473216274,0.810000062,4.000050068,8.92305088
3.475740214,0.7909500599,3.958950281,9.004050255
3.478264212,0.6210000515,3.949950218,9.001950264
3.480788212,0.6520500183,3.948000193,9.031050682
3.483311983,0.7519500256,3.948000193,9.070950508
3.485835971,0.6540000439,3.936000109,9.06704998
3.488359971,0.565950036,3.92805028,9.12195015
3.490883897,0.6880500317,3.940050125,9.129000664
3.493407895,0.7290000319,3.925950289,9.081000328
3.49593191,0.6349500418,3.889950275,9.141000748
3.49845591,0.6709500551,3.916050196,9.141000748
3.500979681,0.834000051,3.907050133,9.061950684
3.503503679,0.8670000434,3.837000132,9.085950851
3.506027645,0.8080500364,3.82095027,9.082950592
3.50855157,0.9610500336,3.823050261,8.961000443
3.511075568,1.059000015,3.754050255,9.0
3.513599568,0.9610500336,3.708000183,8.98800087
3.516123325,0.9270000458,3.703050137,8.899050713
3.518647323,1.006049991,3.651000261,8.857950211
3.521171323,0.9750000238,3.615000248,8.857950211
3.523695323,0.8050500154,3.595950127,8.784000397
3.526219248,0.8430000544,3.58095026,8.820000648
3.528743246,0.9100500345,3.552000284,8.806050301
3.531267246,0.7909500599,3.519000053,8.787000656
3.533791017,0.7519500256,3.519000053,8.851050377
3.536314981,0.8269500136,3.531000137,8.880000114
3.538838981,0.810000062,3.514050245,8.839050293
3.541362982,0.6810000539,3.49695015,8.959050179
3.543886907,0.6930000186,3.502050161,9.009000778
3.546410905,0.7330500484,3.519000053,8.973000526
3.548934905,0.700050056,3.47295022,9.05700016
3.551458676,0.6469500065,3.471000195,9.153000832
3.553982674,0.721050024,3.49695015,9.118950844
3.556506674,0.748050034,3.466050148,9.193950653
3.559030679,0.6469500065,3.483000278,9.250950813
3.561554604,0.6019500494,3.487950087,9.18405056
3.564078602,0.6229500175,3.490050077,9.190950394
3.566602602,0.4990500212,3.483000278,9.186000824
3.569126373,0.3550500274,3.484950066,9.136050224
3.57165038,0.3960000277,3.484950066,9.112050056
3.57417438,0.45600003,3.466050148,9.05700016
3.57669838,0.3859500289,3.47295022,8.983050346
3.579222305,0.4219500124,3.47295022,9.007050514
3.581746303,0.5539500117,3.495000124,8.973000526
3.584270303,0.5200500488,3.511950254,8.925000191
3.586794075,0.4030500054,3.547950268,8.977950096
3.589318059,0.4170000255,3.616950274,9.019050598
3.591842059,0.42900002,3.660000086,8.91795063
3.594365984,0.2830500007,3.679050207,8.971050262
3.596889982,0.2160000056,3.75600028,8.98800087
3.599413996,0.2860500216,3.813000202,8.911050797
3.601937996,0.3360000253,3.832950115,8.965950012
3.604461767,0.3049500287,3.849000216,9.0
3.606985765,0.433950007,3.895050287,8.964000702
3.60950977,0.5920500159,3.864000082,9.040050507
3.612033695,0.6280500293,3.892050266,9.11700058
3.614557693,0.6660000086,3.900000095,9.04695034
3.617081693,0.8269500136,3.897000074,9.12405014
3.619605678,0.8839500546,3.901950121,9.181950569
3.622129449,0.834000051,3.921000242,9.148050308
3.624653447,0.8580000401,3.961950302,9.193950653
3.627177447,0.9460500479,3.976050138,9.193950653
3.629701372,0.8989500403,4.009950161,9.160050392
3.63222537,0.8650500178,4.05795002,9.18405056
3.63474937,0.9270000458,4.102950096,9.164999962
3.637273375,0.9610500336,4.126950264,9.082950592
3.639797147,0.8790000677,4.129050255,9.105000496
3.642321145,0.810000062,4.153050423,9.094950676
3.644845145,0.8509500623,4.153050423,8.980050087
3.64736908,0.7519500256,4.09800005,9.019050598
3.649893078,0.6420000196,4.096050262,9.04695034
3.652417078,0.6019500494,4.108050346,8.977950096
3.654940844,0.6379500031,4.081950188,9.04695034
3.657464842,0.565950036,4.052999973,9.064050674
3.659988842,0.5080500245,4.065000057,9.037950516
3.662512842,0.616050005,4.074000359,9.10695076
3.665036767,0.6259500384,4.078950405,9.085950851
3.667560765,0.5680500269,4.090950012,9.021000862
3.670084784,0.6589500308,4.105950356,9.093000412
3.672608555,0.7309500575,4.11495018,9.097949982
3.675132553,0.726000011,4.125,9.025950432
3.677656568,0.7120500207,4.11495018,9.094950676
3.680180568,0.7810500264,4.113000393,9.103050232
3.682704493,0.7909500599,4.146000385,9.032999992
3.685228491,0.6850500107,4.134000301,9.037950516
3.687752462,0.6300000548,4.161000252,9.043050766
3.690276234,0.5749500394,4.170000076,8.947050095
3.692800232,0.4480500221,4.141050339,8.973000526
3.695324232,0.3259500265,4.138950348,8.956050873
3.697848157,0.3120000064,4.146000385,8.913000107
3.700372155,0.3169500232,4.101000309,8.916000366
3.702896159,0.2779500186,4.054950237,8.997000694
3.705420159,0.2310000062,4.027050018,8.940000534
3.70794393,0.3220500052,3.994950294,8.964000702
3.710467928,0.2880000174,3.943050146,9.021000862
3.712991919,0.2089500129,3.916050196,9.001950264
3.715515844,0.2620500028,3.92805028,9.076050758
3.718039842,0.295050025,3.913950205,9.115050316
3.720563842,0.2380500138,3.916050196,9.061950684
3.723087822,0.2329500169,3.919050217,9.136050224
3.725611593,0.337950021,3.889950275,9.18900013
3.728135591,0.3619500101,3.873000145,9.172050476
3.730659582,0.3529500067,3.849000216,9.232050896
3.733183507,0.3739500046,3.835050106,9.270000458
3.735707505,0.4459500313,3.804000139,9.244050026
3.7382315,0.3840000033,3.778050184,9.298950195
3.740755272,0.3000000119,3.78000021,9.31305027
3.74327927,0.2710500062,3.793950081,9.274950027
3.74580327,0.1780500114,3.781950235,9.294000626
3.74832727,0.01695000008,3.772950172,9.294000626
3.750851195,-0.0580500029,3.789000273,9.234000206
3.753375193,-0.1230000034,3.757950068,9.258000374
3.755899159,-0.2639999986,3.730050087,9.238950729
3.758423159,-0.3570000231,3.733950138,9.229050636
3.76094693,-0.3220500052,3.691050291,9.25605011
3.763470928,-0.2710500062,3.670050144,9.262950897
3.765994928,-0.2830500007,3.634050131,9.208050728
3.768518853,-0.1990500093,3.607950211,9.250950813
3.771042851,-0.09195000678,3.600000143,9.244050026
3.773566851,-0.07304999977,3.59100008,9.172050476
3.776090622,-0.07695000619,3.568950176,9.196050644
3.77861462,-0.03405000269,3.559950113,9.193950653
3.78113862,-0.03705000132,3.556950092,9.130949974
3.78366262,-0.1080000028,3.543000221,9.157950401
3.786186536,-0.166050002,3.559950113,9.18900013
3.788710534,-0.1540500075,3.555000067,9.105000496
3.791234534,-0.2230500132,3.535950184,9.160050392
3.793758306,-0.2830500007,3.567000151,9.157950401
3.796282284,-0.2539499998,3.600000143,9.091050148
3.798806284,-0.1870500147,3.616950274,9.115050316
3.801330209,-0.1830000132,3.634050131,9.133950233
3.803854207,-0.1750500053,3.682050228,9.052050591
3.806378198,-0.1039500013,3.694050074,9.028050423
3.808902198,-0.1469999999,3.703050137,9.043050766
3.811425969,-0.2520000041,3.720000267,8.940000534
3.813949967,-0.2980500162,3.69900012,8.892000198
3.816473957,-0.2659500241,3.679050207,8.916000366
3.818997882,-0.2980500162,3.708000183,8.815050125
3.82152188,-0.3100500107,3.664950132,8.872950554
3.82404588,-0.2140500098,3.67200017,8.956050873
3.82656988,-0.184950009,3.694050074,8.877000809
3.829093651,-0.228000015,3.675000191,8.92800045
3.831617649,-0.2400000095,3.676950216,9.052050591
3.834141654,-0.2230500132,3.742050171,8.971050262
3.83666558,-0.2620500028,3.718050241,9.037950516
3.839189578,-0.2830500007,3.744000196,9.133950233
3.841713563,-0.2160000056,3.7660501,9.070950508
3.844237334,-0.1800000072,3.775050163,9.126000404
3.846761332,-0.2190000117,3.781950235,9.208050728
3.849285356,-0.1950000077,3.787050247,9.193950653
3.851809356,-0.166050002,3.775050163,9.226950645
3.854333281,-0.1369500011,3.811050177,9.283950806
3.856857279,-0.1609500051,3.816000223,9.250950813
3.85938127,-0.1159500033,3.817950249,9.283950806
3.861905041,-0.08400000632,3.828000069,9.286950111
3.864429039,-0.07500000298,3.840000153,9.244050026
3.866953039,-0.03705000132,3.844950199,9.289050102
3.869477039,0.0580500029,3.885000229,9.24105072
3.872000964,0.09195000678,3.897000074,9.18405056
3.874524962,0.1249500066,3.909000158,9.169950485
3.877048962,0.1920000017,3.933000088,9.162000656
3.879572728,0.2430000156,3.952050209,9.0499506
3.882096726,0.2350500077,3.937950134,9.025950432
3.884620726,0.2260500044,3.961950302,8.997000694
3.887144726,0.2639999986,3.969000101,8.911050797
3.889668656,0.2779500186,3.952050209,8.869950294
3.892192654,0.2430000156,3.925950289,8.869950294
3.894716654,0.2520000041,3.943050146,8.839050293
3.897240425,0.3409500122,3.919050217,8.808000565
3.899764409,0.3790500164,3.913950205,8.845950127
3.902288409,0.3930000067,3.901950121,8.839050293
3.904812334,0.4459500313,3.916050196,8.86095047
3.907336332,0.4800000191,3.925950289,8.896950722
3.909860342,0.4410000145,3.92805028,8.884950638
3.912384342,0.405000031,3.916050196,8.98800087
3.914908113,0.4410000145,3.931050301,9.025950432
3.917432111,0.4170000255,3.936000109,9.0
3.919956101,0.3690000176,3.933000088,9.105000496
3.922480026,0.405000031,3.913950205,9.112050056
3.925004024,0.4680000246,3.921000242,9.10695076
3.927528024,0.4720500112,3.904050112,9.118950844
3.930052043,0.4890000224,3.912000179,9.164999962
3.932575815,0.5749500394,3.901950121,9.100049973
3.935099813,0.6139500141,3.880050182,9.136050224
3.937623818,0.6040500402,3.876000166,9.12405014
3.940147743,0.6570000052,3.885000229,9.088050842
3.942671741,0.700050056,3.873000145,9.094950676
3.945195751,0.6520500183,3.873000145,9.11700058
3.947719751,0.6180000305,3.876000166,9.069000244
3.950243522,0.5940000415,3.877950191,9.097949982
3.95276752,0.5029500127,3.885000229,9.100049973
3.955291524,0.3840000033,3.924000263,9.043050766
3.957815449,0.2209500074,3.921000242,9.05700016
3.960339447,0.1039500013,3.921000242,9.028050423
3.962863447,-0.0390000008,3.909000158,8.98500061
3.965387447,-0.1440000087,3.916050196,8.976000786
3.967911218,-0.1469999999,3.900000095,9.016050339
3.970435216,-0.1159500033,3.897000074,8.949000359
3.972959206,-0.06795000285,3.900000095,9.0
3.975483131,0.001050000079,3.885000229,9.0499506
3.978007129,0.1200000048,3.900000095,9.0
3.980531129,0.1800000072,3.868050098,9.043050766
3.983054915,0.2160000056,3.897000074,9.073950768
3.985578913,0.2449500114,3.900000095,9.021000862
3.988102913,0.3049500287,3.885000229,9.069000244
3.990626904,0.2980500162,3.892050266,9.04695034
3.993150829,0.3259500265,3.933000088,8.976000786
3.995674827,0.3790500164,3.933000088,9.0
3.998198827,0.42900002,3.952050209,9.009000778
4.000722583,0.4080000222,3.967050076,8.971050262
4.003246581,0.4819500148,3.973950148,9.032999992
4.005770581,0.5470499992,3.991050243,9.06704998
4.008294591,0.541950047,4.006950378,9.045000076
4.010818516,0.5899500251,4.021950245,9.112050056
4.013342514,0.6450000405,4.052999973,9.162000656
4.015866509,0.700050056,4.089000225,9.129000664
4.01839028,0.700050056,4.090950012,9.190950394
4.020914278,0.721050024,4.12005043,9.250950813
4.023438278,0.7500000596,4.137000084,9.225000381
4.025962278,0.7020000219,4.11495018,9.294000626
4.028486203,0.6109500527,4.137000084,9.328050613
4.031010201,0.5779500008,4.141050339,9.273000717
4.033534201,0.5539500117,4.134000301,9.292050362
4.036057973,0.4480500221,4.150950432,9.270000458
4.038581971,0.3930000067,4.144050121,9.202950478
4.041105971,0.3810000122,4.125,9.229050636
4.043629896,0.3529500067,4.09800005,9.18900013
4.046153894,0.3120000064,4.069950104,9.082950592
4.048677894,0.3570000231,4.03605032,9.103050232
4.051201894,0.4320000112,3.988050222,9.079050064
4.053725665,0.4870500267,3.940050125,8.983050346
4.056249687,0.4870500267,3.889950275,9.031050682
4.058773687,0.5560500026,3.853950262,9.012000084
4.061297612,0.5470499992,3.811050177,8.980050087
4.06382161,0.4819500148,3.757950068,9.021000862
4.066345624,0.4459500313,3.727050066,9.043050766
4.068869624,0.405000031,3.71295023,9.016050339
4.071393395,0.3360000253,3.675000191,9.034950256
4.073917393,0.2740500271,3.684000254,9.097949982
4.076441384,0.2539499998,3.67200017,9.082950592
4.078965309,0.1950000077,3.640950203,9.115050316
4.081489384,0.1279500127,3.646050215,9.162000656
4.084013323,0.07304999977,3.655050278,9.136050224
4.086537321,0.05295000225,3.643050194,9.162000656
4.089061093,-0.003000000026,3.640950203,9.190950394
4.091585081,-0.06495000422,3.667050123,9.154950142
4.094109081,-0.09195000678,3.65805006,9.150000572
4.096633006,-0.1540500075,3.639000177,9.17895031
4.099157004,-0.2040000111,3.640950203,9.129000664
4.101681004,-0.2070000172,3.640950203,9.148050308
4.104205004,-0.1729500145,3.628950119,9.150000572
4.106728766,-0.1710000038,3.616950274,9.129000664
4.109252764,-0.1560000032,3.634050131,9.150000572
4.111776764,-0.09405000508,3.646050215,9.153000832
4.114300689,-0.03705000132,3.655050278,9.11700058
4.116824687,-0.04095000029,3.651000261,9.136050224
4.119348687,-0.004950000439,3.676950216,9.11700058
4.121872458,0.04605000094,3.67200017,9.129000664
4.124396456,0.07304999977,3.663000107,9.148050308
4.126920456,0.05295000225,3.696000099,9.145950317
4.129444446,0.09600000083,3.694050074,9.105000496
4.131968371,0.1639500111,3.664950132,9.177000046
4.134492369,0.1800000072,3.651000261,9.181950569
4.137016369,0.2040000111,3.675000191,9.17400074
4.139540147,0.2590500116,3.63105011,9.217050552
4.142064145,0.2860500216,3.607950211,9.249000549
4.144588145,0.2880000174,3.610050201,9.250950813
4.147112145,0.319050014,3.595950127,9.304050446
4.14963607,0.3499500155,3.619050264,9.328050613
4.152160068,0.3670500219,3.627000093,9.283950806
4.154684068,0.3480000198,3.619050264,9.30600071
4.157207839,0.3499500155,3.634050131,9.319950104
4.159731855,0.3690000176,3.652950287,9.258000374
4.162255855,0.3220500052,3.675000191,9.244050026
4.164779855,0.3409500122,3.691050291,9.214950562
4.16730378,0.3790500164,3.664950132,9.18900013
4.169827793,0.3000000119,3.670050144,9.210000038
4.172351793,0.2400000095,3.67200017,9.148050308
4.174875564,0.1729500145,3.660000086,9.112050056
4.177399802,0.07304999977,3.652950287,9.094950676
4.179923573,-0.07500000298,3.600000143,9.082950592
4.182447494,-0.2110500038,3.574050188,9.058950424
4.184971495,-0.2860500216,3.583950281,9.040050507
4.187495471,-0.337950021,3.552000284,9.040050507
4.190019471,-0.337950021,3.531000137,9.052050591
4.192543242,-0.3259500265,3.460950136,9.112050056
4.19506725,-0.2430000156,3.397050142,9.24105072
4.19759125,-0.2779500186,3.460950136,9.081000328
4.200115175,-0.2190000117,3.387000084,9.148050308
4.202639173,-0.2569500208,3.361050129,9.220050812
4.205163173,-0.2430000156,3.349050045,9.085950851
4.207687173,-0.295050025,3.358950138,9.202950478
4.210210944,-0.3000000119,3.421050072,9.094950676
4.212734919,-0.3000000119,3.379950047,9.11700058
4.215258919,-0.3480000198,3.378000259,9.17895031
4.217782919,-0.295050025,3.363000154,9.214950562
4.220306829,-0.2689500153,3.390000105,9.164999962
4.222830827,-0.1469999999,3.354000092,9.214950562
4.225354827,-0.1230000034,3.351000071,9.232050896
4.227878598,-0.08400000632,3.366000175,9.270000458
4.230402596,-0.05295000225,3.319950104,9.270000458
4.232926596,-0.1200000048,3.334950209,9.337050438
4.235450522,-0.1469999999,3.307950258,9.346950531
4.23797452,-0.1609500051,3.274950266,9.505050659
4.24049852,-0.1609500051,3.301050186,9.519000053
4.243022525,-0.364950031,3.694050074,9.316050529
4.245546525,-0.5539500117,3.12195015,9.031050682
4.248070296,0.08205000311,2.985000134,11.41095066
4.250594294,-0.2449500114,3.487950087,9.0
4.253118204,-0.1800000072,3.358950138,9.861000061
4.255642202,0.1249500066,3.078000069,10.47000027
4.258166202,0.09405000508,3.033000231,10.22295094
4.260689973,0.2190000117,3.069000244,9.876000404
4.263214202,0.1230000034,2.980050087,10.27305031
4.265737973,0.06105000153,2.892000198,10.1029501
4.268261971,-0.2620500028,2.875050068,10.21305084
4.270785887,-0.5820000172,2.90805006,10.1440506
4.273309885,-1.006049991,2.899050236,10.00005054
4.275833885,-1.389000058,2.90805006,10.24200058
4.27835768,-1.732050061,2.920050144,9.967050552
4.280881678,-1.99695015,2.941950083,10.0390501
4.283405679,-2.13195014,2.986950159,9.92595005
4.285929679,-2.22300005,3.019050121,9.808950424
4.288453589,-2.23905015,3.021000147,9.696000099
4.290977587,-2.28000021,2.980050087,9.736950874
4.293501592,-2.233950138,2.941950083,9.571950912
4.296025363,-2.227050066,2.877000093,9.523950577
4.298549361,-2.21505022,2.820000172,9.423000336
4.301073361,-2.188950062,2.805000067,9.322950363
4.303597361,-2.10495019,2.746050119,9.226950645
4.306121286,-2.083950043,2.770050049,9.166950226
4.308645284,-2.014050007,2.836950064,9.061950684
4.311169284,-1.870950103,2.920050144,8.965950012
4.313693055,-1.669050097,3.061950207,8.851050377
4.316217039,-1.570950031,3.244050264,8.719050407
4.318741039,-1.344000101,3.358950138,8.515950203
4.321264964,-1.080000043,3.502050161,8.463000298
4.323788957,-0.9559500217,3.628950119,8.362950325
4.326312957,-0.8119500279,3.799050093,8.154000282
4.328836957,-0.6810000539,3.907050133,8.097000122
4.331360729,-0.5029500127,4.029000282,8.065950394
4.333884732,-0.3330000043,4.125,7.977000237
4.336408732,-0.09900000691,4.18500042,8.029950142
4.338932657,0.1200000048,4.222949982,8.016000748
4.341456727,0.3289500177,4.2520504,7.98900032
4.343980652,0.5440500379,4.327950001,8.037000656
4.34650465,0.7020000219,4.407000065,8.025000572
4.349028684,0.9610500336,4.486050129,8.020050049
4.351552455,1.090050101,4.58700037,8.142000198
4.354076453,1.315050006,4.687050343,8.109000206
4.356600378,1.480050087,4.831050396,8.169000626
4.359124366,1.654950023,4.941000462,8.233050346
4.361648366,1.765050054,5.058000088,8.346000671
4.364172366,1.899000049,5.170950413,8.44904995
4.366696132,1.942050099,5.262000084,8.602050781
4.36922013,1.984950066,5.365050316,8.688000679
4.37174413,2.041050196,5.425050259,8.821949959
4.374268055,2.119950056,5.488950253,8.964000702
4.37679213,2.175000191,5.568000317,9.0
4.379316055,2.208000183,5.688000202,8.961000443
4.381840053,2.272950172,5.803050041,8.940000534
4.384363825,2.335050106,5.905950069,8.940000534
4.386887823,2.314050198,6.021000385,8.851050377
4.389411828,2.287050009,6.117000103,8.803050041
4.391935753,2.260950089,6.190950394,8.767050743
4.394459751,2.176950216,6.211950302,8.692950249
4.39698376,2.095950127,6.232050419,8.698050499
4.39950776,1.984950066,6.244050503,8.700000763
4.402031531,1.923000097,6.26295042,8.590050697
4.404555515,1.866000056,6.291000366,8.515950203
4.407079515,1.792050123,6.289050102,8.446949959
4.40960344,1.990050077,6.493050098,8.193000793
4.412127438,1.567050099,6.133050442,8.176050186
4.414651443,1.528050065,6.082950115,8.546999931
4.417175214,1.312950015,6.169050217,8.193000793
4.419699212,1.369950056,6.138000488,7.977000237
4.422223226,1.555050015,6.169050217,8.017950058
4.424747226,1.717050076,6.033000469,7.762050152
4.427271226,1.798950076,5.938950062,7.944000244
4.429795156,1.831950068,6.136050224,7.675950527
4.432319154,1.389000058,5.803050041,7.447950363
4.434842926,1.296000004,5.64495039,8.381999969
4.437366924,1.258050084,5.632950306,7.885950565
4.439890924,1.272000074,5.52300024,8.145000458
4.442414924,1.428000093,5.209050179,8.487000465
4.444938849,1.504050016,4.977000237,8.602050781
4.447462847,1.653000116,4.903050423,8.668950081
4.449986847,1.399050117,4.831050396,8.683950424
4.452510594,1.200000048,4.857000351,8.758049965
4.455034823,1.224000096,4.879050255,8.748000145
4.457558594,1.21905005,4.812000275,8.788949966
4.460082515,1.21905005,4.752000332,8.775000572
4.462606606,1.243050098,4.690050125,8.803050041
4.465130531,1.150050044,4.692000389,8.784000397
4.467654529,1.048950076,4.776000023,8.751000404
4.470178285,1.015950084,4.869000435,8.611950874
4.472702283,0.9030000567,4.92195034,8.557050705
4.475226283,0.9370500445,4.897950172,8.515950203
4.477750283,0.9540000558,4.893000126,8.467950821
4.480274193,0.9079500437,4.920000076,8.379000664
4.482798191,0.8430000544,4.98900032,8.293050766
4.485322191,0.8550000191,4.92195034,8.237999916
4.487845954,0.8770500422,4.864050388,8.322000504
4.490370182,0.8890500665,4.776000023,8.341050148
4.492893954,0.8749500513,4.797000408,8.414999962
4.495417875,0.8650500178,4.735050201,8.478000641
4.497941875,0.8719500303,4.588950157,8.511000633
4.500465875,0.8770500422,4.531949997,8.559000015
4.502989875,0.8170500398,4.551000118,8.596950531
4.50551386,0.7429500222,4.651050091,8.530050278
4.508037631,0.7789500356,4.659000397,8.362950325
4.510561629,0.8029500246,4.639050007,8.394000053
4.513085629,0.7810500264,4.636950016,8.419950485
4.515609554,0.7960500121,4.639050007,8.446949959
4.518133552,0.8029500246,4.630050182,8.479949951
4.520657552,0.7410000563,4.618050098,8.578050613
4.523181323,0.8029500246,4.551000118,8.731050491
4.525705292,0.9319500327,4.920000076,8.925000191
4.528229292,0.5080500245,4.504950047,8.344050407
4.530753217,0.3259500265,4.254000187,10.41900063
4.533277215,0.4129500091,4.492950439,9.495000839
4.53580123,0.8580000401,5.176050186,8.716950417
4.53832523,0.9060000181,5.038950443,9.024000168
4.540849231,0.7759500146,4.83795023,9.814050674
4.543373002,0.9490500689,5.154000282,9.162000656
4.545897,0.7600500584,5.515950203,8.548950195
4.548420925,0.6259500384,5.974950314,8.679000854
4.550944995,0.7810500264,5.941950321,8.680950165
4.55346892,1.080000043,5.563950062,8.700000763
4.555992918,1.368000031,5.925000191,8.190000534
4.558516689,0.5779500008,5.367000103,8.097000122
4.561040677,0.1369500011,5.323950291,9.355950356
4.563564677,0.4579500258,5.491950035,8.431950569
4.566088602,0.7090500593,5.614050388,7.591950417
4.568612668,0.6589500308,5.250000477,8.31704998
4.571136593,0.6570000052,4.884000301,8.723999977
4.573660591,0.5779500008,4.93200016,8.679000854
4.576184591,0.3100500107,5.026950359,8.097000122
4.578708362,0.1639500111,4.939050198,8.407950401
4.58123236,0.2710500062,4.891050339,8.497050285
4.583756286,0.324000001,4.812000275,8.644950867
4.586280284,0.2880000174,4.804950237,8.559000015
4.588804288,0.3100500107,4.840950012,8.575950623
4.591328288,0.2779500186,4.825950146,8.643000603
4.593852059,0.2430000156,4.876049995,8.695950508
4.596376057,0.2639999986,4.867050171,8.539950371
4.598900053,0.4030500054,4.91505003,8.403000832
4.601423978,0.433950007,4.939050198,8.398950577
4.603948053,0.4870500267,5.128050327,8.362950325
4.606471978,0.4579500258,5.202000141,8.095050812
4.608995756,0.45600003,5.038950443,7.948950291
4.611519754,0.4150500298,4.873950005,7.97205019
4.614043754,0.2830500007,4.819050312,8.004000664
4.616567754,0.1540500075,4.867050171,8.154000282
4.619091764,0.1200000048,4.819050312,8.080050468
4.621615689,0.1540500075,4.611000061,8.170949936
4.624139687,-0.03705000132,4.528950214,8.2999506
4.626663687,-0.004950000439,4.434000015,8.281050682
4.629187453,-0.01005000062,4.390050411,8.302950859
4.631711451,-0.03405000269,4.278000355,8.353050232
4.634235377,-0.09900000691,4.189050198,8.503950119
4.636759381,0.1039500013,4.110000134,8.461050034
4.639283381,0.02895000204,4.242000103,8.590050697
4.641807381,0.1399500072,4.399950027,8.485050201
4.644331152,0.3070500195,4.495950222,8.535000801
4.646855173,0.4600500166,4.671000004,8.884950638
4.649379173,0.5850000381,4.867050171,8.830050468
4.651903173,0.8290500641,5.113050461,8.569050789
4.654427197,0.9799500704,5.233050346,8.560950279
4.656951122,1.048950076,5.311950207,8.596950531
4.65947512,1.083000064,5.463000298,8.463000298
4.661999134,1.140000105,5.500950336,8.383950233
4.664523134,1.144950032,5.401050091,8.293050766
4.667046905,1.039950013,5.293050289,8.329050064
4.669570903,0.8940000534,5.331000328,8.242950439
4.672094828,0.6900000572,5.383950233,8.386950493
4.674618826,0.9300000668,5.24505043,8.494050026
4.677142826,1.084950089,5.002950191,8.715000153
4.679666598,1.21905005,4.93200016,8.904000282
4.682190596,1.396950126,4.990950108,8.953950882
4.684714596,1.614000082,5.109000206,8.820000648
4.687238596,1.830000043,5.12100029,8.808000565
4.689762596,2.062050104,5.242950439,8.716950417
4.692286545,2.218050003,5.686050415,8.443950653
4.694810543,2.293950081,6.220050335,8.119050026
4.697334314,2.517000198,6.43500042,7.707000256
4.699858312,2.815950155,6.5020504,7.668000221
4.702382312,2.85495019,6.430050373,7.539000511
4.704906312,2.728050232,6.459000111,7.410000324
4.707430237,2.650950193,6.532950401,7.285050392
4.709954235,2.491050005,6.556950092,7.186950207
4.712478255,2.371050119,6.421050072,7.539000511
4.715002255,2.365950108,6.117000103,7.740000248
4.717526026,2.275050163,5.949000359,7.936950207
4.720050024,2.026050091,5.920050144,8.001000404
4.722573968,1.758000135,5.887050152,8.381999969
4.725097966,1.612050056,5.827050209,8.929950714
4.727621966,1.726950049,5.752950191,9.250950813
4.730145966,1.567050099,5.755050182,8.808000565
4.73266998,1.459050059,6.160050392,8.632950783
4.735193752,1.447050095,6.508950233,8.545050621
4.73771775,1.645950079,6.202950478,8.386950493
4.74024176,1.750950098,5.899050236,8.458050728
4.742765685,1.747950077,5.833950043,8.542050362
4.745289683,1.645950079,5.784000397,8.748000145
4.747813444,1.642950058,5.793000221,8.937000275
4.750337673,1.786950111,5.781000137,9.129000664
4.752861444,1.786950111,5.71200037,8.916000366
4.755385442,1.863000035,5.71200037,8.848950386
4.757909372,2.0239501,5.679000378,8.623950005
4.76043337,2.067000151,5.734050274,8.664000511
4.76295737,2.176950216,5.9010005,8.229000092
4.765481127,2.254050016,6.387000084,7.594050407
4.768005125,2.340000153,6.166950226,7.351950169
4.770529125,2.479050159,5.764950275,7.05300045
4.773053115,2.371050119,5.551950455,6.790050507
4.775577115,2.107950211,5.31000042,6.691950321
4.77810104,1.875000119,5.331000328,6.775050163
4.780625038,1.738950133,5.158950329,6.937950134
4.783149038,1.810950041,4.912050247,7.672950268
4.785673038,1.708050132,4.92195034,8.688000679
4.78819681,1.47300005,4.768950462,9.355950356
4.790720808,1.387050033,4.390050411,9.205050468
4.793244733,1.284000039,4.318950176,9.406949997
4.795768745,1.084950089,4.965000153,9.901950836
4.798292745,1.08795011,5.290950298,9.082950592
4.800816745,1.239000082,5.146950245,8.619000435
4.803340532,1.372950077,4.735050201,8.497050285
4.80586453,1.279050112,4.636950016,8.940000534
4.80838853,0.9340500236,4.6489501,9.142950058
4.81091253,0.9390000701,4.656000137,9.198000908
4.81343645,1.039950013,4.180050373,8.887050629
4.815960448,0.9970500469,3.600000143,8.719050407
4.818484448,0.8170500398,4.31400013,8.80095005
4.821008438,0.1680000126,4.539000034,8.832000732
4.823532209,0.2020500153,4.081950188,8.572950363
4.826056207,0.3169500232,3.307950258,8.703000069
4.828580217,0.295050025,2.928000212,9.007050514
4.831104142,-0.2809500098,3.367950201,8.676000595
4.83362814,-0.6610500216,3.495000124,7.723050594
4.83615214,-0.700050056,3.346950054,7.695000172
4.83867614,-0.7309500575,3.196050167,8.760000229
4.841199912,-0.9250500202,3.634050131,8.763000488
4.843723833,-1.167000055,3.639000177,9.0499506
4.846247895,-1.198050022,3.397050142,9.409049988
4.84877182,-1.416000009,4.052999973,10.16805077
4.851295818,-1.17900002,4.582050323,9.993000031
4.853819589,-0.724050045,4.501049995,9.43500042
4.856343818,-0.9580500722,4.357050419,9.415950775
4.858867589,-1.216950059,4.323000431,9.804000854
4.861391587,-0.9580500722,4.575000286,9.790050507
4.863915587,-0.9319500327,4.771050453,9.30600071
4.866439512,-0.9940500259,4.411950111,9.009000778
4.868963515,-0.9390000701,3.936000109,8.806050301
4.871487515,-0.8910000324,4.03605032,8.422950745
4.874011515,-0.9250500202,4.575000286,8.004000664
4.876535286,-0.9390000701,4.435950279,7.636950493
4.879059279,-0.7519500256,4.081950188,7.97205019
4.881583204,-0.6570000052,3.628950119,8.362950325
4.884107202,-0.541950047,3.385050058,8.491950035
4.886631202,-0.7380000353,3.358950138,8.454000473
4.889154955,-1.108950019,3.349050045,8.632950783
4.891678953,-1.116000056,3.628950119,8.746050835
4.894202953,-0.7360500097,4.141050339,8.403000832
4.896726953,-1.140000105,4.366050243,9.10695076
4.899250953,-1.104000092,4.797000408,9.045000076
4.901774878,-1.083000064,4.703999996,8.575950623
4.904298876,-1.119000077,4.38795042,9.538050652
4.906822647,-1.200000048,4.231950283,10.0030508
4.909346645,-1.135950089,3.933000088,10.59195042
4.911870645,-1.47300005,3.967050076,11.14695072
4.914394645,-1.507050037,4.012050152,11.40600014
4.91691857,-1.375050068,4.264050007,10.92705059
4.919442568,-1.369950056,4.515000343,10.12200069
4.921966568,-1.497000098,4.756950378,9.032999992
4.924490568,-1.558950067,5.725950241,8.386950493
4.927014339,-1.147950053,6.045000076,7.306950569
4.929538356,-0.6400500536,5.475000381,6.802050114
4.932062356,-0.4360500276,4.740000248,7.000050545
4.934586356,-0.6180000305,3.823050261,7.051050186
4.937110282,-1.303050041,3.65805006,7.354950428
4.939634051,-1.921050072,3.769950151,7.666050434
4.942158275,-1.597950101,3.44505024,8.647950172
4.944682046,-1.609950066,3.475950241,9.370950699
4.947206044,-1.609950066,4.005000114,9.498000145
4.949730044,-1.483050108,4.965000153,9.145950317
4.952254054,-1.519050121,5.080050468,8.479949951
4.954777979,-0.9990000725,4.720950127,8.664000511
4.957301977,-0.9079500437,3.958950281,9.081000328
4.959825977,-1.614000082,3.71295023,9.778050423
4.962349767,-1.753050089,3.708000183,9.967050552
4.964873765,-1.750950098,3.682050228,10.34805012
4.96739769,-1.963950038,3.520950079,10.71900082
4.969921688,-1.741050124,3.378000259,10.78095055
4.972445688,-1.725000024,3.651000261,10.0699501
4.974969688,-2.029050112,4.750050068,10.09395027
4.977493688,-1.510950089,5.041950226,8.880000114
4.980017449,-1.060950041,4.639050007,8.004000664
4.982541447,-1.045050025,4.09800005,7.434000492
4.985065447,-0.8530500531,3.789000273,7.573050499
4.987589373,-0.6660000086,3.742050171,7.58700037
4.990113337,-0.9079500437,3.595950127,8.31000042
4.992637337,-0.8119500279,3.280050039,9.025950432
4.995161108,-0.5710500479,3.475950241,9.651000023
4.997685082,-0.5899500251,4.43805027,9.592950821
5.000209082,-0.45600003,5.18295002,8.623950005
5.002733082,-0.4510500133,5.022000313,7.927050591
5.005256993,-0.3330000043,4.644000053,8.611950874
5.007780991,-0.01695000008,4.407000065,8.827050209
5.010304991,-0.1469999999,4.540950298,9.009000778
5.012828991,-0.1920000017,4.576950073,9.553050041
5.015352786,-0.09405000508,4.060050011,9.804000854
5.017876784,0.04095000029,4.138950348,10.48605061
5.020400784,0.1279500127,4.78305006,10.30200005
5.022924695,0.2230500132,5.383950233,9.226950645
5.025448693,0.5179499984,5.157000065,8.608950615
5.027972693,0.9300000668,4.612950325,8.194950104
5.030496465,1.015950084,4.563000202,7.83795023
5.033020463,0.7120500207,4.51695013,7.527000427
5.035544463,0.8410500288,4.611000061,7.158000469
5.038068463,0.9460500479,4.000050068,7.132050514
5.040592388,1.116000056,3.652950287,8.068050385
5.043116386,1.40805006,3.768000126,9.550050735
5.045640386,1.19295001,4.599000454,9.592950821
5.048164386,1.288950086,5.082000256,9.318000793
5.050688157,1.411050081,5.169000149,9.217050552
5.053212078,1.64805007,4.807050228,8.791049957
5.05573614,1.690950036,4.776000023,8.401050568
5.058260065,1.674000025,4.690050125,8.925000191
5.060784063,1.58100009,4.515000343,9.643950462
5.063308063,1.854000092,3.924000263,10.32795048
5.065832063,2.344950199,3.664950132,10.90995026
5.068355834,2.445000172,4.168050289,10.24200058
5.070879832,2.152950048,5.062950134,9.748950005
5.073403837,2.248950005,5.620950222,8.461050034
5.075927762,2.59800005,5.311950207,7.453050137
5.07845176,2.797050238,4.703999996,7.206000328
5.080975527,2.646000147,4.729950428,6.901950359
5.083499525,2.268000126,5.029950142,6.274950504
5.086023525,1.618950129,5.074950218,7.165950298
5.088547506,1.726950049,4.230000019,8.185950279
5.091071506,1.678950071,4.435950279,9.378000259
5.093595436,1.411050081,4.644000053,9.12195015
5.096119434,1.320000052,4.678050041,8.722050667
5.098643434,1.215000033,4.255949974,8.338950157
5.101167205,1.26000011,3.921000242,8.394000053
5.103691203,1.140000105,3.7660501,8.362950325
5.106215203,1.243050098,3.427950144,9.414000511
5.108739128,1.405950069,2.643000126,10.06005001
5.111263126,1.021050096,2.679000139,11.11095047
5.113787126,0.7600500584,3.804000139,10.66095066
5.116311126,0.6709500551,4.402050018,9.73500061
5.118834901,0.6709500551,4.411950111,8.956050873
5.121358899,0.7380000353,3.804000139,7.915050507
5.123882899,0.5130000114,3.696000099,7.546050549
5.126406899,0.3220500052,4.282950401,7.096050262
5.128930805,-0.01305000018,4.411950111,6.937950134
5.131454575,-0.04395000264,3.921000242,7.981950283
5.133978803,-0.0889500007,3.550050259,9.565050125
5.136502565,-0.0889500007,3.840000153,10.46205044
5.139026563,-0.3670500219,4.480950356,10.10100079
5.141550563,-0.5800500512,3.933000088,9.379950523
5.144074563,-0.6949500442,3.280050039,9.24105072
5.146598479,-1.030050039,3.1650002,9.154950142
5.149122477,-1.380000114,3.298950195,9.330000877
5.151646477,-1.720050097,3.342000246,9.498000145
5.154170248,-1.614000082,3.052050114,10.30200005
5.156694246,-1.657050133,2.88195014,10.43595028
5.159218246,-1.732050061,3.202950239,10.31595039
5.161742241,-1.843950033,3.859050274,9.847050667
5.164266166,-1.801050067,3.933000088,8.692950249
5.166790164,-1.926000118,3.535950184,7.683000565
5.169314164,-1.89195013,3.049950123,7.680000305
5.171837949,-2.269950151,3.334950209,7.234950542
5.174361947,-2.755950212,4.074000359,6.823050499
5.176885947,-2.389950037,4.009950161,7.429050446
5.179409872,-2.284950018,3.793950081,9.529050827
5.18193387,-2.187000036,3.65805006,10.29705048
5.18445787,-1.858950138,3.343950272,10.21800041
5.18698187,-2.053050041,3.463950157,10.16595078
5.189505642,-2.152950048,3.706050158,9.682050705
5.192029621,-2.124000072,4.052999973,9.328050613
5.194553546,-1.843950033,4.074000359,9.742050171
5.197077544,-1.492050052,3.576000214,10.2300005
5.199601553,-1.30095005,3.451950073,10.46205044
5.202125553,-1.26000011,4.489050388,10.10805035
5.204649553,-1.525950074,4.903050423,10.25700092
5.207173315,-1.147950053,4.291950226,9.811050415
5.209697313,-0.919950068,3.828000069,9.0
5.212221238,-1.258050084,3.754050255,8.437050819
5.214745236,-1.597950101,4.302000046,7.836000443
5.21726925,-1.99695015,4.683000088,7.048050404
5.21979325,-2.128950119,4.402050018,8.338950157
5.22231725,-1.930050135,4.599000454,9.070950508
5.224841021,-1.914000034,4.714050293,9.670050621
5.227365019,-1.678950071,4.978950024,9.624000549
5.229889019,-1.11195004,5.403000355,9.651000023
5.232412949,-1.116000056,5.595000267,8.916000366
5.234936947,-0.7309500575,5.209050179,8.122950554
5.237460947,-0.7960500121,4.543950081,8.67195034
5.239984719,-0.9250500202,4.299000263,9.687000275
5.242508717,-1.188000083,4.350000381,9.675000191
5.245032642,-0.8149500489,4.218000412,9.579000473
5.247556717,-0.4410000145,4.122000217,10.18005085
5.250080642,-0.2659500241,4.687050343,10.03095055
5.25260464,0.0150000006,4.771050453,8.224050522
5.255128645,0.4099500179,4.567950249,7.044000149
5.257652645,-0.02505000122,4.218000412,6.900000095
5.260176416,-0.2539499998,4.326000214,7.411950588
5.262700414,-0.2449500114,4.690050125,7.621050358
5.265224414,-0.1369500011,5.248050213,8.3770504
5.267748339,-0.5970000029,5.494050026,9.319950104
5.270272337,0.2430000156,5.536950111,9.366000175
5.272796337,0.9900000691,5.725950241,9.210000038
5.275320351,1.096950054,5.9010005,8.659950256
5.277844122,0.7960500121,5.701950073,8.499000549
5.28036812,0.541950047,5.002950191,9.529050827
5.28289212,0.2020500153,4.503000259,9.619950294
5.285416041,0.3330000043,3.943050146,9.916950226
5.287940039,0.7090500593,3.745950222,9.682050705
5.29046381,0.5730000138,4.480950356,10.27605057
5.292987808,0.7189500332,5.166000366,9.475950241
5.295511823,1.344000101,4.869000435,7.486050129
5.298035823,1.798950076,4.050000191,6.955050468
5.300559823,1.282050014,3.663000107,7.606050491
5.303083748,0.9130500555,4.483950138,7.636950493
5.305607751,0.9030000567,4.966950417,7.546050549
5.308131751,0.8460000157,5.23995018,8.86095047
5.310655522,1.83705008,5.845950127,8.965950012
5.31317952,2.518950224,6.267000198,8.146950722
5.315703539,2.572050095,6.472950459,7.297050476
5.318227539,2.187000036,5.604000092,8.11605072
5.320751464,1.593000054,4.750050068,9.531000137
5.323275462,0.9660000205,4.125,9.538050652
5.325799486,0.7669500113,3.901950121,9.892950058
5.328323257,1.488000035,4.174950123,10.87905025
5.330847255,1.495050073,4.222949982,10.25400066
5.333371255,1.855950117,3.484950066,8.755050659
5.335895265,2.031000137,3.201000214,8.559000015
5.338419191,1.672050118,3.829950094,7.58700037
5.340943189,1.155000091,4.588950157,6.160050392
5.343467184,1.267050028,5.11095047,7.525050163
5.345990955,1.03305006,5.302950382,9.061950684
5.348514953,1.492050052,5.475000381,8.812950134
5.351038953,2.412000179,5.596950054,8.05095005
5.353562953,2.380950212,5.829000473,7.791000366
5.356086878,1.690950036,5.518050194,7.948950291
5.358610876,1.143000007,5.101950169,8.956050873
5.361134876,0.673050046,4.869000435,9.045000076
5.363658647,0.9630000591,4.97205019,9.921000481
5.366182645,1.183050036,4.611000061,10.27995014
5.36870663,1.00395,3.703050137,9.589050293
5.37123063,0.8290500641,3.457050085,8.643000603
5.373754555,0.721050024,3.463950157,7.897950172
5.376278553,0.5010000467,3.781950235,6.919050217
5.378802568,0.1800000072,4.017000198,7.78605032
5.38132634,-0.05100000277,4.599000454,9.208050728
5.383850338,0.5350500345,4.132050037,9.145950317
5.386374338,1.128000021,4.012050152,8.740950584
5.388898338,1.258050084,4.489050388,8.815050125
5.391422263,0.9730500579,5.046000004,8.518050194
5.393946261,0.4800000191,4.683000088,8.692950249
5.396470261,0.5509500504,3.835050106,10.03395081
5.398994041,0.6499500275,3.844950199,10.61100006
5.401518039,0.3139500022,4.714050293,11.19300079
5.404041964,0.1710000038,4.38795042,9.601050377
5.406566039,0.04905000329,3.610050201,9.421050072
5.409089969,0.05595000088,3.471000195,9.208050728
5.411613967,-0.08400000632,4.052999973,8.346000671
5.414137967,-0.2569500208,4.840950012,8.013000488
5.416661738,-0.09600000083,4.71600008,9.780000687
5.419185746,0.2400000095,4.03605032,10.28505039
5.421709746,0.4990500212,3.95505023,9.72495079
5.424233671,0.4819500148,4.864050388,9.217050552
5.426757669,0.3289500177,4.692000389,9.592950821
5.429281683,0.2110500038,4.254000187,9.877950668
5.431805455,0.5059500337,3.493050098,10.45800018
5.434329453,0.9940500259,3.258000135,10.94400024
5.436853453,0.5989500284,4.630050182,10.94100094
5.439377434,0.5010000467,5.463000298,9.804000854
5.441901359,1.203000069,4.893000126,7.57695055
5.444425357,1.713000059,4.234950066,7.084050179
5.446949357,1.79400003,4.435950279,7.71900034
5.449473342,2.328000069,4.029000282,8.338950157
5.451997113,1.999950051,3.970950127,8.446949959
5.454521111,1.747950077,4.56000042,9.05505085
5.457045092,2.175000191,4.467000008,7.981950283
5.459569017,2.433000088,4.066950321,7.774050236
5.462093015,2.811000109,3.65805006,8.190000534
5.46461702,2.701050043,2.578050137,10.37895012
5.46714102,2.122050047,2.54700017,11.03205013
5.469664791,1.894950032,3.211950064,10.41705036
5.472188789,2.227050066,4.198950291,9.118950844
5.474712794,2.083950043,4.942950249,8.206950188
5.477236719,2.413950205,4.792950153,6.71295023
5.479760717,2.874000072,3.907050133,6.699000359
5.482284707,3.175050259,2.96295023,8.197950363
5.484808707,2.596050024,4.090950012,8.791049957
5.487332479,2.373000145,5.12100029,8.24505043
5.489856477,2.851950169,4.495950222,7.963050365
5.492380477,3.417000055,3.682050228,8.176050186
5.494904402,3.645000219,3.066000223,9.873000145
5.4974284,3.613950253,2.35800004,11.37195015
5.4999524,2.716050148,2.305050135,11.39595032
5.502476414,2.224950075,2.113950014,11.01600075
5.505000185,2.119950056,3.538050175,11.03205013
5.507524183,1.930050135,4.299000263,9.100049973
5.510048183,2.13195014,4.006950378,7.549050331
5.512572113,2.2660501,3.217050076,6.742050171
5.515096111,2.23905015,3.226950169,6.876000404
5.517620111,2.017050028,2.848950148,7.798050404
5.520143892,1.875000119,3.153000116,9.273000717
5.52266789,1.75605011,3.639000177,9.244050026
5.52519189,1.722000122,3.552000284,9.153000832
5.52771589,1.933050036,2.940000057,9.595950127
5.530239815,2.191050053,2.401050091,10.29000092
5.532763813,1.624050021,1.680000067,12.12900066
5.535287813,0.8029500246,2.05095005,11.833951
5.537811585,0.6450000405,2.803050041,11.02005005
5.540335583,0.5509500504,4.069950104,10.24695015
5.542859592,0.5320500135,4.588950157,8.466000557
5.545383517,1.510950089,3.964050293,6.511950493
5.547907515,1.348950028,3.14805007,6.27300024
5.550431515,0.7170000076,3.663000107,6.463950157
5.552955486,-0.1369500011,4.12005043,6.007050514
5.555479257,0.2140500098,3.478050232,7.639950275
5.558003255,0.7309500575,2.94900012,9.754050255
5.560527255,1.036949992,2.865000248,9.486000061
5.56305126,1.071000099,2.511000156,9.591000557
5.565575185,0.2880000174,1.845000029,10.53705025
5.568099183,-0.2809500098,1.458000064,12.45405102
5.570623183,-0.337950021,1.789950132,12.42105103
5.573146973,-0.810000062,3.210000038,11.22405052
5.575670971,-0.6040500402,3.940050125,10.09905052
5.578194971,0.2980500162,3.56400013,9.481050491
5.580718971,0.3910500109,3.160050154,8.341050148
5.583242901,-0.4579500258,3.447000265,7.636950493
5.585766899,-0.9420000315,4.174950123,7.474050522
5.588290899,-0.8700000644,4.168050289,8.365050316
5.590814671,-0.5710500479,4.261050224,9.493050575
5.593338674,0.5110500455,3.988050222,9.253050804
5.595862599,0.9559500217,3.454050064,9.009000778
5.598386674,1.047000051,2.749950171,10.18995094
5.600910599,0.4939500093,2.329050064,11.46600056
5.603434616,0.1350000054,1.714050055,11.93700027
5.605958616,-0.03195000067,2.098950148,11.76195049
5.608482387,-0.3670500219,3.495000124,11.70495033
5.611006385,-0.4720500112,4.225049973,9.907050133
5.613530404,0.007950000465,4.018949986,8.296050072
5.616054404,0.2380500138,3.727050066,7.663950443
5.618578329,0.07500000298,4.216050148,7.027050495
5.621102327,-0.4510500133,4.294950008,6.660000324
5.623626332,-0.5080500245,3.721950293,8.503950119
5.626150103,-0.7020000219,2.977950096,8.772000313
5.628674101,-0.02205000073,1.993950129,8.229000092
5.631198086,0.8460000157,1.711050034,8.992050171
5.633722086,1.312950015,1.671000123,8.723999977
5.636246011,0.319050014,2.02305007,9.118950844
5.63877001,-0.6349500418,0.9379500151,10.55595016
5.641293771,0.04905000329,2.053950071,11.34600067
5.643817769,-0.1969500035,4.137000084,10.4650507
5.646341769,-0.02505000122,4.579950333,9.052050591
5.648865779,0.7759500146,4.000050068,8.956050873
5.651389779,1.147950053,1.345050097,5.866050243
5.653913704,0.3810000122,2.350950003,7.266000271
5.656437683,0.3000000119,2.48205018,6.639000416
5.658961683,-0.02205000073,0.8370000124,6.142950058
5.661485454,-1.191000104,1.30005002,10.77405071
5.664009452,0.8749500513,-0.3559500277,10.19400024
5.666533442,0.5749500394,0.1020000055,9.423000336
5.669057367,-0.364950031,0.3829500079,10.17000008
5.671581365,0.1680000126,0.9120000601,9.354000092
5.674105355,0.0150000006,1.579950094,10.78995037
5.676629355,0.08400000632,2.69295001,11.98500061
5.679153126,-0.1990500093,3.529050112,11.1640501
5.681677124,-0.2980500162,3.967050076,10.09605026
5.684201124,-0.4120500088,3.883050203,10.36905003
5.68672505,0.0270000007,4.117050171,9.522000313
5.689249048,0.1590000093,4.483950138,8.410950661
5.691772819,-0.03705000132,4.543950081,7.893000603
5.694297048,0.5869500041,4.003050327,8.092050552
5.69682081,0.7050000429,3.153000116,10.35000038
5.699344808,-0.2020500153,2.998950243,11.08500099
5.701868808,-0.3120000064,2.731050014,10.67295074
5.704392733,-0.2860500216,2.592000008,10.71405029
5.706916731,-0.2400000095,3.076050043,10.18005085
5.709440731,-0.0580500029,3.993000269,8.554050446
5.711964731,0.3889500201,4.266000271,8.176050186
5.714488502,-0.003000000026,4.18500042,9.655950546
5.717012529,-0.5800500512,4.924050331,9.684000015
5.719536529,-1.126049995,5.236050129,8.854050636
5.722060454,-1.045050025,4.579950333,8.169000626
5.724584452,-1.480050087,4.354950428,8.230950356
5.727108447,-1.822950125,4.807050228,7.297050476
5.729632447,-1.981050134,5.137050152,6.100050449
5.732156218,-1.918050051,4.594050407,6.486000538
5.734680217,-1.887000084,3.58095026,8.590050697
5.737204197,-1.947000146,2.937000036,10.11000061
5.739728122,-2.428050041,2.983050108,9.636000633
5.74225212,-3.087000132,3.102000237,9.763050079
5.744776101,-2.862000227,3.71295023,9.727050781
5.747300101,-2.056950092,4.033950329,9.391950607
5.749823872,-1.669050097,4.168050289,9.544950485
5.752347851,-1.480050087,4.642050266,9.828000069
5.754871776,-1.312950015,4.555950165,9.652950287
5.757395774,-1.879950047,4.789950371,10.48605061
5.759919774,-2.15805006,4.797000408,9.792000771
5.762443755,-2.404050112,4.981950283,8.784000397
5.764967755,-2.15805006,5.044050217,7.7760005
5.767491526,-1.738950133,4.38105011,9.10695076
5.770015519,-2.078999996,3.852000237,10.52700043
5.772539519,-2.632050037,3.562050104,10.07700062
5.775063444,-2.827950239,3.823050261,9.979050636
5.777587413,-2.737050056,3.346950054,10.41195011
5.780111413,-3.469950199,3.586050272,9.337050438
5.782635185,-3.697050095,3.757950068,8.722050667
5.785159183,-3.292950153,3.241050243,9.9810009
5.787683183,-3.163050175,2.821950197,10.07700062
5.790207183,-3.154050112,2.719050169,9.454050064
5.792731108,-2.710950136,2.671050072,9.960000038
5.795255106,-3.565950155,3.433050156,11.37000084
5.797779106,-3.907950163,4.219950199,9.828000069
5.800303101,-3.436050177,3.823050261,7.872000217
5.802826872,-3.055950165,2.956050158,7.915050507
5.805350793,-3.68805027,2.494050026,9.328050613
5.807874856,-3.751950264,2.596950054,10.22100067
5.810398781,-4.09005022,3.201000214,10.12200069
5.812922779,-3.80700016,2.820000172,10.39995003
5.815446779,-3.553950071,2.607000113,10.31400013
5.81797055,-3.44595027,3.070950031,9.337050438
5.820494548,-3.733050108,3.493050098,8.425050735
5.823018548,-3.846000195,3.166950226,8.857950211
5.825542557,-3.961050272,2.608950138,9.730050087
5.828066482,-4.118999958,2.314950228,9.967050552
5.83059048,-4.027950287,3.427950144,10.99905014
5.833114466,-3.300000191,3.948000193,10.14195061
5.835638466,-3.031950235,3.682050228,9.05505085
5.838162238,-2.689050198,2.523000002,8.499000549
5.840686236,-3.124950171,2.311950207,8.842050552
5.843210245,-3.784050226,2.704950094,9.406949997
5.84573417,-4.096950054,3.033000231,9.592950821
5.848258168,-3.208950043,3.220050097,10.20405006
5.850782168,-2.28000021,3.859050274,9.901950836
5.853305939,-1.047000051,3.957000256,8.752950668
5.855829937,-0.5200500488,3.531000137,8.202000618
5.858353937,-0.9850500226,3.382050276,8.640000343
5.860877937,-1.918050051,2.725950241,9.378000259
5.863401872,-2.05005002,2.4150002,10.31595039
5.86592587,-0.9010500312,3.118950129,10.88100052
5.868449641,-0.3360000253,4.105950356,10.84995079
5.870973639,0.1680000126,3.646050215,8.37195015
5.873497663,0.01305000018,2.892000198,8.262000084
5.876021663,-0.337950021,2.394000053,8.281050682
5.878545663,-1.669050097,2.928000212,7.606050491
5.881069588,-1.885050058,3.624000072,6.772950172
5.883593596,-0.9370500445,2.925000191,8.095050812
5.886117596,-0.7519500256,3.198000193,10.41900063
5.888641368,0.319050014,3.981000185,9.473999977
5.891165366,1.119000077,4.066950321,8.515950203
5.893689356,1.027950048,3.402000189,8.656949997
5.896213356,-0.01995000057,3.411000252,8.775000572
5.898737281,0.4129500091,3.307950258,7.635000229
5.901261279,0.2539499998,2.844000101,9.519000053
5.903785274,0.8790000677,3.037950039,10.50600052
5.906309045,1.329000115,3.71505022,10.62495041
5.908833043,1.308000088,3.09795022,10.32105064
5.911357043,1.285950065,2.772000074,9.517050743
5.913881033,1.58100009,2.94900012,8.470050812
5.916404958,0.3529500067,3.63105011,7.945950508
5.918928956,-0.5010000467,5.092050076,6.868950367
5.921452957,0.05295000225,5.578050137,7.731000423
5.923976728,0.9340500236,5.092050076,9.040050507
5.926500726,2.035950184,4.498050213,9.007050514
5.92902474,2.365950108,4.326000214,9.085950851
5.93154874,1.90200007,4.134000301,9.577050209
5.934072665,0.6280500293,4.543950081,8.971050262
5.936596663,0.6330000162,4.441050053,9.352050781
5.939120663,1.348950028,4.144050121,10.68300056
5.941644435,0.07304999977,4.402050018,11.41995049
5.944168433,1.258050084,4.618050098,10.43895054
5.946692452,2.476050138,4.048050404,9.703050613
5.949216452,2.055000067,3.684000254,9.672000885
5.951740377,1.119000077,4.276050091,8.086950302
5.95426438,0.8029500246,4.726050377,6.58605051
5.95678838,0.4510500133,4.486050129,6.897000313
5.959312151,0.9270000458,5.18295002,8.359950066
5.961836149,2.361000061,4.728000164,8.839050293
5.964360149,1.882950068,4.660950184,9.571950912
5.966884149,1.846950054,4.168050289,8.727000237
5.969408074,1.375050068,3.769950151,8.523000717
5.971932072,1.456050038,3.576000214,8.513999939
5.974456072,0.1399500072,3.201000214,9.589050293
5.976979857,-0.4390500188,3.430050135,10.96800041
5.979503855,0.8460000157,4.050000191,11.01600075
5.982027855,1.291050076,3.574050188,10.01205063
5.984551855,1.68900013,2.965950251,9.277050018
5.98707577,1.092000008,2.521050215,8.521050453
5.989599768,0.3810000122,3.019050121,7.917000294
5.992123769,-0.04605000094,3.792000294,6.945000172
5.99464755,0.6450000405,4.144050121,7.957950592
5.997171548,0.5989500284,3.924000263,9.268050194
5.999695548,0.9130500555,3.876000166,9.808950424
6.002219548,1.708050132,4.065000057,8.676000595
6.004743497,1.722000122,3.841950178,8.956050873
6.007267495,1.009050012,3.651000261,9.142950058
6.009791495,0.3600000143,3.100050211,9.86400032
6.01231528,1.039950013,2.703000069,10.69500065
6.014839278,1.276950002,3.880050182,11.60400009
6.017363278,1.768050075,4.735050201,9.8539505
6.019887293,1.957050085,4.12005043,8.260050774
6.022411218,1.906050086,3.004050255,7.846050262
6.024935216,1.552050114,2.901000023,8.25
6.027459216,1.255050063,3.343950272,6.961950302
6.029982977,1.054050088,3.889950275,6.937950134
6.032506975,1.207050085,4.264050007,6.664950371
6.035030975,1.497000098,4.771050453,7.435950279
6.037554946,1.873050094,4.09800005,7.386000156
6.040078872,1.734000087,3.600000143,8.230950356
6.04260287,0.9460500479,3.306000233,8.92305088
6.04512687,0.3570000231,3.39195013,9.394950867
6.047650641,0.2160000056,3.126000166,9.79695034
6.050174639,0.4819500148,3.09795022,11.81805038
6.052698639,0.5269500017,4.386000156,11.79600048
6.055222639,0.4270500243,4.6489501,10.10805035
6.057746564,0.6330000162,3.883050203,8.901000023
6.060270548,0.49605003,3.186000109,8.98995018
6.062794548,0.01695000008,4.042950153,8.584950447
6.065318319,-0.6210000515,4.620000362,7.767000198
6.067842317,-0.03405000269,4.138950348,8.218950272
6.070366336,0.6949500442,3.552000284,9.835050583
6.072890261,1.339050055,3.463950157,9.603000641
6.075414259,1.288950086,3.877950191,8.727000237
6.077938259,1.204950094,3.600000143,8.485050201
6.080462273,1.324950099,3.04005003,8.430000305
6.082986044,1.504050016,2.860950232,8.680950165
6.085510042,1.708050132,3.339000225,10.92195034
6.088034033,1.701000094,4.287000179,10.59705067
6.090557959,2.170050144,4.102950096,9.30600071
6.093081957,2.412000179,3.583950281,9.24600029
6.095605947,2.13195014,3.439950228,9.069000244
6.098129947,1.633950114,4.038000107,7.506000519
6.100653718,1.339050055,4.953000069,6.715950489
6.103177716,1.654950023,5.226000309,7.672950268
6.105701716,2.187000036,5.23995018,8.92305088
6.108225641,2.437950134,4.984050274,8.896950722
6.110749639,2.353950024,4.207950115,8.779050827
6.113273629,2.029050112,3.718050241,9.18900013
6.115797629,1.465950012,3.808950186,8.772000313
6.1183214,1.425000072,3.988050222,8.727000237
6.120845398,1.75605011,4.045950413,10.0669508
6.123369389,2.078999996,3.921000242,11.47800064
6.125893314,1.995000124,3.71505022,10.30200005
6.128417312,2.05005002,3.375000238,9.058950424
6.130941312,1.75605011,3.274950266,8.620950699
6.133465327,1.255050063,4.117050171,7.611000538
6.135989099,1.156949997,4.429050446,6.5020504
6.138513097,1.224000096,5.122950077,7.539000511
6.141037097,1.549950123,5.194950104,9.433050156
6.143561022,1.807950139,4.386000156,8.614050865
6.14608502,1.543050051,4.029000282,9.37305069
6.14860902,1.048950076,3.778050184,9.778050423
6.15113303,0.42900002,4.042950153,9.498000145
6.153656801,0.748050034,3.706050158,9.354000092
6.156180799,0.8239500523,3.733950138,11.23095036
6.158704789,0.4800000191,4.072050095,11.4630003
6.161228714,1.006049991,3.438000202,10.21800041
6.163752712,1.248000026,2.638050079,9.129000664
6.166276702,0.5440500379,2.33100009,9.277050018
6.168800702,0.5730000138,3.406050205,7.764000416
6.171324473,0.2760000229,4.453050137,6.546000481
6.173848471,0.4510500133,4.323000431,6.99600029
6.176372447,1.231050014,3.709950209,6.684000492
6.178896372,1.261950016,3.375000238,7.093950272
6.18142037,0.673050046,3.280050039,8.374950409
6.183944356,0.6810000539,3.088050127,8.479949951
6.186468356,0.7600500584,3.046950102,8.67195034
6.188992128,0.9870000482,3.41595006,10.79505062
6.191516126,1.155000091,4.153050423,11.40105057
6.194040126,1.372950077,3.811050177,10.40505028
6.196564051,1.546950102,3.327000141,10.02405071
6.199088049,1.521000028,3.382050276,9.684000015
6.201612049,0.9750000238,4.210950375,8.542050362
6.204136049,0.5800500512,5.443950176,7.266000271
6.20665981,0.9150000215,5.475000381,7.563000202
6.209183808,1.593000054,4.450050354,8.289000511
6.211707808,1.62195003,3.60495019,9.058950424
6.214231753,1.000950098,3.451950073,9.31305027
6.216755751,0.8119500279,3.220050097,9.768000603
6.219279751,0.9940500259,3.001950026,9.208050728
6.221803779,1.138050079,4.006950378,9.088050842
6.22432755,1.645950079,4.459950447,9.517050743
6.226851548,1.684050083,4.117050171,10.7350502
6.229375548,1.734000087,3.387000084,10.33305073
6.231899449,1.585950017,2.980050087,9.877950668
6.234423447,1.240950108,3.136050224,9.418950081
6.236947447,0.4870500267,4.276050091,8.623950005
6.239471447,0.4410000145,5.551950455,7.744950294
6.241995219,0.6949500442,6.154950142,7.198950291
6.244519217,1.012950063,5.346000195,8.513999939
6.247043217,0.697050035,4.422000408,9.319950104
6.249567157,0.4939500093,4.219950199,9.727050781
6.252091155,-0.118050009,4.752000332,9.238950729
6.254615155,0.2569500208,5.140050411,8.406000137
6.257139155,0.8719500303,5.295000076,8.611950874
6.25966294,0.9030000567,4.888050079,10.37100029
6.262186938,0.9100500345,4.113000393,10.48605061
6.264710938,1.140000105,3.721950293,9.973950386
6.267234863,1.36500001,3.583950281,9.529050827
6.269758875,1.159050107,3.969000101,8.442000389
6.272282875,1.26000011,4.869000435,7.041000366
6.274806875,1.636050105,5.904000282,5.704950333
6.277330646,2.11500001,5.716950417,6.304050446
6.279854649,2.521950006,4.996050358,6.96900034
6.282378649,2.521950006,4.311000347,8.152050018
6.284902574,2.218050003,4.444950104,8.703000069
6.287426591,2.011950016,4.741950035,8.542050362
6.289950591,2.332950115,5.413050175,7.981950283
6.292474591,2.176950216,5.473050117,9.936000824
6.294998353,1.498950124,4.795050144,10.85700035
6.297522351,2.18204999,3.921000242,10.34505081
6.300046351,2.086050034,3.331950188,10.22505093
6.302570285,1.552050114,3.624000072,9.24105072
6.305094283,1.095000029,5.11095047,7.84305048
6.307618283,1.842000127,5.769000053,5.890050411
6.310142283,1.585950017,4.840950012,7.900950432
6.31266603,1.759950042,4.060050011,9.850050926
6.315190028,1.593000054,3.162000179,9.045000076
6.317714028,0.9730500579,3.543000221,9.118950844
6.320237953,1.296000004,4.003050327,7.965000153
6.322761951,1.203000069,4.201050282,8.032050133
6.325285951,1.036949992,4.462050438,8.236050606
6.327809951,0.4990500212,4.342950344,10.30200005
6.330333722,1.336950064,2.632950068,9.507000923
6.33285772,1.765050054,2.038950205,10.50600052
6.33538172,1.30095005,3.675000191,10.06500053
6.337905645,0.8220000267,6.102000237,8.028000832
6.340429643,0.8719500303,6.109050274,6.24600029
6.342953667,1.678950071,4.021950245,8.463000298
6.345477667,1.746000051,2.985000134,10.37595081
6.348001439,1.255050063,3.60495019,10.44105053
6.350525437,0.9270000458,4.624950409,9.283950806
6.353049437,0.8239500523,4.333050251,8.775000572
6.355573362,1.144950032,3.736950159,9.589050293
6.358097356,0.6520500183,2.674050093,11.14500046
6.360621356,1.416000009,1.948050141,10.75695038
6.363145356,1.318050027,2.370000124,10.63695049
6.365669127,0.1900500059,3.289050102,9.895050049
6.368193125,-0.07005000114,4.51695013,7.549050331
6.370717125,0.6660000086,5.250000477,6.5239501
6.37324105,-0.1300500035,5.415000439,6.474000454
6.375765033,-0.09900000691,4.522050381,6.931050301
6.378289033,0.3739500046,3.339000225,8.479949951
6.380812804,0.2380500138,3.253050089,9.423000336
6.383336802,-0.0150000006,4.072050095,9.447000504
6.385860773,-0.1399500072,4.644000053,8.548950195
6.388384773,0.04395000264,3.552000284,9.325050354
6.390908699,-0.2590500116,2.077950001,11.30805016
6.393432697,0.5230500102,1.290000081,11.41995049
6.395956684,0.6210000515,2.142000198,10.69695091
6.398480455,0.5080500245,4.266000271,9.262950897
6.401004453,0.07005000114,5.203950405,7.423950195
6.403528453,0.04395000264,4.912050247,6.117000103
6.406052466,0.2980500162,4.474050045,6.616950512
6.408576391,0.7429500222,3.916050196,7.819050312
6.411100389,0.8029500246,4.240050316,8.523000717
6.413624361,0.1830000132,5.008050442,8.286000252
6.416148132,0.6139500141,5.263950348,8.298000336
6.41867213,0.4530000091,4.933950424,7.90500021
6.42119613,0.9250500202,3.172050238,8.770050049
6.42372013,0.7879500389,2.968050241,9.817950249
6.426244055,0.4840500355,3.991050243,10.4650507
6.428768053,0.1830000132,5.281050205,8.674050331
6.431292058,0.4870500267,5.845950127,7.198950291
6.433815829,0.8050500154,5.317050457,6.541050434
6.436339827,-0.3409500122,4.611000061,6.984000206
6.438863827,-0.1319999993,4.089000225,7.33605051
6.441387827,-0.1630500108,4.230000019,8.12100029
6.443911753,-0.4320000112,4.342950344,8.572950363
6.446435751,-1.072950006,5.662050247,8.887050629
6.448959741,-0.4320000112,5.884050369,8.908950806
6.451483512,-0.2160000056,3.733950138,9.92400074
6.45400751,-0.9780000448,2.997000217,10.94595051
6.45653151,-0.9510000348,3.475950241,11.03205013
6.45905551,-0.9780000448,5.616000175,9.378000259
6.461579435,-1.528050065,7.162950516,6.895050526
6.464103433,-1.131000042,6.664950371,6.076050282
6.466627433,-0.5730000138,4.134000301,7.033950329
6.469151199,-1.309950113,3.025950193,9.92895031
6.471675197,-1.21905005,3.945000172,9.802050591
6.474199197,-1.501950026,5.875050068,9.364050865
6.476723197,-1.453950047,6.78000021,8.806050301
6.479247131,-1.155000091,4.885950089,9.154950142
6.481771129,-0.2160000056,2.475000143,10.37895012
6.484295129,-1.468050122,2.487000227,11.55195045
6.486818901,-1.866000056,4.522050381,10.59705067
6.489342909,-1.705050111,6.721950531,8.025000572
6.491866909,-1.372950077,7.168050289,6.981000423
6.494390909,-0.5590500236,5.197050095,7.24695015
6.496914834,-0.0390000008,2.98995018,8.527950287
6.499438817,-1.237950087,2.893950224,10.19400024
6.501962817,-1.638000131,4.354950428,9.045000076
6.504486588,-1.392000079,5.904000282,8.358000755
6.507010586,-0.9919500351,5.014950275,9.153000832
6.509534562,-0.7999500632,2.808000088,10.84605026
6.512058562,-1.36500001,2.013000011,11.48700047
6.514582487,-2.823000193,3.562050104,10.43595028
6.5171065,-2.638950109,5.293050289,7.726050377
6.5196305,-2.22300005,6.129000187,6.253050327
6.522154271,-1.545000076,4.558050156,7.59705019
6.524678274,-1.023000002,2.731050014,9.244050026
6.527202274,-1.249950051,2.188050032,10.0390501
6.529726274,-1.636050105,2.952000141,9.627000809
6.532250199,-1.798950076,4.110000134,8.356050491
6.534774197,-1.842000127,4.018949986,9.756000519
6.537298197,-0.8770500422,2.512950182,10.72095013
6.539821969,-0.9559500217,2.002950191,10.66605091
6.542345976,-1.873050094,2.940000057,9.937950134
6.544869976,-1.923000097,4.531949997,8.017950058
6.547393976,-1.732050061,5.329050064,7.810050488
6.549917901,-0.748050034,4.615050316,9.447000504
6.552441928,0.09195000678,3.41595006,10.50600052
6.554965928,-0.3409500122,3.421050072,11.04900074
6.557489699,-0.7549500465,4.005000114,10.02000046
6.560013697,-1.104000092,4.920000076,8.602050781
6.562537702,-1.590000033,5.130000114,9.130949974
6.565061702,-1.08795011,3.751050234,10.66800022
6.567585627,-0.3859500289,2.278950214,10.89105034
6.570109625,-0.8940000534,2.977950096,10.69500065
6.572633625,-1.042050004,4.066950321,8.31704998
6.575157396,-1.629000068,5.30700016,6.84705019
6.577681394,-1.356000066,4.495950222,6.78000021
6.580205394,-0.3889500201,1.893000126,9.433050156
6.582729408,-0.886950016,1.821000099,9.744000435
6.585253333,-1.336950064,3.201000214,8.443950653
6.587777331,-1.686000109,4.6489501,7.975050449
6.590301331,-1.513950109,4.414050102,7.975050449
6.592825089,-0.6589500308,2.446050167,8.896950722
6.595349087,-0.9679500461,1.8910501,10.62495041
6.597873087,-1.744050026,3.166950226,9.646050453
6.600397087,-2.014050007,4.39800024,7.711950302
6.602921002,-1.432050109,4.323000431,7.020000458
6.605445,-0.4200000167,2.72205019,8.37195015
6.607969,-0.5440500379,1.611000061,10.17795086
6.610492771,-1.368000031,2.464950085,10.12695026
6.613016783,-1.605000019,3.511950254,8.563950539
6.615540783,-1.476000071,3.912000179,9.073950768
6.618064783,-1.095000029,3.310950041,9.220050812
6.620588708,-0.4099500179,2.092050076,10.27095032
6.623112697,-1.360950112,2.082000017,11.0869503
6.625636697,-1.843950033,3.63105011,10.13895035
6.628160468,-1.759950042,5.3770504,8.707050323
6.630684466,-1.465950012,5.503950119,7.623000145
6.633208466,-0.6060000062,3.897000074,8.05395031
6.635732466,-0.2590500116,1.774050117,11.06595039
6.638256466,-1.11195004,1.708950043,12.07605076
6.640780391,-1.918050051,3.343950272,10.64205074
6.643304374,-1.720050097,5.001000404,9.463950157
6.645828146,-1.765050054,4.048050404,10.18200016
6.648352144,-1.375050068,3.246000051,9.409049988
6.650876144,-1.5160501,2.305050135,9.574050903
6.653400154,-2.148000002,3.459000111,9.712950706
6.655924079,-2.905050039,5.365050316,8.242950439
6.658448077,-2.503050089,5.950950146,6.976050377
6.660972077,-1.312950015,4.018949986,8.254950523
6.663495848,-1.072950006,1.965000153,10.52700043
6.666020077,-1.495050073,1.687050104,10.52205086
6.668543848,-2.548050165,3.5400002,10.30005074
6.671067846,-3.043950081,4.927050114,9.016050339
6.673591771,-2.320950031,4.708950043,7.675950527
6.676115769,-1.59495008,3.133050203,8.530050278
6.678639754,-1.906050086,2.784000158,10.20900059
6.681163525,-2.743950129,4.414050102,8.913000107
6.683687754,-3.019950151,6.081000328,8.011050224
6.686211521,-2.694000244,5.169000149,7.288050175
6.688735519,-2.22300005,3.234000206,7.555950165
6.691259444,-2.296950102,1.972050071,9.631950378
6.693783442,-3.259050131,2.965950251,10.4460001
6.696307442,-4.047000408,5.263950348,9.781949997
6.698831214,-3.562950134,5.227950096,9.088050842
6.701355212,-3.142050266,3.627000093,9.138000488
6.703879212,-2.955000162,2.242950201,10.42200089
6.706403216,-4.092000008,2.521050215,10.60095024
6.708927141,-4.404000282,3.84705019,10.12995052
6.711451139,-3.931950092,5.331000328,9.145950317
6.713975139,-3.135000229,5.452950478,7.912950516
6.716498906,-2.416050196,4.33095026,6.556950092
6.719022904,-2.351999998,2.584950209,8.413050652
6.721546904,-2.586000204,2.463000059,10.53405094
6.724070904,-3.508050203,4.840950012,9.804000854
6.726594824,-2.862000227,5.113050461,7.656000137
6.729118822,-1.747950077,3.471000195,7.552950382
6.731642822,-1.569000125,2.548950195,9.418950081
6.734166588,-2.500050068,2.530050039,9.751049995
6.736690586,-3.154050112,4.122000217,9.811050415
6.739214586,-2.971950054,5.238000393,8.173950195
6.741738571,-2.071950197,4.074000359,7.744950294
6.744262497,-1.918050051,2.548950195,8.254950523
6.746786495,-2.728050232,1.869000077,9.694050789
6.749310495,-3.568050146,2.644950151,9.828000069
6.75183449,-3.838950157,4.306950092,9.99600029
6.754358261,-3.487050056,4.375950336,9.30795002
6.756882259,-2.497950077,2.257050037,10.23300076
6.759406255,-2.947950125,1.690050125,10.45005035
6.761930255,-4.384050369,2.37195015,10.39500046
6.76445418,-4.510950089,4.723050117,9.826050758
6.766978168,-3.742950201,4.70595026,8.122950554
6.769501939,-3.244950056,3.09795022,7.522050381
6.772025937,-3.103950262,1.084050059,8.557050705
6.774549937,-4.261950016,0.9880500436,10.51500034
6.777073862,-4.425000191,3.634050131,10.45800018
6.77959786,-3.750000238,5.341050148,8.344050407
6.78212186,-2.409000158,3.495000124,7.893000603
6.78464586,-1.789050102,1.519950032,8.394000053
6.787169631,-2.977050066,1.503000021,10.04100037
6.789693629,-3.781050205,3.463950157,10.77105045
6.792217629,-3.084000111,5.05095005,9.265050888
6.794741629,-2.292000055,4.141050339,8.37195015
6.797265624,-1.873050094,2.599950075,8.212050438
6.79978955,-2.119950056,1.825950146,9.210000038
6.802313548,-2.019000053,2.2120502,9.390000343
6.804837319,-2.649000168,3.811050177,9.664950371
6.807361308,-2.232000113,3.981000185,8.788949966
6.809885308,-1.175999999,2.086950064,8.832000732
6.812409233,-0.9030000567,1.684950113,9.058950424
6.814933226,-2.083950043,1.744950056,10.22295094
6.817457226,-2.512050152,3.28395009,10.46205044
6.819981226,-2.404050112,4.326000214,9.094950676
6.822504987,-1.353000045,4.03605032,8.590050697
6.825029216,-0.1519500017,3.118950129,8.253000259
6.827552987,-0.405000031,2.712000132,8.11605072
6.830076908,-1.447050095,2.668950081,9.613050461
6.832600908,-1.096950054,3.883050203,10.29195023
6.835124908,-0.7090500593,4.912050247,9.355950356
6.837648908,0.6469500065,3.222000122,8.170949936
6.84017268,0.4680000246,1.696950078,8.560950279
6.842696678,-0.4650000334,1.753950119,11.32395077
6.845220678,-0.1560000032,4.129050255,11.08005047
6.847744678,0.5230500102,5.485050201,8.782050133
6.850268603,2.032950163,3.579000235,7.956000328
6.852792611,1.942050099,1.920000076,9.222000122
6.855316611,1.188000083,1.297050118,9.720000267
6.857840382,0.1780500114,2.152050018,9.18900013
6.860364611,0.06795000285,4.480950356,9.916950226
6.862888406,1.174050093,4.747050285,9.784950256
6.865412327,1.950000048,3.379950047,8.617050171
6.867936327,2.316000223,2.086950064,8.241000175
6.870460327,2.494950056,2.628000021,9.076050758
6.872984356,1.051950097,4.137000084,10.04805088
6.875508356,1.156949997,5.656950474,10.02195072
6.878032127,2.656050205,4.338000298,7.977000237
6.880556125,3.501000166,2.473050117,8.650050163
6.883080129,2.847000122,2.383949995,8.008049965
6.885604054,3.103950262,2.494050026,7.702050209
6.888128052,1.83705008,4.228050232,9.742050171
6.890652052,2.596050024,3.976050138,8.490000725
6.893175839,4.132950306,2.473050117,8.782050133
6.895699837,4.272000313,1.558050036,9.382950783
6.898223837,4.176000118,2.785950184,9.370950699
6.900747762,3.525000095,4.644000053,8.767050743
6.903271745,3.211050034,5.355000019,9.703050613
6.905795745,3.838950157,4.539000034,7.996050358
6.908319745,5.182050228,3.172050238,7.360050201
6.910843745,4.750950336,3.268050194,7.393050194
6.913367545,4.118999958,3.319950104,7.552950382
6.915891543,2.938050032,4.000050068,9.282000542
6.918415468,3.537000179,3.552000284,10.38300037
6.920939471,3.987000227,3.150000095,9.462000847
6.923463471,4.284000397,2.844000101,8.557050705
6.925987471,3.436050177,3.700950146,8.454000473
6.928511237,2.610000134,4.881000042,8.478000641
6.931035235,2.433000088,4.777950287,9.519000053
6.933559235,3.084000111,4.441050053,9.861000061
6.93608316,3.127950191,3.64800024,9.319950104
6.93860723,2.919000149,3.56400013,8.584950447
6.941131155,2.731950045,4.237050056,8.631000519
6.943655153,1.576050043,4.953000069,11.09205055
6.94617892,1.617000103,3.909000158,11.49900055
6.948702918,1.58100009,3.190950155,11.62395096
6.951226918,1.480050087,4.085999966,11.41995049
6.953750843,0.9580500722,6.520950317,12.29595089
6.956274841,0.433950007,7.855050564,10.48605061
6.958798841,0.5010000467,7.213050365,10.93605042
6.961322841,0.6850500107,5.839050293,11.68095016
6.963846612,-0.4219500124,5.470050335,11.33205032
6.966370626,-1.585950017,6.403950214,9.742050171
6.968894626,-1.981050134,7.453050137,10.84800053
6.971418551,-2.139000177,6.576000214,11.09205055
6.973942626,-1.650000095,3.411000252,9.778050423
6.976466575,-1.807950139,1.885950089,9.013950348
6.978990573,-2.341950178,3.619050264,9.8539505
6.981514344,-2.337000132,1.252050042,3.201000214
6.984038573,-1.30095005,3.720000267,4.099050045
6.986562353,-3.702000141,1.572000027,6.487950325
6.989086351,4.416000366,-1.288050056,-4.426050186
6.991610276,-2.404050112,3.247950077,3.250950098
6.994134274,2.184000015,4.747050285,-3.562050104
6.996658274,2.701050043,5.389050484,-2.39805007
6.999182046,2.440050125,3.925950289,3.190950155
7.001706044,1.68900013,7.402050495,9.032999992
7.004230049,1.276950002,9.526050568,5.59305048
7.006754049,0.01005000062,8.282999992,10.13205051
7.009277974,-0.3220500052,6.076050282,13.13400078
7.011801977,-1.440000057,6.361050129,14.60205078
7.014325977,-3.457950115,8.001000404,11.70705032
7.016849748,-1.660050035,7.069950104,9.639000893
7.019373948,-1.072950006,4.090950012,12.17895031
7.021897719,-1.102050066,0.8520000577,17.25195122
7.024421717,-1.297950029,0.4999500215,14.46600056
7.026945642,-1.89195013,1.849950075,12.50895023
7.029469626,-1.2739501,0.3709500134,10.77405071
7.031993626,-0.4320000112,-2.853000164,11.77200031
7.034517626,-0.673050046,-3.306000233,11.95200062
7.037041397,-0.9679500461,-0.8160000443,9.984000206
7.039565395,-0.7840500474,1.000050068,7.980000496
7.04208932,0.4939500093,0.9520500302,7.486050129
7.044613395,1.279050112,-0.7579500079,9.286950111
7.04713732,1.477950096,-0.6030000448,11.05905056
7.049661317,0.6259500384,1.429050088,11.35305023
7.052185089,-0.106050007,3.169050217,11.57595062
7.054709087,0.02205000073,3.289050102,10.67805004
7.057233087,-0.8820000291,2.176050186,11.56905079
7.059757003,-0.8959500194,2.640000105,11.50200081
7.062281078,-2.014050007,4.255949974,10.3909502
7.064805003,-3.373950243,4.903050423,9.164999962
7.067329001,-3.094050169,4.672950268,10.03095055
7.069853015,-3.309000254,3.885000229,10.16100025
7.072376786,-2.938050032,3.71295023,11.24100018
7.074900784,-2.827950239,3.832950115,10.70700073
7.077424704,-2.953050137,4.881000042,10.79805088
7.079948702,-3.103950262,6.294000149,9.952050209
7.082472702,-2.80005002,5.971050262,8.50605011
7.084996717,-2.017050028,5.319000244,8.109000206
7.087520488,-1.678950071,5.077950478,9.261000633
7.090044717,-1.798950076,6.022950172,8.443950653
7.092568517,-1.899000049,7.000050545,7.31400013
7.095092439,-2.088000059,7.279950142,6.960000515
7.097616515,-0.9889500737,6.307950497,6.550050259
7.100140441,-0.8050500154,4.881000042,8.298000336
7.102664439,-0.2380500138,4.467000008,9.583950043
7.10518821,-0.1830000132,4.615050316,9.613050461
7.107712439,-0.8650500178,6.018000126,9.04695034
7.11023621,0.07995000482,5.262000084,7.33605051
7.112760227,0.5470499992,3.112050056,7.690050602
7.115284152,0.2980500162,2.524950027,9.754050255
7.11780815,0.07304999977,4.24695015,9.201000214
7.12033215,-0.8149500489,5.836950302,6.751050472
7.122855939,-0.1110000089,5.535000324,5.965950489
7.125380168,1.036949992,3.184050083,7.639950275
7.127903939,0.1729500145,2.014950037,10.04100037
7.130427937,-0.2929500043,3.406050205,10.44105053
7.132951928,-0.514950037,4.843050003,9.832950592
7.135475853,-0.3810000122,4.207950115,8.074950218
7.137999851,-0.03195000067,2.017950058,8.260050774
7.140523622,-0.2449500114,0.9430500269,11.02305031
7.143047605,-1.557000041,3.447000265,10.81905079
7.145571605,-2.122050047,5.142000198,9.493050575
7.148095605,-1.453950047,4.453050137,7.86495018
7.150619531,-0.9420000315,2.584950209,8.097000122
7.153143529,-0.9030000567,2.014950037,8.767050743
7.155667529,-1.545000076,3.31305027,9.997950554
7.158191529,-2.626950026,4.084050179,11.2690506
7.160715529,-2.433000088,3.65805006,9.462000847
7.163239324,-1.501950026,2.26695013,8.583000183
7.165763245,-0.9700500369,1.663050056,10.56105042
7.168287245,-1.879950047,3.315000057,10.66395092
7.170811245,-2.785050154,4.861950397,9.877950668
7.17333525,-2.512050152,4.821000099,8.763000488
7.17585925,-1.590000033,3.109950066,8.194950104
7.178383021,-1.504050016,2.595000029,7.537050247
7.180907009,-2.316000223,3.41595006,7.855050564
7.183431009,-3.36495018,3.792000294,10.41705036
7.185954934,-3.199050188,3.178950071,10.6039505
7.188478932,-2.19900012,2.35800004,9.522000313
7.191002937,-1.602000117,1.82400012,8.221050262
7.193526709,-2.349000216,3.14805007,9.232050896
7.196050707,-3.360000134,4.122000217,9.643950462
7.198574707,-3.034050226,4.108050346,9.814050674
7.201098632,-1.96905005,3.045000076,8.763000488
7.203622707,-1.444050074,1.845000029,8.193000793
7.206146617,-2.305950165,2.770050049,7.362000465
7.208670615,-3.336000204,3.859050274,8.395950317
7.211194615,-3.361950159,3.12195015,9.487950325
7.213718386,-1.750950098,2.15895009,10.9249506
7.216242384,-1.557000041,2.152050018,9.423000336
7.218766309,-2.187000036,4.177050114,8.893950462
7.221290307,-2.275050163,4.501049995,8.166000366
7.223814307,-2.541000128,3.571950197,10.50600052
7.226338303,-1.681050062,2.659050226,10.24200058
7.228862074,-1.420050025,2.278950214,9.658050537
7.231386303,-2.116950035,2.389050007,8.206950188
7.233910074,-3.429000139,4.302000046,7.46505022
7.23643399,-2.98905015,2.929950237,8.005949974
7.238958067,-3.082050085,2.008050203,10.46700096
7.241481992,-2.332950115,2.224050045,9.519000053
7.24400599,-2.88105011,3.667050123,9.016050339
7.246529994,-2.935950041,5.125050068,8.170949936
7.249053994,-2.914050102,4.513050079,8.80095005
7.251577766,-1.710000038,2.764950037,11.58300018
7.254101764,-1.425000072,2.391000032,11.26005077
7.25662567,-1.480050087,2.734050035,8.92305088
7.259149668,-2.2660501,3.640950203,8.020050049
7.261673668,-2.299050093,3.289050102,7.278000355
7.264197439,-2.98905015,2.833950043,6.78000021
7.266721423,-2.055000067,1.876950145,9.319950104
7.269245423,-1.437000036,2.887050152,9.493050575
7.271769423,-2.15805006,5.242950439,8.041950226
7.274293348,-2.019000053,5.500950336,6.411000252
7.276817341,-1.309950113,3.411000252,10.47705078
7.279341341,-1.126049995,2.736000061,11.25300026
7.281865112,-0.8700000644,3.334950209,9.093000412
7.284389341,-0.7789500356,3.033000231,7.506000519
7.286913107,-2.206050158,3.385050058,8.2999506
7.289437105,-1.966050148,2.947050095,7.065000534
7.291961105,-1.822950125,2.281050205,8.365050316
7.29448503,-0.4680000246,2.338950157,9.070950508
7.297009039,-0.6499500275,3.760950089,8.419950485
7.299533039,-1.162050009,5.013000011,7.357050419
7.302056811,-0.9490500689,4.125,9.126000404
7.304580809,-0.07695000619,2.941950083,11.1640501
7.307104738,0.2929500043,2.523000002,10.35195065
7.309628736,0.2310000062,2.446050167,8.916000366
7.312152736,0.007950000465,2.652000189,8.041950226
7.314676736,-1.404000044,3.592950106,8.202000618
7.317200732,-1.183050036,3.058950186,8.535000801
7.319724732,-0.5850000381,2.80095005,10.49805069
7.322248503,0.6880500317,2.511000156,9.577050209
7.324772501,-0.2620500028,3.330000162,8.605050087
7.327296411,-1.047000051,5.257050037,7.999050617
7.329820409,-0.6930000186,4.618050098,9.399000168
7.332344409,-0.106050007,2.952000141,11.49900055
7.334868409,0.2689500153,1.921950102,10.63500023
7.337392171,0.2880000174,2.056050062,9.069000244
7.339916169,-0.862950027,3.322950125,8.91795063
7.342440169,-1.843950033,4.588950157,7.840950489
7.344964173,-1.2739501,3.361050129,8.875050545
7.347488098,0.2860500216,2.464950085,9.43500042
7.350012096,0.3019500077,2.575950146,9.775050163
7.352535868,-0.1870500147,5.05095005,8.727000237
7.355059866,-0.1399500072,5.383950233,9.045000076
7.357583866,0.1420500129,4.642050266,10.04595089
7.360107801,0.4459500313,2.578050137,10.96005058
7.362631876,1.441950083,1.704000115,9.747000694
7.365155801,1.012950063,1.522050023,9.17400074
7.367679799,-0.3670500219,4.218000412,9.249000549
7.370203799,-0.9250500202,5.347950459,7.422000408
7.372727799,-0.2569500208,3.853950262,7.699950218
7.37525157,0.6499500275,2.599950075,9.109950066
7.377775491,1.440000057,2.710050106,9.883050919
7.380299553,1.128000021,4.299000263,9.933000565
7.382823478,0.6040500402,5.146950245,10.34295082
7.385347476,0.8550000191,4.663050175,9.394950867
7.387871247,1.485000014,3.73905015,10.25700092
7.390395481,2.493000031,3.271950245,9.660000801
7.392919252,2.584050179,3.567000151,8.224050522
7.39544325,1.882950068,5.017950058,8.808000565
7.39796725,1.585950017,4.683000088,9.646050453
7.400491156,2.299050093,3.13800025,9.99105072
7.403015154,2.803950071,2.293050051,10.22505093
7.405539154,3.115950108,3.280050039,9.153000832
7.408063154,2.704050064,5.058000088,8.944950104
7.410586907,1.798950076,5.892000198,9.423000336
7.413110905,2.341950178,4.860000134,9.517050743
7.41563483,3.706950188,3.439950228,9.162000656
7.418158828,3.943950176,2.776950121,8.710050583
7.420682832,3.451050282,3.904050112,7.84305048
7.423206603,2.74695015,5.085000038,10.84095097
7.425730832,2.385000229,4.105950356,10.04595089
7.428254603,2.74905014,2.650050163,10.30905056
7.430778597,3.862950087,2.72205019,8.968050003
7.433302597,2.539050102,4.16505003,9.679950714
7.435826522,1.843950033,5.853000164,9.343950272
7.43835052,2.116950035,5.290950298,9.366000175
7.440874534,3.214050055,3.652950287,9.720000267
7.443398305,3.220950127,2.69295001,9.079050064
7.445922303,3.184950113,3.094950199,7.113000393
7.448446303,2.080950022,5.299950123,8.221050262
7.450970229,1.417950034,5.515950203,8.290950775
7.453494227,1.744050026,3.532950163,8.530050278
7.456018227,3.043950081,2.213999987,8.286000252
7.458542227,2.179050207,3.270000219,9.471000671
7.461066227,1.806000113,4.900050163,9.663000107
7.463589998,1.681050062,4.813950062,9.876000404
7.466113919,2.167050123,3.442050219,9.847050667
7.468637996,2.608050108,2.157000065,9.684000015
7.471161921,2.709000111,2.619000196,8.149950027
7.473685914,1.762950063,5.515950203,7.618050575
7.476209914,1.159050107,5.592000484,8.539950371
7.478733685,1.059000015,3.378000259,9.775050163
7.481257683,1.839000106,2.038950205,9.562050819
7.483781674,1.722000122,3.303000212,9.952050209
7.486305674,0.8770500422,5.286000252,10.35900021
7.488829599,0.9270000458,5.494050026,10.78800011
7.491353597,1.68900013,3.520950079,9.73500061
7.493877616,1.375050068,2.154000044,9.931050301
7.496401616,1.510950089,2.082000017,9.196050644
7.498925387,0.3600000143,5.314950466,7.549050331
7.501449309,0.1129500046,5.166000366,8.065950394
7.50397338,1.027950048,2.623950243,10.17000008
7.506497306,1.545000076,1.228050113,9.603000641
7.509021304,0.5560500026,2.676000118,9.349050522
7.511545304,0.1560000032,5.032050133,7.126950264
7.514069099,0.2740500271,4.6489501,9.286950111
7.516593097,0.6810000539,3.543000221,11.15400028
7.519117097,0.7690500617,2.446050167,10.32795048
7.521641097,0.5130000114,3.129000187,8.655000687
7.524165017,0.1420500129,4.575000286,8.414999962
7.526689015,-0.5850000381,5.860050201,7.069950104
7.529212786,-0.07304999977,4.054950237,7.459950447
7.531737015,-0.1900500059,2.872950077,9.627000809
7.534260786,-0.2449500114,3.721950293,9.499950409
7.536784794,-0.4600500166,5.656950474,7.33605051
7.539308794,0.03405000269,5.275950432,7.522050381
7.541832719,1.060950041,2.296050072,11.11605072
7.544356717,0.6280500293,1.54095006,11.89905071
7.546880717,0.2830500007,2.659050226,9.559950829
7.549404717,-0.1399500072,4.468950272,7.951050282
7.551928489,-0.2689500153,4.933950424,6.832950115
7.554452487,0.3049500287,4.137000084,6.346950531
7.556976496,0.697050035,2.604000092,9.225000381
7.559500421,0.0390000008,3.754050255,8.980050087
7.562024419,0.09600000083,5.791050434,8.37195015
7.56454819,0.1780500114,6.673950195,7.170000553
7.567072443,0.8670000434,4.563000202,9.346950531
7.569596214,1.168950081,2.556000233,12.94995022
7.572120212,0.834000051,1.94595015,11.56395054
7.574644137,0.2020500153,3.025950193,9.517050743
7.57716814,-0.1469999999,5.290950298,9.064050674
7.57969214,0.1950000077,5.449050426,6.46200037
7.58221614,1.261950016,3.885000229,6.616950512
7.584740154,0.8050500154,2.896050215,8.791049957
7.587263925,0.4630500078,3.660000086,9.873000145
7.589787923,0.4750500321,5.938950062,7.53000021
7.592311923,1.095000029,5.71200037,7.87005043
7.594835914,1.552050114,3.403950214,10.15095043
7.597359839,0.8430000544,2.202000141,10.76205063
7.599883837,0.2899500132,2.88195014,9.900000572
7.602407609,-0.007950000465,5.487000465,8.05905056
7.604931568,-0.04605000094,6.346050262,6.534000397
7.607455568,0.7960500121,3.610050201,7.032000542
7.609979493,0.7519500256,0.9690000415,9.268050194
7.612503554,0.1110000089,2.446050167,10.60800076
7.615027479,0.3570000231,5.473050117,8.652000427
7.617551477,-0.05295000225,5.97300005,7.750050545
7.620075452,0.1920000017,3.20505023,10.38600063
7.622599223,0.5779500008,1.417050123,11.94000053
7.625123221,-0.003000000026,2.473050117,10.66605091
7.627647221,-0.5230500102,5.737950325,7.858050346
7.630171136,-1.429950118,8.082000732,6.142950058
7.632695134,-0.9250500202,5.133000374,6.426000118
7.635219134,0.2830500007,1.480950117,9.495000839
7.637742905,0.2539499998,2.394000053,11.70300102
7.640266903,-0.6300000548,6.448950291,9.366000175
7.642790903,-1.140000105,7.792950153,7.728000164
7.645314903,-0.2760000229,4.096050262,9.92400074
7.647838903,0.5539500117,0.9570000172,12.78705025
7.650362843,-0.2899500132,2.002950191,11.71695042
7.652886841,-1.102050066,5.203950405,7.927050591
7.655410841,-2.032950163,6.17895031,6.165000439
7.657934613,-1.215000033,3.849000216,7.12005043
7.66045862,-0.1279500127,1.470000029,9.058950424
7.66298262,-1.045050025,3.282000065,9.583950043
7.665506545,-1.44900012,5.568000317,7.326000214
7.668030543,-1.839000106,5.568000317,7.194000244
7.670554558,-1.369950056,3.004050255,10.79805088
7.673078558,-0.6810000539,1.744950056,11.38905048
7.675602329,-1.212000012,2.607000113,9.643950462
7.678126327,-2.697000027,5.002950191,7.585050583
7.680650293,-3.076950073,4.800000191,7.300050259
7.683174293,-2.111999989,2.446050167,7.479000568
7.685698218,-1.630950093,1.017000079,9.379950523
7.688221958,-2.242050171,2.758050203,8.896950722
7.690746187,-3.457950115,5.470050335,7.402950287
7.693269958,-3.65895009,5.500950336,7.149000168
7.69579397,-2.095950127,3.001950026,10.01505089
7.69831797,-1.780050039,1.833000064,11.58105087
7.70084197,-2.479050159,2.338950157,9.604950905
7.703365895,-3.384000063,4.311000347,8.614050865
7.705889889,-3.895950079,5.137050152,8.005949974
7.708413889,-3.763950109,3.042000055,8.863050461
7.710937661,-2.380950212,1.699050069,11.03505039
7.713461668,-3.489000082,3.390000105,10.3570509
7.715985668,-4.669050217,6.148050308,8.30505085
7.718509668,-4.387050152,5.527950287,7.968000412
7.721033588,-3.171000242,2.42505002,12.55005074
7.723557586,-2.823000193,1.707000136,13.27095032
7.726081586,-3.415050268,3.619050264,10.54905033
7.728605357,-4.072950363,5.664000034,8.308050156
7.731129355,-4.203000069,5.334000111,7.431000233
7.733653355,-3.084000111,2.710050106,9.426000595
7.736177355,-2.230050087,2.391000032,10.95795059
7.73870128,-2.986050129,4.03605032,10.25400066
7.741225278,-3.822000265,6.993000507,7.816950321
7.743749288,-3.055950165,6.153000355,6.069000244
7.746273059,-1.903950095,2.134950161,13.51995087
7.748797057,-0.7309500575,2.311950207,11.6980505
7.751320982,-1.863000035,4.620000362,11.89905071
7.753845052,-2.53395009,7.405050278,4.732950211
7.756368977,-2.146050215,5.085000038,6.201000214
7.758892975,-0.3670500219,1.879050136,8.451000214
7.761416975,-0.9030000567,2.130000114,14.33595085
7.763940747,-1.87800014,5.620950222,7.941000462
7.766464745,-2.134050131,8.218950272,7.20195055
7.768988745,-0.3889500201,5.659050465,6.775050163
7.771512745,0.5850000381,1.896000147,12.02805042
7.774036684,0.6499500275,1.695000052,11.55195045
7.776560682,0.5029500127,6.358050346,9.655950546
7.779084682,0.0150000006,7.927050591,5.803050041
7.781608453,0.6570000052,5.299950123,5.643000126
7.784132461,2.802000046,2.322000027,10.22805023
7.786656461,2.469000101,3.982950211,11.12295055
7.789180461,1.62195003,7.744950294,8.335950851
7.791704386,1.593000054,7.831050396,7.024050236
7.794228409,3.388050079,3.65805006,10.6990509
7.79675218,3.811950207,1.903050065,12.22005081
7.799276178,3.019950151,4.91505003,11.16600037
7.801800183,1.768050075,8.523000717,7.735050201
7.804324183,1.344000101,7.030950546,4.735949993
7.806848183,2.929050207,3.346950054,6.382950306
7.809372109,3.487050056,3.229050159,9.619950294
7.811896107,1.957050085,6.56400013,8.365050316
7.814420107,0.6880500317,8.31000042,7.441050529
7.816944112,2.833050251,4.941000462,7.494000435
7.819467883,4.036950111,1.620000124,11.15205097
7.821991881,2.545950174,3.889950275,11.5350008
7.824515806,0.8989500403,7.552950382,7.474050522
7.827039775,0.3840000033,6.83700037,4.711950302
7.829563775,1.903950095,3.949950218,6.213000298
7.832087775,2.725050211,2.760000229,8.407950401
7.834611775,1.108950019,6.423000336,8.971050262
7.837135551,0.0270000007,8.04900074,7.144050121
7.839659549,1.405950069,5.698050499,7.618050575
7.842183549,2.634000063,2.872950077,8.31000042
7.844707474,1.693050027,3.651000261,9.544950485
7.847231481,-0.1469999999,6.982950211,7.732950211
7.849755481,-1.210050106,6.141000271,6.085950375
7.852279481,0.7909500599,2.749950171,6.346950531
7.854803252,1.011000037,2.770050049,7.090950489
7.85732725,-0.2980500162,5.875050068,8.584950447
7.859851284,-2.272950172,6.205050468,8.044050217
7.86237521,-0.06105000153,3.576000214,9.370950699
7.864899208,1.215000033,3.141000032,9.688950539
7.867423208,0.5970000029,5.527950287,10.54395008
7.869947184,-0.919950068,6.832950115,7.779000282
7.872470955,-0.862950027,4.141050339,7.362000465
7.874994953,1.150050044,2.044049978,9.222000122
7.877518953,1.210050106,4.132050037,8.350950241
7.880042897,0.2140500098,7.575000286,6.607950211
7.882566895,0.2539499998,6.066000462,7.156050205
7.885090895,1.798950076,2.257050037,11.31705093
7.887614871,2.175000191,2.491950035,10.96995068
7.890138642,0.8080500364,5.793000221,9.565050125
7.89266264,0.2209500074,7.6270504,7.896000385
7.895186645,0.83100003,4.000050068,8.341050148
7.89771057,1.882950068,2.458050013,9.814050674
7.900234568,1.804050088,5.470050335,7.696950436
7.902758553,0.7120500207,8.479949951,6.660000324
7.905282553,1.011000037,5.485050201,8.128050804
7.907806325,2.208000183,1.623000026,12.13605022
7.910330323,3.015000105,1.620000124,10.90800095
7.912854314,1.19295001,5.212050438,11.26005077
7.915378239,0.9940500259,5.917950153,7.684950352
7.917902237,2.320950031,1.96995008,7.609050274
7.920426237,2.481000185,1.510050058,8.074950218
7.922950237,1.175999999,5.194950104,6.682050228
7.925474008,1.059000015,6.667050362,4.342950344
7.927998006,1.777050138,4.132050037,8.386950493
7.930522006,2.014050007,2.260050058,9.639000893
7.93304594,1.690950036,5.140050411,9.768000603
7.935569938,0.9060000181,5.701950073,6.754050255
7.938093709,1.827000141,2.916000128,8.2999506
7.940617938,2.610000134,0.07605000585,11.08500099
7.943141733,1.939950109,3.186000109,10.95795059
7.945665731,0.8940000534,6.576000214,6.577050209
7.948189731,2.704050064,5.614050388,5.631000042
7.950713656,3.403050184,0.5719500184,9.076050758
7.953237649,2.116950035,1.744950056,13.45500088
7.955761649,0.2659500241,6.238950253,10.87395096
7.958285649,1.642950058,5.203950405,6.691950321
7.960809421,2.929050207,1.828950047,8.511000633
7.963333419,3.352950096,1.108050108,11.800951
7.965857419,0.4320000112,5.688000202,9.12195015
7.968381344,0.886950016,7.098000526,3.172050238
7.970905342,3.529950142,2.793000221,5.97300005
7.973429342,4.401000023,-0.06900000572,12.23400021
7.975953337,1.303050041,3.270000219,14.04900074
7.978477108,1.108950019,4.942950249,7.498050213
7.981001106,3.505950212,2.904000044,6.78000021
7.983525106,2.995950222,2.523000002,10.09095001
7.986049041,1.939950109,4.97205019,10.10100079
7.988573039,1.120950103,6.415950298,4.744950294
7.991097039,2.124000072,4.546050072,4.561050415
7.993621039,3.582000256,2.362950087,8.925000191
7.996144824,2.863950253,4.030950069,14.01105022
7.998668822,1.108950019,5.701950073,9.166950226
8.001192822,2.566950083,3.588000059,8.2999506
8.003716733,2.991000175,2.329050064,9.756000519
8.006240731,2.782950163,4.054950237,11.1949501
8.008764731,2.469000101,5.863050461,6.46200037
8.011288731,2.029050112,5.005950451,4.534049988
8.013812493,1.843950033,3.25605011,6.921000481
8.016336491,3.855000257,2.35800004,11.54700089
8.018860491,2.617950201,3.330000162,11.41800022
8.021384506,0.3409500122,4.177050114,10.02405071
8.023908431,3.80700016,2.164050102,7.695000172
8.026432429,0.5059500337,4.576950073,10.51995087
8.028956438,0.83100003,6.672000408,7.893000603
8.031480209,2.260950089,6.222000122,3.795000076
8.034004207,0.9660000205,3.484950066,4.471950054
8.036528207,1.573950052,1.467000127,10.08705044
8.039052193,2.57400012,3.435000181,11.35305023
8.041576118,1.236000061,5.086950302,9.238950729
8.044100116,1.90200007,1.534050107,8.381999969
8.046624116,1.440000057,0.3150000274,10.26105022
8.049147887,1.042050004,3.319950104,10.3240509
8.051671885,0.8650500178,5.977950096,5.652000427
8.054195885,0.1639500111,5.130000114,5.374950409
8.056719885,0.3550500274,1.453050017,8.700000763
8.059243839,-0.03195000067,2.932050228,11.87295055
8.061767837,1.036949992,5.815050125,10.17000008
8.064291837,0.8119500279,3.78000021,10.06500053
8.066815609,0.5820000172,1.093950033,10.96800041
8.069339602,-0.2740500271,1.975050092,11.56905079
8.071863602,-0.8239500523,7.315950394,8.437050819
8.074387602,0.7069500089,6.961950302,5.691000462
8.076911527,1.641000032,2.511000156,10.12695026
8.07943553,0.8749500513,0.2530499995,11.92995071
8.08195953,-0.1080000028,4.97205019,11.17095089
8.084483301,1.08795011,5.710050106,9.325050354
8.087007299,1.576050043,2.311950207,9.811050415
8.089531312,0.8479500413,0.1120500043,11.87505054
8.092055312,-0.5130000114,4.093950272,10.02900028
8.094579237,-1.174050093,6.607050419,8.940000534
8.097103235,1.882950068,4.390050411,9.043050766
8.09962724,1.999950051,1.117950082,11.02005005
8.102151011,0.1469999999,3.322950125,10.54095078
8.104675009,-1.332000017,5.781000137,10.92195034
8.107199009,1.47300005,3.579000235,9.142950058
8.109722991,1.66200006,0.6480000019,10.57005024
8.112246916,0.1800000072,2.29095006,10.11795044
8.114770914,-1.780050039,5.947050095,9.805950165
8.117294914,-0.6330000162,6.793950558,8.935050011
8.119818695,2.212949991,2.956050158,9.177000046
8.122342693,2.188950062,1.546050072,9.498000145
8.124866693,-0.3000000119,4.37100029,11.52300072
8.127390693,-1.870950103,6.490050316,9.433050156
8.129914608,1.405950069,3.916050196,8.020050049
8.132438606,1.267050028,1.966950059,8.502000809
8.134962606,-0.8149500489,5.005950451,10.02405071
8.137486391,-2.758950233,8.070000648,6.790050507
8.140010389,0.2740500271,6.034950256,8.322000504
8.142534389,2.005050182,2.607000113,9.517050743
8.145058375,1.240950108,3.748950243,12.54300022
8.1475823,-1.725000024,7.873950481,10.53195095
8.150106298,-1.476000071,7.237050533,7.225050449
8.152630298,1.452000022,3.066000223,7.378950119
8.155154054,0.5179499984,3.193050146,9.43500042
8.157678052,-1.995000124,6.17895031,10.07205009
8.160202052,-2.008949995,7.515000343,8.494050026
8.162726038,0.4200000167,4.558050156,8.272050858
8.165249964,0.5370000005,4.774050236,9.802050591
8.167773962,-0.3769500256,6.153000355,10.14195061
8.170297962,-1.425000072,6.342000484,8.350950241
8.172821962,-0.3930000067,3.58095026,7.588950157
8.175345733,-0.2310000062,2.916000128,9.021000862
8.177869731,-1.212000012,4.90500021,9.86400032
8.180393731,-2.28000021,6.03000021,9.519000053
8.182917685,-0.2329500169,4.405050278,7.987050533
8.185441683,-0.4819500148,2.749950171,11.06805038
8.187965683,-0.9679500461,6.799050331,10.24695015
8.190489683,-1.590000033,6.430050373,7.623000145
8.193013454,-0.6760500073,3.262950182,7.135050297
8.195537432,-1.477950096,2.035050154,7.977000237
8.198061432,-1.645950079,5.142000198,7.221000195
8.200585357,-2.230050087,6.286950111,7.822050571
8.203109355,-1.027950048,4.254000187,9.094950676
8.20563336,-0.1750500053,3.222000122,9.747000694
8.20815736,-0.7789500356,4.579950333,10.04295063
8.210681131,-1.175999999,5.407950401,10.3570509
8.213205129,-0.2350500077,3.054000139,9.004050255
8.215729129,-0.2430000156,2.940000057,9.358950615
8.218253055,-0.4120500088,4.6270504,7.539000511
8.220777053,-0.05295000225,4.58700037,9.334950447
8.223301053,0.5730000138,3.664950132,10.31595039
8.225825024,0.3739500046,3.487950087,10.05300045
8.228348795,0.01695000008,5.257050037,9.032999992
8.230872793,0.1200000048,5.226000309,10.27800083
8.233396793,1.507050037,2.410050154,8.644950867
8.235920713,0.7930500507,1.744950056,9.391950607
8.238444711,0.1590000093,5.547000408,7.378950119
8.240968711,0.06795000285,5.017950058,8.442000389
8.243492711,1.413000107,3.379950047,9.153000832
8.246016487,1.818000078,1.417050123,9.708000183
8.248540485,1.239000082,5.206950188,8.575950623
8.251064485,1.042050004,4.483950138,9.390000343
8.25358841,1.774950027,1.362000108,9.532950401
8.256112403,2.281949997,1.504950047,9.781949997
8.258636403,1.147950053,5.689950466,7.210950375
8.261160403,0.1369500011,7.237050533,4.872000217
8.263684175,2.830950022,2.097000122,8.24805069
8.266208159,2.697000027,2.4150002,10.0170002
8.268732159,1.279050112,5.983050346,9.550050735
8.271256084,1.642950058,4.414050102,7.093950272
8.273780082,2.019000053,0.6199500561,10.76205063
8.276304101,2.088000059,1.150950074,11.38200092
8.278828101,0.7069500089,5.97300005,7.450950146
8.281351872,0.943950057,6.177000523,5.218950272
8.28387587,1.320000052,1.600950122,11.25300026
8.286399856,0.7690500617,2.824950218,11.64000034
8.288923781,0.4080000222,5.212050438,8.755050659
8.291447779,0.9079500437,3.387000084,9.12195015
8.293971779,0.2500500083,0.2939999998,12.01095104
8.296495799,-0.3790500164,3.366000175,11.7289505
8.29901957,-1.428000093,6.241050243,5.72205019
8.301543568,-0.118050009,5.118000031,5.334000111
8.304067568,1.204950094,-0.04500000179,10.83105087
8.306591483,-0.07995000482,2.296050072,12.16005039
8.309115481,-0.4080000222,5.12100029,7.696950436
8.311639481,0.7069500089,3.078000069,8.005949974
8.314163481,1.128000021,0.6510000229,12.02595043
8.316687258,0.1230000034,3.310950041,11.28105068
8.319211256,-0.6139500141,6.49695015,4.894050121
8.321735256,0.5869500041,4.426050186,4.210950375
8.324259256,1.971000075,0.2820000052,10.05495071
8.326783181,0.6930000186,3.421050072,12.9090004
8.329307179,-0.9889500737,6.03000021,7.57005024
8.331831179,0.9750000238,3.95505023,5.956950188
8.33435495,1.461000085,2.026950121,10.37895012
8.336878958,-0.4120500088,3.447000265,11.39400101
8.339402958,-1.092000008,5.544000149,5.940000057
8.341926883,0.2329500169,3.102000237,6.514050484
8.344450861,1.44900012,1.144050002,9.921000481
8.346974861,-0.4770000279,2.188050032,13.27095032
8.349498861,-1.035000086,3.988050222,8.410950661
8.352022618,0.04605000094,3.190950155,8.611950874
8.354546616,0.3720000088,2.667000055,12.6100502
8.357070616,-1.294050097,4.16505003,11.79600048
8.359594541,-1.954050064,5.97300005,5.97300005
8.362118534,-2.187000036,4.671000004,5.514000416
8.364642534,0.3690000176,2.434050083,7.846050262
8.367166534,-0.810000062,1.840950131,12.11205101
8.36969032,-1.447050095,3.397050142,8.542050362
8.372214318,-1.140000105,3.550050259,7.125000477
8.374738318,0.1969500035,1.666050076,10.88595009
8.377262243,-1.216950059,2.724000216,12.28695011
8.379786241,-1.444050074,3.919050217,6.376050472
8.382310241,-1.999950051,3.339000225,5.629050255
8.384834241,-0.4750500321,2.488950014,6.045000076
8.387358012,-0.7669500113,2.205000162,11.66895008
8.389882025,-1.513950109,3.061950207,10.18005085
8.392406025,-1.567050099,3.555000067,6.556950092
8.394930025,-0.700050056,3.31305027,8.839050293
8.39745395,-0.7170000076,3.13800025,12.64605045
8.399977948,-2.562000036,4.845000267,8.414999962
8.402501948,-2.61495018,4.801950455,5.265000343
8.405025719,-0.9130500555,2.319000006,9.028050423
8.407549717,-1.332000017,2.082000017,14.06805038
8.410073722,-2.15805006,3.28395009,10.68495083
8.412597722,-1.909050107,3.772950172,8.017950058
8.415121647,-0.8080500364,2.374950171,12.1810503
8.417645645,-1.618950129,3.010950089,12.83295059
8.420169649,-2.778000116,4.407000065,8.44904995
8.422693421,-3.091950178,4.804950237,6.064050198
8.425217419,-2.649000168,3.291000128,7.738050461
8.427741419,-1.98300004,2.998950243,11.71500015
8.430265429,-3.049050093,4.108050346,10.14900017
8.432789354,-1.573950052,3.700950146,7.221000195
8.435313352,-1.519050121,2.608950138,10.62795067
8.437837313,-1.465950012,3.18900013,12.19305038
8.440361084,-2.731950045,4.635000229,8.880000114
8.442885082,-2.473950148,4.728000164,5.691000462
8.445409082,-1.746000051,2.947050095,7.230000496
8.447933082,-0.9780000448,1.668000102,11.78205013
8.450457007,-2.551050186,3.547950268,12.02295017
8.452981025,-1.545000076,5.020050049,6.868950367
8.455505025,-0.9300000668,3.088050127,9.17400074
8.458028796,-0.433950007,2.865000248,12.80400085
8.460552794,-1.329000115,5.200050354,9.273000717
8.463076784,-1.401000023,6.856050491,5.599950314
8.465600784,-1.174050093,4.279950142,7.764000416
8.468124709,-0.2659500241,2.647050142,11.80995083
8.470648707,-0.4530000091,3.610050201,11.09505081
8.473172707,-0.700050056,4.527000427,7.113000393
8.475696479,-0.3000000119,2.494050026,8.916000366
8.478220477,-0.4080000222,2.169000149,12.24105072
8.480744477,-1.444050074,3.475950241,10.13895035
8.483268477,-1.843950033,5.12100029,5.626050472
8.485792402,-0.6900000572,3.511950254,7.087050438
8.4883164,-1.018050075,1.792950034,11.01795006
8.4908404,-2.743950129,3.5239501,11.62605095
8.493364419,-2.545950174,5.518050194,7.759050369
8.49588819,-1.384950042,4.447950363,7.680000305
8.498412188,-0.8650500178,3.061950207,9.835050583
8.500936188,-1.930050135,4.596000195,10.63500023
8.503460127,-2.85705018,6.44505024,6.486000538
8.505984125,-1.155000091,5.058000088,6.028050423
8.508508125,-0.03705000132,2.638050079,10.86495018
8.511031906,-0.6139500141,2.176050186,12.43995094
8.513555904,-0.8460000157,4.180050373,9.142950058
8.516079904,-0.1609500051,3.71295023,8.358000755
8.518603909,-0.3859500289,3.022950172,10.22805023
8.521127835,0.2380500138,4.294950008,10.40295029
8.523651833,-1.138050079,5.458050251,7.180050373
8.526175833,-0.1279500127,4.750050068,6.439950466
8.528699818,0.3930000067,2.355000019,9.859050751
8.531223589,-0.3889500201,3.574050188,12.3709507
8.533747587,-0.6640500426,4.996050358,9.172050476
8.536271583,0.6900000572,4.785000324,6.682050228
8.538795508,1.045050025,2.724000216,9.387000084
8.541319506,0.07695000619,4.132050037,11.86095047
8.543843491,-0.9300000668,6.361050129,8.05905056
8.546367491,-0.2329500169,4.714050293,7.791000366
8.548891262,0.6589500308,3.23205018,10.47705078
8.55141526,0.5230500102,3.526050091,12.05700016
8.55393926,-1.468050122,5.074950218,10.24200058
8.556463185,0.004950000439,4.170000076,7.338000298
8.558987183,-0.04605000094,2.563950062,10.12005043
8.561511183,-0.3330000043,3.354000092,11.72205067
8.564035183,-1.018050075,5.049000263,7.903050423
8.566558959,-0.06795000285,4.795050144,5.947050095
8.569082957,0.3310500085,2.2120502,9.382950783
8.571606957,-0.4009500146,3.235950232,11.77905083
8.574130883,-1.68900013,5.190000057,8.884950638
8.576654881,-0.6640500426,5.583000183,5.925000191
8.579178881,-0.2569500208,3.399000168,9.370950699
8.581702881,-0.7410000563,3.744000196,12.12900066
8.584226652,-1.069050074,4.543950081,7.534050465
8.586750631,-1.175999999,3.529050112,6.082950115
8.589274631,-0.6810000539,2.193000078,9.394950867
8.591798556,-1.297950029,2.896050215,13.13700104
8.594322544,-2.268000126,4.455000401,6.948000431
8.596846544,-1.461000085,4.186950207,5.626050472
8.599370544,-0.2830500007,2.209050179,11.31000042
8.601894315,-1.597950101,3.555000067,11.81505013
8.604418337,-2.400000095,4.740000248,6.619950294
8.606942337,-1.617000103,3.294000149,6.784950256
8.609466262,-0.7380000353,2.35800004,10.78800011
8.611990255,-1.432050109,3.241050243,12.41595078
8.614514255,-0.7170000076,3.514050245,8.020050049
8.617038255,-0.2190000117,3.244050264,8.389050484
8.619562022,0.1440000087,3.235950232,13.13895035
8.62208602,-0.319050014,5.286000252,11.43000031
8.62461002,-0.3409500122,4.812000275,6.976050377
8.627133945,0.1950000077,3.808950186,6.945000172
8.629657952,1.393950105,3.160050154,11.30805016
8.632181952,-0.7120500207,4.855050087,12.4470005
8.634705952,0.2160000056,3.943050146,6.888000488
8.637229723,0.7309500575,2.752950191,8.608950615
8.639753721,1.329000115,2.703000069,14.0299511
8.642277721,-0.3550500274,4.984050274,10.80000019
8.644801646,0.1420500129,4.90500021,5.992050171
8.647325644,0.919950068,3.033000231,7.26900053
8.649849635,1.32705009,3.0160501,11.65695095
8.652373635,-0.2809500098,4.291950226,10.31595039
8.654897406,0.9180000424,4.717950344,6.043050289
8.657421635,1.306050062,2.782050133,7.861950397
8.659945401,1.96905005,2.406000137,13.87905025
8.662469399,1.045050025,4.489050388,10.70895004
8.664993324,1.024950027,4.534049988,6.241050243
8.667517322,1.164000034,2.698050022,6.880950451
8.670041312,1.738950133,2.080049992,12.68400097
8.672565084,-0.06795000285,3.526050091,9.619950294
8.675089082,0.4270500243,3.234000206,6.634050369
8.677613059,0.9850500226,3.169050217,7.828950405
8.680137059,0.7170000076,3.696000099,14.30295086
8.682660984,-0.1420500129,5.434050083,9.126000404
8.685184982,0.7860000134,4.291950226,6.817950249
8.687708982,1.321950078,2.956050158,6.577050209
8.690232753,0.1519500017,4.276050091,9.772950172
8.692756746,-0.4009500146,3.900000095,7.893000603
8.695280746,0.4390500188,2.734050035,8.226000786
8.697804746,0.9580500722,2.767050028,8.92305088
8.700328671,0.7690500617,3.801000118,12.34905052
8.702852706,0.3259500265,4.38105011,9.696000099
8.705376706,0.7980000377,3.64800024,7.762050152
8.707900706,0.6619500518,2.571000099,6.640950203
8.710424477,-0.1950000077,4.603950024,8.797950745
8.712948475,-0.6469500065,5.26695013,5.881950378
8.715472475,0.2760000229,3.610050201,8.170949936
8.7179964,1.147950053,3.457050085,9.24105072
8.720520423,0.6450000405,5.278950214,9.816000938
8.723044423,0.5470499992,4.525050163,9.17895031
8.725568423,0.919950068,3.517050266,9.973950386
8.728092195,0.943950057,3.14805007,8.119050026
8.730616197,-0.7860000134,4.860000134,9.349050522
8.733140197,-0.3570000231,5.299950123,6.048000336
8.735664122,-0.01695000008,3.65805006,8.004000664
8.73818812,0.2040000111,3.033000231,10.05105019
8.74071212,-0.2590500116,4.660950184,10.77600098
8.74323612,-0.5179499984,5.038950443,8.7289505
8.745759882,0.03195000067,3.508950233,9.378000259
8.74828388,0.2860500216,2.803050041,7.891050339
8.75080788,-1.525950074,4.588950157,9.294000626
8.753331805,-1.810950041,5.359950066,6.370950222
8.755855793,-0.8719500303,4.045950413,5.169000149
8.758379793,-0.2590500116,2.278950214,9.130949974
8.760903793,-0.7810500264,3.808950186,12.06405067
8.763427564,-1.106999993,5.166000366,7.443000317
8.765951572,0.08205000311,3.100050211,8.643000603
8.768475572,0.1399500072,3.229050159,8.784000397
8.770999572,-0.9630000591,4.081950188,8.332050323
8.773523497,-1.195050001,4.56000042,6.925950527
8.776047509,0.06495000422,2.680950165,8.466000557
8.778571509,0.1540500075,3.025950193,9.802050591
8.781095281,-1.432050109,4.948050022,12.35595036
8.783619279,-0.721050024,4.534049988,9.328050613
8.786143279,0.4390500188,3.409050226,8.614050865
8.788667204,-0.1110000089,3.004050255,9.213000298
8.791191202,-1.215000033,4.503000259,9.607950211
8.793715202,-0.1780500114,3.95505023,7.824000359
8.796239202,-0.5080500245,3.454050064,9.567000389
8.798762973,-0.319050014,3.073950052,11.47305012
8.801286971,-0.2350500077,3.271950245,11.34795094
8.803810947,2.007000208,1.813950062,9.406949997
8.806334947,2.09100008,1.042950034,9.672000885
8.808858872,1.918050051,1.528950095,8.068050385
8.81138286,1.306050062,4.696950436,6.007050514
8.81390686,0.8530500531,3.835050106,6.043050289
8.81643086,1.504050016,2.236050129,7.807050228
8.818954631,1.035000086,2.961000204,10.74495029
8.821478624,-0.6139500141,4.306950092,11.20695019
8.824002624,-0.2230500132,3.430050135,9.18405056
8.826526549,-0.9130500555,2.475000143,8.632950783
8.829050571,-2.284950018,3.571950197,10.80000019
8.831574572,-2.605950117,4.732950211,7.588950157
8.834098343,-1.303050041,2.865000248,7.150950432
8.836622341,-0.8839500546,1.636950135,9.712950706
8.839146341,-2.007000208,3.493050098,12.87795067
8.841670341,-0.9940500259,3.439950228,9.181950569
8.844194341,0.1319999993,1.398000121,10.15095043
8.846718266,0.2760000229,0.9000000358,9.423000336
8.849242264,-1.717050076,4.671000004,9.648000717
8.851766035,-1.650000095,4.852950096,6.355950356
8.854290033,-0.3910500109,3.234000206,7.816950321
8.856814033,-0.4819500148,3.223950148,9.871050835
8.859338053,-1.978050113,6.39195013,10.19400024
8.861861978,-2.10495019,5.686050415,10.16595078
8.864385976,-0.9660000205,2.953950167,10.47900009
8.866909976,-0.9540000558,2.145000219,10.85700035
8.869433737,-2.014050007,5.319000244,8.587950706
8.871957966,-3.103950262,5.571000099,6.277050495
8.874481737,-1.75605011,2.683050156,7.98900032
8.877005735,-1.507050037,2.213999987,9.595950127
8.879529656,-1.725000024,4.678050041,8.419950485
8.882053654,-1.461000085,3.421050072,10.99905014
8.884577654,-0.3499500155,1.204050064,10.42905045
8.887101425,-0.4530000091,1.819050074,9.555000305
8.889625404,-0.8430000544,5.403000355,7.99200058
8.892149404,-2.179050207,3.933000088,7.599000454
8.894673404,-0.8749500513,2.767050028,10.0390501
8.897197329,-1.471050024,4.375950336,9.105000496
8.899721332,-1.492050052,7.663050175,8.281050682
8.902245332,-1.26000011,5.953950405,9.382950783
8.904769332,0.08400000632,3.41595006,11.86500072
8.907293332,-0.7999500632,4.03605032,9.747000694
8.909817112,-1.444050074,6.682050228,7.702050209
8.91234111,-1.306050062,3.885000229,6.222000122
8.914865035,-0.2809500098,0.9240000248,12.18900013
8.91738911,-0.2710500062,1.374000072,11.89395046
8.919913059,-1.012950063,5.365050316,9.31305027
8.922437057,0.02505000122,4.468950272,8.959050179
8.924960828,0.700050056,2.418000221,12.15000057
8.927484822,0.2430000156,3.943050146,7.953000546
8.930008822,-0.7669500113,7.678050518,5.50605011
8.932532747,-0.2520000041,5.997000217,4.747050285
8.935056745,0.3790500164,3.394050121,10.47000027
8.937580745,-0.1560000032,4.660950184,8.322000504
8.940104745,0.106050007,7.57695055,7.929000378
8.942628492,1.296000004,4.84800005,9.817950249
8.94515249,1.626000047,2.805000067,12.87105083
8.94767649,1.597950101,4.714050293,9.771000862
8.950200415,1.708050132,6.142950058,6.44505024
8.952724476,2.10495019,3.67200017,5.964000225
8.955248401,1.866000056,3.142950058,10.89105034
8.957772399,1.329000115,5.91105032,8.827050209
8.96029618,1.336950064,7.606050491,5.614050388
8.962820178,2.931000233,3.60495019,8.272050858
8.965344178,2.941050053,2.39805007,12.28695011
8.967868103,2.179050207,5.437050343,8.596950531
8.970392116,1.315050006,7.909950256,4.678050041
8.972916116,2.227050066,4.333050251,4.58700037
8.975440116,1.423050046,2.770050049,11.03205013
8.977963897,0.7690500617,6.090000153,8.221050262
8.980488125,0.726000011,7.651050568,6.036000252
8.983011897,2.292000055,3.900000095,10.74000072
8.985535895,2.395050049,3.301050186,11.5570507
8.988059811,1.792050123,5.50605011,8.889000893
8.990583809,1.923000097,5.626050472,5.13105011
8.993107809,2.539050102,2.607000113,8.992050171
8.995631541,1.68900013,4.033950329,10.05795002
8.998155539,1.485000014,5.260050297,9.663000107
9.000679539,2.926050186,4.359000206,7.9249506
9.003203544,3.04095006,2.365050077,12.15300083
9.005727469,2.68200016,4.479000092,10.32105064
9.008251544,2.730000019,5.548950195,6.622050285
9.010775469,3.187050104,3.736950159,4.78305006
9.013299209,2.128950119,4.012050152,9.232050896
9.015823438,1.08795011,6.56400013,9.459000587
9.018347209,1.930050135,5.833950043,7.46295023
9.020871207,2.926050186,2.865000248,10.68705082
9.023395132,2.833050251,2.014950037,13.08600044
9.02591913,1.357950091,4.708950043,10.0390501
9.02844313,1.993050098,4.984050274,5.518050194
9.03096713,2.823000193,2.776950121,7.24905014
9.033490892,1.164000034,4.768950462,9.820950508
9.03601489,0.886950016,4.564949989,8.24505043
9.03853889,2.293950081,3.052050114,9.016050339
9.04106289,2.917050123,0.6889500618,12.25095081
9.043586895,1.914000034,3.919050217,12.95700073
9.04611082,1.617000103,5.278950214,5.782050133
9.048634818,3.396000147,2.26695013,5.647950172
9.051158589,2.433000088,2.88195014,6.58095026
9.053682601,1.356000066,4.833000183,10.64400005
9.056206601,1.602000117,5.12100029,6.478050232
9.058730601,2.448000193,2.476950169,8.545050621
9.061254522,2.770950079,1.680000067,12.04500103
9.06377852,2.110050201,3.664950132,12.03300095
9.06630252,2.100000143,3.037950039,5.84400034
9.068826295,2.005050182,3.531000137,7.395000458
9.071350293,1.411050081,5.833950043,7.495950222
9.073874293,1.150050044,5.203950405,7.909950256
9.076398218,1.825050116,2.652000189,7.510050297
9.078922216,2.175000191,1.006950021,11.49000072
9.081446216,1.360950112,2.656950235,13.40505028
9.083970216,1.525950074,3.688950062,8.18295002
9.086493984,1.930050135,2.889000177,6.094950199
9.089018212,1.72905004,4.632000446,8.341050148
9.091541984,1.567050099,4.764000416,8.18295002
9.094065982,1.344000101,3.912000179,7.573050499
9.096589907,2.31795001,1.728000045,8.976000786
9.099113905,1.425000072,3.586050272,12.21495056
9.101637905,1.375050068,5.022000313,10.21305084
9.104161676,0.835950017,4.738050461,5.968950272
9.106685683,1.021050096,3.718050241,6.481050491
9.109209683,0.9220500588,4.383000374,8.659950256
9.111733683,0.9580500722,3.438000202,10.36695004
9.114257613,0.03405000269,3.459000111,9.828000069
9.116781611,1.000950098,2.865000248,13.1440506
9.119305611,0.3840000033,3.495000124,12.73500061
9.121829611,0.4720500112,3.883050203,7.567950249
9.124353377,0.8790000677,3.450000048,6.091050148
9.126877375,0.337950021,4.297049999,9.706050873
9.129401375,-0.2070000172,5.383950233,8.698050499
9.131925385,-0.01305000018,4.51995039,6.744000435
9.13444931,0.9919500351,3.033000231,10.3879509
9.136973308,1.030050039,3.84705019,13.93395042
9.139497303,0.2830500007,4.804950237,7.819050312
9.142021075,-0.3930000067,5.286000252,5.329050064
9.144545073,0.3529500067,4.326000214,7.381050587
9.147069073,-0.03705000132,4.825950146,11.37195015
9.149593007,-0.6349500418,5.101950169,8.092050552
9.152117082,-0.7600500584,4.366050243,8.863050461
9.154641007,0.4129500091,4.258950233,13.13895035
9.157165015,0.05100000277,4.723050117,11.04705048
9.159688786,-0.7549500465,5.287950039,5.427000046
9.162212784,-0.8580000401,4.218000412,7.366950512
9.164736784,-1.264950037,4.347000122,12.87300014
9.167260784,-1.288950086,4.591950417,9.433050156
9.169784709,-1.138050079,3.459000111,8.815050125
9.172308707,-0.8790000677,2.851050138,13.09605026
9.174832707,-2.059950113,4.540950298,12.2629509
9.177356707,-1.947000146,5.226000309,4.897950172
9.179880492,-1.489950061,4.608000278,4.750050068
9.18240449,-1.44900012,4.222949982,12.39495087
9.184928415,-2.020950079,5.170950413,10.67100048
9.187452414,-2.13195014,4.869000435,6.031050205
9.189976429,-0.9370500445,2.053950071,11.20005035
9.192500429,-1.813050032,3.736950159,14.66205025
9.195024429,-2.460000038,4.644000053,6.160050392
9.1975482,-2.05005002,4.98900032,3.63195014
9.200072188,-1.413000107,3.325050116,11.84400082
9.202596188,-2.268000126,4.777950287,12.62400055
9.205120188,-2.562000036,6.058950424,5.736000061
9.207644113,-1.389000058,3.373050213,9.250950813
9.210168102,-1.489950061,2.980050087,14.95905113
9.212691873,-2.371050119,3.451950073,7.792950153
9.215215871,-3.115950108,3.75600028,4.419000149
9.217739871,-2.220000029,2.35800004,10.9800005
9.220263776,-3.007950068,3.958950281,12.58095074
9.222787851,-3.10800004,6.013950348,5.856000423
9.225311776,-1.765050054,3.073950052,7.774050236
9.227835774,-1.68900013,3.262950182,14.17305088
9.230359784,-2.656050205,4.321050167,9.05505085
9.232883555,-3.537000179,4.108050346,3.615000248
9.235407553,-2.365950108,2.869950056,8.947050095
9.237931479,-2.316000223,2.449050188,13.81905079
9.240455534,-3.304950237,4.908000469,9.064050674
9.24297946,-3.384000063,5.295000076,6.378000259
9.245503458,-1.329000115,2.583000183,12.46200085
9.248027229,-2.163000107,4.038000107,12.99600029
9.250551448,-2.788050175,4.933950424,5.18805027
9.253075219,-2.032950163,3.186000109,5.18295002
9.255599217,-1.846950054,2.085000038,12.49800014
9.258123227,-2.29005003,3.612000227,11.37900066
9.260647152,-1.849050045,5.620950222,5.968950272
9.26317115,-0.4410000145,2.848950148,9.696000099
9.265695145,-1.015950084,4.201050282,13.10295105
9.268219145,-1.534950018,5.430000305,6.565050125
9.270742916,-1.429950118,4.632000446,3.12405014
9.273266914,-1.08795011,3.201000214,8.43900013
9.275790848,-2.076000214,3.912000179,13.30695057
9.278314846,-1.873050094,5.689950466,7.944000244
9.280838846,-1.357950091,3.733950138,8.655000687
9.283362846,-0.07500000298,2.551950216,13.63500023
9.285886618,-0.7170000076,3.460950136,11.16900063
9.288410616,-1.849050045,4.702050209,5.205000401
9.290934616,-1.650000095,5.944050312,4.71600008
9.293458526,-1.58100009,3.703050137,10.10805035
9.295982601,-1.453950047,3.706050158,10.29705048
9.298506526,-1.657050133,4.429050446,7.872000217
9.301030524,-0.9730500579,3.59100008,10.33095074
9.303554524,-0.5130000114,2.638050079,11.69295025
9.306078295,-1.222050071,2.047049999,7.066950321
9.308602293,-2.431050062,4.498050213,5.77905035
9.311126293,-1.708050132,4.876049995,8.134950638
9.313650279,-1.68900013,4.093950272,9.0
9.316174204,-1.423050046,2.772000074,7.960950375
9.318698202,-0.9300000668,3.823050261,8.940000534
9.321221973,-0.3550500274,3.595950127,11.03505039
9.323745975,-0.8290500641,2.596950054,7.752000332
9.326269975,-1.890000105,4.575000286,6.720000267
9.3287939,-2.244000196,6.100050449,6.073950291
9.331317975,-1.435050011,3.969000101,7.828950405
9.333841929,-1.015950084,2.133000135,9.331950188
9.336365927,-1.708050132,4.194000244,10.22505093
9.338889927,-1.777050138,4.062000275,10.72605038
9.341413913,-0.7980000377,2.011049986,10.00005054
9.343937685,-0.9420000315,2.797950029,9.873000145
9.346461683,-1.650000095,5.154000282,7.810050488
9.348985608,-1.285950065,3.595950127,6.735000134
9.351509615,-0.7309500575,1.52700007,9.607950211
9.354033615,-1.389000058,4.957950115,10.13400078
9.356557386,-0.07005000114,4.831050396,9.919050217
9.359081639,-0.3600000143,3.579000235,10.13400078
9.36160541,-0.09405000508,2.370000124,9.409049988
9.364129408,-0.886950016,5.11095047,7.31400013
9.366653432,-0.5989500284,3.394050121,8.113950729
9.369177357,-0.6760500073,1.696950078,10.79805088
9.371701355,-0.9889500737,3.18900013,9.471000671
9.374225126,-0.5899500251,3.04005003,11.29800034
9.376749365,-0.02205000073,2.548950195,11.92500019
9.379273136,0.1750500053,1.849950075,9.589050293
9.381797134,-0.6570000052,5.164050102,7.744950294
9.384321059,-0.3070500195,3.487950087,7.221000195
9.386845023,-0.1920000017,1.948050141,9.8539505
9.389369023,-0.07005000114,3.066000223,9.129000664
9.391892795,-0.8580000401,4.821000099,10.43100071
9.394417023,1.039950013,3.535950184,10.39500046
9.396940795,0.565950036,1.707000136,9.531000137
9.399464793,-0.1399500072,3.811050177,8.146950722
9.401988793,0.04095000029,3.684000254,6.316050529
9.404512793,0.7600500584,1.71600008,9.880950928
9.407036733,0.003000000026,2.455950022,10.31595039
9.409560731,-0.5230500102,4.703999996,10.70400047
9.412084502,1.030050039,3.655050278,10.12995052
9.414608514,1.069050074,2.542050123,10.62495041
9.417132514,0.5610000491,2.875050068,8.190000534
9.419656439,-0.721050024,4.350000381,7.008000374
9.422180514,-0.2929500043,2.652000189,9.646050453
9.424704439,-0.3480000198,1.768950105,10.68000031
9.427228437,-0.3259500265,4.399950027,9.519000053
9.429752437,0.838950038,3.58095026,10.06005001
9.432276437,0.42900002,2.092050076,11.86995029
9.434800208,0.2500500083,3.066000223,8.848950386
9.437324134,0.1489500105,5.109000206,6.471000195
9.439848211,0.9990000725,3.805950165,8.05095005
9.442372136,1.116000056,2.394000053,11.15400028
9.444896134,0.9460500479,4.546050072,9.12405014
9.447420134,1.227000117,4.975050449,8.466000557
9.449944134,2.581950188,2.90805006,11.33205032
9.452467906,2.479050159,1.660950065,10.56495094
9.454991904,1.108950019,4.309050083,8.461050034
9.457515834,1.239000082,5.262000084,5.248050213
9.460039832,1.926000118,2.863050222,8.229000092
9.462563832,1.993050098,3.310950041,9.463950157
9.465087832,1.722000122,5.323950291,7.471950531
9.467611832,2.485950232,4.230000019,9.070950508
9.470135603,2.175000191,2.643000126,10.67100048
9.472659601,2.424000025,3.220050097,8.277000427
9.475183601,1.507050037,4.261050224,4.891050339
9.47770754,1.227000117,3.28395009,8.414999962
9.480231538,1.593000054,3.59100008,9.720000267
9.482755538,0.9540000558,5.485050201,8.767050743
9.485279309,1.404000044,5.956050396,7.83795023
9.487803307,2.038050175,2.832000017,10.69500065
9.490327307,0.9220500588,3.5239501,10.67295074
9.492851232,0.08400000632,5.074950218,6.220050335
9.49537523,0.04905000329,5.146950245,6.174000263
9.49789923,0.04905000329,2.097000122,10.98900032
9.500423216,0.0270000007,3.643050194,11.33895016
9.502947216,0.3810000122,4.929000378,8.109000206
9.505470988,0.7170000076,3.222000122,11.44395065
9.507994981,0.6499500275,3.394050121,10.26105022
9.510518981,0.3889500201,3.052050114,7.044000149
9.513042981,-0.4080000222,5.101950169,4.824000359
9.515566906,0.2500500083,1.977000117,8.391000748
9.518090889,-0.6570000052,3.805950165,10.61595058
9.52061466,-0.4990500212,4.900050163,6.598050117
9.523138658,0.1249500066,3.92805028,8.551950455
9.525662658,0.886950016,1.944000125,10.57695007
9.528186658,-0.2830500007,3.514050245,10.07205009
9.530710658,-1.309950113,6.186000347,5.770050049
9.533234554,-0.364950031,3.241050243,7.687950134
9.535758552,0.2040000111,2.679000139,12.00000095
9.538282552,-0.7140000463,3.615000248,10.38105011
9.540806323,-1.264950037,5.418000221,8.406000137
9.543330326,0.1300500035,1.990950108,10.6590004
9.545854326,-0.5779500008,2.257050037,12.583951
9.548378252,-1.558950067,4.240050316,8.152050018
9.55090225,-2.014050007,4.608000278,8.92095089
9.55342625,-1.227000117,2.572950125,11.13000011
9.555950021,-1.914000034,3.640950203,12.23895073
9.558474019,-2.044950008,5.503950119,8.389050484
9.560998019,-1.617000103,3.346950054,9.31305027
9.563522043,-1.701000094,2.725950241,11.07105064
9.566046043,-2.256000042,3.354000092,9.948000908
9.568569968,-3.349950075,4.789950371,8.113950729
9.571093966,-2.448000193,2.937000036,9.361050606
9.573617966,-1.204950094,2.524950027,11.61600018
9.576141966,-0.7980000377,3.172050238,9.603000641
9.578665737,-1.308000088,3.427950144,10.00800037
9.581189721,-1.024950027,3.916050196,9.157950401
9.583713646,-1.933050036,4.492950439,8.289000511
9.586237644,-1.092000008,4.138950348,8.24805069
9.588761644,0.01695000008,1.888050079,9.636000633
9.591285644,-0.6450000405,3.282000065,11.86500072
9.593809415,0.07500000298,4.467000008,7.612950325
9.596333413,0.7720500231,2.394000053,10.02000046
9.598857398,-0.2449500114,2.020050049,11.03505039
9.601381398,-0.7759500146,4.290000439,8.353050232
9.603905324,-0.7330500484,5.584950447,6.282000065
9.606429313,-0.3000000119,2.785950184,10.11300087
9.608953313,0.7410000563,1.855050087,10.84995079
9.611477313,-0.04395000264,4.486050129,10.37400055
9.614001079,0.1710000038,4.594050407,10.04595089
9.616525077,0.3790500164,2.679000139,10.48395061
9.619049077,0.03405000269,3.592950106,9.766050339
9.621573002,-0.4920000136,5.650050163,6.676950455
9.624097,-0.4099500179,3.913950205,8.017950058
9.626621,0.2160000056,2.683050156,12.64605045
9.629145,-0.4990500212,4.555950165,10.67100048
9.631668771,-0.3450000286,4.267950058,8.503950119
9.634192769,0.2140500098,1.993950129,10.90800095
9.636716774,-1.072950006,3.150000095,12.09795094
9.639240774,-1.372950077,6.085950375,5.662050247
9.641764699,-1.095000029,4.984050274,5.170950413
9.644288469,-0.4459500313,0.4969500303,11.86305046
9.646812711,-0.5350500345,2.523000002,12.68700027
9.649336483,-1.684050083,5.503950119,6.921000481
9.651860481,-1.030050039,2.88195014,8.212050438
9.654384481,-0.1710000038,0.8209500313,13.27305031
9.656908392,-1.83705008,4.125,8.758049965
9.65943239,-3.289950132,6.411000252,2.0400002
9.66195639,-1.018050075,1.975050092,7.969950199
9.66448039,-0.6570000052,1.210950017,13.63995075
9.667004156,-1.951950073,3.913950205,8.323950768
9.669528154,-1.585950017,3.948000193,6.888000488
9.672052154,-0.4530000091,1.168050051,11.53305054
9.674576154,-1.291050076,3.277050257,10.89105034
9.677100079,-2.488050222,4.6270504,3.625050068
9.679624077,-1.369950056,2.403000116,7.58700037
9.682148077,-1.315050006,1.441050053,12.80205059
9.684671848,-1.861050129,4.647000313,9.069000244
9.687195851,-1.413000107,4.572000027,6.706050396
9.689719851,0.2040000111,1.819050074,12.76605034
9.692243851,-0.3960000277,2.488950014,12.09795094
9.694767776,-1.528050065,5.082000256,6.025950432
9.697291759,-1.798950076,3.748950243,7.912950516
9.699815759,-1.789050102,2.178000212,12.95700073
9.702339759,-1.471050024,4.83795023,9.664950371
9.704863546,-1.279050112,5.140050411,5.856000423
9.707387467,0.08700000495,2.145000219,11.09700012
9.709911544,-0.1750500053,2.029950142,13.11795044
9.712435469,-1.543050051,5.704950333,8.257050514
9.714959452,-0.9820500612,5.413050175,5.430000305
9.717483452,-0.2160000056,1.326000094,11.14695072
9.720007223,-0.3070500195,1.869000077,13.04295063
9.722531212,-1.851000071,5.403000355,7.507950306
9.725055212,-0.001050000079,4.498050213,9.217050552
9.727579212,0.4410000145,3.556950092,12.04305077
9.730103127,-0.2089500129,4.56000042,9.742050171
9.732627125,-0.4870500267,4.990950108,4.543950081
9.735151125,-0.2590500116,2.15895009,11.34405041
9.737675125,0.1110000089,3.39195013,13.67805099
9.740198905,-0.7380000353,5.749950409,7.666050434
9.742722903,0.2929500043,4.333050251,7.735050201
9.745246903,1.159050107,2.02305007,13.84095097
9.747770894,0.2980500162,4.24905014,11.02500057
9.750294819,-0.748050034,6.177000523,4.126950264
9.752818817,0.3960000277,3.700950146,5.236050129
9.755342817,0.2400000095,1.311000109,12.2320509
9.757866589,-1.095000029,4.101000309,9.29595089
9.760390587,-1.258050084,6.484950542,3.217950106
9.762914587,0.6690000296,4.11495018,8.344050407
9.765438587,-0.1609500051,3.95505023,12.93600082
9.767962512,-0.862950027,5.073000431,6.913950443
9.770486524,-0.3450000286,4.110000134,3.190950155
9.773010524,0.4750500321,1.872000098,9.007050514
9.775534295,-0.6330000162,3.607950211,10.50600052
9.778058279,-1.282050014,5.236050129,6.613050461
9.780582279,0.6180000305,3.385050058,7.834050179
9.783106279,1.132950068,1.789950132,13.36200047
9.785630194,0.1680000126,3.916050196,10.71900082
9.788154192,-0.5440500379,5.140050411,3.760950089
9.790678192,0.1750500053,3.840000153,6.328050137
9.793201963,-0.004950000439,2.940000057,13.18695068
9.795725932,-0.2070000172,4.134000301,8.80095005
9.798249932,0.45600003,4.434000015,7.177950382
9.800773932,0.9060000181,1.651050091,13.12005043
9.803297843,0.4890000224,2.544000149,13.47195053
9.805821841,0.5370000005,3.768000126,6.921000481
9.808345841,0.83100003,4.450050354,6.20595026
9.810869841,1.332000017,4.017000198,10.85700035
9.813393613,0.6019500494,4.066950321,10.01505089
9.815917611,0.616050005,5.30700016,6.225000381
9.818441611,2.481000185,4.096050262,8.973000526
9.820965536,1.855950117,4.405050278,13.75905037
9.823489534,1.488000035,4.222949982,7.621050358
9.826013534,2.09100008,3.397050142,5.326950073
9.828537534,3.457950115,2.833950043,8.703000069
9.831061305,2.143949986,4.012050152,10.01205063
9.833585298,1.993050098,4.405050278,7.759050369
9.836109298,2.85495019,4.378050327,8.356050491
9.838633223,3.475050211,3.796950102,13.53705025
9.841157221,3.616050243,3.832950115,9.237000465
9.843681011,3.526950121,4.074000359,6.354000092
9.84620524,3.793050289,4.024050236,6.522000313
9.848729011,3.151050091,5.358000278,10.00005054
9.851253009,2.206050158,5.856000423,6.498000145
9.853776995,2.625000238,4.431000233,7.24695015
9.856300995,3.886050224,4.378050327,10.43595028
9.85882492,2.89800024,3.675000191,11.50200081
9.861348913,2.68200016,3.789000273,7.422000408
9.863872914,2.670000076,3.612000227,7.495950222
9.866396685,2.284950018,5.652000427,8.005949974
9.868920683,2.053050041,4.366050243,7.090950489
9.871444673,3.135000229,3.235950232,7.965000153
9.873968673,3.331050158,3.555000067,10.05300045
9.876492598,2.479050159,4.102950096,11.43405056
9.879016611,3.187050104,4.266000271,8.723999977
9.881540611,3.73995018,2.84100008,7.414950371
9.884064382,3.156000137,4.393050194,7.588950157
9.886588375,2.413950205,4.093950272,6.499950409
9.889112375,2.698950052,3.639000177,7.458000183
9.891636375,2.481000185,4.060050011,9.454050064
9.8941603,1.533000112,5.731050491,9.280050278
9.896684298,2.460000038,3.495000124,7.920000553
9.899208298,2.871000051,1.869000077,8.949000359
9.901732069,2.227050066,3.5239501,9.385050774
9.904256067,0.4390500188,5.154000282,5.869950294
9.906780077,0.7330500484,4.671000004,5.473050117
9.909304077,0.8460000157,4.369050026,9.628950119
9.911828003,0.1039500013,5.263950348,10.78095055
9.914352001,0.3840000033,3.238950253,9.988050461
9.916875977,1.018050075,1.855050087,10.54905033
9.919399977,0.1279500127,5.05395031,10.62795067
9.921923748,-1.519050121,6.451950073,7.648950577
9.924447755,-0.9319500327,4.347000122,5.716950417
9.926971755,0.5080500245,3.154950142,10.84995079
9.92949568,-0.700050056,5.572950363,12.26805019
9.932019654,-0.7090500593,5.097000122,9.459000587
9.934543425,0.5730000138,1.975050092,8.266950607
9.937067654,0.0580500029,2.941950083,11.88705063
9.939591425,-0.5920500159,5.065950394,8.572950363
9.942115418,-0.7720500231,3.801000118,6.190950394
9.944639418,0.6469500065,3.241050243,8.386950493
9.947163343,0.09600000083,6.222000122,10.12005043
9.949687366,-0.8170500398,5.616000175,7.824000359
9.952211366,1.236000061,2.43900013,8.277000427
9.954735366,1.624050021,2.731050014,9.100049973
9.957259137,-1.039950013,5.181000233,8.611950874
9.959783136,-0.8239500523,4.206000328,4.836000443
9.962307136,0.5749500394,2.96295023,10.38105011
9.964831136,-0.4270500243,4.510050297,11.32005024
9.967355061,-1.36500001,6.09705019,9.399000168
9.969879088,0.1300500035,3.979050159,7.30395031
9.972403088,0.5179499984,3.940050125,9.936000824
9.974926859,-0.8719500303,6.540000439,7.623000145
9.977450857,-1.360950112,4.872000217,6.901950359
9.979974866,0.01695000008,2.140050173,9.793950081
9.982498866,-0.9390000701,3.909000158,12.08295059
9.985022791,-1.428000093,4.24695015,12.26805019
9.987546789,-1.08795011,3.20505023,9.193950653
9.990070809,-0.8599500656,3.640950203,8.854050636
9.99259458,-1.561950088,5.671050072,9.045000076
9.995118578,-1.753050089,4.029000282,6.940950394
9.997642578,-0.4200000167,3.076050043,9.270000458
10.00016659,-1.19295001,4.759050369,12.11700058
10.00269052,-1.966050148,5.164050102,11.56095028
10.00521452,-1.476000071,3.09795022,7.135050297
10.00773852,-0.3409500122,2.305050135,8.602050781
10.0102623,-1.356000066,3.574050188,11.47305012
10.0127863,-2.638950109,3.198000193,10.99605083
10.0153103,-1.435050011,3.082950115,9.993000031
10.0178343,-2.119950056,4.000050068,11.80800056
10.02035825,-2.737050056,3.529050112,11.61405087
10.02288225,-2.553000212,3.520950079,7.369050503
10.02540625,-2.275050163,4.029000282,7.302000523
10.02793025,-3.811950207,6.403950214,9.478050232
10.03045402,-3.331050158,4.407000065,9.493050575
10.03297802,-2.512050152,2.767050028,10.77600098
10.03550202,-2.617950201,2.359950066,12.7150507
10.03802595,-3.738000154,3.118950129,12.2530508
10.04054994,-3.886050224,3.426000118,7.600950241
10.04307394,-3.381000042,4.933950424,6.99600029
10.04559794,-3.988950253,5.032050133,10.33995056
10.04812171,-3.025050163,2.236050129,8.892000198
10.05064571,-2.646000147,1.876950145,9.331950188
10.05316971,-3.520050049,3.469050169,13.45800018
10.05569364,-3.862950087,4.46505022,8.889000893
10.05821764,-2.776050091,3.382050276,6.370950222
10.06074164,-2.802000046,3.208050251,6.754050255
10.06326564,-2.395050049,3.44505024,10.05795002
10.06578941,-1.911000133,2.134950161,8.359950066
10.06831341,-2.998050213,3.5239501,9.643950462
10.0708374,-2.929050207,4.394999981,11.42295074
10.07336133,-1.87800014,4.054950237,9.021000862
10.07588533,-1.75605011,2.509050131,6.639000416
10.07840933,-3.028950214,5.014950275,7.054950237
10.08093337,-2.779950142,2.889000177,9.98595047
10.08345714,-1.578000069,2.104050159,9.868950844
10.08598114,-3.076950073,4.38105011,10.56105042
10.08850514,-2.977050066,4.756950378,10.43595028
10.09102913,-1.444050074,2.65500021,8.743050575
10.09355306,-2.437950134,3.433050156,8.389050484
10.09607705,-4.22205019,6.037950516,6.790050507
10.09860105,-3.241950035,2.889000177,7.30395031
10.10112487,-2.782950163,1.690050125,10.45005035
10.10364886,-4.092000008,5.025000095,10.57500076
10.10617287,-2.661000013,4.792950153,10.00800037
10.10869686,-1.34100008,1.813950062,10.42695045
10.11122082,-1.813050032,2.928000212,9.92895031
10.11374482,-3.115950108,5.992050171,6.142950058
10.11626882,-1.686000109,2.559000015,6.747000217
10.11879259,-0.7690500617,1.446000099,11.56395054
10.12131657,-2.809050083,5.152050018,11.63595009
10.12384057,-1.933050036,5.314950466,7.771050453
10.12636457,-0.007950000465,2.382000208,10.05495071
10.1288885,-0.1680000126,3.033000231,10.52895069
10.13141248,-1.98300004,7.149000168,5.913000107
10.13393648,-1.495050073,5.224050045,5.098950386
10.13646048,-0.6090000272,2.944050074,11.6430006
10.13898425,-0.8580000401,4.960050106,10.3879509
10.14150824,-0.700050056,4.824000359,9.045000076
10.14403224,0.1900500059,2.221050024,11.71005058
10.14655616,-0.1920000017,4.455000401,12.09495068
10.14908016,-1.261950016,6.247950077,5.332050323
10.15160416,-0.2350500077,4.089000225,4.360050201
10.15412816,-0.3289500177,3.402000189,12.01095104
10.15665193,-1.405950069,6.105000496,8.716950417
10.15917593,-1.240950108,5.59005022,5.248050213
10.16169992,1.234050035,1.692000031,12.18600082
10.16422384,0.6180000305,3.849000216,13.29705048
10.16674784,-0.7120500207,5.815050125,3.895050287
10.16927184,0.6450000405,4.069950104,2.26695013
10.17179582,1.744050026,2.25,12.38295078
10.17431959,-0.8119500279,5.509050369,9.334950447
10.17684359,0.4990500212,4.897950172,6.430950165
10.17936759,2.304000139,2.463000059,12.37305069
10.1818916,1.138050079,4.230000019,13.26105022
10.18441552,1.195050001,5.37405014,2.503950119
10.18693952,0.6619500518,3.937950134,3.579000235
10.18946352,0.4579500258,4.210950375,11.19300079
10.19198728,0.04395000264,6.703050137,7.431000233
10.19451127,0.697050035,5.482050419,3.483000278
10.19703527,1.654950023,2.676000118,12.60000038
10.19955927,1.609950066,3.349050045,10.96995068
10.20208321,1.404000044,3.907050133,3.567000151
10.20460721,0.6880500317,3.49695015,3.940950155
10.20713121,1.429950118,3.639000177,12.53595066
10.20965498,0.4920000136,5.662050247,8.779050827
10.21217898,1.30095005,4.644000053,5.65500021
10.21470298,3.247050047,2.443950176,13.86000061
10.21722698,2.232000113,4.218000412,11.5489502
10.2197509,1.413000107,4.873950005,3.076050043
10.22227491,1.963950038,5.319000244,5.821950436
10.22479891,1.75605011,4.113000393,12.91395092
10.22732268,1.935000062,5.944050312,7.594050407
10.22984668,2.397000074,3.177000046,7.03605032
10.23237068,2.64195013,2.772000074,16.35900116
10.23489468,2.542950153,3.457050085,9.747000694
10.23741861,2.026050091,4.540950298,3.091050148
10.23994259,2.10495019,3.925950289,8.056050301
10.24246659,1.459050059,4.732950211,12.61500072
10.24499059,1.363050103,5.977950096,6.510000229
10.24751436,2.68200016,2.365050077,9.471000671
10.25003834,2.263050079,2.88195014,15.2530508
10.25256234,1.87800014,4.038000107,7.695000172
10.25508627,1.513950109,5.014950275,2.743950129
10.25761026,1.513950109,3.684000254,10.72800064
10.26013426,0.9010500312,4.596000195,10.15605068
10.26265826,1.849050045,4.374000072,6.27300024
10.26518204,2.139000177,3.117000103,12.00000095
10.26770604,2.035950184,3.736950159,14.24805069
10.27023004,1.722000122,5.451000214,4.927050114
10.27275396,1.975950122,3.636000156,4.767000198
10.27527797,1.488000035,2.839050055,14.90400028
10.27780197,1.396950126,5.215950012,8.652000427
10.28032597,1.356000066,5.038950443,4.984950066
10.28284974,2.524050236,2.50605011,12.75600052
10.28537374,1.59495008,2.263950109,12.19800091
10.28789774,1.818000078,4.375950336,4.885950089
10.29042174,1.476000071,5.017950058,5.857950211
10.29294566,1.212000012,3.982950211,12.75795078
10.29546966,0.8770500422,4.809000015,6.559950352
10.29799366,2.373000145,2.937000036,8.24505043
10.30051743,1.890000105,2.929950237,14.32905102
10.30304143,0.8910000324,3.994950294,9.723000526
10.30556543,1.34100008,5.281050205,3.844950199
10.30808943,1.051950097,4.254000187,9.298950195
10.31061335,0.8479500413,3.979050159,12.78495026
10.31313735,1.714950085,5.026950359,5.965950489
10.31566135,1.477950096,3.868050098,9.06704998
10.31818512,1.666950107,4.390050411,15.23400116
10.32070912,0.5940000415,4.361999989,7.975050449
10.32323312,1.066050053,4.186950207,5.028000355
10.32575712,1.911000133,2.467950106,11.20695019
10.32828105,1.444050074,2.911050081,12.16695023
10.33080505,0.9300000668,4.369050026,6.000000477
10.33332905,1.372950077,4.081950188,9.012000084
10.33585305,1.006049991,4.555950165,12.32805061
10.33837682,0.5269500017,5.295000076,5.233950138
10.34090082,0.5970000029,5.355000019,2.875050068
10.34342482,0.166050002,4.717950344,9.754050255
10.34594872,-0.2620500028,3.354000092,8.434950829
10.34847272,1.036949992,3.832950115,6.96900034
10.35099672,1.072950006,2.566050053,13.61595058
10.35352072,0.1080000028,3.196050167,13.88400078
10.35604449,1.332000017,3.550050259,5.169000149
10.35856849,0.6280500293,4.255949974,8.322000504
10.36109247,0.6349500418,4.660950184,11.07795048
10.3636164,-0.3930000067,4.267950058,6.498000145
10.36614039,-0.5940000415,3.438000202,7.563000202
10.36866439,0.6019500494,2.319000006,13.90800095
10.37118837,-0.0150000006,3.186000109,10.42905045
10.37371215,-0.6640500426,4.884000301,4.579950333
10.37623614,-0.4440000355,5.805000305,7.46505022
10.37876014,0.5080500245,3.628950119,12.33000088
10.38128414,0.1369500011,3.913950205,6.343950272
10.38380806,0.6379500031,4.402050018,7.695000172
10.38633206,0.8200500607,2.803050041,13.3240509
10.38885606,-0.001050000079,1.780950069,8.763000488
10.39137983,0.2899500132,4.19204998,7.767000198
10.39390383,1.059000015,3.5239501,12.09105015
10.39642783,1.143000007,3.241050243,10.82400036
10.3989518,0.8959500194,3.895050287,7.123050213
10.40147573,1.26000011,3.69900012,13.10805035
10.40399973,0.4219500124,4.180050373,12.17895031
10.40652372,0.2899500132,3.514050245,6.091050148
10.40904772,0.5490000248,5.154000282,7.020000458
10.41157149,1.384950042,3.481050253,12.17205048
10.41409548,0.1230000034,3.105000257,10.31895065
10.4166195,0.5350500345,4.812000275,6.829950333
10.41914343,1.066050053,2.427000046,11.15700054
10.42166743,0.3739500046,1.900050044,11.25705051
10.4241914,-0.295050025,5.236050129,5.383950233
10.4267154,0.6619500518,4.828950405,7.510050297
10.42923918,0.7639500499,3.177000046,10.99395084
10.43176316,-0.04395000264,3.253050089,7.579950333
10.43428716,1.200000048,4.338000298,9.093000412
10.43681108,1.175999999,3.046950102,11.57295036
10.43933508,0.6019500494,2.638050079,8.959050179
10.4418591,0.7810500264,5.278950214,7.093950272
10.4443831,0.4939500093,3.781950235,11.11395073
10.44690687,0.2590500116,3.864000082,11.28600025
10.44943087,1.488000035,4.797000408,6.253050327
10.45195487,1.854000092,3.222000122,11.33595085
10.45447887,0.5610000491,3.190950155,12.65595055
10.45700279,0.2110500038,3.700950146,7.14195013
10.45952679,1.096950054,6.12405014,5.350950241
10.4620508,2.66505003,2.676000118,11.0869503
10.46457457,0.2310000062,3.198000193,10.15800095
10.46709857,1.024950027,4.431000233,6.889950275
10.46962257,1.471050024,2.736000061,11.59500027
10.47214658,0.6690000296,3.019050121,10.94100094
10.4746705,1.567050099,3.988050222,5.904000282
10.4771945,2.041050196,3.342000246,7.135050297
10.4797185,0.2350500077,3.31305027,11.08995056
10.4822425,0.2620500028,3.924000263,6.438000202
10.48476628,1.759950042,4.431000233,7.150950432
10.48729028,1.528050065,2.200050116,12.78705025
10.48981428,-0.9870000482,2.956050158,9.403950691
10.49233819,-0.5800500512,5.941950321,4.594050407
10.49486219,1.167000055,3.247950077,8.374950409
10.49738619,-0.6349500418,1.6489501,12.65595055
10.49991019,-0.8550000191,4.006950378,8.32005024
10.50243394,-0.3330000043,3.435000181,8.949000359
10.50495794,-0.4650000334,1.323000073,13.73295021
10.50748194,-0.6780000329,2.180999994,9.523950577
10.51000587,-1.128000021,5.008050442,4.771050453
10.51252987,-1.677000046,4.050000191,6.298950195
10.51505387,-2.278050184,2.242950201,9.781949997
10.51757787,-1.284000039,4.045950413,7.158000469
10.52010164,-0.5299500227,3.010950089,10.53195095
10.52262565,-1.039950013,2.434050083,12.34200096
10.52514965,-1.713000059,3.936000109,7.542000294
10.52767365,-1.521000028,4.624950409,5.71200037
10.5301976,-1.060950041,2.275950193,11.07495022
10.5327216,-2.233950138,2.370000124,9.568950653
10.5352456,-2.014050007,4.489050388,8.839050293
10.53776937,-2.047950029,3.471000195,11.18295097
10.54029337,-1.633950114,2.72205019,10.44105053
10.54281737,-1.870950103,3.745950222,6.514050484
10.54534138,-2.356950045,4.069950104,8.119050026
10.54786531,-3.183000088,2.844000101,12.39000034
10.5503893,-3.1489501,3.823050261,8.370000839
10.5529133,-2.680050135,3.576000214,11.7289505
10.55543732,-1.882950068,2.992050171,11.8920002
10.55796109,-3.304950237,2.770050049,8.664000511
10.56048509,-3.40500021,4.876049995,8.511000633
10.56300909,-3.508050203,2.793000221,10.65195084
10.56553303,-3.058050156,1.965000153,11.81805038
10.56805702,-2.7900002,2.941950083,9.763050079
10.57058103,-2.826000214,3.169050217,13.21095085
10.57310502,-3.172950268,3.556950092,10.84605026
10.57562881,-3.015000105,4.351950169,6.382950306
10.57815281,-3.727950096,4.294950008,10.7860508
10.58067681,-3.865050077,3.358950138,11.27205086
10.58320073,-3.022050142,2.299950123,7.728000164
10.58572475,-3.240000248,4.495950222,8.614050865
10.58824875,-3.160950184,3.022950172,12.925951
10.59077275,-2.248950005,2.892000198,8.683950424
10.59329652,-3.096000195,4.630050182,7.033950329
10.59582052,-3.907950163,4.963050365,9.237000465
10.59834452,-3.168000221,2.620950222,10.40295029
10.60086852,-2.163000107,1.867050052,8.454000473
10.60339244,-3.421950102,3.793950081,11.5900507
10.60591645,-2.833050251,3.406050205,12.09495068
10.60844045,-2.608050108,2.872950077,7.58700037
10.61096422,-3.676050186,5.314950466,7.873950481
10.61348845,-3.841050148,4.753950119,8.935050011
10.6160122,-2.554950237,3.118950129,9.811050415
10.6185362,-3.36495018,4.539000034,8.710050583
10.62106013,-3.853050232,5.041950226,9.73500061
10.62358412,-1.68900013,2.50605011,11.42505074
10.62610812,-1.938000083,1.707000136,8.353050232
10.62863189,-4.054049969,4.357050419,8.893950462
10.63115589,-4.068000317,4.189050198,9.258000374
10.63367989,-1.681050062,2.413050175,9.960000038
10.63620389,-2.208000183,3.595950127,9.021000862
10.63872782,-2.007000208,3.531000137,11.73600101
10.6412518,-1.420050025,3.44505024,9.294000626
10.6437758,-1.849050045,4.359000206,7.077000141
10.6462998,-3.135000229,6.109050274,4.804950237
10.64882356,-1.351050019,2.710050106,7.788000584
10.65134756,-1.092000008,0.7699500322,9.771000862
10.65387156,-3.264000177,3.841950178,9.997950554
10.65639548,-1.057050109,3.12405014,9.550050735
10.6589195,0.2209500074,2.035050154,10.16595078
10.6614435,-1.306050062,4.394999981,9.660000801
10.6639675,-3.037050247,6.12405014,5.205000401
10.66649127,-0.541950047,2.374950171,8.013000488
10.66901526,-0.3720000088,2.317050219,10.94400024
10.67153926,-2.826000214,5.260050297,11.35995007
10.67406326,-1.19295001,3.262950182,9.538050652
10.67658726,-0.184950009,2.154000044,9.976050377
10.67911119,-1.272000074,4.693950176,10.08705044
10.68163519,-1.984950066,6.274950504,4.447950363
10.68415896,0.01005000062,2.767050028,6.778050423
10.68668296,-0.9820500612,3.234000206,11.86095047
10.68920695,-1.545000076,4.684950352,10.12500095
10.69173095,0.1279500127,2.961000204,7.735050201
10.69425487,0.07005000114,2.511000156,10.83105087
10.69677887,-1.380000114,5.058000088,9.601050377
10.69930286,-1.557000041,4.504950047,3.072000027
10.70182663,-0.3330000043,3.244050264,4.888950348
10.70435062,-1.237950087,3.174000263,12.74205017
10.70687463,-2.164950132,3.663000107,8.072999954
10.70939863,-0.2929500043,2.101950169,6.679950237
10.71192256,-0.2110500038,3.114000082,10.85505009
10.71444655,-1.713000059,4.84800005,8.2999506
10.71697055,-1.653000116,4.090950012,3.627000093
10.71949454,0.2740500271,2.104050159,6.627000332
10.72201831,-1.834950089,3.319950104,13.11495018
10.72454231,-1.150050044,3.556950092,7.615950584
10.72706631,-0.4240500331,3.402000189,8.344050407
10.72959025,0.5200500488,4.635000229,10.98705006
10.73211424,-0.6019500494,5.109000206,6.933000565
10.73463825,0.6619500518,3.05700016,3.819000244
10.73716224,0.7639500499,1.951050043,9.208050728
10.73968601,-1.116000056,3.166950226,13.98900032
10.74221001,-0.3049500287,3.559950113,7.716000557
10.74473399,0.810000062,3.555000067,10.38105011
10.74725791,1.642950058,4.174950123,11.30505085
10.74978199,0.7909500599,4.16505003,6.18900013
10.75230591,1.188000083,3.865950108,4.896000385
10.7548299,0.6810000539,3.768000126,9.99105072
10.75735368,-0.5800500512,2.620950222,9.909000397
10.75987767,0.3259500265,3.238950253,8.863050461
10.76240165,1.879950047,3.178950071,12.28005028
10.76492565,1.356000066,5.125050068,11.02500057
10.76744958,1.348950028,3.796950102,4.594050407
10.76997358,2.275050163,3.157050133,7.57005024
10.77249758,0.7519500256,3.174000263,10.27305031
10.77502135,-0.184950009,2.69295001,8.968050003
10.77754558,0.6090000272,3.958950281,10.26405048
10.78006935,1.096950054,3.535950184,12.04695034
10.78259335,1.078050017,4.97205019,9.700950623
10.78511728,1.525950074,4.195950031,4.815000057
10.78764127,1.318050027,4.651050091,8.190000534
10.79016527,-0.2740500271,4.630050182,11.00805092
10.79268904,-0.01995000057,3.475950241,7.711950302
10.79521303,0.3600000143,3.720000267,12.18900013
10.79773703,0.835950017,3.961950302,11.1949501
10.80026103,0.2639999986,4.177050114,7.780950546
10.80278495,0.7020000219,3.840000153,5.905950069
10.80530895,-0.04095000029,4.789950371,10.56300068
10.80783295,-0.03405000269,4.447950363,9.210000038
10.81035695,1.159050107,2.346000195,7.752000332
10.81288095,0.4630500078,3.031050205,11.71200085
10.81540472,0.01305000018,5.785950184,11.20005035
10.81792872,0.5730000138,4.849950314,3.41595006
10.82045265,1.747950077,4.048050404,6.214950085
10.82297666,0.9970500469,4.194000244,11.71200085
10.82550066,0.4800000191,4.302000046,7.945950508
10.82802466,1.066050053,2.35800004,10.22505093
10.83054843,1.207050085,3.65805006,13.84800053
10.83307241,1.315050006,5.872050285,8.044050217
10.83559641,1.606950045,3.607950211,4.222949982
10.83812041,1.437000036,2.524950027,11.6980505
10.84064441,0.9820500612,5.346000195,11.4850502
10.84316833,1.144950032,3.900000095,8.24805069
10.84569233,1.24605,3.475950241,13.44105053
10.8482161,1.561950088,4.060050011,10.24695015
10.85074012,1.59495008,4.347000122,5.289000034
10.85326412,2.416050196,2.901000023,6.631950378
10.85578812,0.748050034,4.558050156,13.18695068
10.85831203,0.5820000172,5.370000362,7.975050449
10.86083602,1.741050124,1.3950001,10.00995064
10.86336002,2.256000042,1.960050106,13.04295063
10.86588379,1.818000078,5.238000393,8.776950836
10.86840778,1.633950114,4.656000137,3.969000101
10.87093178,2.05005002,3.289050102,11.84205055
10.87345578,1.939950109,4.876049995,10.46700096
10.87597971,1.483050108,3.102000237,8.521050453
10.87850371,2.308950186,1.134000063,13.05795097
10.88102771,2.263050079,4.16505003,11.32395077
10.88355171,1.672050118,6.639000416,5.025000095
10.88607571,3.072000027,3.397050142,8.314949989
10.88859948,3.118050098,3.967050076,11.16600037
10.89112348,0.9750000238,5.836950302,9.18405056
10.89364739,2.05005002,1.620000124,9.466050148
10.89617139,2.713050127,2.875050068,13.47000027
10.89869539,2.191050053,5.041950226,7.399950504
10.90121939,1.120950103,5.679000378,5.491950035
10.90374316,2.371050119,3.172050238,9.238950729
10.90626716,1.713000059,4.777950287,9.859050751
10.90879116,0.8149500489,3.792000294,8.584950447
10.91131509,1.94505012,0.7440000176,13.1749506
10.91383916,0.9510000348,3.841950178,11.02695084
10.91636309,0.3000000119,6.532950401,6.094950199
10.91888711,2.196000099,4.102950096,5.205000401
10.92141088,2.140950203,3.373050213,11.04195023
10.92393488,0.7960500121,4.048050404,8.776950836
10.92645888,1.315050006,0.865950048,7.752000332
10.92898288,1.222050071,2.39805007,13.90995026
10.9315068,1.569000125,4.548000336,9.760950089
10.9340308,1.432050109,6.343950272,3.05700016
10.9365548,2.7900002,3.889950275,7.87005043
10.93907859,1.389000058,4.276050091,11.35800076
10.94160282,1.393950105,4.809000015,5.854050159
10.94412659,2.176950216,3.346950054,10.54395008
10.9466506,1.240950108,4.041000366,13.5510006
10.9491746,1.009050012,5.427000046,7.350000381
10.95169852,2.436000109,3.78000021,3.241950035
10.95422252,2.19900012,4.03605032,11.77695084
10.95674652,1.015950084,4.528950214,8.830050468
10.95927029,1.34100008,3.7660501,5.098950386
10.96179429,1.030050039,4.864050388,13.79805088
10.96431829,0.4459500313,5.05395031,9.912000656
10.96684221,1.288950086,4.38795042,3.526050091
10.96936621,2.031000137,4.795050144,5.988000393
10.97189021,0.3889500201,5.299950123,10.52895069
10.97441421,-0.2520000041,4.276050091,5.868000507
10.97693821,1.015950084,4.03605032,7.126950264
10.97946198,-0.184950009,3.969000101,13.63995075
10.98198598,-0.166050002,4.414050102,9.486000061
10.9845099,0.4699500203,4.137000084,4.680000305
10.9870339,-0.2710500062,6.052050114,7.206000328
10.9895579,-1.048950076,5.494050026,7.65405035
10.99208191,0.2500500083,4.345050335,6.450000286
10.99460569,-0.2860500216,5.202000141,10.43100071
10.99712968,-0.8770500422,4.692000389,13.32105064
10.99965368,-0.1990500093,4.207950115,7.362000465
11.00217771,-0.2779500186,5.614050388,5.083050251
11.00470164,-0.5539500117,5.347950459,9.823050499
11.00722564,-0.8149500489,3.277050257,7.386000156
11.00974964,-1.249950051,4.599000454,7.282950401
11.01227341,-0.7860000134,4.897950172,11.82000065
11.01479741,-0.3450000286,3.088050127,10.94100094
11.01732141,-0.07695000619,4.18200016,6.511950493
11.0198454,-0.9460500479,6.307950497,7.180050373
11.0223694,-0.9490500689,3.970950127,8.101950645
11.02489333,-1.15200007,4.945950031,6.414000511
11.02741736,-0.4009500146,5.365050316,9.805950165
11.02994136,-1.89195013,3.433050156,12.10695076
11.03246513,-2.074050188,3.013950109,8.461050034
11.03498913,-2.803950071,5.937000275,7.090950489
11.03751312,-1.531050086,3.933000088,8.085000038
11.04003705,-1.890000105,2.257050037,8.578050613
11.04256105,-2.758950233,5.020050049,11.03700066
11.04508504,-3.340950251,4.942950249,12.6100502
11.04760904,-1.923000097,2.473050117,9.166950226
11.05013304,-1.471050024,3.667050123,6.691950321
11.05265682,-2.835000038,4.173000336,9.98595047
11.05518082,-3.22995019,2.26695013,9.164999962
11.05770482,-3.870000124,5.398050308,8.98800087
11.06022882,-3.094050169,4.821000099,10.71105003
11.06275274,-2.302050114,1.699050069,11.08995056
11.06527675,-3.096000195,2.073000193,7.651950359
11.06780052,-4.782000065,5.832000256,8.023050308
11.07032452,-3.496050119,4.422000408,7.720950603
11.07284852,-3.075000048,3.109950066,7.807050228
11.0753725,-3.870000124,3.840000153,13.24905109
11.0778965,-3.697050095,4.122000217,14.17095089
11.08042042,-2.971950054,2.941950083,6.826050282
11.08294442,-3.091950178,3.853950262,8.949000359
11.08546841,-3.178050041,2.536950111,10.72095013
11.08799218,-3.043950081,3.274950266,8.518050194
11.09051618,-3.799950123,6.469050407,9.328050613
11.09304018,-2.983950138,4.462050438,11.19300079
11.09556409,-1.75605011,1.908000112,8.92305088
11.09808809,-1.866000056,3.559950113,7.46505022
11.10061209,-3.502950191,4.267950058,7.450950146
11.10313609,-2.433000088,1.8910501,9.589050293
11.10566008,-2.328000069,4.429050446,9.016050339
11.10818408,-2.656050205,3.663000107,12.49500084
11.11070785,-0.726000011,1.828950047,10.4100008
11.11323185,-1.099950075,2.011049986,7.501050472
11.11575577,-2.437950134,6.033000469,7.945950508
11.11827977,-0.8050500154,3.379950047,9.273000717
11.12080377,0.08205000311,1.696950078,9.538050652
11.12332754,-1.381950021,3.811050177,12.75795078
11.12585157,-0.2740500271,2.248050213,11.77200031
11.12837557,0.8239500523,0.6649500132,8.764950752
11.13089957,0.04395000264,5.748000145,8.901000023
11.1334235,-0.5299500227,6.327000141,5.344050407
11.1359475,0.5059500337,4.074000359,8.359950066
11.1384715,1.084950089,4.003050327,8.365050316
11.1409955,-0.7290000319,3.370050192,10.8930006
11.14351926,0.8770500422,1.912050128,11.25705051
11.14604326,0.5230500102,3.349050045,9.712950706
11.14856726,-1.147950053,5.215950012,6.865950108
11.15109126,0.1830000132,2.166000128,8.533050537
11.15361518,1.261950016,3.198000193,9.277050018
11.15613918,-1.168950081,4.873950005,11.52495098
11.15866315,1.191000104,3.177000046,11.26005077
11.16118692,1.98300004,0.5760000348,8.736000061
11.16371092,0.1990500093,4.210950375,10.90305042
11.16623492,0.2040000111,4.443000317,5.365050316
11.16875883,0.8509500623,3.334950209,8.716950417
11.17128291,1.051950097,5.99505043,9.061950684
11.17380683,1.039950013,4.807050228,10.30905056
11.17633081,2.850000143,2.422049999,7.929000378
11.17885458,1.89195013,4.513050079,8.791049957
11.18137858,1.417950034,5.062950134,5.083050251
11.18390258,1.240950108,2.34795022,7.198950291
11.18642658,1.306050062,3.499950171,9.447000504
11.18895051,0.4390500188,5.410050392,9.331950188
11.1914745,1.717050076,2.401050091,9.799050331
11.19399851,2.565000057,1.579950094,9.217050552
11.1965225,1.435050011,5.260050297,8.154000282
11.1990465,0.9270000458,4.383000374,5.395950317
11.20157028,1.399050117,4.318950176,9.66795063
11.20409427,1.228950024,5.688000202,9.792000771
11.2066182,1.396950126,3.627000093,12.42105103
11.20914218,2.136000156,3.720000267,11.37000084
11.21166618,1.962000132,4.666050434,8.763000488
11.21419018,1.489950061,5.020050049,5.775000095
11.21671394,1.360950112,3.301050186,10.27095032
11.21923794,1.387050033,5.821950436,9.301050186
11.22176194,0.6139500141,6.229050159,9.375
11.22428594,1.780050039,2.998950243,10.50795078
11.22680994,2.053050041,2.817000151,9.634050369
11.22933386,1.91595006,4.243950367,6.052050114
11.23185786,1.006049991,2.602050066,7.221000195
11.23438164,1.504050016,3.900000095,9.72495079
11.23690563,1.03305006,5.689950466,8.381999969
11.23942963,1.437000036,2.833950043,9.99105072
11.24195365,2.971950054,2.521050215,10.32105064
11.24447765,1.83705008,4.777950287,7.552950382
11.24700157,1.24605,3.964050293,7.86000061
11.2495256,1.339050055,3.841950178,10.79295063
11.25204937,1.807950139,5.395950317,8.335950851
11.25457337,1.747950077,4.102950096,11.22105026
11.25709737,2.245950222,2.880000114,10.21305084
11.25962137,1.58100009,4.126950264,8.266950607
11.2621453,1.351050019,5.233050346,4.903050423
11.26466929,1.771950126,2.311950207,11.14995098
11.26719329,1.047000051,4.390050411,9.517050743
11.26971729,1.405950069,4.807050228,7.780950546
11.27224128,1.162050009,2.166000128,10.13700008
11.27476505,0.9679500461,2.877000093,10.95795059
11.27728905,1.999950051,6.109050274,5.049000263
11.27981297,0.5440500379,3.330000162,7.366950512
11.28233697,-0.08400000632,4.153050423,9.490050316
11.28486097,1.509000063,4.752000332,8.521050453
11.28738497,0.5320500135,1.720950127,10.68300056
11.28990873,0.3430500031,2.833950043,12.22200012
11.29243273,1.557000041,4.612950325,7.374000549
11.29495673,0.7639500499,2.650050163,9.696000099
11.29748064,0.6589500308,3.088050127,11.86095047
11.30000471,1.597950101,4.2520504,7.537050247
11.30252864,-0.2760000229,4.153050423,8.863050461
11.30505263,1.30095005,2.491950035,11.1280508
11.30757663,0.6930000186,3.667050123,9.640950203
11.3101004,0.7120500207,5.467950344,6.238950253
11.3126244,0.9030000567,4.678050041,9.177000046
11.31514838,0.7930500507,4.279950142,8.644950867
11.31767231,0.721050024,4.726050377,9.261000633
11.3201963,0.9610500336,2.917950153,10.47900009
11.3227203,0.2710500062,4.132050037,11.01600075
11.32524408,0.9100500345,6.442050457,5.229000092
11.3277683,1.741050124,3.25605011,8.362950325
11.33029208,0.6640500426,4.477050304,10.47195053
11.33281607,0.1110000089,6.71505022,6.808950424
11.33534008,1.417950034,2.422049999,8.98500061
11.33786408,-0.2500500083,2.248050213,12.39195061
11.340388,-0.07304999977,4.978950024,6.625050545
11.34291177,1.035000086,3.519000053,7.441050529
11.34543577,-0.4200000167,4.363950253,11.83005047
11.34795977,-0.3409500122,4.636950016,8.940000534
11.35048377,0.9130500555,1.407000065,9.337050438
11.35300769,0.4030500054,2.013000011,13.21800041
11.35553179,-0.8670000434,5.11095047,7.98900032
11.35805572,0.3529500067,4.258950233,8.206950188
11.36057972,-0.1159500033,3.598050117,12.04305077
11.3631037,-0.6139500141,4.951050282,9.364050865
11.36562747,0.5680500269,3.679050207,8.968050003
11.36815147,0.5970000029,2.61405015,11.41500092
11.37067541,-0.5179499984,3.945000172,9.895050049
11.37319948,-0.1870500147,3.84705019,8.001000404
11.37572341,0.4890000224,3.421050072,11.29095078
11.3782474,-0.184950009,4.306950092,10.34505081
11.38077117,0.6139500141,3.343950272,8.322000504
11.3832954,0.8599500656,1.174950004,11.60205078
11.38581917,-0.6420000196,1.522050023,11.65005016
11.38834317,0.2500500083,4.299000263,5.788950443
11.39086709,0.6589500308,3.403950214,7.600950241
11.39339109,-0.8550000191,4.141050339,12.00195026
11.39591509,-0.2590500116,5.278950214,6.868950367
11.39843887,0.4099500179,1.747050047,10.24200058
11.4009631,-0.7519500256,2.497050047,13.04295063
11.40348687,-0.6139500141,3.568950176,6.862050533
11.40601086,-0.5560500026,2.530050039,5.308050156
11.40853486,-0.9390000701,1.501050115,11.30295086
11.41105887,0.001050000079,3.59100008,9.040050507
11.41358279,0.4200000167,2.193000078,7.174950123
11.41610656,0.1039500013,1.555950046,13.11495018
11.41863079,0.007950000465,2.391000032,9.30795002
11.42115454,-0.3049500287,4.579950333,3.541050196
11.42367854,0.4320000112,3.964050293,7.57695055
11.42620246,0.08400000632,4.149000168,10.06005001
11.42872652,0.673050046,4.078950405,5.656950474
11.43125045,1.744050026,1.654050112,8.643000603
11.43377444,0.8220000267,1.423950076,12.63600063
11.43629844,1.2739501,4.563000202,6.433050156
11.43882222,1.126049995,4.741950035,3.981000185
11.44134621,1.353000045,3.349050045,11.39100075
11.44387021,1.249950051,2.956050158,8.065950394
11.44639421,0.8550000191,2.410050154,8.31704998
11.44891812,0.6880500317,2.218950033,13.51995087
11.45144212,0.3330000043,4.096050262,9.805950165
11.45396589,-0.2760000229,6.346050262,4.470000267
11.45649012,1.440000057,3.754050255,8.350950241
11.45901387,0.7909500599,3.019050121,12.37305069
11.46153786,-0.6660000086,4.255949974,8.226000786
11.46406187,-0.106050007,3.495000124,10.30005074
11.46658579,-0.07695000619,2.161050081,13.79805088
11.46910981,-0.7380000353,3.958950281,8.419950485
11.47163381,-0.6379500031,6.010950089,3.763050079
11.47415781,0.3720000088,3.438000202,10.4239502
11.47668158,-0.2880000174,3.265050173,10.39995003
11.47920559,0.1560000032,4.287000179,8.446949959
11.48172951,0.6640500426,2.406000137,11.23605061
11.48425351,0.0150000006,2.80095005,11.1640501
11.48677751,-0.1560000032,5.602050304,5.913000107
11.48930153,-0.0270000007,5.7739501,5.446950436
11.49182553,0.1950000077,3.454050064,10.02195072
11.49434953,-0.4240500331,3.073950052,7.482000351
11.4968733,0.0270000007,2.69505024,9.505050659
11.4993973,-0.4360500276,1.996050119,12.177001
11.5019213,-1.392000079,4.050000191,8.12100029
11.50444522,-0.3330000043,6.361050129,4.345050335
11.50696922,0.0150000006,3.730050087,8.583000183
11.50949322,-1.162050009,2.791050196,8.911050797
11.51201699,-0.6109500527,3.985950232,7.7760005
11.51454099,-0.118050009,1.639050126,10.74705029
11.51706491,-1.252950072,2.05095005,10.87905025
11.51958898,-1.090050101,5.09400034,6.364050388
11.52211291,-0.6040500402,5.089950085,4.495950222
11.5246369,-0.1990500093,2.527950048,9.294000626
11.52716068,-0.1870500147,2.656950235,8.125950813
11.5296849,-0.1870500147,2.500950098,9.340050697
11.53220869,-0.8410500288,1.54095006,11.18805027
11.53473269,-0.8080500364,2.965950251,8.37195015
11.53725669,-0.1440000087,4.70595026,5.12100029
11.53978061,0.2880000174,3.745950222,7.537050247
11.54230462,-0.724050045,1.786050081,8.779050827
11.54482862,-0.8269500136,3.343950272,8.727000237
11.54735262,-0.04395000264,2.382000208,9.675000191
11.54987639,-0.6330000162,2.202000141,11.62605095
11.55240039,-0.1800000072,3.475950241,7.783050537
11.55492439,-0.2500500083,3.901950121,5.77905035
11.55744839,-0.5010000467,1.75695014,10.61805058
11.55997231,-0.6780000329,2.640000105,8.347949982
11.56249633,-1.624050021,3.306000233,8.551950455
11.56502033,-1.734000087,3.136050224,9.921000481
11.5675441,-1.725000024,2.238000154,8.848950386
11.5700681,-1.558950067,3.721950293,7.113000393
11.57259211,-1.855950117,2.98995018,6.454950333
11.57511611,-1.914000034,0.7819500566,10.15095043
11.57764004,-2.389950037,2.442000151,8.833950043
11.58016403,-2.886000156,3.268050194,9.375
11.58268802,-1.519050121,2.25,9.349050522
11.58521202,-1.258050084,2.535000086,9.555000305
11.58773579,-1.552050114,4.350000381,6.742050171
11.5902598,-2.409000158,4.504950047,5.205000401
11.5927838,-1.32705009,1.576950073,7.258950233
11.5953078,-1.674000025,2.90805006,7.912950516
11.59783174,-2.34705019,5.022000313,6.604950428
11.60035574,-1.732050061,3.804000139,6.186000347
11.60287951,-0.337950021,1.672950029,8.683950424
11.6054035,-0.4680000246,1.813950062,10.03095055
11.60792751,-1.477950096,3.3370502,8.523000717
11.6104515,-1.561950088,2.916000128,9.258000374
11.61297543,-0.6400500536,2.713950157,11.54700089
11.61549947,-0.7140000463,4.46505022,7.672950268
11.61802347,-0.3910500109,4.323000431,7.791000366
11.62054747,0.02505000122,3.169050217,10.13400078
11.62307147,-0.8509500623,3.349050045,8.560950279
11.62559525,-1.498950124,4.30395031,9.385050774
11.62811925,-0.2500500083,3.09795022,11.06295013
11.63064325,-0.2809500098,2.379000187,11.05395031
11.63316718,0.001050000079,2.35800004,9.361050606
11.63569117,-0.6610500216,3.772950172,9.286950111
11.63821517,-0.8410500288,4.435950279,9.385050774
11.64073894,-0.9100500345,4.603950024,6.610050201
11.64326294,0.4819500148,2.94900012,8.679000854
11.64578693,0.7050000429,1.659000039,13.13700104
11.64831086,-0.2639999986,2.620950222,9.268050194
11.65083486,0.003000000026,2.772000074,9.318000793
11.65335886,-0.06495000422,3.181050062,11.80305099
11.65588285,-1.468050122,5.359950066,9.316050529
11.65840685,-0.3619500101,4.161000252,8.473050117
11.66093062,0.7930500507,3.319950104,12.52095032
11.66345462,0.6229500175,3.628950119,10.50300026
11.66597863,0.3790500164,4.536000252,6.031050205
11.66850263,0.1710000038,3.588000059,9.05700016
11.67102656,-0.3220500052,4.31400013,11.04405022
11.67355055,0.004950000439,5.142000198,9.164999962
11.67607434,-0.1609500051,3.09795022,11.16195011
11.67859857,1.270050049,2.109000206,11.75805092
11.68112234,0.1129500046,4.198950291,7.525050163
11.68364634,0.007950000465,2.725950241,8.122950554
11.68617033,-0.8670000434,2.998950243,8.809950829
11.68869426,-1.464000106,4.225049973,6.58605051
11.69121826,-1.392000079,4.041000366,5.679000378
11.69374226,-0.3910500109,3.157050133,9.759000778
11.69626626,0.5680500269,2.07494998,10.25400066
11.69879003,-0.7429500222,3.487950087,5.46600008
11.70131402,-0.3600000143,2.188050032,8.884950638
11.70383795,-0.3070500195,2.734050035,10.45005035
11.70636194,0.04095000029,5.281050205,6.589050293
11.70888594,0.7759500146,2.997000217,8.414999962
11.71140994,1.681050062,3.037950039,13.58205032
11.71393394,1.444050074,4.453050137,9.814050674
11.71645771,0.3120000064,4.30395031,8.25
11.71898171,0.6780000329,4.351950169,8.913000107
11.72150571,0.7860000134,4.431000233,8.029950142
11.7240297,-0.1920000017,4.659000397,7.573050499
11.72655362,1.765050054,2.812950134,11.2999506
11.72907762,2.254050016,3.028050184,14.42505074
11.73160162,1.036949992,3.367950201,11.88900089
11.73412539,1.819950104,2.767050028,10.19400024
11.73664939,1.285950065,4.462050438,8.959050179
11.7391734,0.4150500298,6.475950241,7.290000439
11.7416974,1.075950027,4.618050098,8.241000175
11.74422133,1.036949992,4.450050354,10.22295094
11.74674533,2.242050171,4.338000298,10.50300026
11.74926909,1.597950101,3.970950127,9.225000381
11.75179332,1.155000091,4.074000359,8.92095089
11.75431709,1.36500001,5.293050289,7.752000332
11.75684109,0.45600003,6.04695034,6.877950191
11.75936509,1.324950099,3.768000126,7.888950348
11.76188902,2.409000158,3.828000069,12.45405102
11.76441302,1.614000082,4.198950291,11.04900074
11.76693702,1.399050117,4.804950237,6.166950226
11.76946102,2.244000196,3.502050161,7.858050346
11.77198479,0.724050045,4.423950195,10.90305042
11.77450878,-0.3000000119,6.229050159,5.152050018
11.77703278,1.70295012,5.674050331,3.972000122
11.77955676,2.026050091,3.318000078,10.20105076
11.78208069,0.7980000377,3.346950054,9.889950752
11.78460469,0.1009500027,4.43805027,5.715000153
11.78712869,0.9150000215,4.576950073,9.522000313
11.78965247,0.5440500379,4.30395031,9.8539505
11.79217647,-0.697050035,4.456950188,6.070950508
11.79470047,0.6180000305,4.394999981,7.810050488
11.79722447,0.2470500171,3.562050104,10.21605015
11.79974839,-0.4120500088,3.177000046,7.944000244
11.80227238,0.0580500029,5.263950348,6.706050396
11.80479639,-0.319050014,4.393050194,8.695950508
11.80732038,-0.4920000136,2.427000046,9.208050728
11.80984416,0.1489500105,1.989000082,5.892000198
11.81236808,0.1039500013,2.322000027,10.17795086
11.81489215,-0.8820000291,2.128050089,8.98500061
11.81741608,-1.132950068,2.065950155,8.683950424
11.81994008,-0.2400000095,3.634050131,8.571000099
11.82246408,0.1399500072,3.390000105,9.430950165
11.82498808,-0.8599500656,2.226000071,8.128050804
11.82751183,-1.380000114,3.925950289,5.17800045
11.83003583,-0.06300000101,2.299950123,8.559000015
11.83255983,-0.9559500217,1.966950059,11.770051
11.83508383,-1.258050084,2.54700017,7.822050571
11.83760776,-0.5110500455,3.721950293,9.346950531
11.84013153,-0.9030000567,0.4399500191,13.40505028
11.84265576,-1.377000093,0.6550500393,14.14500046
11.84517953,-0.3360000253,2.755050182,12.31995106
11.84770352,-1.156949997,2.242950201,14.04195023
11.85022753,-1.609950066,2.952000141,11.64795017
11.85275154,-0.09900000691,4.041000366,9.172050476
11.85527547,0.673050046,2.893950224,8.478000641
11.85779947,-0.9750000238,1.501050115,12.08805084
11.86032347,-1.440000057,2.386050224,11.05095005
11.86284724,-0.6229500175,3.315000057,9.840000153
11.86537124,0.8989500403,1.975050092,10.66095066
11.86789524,0.1110000089,2.611950159,9.478050232
11.87041924,0.433950007,3.457050085,10.14195061
11.87294317,0.1900500059,1.647000074,16.27799988
11.87546717,0.05595000088,1.990950108,14.56395054
11.87799117,2.443050146,2.913000107,13.21095085
11.88051517,2.953050137,2.128050089,13.7310009
11.88303895,0.6229500175,3.294000149,10.6590004
11.88556295,-0.1729500145,4.963050365,8.892000198
11.88808695,0.5560500026,2.383949995,13.19895077
11.89061095,0.1110000089,3.289050102,14.56395054
11.89313488,1.522950053,1.759050131,14.2690506
11.89565888,0.3690000176,3.007050037,15.22905064
11.89818288,0.724050045,3.13800025,11.7840004
11.90070665,-0.6610500216,3.793950081,8.956050873
11.90323065,-0.4099500179,2.50605011,10.02000046
11.90575465,-1.183050036,2.128050089,12.29595089
11.90827865,-1.234050035,4.447950363,9.358950615
11.91080257,-0.9300000668,6.472950459,6.064050198
11.91332657,-0.03705000132,4.735050201,7.24695015
11.91585057,-1.027950048,4.651050091,8.008049965
11.91837457,-1.780050039,5.488950253,5.386950493
11.92089834,-2.007000208,6.112050056,5.353050232
11.92342235,-1.471050024,4.528950214,8.431950569
11.92594635,-1.933050036,1.909950137,8.892000198
11.92847028,-2.042999983,3.466050148,8.11095047
11.93099427,-0.1080000028,5.164050102,4.03605032
11.93351826,-0.5179499984,5.347950459,5.149950027
11.93604226,-1.272000074,3.709950209,8.442000389
11.93856603,-1.261950016,4.156050205,5.044050217
11.94109003,-0.1039500013,3.423000097,4.491000175
11.94361403,0.08205000311,2.491950035,9.619950294
11.94613803,-0.02505000122,2.109000206,8.710050583
11.94866196,-2.539050102,5.226000309,6.081000328
11.95118595,-1.080000043,6.066000462,3.75600028
11.95370972,0.9799500704,4.572000027,9.24105072
11.95623372,-0.03405000269,3.676950216,8.596950531
11.95875772,-1.243050098,5.025000095,7.012050152
11.96128172,-0.4459500313,6.034950256,5.968950272
11.96380572,0.7450500131,2.782050133,8.095050812
11.96632965,0.01695000008,2.992050171,7.386000156
11.96885365,-1.863000035,4.081950188,5.641050339
11.97137764,-1.999950051,3.784950256,6.373050213
11.97390165,0.3930000067,2.383949995,8.911050797
11.97642544,0.6880500317,3.421050072,8.977950096
11.97894943,0.4680000246,3.271950245,7.24695015
11.98147343,-0.1039500013,2.049000025,5.724000454
11.98399736,-0.07500000298,2.394000053,7.707000256
11.98652137,0.1920000017,4.150950432,6.802050114
11.98904537,0.06495000422,4.345050335,4.108050346
11.99156937,0.7740000486,2.33100009,6.538050175
11.99409314,0.7999500632,1.807050109,8.502000809
11.99661715,0.8170500398,2.734050035,5.631000042
11.99914115,0.4750500321,3.253050089,4.67595005
12.00166508,0.9510000348,2.427000046,9.007050514
12.00418907,0.8050500154,2.829000235,8.499000549
12.00671307,1.144950032,1.596000075,7.70895052
12.00923707,1.846950054,1.465050101,11.1420002
12.01176084,1.633950114,1.137000084,9.475950241
12.01428484,0.1800000072,2.248050213,6.892950535
12.01680882,-0.6499500275,2.475000143,4.333050251
12.01933282,0.7429500222,2.137050152,9.98595047
12.02185675,0.7500000596,2.913000107,9.409049988
12.02438074,0.6019500494,1.474050045,9.766050339
12.02690474,1.092000008,1.426050067,10.56795025
12.02942874,1.321950078,1.606050134,9.948000908
12.03195248,0.2350500077,1.696950078,9.771000862
12.03447648,-0.1319999993,3.238950253,11.09205055
12.03700048,0.1900500059,4.266000271,8.944950104
12.03952441,1.804050088,3.201000214,10.58700085
12.04204839,1.710000038,1.113000035,12.59100056
12.04457238,1.990050077,1.813950062,10.61295033
12.04709639,0.748050034,3.493050098,10.1440506
12.04962016,-0.06795000285,2.607000113,10.54905033
12.05214416,0.2449500114,2.953950167,9.595950127
12.05466816,1.291050076,3.042000055,12.81600094
12.05719216,0.2620500028,3.550050259,11.94000053
12.05971608,-0.3169500232,3.778050184,10.04295063
12.06224008,0.5869500041,3.145050049,10.89600086
12.06476408,-0.8580000401,3.007050037,13.68705082
12.06728785,-0.7930500507,4.03605032,10.60800076
12.06981184,-0.04395000264,3.82095027,9.865950584
12.07233584,-0.03705000132,3.322950125,12.48600101
12.07485984,-0.9970500469,4.987050056,8.845950127
12.07738377,-1.066050053,3.177000046,10.18500042
12.07990779,0.228000015,3.748950243,11.61405087
12.08243179,0.2860500216,3.450000048,10.31895065
12.08495579,0.4080000222,3.265050173,9.442950249
12.08747956,0.810000062,3.442050219,8.628000259
12.09000355,0.7410000563,3.958950281,8.142000198
12.09252755,0.7020000219,3.744000196,8.218950272
12.09505148,0.9610500336,4.006950378,11.69295025
12.09757548,1.363050103,4.38105011,11.69505024
12.10009948,1.308000088,3.945000172,12.1050005
12.10262348,2.042999983,5.262000084,11.17800045
12.10514725,0.5029500127,4.618050098,11.76495075
12.10767124,-0.8989500403,6.211950302,11.34405041
12.11019524,-0.4320000112,6.105000496,9.433050156
12.11271924,1.167000055,3.997950077,13.74705029
12.11524317,0.7450500131,4.618050098,13.82595062
12.11776715,-0.2860500216,6.607050419,10.96800041
12.12029115,0.09405000508,5.403000355,10.16805077
12.12281515,0.118050009,4.444950104,13.03395081
12.12533893,2.191050053,2.995050192,12.48300076
12.12786292,2.041050196,2.611950159,12.82995033
12.13038692,-1.090050101,4.845000267,10.44795036
12.13291085,-0.05100000277,4.177050114,9.808950424
12.13543485,0.9610500336,1.102950096,15.02805042
12.13795884,-1.497000098,3.201000214,11.95395088
12.14048284,-0.6450000405,5.560950279,5.656950474
12.14300661,0.7050000429,5.656950474,6.567000389
12.14553061,0.02205000073,3.664950132,10.51995087
12.14805459,1.063950062,3.760950089,10.94595051
12.15057852,1.204950094,5.643000126,8.511000633
12.15310251,0.7909500599,5.548950195,12.90705109
12.15562651,2.754000187,5.667000294,14.72400093
12.15815051,2.823000193,5.652000427,11.11095047
12.16067429,1.372950077,4.456950188,13.30905056
12.16319827,1.582950115,3.64800024,12.30600071
12.16572227,-0.8200500607,5.58795023,9.535950661
12.16824627,-0.6829500198,6.166950226,9.640950203
12.1707702,-1.216950059,4.546050072,14.06805038
12.1732942,0.5869500041,3.196050167,12.30600071
12.1758182,2.424000025,2.463000059,11.39895058
12.1783422,2.524050236,3.507000208,7.981950283
12.18086597,-2.304000139,4.696950436,7.087050438
12.18338997,-2.232000113,4.564949989,10.74495029
12.18591397,-2.139000177,4.108050346,11.70495033
12.18843789,-1.593000054,4.801950455,13.94400024
12.19096189,0.6570000052,4.287000179,12.13605022
12.19348589,-1.183050036,3.615000248,11.20905018
12.19600989,-2.815950155,3.921000242,11.50905037
12.19853367,-1.734000087,6.190950394,11.65005016
12.20105769,-2.488050222,5.038950443,12.51900101
12.20358169,-1.228950024,3.709950209,16.93200111
12.20610569,0.4650000334,3.92805028,14.19000053
12.20862963,-0.2779500186,4.56000042,12.76605034
12.21115363,-0.838950038,4.873950005,8.880000114
12.21367762,-0.0580500029,2.106000185,7.165950298
12.2162014,-0.9630000591,0.5599500537,6.972000122
12.2187254,-1.321950078,0.1960500032,10.03095055
12.2212494,0.1249500066,0.04995000362,10.62300014
12.2237734,-0.166050002,0.8760000467,8.710050583
12.22629732,-0.118050009,1.000050068,13.27305031
12.22882132,-0.3670500219,3.118950129,12.67695045
12.23134532,-0.1009500027,4.596000195,9.177000046
12.23386909,-1.480050087,2.844000101,14.43405056
12.23639308,0.7519500256,2.977950096,16.72305107
12.23891708,0.1399500072,1.990950108,18.08595085
12.24144108,-4.351050377,3.706050158,16.37400055
12.243965,-1.120950103,6.31305027,6.475950241
12.24648899,1.164000034,2.367000103,14.26200104
12.24901299,-2.257950068,0.9690000415,23.44605064
12.25153699,-2.677050114,2.202000141,14.22600079
12.25406076,-4.636050224,2.476950169,14.9320507
12.25658476,-2.365950108,5.058000088,15.01605034
12.25910876,2.521950006,2.839050055,6.988050461
12.26163276,-2.935950041,2.410050154,12.82800102
12.26415669,-5.890050411,4.957950115,13.5730505
12.2666807,-1.501950026,6.306000233,2.149950027
12.2692047,1.437000036,3.784950256,7.501050472
12.27172847,-0.2689500153,1.443000078,11.47800064
12.27425247,-4.147050381,2.808000088,4.105950356
12.27677648,-6.168000221,4.468950272,7.144050121
12.27930048,-1.195050001,2.796000242,11.92500019
12.2818244,-1.738950133,4.555950165,12.3390007
12.2843484,-4.993050098,5.341050148,11.46600056
12.2868724,-3.931950092,4.012050152,11.92305088
12.2893964,-1.879950047,3.507000208,10.6990509
12.29192017,-3.124950171,4.528950214,9.29595089
12.29444417,-0.1950000077,3.571950197,5.46600008
12.29696818,-3.502950191,4.24695015,11.33895016
12.2994921,-3.298050165,4.426050186,9.021000862
12.3020161,-1.000950098,5.406000137,3.663000107
12.3045401,0.1830000132,2.125950098,5.965950489
12.30706409,-0.7740000486,1.333050013,8.233050346
12.30958786,-1.735950112,3.009000063,4.636950016
12.31211186,-1.747950077,3.568950176,4.623000145
12.31463586,2.337000132,5.72205019,6.237000465
12.31715986,1.735950112,7.018950462,5.322000027
12.31968379,-0.3360000253,5.755050182,4.534049988
12.32220779,1.786950111,1.987050056,3.505050182
12.32473178,1.882950068,1.630050063,8.346000671
12.32725556,0.8460000157,1.458000064,10.43595028
12.32977956,0.6259500384,2.776950121,7.206000328
12.33230356,0.2260500044,4.422000408,7.395000458
12.33482757,2.136000156,4.588950157,6.261000156
12.3373515,2.791950226,3.166950226,4.600950241
12.3398755,0.8269500136,4.405050278,3.309000254
12.3423995,1.17900002,1.507950068,8.023050308
12.34492349,0.05100000277,1.924050093,9.711000443
12.34744726,0.364950031,1.690050125,8.233050346
12.34997126,0.9130500555,1.744950056,6.361050129
12.35249526,0.5970000029,-1.237050056,7.908000469
12.35501918,-1.653000116,2.782050133,9.976050377
12.35754318,-1.102050066,5.580000401,3.700950146
12.36006718,0.9780000448,2.386050224,5.836950302
12.36259118,1.447050095,1.579950094,9.433050156
12.36511495,-0.9630000591,3.775050163,6.64800024
12.36763895,-1.831950068,4.264050007,3.59100008
12.37016293,-0.2020500153,1.129950047,7.471950531
12.37268693,-0.1440000087,3.234000206,9.708000183
12.37521086,-1.404000044,3.663000107,7.498050213
12.37773485,-0.6349500418,3.23205018,7.03605032
12.38025885,0.4080000222,2.905950069,6.880950451
12.38278262,-0.2089500129,1.422000051,8.546999931
12.38530662,-1.08795011,1.249050021,8.398950577
12.38783062,-0.9420000315,0.9160500169,8.635950089
12.39035462,-0.6330000162,1.252050042,11.11605072
12.39287855,0.09600000083,1.8910501,8.643000603
12.39540254,0.2449500114,3.505050182,6.349050522
12.39792654,-0.166050002,3.864000082,7.162950516
12.40045056,-1.048950076,3.004050255,7.873950481
12.40297433,-0.7720500231,3.153000116,5.772000313
12.40549833,-0.6780000329,5.238000393,4.561050415
12.40802233,0.4360500276,3.861000299,6.301050186
12.41054624,0.2470500171,3.841950178,5.206950188
12.41307024,-0.07995000482,4.375950336,5.065950394
12.41559424,-0.42900002,4.43805027,4.714050293
12.41811824,0.0390000008,3.853950262,4.57005024
12.420642,0.7740000486,3.301050186,6.162000179
12.423166,1.039950013,2.604000092,6.490050316
12.42569,0.8580000401,4.108050346,5.205000401
12.428214,1.114050031,3.378000259,3.838050127
12.43073792,1.009050012,3.754050255,4.579950333
12.4332619,0.8269500136,3.675000191,3.655950069
12.43578591,0.3859500289,4.845000267,2.676000118
12.43830968,1.104000092,6.528000355,-0.4230000079
12.44083367,2.065050125,5.50605011,-1.990950108
12.44335768,1.630950093,4.161000252,-0.3130500019
12.44588168,1.150050044,5.338950157,1.302000046
12.4484056,1.045050025,4.38105011,2.662050009
12.4509296,1.336950064,3.076050043,6.466950417
12.45345361,1.825050116,2.311950207,8.047050476
12.45597761,1.501950026,0.5980500579,11.10900021
12.45850138,1.618950129,1.732950091,12.1579504
12.46102538,2.608050108,2.197050095,11.84595013
12.46354938,1.938000083,1.16505003,16.07400131
12.46607331,2.008949995,-0.1170000061,20.02695084
12.46859731,1.698000073,0.3900000155,18.07395172
12.47112131,0.8910000324,3.202950239,13.3549509
12.47364529,1.405950069,5.941950321,9.430950165
12.47616907,0.83100003,3.970950127,12.70305061
12.47869306,-0.4480500221,1.879050136,17.37495041
12.48121706,-0.5370000005,1.387950063,16.77795029
12.48374108,-0.4219500124,4.018949986,10.8930006
12.48626501,0.3330000043,3.880050182,12.00705051
12.48878901,-1.057050109,2.154000044,12.67005062
12.49131301,-1.297950029,2.041949987,13.12995052
12.49383699,-0.2040000111,2.434050083,10.52700043
12.49636076,0.49605003,2.845950127,11.18505096
12.49888476,0.1900500059,3.418050051,7.588950157
12.50140876,-0.1159500033,3.691050291,9.052050591
12.50393269,0.9250500202,2.262000084,12.48600101
12.50645668,0.6400500536,5.254950047,12.177001
12.50898068,1.528050065,6.165000439,9.361050606
12.51150468,2.349000216,4.474050045,7.915050507
12.51402847,2.610000134,2.298000097,9.414000511
12.51655247,1.630950093,2.4150002,14.99700069
12.51907647,1.504050016,6.744000435,12.02595043
12.52160047,2.155050039,8.959050179,7.515000343
12.5241244,3.328950167,4.960050106,6.619950294
12.5266484,2.778000116,3.813000202,7.639950275
12.5291724,2.605950117,5.440950394,3.921000242
12.53169617,1.375050068,4.572000027,9.100049973
12.53422016,1.075950027,3.816000223,10.68000031
12.53674416,2.55795002,3.913950205,8.05095005
12.53926817,4.576050282,0.7030500174,10.70895004
12.54179209,2.263050079,3.325050116,11.50905037
12.54431609,2.436000109,7.072050571,6.804000378
12.54684009,2.821050167,7.648950577,8.596950531
12.54936409,0.8410500288,5.560950279,12.79695034
12.55188786,2.092950106,5.568000317,10.86195087
12.55441187,4.609950066,3.118950129,7.732950211
12.55693587,2.923950195,2.797950029,9.699000359
12.55945979,1.17900002,3.08100009,10.60605049
12.56198379,1.807950139,1.663050056,15.08805084
12.56450778,1.842000127,2.48205018,17.00295067
12.56703179,1.849050045,7.58700037,14.23605061
12.56955556,4.078050137,8.595000267,10.38300037
12.57207955,3.487050056,6.520950317,8.797950745
12.57460356,2.092950106,6.054000378,8.284049988
12.57712756,2.401950121,3.948000193,8.92095089
12.57965149,1.195050001,4.201050282,14.21700096
12.58217549,-0.3840000033,4.795050144,15.79905033
12.5846995,0.5200500488,4.795050144,11.27400017
12.5872235,2.953050137,2.341050148,10.70205021
12.58974727,1.498950124,3.864000082,7.692000389
12.59227127,-1.576050043,5.271000385,5.863050461
12.59479527,-3.814950228,6.294000149,8.158950806
12.5973192,-3.132000208,3.7660501,13.03095055
12.59984319,-1.561950088,1.591950059,11.14695072
12.60236719,-0.3409500122,1.654050112,9.948000908
12.60489118,0.2329500169,2.740950108,12.73500061
12.60741495,-2.323050022,6.196050167,8.521050453
12.60993895,-4.40805006,7.30395031,8.638050079
12.61246295,-0.9700500369,4.327950001,11.83200073
12.61498695,-0.6499500275,0.5260500312,15.16005039
12.61751088,-2.323050022,1.030950069,14.11605072
12.62003488,-1.080000043,3.1650002,10.90995026
12.62255888,1.039950013,1.204050064,10.90095043
12.62508264,-1.606950045,3.544950247,10.75695038
12.62760664,-1.377000093,5.269050121,6.184050083
12.63013064,0.1680000126,4.153050423,3.948000193
12.63265464,-1.381950021,2.383949995,11.49900055
12.63517858,-2.569950104,4.70595026,8.86605072
12.63770258,-1.344000101,4.267950058,5.470950127
12.64022658,-0.3120000064,0.7030500174,10.54095078
12.64275058,-0.9100500345,-0.1069500074,13.04805088
12.64527433,-0.565950036,1.489050031,9.715050697
12.64779833,-1.89195013,3.865950108,9.208050728
12.65032233,-2.637000084,4.774050236,8.487000465
12.65284633,-0.9510000348,4.861950397,7.174950123
12.65537027,0.3360000253,1.864950061,8.952000618
12.65789427,-1.602000117,3.576000214,9.289050102
12.66041827,-0.07995000482,3.532950163,7.573050499
12.66294204,-0.06105000153,3.214950085,10.38105011
12.66546604,-0.1129500046,0.2959500253,9.727050781
12.66799004,-0.9850500226,0.2820000052,7.933950424
12.67051404,0.1399500072,1.798050046,8.065950394
12.67303804,-2.092950106,2.422049999,9.414000511
12.67556196,-1.735950112,2.772000074,8.24805069
12.67808596,-0.04395000264,3.034950256,7.282950401
12.68060996,0.04605000094,2.410050154,9.340050697
12.68313373,-0.8550000191,3.220050097,11.25705051
12.68565773,-0.9270000458,5.584950447,7.209000111
12.68818173,-1.224000096,6.571950436,4.591950417
12.69070566,-0.07005000114,3.913950205,6.559950352
12.69322965,-0.3619500101,2.389050007,10.21095085
12.69575365,-1.578000069,3.454050064,8.832000732
12.69827765,-2.329950094,3.679050207,7.774050236
12.70080142,-1.024950027,1.38105011,10.01505089
12.70332541,-1.734000087,1.458000064,10.73805046
12.70584941,-2.758950233,3.076050043,7.135050297
12.70837343,-2.81400013,3.67200017,4.861950397
12.71089735,-1.545000076,1.264050007,7.573050499
12.71342135,-2.053050041,1.194000006,9.907050133
12.71594535,-3.343050241,3.078000069,9.024000168
12.71846934,-3.001050234,3.082950115,7.836000443
12.72099311,-2.076000214,3.427950144,8.11605072
12.7235171,-1.34100008,3.454050064,8.904000282
12.7260411,-2.095950127,3.736950159,6.27300024
12.72856502,-2.188950062,2.644950151,5.395950317
12.73108901,-1.890000105,3.289050102,7.045950413
12.73361301,-1.899000049,4.146000385,7.31400013
12.73613701,-1.806000113,4.045950413,7.756950378
12.73866079,-1.34100008,2.619000196,7.891050339
12.74118477,-1.64805007,2.461050034,6.229050159
12.74370877,-1.713000059,2.335950136,7.434000492
12.74623277,-1.741050124,2.213999987,7.861950397
12.7487567,-2.890050173,1.720950127,6.913950443
12.75128068,-2.811000109,2.485050201,8.226000786
12.75380468,-1.851000071,2.584950209,10.06005001
12.75632845,-0.7999500632,3.481050253,9.244050026
12.75885245,-1.30095005,3.366000175,8.485050201
12.76137646,-1.308000088,2.889000177,11.5710001
12.76390046,-1.561950088,3.948000193,8.566050529
12.76642439,-0.9850500226,4.090950012,6.493050098
12.76894846,-0.8410500288,3.390000105,7.390950203
12.7714724,-0.8940000534,2.853000164,10.0390501
12.7739964,-0.8989500403,3.078000069,10.21305084
12.77652017,-0.09600000083,3.982950211,9.640950203
12.77904416,0.7330500484,2.686050177,10.0699501
12.78156816,0.5230500102,2.619000196,10.93200016
12.78409216,-0.6019500494,4.666050434,6.919050217
12.78661608,-0.5800500512,5.329050064,4.375950336
12.78914008,0.8290500641,3.343950272,6.067050457
12.79166408,2.092950106,1.690050125,9.322950363
12.79418785,0.45600003,4.386000156,10.21305084
12.79671185,0.6760500073,4.600950241,11.03895092
12.79923585,1.249950051,3.178950071,11.14005089
12.80175986,2.469000101,2.188050032,8.755050659
12.80428378,1.345950007,3.574050188,8.072999954
12.80680778,0.7050000429,3.487950087,10.32105064
12.80933178,0.9060000181,3.435000181,9.532950401
12.81185578,1.582950115,4.089000225,8.655000687
12.81437955,2.167050123,4.861950397,9.973950386
12.81690354,2.139000177,4.443000317,9.66795063
12.81942754,0.9940500259,3.895050287,6.763050556
12.82195146,0.5629500151,3.643050194,4.963050365
12.82447546,1.642950058,2.185050011,8.12100029
12.82699946,1.578000069,1.659000039,11.77695084
12.82952346,1.021050096,3.789000273,9.250950813
12.83204746,0.9850500226,5.331000328,6.270000458
12.83457122,2.353950024,2.33100009,10.23495007
12.83709522,2.044950008,2.002950191,10.10805035
12.83961922,0.8959500194,4.711050034,5.571000099
12.84214315,-0.2070000172,5.430000305,6.663000107
12.84466716,1.239000082,2.449050188,11.5570507
12.84719116,1.576050043,1.978950143,10.44795036
12.84971493,0.6570000052,3.375000238,10.56300068
12.85223893,0.6850500107,2.88195014,13.30395031
12.85476293,0.5920500159,4.084050179,10.89795017
12.85728693,0.08400000632,5.805000305,5.908950329
12.85981093,1.236000061,4.6270504,7.290000439
12.86233486,1.549950123,2.335950136,12.60000038
12.86485886,-0.6400500536,3.41595006,9.933000565
12.86738286,-0.07695000619,4.347000122,7.635000229
12.86990663,1.015950084,2.785950184,11.43000031
12.87243063,-0.2639999986,2.997000217,10.95105076
12.87495462,-1.276950002,5.038950443,4.992000103
12.87747854,-0.3600000143,5.334000111,5.415000439
12.88000254,0.5250000358,2.619000196,12.27000046
12.88252654,-0.3259500265,3.508950233,11.85105038
12.88505053,-1.686000109,5.482050419,6.897000313
12.88757431,-0.7120500207,2.500950098,11.52105045
12.89009831,-1.24605,2.554050207,13.79805088
12.89262231,-2.068950176,5.667000294,5.605050087
12.89514631,-2.0239501,6.912000179,3.44505024
12.89767024,-1.236000061,5.118000031,11.91795063
12.90019424,-1.495050073,4.867050171,8.976000786
12.90271824,-0.8839500546,5.407950401,7.132050514
12.90524224,-0.3769500256,3.552000284,11.23305035
12.90776601,-1.345950007,2.904000044,11.16900063
12.91029001,-1.525950074,4.359000206,5.284050465
12.91281401,-1.102050066,4.534049988,6.483000278
12.91533791,-0.3619500101,2.652000189,9.99105072
12.91786191,-1.483050108,3.418050051,7.762050152
12.92038591,-1.084950089,5.674050331,5.539950371
12.92290991,0.4150500298,3.366000175,10.07895088
12.92543368,-0.364950031,2.571000099,11.22600079
12.92795768,-0.2089500129,3.459000111,6.723000526
12.93048168,0.4530000091,3.136050224,8.467950821
12.93300568,0.5269500017,0.8950500488,12.83700085
12.9355296,0.9750000238,1.612950087,9.310950279
12.93805359,0.8220000267,0.6439500451,9.873000145
12.94057759,1.104000092,0.8809500337,12.58605099
12.94310136,1.272000074,0.6169500351,9.442950249
12.94562559,0.2520000041,3.3370502,6.418950081
12.94814936,0.3600000143,2.893950224,8.872950554
12.95067336,0.4240500331,0.667050004,9.454050064
12.95319728,0.4459500313,0.3829500079,8.668950081
12.95572136,1.58100009,0.9619500637,11.08005047
12.95824529,-0.7360500097,4.507950306,10.8169508
12.96076928,0.3979500234,4.266000271,8.154000282
12.96329306,0.6520500183,3.801000118,7.779000282
12.96581705,0.6880500317,3.250950098,12.26505089
12.96834105,-1.224000096,4.299000263,10.35195065
12.97086497,-1.636050105,4.052999973,8.764950752
12.97338897,-1.285950065,1.441050053,12.95505047
12.97591297,-2.014050007,2.365050077,12.02295017
12.97843698,-2.955000162,2.065950155,8.617050171
12.98096075,-1.425000072,2.868000031,5.836950302
12.98348498,1.882950068,0.7150500417,13.95300102
12.98600875,-0.5920500159,5.113050461,9.495000839
12.98853276,0.2980500162,5.896050453,7.684950352
12.99105676,1.528050065,5.437050343,5.9010005
12.99358068,1.429950118,4.659000397,11.82495022
12.99610468,-1.99695015,8.322000504,6.535950184
12.99862868,-2.718000174,6.571950436,4.65405035
13.00115245,-0.1900500059,3.033000231,9.747000694
13.00367645,-0.514950037,2.61405015,13.67295074
13.00620045,-5.242050171,6.129000187,12.67005062
13.00872438,-5.505000114,7.92195034,10.3909502
13.01124838,-2.740050077,4.162950039,13.54395103
13.01377238,-2.934000254,3.742050171,15.65295029
13.01629638,-4.528050423,6.457050323,7.467000484
13.01882037,-3.970050097,6.390000343,5.752950191
13.02134414,-2.875950098,4.198950291,11.5570507
13.02386814,-3.609000206,5.491950035,13.54095078
13.02639213,-2.479050159,7.374000549,5.956950188
13.02891606,-0.5989500284,5.449050426,5.620950222
13.03144005,0.9970500469,2.263950109,11.33400059
13.03396405,0.4699500203,3.349050045,7.774050236
13.03648782,-0.0580500029,4.009950161,2.121000051
13.03901182,0.4219500124,3.531000137,6.403950214
13.04153584,2.194050074,3.619050264,7.879050255
13.04405984,0.0390000008,4.237050056,5.944950104
13.04658384,-0.9100500345,3.805950165,6.289050102
13.04910776,-0.04395000264,3.592950106,8.278950691
13.05163178,0.166050002,2.559000015,7.551000595
13.05415578,-2.754000187,4.596000195,8.80095005
13.05667978,-2.200950146,6.555000305,8.844000816
13.05920355,-2.560050011,5.440950394,6.166950226
13.06172756,-2.194050074,3.141000032,7.518000126
13.06425156,-2.0239501,2.146950006,11.65500069
13.06677548,-1.966050148,3.727050066,12.9090004
13.06929948,-3.232950211,4.326000214,8.458050728
13.07182351,-2.409000158,3.355950117,12.67905045
13.0743475,-1.66200006,3.82095027,14.73405075
13.07687128,-0.5610000491,3.993000269,10.94595051
13.07939527,-1.066050053,2.820000172,6.049950123
13.08191929,-0.9100500345,2.494050026,11.2140007
13.08444321,-1.734000087,5.128050327,13.06305027
13.08696721,-1.843950033,5.52300024,9.265050888
13.08949121,-1.17900002,5.062950134,7.936950207
13.0920152,1.609950066,3.675000191,12.58095074
13.09453897,2.302050114,2.568000078,10.33995056
13.0970632,0.02505000122,2.575950146,7.431000233
13.09958697,0.6829500198,4.729950428,5.286000252
13.10211097,1.795950055,3.294000149,8.204999924
13.10463497,1.212000012,2.194950104,10.56795025
13.1071589,1.411050081,3.742050171,7.929000378
13.10968289,2.344950199,3.75600028,8.202000618
13.11220669,3.705000162,0.3370500207,10.84995079
13.11473069,3.211050034,-0.6150000095,10.67805004
13.11725469,1.959000111,3.624000072,7.513050556
13.11977869,1.813050032,5.635050297,4.052999973
13.12230259,3.064950228,2.647050142,7.642050266
13.12482659,3.049050093,1.209000111,9.457050323
13.12735059,3.025050163,4.31400013,8.881950378
13.12987459,2.995950222,3.181050062,10.07895088
13.13239858,2.560050011,1.603950024,10.78800011
13.13492235,3.052950144,3.387000084,9.567000389
13.13744635,3.645000219,4.668000221,5.929950237
13.13997028,3.274050236,3.784950256,6.064050198
13.14249427,3.646950245,1.867050052,8.976000786
13.14501827,2.967000246,3.514050245,9.696000099
13.14754225,3.295050144,3.979050159,9.093000412
13.15006602,4.237950325,0.5359500051,9.451950073
13.15259025,4.332000256,0.7750500441,11.41305065
13.15511402,3.931950092,3.253050089,8.154000282
13.15763802,3.460050106,4.137000084,4.576950073
13.16016202,3.367050171,2.821950197,6.27300024
13.16268594,3.331050158,2.403000116,8.635950089
13.16520994,2.686950207,2.928000212,9.742050171
13.16773394,2.287050009,3.411000252,8.812950134
13.17025794,3.171000242,1.519950032,10.77795029
13.17278171,3.031950235,2.839050055,9.402000427
13.17530571,2.194050074,4.243950367,6.96900034
13.17782964,1.971000075,3.511950254,6.319950104
13.18035364,1.531050086,2.94900012,7.849950314
13.18287764,1.722000122,3.318000078,9.591000557
13.18540162,1.420050025,3.636000156,9.748950005
13.18792539,1.690950036,1.84800005,11.59305096
13.19044962,1.401000023,1.726050138,10.70700073
13.19297339,0.6640500426,3.562050104,8.095050812
13.1954974,0.1300500035,4.546050072,5.824950218
13.1980214,0.07005000114,3.667050123,7.158000469
13.20054532,0.4650000334,3.259950161,8.596950531
13.20306932,-0.4890000224,4.711050034,8.32005024
13.20559332,-0.2899500132,3.615000248,9.193950653
13.20811709,-0.3739500046,1.672950029,10.85505009
13.21064109,-0.2209500074,1.522050023,8.513999939
13.21316509,-1.083000064,4.361999989,6.553050518
13.21568906,-1.34100008,4.450050354,7.635000229
13.21821306,-1.080000043,3.724950075,9.880950928
13.22073699,-1.078050017,3.045000076,8.620950699
13.22326099,-0.7960500121,2.853000164,10.55595016
13.22578476,-0.748050034,2.275950193,10.39305019
13.22830876,-1.641000032,2.269050121,9.852000237
13.23083276,-2.404050112,3.660000086,7.060050488
13.23335675,-2.931000233,4.714050293,9.262950897
13.23588068,-1.557000041,4.213050365,9.487950325
13.23840475,-1.267050028,4.218000412,8.901000023
13.24092868,-1.132950068,3.217050076,11.01300049
13.24345266,-1.578000069,4.668000221,10.87695026
13.24597666,-1.333950043,4.515000343,8.206950188
13.24850043,-1.974000096,3.691050291,7.105950356
13.25102443,-1.440000057,1.254000068,12.53595066
13.25354835,-2.397000074,3.742050171,13.14195061
13.25607243,-2.269950151,6.121050358,7.981950283
13.25859638,-1.236000061,4.843050003,9.226950645
13.26112038,-1.000950098,3.133050203,11.41095066
13.26364415,-1.140000105,3.936000109,8.482049942
13.26616836,-2.328000069,4.777950287,9.850050926
13.26869213,-2.485950232,4.117050171,13.42905045
13.27121613,-2.119950056,3.414000273,10.52205086
13.27374004,-1.762950063,3.901950121,10.74705029
13.27626404,-1.951950073,5.044050217,10.83405018
13.27878804,-3.265950203,6.490050316,7.254000187
13.28131181,-2.328000069,4.255949974,4.957950115
13.28383604,-1.645950079,2.65500021,12.7680006
13.28635981,-2.697000027,3.904050112,13.34700108
13.28888384,-2.6410501,3.892050266,8.497050285
13.29140784,-0.8719500303,1.764000058,9.79695034
13.29393176,-0.9370500445,1.342950106,15.34695053
13.29645576,-2.572050095,5.341050148,8.758049965
13.29897977,-3.693000078,6.349050522,4.453050137
13.30150377,-2.143949986,4.491000175,11.47500038
13.30402777,-3.217950106,4.450050354,14.47500038
13.30655155,-3.733050108,6.289050102,7.672950268
13.30907556,-2.412000179,3.153000116,8.511000633
13.31159956,-1.531050086,0.9160500169,15.3390007
13.31412348,-4.08795023,4.555950165,10.08195019
13.31664748,-5.188950062,6.070950508,5.607000351
13.31917148,-3.223050117,2.539950132,10.96800041
13.32169526,-2.45505023,2.626050234,15.7680006
13.32421926,-3.262050152,4.951050282,8.880000114
13.32674326,-2.344950199,2.509050131,7.891050339
13.32926724,-1.369950056,-0.1429500133,14.17095089
13.33179124,-3.120000124,2.844000101,10.99395084
13.33431516,-3.501000166,4.893000126,4.405050278
13.33683915,-2.50695014,3.576000214,8.395950317
13.33936292,-2.220000029,3.718050241,12.11400032
13.34188715,-3.45600009,4.489050388,9.727050781
13.34441094,-2.248950005,2.410050154,6.715950489
13.34693494,-1.650000095,0.9019500613,12.17400074
13.34945894,-3.529950142,4.369050026,11.39895058
13.35198287,-3.367050171,5.013000011,5.109000206
13.35450687,-2.593950033,2.152050018,8.746050835
13.35703086,-1.588050127,2.35800004,12.895051
13.35955464,-3.130050182,4.720950127,11.1280508
13.36207865,-2.938050032,3.361050129,6.859050274
13.36460265,-0.83100003,0.150000006,9.9810009
13.36712657,-2.11500001,2.33100009,13.55805111
13.36965068,-4.522950172,5.475000381,7.429050446
13.3721746,-2.818950176,2.72205019,7.126950264
13.3746986,-1.602000117,1.201050043,9.244050026
13.3772226,-2.811000109,3.025950193,12.22905064
13.3797466,-4.02300024,4.422000408,7.125000477
13.38227037,-1.24605,2.170950174,8.499000549
13.38479437,-1.078050017,3.270000219,11.55900097
13.3873183,-2.164950132,4.084050179,9.0499506
13.38984229,-1.222050071,2.556000233,9.157950401
13.3923663,0.02505000122,0.9259500504,8.463000298
13.39489007,-1.258050084,4.105950356,10.27995014
13.3974143,-1.665000081,4.744950294,7.362000465
13.39993807,-1.215000033,2.29095006,9.696000099
13.40246207,-0.7140000463,4.177050114,9.093000412
13.40498607,-2.047950029,5.656950474,7.060050488
13.40750999,-0.726000011,3.406050205,9.292050362
13.41003399,-0.004950000439,2.026950121,10.37895012
13.41255801,-0.7720500231,2.875050068,9.382950783
13.415082,-1.080000043,4.285050392,4.912950039
13.41760601,-0.3139500022,2.704950094,8.414999962
13.42012978,-0.4459500313,3.303000212,9.744000435
13.42265369,-1.215000033,4.575000286,6.160050392
13.42517776,-1.096950054,3.684000254,6.574050426
13.42770169,0.5940000415,0.2800500095,12.17400074
13.43022569,0.5029500127,1.801950097,11.18505096
13.43274971,-0.09600000083,3.964050293,6.001950264
13.43527348,-0.697050035,4.347000122,5.863050461
13.43779748,0.5800500512,3.816000223,10.22805023
13.44032148,-0.1300500035,4.873950005,7.431000233
13.44284547,0.07500000298,5.046000004,6.105000496
13.4453694,0.4600500166,2.530050039,10.25895023
13.4478934,0.6109500527,2.242950201,14.02305031
13.4504174,0.3360000253,3.013950109,7.522050381
13.45294139,0.6660000086,3.354000092,7.12005043
13.45546516,0.7840500474,4.354950428,6.555000305
13.45798916,0.7140000463,3.59100008,9.193950653
13.46051314,-0.3120000064,4.503000259,7.057950497
13.46303715,0.9319500327,2.50605011,8.905950546
13.46556107,0.9630000591,2.209050179,11.70000076
13.46808507,0.184950009,1.94595015,10.88100052
13.47060907,0.2760000229,2.69505024,6.901950359
13.47313284,-0.1800000072,4.045950413,7.422000408
13.47565681,-0.3139500022,4.6270504,5.289000034
13.47818081,-0.3570000231,5.146950245,5.731050491
13.48070481,-0.02505000122,3.193050146,6.964950562
13.4832288,-0.5539500117,2.820000172,11.45595074
13.48575273,-0.3000000119,1.792950034,11.03895092
13.48827673,0.2089500129,1.644000053,9.409049988
13.49080073,-0.2110500038,2.556000233,7.24695015
13.4933245,-0.697050035,3.727050066,7.447950363
13.49584852,-0.2160000056,4.43805027,6.430950165
13.49837252,0.1399500072,3.126000166,8.617050171
13.50089644,0.8269500136,2.779050112,9.138000488
13.50342044,0.2260500044,1.441050053,12.94005108
13.50594445,0.6850500107,2.260050058,10.66605091
13.50846822,1.072950006,2.650050163,7.615950584
13.51099245,0.9180000424,3.367950201,8.407950401
13.51351622,0.7999500632,2.896050215,10.24905014
13.51604022,-0.184950009,4.821000099,7.57005024
13.51856422,0.5509500504,4.443000317,6.865950108
13.52108822,1.452000022,3.133050203,11.91600037
13.52361215,1.593000054,2.089950085,12.50700092
13.52613614,0.9660000205,3.0160501,8.893950462
13.52866014,0.5230500102,3.402000189,7.048050404
13.53118391,0.6280500293,2.656950235,11.62800026
13.53370791,0.4720500112,3.748950243,10.24500084
13.53623183,0.3310500085,4.896000385,6.589050293
13.53875588,0.4150500298,3.1650002,9.756000519
13.54127981,0.9270000458,2.382000208,13.44300079
13.54380381,0.8770500422,3.007050037,8.605050087
13.54632758,0.83100003,2.829000235,5.254950047
13.54885179,0.2929500043,3.153000116,8.818050385
13.55137556,-0.01305000018,3.574050188,9.186000824
13.55389956,0.01005000062,5.05095005,6.474000454
13.55642356,0.9540000558,4.527000427,8.350950241
13.55894747,1.375050068,1.651050091,12.25800037
13.56147146,1.461000085,1.966950059,12.13605022
13.56399546,0.9340500236,3.247950077,8.080050468
13.56651945,1.203000069,3.979050159,7.795050144
13.56904322,1.324950099,3.889950275,10.07205009
13.57156722,0.4170000255,4.060050011,9.92400074
13.57409122,0.1319999993,6.466050148,7.780950546
13.57661522,0.748050034,4.849950314,10.01205063
13.57913914,1.930050135,2.736000061,11.60205078
13.58166314,1.468050122,2.96295023,8.716950417
13.58418714,0.3070500195,4.527000427,6.86400032
13.58671091,0.2980500162,3.08100009,9.30795002
13.5892349,0.7720500231,2.817000151,10.92705059
13.59175891,0.3070500195,3.688950062,7.936950207
13.59428291,-0.2760000229,5.84100008,7.312050343
13.59680691,1.498950124,2.725950241,10.64700031
13.59933084,1.629000068,1.936050057,10.42200089
13.60185482,0.9919500351,3.853950262,8.278950691
13.60437882,0.2760000229,5.403000355,6.229050159
13.60690259,0.6349500418,1.752000093,10.28805065
13.60942659,0.3960000277,3.346950054,11.58105087
13.61195058,-0.7930500507,6.306000233,8.169000626
13.61447458,0.1110000089,5.022000313,10.29705048
13.6169985,1.492050052,2.085000038,12.27195072
13.61952249,0.9250500202,4.888050079,9.31305027
13.62204626,0.5850000381,6.016050339,6.447000504
13.62457049,0.7090500593,2.998950243,8.560950279
13.62709426,0.673050046,1.3950001,11.73405075
13.62961826,-0.862950027,5.082000256,10.00500011
13.63214218,-0.405000031,5.985000134,8.833950043
13.63466626,1.164000034,2.796000242,10.84305096
13.63719018,1.497000098,1.896000147,10.64700031
13.63971418,0.2500500083,5.511000156,6.202950478
13.64223818,0.3670500219,4.948050022,6.71295023
13.6447622,0.319050014,0.7030500174,12.09300041
13.64728597,-0.4720500112,3.595950127,11.5350008
13.64980997,-0.04605000094,5.37405014,7.075050354
13.65233397,0.3049500287,4.603950024,8.204999924
13.65485792,1.285950065,1.431000113,11.9320507
13.65738191,0.2539499998,5.157000065,7.168050289
13.65990568,0.1870500147,4.483950138,6.747000217
13.66242991,0.7549500465,1.735050082,12.30105019
13.66495367,0.5200500488,3.076050043,11.71500015
13.66747767,-0.5029500127,5.643000126,6.51900053
13.67000167,-0.05595000088,4.675050259,7.98900032
13.67252559,1.64805007,1.639050126,14.04900074
13.67504958,0.838950038,4.429050446,10.00995064
13.67757358,0.9490500689,4.443000317,4.819050312
13.68009758,1.155000091,1.981950045,8.692950249
13.68262135,1.353000045,-0.3229500055,14.21895027
13.68514534,0.3430500031,4.254000187,9.766050339
13.68766934,0.1350000054,6.799050331,4.039050102
13.69019334,1.801050067,2.001000166,11.45400047
13.69271727,1.497000098,2.37195015,13.84995079
13.69524127,0.7170000076,4.864050388,6.165000439
13.69776527,0.45600003,4.659000397,4.924950123
13.70028927,0.8430000544,-0.1410000026,13.9480505
13.70281304,-0.001050000079,3.244050264,12.47805023
13.70533704,-0.8479500413,7.426050186,4.410000324
13.70786104,0.7860000134,4.477050304,8.746050835
13.71038496,1.926000118,1.27305007,14.08995056
13.71290896,0.9300000668,3.109950066,11.12100029
13.71543298,-0.1870500147,5.248050213,4.008000374
13.71795675,0.7720500231,1.216050029,8.92095089
13.72048075,0.7840500474,2.209050179,14.98005104
13.72300474,-0.5509500504,5.821950436,7.294950485
13.72552876,0.06105000153,6.454050541,4.041000366
13.72805276,2.187000036,0.5359500051,11.22900009
13.73057668,1.156949997,2.152050018,13.86195087
13.73310068,-0.1129500046,6.184050083,3.71295023
13.73562469,-0.2400000095,4.703999996,4.561050415
13.73814869,1.363050103,1.345050097,11.770051
13.74067246,0.7450500131,3.502050161,11.44200039
13.74319646,0.2449500114,6.784950256,6.12405014
13.74572039,1.294050097,2.560950041,10.86195087
13.74824446,1.5160501,1.812000036,15.6600008
13.75076839,1.738950133,3.423000097,10.05795002
13.75329238,0.9799500704,5.278950214,4.12005043
13.75581639,1.471050024,3.871050119,7.804950237
13.75834016,1.320000052,3.259950161,12.20805073
13.76086416,-0.4750500321,6.106950283,6.832950115
13.76338816,0.1590000093,4.38795042,4.819050312
13.76591215,0.8029500246,2.509050131,13.80195045
13.76843607,0.1440000087,2.233050108,13.25595093
13.77096007,-0.673050046,4.419000149,6.076050282
13.77348407,-0.724050045,4.584000111,4.611000061
13.7760081,0.2449500114,3.532950163,10.0890007
13.77853187,-0.1870500147,4.074000359,8.515950203
13.78105586,-0.9180000424,5.638050079,5.796000481
13.78357986,-0.1369500011,3.160050154,8.731050491
13.78610389,0.4819500148,1.8910501,14.14995098
13.78862781,0.1399500072,3.555000067,10.00500011
13.79115181,-0.4530000091,5.515950203,4.486950397
13.79367581,0.02505000122,4.402050018,7.045950413
13.79619958,0.4819500148,2.90805006,10.82595062
13.79872358,0.1540500075,4.429050446,8.546999931
13.80124758,-0.2659500241,4.762050152,6.811050415
13.80377158,0.3409500122,3.588000059,12.49500084
13.80629552,0.4219500124,2.602050066,11.91300011
13.80881951,0.2590500116,3.322950125,6.742050171
13.81134351,-0.4750500321,4.969950199,3.99600029
13.81386751,-0.1900500059,3.64800024,9.921000481
13.8163913,-0.3120000064,5.022000313,8.458050728
13.81891529,-0.3070500195,4.258950233,6.222000122
13.82143929,0.5269500017,2.887050152,11.87505054
13.82396329,0.2040000111,1.893000126,14.02695084
13.82648725,-0.5710500479,3.56400013,8.05905056
13.82901125,-0.2620500028,5.025000095,5.976000309
13.83153525,0.8989500403,3.451950073,10.10595036
13.83405902,0.295050025,4.468950272,10.35900021
13.83658301,-0.0270000007,4.525050163,7.33605051
13.83910701,0.3979500234,2.37195015,10.51500034
13.84163101,0.5130000114,2.343000174,15.59595108
13.84415494,-0.3840000033,4.156050205,9.627000809
13.84667894,-0.1950000077,3.708000183,3.7660501
13.84920294,0.6880500317,2.998950243,9.473999977
13.85172694,0.1129500046,3.805950165,12.3390007
13.85425071,-0.106050007,6.04695034,6.05700016
13.85677472,-0.1489500105,3.636000156,6.012000084
13.85929864,0.6499500275,1.534050107,15.59595108
13.86182272,-0.2380500138,3.258000135,11.05395031
13.86434664,-0.3310500085,4.477050304,3.378000259
13.86687065,0.5940000415,3.567000151,6.71805048
13.86939465,0.1489500105,2.656950235,13.44600105
13.87191842,-0.862950027,5.329050064,7.11495018
13.87444242,0.004950000439,4.732950211,4.105950356
13.87696642,1.368000031,2.824950218,12.73500061
13.87949043,0.5560500026,3.282000065,13.43805027
13.88201435,0.2190000117,4.321050167,5.410950184
13.88453835,1.231050014,2.530050039,4.92195034
13.88706235,1.357950091,1.125,13.3909502
13.88958634,0.5110500455,3.363000154,10.34295082
13.89211011,-0.1110000089,5.176050186,6.349050522
13.89463411,1.188000083,2.616000175,10.54095078
13.89715811,1.654950023,3.382050276,15.43500042
13.89968211,1.495050073,5.485050201,8.723999977
13.90220604,1.060950041,5.317050457,2.812950134
13.90473003,1.777050138,3.757950068,8.869950294
13.90725403,1.15200007,3.900000095,11.71200085
13.90977781,0.1990500093,5.602050304,6.474000454
13.91230181,0.7980000377,3.727050066,6.948000431
13.91482581,1.789050102,2.772000074,13.44105053
13.91734981,1.228950024,3.078000069,12.32505035
13.91987373,0.8170500398,3.793950081,5.329050064
13.92239773,1.372950077,2.499000072,8.077950478
13.92492173,1.023000002,3.3370502,13.33305073
13.92744573,1.099950075,3.943050146,10.21095085
13.92996953,1.102050066,4.375950336,5.727000237
13.93249352,2.407050133,2.281050205,10.28505039
13.93501752,1.99695015,4.264050007,13.40295029
13.93754152,1.099950075,5.022000313,6.037950516
13.94006545,0.9780000448,3.948000193,4.237950325
13.94258945,1.630950093,3.184050083,11.1379509
13.94511345,1.095000029,3.71295023,12.11700058
13.94763722,0.2449500114,5.511000156,6.268050194
13.95016122,1.710000038,2.54700017,9.732000351
13.95268522,2.553000212,3.211950064,14.70000076
13.95520922,1.966050148,3.931050301,10.52700043
13.95773314,1.279050112,4.342950344,5.265000343
13.96025714,1.984950066,4.623000145,7.26900053
13.96278114,1.681050062,3.214950085,12.94005108
13.96530514,0.6690000296,4.735050201,7.957950592
13.96782891,1.131000042,3.694050074,5.7289505
13.9703529,1.717050076,3.772950172,11.76000023
13.9728769,1.758000135,4.237050056,12.75600052
13.9754009,0.8820000291,4.726050377,6.406950474
13.9779248,1.261950016,4.207950115,4.666050434
13.98044879,1.069050074,4.821000099,9.850050926
13.98297279,0.7639500499,5.169000149,9.652950287
13.98549676,-0.1729500145,4.762050152,6.984000206
13.98802053,0.4600500166,3.20505023,8.485050201
13.99054452,0.7330500484,3.210000038,13.87905025
13.99306853,0.5110500455,3.318000078,9.433050156
13.99559246,0.4270500243,3.042000055,5.584950447
13.99811646,0.2209500074,5.623050213,6.193950176
14.00064046,-0.6709500551,5.12100029,8.590050697
14.00316448,-0.3450000286,4.410000324,7.51995039
14.00568825,1.000950098,3.078000069,6.756000519
14.00821225,0.4600500166,3.936000109,10.52895069
14.01073625,0.7999500632,3.031050205,11.77905083
14.01326025,0.4240500331,2.077950001,8.326950073
14.01578415,0.9270000458,4.903050423,6.415950298
14.01830814,0.3769500256,4.741950035,8.381999969
14.02083215,-0.2899500132,4.393050194,9.631950378
14.02335592,0.6570000052,3.490050077,7.483950138
14.02587991,0.5779500008,4.240050316,10.20600033
14.02840391,0.4579500258,2.761950016,12.0499506
14.03092791,0.6570000052,1.426050067,9.331950188
14.03345184,-0.07995000482,4.792950153,8.193000793
14.03597583,0.2190000117,6.406050205,5.133000374
14.03849983,0.1540500075,4.350000381,7.546050549
14.04102383,0.4579500258,1.915050149,9.265050888
14.0435476,0.3120000064,3.835050106,9.214950562
14.0460716,0.4650000334,3.238950253,8.152050018
14.0485956,0.2620500028,1.644000053,12.9810009
14.0511196,-0.01995000057,3.076050043,8.937000275
14.05364354,-1.096950054,5.626050472,5.545050144
14.05616754,-0.2590500116,4.444950104,6.342000484
14.05869154,-0.1900500059,1.762050033,9.358950615
14.06121554,-0.2400000095,4.149000168,9.469050407
14.0637393,-0.4170000255,4.836000443,8.020050049
14.0662633,-0.2110500038,2.343000174,12.31800079
14.0687873,-0.364950031,3.112050056,11.00400066
14.07131122,-1.083000064,5.343000412,7.189950466
14.07383523,-1.224000096,6.042000294,6.688950539
14.07635923,-0.5800500512,1.941000104,12.39195061
14.07888323,-0.7960500121,3.354000092,11.5159502
14.081407,-1.567050099,5.326950073,7.503000259
14.08393099,-0.8080500364,3.028050184,11.14995098
14.08645499,-0.6499500275,1.654050112,11.53695011
14.08897899,-1.461000085,4.558050156,7.621050358
14.09150292,-1.669050097,6.856050491,3.499950171
14.09402692,-1.120950103,3.028050184,8.204999924
14.09655092,-1.252950072,2.940000057,10.4100008
14.09907492,-1.582950115,5.070000172,8.254950523
14.10159869,-1.641000032,4.090950012,8.892000198
14.10412268,-0.9079500437,1.383000016,11.55195045
14.10664668,-1.690950036,2.968050241,8.977950096
14.10917061,-2.445000172,5.937000275,4.306950092
14.11169461,-2.701050043,5.518050194,6.165000439
14.11421859,-2.625000238,1.798050046,9.823050499
14.11674259,-2.713050127,4.096050262,11.71695042
14.11926636,-2.047950029,4.105950356,9.30795002
14.12179036,-2.014050007,2.713950157,11.93505096
14.12431436,-2.388000011,3.325050116,9.538050652
14.12683836,-2.461950064,4.672950268,6.238950253
14.12936229,-2.505000114,4.720950127,8.98800087
14.13188628,-1.762950063,2.683050156,12.01095104
14.13441028,-2.160000086,4.069950104,10.29495049
14.13693428,-1.981050134,3.913950205,12.19605064
14.13945805,-1.722000122,3.265050173,11.13000011
14.14198205,-1.057050109,1.807050109,8.209050179
14.14450604,-1.825050116,4.750050068,7.747050285
14.14703004,-2.632050037,5.689950466,8.406000137
14.14955397,-2.059950113,3.598050117,9.556950569
14.15207797,-1.255050063,2.647050142,9.238950729
14.15460197,-0.6520500183,3.246000051,13.08195019
14.15712574,-0.5869500041,4.231950283,9.655950546
14.15964974,-1.531050086,1.903050065,11.62800026
14.16217374,-0.3430500031,3.342000246,6.016050339
14.16469774,-0.6300000548,3.973950148,12.53100014
14.16722166,-1.606950045,4.150950432,8.443950653
14.16974566,-0.5299500227,2.556000233,9.820950508
14.17226964,-0.1039500013,4.342950344,13.07505035
14.17479364,-0.5779500008,4.375950336,9.514050484
14.17731741,-1.186050057,2.652000189,7.173000336
14.17984141,-0.3889500201,2.025000095,8.145000458
14.18236541,-1.437000036,4.527000427,11.52795029
14.18488941,-2.176950216,6.196050167,8.226000786
14.18741332,-1.236000061,3.126000166,7.072050571
14.18993731,-0.007950000465,3.667050123,10.75005054
14.19246131,-0.9580500722,4.003050327,10.78095055
14.19498531,-1.171050072,3.876000166,7.288050175
14.19750908,0.7189500332,1.75695014,8.145000458
14.20003307,-0.2760000229,3.627000093,13.31400108
14.20255707,-0.9940500259,4.684950352,9.301050186
14.20508099,-0.4080000222,3.919050217,8.632950783
14.20760499,0.9630000591,3.169050217,11.0869503
14.21012899,0.3930000067,4.860000134,10.89600086
14.21265299,0.4150500298,3.64800024,7.479000568
14.21517676,1.08795011,1.338000059,8.005949974
14.21770076,1.060950041,2.983050108,12.13395023
14.22022476,-0.2740500271,3.976050138,9.921000481
14.22274876,0.4129500091,3.69900012,8.31704998
14.22527268,1.897050142,2.554050207,11.20905018
14.22779668,1.264950037,4.234950066,12.09300041
14.23032068,1.333950043,4.483950138,6.756000519
14.23284468,1.923000097,3.586050272,6.98595047
14.23536845,1.248000026,4.354950428,9.481050491
14.23789242,0.7999500632,4.394999981,9.471000671
14.24041642,1.095000029,2.815050125,9.294000626
14.24294042,2.254050016,2.394000053,10.0030508
14.24546434,1.525950074,3.775050163,10.84305096
14.24798836,-0.007950000465,3.196050167,8.93295002
14.25051236,0.6690000296,2.113950014,7.744950294
14.25303613,0.3289500177,4.483950138,9.553050041
14.25556013,-0.04095000029,4.70595026,8.899050713
14.25808413,0.004950000439,3.502050161,9.703050613
14.26060813,0.8910000324,2.128050089,9.310950279
14.26313206,0.6709500551,4.005000114,12.19095039
14.26565605,0.6180000305,4.285050392,9.756000519
14.26818005,1.360950112,2.856000185,8.224050522
14.27070405,1.576050043,4.38795042,7.618050575
14.27322782,0.8220000267,5.221050262,7.731000423
14.27575182,0.9990000725,3.574050188,8.971050262
14.27827585,1.423050046,2.620950222,9.568950653
14.28079985,0.5920500159,5.322000027,9.499950409
14.28332378,1.413000107,3.912000179,9.364050865
14.28584778,1.104000092,2.338950157,11.05095005
14.28837177,1.045050025,3.483000278,7.767000198
14.29089577,-0.2779500186,6.664950371,4.659000397
14.29341954,0.01305000018,4.699050426,7.33605051
14.29594354,0.8530500531,2.430000067,10.26900005
14.29846754,0.7290000319,4.450050354,9.12405014
14.30099146,0.5989500284,4.639050007,7.429050446
14.30351545,0.6450000405,2.509050131,10.87395096
14.30603945,0.7170000076,2.983050108,9.66795063
14.30856345,0.3859500289,5.305050373,5.113950253
14.31108724,-0.02505000122,5.413050175,5.166000366
14.31361124,0.8580000401,1.821000099,10.07895088
14.31613524,0.6229500175,3.274950266,9.763050079
14.31865924,-0.1750500053,5.829000473,7.321050167
14.32118317,1.345950007,3.033000231,10.67805004
14.32370717,0.6850500107,3.490050077,12.29595089
14.32623117,0.1680000126,4.417050362,7.024050236
14.32875517,0.1729500145,5.164050102,5.595000267
14.33127895,1.035000086,2.133000135,10.15800095
14.33380295,-0.2310000062,2.808000088,12.15000057
14.33632695,-0.7429500222,4.812000275,6.093000412
14.33885095,-0.3259500265,3.789000273,8.695950508
14.34137489,0.5490000248,2.956050158,12.27195072
14.34389889,-0.0270000007,3.142950058,8.230950356
14.34642288,-0.7620000243,5.355000019,4.71900034
14.34894666,-0.1420500129,4.402050018,6.033000469
14.35147067,0.7170000076,2.604000092,11.9640007
14.35399467,-0.7879500389,3.481050253,8.796000481
14.35651867,-1.036949992,4.390050411,6.517050266
14.3590426,-0.1440000087,2.070000172,11.35995007
14.3615666,-0.4600500166,2.002950191,12.31095028
14.3640906,-0.4699500203,3.160050154,7.288050175
14.3666146,-0.8890500665,4.015050411,5.020050049
14.36913837,-0.2539499998,2.269050121,9.931050301
14.37166238,-1.009050012,2.511000156,9.852000237
14.37418638,-1.734000087,4.522050381,6.459000111
14.37671038,-0.8719500303,3.952050209,9.703050613
14.3792343,-1.006049991,3.427950144,12.49005032
14.3817583,-1.255050063,4.050000191,8.803050041
14.3842823,-1.21905005,4.83795023,3.859050274
14.38680607,-0.6499500275,2.58795023,8.068050385
14.38933007,-1.296000004,1.714050055,12.30405045
14.39185407,-1.987950087,3.507000208,9.586050034
14.39437807,-1.792050123,4.369050026,7.482000351
14.396902,-0.0580500029,1.644000053,13.50105095
14.399426,-0.8910000324,1.849950075,10.84605026
14.40195,-1.70295012,3.211950064,6.522000313
14.404474,-0.7639500499,3.484950066,5.949000359
14.40699777,-0.04395000264,1.831050038,11.03895092
14.40952176,-1.315050006,3.483000278,10.36200047
14.41204576,-1.303050041,4.543950081,7.446000576
14.41456976,-1.353000045,3.262950182,10.66800022
14.41709369,-0.2020500153,1.831050038,10.77405071
14.41961768,-0.8719500303,3.001950026,8.748000145
14.42214168,-1.638000131,5.12100029,5.503950119
14.42466568,-1.549950123,3.610050201,8.851050377
14.42718944,-1.216950059,2.017950058,11.43705082
14.42971344,-1.047000051,2.638050079,10.11300087
14.43223744,-0.7020000219,2.140050173,11.2999506
14.43476133,-0.4459500313,2.110949993,11.91600037
14.43728533,-0.9540000558,2.676000118,9.538050652
14.43980933,-0.5730000138,3.196050167,6.735000134
14.44233333,-0.7789500356,2.30700016,9.628950119
14.4448571,-0.42900002,2.346000195,12.03105068
14.4473811,-1.126049995,4.43805027,8.98800087
14.4499051,-0.6690000296,3.627000093,8.593050003
14.4524291,0.2040000111,2.698050022,12.14595032
14.45495302,-0.06495000422,2.221050024,10.1029501
14.45747702,-1.096950054,4.237050056,6.385050297
14.46000102,-0.6090000272,2.869950056,6.403950214
14.46252502,-0.2400000095,1.477050066,12.40395069
14.46504883,-0.565950036,3.0160501,11.35305023
14.46757282,-0.8290500641,4.270950317,8.947050095
14.47009682,0.4030500054,2.851050138,10.89600086
14.47262075,-0.2140500098,2.611950159,12.2320509
14.47514475,-0.3790500164,4.113000393,7.357050419
14.47766875,-0.1900500059,4.354950428,5.005950451
14.48019275,0.0889500007,2.734050035,10.31400013
14.48271652,-0.4009500146,2.443950176,11.24295044
14.4852405,-1.023000002,3.943050146,7.324050426
14.4877645,0.106050007,2.48205018,9.973950386
14.4902885,0.9060000181,2.068050146,13.26105022
14.49281242,0.3910500109,2.877000093,9.450000763
14.49533642,0.1009500027,4.12005043,6.222000122
14.49786042,0.6640500426,2.956050158,7.113000393
14.50038442,0.6210000515,1.63500011,12.45900059
14.50290819,-0.1780500114,3.871050119,9.754050255
14.5054322,0.08700000495,4.977000237,6.832950115
14.5079562,1.308000088,2.734050035,10.1029501
14.5104802,0.3100500107,2.329050064,12.47400093
14.51300412,-0.1009500027,4.531949997,7.374000549
14.51552812,0.1920000017,4.534049988,5.715000153
14.51805212,0.337950021,3.066000223,10.16805077
14.52057589,-0.0889500007,3.268050194,10.82205009
14.52309989,-0.01695000008,4.872000217,6.976050377
14.52562392,0.1729500145,3.828000069,9.112050056
14.52814792,0.5680500269,2.836950064,11.88000011
14.53067184,0.4699500203,2.656950235,9.988050461
14.53319584,-0.1319999993,4.636950016,6.58395052
14.53571985,0.45600003,3.742050171,6.897000313
14.53824385,0.1319999993,2.395950079,11.24505043
14.54076762,-0.001050000079,3.853950262,9.607950211
14.54329162,0.3670500219,4.24695015,7.639950275
14.54581561,1.167000055,4.090950012,8.403000832
14.54833961,0.9730500579,3.679050207,11.25705051
14.55086353,-0.3169500232,5.218950272,7.165950298
14.55338753,0.8119500279,3.897000074,5.848950386
14.55591154,0.7789500356,3.675000191,10.47405052
14.55843531,0.433950007,3.049950123,12.2530508
14.5609593,-0.1319999993,4.615050316,8.494050026
14.5634833,0.514950037,3.552000284,8.548950195
14.5660073,0.810000062,3.0160501,12.64800072
14.56853123,0.4170000255,3.44505024,11.02695084
14.57105523,-0.1489500105,4.692000389,6.991050243
14.57357923,0.5059500337,4.407000065,6.040050507
14.57610323,0.6180000305,2.686050177,12.28005028
14.578627,0.1279500127,3.409050226,11.59995079
14.581151,0.4530000091,4.680000305,7.194000244
14.583675,0.8479500413,3.174000263,9.643950462
14.58619899,0.5350500345,3.414000273,13.31400108
14.58872291,-0.364950031,4.927050114,7.539000511
14.59124691,0.2639999986,5.209050179,4.759050369
14.59377091,0.8239500523,3.967050076,8.197950363
14.59629491,0.03405000269,2.662050009,12.36105061
14.59881868,-0.6660000086,4.126950264,8.028000832
14.60134268,0.4200000167,3.940050125,8.655000687
14.60386668,0.5629500151,3.484950066,12.22695065
14.6063907,0.118050009,3.994950294,10.45500088
14.60891463,-0.2880000174,5.329050064,5.392050266
14.61143863,0.5370000005,4.306950092,6.916950226
14.61396263,0.8749500513,2.713950157,12.08295059
14.6164864,-0.08400000632,3.754050255,9.840000153
14.6190104,-0.3220500052,4.792950153,6.184050083
14.6215344,0.5710500479,3.190950155,9.032999992
14.6240584,0.319050014,3.106950045,12.94995022
14.6265823,-0.5940000415,4.195950031,6.595950127
14.62910637,0.0270000007,4.525050163,4.266000271
14.6316303,0.7600500584,2.857950211,10.37400055
14.63415429,0.05295000225,2.476950169,12.74400043
14.63667807,-0.4219500124,4.531949997,7.363950253
14.63920206,0.1200000048,3.478050232,8.611950874
14.64172606,0.5970000029,2.853000164,13.30905056
14.64425006,-0.337950021,4.204050064,9.901950836
14.646774,-0.2380500138,5.011050224,4.908000469
14.649298,0.1399500072,4.407000065,5.782050133
14.651822,0.5509500504,2.671050072,12.74205017
14.654346,0.04395000264,4.477050304,9.406949997
14.65686977,0.6450000405,5.197050095,6.577050209
14.65939377,0.9870000482,2.899050236,11.63100052
14.66191773,0.364950031,2.758050203,13.44600105
14.66444166,-0.1110000089,4.812000275,6.838050365
14.66696565,0.05295000225,4.290000439,6.000000477
14.66948965,0.1350000054,3.457050085,12.15495014
14.67201364,-0.1800000072,4.19204998,11.14995098
14.67453742,-0.1080000028,5.427000046,5.688000202
14.67706141,0.9799500704,3.18900013,9.17400074
14.6795854,-0.003000000026,4.072050095,12.88500023
14.6821094,-0.2539499998,5.650050163,7.944000244
14.68463332,0.2470500171,5.535000324,4.879050255
14.68715732,0.7960500121,2.118000031,10.70700073
14.68968132,-0.02205000073,3.423000097,11.82195091
14.69220532,-0.5269500017,5.509050369,5.758050442
14.69472909,0.42900002,3.708000183,8.583000183
14.69725309,-0.1750500053,2.827050209,14.52300072
14.69977708,-0.1230000034,3.174000263,10.04595089
14.70230108,0.6499500275,3.811050177,5.703000069
14.704825,0.9180000424,2.698050022,9.85695076
14.707349,-0.7360500097,3.744000196,13.17300034
14.70987301,-0.6610500216,4.813950062,6.888000488
14.71239679,0.2760000229,4.18200016,7.039050102
14.71492101,1.747950077,2.4150002,12.98595047
14.71744479,0.1009500027,3.235950232,11.72700024
14.71996878,0.04905000329,4.024050236,5.596950054
14.7224927,0.6540000439,2.073000193,7.501050472
14.7250167,0.7330500484,2.418000221,13.93395042
14.7275407,-0.01005000062,3.913950205,9.610050201
14.73006471,0.7690500617,3.837000132,7.443000317
14.73258848,1.387050033,1.551000118,13.31895065
14.73511248,0.2740500271,3.202950239,12.53595066
14.73763648,0.6499500275,3.931050301,5.491950035
14.74016048,1.132950068,1.741950035,6.916950226
14.74268448,0.07500000298,1.917000055,12.70305061
14.74520841,-0.6930000186,3.351000071,10.98195076
14.74773241,-0.1440000087,4.471950054,6.5239501
14.75025641,1.780050039,2.65500021,9.355950356
14.75278018,0.6469500065,3.315000057,14.23095036
14.75530418,-0.8149500489,3.997950077,7.527000427
14.75782817,0.3019500077,3.943050146,4.565999985
14.7603521,1.08795011,2.69505024,8.836950302
14.7628761,0.1279500127,2.968050241,11.96100044
14.76540017,-0.1680000126,3.366000175,6.933000565
14.76792409,-0.007950000465,2.551950216,8.716950417
14.77044786,0.748050034,1.122000098,12.85200024
14.77297187,-0.45600003,2.451000214,11.1060009
14.77549587,-0.4770000279,2.50605011,6.760950089
14.77801987,-0.4150500298,3.162000179,5.830050468
14.7805438,-0.5539500117,4.489050388,9.304050446
14.78306778,-1.288950086,4.357050419,8.794050217
14.78559178,-0.8670000434,4.291950226,7.198950291
14.78811578,-0.5610000491,3.859050274,7.876950264
14.79063955,-1.309950113,3.883050203,12.20805073
14.79316378,-1.786950111,3.505050182,9.895050049
14.79568755,-0.9919500351,2.611950159,7.711950302
14.79821155,-0.6540000439,2.961000204,7.888950348
14.80073547,-1.228950024,2.821950197,9.756000519
14.80325948,-1.272000074,3.133050203,8.614050865
14.80578348,-1.417950034,4.345050335,7.458000183
14.80830748,-1.15200007,5.116050243,9.613050461
14.81083125,-0.4699500203,3.457050085,11.73105049
14.81335526,-0.2400000095,2.209050179,8.86095047
14.81587926,-0.5680500269,2.884050131,6.145950317
14.81840326,-1.5160501,4.24695015,10.61295033
14.82092718,-2.212949991,4.134000301,10.18500042
14.82345117,-1.393950105,3.319950104,8.704950333
14.82597517,-1.258050084,4.038000107,7.909950256
14.82849917,-0.5250000358,3.859050274,11.10195065
14.83102294,-1.70295012,3.142950058,10.52895069
14.83354696,-1.279050112,2.34795022,8.032050133
14.83607096,-1.564050078,4.108050346,6.921000481
14.83859496,-1.116000056,3.222000122,9.172050476
14.84111888,-1.686000109,3.085950136,10.21800041
14.84364288,-1.650000095,3.817950249,7.825950146
14.84616688,-1.863000035,5.554050446,8.028000832
14.84869063,-0.6900000572,3.853950262,9.957000732
14.85121486,-1.345950007,2.710050106,9.768000603
14.85373863,-1.957050085,3.246000051,6.571950436
14.85626263,-2.365950108,3.871050119,7.90500021
14.85878654,-1.855950117,3.025950193,9.487950325
14.86131054,-1.741050124,3.141000032,9.157950401
14.86383454,-2.254050016,5.980050087,8.314949989
14.86635854,-1.930050135,5.482050419,8.383950233
14.86888231,-1.602000117,3.021000147,11.65005016
14.8714063,-1.023000002,1.864950061,9.325050354
14.8739303,-1.91595006,4.483950138,7.443000317
14.87645423,-2.359050035,4.528950214,7.984050274
14.8789783,-2.0239501,3.217050076,10.9249506
14.88150223,-1.036949992,3.622050285,8.470050812
14.88402623,-1.954050064,5.395950317,7.474050522
14.88655,-1.602000117,5.05395031,8.674050331
14.889074,-1.363050103,2.068050146,10.63695049
14.891598,-1.477950096,3.949950218,8.368050575
14.894122,-1.978050113,4.507950306,6.354000092
14.8966459,-1.561950088,2.932050228,8.098950386
14.8991699,-1.899000049,1.768950105,11.770051
14.9016939,-2.206050158,5.05095005,9.094950676
14.9042179,-1.636050105,5.913000107,7.57695055
14.9067419,-1.024950027,2.784000158,10.74495029
14.90926567,-0.7879500389,1.873950124,9.880950928
14.91178966,-1.332000017,4.302000046,6.8539505
14.91431367,-1.971000075,4.711050034,7.438950539
14.91683758,-1.746000051,1.504950047,10.37400055
14.91936158,-1.555050015,3.069000244,10.09095001
14.92188558,-2.06400013,6.361050129,7.810050488
14.92440958,-1.309950113,4.939050198,8.845950127
14.92693335,-0.9460500479,1.072050095,11.33400059
14.92945735,-1.207050085,2.904000044,9.070950508
14.93198135,-2.086050034,4.422000408,6.088050365
14.93450528,-2.184000015,3.25605011,8.395950317
14.93702925,-1.626000047,1.474050045,11.15205097
14.93955325,-2.361000061,3.864000082,9.273000717
14.94207725,-2.313000202,5.679000378,8.101950645
14.94460102,-1.291050076,2.680950165,11.58495045
14.94712502,-1.32705009,2.142000198,9.961950302
14.94964902,-2.620050192,4.489050388,7.419000149
14.95217302,-3.067950249,4.455000401,7.446000576
14.95469694,-3.010050058,1.6489501,10.34505081
14.95722102,-2.779950142,3.280050039,9.960000038
14.95974494,-3.819000244,5.463000298,8.844000816
14.96226894,-3.063000202,4.31400013,9.771000862
14.96479292,-1.735950112,1.004999995,10.73805046
14.96731669,-2.658000231,3.343950272,9.598050117
14.96984069,-3.702000141,5.202000141,7.33605051
14.97236469,-3.40500021,2.389050007,9.058950424
14.97488861,-3.319050074,2.202000141,11.59500027
14.97741261,-3.625950098,5.008050442,9.064050674
14.97993661,-4.035000324,5.69505024,7.429050446
14.98246038,-2.785050154,1.618050098,10.90305042
14.98498438,-2.443050146,2.511000156,10.27305031
14.98750838,-4.327050209,5.845950127,8.683950424
14.99003238,-3.693000078,3.970950127,7.105950356
14.99255638,-1.990050077,0.03495000303,9.936000824
14.9950803,-2.70600009,2.305050135,11.2999506
14.9976043,-3.159000158,5.90805006,8.3770504
15.0001283,-2.05005002,4.048050404,8.854050636
15.0026523,-1.236000061,1.470000029,10.42200089
15.00517608,-2.026050091,4.231950283,9.217050552
15.00770007,-2.931000233,5.563950062,7.005000114
15.01022408,-1.714950085,2.544000149,9.040050507
15.01274801,-1.762950063,2.422049999,10.3549509
15.01527208,-2.554950237,4.347000122,10.68300056
15.01779601,-1.834950089,4.945950031,9.592950821
15.02032002,-0.8170500398,1.750050068,10.38300037
15.02284379,-1.106999993,3.271950245,9.201000214
15.02536778,-1.861050129,5.440950394,8.44904995
15.02789178,-2.581950188,3.315000057,8.533050537
15.0304158,-0.5940000415,1.101000071,9.343950272
15.03293973,-0.7380000353,3.64800024,11.75295067
15.03546373,-1.102050066,5.620950222,9.98595047
15.03798773,-0.6540000439,3.706050158,9.009000778
15.04051149,0.1800000072,1.771050096,8.206950188
15.04303572,-0.7759500146,4.750050068,10.76400089
15.04555949,-1.140000105,4.881000042,9.562050819
15.04808349,-0.2620500028,2.437050104,9.12405014
15.05060749,0.295050025,2.913000107,10.53405094
15.05313141,-0.4890000224,4.567950249,11.60700035
15.05565543,0.2209500074,5.221050262,7.7760005
15.05817943,1.564050078,1.804950118,7.315950394
15.0607032,0.7330500484,4.801950455,9.126000404
15.0632272,-0.6210000515,5.43900013,8.563950539
15.06575119,0.538950026,3.169050217,8.379000664
15.06827519,1.602000117,1.584000111,8.935050011
15.07079912,0.3840000033,3.804000139,11.55195045
15.0733232,-0.2040000111,5.659050465,9.523950577
15.07584712,1.119000077,3.021000147,8.976000786
15.07837112,2.263050079,3.897000074,7.672950268
15.08089489,0.5590500236,4.000050068,9.793950081
15.08341889,-0.6349500418,3.687000275,9.747000694
15.08594289,0.7410000563,3.177000046,8.442000389
15.08846689,0.2569500208,4.366050243,10.92900085
15.09099082,0.2380500138,5.262000084,9.498000145
15.09351479,0.6949500442,3.39195013,9.43500042
15.09603879,1.348950028,3.358950138,7.467000484
15.09856279,0.1039500013,4.342950344,10.46700096
15.10108679,0.2040000111,4.222949982,8.992050171
15.10361057,1.416000009,2.662050009,8.422950745
15.10613457,0.007950000465,4.048050404,9.883050919
15.10865849,-0.1230000034,4.855050087,10.01505089
15.11118249,1.495050073,3.706050158,8.554050446
15.11370649,1.521000028,2.34795022,7.941000462
15.11623048,0.6930000186,4.807050228,8.023050308
15.11875426,0.2539499998,4.819050312,8.434950829
15.12127849,1.533000112,2.96295023,8.217000008
15.12380229,1.801050067,4.321050167,9.636000633
15.12632628,1.392000079,4.671000004,9.780000687
15.12885028,1.528050065,3.921000242,9.688950539
15.13137421,2.578950167,1.612950087,8.386950493
15.13389823,2.22300005,3.519000053,9.418950081
15.13642223,1.926000118,4.069950104,9.164999962
15.13894623,1.428000093,2.761950016,9.687000275
15.14147,1.818000078,4.129050255,8.557050705
15.14399399,1.116000056,5.038950443,9.181950569
15.14651799,1.96905005,5.170950413,9.273000717
15.14904191,2.977050066,2.218950033,9.129000664
15.15156599,2.692050219,3.624000072,8.146950722
15.1540899,1.738950133,4.168050289,8.379000664
15.15661367,2.248950005,1.972050071,10.98195076
15.15913767,2.242050171,3.466050148,9.723000526
15.16166167,1.420050025,5.452950478,7.513050556
15.1641857,2.275050163,4.845000267,9.568950653
15.1667097,3.321000099,2.038950205,9.973950386
15.16923363,3.132000208,3.676950216,8.587950706
15.17175763,2.251049995,4.785000324,6.282000065
15.17428162,2.572050095,3.514050245,7.771050453
15.17680539,2.529000044,2.205000162,9.823050499
15.17932962,1.789050102,4.594050407,8.218950272
15.18185339,2.590950012,5.05395031,7.968000412
15.1843774,3.490950108,2.386050224,10.83795071
15.1869014,3.477000237,2.743050098,10.06005001
15.1894254,2.946000099,3.873000145,7.044000149
15.19194933,3.127950191,3.852000237,6.981000423
15.19447333,3.670950174,2.34795022,9.265050888
15.1969971,2.761050224,4.180050373,9.409049988
15.1995211,2.146050215,6.049950123,7.39800024
15.2020451,3.331050158,2.724000216,10.3380003
15.20456911,3.714000225,1.318950057,11.7510004
15.20709304,3.015000105,3.0160501,9.253050804
15.20961711,1.927950144,5.700000286,5.584950447
15.21214104,3.019950151,4.126950264,8.628000259
15.21466503,2.353950024,3.829950094,10.25700092
15.21718881,2.167050123,4.893000126,7.527000427
15.2197128,2.902050257,3.208050251,8.226000786
15.2222368,2.020950079,1.671000123,12.35400105
15.2247608,1.567050099,2.427000046,10.45305061
15.22728473,1.423050046,4.879050255,5.686050415
15.22980873,1.585950017,3.706050158,8.32005024
15.23233273,2.163000107,2.137050152,11.23800087
15.23485674,1.357950091,3.675000191,8.017950058
15.23738074,1.345950007,5.680950165,6.34005022
15.23990451,2.488050222,2.599950075,10.55295086
15.24242851,1.186050057,2.640000105,12.76095104
15.24495245,0.5680500269,4.522050381,7.354950428
15.24747645,0.5730000138,4.564949989,5.872950077
15.25000045,0.697050035,2.535000086,11.1060009
15.25252445,0.3859500289,2.785950184,10.15605068
15.25504824,-0.1900500059,4.990950108,7.101000309
15.25757247,0.6810000539,3.052050114,9.280050278
15.26009624,0.4150500298,2.868000031,12.43005085
15.26262024,0.1680000126,3.220050097,9.012000084
15.26514423,-0.1080000028,4.860000134,4.917000294
15.26766815,0.001050000079,3.576000214,8.446949959
15.27019215,-0.7620000243,3.403950214,11.27205086
15.27271616,-0.6850500107,4.788000107,7.288050175
15.27524016,0.001050000079,3.789000273,7.951050282
15.27776393,-0.0390000008,1.321050048,12.45900059
15.28028793,-0.7960500121,2.188050032,11.33205032
15.28281184,-1.249950051,4.836000443,6.828000546
15.28533592,-1.021050096,5.092050076,6.820950508
15.28785984,-0.1440000087,2.595000029,11.18100071
15.29038382,-0.8269500136,3.315000057,9.141000748
15.2929076,-0.7930500507,4.785000324,8.089950562
15.29543159,0.1469999999,2.737950087,10.48395061
15.2979556,-0.1630500108,2.680950165,12.62895107
15.3004796,-0.7600500584,3.471000195,8.269050598
15.3030036,-0.5179499984,4.149000168,7.168050289
15.30552751,0.01305000018,2.599950075,10.78800011
15.30805151,-0.2980500162,3.061950207,9.164999962
15.31057551,-0.2880000174,4.993950367,7.060050488
15.31309928,1.180950046,3.289050102,9.43500042
15.31562351,0.1420500129,2.515950203,13.33500099
15.31814728,-0.1950000077,2.857950211,8.824950218
15.32067128,-0.2310000062,4.311000347,6.12195015
15.32319528,0.3259500265,2.515950203,9.514050484
15.3257192,-0.5509500504,3.363000154,11.04195023
15.32824317,-0.2140500098,4.065000057,6.844950199
15.33076717,-0.5610000491,2.947050095,8.119050026
15.33329094,-0.1969500035,2.116050005,13.21305084
15.33581492,-0.6589500308,2.832000017,9.792000771
15.33833892,-0.8700000644,4.678050041,5.940000057
15.34086284,-1.009050012,4.354950428,7.917000294
15.34338692,-0.7810500264,3.394050121,11.71200085
15.34591084,-0.5629500151,3.567000151,8.611950874
15.34843483,-0.8770500422,4.18200016,6.919050217
15.35095883,-0.6300000548,1.363950014,11.87505054
15.35348283,-1.339050055,1.884000063,13.20600033
15.3560066,-1.519050121,2.54700017,8.323950768
15.35853059,-1.543050051,3.7660501,7.333050251
15.36105459,-1.465950012,2.899050236,11.29605007
15.36357852,-1.681050062,3.727050066,9.361050606
15.36610252,-1.024950027,4.435950279,7.218000412
15.36862649,-0.7570500374,2.746050119,9.301050186
15.37115049,-0.4390500188,2.374950171,13.33305073
15.37367449,-1.444050074,2.929950237,9.378000259
15.37619826,-1.854000092,4.113000393,6.79695034
15.37872226,-1.363050103,2.215950012,10.15395069
15.38124619,-1.392000079,2.748000145,12.39900017
15.38377019,-1.106999993,4.339950085,7.57695055
15.38629419,-1.21905005,3.178950071,8.242950439
15.38881818,-1.018050075,1.888050079,13.12995052
15.39134195,-1.071000099,2.379000187,9.933000565
15.39386618,-1.954050064,4.18500042,6.277050495
15.39638995,-2.008949995,3.481050253,7.282950401
15.39891394,-1.975950122,2.350950003,11.22405052
15.40143794,-1.075950027,2.499000072,8.509050369
15.40396194,-2.124000072,4.594050407,8.640000343
15.40648585,-0.8989500403,2.728950024,10.13700008
15.40900962,-1.543050051,2.169000149,11.88900089
15.41153385,-1.978050113,3.250950098,7.86495018
15.41405762,-1.633950114,4.285050392,6.106950283
15.41658162,-1.399050117,3.873000145,9.568950653
15.41910555,-0.8670000434,3.049950123,10.56495094
15.42162962,-1.159050107,3.684000254,7.6039505
15.42415355,-0.7090500593,2.206950188,9.687000275
15.42667754,-0.3960000277,2.260050058,13.80195045
15.42920133,-0.8220000267,3.238950253,8.253000259
15.43172533,-1.447050095,4.141050339,5.947050095
15.43424933,-0.9850500226,3.387000084,8.379000664
15.43677333,-0.8580000401,3.001950026,9.397050858
15.43929732,-0.3430500031,4.489050388,8.772000313
15.44182125,-0.2040000111,5.152050018,7.257000446
15.44434525,0.3430500031,2.317050219,10.59405041
15.44686926,0.4459500313,1.764000058,12.2530508
15.44939326,-0.2190000117,3.007050037,8.122950554
15.45191726,-0.166050002,4.917000294,6.226950169
15.45444104,-0.1990500093,3.217050076,9.529050827
15.45696504,-0.7549500465,3.49695015,10.98705006
15.45948904,-0.6930000186,4.699050426,8.314949989
15.46201304,0.3769500256,4.090950012,8.722050667
15.46453695,0.4680000246,2.944050074,11.98305035
15.46706094,0.2809500098,2.512950182,10.58205032
15.46958472,-0.8430000544,4.012050152,6.748950481
15.47210873,-0.4390500188,3.775050163,7.647000313
15.47463273,-0.1039500013,3.18900013,11.15895081
15.47715665,0.4200000167,3.991050243,10.0890007
15.47968073,0.6660000086,4.350000381,7.000050545
15.48220465,0.9870000482,3.709950209,9.640950203
15.48472865,0.886950016,2.959050179,11.1379509
15.48725265,0.228000015,3.382050276,7.494000435
15.48977665,0.1639500111,3.214950085,6.390000343
15.49230042,0.2089500129,2.323950052,11.14005089
15.49482441,-0.3430500031,3.001950026,12.03300095
15.49734834,-0.319050014,5.269050121,7.395000458
15.49987234,0.8119500279,3.475950241,8.640000343
15.50239634,0.8239500523,3.193050146,11.56095028
15.50492034,0.2880000174,3.298950195,10.01205063
15.50744434,0.09900000691,4.630050182,6.298950195
15.50996835,-0.1540500075,4.141050339,9.028050423
15.51249212,0.166050002,2.197050095,10.08405018
15.51501612,0.2639999986,3.865950108,10.13700008
15.51754012,-0.3259500265,4.194000244,8.202000618
15.52006404,0.9630000591,3.303000212,9.483000755
15.52258804,1.432050109,1.933950067,11.71905041
15.52511204,0.337950021,3.796950102,8.820000648
15.52763582,0.4650000334,3.499950171,5.535000324
15.53016004,0.6330000162,3.112050056,10.59195042
15.53268382,0.6760500073,2.932050228,11.86800098
15.53520786,0.862950027,4.909950256,6.58395052
15.53773186,1.291050076,3.873000145,7.410000324
15.54025578,1.846950054,2.749950171,12.41400051
15.54277978,1.633950114,3.469050169,10.10100079
15.54530376,1.40805006,4.759050369,5.674050331
15.54782776,0.83100003,3.544950247,8.257050514
15.55035153,0.7999500632,2.844000101,12.04500103
15.55287553,0.8959500194,4.507950306,8.557050705
15.55539947,0.5560500026,4.572000027,6.556950092
15.55792355,1.270050049,2.406000137,9.948000908
15.56044747,0.8670000434,2.379000187,12.74700069
15.56297147,0.0889500007,4.443000317,7.738050461
15.56549547,0.3570000231,4.090950012,7.405050278
15.56801947,0.4510500133,2.704950094,11.3550005
15.57054324,-0.2350500077,3.133050203,10.68300056
15.57306724,-0.5490000248,4.555950165,6.708000183
15.57559124,0.2620500028,3.327000141,9.532950401
15.57811517,-0.5749500394,3.045000076,10.78305054
15.58063917,0.1110000089,3.499950171,10.15605068
15.58316317,-0.3450000286,4.213050365,6.403950214
15.58568717,-0.1729500145,3.600000143,8.494050026
15.58821117,-0.1319999993,2.96295023,11.58795071
15.59073495,-0.6540000439,3.868050098,9.007050514
15.59325894,-0.7740000486,3.421050072,7.51995039
15.59578294,-0.433950007,1.905000091,11.59995079
15.59830688,-0.3049500287,3.129000187,12.04500103
15.60083088,-0.3480000198,4.884000301,7.486050129
15.60335488,-0.3220500052,4.144050121,5.953950405
15.60587866,-0.1990500093,2.700000048,10.77600098
15.60840266,-1.207050085,3.406050205,10.76205063
15.61092666,-1.063950062,4.456950188,7.285050392
15.61345066,-0.06105000153,1.680000067,10.00500011
15.61597466,-0.2639999986,1.752000093,12.30405045
15.61849858,-0.5130000114,3.60495019,10.11795044
15.62102256,-0.4650000334,4.675050259,5.799000263
15.62354656,-0.2740500271,3.294000149,10.3380003
15.62607056,-1.000950098,3.568950176,10.8070507
15.62859434,-1.143000007,4.299000263,8.338950157
15.63111832,-0.3259500265,3.061950207,9.652950287
15.63364232,-0.4939500093,2.560950041,11.14005089
15.63616632,-0.4360500276,3.186000109,10.20105076
15.63869025,-1.228950024,3.957000256,8.142000198
15.64121426,-0.7690500617,2.518050194,9.100049973
15.64373826,-1.027950048,4.102950096,10.3879509
15.64626226,-0.9559500217,4.18200016,10.21305084
15.64878603,-1.054050088,4.258950233,8.700000763
15.65131003,-0.1680000126,2.274000168,9.835050583
15.65383403,-0.3769500256,3.69900012,11.13300037
15.65635803,-1.116000056,4.444950104,9.72495079
15.65888196,-0.7450500131,3.760950089,7.257000446
15.66140595,-0.2659500241,1.276050091,9.744000435
15.66392975,-0.5130000114,2.221050024,11.74305058
15.66645398,-1.075950027,4.819050312,9.454050064
15.66897775,-0.3259500265,3.550050259,8.571000099
15.67150175,-0.2209500074,2.650050163,9.984000206
15.67402576,0.03705000132,3.169050217,11.50605011
15.67654976,-1.084950089,5.073000431,7.752000332
15.67907368,-0.748050034,4.414050102,5.863050461
15.68159766,-0.3289500177,3.343950272,8.968050003
15.68412166,-1.389000058,3.744000196,11.96595097
15.68664566,-1.071000099,4.603950024,7.984050274
15.68916942,-0.5629500151,3.037950039,7.471950531
15.69169334,0.4129500091,1.383000016,11.08005047
15.69421742,-0.7309500575,2.30700016,11.82000065
15.69674134,-1.231050014,4.240050316,6.361050129
15.69926534,-0.5470499992,5.026950359,6.012000084
15.70178934,-0.1950000077,3.370050192,8.008049965
15.70431334,0.5080500245,3.303000212,9.499950409
15.70683709,-0.118050009,4.620000362,6.091050148
15.70936109,0.514950037,3.439950228,7.527000427
15.71188509,1.207050085,3.076050043,11.770051
15.71440901,0.3550500274,3.751050234,10.57005024
15.71693303,0.538950026,4.651050091,5.242950439
15.71945702,0.9460500479,4.6489501,7.245000362
15.72198103,0.7020000219,3.262950182,10.16295052
15.72450503,0.1710000038,3.346950054,10.43895054
15.7270288,0.433950007,3.708000183,7.471950531
15.7295528,0.8509500623,2.707050085,10.75500011
15.7320768,0.4890000224,2.640000105,12.03795052
15.7346008,-0.08205000311,3.919050217,9.510000229
15.73712473,-0.001050000079,4.855050087,6.036000252
15.73964872,0.2740500271,4.456950188,8.710050583
15.74217249,1.03305006,2.911050081,10.81200027
15.74469672,-0.003000000026,2.832000017,10.62795067
15.74722047,-0.4800000191,3.73905015,7.965000153
15.74974447,0.01995000057,2.899050236,10.57995033
15.75226847,0.5130000114,2.901000023,11.64495087
15.75479247,-0.7189500332,3.801000118,7.965000153
15.75731639,-0.3690000176,5.551950455,5.868000507
15.75984039,0.06495000422,4.584000111,7.936950207
15.76236439,1.012950063,3.355950117,11.29305077
15.76488816,0.1399500072,4.027050018,8.253000259
15.76741215,-0.06495000422,4.321050167,8.521050453
15.76993615,0.4840500355,2.262000084,11.99505043
15.77246014,-0.2089500129,2.311950207,12.32805061
15.77498407,-0.5680500269,4.270950317,6.543000221
15.77750806,-0.8700000644,5.406000137,5.73900032
15.78003208,-0.4459500313,4.302000046,9.411000252
15.78255608,0.6139500141,3.198000193,9.780000687
15.78507985,-0.01305000018,4.515000343,6.817950249
15.78760385,0.07995000482,3.366000175,10.21605015
15.79012785,0.4920000136,2.50605011,11.04195023
15.79265185,-0.1080000028,2.488950014,10.12995052
15.79517578,-0.3529500067,5.134950161,5.499000072
15.79769977,-0.5010000467,5.370000362,5.3770504
15.8002238,0.0390000008,3.282000065,10.31205082
15.8027478,0.01305000018,2.65500021,8.98995018
15.80527157,-0.04605000094,5.382000446,7.075050354
15.80779557,-0.08700000495,2.940000057,9.943050385
15.81031956,-0.1750500053,1.422000051,12.31800079
15.81284356,-1.051950097,2.69295001,7.57695055
15.81536749,-1.75605011,5.743050098,5.631000042
15.81789148,-1.15200007,4.855050087,7.46505022
15.8204155,-0.4920000136,2.65500021,10.92195034
15.8229395,-0.7960500121,2.911050081,8.631000519
15.82546327,-1.083000064,3.675000191,8.587950706
15.82798726,-0.6589500308,2.401050091,11.41095066
15.83051125,-0.2470500171,1.812000036,11.69100094
15.83303526,-1.72905004,4.31400013,7.233000278
15.83555918,-1.744050026,5.274000168,5.298000336
15.83808318,-0.6259500384,3.0160501,9.574050903
15.84060719,-0.6139500141,2.632950068,11.81805038
15.84313096,-0.5370000005,4.194000244,7.186950207
15.84565496,-0.6300000548,3.361050129,9.208050728
15.84817897,-0.184950009,1.789950132,13.78095055
15.85070297,-0.7309500575,2.355000019,10.32795048
15.85322689,-1.312950015,5.133000374,6.048000336
15.85575089,-0.6420000196,4.845000267,6.546000481
15.85827488,-0.4939500093,2.544000149,10.98900032
15.86079889,-0.5080500245,2.703000069,10.51305008
15.86332266,-0.106050007,4.723050117,7.221000195
15.86584665,-0.1249500066,4.150950432,10.09395027
15.86837065,0.1489500105,2.284050226,11.98305035
15.87089465,-0.8239500523,3.277050257,6.724950314
15.87341858,-1.138050079,4.410000324,6.859050274
15.87594258,-1.083000064,4.126950264,10.86495018
15.87846635,-0.5080500245,2.473050117,10.78095055
15.88099058,-0.5610000491,3.085950136,7.816950321
15.88351432,-0.6330000162,2.620950222,11.01600075
15.88603831,-0.7360500097,2.728950024,11.41995049
15.88856231,-1.21905005,2.7739501,9.100049973
15.89108631,-1.375050068,4.16505003,6.783000469
15.89361024,-1.102050066,5.086950302,6.607950211
15.89613424,-0.6760500073,3.226950169,10.33095074
15.89865824,-0.7330500484,1.780950069,10.57500076
15.90118224,-0.7050000429,2.767050028,8.572950363
15.90370603,-1.344000101,3.343950272,11.93505096
15.90623003,-0.5250000358,2.896050215,10.36395073
15.90875403,-1.657050133,2.829000235,7.917000294
15.91127803,-1.453950047,3.05700016,7.726050377
15.91380197,-1.624050021,4.495950222,9.342000008
15.91632597,-1.329000115,3.25605011,9.648000717
15.91884997,-0.9820500612,2.170950174,9.547950745
15.92137397,-0.2230500132,2.72205019,11.4079504
15.92389774,-1.471050024,3.49695015,11.63100052
15.92642174,-0.9010500312,2.401050091,8.499000549
15.92894574,-1.429950118,2.755050182,7.429050446
15.93146966,-1.324950099,4.663050175,8.655000687
15.93399366,-1.471050024,4.939050198,9.592950821
15.93651766,-0.8719500303,2.803050041,10.24200058
15.93904166,-0.6330000162,1.819050074,10.6990509
15.94156544,-0.5610000491,2.812950134,12.25605011
15.94408944,-1.224000096,4.122000217,9.544950485
15.94661344,-0.8290500641,2.704950094,8.236050606
15.94913744,-0.834000051,3.20505023,8.700000763
15.95166136,-1.375050068,4.243950367,12.08805084
15.95418536,-0.7860000134,5.518050194,9.238950729
15.95670936,0.07304999977,2.761950016,8.491950035
15.95923334,-0.09900000691,2.620950222,11.82000065
15.96175711,-0.9390000701,3.856950283,11.27595043
15.96428111,-0.6610500216,3.69900012,7.165950298
15.96680511,-0.3810000122,2.746050119,7.210950375
15.96932911,-0.4650000334,3.390000105,9.631950378
15.97185304,-0.6690000296,5.149050236,10.22100067
15.97437704,-0.04095000029,4.456950188,8.690999985
15.97690104,1.006049991,2.077950001,9.43500042
15.97942504,0.6330000162,2.07494998,12.24405098
15.98194881,-0.1469999999,4.410000324,10.19895077
15.9844728,-0.09405000508,3.663000107,7.111050129
15.9869968,-0.1560000032,4.029000282,7.855050564
15.9895208,0.2400000095,3.39195013,10.39305019
15.99204472,0.04395000264,5.467950344,9.969000816
15.99456871,-0.0580500029,3.964050293,8.190000534
15.99709271,0.3889500201,2.491950035,10.56795025
15.99961671,0.06795000285,2.700000048,12.05700016
16.00214048,-0.03405000269,3.837000132,9.768000603
16.00466448,0.1540500075,3.663000107,6.604950428
16.00718848,-0.001050000079,4.157999992,8.690999985
16.00971248,0.1800000072,4.278000355,9.979050636
16.0122364,-0.01695000008,4.096050262,9.904950142
16.0147604,1.006049991,2.812950134,8.278950691
16.0172844,0.2929500043,2.995050192,11.52495098
16.01980841,0.0580500029,4.285050392,10.54905033
16.0223322,0.1399500072,3.555000067,8.533050537
16.02485619,0.6019500494,4.93200016,6.880950451
16.02738019,0.8719500303,4.338000298,7.872000217
16.02990411,0.7720500231,4.423950195,9.8539505
16.03242811,0.2209500074,3.291000128,9.304050446
16.03495211,1.051950097,3.334950209,9.402000427
16.03747611,0.7020000219,2.30700016,11.01600075
16.03999987,0.5560500026,2.925000191,10.81395054
16.04252387,0.7290000319,2.84100008,7.867050171
16.04504787,0.5299500227,5.001000404,7.366950512
16.04757187,1.03305006,4.134000301,8.913000107
16.0500958,0.6349500418,3.643050194,10.9480505
16.05261979,0.9490500689,2.983050108,8.314949989
16.05514379,0.5230500102,3.71295023,9.423000336
16.0576678,0.6090000272,2.691000223,10.08705044
16.06019158,0.3450000286,1.966950059,10.86000061
16.06271557,0.1780500114,3.970950127,7.767000198
16.06523957,0.1230000034,4.872000217,6.59100008
16.06776357,0.9940500259,4.789950371,10.17000008
16.07028747,1.135950089,2.965950251,10.21605015
16.07281147,1.119000077,3.235950232,7.855050564
16.07533547,0.8029500246,3.28395009,9.652950287
16.07785944,0.3139500022,3.223950148,11.76000023
16.08038321,0.8989500403,3.082950115,9.747000694
16.08290721,0.6019500494,4.908000469,7.054950237
16.0854312,1.023000002,5.283000469,5.892000198
16.0879552,1.911000133,3.703050137,10.27800083
16.09047913,1.83705008,2.395950079,9.880950928
16.09300311,1.168950081,3.823050261,7.848000526
16.09552711,0.9370500445,3.375000238,9.544950485
16.09805111,1.62195003,2.422049999,12.13800049
16.10057489,1.404000044,2.937000036,8.775000572
16.10309888,0.810000062,4.636950016,6.093000412
16.10562289,1.162050009,5.158950329,5.145000458
16.10814688,1.480050087,2.749950171,9.748950005
16.11067081,1.534950018,2.515950203,9.949950218
16.11319481,1.249950051,4.873950005,7.372050285
16.11571881,1.753050089,3.555000067,9.430950165
16.11824281,1.588050127,2.25,13.55295086
16.12076659,1.567050099,3.555000067,8.470050812
16.12329059,1.092000008,5.379000187,5.164050102
16.12581459,1.5160501,5.218950272,7.261050224
16.12833859,2.208000183,2.626050234,10.0360508
16.13086251,1.243050098,2.952000141,8.509050369
16.13338651,1.138050079,3.865950108,7.414950371
16.13591051,1.26000011,2.691000223,10.82205009
16.13843428,1.489950061,1.86195004,12.13095093
16.14095828,1.035000086,3.129000187,7.707000256
16.14348228,1.000950098,4.279950142,4.917000294
16.14600627,0.8820000291,4.417050362,7.522050381
16.1485302,1.903950095,2.652000189,9.322950363
16.15105419,1.096950054,3.615000248,7.543950558
16.15357819,0.7330500484,5.181000233,7.132050514
16.15610221,1.272000074,2.80095005,9.835050583
16.15862598,0.810000062,1.792950034,11.35800076
16.16114999,0.2260500044,3.025950193,8.266950607
16.16367399,0.2260500044,4.299000263,6.190950394
16.16619799,1.018050075,3.655050278,8.968050003
16.16872192,1.174050093,2.130000114,9.964050293
16.17124591,1.015950084,2.865000248,7.834050179
16.17376991,0.724050045,4.660950184,9.142950058
16.1762939,1.96905005,2.499000072,10.84800053
16.17881768,0.8410500288,2.454000235,11.45595074
16.18134167,0.03705000132,3.214950085,8.128050804
16.18386567,0.2740500271,4.015050411,5.985000134
16.18638969,0.8509500623,3.109950066,7.71900034
16.18891361,0.6829500198,2.269050121,10.38600063
16.19143761,0.2470500171,3.274950266,8.635950089
16.19396161,0.01695000008,4.450050354,8.631000519
16.19648561,0.9319500327,2.880000114,11.59695053
16.19900938,0.4939500093,2.473050117,11.79600048
16.20153338,0.319050014,3.56400013,7.834050179
16.20405738,-0.04905000329,4.399950027,8.545050621
16.20658139,-0.08700000495,3.769950151,10.77105045
16.20910532,1.249950051,2.242950201,9.261000633
16.21162931,0.6780000329,3.433050156,8.884950638
16.21415331,0.2209500074,4.146000385,9.778050423
16.2166773,0.9180000424,3.426000118,10.08705044
16.21920108,0.3889500201,1.927050114,9.280050278
16.22172507,-0.1039500013,3.373050213,7.575000286
16.22424907,0.1950000077,3.754050255,8.764950752
16.22677307,0.4939500093,2.512950182,11.04900074
16.229297,1.521000028,2.23995018,9.289050102
16.231821,0.9180000424,3.505050182,10.16100025
16.234345,0.7360500097,4.351950169,10.84995079
16.23686877,0.4390500188,3.355950117,9.510000229
16.23939276,-0.2260500044,2.844000101,8.490000725
16.24191677,-0.4360500276,3.277050257,7.980000496
16.24444076,-0.5850000381,4.285050392,9.652950287
16.24696472,0.6379500031,2.971050024,11.00595093
16.24948871,0.8890500665,3.442050219,8.99505043
16.25201271,0.3000000119,4.180050373,10.9800005
16.25453671,-0.5610000491,4.840950012,9.037950516
16.25706048,0.7140000463,3.210000038,9.064050674
16.25958448,-0.3960000277,3.520950079,8.260050774
16.26210848,-0.2449500114,3.543000221,9.775050163
16.26463248,-0.3000000119,4.267950058,9.249000549
16.26715642,-0.4510500133,1.963050127,10.79805088
16.26968042,0.4170000255,2.053950071,10.09095001
16.27220442,-0.2620500028,2.868000031,11.1739502
16.27472842,-0.5230500102,4.108050346,9.553050041
16.27725218,-0.4890000224,3.667050123,9.603000641
16.27977618,-0.3670500219,3.792000294,8.154000282
16.28230018,-0.5610000491,4.18500042,9.490050316
16.28482416,-0.538950026,4.495950222,9.652950287
16.28734808,-0.2070000172,3.727050066,9.031050682
16.28987208,0.04605000094,3.607950211,10.88595009
16.29239607,-1.21905005,4.468950272,10.53705025
16.29492007,-0.5080500245,3.69900012,8.983050346
16.29744384,0.07005000114,2.07494998,7.648950577
16.29996784,-0.1540500075,3.736950159,7.93200016
16.30249184,-0.541950047,4.539000034,9.073950768
16.30501584,-0.6930000186,4.522050381,9.382950783
16.30753977,1.083000064,2.427000046,8.881950378
16.31006377,0.9700500369,2.226000071,11.35800076
16.31258776,0.3450000286,4.113000393,9.164999962
16.31511154,-0.8460000157,2.992050171,8.346000671
16.31763553,-1.012950063,2.544000149,9.577050209
16.32015953,-0.7330500484,3.354000092,8.727000237
16.32268352,-0.4480500221,5.038950443,7.579950333
16.32520752,-0.5680500269,3.375000238,9.841950417
16.32773144,0.2040000111,2.887050152,9.487950325
16.33025542,-0.5560500026,4.306950092,8.703000069
16.33277942,-0.810000062,4.38795042,9.473999977
16.3353032,-0.8580000401,2.869950056,9.859050751
16.3378272,-1.698000073,3.223950148,9.177000046
16.3403512,-1.593000054,3.202950239,9.507000923
16.3428752,-0.9919500351,3.861000299,10.15095043
16.34539912,-0.886950016,2.761950016,10.0890007
16.34792312,-0.6880500317,3.133050203,9.648000717
16.35044712,-0.9850500226,3.499950171,10.14900017
16.35297112,-1.144950032,3.520950079,10.42695045
16.35549488,-0.6109500527,3.076050043,8.809950829
16.35801888,-0.9700500369,3.543000221,8.413050652
16.36054288,-1.099950075,4.302000046,9.070950508
16.36306688,-1.345950007,5.262000084,8.787000656
16.36559081,-0.2190000117,3.277050257,8.350950241
16.3681148,-0.0580500029,2.977950096,9.778050423
16.3706388,0.1920000017,3.049950123,9.85695076
16.3731628,-0.4750500321,3.84705019,9.873000145
16.37568658,-0.6760500073,2.311950207,8.925000191
16.37821058,-0.7429500222,2.305050135,8.185950279
16.38073458,-0.9250500202,3.655050278,9.766050339
16.38325858,-0.9630000591,3.985950232,9.817950249
16.3857825,0.2430000156,2.527950048,9.043050766
16.3883065,0.5590500236,3.033000231,9.414000511
16.3908305,-0.1750500053,3.78000021,10.12005043
16.3933545,-0.0150000006,3.71505022,9.094950676
16.39587828,-0.7690500617,2.758050203,7.663950443
16.39840228,-0.4170000255,3.447000265,8.748000145
16.40092628,-0.3979500234,4.443000317,9.160050392
16.40345028,-0.8410500288,3.691050291,10.3879509
16.40597422,0.3790500164,2.284050226,8.833950043
16.40849821,0.1519500017,2.566050053,10.62300014
16.41102221,-0.5779500008,3.517050266,10.78995037
16.41354621,-1.243050098,3.271950245,8.968050003
16.41606997,-1.17900002,2.530050039,7.861950397
16.41859397,-0.9340500236,2.793000221,9.473999977
16.42111797,-0.8770500422,4.909950256,8.406000137
16.42364197,-0.7570500374,3.442050219,9.382950783
16.42616592,-0.3889500201,2.961000204,9.289050102
16.42868992,-0.3790500164,2.568000078,10.72305012
16.43121392,-0.6499500275,3.991050243,10.21305084
16.43373769,-0.4360500276,3.073950052,9.214950562
16.43626171,-0.7960500121,2.808000088,8.499000549
16.43878571,-0.1969500035,2.716950178,10.83600044
16.44130971,-0.9010500312,4.37100029,9.628950119
16.44383364,-0.8080500364,2.916000128,8.964000702
16.44635764,0.02895000204,2.584950209,9.253050804
16.44888164,-0.1230000034,2.80095005,10.02195072
16.45140564,-0.726000011,3.730050087,10.29000092
16.45392941,-1.363050103,3.05700016,8.569050789
16.45645342,-1.212000012,3.046950102,7.86000061
16.45897742,-0.8269500136,2.911050081,9.238950729
16.46150142,-1.030050039,3.430050135,8.855999947
16.46402534,-0.3960000277,2.463000059,9.481050491
16.46654934,-0.07500000298,2.734050035,8.154000282
16.46907334,-1.024950027,3.532950163,10.67295074
16.47159734,-0.8580000401,4.218000412,9.30600071
16.47412111,-0.9270000458,2.94900012,8.05095005
16.47664512,-0.9610500336,2.572950125,7.549050331
16.47916912,-0.9750000238,3.001950026,8.659950256
16.48169312,-1.315050006,4.429050446,9.486000061
16.48421704,-0.6930000186,2.319000006,9.24105072
16.48674105,-0.7020000219,2.61405015,10.54605007
16.48926505,-0.8910000324,2.200050116,10.75500011
16.49178905,-1.588050127,4.444950104,11.15400028
16.49431282,-0.6450000405,3.153000116,7.419000149
16.49683684,-1.207050085,3.616950274,8.640000343
16.49936084,-0.9820500612,3.052050114,9.280050278
16.50188484,-1.897050142,4.194000244,11.427001
16.50440877,-0.5850000381,1.921950102,9.148050308
16.50693277,-0.7690500617,2.25,10.0890007
16.50945676,-0.6210000515,2.559000015,11.15205097
16.51198076,-2.127000093,4.173000336,9.403950691
16.51450454,-0.7500000596,3.100050211,7.93200016
16.51702853,-1.606950045,3.009000063,7.702050209
16.51955253,-1.276950002,3.852000237,7.948950291
16.52207653,-1.693050027,4.052999973,8.50605011
16.52460053,-0.5029500127,2.887050152,10.4460001
16.52712448,-0.4080000222,2.311950207,10.3549509
16.52964848,-0.5250000358,3.007050037,11.82495022
16.53217248,-0.7669500113,4.003050327,8.467950821
16.53469625,-0.7740000486,3.925950289,7.83795023
16.53722024,-0.8719500303,3.622050285,7.858050346
16.53974424,-0.6709500551,3.583950281,9.352050781
16.54226824,-0.2620500028,3.457050085,9.294000626
16.54479216,-0.2929500043,2.233050108,9.105000496
16.54731624,-0.3960000277,2.314950228,10.0360508
16.54984017,-1.059000015,2.932050228,11.11395073
16.55236394,-1.039950013,4.501049995,9.29595089
16.55488794,-0.6450000405,3.969000101,7.258950233
16.55741194,-0.5680500269,2.884050131,10.80495071
16.55993594,-0.514950037,3.019050121,10.13700008
16.56245994,-1.128000021,3.828000069,9.841950417
16.56498387,-1.401000023,3.126000166,8.980050087
16.56750786,-1.162050009,2.134950161,11.23800087
16.57003186,-1.119000077,2.470050097,10.46205044
16.57255563,-1.825050116,3.634050131,8.442000389
16.57507986,-1.413000107,3.640950203,7.293000221
16.57760363,-0.5970000029,2.96295023,10.27800083
16.58012762,-1.135950089,3.600000143,10.60605049
16.58265155,-1.255050063,3.265050173,8.976000786
16.58517555,-1.357950091,2.284050226,9.541050911
16.58769952,-0.5490000248,1.153050065,11.92995071
16.59022352,-0.9420000315,3.070950031,11.25495052
16.59274729,-0.9540000558,4.261050224,8.041950226
16.59527129,-1.143000007,3.106950045,7.546050549
16.59779527,-0.6180000305,1.471950054,10.29495049
16.60031927,-0.6880500317,1.993950129,11.2690506
16.6028432,-0.6499500275,3.876000166,9.676950455
16.6053672,-0.8820000291,3.679050207,9.024000168
16.6078912,0.2929500043,2.013000011,12.04500103
16.6104152,0.06300000101,2.860950232,10.51995087
16.61293897,-0.6829500198,4.567950249,7.7760005
16.61546297,-0.118050009,4.471950054,6.852000237
16.61798696,0.5440500379,4.479000092,8.419950485
16.62051096,0.6469500065,3.145050049,9.391950607
16.62303489,0.118050009,4.003050327,9.571950912
16.62555888,-0.2020500153,3.190950155,8.526000023
16.62808288,-0.1969500035,2.260050058,8.341050148
16.63060688,0.7290000319,2.014950037,8.719050407
16.63313088,-0.3000000119,2.65500021,9.86400032
16.63565465,-1.332000017,4.43805027,9.555000305
16.63817864,-0.8790000677,4.299000263,8.734050751
16.64070264,0.4699500203,3.732000113,10.38600063
16.64322656,0.2140500098,3.56400013,8.997000694
16.64575055,-1.504050016,4.70595026,9.984000206
16.64827455,-1.477950096,3.550050259,9.909000397
16.65079855,-0.9850500226,3.354000092,11.90595055
16.65332232,0.1870500147,4.015050411,9.720000267
16.65584655,-0.8890500665,4.327950001,9.751049995
16.65837032,-1.132950068,4.306950092,7.563000202
16.66089431,-0.05295000225,3.109950066,10.56795025
16.66341823,0.05100000277,3.330000162,9.921000481
16.66594223,-0.4680000246,3.12195015,10.06500053
16.66846623,0.04605000094,2.284050226,8.332050323
16.67099025,-0.5749500394,2.571000099,10.01205063
16.67351402,0.08205000311,2.736000061,8.848950386
16.67603802,-0.06300000101,4.222949982,9.190950394
16.67856202,-0.02505000122,3.402000189,6.237000465
16.681086,-0.3330000043,3.592950106,8.047050476
16.68361001,0.3550500274,3.466050148,8.839050293
16.68613393,-0.001050000079,3.153000116,9.394950867
16.68865793,0.7050000429,1.503000021,6.715950489
16.69118189,-0.6040500402,2.287950039,8.545050621
16.69370588,-0.364950031,1.474050045,6.909000397
16.69622966,-0.8290500641,3.190950155,10.19400024
16.69875365,-0.5749500394,3.037950039,5.236050129
16.70127765,-0.3310500085,3.23205018,7.59705019
16.70380158,0.9319500327,1.1410501,5.173950195
16.70632558,-1.441950083,1.750050068,10.72095013
16.70884958,-0.03705000132,1.699050069,9.442950249
16.71137358,-0.9420000315,1.699050069,9.979050636
16.71389735,0.0390000008,0.5359500051,11.40300083
16.71642135,-0.700050056,1.338000059,13.29705048
16.71894535,0.5299500227,2.317050219,10.44795036
16.72146936,-1.227000117,3.615000248,7.855050564
16.72399328,0.6880500317,3.684000254,8.98995018
16.72651728,-0.541950047,3.105000257,9.912000656
16.72904128,1.03305006,3.157050133,13.05300045
16.73156504,0.6259500384,2.626050234,9.019050598
16.73408926,0.6690000296,2.760000229,11.76195049
16.73661304,0.8989500403,1.051050067,10.17795086
16.73913703,0.2620500028,2.226000071,12.42795086
16.74166106,-0.3570000231,3.439950228,7.621050358
16.74418506,-0.04395000264,3.889950275,8.772000313
16.74670899,1.282050014,3.454050064,9.310950279
16.74923299,0.07005000114,3.202950239,11.56095028
16.75175676,0.7620000243,3.142950058,9.670050621
16.75428076,0.3979500234,3.09795022,9.0499506
16.75680476,0.2809500098,2.575950146,9.115050316
16.75932876,0.45600003,3.1650002,10.25700092
16.76185276,-0.8200500607,4.206000328,7.402950287
16.76437668,-0.2710500062,4.394999981,7.459950447
16.76690068,0.7759500146,3.627000093,6.58605051
16.76942468,0.2980500162,3.643050194,8.593050003
16.77194845,-0.1710000038,3.900000095,9.12405014
16.77447244,-0.2639999986,2.725950241,9.198000908
16.77699644,-0.3529500067,2.002950191,8.455950737
16.77952044,-0.2329500169,2.005950212,8.764950752
16.78204436,-1.336950064,2.523000002,9.742050171
16.78456843,-1.321950078,3.370050192,8.241000175
16.78709236,-1.183050036,2.944050074,7.273050308
16.78961636,0.0580500029,3.102000237,8.164050102
16.79214037,-1.00395,2.740950108,8.662050247
16.79466414,-1.26000011,3.019050121,11.05905056
16.79718814,-0.8959500194,3.41595006,9.691950798
16.79971214,0.04395000264,2.667000055,9.261000633
16.80223613,-0.5920500159,3.001950026,9.354000092
16.80476013,-1.387050033,3.253050089,10.53195095
16.80728406,-1.144950032,3.840000153,8.391000748
16.80980807,-0.6469500065,4.062000275,8.24805069
16.81233184,-0.1630500108,2.971050024,10.28505039
16.81485584,-0.943950057,3.150000095,11.27895069
16.81737984,-0.4920000136,2.42505002,9.816000938
16.81990384,-1.216950059,2.80095005,9.820950508
16.82242777,0.08400000632,1.831050038,9.238950729
16.82495184,-0.7189500332,1.929000139,10.5730505
16.82747577,-1.519050121,3.019050121,8.134950638
16.82999976,-1.485000014,3.588000059,7.893000603
16.83252376,0.09405000508,3.547950268,8.619000435
16.83504777,-0.1780500114,3.102000237,9.238950729
16.83757154,-1.175999999,2.892000198,10.72305012
16.84009554,-0.9370500445,2.812950134,10.0699501
16.84261954,-0.9250500202,2.904000044,9.169950485
16.84514347,0.07695000619,2.434050083,9.967050552
16.84766747,-0.5800500512,2.971050024,10.39995003
16.85019147,-1.476000071,3.949950218,8.916000366
16.85271547,-1.11195004,4.522050381,7.740000248
16.85523949,0.3409500122,3.63105011,8.794050217
16.85776326,0.004950000439,2.805000067,10.87200069
16.86028726,-0.810000062,2.96295023,11.13495064
16.86281118,-0.4080000222,2.961000204,9.579000473
16.86533525,-0.1039500013,2.700000048,9.30795002
16.86785918,0.7980000377,1.908000112,10.43100071
16.87038317,-0.4320000112,2.551950216,10.31205082
16.87290694,-1.210050106,4.084050179,7.426950455
16.87543117,-0.7759500146,4.843050003,5.84400034
16.87795495,1.215000033,3.126000166,8.664000511
16.88047894,-0.1680000126,3.114000082,11.3220005
16.88300294,-1.47300005,3.943050146,10.5730505
16.88552694,-0.8050500154,3.280050039,10.39800072
16.88805087,0.6829500198,1.282950044,12.32295036
16.89057487,-0.0889500007,2.152050018,11.62800026
16.89309887,-1.543050051,3.718050241,9.007050514
16.89562264,-1.636050105,4.90500021,7.948950291
16.89814664,-0.001050000079,4.264050007,7.78605032
16.90067064,0.6709500551,2.700000048,9.99105072
16.90319464,-0.5029500127,3.295950174,9.787050247
16.90571864,-1.200000048,3.544950247,10.04295063
16.90824255,-0.08205000311,2.928000212,9.607950211
16.91076655,0.7600500584,0.9379500151,11.69505024
16.91329055,-0.0390000008,1.522050023,9.811050415
16.91581455,-1.396950126,3.799050093,8.359950066
16.91833832,-0.6469500065,3.73905015,7.117950439
16.92086232,1.006049991,3.84705019,7.218000412
16.92338625,0.4080000222,2.140050173,10.22805023
16.92591025,-0.2659500241,3.508950233,11.1379509
16.92843424,-0.8550000191,4.813950062,8.964000702
16.93095801,0.8029500246,2.296050072,11.28405094
16.93348224,1.654950023,1.182000041,12.43005085
16.93600624,-0.4360500276,2.568000078,10.10595036
16.93853003,-1.399050117,3.921000242,8.956050873
16.94105402,-0.3570000231,4.038000107,8.50605011
16.94357802,0.919950068,2.620950222,8.523000717
16.94610195,0.886950016,1.768950105,12.44505024
16.94862594,-0.5110500455,3.426000118,10.30905056
16.95114994,-1.195050001,4.929000378,8.80095005
16.95367394,1.818000078,1.699050069,9.877950668
16.95619772,0.9700500369,0.259950012,12.07605076
16.95872171,0.6760500073,2.458050013,10.08195019
16.96124571,-2.482950211,4.639050007,8.039999962
16.96376971,1.075950027,4.422000408,8.776950836
16.96629363,-0.07005000114,2.101950169,7.656000137
16.96881763,2.116950035,2.652000189,10.75500011
16.97134164,-2.059950113,3.95505023,8.880000114
16.97386564,1.26000011,5.487000465,10.96800041
16.97638941,-0.3259500265,1.480950117,8.146950722
16.9789134,2.991000175,0.9600000381,14.74305058
16.98143732,-1.116000056,2.284050226,7.411950588
16.9839614,1.095000029,5.203950405,10.96005058
16.98648532,-0.7600500584,3.937950134,5.386950493
16.98900932,2.191050053,2.650050163,11.2999506
16.99153332,0.118050009,2.194950104,9.282000542
16.99405732,0.3619500101,4.639050007,12.28200054
16.99658109,-0.1469999999,3.864000082,6.406950474
16.99910509,1.272000074,1.86195004,11.16900063
17.00162908,1.024950027,0.6409500241,10.64400005
17.00415308,-0.9730500579,2.995050192,10.75500011
17.006677,-0.673050046,3.943050146,7.819050312
17.009201,0.106050007,3.876000166,8.760000229
17.01172502,0.9460500479,3.44505024,7.960950375
17.01424902,-0.1279500127,2.986950159,9.289050102
17.01677279,-0.5629500151,3.937950134,10.2520504
17.01929678,-0.6229500175,4.207950115,9.061950684
17.02182078,0.7450500131,3.271950245,10.50795078
17.02434478,-0.6379500031,1.017000079,11.02695084
17.0268687,0.2310000062,2.716950178,11.27205086
17.0293927,-1.696050048,3.418050051,8.092050552
17.03191647,0.4009500146,4.635000229,9.478050232
17.0344407,-1.774950027,2.911050081,7.024050236
17.03696447,0.2380500138,3.652950287,9.921000481
17.03948848,-1.294050097,3.045000076,9.130949974
17.04201248,-0.4650000334,3.868050098,9.505050659
17.04453648,-0.106050007,2.725950241,8.881950378
17.0470604,-0.5989500284,1.900050044,10.86705017
17.04958438,-1.175999999,2.338950157,10.22295094
17.05210838,-1.030050039,2.166000128,9.265050888
17.05463238,-0.8269500136,2.865000248,9.237000465
17.05715615,-0.9630000591,2.583000183,7.423950195
17.05968015,-1.236000061,3.595950127,7.881000519
17.06220415,-1.7700001,4.261050224,9.766050339
17.06472812,-0.9340500236,4.261050224,9.957000732
17.06725205,-0.1399500072,2.940000057,9.784950256
17.06977604,-0.7840500474,2.230950117,10.73295021
17.07230004,-1.452000022,2.041949987,11.03700066
17.07482404,-1.885050058,3.684000254,10.20105076
17.07734782,-0.6210000515,3.916050196,8.833950043
17.07987181,-0.7999500632,2.664000034,9.523950577
17.08239581,-1.5160501,3.736950159,8.329050064
17.08491981,-1.071000099,3.768000126,7.459950447
17.08744374,0.02205000073,3.804000139,8.414999962
17.08996774,0.01995000057,2.346000195,9.580950737
17.09249174,0.09405000508,1.786050081,8.419950485
17.09501553,-0.4890000224,2.202000141,8.265000343
17.09753953,-0.4410000145,2.785950184,9.076050758
17.10006353,-0.3810000122,2.619000196,8.820000648
17.10258753,0.1420500129,2.070000172,8.86095047
17.10511153,-0.2350500077,2.310000181,8.430000305
17.10763545,-0.8770500422,4.572000027,6.186000347
17.11015945,-0.2980500162,3.825000286,8.257050514
17.11268345,-0.1630500108,3.56400013,10.15605068
17.11520747,-0.2230500132,2.322000027,9.688950539
17.11773124,-0.8509500623,2.152050018,9.619950294
17.12025524,-0.6829500198,2.080049992,8.872950554
17.12277924,-1.155000091,2.341050148,10.5510006
17.12530317,-0.9010500312,2.679000139,9.568950653
17.12782717,-1.212000012,2.130000114,10.23300076
17.13035117,-0.8580000401,2.190000057,8.67195034
17.13287517,-0.886950016,2.863050222,7.342950344
17.13539895,-0.5110500455,3.069000244,8.656949997
17.13792296,-1.11195004,3.56400013,10.06005001
17.14044696,-1.009050012,2.098950148,9.034950256
17.14297096,-1.156949997,1.575000048,9.490050316
17.14549491,-1.437000036,2.323950052,9.310950279
17.14801891,-1.015950084,2.749950171,9.700950623
17.15054291,-1.200000048,3.08100009,9.070950508
17.15306691,-1.435050011,2.257050037,8.763000488
17.15559066,-1.401000023,2.572950125,9.115050316
17.15811465,-1.140000105,3.373050213,6.78000021
17.16063865,-0.6040500402,3.556950092,9.153000832
17.16316266,-1.345950007,2.832000017,9.972000122
17.16568659,-1.578000069,2.029950142,10.89795017
17.16821059,-1.21905005,2.494050026,9.634050369
17.17073456,-0.5509500504,2.635050058,10.73805046
17.17325856,-0.6330000162,3.421050072,9.948000908
17.17578234,-1.504050016,3.568950176,9.366000175
17.17830633,-1.120950103,3.031050205,8.566050529
17.18083033,-0.5350500345,2.355000019,9.390000343
17.18335433,-0.6810000539,3.568950176,9.126000404
17.18587826,-0.6109500527,3.49695015,9.004050255
17.18840226,-0.3910500109,2.758050203,10.88100052
17.19092626,-0.02205000073,2.029950142,11.19000053
17.19345026,-0.673050046,2.370000124,9.222000122
17.19597403,-0.5299500227,2.784000158,10.18695068
17.19849803,-1.102050066,3.265050173,9.873000145
17.20102203,-0.337950021,3.214950085,8.260050774
17.20354603,-0.8650500178,3.883050203,8.080050468
17.20606996,-0.2740500271,2.707050085,7.206000328
17.20859396,-0.5350500345,4.132050037,8.202000618
17.21111797,-0.1399500072,3.663000107,9.756000519
17.21364197,-0.1420500129,3.675000191,10.5180006
17.21616574,0.7960500121,2.431950092,9.486000061
17.21868974,-0.8580000401,1.707000136,10.0360508
17.22121375,0.1230000034,1.908000112,11.52105045
17.22373775,-0.1129500046,3.667050123,10.38300037
17.22626168,0.1920000017,4.243950367,8.061000824
17.2287857,-0.7690500617,3.466050148,6.949950218
17.2313097,0.2430000156,2.085000038,7.575000286
17.2338337,0.01005000062,2.101950169,8.152050018
17.23635751,0.3720000088,2.920050144,9.900000572
17.23888151,0.7720500231,2.523000002,10.29495049
17.24140551,0.3360000253,2.676000118,10.34805012
17.24392951,0.2449500114,1.213050008,7.980000496
17.24645342,0.8670000434,1.039050102,10.81905079
17.24897742,0.4600500166,2.451000214,9.414000511
17.25150142,0.1350000054,4.306950092,8.554050446
17.2540254,0.0889500007,4.242000103,6.535950184
17.25654917,0.2779500186,3.423000097,9.034950256
17.25907317,0.7789500356,2.901000023,9.771000862
17.26159716,0.4840500355,3.562050104,11.87295055
17.26412117,0.9610500336,3.325050116,11.77395058
17.26664509,0.4459500313,3.622050285,11.44200039
17.26916909,0.6810000539,2.743050098,9.937950134
17.27169309,0.4800000191,1.60800004,12.4260006
17.27421709,0.4240500331,2.391000032,11.06805038
17.27674086,0.03195000067,3.71505022,8.997000694
17.27926486,0.4530000091,3.892050266,7.089000225
17.28178886,0.3739500046,2.913000107,8.329050064
17.28431285,0.4410000145,2.254950047,8.763000488
17.28683677,0.4440000355,1.941000104,10.26600075
17.28936077,0.834000051,2.559000015,11.08005047
17.29188477,0.5370000005,3.178950071,10.6590004
17.29440876,0.7620000243,3.244050264,9.66795063
17.29693253,0.5850000381,2.215950012,10.87905025
17.29945652,0.1279500127,3.483000278,11.84205055
17.30198052,0.3840000033,4.836000443,8.815050125
17.30450454,0.5269500017,5.101950169,8.169000626
17.30702846,0.7519500256,4.684950352,8.101950645
17.30955246,0.7020000219,3.373050213,8.812950134
17.31207646,0.4170000255,3.531000137,9.262950897
17.31460044,0.6379500031,3.538050175,9.969000816
17.31712422,0.7930500507,3.022950172,9.481050491
17.31964821,0.7810500264,3.12195015,9.660000801
17.32217222,0.834000051,1.588950038,8.632950783
17.32469622,0.5010000467,1.209000111,10.49805069
17.32722015,0.5509500504,2.049000025,8.91795063
17.32974414,0.2639999986,3.450000048,8.011050224
17.33226812,0.4440000355,3.319950104,7.096050262
17.33479212,0.1800000072,2.959050179,7.471950531
17.33731589,-0.1159500033,3.543000221,6.86400032
17.33983989,-0.1399500072,4.134000301,9.012000084
17.34236389,0.4150500298,3.60495019,10.46205044
17.34488789,0.3769500256,3.094950199,10.88400078
17.34741183,0.4099500179,2.712000132,10.39995003
17.34993583,0.5250000358,1.788000107,11.64495087
17.35245983,0.2639999986,1.876950145,12.63195038
17.35498383,-0.2070000172,3.346950054,10.11000061
17.35750758,0.106050007,3.363000154,9.076050758
17.36003158,0.3289500177,2.712000132,7.957950592
17.36255558,0.2779500186,2.559000015,8.164050102
17.36507955,0.2040000111,3.258000135,6.912000179
17.36760348,0.6139500141,3.106950045,9.18900013
17.37012748,0.5920500159,2.353049994,9.748950005
17.37265148,0.4240500331,2.302950144,10.78305054
17.37517548,1.083000064,1.966950059,9.032999992
17.37769925,0.4680000246,2.427000046,11.02695084
17.38022325,0.6900000572,2.716950178,10.31895065
17.38274725,-0.3979500234,4.228050232,10.02000046
17.38527125,0.3690000176,4.003050327,8.842050552
17.38779517,0.8989500403,3.303000212,9.028050423
17.39031917,0.886950016,3.322950125,8.554050446
17.39284317,-0.09195000678,3.435000181,9.379950523
17.39536717,-0.4600500166,4.417050362,9.957000732
17.39789091,0.5299500227,3.052050114,9.073950768
17.40041491,0.5749500394,2.97300005,10.09905052
17.40293891,1.071000099,1.306950092,7.965000153
17.40546291,-0.05595000088,2.343000174,9.712950706
17.40798682,-0.118050009,1.627950072,8.736000061
17.41051082,-0.83100003,3.724950075,10.12695026
17.41303482,0.4009500146,3.552000284,6.418950081
17.41555882,0.2539499998,3.031050205,9.375
17.41808258,0.3259500265,2.884050131,7.228050232
17.42060658,-1.051950097,4.018949986,8.419950485
17.42313058,-0.4170000255,3.973950148,8.344050407
17.42565458,-0.3769500256,3.71505022,11.427001
17.4281785,0.5200500488,3.339000225,9.294000626
17.4307025,-0.4200000167,2.848950148,10.80195045
17.4332265,0.3499500155,1.881000042,9.916950226
17.4357505,-1.222050071,2.941950083,11.3770504
17.43827427,-0.7720500231,3.426000118,8.98995018
17.44079827,-1.416000009,3.331950188,8.253000259
17.44332227,-0.1159500033,1.498050094,8.346000671
17.44584627,-0.4840500355,1.537050128,9.082950592
17.44837019,-0.919950068,2.848950148,8.05905056
17.45089419,-1.531050086,3.784950256,9.157950401
17.45341819,-0.4150500298,3.033000231,9.756000519
17.45594219,-0.3859500289,2.521050215,9.919050217
17.45846597,0.5010000467,2.149049997,9.229050636
17.46098996,-0.7069500089,2.278950214,10.04100037
17.46351396,-0.6880500317,2.824950218,10.93395042
17.46603789,-1.416000009,4.513050079,10.27995014
17.46856189,-0.6640500426,4.684950352,8.37195015
17.47108589,-0.1710000038,3.20505023,9.070950508
17.47360988,-0.4699500203,3.08100009,8.557050705
17.47613388,-1.210050106,3.463950157,9.162000656
17.47865765,-0.9220500588,3.265050173,9.973950386
17.48118165,-0.9820500612,3.238950253,9.940950394
17.48370566,-0.6379500031,2.391000032,10.4100008
17.48622966,-0.5989500284,2.604000092,10.05105019
17.48875358,-0.03405000269,1.291950107,9.793950081
17.49127766,-1.099950075,1.864950061,10.96995068
17.49380157,-0.8910000324,3.09795022,9.325050354
17.49632557,-1.174050093,4.285050392,7.755000591
17.49884934,-0.106050007,3.559950113,7.849950314
17.50137334,-0.06105000153,3.174000263,8.842050552
17.50389734,-0.9180000424,2.98995018,9.330000877
17.50642129,-0.6570000052,4.884000301,12.45900059
17.50894528,-0.5869500041,3.892050266,8.274000168
17.51146928,0.05595000088,3.592950106,11.99700069
17.51399329,-0.7120500207,2.815050125,6.706050396
17.51651707,-0.2569500208,2.833950043,12.09300041
17.51904106,-1.389000058,1.081950068,6.655950546
17.52156506,-1.495050073,3.076050043,12.79200077
17.52408904,-1.21905005,2.353049994,4.812000275
17.52661304,-1.578000069,3.646050215,11.46795082
17.52913697,-1.080000043,2.370000124,5.359950066
17.53166097,-1.116000056,2.073000193,11.98305035
17.53418497,-1.009050012,2.302950144,9.399000168
17.53670897,-1.279050112,2.896050215,12.8760004
17.53923276,-1.237950087,3.315000057,8.511000633
17.54175699,-1.720050097,3.760950089,10.78995037
17.54428076,-1.537950039,3.397050142,8.221050262
17.54680468,-2.445000172,2.418000221,10.30695057
17.54932871,-1.471050024,1.855050087,10.19205093
17.55185271,-1.738950133,2.887050152,10.92195034
17.55437671,-1.051950097,3.31305027,8.635950089
17.55690071,-2.100000143,3.190950155,9.30600071
17.5594245,-1.215000033,2.728950024,9.091050148
17.5619485,-1.24605,2.026950121,11.28105068
17.5644725,-0.5179499984,2.374950171,11.94000053
17.56699642,-0.7120500207,2.947050095,10.58895016
17.56952043,-0.4990500212,2.691000223,10.18500042
17.57204443,-0.9970500469,3.397050142,9.17400074
17.57456843,-1.210050106,3.502050161,8.992050171
17.57709243,-1.047000051,2.475000143,9.556950569
17.57961621,-0.6109500527,2.937000036,10.08705044
17.58214021,-0.7050000429,3.451950073,8.527950287
17.58466421,-0.5470499992,3.948000193,8.548950195
17.58718821,-0.8239500523,3.370050192,7.735050201
17.58971216,-0.6450000405,2.185050011,8.383950233
17.59223616,-0.4840500355,1.972050071,9.016050339
17.59476016,-0.3859500289,2.410050154,11.02695084
17.59728393,0.5490000248,2.797950029,10.62300014
17.59980817,0.228000015,3.487950087,10.00800037
17.60233194,0.05295000225,3.307950258,9.193950653
17.60485593,-0.3289500177,2.535000086,10.03395081
17.60737993,0.07695000619,2.406000137,10.16805077
17.60990385,-0.01995000057,3.39195013,9.967050552
17.61242785,0.4870500267,3.852000237,8.584950447
17.61495185,0.2310000062,3.664950132,8.650050163
17.61747585,0.2520000041,3.301050186,7.944000244
17.61999962,0.3550500274,3.574050188,7.728000164
17.62252362,0.6229500175,3.688950062,6.972000122
17.62504765,0.9340500236,3.421050072,9.931050301
17.62757165,1.204950094,2.703000069,10.33305073
17.63009558,0.5470499992,3.088050127,10.04595089
17.63261957,0.7170000076,2.815050125,9.526050568
17.63514355,-0.2899500132,2.403000116,10.07205009
17.63766732,-0.228000015,2.65500021,9.706050873
17.64019131,-0.3430500031,3.454050064,10.00500011
17.64271531,-0.1159500033,4.090950012,8.881950378
17.64523931,-0.4390500188,3.430050135,8.434950829
17.64776331,-0.6300000548,3.280050039,8.368050575
17.65028731,-0.9889500737,3.244050264,8.611950874
17.65281124,-0.5820000172,3.550050259,7.627950191
17.65533524,-0.514950037,3.433050156,8.881950378
17.65785901,0.01305000018,2.974950075,10.59195042
17.66038301,-0.2380500138,3.133050203,10.25400066
17.66290725,-0.2470500171,2.521050215,9.639000893
17.66543102,-0.5269500017,2.080049992,10.23705006
17.66795494,-0.810000062,2.734050035,9.367950439
17.67047894,-0.2329500169,3.08100009,9.967050552
17.67300301,-0.2860500216,3.664950132,9.283950806
17.67552694,-0.2929500043,4.062000275,8.808000565
17.67805093,-0.4150500298,3.325050116,7.684950352
17.68057471,-0.2639999986,2.662050009,8.98995018
17.6830987,0.03705000132,3.133050203,8.286000252
17.6856227,0.1440000087,3.667050123,8.827050209
17.68814672,0.6880500317,3.39195013,10.13700008
17.69067065,0.7690500617,3.013950109,10.8169508
17.69319465,0.7759500146,2.595000029,9.402000427
17.69571863,0.02895000204,2.391000032,9.529050827
17.69824263,-0.3430500031,2.503950119,8.842050552
17.70076663,0.6180000305,2.674050093,9.684000015
17.7032904,0.721050024,3.478050232,9.337050438
17.70581438,0.07005000114,3.832950115,8.626049995
17.70833838,0.2350500077,3.318000078,8.194950104
17.7108623,0.4410000145,2.497050047,8.937000275
17.71338638,0.03705000132,2.916000128,7.888950348
17.7159103,0.3450000286,3.58095026,8.011050224
17.7184343,0.4219500124,3.166950226,10.16295052
17.72095807,0.4320000112,3.289050102,10.37895012
17.7234823,0.5920500159,2.905950069,9.66795063
17.72600608,0.5470499992,2.442000151,10.02405071
17.72853008,-0.8650500178,2.395950079,10.07700062
17.731054,-0.1159500033,2.248050213,9.852000237
17.733578,0.1950000077,2.88195014,10.71405029
17.73610199,-0.1540500075,3.687000275,9.471000671
17.73862599,-0.405000031,3.588000059,7.635000229
17.74114976,-0.9820500612,2.857950211,8.983050346
17.74367376,-1.32705009,2.788950205,9.172050476
17.74619777,-1.063950062,3.531000137,8.122950554
17.74872177,-0.1110000089,2.683050156,10.24500084
17.7512457,-0.541950047,2.758050203,11.22900009
17.75376969,-1.030050039,2.80095005,9.723000526
17.75629369,-1.393950105,2.784000158,9.475950241
17.75881771,-1.660050035,2.691000223,9.457050323
17.76134148,-1.795950055,2.37195015,9.390000343
17.76386571,-1.212000012,2.30700016,10.51305008
17.76638948,-1.329000115,3.184050083,9.354000092
17.76891347,-1.351050019,3.700950146,7.831050396
17.77143747,-1.248000026,3.31305027,7.65405035
17.77396147,-2.313000202,3.031050205,7.993950367
17.77648539,-2.388000011,3.253050089,8.11095047
17.7790094,-0.8839500546,2.571000099,9.234000206
17.78153318,-0.9780000448,2.35800004,11.28105068
17.78405717,-0.9370500445,2.530050039,10.55595016
17.78658117,-0.9580500722,2.442000151,10.29000092
17.78910516,-1.249950051,2.580000162,10.15395069
17.79162916,-1.890000105,2.643000126,9.153000832
17.79415316,-1.264950037,1.788000107,10.16805077
17.79667709,-0.6229500175,2.020050049,11.08005047
17.79920105,-0.8149500489,2.932050228,9.481050491
17.80172482,-0.3790500164,3.75600028,8.329050064
17.80424882,-0.4600500166,3.651000261,7.636950493
17.80677282,-0.7980000377,3.49695015,7.447950363
17.80929684,-0.6400500536,2.848950148,8.24805069
17.81182076,0.4410000145,2.278950214,10.7310009
17.81434484,0.6109500527,2.286000013,10.93605042
17.81686876,0.2689500153,3.112050056,10.87905025
17.81939274,0.4680000246,3.066000223,9.949950218
17.82191674,-0.1009500027,3.064050198,10.15095043
17.82444074,-0.4600500166,3.481050253,8.43900013
17.82696453,-0.6829500198,3.160050154,9.016050339
17.82948853,0.04905000329,2.809950113,10.57695007
17.83201245,0.2140500098,3.08100009,10.36395073
17.83453652,0.45600003,3.961950302,8.875050545
17.83706046,0.2520000041,3.576000214,8.068050385
17.83958446,-0.0390000008,3.385050058,8.104050636
17.84210846,-0.4170000255,4.045950413,8.265000343
17.84463246,0.4320000112,2.985000134,10.41195011
17.84715623,1.021050096,2.571000099,12.12900066
17.84968023,0.7960500121,3.385050058,11.07795048
17.85220415,0.673050046,3.586050272,10.53195095
17.85472815,0.8050500154,3.948000193,10.7310009
17.85725214,0.3310500085,4.078950405,8.569050789
17.85977614,-0.3430500031,4.108050346,8.466000557
17.86229992,-0.1630500108,3.202950239,10.12005043
17.86482415,-0.106050007,3.250950098,10.32600021
17.86734792,0.1279500127,3.859050274,8.881950378
17.86987189,0.1590000093,3.823050261,9.375
17.87239589,-0.4459500313,3.907050133,8.362950325
17.87491982,-0.9180000424,3.742050171,7.84305048
17.87744381,-0.8650500178,3.435000181,8.659950256
17.87996781,-0.5710500479,3.247950077,10.52700043
17.88249181,0.1710000038,2.821950197,10.54605007
17.88501581,-0.538950026,2.94900012,10.98900032
17.88753959,-0.1230000034,3.028050184,10.2829504
17.89006358,-0.6949500442,3.310950041,10.07700062
17.89258756,-1.128000021,4.683000088,9.490050316
17.89511156,-1.674000025,3.829950094,8.617050171
17.89763548,-0.09600000083,2.865000248,9.861000061
17.90015948,0.2880000174,3.025950193,9.511950493
17.90268327,-0.5710500479,3.982950211,7.647000313
17.9052075,-0.3430500031,3.652950287,6.688950539
17.90773127,-0.3790500164,2.25,7.879050255
17.91025526,-0.7690500617,2.554050207,8.391000748
17.91277918,-0.0270000007,3.235950232,8.485050201
17.91530318,0.3019500077,3.426000118,10.0669508
17.91782718,-0.4009500146,3.945000172,9.754050255
17.92035116,0.2520000041,3.532950163,9.162000656
17.92287516,0.7069500089,3.114000082,9.361050606
17.92539893,-0.3859500289,3.655050278,9.225000381
17.92792293,-1.15200007,3.769950151,8.851050377
17.93044693,-0.4990500212,2.96295023,9.5020504
17.93297093,0.1830000132,3.078000069,10.19205093
17.93549493,0.1639500111,3.784950256,8.668950081
17.93801885,-0.5059500337,3.733950138,8.491950035
17.94054285,-0.2760000229,3.367950201,8.05395031
17.94306685,-0.6810000539,2.956050158,8.93295002
17.94559087,-0.1780500114,3.052050114,8.680950165
17.94811464,0.3670500219,3.178950071,7.660950184
17.95063864,-0.2230500132,3.325050116,7.483950138
17.95316257,-0.2740500271,2.869950056,9.676950455
17.95568666,0.2880000174,3.226950169,10.56300068
17.95821058,0.1300500035,3.493050098,9.871050835
17.96073458,-0.1830000132,3.463950157,10.11000061
17.96325858,-0.1469999999,2.980050087,9.687000275
17.96578257,-0.05295000225,2.944050074,9.013950348
17.96830635,-0.118050009,3.136050224,9.261000633
17.97083034,-0.5869500041,4.096050262,9.319950104
17.97335434,-0.7120500207,4.204050064,7.83795023
17.97587826,-0.6229500175,2.608950138,7.498050213
17.97840226,-0.5010000467,2.086950064,8.929950714
17.98092626,-0.943950057,2.791050196,8.004000664
17.98345026,-0.8200500607,2.793000221,8.065950394
17.98597428,-0.7860000134,1.792950034,8.362950325
17.98849805,-0.5179499984,1.867050052,10.12695026
17.99102204,-0.4530000091,1.843050122,9.471000671
17.99354605,-0.9490500689,2.470050097,10.88595009
17.99607004,-0.7120500207,2.269050121,9.847050667
17.99859396,-1.498950124,2.23995018,11.63100052
18.00111796,-0.9540000558,2.29095006,10.77405071
18.00364173,-0.7690500617,2.736000061,12.34905052
18.00616595,-1.092000008,4.017000198,11.56095028
18.00868972,-1.222050071,4.720950127,10.64205074
18.01121372,-0.5680500269,3.639000177,10.62300014
18.01373772,-1.332000017,3.544950247,11.20695019
18.01626172,-1.231050014,3.271950245,11.27400017
18.01878565,-0.8550000191,2.820000172,10.80495071
18.02130965,-0.697050035,2.817000151,10.77795029
18.02383364,-0.7170000076,2.829000235,11.90595055
18.02635742,-0.3450000286,2.817000151,12.07905102
18.02888142,-0.6829500198,2.595000029,11.0869503
18.03140542,-0.5730000138,2.620950222,11.18805027
18.03392943,-0.6349500418,2.464950085,10.0890007
18.03645343,-0.835950017,2.511000156,10.93605042
18.03897736,-0.7620000243,3.744000196,9.162000656
18.04150136,0.03195000067,4.981950283,8.286000252
18.04402538,0.1129500046,5.341050148,8.013000488
18.04654938,0.4129500091,4.903050423,8.284049988
18.04907315,0.5800500512,4.210950375,8.461050034
18.05159715,0.7360500097,4.041000366,9.699000359
18.05412115,1.009050012,4.062000275,9.222000122
18.05664515,1.321950078,4.759050369,8.836950302
18.0591691,1.498950124,5.005950451,7.714050293
18.0616931,1.309950113,4.429050446,6.325050354
18.0642171,1.036949992,3.483000278,5.571000099
18.0667411,0.9420000315,2.008050203,7.045950413
18.06926488,0.4200000167,1.303950071,7.752000332
18.07178888,-0.0150000006,1.261050105,7.813950539
18.07431288,0.541950047,1.903050065,7.599000454
18.07683688,0.8410500288,2.592000008,6.742050171
18.07936079,0.2659500241,3.174000263,6.213000298
18.08188479,0.4890000224,2.796000242,7.135050297
18.08440856,0.6540000439,2.260050058,9.517050743
18.08693279,0.7450500131,2.257050037,9.997950554
18.08945658,1.452000022,2.793000221,9.838050842
18.09198057,1.308000088,3.787050247,9.627000809
18.09450457,1.483050108,3.957000256,9.198000908
18.09702857,2.476050138,3.378000259,8.680950165
18.0995525,2.560050011,3.196050167,8.137949944
18.1020765,2.103000164,2.700000048,8.341050148
18.1046005,2.460000038,1.639050126,8.935050011
18.1071245,2.662950039,0.4780500233,10.22505093
18.10964825,2.257950068,0.8950500488,10.5730505
18.11217224,2.566950083,1.789950132,9.955050468
18.11469624,2.400000095,1.972050071,8.953950882
18.11722025,1.827000141,1.78305006,8.631000519
18.11974416,1.89195013,1.72995007,8.277000427
18.12226816,1.47300005,1.917000055,9.415950775
18.12479216,1.509000063,1.587000132,10.19895077
18.12731616,1.909050107,1.639050126,10.41705036
18.12984016,1.441950083,2.848950148,9.364050865
18.13236393,1.669050097,3.375000238,8.99505043
18.13488793,1.79400003,3.28395009,8.443950653
18.13741193,1.657050133,3.058950186,7.720950603
18.13993585,1.234050035,2.676000118,7.174950123
18.14245985,1.248000026,2.568000078,8.217000008
18.14498386,1.384950042,1.378950119,9.103050232
18.14750786,1.272000074,0.7129500508,10.94595051
18.15003163,1.753050089,0.8470500112,10.30695057
18.15255561,1.441950083,1.819050074,9.730050087
18.15507961,1.21905005,2.467950106,9.169950485
18.15760361,1.609950066,3.08100009,8.145000458
18.16012761,1.630950093,3.157050133,7.861950397
18.16265154,1.552050114,2.619000196,9.610050201
18.16517553,1.618950129,1.6489501,10.29000092
18.16769953,1.24605,1.63500011,10.93605042
18.17022353,1.288950086,1.915050149,10.56495094
18.1727473,1.329000115,2.69295001,10.44105053
18.1752713,1.195050001,3.430050135,8.925000191
18.1777953,0.8770500422,3.499950171,8.908950806
18.1803193,1.227000117,3.238950253,8.872950554
18.18284323,1.534950018,2.164050102,10.02000046
18.18536722,1.576050043,2.109000206,10.96995068
18.18789122,1.618950129,1.978950143,10.90995026
18.19041522,1.521000028,1.671000123,11.10405064
18.19293899,1.780050039,1.720950127,10.18995094
18.19546299,1.851000071,3.100050211,8.242950439
18.19798699,1.645950079,3.694050074,8.346000671
18.20051099,1.654950023,3.799050093,8.667000771
18.20303491,1.90200007,3.600000143,8.230950356
18.20555889,1.705050111,3.265050173,8.323950768
18.20808288,1.70295012,2.470050097,9.352050781
18.21060688,1.569000125,1.753950119,9.282000542
18.21313066,1.047000051,1.83795011,9.331950188
18.21565466,0.6810000539,2.635050058,8.647950172
18.21817866,0.943950057,3.964050293,7.879050255
18.22070264,1.243050098,4.411950111,8.98995018
18.22322656,1.497000098,4.029000282,9.652950287
18.22575056,1.720050097,3.615000248,10.26900005
18.22827456,1.654950023,3.600000143,9.984000206
18.23079853,1.569000125,3.265050173,10.82205009
18.2333223,1.537950039,3.447000265,10.33095074
18.2358463,1.710000038,3.217050076,10.2520504
18.23837032,1.546950102,3.028050184,10.21305084
18.24089432,0.8200500607,3.730050087,10.67805004
18.24341824,0.7050000429,4.816950321,9.109950066
18.24594223,0.8700000644,4.860000134,8.676000595
18.24846623,1.306050062,4.125,8.98500061
18.25099023,1.561950088,3.475950241,8.619000435
18.253514,1.488000035,2.631000042,9.201000214
18.256038,1.423050046,2.334000111,9.196050644
18.258562,1.035000086,2.491950035,10.11795044
18.261086,0.943950057,2.748000145,10.53900051
18.26360992,0.6540000439,3.319950104,10.58895016
18.26613392,0.3000000119,4.498050213,9.960000038
18.26865792,0.2760000229,4.584000111,9.727050781
18.27118192,0.3310500085,4.635000229,9.92595005
18.2737057,0.4200000167,4.807050228,9.433050156
18.27622969,0.4800000191,4.290000439,9.589050293
18.27875369,0.5470499992,3.370050192,11.15895081
18.28127769,0.2830500007,2.868000031,10.27995014
18.28380162,-0.697050035,3.220050097,9.823050499
18.28632562,-1.288950086,3.71505022,9.784950256
18.28884962,-1.212000012,4.326000214,8.959050179
18.29137364,-0.8719500303,4.03605032,7.969950199
18.29389741,-0.6520500183,3.12405014,8.698050499
18.29642141,-0.2740500271,2.431950092,8.901000023
18.29894541,-1.039950013,1.405050039,9.535950661
18.30146941,-1.332000017,0.7819500566,11.23095036
18.30399334,-2.044950008,1.855050087,11.04705048
18.30651733,-1.846950054,3.478050232,9.880950928
18.30904133,-1.674000025,3.823050261,9.841950417
18.31156533,-1.471050024,3.840000153,10.05795002
18.3140891,-1.207050085,3.481050253,9.319950104
18.3166131,-1.03305006,3.201000214,10.08705044
18.3191371,-1.54005003,2.679000139,10.04805088
18.3216611,-2.019000053,2.215950012,11.77200031
18.32418502,-2.545950174,2.236050129,10.79805088
18.32670902,-2.21505022,2.355000019,9.679950714
18.32923302,-2.380950212,2.584950209,9.186000824
18.33175703,-2.542950153,3.366000175,8.980050087
18.3342808,-2.208000183,3.211950064,7.762050152
18.3368048,-1.744050026,2.014950037,8.695950508
18.3393288,-1.092000008,0.6000000238,9.009000778
18.3418528,-1.495050073,0.1380000114,8.953950882
18.34437672,-2.080950022,-0.01395000052,9.511950493
18.34690072,-2.313000202,0.1770000011,11.0010004
18.34942472,-1.909050107,2.068050146,10.19400024
18.35194871,-0.810000062,3.154950142,9.367950439
18.35447248,-0.6450000405,3.421050072,9.44505024
18.35699648,-0.3670500219,3.574050188,9.510000229
18.35952048,0.01995000057,3.301050186,9.700950623
18.36204446,0.9540000558,2.829000235,10.6990509
18.36456839,0.8509500623,2.464950085,11.01600075
18.36709239,0.003000000026,2.523000002,10.3570509
18.36961639,-0.8700000644,2.362950087,10.26900005
18.37214039,-0.1590000093,1.819050074,9.538050652
18.37466416,0.2740500271,1.852950096,8.776950836
18.37718816,0.1159500033,2.454000235,8.431950569
18.37971216,-0.1249500066,2.431950092,8.122950554
18.38223616,0.0889500007,1.41900003,8.353050232
18.38476008,1.027950048,0.4570500255,9.115050316
18.38728407,1.00395,0.07095000148,9.648000717
18.38980807,0.5869500041,0.4570500255,10.45305061
18.39233207,0.1300500035,1.213050008,11.34795094
18.39485607,0.118050009,2.236050129,11.03205013
18.39737984,1.012950063,2.535000086,9.483000755
18.39990384,0.862950027,3.229050159,10.30200005
18.40242784,-0.4080000222,4.813950062,8.964000702
18.40495184,-0.8080500364,5.032050133,9.081000328
18.40747576,0.5730000138,3.804000139,10.41900063
18.40999976,0.6570000052,2.355000019,11.75805092
18.41252376,-0.4510500133,2.062950134,12.16005039
18.41504776,-1.180950046,1.759050131,12.24405098
18.41757153,-0.9630000591,1.750050068,12.27000046
18.42009553,-0.3499500155,1.588950038,11.11095047
18.42261953,0.1200000048,1.981950045,9.829950333
18.42514353,-0.1540500075,2.548950195,9.273000717
18.42766746,0.2830500007,2.410050154,8.796000481
18.43019145,0.4080000222,1.612950087,9.076050758
18.43271544,1.456050038,0.6289500594,9.694050789
18.43523944,1.162050009,-0.07095000148,10.44300079
18.43776322,0.6540000439,-0.4900500178,10.8529501
18.44028721,0.5010000467,-0.1290000081,11.88195038
18.44281121,0.7450500131,0.8920500278,11.87295055
18.44533521,1.320000052,2.073000193,11.19300079
18.44785914,1.642950058,2.928000212,10.83600044
18.45038315,1.839000106,3.20505023,10.92195034
18.45290715,2.13195014,3.214950085,10.67595005
18.45543115,2.791950226,2.997000217,10.47405052
18.45795492,2.980950117,2.413050175,10.94100094
18.46047892,2.890950203,1.470000029,11.4079504
18.46300292,2.730000019,0.7230000496,11.52795029
18.46552692,2.776050091,0.694050014,10.66800022
18.46805084,2.308950186,1.230000019,10.38105011
18.47057484,2.448000193,1.596000075,9.643950462
18.47309884,2.254050016,1.690050125,9.142950058
18.47562284,2.232000113,1.723050117,9.10695076
18.47814662,2.151000023,1.276050091,8.698050499
18.48067085,2.2660501,1.017000079,8.712000847
18.48319462,2.19900012,0.5879999995,9.085950851
18.48571862,1.987950087,0.646050036,9.529050827
18.48824255,1.822950125,0.7489500642,9.567000389
18.49076654,1.914000034,0.9670500755,10.3380003
18.49329054,2.067000151,1.363950014,10.22295094
18.49581454,1.974000096,1.56795013,9.859050751
18.49833832,2.032950163,1.498050094,10.44105053
18.50086231,2.155050039,1.306950092,10.12005043
18.5033863,1.959000111,0.9520500302,9.885000229
18.5059103,1.79400003,0.7060500383,9.916950226
18.50843422,1.75605011,0.5140500069,9.616950035
18.51095824,1.747950077,0.6390000582,9.29595089
18.51348224,1.713000059,0.8520000577,9.081000328
18.51600624,1.94505012,0.9619500637,9.142950058
18.51853001,2.152950048,1.254000068,9.601050377
18.52105401,2.325000048,0.6649500132,9.391950607
18.52357801,2.512050152,0.3199500144,9.99105072
18.52610201,2.316000223,0.259950012,10.04595089
18.52862594,2.017050028,0.5500500202,9.694050789
18.53114995,1.351050019,1.129950047,9.379950523
18.53367395,1.399050117,1.620000124,9.541050911
18.53619795,1.32705009,2.329050064,9.478050232
18.53872172,1.393950105,2.752950191,9.10695076
18.54124573,1.546950102,2.544000149,9.595950127
18.54376973,1.795950055,2.213999987,10.0890007
18.54629373,1.842000127,1.95600009,9.897000313
18.54881773,1.834950089,1.398000121,10.38300037
18.55134165,1.867950082,1.072050095,10.95105076
18.55386565,1.959000111,0.7630500197,10.71405029
18.55638965,1.557000041,0.6439500451,10.54395008
18.55891367,1.720050097,0.3439500034,11.47305012
18.56143744,1.677000046,0.511950016,10.95300007
18.56396144,1.792050123,0.8590500355,10.49400043
18.56648544,1.83705008,1.198950052,10.84605026
18.56900945,1.926000118,1.158000112,10.59705067
18.57153338,2.076000214,1.465050101,10.16100025
18.57405738,1.858950138,1.96995008,10.47900009
18.57658138,1.807950139,2.434050083,10.38105011
18.57910515,1.423050046,3.59100008,11.26005077
18.58162915,1.744050026,2.992050171,9.531000137
18.58415315,1.393950105,3.150000095,11.20905018
18.58667715,1.078050017,2.257050037,9.823050499
18.58920115,2.080950022,0.756000042,12.17400074
18.59172508,0.565950036,1.279950023,13.82400036
18.59424915,0.2329500169,1.405050039,11.8920002
18.59677308,-0.1680000126,3.552000284,9.565050125
18.59929707,0.3289500177,1.879050136,7.840950489
18.60182084,1.021050096,1.435950041,7.515000343
18.60434484,0.1590000093,1.539000034,9.126000404
18.60686884,0.6139500141,1.966950059,9.153000832
18.60939285,0.3979500234,1.845000029,8.113950729
18.61191678,0.2689500153,2.817000151,8.523000717
18.61444078,-0.1920000017,2.69295001,6.924000263
18.61696476,-0.07304999977,2.686050177,9.543000221
18.61948876,0.03405000269,1.480950117,8.965950012
18.62201253,-0.5110500455,1.732950091,9.226950645
18.62453651,-1.006049991,2.391000032,7.755000591
18.62706051,-0.4890000224,2.568000078,7.290000439
18.62958451,-0.2929500043,3.054000139,10.15395069
18.63210844,0.03405000269,2.305050135,12.13800049
18.63463243,0.2899500132,1.978950143,12.66795063
18.63715642,-0.1350000054,1.213050008,10.90095043
18.63968042,-0.0889500007,1.285050035,8.128050804
18.64220419,0.541950047,0.5070000291,7.531950474
18.64472841,0.7429500222,0.780000031,7.567950249
18.64725218,0.7860000134,-0.6510000229,8.499000549
18.64977617,0.364950031,-0.2490000129,10.37895012
18.65230017,0.5110500455,1.663050056,6.688950539
18.6548241,0.2430000156,1.984050035,8.7289505
18.6573481,1.183050036,2.335950136,8.824950218
18.6598721,0.6229500175,2.227950096,9.979050636
18.66239587,0.6709500551,2.323950052,10.16595078
18.66491987,-0.09195000678,3.181050062,8.875050545
18.66744387,0.1750500053,3.421050072,8.467950821
18.66996787,0.4800000191,3.049950123,10.26600075
18.6724918,0.4800000191,2.683050156,12.10695076
18.67501587,0.364950031,1.828950047,11.43705082
18.67753981,-0.007950000465,1.836000085,11.59500027
18.68006381,-0.3670500219,1.740000129,9.888000488
18.68258758,-0.3070500195,1.479000092,9.972000122
18.68511158,-0.3310500085,1.480950117,10.35000038
18.68763556,0.184950009,1.575000048,10.45800018
18.69015956,0.05100000277,1.335000038,10.52895069
18.69268348,-0.2590500116,1.555950046,10.21305084
18.69520748,-0.2350500077,2.299950123,9.409049988
18.69773148,-0.5590500236,3.229050159,8.113950729
18.70025548,-0.5560500026,3.274950266,8.863050461
18.70277948,-0.3769500256,3.037950039,10.38105011
18.70530325,-0.4440000355,3.307950258,9.895050049
18.70782726,-0.45600003,3.130950212,9.730050087
18.71035126,-0.5299500227,3.23205018,9.568950653
18.71287519,-0.07005000114,3.049950123,8.173950195
18.71539926,-0.1780500114,2.686050177,9.829950333
18.71792318,-0.4009500146,2.314950228,9.44505024
18.72044718,-0.7120500207,1.965000153,9.682050705
18.72297118,-1.018050075,1.504950047,9.208050728
18.72549518,-1.051950097,1.753950119,8.607000351
18.72801896,-1.126049995,2.215950012,7.836000443
18.73054295,-0.7410000563,2.88195014,9.550050735
18.73306695,-0.6469500065,3.319950104,7.83795023
18.73559095,-0.541950047,2.521050215,10.18200016
18.73811496,-0.7930500507,2.7739501,10.32105064
18.74063888,-0.9850500226,3.612000227,8.644950867
18.74316288,-0.919950068,3.588000059,8.410950661
18.74568665,-0.5989500284,3.178950071,9.058950424
18.74821065,-0.7879500389,2.995050192,9.423000336
18.75073465,-0.7140000463,2.905950069,9.841950417
18.75325865,-0.6109500527,3.073950052,10.30005074
18.75578258,-0.5110500455,3.23205018,10.59195042
18.75830665,-0.07005000114,2.97300005,10.1440506
18.76083058,0.06105000153,2.752950191,10.54395008
18.76335457,-0.08400000632,2.454000235,11.1739502
18.76587857,0.4920000136,2.869950056,8.98995018
18.76840235,0.5470499992,2.620950222,9.205050468
18.77092635,0.673050046,2.863050222,9.11700058
18.77345035,0.7879500389,2.760000229,8.830050468
18.77597427,0.5560500026,2.992050171,8.92305088
18.77849828,0.3430500031,3.210000038,8.964000702
18.78102228,0.1519500017,3.801000118,8.956050873
18.78354628,0.2620500028,3.724950075,8.92305088
18.78607028,0.2380500138,3.505050182,9.892950058
18.7885943,0.324000001,3.840000153,8.731050491
18.79111807,-0.1489500105,3.490050077,8.92305088
18.79364206,-0.4009500146,3.217050076,10.55595016
18.79616599,-0.166050002,3.5239501,8.013000488
18.79869,-0.2689500153,2.836950064,9.391950607
18.801214,-0.1900500059,2.899050236,9.382950783
18.803738,-0.3840000033,2.971050024,8.655000687
18.80626177,-0.3910500109,2.700000048,9.130949974
18.808786,-0.4579500258,2.737950087,9.450000763
18.81130977,-0.4680000246,2.848950148,8.700000763
18.81383377,-0.3289500177,2.953950167,8.758049965
18.81635777,-0.1780500114,2.923050165,8.868000031
18.81888169,-0.1750500053,3.186000109,8.611950874
18.82140576,-0.1590000093,3.241050243,8.976000786
18.82392969,-0.0390000008,3.234000206,9.094950676
18.82645368,-0.1350000054,3.250950098,9.034950256
18.82897746,-0.1159500033,3.306000233,9.201000214
18.83150145,0.05595000088,3.379950047,9.316050529
18.83402545,0.1279500127,3.331950188,9.454050064
18.83654947,0.1750500053,3.090000153,9.541050911
18.83907347,0.2160000056,2.944050074,9.835050583
18.84159739,0.4770000279,2.698050022,9.793950081
18.8441214,0.07995000482,2.872950077,8.944950104
18.8466454,0.0150000006,2.602050066,9.655950546
18.8491694,0.3790500164,2.544000149,8.820000648
18.85169339,0.2539499998,2.437050104,9.562050819
18.85421716,0.5350500345,2.608950138,9.05505085
18.85674116,0.3529500067,2.788950205,9.153000832
18.85926508,0.4240500331,2.965950251,9.18900013
18.86178908,0.4840500355,3.100050211,9.268050194
18.86431308,0.4819500148,3.282000065,9.301050186
18.86683708,0.5250000358,3.1650002,9.591000557
18.86936085,0.5800500512,3.142950058,9.490050316
18.87188508,0.49605003,3.223950148,9.258000374
18.87440885,0.7410000563,3.073950052,9.382950783
18.87693285,0.7519500256,3.013950109,9.391950607
18.87945678,0.7980000377,2.937000036,9.543000221
18.88198078,0.7740000486,2.698050022,9.556950569
18.88450478,0.7620000243,2.755050182,9.507000923
18.88702878,0.6469500065,2.884050131,9.604950905
18.88955277,0.8790000677,2.691000223,9.442950249
18.89207654,0.9010500312,2.65500021,9.751049995
18.89460054,0.8989500403,2.628000021,9.361050606
18.89712453,0.8890500665,2.856000185,9.12405014
18.89964853,1.006049991,2.90805006,9.258000374
18.90217253,1.248000026,2.845950127,9.088050842
18.90469645,1.279050112,2.928000212,9.177000046
18.90722045,1.215000033,2.995050192,9.198000908
18.90974445,1.306050062,3.070950031,8.884950638
18.91226844,1.321950078,3.09795022,9.081000328
18.91479222,1.063950062,3.174000263,9.454050064
18.91731621,1.381950021,3.277050257,8.632950783
18.91984014,1.204950094,2.920050144,9.823050499
18.92236421,1.248000026,3.034950256,9.510000229
18.92488814,1.069050074,3.157050133,9.133950233
18.92741214,0.9420000315,3.046950102,9.577050209
18.92993614,1.051950097,2.944050074,9.640950203
18.93246014,0.9340500236,2.944050074,9.523950577
18.93498392,0.8550000191,2.916000128,9.727050781
18.93750792,0.9390000701,2.913000107,9.483000755
18.94003192,0.9340500236,2.980050087,9.499950409
18.94255582,0.9079500437,2.985000134,9.487950325
18.94507982,0.9100500345,3.054000139,9.44505024
18.94760382,0.8479500413,3.172050238,9.490050316
18.95012782,0.8910000324,3.162000179,9.459000587
18.9526518,0.83100003,3.262950182,9.526050568
18.95517558,0.8959500194,3.315000057,9.406949997
18.95769957,0.9870000482,3.298950195,9.418950081
18.96022355,0.9850500226,3.315000057,9.487950325
18.96274755,1.000950098,3.322950125,9.337050438
18.96527148,1.11195004,3.253050089,9.301050186
18.96779549,1.106999993,3.23205018,9.367950439
18.97031949,1.116000056,3.226950169,9.150000572
18.97284349,1.17900002,3.166950226,9.126000404
18.97536749,1.155000091,3.106950045,9.162000656
18.97789127,1.021050096,3.178950071,9.202950478
18.98041527,1.186050057,3.280050039,8.548950195
18.98293927,0.9750000238,3.033000231,9.624000549
18.98546326,0.9870000482,3.268050194,8.86605072
18.98798719,0.6090000272,3.394050121,9.05700016
18.99051118,0.5509500504,3.378000259,9.364050865
18.99303518,0.5590500236,3.454050064,9.157950401
18.99555918,0.3450000286,3.325050116,9.394950867
18.99808296,0.6330000162,3.65805006,9.193950653
19.00060695,0.3450000286,3.484950066,8.965950012
19.00313095,0.4480500221,3.44505024,10.11495018
19.00565488,0.3049500287,3.532950163,9.141000748
19.00817886,0.2830500007,3.579000235,9.202950478
19.01070286,0.3169500232,3.471000195,9.679950714
19.01322686,0.1950000077,3.442050219,9.364050865
19.01575087,0.1870500147,3.508950233,9.298950195
19.01827464,0.2710500062,3.517050266,9.459000587
19.02079864,0.2860500216,3.550050259,9.244050026
19.02332265,0.3450000286,3.634050131,9.141000748
19.02584665,0.4080000222,3.660000086,9.130949974
19.02837058,0.42900002,3.730050087,9.091050148
19.03089457,0.4129500091,3.801000118,8.977950096
19.03341854,0.3840000033,3.837000132,9.028050423
19.03594254,0.4410000145,3.841950178,9.172050476
19.03846632,0.3570000231,3.861000299,8.98800087
19.04099031,0.1590000093,3.949950218,9.316050529
19.04351431,0.4630500078,3.805950165,8.557050705
19.04603831,0.3100500107,3.592950106,9.409049988
19.04856224,0.4890000224,3.792000294,8.896950722
19.05108624,0.3289500177,3.769950151,8.949000359
19.05361024,0.2539499998,3.670050144,8.947050095
19.05613401,0.1900500059,3.607950211,9.196050644
19.05865824,0.1080000028,3.687000275,8.889000893
19.06118201,-0.1080000028,3.744000196,9.034950256
19.06370601,-0.09405000508,3.736950159,8.953950882
19.06623001,-0.1969500035,3.769950151,9.141000748
19.06875401,-0.2449500114,3.82095027,9.058950424
19.07127791,-0.3310500085,3.837000132,9.025950432
19.07380191,-0.42900002,3.652950287,9.265050888
19.07632591,0.0889500007,3.92805028,8.980050087
19.07884991,-0.4680000246,3.907050133,8.482049942
19.08137367,-0.3690000176,3.598050117,9.945000648
19.08389767,-0.3360000253,3.730050087,8.758049965
19.08642167,-0.3360000253,3.748950243,9.004050255
19.08894567,-0.3139500022,3.676950216,9.160050392
19.09146959,-0.3000000119,3.588000059,9.081000328
19.09399359,-0.2659500241,3.622050285,9.05700016
19.09651759,-0.4200000167,3.619050264,9.280050278
19.09904159,-0.4270500243,3.619050264,9.10695076
19.10156536,-0.319050014,3.652950287,9.234000206
19.10408936,-0.337950021,3.646050215,9.262950897
19.10661336,-0.319050014,3.675000191,9.141000748
19.10913736,-0.1440000087,3.610050201,9.265050888
19.11166129,-0.1830000132,3.615000248,9.280050278
19.11418529,-0.1800000072,3.63105011,9.12195015
19.11670929,-0.106050007,3.574050188,9.208050728
19.11923329,-0.1129500046,3.555000067,9.210000038
19.12175706,-0.2230500132,3.559950113,9.12405014
19.12428107,-0.2380500138,3.505050182,9.17895031
19.12680507,-0.3120000064,3.502050161,9.244050026
19.12932907,-0.3960000277,3.520950079,9.129000664
19.131853,-0.4480500221,3.478050232,9.222000122
19.13437701,-0.4270500243,3.499950171,9.261000633
19.13690101,-0.4750500321,3.535950184,9.109950066
19.13942501,-0.4800000191,3.483000278,9.214950562
19.14194878,-0.4579500258,3.483000278,9.244050026
19.14447276,-0.4939500093,3.5239501,9.142950058
19.14699676,-0.5299500227,3.484950066,9.220050812
19.14952076,-0.5059500337,3.505050182,9.319950104
19.15204468,-0.4630500078,3.520950079,9.190950394
19.15456868,-0.4360500276,3.511950254,9.234000206
19.15709268,-0.3739500046,3.438000202,9.354000092
19.15961668,-0.2470500171,3.454050064,9.25605011
19.16214068,-0.1780500114,3.433050156,9.210000038
19.16466446,-0.07695000619,3.421050072,9.30795002
19.16718846,-0.02895000204,3.450000048,9.196050644
19.16971246,-0.02505000122,3.478050232,9.202950478
19.17223646,0.003000000026,3.499950171,9.277050018
19.17476038,-0.01005000062,3.5400002,9.237000465
19.17728438,-0.05100000277,3.571950197,9.277050018
19.17980838,-0.03195000067,3.607950211,9.349050522
19.18233238,-0.001050000079,3.607950211,9.268050194
19.18485613,-0.07500000298,3.592950106,9.37305069
19.18738013,-0.05295000225,3.562050104,9.475950241
19.18990413,0.09600000083,3.574050188,9.490050316
19.19242813,-0.1900500059,3.639000177,9.258000374
19.19495205,-0.2260500044,3.484950066,9.580950737
19.19747605,0.0150000006,3.47295022,9.426000595
19.20000008,-0.07995000482,3.544950247,9.409049988
19.20252408,0.1249500066,3.520950079,9.382950783
19.20504785,0.1039500013,3.592950106,9.466050148
19.20757185,0.06795000285,3.628950119,9.409049988
19.21009585,0.1639500111,3.616950274,9.423000336
19.21261985,0.1800000072,3.663000107,9.322950363
19.21514377,0.2070000172,3.682050228,9.253050804
19.21766777,0.2830500007,3.640950203,9.220050812
19.22019177,0.2620500028,3.634050131,9.138000488
19.22271577,0.3000000119,3.567000151,9.069000244
19.22523954,0.3019500077,3.529050112,9.136050224
19.22776354,0.3619500101,3.538050175,9.0499506
19.23028754,0.3430500031,3.5239501,9.05700016
19.23281154,0.3529500067,3.457050085,9.093000412
19.23533547,0.3430500031,3.511950254,9.028050423
19.23785949,0.228000015,3.499950171,9.021000862
19.24038349,0.1969500035,3.439950228,9.118950844
19.24290749,0.08700000495,3.502050161,9.082950592
19.24543126,0.05100000277,3.493050098,9.082950592
19.24795528,0.03195000067,3.478050232,9.18405056
19.25047928,-0.04905000329,3.531000137,9.160050392
19.25300328,-0.0270000007,3.475950241,9.196050644
19.25552728,-0.01695000008,3.478050232,9.274950027
19.2580512,-0.03405000269,3.507000208,9.238950729
19.2605752,0.03405000269,3.481050253,9.234000206
19.2630992,0.09195000678,3.478050232,9.318000793
19.2656232,0.05295000225,3.517050266,9.238950729
19.26814696,0.1300500035,3.484950066,9.24600029
19.27067095,0.1969500035,3.493050098,9.319950104
19.27319495,0.1519500017,3.544950247,9.210000038
19.27571894,0.1369500011,3.559950113,9.214950562
19.27824286,0.1540500075,3.58095026,9.301050186
19.28076686,0.2209500074,3.615000248,9.196050644
19.28329086,0.1350000054,3.586050272,9.100049973
19.28581485,0.2070000172,3.547950268,9.349050522
19.28833862,0.3840000033,3.616950274,8.944950104
19.29086263,0.4360500276,3.5400002,9.032999992
19.29338663,0.5590500236,3.5239501,9.160050392
19.29591063,0.405000031,3.583950281,8.944950104
19.29843455,0.3739500046,3.556950092,9.021000862
19.30095855,0.3409500122,3.535950184,9.205050468
19.30348255,0.2569500208,3.579000235,9.109950066
19.30600655,0.2639999986,3.586050272,9.118950844
19.30853032,0.3000000119,3.562050104,9.225000381
19.31105432,0.2830500007,3.598050117,9.12405014
19.31357832,0.3120000064,3.568950176,9.150000572
19.31610232,0.3979500234,3.559950113,9.225000381
19.31862624,0.3889500201,3.607950211,9.088050842
19.32115024,0.3430500031,3.607950211,9.126000404
19.32367424,0.2980500162,3.640950203,9.210000038
19.32619824,0.3000000119,3.643050194,9.12195015
19.32872201,0.3019500077,3.670050144,9.210000038
19.331246,0.2209500074,3.660000086,9.301050186
19.33377,0.228000015,3.69900012,9.268050194
19.336294,0.2449500114,3.67200017,9.292050362
19.33881803,0.1830000132,3.663000107,9.418950081
19.34134195,0.2929500043,3.660000086,9.328050613
19.34386595,0.2520000041,3.660000086,9.331950188
19.34638997,0.2860500216,3.628950119,9.358950615
19.34891397,0.2830500007,3.616950274,9.277050018
19.35143774,0.2620500028,3.60495019,9.261000633
19.35396174,0.3259500265,3.615000248,9.226950645
19.35648573,0.3480000198,3.622050285,9.12195015
19.35900973,0.4009500146,3.598050117,9.05700016
19.36153366,0.4459500313,3.600000143,9.058950424
19.36405765,0.4150500298,3.595950127,8.944950104
19.36658165,0.3600000143,3.562050104,8.973000526
19.36910565,0.3019500077,3.567000151,9.021000862
19.37162942,0.2310000062,3.598050117,8.977950096
19.37415342,0.1279500127,3.579000235,9.021000862
19.37667742,0.08700000495,3.555000067,9.11700058
19.37920142,0.06795000285,3.574050188,9.061950684
19.38172532,0.04395000264,3.519000053,9.130949974
19.38424931,0.01995000057,3.484950066,9.244050026
19.38677331,-0.0270000007,3.507000208,9.172050476
19.38929731,-0.04095000029,3.483000278,9.234000206
19.39182108,-0.06105000153,3.475950241,9.301050186
19.39434508,-0.08700000495,3.495000124,9.237000465
19.39686908,-0.09600000083,3.495000124,9.234000206
19.39939308,-0.09900000691,3.517050266,9.319950104
19.40191701,-0.1080000028,3.556950092,9.244050026
19.40444098,-0.06795000285,3.56400013,9.283950806
19.40696498,-0.04605000094,3.56400013,9.328050613
19.40948898,-0.007950000465,3.595950127,9.250950813
19.41201275,0.004950000439,3.583950281,9.29595089
19.41453676,0.07304999977,3.59100008,9.346950531
19.41706076,0.1110000089,3.603000164,9.208050728
19.41958476,0.1639500111,3.588000059,9.25605011
19.42210876,0.1900500059,3.571950197,9.318000793
19.42463267,0.2190000117,3.568950176,9.190950394
19.42715667,0.2449500114,3.547950268,9.205050468
19.42968067,0.2710500062,3.526050091,9.261000633
19.43220467,0.2899500132,3.547950268,9.157950401
19.43472848,0.2710500062,3.535950184,9.164999962
19.43725248,0.2470500171,3.544950247,9.222000122
19.43977648,0.2500500083,3.576000214,9.148050308
19.44230048,0.2190000117,3.579000235,9.166950226
19.4448244,0.2040000111,3.559950113,9.210000038
19.4473484,0.1420500129,3.556950092,9.17400074
19.4498724,0.09600000083,3.5239501,9.210000038
19.4523964,0.07500000298,3.483000278,9.265050888
19.45492017,0.04605000094,3.483000278,9.17895031
19.45744417,0.04395000264,3.471000195,9.222000122
19.45996817,0.09600000083,3.484950066,9.273000717
19.46249216,0.1420500129,3.502050161,9.220050812
19.46501609,0.2449500114,3.49695015,9.232050896
19.46754009,0.3000000119,3.49695015,9.318000793
19.47006409,0.3769500256,3.5400002,9.214950562
19.47258809,0.4099500179,3.511950254,9.225000381
19.47511209,0.4600500166,3.532950163,9.268050194
19.47763588,0.4920000136,3.583950281,9.154950142
19.48015988,0.5470499992,3.562050104,9.141000748
19.48268388,0.6090000272,3.568950176,9.234000206
19.4852078,0.6180000305,3.568950176,9.11700058
19.48773181,0.6379500031,3.615000248,9.145950317
19.4902558,0.5490000248,3.610050201,9.019050598
19.4927798,0.6060000062,3.588000059,9.262950897
19.49530381,0.5629500151,3.622050285,9.148050308
19.49782759,0.4770000279,3.639000177,9.164999962
19.50035159,0.4200000167,3.640950203,9.24105072
19.50287559,0.3769500256,3.628950119,9.282000542
19.50539959,0.3360000253,3.624000072,9.265050888
19.5079235,0.3000000119,3.627000093,9.277050018
19.51044758,0.2880000174,3.615000248,9.30600071
19.5129715,0.2860500216,3.615000248,9.310950279
19.5154955,0.2689500153,3.624000072,9.249000549
19.51801927,0.2620500028,3.592950106,9.234000206
19.52054327,0.228000015,3.586050272,9.25605011
19.52306727,0.2230500132,3.598050117,9.160050392
19.52559127,0.2430000156,3.583950281,9.169950485
19.52811519,0.3310500085,3.556950092,9.164999962
19.53063918,0.4270500243,3.586050272,9.079050064
19.53316318,0.5560500026,3.579000235,9.0499506
19.53568718,0.6420000196,3.571950197,9.025950432
19.53821096,0.6780000329,3.571950197,8.949000359
19.54073496,0.7189500332,3.550050259,8.959050179
19.54325896,0.724050045,3.600000143,9.009000778
19.54578296,0.7050000429,3.627000093,8.965950012
19.54830687,0.7170000076,3.634050131,8.983050346
19.55083087,0.7290000319,3.616950274,9.05505085
19.55335487,0.7500000596,3.67200017,9.016050339
19.55587887,0.7450500131,3.67200017,9.040050507
19.55840288,0.7759500146,3.643050194,9.129000664
19.56092665,0.7570500374,3.675000191,9.097949982
19.56345065,0.7360500097,3.720000267,9.148050308
19.56597466,0.724050045,3.71295023,9.213000298
19.56849866,0.6709500551,3.760950089,9.193950653
19.57102258,0.6660000086,3.781950235,9.225000381
19.57354657,0.6540000439,3.775050163,9.301050186
19.57607057,0.6300000548,3.841950178,9.24105072
19.57859457,0.6570000052,3.829950094,9.262950897
19.58111834,0.6589500308,3.837000132,9.352050781
19.58364257,0.6540000439,3.871050119,9.253050804
19.58616634,0.6880500317,3.816000223,9.250950813
19.58869034,0.6780000329,3.792000294,9.340050697
19.59121425,0.6690000296,3.805950165,9.226950645
19.59373825,0.6660000086,3.754050255,9.17400074
19.59626225,0.7140000463,3.679050207,9.30600071
19.59878625,0.7069500089,3.675000191,9.201000214
19.60130999,0.6709500551,3.652950287,9.126000404
19.60383399,0.7309500575,3.583950281,9.225000381
19.60635799,0.721050024,3.579000235,9.166950226
19.60888199,0.7120500207,3.552000284,9.076050758
19.61140593,0.7450500131,3.478050232,9.205050468
19.61392992,0.7450500131,3.493050098,9.04695034
19.61645393,0.7810500264,3.433050156,9.040050507
19.61897793,0.7570500374,3.41595006,9.145950317
19.62150193,0.6780000329,3.459000111,9.043050766
19.6240257,0.7170000076,3.351000071,9.031050682
19.6265497,0.9559500217,3.399000168,9.172050476
19.6290737,0.7549500465,3.361050129,8.944950104
19.63159762,0.9270000458,3.339000225,9.133950233
19.63412162,0.8910000324,3.373050213,9.073950768
19.63664562,0.835950017,3.435000181,8.956050873
19.63916959,0.835950017,3.394050121,9.085950851
19.64169359,0.8050500154,3.439950228,9.136050224
19.64421736,0.6900000572,3.505050182,9.076050758
19.64674158,0.6619500518,3.520950079,9.129000664
19.64926535,0.5800500512,3.555000067,9.238950729
19.65178935,0.565950036,3.603000164,9.201000214
19.65431327,0.5130000114,3.622050285,9.265050888
19.65683727,0.4939500093,3.600000143,9.366000175
19.65936127,0.4800000191,3.634050131,9.322950363
19.66188527,0.4440000355,3.64800024,9.337050438
19.66440903,0.3859500289,3.640950203,9.426000595
19.66693303,0.3529500067,3.640950203,9.385050774
19.66945703,0.2860500216,3.67200017,9.375
19.67198103,0.2329500169,3.640950203,9.430950165
19.67450503,0.1780500114,3.67200017,9.322950363
19.67702896,0.184950009,3.619050264,9.375
19.67955295,0.1300500035,3.616950274,9.414000511
19.68207695,0.118050009,3.652950287,9.244050026
19.68460072,0.1950000077,3.583950281,9.304050446
19.68712472,0.2310000062,3.562050104,9.379950523
19.68964872,0.2400000095,3.559950113,9.220050812
19.69217272,0.295050025,3.511950254,9.220050812
19.69469673,0.3769500256,3.483000278,9.232050896
19.69722073,0.4150500298,3.471000195,9.064050674
19.69974466,0.4480500221,3.457050085,9.082950592
19.70226866,0.4650000334,3.439950228,9.061950684
19.70479264,0.4480500221,3.460950136,8.98500061
19.70731641,0.4009500146,3.454050064,9.004050255
19.70984041,0.3619500101,3.466050148,9.069000244
19.71236441,0.337950021,3.508950233,9.009000778
19.71488842,0.295050025,3.520950079,9.043050766
19.71741234,0.2400000095,3.543000221,9.148050308
19.71993642,0.2449500114,3.600000143,9.082950592
19.72246036,0.2569500208,3.619050264,9.045000076
19.72498436,0.2230500132,3.607950211,9.157950401
19.72750836,0.1950000077,3.607950211,9.169950485
19.73003215,0.1609500051,3.63105011,9.164999962
19.73255615,0.09600000083,3.600000143,9.238950729
19.73508015,0.08700000495,3.65805006,9.18900013
19.73760408,0.08400000632,3.63105011,9.220050812
19.74012807,0.0889500007,3.675000191,9.229050636
19.74265207,0.07304999977,3.727050066,9.17895031
19.74517607,0.09195000678,3.720000267,9.217050552
19.7477001,0.1560000032,3.720000267,9.237000465
19.75022387,0.1870500147,3.7660501,9.198000908
19.7527481,0.1800000072,3.757950068,9.148050308
19.75527187,0.2140500098,3.742050171,9.202950478
19.75779587,0.2500500083,3.71295023,9.157950401
19.76031986,0.2590500116,3.684000254,9.201000214
19.76284379,0.3019500077,3.687000275,9.18900013
19.76536779,0.3619500101,3.63105011,9.138000488
19.76789178,0.3720000088,3.615000248,9.186000824
19.77041578,0.3450000286,3.60495019,9.169950485
19.77293956,0.3840000033,3.583950281,9.070950508
19.77546356,0.433950007,3.576000214,9.145950317
19.77798754,0.4510500133,3.586050272,9.088050842
19.78051146,0.49605003,3.579000235,9.040050507
19.78303554,0.5350500345,3.627000093,9.040050507
19.78555947,0.5730000138,3.63105011,9.009000778
19.78808346,0.5490000248,3.682050228,8.896950722
19.79060746,0.565950036,3.69900012,8.929950714
19.79313146,0.5200500488,3.679050207,9.019050598
19.79565523,0.4680000246,3.684000254,9.0
19.79817923,0.4390500188,3.655050278,9.031050682
19.80070316,0.3960000277,3.646050215,9.130949974
19.80322716,0.3480000198,3.660000086,9.064050674
19.80575118,0.3289500177,3.63105011,9.162000656
19.80827518,0.2980500162,3.639000177,9.208050728
19.81079918,0.2830500007,3.670050144,9.17895031
19.81332318,0.3139500022,3.670050144,9.238950729
19.81584696,0.3100500107,3.64800024,9.261000633
19.81837096,0.2809500098,3.667050123,9.253050804
19.82089488,0.2620500028,3.691050291,9.25605011
19.82341887,0.3220500052,3.643050194,9.262950897
19.82594287,0.3139500022,3.67200017,9.268050194
19.82846687,0.3070500195,3.627000093,9.253050804
19.83099089,0.3739500046,3.598050117,9.334950447
19.83351489,0.3139500022,3.615000248,9.217050552
19.83603866,0.337950021,3.56400013,9.232050896
19.83856266,0.3570000231,3.5239501,9.340050697
19.84108664,0.337950021,3.547950268,9.249000549
19.84361056,0.3529500067,3.543000221,9.238950729
19.84613464,0.4579500258,3.495000124,9.273000717
19.84865856,0.5440500379,3.493050098,9.166950226
19.85118256,0.5730000138,3.460950136,9.181950569
19.85370656,0.5970000029,3.47295022,9.145950317
19.85623056,0.6090000272,3.502050161,9.115050316
19.85875433,0.5560500026,3.487950087,9.115050316
19.86127833,0.5779500008,3.490050077,9.17895031
19.86380233,0.5590500236,3.511950254,9.070950508
19.86632633,0.5059500337,3.531000137,9.164999962
19.86885025,0.4480500221,3.495000124,9.24600029
19.87137425,0.4840500355,3.559950113,9.164999962
19.87389825,0.4510500133,3.574050188,9.148050308
19.87642225,0.4870500267,3.595950127,9.181950569
19.87894602,0.4939500093,3.640950203,9.081000328
19.88147002,0.5370000005,3.65805006,9.021000862
19.88399402,0.5509500504,3.640950203,9.05700016
19.88651794,0.5130000114,3.622050285,9.142950058
19.88904194,0.4990500212,3.628950119,9.085950851
19.89156594,0.4200000167,3.640950203,9.141000748
19.89408994,0.3550500274,3.660000086,9.177000046
19.89661394,0.3550500274,3.646050215,9.214950562
19.89913794,0.3360000253,3.64800024,9.29595089
19.90166171,0.3220500052,3.670050144,9.250950813
19.90418571,0.3100500107,3.65805006,9.25605011
19.90670969,0.3220500052,3.622050285,9.343950272
19.90923362,0.3070500195,3.624000072,9.322950363
19.91175762,0.3070500195,3.622050285,9.270000458
19.91428163,0.2740500271,3.615000248,9.294000626
19.91680563,0.2520000041,3.607950211,9.253050804
19.91932963,0.2500500083,3.60495019,9.262950897
19.92185341,0.1990500093,3.592950106,9.268050194
19.9243774,0.184950009,3.610050201,9.25605011
19.9269014,0.1710000038,3.603000164,9.232050896
19.9294254,0.2209500074,3.567000151,9.294000626
19.93194933,0.1920000017,3.603000164,9.213000298
19.93447333,0.1870500147,3.592950106,9.222000122
19.93699733,0.1800000072,3.535950184,9.277050018
19.93952133,0.1440000087,3.56400013,9.24105072
19.9420451,0.1159500033,3.547950268,9.198000908
19.94456909,0.06300000101,3.547950268,9.280050278
19.94709309,0.07005000114,3.550050259,9.214950562
19.94961709,0.1489500105,3.520950079,9.164999962
19.95214101,0.2639999986,3.517050266,9.164999962
19.95466502,0.364950031,3.543000221,9.032999992
19.95718902,0.4579500258,3.543000221,8.953950882
19.95971302,0.4510500133,3.529050112,8.901000023
19.96223702,0.42900002,3.562050104,8.842050552
19.96476081,0.3859500289,3.574050188,8.839050293
19.9672848,0.319050014,3.607950211,8.877000809
19.9698088,0.2639999986,3.640950203,8.877000809
19.97233272,0.2020500153,3.64800024,8.971050262
19.97485672,0.1830000132,3.663000107,9.069000244
19.97738072,0.1540500075,3.694050074,9.10695076
19.97990472,0.1039500013,3.675000191,9.181950569
19.9824287,0.09195000678,3.664950132,9.25605011
19.98495247,0.07005000114,3.687000275,9.261000633
19.98747647,0.04605000094,3.65805006,9.310950279
19.99000046,0.05295000225,3.663000107,9.330000877
19.99252446,0.02205000073,3.682050228,9.319950104
19.99504838,-0.01995000057,3.682050228,9.304050446
19.99757237,-0.01305000018,3.684000254,9.354000092
20.00009614,-0.01305000018,3.696000099,9.286950111
20.00262037,0.01005000062,3.694050074,9.289050102
20.00514437,0.007950000465,3.709950209,9.273000717
20.00766814,0.07995000482,3.696000099,9.226950645
20.01019215,0.0889500007,3.684000254,9.237000465
20.01271615,0.1300500035,3.646050215,9.274950027
20.01524015,0.1469999999,3.651000261,9.220050812
20.01776408,0.1710000038,3.682050228,9.157950401
20.02028807,0.2089500129,3.65805006,9.091050148
20.02281207,0.2310000062,3.622050285,9.073950768
20.02533607,0.2539499998,3.550050259,9.166950226
20.02785985,0.2380500138,3.507000208,9.17400074
20.03038385,0.2140500098,3.484950066,9.118950844
20.03290785,0.2110500038,3.469050169,9.154950142
20.03543185,0.1870500147,3.450000048,9.196050644
20.03795579,0.1920000017,3.483000278,9.129000664
20.04047978,0.2160000056,3.483000278,9.118950844
20.04300378,0.2500500083,3.478050232,9.12405014
20.04552778,0.2590500116,3.514050245,9.138000488
20.04805156,0.2620500028,3.526050091,9.10695076
20.05057555,0.2590500116,3.568950176,9.12405014
20.05309955,0.2520000041,3.56400013,9.136050224
20.05562355,0.2449500114,3.568950176,9.198000908
20.05814747,0.2260500044,3.56400013,9.196050644
20.06067147,0.228000015,3.592950106,9.186000824
20.06319547,0.2400000095,3.592950106,9.196050644
20.06571947,0.2449500114,3.588000059,9.229050636
20.06824347,0.2830500007,3.607950211,9.169950485
20.07076724,0.2710500062,3.60495019,9.210000038
20.07329124,0.2779500186,3.615000248,9.258000374
20.07581523,0.2639999986,3.627000093,9.217050552
20.07833923,0.2329500169,3.627000093,9.229050636
20.08086316,0.2430000156,3.607950211,9.304050446
20.08338713,0.2329500169,3.652950287,9.265050888
20.0859109,0.2230500132,3.652950287,9.261000633
20.08843513,0.2380500138,3.639000177,9.30600071
20.09095889,0.2380500138,3.639000177,9.262950897
20.09348288,0.2929500043,3.616950274,9.226950645
20.09600688,0.3100500107,3.586050272,9.213000298
20.09853089,0.3430500031,3.56400013,9.130949974
20.10105481,0.337950021,3.535950184,9.126000404
20.10357881,0.2860500216,3.5239501,9.145950317
20.10610281,0.2620500028,3.526050091,9.112050056
20.10862681,0.2230500132,3.5239501,9.100049973
20.1111506,0.1920000017,3.5239501,9.12195015
20.1136746,0.1609500051,3.535950184,9.148050308
20.1161986,0.1469999999,3.532950163,9.17895031
20.1187226,0.1750500053,3.556950092,9.17400074
20.12124661,0.2089500129,3.559950113,9.129000664
20.12377053,0.2400000095,3.576000214,9.136050224
20.12629453,0.2569500208,3.576000214,9.130949974
20.12881853,0.2620500028,3.59100008,9.100049973
20.13134252,0.2569500208,3.619050264,9.082950592
20.1338663,0.2209500074,3.610050201,9.10695076
20.13639029,0.184950009,3.627000093,9.12195015
20.13891429,0.1590000093,3.646050215,9.130949974
20.1414383,0.106050007,3.655050278,9.11700058
20.14396222,0.09600000083,3.663000107,9.169950485
20.14648622,0.0889500007,3.646050215,9.273000717
20.14901022,0.06795000285,3.688950062,9.238950729
20.15153424,0.0580500029,3.703050137,9.213000298
20.15405801,0.08400000632,3.670050144,9.280050278
20.156582,0.07695000619,3.679050207,9.286950111
20.159106,0.09600000083,3.700950146,9.229050636
20.16163003,0.04095000029,3.675000191,9.261000633
20.16415395,0.04395000264,3.660000086,9.274950027
20.16667795,0.004950000439,3.67200017,9.205050468
20.16920195,-0.02895000204,3.636000156,9.238950729
20.17172574,-0.01695000008,3.643050194,9.24105072
20.17424974,0.0150000006,3.636000156,9.172050476
20.17677374,0.09600000083,3.619050264,9.162000656
20.17929773,0.1680000126,3.612000227,9.145950317
20.18182173,0.2310000062,3.612000227,9.06704998
20.18434573,0.2380500138,3.600000143,9.058950424
20.18686965,0.2639999986,3.592950106,9.070950508
20.18939363,0.2639999986,3.592950106,9.032999992
20.19191763,0.2470500171,3.588000059,9.070950508
20.19444163,0.2329500169,3.58095026,9.118950844
20.1969654,0.2430000156,3.60495019,9.073950768
20.1994894,0.2620500028,3.576000214,9.093000412
20.2020134,0.2710500062,3.576000214,9.12195015
20.2045374,0.2760000229,3.600000143,9.105000496
20.20706133,0.2689500153,3.583950281,9.133950233
20.20958533,0.2430000156,3.603000164,9.17400074
20.21210933,0.2350500077,3.640950203,9.097949982
20.21463332,0.1969500035,3.628950119,9.157950401
20.21715709,0.1800000072,3.628950119,9.213000298
20.21968109,0.1440000087,3.67200017,9.17400074
20.22220509,0.1609500051,3.670050144,9.220050812
20.22472909,0.1729500145,3.646050215,9.273000717
20.22725301,0.1710000038,3.684000254,9.232050896
20.22977701,0.1900500059,3.667050123,9.261000633
20.23230101,0.1900500059,3.664950132,9.316050529
20.23482501,0.1950000077,3.667050123,9.270000458
20.23734901,0.1990500093,3.652950287,9.282000542
20.23987279,0.1920000017,3.63105011,9.289050102
20.24239678,0.1680000126,3.636000156,9.229050636
20.24492078,0.1560000032,3.60495019,9.205050468
20.24744478,0.1710000038,3.592950106,9.237000465
20.24996871,0.1950000077,3.576000214,9.160050392
20.25249271,0.2310000062,3.559950113,9.141000748
20.25501672,0.2740500271,3.555000067,9.162000656
20.25754072,0.3310500085,3.543000221,9.10695076
20.26006449,0.4080000222,3.526050091,9.103050232
20.26258849,0.4240500331,3.505050182,9.105000496
20.2651125,0.4650000334,3.514050245,9.05505085
20.2676365,0.4870500267,3.514050245,9.061950684
20.27016042,0.4840500355,3.520950079,9.097949982
20.27268442,0.4459500313,3.544950247,9.079050064
20.27520841,0.433950007,3.559950113,9.100049973
20.27773241,0.3960000277,3.56400013,9.169950485
20.28025641,0.4030500054,3.583950281,9.138000488
20.28278018,0.3889500201,3.59100008,9.162000656
20.28530418,0.3930000067,3.579000235,9.268050194
20.28782818,0.4030500054,3.59100008,9.222000122
20.29035218,0.4080000222,3.615000248,9.24105072
20.2928761,0.405000031,3.624000072,9.310950279
20.2954001,0.433950007,3.639000177,9.270000458
20.2979241,0.4219500124,3.640950203,9.274950027
20.30044809,0.4390500188,3.646050215,9.310950279
20.30297186,0.4480500221,3.652950287,9.261000633
20.30549586,0.4510500133,3.643050194,9.280050278
20.30801986,0.4410000145,3.639000177,9.301050186
20.31054386,0.4200000167,3.622050285,9.238950729
20.31306778,0.4129500091,3.598050117,9.238950729
20.31559178,0.4480500221,3.59100008,9.232050896
20.31811576,0.4579500258,3.579000235,9.17400074
20.32063976,0.4680000246,3.5400002,9.17895031
20.32316353,0.4650000334,3.520950079,9.186000824
20.32568753,0.4410000145,3.529050112,9.130949974
20.32821152,0.4360500276,3.502050161,9.10695076
20.33073552,0.4320000112,3.487950087,9.109950066
20.33325945,0.4219500124,3.483000278,9.058950424
20.33578345,0.4150500298,3.493050098,9.052050591
20.33830744,0.3859500289,3.493050098,9.0499506
20.34083144,0.3550500274,3.49695015,9.034950256
20.34335544,0.3120000064,3.520950079,9.06704998
20.34587921,0.3019500077,3.508950233,9.148050308
20.34840322,0.2929500043,3.556950092,9.126000404
20.35092722,0.2830500007,3.60495019,9.105000496
20.35345122,0.2899500132,3.639000177,9.154950142
20.35597515,0.3619500101,3.670050144,9.109950066
20.35849918,0.3570000231,3.646050215,9.196050644
20.36102318,0.3739500046,3.622050285,9.318000793
20.36354718,0.3499500155,3.675000191,9.238950729
20.36607095,0.3409500122,3.652950287,9.250950813
20.36859493,0.3310500085,3.624000072,9.403950691
20.37111893,0.3310500085,3.636000156,9.292050362
20.37364293,0.3499500155,3.670050144,9.270000458
20.37616686,0.3739500046,3.664950132,9.31305027
20.37869084,0.4270500243,3.67200017,9.214950562
20.38121484,0.5110500455,3.670050144,9.213000298
20.38373884,0.5539500117,3.679050207,9.198000908
20.38626284,0.6300000548,3.691050291,9.097949982
20.38878661,0.6570000052,3.679050207,9.109950066
20.39131061,0.6690000296,3.634050131,9.157950401
20.39383461,0.6450000405,3.627000093,9.082950592
20.3963586,0.6520500183,3.607950211,9.112050056
20.39888253,0.6060000062,3.586050272,9.145950317
20.40140652,0.5539500117,3.574050188,9.11700058
20.40393052,0.5200500488,3.552000284,9.12195015
20.40645454,0.4939500093,3.520950079,9.17400074
20.40897831,0.4440000355,3.535950184,9.133950233
20.4115023,0.4009500146,3.517050266,9.130949974
20.41402628,0.3529500067,3.526050091,9.166950226
20.41655028,0.3169500232,3.544950247,9.129000664
20.4190742,0.2689500153,3.547950268,9.141000748
20.42159821,0.2430000156,3.552000284,9.196050644
20.42412221,0.2160000056,3.559950113,9.150000572
20.42664621,0.2020500153,3.556950092,9.181950569
20.42917021,0.1900500059,3.552000284,9.217050552
20.43169396,0.1780500114,3.58095026,9.169950485
20.43421796,0.1750500053,3.58095026,9.208050728
20.43674196,0.166050002,3.576000214,9.234000206
20.43926596,0.184950009,3.588000059,9.229050636
20.44178989,0.2089500129,3.567000151,9.249000549
20.44431389,0.2260500044,3.576000214,9.270000458
20.44683789,0.2449500114,3.60495019,9.202950478
20.44936189,0.2809500098,3.60495019,9.213000298
20.45188565,0.3100500107,3.595950127,9.238950729
20.45440965,0.337950021,3.592950106,9.202950478
20.45693365,0.3139500022,3.586050272,9.181950569
20.45945765,0.3310500085,3.615000248,9.205050468
20.46198158,0.3450000286,3.619050264,9.162000656
20.46450558,0.3259500265,3.607950211,9.157950401
20.46702958,0.3259500265,3.610050201,9.181950569
20.46955358,0.3259500265,3.619050264,9.109950066
20.47207736,0.337950021,3.619050264,9.105000496
20.47460136,0.4219500124,3.592950106,9.11700058
20.47712536,0.4480500221,3.586050272,9.043050766
20.47964936,0.4770000279,3.607950211,9.0
20.48217336,0.4680000246,3.579000235,9.032999992
20.48469728,0.42900002,3.598050117,9.024000168
20.48722128,0.3450000286,3.610050201,9.040050507
20.48974528,0.2659500241,3.640950203,9.091050148
20.49226931,0.2209500074,3.640950203,9.12195015
20.49479308,0.1780500114,3.651000261,9.141000748
20.49731708,0.1350000054,3.64800024,9.160050392
20.49984108,0.1440000087,3.64800024,9.162000656
20.50236508,0.1399500072,3.646050215,9.213000298
20.504889,0.08700000495,3.639000177,9.268050194
20.507413,0.05595000088,3.667050123,9.193950653
20.509937,-0.003000000026,3.65805006,9.220050812
20.512461,-0.01305000018,3.628950119,9.337050438
20.51498476,-0.03195000067,3.628950119,9.301050186
20.51750876,-0.02505000122,3.612000227,9.283950806
20.52003276,-0.02895000204,3.615000248,9.342000008
20.52255676,-0.0390000008,3.612000227,9.316050529
20.52508064,-0.004950000439,3.612000227,9.294000626
20.52760464,0.001050000079,3.576000214,9.364050865
20.53012864,-0.05295000225,3.619050264,9.226950645
20.53265264,0.03705000132,3.544950247,9.382950783
20.53517665,-0.04605000094,3.544950247,9.29595089
20.53770042,0.007950000465,3.543000221,9.270000458
20.54022442,-0.04095000029,3.508950233,9.292050362
20.54274842,-0.001050000079,3.475950241,9.354000092
20.54527242,0.01695000008,3.487950087,9.226950645
20.54779635,0.04395000264,3.471000195,9.220050812
20.55032035,0.1159500033,3.438000202,9.258000374
20.55284435,0.1489500105,3.447000265,9.208050728
20.55536836,0.1440000087,3.454050064,9.166950226
20.55789213,0.1639500111,3.466050148,9.18900013
20.56041613,0.1780500114,3.481050253,9.115050316
20.56294012,0.1830000132,3.478050232,9.133950233
20.56546412,0.2310000062,3.495000124,9.136050224
20.56798805,0.2260500044,3.514050245,9.06704998
20.57051204,0.2140500098,3.499950171,9.145950317
20.57303603,0.2040000111,3.550050259,9.162000656
20.57556003,0.2020500153,3.583950281,9.085950851
20.57808403,0.1870500147,3.595950127,9.150000572
20.5806078,0.184950009,3.58095026,9.190950394
20.5831318,0.1900500059,3.598050117,9.150000572
20.5856558,0.1990500093,3.600000143,9.208050728
20.5881798,0.1780500114,3.636000156,9.210000038
20.5907038,0.1800000072,3.663000107,9.166950226
20.59322773,0.1870500147,3.643050194,9.238950729
20.59575173,0.2040000111,3.663000107,9.268050194
20.59827573,0.2260500044,3.691050291,9.213000298
20.6007995,0.2779500186,3.675000191,9.196050644
20.6033235,0.3049500287,3.687000275,9.234000206
20.6058475,0.324000001,3.69900012,9.17895031
20.6083715,0.3690000176,3.664950132,9.186000824
20.61089542,0.4219500124,3.691050291,9.18405056
20.6134195,0.4819500148,3.694050074,9.129000664
20.61594343,0.5059500337,3.675000191,9.138000488
20.61846743,0.5509500504,3.619050264,9.126000404
20.6209912,0.5440500379,3.651000261,9.069000244
20.6235152,0.5350500345,3.63105011,9.088050842
20.6260392,0.5370000005,3.60495019,9.130949974
20.6285632,0.5080500245,3.624000072,9.070950508
20.63108719,0.5130000114,3.607950211,9.06704998
20.63361111,0.5269500017,3.567000151,9.157950401
20.63613519,0.5029500127,3.592950106,9.12195015
20.63865911,0.4840500355,3.592950106,9.129000664
20.6411831,0.4390500188,3.576000214,9.196050644
20.64370687,0.3840000033,3.583950281,9.172050476
20.64623087,0.3409500122,3.58095026,9.193950653
20.64875487,0.3019500077,3.607950211,9.250950813
20.65127888,0.2350500077,3.588000059,9.229050636
20.65380281,0.2260500044,3.588000059,9.265050888
20.65632681,0.1830000132,3.588000059,9.270000458
20.65885081,0.1469999999,3.58095026,9.238950729
20.6613748,0.1230000034,3.583950281,9.249000549
20.66389858,0.09405000508,3.579000235,9.244050026
20.66642257,0.06795000285,3.567000151,9.214950562
20.66894656,0.06495000422,3.547950268,9.280050278
20.67147056,0.08700000495,3.538050175,9.220050812
20.67399456,0.1279500127,3.532950163,9.193950653
20.67651856,0.1420500129,3.531000137,9.205050468
20.67904248,0.1950000077,3.526050091,9.232050896
20.68156648,0.2230500132,3.543000221,9.201000214
20.68409048,0.2260500044,3.543000221,9.186000824
20.68661448,0.2380500138,3.535950184,9.201000214
20.68913825,0.2539499998,3.526050091,9.164999962
20.69166225,0.3000000119,3.519000053,9.162000656
20.69418623,0.3310500085,3.511950254,9.162000656
20.69671016,0.3600000143,3.526050091,9.109950066
20.69923423,0.324000001,3.5400002,9.11700058
20.70175817,0.324000001,3.544950247,9.153000832
20.70428216,0.3070500195,3.579000235,9.10695076
20.70680594,0.2929500043,3.583950281,9.145950317
20.70933016,0.2779500186,3.588000059,9.201000214
20.71185394,0.3019500077,3.610050201,9.186000824
20.71437793,0.3100500107,3.639000177,9.229050636
20.71690186,0.3289500177,3.627000093,9.292050362
20.71942586,0.3289500177,3.682050228,9.249000549
20.72194986,0.3049500287,3.670050144,9.208050728
20.72447385,0.319050014,3.694050074,9.277050018
20.72699785,0.319050014,3.784950256,9.18900013
20.72952162,0.3480000198,3.7660501,9.05505085
20.73204585,0.3690000176,3.706050158,9.249000549
20.73456962,0.364950031,3.628950119,9.346950531
20.73709362,0.3169500232,3.616950274,9.244050026
20.73961754,0.2740500271,3.598050117,9.270000458
20.74214154,0.2620500028,3.556950092,9.331950188
20.74466554,0.2260500044,3.571950197,9.268050194
20.74718954,0.2089500129,3.552000284,9.213000298
20.74971354,0.2190000117,3.544950247,9.205050468
20.75223732,0.2500500083,3.514050245,9.157950401
20.75476133,0.2620500028,3.5239501,9.130949974
20.75728533,0.3000000119,3.520950079,9.009000778
20.75980933,0.2830500007,3.481050253,9.045000076
20.76233333,0.295050025,3.469050169,9.088050842
20.76485726,0.2689500153,3.447000265,9.076050758
20.76738126,0.2620500028,3.454050064,9.093000412
20.76990526,0.2539499998,3.469050169,9.115050316
20.77242926,0.2500500083,3.490050077,9.133950233
20.77495303,0.2639999986,3.499950171,9.160050392
20.77747703,0.2639999986,3.526050091,9.201000214
20.78000102,0.2689500153,3.550050259,9.205050468
20.78252495,0.2689500153,3.583950281,9.205050468
20.78504902,0.2689500153,3.583950281,9.280050278
20.78757295,0.2809500098,3.600000143,9.250950813
20.79009694,0.2689500153,3.622050285,9.253050804
20.79262071,0.2779500186,3.634050131,9.286950111
20.79514494,0.2740500271,3.655050278,9.270000458
20.79766872,0.2929500043,3.652950287,9.277050018
20.80019272,0.3120000064,3.65805006,9.283950806
20.80271664,0.3000000119,3.687000275,9.24105072
20.80524064,0.3000000119,3.675000191,9.234000206
20.80776464,0.3100500107,3.65805006,9.261000633
20.81028864,0.324000001,3.675000191,9.201000214
20.81281264,0.3600000143,3.655050278,9.186000824
20.81533641,0.4030500054,3.624000072,9.164999962
20.81786064,0.4440000355,3.63105011,9.105000496
20.82038441,0.4480500221,3.616950274,9.085950851
20.82290841,0.4650000334,3.586050272,9.109950066
20.82543233,0.49605003,3.59100008,9.037950516
20.82795635,0.5010000467,3.579000235,9.024000168
20.83048035,0.5080500245,3.576000214,9.031050682
20.83300435,0.5179499984,3.559950113,8.964000702
20.83552835,0.5299500227,3.586050272,8.935050011
20.83805213,0.5299500227,3.607950211,8.965950012
20.84057613,0.5370000005,3.600000143,9.001950264
20.84310013,0.5059500337,3.607950211,8.99505043
20.84562413,0.4770000279,3.646050215,9.0499506
20.84814815,0.4219500124,3.664950132,9.037950516
20.85067208,0.3930000067,3.709950209,9.05700016
20.85319607,0.3450000286,3.769950151,9.0499506
20.85571984,0.3739500046,3.789000273,9.04695034
20.85824409,0.3619500101,3.71295023,9.193950653
20.86076786,0.337950021,3.703050137,9.301050186
20.86329186,0.3049500287,3.748950243,9.217050552
20.86581586,0.2809500098,3.706050158,9.277050018
20.86833988,0.2760000229,3.67200017,9.397050858
20.87086388,0.2500500083,3.69900012,9.298950195
20.8733878,0.2539499998,3.694050074,9.277050018
20.8759118,0.2830500007,3.676950216,9.334950447
20.87843556,0.3000000119,3.679050207,9.277050018
20.88095979,0.3450000286,3.660000086,9.238950729
20.88348357,0.3330000043,3.651000261,9.262950897
20.88600755,0.3480000198,3.60495019,9.238950729
20.88853147,0.3499500155,3.615000248,9.193950653
20.89105555,0.3450000286,3.571950197,9.217050552
20.89357948,0.3330000043,3.559950113,9.217050552
20.89610348,0.3570000231,3.532950163,9.198000908
20.89862748,0.3570000231,3.514050245,9.213000298
20.90115146,0.3409500122,3.495000124,9.193950653
20.90367523,0.3720000088,3.460950136,9.172050476
20.90619923,0.3979500234,3.44505024,9.17400074
20.90872323,0.3930000067,3.457050085,9.112050056
20.91124715,0.3840000033,3.451950073,9.136050224
20.91377123,0.3960000277,3.47295022,9.130949974
20.91629515,0.4170000255,3.490050077,9.088050842
20.91881915,0.3979500234,3.508950233,9.069000244
20.92134315,0.4030500054,3.532950163,9.103050232
20.92386715,0.4150500298,3.562050104,9.069000244
20.92639092,0.3979500234,3.559950113,9.069000244
20.92891492,0.4009500146,3.588000059,9.136050224
20.93143893,0.3670500219,3.615000248,9.11700058
20.93396293,0.3570000231,3.64800024,9.154950142
20.93648685,0.3670500219,3.63105011,9.196050644
20.93901085,0.3529500067,3.636000156,9.186000824
20.94153487,0.3310500085,3.664950132,9.217050552
20.94405887,0.3480000198,3.67200017,9.277050018
20.94658264,0.337950021,3.676950216,9.237000465
20.94910664,0.3289500177,3.676950216,9.261000633
20.95163062,0.3430500031,3.675000191,9.277050018
20.95415462,0.3120000064,3.688950062,9.268050194
20.95667863,0.3070500195,3.694050074,9.25605011
20.95920257,0.3100500107,3.679050207,9.286950111
20.96172656,0.3019500077,3.682050228,9.229050636
20.96425056,0.3000000119,3.651000261,9.222000122
20.96677456,0.3000000119,3.624000072,9.273000717
20.96929834,0.2929500043,3.615000248,9.202950478
20.97182233,0.2760000229,3.592950106,9.202950478
20.97434626,0.3000000119,3.567000151,9.24600029
20.97687032,0.2779500186,3.56400013,9.210000038
20.97939424,0.2710500062,3.562050104,9.17400074
20.98191824,0.3070500195,3.508950233,9.220050812
20.98444222,0.3670500219,3.507000208,9.154950142
20.98696622,0.4219500124,3.505050182,9.094950676
20.98948999,0.4530000091,3.49695015,9.05700016
20.99201399,0.4680000246,3.49695015,8.983050346
20.99453799,0.4579500258,3.49695015,8.947050095
20.99706192,0.4650000334,3.499950171,8.961000443
20.99958599,0.45600003,3.543000221,8.937000275
21.00210992,0.4200000167,3.538050175,8.944950104
21.00463391,0.3979500234,3.574050188,8.997000694
21.00715791,0.3670500219,3.60495019,9.034950256
21.00968191,0.3550500274,3.619050264,9.081000328
21.01220568,0.3220500052,3.619050264,9.148050308
21.01472967,0.3289500177,3.652950287,9.157950401
21.01725367,0.2860500216,3.676950216,9.213000298
21.01977767,0.3100500107,3.67200017,9.24105072
21.02230159,0.2620500028,3.708000183,9.234000206
21.02482559,0.2470500171,3.687000275,9.289050102
21.02734959,0.2400000095,3.69900012,9.316050529
21.02987359,0.228000015,3.703050137,9.289050102
21.03239759,0.2020500153,3.718050241,9.30795002
21.03492135,0.2089500129,3.71505022,9.316050529
21.03744535,0.2110500038,3.748950243,9.277050018
21.03996935,0.2230500132,3.748950243,9.277050018
21.04249335,0.2310000062,3.733950138,9.289050102
21.04501728,0.2400000095,3.730050087,9.258000374
21.04754128,0.2449500114,3.694050074,9.234000206
21.05006528,0.2380500138,3.65805006,9.225000381
21.05258928,0.2190000117,3.610050201,9.201000214
21.05511306,0.1900500059,3.592950106,9.18405056
21.05763706,0.166050002,3.538050175,9.18405056
21.06016106,0.1300500035,3.538050175,9.162000656
21.06268506,0.1129500046,3.508950233,9.181950569
21.06520898,0.09600000083,3.483000278,9.153000832
21.06773298,0.08700000495,3.511950254,9.112050056
21.07025698,0.1440000087,3.5239501,9.06704998
21.07278098,0.166050002,3.543000221,8.971050262
21.075305,0.3409500122,3.49695015,9.076050758
21.07782877,0.2809500098,3.543000221,8.956050873
21.08035276,0.3100500107,3.538050175,8.973000526
21.08287676,0.2740500271,3.484950066,9.12195015
21.08540076,0.2449500114,3.508950233,9.145950317
21.08792469,0.1950000077,3.556950092,9.10695076
21.09044868,0.1750500053,3.571950197,9.225000381
21.09297268,0.1780500114,3.574050188,9.198000908
21.09549667,0.2020500153,3.583950281,9.234000206
21.09802045,0.2190000117,3.622050285,9.25605011
21.10054444,0.2449500114,3.634050131,9.217050552
21.10306844,0.2329500169,3.651000261,9.265050888
21.10559242,0.2539499998,3.664950132,9.244050026
21.10811635,0.2350500077,3.675000191,9.232050896
21.11064035,0.2569500208,3.67200017,9.265050888
21.11316435,0.228000015,3.667050123,9.298950195
21.11568836,0.2350500077,3.667050123,9.289050102
21.11821236,0.2500500083,3.643050194,9.319950104
21.12073613,0.2659500241,3.664950132,9.30795002
21.12326012,0.2569500208,3.628950119,9.289050102
21.12578414,0.3019500077,3.616950274,9.304050446
21.12830814,0.3450000286,3.622050285,9.24600029
21.13083206,0.3600000143,3.576000214,9.205050468
21.13335606,0.3889500201,3.559950113,9.196050644
21.13588005,0.3960000277,3.5400002,9.12195015
21.13840405,0.3739500046,3.532950163,9.094950676
21.14092783,0.3810000122,3.514050245,9.097949982
21.14345182,0.3859500289,3.495000124,9.079050064
21.14597582,0.3810000122,3.505050182,9.0499506
21.14849982,0.3670500219,3.487950087,9.109950066
21.15102375,0.364950031,3.499950171,9.081000328
21.15354774,0.3070500195,3.538050175,9.073950768
21.15607174,0.2689500153,3.529050112,9.190950394
21.15859574,0.2710500062,3.571950197,9.166950226
21.16111974,0.2470500171,3.571950197,9.190950394
21.16364351,0.2329500169,3.612000227,9.232050896
21.16616751,0.2350500077,3.607950211,9.214950562
21.16869151,0.2520000041,3.639000177,9.208050728
21.17121551,0.2830500007,3.619050264,9.277050018
21.17373944,0.2880000174,3.64800024,9.232050896
21.17626343,0.2860500216,3.655050278,9.229050636
21.17878744,0.2809500098,3.646050215,9.253050804
21.18131144,0.2689500153,3.667050123,9.232050896
21.18383521,0.2880000174,3.652950287,9.232050896
21.18635921,0.2689500153,3.663000107,9.234000206
21.18888321,0.2539499998,3.646050215,9.220050812
21.19140721,0.2350500077,3.652950287,9.210000038
21.19393113,0.228000015,3.643050194,9.196050644
21.19645513,0.2500500083,3.63105011,9.164999962
21.19897912,0.295050025,3.610050201,9.136050224
21.20150313,0.3600000143,3.595950127,9.12195015
21.20402712,0.4459500313,3.583950281,9.05505085
21.2065509,0.4840500355,3.555000067,9.025950432
21.2090749,0.4800000191,3.556950092,9.045000076
21.21159891,0.4840500355,3.579000235,9.024000168
21.2141229,0.45600003,3.574050188,9.013950348
21.21664683,0.4170000255,3.58095026,9.088050842
21.21917084,0.4080000222,3.595950127,9.133950233
21.22169484,0.4009500146,3.595950127,9.097949982
21.22421884,0.3889500201,3.607950211,9.169950485
21.22674261,0.3960000277,3.612000227,9.186000824
21.22926662,0.4009500146,3.63105011,9.157950401
21.23179062,0.3840000033,3.655050278,9.226950645
21.23431462,0.3720000088,3.655050278,9.205050468
21.23683854,0.3499500155,3.652950287,9.181950569
21.23936254,0.337950021,3.667050123,9.238950729
21.24188654,0.3310500085,3.676950216,9.214950562
21.24441054,0.3000000119,3.664950132,9.232050896
21.24693454,0.2860500216,3.64800024,9.280050278
21.24945832,0.2760000229,3.676950216,9.253050804
21.25198231,0.2520000041,3.636000156,9.249000549
21.25450631,0.2470500171,3.63105011,9.268050194
21.25703031,0.2470500171,3.628950119,9.244050026
21.25955423,0.2500500083,3.610050201,9.210000038
21.26207823,0.2620500028,3.571950197,9.229050636
21.26460223,0.2880000174,3.568950176,9.198000908
21.26712624,0.3019500077,3.538050175,9.157950401
21.26965002,0.2740500271,3.532950163,9.145950317
21.27217402,0.2659500241,3.499950171,9.105000496
21.27469801,0.2569500208,3.493050098,9.093000412
21.27722201,0.2809500098,3.478050232,9.112050056
21.27974594,0.2929500043,3.490050077,9.082950592
21.28226993,0.3070500195,3.502050161,9.081000328
21.28479391,0.2980500162,3.495000124,9.12405014
21.28731791,0.2899500132,3.511950254,9.112050056
21.28984192,0.2830500007,3.532950163,9.129000664
21.2923657,0.2140500098,3.568950176,9.136050224
21.29488969,0.3259500265,3.519000053,9.17400074
21.29741369,0.2620500028,3.58095026,9.258000374
21.29993769,0.2430000156,3.610050201,9.166950226
21.30246162,0.2659500241,3.59100008,9.277050018
21.30498562,0.2230500132,3.616950274,9.268050194
21.30750962,0.2230500132,3.634050131,9.273000717
21.31003362,0.1950000077,3.667050123,9.310950279
21.3125574,0.1680000126,3.660000086,9.265050888
21.3150814,0.1870500147,3.64800024,9.294000626
21.3176054,0.1590000093,3.663000107,9.280050278
21.32012939,0.1560000032,3.664950132,9.25605011
21.32265332,0.1540500075,3.64800024,9.294000626
21.32517731,0.1540500075,3.639000177,9.277050018
21.32770131,0.1469999999,3.624000072,9.238950729
21.33022531,0.1319999993,3.63105011,9.268050194
21.33274931,0.1399500072,3.60495019,9.232050896
21.3352731,0.1540500075,3.583950281,9.214950562
21.3377971,0.184950009,3.56400013,9.210000038
21.3403211,0.2380500138,3.535950184,9.141000748
21.3428451,0.3169500232,3.5400002,9.105000496
21.34536903,0.3600000143,3.514050245,9.0499506
21.34789303,0.3930000067,3.5239501,8.983050346
21.35041703,0.405000031,3.5239501,8.976000786
21.35294103,0.3960000277,3.544950247,8.98800087
21.3554648,0.3409500122,3.559950113,8.971050262
21.35798882,0.3259500265,3.567000151,8.98995018
21.36051282,0.2830500007,3.588000059,9.058950424
21.36303682,0.2659500241,3.615000248,9.073950768
21.36556082,0.2779500186,3.624000072,9.097949982
21.36808473,0.2539499998,3.652950287,9.129000664
21.37060873,0.2539499998,3.655050278,9.160050392
21.37313273,0.2350500077,3.64800024,9.225000381
21.37565673,0.2430000156,3.643050194,9.261000633
21.37818049,0.228000015,3.667050123,9.232050896
21.38070449,0.2350500077,3.675000191,9.262950897
21.38322849,0.2260500044,3.67200017,9.286950111
21.38575249,0.2070000172,3.706050158,9.270000458
21.3882764,0.2190000117,3.720000267,9.282000542
21.3908004,0.2160000056,3.73905015,9.282000542
21.3933244,0.2260500044,3.796950102,9.201000214
21.3958484,0.2880000174,3.787050247,9.145950317
21.39837217,0.3049500287,3.754050255,9.17400074
21.40089616,0.3330000043,3.687000275,9.253050804
21.40342016,0.3139500022,3.628950119,9.301050186
21.40594417,0.295050025,3.622050285,9.261000633
21.40846809,0.2620500028,3.588000059,9.229050636
21.41099209,0.2880000174,3.49695015,9.274950027
21.41351609,0.2880000174,3.493050098,9.217050552
21.4160401,0.2830500007,3.483000278,9.154950142
21.4185641,0.2689500153,3.447000265,9.17400074
21.42108787,0.2929500043,3.406050205,9.205050468
21.42361186,0.2520000041,3.423000097,9.166950226
21.42613586,0.2350500077,3.438000202,9.130949974
21.42865986,0.2520000041,3.418050051,9.145950317
21.43118377,0.3000000119,3.44505024,9.126000404
21.43370777,0.3360000253,3.471000195,9.109950066
21.43623177,0.3910500109,3.460950136,9.112050056
21.43875577,0.4030500054,3.487950087,9.126000404
21.44127953,0.4200000167,3.487950087,9.118950844
21.44380353,0.3979500234,3.507000208,9.157950401
21.44632753,0.3670500219,3.5239501,9.202950478
21.44885153,0.3499500155,3.5239501,9.220050812
21.45137545,0.3430500031,3.567000151,9.238950729
21.45389945,0.3289500177,3.583950281,9.262950897
21.45642345,0.3310500085,3.607950211,9.265050888
21.45894745,0.3220500052,3.639000177,9.30600071
21.46147144,0.295050025,3.67200017,9.277050018
21.46399522,0.2899500132,3.670050144,9.298950195
21.46651921,0.2880000174,3.676950216,9.298950195
21.46904321,0.2980500162,3.696000099,9.265050888
21.47156721,0.3070500195,3.679050207,9.234000206
21.47409114,0.3070500195,3.663000107,9.262950897
21.47661514,0.2899500132,3.67200017,9.250950813
21.47913914,0.2830500007,3.667050123,9.222000122
21.48166314,0.2860500216,3.628950119,9.208050728
21.48418691,0.2860500216,3.615000248,9.217050552
21.48671091,0.3000000119,3.60495019,9.181950569
21.48923491,0.319050014,3.615000248,9.162000656
21.49175892,0.3169500232,3.598050117,9.142950058
21.49428292,0.3430500031,3.595950127,9.093000412
21.49680685,0.3670500219,3.576000214,9.088050842
21.49933085,0.3790500164,3.583950281,9.064050674
21.50185485,0.4150500298,3.568950176,9.004050255
21.50437885,0.4170000255,3.559950113,9.019050598
21.50690285,0.42900002,3.562050104,9.025950432
21.50942662,0.4099500179,3.579000235,9.012000084
21.51195061,0.3930000067,3.59100008,9.025950432
21.51447461,0.3600000143,3.612000227,9.04695034
21.51699853,0.3550500274,3.622050285,9.052050591
21.51952253,0.3360000253,3.600000143,9.103050232
21.52204651,0.3310500085,3.60495019,9.18405056
21.52457051,0.3259500265,3.646050215,9.177000046
21.52709428,0.295050025,3.640950203,9.190950394
21.52961851,0.324000001,3.655050278,9.244050026
21.5321423,0.3169500232,3.670050144,9.202950478
21.5346663,0.3019500077,3.65805006,9.24600029
21.5371903,0.2710500062,3.696000099,9.253050804
21.53971422,0.2430000156,3.675000191,9.226950645
21.54223823,0.2520000041,3.679050207,9.273000717
21.54476223,0.2329500169,3.688950062,9.250950813
21.54728623,0.2260500044,3.687000275,9.234000206
21.54981,0.2569500208,3.691050291,9.250950813
21.55233425,0.2539499998,3.670050144,9.244050026
21.55485802,0.2689500153,3.607950211,9.289050102
21.55738202,0.2449500114,3.63105011,9.262950897
21.55990594,0.2430000156,3.71295023,9.169950485
21.56242995,0.2539499998,3.727050066,9.0499506
21.56495395,0.3360000253,3.664950132,8.992050171
21.56747795,0.3550500274,3.574050188,9.210000038
21.57000172,0.3529500067,3.544950247,9.196050644
21.57252573,0.3310500085,3.579000235,9.05700016
21.57504973,0.2860500216,3.507000208,9.11700058
21.57757373,0.2760000229,3.447000265,9.253050804
21.58009773,0.2260500044,3.502050161,9.097949982
21.58262168,0.2070000172,3.505050182,9.085950851
21.58514568,0.2070000172,3.484950066,9.196050644
21.58766968,0.2230500132,3.511950254,9.142950058
21.59019368,0.1990500093,3.535950184,9.126000404
21.59271769,0.2020500153,3.550050259,9.105000496
21.59524146,0.2070000172,3.547950268,9.088050842
21.59776546,0.2470500171,3.538050175,9.141000748
21.60028946,0.2209500074,3.535950184,9.166950226
21.60281339,0.2110500038,3.555000067,9.157950401
21.60533739,0.2230500132,3.552000284,9.205050468
21.60786139,0.2400000095,3.544950247,9.225000381
21.61038539,0.2160000056,3.576000214,9.258000374
21.6129094,0.2310000062,3.60495019,9.289050102
21.6154334,0.2350500077,3.600000143,9.304050446
21.61795717,0.2639999986,3.622050285,9.289050102
21.62048117,0.2689500153,3.652950287,9.301050186
21.62300517,0.2899500132,3.670050144,9.268050194
21.6255291,0.2980500162,3.660000086,9.30795002
21.6280531,0.3100500107,3.651000261,9.270000458
21.63057712,0.3100500107,3.639000177,9.277050018
21.63310112,0.3000000119,3.60495019,9.273000717
21.63562489,0.2779500186,3.592950106,9.24105072
21.6381491,0.2899500132,3.598050117,9.222000122
21.64067287,0.3070500195,3.579000235,9.226950645
21.64319687,0.3289500177,3.58095026,9.217050552
21.64572079,0.337950021,3.56400013,9.190950394
21.64824477,0.3550500274,3.576000214,9.166950226
21.65076877,0.3790500164,3.579000235,9.169950485
21.65329277,0.3810000122,3.574050188,9.126000404
21.65581677,0.405000031,3.574050188,9.145950317
21.65834054,0.4480500221,3.588000059,9.11700058
21.66086454,0.4939500093,3.576000214,9.064050674
21.66338854,0.5059500337,3.574050188,9.052050591
21.66591254,0.4890000224,3.550050259,9.05505085
21.66843647,0.45600003,3.559950113,9.0499506
21.67096046,0.4459500313,3.559950113,9.073950768
21.67348446,0.4030500054,3.562050104,9.085950851
21.67600847,0.3889500201,3.574050188,9.082950592
21.67853247,0.4150500298,3.58095026,9.145950317
21.68105624,0.4270500243,3.598050117,9.154950142
21.68358024,0.3790500164,3.619050264,9.162000656
21.68610424,0.3690000176,3.615000248,9.210000038
21.68862824,0.3600000143,3.624000072,9.24105072
21.69115216,0.3289500177,3.643050194,9.208050728
21.69367623,0.3049500287,3.65805006,9.258000374
21.69620016,0.3120000064,3.651000261,9.238950729
21.69872416,0.3289500177,3.640950203,9.24105072
21.70124814,0.3220500052,3.639000177,9.24600029
21.70377191,0.3330000043,3.651000261,9.226950645
21.70629591,0.3499500155,3.63105011,9.196050644
21.7088199,0.3600000143,3.612000227,9.225000381
21.71134383,0.3690000176,3.628950119,9.190950394
21.71386782,0.3790500164,3.615000248,9.17895031
21.71639182,0.3840000033,3.595950127,9.201000214
21.71891582,0.4080000222,3.595950127,9.18405056
21.72143982,0.4080000222,3.603000164,9.138000488
21.72396382,0.4129500091,3.595950127,9.130949974
21.72648759,0.4200000167,3.595950127,9.150000572
21.72901159,0.4270500243,3.588000059,9.105000496
21.73153559,0.4150500298,3.579000235,9.100049973
21.73405951,0.4080000222,3.583950281,9.12195015
21.73658351,0.4240500331,3.59100008,9.085950851
21.7391075,0.3960000277,3.58095026,9.052050591
21.7416315,0.3960000277,3.58095026,9.088050842
21.7441555,0.364950031,3.588000059,9.100049973
21.74667927,0.3550500274,3.592950106,9.103050232
21.74920323,0.319050014,3.603000164,9.12195015
21.75172723,0.3120000064,3.60495019,9.141000748
21.75425116,0.3100500107,3.616950274,9.157950401
21.75677515,0.2830500007,3.640950203,9.190950394
21.75929915,0.2929500043,3.660000086,9.18900013
21.76182315,0.2880000174,3.652950287,9.217050552
21.76434716,0.2779500186,3.667050123,9.238950729
21.76687093,0.2710500062,3.664950132,9.205050468
21.76939493,0.2500500083,3.688950062,9.186000824
21.77191893,0.2209500074,3.709950209,9.157950401
21.77444293,0.2110500038,3.789000273,9.091050148
21.77696685,0.2350500077,3.732000113,9.081000328
21.77949093,0.2400000095,3.679050207,9.232050896
21.78201485,0.2590500116,3.636000156,9.253050804
21.78453885,0.2190000117,3.627000093,9.181950569
21.78706285,0.2539499998,3.612000227,9.249000549
21.78958683,0.2400000095,3.56400013,9.265050888
21.7921106,0.2620500028,3.583950281,9.205050468
21.7946346,0.2779500186,3.607950211,9.17400074
21.7971586,0.3139500022,3.583950281,9.130949974
21.79968253,0.3600000143,3.58095026,9.109950066
21.8022066,0.3529500067,3.595950127,9.105000496
21.80473053,0.3739500046,3.576000214,9.012000084
21.80725452,0.3529500067,3.576000214,9.064050674
21.80977853,0.337950021,3.559950113,9.115050316
21.81230253,0.3049500287,3.538050175,9.115050316
21.8148263,0.2830500007,3.574050188,9.141000748
21.8173503,0.2740500271,3.56400013,9.193950653
21.81987423,0.2779500186,3.529050112,9.210000038
21.82239823,0.2809500098,3.543000221,9.282000542
21.82492223,0.2760000229,3.547950268,9.289050102
21.82744623,0.2760000229,3.576000214,9.298950195
21.82997023,0.2980500162,3.56400013,9.30600071
21.83249399,0.2899500132,3.583950281,9.316050529
21.83501822,0.2809500098,3.600000143,9.25605011
21.83754199,0.2659500241,3.616950274,9.277050018
21.84006599,0.2620500028,3.63105011,9.261000633
21.84258992,0.2539499998,3.636000156,9.232050896
21.84511392,0.228000015,3.619050264,9.238950729
21.84763792,0.2040000111,3.624000072,9.24600029
21.85016192,0.2089500129,3.622050285,9.193950653
21.85268592,0.2160000056,3.58095026,9.214950562
21.85520969,0.2449500114,3.56400013,9.24105072
21.85773369,0.2760000229,3.567000151,9.17400074
21.86025769,0.3000000119,3.547950268,9.154950142
21.8627817,0.2980500162,3.543000221,9.138000488
21.8653057,0.3070500195,3.555000067,9.079050064
21.86782963,0.2860500216,3.5400002,9.093000412
21.87035363,0.2470500171,3.552000284,9.138000488
21.87287763,0.2260500044,3.556950092,9.141000748
21.87540163,0.2070000172,3.610050201,9.112050056
21.8779254,0.1870500147,3.664950132,9.070950508
21.8804494,0.2020500153,3.730050087,8.949000359
21.8829734,0.2449500114,3.69900012,9.016050339
21.88549741,0.2639999986,3.598050117,9.286950111
21.8880214,0.2760000229,3.63105011,9.160050392
21.89054533,0.2260500044,3.636000156,9.115050316
21.89306932,0.2310000062,3.58095026,9.331950188
21.89559332,0.2380500138,3.616950274,9.222000122
21.89811732,0.2260500044,3.636000156,9.136050224
21.90064132,0.2230500132,3.639000177,9.282000542
21.90316508,0.2590500116,3.636000156,9.202950478
21.90568908,0.2470500171,3.675000191,9.186000824
21.90821308,0.2760000229,3.667050123,9.265050888
21.91073708,0.2500500083,3.667050123,9.196050644
21.913261,0.2710500062,3.64800024,9.154950142
21.915785,0.2860500216,3.600000143,9.253050804
21.91830877,0.2779500186,3.579000235,9.234000206
21.92083301,0.2449500114,3.600000143,9.198000908
21.92335678,0.2689500153,3.588000059,9.150000572
21.92588077,0.295050025,3.555000067,9.17895031
21.92840469,0.3550500274,3.517050266,9.18405056
21.93092869,0.3769500256,3.535950184,9.150000572
21.93345269,0.4240500331,3.529050112,9.12405014
21.93597669,0.42900002,3.508950233,9.164999962
21.93850069,0.4240500331,3.514050245,9.129000664
21.94102446,0.3600000143,3.531000137,9.112050056
21.94354869,0.3220500052,3.514050245,9.164999962
21.94607246,0.2929500043,3.559950113,9.17400074
21.94859646,0.2620500028,3.567000151,9.154950142
21.95112046,0.2520000041,3.544950247,9.220050812
21.95364446,0.2500500083,3.559950113,9.229050636
21.95616841,0.2310000062,3.543000221,9.181950569
21.9586924,0.2209500074,3.5400002,9.258000374
21.96121641,0.2160000056,3.531000137,9.298950195
21.96374018,0.2260500044,3.552000284,9.253050804
21.96626418,0.2020500153,3.562050104,9.280050278
21.96878818,0.2430000156,3.586050272,9.301050186
21.97131218,0.228000015,3.616950274,9.253050804
21.97383618,0.2329500169,3.615000248,9.29595089
21.97636018,0.2230500132,3.639000177,9.283950806
21.9788841,0.2539499998,3.610050201,9.331950188
21.9814081,0.2520000041,3.634050131,9.249000549
21.9839321,0.2809500098,3.607950211,9.304050446
21.9864561,0.3120000064,3.603000164,9.24600029
21.98897989,0.3450000286,3.603000164,9.24105072
21.99150389,0.3930000067,3.603000164,9.214950562
21.99402789,0.4480500221,3.586050272,9.150000572
21.99655189,0.5200500488,3.562050104,9.115050316
21.99907581,0.5509500504,3.550050259,9.118950844
22.0015998,0.5370000005,3.56400013,9.043050766
22.0041238,0.5010000467,3.547950268,9.037950516
22.0066478,0.4630500078,3.576000214,9.081000328
22.0091718,0.3979500234,3.636000156,9.028050423
22.01169557,0.3550500274,3.679050207,9.016050339
22.01421957,0.3360000253,3.718050241,8.98995018
22.01674357,0.3120000064,3.682050228,9.141000748
22.01926757,0.2760000229,3.636000156,9.286950111
22.0217915,0.2689500153,3.65805006,9.196050644
22.0243155,0.2190000117,3.643050194,9.186000824
22.0268395,0.2350500077,3.603000164,9.334950447
22.0293635,0.2160000056,3.65805006,9.226950645
22.03188727,0.2110500038,3.670050144,9.141000748
22.03441127,0.2400000095,3.628950119,9.298950195
22.03693526,0.2430000156,3.616950274,9.237000465
22.03945926,0.2260500044,3.652950287,9.210000038
22.04198327,0.2710500062,3.639000177,9.265050888
22.04450719,0.2639999986,3.634050131,9.226950645
22.04703119,0.2689500153,3.610050201,9.18900013
22.04955519,0.2620500028,3.576000214,9.261000633
22.05207918,0.295050025,3.568950176,9.244050026
22.05460296,0.319050014,3.556950092,9.217050552
22.05712695,0.3499500155,3.5239501,9.213000298
22.05965095,0.3720000088,3.519000053,9.17895031
22.06217495,0.3790500164,3.487950087,9.153000832
22.06469888,0.3619500101,3.469050169,9.193950653
22.06722288,0.2929500043,3.481050253,9.105000496
22.06974689,0.3930000067,3.438000202,9.208050728
22.07227089,0.3120000064,3.514050245,9.103050232
22.07479466,0.3120000064,3.508950233,9.091050148
22.07731868,0.2659500241,3.502050161,9.18405056
22.07984268,0.2539499998,3.544950247,9.12195015
22.08236668,0.2569500208,3.552000284,9.153000832
22.08489068,0.2400000095,3.586050272,9.17895031
22.08741461,0.2449500114,3.576000214,9.148050308
22.08993861,0.2470500171,3.576000214,9.198000908
22.09246261,0.2620500028,3.579000235,9.210000038
22.09498661,0.2659500241,3.59100008,9.201000214
22.09751038,0.2659500241,3.595950127,9.234000206
22.10003438,0.2430000156,3.627000093,9.190950394
22.10255838,0.2830500007,3.607950211,9.217050552
22.10508238,0.1950000077,3.660000086,9.286950111
22.10760638,0.1540500075,3.724950075,9.109950066
22.11013031,0.1830000132,3.706050158,9.202950478
22.1126543,0.1729500145,3.751050234,9.18405056
22.1151783,0.184950009,3.736950159,9.150000572
22.1177023,0.2160000056,3.65805006,9.310950279
22.12022608,0.2160000056,3.655050278,9.282000542
22.12275007,0.1920000017,3.655050278,9.172050476
22.12527404,0.1950000077,3.600000143,9.294000626
22.12779805,0.2020500153,3.603000164,9.229050636
22.13032197,0.2380500138,3.600000143,9.153000832
22.13284595,0.2020500153,3.583950281,9.153000832
22.13536995,0.1990500093,3.568950176,9.160050392
22.13789395,0.2209500074,3.574050188,9.133950233
22.14041795,0.2310000062,3.579000235,9.081000328
22.14294172,0.2710500062,3.56400013,9.05700016
22.14546572,0.2899500132,3.552000284,9.05700016
22.14798971,0.3139500022,3.5239501,9.094950676
22.15051371,0.3499500155,3.559950113,9.05505085
22.15303764,0.3570000231,3.568950176,9.0499506
22.15556164,0.3430500031,3.552000284,9.088050842
22.15808564,0.3690000176,3.544950247,9.12195015
22.16060964,0.337950021,3.555000067,9.103050232
22.16313341,0.3070500195,3.571950197,9.133950233
22.1656574,0.3019500077,3.595950127,9.157950401
22.1681814,0.295050025,3.60495019,9.160050392
22.1707054,0.3139500022,3.627000093,9.193950653
22.1732294,0.3220500052,3.636000156,9.17400074
22.17575332,0.3120000064,3.651000261,9.18900013
22.17827732,0.3019500077,3.65805006,9.265050888
22.18080132,0.3100500107,3.679050207,9.244050026
22.18332532,0.2710500062,3.676950216,9.253050804
22.1858491,0.2590500116,3.682050228,9.238950729
22.18837308,0.2689500153,3.664950132,9.282000542
22.19089708,0.2830500007,3.660000086,9.268050194
22.19342108,0.2760000229,3.636000156,9.265050888
22.195945,0.319050014,3.640950203,9.249000549
22.198469,0.3289500177,3.640950203,9.234000206
22.200993,0.3480000198,3.610050201,9.214950562
22.203517,0.3670500219,3.607950211,9.208050728
22.206041,0.3840000033,3.592950106,9.157950401
22.20856478,0.4009500146,3.568950176,9.162000656
22.21108878,0.4080000222,3.568950176,9.138000488
22.21361278,0.4320000112,3.59100008,9.069000244
22.21613678,0.4320000112,3.588000059,9.007050514
22.2186607,0.4240500331,3.571950197,9.034950256
22.2211847,0.433950007,3.586050272,9.069000244
22.2237087,0.4170000255,3.660000086,8.949000359
22.2262327,0.3979500234,3.679050207,8.848950386
22.22875648,0.4129500091,3.634050131,9.021000862
22.23128048,0.4170000255,3.595950127,9.154950142
22.23380448,0.3910500109,3.628950119,9.064050674
22.23632848,0.3480000198,3.628950119,9.100049973
22.23885249,0.3480000198,3.59100008,9.270000458
22.24137641,0.3289500177,3.616950274,9.208050728
22.24390041,0.3100500107,3.655050278,9.141000748
22.24642441,0.3139500022,3.652950287,9.208050728
22.24894841,0.2899500132,3.679050207,9.186000824
22.25147218,0.2659500241,3.71505022,9.17895031
22.25399618,0.2740500271,3.733950138,9.166950226
22.25652018,0.2590500116,3.742050171,9.166950226
22.25904417,0.2500500083,3.709950209,9.154950142
22.26156809,0.2260500044,3.684000254,9.234000206
22.26409209,0.2470500171,3.664950132,9.234000206
22.26661609,0.2260500044,3.655050278,9.226950645
22.26914008,0.2230500132,3.639000177,9.237000465
22.27166408,0.228000015,3.607950211,9.265050888
22.27418785,0.2190000117,3.598050117,9.201000214
22.27671185,0.2089500129,3.576000214,9.226950645
22.27923585,0.2209500074,3.550050259,9.25605011
22.28175985,0.228000015,3.535950184,9.198000908
22.28428378,0.2899500132,3.5239501,9.133950233
22.28680778,0.3259500265,3.532950163,9.130949974
22.28933178,0.3430500031,3.5400002,9.058950424
22.29185578,0.3450000286,3.547950268,9.04695034
22.29437955,0.3259500265,3.543000221,9.05700016
22.29690355,0.3169500232,3.543000221,9.061950684
22.29942754,0.2779500186,3.535950184,9.081000328
22.30195154,0.2350500077,3.5400002,9.079050064
22.30447555,0.2110500038,3.552000284,9.126000404
22.30699947,0.1870500147,3.567000151,9.18405056
22.30952347,0.1900500059,3.567000151,9.213000298
22.31204749,0.184950009,3.583950281,9.226950645
22.31457149,0.1870500147,3.595950127,9.237000465
22.31709526,0.1870500147,3.607950211,9.262950897
22.31961926,0.1870500147,3.636000156,9.25605011
22.32214325,0.1969500035,3.627000093,9.253050804
22.32466725,0.1800000072,3.627000093,9.273000717
22.32719117,0.1750500053,3.643050194,9.273000717
22.32971517,0.166050002,3.664950132,9.201000214
22.33223917,0.1399500072,3.655050278,9.225000381
22.33476317,0.1540500075,3.612000227,9.29595089
22.33728694,0.1319999993,3.603000164,9.292050362
22.33981093,0.1399500072,3.616950274,9.262950897
22.34233493,0.118050009,3.595950127,9.268050194
22.34485893,0.1519500017,3.592950106,9.25605011
22.34738293,0.1830000132,3.568950176,9.226950645
22.34990686,0.2040000111,3.562050104,9.214950562
22.35243086,0.2260500044,3.552000284,9.157950401
22.35495488,0.2470500171,3.544950247,9.162000656
22.35747888,0.2500500083,3.562050104,9.112050056
22.36000265,0.2470500171,3.5400002,9.085950851
22.36252665,0.2260500044,3.547950268,9.100049973
22.36505064,0.2310000062,3.532950163,9.130949974
22.36757464,0.1920000017,3.562050104,9.118950844
22.37009856,0.1750500053,3.552000284,9.136050224
22.37262256,0.1540500075,3.571950197,9.162000656
22.37514656,0.1540500075,3.579000235,9.190950394
22.37767056,0.1639500111,3.586050272,9.208050728
22.38019456,0.1729500145,3.624000072,9.198000908
22.38271833,0.184950009,3.612000227,9.214950562
22.38524231,0.1969500035,3.624000072,9.210000038
22.38776631,0.2449500114,3.612000227,9.220050812
22.39029031,0.2449500114,3.60495019,9.222000122
22.39281424,0.2639999986,3.619050264,9.205050468
22.39533823,0.2639999986,3.628950119,9.198000908
22.39786223,0.2380500138,3.639000177,9.202950478
22.40038623,0.2070000172,3.646050215,9.196050644
22.40291,0.1780500114,3.636000156,9.201000214
22.40543398,0.1560000032,3.640950203,9.210000038
22.40795798,0.1399500072,3.660000086,9.202950478
22.41048198,0.1420500129,3.655050278,9.198000908
22.41300597,0.1560000032,3.628950119,9.210000038
22.4155299,0.1369500011,3.622050285,9.213000298
22.4180539,0.1420500129,3.595950127,9.18900013
22.42057788,0.1750500053,3.588000059,9.198000908
22.42310188,0.1590000093,3.583950281,9.157950401
22.42562565,0.1830000132,3.568950176,9.141000748
22.42814965,0.1590000093,3.550050259,9.153000832
22.43067365,0.1369500011,3.567000151,9.118950844
22.43319764,0.1420500129,3.556950092,9.133950233
22.43572164,0.1230000034,3.56400013,9.109950066
22.43824557,0.1350000054,3.59100008,9.141000748
22.44076956,0.1319999993,3.616950274,9.166950226
22.44329356,0.1489500105,3.63105011,9.126000404
22.44581756,0.1950000077,3.646050215,9.103050232
22.44834133,0.2230500132,3.616950274,9.142950058
22.45086533,0.2539499998,3.664950132,9.153000832
22.45338933,0.2880000174,3.718050241,8.965950012
22.45591333,0.3070500195,3.643050194,9.126000404
22.45843729,0.3169500232,3.583950281,9.213000298
22.46096128,0.337950021,3.592950106,9.115050316
22.46348528,0.319050014,3.600000143,9.126000404
22.46600928,0.337950021,3.595950127,9.24600029
22.46853329,0.337950021,3.636000156,9.115050316
22.47105706,0.3120000064,3.65805006,9.118950844
22.47358106,0.319050014,3.643050194,9.181950569
22.47610506,0.3259500265,3.627000093,9.141000748
22.47862905,0.3070500195,3.624000072,9.222000122
22.48115298,0.2710500062,3.660000086,9.226950645
22.48367698,0.2980500162,3.624000072,9.201000214
22.48620097,0.2779500186,3.612000227,9.265050888
22.48872497,0.2860500216,3.600000143,9.154950142
22.49124874,0.3259500265,3.568950176,9.24600029
22.49377275,0.324000001,3.568950176,9.225000381
22.49629675,0.3499500155,3.555000067,9.205050468
22.49882075,0.3310500085,3.559950113,9.196050644
22.50134475,0.3019500077,3.544950247,9.226950645
22.50386868,0.3310500085,3.576000214,9.222000122
22.50639267,0.3310500085,3.588000059,9.24105072
22.50891667,0.3169500232,3.595950127,9.220050812
22.51144065,0.3690000176,3.574050188,9.274950027
22.51396442,0.3739500046,3.592950106,9.261000633
22.51648842,0.4200000167,3.63105011,9.201000214
22.51901242,0.433950007,3.634050131,9.232050896
22.52153642,0.433950007,3.603000164,9.249000549
22.52406034,0.4390500188,3.603000164,9.193950653
22.52658434,0.4579500258,3.60495019,9.154950142
22.52910834,0.4129500091,3.576000214,9.201000214
22.53163235,0.4129500091,3.547950268,9.24105072
22.53415635,0.4080000222,3.552000284,9.226950645
22.53668012,0.3840000033,3.576000214,9.196050644
22.53920412,0.3859500289,3.59100008,9.210000038
22.54172811,0.3810000122,3.600000143,9.210000038
22.54425211,0.3840000033,3.69900012,9.105000496
22.54677604,0.364950031,3.721950293,8.98800087
22.54930004,0.405000031,3.663000107,9.205050468
22.55182404,0.3739500046,3.616950274,9.253050804
22.55434804,0.324000001,3.610050201,9.10695076
22.55687181,0.2980500162,3.628950119,9.17400074
22.55939603,0.2779500186,3.544950247,9.280050278
22.56191981,0.2899500132,3.58095026,9.136050224
22.5644438,0.3000000119,3.592950106,9.141000748
22.5669678,0.3049500287,3.56400013,9.201000214
22.56949173,0.337950021,3.56400013,9.10695076
22.57201573,0.3120000064,3.588000059,9.154950142
22.57453975,0.3220500052,3.612000227,9.157950401
22.57706375,0.3049500287,3.616950274,9.109950066
22.57958752,0.2659500241,3.634050131,9.136050224
22.58211175,0.2500500083,3.603000164,9.217050552
22.58463553,0.2830500007,3.63105011,9.154950142
22.58715953,0.2470500171,3.627000093,9.145950317
22.58968346,0.2430000156,3.610050201,9.208050728
22.59220745,0.2569500208,3.598050117,9.18405056
22.59473146,0.2160000056,3.595950127,9.177000046
22.59725546,0.1969500035,3.579000235,9.225000381
22.59977946,0.1800000072,3.568950176,9.198000908
22.60230324,0.1540500075,3.592950106,9.201000214
22.60482746,0.118050009,3.586050272,9.217050552
22.60735124,0.1420500129,3.586050272,9.220050812
22.60987523,0.1080000028,3.59100008,9.181950569
22.61239916,0.1110000089,3.60495019,9.193950653
22.61492315,0.1489500105,3.610050201,9.166950226
22.61744715,0.1369500011,3.619050264,9.133950233
22.61997115,0.1369500011,3.610050201,9.154950142
22.62249511,0.1350000054,3.627000093,9.12195015
22.62501888,0.1399500072,3.610050201,9.115050316
22.62754288,0.1350000054,3.624000072,9.082950592
22.63006688,0.1540500075,3.622050285,9.12195015
22.63259087,0.2040000111,3.59100008,9.10695076
22.6351148,0.1279500127,3.622050285,9.11700058
22.6376388,0.1200000048,3.603000164,9.115050316
22.64016278,0.0889500007,3.598050117,9.12195015
22.64268678,0.1039500013,3.595950127,9.157950401
22.64521078,0.01695000008,3.639000177,9.11700058
22.64773456,0.02205000073,3.640950203,9.085950851
22.65025855,0.01695000008,3.60495019,9.238950729
22.65278255,-0.04095000029,3.643050194,9.154950142
22.65530655,-0.01005000062,3.624000072,9.177000046
22.65783047,-0.06105000153,3.619050264,9.25605011
22.66035454,-0.03705000132,3.634050131,9.202950478
22.66287847,-0.01305000018,3.627000093,9.214950562
22.66540247,-0.07500000298,3.610050201,9.349050522
22.66792647,-0.02505000122,3.624000072,9.289050102
22.67045024,-0.0390000008,3.615000248,9.30600071
22.67297424,-0.04605000094,3.610050201,9.354000092
22.67549824,0.001050000079,3.579000235,9.342000008
22.67802225,0.07995000482,3.583950281,9.322950363
22.68054617,0.1950000077,3.567000151,9.385050774
22.68307025,0.2500500083,3.576000214,9.340050697
22.68559417,0.184950009,3.59100008,9.244050026
22.68811818,0.1230000034,3.556950092,9.310950279
22.69064218,0.0580500029,3.550050259,9.226950645
22.69316596,0.02505000122,3.529050112,9.403950691
22.69568995,0.0270000007,3.519000053,9.301050186
22.69821394,0.06795000285,3.531000137,9.226950645
22.70073786,0.184950009,3.508950233,9.217050552
22.70326186,0.2860500216,3.493050098,9.196050644
22.70578586,0.3840000033,3.47295022,9.17895031
22.70830986,0.4630500078,3.450000048,9.181950569
22.71083386,0.4750500321,3.454050064,9.115050316
22.71335763,0.5470499992,3.451950073,9.164999962
22.71588163,0.5680500269,3.426000118,9.172050476
22.71840563,0.5059500337,3.454050064,9.138000488
22.72092963,0.4240500331,3.499950171,9.18405056
22.72345363,0.3840000033,3.529050112,9.214950562
22.72597755,0.3169500232,3.526050091,9.210000038
22.72850155,0.3600000143,3.531000137,9.217050552
22.73102554,0.2569500208,3.567000151,9.289050102
22.73354955,0.3570000231,3.559950113,9.154950142
22.73607332,0.2779500186,3.67200017,9.30600071
22.73859731,0.405000031,3.588000059,9.214950562
22.74112131,0.2880000174,3.586050272,9.358950615
22.74364531,0.3619500101,3.709950209,9.261000633
22.74616931,0.2880000174,3.588000059,9.193950653
22.74869323,0.4630500078,3.721950293,9.469050407
22.75121723,0.2980500162,3.63105011,9.214950562
22.75374123,0.514950037,3.514050245,9.352050781
22.756265,0.3619500101,3.730050087,9.391950607
22.758789,0.5940000415,3.394050121,9.009000778
22.76131304,0.4630500078,3.799050093,9.628950119
22.76383704,0.834000051,3.295950174,9.043050766
22.76636096,0.3409500122,3.811050177,9.523950577
22.76888504,0.7020000219,3.423000097,8.976000786
22.77140897,0.4440000355,3.646050215,9.792000771
22.77393296,0.541950047,3.307950258,8.952000618
22.77645696,0.5299500227,3.682050228,9.763050079
22.77898096,0.5710500479,3.202950239,9.016050339
22.78150496,0.6690000296,3.507000208,9.828000069
22.78402873,0.6210000515,3.198000193,8.937000275
22.78655273,0.7090500593,3.519000053,9.793950081
22.78907673,0.5869500041,3.253050089,9.069000244
22.79160073,0.7450500131,3.460950136,9.66795063
22.79412466,0.5899500251,3.291000128,9.061950684
22.79664866,0.7519500256,3.567000151,9.712950706
22.79917266,0.4699500203,3.330000162,9.045000076
22.80169666,0.748050034,3.555000067,9.691950798
22.80422066,0.4240500331,3.322950125,9.085950851
22.80674443,0.7120500207,3.622050285,9.646050453
22.80926843,0.324000001,3.426000118,9.208050728
22.81179235,0.5940000415,3.538050175,9.616950035
22.81431644,0.2449500114,3.439950228,9.273000717
22.81684037,0.2740500271,3.547950268,9.553050041
22.81936437,0.1440000087,3.450000048,9.358950615
22.82188836,0.1009500027,3.639000177,9.579000473
22.82441236,0.1639500111,3.493050098,9.349050522
22.82693636,0.01305000018,3.181050062,9.226950645
22.82946013,-0.2779500186,3.450000048,9.394950867
22.83198413,-0.2830500007,3.675000191,9.334950447
22.83450806,-0.3480000198,3.366000175,9.225000381
22.83703214,0.2929500043,3.379950047,9.29595089
22.83955606,-0.04395000264,3.742050171,9.759000778
22.84208006,-0.1609500051,2.47995019,7.70895052
22.84460383,-0.7170000076,4.141050339,10.74300098
22.84712806,-0.106050007,4.009950161,8.727000237
22.84965184,-0.5560500026,3.05700016,8.877000809
22.85217583,-0.05100000277,3.397050142,9.577050209
22.85469984,-0.6640500426,3.358950138,8.734050751
22.85722376,-0.4920000136,3.718050241,9.544950485
22.85974784,0.1680000126,3.274950266,8.727000237
22.86227176,0.1900500059,3.322950125,9.708000183
22.86479576,-0.2449500114,3.454050064,8.656949997
22.86731976,-0.07695000619,3.41595006,9.217050552
22.86984376,0.2400000095,3.14805007,8.659950256
22.87236752,0.09195000678,3.157050133,9.138000488
22.87489152,0.06300000101,3.463950157,9.0
22.87741552,-0.03405000269,3.3370502,8.833950043
22.87993945,0.1519500017,3.58095026,8.93295002
22.88246352,0.1230000034,3.438000202,8.869950294
22.88498745,0.04905000329,3.520950079,8.851050377
22.88751144,0.2500500083,3.583950281,8.91795063
22.89003545,0.2590500116,3.526050091,8.925000191
22.89255945,0.4080000222,3.58095026,9.0
22.89508322,0.6400500536,3.511950254,9.021000862
22.89760722,0.4819500148,3.5400002,8.977950096
22.90013124,0.4480500221,3.484950066,8.947050095
22.90265524,0.4009500146,3.378000259,9.141000748
22.90517924,0.3409500122,3.306000233,8.98995018
22.90770317,0.2779500186,3.226950169,9.270000458
22.91022717,0.07500000298,3.244050264,9.009000778
22.91275117,0.07695000619,3.226950169,9.222000122
22.91527516,0.03405000269,3.214950085,9.153000832
22.91779894,-0.1159500033,3.23205018,9.142950058
22.92032294,0.1590000093,3.136050224,9.328050613
22.92284694,0.2070000172,3.222000122,9.157950401
22.92537094,0.2500500083,3.208050251,8.953950882
22.92789486,0.2430000156,3.162000179,9.24600029
22.93041884,0.2809500098,3.18900013,9.202950478
22.93294284,0.3769500256,3.315000057,9.058950424
22.93546661,0.2929500043,3.23205018,8.764950752
22.93799084,0.2520000041,3.217050076,9.37305069
22.94051461,0.319050014,3.178950071,8.98995018
22.94303861,0.4129500091,3.214950085,9.148050308
22.94556261,0.337950021,3.282000065,9.058950424
22.94808661,0.3889500201,3.052050114,9.201000214
22.95061053,0.4009500146,3.066000223,9.319950104
22.95313453,0.3600000143,3.085950136,9.190950394
22.95565852,0.3720000088,3.298950195,9.438000679
22.9581823,0.3360000253,2.875050068,8.86605072
22.96070653,0.4720500112,2.935050249,10.0669508
22.9632303,0.03195000067,3.303000212,8.844000816
22.9657543,0.2980500162,3.054000139,10.1029501
22.9682783,-0.2539499998,3.358950138,9.337050438
22.97080224,0.1680000126,3.090000153,9.86400032
22.97332624,-0.07304999977,3.259950161,9.688950539
22.97585024,-0.1540500075,3.394050121,9.679950714
22.97837424,0.3139500022,3.12405014,9.718050003
22.980898,-0.1950000077,3.355950117,9.805950165
22.983422,-0.0150000006,3.112050056,9.607950211
22.985946,0.3019500077,3.466050148,9.684000015
22.98847,0.3570000231,2.905950069,9.438000679
22.990994,0.08205000311,3.310950041,10.50300026
22.99351793,0.5989500284,3.295950174,8.569050789
22.99604192,0.06795000285,3.319950104,9.945000648
22.99856592,0.4939500093,3.31305027,9.499950409
23.00108993,0.5370000005,3.301050186,9.781949997
23.00361392,0.5680500269,3.495000124,9.277050018
23.0061377,0.5320500135,3.636000156,9.483000755
23.00866169,0.5440500379,3.781950235,8.947050095
23.01118569,1.08795011,3.418050051,9.703050613
23.01370969,0.0580500029,4.797000408,6.87405014
23.01623362,1.543050051,2.563950062,11.07300091
23.01875762,0.7759500146,3.663000107,9.544950485
23.02128162,0.6900000572,4.18500042,7.306950569
23.0238056,0.565950036,3.813000202,8.680950165
23.0263296,-0.03195000067,3.066000223,9.805950165
23.02885337,0.8700000644,3.211950064,9.505050659
23.03137737,0.2620500028,3.754050255,8.43900013
23.03390137,-0.5730000138,3.684000254,9.024000168
23.03642537,0.2040000111,3.514050245,7.099050522
23.0389493,0.2310000062,2.913000107,12.08295059
23.0414733,0.2569500208,3.603000164,7.579950333
23.04399731,0.1319999993,3.876000166,9.507000923
23.04652131,0.1969500035,4.041000366,7.482000351
23.04904531,0.07695000619,3.153000116,10.07895088
23.05156908,0.2860500216,3.387000084,9.790050507
23.05409307,0.6090000272,4.228050232,8.466000557
23.05661707,0.3120000064,4.174950123,8.092050552
23.05914107,0.6229500175,3.655050278,9.471000671
23.06166499,0.6640500426,3.598050117,9.523950577
23.06418897,0.8550000191,3.871050119,8.86095047
23.06671274,1.58100009,4.157999992,8.763000488
23.06923697,0.405000031,4.282950401,7.84305048
23.07176097,1.428000093,3.342000246,10.29195023
23.07428474,0.8940000534,3.789000273,9.487950325
23.07680874,0.7740000486,4.285050392,8.422950745
23.07933274,0.9390000701,4.149000168,8.643000603
23.08185672,0.3720000088,3.709950209,9.586050034
23.08438065,0.9660000205,3.684000254,9.670050621
23.08690464,0.8239500523,4.077000141,9.031050682
23.08942863,0.7410000563,4.180050373,8.809950829
23.09195263,0.9940500259,3.981000185,9.177000046
23.0944764,0.6619500518,3.808950186,9.624000549
23.09700042,0.8479500413,4.005000114,9.064050674
23.09952443,0.7429500222,4.16505003,8.86095047
23.10204843,0.5899500251,4.078950405,8.959050179
23.10457242,0.7690500617,3.859050274,9.115050316
23.10709636,0.4699500203,3.880050182,9.129000664
23.10962036,0.7450500131,3.979050159,8.734050751
23.11214436,0.7620000243,4.003050327,8.719050407
23.11466835,0.7170000076,3.909000158,8.827050209
23.11719212,0.8910000324,3.88800025,8.905950546
23.11971612,0.7360500097,3.95505023,8.727000237
23.12224012,0.8719500303,4.012050152,8.650050163
23.12476412,0.7720500231,4.006950378,8.719050407
23.12728812,0.6280500293,3.970950127,8.896950722
23.12981204,0.6829500198,4.021950245,8.842050552
23.13233604,0.4200000167,4.09800005,8.86095047
23.13486004,0.319050014,4.137000084,8.929950714
23.13738404,0.2710500062,4.134000301,9.0
23.13990782,0.1729500145,4.11495018,9.052050591
23.14243181,0.1609500051,4.137000084,9.045000076
23.14495581,0.1780500114,4.132050037,9.05700016
23.14747979,0.3220500052,4.074000359,9.157950401
23.15000379,0.3550500274,4.050000191,9.172050476
23.15252772,0.3169500232,4.072050095,9.154950142
23.15505173,0.3600000143,4.077000141,9.186000824
23.15757573,0.3120000064,4.077000141,9.249000549
23.16009973,0.2659500241,4.074000359,9.226950645
23.16262352,0.2040000111,4.105950356,9.234000206
23.16514752,0.1469999999,4.138950348,9.262950897
23.16767152,0.1249500066,4.12005043,9.229050636
23.17019552,0.04905000329,4.132050037,9.17400074
23.17271952,0.01995000057,4.146000385,9.138000488
23.17524344,-0.0150000006,4.132050037,9.070950508
23.17776744,-0.07995000482,4.105950356,9.06704998
23.18029142,-0.1110000089,4.101000309,8.98800087
23.18281542,-0.1750500053,4.072050095,8.935050011
23.1853392,-0.2310000062,4.060050011,8.901000023
23.18786319,-0.3120000064,4.030950069,8.869950294
23.1903872,-0.4120500088,3.993000269,8.855999947
23.1929112,-0.4390500188,3.982950211,8.827050209
23.19543512,-0.5010000467,3.964050293,8.808000565
23.19795912,-0.6040500402,3.949950218,8.833950043
23.20048313,-0.6540000439,3.957000256,8.855999947
23.20300713,-0.6900000572,3.976050138,8.868000031
23.20553113,-0.7519500256,3.979050159,8.842050552
23.20805489,-0.7860000134,3.964050293,8.896950722
23.21057889,-0.7549500465,3.973950148,8.91795063
23.21310289,-0.7170000076,3.967050076,8.92095089
23.21562689,-0.7120500207,3.979050159,8.961000443
23.21815083,-0.6690000296,3.976050138,9.019050598
23.22067482,-0.6469500065,3.976050138,9.073950768
23.22319882,-0.6540000439,3.949950218,9.126000404
23.22572283,-0.6210000515,3.973950148,9.153000832
23.22824683,-0.6139500141,3.957000256,9.198000908
23.2307706,-0.6139500141,3.919050217,9.249000549
23.23329459,-0.616050005,3.933000088,9.31305027
23.23581859,-0.6259500384,3.933000088,9.340050697
23.23834259,-0.5850000381,3.919050217,9.352050781
23.24086652,-0.5899500251,3.913950205,9.343950272
23.24339053,-0.6040500402,3.931050301,9.330000877
23.24591453,-0.5710500479,3.919050217,9.334950447
23.24843853,-0.5539500117,3.912000179,9.304050446
23.25096254,-0.5680500269,3.897000074,9.258000374
23.25348631,-0.5320500135,3.880050182,9.220050812
23.25601031,-0.5269500017,3.859050274,9.229050636
23.25853431,-0.5320500135,3.849000216,9.181950569
23.26105831,-0.5350500345,3.859050274,9.118950844
23.26358223,-0.5590500236,3.84705019,9.093000412
23.26610623,-0.5269500017,3.813000202,9.073950768
23.26863023,-0.5350500345,3.796950102,9.05700016
23.27115423,-0.5250000358,3.775050163,9.028050423
23.27367798,-0.4770000279,3.78000021,8.965950012
23.27620198,-0.4920000136,3.745950222,8.983050346
23.27872598,-0.4720500112,3.727050066,8.983050346
23.28124998,-0.4750500321,3.730050087,8.91795063
23.28377398,-0.3979500234,3.708000183,8.940000534
23.28629791,-0.3930000067,3.69900012,8.956050873
23.28882191,-0.3790500164,3.700950146,8.952000618
23.2913459,-0.3220500052,3.696000099,8.959050179
23.2938699,-0.2830500007,3.664950132,9.0
23.29639368,-0.2689500153,3.667050123,9.034950256
23.29891767,-0.2500500083,3.676950216,9.105000496
23.30144164,-0.2110500038,3.67200017,9.100049973
23.30396564,-0.1950000077,3.64800024,9.136050224
23.30648965,-0.1319999993,3.640950203,9.198000908
23.30901358,-0.09900000691,3.634050131,9.214950562
23.31153758,-0.07005000114,3.616950274,9.234000206
23.31406158,-0.01695000008,3.627000093,9.265050888
23.31658558,0.01695000008,3.60495019,9.283950806
23.31910934,0.1110000089,3.612000227,9.30795002
23.32163334,0.1469999999,3.58095026,9.301050186
23.32415734,0.1800000072,3.576000214,9.301050186
23.32668133,0.228000015,3.576000214,9.304050446
23.32920533,0.2400000095,3.56400013,9.301050186
23.33172925,0.2689500153,3.555000067,9.280050278
23.33425325,0.2929500043,3.559950113,9.273000717
23.33677725,0.3430500031,3.5400002,9.253050804
23.33930125,0.3790500164,3.547950268,9.222000122
23.34182502,0.3960000277,3.543000221,9.213000298
23.34434902,0.4129500091,3.508950233,9.17400074
23.34687302,0.3840000033,3.499950171,9.160050392
23.34939704,0.3960000277,3.47295022,9.154950142
23.35192097,0.3529500067,3.487950087,9.133950233
23.35444497,0.3499500155,3.495000124,9.12195015
23.35696897,0.3289500177,3.466050148,9.112050056
23.35949298,0.3220500052,3.44505024,9.105000496
23.36201698,0.3360000253,3.427950144,9.115050316
23.36454075,0.337950021,3.423000097,9.105000496
23.36706475,0.3360000253,3.409050226,9.105000496
23.36958876,0.1420500129,3.457050085,8.925000191
23.37211276,0.1319999993,3.423000097,9.109950066
23.37463668,-0.05295000225,3.379950047,9.24105072
23.37716068,-0.1800000072,3.430050135,8.877000809
23.37968467,0.1609500051,3.403950214,9.418950081
23.38220867,0.3310500085,3.394050121,9.397050858
23.38473267,0.4009500146,3.378000259,9.11700058
23.38725644,0.4870500267,3.426000118,9.213000298
23.38978044,0.4410000145,3.438000202,9.214950562
23.39230444,0.4099500179,3.433050156,9.265050888
23.39482844,0.2779500186,3.409050226,9.354000092
23.39735237,0.2400000095,3.375000238,9.44505024
23.39987637,0.2880000174,3.433050156,9.414000511
23.40240037,0.2740500271,3.439950228,9.385050774
23.40492437,0.3289500177,3.418050051,9.457050323
23.40744837,0.3619500101,3.418050051,9.394950867
23.40997215,0.4129500091,3.397050142,9.385050774
23.41249615,0.3930000067,3.411000252,9.403950691
23.41502015,0.4170000255,3.367950201,9.565050125
23.41754415,0.4200000167,3.409050226,9.148050308
23.4200681,0.4200000167,3.403950214,9.342000008
23.42259209,0.3690000176,3.414000273,9.352050781
23.42511609,0.3810000122,3.414000273,9.193950653
23.42764009,0.3619500101,3.430050135,9.213000298
23.4301641,0.3600000143,3.430050135,9.253050804
23.43268787,0.3529500067,3.427950144,9.081000328
23.43521187,0.3619500101,3.41595006,9.172050476
23.43773587,0.3979500234,3.402000189,9.115050316
23.44025987,0.3960000277,3.435000181,9.013950348
23.44278379,0.4219500124,3.399000168,9.064050674
23.44530779,0.3720000088,3.399000168,9.675000191
23.44783179,0.5179499984,3.382050276,8.763000488
23.4503558,0.42900002,3.484950066,9.225000381
23.4528798,0.4990500212,3.382050276,9.103050232
23.45540358,0.4720500112,3.483000278,9.069000244
23.45792757,0.4800000191,3.411000252,8.940000534
23.46045159,0.4200000167,3.487950087,9.226950645
23.46297559,0.4200000167,3.47295022,9.118950844
23.46549951,0.3619500101,3.517050266,8.887050629
23.46802351,0.3570000231,3.543000221,9.154950142
23.47054754,0.3430500031,3.550050259,9.007050514
23.47307154,0.3859500289,3.552000284,9.007050514
23.47559554,0.405000031,3.56400013,9.268050194
23.47811931,0.4600500166,3.571950197,8.530050278
23.4806433,0.2880000174,3.628950119,9.225000381
23.48316731,0.3409500122,3.568950176,8.791049957
23.48569131,0.2590500116,3.535950184,9.538050652
23.48821523,0.3529500067,3.502050161,9.273000717
23.49073925,0.3289500177,3.56400013,8.941950798
23.49326325,0.2760000229,3.555000067,9.409049988
23.49578725,0.2070000172,3.583950281,9.138000488
23.49831125,0.1230000034,3.483000278,9.814050674
23.50083504,0.166050002,3.508950233,9.130949974
23.50335904,0.1639500111,3.552000284,9.342000008
23.50588304,0.2329500169,3.568950176,9.543000221
23.50840704,0.3550500274,3.508950233,9.473999977
23.51093096,0.4440000355,3.517050266,9.568950653
23.51345496,0.514950037,3.583950281,9.463950157
23.51597896,0.5539500117,3.651000261,9.30600071
23.51850296,0.5080500245,3.670050144,9.196050644
23.52102695,0.4840500355,3.634050131,9.277050018
23.52355072,0.4459500313,3.64800024,9.169950485
23.52607495,0.4200000167,3.663000107,9.190950394
23.52859872,0.3720000088,3.706050158,9.091050148
23.53112272,0.3330000043,3.682050228,9.145950317
23.53364664,0.3310500085,3.64800024,9.213000298
23.53617064,0.3430500031,3.636000156,9.198000908
23.53869464,0.3259500265,3.687000275,9.12195015
23.54121864,0.3139500022,3.684000254,9.112050056
23.54374241,0.2639999986,3.643050194,9.172050476
23.54626641,0.2400000095,3.639000177,9.162000656
23.54879064,0.2230500132,3.687000275,9.118950844
23.55131441,0.1950000077,3.691050291,9.11700058
23.55383841,0.1710000038,3.679050207,9.141000748
23.55636233,0.1750500053,3.679050207,9.153000832
23.55888633,0.166050002,3.696000099,9.136050224
23.56141033,0.166050002,3.69900012,9.064050674
23.56393433,0.1780500114,3.682050228,9.091050148
23.5664581,0.2209500074,3.688950062,9.088050842
23.5689821,0.2380500138,3.667050123,9.093000412
23.5715061,0.2929500043,3.667050123,9.070950508
23.57403009,0.3409500122,3.67200017,9.064050674
23.57655409,0.3480000198,3.67200017,9.052050591
23.57907801,0.3769500256,3.640950203,9.052050591
23.58160201,0.3619500101,3.684000254,9.06704998
23.58412599,0.3499500155,3.708000183,9.0499506
23.58664999,0.3310500085,3.694050074,9.094950676
23.58917376,0.3330000043,3.71295023,9.12405014
23.59169776,0.3000000119,3.709950209,9.133950233
23.59422176,0.2620500028,3.721950293,9.145950317
23.59674576,0.2539499998,3.721950293,9.136050224
23.59926976,0.2590500116,3.724950075,9.157950401
23.60179369,0.2470500171,3.718050241,9.193950653
23.60431768,0.2590500116,3.745950222,9.18405056
23.60684168,0.2659500241,3.736950159,9.136050224
23.60936568,0.2639999986,3.720000267,9.130949974
23.61188967,0.2779500186,3.721950293,9.162000656
23.61441344,0.2809500098,3.730050087,9.142950058
23.61693744,0.2899500132,3.718050241,9.130949974
23.61946144,0.2880000174,3.736950159,9.10695076
23.62198544,0.3019500077,3.73905015,9.141000748
23.62450937,0.3100500107,3.732000113,9.193950653
23.62703338,0.3139500022,3.781950235,9.069000244
23.62955738,0.324000001,3.754050255,9.198000908
23.63208138,0.3220500052,3.787050247,9.193950653
23.63460538,0.3769500256,3.804000139,9.037950516
23.63712915,0.3450000286,3.801000118,9.213000298
23.63965338,0.364950031,3.775050163,9.115050316
23.64217715,0.3810000122,3.799050093,9.091050148
23.64470115,0.3529500067,3.801000118,9.220050812
23.64722508,0.3480000198,3.804000139,9.088050842
23.64974908,0.2830500007,3.804000139,9.201000214
23.65227308,0.2760000229,3.805950165,9.069000244
23.65479708,0.2020500153,3.799050093,9.157950401
23.65732084,0.1560000032,3.792000294,9.082950592
23.65984484,0.118050009,3.804000139,9.112050056
23.66236884,0.1080000028,3.796950102,9.024000168
23.66489284,0.03405000269,3.789000273,9.160050392
23.66741681,-0.1159500033,3.664950132,10.77405071
23.66994074,0.1369500011,3.92805028,6.909000397
23.67246474,0.01305000018,3.792000294,9.29595089
23.67498874,0.01005000062,3.835050106,9.358950615
23.67751272,0.06495000422,3.607950211,8.698050499
23.68003649,-0.09600000083,3.787050247,9.385050774
23.68256049,-0.007950000465,3.745950222,9.093000412
23.68508472,-0.1319999993,3.760950089,8.93295002
23.68760848,-0.1039500013,3.664950132,9.265050888
23.69013248,-0.0889500007,3.663000107,9.164999962
23.69265641,-0.1200000048,3.733950138,9.024000168
23.69518039,-0.1369500011,3.655050278,9.820950508
23.69770439,-0.1319999993,3.813000202,8.200050354
23.70022839,-0.1440000087,3.63105011,9.655950546
23.70275216,-0.06795000285,3.742050171,9.232050896
23.70527616,-0.09405000508,3.679050207,8.916000366
23.70780016,-0.1560000032,3.751050234,9.403950691
23.71032417,-0.1560000032,3.730050087,9.193950653
23.71284817,-0.2310000062,3.730050087,9.126000404
23.71537209,-0.2430000156,3.720000267,9.262950897
23.71789617,-0.2590500116,3.760950089,9.103050232
23.7204201,-0.2830500007,3.757950068,9.105000496
23.7229441,-0.2639999986,3.730050087,9.253050804
23.7254681,-0.2880000174,3.751050234,9.141000748
23.72799186,-0.2659500241,3.733950138,9.153000832
23.73051586,-0.2639999986,3.745950222,9.094950676
23.73303986,-0.2710500062,3.732000113,9.097949982
23.73556386,-0.2689500153,3.69900012,9.138000488
23.73808778,-0.295050025,3.687000275,9.129000664
23.74061178,-0.2880000174,3.664950132,9.100049973
23.74313578,-0.295050025,3.660000086,9.058950424
23.74565978,-0.3139500022,3.636000156,9.061950684
23.74818378,-0.3289500177,3.628950119,9.064050674
23.75070755,-0.3859500289,3.610050201,9.085950851
23.75323155,-0.4080000222,3.600000143,9.115050316
23.75575555,-0.3930000067,3.595950127,9.130949974
23.75827955,-0.4410000145,3.59100008,9.11700058
23.76080347,-0.45600003,3.571950197,9.148050308
23.76332754,-0.4720500112,3.574050188,9.18405056
23.76585146,-0.5130000114,3.592950106,9.201000214
23.76837546,-0.5509500504,3.600000143,9.220050812
23.77089945,-0.5320500135,3.612000227,9.208050728
23.77342322,-0.541950047,3.607950211,9.205050468
23.77594745,-0.5350500345,3.612000227,9.196050644
23.77847122,-0.5230500102,3.622050285,9.24600029
23.78099522,-0.5350500345,3.607950211,9.273000717
23.78351922,-0.5250000358,3.64800024,9.250950813
23.78604322,-0.5269500017,3.651000261,9.270000458
23.78856715,-0.5250000358,3.660000086,9.273000717
23.79109115,-0.5010000467,3.640950203,9.270000458
23.7936149,-0.4870500267,3.651000261,9.273000717
23.7961389,-0.4630500078,3.652950287,9.268050194
23.79866313,-0.42900002,3.655050278,9.253050804
23.8011869,-0.3259500265,3.667050123,8.929950714
23.8037109,-0.4939500093,3.616950274,9.756000519
23.8062349,-0.3889500201,3.64800024,9.064050674
23.8087589,-0.3720000088,3.651000261,9.148050308
23.81128282,-0.4170000255,3.646050215,9.304050446
23.81380681,-0.3720000088,3.595950127,9.258000374
23.81633058,-0.3360000253,3.595950127,9.162000656
23.81885458,-0.3289500177,3.607950211,9.18405056
23.82137858,-0.3049500287,3.60495019,9.17400074
23.82390256,-0.3070500195,3.568950176,9.11700058
23.82642656,-0.3139500022,3.543000221,9.25605011
23.82895056,-0.2809500098,3.562050104,9.18405056
23.83147456,-0.2860500216,3.568950176,9.129000664
23.8339985,-0.2740500271,3.579000235,9.112050056
23.8365225,-0.2659500241,3.550050259,9.157950401
23.8390465,-0.2110500038,3.531000137,9.10695076
23.84157027,-0.1519500017,3.567000151,9.04695034
23.84409427,-0.1350000054,3.5400002,9.118950844
23.84661827,-0.08700000495,3.538050175,9.136050224
23.84914227,-0.08205000311,3.5239501,9.154950142
23.85166619,-0.06495000422,3.538050175,9.18900013
23.85419027,-0.07304999977,3.5400002,9.198000908
23.8567142,-0.09405000508,3.519000053,9.210000038
23.85923819,-0.07995000482,3.526050091,9.261000633
23.86176219,-0.08700000495,3.5239501,9.273000717
23.86428596,-0.07304999977,3.517050266,9.261000633
23.86681019,-0.0390000008,3.519000053,9.262950897
23.86933397,-0.01995000057,3.487950087,9.282000542
23.87185796,-0.0150000006,3.478050232,9.277050018
23.87438189,0.001050000079,3.499950171,9.277050018
23.87690596,0.003000000026,3.502050161,9.280050278
23.87942989,-0.001050000079,3.484950066,9.286950111
23.88195389,-0.03195000067,3.490050077,9.280050278
23.88447789,-0.0150000006,3.49695015,9.277050018
23.88700166,-0.01305000018,3.466050148,9.274950027
23.88952589,0.01305000018,3.475950241,9.253050804
23.89204966,0.03705000132,3.475950241,9.258000374
23.89457366,0.06495000422,3.463950157,9.208050728
23.89709766,0.08400000632,3.454050064,9.213000298
23.89962166,0.1159500033,3.426000118,9.202950478
23.90214558,0.1110000089,3.450000048,9.196050644
23.90466958,0.1230000034,3.442050219,9.154950142
23.9071936,0.1300500035,3.430050135,9.222000122
23.90971737,0.1469999999,3.430050135,9.166950226
23.9122416,0.1369500011,3.459000111,9.103050232
23.91476537,0.1159500033,3.41595006,9.340050697
23.91728938,0.1200000048,3.471000195,9.012000084
23.91981338,0.106050007,3.463950157,9.157950401
23.92233738,0.08400000632,3.484950066,9.205050468
23.9248613,0.118050009,3.481050253,9.085950851
23.92738529,0.09600000083,3.514050245,9.115050316
23.92990929,0.1200000048,3.507000208,9.150000572
23.93243329,0.1230000034,3.514050245,9.103050232
23.93495729,0.1230000034,3.531000137,9.160050392
23.93748106,0.1469999999,3.538050175,9.164999962
23.94000506,0.1469999999,3.559950113,9.133950233
23.94252906,0.1350000054,3.555000067,9.217050552
23.94505307,0.1519500017,3.567000151,9.265050888
23.94757707,0.166050002,3.543000221,9.201000214
23.950101,0.1710000038,3.583950281,9.244050026
23.95262501,0.1639500111,3.576000214,9.30600071
23.95514901,0.1920000017,3.567000151,9.310950279
23.95767301,0.1900500059,3.552000284,9.298950195
23.96019678,0.1969500035,3.568950176,9.319950104
23.96272078,0.184950009,3.588000059,9.31305027
23.9652447,0.1750500053,3.568950176,9.282000542
23.96776878,0.1489500105,3.574050188,9.409049988
23.97029279,0.1350000054,3.59100008,9.268050194
23.97281671,0.1319999993,3.559950113,9.30600071
23.97534071,0.09900000691,3.559950113,9.346950531
23.97786471,0.07304999977,3.595950127,9.148050308
23.98038871,0.06495000422,3.56400013,9.262950897
23.98291248,0.0580500029,3.56400013,9.205050468
23.98543648,0.0270000007,3.571950197,9.142950058
23.9879604,0.01995000057,3.574050188,9.133950233
23.9904845,0.004950000439,3.550050259,9.166950226
23.9930085,-0.004950000439,3.552000284,9.064050674
23.99553242,0.001050000079,3.562050104,9.118950844
23.99805642,-0.001050000079,3.544950247,9.118950844
24.00058042,-0.001050000079,3.562050104,9.10695076
24.00310442,0.001050000079,3.552000284,9.126000404
24.00562819,-0.02205000073,3.567000151,9.160050392
24.00815219,-0.003000000026,3.543000221,9.150000572
24.01067619,0.02505000122,3.552000284,9.169950485
24.01320019,0.01005000062,3.538050175,9.24600029
24.01572419,0.02895000204,3.555000067,9.208050728
24.01824813,0.03195000067,3.559950113,9.24105072
24.02077213,0.05595000088,3.571950197,9.244050026
24.0232959,0.0580500029,3.56400013,9.238950729
24.02582013,0.06495000422,3.568950176,9.261000633
24.0283439,0.08400000632,3.58095026,9.249000549
24.0308679,0.08700000495,3.592950106,9.249000549
24.03339191,0.1159500033,3.567000151,9.237000465
24.03591591,0.1300500035,3.603000164,9.280050278
24.03843991,0.1540500075,3.607950211,9.220050812
24.04096384,0.1440000087,3.616950274,9.222000122
24.04348781,0.1609500051,3.600000143,9.234000206
24.04601181,0.1540500075,3.598050117,9.225000381
24.04853581,0.1750500053,3.586050272,9.229050636
24.05105958,0.1780500114,3.56400013,9.234000206
24.05358358,0.1969500035,3.562050104,9.210000038
24.05610758,0.2430000156,3.550050259,9.205050468
24.05863158,0.2590500116,3.529050112,9.225000381
24.06115559,0.2809500098,3.543000221,9.198000908
24.06367951,0.295050025,3.555000067,9.181950569
24.06620351,0.3289500177,3.535950184,9.118950844
24.06872751,0.319050014,3.535950184,9.193950653
24.07125151,0.3100500107,3.526050091,9.234000206
24.07377528,0.3220500052,3.547950268,9.160050392
24.07629927,0.3139500022,3.552000284,9.157950401
24.07882327,0.3220500052,3.567000151,9.138000488
24.08134727,0.319050014,3.56400013,9.17895031
24.08387127,0.337950021,3.556950092,9.145950317
24.08639519,0.3550500274,3.583950281,9.097949982
24.08891919,0.3259500265,3.567000151,9.164999962
24.09144319,0.3100500107,3.58095026,9.148050308
24.09396722,0.3100500107,3.592950106,9.162000656
24.09649099,0.3220500052,3.603000164,9.154950142
24.09901499,0.3070500195,3.59100008,9.148050308
24.10153899,0.295050025,3.592950106,9.196050644
24.10406298,0.3019500077,3.586050272,9.190950394
24.10658698,0.3450000286,3.615000248,9.17895031
24.1091109,0.3769500256,3.603000164,9.196050644
24.1116349,0.3930000067,3.58095026,9.237000465
24.11415888,0.3930000067,3.58095026,9.222000122
24.11668288,0.4150500298,3.571950197,9.258000374
24.11920665,0.4080000222,3.567000151,9.277050018
24.12173065,0.4080000222,3.555000067,9.24105072
24.12425464,0.4270500243,3.550050259,9.249000549
24.12677864,0.4240500331,3.550050259,9.232050896
24.12930265,0.4320000112,3.543000221,9.268050194
24.13182657,0.4390500188,3.526050091,9.205050468
24.13435057,0.4530000091,3.532950163,9.237000465
24.13687457,0.4360500276,3.532950163,9.346950531
24.13939857,0.5080500245,3.487950087,9.274950027
24.14192257,0.4150500298,3.568950176,9.061950684
24.14444634,0.4410000145,3.519000053,9.201000214
24.14697034,0.405000031,3.552000284,9.202950478
24.14949434,0.3889500201,3.507000208,9.145950317
24.15201834,0.3670500219,3.538050175,9.25605011
24.15454227,0.3529500067,3.571950197,9.129000664
24.15706626,0.3690000176,3.56400013,9.103050232
24.15959027,0.3859500289,3.568950176,9.130949974
24.16211427,0.405000031,3.574050188,9.081000328
24.16463826,0.4270500243,3.588000059,9.112050056
24.16716203,0.433950007,3.586050272,9.30600071
24.16968602,0.4530000091,3.538050175,8.99505043
24.17221003,0.4270500243,3.603000164,8.956050873
24.17473403,0.4510500133,3.562050104,9.11700058
24.17725797,0.4030500054,3.586050272,9.153000832
24.17978196,0.4080000222,3.559950113,9.12405014
24.18230596,0.3910500109,3.568950176,9.237000465
24.18482996,0.3690000176,3.571950197,9.142950058
24.18735396,0.3550500274,3.568950176,9.133950233
24.18987774,0.4219500124,3.552000284,8.518050194
24.19240174,0.6760500073,3.84705019,6.808950424
24.19492574,0.1249500066,3.660000086,10.20405006
24.19744972,0.2639999986,3.469050169,10.23495007
24.19997365,0.1830000132,3.450000048,9.325050354
24.20249764,-0.1230000034,3.748950243,9.18405056
24.20502165,-0.2070000172,3.787050247,8.968050003
24.20754565,-0.3670500219,3.646050215,8.992050171
24.21006965,-0.4120500088,3.49695015,9.580950737
24.21259342,-0.4240500331,3.56400013,9.532950401
24.21511742,-0.5560500026,3.652950287,9.391950607
24.21764142,-0.3360000253,3.622050285,9.258000374
24.22016542,-0.3450000286,3.567000151,9.451950073
24.22268942,-0.2659500241,3.598050117,9.418950081
24.22521334,-0.2809500098,3.67200017,9.282000542
24.22773734,-0.3739500046,3.694050074,9.294000626
24.23026134,-0.3330000043,3.696000099,9.322950363
24.23278533,-0.4410000145,3.721950293,9.24105072
24.2353091,-0.3310500085,3.78000021,9.037950516
24.2378331,-0.3259500265,3.796950102,8.971050262
24.2403571,-0.2740500271,3.778050184,8.93295002
24.2428811,-0.2710500062,3.744000196,9.100049973
24.2454051,-0.2209500074,3.751050234,9.06704998
24.24792902,-0.1729500145,3.730050087,9.091050148
24.25045302,-0.1350000054,3.718050241,9.05505085
24.25297702,-0.1230000034,3.676950216,9.064050674
24.25550102,-0.106050007,3.663000107,9.043050766
24.25802479,-0.1710000038,3.655050278,9.17400074
24.26054879,-0.184950009,3.636000156,9.225000381
24.26307279,-0.2070000172,3.616950274,9.258000374
24.26559679,-0.2160000056,3.619050264,9.274950027
24.26812079,-0.184950009,3.615000248,9.30795002
24.27064471,-0.1780500114,3.607950211,9.298950195
24.27316873,-0.1369500011,3.600000143,9.294000626
24.27569273,-0.08400000632,3.59100008,9.304050446
24.27821673,-0.04395000264,3.600000143,9.250950813
24.2807405,-0.003000000026,3.583950281,9.265050888
