"Time (s)","X (m/s^2)","Y (m/s^2)","Z (m/s^2)"
-2.422916004E-4,5.254074097E-1,5.957012329E0,7.739505615E0
9.714708314E-3,5.596861267E-1,5.959706726E0,7.774083710E0
1.967270835E-2,5.827381897E-1,5.955066376E0,7.796836395E0
2.962970838E-2,5.066963196E-1,6.000272369E0,7.801476746E0
3.958670830E-2,4.522096252E-1,5.989943848E0,7.790848846E0
4.954370833E-2,4.227209473E-1,5.998176727E0,7.753576355E0
5.950070836E-2,4.529580688E-1,6.003266144E0,7.735014954E0
6.945770839E-2,4.954696655E-1,6.004463654E0,7.747738495E0
7.941470831E-2,4.564009094E-1,6.027066650E0,7.783214722E0
8.937170834E-2,4.005670166E-1,6.012247467E0,7.815697174E0
9.932970838E-2,3.454815674E-1,5.999523926E0,7.810308380E0
1.092867083E-1,3.567082214E-1,5.970035248E0,7.798632660E0
1.192437083E-1,3.656895447E-1,5.938899994E0,7.780220947E0
1.292007084E-1,3.742218018E-1,5.920488281E0,7.771838379E0
1.391577084E-1,3.835025024E-1,5.927074585E0,7.783364410E0
1.491147083E-1,3.808081055E-1,5.940845947E0,7.801925812E0
1.590717083E-1,3.885919189E-1,5.948330383E0,7.815098419E0
1.690297084E-1,4.334985352E-1,5.940247192E0,7.843539276E0
1.789867084E-1,4.722679138E-1,5.943989410E0,7.830067291E0
1.889437083E-1,4.799020386E-1,5.935457153E0,7.821385345E0
1.989007083E-1,4.339476013E-1,5.925877075E0,7.813002777E0
2.088577084E-1,4.236190796E-1,5.890550537E0,7.799680481E0
2.188150834E-1,3.861968994E-1,5.898334351E0,7.782765656E0
2.287720833E-1,3.505709839E-1,5.899681549E0,7.804320831E0
2.387290833E-1,3.799099731E-1,5.919141083E0,7.789052582E0
2.486870834E-1,3.754193115E-1,5.948330383E0,7.832013245E0
2.586440834E-1,3.441343689E-1,5.951024780E0,7.868387604E0
2.686010833E-1,2.778222656E-1,5.957760773E0,7.847730560E0
2.785580833E-1,2.778222656E-1,5.971981201E0,7.805069275E0
2.885150834E-1,2.883004761E-1,5.993985443E0,7.759264526E0
2.984720833E-1,2.977308655E-1,5.972430267E0,7.749085693E0
3.084290833E-1,3.402424622E-1,5.956862640E0,7.734865265E0
3.183870834E-1,3.216810608E-1,5.978417816E0,7.738008728E0
3.283440834E-1,2.857557678E-1,5.991291046E0,7.745343475E0
3.383010833E-1,3.144960022E-1,5.996380463E0,7.772137756E0
3.482580833E-1,3.496728516E-1,6.017486572E0,7.760462036E0
3.582150834E-1,3.534150696E-1,6.040688324E0,7.757168884E0
3.681720834E-1,3.372486877E-1,6.023025055E0,7.752079468E0
3.781290833E-1,3.799099731E-1,5.995182953E0,7.780819702E0
3.880860833E-1,3.766168213E-1,5.974376221E0,7.794890442E0
3.980440834E-1,3.525169373E-1,5.975873108E0,7.767347717E0
4.080010833E-1,3.737727356E-1,5.985902252E0,7.742948456E0
4.179580833E-1,3.977229309E-1,5.975723419E0,7.739655304E0
4.279150834E-1,4.035607910E-1,5.977369995E0,7.768994293E0
4.378720834E-1,4.090992737E-1,5.960155792E0,7.785909119E0
4.478290833E-1,3.595523071E-1,5.960455170E0,7.773035889E0
4.577860833E-1,3.513194275E-1,5.983507233E0,7.756270752E0
4.677440834E-1,3.591032410E-1,5.984255676E0,7.738008728E0
4.777010833E-1,4.046086121E-1,6.015091553E0,7.752378845E0
4.876580833E-1,4.781057739E-1,6.047124939E0,7.787406006E0
4.976150834E-1,5.149291992E-1,6.055208130E0,7.802823944E0
5.075720834E-1,4.788542175E-1,6.009104004E0,7.801925812E0
5.175290833E-1,4.462220764E-1,6.003715210E0,7.787705383E0
5.274860833E-1,4.240681458E-1,6.007008362E0,7.737409973E0
5.374430834E-1,3.890409851E-1,6.018384705E0,7.725434875E0
5.474010834E-1,4.421804810E-1,6.016139374E0,7.742349701E0
5.573580833E-1,4.608915710E-1,5.994733887E0,7.793692932E0
5.673150833E-1,4.355941772E-1,5.968238983E0,7.815697174E0
5.772720834E-1,4.273612976E-1,5.959107971E0,7.788004761E0
5.872290833E-1,4.526586914E-1,6.015241241E0,7.752528534E0
5.971860833E-1,5.200186157E-1,6.050567780E0,7.760312347E0
6.071430834E-1,5.313949585E-1,6.013744354E0,7.727380829E0
6.171010834E-1,6.340814209E-1,5.983507233E0,7.731721802E0
6.270580833E-1,6.524931335E-1,5.960155792E0,7.725584564E0
6.370150833E-1,5.379812622E-1,5.961353302E0,7.773035889E0
6.469720834E-1,4.400848389E-1,5.969436493E0,7.833210754E0
6.569290834E-1,3.281176758E-1,5.934259644E0,7.834108887E0
6.668860833E-1,3.541635132E-1,5.917644196E0,7.824678497E0
6.768430833E-1,4.691244507E-1,5.924978943E0,7.783663788E0
6.868000834E-1,4.444258118E-1,5.935008087E0,7.776029663E0
6.967580833E-1,4.159849548E-1,5.960305481E0,7.801327057E0
7.067150833E-1,4.308041382E-1,5.966442719E0,7.846233673E0
7.166720834E-1,4.035607910E-1,5.988896027E0,7.868836670E0
7.266290834E-1,4.053570557E-1,5.978118439E0,7.817493439E0
7.365860833E-1,4.477189636E-1,5.965993652E0,7.764353943E0
7.465430833E-1,3.890409851E-1,5.949228516E0,7.736661530E0
7.565000834E-1,3.589535522E-1,5.946683807E0,7.752977600E0
7.664580833E-1,3.171903992E-1,5.949527893E0,7.803722076E0
7.764150833E-1,3.270698547E-1,5.954168243E0,7.808512115E0
7.863720834E-1,4.213737488E-1,5.964945831E0,7.824528809E0
7.963290834E-1,5.125341797E-1,5.973328400E0,7.801476746E0
8.062860833E-1,5.487588501E-1,5.976920929E0,7.824828186E0
8.162430833E-1,5.173242188E-1,5.962101746E0,7.818391571E0
8.262000834E-1,4.680766296E-1,5.944737854E0,7.797135773E0
8.361580834E-1,4.379891968E-1,5.965993652E0,7.767198029E0
8.461150833E-1,4.569996643E-1,5.962251434E0,7.744445343E0
8.560720833E-1,4.858895874E-1,5.967939606E0,7.753276978E0
8.660290834E-1,4.796026611E-1,5.949677582E0,7.754624176E0
8.759860833E-1,4.433779907E-1,5.972280579E0,7.805069275E0
8.859430833E-1,3.653901672E-1,5.959107971E0,7.791746979E0
8.959000834E-1,3.631448364E-1,5.970484314E0,7.793842621E0
9.058570834E-1,3.577560425E-1,5.983806610E0,7.743547211E0
9.158150833E-1,3.667373657E-1,6.007158051E0,7.736212463E0
9.257720833E-1,3.879931641E-1,5.987099762E0,7.756121063E0
9.357290834E-1,3.703298950E-1,5.976022797E0,7.790399780E0
9.456860833E-1,3.700305176E-1,5.990991669E0,7.801476746E0
9.556430833E-1,3.528163147E-1,5.994883575E0,7.808811493E0
9.656000833E-1,3.433859253E-1,6.011199646E0,7.801626434E0
9.755570834E-1,3.158432007E-1,5.991291046E0,7.782316589E0
9.855150833E-1,2.752775574E-1,5.986501007E0,7.753426666E0
9.954720833E-1,2.197430420E-1,5.948779449E0,7.738757172E0
1.005429083E0,1.767823792E-1,5.968388672E0,7.765551453E0
1.015386083E0,1.977388000E-1,5.991590424E0,7.770790558E0
1.025343083E0,2.154020691E-1,6.003266144E0,7.772736511E0
1.035300083E0,2.516267395E-1,6.020031281E0,7.784861298E0
1.045257083E0,2.872526550E-1,6.010451202E0,7.793243866E0
1.055214083E0,2.926414490E-1,5.986800385E0,7.780520325E0
1.065172083E0,2.754272461E-1,5.979615326E0,7.759713593E0
1.075129083E0,2.459385681E-1,5.979166260E0,7.752378845E0
1.085086083E0,2.628533936E-1,5.973328400E0,7.782915344E0
1.095043083E0,2.392025757E-1,5.950875092E0,7.798482971E0
1.105000083E0,2.653981018E-1,5.964646454E0,7.826923828E0
1.114957083E0,2.829116821E-1,5.973029022E0,7.845934296E0
1.124914083E0,2.722837830E-1,5.981561279E0,7.852520599E0
1.134872083E0,2.516267395E-1,5.958958282E0,7.834408264E0
1.144829083E0,2.157014465E-1,5.953868866E0,7.791148224E0
1.154786083E0,1.996847534E-1,5.932014313E0,7.758067017E0
1.164743083E0,1.908531189E-1,5.961502991E0,7.758815460E0
1.174700083E0,1.758842468E-1,5.951174469E0,7.771838379E0
1.184657083E0,2.148033142E-1,5.976322174E0,7.796986084E0
1.194614083E0,2.160008240E-1,5.995182953E0,7.805817719E0
1.204572083E0,2.061213684E-1,6.010151825E0,7.792645111E0
1.214529125E0,1.814227295E-1,6.011798401E0,7.758965149E0
1.224486125E0,1.871109009E-1,6.012995911E0,7.767497406E0
1.234443125E0,1.907034302E-1,6.000272369E0,7.762707367E0
1.244400125E0,2.124082947E-1,5.987249451E0,7.794591064E0
1.254357125E0,2.270777893E-1,5.950126648E0,7.803273010E0
1.264314125E0,2.716850281E-1,5.967340851E0,7.819140015E0
1.274271125E0,2.502795410E-1,5.951473846E0,7.831713867E0
1.284229125E0,2.315684509E-1,5.945186920E0,7.814050598E0
1.294186125E0,2.363584900E-1,5.921985168E0,7.793243866E0
1.304143125E0,2.025288391E-1,5.939349060E0,7.778274994E0
1.314100125E0,1.775308228E-1,5.948180695E0,7.779472504E0
1.324057125E0,2.192939758E-1,5.974376221E0,7.792046356E0
1.334014125E0,2.420466614E-1,5.986501007E0,7.803572388E0
1.343971125E0,2.555186462E-1,6.015989685E0,7.805817719E0
1.353929125E0,2.650987244E-1,6.015690308E0,7.804320831E0
1.363886125E0,2.390528870E-1,6.015091553E0,7.803572388E0
1.373843125E0,2.234852600E-1,6.003715210E0,7.786058807E0
1.383800125E0,2.116598511E-1,5.979315948E0,7.744894409E0
1.393757125E0,2.234852600E-1,5.962850189E0,7.736661530E0
1.403714125E0,2.321672058E-1,5.966442719E0,7.757917328E0
1.413671125E0,2.896476746E-1,5.983806610E0,7.800877991E0
1.423628125E0,2.713856506E-1,6.001170502E0,7.820337524E0
1.433586125E0,2.787203979E-1,6.000422058E0,7.834108887E0
1.443543125E0,2.430944824E-1,6.007607117E0,7.804919586E0
1.453500125E0,2.014810181E-1,5.989494781E0,7.745642853E0
1.463457125E0,2.469863892E-1,5.990243225E0,7.752079468E0
1.473414125E0,2.945874023E-1,5.983956299E0,7.771988068E0
1.483371125E0,3.210823059E-1,5.992189178E0,7.789950714E0
1.493328125E0,3.249742126E-1,5.995482330E0,7.814799042E0
1.503286125E0,3.180885315E-1,6.022875366E0,7.818990326E0
1.513243125E0,3.073109436E-1,5.992039490E0,7.775730286E0
1.523200125E0,3.110531616E-1,5.971981201E0,7.770341492E0
1.533157125E0,3.246748352E-1,5.964945831E0,7.771988068E0
1.543114125E0,3.088078308E-1,5.989345093E0,7.787705383E0
1.553071125E0,3.591032410E-1,5.991889801E0,7.812853088E0
1.563028125E0,3.436853027E-1,5.996979218E0,7.815697174E0
1.572985125E0,3.384461975E-1,5.999673615E0,7.787705383E0
1.582943125E0,3.484753418E-1,5.990991669E0,7.764952698E0
1.592900125E0,3.629951477E-1,5.990991669E0,7.749385071E0
1.602857125E0,3.637435913E-1,5.968987427E0,7.751630402E0
1.612814125E0,3.872447205E-1,5.965694275E0,7.772736511E0
1.622771125E0,3.767665100E-1,5.955515442E0,7.793992310E0
1.632728125E0,3.872447205E-1,5.949976959E0,7.811056824E0
1.642685125E0,4.056564331E-1,5.937552795E0,7.794740753E0
1.652643125E0,4.146377563E-1,5.961952057E0,7.779921570E0
1.662600125E0,4.224215698E-1,5.990991669E0,7.762707367E0
1.672557125E0,3.647914124E-1,5.982160034E0,7.754175110E0
1.682514125E0,3.490740967E-1,6.009852448E0,7.775131531E0
1.692471125E0,3.562591553E-1,6.028114471E0,7.806566162E0
1.702428125E0,3.773652649E-1,6.019282837E0,7.803572388E0
1.712385125E0,3.847000122E-1,5.995332642E0,7.804620209E0
1.722343125E0,4.080514526E-1,5.971083069E0,7.806266785E0
1.732300125E0,3.829037476E-1,5.944588165E0,7.786058807E0
1.742257125E0,3.778143311E-1,5.911806335E0,7.768245850E0
1.752214125E0,3.484753418E-1,5.902525635E0,7.790699158E0
1.762171125E0,3.016227722E-1,5.904321899E0,7.794890442E0
1.772128125E0,3.197351074E-1,5.921536102E0,7.782316589E0
1.782085125E0,3.121009827E-1,5.951024780E0,7.765102386E0
1.792042125E0,3.234773254E-1,5.973178711E0,7.783364410E0
1.802000125E0,3.420387268E-1,6.005212097E0,7.781867523E0
1.811957125E0,3.237767029E-1,6.007756805E0,7.789052582E0
1.821914125E0,3.112028503E-1,6.004164276E0,7.780969391E0
1.831871125E0,3.044668579E-1,6.000272369E0,7.777676239E0
1.841828125E0,3.306623840E-1,5.980663147E0,7.776628418E0
1.851785125E0,3.608995056E-1,5.947132874E0,7.799231415E0
1.861742125E0,3.790118408E-1,5.915698242E0,7.821085968E0
1.871700125E0,3.611988831E-1,5.913901978E0,7.820786591E0
1.881657125E0,3.403921509E-1,5.933062134E0,7.808362427E0
1.891614125E0,3.382965088E-1,5.955365753E0,7.787256317E0
1.901571125E0,3.993695068E-1,6.000122681E0,7.782615967E0
1.911528125E0,4.806504822E-1,6.011199646E0,7.791148224E0
1.921485125E0,4.882846069E-1,6.016887817E0,7.791896667E0
1.931442125E0,4.334985352E-1,6.023923187E0,7.796686707E0
1.941399125E0,3.685336304E-1,6.029461670E0,7.761210480E0
1.951357125E0,2.866539001E-1,6.026767273E0,7.736062775E0
1.961314125E0,2.068698120E-1,6.015241241E0,7.714956665E0
1.971271125E0,2.149530029E-1,5.986201630E0,7.708220673E0
1.981228125E0,1.992356873E-1,6.001469879E0,7.745942230E0
1.991185125E0,2.305206299E-1,5.983357544E0,7.798782349E0
2.001142125E0,2.739303589E-1,5.985602875E0,7.838599548E0
2.011099125E0,2.691403198E-1,5.970184937E0,7.824379120E0
2.021057125E0,2.791694641E-1,5.945785675E0,7.803123322E0
2.031014125E0,2.549198914E-1,5.937702484E0,7.763006744E0
2.040971125E0,2.516267395E-1,5.951024780E0,7.732619934E0
2.050928125E0,2.366578674E-1,5.946833496E0,7.751480713E0
2.060885125E0,2.372566223E-1,5.949378204E0,7.803422699E0
2.070842125E0,2.743794250E-1,5.986201630E0,7.807015228E0
2.080799125E0,3.055146790E-1,6.005960541E0,7.813900909E0
2.090756125E0,3.095562744E-1,6.006259918E0,7.804919586E0
2.100714125E0,2.900967407E-1,5.984854431E0,7.793992310E0
2.110671125E0,2.621049500E-1,5.983207855E0,7.771688690E0
2.120628125E0,2.577639771E-1,5.982758789E0,7.774832153E0
2.130585125E0,2.655477905E-1,5.967340851E0,7.786208496E0
2.140542125E0,2.820135498E-1,5.962101746E0,7.826025696E0
2.150499125E0,2.890489197E-1,5.979166260E0,7.823930054E0
2.160456125E0,2.909948730E-1,5.986351318E0,7.820187836E0
2.170414125E0,2.790197754E-1,5.990542603E0,7.784112854E0
2.180371125E0,2.354603577E-1,5.983507233E0,7.769143982E0
2.190328125E0,2.065704346E-1,5.981561279E0,7.759863281E0
2.200285125E0,2.249821472E-1,6.006858673E0,7.769443359E0
2.210242125E0,2.481838989E-1,6.002068634E0,7.764803009E0
2.220198083E0,2.706372070E-1,5.995332642E0,7.790549469E0
2.230155083E0,2.647993469E-1,5.972879333E0,7.802973633E0
2.240113083E0,2.565664673E-1,5.978417816E0,7.798333282E0
2.250070083E0,2.427951050E-1,5.976022797E0,7.786507874E0
2.260027083E0,2.320175171E-1,5.977968750E0,7.782017212E0
2.269984083E0,2.393522644E-1,5.961053925E0,7.771988068E0
2.279941083E0,2.607577515E-1,5.964496765E0,7.766748962E0
2.289898083E0,2.740800476E-1,5.977369995E0,7.779023438E0
2.299855083E0,2.770738220E-1,5.971382446E0,7.812703400E0
2.309812083E0,2.700384521E-1,6.003565521E0,7.816595306E0
2.319770083E0,2.731819153E-1,5.991291046E0,7.792495422E0
2.329727083E0,2.399510193E-1,5.979016571E0,7.757617950E0
2.339684083E0,2.056723022E-1,5.973927155E0,7.737559662E0
2.349641083E0,1.913021851E-1,5.958359528E0,7.763605499E0
2.359598083E0,1.907034302E-1,5.971532135E0,7.809260559E0
2.369555083E0,2.466870117E-1,5.975573730E0,7.812553711E0
2.379512083E0,2.794688416E-1,5.978567505E0,7.820337524E0
2.389470083E0,2.724334717E-1,5.973328400E0,7.794291687E0
2.399427083E0,2.561174011E-1,5.974525909E0,7.787406006E0
2.409384083E0,2.182461548E-1,5.973927155E0,7.771988068E0
2.419341083E0,2.014810181E-1,5.984854431E0,7.774981842E0
2.429298083E0,1.707948303E-1,6.005062408E0,7.790549469E0
2.439255083E0,1.838177490E-1,5.988896027E0,7.814200287E0
2.449212083E0,1.868115234E-1,5.970184937E0,7.795638885E0
2.459169083E0,1.972897339E-1,5.979315948E0,7.786507874E0
2.469127083E0,1.911524963E-1,5.970783691E0,7.762407990E0
2.479084083E0,2.035766602E-1,5.982459412E0,7.753276978E0
2.489041083E0,2.097138977E-1,5.998326416E0,7.776628418E0
2.498998083E0,2.395019531E-1,5.993087311E0,7.793393555E0
2.508955083E0,2.634521484E-1,5.989794159E0,7.797135773E0
2.518912083E0,2.803669739E-1,5.967640228E0,7.813601532E0
2.528869083E0,2.734812927E-1,5.966442719E0,7.812104645E0
2.538827083E0,2.838098145E-1,5.969586182E0,7.796387329E0
2.548784083E0,2.734812927E-1,5.977669373E0,7.796087952E0
2.558741083E0,2.897973633E-1,5.971382446E0,7.792944489E0
2.568698083E0,3.351530457E-1,5.980663147E0,7.803572388E0
2.578655083E0,3.749702454E-1,5.992787933E0,7.802075500E0
2.588612083E0,3.462300110E-1,5.973328400E0,7.782466278E0
2.598569083E0,3.359014893E-1,5.958359528E0,7.765102386E0
2.608526083E0,3.543132019E-1,5.961802368E0,7.750133514E0
2.618484083E0,3.897894287E-1,5.994733887E0,7.749684448E0
2.628441083E0,4.300556946E-1,5.995632019E0,7.781568146E0
2.638398083E0,4.643344116E-1,6.002817078E0,7.802075500E0
2.648355083E0,4.766088867E-1,5.993386688E0,7.809110870E0
2.658312083E0,4.213737488E-1,5.995931396E0,7.796986084E0
2.668269083E0,4.171824646E-1,5.964945831E0,7.792196045E0
2.678226083E0,4.122427368E-1,5.966592407E0,7.776329041E0
2.688184083E0,4.176315308E-1,5.946983185E0,7.787555695E0
2.698141083E0,4.502636719E-1,5.938151550E0,7.818990326E0
2.708098083E0,4.706213379E-1,5.946534119E0,7.834857330E0
2.718055083E0,4.487667847E-1,5.930367737E0,7.824229431E0
2.728012083E0,4.511618042E-1,5.926326141E0,7.834258575E0
2.737969083E0,4.827461243E-1,5.932762756E0,7.841593323E0
2.747926083E0,4.757107544E-1,5.920488281E0,7.866291962E0
2.757883083E0,4.457730103E-1,5.896388397E0,7.849526825E0
2.767841083E0,3.772155762E-1,5.883215790E0,7.831564178E0
2.777798083E0,2.478845215E-1,5.851032715E0,7.824977875E0
2.787755083E0,1.052311707E-1,5.849236450E0,7.775131531E0
2.797712083E0,3.817062378E-2,5.909561005E0,7.769593048E0
2.807669083E0,1.224453735E-1,5.981860657E0,7.794890442E0
2.817626083E0,2.659968567E-1,6.063291321E0,7.808961182E0
2.827583083E0,3.820056152E-1,6.078559570E0,7.837551727E0
2.837541083E0,4.203259277E-1,6.082900543E0,7.746391296E0
2.847498083E0,3.757186890E-1,6.106551361E0,7.622898102E0
2.857455083E0,2.832110596E-1,6.110293579E0,7.563920746E0
2.867412083E0,2.764750671E-1,6.119274902E0,7.555538177E0
2.877369083E0,2.347119141E-1,6.154451752E0,7.657476196E0
2.887326083E0,1.850152588E-1,6.174360352E0,7.725883942E0
2.897283083E0,8.936416626E-2,6.233936462E0,7.704029388E0
2.907240083E0,8.487350464E-2,6.285579071E0,7.647746429E0
2.917198083E0,1.633103943E-1,6.271658020E0,7.529342651E0
2.927155083E0,2.875520325E-1,6.271658020E0,7.468868408E0
2.937112083E0,1.960922241E-2,6.144272919E0,7.562124481E0
2.947069083E0,1.437011719E-1,6.201454010E0,7.552095337E0
2.957026083E0,1.706451416E-1,6.338419189E0,7.611671448E0
2.966983083E0,-1.062789917E-1,6.317612457E0,7.611970825E0
2.976940083E0,-1.362167358E-2,6.440057831E0,7.517068176E0
2.986898083E0,-3.547622681E-1,6.574627991E0,7.291936340E0
2.996855083E0,2.318678284E-1,6.673721924E0,7.421716461E0
3.006812083E0,-2.751278687E-1,6.472091217E0,7.267537079E0
3.016769083E0,-7.813751221E-2,6.357579346E0,7.377558289E0
3.026726083E0,-8.083190918E-3,6.586303711E0,7.401658173E0
3.036683083E0,1.428030396E-1,6.690037994E0,7.394323425E0
3.046640083E0,2.022294617E-1,6.620283051E0,7.280260620E0
3.056597083E0,3.653901672E-1,6.649921417E0,7.246730347E0
3.066555083E0,3.246748352E-1,6.626719666E0,7.242688751E0
3.076512083E0,2.197430420E-1,6.579567719E0,7.159910889E0
3.086469083E0,1.809736633E-1,6.658753052E0,7.134314117E0
3.096426083E0,3.302133179E-1,6.818919983E0,7.182214508E0
3.106383083E0,3.447331238E-1,6.904541931E0,7.131619720E0
3.116340083E0,1.357676697E-1,6.830446014E0,7.142846375E0
3.126297083E0,1.333726501E-1,6.756499786E0,7.238796844E0
3.136254083E0,6.391708374E-2,6.728507996E0,7.238946533E0
3.146212083E0,-6.780899048E-2,6.707701263E0,7.127129059E0
3.156169083E0,-1.854643250E-1,6.766977997E0,7.095694427E0
3.166126083E0,-1.065783691E-1,6.821165314E0,7.272177429E0
3.176083083E0,-6.481521606E-2,6.731950836E0,7.463329926E0
3.186040083E0,-2.215393066E-2,6.594386902E0,7.491321716E0
3.195997083E0,-1.282832336E-1,6.547234955E0,7.385491791E0
3.205954083E0,-5.403762817E-2,6.536307678E0,7.215146027E0
3.215913083E0,-6.466552734E-2,6.531966705E0,7.119944000E0
3.225870083E0,-2.977308655E-1,6.552623749E0,7.156468048E0
3.235827083E0,-1.026864624E-1,6.376440125E0,7.500452728E0
3.245784083E0,-1.586700439E-1,6.368806000E0,7.581883392E0
3.255741083E0,-3.125500488E-1,6.335275726E0,7.641459503E0
3.265698083E0,-3.082090759E-1,6.384822693E0,7.563022614E0
3.275655083E0,-3.456312561E-1,6.443201294E0,7.377558289E0
3.285613083E0,-1.648072815E-1,6.408922577E0,7.188202057E0
3.295570083E0,-7.858657837E-2,6.387666779E0,7.144343262E0
3.305527083E0,-3.442840576E-3,6.366710358E0,7.278314667E0
3.315484083E0,7.274871826E-2,6.412365417E0,7.461234283E0
3.325441083E0,1.061293030E-1,6.472689972E0,7.526648254E0
3.335398083E0,1.119671631E-1,6.376140747E0,7.559280396E0
3.345355083E0,2.624043274E-1,6.227499847E0,7.543114014E0
3.355312083E0,5.722599792E-1,6.141129456E0,7.559430084E0
3.365270083E0,8.325686646E-1,6.170767822E0,7.907007294E0
3.375227083E0,8.919950867E-1,6.600673828E0,8.102800140E0
3.385184083E0,9.159452820E-1,7.028184814E0,7.831414490E0
3.395141083E0,1.100511475E0,6.795269165E0,7.404053192E0
3.405098083E0,1.241069183E0,6.395749969E0,6.944658508E0
3.415055083E0,1.269060974E0,6.185437317E0,6.741830292E0
3.425012083E0,1.420396271E0,6.158643036E0,6.952592010E0
3.434970083E0,1.460063782E0,6.428831177E0,7.228468323E0
3.444927083E0,1.410666504E0,6.725065155E0,7.407196655E0
3.454884083E0,1.345851288E0,6.922504578E0,7.453001404E0
3.464841083E0,1.170266418E0,6.890022125E0,7.337441711E0
3.474798083E0,1.029858398E0,6.600673828E0,7.054829407E0
3.484755083E0,9.214837646E-1,6.484066315E0,6.755152588E0
3.494712083E0,7.423063660E-1,6.605463867E0,6.671027527E0
3.504669083E0,8.632548523E-1,6.804549866E0,6.956633606E0
3.514627083E0,9.761201477E-1,7.142397308E0,7.525151367E0
3.524584083E0,1.049168243E0,7.814948730E0,7.660919037E0
3.534541083E0,1.374292145E0,7.931556244E0,7.459288330E0
3.544498083E0,1.327589264E0,7.458090820E0,6.788533173E0
3.554455083E0,1.135388947E0,6.791377258E0,6.229745178E0
3.564412083E0,1.109492798E0,6.633455658E0,5.920637970E0
3.574369083E0,8.913963318E-1,7.220085754E0,6.082900543E0
3.584326083E0,8.312214661E-1,7.493417358E0,6.276298370E0
3.594284083E0,8.388555908E-1,7.168293457E0,6.734495544E0
3.604241083E0,8.693920898E-1,6.790179749E0,6.879244537E0
3.614198083E0,6.279441833E-1,6.417604523E0,7.438331909E0
3.624155083E0,3.899391174E-1,6.393354950E0,7.893684998E0
3.634112083E0,4.236190796E-1,6.622528381E0,7.838599548E0
3.644069083E0,5.538482666E-2,7.180118866E0,6.976991272E0
3.654026083E0,-3.712280273E-2,7.477250977E0,6.689439240E0
3.663984083E0,1.212478638E-1,7.112160187E0,7.201823730E0
3.673941083E0,2.447410583E-1,6.895859985E0,7.049739990E0
3.683898083E0,1.604663086E-1,7.007378082E0,6.654561768E0
3.693855083E0,2.332150269E-1,6.779551849E0,6.738986206E0
3.703812083E0,3.338058472E-2,6.540199585E0,7.428003387E0
3.713769083E0,2.460882568E-1,6.936725006E0,7.820337524E0
3.723726083E0,3.577560425E-2,6.908134460E0,7.525750122E0
3.733683083E0,-3.547622681E-2,6.674769745E0,6.673272858E0
3.743641083E0,8.622070312E-2,6.689738617E0,6.781198425E0
3.753598083E0,1.462458801E-1,6.812782745E0,7.519912262E0
3.763555083E0,3.153941345E-1,7.154671783E0,7.483687592E0
3.773512083E0,3.600013733E-1,7.879614258E0,6.864575043E0
3.783469083E0,2.477348328E-1,7.872578888E0,6.898853760E0
3.793426083E0,5.004093933E-1,6.606661377E0,7.223678284E0
3.803383083E0,5.803431702E-1,5.562133484E0,7.341183929E0
3.813340083E0,9.216334534E-1,5.828280029E0,7.384294281E0
3.823298083E0,1.189426575E0,7.081473999E0,7.114555206E0
3.833255083E0,1.494641876E0,7.419920197E0,6.875951385E0
3.843212083E0,1.968706055E0,6.560257874E0,7.723788300E0
3.853169083E0,2.284848633E0,5.237758026E0,8.790769501E0
3.863126083E0,1.699715424E0,5.769751740E0,8.503367157E0
3.873083083E0,1.721569977E0,5.682483215E0,9.247320099E0
3.883040083E0,1.391057281E0,5.526208191E0,8.996441803E0
3.892998083E0,1.335971832E0,5.436844025E0,7.534132690E0
3.902955083E0,1.515598297E0,5.810916138E0,6.452781372E0
3.912912083E0,1.174008636E0,6.279890900E0,6.432573395E0
3.922869083E0,6.547384644E-1,6.979985046E0,6.991660767E0
3.932826083E0,5.584886169E-1,6.614445190E0,7.668702850E0
3.942783083E0,3.692820740E-1,5.881569214E0,8.265960846E0
3.952740083E0,-2.766247559E-1,5.574108582E0,8.151149597E0
3.962697083E0,-2.354603577E-1,5.740263062E0,7.618108063E0
3.972655083E0,1.721420288E-2,6.597680054E0,6.763834534E0
3.982612083E0,-3.203338623E-1,7.424859924E0,6.965165863E0
3.992569083E0,-1.088386688E0,8.171058197E0,7.156468048E0
4.002526083E0,-9.605525208E-1,7.320676575E0,7.062762909E0
4.012483083E0,-3.885919189E-1,5.582940216E0,6.353238373E0
4.022440083E0,-7.795788574E-1,5.820496216E0,6.306385803E0
4.032397083E0,-4.683760071E-1,7.659422150E0,6.357579346E0
4.042355083E0,1.622625732E-1,7.808512115E0,7.199279022E0
4.052312083E0,-5.321434021E-1,6.864425354E0,7.880811768E0
4.062269083E0,-3.878434753E-1,4.912783813E0,8.515941010E0
4.072226083E0,-1.453477478E-1,4.970114594E0,8.621770935E0
4.082183083E0,-4.471202087E-1,6.490802307E0,7.673043823E0
4.092140083E0,-2.174977112E-1,7.318281555E0,6.682403870E0
4.102097083E0,-2.850073242E-1,7.487429810E0,6.824608154E0
4.112054083E0,1.011895752E-1,7.336842957E0,7.485184479E0
4.122012083E0,1.721420288E-1,7.726333008E0,7.016209717E0
4.131969083E0,-4.311035156E-2,7.037315826E0,6.765630798E0
4.141926083E0,1.862127686E-1,6.724466400E0,6.622827759E0
4.151883083E0,4.300556946E-1,7.379504242E0,6.155050507E0
4.161840083E0,7.891589355E-1,7.604336700E0,6.437363434E0
4.171797083E0,8.039781189E-1,5.740712128E0,7.307653656E0
4.181754083E0,5.574407959E-1,4.312232666E0,7.964637451E0
4.191711083E0,4.023632813E-1,5.796546021E0,7.549850006E0
4.201669083E0,3.787124634E-2,9.092691650E0,6.268065491E0
4.211626083E0,7.234455872E-1,9.381890259E0,5.857768707E0
4.221582833E0,1.821412354E0,6.490502930E0,7.148534546E0
4.231539833E0,1.816472626E0,4.944966888E0,8.753646698E0
4.241496833E0,1.742676086E0,5.080285492E0,8.193212128E0
4.251453833E0,4.680766296E-1,6.462810516E0,6.596632233E0
4.261410833E0,-1.844165039E-1,7.106172638E0,6.453080750E0
4.271368833E0,5.998027039E-1,6.721472626E0,7.430697784E0
4.281325833E0,4.236190796E-1,7.219037933E0,7.038064270E0
4.291282833E0,-2.860551453E-1,7.238647156E0,7.649542694E0
4.301239833E0,-1.441502380E-1,6.064488831E0,8.932375031E0
4.311196833E0,-3.574566650E-1,5.066214752E0,8.280630341E0
4.321153833E0,-1.394949188E0,5.204227753E0,8.101003876E0
4.331110833E0,-1.559457092E0,6.538702698E0,7.921377411E0
4.341067833E0,-1.426832886E0,6.001020813E0,7.473658447E0
4.351025833E0,-9.047186279E-1,4.705464935E0,7.486831055E0
4.360982833E0,-7.885601807E-1,5.477559357E0,7.422315216E0
4.370939833E0,-1.245709534E0,6.659800873E0,8.266260223E0
4.380896833E0,-1.210832062E0,6.494394836E0,8.251441040E0
4.390853833E0,-4.043092346E-1,6.295757904E0,7.357200623E0
4.400810833E0,-4.685256958E-1,6.831942902E0,6.717131653E0
4.410767833E0,-1.564696198E0,5.026846619E0,7.476801910E0
4.420724833E0,-1.933978271E0,5.161566467E0,7.808811493E0
4.430682833E0,-1.036744080E0,6.502328339E0,7.773484955E0
4.440639833E0,-1.495090942E0,8.021070099E0,7.421417084E0
4.450596833E0,-3.899391174E-1,7.232210541E0,7.825576630E0
4.460553833E0,-1.899549866E-1,4.410578156E0,8.756191406E0
4.470510833E0,-1.126257935E0,4.337829437E0,8.543184357E0
4.480467833E0,-1.263522491E0,5.866001587E0,8.896150360E0
4.490424833E0,-5.634283447E-1,5.713768158E0,8.363557892E0
4.500382833E0,-8.149053955E-1,5.491929474E0,6.139931946E0
4.510339833E0,-1.423240356E0,5.416785736E0,6.759643250E0
4.520296833E0,-1.750310211E0,5.697452087E0,8.910370789E0
4.530253833E0,-2.065255280E0,5.537883911E0,8.829389191E0
4.540210833E0,-2.114353180E0,6.475234680E0,7.445217590E0
4.550167833E0,-1.547481995E0,7.276518402E0,8.624165955E0
4.560124833E0,-1.018781433E0,7.045698395E0,7.769293671E0
4.570081833E0,-4.038601685E-1,5.437442780E0,5.996679840E0
4.580039833E0,-8.846603394E-2,4.735552368E0,5.811514893E0
4.589996833E0,-4.923262024E-1,5.642516327E0,6.665189667E0
4.599953833E0,-6.424639893E-1,6.534661102E0,6.717281342E0
4.609910833E0,-7.217990112E-1,6.828799438E0,8.291707306E0
4.619867833E0,-1.160237274E0,6.834038544E0,9.199569397E0
4.629824833E0,-1.231638794E0,6.127058716E0,9.172026672E0
4.639781833E0,-1.559756470E-1,5.564079437E0,9.571695557E0
4.649738833E0,-5.080435181E-1,5.677543488E0,7.959997101E0
4.659696833E0,-1.420545959E0,5.931565247E0,7.480693817E0
4.669653833E0,-1.078207855E0,6.052214355E0,7.764054565E0
4.679610833E0,-1.719025269E0,6.300847321E0,7.694898376E0
4.689567833E0,-1.902693329E0,5.844446411E0,7.240593109E0
4.699524833E0,-6.137237549E-1,6.054609375E0,7.198380890E0
4.709481833E0,-1.450483704E0,6.384223938E0,6.145470428E0
4.719438833E0,-1.628613281E0,5.645061035E0,5.883215790E0
4.729396833E0,-4.559518433E-1,5.110522614E0,8.170609131E0
4.739353833E0,-2.527194672E0,6.327491913E0,7.761659546E0
4.749310833E0,-1.855092316E0,6.239474945E0,7.616311798E0
4.759267833E0,-1.391506348E0,5.208568726E0,7.427704010E0
4.769224833E0,-1.826052704E0,5.516029358E0,7.466323700E0
4.779181833E0,-2.844085693E-3,6.044580231E0,8.483159180E0
4.789138833E0,4.433779907E-1,6.606960754E0,8.906628571E0
4.799095833E0,-5.034031677E-1,6.167025604E0,9.677375793E0
4.809053833E0,8.852590942E-1,5.242997131E0,8.364006958E0
4.819010833E0,1.331930237E0,5.251529388E0,6.677015076E0
4.828967833E0,2.487826538E-1,6.727310486E0,5.657634888E0
4.838924833E0,2.161056061E0,6.749464417E0,7.088359680E0
4.848881833E0,1.868863678E0,5.638175354E0,8.290210419E0
4.858838833E0,1.206491089E0,5.080584869E0,7.714058533E0
4.868795833E0,1.248403931E0,6.572532349E0,6.749913483E0
4.878752833E0,4.981640625E-1,6.408024445E0,7.710615692E0
4.888710833E0,3.996688843E-2,6.038742371E0,8.647966461E0
4.898667833E0,8.000862122E-1,5.438340912E0,8.543184357E0
4.908624833E0,1.896406403E0,6.528673553E0,7.877219238E0
4.918581833E0,2.436782684E0,6.169121246E0,8.292904816E0
4.928538833E0,2.637515259E0,5.287155304E0,8.954528961E0
4.938495833E0,2.587070160E0,4.804109802E0,8.594976654E0
4.948452833E0,2.543959808E0,5.946534119E0,7.625442810E0
4.958409833E0,2.535726929E0,5.867947540E0,7.673343201E0
4.968367833E0,2.618504791E0,6.537654877E0,6.570287018E0
4.978324833E0,2.952310638E0,6.565796356E0,6.686295776E0
4.988281833E0,3.459755402E0,6.996151428E0,7.567213898E0
4.998238833E0,3.701352997E0,6.311325531E0,8.936566315E0
5.008195833E0,3.453318787E0,4.946912842E0,9.278455353E0
5.018152833E0,3.260968781E0,4.167184296E0,7.590715027E0
5.028109833E0,3.064128113E0,6.679559784E0,5.260211334E0
5.038067833E0,2.755020905E0,7.661218414E0,5.482050018E0
5.048024833E0,1.983375549E0,6.716532898E0,6.186185760E0
5.057981833E0,1.591939545E0,5.975573730E0,7.839347992E0
5.067938833E0,1.157991943E0,6.397396545E0,8.684340820E0
5.077895833E0,-3.685336304E-1,6.002218323E0,9.231602783E0
5.087852833E0,-4.589456177E-1,5.799390106E0,8.284971313E0
5.097809833E0,-4.580474854E-2,7.373965759E0,7.322173462E0
5.107766833E0,3.071612549E-1,8.974587250E0,5.897136841E0
5.117724833E0,-8.217910767E-2,8.794661407E0,6.249653778E0
5.127681833E0,-1.851649475E-1,6.631809082E0,6.601871338E0
5.137638833E0,-6.095324707E-1,5.326673126E0,7.551496582E0
5.147595833E0,-7.223977661E-1,4.359983368E0,8.221503296E0
5.157552833E0,4.878355408E-1,6.727759552E0,7.635471954E0
5.167509833E0,1.773811340E0,9.079369354E0,6.754254456E0
5.177466833E0,1.636995850E0,7.508835297E0,7.445217590E0
5.187423833E0,1.237925720E0,5.180427246E0,7.539222107E0
5.197381833E0,1.500330048E0,3.887865143E0,5.930667114E0
5.207338833E0,2.274520111E0,6.016887817E0,3.546275482E0
5.217295375E0,1.753303986E0,5.896388397E0,6.382727051E0
5.227252375E0,2.425705719E0,6.541546783E0,9.245823212E0
5.237209375E0,1.839674377E0,4.876110077E0,1.151226013E1
5.247166375E0,3.613485718E-1,3.990401917E0,1.155626862E1
5.257123375E0,1.499880981E-1,5.872138824E0,8.574768677E0
5.267080375E0,6.797364807E-1,8.163723450E0,7.041058044E0
5.277038375E0,9.638456726E-1,8.176596680E0,6.629114685E0
5.286995375E0,1.760938110E0,7.045399017E0,6.126010895E0
5.296952375E0,2.138453064E0,6.517147522E0,5.060376892E0
5.306909375E0,4.023632813E-1,5.096302185E0,5.765410767E0
5.316866375E0,4.311035156E-2,3.433859253E0,7.928412781E0
5.326823375E0,1.443148956E0,7.520660706E0,7.314090271E0
5.336780375E0,2.182611237E0,8.010142822E0,8.598718872E0
5.346738375E0,1.981579285E0,7.176077271E0,8.560398560E0
5.356695375E0,1.368005219E0,5.065466309E0,8.486003265E0
5.366652375E0,1.365310822E0,6.234086151E0,6.402485962E0
5.376609375E0,1.553469543E0,6.244264984E0,7.225474548E0
5.386566375E0,1.367556152E0,5.317542114E0,8.687035217E0
5.396523375E0,1.681004333E0,5.163662109E0,1.091754684E1
5.406480375E0,2.562970276E0,6.931635590E0,8.068521423E0
5.416437375E0,2.522554321E0,8.075556793E0,5.364095306E0
5.426395375E0,2.636168060E0,5.784870300E0,5.541027374E0
5.436352375E0,1.546134796E0,5.047353973E0,8.153544617E0
5.446309375E0,1.640438690E0,6.120622101E0,9.796677704E0
5.456266375E0,1.110540619E0,7.388186188E0,8.222102051E0
5.466223375E0,1.519639893E0,5.879323883E0,6.267466736E0
5.476180375E0,1.939666443E0,5.250631256E0,5.691165161E0
5.486137375E0,1.257385254E0,5.285658417E0,5.870492249E0
5.496094375E0,1.355281677E0,6.284082184E0,5.735922089E0
5.506052375E0,2.180814972E0,6.261329498E0,6.737938385E0
5.516009375E0,1.238524475E0,6.081703033E0,7.969577179E0
5.525966375E0,4.041595459E-2,4.486021271E0,1.131003067E1
5.535923375E0,1.063688049E0,6.779102783E0,1.039034317E1
5.545880375E0,1.182391205E0,8.703950043E0,8.583151245E0
5.555837375E0,1.261127472E0,6.828949127E0,7.041507111E0
5.565794375E0,1.429976349E0,4.415667572E0,7.209906921E0
5.575751375E0,2.125130768E0,4.793631592E0,6.872358856E0
5.585709375E0,1.900148621E0,7.876919861E0,4.861739960E0
5.595666375E0,9.554631042E-1,5.729036407E0,6.638096008E0
5.605623375E0,5.845344543E-1,5.461692352E0,8.239166565E0
5.615580375E0,2.065704346E-1,5.868546295E0,9.121880951E0
5.625537375E0,2.736309814E-1,5.834417267E0,6.946155396E0
5.635494375E0,9.638456726E-1,5.095254364E0,8.109685822E0
5.645451375E0,6.997947693E-1,3.859424286E0,9.942025452E0
5.655408375E0,8.164022827E-1,7.108118591E0,7.756121063E0
5.665366375E0,1.094374237E0,6.024521942E0,6.663094025E0
5.675323375E0,-1.207987976E-1,6.136788483E0,7.497309265E0
5.685280375E0,-8.521778870E-1,5.861810303E0,9.764344940E0
5.695237375E0,-6.593788147E-1,5.483247528E0,9.624685364E0
5.705194375E0,-5.128335571E-1,8.218210144E0,4.193080444E0
5.715151375E0,2.589614868E-1,5.113965454E0,5.648653564E0
5.725108375E0,7.349716187E-2,4.729415131E0,8.693920898E0
5.735065375E0,-2.386038208E-1,5.764063568E0,9.645492096E0
5.745023375E0,3.335064697E-1,6.623725891E0,8.186925201E0
5.754980375E0,3.297642517E-1,7.063960419E0,6.787485352E0
5.764937375E0,-4.480183411E-1,4.399501190E0,9.934241638E0
5.774894375E0,6.960525513E-1,5.242847443E0,8.774154053E0
5.784851375E0,1.125210114E0,6.353537750E0,7.369774475E0
5.794808375E0,6.011499023E-1,7.129524078E0,6.119125214E0
5.804765375E0,5.599855042E-1,5.389392700E0,5.918991394E0
5.814722375E0,8.387059021E-1,3.677402802E0,6.622827759E0
5.824680375E0,9.116043091E-1,5.598657532E0,8.198750610E0
5.834637375E0,1.210981750E0,6.602320404E0,8.602012024E0
5.844594375E0,1.078507233E0,5.494623871E0,9.803114319E0
5.854551375E0,6.248007202E-1,6.261628876E0,8.597371674E0
5.864508375E0,-2.127076721E-1,7.323670349E0,8.678502960E0
5.874465375E0,-2.728825378E-1,6.238876190E0,7.610324249E0
5.884422375E0,-2.838098145E-1,4.349804535E0,7.680378571E0
5.894380375E0,1.393901367E0,5.499413910E0,5.910758514E0
5.904337375E0,2.136956177E0,8.528065796E0,6.433172150E0
5.914294375E0,1.562600555E0,6.782395935E0,6.701713715E0
5.924251375E0,1.561403046E0,5.260211334E0,6.078559570E0
5.934208375E0,1.626667328E0,4.787194977E0,5.101541290E0
5.944165375E0,6.782395935E-1,5.521717529E0,8.604856110E0
5.954122375E0,1.575773163E0,8.247998199E0,9.548194427E0
5.964079375E0,1.754501495E0,7.595954132E0,1.046443909E1
5.974037375E0,1.389111328E0,6.378236389E0,1.023302032E1
5.983994375E0,5.457650757E-1,5.658682709E0,8.771908722E0
5.993951375E0,1.838327179E0,6.132297821E0,5.514831848E0
6.003908375E0,2.819087677E0,8.408763885E0,2.278262329E0
6.013865375E0,1.117426300E0,5.509592743E0,6.308780823E0
6.023822375E0,3.396437073E-1,3.988156586E0,1.089958420E1
6.033779375E0,1.034349060E0,5.705834656E0,9.516909485E0
6.043736375E0,1.396446075E0,6.579418030E0,8.225694580E0
6.053694375E0,1.750908966E0,7.028933258E0,6.215375061E0
6.063651375E0,1.958676910E0,6.607110443E0,4.444557495E0
6.073608375E0,2.433190155E0,6.062692566E0,5.526956635E0
6.083565375E0,8.177494812E-1,5.501808929E0,9.591604156E0
6.093522375E0,1.135688324E0,5.383255463E0,1.072983719E1
6.103479375E0,1.357527008E0,5.934559021E0,8.878038025E0
6.113436375E0,1.906285858E0,8.049810333E0,5.394182739E0
6.123393375E0,8.490344238E-1,6.262976074E0,7.248077545E0
6.133351375E0,1.356928253E0,3.717818756E0,8.396339722E0
6.143308375E0,1.618733826E0,5.040168915E0,7.264842682E0
6.153265375E0,2.118544464E0,6.836283875E0,7.349416809E0
6.163222375E0,1.114582214E0,7.732919312E0,9.172625427E0
6.173179375E0,4.604425049E-1,6.512656860E0,9.402996368E0
6.183136375E0,4.908293152E-1,5.763913879E0,7.770790558E0
6.193093375E0,1.251397705E0,6.741830292E0,6.500681763E0
6.203050375E0,2.017654266E0,6.074517975E0,8.139024811E0
6.213008375E0,2.412383423E0,5.875731354E0,7.486831055E0
6.222965458E0,1.964963837E0,6.131100311E0,5.964796143E0
6.232922458E0,9.659413147E-1,5.864205322E0,6.650220795E0
6.242879458E0,9.246272278E-1,6.506070557E0,7.239994354E0
6.252836458E0,1.495989075E0,4.728367310E0,7.047045593E0
6.262793458E0,2.101180573E0,4.877457275E0,5.641618195E0
6.272750458E0,1.339264984E0,5.157973938E0,7.642956390E0
6.282707458E0,1.450034637E0,6.779851227E0,9.986782379E0
6.292665458E0,1.568288727E0,6.835685120E0,9.507928162E0
6.302622458E0,1.252894592E-1,4.751269684E0,1.017763550E1
6.312579458E0,1.986369324E-1,4.708758087E0,9.707612915E0
6.322536458E0,1.040785675E0,7.420369263E0,7.534731445E0
6.332493458E0,8.973838806E-1,8.321794739E0,5.551355896E0
6.342450458E0,3.287164307E-1,4.562811584E0,6.776258698E0
6.352407458E0,1.292562103E0,4.421355743E0,5.963898010E0
6.362364458E0,1.397493896E0,5.803731079E0,7.231013031E0
6.372322458E0,1.092278595E0,7.368876343E0,6.915319519E0
6.382279458E0,5.185217285E-1,5.875132599E0,6.537505188E0
6.392236458E0,3.391946411E-1,4.741839294E0,7.495662689E0
6.402193458E0,3.350033569E-1,5.585185547E0,8.673712921E0
6.412150458E0,7.348219299E-1,6.732998657E0,9.711953888E0
6.422107458E0,3.824546814E-1,5.240003357E0,9.934091949E0
6.432064458E0,6.111790466E-1,5.778283997E0,8.772956543E0
6.442021458E0,7.616162109E-1,7.101532288E0,7.530091095E0
6.451979458E0,1.718426514E-1,7.899223480E0,5.373675385E0
6.461936458E0,-3.619473267E-1,4.707111511E0,4.204905853E0
6.471893458E0,4.831951904E-1,5.066065063E0,3.835623779E0
6.481850458E0,3.043171692E-1,6.220464478E0,8.172704773E0
6.491807458E0,2.769241333E-2,6.180497589E0,1.065529221E1
6.501764458E0,3.212319946E-1,3.747307434E0,1.175819870E1
6.511721458E0,6.831793213E-1,5.306315460E0,1.228166016E1
6.521678458E0,-9.924362183E-2,8.303383026E0,9.606273651E0
6.531636458E0,-5.120851135E-1,6.372847595E0,7.041058044E0
6.541593458E0,3.826043701E-1,4.125271454E0,5.252277832E0
6.551550458E0,9.650431824E-1,5.386548615E0,6.152206421E0
6.561507458E0,1.023272095E0,8.859626312E0,4.659360809E0
6.571464458E0,9.807604980E-1,6.255940704E0,6.312523041E0
6.581421458E0,8.150550842E-1,4.592749329E0,8.004604340E0
6.591378458E0,6.197113037E-1,3.993994446E0,1.246607666E1
6.601335458E0,1.011446686E0,6.255042572E0,9.772128754E0
6.611293458E0,6.045927429E-1,6.710096283E0,8.085286560E0
6.621250458E0,8.165519714E-1,5.555547180E0,7.127578125E0
6.631207458E0,5.830375671E-1,6.042933655E0,8.907077637E0
6.641164458E0,7.541317749E-1,5.937253418E0,6.472839661E0
6.651121458E0,8.789721680E-1,5.312003632E0,4.264631653E0
6.661078458E0,1.082099762E0,5.091063080E0,6.138135681E0
6.671035458E0,1.373094635E0,7.386539612E0,9.017098846E0
6.680992458E0,1.177002411E0,8.096962280E0,8.351283417E0
6.690950458E0,7.006929016E-1,7.212900696E0,7.898325348E0
6.700907458E0,6.890171814E-1,4.356091461E0,8.439450073E0
6.710864458E0,-3.098556519E-1,6.107000427E0,6.928192749E0
6.720821458E0,-9.026229858E-2,6.423891449E0,6.241271210E0
6.730778458E0,3.188369751E-1,6.886279907E0,7.385042725E0
6.740735458E0,-9.310638428E-2,6.653963013E0,8.709338837E0
6.750692458E0,1.827699280E-1,3.828139343E0,1.206970093E1
6.760649458E0,1.630110168E0,7.013665009E0,8.306825867E0
6.770607458E0,8.867559814E-1,7.992180176E0,6.186036072E0
6.780564458E0,5.192701721E-1,7.060367889E0,5.941295013E0
6.790521458E0,-2.034269714E-1,7.064559174E0,6.534361725E0
6.800478458E0,-2.168989563E-1,6.755751343E0,5.940546570E0
6.810435458E0,-2.165995789E-1,5.921386414E0,7.657925262E0
6.820392458E0,-1.362167358E-1,3.990701294E0,8.535400543E0
6.830349458E0,8.893006897E-1,5.293741608E0,7.247927856E0
6.840306458E0,9.580078125E-1,7.079528046E0,4.504432983E0
6.850264458E0,5.653742981E-1,8.892258453E0,4.836442566E0
6.860221458E0,-2.189945984E-1,6.462511139E0,6.765331421E0
6.870178458E0,5.200186157E-1,3.925437012E0,1.055694672E1
6.880135458E0,-2.933898926E-2,5.314398651E0,1.215756821E1
6.890092458E0,-3.607498169E-2,7.275021515E0,9.413773956E0
6.900049458E0,7.991880798E-1,7.112010498E0,6.671775970E0
6.910006458E0,3.736230469E-1,6.735543365E0,5.199288025E0
6.919963458E0,-4.737648010E-1,6.519392853E0,4.542603607E0
6.929921458E0,-5.321434021E-1,3.217708740E0,8.926537170E0
6.939878458E0,-7.255412292E-1,5.322182465E0,9.113049316E0
6.949835458E0,-8.749305725E-1,8.114775238E0,9.600884857E0
6.959792458E0,-4.954696655E-1,7.779921570E0,9.392218781E0
6.969749458E0,-1.422042847E-2,5.482948151E0,7.683222656E0
6.979706458E0,-2.489323425E-1,6.111491089E0,4.875661011E0
6.989663458E0,-3.502716064E-2,7.845335541E0,5.097350006E0
6.999620458E0,-1.794767761E-1,5.901777191E0,7.814349976E0
7.009578458E0,5.177732849E-1,5.487738190E0,7.892038422E0
7.019535458E0,-7.065307617E-2,4.389172668E0,1.025906616E1
7.029492458E0,-4.086502075E-2,6.349346466E0,8.981323242E0
7.039449458E0,-2.670446777E-1,8.054899750E0,6.121819611E0
7.049406458E0,-1.652563477E-1,6.118975525E0,4.883295135E0
7.059363458E0,-2.101629639E-1,6.910978546E0,4.998106384E0
7.069320458E0,-2.339634705E-1,6.981631622E0,5.486840057E0
7.079277458E0,-1.669029236E-1,4.587959290E0,9.504934387E0
7.089235458E0,-9.026229858E-2,2.009571075E0,1.148486710E1
7.099192458E0,5.276527405E-1,6.472540283E0,9.876910858E0
7.109149458E0,8.162525940E-1,8.482261047E0,8.222850494E0
7.119106458E0,3.074606323E-1,6.790179749E0,5.911357269E0
7.129063458E0,3.390449524E-1,5.765710144E0,3.117716675E0
7.139020458E0,6.765930176E-1,5.269042969E0,6.991660767E0
7.148977458E0,-3.140469360E-1,5.430706787E0,1.075468552E1
7.158934458E0,2.309696960E-1,5.495222626E0,9.899962921E0
7.168892458E0,7.393125916E-1,6.983128510E0,8.041577454E0
7.178849458E0,-1.327738953E-1,6.177204437E0,7.896678772E0
7.188806458E0,1.029858398E-1,4.984035645E0,7.467521210E0
7.198763458E0,6.632707214E-1,4.709955597E0,7.730374603E0
7.208720458E0,-2.185455322E-1,6.370751953E0,9.088650055E0
7.218677458E0,-1.266815643E0,7.454947357E0,1.097637451E1
7.228634583E0,-4.014651489E-1,7.261549530E0,9.411678314E0
7.238591583E0,-3.103047180E-1,6.249653778E0,5.898783417E0
7.248549583E0,4.842430115E-1,5.432652740E0,4.347409515E0
7.258506583E0,1.037043457E0,3.934568024E0,6.328090668E0
7.268463583E0,4.412823486E-1,5.710175629E0,7.279811554E0
7.278420583E0,-6.704557800E-1,7.129524078E0,1.010129425E1
7.288377583E0,-9.593550110E-1,7.034172363E0,1.107561813E1
7.298334583E0,-4.055067444E-1,6.507417755E0,9.527986450E0
7.308291583E0,1.088087311E0,5.262456665E0,7.525899811E0
7.318248583E0,1.113384705E0,5.551804962E0,6.643933868E0
7.328206583E0,6.634204102E-1,5.592669983E0,6.802753601E0
7.338163583E0,7.355703735E-1,4.254752197E0,7.440726929E0
7.348120583E0,9.783654785E-1,6.397097168E0,5.214705963E0
7.358077583E0,1.975891113E-1,5.700745239E0,6.248755646E0
7.368034583E0,6.316864014E-1,5.125790863E0,7.009623413E0
7.377991583E0,5.086422729E-1,3.410657501E0,1.039019348E1
7.387948583E0,1.203796692E0,7.033423920E0,1.015069153E1
7.397905583E0,1.157991943E0,9.618099060E0,6.875202942E0
7.407862583E0,9.819580078E-1,8.260871429E0,5.810916138E0
7.417820583E0,1.070723419E0,6.087091827E0,4.863386536E0
7.427777583E0,1.218166809E0,4.089196472E0,7.532336426E0
7.437734583E0,4.941224670E-1,4.293371887E0,9.997260590E0
7.447691583E0,1.244961090E0,6.147117004E0,9.397008820E0
7.457648583E0,1.090482330E0,7.083569641E0,8.680299225E0
7.467605583E0,7.107220459E-1,6.657256165E0,8.546327820E0
7.477562583E0,1.698817291E0,6.741381226E0,6.225104828E0
7.487519583E0,1.370250549E0,7.337741089E0,5.861959991E0
7.497477583E0,9.322613525E-1,5.370980988E0,5.137616272E0
7.507434583E0,1.047970734E0,5.127886505E0,4.209695892E0
7.517391583E0,1.485810242E0,4.978646851E0,6.745123444E0
7.527348583E0,5.538482666E-2,5.083878021E0,1.111543533E1
7.537305583E0,2.992277527E-1,5.770799561E0,1.245559845E1
7.547262583E0,8.484356689E-1,6.488556976E0,9.708361359E0
7.557219583E0,6.484515381E-1,6.646328888E0,8.885971527E0
7.567176583E0,4.947212219E-1,6.049669647E0,6.999594269E0
7.577134583E0,5.046006775E-1,3.946243744E0,8.906029816E0
7.587091583E0,1.440304871E0,7.289092255E0,5.198838959E0
7.597048583E0,1.726360016E0,7.449408875E0,5.271288300E0
7.607005583E0,3.920347595E-1,7.050787811E0,5.815855865E0
7.616962583E0,8.358618164E-1,3.773652649E0,8.547076263E0
7.626919583E0,1.490899658E0,5.776038666E0,9.885742493E0
7.636876583E0,4.914280701E-1,6.242169342E0,1.010623398E1
7.646833583E0,9.044192505E-1,7.548652496E0,6.443350983E0
7.656791583E0,1.502276001E0,7.854915619E0,5.627996521E0
7.666748583E0,5.625302124E-1,6.597530365E0,7.390132141E0
7.676705583E0,6.248007202E-1,4.710704041E0,5.778583374E0
7.686662583E0,1.633702698E0,4.560865631E0,6.007906494E0
7.696619583E0,5.059478760E-1,5.478457489E0,8.876241760E0
7.706576583E0,1.024619293E0,8.698710938E0,6.853198700E0
7.716533583E0,1.571432190E0,6.866371307E0,5.978866882E0
7.726490583E0,1.023571472E0,4.456831970E0,9.284891968E0
7.736447583E0,1.437311096E0,5.556595001E0,1.044138702E1
7.746405583E0,1.170865173E0,7.346722412E0,8.454718323E0
7.756362583E0,-2.306703186E-1,3.863914948E0,9.734556885E0
7.766319583E0,5.230123901E-1,5.355113983E0,8.155191193E0
7.776276583E0,1.354982300E0,9.276060333E0,4.661606140E0
7.786233583E0,9.169931030E-1,5.674400024E0,5.915398865E0
7.796190583E0,7.587721252E-1,1.868564301E0,1.163934586E1
7.806147583E0,6.010002136E-1,6.763684845E0,1.058583664E1
7.816105583E0,-2.067201233E-1,8.570577393E0,8.834328918E0
7.826062583E0,-6.718029785E-1,6.744524689E0,6.297254791E0
7.836019583E0,-9.379495239E-1,3.860172729E0,5.922733612E0
7.845976583E0,-1.038839722E0,4.384831696E0,8.877439270E0
7.855933583E0,-4.123924255E-1,5.656437378E0,1.044737457E1
7.865890583E0,-9.892927551E-1,6.299051056E0,7.736811218E0
7.875847583E0,-7.068301392E-1,7.338190155E0,4.804409180E0
7.885804583E0,-5.408253479E-1,5.611680450E0,6.871460724E0
7.895761583E0,2.432441711E-1,4.513863373E0,8.944948883E0
7.905719583E0,-4.595443726E-2,7.943381653E0,5.717660065E0
7.915676583E0,-4.537065125E-1,5.892047424E0,7.452103271E0
7.925633583E0,-6.197113037E-2,4.383783875E0,9.054820404E0
7.935590583E0,7.277865601E-1,5.293292542E0,8.518186340E0
7.945547583E0,5.227130127E-1,7.964188385E0,5.570216675E0
7.955504583E0,2.676434326E-1,3.970942383E0,7.979756012E0
7.965461583E0,1.086740112E-1,6.594835968E0,6.717580719E0
7.975418583E0,-1.212478638E-2,7.583979034E0,8.217611389E0
7.985376583E0,7.400610352E-1,8.164471893E0,9.627379761E0
7.995333583E0,7.035369873E-1,2.860102386E0,1.170086792E1
8.005290583E0,9.889933777E-1,3.066672821E0,7.362888794E0
8.015247583E0,1.041833496E-1,3.257825317E0,7.731721802E0
8.025204583E0,2.854563904E-1,7.748936005E0,4.925507355E0
8.035161583E0,1.444496155E-1,1.069720505E1,3.839815063E0
8.045118583E0,5.004093933E-1,4.893773346E0,7.736960907E0
8.055075583E0,9.478289795E-1,3.212170258E0,1.230980164E1
8.065033583E0,1.417252808E0,7.765252075E0,8.269104309E0
8.074990583E0,3.412902832E-1,7.698041840E0,6.994205475E0
8.084947583E0,-2.171983337E-1,5.781577148E0,7.047644348E0
8.094904583E0,-7.015910339E-1,4.180207214E0,7.554190979E0
8.104861583E0,2.826123047E-1,5.566474457E0,6.618935852E0
8.114818583E0,7.610174561E-1,7.702981567E0,8.835676117E0
8.124775583E0,3.766168213E-1,6.675218811E0,9.845476227E0
8.134732583E0,-4.029620361E-1,4.927602997E0,1.159743301E1
8.144690583E0,-2.694396973E-2,7.260052643E0,7.799680481E0
8.154647583E0,-1.197509766E-3,6.884483643E0,7.118746490E0
8.164604583E0,-9.490264893E-2,6.328988800E0,5.858068085E0
8.174561583E0,-1.965412903E-1,5.820645905E0,6.194268951E0
8.184518583E0,1.120120697E0,6.150410156E0,4.181704102E0
8.194475583E0,6.001020813E-1,4.682412872E0,5.944288788E0
8.204432583E0,5.571414185E-1,6.643784180E0,7.521259460E0
8.214389583E0,1.179547119E0,4.970563660E0,1.054856415E1
8.224347083E0,1.270108795E0,6.728358307E0,1.089958420E1
8.234305083E0,4.415817261E-2,7.170987854E0,1.019484970E1
8.244262083E0,1.178050232E-1,7.956554260E0,6.822063446E0
8.254219083E0,-1.833686829E-1,6.149062958E0,3.312461700E0
8.264176083E0,4.779560852E-1,6.681805115E0,3.955075378E0
8.274133083E0,4.846920776E-1,4.933740234E0,5.740263062E0
8.284090083E0,1.111139374E0,4.840484161E0,6.928492126E0
8.294047083E0,1.205892334E0,7.155120850E0,8.179590454E0
8.304004083E0,1.031355286E-1,6.783743134E0,9.527387695E0
8.313962083E0,5.206173706E-1,5.962550812E0,1.239228012E1
8.323919083E0,-7.978408813E-2,6.262077942E0,1.121887024E1
8.333876083E0,-2.261796570E-1,7.673941956E0,8.760083313E0
8.343833083E0,1.026116180E0,6.127807159E0,6.972650299E0
8.353790083E0,1.146615601E0,6.842720490E0,3.732787628E0
8.363747083E0,1.108444977E0,3.963907013E0,3.081791382E0
8.373704083E0,1.458716583E0,4.588108978E0,5.671705627E0
8.383661083E0,1.684596863E0,5.423072662E0,6.513105927E0
8.393619083E0,1.989363098E0,6.299799500E0,8.259673920E0
8.403576083E0,7.024891663E-1,5.101690979E0,1.107127716E1
8.413533083E0,9.011260986E-2,5.669909363E0,1.195204559E1
8.423490083E0,-2.165995789E-1,5.713019714E0,1.014769775E1
8.433447083E0,1.410067749E-1,6.054160309E0,7.423363037E0
8.443404083E0,7.583230591E-1,5.706732788E0,5.841003571E0
8.453361083E0,1.265917511E0,5.785319366E0,3.277584229E0
8.463318083E0,1.969005432E0,7.759713593E0,3.830384674E0
8.473275083E0,2.365081787E-1,5.428760834E0,7.393425293E0
8.483233083E0,1.045575714E0,3.993096313E0,1.328188019E1
8.493190083E0,6.399192810E-1,5.602998505E0,1.224738144E1
8.503147083E0,8.783734131E-1,7.408543854E0,9.554181976E0
8.513104083E0,6.414161682E-1,6.765930176E0,8.568032684E0
8.523061083E0,6.454577637E-1,4.781506805E0,6.193520508E0
8.533018083E0,1.040935364E0,5.752537537E0,4.294270020E0
8.542975083E0,3.466790771E-1,8.292006683E0,6.069428558E0
8.552932083E0,-1.784289551E-1,5.775739288E0,9.896969147E0
8.562890083E0,6.517446899E-1,4.566254425E0,9.358538818E0
8.572847083E0,4.044589233E-1,5.771847382E0,7.244934082E0
8.582804083E0,-6.406677246E-2,8.824299774E0,6.621480560E0
8.592761083E0,5.689668274E-1,6.422244873E0,7.749834137E0
8.602718083E0,-1.408570862E-1,4.834047546E0,6.486910400E0
8.612675083E0,-6.743476868E-1,3.526217194E0,1.068672684E1
8.622632083E0,-1.273252258E0,6.661447449E0,9.666598206E0
8.632589083E0,-4.707710266E-1,8.420738983E0,5.317242737E0
8.642546083E0,3.397933960E-1,3.324287109E0,7.595205688E0
8.652504083E0,4.564009094E-1,4.701273651E0,6.885531464E0
8.662461083E0,1.114881592E0,5.907016296E0,8.941056976E0
8.672418083E0,5.132826233E-1,4.736300812E0,9.706565094E0
8.682375083E0,-7.307803345E-1,4.947960663E0,8.991951141E0
8.692332083E0,-1.121168518E-1,8.630303192E0,7.492070160E0
8.702289083E0,-3.915856934E-1,6.770271149E0,7.926915894E0
8.712246083E0,6.221063232E-1,4.298012238E0,6.381679230E0
8.722203083E0,5.941145325E-1,5.976621552E0,6.538403320E0
8.732161083E0,6.008505249E-1,8.020621033E0,6.740183716E0
8.742118083E0,7.589218140E-2,3.042872314E0,9.323212280E0
8.752075083E0,-1.218466187E-1,4.394561462E0,7.206314392E0
8.762032083E0,1.221459961E-1,5.612877960E0,7.503446503E0
8.771989083E0,7.773335266E-1,8.941805420E0,7.369475098E0
8.781946083E0,-2.442919922E-1,6.112688599E0,8.089028778E0
8.791903083E0,-5.757028198E-1,6.432124329E0,5.784720612E0
8.801860083E0,-2.236349487E-1,6.227799225E0,6.968009949E0
8.811817083E0,-2.481838989E-1,6.328539734E0,6.428531799E0
8.821775083E0,-2.478845215E-1,4.404291229E0,9.275162201E0
8.831732083E0,3.222798157E-1,5.768853607E0,1.122845032E1
8.841689083E0,-2.164498901E-1,5.707181854E0,1.080078964E1
8.851646083E0,3.611988831E-1,7.063211975E0,6.030060425E0
8.861603083E0,8.650511169E-1,5.928421783E0,6.166426849E0
8.871560083E0,6.617738342E-1,5.385201416E0,6.149961090E0
8.881517083E0,1.445244598E0,3.614234161E0,9.364975433E0
8.891474083E0,1.693129120E0,8.569230194E0,7.470065918E0
8.901432083E0,-1.106199646E-1,8.567284241E0,8.655001831E0
8.911389083E0,-3.685336304E-1,4.239483948E0,1.088656128E1
8.921346083E0,7.481442261E-1,4.137695618E0,7.906408539E0
8.931303083E0,2.624043274E-1,6.921756134E0,6.495143280E0
8.941260083E0,2.806663513E-1,6.104156342E0,8.691675568E0
8.951217083E0,3.516188049E-1,6.450835419E0,6.684349823E0
8.961174083E0,7.203021240E-1,6.692433014E0,2.219284973E0
8.971131083E0,2.607577515E-1,4.046984253E0,6.506669312E0
8.981089083E0,7.379653931E-2,6.198310547E0,7.161707153E0
8.991046083E0,7.411088562E-1,7.730374603E0,9.039552155E0
9.001003083E0,6.659651184E-1,5.730233917E0,1.143936172E1
9.010960083E0,-8.635542297E-1,5.173840942E0,1.019904099E1
9.020917083E0,-8.816665649E-2,7.300917664E0,4.738695831E0
9.030874083E0,9.942324829E-1,6.396049347E0,5.464985504E0
9.040831083E0,6.352789307E-1,3.268004150E0,9.877210236E0
9.050788083E0,4.709207153E-1,4.798421631E0,9.792336731E0
9.060745083E0,1.139729919E0,7.643854523E0,6.108197937E0
9.070703083E0,6.053411865E-1,7.009922791E0,9.308542786E0
9.080660083E0,-1.676513672E-2,5.299729156E0,1.045770309E1
9.090617083E0,9.111552429E-1,6.304140472E0,6.988517303E0
9.100574083E0,1.713037720E0,6.317911835E0,6.780300293E0
9.110531083E0,7.273374939E-1,5.495372314E0,9.622589722E0
9.120488083E0,1.556463318E0,5.846691742E0,6.552923126E0
9.130445083E0,2.285896454E0,4.274511108E0,7.259154510E0
9.140402083E0,1.389560394E0,5.695356445E0,9.370364227E0
9.150360083E0,3.008743286E-1,8.578361206E0,6.402485962E0
9.160317083E0,2.471360779E-1,5.935157776E0,7.845485229E0
9.170274083E0,-1.047821045E-3,4.666994934E0,9.546098785E0
9.180231083E0,1.241218872E0,7.012317810E0,6.459667053E0
9.190188083E0,2.405198364E0,6.955136719E0,4.373305664E0
9.200145083E0,1.746418304E0,4.063000946E0,6.055208130E0
9.210102083E0,1.988015900E0,4.089196472E0,6.378535767E0
9.220059083E0,1.723066864E0,5.682183838E0,8.078550568E0
9.230015958E0,3.200344849E-1,6.080355835E0,1.016640884E1
9.239973958E0,1.130449219E0,5.360353088E0,1.163006516E1
9.249930958E0,1.732497253E0,5.779032440E0,1.033600616E1
9.259887958E0,2.010169830E0,7.323071594E0,6.625971222E0
9.269844958E0,2.193239136E0,4.068988495E0,8.399483185E0
9.279801958E0,1.677561493E0,5.523064728E0,5.650449829E0
9.289758958E0,1.152154083E0,6.394253082E0,4.178111572E0
9.299715958E0,1.277144165E0,5.157674561E0,8.430468750E0
9.309672958E0,4.364923096E-1,7.295678558E0,9.634714508E0
9.319630958E0,1.312021637E0,9.035809937E0,7.226372681E0
9.329587958E0,1.461710358E0,4.908592529E0,9.649982758E0
9.339544958E0,7.912545776E-1,5.800886993E0,5.516029358E0
9.349501958E0,1.184187469E0,6.372398529E0,6.649771729E0
9.359458958E0,1.215771790E0,4.390968933E0,9.946366425E0
9.369415958E0,1.137783966E0,5.828130341E0,8.584049377E0
9.379372958E0,9.970765686E-1,5.456602936E0,1.020832169E1
9.389329958E0,5.933660889E-1,7.878716125E0,6.452481995E0
9.399286958E0,1.229243774E0,6.337521057E0,4.646637268E0
9.409244958E0,2.165995789E-1,5.776487732E0,5.046455841E0
9.419201958E0,6.489006042E-1,2.004331970E0,9.533375244E0
9.429158958E0,1.576671295E0,4.933590546E0,1.091185867E1
9.439115958E0,-2.215393066E-1,6.075416107E0,9.029373322E0
9.449072958E0,-1.200503540E-1,7.929759979E0,5.342091064E0
9.459029958E0,-1.345701599E-1,7.485633545E0,5.546416168E0
9.468986958E0,3.173400879E-2,3.731141052E0,7.567513275E0
9.478943958E0,4.631369019E-1,3.519032135E0,9.022188263E0
9.488900958E0,4.752616882E-1,7.307803345E0,9.689051514E0
9.498858958E0,2.439926147E-1,9.332642670E0,9.316775665E0
9.508815958E0,-5.646258545E-1,3.716621246E0,1.097278198E1
9.518772958E0,-1.345402222E0,4.845423889E0,9.044342194E0
9.528729958E0,-1.367855530E0,8.279732208E0,5.910758514E0
9.538686958E0,-7.256909180E-1,7.536527710E0,4.635111237E0
9.548643958E0,2.119592285E-1,5.412744141E0,5.080884247E0
9.558600958E0,-3.288661194E-1,8.832981720E0,2.427501984E0
9.568557958E0,-8.304730225E-1,6.643035736E0,4.882995758E0
9.578515958E0,-3.767665100E-1,3.553759918E0,1.008946884E1
9.588472958E0,-1.771266632E0,6.536157990E0,1.028077103E1
9.598429958E0,-1.425485687E0,6.861581268E0,1.285122574E1
9.608386958E0,-9.125024414E-1,6.226901093E0,1.506108032E1
9.618343958E0,-1.563498688E0,4.998405762E0,1.128937363E1
9.628300958E0,-2.061363373E0,5.636678467E0,6.115233307E0
9.638257958E0,-2.213297424E0,7.565267944E0,2.627785492E0
9.648214958E0,-2.570155334E-1,8.479267273E0,1.099463654E0
9.658171958E0,1.437011719E-2,5.519921265E0,4.740791473E0
9.668129958E0,3.999682617E-1,2.052681427E0,1.070274353E1
9.678086958E0,-5.870791626E-1,5.936804352E0,1.272668472E1
9.688043958E0,-7.520361328E-1,5.297034760E0,1.427416672E1
9.698000958E0,-2.082170105E0,7.534581757E0,7.547904053E0
9.707957958E0,-1.242566071E0,6.233337708E0,3.600013733E0
9.717914958E0,-1.035247192E0,5.675298157E0,2.719844055E0
9.727871958E0,-1.344204712E0,3.659589844E0,3.525917816E0
9.737828958E0,1.197509766E-1,3.998485107E0,7.119494934E0
9.747786958E0,-1.317260742E-1,6.296506348E0,8.781788177E0
9.757743958E0,-1.211580505E0,7.611671448E0,9.336085510E0
9.767700958E0,-5.908213806E-1,6.944957886E0,1.043135788E1
9.777657958E0,-2.409689026E0,6.932982788E0,8.026458893E0
9.787614958E0,-1.813478851E0,5.491480408E0,7.802374878E0
9.797571958E0,-3.730242920E-1,4.293222198E0,9.617799683E0
9.807528958E0,-5.824388123E-1,2.853216705E0,9.119785309E0
9.817485958E0,-1.189576263E0,6.447991333E0,7.223678284E0
9.827442958E0,1.197509766E-2,8.699160004E0,6.530170441E0
9.837400958E0,-3.923341370E-1,7.017257538E0,8.455466766E0
9.847357958E0,-4.909790039E-2,5.445675659E0,8.681646423E0
9.857314958E0,5.881269836E-1,4.133204956E0,1.063418610E1
9.867271958E0,5.107379150E-1,2.918480988E0,9.559870148E0
9.877228958E0,4.041595459E-2,5.120102692E0,7.122488708E0
9.887185958E0,-3.502716064E-1,8.877588959E0,4.319567413E0
9.897142958E0,-1.411864014E0,6.701863403E0,6.421795807E0
9.907099958E0,-8.379574585E-1,4.516258392E0,7.242838440E0
9.917056958E0,-2.240840149E-1,6.229296112E0,6.512806549E0
9.927014958E0,4.640350342E-2,7.591014404E0,6.141728210E0
9.936971958E0,3.143463135E-3,5.809419250E0,7.873327332E0
9.946928958E0,-8.631051636E-1,3.672912140E0,8.757239227E0
9.956885958E0,-5.310955811E-1,5.952222290E0,1.036444702E1
9.966842958E0,-5.083428955E-1,8.543184357E0,8.732390900E0
9.976799958E0,-5.798941040E-1,5.720953217E0,7.881260834E0
9.986756958E0,3.014730835E-1,4.494403839E0,8.435109100E0
9.996713958E0,7.664062500E-1,5.132826233E0,7.502248993E0
1.000667196E1,1.349593506E0,7.398664398E0,5.181026001E0
1.001662896E1,1.028211823E0,3.201093292E0,8.570727081E0
1.002658596E1,9.301657104E-1,4.631818085E0,7.820337524E0
1.003654296E1,4.317022705E-1,8.365503845E0,6.805747375E0
1.004649996E1,9.988728333E-1,8.274642792E0,8.447533264E0
1.005645696E1,5.749543762E-1,5.951174469E0,7.597451019E0
1.006641396E1,1.436263275E0,5.301824799E0,7.034621429E0
1.007637096E1,1.429976349E0,5.380710754E0,6.668482819E0
1.008632796E1,1.022074585E0,5.590873718E0,6.836882629E0
1.009628596E1,5.921685791E-1,3.779340820E0,9.213789825E0
1.010624296E1,7.536827087E-1,4.378095703E0,9.684261475E0
1.011619996E1,5.351371765E-1,6.060596924E0,9.246571655E0
1.012615696E1,1.360969849E0,7.094347229E0,9.257498932E0
1.013611396E1,2.132016449E0,1.104777603E1,4.762945404E0
1.014607096E1,7.045848083E-1,6.425687714E0,7.246281281E0
1.015602796E1,5.285508728E-1,2.145488434E0,1.083297272E1
1.016598496E1,2.295775909E0,4.696483612E0,7.824977875E0
1.017594296E1,2.851270752E0,7.027735748E0,6.507866821E0
1.018589996E1,1.892215118E0,6.743925934E0,6.526877289E0
1.019585696E1,1.583856354E0,4.898713074E0,5.791905670E0
1.020581396E1,2.226769409E0,5.908962250E0,3.587739258E0
1.021577096E1,1.303489380E0,6.129154358E0,3.750600586E0
1.022572733E1,6.153703308E-1,4.421206055E0,5.961203613E0
1.023568433E1,1.476828918E0,7.159012756E0,9.238488464E0
1.024564133E1,2.969824219E-1,6.795269165E0,1.541105255E1
1.025559833E1,-5.037025452E-1,4.226311340E0,1.873025024E1
1.026555633E1,1.196911011E0,6.466702423E0,1.005668701E1
1.027551333E1,2.656076660E0,7.729027405E0,2.859503632E0
1.028547033E1,1.945953369E0,7.163054352E0,3.711232452E0
1.029542733E1,7.026388550E-1,6.546636200E0,5.655090179E0
1.030538433E1,1.714534607E0,5.111121368E0,5.843997345E0
1.031534133E1,1.366658020E0,4.708758087E0,9.415570221E0
1.032529833E1,1.559457092E0,6.676116943E0,9.323361969E0
1.033525533E1,2.596799927E0,6.575526123E0,8.105344849E0
1.034521233E1,2.662812653E0,4.353097687E0,7.859106903E0
1.035517033E1,1.587299194E0,5.335355072E0,8.393345947E0
1.036512733E1,1.068627777E0,6.401438141E0,8.484506378E0
1.037508433E1,5.767506409E-1,4.015250244E0,6.024821320E0
1.038504133E1,1.084794159E0,4.350403290E0,6.075565796E0
1.039499833E1,1.979483643E0,6.326743469E0,9.612859955E0
1.040495533E1,1.317560120E0,7.230863342E0,1.048329987E1
1.041491233E1,1.938319244E0,4.284091187E0,1.058703415E1
1.042486933E1,1.235081635E0,6.613247681E0,7.249275055E0
1.043482633E1,1.591640167E0,8.522976379E0,5.043761444E0
1.044478433E1,1.259181519E0,5.476661224E0,6.066883850E0
1.045474133E1,7.984396362E-1,3.657045135E0,7.804171143E0
1.046469833E1,1.269510040E0,4.384232941E0,8.580456848E0
1.047465533E1,1.857038269E0,6.954238586E0,6.744225311E0
1.048461233E1,6.990463257E-1,6.059848480E0,9.158105621E0
1.049456933E1,1.676513672E-2,6.905889130E0,7.979606323E0
1.050452633E1,1.806742859E-1,6.397546234E0,9.752669220E0
1.051448333E1,-2.151026917E-1,7.297923889E0,7.092550964E0
1.052444033E1,1.923500061E-1,6.415059814E0,5.796695709E0
1.053439833E1,2.851570129E-1,3.949536896E0,5.811065826E0
1.054435533E1,-5.230123901E-1,3.691174164E0,6.233786774E0
1.055431233E1,4.405339050E-1,5.995332642E0,4.766987000E0
1.056426933E1,-1.550775146E-1,4.470004578E0,6.705455933E0
1.057422633E1,3.829037476E-1,5.356311493E0,7.464377747E0
1.058418333E1,1.192120972E0,6.338568878E0,1.088865692E1
1.059414033E1,2.490820312E-1,7.160060577E0,1.006252487E1
1.060409733E1,-3.014730835E-1,4.400399323E0,1.167616928E1
1.061405533E1,3.725752258E-1,7.238647156E0,1.102666992E1
1.062401233E1,-2.571652222E-1,8.259224854E0,8.536897430E0
1.063396933E1,-4.158352661E-1,3.802692261E0,9.767937469E0
1.064392633E1,-7.453001404E-1,4.782704315E0,7.902816010E0
1.065388333E1,-7.077282715E-1,6.475534058E0,7.174131317E0
1.066384033E1,5.948629761E-1,5.686973877E0,5.575156403E0
1.067379733E1,3.156935120E-1,3.332070923E0,5.338797913E0
1.068375433E1,3.585044861E-1,6.190526733E0,5.080734558E0
1.069371133E1,8.993298340E-1,8.848699036E0,7.078779602E0
1.070366933E1,7.366181946E-1,8.633147278E0,9.184301147E0
1.071362633E1,8.613088989E-1,5.319787445E0,8.537196808E0
1.072358333E1,8.144563293E-1,5.859415283E0,9.342971191E0
1.073354033E1,1.013392639E0,6.395151215E0,1.038046371E1
1.074349733E1,-8.996292114E-2,5.500611420E0,9.711504822E0
1.075345433E1,-1.960922241E-1,3.948189697E0,9.332492981E0
1.076341133E1,1.248403931E-1,7.624245300E0,7.880512390E0
1.077336833E1,7.888595581E-2,7.466323700E0,4.857249298E0
1.078332533E1,8.512797546E-1,7.799680481E0,2.328857117E0
1.079328333E1,4.568499756E-1,5.147944794E0,3.411405945E0
1.080324033E1,3.129991150E-1,5.388494568E0,6.570586395E0
1.081319733E1,2.677931213E-1,5.186564484E0,9.863139496E0
1.082315433E1,-6.343807983E-1,5.491929474E0,1.174308014E1
1.083311133E1,-8.159532166E-1,4.500690765E0,1.308444077E1
1.084306833E1,1.059796143E-1,6.871760101E0,7.850724335E0
1.085302533E1,-2.050735474E-1,9.160949707E0,4.120032349E0
1.086298233E1,-6.815327454E-1,7.788453827E0,4.660857697E0
1.087293933E1,-3.370989990E-1,7.364086304E0,3.906875610E0
1.088289733E1,-1.492396545E-1,7.298372955E0,3.739822998E0
1.089285433E1,-3.436853027E-1,1.809287567E0,9.721384277E0
1.090281133E1,1.354682922E-1,4.437522125E0,9.228908386E0
1.091276833E1,-2.106120300E-1,4.907095642E0,1.198602493E1
1.092272533E1,-1.761536865E0,7.041656799E0,8.637188873E0
1.093268233E1,-2.644101562E0,6.617888031E0,8.015531616E0
1.094263933E1,-2.226919098E0,1.009261230E1,6.235583038E0
1.095259633E1,-2.589764557E0,7.199279022E0,6.154002686E0
1.096255333E1,-9.590556335E-1,2.473905487E0,7.989934845E0
1.097251133E1,-1.313817902E0,3.172502747E0,8.869805145E0
1.098246833E1,-5.628295898E-2,5.275180206E0,8.303233337E0
1.099242533E1,-7.110214233E-2,5.211712189E0,8.949289856E0
1.100238233E1,2.320175171E-2,5.279970245E0,6.572981415E0
1.101233933E1,-1.448986816E-1,3.682641907E0,9.980645142E0
1.102229633E1,9.969268799E-2,5.769901428E0,1.015503250E1
1.103225333E1,-3.224295044E-1,9.200766907E0,6.892716522E0
1.104221033E1,5.927673340E-1,7.268584900E0,5.229824524E0
1.105216733E1,1.173260193E0,5.042264557E0,6.123615875E0
1.106212533E1,1.056802368E0,5.805377655E0,6.712191925E0
1.107208233E1,5.284011841E-1,7.220085754E0,6.869664459E0
1.108203933E1,-5.034031677E-1,7.827073517E0,8.517737274E0
1.109199633E1,-3.403921509E-1,6.372847595E0,1.013751892E1
1.110195333E1,1.034947815E0,6.059848480E0,9.605375519E0
1.111191033E1,1.723366241E0,5.466183014E0,6.120472412E0
1.112186733E1,2.949765930E0,4.639751587E0,5.997877350E0
1.113182433E1,2.678829346E0,6.008056183E0,6.976392517E0
1.114178133E1,1.253044281E0,5.395829315E0,9.154213715E0
1.115173933E1,1.298250275E0,5.349126434E0,1.029768585E1
1.116169633E1,1.301393738E0,8.555159454E0,9.275760956E0
1.117165333E1,9.669891357E-1,6.237828369E0,1.070543793E1
1.118161033E1,1.351838837E0,3.556903381E0,9.845476227E0
1.119156733E1,1.303639069E0,4.643493805E0,6.115083618E0
1.120152433E1,5.373825073E-1,7.563321991E0,4.877008209E0
1.121148133E1,7.933502197E-3,6.273753662E0,4.743785248E0
1.122143833E1,2.883004761E-1,1.666783905E0,6.947652283E0
1.123139558E1,2.276765442E-1,6.112987976E0,4.439617767E0
1.124135358E1,2.936892700E-1,6.602619781E0,8.796307983E0
1.125131058E1,3.249742126E-1,5.759722595E0,1.191088120E1
1.126126758E1,4.323010254E-1,3.989503784E0,1.182615738E1
1.127122458E1,7.996371460E-1,5.384303284E0,9.036708069E0
1.128118158E1,4.514611816E-1,6.458020477E0,6.217770081E0
1.129113858E1,1.387913818E0,6.494843903E0,4.091591492E0
1.130109558E1,7.376660156E-1,6.124214630E0,3.381917267E0
1.131105258E1,9.973759460E-1,3.925586700E0,8.540040894E0
1.132100958E1,9.515711975E-1,7.573650513E0,1.073193283E1
1.133096758E1,7.644602966E-1,7.825576630E0,1.308488983E1
1.134092458E1,9.383985901E-1,5.525459747E0,1.176942535E1
1.135088158E1,1.144969025E0,6.385870514E0,5.847440186E0
1.136083858E1,1.731299744E0,6.135441284E0,3.372187500E0
1.137079558E1,1.436862030E0,6.106701050E0,3.666924591E0
1.138075258E1,1.767823792E-1,6.307433624E0,6.997648315E0
1.139070958E1,2.782713318E-1,7.413333893E0,9.181756439E0
1.140066658E1,-9.885443115E-1,4.569996643E0,1.396640671E1
1.141062358E1,7.020401001E-2,5.796396332E0,9.206904144E0
1.142058158E1,2.082319794E0,8.240214386E0,3.654799805E0
1.143053858E1,2.340682526E0,4.737049255E0,8.425978088E0
1.144049558E1,8.101153564E-1,3.208128662E0,9.039402466E0
1.145045258E1,3.483256531E-1,6.818620605E0,3.511398010E0
1.146040958E1,-1.270108795E0,7.380102997E0,5.232369232E0
1.147036658E1,-2.194137268E0,6.942562866E0,9.845027161E0
1.148032358E1,-1.382674713E0,7.259304199E0,7.902965698E0
1.149028058E1,-1.065035248E0,4.033212891E0,8.988807678E0
1.150023758E1,-1.487756195E0,2.957849121E0,1.046399002E1
1.151019558E1,-1.019679565E0,6.984475708E0,8.624315643E0
1.152015258E1,-1.425934753E0,8.535250854E0,5.204377441E0
1.153010958E1,-6.105802917E-1,5.791606293E0,6.566694489E0
1.154006658E1,-5.327421570E-1,7.038663025E0,4.301604767E0
1.155002358E1,-2.585124207E-1,7.002588043E0,6.662644958E0
1.155998058E1,1.193019104E-1,3.868555298E0,7.868836670E0
1.156993758E1,-5.159770203E-1,3.387006683E0,9.857301636E0
1.157989458E1,-6.676116943E-2,6.886579285E0,9.736053772E0
1.158985158E1,-5.462141418E-1,7.520061951E0,9.940827942E0
1.159980958E1,-5.972579956E-2,4.895120544E0,9.817484436E0
1.160976658E1,3.460803223E-1,4.458628235E0,7.767347717E0
1.161972358E1,4.273612976E-1,8.231532440E0,6.974446564E0
1.162968058E1,1.675016785E-1,5.994135132E0,7.772586823E0
1.163963758E1,3.673361206E-1,5.260810089E0,6.595584412E0
1.164959458E1,1.351689148E-1,5.965544586E0,8.443042603E0
1.165955158E1,3.406915283E-1,6.570885773E0,9.104966125E0
1.166950858E1,7.978408813E-1,5.005590820E0,9.040899353E0
1.167946558E1,1.921703796E0,7.479645996E0,5.009482727E0
1.168942358E1,1.297801208E0,5.863307190E0,5.760620728E0
1.169938058E1,7.717950439E-1,4.813839569E0,5.480104065E0
1.170933758E1,1.342857513E0,4.633464661E0,5.965095520E0
1.171929458E1,4.650828552E-1,5.382806396E0,9.647288361E0
1.172925158E1,-3.635939026E-1,5.162763977E0,1.259151581E1
1.173920858E1,8.966354370E-2,4.225263519E0,1.278446457E1
1.174916558E1,-7.214996338E-2,5.016817474E0,1.052641022E1
1.175912258E1,4.960684204E-1,6.295159149E0,7.622898102E0
1.176907958E1,7.533833313E-1,8.301586761E0,6.002517700E0
1.177903758E1,1.881587219E0,6.934479675E0,4.247866516E0
1.178899458E1,1.289418640E0,5.122348022E0,4.941374359E0
1.179895158E1,4.135899353E-1,7.387886810E0,4.006119232E0
1.180890858E1,-2.424957275E-2,5.845045166E0,6.430178375E0
1.181886558E1,1.169068909E-1,4.334236908E0,9.572144623E0
1.182882258E1,-3.129991150E-1,3.623365173E0,1.285332138E1
1.183877958E1,1.102158051E0,5.588029633E0,9.768087158E0
1.184873658E1,1.671424255E0,6.925648041E0,7.523654480E0
1.185869358E1,1.095122681E0,6.570586395E0,8.453820190E0
1.186865158E1,5.285508728E-1,7.022197266E0,6.890171814E0
1.187860858E1,-4.730163574E-2,5.394931183E0,5.565576324E0
1.188856558E1,-4.652325439E-1,4.487967224E0,6.811734924E0
1.189852258E1,-2.098635864E-1,7.080126801E0,6.597680054E0
1.190847958E1,7.153623962E-1,5.289999390E0,9.676777039E0
1.191843658E1,1.009351044E0,5.323529663E0,1.205368423E1
1.192839358E1,1.492546234E0,7.738906860E0,8.559350739E0
1.193835058E1,1.757495270E0,7.128027191E0,6.593638458E0
1.194830758E1,6.920109558E-1,3.874243469E0,6.418951721E0
1.195826558E1,9.246272278E-1,5.190905457E0,5.695805511E0
1.196822258E1,4.460723877E-1,7.871082001E0,5.763764191E0
1.197817958E1,-9.315129089E-1,5.945785675E0,6.992259521E0
1.198813658E1,-7.533833313E-1,4.547393646E0,8.844208374E0
1.199809358E1,-9.451345825E-1,5.579946442E0,1.205772583E1
1.200805058E1,3.847000122E-2,8.186925201E0,9.484277344E0
1.201800758E1,8.096662903E-1,8.454269257E0,5.942492523E0
1.202796458E1,6.735992432E-3,5.431305542E0,6.245761871E0
1.203792158E1,1.245410156E-1,6.654412079E0,3.154540100E0
1.204787858E1,1.538800049E-1,7.178472290E0,3.466790771E0
1.205783658E1,2.514770508E-2,6.424490204E0,9.117689667E0
1.206779358E1,-2.821632385E-1,3.631598053E0,1.266336639E1
1.207775058E1,4.107458496E-1,6.021528168E0,1.069720505E1
1.208770758E1,-3.149450684E-1,8.538244629E0,6.860683136E0
1.209766458E1,-4.378395081E-1,7.863148499E0,2.360890503E0
1.210762158E1,-8.053253174E-2,4.981191559E0,4.678520966E0
1.211757858E1,-5.553451538E-2,4.876708832E0,8.396639099E0
1.212753558E1,9.202862549E-1,5.132227478E0,1.279928375E1
1.213749258E1,4.911286926E-1,6.950047302E0,9.522298279E0
1.214745058E1,-7.927514648E-1,6.380781097E0,8.054450684E0
1.215740758E1,-9.047186279E-1,5.694757690E0,7.500602417E0
1.216736458E1,-1.780547333E0,5.594017181E0,5.664670258E0
1.217732158E1,-9.891430664E-1,6.505022736E0,6.875652008E0
1.218727858E1,-2.522254944E-1,6.641987915E0,9.587562561E0
1.219723558E1,1.889071655E-1,7.928562469E0,8.354277191E0
1.220719258E1,1.245410156E-1,4.504432983E0,1.044647644E1
1.221714958E1,4.065545654E-1,5.676046600E0,6.073170776E0
1.222710708E1,-6.686595154E-1,7.744145966E0,2.767894135E0
1.223706508E1,5.373825073E-2,3.263363800E0,8.741970978E0
1.224702208E1,5.023553467E-1,2.961142273E0,8.874894562E0
1.225697908E1,4.266128540E-2,5.052892456E0,1.109896957E1
1.226693608E1,7.683522034E-1,7.948770447E0,1.192899353E1
1.227689308E1,-1.025367737E-1,8.815617828E0,8.911568298E0
1.228685008E1,8.187973022E-2,8.163723450E0,3.395688629E0
1.229680708E1,8.174501038E-1,3.919150085E0,4.511767731E0
1.230676408E1,6.191125488E-1,6.139482880E0,3.186274109E0
1.231672108E1,-4.055067444E-1,5.301226044E0,4.392615509E0
1.232667908E1,5.981561279E-1,2.897075500E0,1.055784485E1
1.233663608E1,2.227368164E-1,3.610641632E0,1.611249390E1
1.234659308E1,7.476951599E-1,1.041668839E1,1.189770859E1
1.235655008E1,-8.741821289E-2,7.306755524E0,8.637637939E0
1.236650708E1,8.336164856E-1,6.179749146E0,4.699776764E0
1.237646408E1,1.005010071E0,6.400989075E0,4.153412933E0
1.238642108E1,9.431886292E-1,3.989354095E0,5.597609711E0
1.239637808E1,1.185534668E0,3.226240997E0,7.315138092E0
1.240633508E1,1.386566620E0,6.073021088E0,8.483308868E0
1.241629208E1,-8.367599487E-2,6.879543915E0,8.217761078E0
1.242625008E1,4.043092346E-1,6.095923462E0,5.529800720E0
1.243620708E1,8.196954346E-1,6.089486847E0,6.757697296E0
1.244616408E1,5.448669434E-1,8.262068939E0,6.373745728E0
1.245612108E1,1.927990723E-1,3.875890045E0,1.315973419E1
1.246607808E1,1.257534943E0,2.581381989E0,1.219484070E1
1.247603508E1,1.910926208E0,5.441783752E0,1.004935226E1
1.248599208E1,1.838776245E0,9.220974884E0,8.034392395E0
1.249594908E1,8.003855896E-1,6.642287292E0,7.378755798E0
1.250590608E1,5.463638306E-1,4.018543396E0,6.271508331E0
1.251586408E1,9.397457886E-1,6.373895416E0,6.446793823E0
1.252582108E1,1.019380188E0,7.162605286E0,6.954837341E0
1.253577808E1,1.883533173E0,4.891827393E0,6.913523254E0
1.254573508E1,2.878514099E0,7.153623962E0,4.575235748E0
1.255569208E1,8.836125183E-1,4.974605255E0,8.379424896E0
1.256564908E1,3.128494263E-1,5.074148254E0,1.081950073E1
1.257560608E1,-4.553530884E-1,3.791166229E0,1.128697861E1
1.258556308E1,1.340761871E0,7.413782959E0,8.813073120E0
1.259552008E1,1.350791016E0,7.616611176E0,1.020757324E1
1.260547808E1,1.552870789E0,6.200555878E0,6.627019043E0
1.261543508E1,2.536325684E0,5.299878845E0,2.739303589E0
1.262539208E1,2.718796234E0,5.946234741E0,2.973865814E0
1.263534908E1,1.390009460E0,5.938151550E0,5.899382172E0
1.264530608E1,1.835932159E0,4.162993011E0,7.748486938E0
1.265526308E1,1.133293304E0,4.078568573E0,1.320868240E1
1.266522008E1,1.198258209E0,7.718100128E0,1.319536011E1
1.267517708E1,1.565594330E0,8.591384125E0,8.425828400E0
1.268513408E1,1.862726440E0,5.539530487E0,7.404951324E0
1.269509108E1,1.324296112E0,4.158502350E0,7.630981293E0
1.270504908E1,2.514920197E0,6.183790741E0,5.223088531E0
1.271500608E1,2.615810394E0,7.430548096E0,5.563929749E0
1.272496308E1,2.152673492E0,8.591234436E0,5.647306366E0
1.273492008E1,3.300037537E0,4.417763214E0,7.029532013E0
1.274487708E1,7.789801025E-1,4.880600739E0,7.866890717E0
1.275483408E1,1.248703308E0,5.112019501E0,8.455466766E0
1.276479108E1,1.677561493E0,4.751269684E0,8.603059845E0
1.277474808E1,4.932243347E-1,6.870712280E0,6.761140137E0
1.278470508E1,1.022224274E0,5.508694611E0,9.090446320E0
1.279466308E1,1.078207855E0,6.941365356E0,7.504793701E0
1.280462008E1,1.178349609E0,6.454727325E0,6.000122681E0
1.281457708E1,1.002615051E0,5.589526520E0,7.201524353E0
1.282453408E1,9.624984741E-1,3.351829834E0,8.751101990E0
1.283449108E1,4.340972900E-1,5.771997070E0,8.280181274E0
1.284444808E1,-1.763333130E-1,6.742429047E0,8.290360107E0
1.285440508E1,9.957293701E-1,5.855822754E0,9.822723541E0
1.286436208E1,9.171427917E-1,6.662644958E0,8.185578003E0
1.287431908E1,4.210743713E-1,5.782475281E0,9.532926178E0
1.288427608E1,1.461860046E0,5.688770142E0,9.323960724E0
1.289423408E1,1.003064117E0,5.946384430E0,8.445737000E0
1.290419108E1,5.281018066E-1,5.071603546E0,5.462889862E0
1.291414808E1,1.043330383E0,7.973618774E0,3.428470459E0
1.292410508E1,2.362088013E-1,6.363566895E0,6.530170441E0
1.293406208E1,-2.836601257E-1,2.806813202E0,9.096882935E0
1.294401908E1,5.155279541E-1,5.129533081E0,8.377628632E0
1.295397608E1,-6.206094360E-1,6.875801697E0,9.396859131E0
1.296393308E1,-6.426136780E-1,5.804778900E0,8.554710388E0
1.297389008E1,-7.396119690E-1,5.559439087E0,7.743247833E0
1.298384808E1,-1.781295776E-2,7.056925049E0,7.503446503E0
1.299380508E1,1.381626892E-1,3.693569183E0,9.736353149E0
1.300376208E1,-3.707789612E-1,4.843028870E0,9.238338776E0
1.301371908E1,-1.227447510E-1,7.529043274E0,6.725214844E0
1.302367608E1,-6.870712280E-2,5.976022797E0,7.089108124E0
1.303363308E1,2.438429260E-1,5.085973663E0,7.011569366E0
1.304359008E1,7.694000244E-1,5.992338867E0,7.061864777E0
1.305354708E1,8.171507263E-1,6.474486237E0,6.746919708E0
1.306350408E1,-1.676513672E-2,3.736230469E0,1.108340195E1
1.307346108E1,1.746867371E-1,4.207600250E0,9.347312164E0
1.308341908E1,-9.741741943E-1,7.048542480E0,6.132746887E0
1.309337608E1,-6.541397095E-1,8.073461151E0,7.448959808E0
1.310333308E1,-8.996292114E-2,8.091274109E0,7.471562805E0
1.311329008E1,-6.671626282E-1,4.870721283E0,6.810836792E0
1.312324708E1,-2.375559998E-1,4.658013611E0,9.245823212E0
1.313320408E1,-5.179229736E-1,8.025560760E0,7.847580872E0
1.314316108E1,-5.984555054E-1,6.555617523E0,8.540190582E0
1.315311808E1,-3.441343689E-1,1.734293518E0,9.300609283E0
1.316307508E1,-7.981402588E-1,5.335804138E0,6.223458252E0
1.317303208E1,-8.981323242E-1,9.113199005E0,5.013075256E0
1.318299008E1,-7.876620483E-1,5.958658905E0,7.402855682E0
1.319294708E1,-3.167413330E-1,3.828139343E0,9.585915985E0
1.320290408E1,5.749543762E-1,6.310277710E0,1.064167053E1
1.321286108E1,3.067121887E-1,7.360942841E0,9.583520966E0
1.322281808E1,-8.452922058E-1,5.988596649E0,7.442223816E0
1.323277421E1,-1.775308228E-1,7.121440887E0,4.621639252E0
1.324273121E1,-7.429051208E-1,4.475543060E0,6.640790405E0
1.325268821E1,-2.883004761E-1,5.537434845E0,6.555018768E0
1.326264521E1,1.534309387E-1,6.130202179E0,7.092401276E0
1.327260321E1,5.944139099E-1,7.579039307E0,7.067702637E0
1.328256021E1,-6.453080750E-1,6.059249725E0,8.128097534E0
1.329251721E1,-1.216969299E-1,5.885311432E0,8.791517944E0
1.330247421E1,5.068460083E-1,8.710386658E0,5.771098938E0
1.331243121E1,6.956034851E-1,6.602170715E0,5.793252869E0
1.332238821E1,2.604583740E-2,4.516258392E0,7.021598511E0
1.333234521E1,-5.710624695E-1,4.575984192E0,8.672515411E0
1.334230221E1,-9.214837646E-1,5.938600616E0,8.834179230E0
1.335225921E1,-1.377136230E-1,5.515430603E0,1.214379684E1
1.336221621E1,4.900808716E-1,5.146747284E0,1.166224823E1
1.337217421E1,-3.164419556E-1,7.307803345E0,6.561605072E0
1.338213121E1,4.793032837E-1,5.425168304E0,7.984845428E0
1.339208821E1,7.000941467E-1,8.297545166E0,4.634662170E0
1.340204521E1,-1.546284485E-1,5.585335236E0,3.279081116E0
1.341200221E1,1.857337646E0,4.124822388E0,5.490731964E0
1.342195921E1,5.523513794E-1,6.471642151E0,7.141798553E0
1.343191621E1,1.832189941E-1,7.123985596E0,8.870703278E0
1.344187321E1,2.948867798E-2,2.923121338E0,1.231309479E1
1.345183021E1,1.069974976E0,5.094056854E0,9.129365387E0
1.346178821E1,9.792636108E-1,8.276139679E0,5.036127319E0
1.347174521E1,1.023571472E0,6.525230713E0,6.922205200E0
1.348170221E1,1.357676697E-1,4.380939789E0,9.527387695E0
1.349165921E1,3.941304016E-1,4.032913513E0,1.328098206E1
1.350161621E1,1.366508331E0,7.743996277E0,1.176074341E1
1.351157321E1,8.473878479E-1,9.614955597E0,6.610253906E0
1.352153021E1,8.382568359E-1,4.668042755E0,5.002896423E0
1.353148721E1,8.710386658E-1,3.797153778E0,5.062472534E0
1.354144421E1,1.378633118E0,6.793323212E0,6.700366516E0
1.355140121E1,-8.101153564E-1,5.008285217E0,9.271569672E0
1.356135921E1,6.984475708E-1,4.323609009E0,8.300239563E0
1.357131621E1,1.114731903E0,7.364535370E0,6.858587494E0
1.358127321E1,7.264393616E-1,6.606811066E0,6.557114410E0
1.359123021E1,8.987310791E-1,2.992127838E0,1.123743164E1
1.360118721E1,1.737137604E0,5.359604645E0,1.020921982E1
1.361114421E1,8.461903381E-1,7.137008514E0,9.222471771E0
1.362110121E1,5.614823914E-1,5.742508392E0,6.744375000E0
1.363105821E1,1.091530151E0,5.276826782E0,4.534969482E0
1.364101521E1,9.506730652E-1,6.620432739E0,4.570296021E0
1.365097221E1,1.004710693E0,5.740562439E0,7.775879974E0
1.366093021E1,1.707948303E-1,5.246290283E0,9.577982483E0
1.367088721E1,-3.019221497E-1,4.308939514E0,1.232013016E1
1.368084421E1,4.462220764E-1,5.565726013E0,1.046518753E1
1.369080121E1,1.448388062E0,5.730832672E0,8.728648682E0
1.370075821E1,1.949994965E0,5.747897186E0,6.102958832E0
1.371071521E1,1.680405579E0,5.490432587E0,6.685846710E0
1.372067221E1,2.373763733E0,6.171516266E0,6.455625458E0
1.373062921E1,1.467847595E0,6.850354614E0,6.015839996E0
1.374058621E1,1.185834045E0,5.805976410E0,7.260801086E0
1.375054321E1,9.849517822E-1,4.787494354E0,8.669371948E0
1.376050121E1,1.747765503E0,6.738387451E0,8.687783661E0
1.377045821E1,3.860472107E-1,6.992109833E0,9.118887177E0
1.378041521E1,9.885443115E-1,5.438939667E0,8.081394653E0
1.379037221E1,1.248254242E0,5.913003845E0,5.684578857E0
1.380032921E1,1.188528442E0,7.436984711E0,4.892575836E0
1.381028621E1,9.142987061E-1,5.538332977E0,1.093565918E1
1.382024321E1,1.930984497E-1,4.658762054E0,9.886640625E0
1.383020021E1,1.209035797E0,5.739664307E0,9.637109528E0
1.384015721E1,1.081800385E0,6.406078491E0,9.438771973E0
1.385011521E1,1.478475494E0,5.403014374E0,5.946234741E0
1.386007221E1,1.991758118E0,5.009033661E0,4.775219879E0
1.387002921E1,1.061143341E0,5.188809814E0,7.870034180E0
1.387998621E1,2.266287231E-1,6.812633057E0,8.340505829E0
1.388994321E1,8.779243469E-1,5.523513794E0,9.517358551E0
1.389990021E1,2.112107849E-1,7.905510406E0,5.842350769E0
1.390985721E1,3.218307495E-1,5.859564972E0,7.282805328E0
1.391981421E1,8.050259399E-1,7.945477295E0,5.315596161E0
1.392977121E1,7.237449646E-1,6.688541107E0,3.616629181E0
1.393972821E1,3.276686096E-1,3.932173004E0,5.560486908E0
1.394968621E1,-2.100132751E-1,4.439767456E0,7.573800201E0
1.395964321E1,9.515711975E-1,5.215454407E0,9.051227875E0
1.396960021E1,-9.505233765E-2,4.801265717E0,7.027735748E0
1.397955721E1,4.993615723E-1,3.596121826E0,1.013272888E1
1.398951421E1,1.654060364E-1,7.388635254E0,9.006770325E0
1.399947121E1,-1.850152588E-1,8.483009491E0,1.464509537E1
1.400942821E1,-3.647914124E-1,6.481820984E0,1.710867233E1
1.401938521E1,-1.884580994E-1,6.288722534E0,1.133308273E1
1.402934221E1,7.785310364E-1,6.365213470E0,7.018904114E0
1.403929921E1,1.128503265E0,5.306165771E0,4.406835938E0
1.404925721E1,8.716374207E-1,7.260052643E0,-2.055226135E-1
1.405921421E1,-2.520758057E-1,6.060896301E0,2.315983887E0
1.406917121E1,-6.039939880E-1,3.911815338E0,8.249644775E0
1.407912821E1,-7.141648865E-1,4.079317017E0,9.351054382E0
1.408908521E1,4.237687683E-1,7.097640381E0,7.912695465E0
1.409904221E1,8.451425171E-1,8.223149872E0,6.459667053E0
1.410899921E1,3.053649902E-2,6.693929901E0,6.678362274E0
1.411895621E1,-7.559280396E-1,4.408781891E0,1.100810852E1
1.412891321E1,-1.282832336E-1,6.538253632E0,9.144783325E0
1.413887021E1,1.066681824E0,4.432582397E0,7.977211304E0
1.414882821E1,1.330583038E0,4.123624878E0,8.931327209E0
1.415878521E1,1.392703857E0,7.046147461E0,4.530628510E0
1.416874221E1,1.203796692E0,6.075416107E0,5.033432922E0
1.417869921E1,4.207749939E-1,3.902983704E0,1.018003052E1
1.418865621E1,3.116519165E-1,7.526648254E0,1.004201752E1
1.419861321E1,5.779481506E-1,5.623655548E0,9.021140442E0
1.420857021E1,5.998027039E-1,5.139562225E0,8.822204132E0
1.421852721E1,3.749702454E-1,5.643863525E0,6.684349823E0
1.422848471E1,-6.271957397E-2,7.444169769E0,4.957091675E0
1.423844171E1,-3.344046021E-1,3.904181213E0,6.534661102E0
1.424839971E1,1.299298096E-1,3.546425171E0,8.540340271E0
1.425835671E1,-2.230361938E-1,7.624844055E0,7.737409973E0
1.426831371E1,5.718109131E-1,6.940916290E0,8.779692535E0
1.427827071E1,-1.109193420E-1,4.594545593E0,1.109402985E1
1.428822771E1,-1.802252197E-1,7.934100952E0,7.156168671E0
1.429818471E1,2.624043274E-1,5.468278656E0,8.978329468E0
1.430814171E1,1.289119263E0,4.888085175E0,9.171727295E0
1.431809871E1,1.072669373E0,5.011428680E0,1.061188248E1
1.432805571E1,5.950126648E-1,8.050259399E0,4.344715118E0
1.433801271E1,5.328918457E-2,6.716981964E0,3.555855560E0
1.434797071E1,-2.303709412E-1,5.067861328E0,4.652924194E0
1.435792771E1,-8.452922058E-1,4.744384003E0,5.889203339E0
1.436788471E1,6.259982300E-1,3.988156586E0,1.103924377E1
1.437784171E1,5.724096680E-1,3.867357788E0,1.494522125E1
1.438779871E1,-6.420149231E-1,4.496948547E0,1.354413483E1
1.439775571E1,5.264552307E-1,8.189918976E0,8.200995941E0
1.440771271E1,5.016069031E-1,9.331145782E0,5.407804413E0
1.441766971E1,-2.902464294E-1,4.438569946E0,4.342619476E0
1.442762671E1,9.922865295E-1,5.315446472E0,2.986589355E0
1.443758471E1,9.304650879E-1,9.416019287E0,5.072801056E0
1.444754171E1,3.451821899E-1,6.599775696E0,8.290659485E0
1.445749871E1,1.368304596E0,7.928113403E0,6.225853271E0
1.446745571E1,4.342469788E-1,7.819289703E0,5.737119598E0
1.447741271E1,2.263293457E-1,5.519172821E0,8.458011475E0
1.448736971E1,-6.840774536E-2,5.284760284E0,8.794362030E0
1.449732671E1,4.640350342E-2,4.196523285E0,1.052970337E1
1.450728371E1,-4.520599365E-1,6.440357208E0,1.053748718E1
1.451724071E1,1.754351807E-1,5.083578644E0,1.149938690E1
1.452719771E1,5.020559692E-1,6.457870789E0,6.509513397E0
1.453715471E1,5.688171387E-2,5.567671967E0,4.944817200E0
1.454711271E1,5.258564758E-1,6.854396210E0,6.893464966E0
1.455706971E1,5.812413025E-1,5.227279816E0,9.474248199E0
1.456702671E1,5.432203674E-1,2.897075500E0,9.582772522E0
1.457698371E1,1.484313354E0,7.837851105E0,7.084467773E0
1.458694071E1,5.685177612E-1,8.846304016E0,4.838687897E0
1.459689771E1,-5.011578369E-1,3.395988007E0,6.638096008E0
1.460685471E1,-4.411326599E-1,4.179758148E0,7.759114838E0
1.461681171E1,-7.119195557E-1,8.005801849E0,7.734715576E0
1.462676871E1,7.885601807E-1,4.740043030E0,1.000444565E1
1.463672571E1,1.070274353E-1,6.814579010E0,5.799090729E0
1.464668371E1,-9.710307312E-1,6.657854919E0,7.975415039E0
1.465664071E1,-4.638853455E-1,4.767735443E0,1.172706345E1
1.466659771E1,6.445596313E-1,6.415508881E0,9.495354309E0
1.467655471E1,2.977308655E-1,6.344706116E0,6.366860046E0
1.468651171E1,1.491797791E0,5.040917358E0,6.394402771E0
1.469646871E1,1.267564087E0,4.481680298E0,6.115382996E0
1.470642571E1,5.418731689E-1,8.157286835E0,3.810775452E0
1.471638271E1,4.430786133E-1,4.465813293E0,8.324489136E0
1.472633971E1,5.122348022E-1,5.001399536E0,1.014844620E1
1.473629671E1,1.175056458E-1,7.019951935E0,9.545649719E0
1.474625471E1,2.312690735E-1,7.349267120E0,1.007240433E1
1.475621171E1,-2.571652222E-1,5.487139435E0,1.151450546E1
1.476616871E1,-1.577719116E-1,7.554190979E0,6.226152649E0
1.477612571E1,3.806584167E-1,7.305857391E0,3.332220612E0
1.478608271E1,-4.805007935E-2,1.805545349E0,6.277196503E0
1.479603971E1,9.301657104E-1,2.474653931E0,6.186934204E0
1.480599671E1,1.023272095E0,5.538482666E0,8.519234161E0
1.481595371E1,2.218386841E-1,5.335055695E0,1.088461533E1
1.482591071E1,-4.816983032E-1,5.614075470E0,1.137559433E1
1.483586871E1,-1.902543640E-1,9.441466370E0,7.073241119E0
1.484582571E1,-4.772076416E-1,7.386090546E0,7.403005371E0
1.485578271E1,-3.068618774E-2,5.334606628E0,8.641080780E0
1.486573971E1,8.650511169E-1,5.662275238E0,8.305927734E0
1.487569671E1,6.896159363E-1,3.882925415E0,7.601193237E0
1.488565371E1,5.129832458E-1,5.571863251E0,6.160139923E0
1.489561071E1,-6.227050781E-2,6.516099701E0,5.972130890E0
1.490556771E1,-2.104623413E-1,4.637805634E0,6.585255890E0
1.491552471E1,-8.906478882E-2,4.474345551E0,1.025607239E1
1.492548171E1,-6.975494385E-2,7.186705170E0,1.123593475E1
1.493543871E1,7.331753540E-1,6.892417145E0,9.108259277E0
1.494539671E1,1.921554108E0,5.098996582E0,8.078251190E0
1.495535371E1,1.951940918E0,7.247778168E0,5.098397827E0
1.496531071E1,1.482816467E0,5.253625031E0,8.094866638E0
1.497526771E1,8.021818542E-1,6.530320129E0,7.159611511E0
1.498522471E1,9.250762939E-2,5.252726898E0,7.819589081E0
1.499518171E1,6.249504089E-1,5.483696594E0,7.763605499E0
1.500513871E1,9.613009644E-1,7.606132965E0,7.711214447E0
1.501509571E1,7.932005310E-1,9.219627686E0,4.717589722E0
1.502505271E1,9.057664490E-1,4.110751648E0,5.687722321E0
1.503501071E1,4.466711426E-1,4.896018677E0,6.927444305E0
1.504496771E1,6.062393188E-1,4.081113281E0,1.049781967E1
1.505492471E1,1.317111053E0,7.040459290E0,9.224567413E0
1.506488171E1,3.317102051E-1,5.866450653E0,9.843530273E0
1.507483871E1,7.544311523E-1,6.629264374E0,9.990674286E0
1.508479571E1,1.465153198E0,4.800966339E0,9.916728058E0
1.509475271E1,1.786983948E0,7.260950775E0,6.651268616E0
1.510470971E1,1.050665131E0,8.020022278E0,3.634142761E0
1.511466671E1,1.392853546E0,5.269791412E0,3.372786255E0
1.512462371E1,1.309776306E0,4.596641235E0,5.861211548E0
1.513458071E1,6.785389709E-1,7.120692444E0,6.747967529E0
1.514453871E1,5.113366699E-1,4.103267212E0,1.306977127E1
1.515449571E1,1.960922241E-1,4.311933289E0,1.412193329E1
1.516445271E1,8.622070313E-1,6.544839935E0,9.051227875E0
1.517440971E1,1.949246521E0,7.895930328E0,5.441484375E0
1.518436671E1,3.345542908E-1,5.556445312E0,5.726940765E0
1.519432371E1,9.720785522E-1,6.332581329E0,2.275717621E0
1.520428071E1,1.142574005E0,4.379742279E0,6.848109283E0
1.521423771E1,9.101074219E-2,6.361770630E0,9.066047058E0
1.522419471E1,4.466711426E-1,5.107079773E0,1.230516129E1
1.523415146E1,1.014440460E0,3.575614471E0,1.331615891E1
1.524410946E1,5.966592407E-1,6.408473511E0,8.869954834E0
1.525406646E1,1.760489044E0,8.179740143E0,4.973258057E0
1.526402346E1,-2.121089172E-1,6.734495544E0,5.037474518E0
1.527398046E1,8.918453979E-1,5.011278992E0,3.776347046E0
1.528393746E1,1.540895691E0,2.772085419E0,7.911348267E0
1.529389446E1,-3.635939026E-1,5.822442169E0,9.824819183E0
1.530385146E1,1.404080200E-1,7.986791382E0,1.062490540E1
1.531380846E1,3.511697388E-1,7.001989288E0,8.621022491E0
1.532376546E1,6.777905273E-1,6.303092651E0,6.191574554E0
1.533372346E1,1.034199371E0,7.328310699E0,4.014501801E0
1.534368046E1,8.258326721E-1,3.284619598E0,8.496032410E0
1.535363746E1,3.469784546E-1,4.794978790E0,9.712103577E0
1.536359446E1,-2.999761963E-1,6.979386292E0,1.023062531E1
1.537355146E1,-1.216669922E0,5.897885284E0,1.126153152E1
1.538350846E1,-8.111631775E-1,6.321803741E0,7.481591949E0
1.539346546E1,-5.119354248E-2,7.735464020E0,4.318968658E0
1.540342246E1,-1.166075134E-1,3.990401917E0,6.936725006E0
1.541337946E1,-6.361770630E-2,5.011278992E0,4.416416016E0
1.542333746E1,-3.341052246E-1,5.767805786E0,5.589825897E0
1.543329446E1,-3.047662354E-1,7.983049164E0,8.050259399E0
1.544325146E1,-3.963757324E-1,2.248025208E0,1.300495605E1
1.545320846E1,-1.055305481E-1,4.265529785E0,1.043060944E1
1.546316546E1,-8.891510010E-2,8.062084808E0,9.435029755E0
1.547312246E1,4.577481079E-1,7.065307617E0,6.873706055E0
1.548307946E1,-4.236190796E-1,1.246308289E0,9.290131073E0
1.549303646E1,-4.188290405E-1,6.181096344E0,5.586383057E0
1.550299346E1,-8.156538391E-1,8.710236969E0,6.915618896E0
1.551295046E1,-8.333171082E-1,5.363646240E0,9.668693848E0
1.552290846E1,-7.978408813E-2,3.377127228E0,1.025158173E1
1.553286546E1,-2.844085693E-2,7.762407990E0,5.434149628E0
1.554282246E1,5.622308350E-1,7.679330750E0,6.631360016E0
1.555277946E1,-3.995191956E-1,5.933960266E0,7.948920135E0
1.556273646E1,-5.807922363E-2,3.575764160E0,7.531737671E0
1.557269346E1,-5.460644531E-1,5.241350555E0,7.652835846E0
1.558265046E1,4.939727783E-2,5.550457764E0,1.006821304E1
1.559260746E1,-1.631607056E-1,8.637039185E0,9.140741730E0
1.560256446E1,4.487667847E-1,4.408931580E0,1.050754944E1
1.561252146E1,1.620979156E0,7.235204315E0,6.942862244E0
1.562247946E1,6.273454285E-1,8.549321594E0,4.492457886E0
1.563243646E1,-3.607498169E-1,4.022884369E0,6.164181519E0
1.564239346E1,-4.670288086E-1,4.003275146E0,4.945565643E0
1.565235046E1,-2.848576355E-1,5.660778351E0,4.029470673E0
1.566230746E1,-5.921685791E-1,7.502248993E0,8.416248322E0
1.567226446E1,-9.954299927E-2,5.840404816E0,1.213870743E1
1.568222146E1,-3.402424622E-1,4.904850311E0,1.042926224E1
1.569217846E1,5.429209900E-1,7.527097321E0,7.120243378E0
1.570213546E1,4.459226990E-1,6.334976349E0,8.093519440E0
1.571209346E1,5.037025452E-1,5.165009308E0,8.251141663E0
1.572205046E1,-2.351609802E-1,6.944808197E0,4.959486694E0
1.573200746E1,-3.677851868E-1,4.157753906E0,8.215366058E0
1.574196446E1,-9.789642334E-1,4.155807953E0,1.032433044E1
1.575192146E1,-7.056326294E-1,8.716823273E0,4.422253876E0
1.576187846E1,2.239343262E-1,6.615642700E0,6.518045654E0
1.577183546E1,1.399739227E0,3.577111359E0,1.070199509E1
1.578179246E1,3.353027344E-2,8.679550781E0,5.766757965E0
1.579174946E1,1.505868530E-1,7.973319397E0,7.774532776E0
1.580170646E1,-1.404080200E-1,3.762126617E0,1.234393066E1
1.581166446E1,-1.166224823E0,6.547234955E0,9.180259552E0
1.582162146E1,-2.968327332E-1,8.092022552E0,6.713389435E0
1.583157846E1,1.233435059E-1,5.412444763E0,7.027286682E0
1.584153546E1,-3.950285339E-1,6.165379028E0,5.259911957E0
1.585149246E1,-1.088237000E-1,6.883435822E0,3.289858704E0
1.586144946E1,5.882766724E-1,3.950285339E0,7.360044708E0
1.587140646E1,3.195854187E-1,6.360722809E0,8.032596130E0
1.588136346E1,6.402186584E-1,5.675896912E0,9.398805084E0
1.589132046E1,1.203497314E0,5.915249176E0,9.226962433E0
1.590127746E1,1.525328064E-1,5.180127869E0,7.135811005E0
1.591123546E1,3.480262756E-1,7.518415375E0,5.797444153E0
1.592119246E1,-3.415896606E-1,6.875502319E0,7.727530518E0
1.593114946E1,-8.412506104E-2,1.417552185E-1,1.407493103E1
1.594110646E1,7.948471069E-2,6.343807983E0,1.017883301E1
1.595106346E1,8.277786255E-2,8.510552216E0,7.664661255E0
1.596102046E1,5.977070618E-1,9.186247101E0,5.559738464E0
1.597097746E1,4.802014160E-1,2.119442596E0,6.999444580E0
1.598093446E1,2.211800537E0,5.494773560E0,5.736820221E0
1.599089146E1,3.948788452E-1,6.692283325E0,7.783364410E0
1.600084846E1,1.153950348E0,5.813610535E0,7.520960083E0
1.601080646E1,1.406325531E0,5.420677643E0,8.179440765E0
1.602076346E1,1.165326691E0,7.973469086E0,7.551496582E0
1.603072046E1,1.035845947E-1,5.579796753E0,9.721683655E0
1.604067746E1,2.115101624E-1,4.010909271E0,1.127694946E1
1.605063446E1,-1.257385254E-2,7.603737946E0,6.805747375E0
1.606059146E1,8.012837219E-1,7.797285461E0,7.053482208E0
1.607054846E1,4.411326599E-1,5.255870361E0,7.603288879E0
1.608050546E1,1.591191101E0,5.261109467E0,2.585573273E0
1.609046246E1,1.324595490E0,4.279750214E0,5.907465363E0
1.610042046E1,2.100132751E-1,6.314019928E0,6.763535156E0
1.611037746E1,3.981719971E-1,3.621568909E0,1.216939362E1
1.612033446E1,5.634283447E-1,2.649041290E0,1.422731415E1
1.613029146E1,1.141226807E0,7.217241669E0,1.247850082E1
1.614024846E1,1.341210938E0,1.111498627E1,8.716374207E0
1.615020546E1,1.347198486E-2,6.831194458E0,5.360053711E0
1.616016246E1,1.880090332E-1,4.308490448E0,2.329156494E-1
1.617011946E1,1.242715759E0,2.990630951E0,5.764662323E0
1.618007646E1,1.366807709E0,6.971303101E0,6.523733826E0
1.619003346E1,5.471122742E-1,4.929249573E0,9.177116089E0
1.619999046E1,1.326990509E0,5.366490326E0,1.033406021E1
1.620994846E1,1.472937012E-1,7.883655853E0,1.114716934E1
1.621990546E1,3.418890381E-1,8.178842010E0,8.346194000E0
1.622986238E1,1.942660217E0,4.769531708E0,6.575226746E0
1.623981937E1,1.843416595E0,4.749473419E0,3.779939575E0
1.624977638E1,1.744771729E0,5.079237671E0,7.041058044E0
1.625973338E1,1.045276337E0,7.066056061E0,8.005352783E0
1.626969037E1,1.826202393E-2,5.992189178E0,9.046288147E0
1.627964737E1,7.188052368E-1,5.247637482E0,8.920699310E0
1.628960438E1,8.803193665E-1,8.340206451E0,7.589218140E0
1.629956238E1,2.275867310E0,7.118447113E0,8.017477570E0
1.630951937E1,1.432071991E0,3.462300110E0,8.017776947E0
1.631947638E1,1.112935638E0,3.917952576E0,8.643326111E0
1.632943338E1,1.222956848E-1,7.650740204E0,8.693471832E0
1.633939038E1,1.664538574E-1,7.878566437E0,5.293891296E0
1.634934737E1,4.929249573E-1,3.722908173E0,6.536906433E0
1.635930438E1,7.708969116E-2,6.141279144E0,9.308393097E0
1.636926138E1,1.387315063E0,6.993007965E0,8.741072845E0
1.637921837E1,8.505313110E-1,6.310876465E0,6.596931610E0
1.638917537E1,2.562670898E-1,4.073179779E0,6.817123718E0
1.639913238E1,8.505313110E-1,9.641300812E0,3.513793030E0
1.640909038E1,4.831951904E-1,5.690865784E0,7.635921021E0
1.641904737E1,-9.193881226E-1,-1.905537415E-1,1.430634979E1
1.642900438E1,9.340576172E-2,5.939199371E0,1.026310776E1
1.643896138E1,3.228785706E-1,9.933343506E0,6.811734924E0
1.644891837E1,-3.417393494E-1,6.537654877E0,7.426955566E0
1.645887537E1,6.965016174E-1,5.789061584E0,3.575464783E0
1.646883238E1,4.129911804E-1,6.173611908E0,4.357288971E0
1.647878938E1,-9.265731812E-2,3.406017151E0,1.044363235E1
1.648874637E1,-4.499642944E-1,5.085823975E0,1.195144684E1
1.649870337E1,-2.148033142E-1,7.271878052E0,9.427096252E0
1.650866038E1,5.174739075E-1,8.545729065E0,7.277266846E0
1.651861838E1,1.585203552E-1,4.444856873E0,7.208410034E0
1.652857537E1,-2.933898926E-2,3.865711212E0,7.578590240E0
1.653853238E1,7.110214233E-2,5.824238434E0,9.545649719E0
1.654848938E1,-8.527766418E-1,5.890700226E0,1.194530960E1
1.655844637E1,-2.043700104E0,5.982160034E0,8.922345886E0
1.656840337E1,-9.693841553E-1,8.391399994E0,3.524869995E0
1.657836038E1,6.126759338E-1,7.590864716E0,5.614823914E0
1.658831738E1,1.519340515E-1,5.108127594E0,7.418722687E0
1.659827437E1,1.998344421E-1,5.624703369E0,4.450545044E0
1.660823137E1,4.315525818E-1,7.341034241E0,6.371949463E0
1.661818838E1,-1.165177002E0,3.545077972E0,1.316931427E1
1.662814638E1,-1.013841705E0,4.739743652E0,9.440568237E0
1.663810337E1,2.520758057E-1,6.293662262E0,6.042933655E0
1.664806038E1,-2.492317200E-1,7.175927582E0,6.700965271E0
1.665801738E1,-8.099656677E-1,6.809190216E0,6.036497040E0
1.666797437E1,2.993774414E-2,5.189857635E0,6.678212585E0
1.667793137E1,6.197113037E-2,4.284091187E0,1.018721558E1
1.668788838E1,-1.709295502E0,4.119283905E0,1.350536545E1
1.669784538E1,1.751358032E-2,6.834188232E0,9.469757538E0
1.670780237E1,-8.906478882E-2,6.450236664E0,5.708229675E0
1.671775937E1,2.540217590E-1,4.083358612E0,5.089117126E0
1.672771638E1,6.288423157E-1,5.974974976E0,6.249354401E0
1.673767338E1,9.098080444E-1,6.345155182E0,7.967331848E0
1.674763137E1,7.586224365E-1,5.057383118E0,1.052611084E1
1.675758838E1,1.147364044E0,5.609135742E0,1.170101761E1
1.676754538E1,1.050066376E0,7.677684174E0,8.972790985E0
1.677750237E1,4.234693909E-1,5.490731964E0,5.587430878E0
1.678745937E1,4.957690430E-1,4.079466705E0,5.600004730E0
1.679741638E1,-1.083746338E-1,7.044051819E0,6.031557312E0
1.680737338E1,-7.798782349E-2,7.307953033E0,5.535937958E0
1.681733037E1,3.014730835E-1,4.330794067E0,8.931626587E0
1.682728737E1,1.871109009E-1,4.802612915E0,1.025726990E1
1.683724438E1,6.523434448E-1,7.022346954E0,7.987539825E0
1.684720138E1,1.436562653E0,4.586163025E0,8.276888123E0
1.685715837E1,1.643282776E0,7.631130981E0,4.734504547E0
1.686711638E1,1.711091766E0,5.443580017E0,6.664141846E0
1.687707338E1,1.830543365E0,6.149062958E0,8.154592438E0
1.688703037E1,1.335522766E0,7.215146027E0,8.291258240E0
1.689698737E1,-1.945953369E-2,4.422104187E0,1.032567764E1
1.690694438E1,4.520599365E-1,4.836442566E0,9.285041656E0
1.691690138E1,5.637277222E-1,7.587122498E0,4.934937744E0
1.692685837E1,1.402583313E-1,6.715036011E0,5.887856140E0
1.693681537E1,7.744894409E-1,4.837340698E0,8.359216919E0
1.694677238E1,5.854325867E-1,6.571634216E0,8.438402252E0
1.695672938E1,1.215771790E0,6.091732178E0,9.941127319E0
1.696668637E1,1.132544861E0,7.875722351E0,7.573201447E0
1.697664338E1,1.214574280E0,6.089636536E0,6.828050995E0
1.698660038E1,5.971083069E-1,5.715414734E0,7.354506226E0
1.699655837E1,6.159690857E-1,6.918762360E0,3.732338562E0
1.700651537E1,3.694317627E-1,5.694308624E0,7.429500275E0
1.701647238E1,2.005828857E-1,6.089337158E0,8.602012024E0
1.702642938E1,9.276210022E-1,5.358706512E0,9.650282135E0
1.703638637E1,-1.257385254E-1,5.109025726E0,1.056488022E1
1.704634337E1,-1.820214844E-1,8.229436798E0,7.861651611E0
1.705630038E1,-5.942642212E-2,7.694748688E0,6.274651794E0
1.706625738E1,-9.894424438E-1,2.658471680E0,8.104746094E0
1.707621437E1,6.497987366E-1,4.671186218E0,7.057074738E0
1.708617138E1,1.793570251E0,9.478439484E0,6.229595490E0
1.709612838E1,1.205742645E0,5.370082855E0,8.925489349E0
1.710608538E1,1.068328400E0,3.510799255E0,9.107510834E0
1.711604237E1,5.466632080E-1,6.757697296E0,6.829697571E0
1.712599938E1,-2.848576355E-1,6.823111267E0,7.440876617E0
1.713595738E1,-2.284249878E-1,5.496270447E0,8.258177032E0
1.714591437E1,1.002914429E-2,6.064788208E0,6.761888580E0
1.715587137E1,5.978567505E-1,5.953569489E0,9.051377563E0
1.716582838E1,7.842192078E-1,9.515262909E0,7.254963226E0
1.717578538E1,3.635939026E-1,7.897277527E0,5.776338043E0
1.718574237E1,-9.151968384E-1,3.242856445E0,7.761509857E0
1.719569938E1,-1.951940918E-1,4.108356628E0,6.210135956E0
1.720565638E1,6.212081909E-1,4.870870972E0,9.187893677E0
1.721561338E1,3.540138245E-1,9.397757263E0,7.107968903E0
1.722557037E1,6.391708374E-1,4.525688782E0,9.833501129E0
1.723552738E1,1.444945221E0,3.831133118E0,1.069525909E1
1.724548438E1,2.502795410E-1,6.657555542E0,7.530689850E0
1.725544137E1,6.337820435E-1,7.771688690E0,5.706583099E0
1.726539837E1,3.188369751E-2,4.630620575E0,7.451953583E0
1.727535638E1,6.586303711E-1,3.119812317E0,7.693700867E0
1.728531338E1,7.354206848E-1,6.309529266E0,7.881709900E0
1.729527037E1,8.521778870E-1,5.355263672E0,1.061757065E1
1.730522738E1,2.276765442E-1,5.684429169E0,7.876470795E0
1.731518438E1,8.786727905E-2,4.327500916E0,7.730823669E0
1.732514138E1,8.150550842E-1,6.527026978E0,8.292006683E0
1.733509837E1,9.674382019E-1,8.325836334E0,5.965694275E0
1.734505538E1,1.238374786E0,4.748275909E0,6.587501221E0
1.735501238E1,2.320175171E-2,5.149291992E0,8.216114502E0
1.736496937E1,2.674937439E-1,5.735473022E0,9.343420258E0
1.737492637E1,9.997709656E-1,5.686824188E0,7.997568970E0
1.738488338E1,4.559518433E-1,3.875440979E0,7.875872040E0
1.739484038E1,4.755610657E-1,6.530619507E0,6.763385468E0
1.740479737E1,7.330256653E-1,6.697372742E0,9.445058899E0
1.741475438E1,5.031037903E-1,6.231242065E0,1.069061874E1
1.742471238E1,-5.707630920E-1,6.331234131E0,7.664212189E0
1.743466937E1,-6.307882690E-1,5.326523438E0,6.755901031E0
1.744462637E1,-6.078858948E-1,7.690856781E0,4.639003143E0
1.745458338E1,-1.088386688E0,4.524491272E0,8.173902283E0
1.746454038E1,-2.456391907E-1,4.840035095E0,6.962770844E0
1.747449737E1,1.815724182E-1,5.598956909E0,8.214617615E0
1.748445437E1,-1.377136230E-1,6.932234344E0,1.025622208E1
1.749441138E1,-1.233285370E0,7.076384583E0,9.409732361E0
1.750436838E1,-5.957611084E-2,4.124822388E0,9.087003479E0
1.751432537E1,-1.543290710E-1,6.805447998E0,5.677244110E0
1.752428238E1,-9.056167603E-1,5.659431152E0,6.863227844E0
1.753423938E1,6.084846497E-1,6.164630585E0,8.067323914E0
1.754419638E1,-3.978726196E-1,4.944517822E0,8.701105957E0
1.755415337E1,-0.000000000E0,7.142247620E0,7.663463745E0
1.756411038E1,1.249900818E-1,6.707102509E0,7.581434326E0
1.757406838E1,6.156697083E-1,5.619613953E0,6.803202667E0
1.758402537E1,1.010398865E-1,5.231471100E0,7.523804169E0
1.759398237E1,2.350112915E-1,6.811136169E0,7.539371796E0
1.760393938E1,1.392105103E-2,7.275620270E0,7.229366455E0
1.761389638E1,-2.912942505E-1,4.905898132E0,8.782237244E0
1.762385337E1,1.018781433E0,4.544549561E0,9.235794067E0
1.763381038E1,1.647923126E0,5.424719238E0,8.082741852E0
1.764376738E1,1.816772003E0,6.603068848E0,7.518415375E0
1.765372438E1,1.437760162E0,4.767436066E0,8.657696228E0
1.766368137E1,1.251547394E0,5.001848602E0,9.455387421E0
1.767363838E1,1.275796967E0,6.582112427E0,8.301137695E0
1.768359538E1,1.419198761E0,7.407645721E0,6.378535767E0
1.769355237E1,7.695497131E-1,5.557493134E0,5.794001312E0
1.770350937E1,6.071374512E-1,5.404211884E0,6.647526398E0
1.771346638E1,6.665638733E-1,5.320984955E0,8.532556458E0
1.772342338E1,-6.604266357E-1,5.389692078E0,9.533375244E0
1.773338037E1,2.525248718E-1,6.238127747E0,8.225993958E0
1.774333838E1,5.333409119E-1,5.547763367E0,7.241940308E0
1.775329538E1,-4.960684204E-1,5.895490265E0,6.335575104E0
1.776325238E1,6.002517700E-2,6.436315613E0,7.327412567E0
1.777320937E1,3.121009827E-1,5.943989410E0,9.064699860E0
1.778316638E1,-2.628533936E-1,3.943848724E0,1.149235153E1
1.779312338E1,8.414002991E-1,6.556665344E0,8.399483185E0
1.780308037E1,1.329385529E0,6.687193909E0,6.801705780E0
1.781303737E1,7.168592834E-1,5.836512909E0,6.766678619E0
1.782299438E1,9.804611206E-1,5.946085052E0,3.933071136E0
1.783295138E1,1.315165100E0,6.401138763E0,6.627168732E0
1.784290837E1,-1.038839722E-1,4.720882874E0,1.072609497E1
1.785286537E1,5.037025452E-1,5.705086212E0,9.604327698E0
1.786282238E1,7.512876892E-1,5.271587677E0,1.072744217E1
1.787277938E1,5.337899780E-1,7.280260620E0,7.610174561E0
1.788273637E1,8.399034119E-1,7.667355652E0,4.599335632E0
1.789269338E1,2.113455048E0,5.352120209E0,6.604865112E0
1.790265138E1,7.200027466E-1,4.551135864E0,8.194110260E0
1.791260837E1,3.698808289E-1,5.355862427E0,7.753276978E0
1.792256537E1,5.987548828E-3,4.920867004E0,1.034304153E1
1.793252238E1,-3.989204407E-1,6.295159149E0,1.017673737E1
1.794247938E1,-1.429527283E-1,5.078339539E0,9.701625366E0
1.795243637E1,1.342258759E0,7.330106964E0,6.529871063E0
1.796239337E1,1.623224487E0,7.194189606E0,4.070635071E0
1.797235038E1,1.080602875E0,5.229824524E0,4.578528900E0
1.798230738E1,5.025050354E-1,3.952380981E0,8.603209534E0
1.799226437E1,3.616479492E-1,6.065836029E0,1.100795883E1
1.800222138E1,-3.791615295E-1,6.447991333E0,1.066921326E1
1.801217838E1,-1.407073975E-1,5.962999878E0,7.521409149E0
1.802213538E1,2.164498901E-1,5.136718140E0,7.090455322E0
1.803209237E1,2.603086853E-1,6.094725952E0,5.513634338E0
1.804204938E1,3.745211792E-1,6.068231049E0,6.171366577E0
1.805200638E1,6.179150391E-1,4.721331940E0,7.919281769E0
1.806196337E1,-9.910890198E-1,4.618795166E0,1.236204300E1
1.807192137E1,-2.133064270E-1,6.717580719E0,1.107172623E1
1.808187838E1,5.593867493E-1,6.844516754E0,7.936046906E0
1.809183538E1,1.987866211E-1,5.618715820E0,5.006039886E0
1.810179237E1,5.459147644E-1,6.802454224E0,2.442321167E0
1.811174938E1,5.766009521E-1,5.071154480E0,6.961124268E0
1.812170638E1,-9.633966064E-1,5.164260864E0,8.874295807E0
1.813166338E1,-1.255289612E0,6.617289276E0,9.122330017E0
1.814162037E1,6.369255066E-1,5.835465088E0,9.962532806E0
1.815157738E1,4.080514526E-1,4.349505157E0,1.028735733E1
1.816153438E1,-8.704399109E-1,6.778653717E0,5.945785675E0
1.817149137E1,1.069226532E0,6.620732117E0,5.633535004E0
1.818144837E1,6.376739502E-2,4.731510773E0,7.377408600E0
1.819140538E1,-7.550299072E-1,5.388195190E0,8.970845032E0
1.820136238E1,1.195264435E0,7.929909668E0,9.421108704E0
1.821131937E1,-1.562750244E-1,6.042484589E0,1.065903442E1
1.822127637E1,-4.971162415E-1,5.255870361E0,8.179141388E0
1.823123408E1,6.614744568E-1,4.821174316E0,6.649771729E0
1.824119208E1,8.759783936E-1,7.573949890E0,4.784650269E0
1.825114908E1,4.700225830E-1,6.042783966E0,5.425767059E0
1.826110608E1,9.475296021E-2,5.417683868E0,7.202272797E0
1.827106308E1,-5.736071777E-1,3.381318512E0,1.117351456E1
1.828102008E1,1.175056458E-1,5.839955750E0,1.103325623E1
1.829097708E1,4.843927002E-1,8.066725159E0,8.321345673E0
1.830093408E1,5.786965942E-1,7.295828247E0,5.811365204E0
1.831089108E1,5.950126648E-1,3.372486877E0,5.999673615E0
1.832084808E1,9.551637268E-1,5.911506958E0,5.749394073E0
1.833080508E1,-3.245251465E-1,6.533762970E0,8.932824097E0
1.834076208E1,-6.997947693E-1,6.161487122E0,9.325158234E0
1.835071908E1,3.052153015E-1,7.000791779E0,7.439230042E0
1.836067608E1,8.737330627E-1,5.535339203E0,7.566166077E0
1.837063308E1,1.607656860E-1,4.925956421E0,8.999884644E0
1.838059008E1,1.697769470E0,7.817493439E0,5.404511261E0
1.839054708E1,8.234376526E-1,6.265221405E0,6.869963837E0
1.840050408E1,-2.353106689E-1,3.844006348E0,8.776998138E0
1.841046208E1,8.038284302E-1,6.097120972E0,8.849148102E0
1.842041908E1,2.049088898E0,7.380552063E0,8.135731659E0
1.843037608E1,1.253493347E0,4.956941986E0,9.154513092E0
1.844033308E1,1.120569763E0,5.736520844E0,7.574698334E0
1.845029008E1,1.281934204E0,5.500012665E0,7.804021454E0
1.846024708E1,9.553134155E-1,5.223387909E0,8.184679871E0
1.847020408E1,1.097368011E0,6.875652008E0,7.348818054E0
1.848016108E1,2.369871826E0,7.164401550E0,6.763235779E0
1.849011808E1,1.641336823E0,4.587959290E0,7.866291962E0
1.850007508E1,2.466870117E-1,2.886148224E0,1.088177124E1
1.851003208E1,3.749702454E-1,7.071744232E0,8.681646423E0
1.851998908E1,2.029779053E-1,7.770640869E0,6.138884125E0
1.852994608E1,3.787124634E-2,5.849236450E0,6.140680389E0
1.853990308E1,-2.909948730E-1,4.201762390E0,7.530390472E0
1.854986008E1,4.921765137E-1,7.005132751E0,8.422235870E0
1.855981708E1,1.152154083E0,6.053262177E0,8.928782501E0
1.856977408E1,6.427633667E-1,5.789810028E0,8.604257355E0
1.857973208E1,3.803590393E-1,4.770878906E0,8.365054779E0
1.858968908E1,1.055155792E0,7.344177704E0,5.382656708E0
1.859964608E1,1.019380188E0,4.378245392E0,6.797664185E0
1.860960308E1,-2.001338196E-1,5.128335571E0,8.303682404E0
1.861956008E1,2.746788025E-1,5.797743530E0,8.863817596E0
1.862951708E1,1.273102570E0,6.805597687E0,7.187752991E0
1.863947408E1,2.662962341E-1,6.276897125E0,6.534062347E0
1.864943108E1,-8.858578491E-1,5.708529053E0,8.562793579E0
1.865938808E1,2.794688416E-1,5.234764252E0,1.019155655E1
1.866934508E1,-2.197430420E-1,5.665718079E0,9.691296844E0
1.867930208E1,-1.328188019E0,5.090614014E0,6.366410980E0
1.868925908E1,3.224295044E-1,5.989045715E0,6.120771790E0
1.869921608E1,1.501527557E0,6.647975464E0,6.381978607E0
1.870917308E1,3.697311401E-1,6.257287903E0,7.437733154E0
1.871913008E1,-2.531236267E-1,4.494104462E0,1.039962387E1
1.872908708E1,-8.279283142E-1,6.185587006E0,1.143112885E1
1.873904408E1,-7.852670288E-1,6.486461334E0,9.624385986E0
1.874900108E1,1.136137390E-1,6.141279144E0,6.130950623E0
1.875895908E1,8.750802612E-1,5.504653015E0,5.416785736E0
1.876891608E1,6.640191650E-1,6.841672668E0,5.834716644E0
1.877887308E1,7.328759766E-1,5.786666565E0,9.334588623E0
1.878883008E1,-2.215393066E-1,5.706283722E0,8.952732697E0
1.879878708E1,-8.361611938E-1,5.523214417E0,6.952142944E0
1.880874408E1,4.120930481E-1,6.987170105E0,5.743406525E0
1.881870108E1,4.525090027E-1,5.184618530E0,7.819738770E0
1.882865808E1,1.431024170E-1,6.922055511E0,6.233188019E0
1.883861508E1,1.972897339E-1,3.930975494E0,1.178364578E1
1.884857208E1,-8.322692871E-1,4.914280701E0,1.206146805E1
1.885852908E1,9.849517822E-2,6.274352417E0,9.208700409E0
1.886848608E1,1.319057007E0,6.934329987E0,5.475014648E0
1.887844308E1,1.287023621E0,6.339317322E0,6.049070892E0
1.888840008E1,1.365460510E0,5.006488953E0,6.485563202E0
1.889835708E1,3.897894287E-1,5.671855316E0,6.838080139E0
1.890831408E1,-4.872367859E-1,6.439010010E0,8.016280060E0
1.891827108E1,-8.553213501E-1,6.437363434E0,7.621700592E0
1.892822908E1,-3.492237854E-1,6.368356934E0,7.116501160E0
1.893818608E1,-4.760101318E-2,4.492607574E0,8.582851868E0
1.894814308E1,-1.175206146E0,5.710924072E0,7.974965973E0
1.895810008E1,-5.840853882E-1,6.774013367E0,7.826175385E0
1.896805708E1,-3.318598938E-1,4.722978516E0,9.720336456E0
1.897801408E1,-3.356021118E-1,6.204447784E0,6.434070282E0
1.898797108E1,2.014810181E-1,6.283633118E0,6.937772827E0
1.899792808E1,-5.089416504E-2,5.113366699E0,9.523944855E0
1.900788508E1,-5.316943359E-1,5.383554840E0,9.758058014E0
1.901784208E1,4.264631653E-1,6.492748260E0,8.104596405E0
1.902779908E1,4.760101318E-2,5.937103729E0,8.003406830E0
1.903775608E1,-7.454498291E-2,6.829098816E0,5.331762543E0
1.904771308E1,1.282832336E-1,7.052584076E0,6.039490814E0
1.905767008E1,-3.227288818E-1,4.342918854E0,9.231453094E0
1.906762708E1,-1.375789032E0,5.301675110E0,8.920998688E0
1.907758408E1,8.352630615E-2,5.274731140E0,1.014949402E1
1.908754108E1,3.442840576E-1,6.239774323E0,9.566007385E0
1.909749808E1,9.904902649E-1,7.321724396E0,5.271138611E0
1.910745608E1,1.209484863E0,6.573580170E0,3.331172791E0
1.911741308E1,2.406994629E-1,3.866759033E0,7.795938263E0
1.912737008E1,-4.010160828E-1,5.925727386E0,7.974965973E0
1.913732708E1,-5.361849976E-1,7.474107513E0,7.664361877E0
1.914728408E1,-9.024732971E-1,4.258793793E0,1.039483383E1
1.915724108E1,-7.708969116E-2,4.549489288E0,1.127215942E1
1.916719808E1,4.978646851E-1,7.278314667E0,8.254584503E0
1.917715508E1,3.622467041E-1,6.380332031E0,5.627996521E0
1.918711208E1,1.790277100E-1,4.168082428E0,3.615880737E0
1.919706908E1,1.188528442E-1,6.221661987E0,3.586990814E0
1.920702608E1,-1.351689148E-1,7.904761963E0,6.727460175E0
1.921698308E1,-4.249662781E-1,5.227728882E0,1.381611923E1
1.922694008E1,-3.802093506E-1,3.729793854E0,1.441756851E1
1.923689637E1,4.471202087E-1,6.773564301E0,1.086126389E1
1.924685337E1,6.433621216E-1,7.579039307E0,7.323520660E0
1.925681038E1,3.951782227E-2,7.281607819E0,2.408790894E0
1.926676738E1,8.173004150E-1,5.482798462E0,1.940265198E0
1.927672537E1,-2.664459229E-2,5.099745026E0,6.192472687E0
1.928668238E1,-3.291654968E-1,6.759493561E0,8.315058746E0
1.929663938E1,-4.297563171E-1,4.476590881E0,1.095182556E1
1.930659637E1,-4.352947998E-1,5.044360199E0,9.617649994E0
1.931655337E1,-2.327659607E-1,5.863606567E0,1.042522064E1
1.932651038E1,6.767427063E-1,6.877448273E0,8.831784210E0
1.933646738E1,1.978884888E-1,5.594915314E0,7.697592773E0
1.934642437E1,6.536906433E-1,5.120102692E0,5.913452911E0
1.935638137E1,-1.646575928E-1,5.815706177E0,9.569001160E0
1.936633838E1,4.343966675E-1,5.122797089E0,9.827663269E0
1.937629538E1,2.975811768E-1,7.297325134E0,6.824458466E0
1.938625237E1,-2.649490356E-2,5.203928375E0,8.840915222E0
1.939620938E1,-1.270557861E0,5.242847443E0,8.879834290E0
1.940616638E1,5.483097839E-1,6.367009735E0,4.280798035E0
1.941612338E1,1.415007477E0,7.024592285E0,3.428620148E0
1.942608037E1,8.948391724E-1,5.678591309E0,6.784790955E0
1.943603738E1,-1.948947144E-1,5.492977295E0,9.063352661E0
1.944599538E1,-2.200424194E-1,5.626948700E0,1.069331314E1
1.945595237E1,-1.453178101E0,5.449417877E0,1.090227859E1
1.946590937E1,-6.869215393E-1,6.087241516E0,8.568182373E0
1.947586638E1,1.285676422E0,7.264243927E0,5.204527130E0
1.948582338E1,1.182840271E0,7.174580383E0,3.769461365E0
1.949578037E1,-8.008346558E-2,5.103487244E0,6.797813873E0
1.950573738E1,-4.950205994E-1,5.659131775E0,7.920030212E0
1.951569438E1,-8.801696777E-1,3.780538330E0,1.286335052E1
1.952565138E1,3.156935120E-1,5.208419037E0,1.140792709E1
1.953560837E1,1.675166473E0,7.923023987E0,7.326364746E0
1.954556538E1,2.611619110E0,6.557114410E0,5.371879120E0
1.955552238E1,9.125024414E-1,5.169649658E0,5.338049469E0
1.956547937E1,-1.354682922E-1,4.047283630E0,6.042484589E0
1.957543637E1,-3.116519165E-1,6.465055847E0,8.252189484E0
1.958539338E1,-2.871029663E-1,7.001839600E0,9.188492432E0
1.959535038E1,6.527925110E-1,6.554869080E0,9.390871582E0
1.960530737E1,-2.546205139E-1,5.456752625E0,9.224717102E0
1.961526437E1,-4.906796265E-1,4.481680298E0,9.735455017E0
1.962522238E1,-3.397933960E-2,6.015540619E0,6.785988464E0
1.963517938E1,-7.798782349E-2,4.869374084E0,6.792125702E0
1.964513637E1,3.294648743E-1,6.901099091E0,5.888454895E0
1.965509338E1,4.345463562E-1,7.094796295E0,7.646848297E0
1.966505038E1,5.795947266E-1,6.226152649E0,9.293573914E0
1.967500737E1,3.591032410E-1,5.224735107E0,8.380772095E0
1.968496437E1,6.730004883E-1,5.572761383E0,7.298223267E0
1.969492138E1,4.537065125E-1,4.388723602E0,9.020541687E0
1.970487838E1,3.953279114E-1,6.151907043E0,8.240214386E0
1.971483537E1,6.198609924E-1,7.082671509E0,5.695955200E0
1.972479237E1,2.856060791E-1,6.167624359E0,7.651488647E0
1.973474938E1,-2.157014465E-1,5.843697968E0,9.459578705E0
1.974470638E1,1.615141296E-1,6.243366852E0,8.311466217E0
1.975466337E1,4.628375244E-1,7.119494934E0,5.673352203E0
1.976462038E1,3.058140564E-1,5.406157837E0,5.882467346E0
1.977457738E1,3.884422302E-1,5.166206818E0,7.654332733E0
1.978453438E1,5.049000549E-1,4.653073883E0,8.236172791E0
1.979449237E1,4.064048767E-1,5.799839172E0,8.679850159E0
1.980444938E1,4.236190796E-2,4.727918243E0,9.792187042E0
1.981440638E1,5.331912231E-1,5.502557373E0,8.348289642E0
1.982436337E1,2.153571625E0,7.839048615E0,6.718478851E0
1.983432037E1,6.593788147E-1,5.872138824E0,9.014554138E0
1.984427738E1,-5.098397827E-1,7.115153961E0,7.784711609E0
1.985423438E1,-1.222956848E-1,4.738246765E0,8.972641296E0
1.986419137E1,-3.808081055E-1,5.295537872E0,8.857380981E0
1.987414838E1,-3.851490784E-1,6.865772552E0,6.867568817E0
1.988410538E1,1.027463379E0,6.898404694E0,4.949158173E0
1.989406238E1,1.583107910E0,5.619613953E0,5.033432922E0