"Time (s)","Linear Acceleration x (m/s^2)","Linear Acceleration y (m/s^2)","Linear Acceleration z (m/s^2)","Absolute acceleration (m/s^2)"
7.114999986E-3,-1.156075372E0,-5.720015323E-1,-2.793033653E-1,1.319737242E0
1.708399999E-2,-8.118437934E-1,-3.725378036E-1,3.181651300E-1,9.482108468E-1
2.705300000E-2,-1.232560315E0,1.294507764E0,2.523535484E-1,1.805169686E0
3.702300001E-2,-5.170781606E-1,2.128221606E0,-7.118710238E-1,2.302923660E0
4.699200002E-2,-1.599295525E-1,5.233638078E-2,-8.792048872E-2,1.898593449E-1
5.696200003E-2,2.131650523E-1,-6.984496173E-1,5.332853633E-1,9.042480225E-1
6.693100004E-2,-7.335687985E-1,4.393247008E-1,-2.774252397E-1,8.989405645E-1
7.689999999E-2,-1.204408932E-1,1.774799227E0,-1.040425487E0,2.060801664E0
8.687000000E-2,-7.542747393E-2,8.005165672E-1,-5.592750674E-1,9.794410035E-1
9.683900001E-2,-5.507200062E-2,-4.363353118E-1,6.998427165E-1,8.265598934E-1
1.068080000E-1,1.739211904E-1,-1.998522761E-1,6.392684859E-1,6.919925648E-1
1.167780000E-1,-8.723962431E-1,6.856886539E-1,-1.960360909E-1,1.126798245E0
1.267470000E-1,-3.049359142E-1,2.600290422E0,-1.319464558E0,2.931805401E0
1.367170000E-1,-6.929402246E-1,1.184510528E0,-1.279250917E0,1.876090151E0
1.466860000E-1,-5.716126559E-2,-3.206765091E-1,-2.424050957E-1,4.060308661E-1
1.566550000E-1,-1.078596476E0,4.813226196E-1,-6.907263225E-1,1.368263379E0
1.666250000E-1,-1.436166796E0,1.611337975E0,-1.133327218E0,2.437912164E0
1.765940000E-1,-1.331898223E0,1.236450175E0,-8.838499153E-1,2.020879162E0
1.865640000E-1,-2.137043446E0,-7.799498633E-1,-2.876613754E-1,2.293038497E0
1.965330000E-1,-8.172461090E-1,-5.100654852E-1,4.580521631E-1,1.066709795E0
2.065020000E-1,-2.161067024E0,6.513201821E-1,3.822120219E-1,2.289217048E0
2.164720000E-1,-1.686916746E0,1.754036642E0,-1.532964528E-1,2.438407769E0
2.264410000E-1,-1.002962668E0,-4.274446204E-1,1.642441946E-1,1.102551211E0
2.364110000E-1,-8.221921957E-1,-1.140527187E0,3.071747035E-1,1.439152032E0
2.463800000E-1,-5.009633804E-1,-3.018277171E-1,8.203117311E-1,1.007459982E0
2.563490000E-1,-9.020455733E-1,1.004242331E0,6.513581890E-1,1.498818323E0
2.663190000E-1,-6.515309742E-1,3.126968139E-1,8.705627024E-1,1.131437725E0
2.762880000E-1,-3.398909714E-1,-5.766108924E-1,1.069148179E0,1.261381712E0
2.862580000E-1,-2.737922732E-1,-4.010394716E-1,1.694615482E0,1.762814936E0
2.962270000E-1,-5.177830425E-1,8.539937398E-1,4.613593483E-1,1.100116828E0
3.061960000E-1,1.213119182E-1,2.639198087E0,-3.736721635E-1,2.668279223E0
3.161660000E-1,2.075724098E-1,9.537203416E-1,-3.748743510E-1,1.045561846E0
3.261350000E-1,9.736665829E-1,-4.182513356E-1,-4.395539117E-1,1.147243843E0
3.361050000E-1,1.458958073E0,2.121331832E-1,-1.480239015E0,2.089178472E0
3.460740000E-1,1.595709683E0,1.638180788E0,-2.145107195E0,3.135508024E0
3.560430000E-1,1.420584843E0,6.510520872E-1,-1.814319681E0,2.394511646E0
3.660130000E-1,1.551065461E0,-5.283435890E-1,-1.161402624E0,2.008433984E0
3.759820000E-1,1.962746572E0,-1.006944037E0,-1.539766594E0,2.690202885E0
3.859520000E-1,2.001344043E0,-7.324827513E-1,-8.602341807E-1,2.298241024E0
3.959210000E-1,1.712084916E0,-4.379266316E-1,-1.471627235E-2,1.767266551E0
4.058900000E-1,1.611443225E0,-9.526321748E-1,6.444578898E-1,1.979793752E0
4.158600000E-1,9.531052145E-1,-9.190209174E-1,1.542906548E0,2.033118200E0
4.258290000E-1,1.441713611E0,-4.073845777E-1,1.685267538E0,2.254911751E0
4.357980000E-1,1.060222112E0,1.546143859E0,4.317408621E-1,1.923806626E0
4.457680000E-1,7.459279852E-1,6.020386791E-1,3.291146260E-1,1.013496703E0
4.557370000E-1,5.282485352E-1,-1.877520481E-1,2.575932384E-2,5.612137643E-1
4.657070000E-1,1.740864327E0,3.304846287E-3,-3.798924315E-1,1.781835510E0
4.756760000E-1,1.466091676E0,1.245555752E0,-1.058652427E0,2.195809394E0
4.856460000E-1,1.566960239E0,6.745672497E-1,-8.677420056E-1,1.913996226E0
4.956150000E-1,1.896635175E0,-1.674502230E-1,-8.250906605E-1,2.075099796E0
5.055840000E-1,9.222242414E-1,-2.008544889E-1,-4.115369779E-1,1.029661479E0
5.155540000E-1,1.497749964E0,7.900500512E-1,5.917890948E-1,1.793780469E0
5.255230000E-1,1.162979034E0,6.973289984E-1,9.278256547E-1,1.643060684E0
5.354920000E-1,9.560408092E-1,4.071503967E-2,6.474043018E-1,1.155337212E0
5.454620000E-1,1.018623631E0,-1.514016625E-1,9.983483380E-1,1.434299819E0
5.554310000E-1,9.986656956E-1,7.790529004E-1,3.499324679E-1,1.314043122E0
5.654010000E-1,1.204875211E0,1.022666616E0,-3.506066519E-1,1.618794707E0
5.753700000E-1,9.537198300E-1,-3.500815719E-1,-3.034471035E-2,1.016395308E0
5.853390000E-1,3.182160373E-1,-6.148037356E-1,3.682459474E-2,6.932540159E-1
5.953090000E-1,8.860244948E-1,3.322770926E-1,-1.041063418E0,1.406861938E0
6.052780000E-1,2.641386846E-1,1.116590148E0,-8.189358813E-1,1.409680383E0
6.152480000E-1,5.312257547E-1,-8.731422016E-1,-5.301015544E-1,1.151340855E0
6.252170000E-1,6.422520277E-1,-1.458441764E0,-9.371665817E-1,1.848735040E0
6.351860000E-1,5.226816205E-1,-1.246505340E0,-3.277416998E-1,1.390822153E0
6.451560000E-1,1.417844692E0,6.573875454E-1,8.679495817E-1,1.787674028E0
6.551250000E-1,1.396404414E0,2.379746604E-1,3.659263569E-1,1.463037705E0
6.650950000E-1,1.042490723E0,-8.444326651E-1,-4.592958659E-1,1.418028958E0
6.750640000E-1,5.400737249E-1,-1.339442447E0,3.651966244E-1,1.489682608E0
6.850330000E-1,2.347175055E-1,3.077348667E-1,7.545013189E-2,3.943168497E-1
6.950030000E-1,2.753328501E-1,3.613745919E-1,1.439607882E-1,4.765757889E-1
7.049720000E-1,4.859292023E-1,-6.904015097E-1,4.324600697E-2,8.453707183E-1
7.149430417E-1,1.520663082E-1,-4.433478776E-1,-1.258441261E0,1.342890878E0
7.249120417E-1,-4.701086833E-1,3.244444549E-1,-3.767682642E-1,6.842665440E-1
7.348810417E-1,-3.107973094E-1,-1.146529647E0,9.894968230E-1,1.546036597E0
7.448510417E-1,-7.076158588E-1,-1.090750718E0,1.161395608E0,1.743357992E0
7.548200417E-1,-3.842855543E-1,-1.851134920E0,2.479065655E0,3.117714291E0
7.647900417E-1,-2.439365180E-1,-2.755360043E-1,2.281917424E0,2.311400494E0
7.747590417E-1,-2.097406853E-1,4.347004303E-1,2.082404578E0,2.137607178E0
7.847280417E-1,7.819946346E-1,-2.436219013E-1,2.151305244E0,2.301951670E0
7.946980417E-1,6.741249079E-1,-2.546754777E-1,3.408254296E-1,7.971611906E-1
8.046670417E-1,-1.584640392E-1,-2.917740145E-1,-8.002312231E-1,8.663792113E-1
8.146370417E-1,3.285194526E-1,1.535011930E0,-1.596802674E0,2.239188566E0
8.246060417E-1,-4.556038243E-1,1.109509170E0,-1.605179980E0,2.003793455E0
8.345750417E-1,-5.888486762E-1,-1.920921439E-1,-1.835219384E0,1.936923422E0
8.445450417E-1,-6.888423496E-1,-1.377299953E-1,-2.613482033E0,2.706244939E0
8.545140417E-1,-1.549780389E0,1.338031514E0,-1.863723391E0,2.768684248E0
8.644830417E-1,-7.230321890E-1,9.648303437E-1,-4.681234074E-1,1.293372593E0
8.744530417E-1,-1.259657628E0,-7.467917651E-2,1.444689113E-1,1.270112430E0
8.844220417E-1,-6.805460277E-1,-5.101359442E-1,1.088484921E0,1.381369249E0
8.943920417E-1,-1.480594854E-1,1.281584248E0,-3.265096915E-1,1.330784872E0
9.043610417E-1,3.686901165E-1,1.360387174E0,-1.440705405E0,2.015494413E0
9.143300417E-1,3.980524581E-1,-2.361731333E-1,-4.956491750E-1,6.781530896E-1
9.243000417E-1,8.583767395E-2,-1.028970499E0,4.323975044E-1,1.119426637E0
9.342690417E-1,-8.953161590E-1,1.257494597E0,-1.881430514E0,2.433652495E0
9.442390417E-1,-6.947879447E-1,1.177410839E0,-1.901043829E0,2.341579427E0
9.542080417E-1,-8.693084747E-1,-1.256501155E0,-8.408646941E-1,1.744002813E0
9.641770417E-1,-1.149893842E0,-2.527596668E0,-1.900935656E-1,2.783367803E0
9.741470417E-1,-3.865016855E-1,-4.512772867E-1,3.206408411E-1,6.751631591E-1
9.841160417E-1,-8.210680684E-1,1.282522142E0,4.303188193E-1,1.582463302E0
9.940860417E-1,-3.833862159E-1,-1.790642551E-1,7.470654148E-1,8.585777379E-1
1.004055042E0,-7.637256671E-1,-1.879391882E0,9.758546841E-1,2.251151507E0
1.014024042E0,-3.801111539E-1,-4.742322859E-1,2.840758628E-1,6.708799044E-1
1.023994042E0,-9.930657441E-1,1.972100948E0,-5.438781792E-1,2.274019612E0
1.033963042E0,-4.915547719E-1,5.277886882E-1,1.026276394E0,1.254364473E0
1.043933042E0,-1.017661180E0,-8.516083682E-1,1.193529566E0,1.784764386E0
1.053902042E0,-8.462293683E-1,-5.228697181E-1,1.016832556E0,1.422478588E0
1.063871042E0,-7.307475901E-1,2.318117536E0,1.011108132E0,2.632489431E0
1.073841042E0,-1.070791978E0,1.854699675E0,1.266681742E0,2.488169805E0
1.083810042E0,-9.114718696E-1,-2.067373726E-1,7.871077323E-1,1.221908300E0
1.093780042E0,-7.163792270E-1,-2.229417613E-1,-9.523360133E-3,7.503285415E-1
1.103749042E0,-9.608787954E-1,2.112255784E0,-7.566770679E-1,2.440793465E0
1.113718042E0,-1.312160070E0,2.224372928E0,5.586195946E-2,2.583160763E0
1.123688042E0,-1.702118191E0,1.068995567E0,2.283939976E-1,2.022899324E0
1.133657042E0,-1.299273830E0,-1.135426076E0,-5.131762040E-1,1.800181845E0
1.143627042E0,-1.235120811E0,8.127194139E-1,-4.313637167E-1,1.540165874E0
1.153596042E0,-1.145899390E0,1.833576609E0,5.264487988E-1,2.225362202E0
1.163565042E0,-1.740247153E0,1.031647646E0,1.793710000E0,2.703729384E0
1.173535042E0,-1.467615607E0,-5.079677966E-1,2.139628354E0,2.643848775E0
1.183504042E0,-1.256806380E0,7.892197466E-1,-3.314096582E-1,1.520612523E0
1.193474042E0,-1.633554178E0,7.481088504E-1,-1.871202564E-1,1.806427440E0
1.203443042E0,-1.668180512E0,7.513467461E-2,5.099280757E-1,1.745994869E0
1.213412042E0,-1.977543244E0,3.977480739E-1,-1.416832393E0,2.465014167E0
1.223382042E0,-1.415441486E0,-7.374370971E-1,-2.146599990E0,2.674916744E0
1.233351042E0,-1.101296317E0,-2.643616536E0,-2.681451237E-1,2.876362942E0
1.243321042E0,-2.002871920E0,-1.946363844E0,1.250059862E0,3.059816629E0
1.253290042E0,-2.260146047E0,-1.375812713E0,9.283969277E-1,2.804111558E0
1.263259042E0,-2.617411654E0,-2.879756632E-1,-4.617996436E-1,2.673393473E0
1.273229042E0,-2.232440624E0,-1.116572607E0,-1.385298944E0,2.854746694E0
1.283198042E0,-1.599447954E0,-2.301795910E0,-1.331502805E0,3.103127115E0
1.293167042E0,-1.266749277E0,-1.849840054E0,-1.076481172E0,2.487041148E0
1.303137042E0,-4.698306482E-1,-5.555506834E-1,-5.490570581E-1,9.115048288E-1
1.313106042E0,-1.488875791E-1,-8.668298399E-1,-9.518799305E-2,8.846593902E-1
1.323076042E0,6.030204266E-2,-1.028079383E0,3.187656391E-1,1.078051523E0
1.333045042E0,2.596688537E-1,-5.672895536E-1,-3.229487371E-1,7.025249021E-1
1.343014042E0,2.932725097E-1,1.315871444E0,-1.540314478E-1,1.356927451E0
1.352984042E0,4.223091571E-1,1.119998783E0,3.427111566E-1,1.245067562E0
1.362953042E0,6.172535728E-1,5.081774193E-1,1.164947791E0,1.412922368E0
1.372923042E0,-2.656697050E-1,8.187025774E-1,1.146150162E0,1.433357770E0
1.382892042E0,-5.727441287E-1,2.835928828E0,-1.745645887E0,3.379024669E0
1.392861042E0,-3.242292043E-1,2.087799512E0,-1.794336821E0,2.771944445E0
1.402831042E0,-1.069685977E-1,6.420619932E-1,1.549239668E0,1.680425372E0
1.412800042E0,-2.596217106E-1,2.009421971E0,6.969120920E-2,2.027322608E0
1.422770042E0,-1.417115983E0,4.160567879E0,-1.613653765E0,4.682138534E0
1.432739042E0,-4.296925094E-1,2.335012188E0,-9.394516736E-1,2.553328616E0
1.442708042E0,-8.853842977E-2,1.035292801E0,-2.965397877E-1,1.080558227E0
1.452678042E0,-3.212975565E-1,3.487898635E0,-1.315948042E0,3.741709270E0
1.462647042E0,-3.475030960E-1,4.642604736E0,-1.087323080E0,4.780879481E0
1.472617042E0,6.602639370E-2,2.112222162E0,4.076210976E-2,2.113646966E0
1.482586042E0,-2.978058926E-1,1.130334906E0,8.867916495E-1,1.467223493E0
1.492555042E0,-7.589000331E-1,3.225484660E0,-1.037629348E0,3.472226262E0
1.502525042E0,-1.402881813E0,3.154576645E0,-1.453801998E0,3.746060790E0
1.512494042E0,-1.320949604E0,4.897543046E-1,6.924769789E-1,1.569806199E0
1.522463042E0,-1.436856768E-1,2.994019997E-1,3.810513496E-1,5.054574781E-1
1.532433042E0,3.480657443E-1,1.596177314E0,-1.058523788E0,1.946639256E0
1.542402042E0,1.136569792E0,6.873334756E-1,-2.202979428E-1,1.346383817E0
1.552372042E0,1.205884733E0,-6.113693735E-1,1.538684859E0,2.048287478E0
1.562341042E0,1.496387709E0,-1.776442880E0,6.759252656E-1,2.419049492E0
1.572310042E0,1.546867160E0,-2.425059602E0,1.281961101E-1,2.879261420E0
1.582280042E0,1.329223707E0,-2.934183100E0,2.777458425E0,4.253297713E0
1.592249042E0,2.483639932E0,-6.346658501E-1,2.742289762E0,3.753854178E0
1.602219042E0,1.778408421E0,-2.275877835E0,6.410413617E-1,2.958596028E0
1.612188042E0,2.051046838E0,-3.270207089E0,9.403603309E-1,3.973075017E0
1.622157042E0,1.506711991E0,-2.909707533E0,1.710269063E0,3.696160064E0
1.632127042E0,2.783438738E-1,-1.115095600E0,2.328928453E-1,1.172669001E0
1.642096042E0,-4.796953030E-1,-1.228721326E0,6.245756024E-1,1.459437687E0
1.652066042E0,-1.303436554E-1,-1.703788302E0,7.977256912E-1,1.885802302E0
1.662035042E0,-9.018716186E-2,-1.569801109E0,1.317342603E-1,1.577898337E0
1.672004042E0,-7.234961838E-2,3.315128615E-1,-7.142064017E-1,7.907123553E-1
1.681974042E0,1.290903139E-1,6.777168524E-1,-1.053999213E0,1.259713770E0
1.691943042E0,4.525967840E-1,1.677972552E-1,-6.878313661E-1,8.403045614E-1
1.701913042E0,1.264872175E0,7.063535911E-1,-1.175033069E-1,1.453493736E0
1.711882042E0,1.477456471E0,1.555531564E0,1.185815334E-1,2.148631576E0
1.721849792E0,1.293727746E0,1.577645441E0,1.026250666E0,2.283831659E0
1.731819792E0,8.987424081E-1,1.634674797E0,-5.172996604E-1,1.935845693E0
1.741788792E0,1.277000470E0,2.950120271E0,-2.690616748E0,4.192058957E0
1.751758792E0,1.625407253E0,1.184343883E0,-1.459600682E0,2.484965457E0
1.761727792E0,1.499283835E0,-8.795849562E-2,-1.741721821E-1,1.511927466E0
1.771696792E0,1.154221805E0,7.577517861E-1,-6.139330852E-1,1.511069018E0
1.781666792E0,1.036649793E0,1.908968853E0,-1.213083825E0,2.488046873E0
1.791635792E0,-4.342854607E-1,1.546690866E-1,-7.089111632E-1,8.456248726E-1
1.801604792E0,6.344894104E-1,-1.207883311E0,-1.268261075E-2,1.364448516E0
1.811574792E0,1.633803416E0,7.975084671E-1,3.792621017E-1,1.857194955E0
1.821543792E0,7.896262743E-1,9.025917032E-1,4.237880641E-1,1.271918928E0
1.831513792E0,6.572343484E-1,-1.406038433E0,1.211616173E0,1.968988272E0
1.841482792E0,7.953020934E-1,-1.693918494E0,1.395707572E0,2.334494573E0
1.851451792E0,5.832587015E-1,7.347321752E-1,5.607941741E-1,1.092937413E0
1.861421792E0,-1.542108477E-1,-2.858519545E-1,-1.817934430E-1,3.722112053E-1
1.871390792E0,3.622555480E-1,-1.160703590E0,4.526966983E-1,1.297457593E0
1.881360792E0,5.697302545E-1,-1.971432611E-1,1.030735481E-1,6.116225835E-1
1.891329792E0,3.856282942E-1,-8.686500782E-1,-3.969376498E-1,1.029961959E0
1.901298792E0,5.849098090E-1,-1.305627414E0,-5.764881009E-1,1.542439937E0
1.911268792E0,5.625105146E-1,9.778269500E-2,-2.299833292E0,2.369644004E0
1.921237792E0,5.588281209E-1,1.296576217E0,-2.183936216E0,2.600572273E0
1.931207792E0,6.985839571E-1,-7.759518296E-1,-9.604332376E-1,1.418644702E0
1.941176792E0,1.326104802E0,-1.772137867E0,2.058483034E-1,2.222926020E0
1.951145792E0,1.502869347E0,1.388251787E-1,5.870926112E-1,1.619433987E0
1.961115792E0,8.357527658E-1,6.724221987E-1,5.805402213E-1,1.219697195E0
1.971084792E0,5.242194382E-1,2.071952096E-1,3.416288370E-1,6.591252813E-1
1.981054792E0,9.222962353E-1,1.632106993E-1,-1.320297201E0,1.618781263E0
1.991023792E0,7.398639840E-1,2.552373952E-1,-1.015191827E0,1.281857749E0
2.000992792E0,5.237735514E-1,-9.235528019E-1,-4.505870229E-1,1.153393765E0
2.010962792E0,4.704752671E-1,-7.182801569E-1,-9.128632146E-1,1.253232863E0
2.020931792E0,4.879208370E-1,5.348109019E-1,-8.267436683E-2,7.286456580E-1
2.030900792E0,5.144690964E-1,-7.979174799E-1,1.122639678E0,1.470262086E0
2.040870792E0,5.028792207E-1,-1.497692661E0,8.524901283E-1,1.795190863E0
2.050839792E0,3.992533665E-1,-9.838589376E-1,1.579459248E0,1.903174499E0
2.060809792E0,5.045547768E-2,1.115261368E0,1.165847678E0,1.614173003E0
2.070778792E0,-3.415589628E-1,-5.964034250E-1,1.202964633E0,1.385454250E0
2.080747792E0,1.564217164E-1,-1.212083658E0,1.225585172E0,1.730801422E0
2.090717792E0,5.604666204E-1,1.513332209E0,1.949695587E-1,1.625518482E0
2.100686792E0,2.458844083E-1,7.235084447E-1,6.763024110E-1,1.020445277E0
2.110656792E0,5.332537153E-1,1.239831913E-1,6.324927324E-1,8.365275926E-1
2.120625792E0,3.690268065E-1,2.620923784E-1,1.674695773E0,1.734785038E0
2.130594792E0,-5.163584780E-2,1.114336047E-1,6.017597669E-1,6.141649014E-1
2.140564792E0,-7.532058683E-1,1.121858490E-1,-9.127679050E-2,7.669655776E-1
2.150533792E0,-3.845936660E-1,6.498627636E-1,-8.906373632E-1,1.167676673E0
2.160503792E0,-1.223586447E0,1.337705239E0,9.578207016E-2,1.815431989E0
2.170472792E0,-9.344632678E-1,9.047423092E-1,2.759213358E-1,1.329628831E0
2.180441792E0,-1.469943822E0,-1.497340366E-1,-7.255809903E-3,1.477568194E0
2.190411792E0,-9.684088397E-1,-3.071937069E-1,1.330692381E0,1.674194095E0
2.200380792E0,-7.779812519E-1,9.653571779E-1,2.053787720E-1,1.256721826E0
2.210350792E0,-1.443170299E0,-2.708015138E-1,3.828312421E-1,1.517443156E0
2.220319792E0,-8.478101631E-1,-3.100190815E-1,-9.203166604E-2,9.073939227E-1
2.230288792E0,-1.635276330E0,1.526625853E0,-1.611375105E0,2.757035527E0
2.240258792E0,-1.484173460E0,-3.120428029E-1,-7.121990526E-1,1.675520534E0
2.250227792E0,-9.481526960E-1,-1.781960605E0,-8.248427385E-1,2.180537245E0
2.260196792E0,-8.447644946E-1,-1.695298437E0,3.253741622E-1,1.921856443E0
2.270166792E0,-7.610271040E-1,4.082321316E-1,7.945167392E-1,1.173487356E0
2.280135792E0,-6.186200671E-1,4.799181184E-1,2.910556841E-1,8.352997061E-1
2.290105792E0,-6.760205752E-1,-2.071928707E-1,-5.512825084E-1,8.965740950E-1
2.300074792E0,-1.407321604E0,-7.296126455E-1,-1.148480862E0,1.957523180E0
2.310043792E0,-1.745304848E0,3.349899083E-1,-2.152766463E0,2.791542709E0
2.320013792E0,-1.474863231E0,4.413346812E-1,-1.767433197E0,2.343889494E0
2.329982792E0,-1.187719772E0,-8.429638445E-3,-2.210167410E0,2.509101292E0
2.339952792E0,-1.113929738E0,9.502456337E-2,-1.623139703E0,1.970901221E0
2.349921792E0,-4.766904919E-1,-1.264632001E0,-1.024480714E0,1.695903492E0
2.359890792E0,-5.112879188E-1,-1.158927790E0,-5.957342112E-1,1.399795774E0
2.369860792E0,-5.977030418E-1,7.921693745E-1,-4.137811393E-1,1.075172579E0
2.379829792E0,-6.823035546E-1,1.323169354E-1,1.572041470E-1,7.125721408E-1
2.389799792E0,3.641873219E-1,-1.502640867E0,9.354381448E-1,1.807098919E0
2.399768792E0,5.925303390E-1,-1.050914514E0,3.000592268E0,3.234048156E0
2.409737792E0,1.963229151E-2,2.101344295E0,2.002155637E0,2.902526566E0
2.419707792E0,2.604827496E-1,4.420027256E-1,1.614879341E0,1.694418177E0
2.429676792E0,3.304969078E-1,-6.510301602E-1,9.050881720E-1,1.162864169E0
2.439645792E0,1.573013204E-1,3.873011461E-1,9.424659133E-1,1.031013036E0
2.449615792E0,-5.808294210E-2,7.440581918E-4,1.039008121E0,1.040630606E0
2.459584792E0,-3.575008115E-1,-2.616126144E-1,1.479468352E0,1.544368672E0
2.469554792E0,-6.455481762E-1,5.785407659E-1,6.846142280E-1,1.104598799E0
2.479523792E0,-1.283658712E-1,6.416494721E-1,1.181441617E-1,6.649435201E-1
2.489492792E0,-1.170507324E-1,-3.113908383E-1,4.015522724E-1,5.214492839E-1
2.499462792E0,-9.685408406E-1,-1.422995943E-1,-4.899990106E-1,1.094723511E0
2.509431792E0,-8.297046252E-1,7.424531311E-1,-5.730768353E-1,1.252223413E0
2.519401792E0,5.038947724E-2,-7.941088960E-1,3.012181449E-1,8.508116177E-1
2.529370792E0,-4.280543023E-1,-9.374978265E-1,1.286333649E0,1.648267854E0
2.539339792E0,-1.063504958E0,6.593972334E-1,1.827246121E0,2.214650287E0
2.549309792E0,-9.909435703E-1,4.267043629E-1,1.007958822E0,1.476491368E0
2.559278792E0,-4.508787990E-1,-5.325348732E-1,-1.264109552E-2,6.978860077E-1
2.569248792E0,1.342152065E-2,-1.106286770E0,-9.254095852E-2,1.110231680E0
2.579217792E0,2.376504323E-1,-5.097222537E-2,-9.804160970E-1,1.010094856E0
2.589186792E0,3.591811551E-1,9.417525530E-2,-1.062378858E0,1.125401670E0
2.599156792E0,2.390209100E-1,-5.692466167E-1,-1.075183675E0,1.239835732E0
2.609125792E0,4.201809533E-1,-4.167424616E-1,-9.869649786E-1,1.150793718E0
2.619094792E0,3.169974411E-1,-6.262432283E-1,-1.075398268E0,1.284192117E0
2.629064792E0,-6.271124169E-2,-3.577686140E-1,-1.089954911E0,1.148883280E0
2.639033792E0,-3.387613259E-1,6.737074167E-2,-9.679147500E-1,1.027695001E0
2.649003792E0,1.973861033E-1,-3.272160351E-1,-2.458415043E-1,4.543893184E-1
2.658972792E0,7.453061338E-1,-8.930423230E-2,-5.889912021E-1,9.541316026E-1
2.668941792E0,7.642507470E-1,-1.585133386E-1,6.301392281E-1,1.003135649E0
2.678911792E0,4.926339487E-1,7.841122037E-1,1.442513364E0,1.714165966E0
2.688880792E0,6.041816837E-1,1.109423216E0,3.613895023E-1,1.313947393E0
2.698850792E0,5.756247960E-1,3.419381547E-1,-4.627322745E-1,8.138714673E-1
2.708819792E0,6.875876833E-1,1.959869742E-2,-4.950393105E-1,8.474814748E-1
2.718788875E0,5.537186046E-1,1.543364093E0,-1.564351212E0,2.266224113E0
2.728758875E0,6.508506507E-1,9.913550681E-1,-1.226448221E0,1.706038299E0
2.738727875E0,3.243374509E-1,-9.000396860E-1,-5.871633625E-1,1.122509257E0
2.748697875E0,3.019098340E-2,4.308503312E-1,-5.362411308E-1,6.885477861E-1
2.758666875E0,3.276478520E-1,8.839975575E-1,-1.776208699E-1,9.593508065E-1
2.768635875E0,7.127086374E-1,-8.031150699E-2,7.828351718E-1,1.061712977E0
2.778605875E0,1.051849703E0,-1.310571527E-1,1.039929058E0,1.484929703E0
2.788574875E0,7.735114941E-1,-2.404588500E-1,3.454230952E-1,8.806007068E-1
2.798544875E0,6.893671373E-1,-5.539359748E-3,-5.035645509E-1,8.537183325E-1
2.808513875E0,8.866808447E-1,5.132358456E-1,-7.456556511E-1,1.267129158E0
2.818482875E0,1.411025084E0,-3.809969705E-1,-1.248614430E-1,1.466881338E0
2.828452875E0,1.448828503E0,-1.690953371E0,-1.787417811E-1,2.233914940E0
2.838421875E0,9.450775722E-1,-1.243399299E0,5.271820396E-1,1.648373239E0
2.848390875E0,1.258169804E0,2.337947783E-1,1.560203782E0,2.017891745E0
2.858360875E0,1.355685281E0,-8.464096087E-1,1.650881817E0,2.297760341E0
2.868329875E0,1.092626797E0,-7.090380478E-1,7.652321291E-1,1.510678153E0
2.878299875E0,1.006300771E0,-6.725321263E-2,9.840097958E-1,1.409056249E0
2.888268875E0,8.908080288E-1,-4.612345102E-1,6.446602035E-1,1.192418968E0
2.898237875E0,1.027845714E0,-8.114672327E-1,4.983616984E-1,1.401181738E0
2.908207875E0,1.416037756E0,-8.898155370E-1,3.118244678E0,3.538415534E0
2.918176875E0,1.352428967E0,2.925125179E-1,1.948758278E0,2.390039019E0
2.928146875E0,1.560514269E0,-6.720731199E-2,2.501661050E-1,1.581867468E0
2.938115875E0,1.273844874E0,-3.150073412E-1,4.820883125E-1,1.397969788E0
2.948084875E0,1.093644943E0,3.379082537E-1,8.239370048E-2,1.147619262E0
2.958054875E0,5.775520383E-1,-5.164699405E-2,-6.084454733E-1,8.404996508E-1
2.968023875E0,5.717280288E-1,-9.599432409E-2,-1.441404732E0,1.553620111E0
2.977993875E0,1.027253610E0,3.968563735E-2,-3.834925622E-1,1.097219884E0
2.987962875E0,1.332668155E0,1.049098077E0,-8.557815260E-1,1.899729772E0
2.997931875E0,1.207561129E0,6.899509817E-1,-1.843126574E0,2.308972023E0
3.007901875E0,9.784102097E-1,1.465031576E-1,-5.815494508E-1,1.147584192E0
3.017870875E0,1.343945826E0,1.116384619E0,1.977002084E-2,1.747253804E0
3.027840875E0,1.167351508E0,4.151780391E-1,-6.259958911E-1,1.388147400E0
3.037809875E0,7.984726730E-1,-1.131738822E0,3.377708441E-1,1.425650909E0
3.047778875E0,7.632330392E-1,6.821063572E-1,2.928835237E-1,1.064694563E0
3.057748875E0,3.967673131E-1,7.097224644E-1,9.122825861E-3,8.131503571E-1
3.067717875E0,-5.713212088E-2,-1.173186518E0,2.287313819E-1,1.196640602E0
3.077686875E0,1.431564672E-1,-6.838251463E-1,7.765997010E-1,1.044613661E0
3.087656875E0,-1.543683570E-1,1.157668885E0,-4.499566931E-1,1.251594128E0
3.097625875E0,-1.148443221E0,-1.132050186E-2,-1.981401529E0,2.290196936E0
3.107595875E0,-9.737165035E-1,-8.777483457E-1,-1.393234200E0,1.913025751E0
3.117564875E0,-1.011793718E0,-8.556870934E-1,1.207163519E-1,1.330601130E0
3.127533875E0,-1.013943155E0,-1.796105897E0,3.997320342E-1,2.100919516E0
3.137503875E0,-1.218610722E-1,-2.301027586E0,1.184897321E0,2.591053789E0
3.147472875E0,5.734857749E-3,-9.895523715E-1,2.031479423E0,2.259680382E0
3.157442875E0,-2.064831101E-1,-9.198173082E-1,1.817607570E0,2.047534233E0
3.167411875E0,-4.111480650E-1,-1.489679637E0,1.017889733E0,1.850483088E0
3.177380875E0,-5.857821040E-1,-8.753521568E-1,7.023102415E-1,1.265946976E0
3.187350875E0,-8.305811960E-1,5.020314109E-1,-8.041687381E-1,1.260392010E0
3.197319875E0,-1.372348969E0,-6.640799761E-2,-7.517782706E-1,1.566180795E0
3.207288875E0,-9.797603318E-1,-9.559209412E-1,1.040219665E-3,1.368837549E0
3.217258875E0,-4.081317057E-1,5.031295180E-1,-2.171819615E-1,6.832853032E-1
3.227227875E0,-2.054053220E-1,1.039529401E0,-3.995402455E-2,1.060381557E0
3.237197875E0,2.709042786E-1,-6.841490820E-1,1.352552782E0,1.539755864E0
3.247166875E0,6.586194076E-1,4.753216222E-1,1.735501553E0,1.916161739E0
3.257135875E0,8.807714293E-1,1.775482475E0,5.372550380E-1,2.053470064E0
3.267105875E0,1.045888357E-1,6.659288657E-1,5.506223577E-1,8.703936233E-1
3.277074875E0,-4.151941555E-1,1.031798797E0,-2.339617163E-1,1.136544336E0
3.287044875E0,-6.611989067E-1,1.649338152E0,-1.457907329E0,2.298476477E0
3.297013875E0,-1.284885879E0,-5.483840436E-2,-1.118173574E0,1.704186349E0
3.306982875E0,-1.193505958E0,-3.053199667E-1,-2.841305927E0,3.096884907E0
3.316952875E0,-1.554515610E0,9.473740661E-1,-3.255379427E0,3.729816566E0
3.326921875E0,-1.377476831E0,-1.338140272E0,-7.771692199E-1,2.071727251E0
3.336891875E0,-7.388013987E-1,-2.110481154E0,6.106504583E-1,2.317941369E0
3.346860875E0,7.340145756E-1,-7.469160184E-1,1.658910044E0,1.961795981E0
3.356829875E0,7.125944705E-1,-7.613238502E-1,2.608817709E0,2.809507915E0
3.366799875E0,9.170190500E-1,-8.984623995E-1,1.606451749E0,2.056415776E0
3.376768875E0,6.991068444E-1,7.458503634E-2,-4.003676265E-1,8.090782063E-1
3.386738875E0,-5.426263269E-1,6.713878262E-1,-3.494103116E-1,9.312854072E-1
3.396707875E0,-1.238645366E0,-7.103168339E-1,-1.017126086E0,1.753093786E0
3.406676875E0,-8.984376951E-1,-1.682400356E0,-1.231993720E0,2.270565960E0
3.416646875E0,-6.777139471E-2,-1.432579529E-1,6.840540648E-2,1.726125796E-1
3.426615875E0,-1.368590433E-1,-1.502947846E-1,5.679423952E-1,6.032225827E-1
3.436584875E0,2.071963059E-1,-1.159116948E-1,-4.948796815E-1,5.488822545E-1
3.446554875E0,6.551229919E-1,3.824663758E-3,-6.137272632E-1,8.976981208E-1
3.456523875E0,-1.060623889E-1,8.150843203E-1,-6.423078686E-1,1.043154388E0
3.466493875E0,-1.441393476E-3,6.491321540E-1,-8.122326332E-1,1.039757896E0
3.476462875E0,6.004919627E-2,6.421435618E-1,-6.722403502E-1,9.315907623E-1
3.486431875E0,-2.870461547E-3,1.786162414E0,2.465782535E-1,1.803104335E0
3.496401875E0,7.687366395E-2,9.404147100E-1,1.932270885E-2,9.437493068E-1
3.506370875E0,-4.148355384E-1,-4.053117397E-1,7.008203709E-1,9.096786920E-1
3.516340875E0,-4.859118434E-2,1.115715405E0,6.896907806E-1,1.312575842E0
3.526309875E0,-3.331876868E-1,1.516384748E0,6.081519431E-1,1.667418821E0
3.536278875E0,-5.996200149E-1,1.055904821E-1,9.847968310E-1,1.157807545E0
3.546248875E0,-3.644934967E-1,7.192510870E-1,8.531099331E-1,1.173871455E0
3.556217875E0,-4.241904987E-1,1.215784069E0,6.181851804E-2,1.289143130E0
3.566187875E0,-1.626197102E-1,6.448484838E-2,-1.353347418E0,1.364607160E0
3.576156875E0,-2.739222824E-1,3.194863084E-1,-1.387993925E0,1.450390311E0
3.586125875E0,-3.380326532E-1,3.809560400E-1,-1.055280923E0,1.171755693E0
3.596095875E0,-4.086000676E-1,-1.487725205E0,-4.589807010E-1,1.609640825E0
3.606064875E0,-4.761388437E-1,-1.480648320E0,1.070544494E0,1.888145429E0
3.616034875E0,-4.347066430E-1,-5.218300831E-1,1.929560115E0,2.045599848E0
3.626003875E0,-4.540466011E-1,-1.165859372E0,2.185167055E0,2.518003465E0
3.635972875E0,5.035553598E-2,-1.237050392E0,2.362337104E0,2.667108162E0
3.645942875E0,3.800344457E-1,9.855908829E-1,1.675688630E0,1.980845262E0
3.655911875E0,-9.512270523E-2,-3.256785098E-1,5.729645687E-1,6.658852888E-1
3.665880875E0,-5.796761856E-1,-7.169642410E-1,-2.175444889E-1,9.473055513E-1
3.675850875E0,-4.169008481E-1,1.643760493E-1,-5.287262893E-1,6.930925564E-1
3.685819875E0,-9.716605494E-1,1.383807904E-1,-1.421841702E0,1.727688425E0
3.695789875E0,-1.111438166E0,-8.683033383E-1,-1.710781864E0,2.217209975E0
3.705758875E0,-1.337352214E0,-6.155261591E-1,-1.356413113E0,2.001809164E0
3.715727875E0,-1.056038868E0,-1.213276783E-1,-1.050391481E0,1.494409836E0
3.725697917E0,-5.945211698E-1,-3.270759943E-1,-1.452881062E0,1.603526585E0
3.735666917E0,-6.651551329E-1,-1.563943661E0,-5.297694325E-1,1.780170435E0
3.745636917E0,-2.867947450E-1,2.746755865E-1,2.814995795E-1,4.867647449E-1
3.755605917E0,-2.179225114E-1,1.120808622E0,-2.996873438E-2,1.142191014E0
3.765574917E0,-2.132527788E-1,-3.892207870E-1,-3.339134359E-1,5.553987319E-1
3.775544917E0,-1.819312180E-1,3.771500874E-1,-4.690636396E-2,4.213565752E-1
3.785513917E0,-2.721700729E-2,1.074983701E0,-2.186022502E-1,1.097322954E0
3.795483917E0,-8.740293704E-2,-3.088587016E-1,-7.592784941E-2,3.298454324E-1
3.805452917E0,-1.944893379E-1,3.389195296E-1,7.493738955E-1,8.451353651E-1
3.815421917E0,-2.087175687E-1,1.264473541E0,-1.460084832E-1,1.289873962E0
3.825391917E0,-4.580498608E-3,-1.515162680E-1,6.776665664E-1,6.944135192E-1
3.835360917E0,3.491448114E-1,3.207265028E-1,1.561472628E0,1.631859171E0
3.845330917E0,2.985268543E-1,8.656644899E-1,3.943198514E-1,9.969861769E-1
3.855299917E0,2.844941945E-1,-5.734881869E-1,6.302514946E-1,8.983554941E-1
3.865268917E0,6.797146998E-1,-6.234096676E-1,1.197238455E0,1.511301295E0
3.875238917E0,1.147182050E0,-1.309635973E-1,7.581207454E-1,1.381276650E0
3.885207917E0,9.726945564E-1,-9.958077228E-1,1.606616056E-1,1.401277943E0
3.895176917E0,8.376458019E-1,-1.315318005E0,-2.959451258E-2,1.559675536E0
3.905146917E0,8.695679449E-1,3.748883843E-1,-3.816097587E-1,1.020938646E0
3.915115917E0,4.333903617E-1,-8.524743408E-1,-4.071223301E-1,1.039369183E0
3.925085917E0,6.464619499E-2,-1.542798375E0,-1.188816125E0,1.948766209E0
3.935054917E0,3.302545407E-1,-9.002373219E-3,-1.524235804E0,1.559629408E0
3.945023917E0,4.712680399E-1,6.444216371E-3,-1.046927590E0,1.148125635E0
3.954993917E0,3.908674360E-1,-1.092636737E0,-1.583872726E0,1.963488020E0
3.964962917E0,4.440340118E-1,-7.062927800E-1,-9.830526066E-1,1.289344067E0
3.974932917E0,7.880785163E-1,-4.324235246E-1,9.353019047E-1,1.297246124E0
3.984901917E0,1.060146976E0,-1.082013516E0,8.096592736E-1,1.717618408E0
3.994870917E0,8.852905961E-1,-6.400853419E-1,1.102271487E0,1.551918527E0
4.004840917E0,9.312496381E-1,2.809666058E-1,1.876081481E0,2.113255745E0
4.014809917E0,8.214592472E-1,-2.271321684E-1,1.386477742E0,1.627484208E0
4.024779917E0,8.221147200E-1,-7.234102115E-1,8.077647758E-1,1.360764079E0
4.034748917E0,9.694858968E-1,8.041368708E-1,5.299144435E-1,1.366509542E0
4.044717917E0,5.262155680E-1,2.865042114E-1,-1.088190222E-1,6.089573603E-1
4.054687917E0,6.883330572E-1,-8.343900722E-1,-1.770045733E-1,1.096056481E0
4.064656917E0,1.053681855E0,5.784828785E-1,-2.599695468E-1,1.229826028E0
4.074626917E0,8.240288061E-1,1.110421920E0,-3.948355758E-1,1.438038750E0
4.084595917E0,6.643775994E-1,-4.509896037E-1,-2.526312912E-1,8.417908211E-1
4.094564917E0,4.796766284E-1,4.152201390E-1,7.453036487E-1,9.787619529E-1
4.104534917E0,2.626644919E-1,6.939054537E-1,6.651324749E-2,7.449304841E-1
4.114503917E0,2.176742605E-1,-2.620499861E-1,5.091930807E-1,6.126417161E-1
4.124473917E0,3.808926343E-1,2.684082484E-1,1.592467548E0,1.659239307E0
4.134442917E0,2.434247405E-1,1.858514691E0,-3.193047523E-1,1.901391066E0
4.144411917E0,6.599167585E-3,-4.595016879E-1,-4.562067819E-1,6.475414875E-1
4.154381917E0,-1.781853820E-1,-3.200798008E-1,1.885399604E-1,4.120053712E-1
4.164350917E0,-1.927400154E-1,1.360999669E0,-9.699384713E-1,1.682334524E0
4.174320917E0,-1.773106385E-1,-6.641527739E-1,-7.054402560E-1,9.849791492E-1
4.184289917E0,7.369733764E-2,-1.029504642E0,-6.390609097E-1,1.213964559E0
4.194258917E0,4.162397838E-1,8.488060901E-1,-8.741780359E-1,1.287600316E0
4.204228917E0,5.644336638E-1,-1.803076655E-2,-1.073876238E0,1.213309789E0
4.214197917E0,1.996802584E-1,-1.454814152E0,-1.035934825E0,1.797085803E0
4.224167917E0,7.403308842E-1,-2.861346674E-1,-3.843901098E-2,7.946322568E-1
4.234136917E0,1.121769466E0,1.216337800E-2,2.183870727E-1,1.142894394E0
4.244105917E0,6.264234687E-1,-6.747733641E-1,1.001936190E0,1.360735677E0
4.254075917E0,8.257050566E-1,4.736463949E-1,8.347309649E-1,1.266059055E0
4.264044917E0,8.215575535E-1,1.350183782E0,-2.177672678E-1,1.595423343E0
4.274014917E0,5.097913239E-1,-1.117636800E-1,-6.648167253E-2,5.261160774E-1
4.283983917E0,5.237516975E-1,-2.374261916E-3,3.623718345E-1,6.368946727E-1
4.293952917E0,4.865244488E-1,1.620481266E0,-1.134728796E0,2.037222377E0
4.303922917E0,3.322302418E-1,5.489377749E-1,-1.462376940E0,1.596952075E0
4.313891917E0,2.900781027E-1,-4.205177164E-1,-6.151744491E-1,7.996374543E-1
4.323861917E0,5.595617272E-1,1.245830863E0,-1.214338052E0,1.827517653E0
4.333830917E0,3.863147939E-1,-1.740376961E-1,-2.521231681E-1,4.930459731E-1
4.343799917E0,2.769910108E-1,-1.245669773E0,1.532559900E0,1.994281086E0
4.353769917E0,4.001278176E-1,2.276560789E-1,1.398434129E0,1.472259343E0
4.363738917E0,9.357958848E-2,-6.437746426E-1,1.613145057E0,1.739379172E0
4.373708917E0,-1.823426061E-1,-9.036199361E-1,2.524752874E0,2.687778803E0
4.383677917E0,-2.017600033E-1,5.584962183E-1,1.288150964E0,1.418435064E0
4.393646917E0,-2.422213835E-1,-6.657622200E-1,3.108526021E-1,7.736535869E-1
4.403616917E0,-3.497677592E-1,-5.389504382E-1,1.179976305E0,1.343558387E0
4.413585917E0,-5.203605317E-1,1.575348070E-1,4.455800521E-1,7.029465707E-1
4.423555917E0,-3.961718839E-1,-1.069993979E0,-1.141084135E-1,1.146673453E0
4.433524917E0,-3.999638398E-1,-1.889520137E0,9.356392890E-1,2.146084411E0
4.443493917E0,-5.333024664E-1,1.227026510E-1,4.531925422E-1,7.105286353E-1
4.453463917E0,-4.539215438E-1,-9.257206571E-1,1.053124470E-1,1.036385167E0
4.463432917E0,-4.134363363E-1,-1.780363438E0,3.053392625E-1,1.853066550E0
4.473402917E0,-2.873017351E-1,-4.055336416E-2,-5.022559440E-1,5.800412879E-1
4.483371917E0,-1.059711906E-2,-1.192524137E0,-5.534179115E-1,1.314723356E0
4.493340917E0,-1.576619840E-1,-1.932167974E0,9.275578523E-1,2.149068158E0
4.503310917E0,-6.238263548E-1,6.240002364E-2,5.586827445E-1,8.397496609E-1
4.513279917E0,-1.005732348E0,4.266318575E-1,-2.517395908E-1,1.121108879E0
4.523249917E0,-3.548949268E-1,1.741008461E-1,-2.166398077E0,2.202167601E0
4.533218917E0,-4.834809731E-1,2.350229859E-1,-1.169360100E0,1.287009207E0
4.543187917E0,-4.586470442E-1,7.559628305E-1,-4.062721449E-1,9.730847692E-1
4.553157917E0,-1.303423763E-1,1.441730422E-1,-3.181832564E-1,3.728479392E-1
4.563126917E0,3.518395008E-1,8.540706307E-2,1.013231256E0,1.075975362E0
4.573096917E0,7.166237868E-2,2.118543587E0,6.292954749E-1,2.211193167E0
4.583065917E0,-1.622285863E-1,1.435897532E0,4.547660279E-1,1.514903289E0
4.593035917E0,-4.574626542E-1,6.763591290E-1,4.496187240E-1,9.321430943E-1
4.603004917E0,-3.585185559E-1,1.807121174E0,-3.088715655E-1,1.868053569E0
4.612973917E0,-1.497957613E-1,2.365227968E-1,-1.361389679E-1,3.113127400E-1
4.622943917E0,1.254963319E-1,-4.605226117E-1,1.161303806E0,1.255570363E0
4.632912917E0,-1.791650830E-1,1.176576149E0,4.159504563E-1,1.260732463E0
4.642882917E0,-1.364951547E-1,5.452309325E-1,6.280248749E-1,8.428065855E-1
4.652851917E0,-4.820150030E-1,-6.941726714E-2,1.325335747E-1,5.047002760E-1
4.662820917E0,-1.052129420E0,8.187338600E-1,-6.914139551E-1,1.501783841E0
4.672790917E0,-5.860019593E-1,-1.082435392E0,-2.534557486E-1,1.256703820E0
4.682759917E0,-1.558813423E-1,-1.050329208E0,-3.848754287E-2,1.062530813E0
4.692729917E0,2.177034601E-1,5.139880899E-1,-5.782966447E-1,8.037447121E-1
4.702698917E0,2.248358937E-1,-1.080920086E0,-1.157298464E0,1.599462143E0
4.712667917E0,-1.926825299E-1,-2.444223851E0,-9.982495201E-1,2.647236086E0
4.722637500E0,-3.702134623E-1,-8.517028007E-1,-3.696516180E-1,9.995488918E-1
4.732606500E0,-5.124477505E-1,-1.218129095E0,4.497578877E-1,1.395966814E0
4.742576500E0,-2.694554117E-1,-1.548571039E0,2.209960418E0,2.711937228E0
4.752545500E0,2.053971907E-1,6.854959881E-1,2.028804907E0,2.151311717E0
4.762514500E0,3.184404973E-1,1.407445273E-1,1.476941770E0,1.517422276E0
4.772484500E0,4.432490231E-1,-2.561305574E-1,8.423931563E-1,9.857478322E-1
4.782453500E0,4.844072817E-2,9.865983582E-1,-6.321489161E-1,1.172746808E0
4.792423500E0,-4.941856901E-1,9.781426996E-1,-1.820031826E0,2.124499584E0
4.802392500E0,-7.549082851E-1,1.525901091E-1,-3.163380505E0,3.255786615E0
4.812362500E0,-7.699776562E-1,7.782524166E-1,-2.214033589E0,2.469916425E0
4.822331500E0,-1.939682413E-1,-3.782096028E-2,-1.237763168E0,1.253439972E0
4.832300500E0,-2.920696826E-1,-1.709294040E0,-9.126924759E-1,1.959591378E0
4.842270500E0,-4.432862808E-2,2.268748909E-2,-8.374516743E-1,8.389309008E-1
4.852239500E0,-2.347237547E-1,9.114104739E-1,-9.822269797E-2,9.462621155E-1
4.862209500E0,-7.016174195E-1,5.724424124E-4,1.857321274E-1,7.257849228E-1
4.872178500E0,-6.225235952E-1,3.477283600E-1,7.110892510E-1,1.007024608E0
4.882147500E0,-5.774669248E-1,1.893062380E-1,7.574366212E-1,9.710896643E-1
4.892117500E0,-5.202928867E-1,-5.268440706E-1,-1.947590590E-1,7.656372860E-1
4.902086500E0,-3.826368953E-1,1.018922351E0,7.925088054E-1,1.346359520E0
4.912056500E0,-1.586564674E-1,-2.035032776E-1,1.304270568E0,1.329551493E0
4.922025500E0,-1.320386536E-1,-1.224779425E0,-9.181298018E-2,1.235292868E0
4.931994500E0,-1.615296979E-1,1.728118274E-1,2.834706759E-1,3.692037311E-1
4.941964500E0,-4.627103475E-1,-3.483236066E-1,1.270395893E0,1.396186208E0
4.951933500E0,-4.167448371E-1,-1.211180556E0,9.329396296E-1,1.584616973E0
4.961903500E0,-4.811304655E-1,4.416486767E-1,6.737717360E-1,9.383541073E-1
4.971872500E0,-4.648608072E-1,1.596903831E-1,6.199978173E-2,4.954195812E-1
4.981842500E0,-4.956340088E-1,-1.518930041E0,-4.230606705E-1,1.652810295E0
4.991811500E0,-6.089947461E-1,-2.940047273E-1,-1.938644350E-2,6.765273200E-1
5.001780500E0,-7.213326958E-1,1.450226426E-2,-2.238243985E-1,7.553995863E-1
5.011750500E0,-5.899991159E-1,-1.293059409E0,-6.945474780E-1,1.581928504E0
5.021719500E0,-3.578529601E-1,-1.186403564E0,1.961945504E-1,1.254633197E0
5.031689500E0,-3.605600017E-1,9.356252557E-1,-3.664941216E-1,1.067574857E0
5.041658500E0,-4.684468315E-1,3.092881796E-1,-5.091714460E-1,7.578635585E-1
5.051627500E0,-5.379062351E-1,-7.400268289E-1,2.338933039E-1,9.442928057E-1
5.061597500E0,-6.690831462E-1,3.466779077E-1,-5.255208457E-1,9.187110467E-1
5.071566500E0,-6.467590615E-1,2.245146623E-1,-8.928405941E-1,1.125108192E0
5.081536500E0,-7.645773871E-1,-3.443711811E-1,8.797019005E-2,8.431541055E-1
5.091505500E0,-7.873562390E-1,1.310706013E-1,-2.980559707E-2,7.987475967E-1
5.101475500E0,-8.180329250E-1,-5.051070464E-1,-1.527438909E-1,9.734688957E-1
5.111444500E0,-3.774761427E-1,-1.095758273E0,4.259731686E-1,1.234758102E0
5.121413500E0,-8.444684062E-2,7.080250177E-1,5.387028086E-1,8.936617988E-1
5.131383500E0,-1.495817167E-1,3.212521675E-1,1.471709096E-1,3.837146358E-1
5.141352500E0,6.604280245E-2,-2.894020915E-1,-1.062807459E0,1.103483084E0
5.151322500E0,-7.839884620E-2,9.903309283E-1,-4.496918142E-2,9.944465566E-1
5.161291500E0,3.011212638E-1,6.064849019E-1,2.090210027E-1,7.086520524E-1
5.171260500E0,8.480566963E-1,-1.075694137E0,1.094429786E0,1.753309611E0
5.181230500E0,9.752065203E-1,1.003368465E0,9.591135210E-1,1.696371062E0
5.191199500E0,1.039013969E0,1.180303164E0,2.327121663E-1,1.589597603E0
5.201169500E0,4.137298665E-1,3.432309741E-1,-8.078688562E-1,9.703772425E-1
5.211138500E0,1.467596859E-1,2.522216937E-1,5.248694658E-2,2.964946336E-1
5.221107500E0,3.002770355E-1,3.431309867E-1,-6.040050977E-1,7.567875066E-1
5.231077500E0,4.861497885E-1,-1.261505494E0,-2.971484828E-1,1.384209142E0
5.241046500E0,2.557424119E-1,-3.038988009E-1,2.441241771E-1,4.662137667E-1
5.251016500E0,3.751629842E-1,3.971449336E-1,2.621710235E-1,6.059744290E-1
5.260985500E0,2.078049280E-1,1.881756788E-1,-3.487039679E-1,4.474231012E-1
5.270955500E0,-1.959936254E-1,-7.084428012E-2,1.386597025E0,1.402171075E0
5.280924500E0,-5.867528880E-1,-4.026512566E-1,5.320428300E-1,8.885249343E-1
5.290893500E0,-1.567615858E-1,-1.177129880E0,1.963899643E0,2.295018684E0
5.300863500E0,-4.254981920E-1,2.370022684E-1,1.927314200E0,1.987903119E0
5.310832500E0,-9.847931034E-1,1.406843010E-1,6.735969043E-1,1.201391826E0
5.320802500E0,-1.087947562E0,2.820778692E-1,4.219877064E-2,1.124712656E0
5.330771500E0,-1.610606342E0,1.343560349E0,-5.796128529E-1,2.176041879E0
5.340740500E0,-1.445612388E0,1.032992214E0,-2.408787970E0,2.993180177E0
5.350710500E0,-1.566647560E0,-7.530640733E-1,-2.531721001E0,3.071009818E0
5.360679500E0,-1.925730628E0,7.548463047E-2,-1.495714256E0,2.439528133E0
5.370649500E0,-1.442489390E0,3.561404568E-1,-1.416587979E0,2.052884110E0
5.380618500E0,-8.305397538E-1,-7.957636580E-1,-1.710007108E0,2.060863991E0
5.390587500E0,-6.284986456E-1,-3.324346751E-1,2.066207206E-1,7.404157500E-1
5.400557500E0,-4.475647433E-1,-2.907788184E-1,8.269325334E-1,9.842174229E-1
5.410526500E0,-7.260803425E-1,-1.589678719E0,2.267088300E0,2.862509468E0
5.420496500E0,-1.268179214E0,4.523446959E-1,2.218592663E0,2.595197034E0
5.430465500E0,-1.495264312E0,1.253008321E0,-9.980004287E-1,2.191312408E0
5.440434500E0,-1.084055656E0,-7.388623559E-1,-1.894952785E0,2.304764696E0
5.450404500E0,-6.217769788E-1,-1.980720913E-1,-7.570980674E-1,9.995182082E-1
5.460373500E0,-3.353329206E-1,-5.602299178E-1,-4.477797747E-1,7.917148824E-1
5.470343500E0,-4.529009489E-1,-1.152231851E0,1.396085302E0,1.865961329E0
5.480312500E0,-5.539674402E-1,4.078965014E-1,1.992564449E0,2.107978312E0
5.490281500E0,-4.353071520E-1,-7.880877256E-2,1.595721524E0,1.655907703E0
5.500251500E0,3.538360326E-3,-1.302228428E0,1.986669286E0,2.375429698E0
5.510220500E0,1.701929691E-1,1.802177645E0,1.083754524E0,2.109818423E0
5.520190500E0,1.204413591E-1,8.816735816E-1,3.503324175E-1,9.563405399E-1
5.530159500E0,2.998781641E-1,-2.667950016E-1,2.337886387E-1,4.645036208E-1
5.540129500E0,5.122710550E-1,1.358629208E0,-1.058781651E0,1.797029088E0
5.550098500E0,5.227576343E-1,3.076237696E-1,-1.972752913E0,2.063894857E0
5.560067500E0,8.484608851E-1,-2.909077495E-1,-1.379441203E0,1.645409136E0
5.570037500E0,1.435483695E0,1.462918977E0,-9.855815274E-1,2.274228731E0
5.580006500E0,1.537759537E0,7.127843589E-2,-5.160226285E-1,1.623596120E0
5.589976500E0,1.432922907E0,-8.390330538E-1,6.723303974E-1,1.791444302E0
5.599945500E0,1.845416489E0,1.211203360E0,9.006665075E-1,2.384067062E0
5.609914500E0,1.569081025E0,5.560465273E-1,9.483716011E-2,1.667392302E0
5.619884500E0,1.179822815E0,-5.843835962E-1,1.200027577E0,1.781446673E0
5.629853500E0,1.312074554E0,-1.050373355E-1,1.061000084E0,1.690648886E0
5.639823500E0,3.705338167E-1,-1.009791047E0,4.534352016E-1,1.167294628E0
5.649792500E0,-1.219859834E-2,-3.822900823E-1,1.001958409E0,1.072480846E0
5.659761500E0,4.308630489E-1,1.143783209E0,3.185036838E-2,1.222659987E0
5.669731500E0,-5.189077178E-1,-3.921952656E-1,-8.595114648E-1,1.077887890E0
5.679700500E0,4.851352600E-3,-4.249718329E-1,-3.932194054E-2,4.268147249E-1
5.689670500E0,4.530174912E-1,8.543817025E-1,-7.946067864E-1,1.251636084E0
5.699639500E0,4.796931468E-1,8.214753270E-3,-1.983362685E0,2.040563780E0
5.709608500E0,8.257932765E-1,-8.312287751E-1,-1.286282778E0,1.739942297E0
5.719579125E0,7.492478149E-1,-3.855817723E-1,-3.171804589E-1,9.003605027E-1
5.729548125E0,6.276831052E-1,-1.330047141E0,-6.972272569E-1,1.627617070E0
5.739517125E0,3.527590851E-1,-1.768453829E0,1.433941931E0,2.303922173E0
5.749487125E0,6.933040676E-1,2.612869245E-1,1.145284774E0,1.364044941E0
5.759456125E0,6.038563957E-1,-7.269430992E-1,1.435631191E0,1.718757031E0
5.769426125E0,6.173646699E-1,-2.035763678E-1,2.093818343E0,2.192409115E0
5.779395125E0,6.088880710E-1,1.105489502E0,4.614090496E-1,1.343781988E0
5.789364125E0,2.659093677E-1,-1.170714023E0,1.573581042E0,1.979251477E0
5.799334125E0,6.022286405E-1,-1.240820092E-1,8.403173947E-1,1.041253574E0
5.809303125E0,4.674962204E-1,1.425890315E-1,4.183489841E-1,6.433507756E-1
5.819273125E0,1.800110106E-1,-1.646103765E0,1.505447531E0,2.237953046E0
5.829242125E0,-1.165255245E-1,-7.830591202E-3,7.063611925E-2,1.364880118E-1
5.839211125E0,-5.161392074E-2,-5.807758641E-1,1.566843295E-1,6.037504288E-1
5.849181125E0,1.703817611E-1,-1.473928992E0,1.753780534E0,2.297225017E0
5.859150125E0,-1.008825781E-1,6.530445260E-1,6.065813810E-1,8.969868557E-1
5.869120125E0,-8.968981232E-1,6.841882583E-1,-1.718769161E0,2.055895728E0
5.879089125E0,-8.258506523E-1,-4.809364110E-1,-9.266854477E-1,1.331193093E0
5.889058125E0,-7.597950956E-1,4.503151274E-1,-1.112929791E-1,8.902013415E-1
5.899028125E0,-3.703582906E-1,5.836988872E-1,-6.008341527E-1,9.158991939E-1
5.908997125E0,3.404963775E-1,-1.416251180E-1,2.822334051E-1,4.643825493E-1
5.918966125E0,9.317952564E-1,1.121196585E0,7.535482228E-2,1.459795373E0
5.928936125E0,1.213878973E0,1.081974047E0,-2.209888498E0,2.743679495E0
5.938905125E0,6.201953070E-1,-2.052132958E-1,-2.700773361E0,2.778656414E0
5.948875125E0,1.958798971E-3,-1.091186920E-1,-1.314975650E0,1.319496755E0
5.958844125E0,-6.216690977E-1,-6.066135406E-1,-6.107866985E-1,1.061844078E0
5.968813125E0,-3.547757167E-1,-1.479722413E0,1.668576661E0,2.258227691E0
5.978783125E0,4.823097393E-1,6.121166477E-1,1.997962598E0,2.144566161E0
5.988752125E0,2.699337139E-1,1.445034099E-1,3.658234459E-1,4.770453217E-1
5.998722125E0,-3.621018393E-1,-1.118028271E0,-5.514093930E-1,1.298136077E0
6.008691125E0,-6.499355614E-1,5.047515357E-1,-6.731811672E-1,1.063185417E0
6.018660125E0,-9.172802013E-1,3.399372375E-1,-1.252246136E0,1.589050244E0
6.028630125E0,-1.282897971E0,-8.274160981E-1,-1.127741958E0,1.897958516E0
6.038599125E0,-1.088662969E0,-9.816948831E-2,7.897366405E-2,1.095929354E0
6.048568125E0,-9.489421432E-1,-3.815463164E-1,-1.425808454E-1,1.032665522E0
6.058538125E0,-1.106966289E0,-4.787758648E-2,1.016616209E0,1.503720434E0
6.068507125E0,-8.180167720E-1,-1.684927815E-1,1.810547057E0,1.993896162E0
6.078477125E0,-6.244137076E-1,-1.650607583E0,2.276994068E0,2.880815832E0
6.088446125E0,-5.444698443E-1,1.218100736E-1,1.676362229E0,1.766769772E0
6.098415125E0,-7.718948121E-1,5.857781571E-1,4.752722132E-1,1.079278151E0
6.108385125E0,-1.127303271E0,-6.002304277E-1,-1.505650429E0,1.974353678E0
6.118354125E0,-1.489354824E0,5.189137843E-1,-1.808896388E0,2.399907384E0
6.128323125E0,-1.100567900E0,-4.273352775E-1,-1.114813179E0,1.623783719E0
6.138293125E0,-3.049167646E-1,-1.677244574E0,-1.301529393E0,2.144784920E0
6.148262125E0,2.919084274E-1,3.985915348E-1,-1.067169482E-1,5.054446049E-1
6.158232125E0,3.726808412E-1,-2.111110899E-1,4.581948352E-1,6.272171941E-1
6.168201125E0,1.145924533E-2,-1.247331844E0,-5.374643683E-2,1.248541838E0
6.178170125E0,-1.175919105E-1,6.652222297E-1,8.989573663E-1,1.124487803E0
6.188140125E0,-5.313596559E-1,6.575120911E-1,1.044923165E0,1.344072042E0
6.198109125E0,-1.206991318E0,-6.236801013E-1,1.048631469E0,1.716226345E0
6.208078125E0,-1.005375887E0,1.558303437E-1,1.715721007E0,1.994683520E0
6.218048125E0,-5.828442436E-1,1.403649553E0,2.718423182E-1,1.543968175E0
6.228017125E0,-3.873589970E-1,7.536707219E-1,-2.020095479E0,2.190628287E0
6.237987125E0,-1.231941826E-1,9.282028002E-1,-1.829898418E0,2.055545053E0
6.247956125E0,4.338662519E-1,7.349669409E-1,-2.152810317E0,2.315817046E0
6.257925125E0,5.645933294E-1,-4.536331299E-1,-2.874157339E0,2.964005576E0
6.267895125E0,2.565629224E-1,8.070484918E-1,-1.455450329E0,1.683890573E0
6.277864125E0,7.718947390E-1,-1.978194916E-1,-4.438212097E-2,7.980750666E-1
6.287833125E0,6.726994298E-1,-1.484022748E0,-2.916708112E-1,1.655270341E0
6.297803125E0,4.513699651E-1,-4.863111717E-1,3.917500001E-1,7.705202552E-1
6.307772125E0,7.104272731E-1,-6.833515218E-1,1.011285303E0,1.412223133E0
6.317741125E0,8.416568457E-1,-1.012408845E0,2.974965091E0,3.253271462E0
6.327711125E0,1.239364135E0,1.130078505E0,1.994569459E0,2.606033042E0
6.337680125E0,1.168420891E0,3.013815746E-1,4.888155341E-1,1.301913537E0
6.347650125E0,8.239742808E-1,-1.711567730E-1,1.749953531E0,1.941794432E0
6.357619125E0,1.336477032E0,1.427840069E0,1.045949351E0,2.217861169E0
6.367588125E0,1.395748795E0,2.242129460E-1,-8.551389170E-1,1.652164856E0
6.377558125E0,6.027867207E-1,-7.451457739E-1,8.532900274E-2,9.622240351E-1
6.387527125E0,6.731854065E-1,-3.983737260E-2,-5.894706738E-1,8.956792300E-1
6.397496125E0,5.539796828E-1,-1.583797297E0,3.480099034E-1,1.713598045E0
6.407466125E0,6.711811271E-1,-1.392327004E0,1.514782026E0,2.164168011E0
6.417435125E0,1.067260990E0,-6.827273315E-1,4.054061723E-1,1.330231858E0
6.427404125E0,1.131647679E0,-1.103540040E0,-2.486358887E-1,1.600077152E0
6.437374125E0,7.058005907E-1,-3.488551185E-1,5.819002837E-1,9.790108823E-1
6.447343125E0,4.643738072E-1,-1.378083479E-1,3.631623781E-1,6.054098500E-1
6.457313125E0,5.640607942E-1,-1.215942236E0,-2.799179077E-2,1.340695208E0
6.467282125E0,3.115523677E-1,3.196728346E-1,2.707067889E-1,5.220514960E-1
6.477251125E0,1.860410066E-1,1.433672666E0,-9.524611437E-1,1.731245448E0
6.487221125E0,2.565514107E-1,3.867114544E-1,-3.090661608E0,3.125308553E0
6.497190125E0,3.421620300E-1,1.050896680E-1,-2.478193835E0,2.503909618E0
6.507159125E0,1.622945867E-2,-1.031580988E0,-1.070077302E0,1.486434715E0
6.517129125E0,6.048213325E-1,-2.227373134E0,9.745519245E-1,2.505344562E0
6.527098125E0,1.383515835E0,-4.044197470E-2,2.018900893E0,2.447797466E0
6.537067125E0,1.223487483E0,1.009653345E-1,7.887437832E-1,1.459188944E0
6.547037125E0,7.912802323E-1,-8.437368464E-1,1.985854184E0,2.298180392E0
6.557006125E0,8.826103786E-1,1.595009333E0,2.422666921E0,3.031892291E0
6.566976125E0,1.200568152E0,1.181409750E0,7.005332726E-1,1.824236758E0
6.576945125E0,7.040120736E-1,-7.276105589E-1,1.977852269E0,2.221924779E0
6.586914125E0,-1.630305319E-1,9.278914359E-1,3.687605023E-1,1.011704393E0
6.596884125E0,-2.709429068E-1,8.054337832E-1,-7.285361731E-1,1.119329529E0
6.606853125E0,-3.467845463E-1,9.961652800E-1,6.562856376E-2,1.056840525E0
6.616822125E0,-9.284423898E-1,2.612790307E-1,-3.417177147E-1,1.023251191E0
6.626792125E0,-6.065817464E-1,-1.371289600E0,1.867243999E-1,1.511040232E0
6.636761125E0,-2.212926272E-1,5.549384800E-1,8.521732092E-2,6.034808491E-1
6.646730125E0,5.323003267E-1,1.416987929E0,-8.637261379E-1,1.742762540E0
6.656700125E0,2.351124118E-1,-1.114859665E0,7.984723806E-2,1.142175774E0
6.666669125E0,-9.687853273E-2,-7.221460435E-1,-1.678139198E-1,7.476910257E-1
6.676639125E0,-1.281171910E-1,-3.981743360E-1,-4.450777763E-1,6.107790463E-1
6.686608125E0,4.248888390E-1,-6.834708050E-1,-1.315700120E0,1.542313092E0
6.696577125E0,1.651602523E-1,1.786470562E-2,-3.037254310E-1,3.461880906E-1
6.706547125E0,-3.706122424E-2,-1.315571482E0,-1.420124960E-1,1.323733133E0
6.716516125E0,4.372092513E-1,-1.732209570E0,-4.320004785E-1,1.838022399E0
6.726484500E0,-4.378493752E-1,-2.183180755E-1,3.413528484E0,3.448412906E0
6.736454500E0,6.336801192E-2,-1.272447681E0,6.017467861E0,6.150858320E0
6.746423500E0,6.683393803E-1,-5.684806314E-1,4.389648632E0,4.476478847E0
6.756392500E0,-3.674245963E-2,2.197585079E0,2.175649542E-1,2.208634125E0
6.766362500E0,-4.966780292E-1,9.507976109E-1,-6.816625535E-1,1.270971675E0
6.776331500E0,-1.860878574E-1,1.921839452E-1,-1.695068641E0,1.716048093E0
6.786300500E0,-6.186652368E-1,1.686361552E0,-4.477655659E0,4.824516780E0
6.796270500E0,-1.402709942E-1,-1.684553593E-1,-6.906120095E0,6.909598246E0
6.806239500E0,1.869376223E-1,-1.731684198E0,-5.680098136E0,5.941143886E0
6.816209500E0,-7.241627664E-2,5.066436946E-2,-2.241148882E0,2.242890837E0
6.826178500E0,4.450722215E-1,-8.445846927E-1,-6.592267871E-1,1.160169187E0
6.836147500E0,7.567848028E-1,-1.627160541E0,2.202715718E0,2.841184823E0
6.846117500E0,7.763166227E-1,-4.582413206E-1,3.065938411E0,3.195720724E0
6.856086500E0,1.370472597E0,5.171862245E-2,9.236022109E-1,1.653454263E0
6.866055500E0,-1.003702341E-1,1.923099819E0,-2.619271946E-1,1.943448727E0
6.876025500E0,-1.042248210E0,9.392645627E-2,-6.439819264E-1,1.228745796E0
6.885994500E0,2.669016037E-1,-2.427736165E0,2.367018970E0,3.401164235E0
6.895963500E0,-1.234289483E-1,6.044398382E-1,2.946114344E0,3.010011952E0
6.905933500E0,-7.955122277E-1,1.417796306E0,2.568553197E-1,1.645892076E0
6.915902500E0,-6.153195331E-1,1.636059710E-1,-1.097955657E0,1.269209071E0
6.925871500E0,-1.050888567E0,-8.503778216E-1,-5.268662900E-1,1.450895347E0
6.935841500E0,-5.947527561E-1,-2.510464618E0,2.383909822E-2,2.580064290E0
6.945810500E0,-4.038696336E-1,-1.073625977E0,2.535295404E0,2.782715617E0
6.955780500E0,-2.767192067E-1,8.868205932E-1,3.300229325E0,3.428489155E0
6.965749500E0,1.561128236E-2,-8.497890070E-1,1.549493437E0,1.767290293E0
6.975718500E0,3.210197772E-1,-9.828578943E-1,1.470170109E0,1.797349017E0
6.985688500E0,2.770678652E-1,1.887542316E0,2.466039813E-1,1.923641370E0
6.995657500E0,2.878199629E-2,7.127402124E-1,-4.366267955E-1,8.363432144E-1
7.005626500E0,1.178997024E-1,-7.356572047E-1,-5.627301872E-1,9.336793487E-1
7.015596500E0,2.378120530E-1,1.163166729E0,-1.559291616E0,1.959821869E0
7.025565500E0,3.095812713E-1,-1.197629634E-1,-1.422359766E0,1.460579006E0
7.035534500E0,4.785340094E-1,-3.744931126E-1,1.422411221E-1,6.240772599E-1
7.045504500E0,2.063056653E-1,-1.222962403E0,9.590392613E-1,1.567786775E0
7.055473500E0,1.221514687E-1,-2.936246291E0,4.222812366E-1,2.968970310E0
7.065443500E0,5.577142629E-1,-1.415263877E0,9.851330459E-1,1.812320104E0
7.075412500E0,4.039590595E-1,-1.262627867E0,9.280753309E-1,1.618250868E0
7.085381500E0,1.375906122E-1,-1.346037814E0,1.058132610E0,1.717670979E0
7.095351500E0,-2.720947717E-1,8.458085150E-2,6.656441063E-1,7.240659925E-1
7.105320500E0,-5.636759743E-1,6.503629929E-1,-7.464970654E-1,1.139280692E0
7.115289500E0,-6.780173262E-1,-6.581716570E-1,-3.506545991E-1,1.007896856E0
7.125259500E0,-3.447991608E-1,5.542376912E-1,-5.625635415E-1,8.617097062E-1
7.135228500E0,-7.790396710E-1,1.566194839E0,-1.840823940E0,2.539390057E0
7.145197500E0,-7.259360625E-1,-5.435483962E-2,-1.816828721E0,1.957244036E0
7.155167500E0,-6.830265080E-3,-2.305498660E-1,-1.173439118E0,1.195892661E0
7.165136500E0,1.078107795E-1,-1.835829833E-1,-1.607123010E0,1.621163238E0
7.175106500E0,5.393035004E-1,-3.179777268E-1,-9.877409041E-1,1.169440120E0
7.185075500E0,4.234963246E-1,1.320408298E0,-4.232091898E-1,1.449804549E0
7.195044500E0,-1.865740168E-1,4.920180541E-1,8.739716291E-2,5.334134357E-1
7.205014500E0,-2.035227379E-1,-1.054390976E0,1.322603928E0,1.703655771E0
7.214983500E0,-4.245981228E-2,4.945282638E-1,6.957368016E-1,8.546407061E-1
7.224952500E0,-2.034815150E-1,7.653642762E-1,-2.112844598E-1,8.196513437E-1
7.234922500E0,7.754204638E-2,1.576213458E-1,9.119142115E-1,9.286790548E-1
7.244891500E0,-2.229649126E-1,1.752308789E0,1.056100702E0,2.058069032E0
7.254860500E0,-8.178365316E-1,-2.242202550E-2,1.151105093E0,1.412233081E0
7.264830500E0,-9.274232201E-1,-8.083079821E-1,1.525281286E0,1.959581237E0
7.274799500E0,-7.292999656E-1,-1.086200122E0,-7.129451573E-2,1.310264116E0
7.284768500E0,-7.360558386E-1,-8.367614105E-1,-5.301074016E-1,1.234083349E0
7.294738500E0,-6.013754587E-1,-5.527957678E-3,6.395327801E-1,8.778867680E-1
7.304707500E0,-1.109162284E0,-1.311851483E0,3.839755422E-1,1.760293300E0
7.314677500E0,-8.308470981E-1,-1.920104875E0,1.331594607E0,2.479970530E0
7.324646500E0,-5.643063772E-1,6.873887318E-1,8.837873501E-1,1.253804226E0
7.334615500E0,3.371506372E-1,-3.122062325E-1,-1.699083924E-1,4.899103445E-1
7.344585500E0,3.545865958E-1,-1.181368819E0,2.712371314E-1,1.262906775E0
7.354554500E0,1.003390885E-1,5.751040649E-1,6.092740238E-2,5.869623212E-1
7.364523500E0,-3.118295896E-2,2.821375108E-1,-1.838747594E0,1.860528598E0
7.374493500E0,-4.017346325E-1,-6.623269808E-1,-1.013058178E0,1.275286092E0
7.384462500E0,-5.784699415E-1,7.619252363E-1,-3.229879135E-1,1.009692394E0
7.394432500E0,-7.643261030E-2,-4.849543253E-1,-6.271711814E-1,7.964711748E-1
7.404401500E0,-1.921747952E-2,-3.977641538E-1,3.643294823E-1,5.397421655E-1
7.414370500E0,-2.150632412E-2,1.317149060E0,-2.463490427E-1,1.340161192E0
7.424340500E0,-6.065773610E-2,1.848187923E-2,-2.583317417E-1,2.660004315E-1
7.434309500E0,-3.106422485E-1,-2.240998024E-1,6.352590501E-2,3.882716428E-1
7.444278500E0,-3.291656796E-1,7.300620040E-1,-1.238701646E0,1.475032997E0
7.454248500E0,-2.309877493E-1,1.723171529E-1,-2.539870850E0,2.556167537E0
7.464217500E0,-2.340875959E-1,4.680646428E-1,-1.399154506E0,1.493825573E0
7.474186500E0,-5.425144440E-2,8.503143793E-1,-1.965141592E0,2.141905516E0
7.484156500E0,-2.238582941E-1,-1.060693690E0,-1.189515452E0,1.609388285E0
7.494125500E0,-1.872758472E-1,8.840931594E-2,-2.470863765E-1,3.223974683E-1
7.504095500E0,-2.065028261E-1,6.887493789E-2,6.001500285E-1,6.384099239E-1
7.514064500E0,2.331706611E-1,-1.149506756E0,3.424113699E0,3.619432132E0
7.524033500E0,4.099179935E-1,1.025878199E0,2.834503276E0,3.042181399E0
7.534003500E0,2.248973443E-1,1.547275588E-1,4.330471301E-1,5.119074622E-1
7.543972500E0,1.625306864E-1,2.770779151E-1,2.217883980E-1,3.903568733E-1
7.553941500E0,-6.090391302E-2,8.564714974E-1,-8.156509155E-1,1.184288448E0
7.563911500E0,2.934646821E-1,-1.961293832E0,-5.709268141E-1,2.063674500E0
7.573880500E0,4.822452737E-1,-5.529676759E-1,-4.679000437E-2,7.352027334E-1
7.583849500E0,4.864828605E-3,5.856199899E-1,-3.555007714E-1,6.850950574E-1
7.593819500E0,-1.514836149E-1,-1.516668630E0,1.154164356E-1,1.528578415E0
7.603788500E0,-5.979432893E-1,-2.177006096E-2,1.187278308E0,1.329526191E0
7.613758500E0,-1.965181207E-1,-5.741345966E-1,1.380528785E0,1.508015130E0
7.623727500E0,2.437623258E-1,-1.701998469E0,1.214218184E0,2.104885902E0
7.633696500E0,-2.761066195E-1,1.087447918E0,3.642891365E-1,1.179611976E0
7.643666500E0,-2.612481136E-1,1.646309879E-1,-6.329131472E-1,7.042250996E-1
7.653635500E0,-7.252615131E-1,-2.125429561E0,-2.071952096E0,3.055558961E0
7.663604500E0,-5.491588727E-1,-6.650190389E-1,-1.332875732E0,1.587571575E0
7.673574500E0,-3.705933121E-1,-1.046058694E0,-6.208123344E-1,1.271607703E0
7.683543500E0,-3.457710411E-1,-1.858291327E0,1.369033744E0,2.333893241E0
7.693513500E0,2.152997063E-1,7.618503919E-1,1.811287900E0,1.976748299E0
7.703482500E0,3.711227775E-1,4.014490691E-1,1.354912133E0,1.461054537E0
7.713451500E0,4.670954669E-1,1.851491600E-2,1.603218824E0,1.669979513E0
7.723422000E0,5.414479302E-1,1.253269984E0,4.155785733E-1,1.427079908E0
7.733391000E0,3.426945286E-1,-2.038549876E-1,5.992770392E-1,7.198120349E-1
7.743360000E0,9.342793728E-1,8.265697137E-1,2.290681815E-1,1.268293211E0
7.753330000E0,1.302082101E0,1.595018981E0,-6.177033699E-1,2.149665276E0
7.763299000E0,2.058498018E-1,-3.538062483E-2,6.083063096E-1,6.431659940E-1
7.773269000E0,4.907101782E-1,1.078421863E0,-8.518925428E-2,1.187875163E0
7.783238000E0,8.577486755E-1,7.111450920E-1,-6.465944624E-1,1.288233104E0
7.793207000E0,1.313367958E-1,-3.099550545E-1,1.808651975E0,1.839712873E0
7.803177000E0,-2.233263254E-1,1.722954305E0,-1.412886107E-1,1.743103169E0
7.813146000E0,-1.235651007E0,1.023218300E0,-2.161941329E0,2.692173734E0
7.823115000E0,-6.875445601E-1,-1.193247145E-1,-1.355246594E0,1.524352072E0
7.833085000E0,-1.149063574E-1,-1.599158225E0,-1.725790497E0,2.355602543E0
7.843054000E0,-9.647030937E-1,-1.601477815E0,-8.145212334E-1,2.039320497E0
7.853023000E0,-1.101261892E0,-6.976815856E-1,1.566815813E0,2.038246585E0
7.862993000E0,-1.328264471E0,4.684336022E-1,-1.921301508E-1,1.421488846E0
7.872962000E0,-8.307197750E-1,-1.397151834E0,-9.909983879E-1,1.903734855E0
7.882932000E0,-3.895325898E-1,-4.738399377E-1,-2.144729465E-1,6.498142580E-1
7.892901000E0,-1.273414847E-1,3.378515357E-1,9.719955218E-1,1.036887076E0
7.902870000E0,-4.482184255E-1,-1.700539004E0,4.629732968E0,4.952490284E0
7.912840000E0,-1.771105541E0,3.845640644E-1,3.017633393E0,3.520059041E0
7.922809000E0,-9.779735689E-1,7.019599932E-1,1.635296649E0,2.030609579E0
7.932779000E0,-5.532785285E-1,3.222570115E-1,1.608639193E-1,6.601847561E-1
7.942748000E0,9.460318012E-2,1.386295894E0,-1.655966556E0,2.161710272E0
7.952717000E0,7.717020001E-1,3.043630698E-1,-1.871539364E0,2.047149346E0
7.962687000E0,9.710138474E-2,6.689787734E-1,-2.197733890E0,2.299346762E0
7.972656000E0,1.956599504E-1,2.302365721E0,-2.785972556E0,3.619504637E0
7.982625000E0,6.599712107E-2,-3.209829032E-2,-2.680248465E0,2.681253019E0
7.992595000E0,1.820201505E-1,-8.619091156E-1,-1.828378142E0,2.029528341E0
8.002564000E0,1.143797681E0,-1.498826728E0,-7.284847176E-1,2.021248298E0
8.012534000E0,1.194225823E0,-1.563798065E0,9.196155792E-1,2.171942108E0
8.022503000E0,9.598257118E-1,-3.847912288E-1,1.944562901E0,2.202420161E0
8.032472000E0,5.945831868E-1,-1.688468304E0,2.167083955E0,2.810819676E0
8.042442000E0,5.717411850E-1,-4.866234130E-1,3.166916901E0,3.254697066E0
8.052411000E0,1.030845701E0,7.363781664E-1,2.407497489E0,2.720466839E0
8.062380000E0,1.013735578E0,-7.476477975E-1,1.689436018E0,2.107327956E0
8.072350000E0,1.049490133E0,9.064119816E-2,1.224373044E0,1.615157799E0
8.082319000E0,9.657129809E-1,-3.797903976E-1,9.659600258E-2,1.042196284E0
8.092289000E0,8.281050463E-1,-8.780345669E-1,1.092428868E0,1.627913849E0
8.102258000E0,1.279351197E0,1.093395706E0,8.653738832E-1,1.892386221E0
8.112227000E0,9.161136818E-1,-1.975016955E-1,-2.965204918E-1,9.829524911E-1
8.122197000E0,1.312220735E0,4.941578427E-1,-6.369687760E-1,1.540079365E0
8.132166000E0,1.929389669E0,2.342340796E0,-1.512326195E0,3.390609889E0
8.142135000E0,2.020979870E0,-1.444300273E-1,-1.536590971E0,2.542898244E0
8.152105000E0,1.971306896E0,-1.077881288E0,-8.698709768E-1,2.409264300E0
8.162074000E0,1.296726344E0,6.780475125E-1,-1.691272629E0,2.236437065E0
8.172044000E0,1.132134532E0,-3.916523516E-2,-2.572945626E0,2.811282929E0
8.182013000E0,1.569853880E0,4.414106950E-1,-1.445213608E0,2.178973837E0
8.191982000E0,1.114100842E0,-8.756407169E-1,-4.032748622E-1,1.473294935E0
8.201952000E0,1.047623555E0,-2.114902526E0,4.984149081E-1,2.412207542E0
8.211921000E0,1.224662042E0,-1.641619535E0,2.076705297E0,2.916747625E0
8.221890000E0,6.295505597E-1,-1.671284799E0,1.108016961E0,2.101720336E0
8.231860000E0,7.848641557E-1,-7.683232597E-1,1.401869953E0,1.780890715E0
8.241829000E0,1.092855130E0,-8.127390021E-1,2.641229410E0,2.971694772E0
8.251799000E0,6.294116883E-1,-2.151684436E0,5.571987212E-1,2.310059610E0
8.261768000E0,4.181941791E-1,-5.069936505E-1,1.217729437E0,1.383760787E0
8.271737000E0,2.655356941E-1,3.355760917E-1,3.920341748E-1,5.803544713E-1
8.281707000E0,-3.662234686E-1,-1.839175902E0,1.280078883E0,2.270526277E0
8.291676000E0,1.682828665E-2,-1.417104873E-1,2.212308660E0,2.216906552E0
8.301646000E0,7.191194516E-2,9.309796429E-1,1.193868120E0,1.515656792E0
8.311615000E0,-2.791916835E-1,-6.752554670E-1,7.205301654E-1,1.026197672E0
8.321584000E0,-3.137579739E-1,6.445622626E-1,3.331725937E-1,7.905115773E-1
8.331554000E0,-4.571244293E-1,1.273747225E0,-4.115656292E-1,1.414489662E0
8.341523000E0,-7.467559509E-1,-3.360979557E-1,-1.145374821E0,1.408009150E0
8.351492000E0,-8.828688987E-1,7.392345312E-1,-2.102596183E0,2.397255909E0
8.361462000E0,-6.071324079E-1,5.672439453E-1,-2.230317500E0,2.380061260E0
8.371431000E0,-2.055084706E-1,2.788537145E-3,-2.220974818E0,2.230464223E0
8.381401000E0,-5.293002666E-1,3.147348610E-1,-2.061807176E0,2.151805204E0
8.391370000E0,-2.278411981E-1,-5.140790141E-1,-1.452180566E0,1.557246685E0
8.401339000E0,-4.549212350E-1,-5.811021388E-2,-1.316220523E0,1.393831622E0
8.411309000E0,-6.233802854E-1,-2.716747954E-1,3.190808040E-1,7.511476114E-1
8.421278000E0,4.287539947E-1,-1.545265023E0,1.373461255E0,2.111414170E0
8.431247000E0,3.096807105E-1,-2.556148329E-1,1.063398612E0,1.136687157E0
8.441217000E0,6.724930231E-2,2.911074319E-1,4.998468912E-1,5.823340280E-1
8.451186000E0,-4.620017563E-2,-1.064181847E0,1.802228808E-2,1.065336689E0
8.461156000E0,-1.093722638E0,3.770837215E-1,2.868643999E-2,1.157257212E0
8.471125000E0,-6.711583961E-1,-2.480374262E-1,-6.850621247E-1,9.905989462E-1
8.481094000E0,-9.641552096E-1,-1.513637726E0,9.507923484E-2,1.797146208E0
8.491064000E0,-1.188372980E0,6.653643170E-1,-7.840648413E-2,1.364216841E0
8.501033000E0,-1.026236633E0,3.861550918E-1,-1.041584405E0,1.512341051E0
8.511003000E0,-1.254028221E0,-1.452751546E0,-1.590837929E0,2.492757339E0
8.520972000E0,-1.119063374E0,-1.130791281E0,-1.629993224E-1,1.599237486E0
8.530941000E0,9.836867737E-2,-1.149509388E0,1.297436927E0,1.736200106E0
8.540911000E0,2.019208931E-2,2.390911862E-1,2.404334146E0,2.416277095E0
8.550880000E0,3.155004077E-2,1.028318534E0,1.212801989E0,1.590384569E0
8.560849000E0,2.361952430E-1,-2.796351948E-1,6.256766331E-1,7.248829452E-1
8.570819000E0,-5.879810591E-1,9.985161531E-1,9.010793209E-1,1.467889702E0
8.580788000E0,-6.801387691E-1,1.483049186E0,-1.092610717E-2,1.631607494E0
8.590758000E0,-4.050804458E-1,-3.890561879E-2,7.012483871E-1,8.107731589E-1
8.600727000E0,-8.383973884E-1,6.590385067E-1,4.593636936E-1,1.161144667E0
8.610696000E0,1.081985686E-2,-1.051887783E-1,-1.690353447E0,1.693657735E0
8.620666000E0,2.914151599E-1,-5.769301504E-2,-7.483424467E-1,8.051507293E-1
8.630635000E0,-2.437482559E-1,7.877731454E-1,1.762151992E-1,8.432387191E-1
8.640605000E0,5.249189388E-2,-3.275177515E-1,7.875965595E-2,3.409198731E-1
8.650574000E0,2.043802320E-1,2.126272729E-1,1.143936991E0,1.181343928E0
8.660543000E0,-3.881105104E-1,1.201953065E0,-5.025670159E-1,1.359372849E0
8.670513000E0,1.788200424E-1,8.079419464E-2,-2.073621476E-1,2.854879502E-1
8.680482000E0,-7.049509171E-1,1.146098122E0,-6.341276139E-1,1.487485977E0
8.690451000E0,-8.919886547E-1,1.345389065E0,-2.022740175E0,2.587893605E0
8.700421000E0,-7.211629803E-1,-5.634435475E-2,-1.117988802E0,1.331596670E0
8.710390000E0,-1.510673480E0,4.837351808E-1,-7.425186199E-1,1.751418850E0
8.720360000E0,-1.327490885E0,7.987355053E-2,-8.487987810E-1,1.577679056E0
8.730328375E0,-5.925794922E-1,-8.406822610E-1,-9.487926006E-2,1.032908124E0
8.740297375E0,-1.141728790E0,-8.769078085E-1,-1.735798591E-1,1.450048931E0
8.750267375E0,-5.983018332E-1,-1.233588256E0,3.307185173E-2,1.371422187E0
8.760236375E0,8.371038381E-2,-1.614936644E-1,1.193689780E0,1.207469636E0
8.770205375E0,1.304267133E-1,-6.397233993E-1,5.943396503E-1,8.828911456E-1
8.780175375E0,1.993571083E-1,-2.165460768E0,1.196422184E-1,2.177906760E0
8.790144375E0,1.140724348E-1,5.717971721E-1,-1.314044774E-1,5.976886004E-1
8.800114375E0,-2.881241460E-1,8.994128644E-2,-4.378985649E-1,5.318459473E-1
8.810083375E0,-2.370718503E-1,-2.870567733E-1,3.877662921E-1,5.375568348E-1
8.820052375E0,-5.107374034E-1,9.126418975E-1,5.461603475E-1,1.179855522E0
8.830022375E0,-7.780753921E-1,-1.332404154E0,4.526838344E-1,1.607987810E0
8.839991375E0,-3.017040302E-1,1.255131152E-1,1.696001272E0,1.727194019E0
8.849961375E0,-2.670512193E-1,5.892528650E-1,1.485348896E0,1.620122414E0
8.859930375E0,2.835540079E-2,-1.655780907E0,2.726419834E0,3.189949773E0
8.869899375E0,3.493163176E-1,4.304389796E-1,2.162816073E0,2.232727697E0
8.879869375E0,4.764514504E-1,1.046014255E-1,5.310102117E-1,7.210542891E-1
8.889838375E0,7.997892467E-1,-1.242944678E0,1.338132378E0,1.993783482E0
8.899808375E0,8.468404754E-1,3.974492812E-1,-1.284212279E-1,9.442440012E-1
8.909777375E0,5.058935334E-1,-1.204945377E0,-1.131421026E0,1.728564482E0
8.919746375E0,4.100609579E-1,-7.790651795E-1,-3.769582987E-2,8.812000447E-1
8.929716375E0,9.212024222E-2,3.080310282E-1,-1.166320133E0,1.209823088E0
8.939685375E0,-1.106220111E-1,-1.157540538E0,-1.254502577E0,1.710530339E0
8.949654375E0,1.012865220E0,-5.201332211E-2,-9.294254529E-1,1.375657302E0
8.959624375E0,1.076845966E0,-2.135014316E-1,-1.062558367E0,1.527812285E0
8.969593375E0,4.420265165E-1,-5.965659776E-1,-1.504614887E0,1.677839195E0
8.979563375E0,5.806583351E-1,8.932820588E-1,-1.731452356E0,2.032988982E0
8.989532375E0,6.262522915E-1,4.012417853E-2,-1.584852719E0,1.704570334E0
8.999501375E0,1.077058585E-1,-1.288959926E0,-1.591414465E0,2.050760406E0
9.009471375E0,-6.054322204E-2,6.012656772E-1,-5.023337120E-1,7.858276239E-1
9.019440375E0,-2.424924750E-1,7.419318518E-1,-1.576725090E-1,7.963203459E-1
9.029410375E0,3.979910988E-2,-4.123418471E-1,1.538488392E0,1.593284752E0
9.039379375E0,3.754147799E-1,8.447723883E-1,1.858769045E0,2.075957371E0
9.049348375E0,6.326010521E-1,4.160293937E-2,1.113847804E0,1.281628584E0
9.059318375E0,1.034557367E0,7.188485062E-1,1.039668857E0,1.633390172E0
9.069287375E0,8.722127136E-1,6.458851951E-1,7.050514162E-2,1.087609157E0
9.079257375E0,4.488497420E-1,-3.740934554E-1,9.932098049E-1,1.152335767E0
9.089226375E0,4.465305901E-1,2.863232401E-1,1.258252396E0,1.365492460E0
9.099195375E0,-1.784047805E-1,-6.374500018E-1,1.470993397E0,1.613069231E0
9.109165375E0,-3.228727233E-1,5.040063080E-1,2.493056288E0,2.563903042E0
9.119134375E0,-5.873981648E-1,1.498023906E0,1.043623329E0,1.917879527E0
9.129103375E0,-6.590761482E-1,-5.830425373E-1,5.561941695E-1,1.040995641E0
9.139073375E0,-6.390264112E-1,8.844308361E-1,-3.204332650E-1,1.137211561E0
9.149042375E0,-8.357810517E-1,4.718071532E-1,-2.479028233E0,2.658328974E0
9.159012375E0,-4.002509746E-1,-9.840138888E-1,-2.819252568E0,3.012751105E0
9.168981375E0,-2.756344203E-1,-7.413836753E-1,-1.735575812E0,1.907314208E0
9.178950375E0,-1.024339358E-1,-2.543828246E0,-7.814528900E-1,2.663122880E0
9.188920375E0,-1.583042641E-1,-1.190000187E0,1.368427387E0,1.820371995E0
9.198889375E0,-5.720242268E-1,-1.155906826E-2,1.721419119E0,1.814009126E0
9.208859375E0,-8.041717348E-1,-1.716981667E0,1.509535904E0,2.423513332E0
9.218828375E0,-5.067079775E-1,-1.532099140E-1,1.588359879E0,1.674250088E0
9.228797375E0,-3.483231315E-1,2.348791444E-1,1.472420118E0,1.531181968E0
9.238767375E0,-5.726674845E-2,-7.636469489E-1,2.173758552E0,2.304704403E0
9.248736375E0,-2.037983610E-1,1.572725302E0,-5.018665195E-3,1.585882667E0
9.258706375E0,-6.680615188E-2,1.763540121E0,-2.844370453E0,3.347384067E0
9.268675375E0,4.331625395E-1,3.460376376E-1,-3.871031594E0,3.910531605E0
9.278644375E0,3.818918138E-1,9.117256388E-1,-3.834957197E0,3.960300708E0
9.288614375E0,1.798285410E-1,-2.734622893E-1,-1.287973208E0,1.328907413E0
9.298583375E0,-1.903331552E-1,4.067285201E-1,1.129933494E0,1.215896583E0
9.308552375E0,-3.459184275E-1,2.627911499E0,-1.084448004E-1,2.652798274E0
9.318522375E0,1.139405984E-1,1.547757983E0,-8.545518565E-1,1.771664785E0
9.328491375E0,1.218161839E0,8.471872884E-1,-6.652564359E-1,1.626102916E0
9.338461375E0,3.695018562E-1,-2.112432077E0,8.785435671E-1,2.317485642E0
9.348430375E0,-2.045928697E-1,2.800857228E-1,8.908016700E-1,9.559465830E-1
9.358399375E0,2.366073987E-2,1.933385656E0,-6.285154563E-1,2.033118689E0
9.368369375E0,1.632441746E-1,-3.824371397E-1,-1.350479359E0,1.413046824E0
9.378338375E0,3.613323458E-1,-4.307050279E-1,1.002047871E0,1.148985562E0
9.388308375E0,-6.368826757E-1,-2.546719402E0,9.952691942E-1,2.807482862E0
9.398277375E0,-6.241164498E-1,-1.677037290E0,2.313564894E0,2.924817590E0
9.408246375E0,-5.658807401E-2,-1.407804877E-1,1.695366849E0,1.702142799E0
9.418216375E0,-3.612258168E-2,-3.088351373E0,1.853275586E0,3.601923020E0
9.428185375E0,3.634219944E-2,-1.437836176E0,2.650958008E0,3.016002650E0
9.438155375E0,-4.626309715E-1,-4.539102879E-1,4.620721239E-1,7.959727464E-1
9.448124375E0,-7.622877637E-1,-2.426922525E0,1.542291421E0,2.974844265E0
9.458093375E0,-6.327577575E-1,-8.003949451E-1,5.501475638E-1,1.159170734E0
9.468063375E0,-1.405681606E-1,-3.846637595E-1,-6.001289785E-1,7.265537877E-1
9.478032375E0,-4.873395507E-1,-1.052159971E0,-5.429613358E-1,1.280370046E0
9.488002375E0,-1.026427910E0,-4.024252617E-1,-7.151530659E-1,1.314132510E0
9.497971375E0,-3.653962337E-1,-1.220078849E0,1.508257118E0,1.974068473E0
9.507940375E0,6.222203074E-2,-2.391938049E-1,2.655371486E0,2.666848887E0
9.517910375E0,1.458621931E-1,1.946787182E0,-6.874863803E-2,1.953453989E0
9.527879375E0,2.719341012E-1,8.244462973E-1,-2.702010047E-1,9.092130858E-1
9.537848375E0,-7.477081700E-1,-5.139723024E-1,-7.321503371E-1,1.165881277E0
9.547818375E0,-5.566689634E-1,-8.221340159E-1,-2.675250265E0,2.853550184E0
9.557787375E0,-4.217995357E-1,3.776795527E-1,-1.441937413E0,1.549109485E0
9.567757375E0,-4.617495038E-1,3.676498237E0,-1.108482399E0,3.867633013E0
9.577726375E0,-4.592302309E-1,1.722531551E0,-1.928028145E0,2.625890302E0
9.587695375E0,-4.890395556E-1,-1.163536273E0,-4.856662238E-1,1.352349077E0
9.597665375E0,-4.514182046E-1,-6.460287443E-1,2.910779035E-1,8.401534859E-1
9.607634375E0,-2.011056634E-2,-2.118802911E-1,1.093167372E0,1.113693223E0
9.617604375E0,-2.368659918E-1,1.474042135E0,1.854614598E0,2.380861404E0
9.627573375E0,-3.643283129E-1,9.633258551E-2,9.277168965E-1,1.001335971E0
9.637542375E0,-2.516161049E-2,-1.744393706E0,3.927335018E-1,1.788234356E0
9.647512375E0,-1.552384593E-2,7.781360570E-1,-1.165373468E-1,7.869673857E-1
9.657481375E0,-2.009445360E-1,9.865495339E-1,-1.794484756E0,2.057628302E0
9.667451375E0,-3.401103882E-1,-4.568982151E-1,-1.010890031E0,1.160314487E0
9.677420375E0,-4.319531891E-1,-1.297575798E0,-3.240883595E-1,1.405460698E0
9.687389375E0,-1.957013560E-1,-1.758239036E0,2.785601842E-1,1.790893437E0
9.697359375E0,-7.694449749E-1,8.743019968E-2,1.193074653E0,1.422363082E0
9.707328375E0,-1.941255716E0,-8.618988830E-1,1.040744745E0,2.365268074E0
9.717298375E0,-1.601605285E0,-8.565013182E-1,1.491292591E0,2.350039912E0
9.727267875E0,-9.402898720E-1,7.782532936E-1,9.327478409E-1,1.536177648E0
9.737236875E0,5.114522986E-2,-1.763295123E-1,-3.508797169E-1,3.960107412E-1
9.747206875E0,5.014634270E-1,6.843867713E-1,4.883179361E-1,9.789306554E-1
9.757175875E0,-6.936321694E-2,6.745327511E-1,-1.433087652E0,1.585416635E0
9.767145875E0,-5.064155070E-1,-7.514081419E-1,-1.466668797E0,1.724003544E0
9.777114875E0,-5.636565689E-1,9.787154344E-1,-2.124404544E-1,1.149227382E0
9.787083875E0,-4.642443280E-1,-2.109672484E-1,3.867781126E-1,6.400213155E-1
9.797053875E0,-6.159239160E-1,1.536209732E-2,4.408742130E-1,7.576069799E-1
9.807022875E0,-4.558742215E-1,1.064428892E0,5.051514852E-1,1.263332179E0
9.816991875E0,-5.928745573E-1,-6.638943270E-1,1.147205585E0,1.452011216E0
9.826961875E0,-3.172966723E-1,9.930355579E-1,1.127198752E0,1.535374164E0
9.836930875E0,-4.663253886E-1,7.117672357E-1,-9.110517472E-1,1.246630359E0
9.846900875E0,-7.829565015E-1,-7.458030009E-1,-8.180219615E-1,1.355877181E0
9.856869875E0,-6.495598047E-1,6.756919616E-1,-4.832776362E-1,1.054535367E0
9.866838875E0,-4.809160189E-1,-1.907002142E-1,-4.944645292E-1,7.156409431E-1
9.876808875E0,-3.919160610E-1,-8.774273336E-2,1.345806849E-1,4.235669332E-1
9.886777875E0,2.335649279E-1,9.501588026E-1,-3.872564149E-1,1.052293617E0
9.896747875E0,4.503028117E-1,-1.439822475E0,-1.962998003E-1,1.521313575E0
9.906716875E0,-7.635968913E-2,-1.620046526E0,1.881060970E-1,1.632717199E0
9.916685875E0,-5.765638589E-1,-1.320246330E0,-2.718604445E-1,1.466077883E0
9.926655875E0,-9.271474508E-1,-1.148601023E0,1.349288866E0,1.999866783E0
9.936624875E0,-9.324214932E-1,8.931683305E-1,7.163073063E-1,1.476568882E0
9.946594875E0,-2.639824909E-1,-1.612311244E-1,1.146808559E0,1.187792954E0
9.956563875E0,-3.337153615E-1,6.701148874E-1,1.219380106E0,1.430841622E0
9.966532875E0,-4.874179034E-1,6.752975670E-1,-4.000629866E-1,9.239336609E-1
9.976502875E0,-3.867370360E-1,-6.733761719E-1,2.728076935E-2,7.770104531E-1
9.986471875E0,-7.592396101E-1,1.396904497E0,-1.196807515E0,1.990008841E0
9.996441875E0,-1.093140986E-1,-2.436493832E-1,-1.478234004E0,1.502161897E0
1.000641088E1,6.550102594E-2,-8.712436107E-1,-6.758317101E-1,1.104583321E0
1.001637988E1,-6.120091046E-2,-4.612760255E-1,-7.158594096E-1,8.538008066E-1
1.002634988E1,4.420916764E-1,-1.949986778E0,-7.502679348E-2,2.000880433E0
1.003631888E1,4.789509889E-1,-5.711302972E-1,-1.002850109E-1,7.520910514E-1
1.004628887E1,7.836232303E-1,-7.043061885E-1,2.124153113E-1,1.074817584E0
1.005625787E1,1.302565374E0,-2.567372937E0,2.667015631E0,3.924417502E0
1.006622688E1,1.270582858E0,3.236346155E-2,1.622182513E0,2.060801859E0
1.007619688E1,1.088758790E0,-2.483780265E-2,-7.934028447E-1,1.347405171E0
1.008616588E1,8.054680625E-1,-1.885630569E-1,5.729961437E-1,1.006309797E0
1.009613588E1,1.602860316E-1,1.229534966E-1,2.922146022E-1,3.552443497E-1
1.010610488E1,-5.485537956E-2,-2.045139396E0,5.641756189E-1,2.122239004E0
1.011607387E1,8.701865803E-1,-5.540149122E-2,5.667688590E-1,1.039961994E0
1.012604388E1,1.240269284E0,4.495544046E-1,7.890875995E-1,1.537213811E0
1.013601288E1,1.173704727E0,2.816656405E-1,-3.868348306E-1,1.267501285E0
1.014598288E1,1.413018693E0,1.222382067E0,-1.784406495E-1,1.876880606E0
1.015595188E1,1.629778631E0,-6.409390354E-1,-5.913160551E-1,1.848414432E0
1.016592088E1,1.066801765E0,-6.310095862E-1,-6.063387215E-2,1.240933346E0
1.017589087E1,9.393758791E-1,8.751729396E-1,-5.694965851E-1,1.404521654E0
1.018585987E1,8.831571664E-1,-3.960652453E-1,-3.848982328E-1,1.041624169E0
1.019582988E1,7.051173435E-1,3.405029556E-1,3.322019559E-1,8.505826652E-1
1.020579888E1,1.855293387E-1,-5.395757979E-1,-1.769566262E-1,5.973916845E-1
1.021576788E1,1.321246716E-1,-1.206052548E-1,-1.193989742E-1,2.150782912E-1
1.022573788E1,5.721262607E-1,4.947042650E-1,6.265513766E-1,9.821544662E-1
1.023570687E1,2.412573969E-1,-1.515985968E0,9.049069083E-1,1.781930161E0
1.024567587E1,4.538195464E-1,-3.973989952E-1,1.440489643E0,1.561694129E0
1.025564588E1,3.879868418E-1,-6.165713489E-2,3.216950941E-1,5.077628632E-1
1.026561488E1,6.460926982E-1,-8.175635397E-1,-5.301857543E-1,1.169163312E0
1.027558488E1,1.032742684E0,5.851820335E-1,5.576372623E-2,1.188320267E0
1.028555388E1,4.417822490E-1,-5.648386931E-1,-5.906798780E-1,9.290409157E-1
1.029552288E1,4.296636022E-1,-7.308972788E-1,-1.330826283E-1,8.582147920E-1
1.030549287E1,3.961552924E-1,4.460811585E-1,2.397492903E-1,6.429674470E-1
1.031546187E1,4.824813916E-1,-6.105645043E-1,-2.012272489E-1,8.037846184E-1
1.032543188E1,7.403579275E-1,1.013758675E0,-2.036854184E-1,1.271740642E0
1.033540088E1,1.512593559E-1,1.080884418E0,-4.904890072E-1,1.196565913E0
1.034536988E1,-7.917056903E-2,-8.541407973E-1,-7.678674692E-1,1.151279693E0
1.035533988E1,4.793061342E-1,3.283884019E-2,-1.365682120E0,1.447722491E0
1.036530887E1,7.547963110E-1,-1.371461508E-1,-1.647163573E0,1.817051010E0
1.037527887E1,4.560698474E-1,2.067318177E-1,5.442371982E-1,7.395484285E-1
1.038524788E1,-1.159431601E-1,8.361354661E-1,1.133507313E0,1.413295497E0
1.039521688E1,-3.350088022E-1,-3.898113558E-1,-1.470937264E-1,5.346216933E-1
1.040518688E1,8.882310878E-1,3.400214374E-1,-1.003252982E0,1.382420193E0
1.041515588E1,1.067697412E0,-1.016695147E0,6.801054400E-1,1.623634871E0
1.042512587E1,-2.036869715E-1,-6.005122635E-1,2.586864338E0,2.663450856E0
1.043509487E1,1.685379147E-1,1.818509211E0,6.832021254E-1,1.949909209E0
1.044506387E1,2.100682938E-1,-2.395674419E-1,-4.230250025E-1,5.295955060E-1
1.045503388E1,8.971507960E-1,2.701413631E-4,1.538425827E-1,9.102456613E-1
1.046500288E1,7.797527390E-1,2.638222772E-1,-3.773272580E-1,9.055343105E-1
1.047497288E1,4.220996075E-1,-4.166468596E-1,-1.546249402E-1,6.129205140E-1
1.048494188E1,3.973891280E-1,4.762367114E-1,1.064532387E-1,6.293264784E-1
1.049491087E1,-2.958429092E-1,-1.042114162E0,-1.342754602E0,1.725257916E0
1.050488087E1,-3.275469875E-1,-1.093660000E0,-8.277353561E-1,1.410150717E0
1.051484988E1,-6.814206250E-1,5.008087581E-1,-3.888842797E-1,9.307923847E-1
1.052481988E1,-3.604230306E-1,-2.113132281E0,1.295823095E0,2.504873309E0
1.053478888E1,-3.850378716E-2,-4.761338004E-1,1.705852076E0,1.771473185E0
1.054475788E1,2.047606848E-1,4.146903813E-1,2.446369779E-1,5.232038812E-1
1.055472787E1,2.618082038E-1,6.118438751E-2,1.169875824E0,1.200373487E0
1.056469687E1,-2.002870897E-1,4.834621158E-1,1.375351660E0,1.471544333E0
1.057466688E1,4.206346607E-1,-9.771469188E-1,1.498136172E0,1.837433430E0
1.058463588E1,8.495586815E-2,-9.815808624E-2,1.914640360E0,1.919036273E0
1.059460488E1,-4.676783612E-1,5.530618161E-1,9.239670771E-1,1.174016857E0
1.060457488E1,-5.006696310E-1,-1.095862353E0,1.904194309E0,2.253339820E0
1.061454388E1,-8.718990836E-1,-2.895260525E-1,3.531197852E-1,9.842392644E-1
1.062451387E1,-1.735746332E-1,-4.940745199E-1,-1.073997860E0,1.194867854E0
1.063448288E1,5.283130190E-2,-6.263695282E-1,-3.170950896E-1,7.040449049E-1
1.064445188E1,-2.342962867E-1,9.226634404E-1,-1.526690465E0,1.799162680E0
1.065442188E1,-2.886700932E-1,-7.007507890E-1,-2.324272315E0,2.444713457E0
1.066439088E1,-9.596780697E-1,-7.303391621E-1,-1.562102373E0,1.973459174E0
1.067436088E1,-1.000158271E0,-4.901606861E-1,-8.096809083E-1,1.377010253E0
1.068432987E1,-8.870327740E-1,-1.031197996E0,6.909403306E-1,1.525645761E0
1.069429887E1,-1.641965252E0,1.327510911E-1,7.686819863E-1,1.817840680E0
1.070426888E1,-1.302687288E0,-5.374421489E-1,4.478066719E-1,1.478637565E0
1.071423788E1,-8.604691657E-1,4.431020021E-2,9.216626894E-1,1.261678522E0
1.072420779E1,-8.100998613E-1,1.091831575E0,9.758769035E-2,1.363041207E0
1.073417679E1,-1.570335910E-1,-7.241531003E-1,1.328615450E0,1.521274556E0
1.074414579E1,-1.233293538E-1,9.107827753E-2,7.704203635E-1,7.855271597E-1
1.075411579E1,-2.645188085E-2,-7.969228685E-2,-9.980852133E-1,1.001611030E0
1.076408479E1,3.584094688E-2,-3.388832769E-1,-7.305482000E-1,8.061185529E-1
1.077405479E1,-5.212116304E-1,4.282015425E-1,-5.699789804E-1,8.831161661E-1
1.078402379E1,-5.809272705E-1,-1.031177530E0,-5.546072352E-1,1.307055002E0
1.079399279E1,-9.540922976E-1,3.316113871E-1,3.011006159E-1,1.054001805E0
1.080396279E1,-1.260209459E0,1.171869725E-1,-7.216165781E-2,1.267701847E0
1.081393179E1,-1.105539276E0,-6.965369931E-1,2.605653781E-1,1.332394532E0
1.082390179E1,-1.024507977E0,5.041326079E-1,4.122725576E-1,1.213974853E0
1.083387079E1,-7.983946858E-1,-9.713037962E-1,-2.123281878E-1,1.275126816E0
1.084383979E1,-3.971700036E-1,-2.314231476E-1,8.849474376E-1,9.972124410E-1
1.085380979E1,-3.596777664E-1,5.473543489E-1,9.780017817E-1,1.177052405E0
1.086377879E1,-1.577249146E-1,-8.353320587E-1,2.153495611E0,2.315210605E0
1.087374879E1,7.975366434E-2,-3.313576180E-1,1.620984419E0,1.656426577E0
1.088371779E1,-5.735176605E-2,-1.153225293E0,6.580362940E-1,1.328995698E0
1.089368679E1,6.935111138E-2,-7.048643053E-2,3.650416732E-3,9.895069015E-2
1.090365679E1,3.327752754E-1,5.086273625E-1,-4.612827498E-1,7.630353551E-1
1.091362579E1,-1.217482210E-1,-1.654940954E0,6.133238053E-1,1.769129244E0
1.092359579E1,3.926593518E-1,5.188538504E-1,2.846079594E-1,7.102058681E-1
1.093356479E1,5.133338961E-1,6.614326492E-1,-2.758184248E-1,8.815217761E-1
1.094353379E1,-5.579280243E-2,-3.806975931E-2,-3.841983211E-1,3.900903656E-1
1.095350379E1,1.925422699E-1,1.160525542E0,-7.308709663E-1,1.384942031E0
1.096347279E1,-5.877002191E-2,1.590591761E-1,-1.775101821E0,1.783182607E0
1.097344279E1,-2.670876182E-1,7.286110175E-1,-1.949419599E0,2.098200796E0
1.098341179E1,-3.099577497E-2,7.775405180E-1,-1.602541716E0,1.781479707E0
1.099338079E1,-7.099280671E-1,-6.036229822E-1,-1.956757854E0,2.167316282E0
1.100335079E1,-3.402366515E-1,3.633249307E-1,-1.281406201E0,1.374688268E0
1.101331979E1,9.840112941E-2,-1.029090074E0,-1.355636019E-1,1.042634477E0
1.102328979E1,-4.233130601E-2,-7.299292722E-1,-2.168919396E-1,7.626472287E-1
1.103325879E1,4.491032919E-1,-7.160149455E-2,1.441958463E-1,4.770880243E-1
1.104322879E1,7.272392607E-1,-1.985807699E0,1.694728333E0,2.710057801E0
1.105319779E1,8.813501575E-1,-4.158671334E-1,3.097857192E0,3.247528715E0
1.106316679E1,1.336565763E0,1.071943148E0,1.330312312E0,2.169147529E0
1.107313679E1,5.883757827E-1,-1.714900643E-2,1.205739722E0,1.341748272E0
1.108310579E1,6.429219724E-1,4.002395725E-1,7.042088324E-1,1.034142378E0
1.109307579E1,5.111872005E-1,-3.065016890E-1,-8.380796653E-1,1.028412935E0
1.110304479E1,-1.333490055E-1,2.664386138E-1,-1.066694103E0,1.107523273E0
1.111301379E1,-1.158530947E-1,6.135044843E-2,-6.288890934E-1,6.424074321E-1
1.112298379E1,3.190710464E-2,-1.246828398E0,5.290198195E-1,1.354791898E0
1.113295279E1,5.200681709E-1,-3.625984141E-1,1.704991951E0,1.819050869E0
1.114292279E1,1.020672496E0,-1.133037196E0,9.359977233E-1,1.789311982E0
1.115289179E1,1.076745247E0,-9.207417530E-1,2.022783444E0,2.469574572E0
1.116286079E1,9.456665330E-1,-3.686979371E-1,5.391495359E-1,1.149306566E0
1.117283079E1,5.628234503E-1,-1.948511818E0,-4.234062409E-1,2.071893189E0
1.118279979E1,1.126048933E-1,-8.567065555E-1,4.090981042E-1,9.560268004E-1
1.119276979E1,-1.410869366E-1,-7.493206859E-1,2.207663047E-1,7.938039904E-1
1.120273879E1,-1.602130511E-1,-1.972133985E0,1.749672865E0,2.641275413E0
1.121270779E1,3.862738268E-2,-1.669540867E-1,1.205286562E0,1.217407672E0
1.122267779E1,2.690959541E-1,-4.479604536E-1,3.080851150E-1,6.066280892E-1
1.123264679E1,7.987337512E-1,7.722446948E-2,1.706685305E-2,8.026397084E-1
1.124261679E1,6.819535256E-1,6.741751939E-1,-1.250283810E0,1.575684743E0
1.125258579E1,6.483562285E-1,-6.672184691E-1,-1.232756782E0,1.544420787E0
1.126255479E1,6.554774793E-1,2.610670692E-1,-9.262311190E-1,1.164349959E0
1.127252479E1,4.847206924E-1,1.212518691E0,-1.349801082E0,1.878062482E0
1.128249379E1,-2.425895388E-1,1.093024992E0,-1.964848647E0,2.261456062E0
1.129246379E1,-7.575231600E-1,9.343262967E-1,-1.346862856E0,1.805781415E0
1.130243279E1,-4.886997592E-1,-6.180764222E-1,-2.414315343E-2,7.883075607E-1
1.131240279E1,-6.018907080E-1,8.518904963E-1,2.156178313E0,2.395223322E0
1.132237179E1,-9.507404543E-1,2.553437560E0,8.823389947E-1,2.863995965E0
1.133234079E1,-8.481829961E-1,7.794867638E-1,-9.023464125E-1,1.463298691E0
1.134231079E1,-6.772470286E-1,-1.542039406E-1,-2.824333799E-1,7.498073134E-1
1.135227979E1,1.477592674E-1,-1.020833221E0,-1.305496729E0,1.663807373E0
1.136224979E1,5.770704836E-1,-1.309876586E0,8.609995812E-1,1.670361426E0
1.137221879E1,6.407563099E-1,-6.390734813E-1,1.211276450E0,1.512009987E0
1.138218779E1,1.906020723E-1,-3.218728495E-1,-2.361082292E-1,4.423554872E-1
1.139215779E1,-3.477679383E-1,-5.098874375E-1,-3.275949347E-1,6.987461478E-1
1.140212679E1,-3.108936788E-1,-2.576287017E0,1.656340778E-1,2.600258511E0
1.141209679E1,-1.285642609E-2,-1.566368794E0,1.251757309E0,2.005136615E0
1.142206579E1,-4.923252157E-1,5.174660137E-1,7.899015319E-1,1.064941136E0
1.143203479E1,-8.377846733E-1,-1.484979937E0,-1.373458332E-1,1.710529874E0
1.144200479E1,-1.200492650E0,-1.658266266E0,8.913261652E-1,2.232821521E0
1.145197379E1,-6.139791320E-1,1.068496799E-1,6.479100859E-1,8.989853770E-1
1.146194379E1,-1.976741152E-1,2.290322211E-1,9.763212919E-2,3.179038326E-1
1.147191279E1,-6.472433572E-1,1.382976137E0,4.501987678E-1,1.591925215E0
1.148188179E1,-1.191017164E0,1.449706024E-1,5.155174291E-1,1.305870047E0
1.149185179E1,-8.518722238E-1,-2.975308907E-1,1.472800772E0,1.727238556E0
1.150182079E1,-7.490445511E-1,3.845292735E-1,8.854146302E-1,1.221838602E0
1.151179079E1,-6.738476036E-1,1.228675425E-2,4.990417296E-1,8.386084934E-1
1.152175979E1,-3.636582951E-1,1.519659773E0,5.413077432E-1,1.653670842E0
1.153172979E1,-4.106712611E-1,1.211446896E0,-8.535262549E-1,1.537778116E0
1.154169879E1,-5.190490195E-2,-4.725137892E-1,-1.052368425E0,1.154747895E0
1.155166779E1,-2.053505592E-1,1.677037290E0,-1.131849042E0,2.033643326E0
1.156163779E1,-1.051662300E-1,5.936622503E-1,-1.544705152E0,1.658194443E0
1.157160679E1,-7.438535392E-2,2.854765633E-1,-1.123579325E0,1.161662838E0
1.158157679E1,-2.483382654E-1,7.413684726E-1,-1.108710440E0,1.356664272E0
1.159154579E1,1.853283772E-1,-8.303768358E-1,-1.561387258E0,1.778145795E0
1.160151479E1,1.681749853E-1,4.073258132E-2,-4.693121463E-1,5.001958212E-1
1.161148479E1,4.918080660E-1,-9.914573944E-1,-4.611640513E-2,1.107695654E0
1.162145379E1,6.267569793E-1,-1.290491604E0,8.276277673E-1,1.656248959E0
1.163142379E1,5.193828772E-1,2.668008488E-1,7.474437296E-1,9.484795175E-1
1.164139279E1,9.869433987E-2,-1.321338883E0,3.344490409E-2,1.325441654E0
1.165136179E1,-2.692532807E-1,-9.026791191E-1,7.269059694E-1,1.189839993E0
1.166133179E1,-3.989548296E-1,-8.957563081E-1,1.754688022E0,2.010093125E0
1.167130079E1,-4.462567212E-1,-1.696779537E0,3.836226627E0,4.218393129E0
1.168127079E1,-3.353767747E-1,9.936553627E-1,2.222886858E0,2.457855680E0
1.169123979E1,-4.008991385E-1,6.092789939E-1,1.036606085E0,1.267475123E0
1.170120879E1,-3.507369717E-1,1.086598610E0,1.148556876E-1,1.147564722E0
1.171117879E1,-3.097453588E-1,9.201690182E-1,-1.371960860E0,1.680752751E0
1.172114779E1,9.650482256E-3,-1.338930816E0,-8.333749956E-1,1.577131175E0
1.173111825E1,9.917790460E-2,3.672346714E-1,-1.217921226E0,1.275942661E0
1.174108725E1,-9.990936387E-2,-3.164168125E-1,-1.477252842E0,1.514059919E0
1.175105725E1,-2.279270243E-1,-1.207077857E0,-1.471334875E0,1.916719592E0
1.176102625E1,-4.170833908E-1,-1.263187154E0,5.160933799E-1,1.426868150E0
1.177099525E1,6.489359799E-1,-2.642496794E0,3.619125357E0,4.527910728E0
1.178096525E1,4.968291066E-1,-5.520698360E-1,3.359774446E0,3.440887181E0
1.179093425E1,7.452500188E-2,-3.731845057E-1,1.086548908E0,1.151264167E0
1.180090425E1,-2.783605018E-1,-9.889688194E-1,9.927747720E-1,1.428686685E0
1.181087325E1,-6.724030490E-1,-4.549157166E-1,2.516477895E-1,8.499416330E-1
1.182084225E1,1.881417650E-1,-1.275778840E0,-1.597718933E0,2.053220583E0
1.183081225E1,-5.566969570E-3,-1.681273305E-1,-1.735505061E0,1.743638612E0
1.184078125E1,-1.817152913E-1,-2.601320994E-1,-1.522374051E0,1.555092250E0
1.185075125E1,-2.290298457E-1,-1.803269905E0,-6.094862777E-1,1.917214267E0
1.186072025E1,5.964245390E-2,-9.121749973E-1,9.674382019E-1,1.330998543E0
1.187068925E1,2.629663362E-1,8.837277085E-2,1.073423663E0,1.108692654E0
1.188065925E1,2.640911943E-1,8.019769093E-1,1.655615138E0,1.858486645E0
1.189062825E1,6.746243332E-1,1.639913610E0,1.736266369E-1,1.781735348E0
1.190059825E1,4.488143664E-1,4.999802077E-1,-1.253792140E0,1.422465913E0
1.191056725E1,6.920260124E-1,6.676280665E-1,-3.586004389E0,3.712688341E0
1.192053725E1,3.880954903E-1,9.529239509E-1,-4.615044177E0,4.728352242E0
1.193050625E1,-9.136358511E-2,-6.812172881E-1,-2.990909278E0,3.068866665E0
1.194047525E1,3.128917089E-1,-8.114482293E-1,1.808830315E-1,8.882950644E-1
1.195044525E1,4.626228220E-1,-6.465596715E-1,5.919042850E-1,9.911659633E-1
1.196041425E1,8.316887317E-1,3.042046103E-1,3.479537702E-1,9.514822213E-1
1.197038425E1,8.686851615E-1,-1.496974623E0,7.928818578E-1,1.903735426E0
1.198035325E1,9.486508057E-2,-2.407632852E0,1.491874974E0,2.833970055E0
1.199032225E1,-9.419109760E-2,-2.977030912E-1,2.721341527E0,2.739196744E0
1.200029225E1,-6.970706977E-1,2.224298376E-1,1.742813496E0,1.890180275E0
1.201026125E1,-4.185395668E-1,-2.787481722E-1,1.631145710E0,1.706901357E0
1.202023125E1,-3.060119664E-1,2.016774845E-1,7.581774634E-1,8.421105612E-1
1.203020025E1,-5.589517164E-1,-7.414655364E-1,5.987203842E-1,1.104836758E0
1.204017025E1,-1.339555901E-1,4.213839814E-1,1.644392577E0,1.702802252E0
1.205013925E1,-2.196740631E-1,1.069733778E0,5.262125713E-1,1.212223874E0
1.206010825E1,4.653274150E-1,-1.299744823E0,9.206791878E-2,1.383597741E0
1.207007825E1,3.973084730E-1,1.517002214E0,-7.391102779E-1,1.733618684E0
1.208004725E1,3.078208939E-1,5.002468407E-1,-1.628576444E0,1.731260188E0
1.209001725E1,-3.257502113E-2,-5.804729784E-1,-1.567585307E0,1.671925149E0
1.209998625E1,-3.268937074E-1,1.836250833E-1,-7.396505606E-1,8.292530488E-1
1.210995525E1,-7.717604723E-2,-5.298907623E-1,-1.113088251E0,1.235194647E0
1.211992525E1,2.479274072E-1,1.229395802E0,-3.063022989E-1,1.291008573E0
1.212989425E1,5.903259387E-1,1.563839288E0,-6.331365108E-2,1.672748233E0
1.213986425E1,3.352515712E-2,-1.697589961E-1,1.141698092E-1,2.073084616E-1
1.214983325E1,-2.411458430E-1,6.005996794E-2,9.553905988E-1,9.871827154E-1
1.215980325E1,-7.621601482E-1,-9.468653584E-1,4.125485462E-1,1.283603678E0
1.216977225E1,-8.066831870E-1,-2.686383364E-1,5.345840299E-1,1.004332816E0
1.217974125E1,-6.943221409E-1,-9.298066914E-2,-3.604925394E-2,7.014472103E-1
1.218971125E1,-7.137428637E-1,-1.399579598E0,-7.369742900E-1,1.735333695E0
1.219968025E1,-6.100515573E-1,1.173623890E-1,-2.825573409E-1,6.824774602E-1
1.220965025E1,-3.330590846E-1,5.037575090E-1,-1.208820620E0,1.351276164E0
1.221961925E1,-8.243364427E-2,-3.697138909E-1,-1.402620735E0,1.452869090E0
1.222958825E1,-1.800060770E-1,2.425372428E-1,-1.072580495E0,1.114295930E0
1.223955825E1,-6.237509257E-1,-1.194095869E0,-5.655877215E-1,1.461102198E0
1.224952725E1,-2.776113639E-1,4.971674046E-1,7.129743934E-2,5.738700396E-1
1.225949725E1,6.680257503E-2,1.255757681E0,2.871129066E-1,1.289892926E0
1.226946625E1,9.345845975E-1,-1.127051402E0,9.530312473E-1,1.746986488E0
1.227943625E1,8.911047750E-1,1.162844548E-1,4.657775044E-1,1.012194881E0
1.228940525E1,4.705805536E-1,-1.292021236E0,1.449663339E0,1.998071252E0
1.229937425E1,5.700291934E-1,-4.034444314E-1,2.033038875E0,2.149638984E0
1.230934425E1,6.890342114E-1,6.744859734E-1,9.234396583E-1,1.335080625E0
1.231931325E1,1.399712038E0,-1.571083111E0,1.553972404E0,2.615784044E0
1.232928325E1,1.193587015E0,-5.618212375E-1,2.159528768E-1,1.336760528E0
1.233925225E1,5.621615455E-1,-1.939739825E0,3.454599327E-1,2.048892081E0
1.234922125E1,1.634603023E-1,-1.340217496E0,9.242302018E-1,1.636185708E0
1.235919125E1,2.835750853E-1,5.718591526E-1,5.931883335E-1,8.713840247E-1
1.236916025E1,6.185043653E-1,-1.615736835E0,9.971034658E-1,1.996839626E0
1.237913025E1,7.710548595E-1,-5.572016448E-2,-3.289965123E-1,8.401601265E-1
1.238909925E1,6.994483948E-1,5.937566829E-1,-4.282898355E-1,1.012525179E0
1.239906925E1,5.204107812E-1,-2.453357202E-1,-2.112300807E-1,6.128908090E-1
1.240903825E1,7.670498823E-1,5.994205883E-1,-1.275225694E0,1.604328873E0
1.241900725E1,2.670315215E-1,-4.650480643E-1,-1.725965914E0,1.807355491E0
1.242897725E1,-1.381703089E-1,2.467875838E-1,-1.070101860E0,1.106848290E0
1.243894625E1,-5.105479902E-2,7.158801672E-1,-1.343892471E0,1.523528135E0
1.244891625E1,-4.725442678E-1,-1.638670492E-1,-1.582142535E0,1.659314767E0
1.245888525E1,-3.388174592E-1,1.562376022E-1,-1.108767743E0,1.169860405E0
1.246885525E1,1.337783556E-1,-3.507887927E-1,-5.916546088E-1,7.007172052E-1
1.247882425E1,1.558283520E-1,-1.194145862E0,1.184671619E0,1.689293835E0
1.248879325E1,2.592300385E-1,6.194812158E-1,5.463170528E-2,6.737520410E-1
1.249876325E1,2.889493526E-1,4.167795914E-1,-6.488579196E-1,8.235372220E-1
1.250873225E1,4.257774696E-1,-2.846822190E-1,7.614723694E-1,9.176985283E-1
1.251870225E1,9.040774076E-1,-3.230826384E-1,7.087263912E-1,1.193327888E0
1.252867125E1,6.169242284E-1,-8.228798282E-1,1.745292131E0,2.025776724E0
1.253864025E1,3.951790997E-1,1.549009287E-1,8.149346316E-1,9.188467078E-1
1.254861025E1,2.804430608E-1,-1.627595866E-1,4.688285816E-1,5.700344132E-1
1.255857925E1,1.167469330E-1,9.531300652E-1,9.741578221E-2,9.651821601E-1
1.256854925E1,1.132624127E-1,2.134701490E-1,-5.535313475E-1,6.039824760E-1
1.257851825E1,1.315524119E-1,-5.929374880E-1,-6.387545156E-1,8.814126349E-1
1.258848825E1,-1.438743408E-1,4.763627189E-1,-4.235342950E-1,6.534543327E-1
1.259845725E1,5.430342067E-2,-8.512268373E-1,-5.500452375E-1,1.014931403E0
1.260842625E1,-3.175699931E-1,-2.166785163E-1,9.867287511E-1,1.058977766E0
1.261839625E1,-5.442164772E-1,5.803376153E-1,5.501826471E-1,9.672974036E-1
1.262836525E1,-7.923926651E-1,-2.944450226E-1,5.181393206E-1,9.914899710E-1
1.263833525E1,-8.278293501E-1,2.042824191E-1,1.709171541E0,1.910052380E0
1.264830425E1,-7.906978496E-1,-5.502539831E-1,1.301933436E0,1.619571921E0
1.265827425E1,-3.484596274E-1,-2.311889666E-1,3.204091160E0,3.231264862E0
1.266824325E1,-7.533560687E-1,1.685383606E0,1.268151147E0,2.239703239E0
1.267821225E1,-4.694589480E-1,5.806606740E-2,4.133846980E-1,6.282119711E-1
1.268818225E1,-8.743416483E-2,1.088636072E0,-1.209917557E-1,1.098823114E0
1.269815125E1,2.740051302E-1,1.073774204E0,-1.839836345E0,2.147805305E0
1.270812125E1,7.037200782E-1,-1.024498256E0,-5.576185513E-1,1.362261749E0
1.271809025E1,-2.266745324E-2,6.392509443E-1,-1.737350442E0,1.851362240E0
1.272805979E1,4.445867564E-1,4.327635401E-1,-1.842341877E0,1.944007525E0
1.273802879E1,7.430172412E-1,4.958854026E-1,-1.494266485E0,1.740921963E0
1.274799779E1,3.275610574E-1,5.041022024E-1,-1.542949233E0,1.655931041E0
1.275796779E1,4.137237635E-2,-1.423881211E0,-8.204731143E-1,1.643875150E0
1.276793679E1,-3.560048379E-1,5.425628480E-1,-6.504220498E-1,9.187832887E-1
1.277790679E1,-5.842124920E-1,3.563059330E-1,-7.439880252E-1,1.010829528E0
1.278787579E1,3.354957656E-1,-1.436514705E-1,2.963643712E-1,4.701329538E-1
1.279784479E1,6.871580592E-1,3.912702361E-1,1.191035144E0,1.429630480E0
1.280781479E1,-3.258931757E-1,-1.165394811E0,3.356004746E0,3.567508834E0
1.281778379E1,-3.491734993E-1,1.466061563E0,1.447519750E0,2.089634434E0
1.282775379E1,-7.279327404E-1,6.782375470E-1,5.893741947E-1,1.156397071E0
1.283772279E1,1.152167075E-1,1.139891303E-1,-8.679548442E-2,1.838528423E-1
1.284769279E1,3.750405216E-1,-5.479937419E-1,3.212799418E-1,7.376810524E-1
1.285766179E1,-6.163110016E-1,-2.343491528E0,1.671909574E0,2.943989371E0
1.286763079E1,-3.615329783E-1,7.316144398E-1,1.635483760E-1,8.322943315E-1
1.287760079E1,-2.794005570E-1,-3.470012587E-1,-2.623060942E-1,5.169903596E-1
1.288756979E1,8.779089980E-1,-1.721379942E0,-1.152048833E0,2.249686562E0
1.289753979E1,8.930959712E-1,-1.667638476E0,-1.278539311E0,2.283265483E0
1.290750879E1,3.698984436E-1,-1.949295638E0,8.324423647E-1,2.151636268E0
1.291747879E1,6.850881448E-1,3.337657937E-1,1.315459215E0,1.520256004E0
1.292744779E1,2.180479890E-1,-1.182497039E0,-1.476837105E-1,1.211467974E0
1.293741679E1,4.188788515E-1,-1.482821145E0,-9.284565693E-1,1.798957932E0
1.294738679E1,1.223453861E-1,-1.366012487E0,5.056993693E-1,1.461742235E0
1.295735579E1,-2.018785191E-1,-2.628806123E0,2.062417626E0,3.347378532E0
1.296732579E1,-4.355804363E-1,1.242316979E-1,1.477024215E0,1.544915650E0
1.297729479E1,-5.352851842E-1,2.978571653E-1,5.588973373E-1,8.292257551E-1
1.298726479E1,1.840071257E-1,-2.095697638E-1,1.517361817E0,1.542778336E0
1.299723379E1,6.591372516E-1,2.208139595E-1,4.471231323E-1,8.265227260E-1
1.300720279E1,5.550958797E-1,-6.151159769E-1,-5.606953561E-2,8.304474057E-1
1.301717279E1,4.618198165E-1,7.180307731E-1,-1.170098019E-1,8.617058824E-1
1.302714179E1,6.538692757E-1,1.926110258E0,-1.421269845E0,2.481421715E0
1.303711179E1,6.620737233E-1,3.942996785E-1,-4.587029582E-1,8.967843974E-1
1.304708079E1,8.026801101E-1,7.101645139E-1,-1.177462002E0,1.592182704E0
1.305704979E1,2.289201556E-1,1.586938129E0,-1.093162694E0,1.940562222E0
1.306701979E1,-3.038095943E-1,1.165545377E0,1.165338385E-1,1.210114222E0
1.307698879E1,-2.542180062E-1,5.712525040E-1,-2.739572561E-1,6.826483693E-1
1.308695879E1,4.006949975E-1,4.590014586E-1,-1.344405856E0,1.476030462E0
1.309692779E1,2.106450303E-1,5.609233975E-2,-1.113126258E0,1.134269697E0
1.310689779E1,-4.828424206E-1,-1.176244904E0,2.970929343E-1,1.305738522E0
1.311686679E1,-7.194199254E-1,-8.334635809E-1,1.794162574E0,2.105052473E0
1.312683579E1,-4.188927021E-1,2.805441445E-1,1.561541625E0,1.640910832E0
1.313680579E1,5.293529646E-1,-1.137440150E0,1.684100434E0,2.100042601E0
1.314677479E1,8.844326634E-1,3.144571182E-1,6.234389037E-1,1.126845367E0
1.315674479E1,4.386196363E-1,-8.795697534E-1,-3.399559486E-1,1.040000088E0
1.316671379E1,-4.412453284E-2,-7.590440208E-1,-9.861183017E-1,1.245200428E0
1.317668379E1,3.610469285E-2,1.005418499E0,-2.024123626E0,2.260364209E0
1.318665279E1,8.825034477E-1,-3.336886105E-1,-2.614474306E0,2.779502890E0
1.319662179E1,6.633153065E-1,-9.012711096E-1,-1.949190972E0,2.247581424E0
1.320659179E1,-6.895106133E-2,-1.415819363E0,1.875289768E-1,1.429848186E0
1.321656079E1,-7.701571658E-1,-9.330144739E-1,3.512254627E0,3.714780025E0
1.322653079E1,-2.588812703E-1,2.929942407E0,1.808516319E0,3.452870299E0
1.323649979E1,8.783881773E-1,2.056502582E0,-1.006976489E0,2.452502867E0
1.324646979E1,1.325981864E0,6.003219366E-1,-1.105703802E0,1.827893659E0
1.325643879E1,2.985559076E-1,-8.310007337E-1,-1.216355926E0,1.503070055E0
1.326640779E1,-3.697791969E-1,-2.278072295E-1,8.150252634E-1,9.235252938E-1
1.327637779E1,-4.609181028E-2,1.577439327E0,-3.672267777E-1,1.620276147E0
1.328634679E1,9.337184787E-1,-1.159933511E0,-1.249485666E0,1.943833937E0
1.329631679E1,1.446596913E0,-1.209445395E0,-1.399531066E-1,1.890763778E0
1.330628579E1,7.036985166E-2,-1.243826438E0,1.024460249E0,1.612939839E0
1.331625579E1,-6.699233180E-1,-6.843820935E-1,2.134455323E0,2.339460542E0
1.332622479E1,5.338426761E-1,1.673100652E0,4.591391605E-1,1.815230719E0
1.333619379E1,8.652257294E-1,-9.188647968E-1,-1.313836613E0,1.821838281E0
1.334616379E1,1.590789690E0,-5.488316479E-1,-1.505771466E0,2.258135453E0
1.335613279E1,8.143611659E-1,-4.193161136E-1,-1.617303012E0,1.858676719E0
1.336610279E1,-7.402567707E-2,-1.624315285E0,-2.927624863E-1,1.652147034E0
1.337607179E1,4.724469848E-2,-6.798250660E-1,3.270406187E-1,7.558768075E-1
1.338604179E1,-1.685505593E-1,-6.314919814E-1,1.273091460E0,1.431067182E0
1.339601079E1,-2.732140750E-2,-2.799105987E-1,1.962643077E0,1.982691163E0
1.340597979E1,1.517459539E-1,-1.583355832E0,1.122673591E0,1.946904856E0
1.341594979E1,-2.767497401E-1,-1.285832250E0,2.119853071E0,2.494740876E0
1.342591879E1,2.621565516E-1,7.901816136E-1,4.611307222E-1,9.517113969E-1
1.343588879E1,8.085045947E-1,-4.880887252E-1,-3.966756946E-1,1.024334852E0
1.344585779E1,6.879831013E-1,-2.517316970E-1,-1.343975501E0,1.530672970E0
1.345582779E1,-4.848109223E-3,5.913973314E-1,-2.393294018E0,2.465285088E0
1.346579679E1,-3.557528595E-1,-2.032797678E0,1.342643505E0,2.462015044E0
1.347576579E1,-5.216947932E-2,3.244310063E-1,1.081470602E0,1.130290137E0
1.348573579E1,2.350514180E-1,1.616189117E0,-5.702029288E-2,1.634187182E0
1.349570479E1,1.876371503E-2,1.152827098E0,-3.740376145E-1,1.212133050E0
1.350567479E1,7.650120545E-1,1.497121096E-2,-7.692836648E-1,1.085018404E0
1.351564379E1,9.596987542E-1,-1.822575365E0,2.435874027E-1,2.074159464E0
1.352561379E1,5.770928857E-1,9.420133388E-1,-3.593622726E-1,1.161708471E0
1.353558279E1,9.212006863E-1,1.534150343E0,-3.376041985E-1,1.821044913E0
1.354555279E1,-6.443151081E-2,3.561381179E-1,3.644791710E-1,5.136446678E-1
1.355552179E1,1.922370635E-1,-2.295271879E-1,-7.751513457E-1,8.309617484E-1
1.356549079E1,5.261524911E-1,-5.435928351E-1,-1.693862361E-1,7.752556425E-1
1.357546079E1,2.874738442E-1,1.302642995E0,7.453603667E-1,1.528097530E0
1.358542979E1,6.438831085E-1,2.175702167E-1,1.084059164E0,1.279494638E0
1.359539979E1,-4.016280304E-1,-1.592540346E0,1.097235280E0,1.975200012E0
1.360536879E1,5.494937355E-2,-5.004801446E-1,-4.315479040E-1,6.631239720E-1
1.361533879E1,5.932902943E-1,-6.254865986E-1,1.787821269E-1,8.804486966E-1
1.362530779E1,5.981233835E-1,4.319154015E-1,1.514960951E-1,7.531623748E-1
1.363527679E1,1.022584901E0,4.323454642E-1,-2.339061677E-2,1.110472692E0
1.364524679E1,2.081115413E-1,-5.040469462E-1,6.410495478E-1,8.416164568E-1
1.365521579E1,3.322635344E-1,7.067664045E-1,-1.476269925E-1,7.948028282E-1
1.366518579E1,5.796368996E-1,1.698712626E-1,2.902733266E-1,6.701446004E-1
1.367515479E1,-3.734973866E-2,2.800684735E-1,-6.906082088E-1,7.461722662E-1
1.368512479E1,1.067814228E-1,-7.265451962E-1,-8.091441339E-1,1.092695943E0
1.369509379E1,-7.297318556E-1,-2.105088851E0,2.939946116E0,3.688792596E0
1.370506279E1,-1.099188615E0,8.738576084E-1,1.780645566E0,2.267717214E0
1.371503279E1,-1.075256619E0,7.529415742E-1,1.829705459E0,2.251870307E0
1.372500150E1,-5.618116261E-1,1.880017242E0,-9.294617057E-2,1.964366596E0
1.373497150E1,-1.780824162E-1,3.684505999E-1,-1.726762889E0,1.774592704E0
1.374494050E1,-2.941867036E-1,-3.239907110E-1,-5.465988886E-1,7.002043576E-1
1.375491050E1,-1.086836591E-1,1.287498999E0,-2.407296930E0,2.732131827E0
1.376487950E1,-7.804278731E-1,-9.359372047E-1,-1.420637176E0,1.871698721E0
1.377484850E1,-1.090097510E0,-8.796685714E-1,4.921484470E-2,1.401624585E0
1.378481850E1,-1.351135709E0,-2.359243342E-1,-4.404812801E-1,1.440573411E0
1.379478750E1,-1.377571409E0,4.753666458E-1,-5.244543135E-2,1.458227335E0
1.380475750E1,-1.013687485E0,1.208064867E0,-9.225245690E-1,1.827028905E0
1.381472650E1,-1.104508412E0,-1.457193968E0,-1.342146492E0,2.268195384E0
1.382469650E1,-2.544787007E-1,-2.390736446E-1,-1.678896412E0,1.714820335E0
1.383466550E1,-4.533200846E-1,-7.848106536E-1,-6.479416609E-1,1.114116357E0
1.384463450E1,-5.514223299E-1,-6.318574324E-1,1.113192916E0,1.393739168E0
1.385460450E1,-5.051371961E-1,3.252271047E-1,8.110292763E-1,1.009309043E0
1.386457350E1,-4.449071838E-1,-1.424428218E0,1.081621460E0,1.843052667E0
1.387454350E1,-3.344328149E-1,2.490522105E-1,1.020063727E0,1.101999237E0
1.388451250E1,-4.556859046E-1,1.053803331E0,4.231355149E-1,1.223599105E0
1.389448250E1,-6.131600102E-1,1.732576191E0,4.200288892E-1,1.885261182E0
1.390445150E1,-6.771439715E-1,3.913275388E-1,2.906984192E-1,8.343660897E-1
1.391442050E1,-8.675626422E-1,-1.229142033E0,1.254859257E-1,1.509702551E0
1.392439050E1,-7.638663657E-1,1.150105219E0,-3.797567761E-1,1.431938912E0
1.393435950E1,-1.335512533E0,-1.136120433E0,-4.588000220E-1,1.812418502E0
1.394432950E1,-1.462289232E0,-1.153854746E0,-1.143814200E0,2.185859441E0
1.395429850E1,-1.234584036E0,-2.439434981E-1,-1.611866856E0,2.044950105E0
1.396426850E1,-2.019470558E0,-3.024174088E0,-3.460352987E-1,3.652893466E0
1.397423750E1,-1.353235006E0,-1.782419904E0,1.197528477E0,2.538176539E0
1.398420650E1,-6.627118738E-1,-2.868263053E0,1.025385278E0,3.117296094E0
1.399417650E1,1.187241689E-1,-1.847628930E0,2.085760295E0,2.788946772E0
1.400414550E1,7.792074861E-1,1.547705358E-1,2.572398326E0,2.692276244E0
1.401411550E1,-3.246906958E-1,-2.495651282E0,4.926943431E0,5.532492290E0
1.402408450E1,-3.772017987E-1,3.463080713E-1,2.844186265E0,2.889914530E0
1.403405450E1,-6.377278177E-1,1.581381227E0,6.573673725E-1,1.827455942E0
1.404402350E1,-7.130550119E-1,2.108479652E-1,-6.755680007E-1,1.004637466E0
1.405399250E1,6.489981797E-2,4.992168537E-1,-2.714525428E0,2.760811068E0
1.406396250E1,-1.315670884E0,-1.051473216E0,-1.684474656E0,2.382024489E0
1.407393150E1,-1.392080252E0,-2.851184213E-1,-6.353356487E-1,1.556544676E0
1.408390150E1,-1.074769181E0,1.659092770E0,-1.727061097E0,2.624968122E0
1.409387050E1,-3.342936146E-1,1.713092976E0,-1.380181460E0,2.225160810E0
1.410384050E1,2.187827099E-1,1.823025016E0,-5.018068779E-1,1.903443255E0
1.411380950E1,-7.297592644E-1,4.768082768E-1,7.096625304E-1,1.124062109E0
1.412377950E1,-4.053611487E-2,1.803113492E0,2.029743969E-2,1.803683295E0
1.413374850E1,3.949366961E-1,2.101975501E0,-6.205731833E-1,2.226968136E0
1.414371750E1,-1.448748908E-1,7.326833108E-1,-1.596582234E-2,7.470398084E-1
1.415368750E1,2.917084526E-2,4.558881086E-1,5.184790438E-1,6.910176732E-1
1.416365650E1,-3.245785754E-1,-2.204970405E-1,1.778545831E0,1.821316960E0
1.417362650E1,-1.311381074E0,5.566525912E-1,1.008729485E0,1.745599497E0
1.418359550E1,-1.494175268E0,4.236790136E-1,2.710786718E-1,1.576561856E0
1.419356550E1,-1.377790388E0,-1.034386775E0,-2.042409039E-1,1.734928442E0
1.420353450E1,-9.297067040E-1,-7.286791375E-1,-8.683156174E-1,1.466049062E0
1.421350350E1,-6.308715188E-1,-1.134164832E0,-2.277747774E-1,1.317653250E0
1.422347350E1,-9.424550959E-1,5.499505126E-1,-5.227849334E-1,1.209946801E0
1.423344250E1,-1.432872767E0,-3.142904726E-1,3.655170518E-1,1.511788869E0
1.424341250E1,-1.523801210E0,1.820910662E-1,3.963125825E-2,1.535154038E0
1.425338150E1,-1.667180492E0,9.962187821E-1,-5.949074149E-2,1.943059908E0
1.426335150E1,-1.307853449E0,3.142817017E-1,6.096844983E-1,1.476810354E0
1.427332050E1,-8.063919957E-1,6.034203762E-1,7.828082746E-1,1.275606913E0
1.428328950E1,-7.422326910E-1,-8.628239125E-1,6.593279439E-1,1.315328023E0
1.429325950E1,-2.904770290E-1,3.942616716E-1,-2.084725338E-1,5.322405165E-1
1.430322850E1,-3.715824417E-1,4.101871482E-1,3.707631737E-1,6.661774077E-1
1.431319850E1,-2.717315865E-1,1.294851288E-1,5.357230675E-1,6.144946369E-1
1.432316750E1,-4.078914582E-1,1.339381636E0,-4.585140932E-1,1.473279940E0
1.433313750E1,-8.412329225E-1,5.229916325E-1,6.832588434E-2,9.929055867E-1
1.434310650E1,-5.630177971E-1,1.817965712E0,-7.400668824E-1,2.041981234E0
1.435307650E1,-1.070607644E0,2.256016597E-1,2.255633605E-1,1.117128312E0
1.436304550E1,-8.466882285E-1,-5.580606008E-1,3.367434883E-1,1.068507729E0
1.437301450E1,-3.393425026E-1,-8.202064812E-1,4.190214139E-1,9.815655613E-1
1.438298450E1,-7.137805051E-1,-8.035401624E-1,1.909928089E0,2.191571287E0
1.439295350E1,-2.599419187E-1,5.870917341E-1,1.615742975E0,1.738640810E0
1.440292350E1,-8.132630588E-1,-1.718495218E0,9.985085517E-1,2.147473387E0
1.441289250E1,-1.919455067E-1,-2.411874130E-1,6.297807938E-1,7.011692335E-1
1.442286250E1,1.002960402E0,-7.074511135E-1,-4.587590915E-1,1.310296360E0
1.443283150E1,8.522916153E-1,-6.641518968E-1,-1.416935889E0,1.781910787E0
1.444280050E1,8.211513913E-1,-1.144490138E-1,-1.275218092E0,1.521042198E0
1.445277050E1,-1.504479451E-2,-2.323148772E0,-1.971955937E-1,2.331551558E0
1.446273950E1,3.342193549E-1,-1.762008736E-1,-3.755251461E-1,5.326992214E-1
1.447270950E1,3.716065615E-1,-7.550801933E-2,6.749113584E-1,7.741435520E-1
1.448267850E1,-2.629038806E-1,-3.085429519E-1,1.975018124E0,2.016187936E0
1.449264850E1,4.044428070E-1,-1.626145756E-1,1.552435756E-2,4.361863019E-1
1.450261750E1,1.314808018E-1,-4.063227233E-1,2.999492991E-1,5.218763635E-1
1.451258750E1,6.222603974E-1,7.068544051E-1,-1.931732941E-1,9.613360878E-1
1.452255650E1,1.548366825E-1,-1.026930698E0,-7.818598562E-1,1.299948418E0
1.453252550E1,-5.083303971E-1,-9.687462240E-1,4.314438236E-1,1.176015651E0
1.454249550E1,-4.678819174E-1,-2.609723443E-1,5.455177385E-1,7.645977086E-1
1.455246450E1,-1.078986339E0,-5.278430673E-1,1.220482891E0,1.712427608E0
1.456243450E1,-7.249434976E-1,3.494088498E-1,9.368777293E-1,1.235058500E0
1.457240350E1,-8.590435414E-1,-6.700230861E-1,1.381621630E0,1.759478636E0
1.458237350E1,-7.137336543E-1,2.578166020E-1,9.395446444E-1,1.207737251E0
1.459234250E1,-6.894948258E-1,3.352737907E-1,-6.654219121E-1,1.015183703E0
1.460231150E1,-1.307389765E0,1.226775080E-1,-1.361691980E0,1.891698395E0
1.461228150E1,-1.086712850E0,9.969005674E-2,-1.594984190E0,1.932577939E0
1.462225050E1,-1.211119306E0,-1.379253800E0,-1.067586388E0,2.123415106E0
1.463222050E1,-1.356464715E0,-4.916622511E-1,-7.506713927E-2,1.444771043E0
1.464218950E1,-1.477218197E0,-7.912525311E-1,4.768866295E-1,1.742318865E0
1.465215950E1,-1.560023687E0,-7.323643452E-1,2.063114029E-1,1.735683103E0
1.466212850E1,-1.407414283E0,-6.057086840E-1,4.582445365E-1,1.599276720E0
1.467209850E1,-5.852874295E-1,-2.277152528E0,4.178671736E-1,2.388011303E0
1.468206750E1,-5.190501706E-1,-9.487119091E-1,7.966936576E-1,1.343200711E0
1.469203650E1,-7.274224978E-1,-4.695591912E-1,5.766430521E-1,1.040262723E0
1.470200650E1,-9.821880957E-1,-8.085675985E-2,3.929790848E-1,1.060973059E0
1.471197550E1,-1.411187783E0,1.185182373E0,5.147268856E-1,1.913387568E0
1.472194550E1,-1.447609359E0,-5.121833467E-1,7.502585793E-1,1.709032642E0
1.473191513E1,-1.183362354E0,1.129227443E0,-6.369325233E-1,1.755330202E0
1.474188512E1,-1.202769482E0,7.264580727E-3,7.689351708E-1,1.427574341E0
1.475185413E1,2.316783420E-1,-7.419414997E-1,1.762285309E0,1.926084513E0
1.476182413E1,4.377443446E-1,6.966840506E-1,8.553751445E-1,1.186867901E0
1.477179313E1,4.193135554E-1,7.998660645E-1,-1.959725901E0,2.157807958E0
1.478176213E1,-1.035346376E-1,1.520756126E0,-2.106327876E0,2.600006873E0
1.479173212E1,-1.324058130E-2,-4.277653402E-1,-1.775884178E0,1.826724696E0
1.480170112E1,-1.669846202E-1,-1.085774737E0,-2.886828840E-1,1.135838215E0
1.481167113E1,-6.610392778E-1,1.590798753E0,-8.088728231E-1,1.903126071E0
1.482164013E1,-3.730301027E-1,3.869760409E-1,-1.436923426E0,1.534161284E0
1.483161013E1,5.194782599E-1,3.298148301E-1,-2.883367288E-1,6.795392217E-1
1.484157913E1,7.410541116E-1,-1.890378508E0,1.248936027E0,2.383806473E0
1.485154813E1,1.122024697E0,-8.132599890E-1,1.001082496E0,1.709531337E0
1.486151812E1,1.095952254E0,1.008333043E0,1.519320635E0,2.127482564E0
1.487148712E1,8.572278348E-1,1.335425118E-1,2.207521545E0,2.371882066E0
1.488145713E1,9.425131296E-1,9.211270845E-1,8.880219036E-1,1.589147258E0
1.489142613E1,2.939203995E-1,4.689408481E-2,-3.139206362E-1,4.325903631E-1
1.490139613E1,3.020974017E-1,1.065827546E0,-1.261446145E0,1.678838162E0
1.491136513E1,4.174439813E-1,8.884385177E-1,-5.163062185E-1,1.109123342E0
1.492133512E1,9.785542705E-1,-1.658588448E0,2.659023072E0,3.283121654E0
1.493130412E1,2.048391910E0,3.715583950E-1,3.456452894E-1,2.110316498E0
1.494127313E1,1.184939202E0,6.635239059E-1,1.162192583E-1,1.363030375E0
1.495124313E1,1.613518256E0,1.863892083E0,-7.956756574E-1,2.590489261E0
1.496121213E1,1.599150331E0,-6.141199037E-1,-1.072816722E0,2.021227537E0
1.497118213E1,3.883477246E-1,-2.018858500E0,-1.136609260E0,2.349145421E0
1.498115112E1,8.584215438E-1,3.343972930E-1,-1.538694799E0,1.793402013E0
1.499112113E1,1.744842589E-1,-1.282407244E0,1.201310456E-2,1.294278722E0
1.500109013E1,8.661841612E-1,-1.086985111E0,9.270526528E-1,1.670699929E0
1.501106013E1,1.446345337E0,-8.753653130E-1,1.356820080E0,2.167749984E0
1.502102913E1,1.093474351E0,-1.506184572E0,2.116012620E0,2.818117728E0
1.503099813E1,1.662288419E0,-7.620617688E-1,1.454248141E0,2.336402916E0
1.504096812E1,6.858028208E-1,-1.436012722E0,1.450124685E0,2.152979249E0
1.505093712E1,9.438093842E-1,-7.800141826E-1,1.096738851E0,1.643786600E0
1.506090713E1,9.538172592E-1,-7.494101483E-1,-7.046538055E-2,1.215050741E0
1.507087613E1,5.133071085E-1,-6.465704888E-2,-5.267750734E-1,7.383472757E-1
1.508084613E1,1.176128471E0,-9.823702365E-2,-1.206992195E0,1.688122879E0
1.509081513E1,6.529713627E-1,-1.292855341E0,-2.302606627E0,2.720265394E0
1.510078512E1,8.889523418E-1,-4.178855923E-1,-1.774976690E0,2.028646565E0
1.511075412E1,9.668819855E-1,-7.247901544E-1,-6.615621650E-1,1.377623330E0
1.512072313E1,8.254163504E-1,-4.697240826E-1,7.376619226E-1,1.202538140E0
1.513069313E1,1.325595948E0,-2.755801508E-1,6.404028457E-1,1.497753265E0
1.514066213E1,1.107540559E0,-9.218050691E-1,1.468585514E0,2.057453301E0
1.515063213E1,1.297829714E0,-3.693019545E-1,1.535679390E0,2.044274220E0
1.516060113E1,1.422022235E0,-3.612430295E-1,7.233953011E-1,1.635831448E0
1.517057112E1,1.065493377E0,1.955784878E0,6.640899163E-1,2.324088217E0
1.518054013E1,8.958186541E-1,7.339799309E-1,3.925224173E-1,1.222821102E0
1.519051013E1,6.422015955E-1,-7.787389049E-1,-5.380292094E-1,1.143823676E0
1.520047913E1,1.004032270E0,1.108409894E-1,-1.187694045E0,1.559161207E0
1.521044813E1,9.351419833E-1,-1.515547719E0,-2.544741581E0,3.105975713E0
1.522041813E1,1.463950718E0,-7.645713937E-1,-2.669412405E0,3.139025917E0
1.523038712E1,1.335904735E0,-9.179146242E-1,-2.500047219E-1,1.640033866E0
1.524035713E1,6.258280760E-1,-8.145475459E-1,9.342780572E-1,1.388533029E0
1.525032613E1,4.019196238E-1,1.348943880E-1,2.705561062E0,2.738575640E0
1.526029613E1,3.719548728E-1,-7.612665474E-1,2.463748873E0,2.605366710E0
1.527026513E1,1.160405089E0,1.870557032E0,2.022128556E0,2.989067995E0
1.528023512E1,1.687625282E0,1.668001295E0,2.654080421E-1,2.387624100E0
1.529020412E1,1.292562396E0,-7.392894951E-1,-4.731572753E-1,1.562416177E0
1.530017312E1,6.892963129E-1,7.136134940E-1,-1.169601005E0,1.533734050E0
1.531014313E1,-3.530544060E-1,-1.104738134E0,-1.008966882E0,1.537240361E0
1.532011213E1,-5.228969442E-1,4.038791719E-1,-9.198225707E-1,1.132525126E0
1.533008213E1,-1.573055231E-1,-7.983992904E-2,-1.019446262E0,1.034596599E0
1.534005113E1,4.819962189E-1,-2.017510717E0,-8.966939092E-2,2.076225048E0
1.535002112E1,5.359968634E-1,-3.555808783E-1,6.857994586E-1,9.402400204E-1
1.535999012E1,2.817122355E-1,-3.897827044E-1,1.065449231E0,1.168962961E0
1.536996013E1,8.161430318E-2,1.227843074E0,1.599560806E0,2.018131383E0
1.537992913E1,4.438279705E-1,1.696924255E0,2.028019041E-1,1.765690745E0
1.538989813E1,6.225450106E-2,1.228765472E0,-4.414916790E-1,1.307155351E0
1.539986813E1,-3.027346934E-1,1.349346169E0,-1.198670438E0,1.830080380E0
1.540983712E1,-5.678958002E-1,-1.758351302E-1,-1.276361808E0,1.408020986E0
1.541980712E1,-9.307521131E-1,1.016044059E0,-3.023507506E-1,1.410695220E0
1.542977613E1,-4.747622264E-1,-2.256361583E-1,3.508960891E-1,6.320117980E-1
1.543974613E1,-4.120113698E-1,-4.176338696E-1,7.986226541E-1,9.909437731E-1
1.544971513E1,-1.186283112E-1,-4.302878290E-2,1.143475646E-1,1.702924481E-1
1.545968513E1,-7.029266842E-2,-1.539330684E0,1.176600122E0,1.938779993E0
1.546965412E1,-4.041098446E-1,6.614691943E-1,-2.701594895E-1,8.208729568E-1
1.547962312E1,1.282939414E-1,5.034803510E-1,-1.902405646E0,1.972079877E0
1.548959313E1,-5.137511680E-1,2.006489593E-1,-1.949546483E0,2.026063118E0
1.549956213E1,-2.677173634E-1,-5.996091610E-1,-1.260143970E0,1.420973806E0
1.550953213E1,-3.869750176E-1,-2.129595994E0,1.710302392E0,2.758634270E0
1.551950113E1,-1.464050413E0,-2.530031741E-1,2.082395223E0,2.558089929E0
1.552947112E1,-6.516333005E-1,-8.818183002E-1,2.051165829E0,2.325835491E0
1.553944012E1,-1.027504602E0,3.693405461E-1,9.699267769E-1,1.460457496E0
1.554941013E1,-3.007043025E-1,-6.396593723E-1,6.280593735E-1,9.455399340E-1
1.555937913E1,-5.415128343E-1,-5.464921769E-1,5.176417226E-1,9.272770902E-1
1.556934913E1,-1.097591521E0,4.273724073E-1,-1.125204851E0,1.628938390E0
1.557931813E1,3.948003463E-3,-3.644511044E-1,-1.640151007E0,1.680159374E0
1.558928713E1,-2.606687459E-1,-4.466231954E-1,-1.777859952E0,1.851541651E0
1.559925712E1,-3.803683218E-1,-2.658789768E0,8.280125141E-2,2.687135862E0
1.560922613E1,-1.127511285E0,-1.578211744E0,2.393971125E0,3.081092624E0
1.561919613E1,-1.359011616E0,-8.167303115E-2,2.097095708E0,2.500278677E0
1.562916513E1,-3.332026338E-1,-2.559472471E-1,1.853391361E0,1.900419039E0
1.563913513E1,-7.125903044E-2,1.526210994E-2,5.698339695E-1,5.744750075E-1
1.564910413E1,-5.061724821E-1,-1.211733118E0,7.236560869E-1,1.499395166E0
1.565907412E1,-7.312523510E-1,8.155354330E-1,5.918551683E-1,1.245038386E0
1.566904313E1,-3.132210899E-1,1.839349565E0,-5.513047278E-1,1.945572197E0
1.567901213E1,5.009537691E-1,-4.234132576E-1,-1.260729861E-1,6.679280375E-1
1.568898213E1,4.668305514E-2,-2.998873186E-1,-6.592092454E-2,3.105757231E-1
1.569895113E1,-4.897359224E-1,-1.169895997E0,1.222603676E0,1.761606559E0
1.570892112E1,-1.087434542E0,1.019331656E0,7.387401491E-1,1.663516732E0
1.571889012E1,-1.199908878E0,1.459929296E0,-2.285992348E-1,1.903531580E0
1.572885963E1,5.724774226E-1,-6.820119247E-1,-8.215373075E-1,1.211525572E0
1.573882863E1,6.473777700E-1,-7.902280989E-1,-2.054676497E0,2.294614114E0
1.574879863E1,2.960399055E-1,-5.702660787E-1,-1.728781933E0,1.844323723E0
1.575876763E1,-2.501750403E-1,1.522608524E0,-2.700975090E-1,1.566485535E0
1.576873763E1,-3.949102740E-1,3.563281524E-1,-1.854660791E-1,5.633130064E-1
1.577870662E1,7.973292500E-2,-4.072758195E-1,5.013578117E-1,6.508383730E-1
1.578867562E1,-3.298134049E-1,-1.645503548E0,-8.593360484E-2,1.680429527E0
1.579864563E1,2.125790699E-1,-1.341945640E0,2.834104496E-1,1.387922709E0
1.580861463E1,1.374470996E-1,1.770366746E0,4.317917329E-1,1.827439252E0
1.581858463E1,7.721708006E-1,-1.738214076E0,3.051299322E-1,1.926328164E0
1.582855363E1,1.445712229E0,-1.579177704E0,-2.141928649E-1,2.151688791E0
1.583852362E1,8.070832097E-1,2.259913766E-1,-1.345988113E-1,8.488652718E-1
1.584849262E1,-3.587419196E-1,3.727971277E-1,1.401643081E0,1.494080583E0
1.585846263E1,1.723358092E-1,1.962773762E0,5.730733269E-1,2.051973077E0
1.586843163E1,1.120171385E-1,-1.855353686E-1,-8.539577794E-1,8.810307040E-1
1.587840063E1,9.067996520E-1,-3.751456618E-2,-2.903417391E-1,9.528857628E-1
1.588837063E1,6.520415092E-1,-1.343808563E0,8.501541656E-1,1.718645306E0
1.589833963E1,-4.324547706E-1,-4.984996927E-1,2.252414128E0,2.347102144E0
1.590830962E1,2.951547650E-1,1.700339029E0,4.228741443E-1,1.776820669E0
1.591827863E1,-7.566881776E-3,2.601475945E-1,1.340743160E-1,2.927626186E-1
1.592824863E1,1.002227381E0,1.083209563E0,1.303929090E-4,1.475738018E0
1.593821763E1,9.110244846E-1,-5.963455376E-1,5.118944943E-2,1.090052279E0
1.594818763E1,1.157794381E-3,7.678771171E-1,1.442572421E-1,7.813109236E-1
1.595815663E1,4.104743561E-1,6.539555222E-1,-8.517428541E-1,1.149614245E0
1.596812662E1,2.586454814E-1,-1.112328990E0,-1.007350711E0,1.522802916E0
1.597809563E1,5.687096961E-1,1.937738031E-1,-1.211943617E0,1.352695951E0
1.598806463E1,-9.677521060E-2,-2.427604602E0,-1.586566538E0,2.901693114E0
1.599803463E1,-5.369460858E-1,-5.706408852E-1,3.662871301E-2,7.844002687E-1
1.600800363E1,-2.180909112E-1,-4.821117014E-2,5.473204350E-1,5.911409486E-1
1.601797362E1,-4.072598858E-1,-1.562776849E0,1.404893548E0,2.140527499E0
1.602794262E1,1.359087612E-1,-1.740561149E-1,9.161493498E-1,9.423886426E-1
1.603791263E1,3.691805151E-1,-6.675979534E-1,1.536932448E0,1.715850410E0
1.604788163E1,2.960492793E-1,8.625949940E-1,1.126605259E0,1.449467043E0
1.605785163E1,2.825521697E-1,2.217097530E-1,1.081259517E0,1.139347658E0
1.606782063E1,8.775666618E-2,-4.772517881E-1,4.075211102E-1,6.336749616E-1
1.607778963E1,-1.622441180E-1,7.200743750E-1,-1.341785134E0,1.531410332E0
1.608775962E1,-5.010778397E-1,-2.665967810E-1,-1.045765164E0,1.189864540E0
1.609772862E1,-7.629315421E-1,8.276353687E-2,-9.776298988E-1,1.242849371E0
1.610769863E1,-6.314972439E-1,-7.784301719E-1,-7.200641423E-1,1.234193936E0
1.611766763E1,-1.307227468E-1,-1.210328032E0,-3.004369569E-1,1.253891840E0
1.612763763E1,-1.867115360E-1,-4.551534060E-1,-4.221730632E-1,6.482714832E-1
1.613760663E1,1.917275700E-1,-5.414954388E-1,-7.295424789E-1,9.285520986E-1
1.614757662E1,1.896296987E-1,5.928901255E-1,3.816629684E-1,7.301676143E-1
1.615754562E1,3.740155778E-1,-2.343562572E0,2.263604529E0,3.279646116E0
1.616751563E1,7.033099692E-1,-1.964505123E0,2.785959107E0,3.480731739E0
1.617748463E1,-1.357696705E-1,-5.471903345E-1,1.547667351E0,1.647156609E0
1.618745363E1,-3.902714586E-1,-6.738056499E-1,4.943119168E-1,9.223178066E-1
1.619742363E1,-1.132707487E0,1.151862307E0,-1.083613606E0,1.945258716E0
1.620739262E1,-1.321900215E0,-9.154783818E-1,-1.805189838E0,2.417484478E0
1.621736263E1,-3.735725415E-1,-1.490168756E0,-1.135135762E0,1.910155115E0
1.622733163E1,-8.349800563E-1,-1.665986637E0,-1.329880203E0,2.289385185E0
1.623730163E1,-8.857560345E-1,-1.426042927E0,-8.020502919E-1,1.860496400E0
1.624727063E1,-2.669615925E-1,9.019844699E-1,1.197158933E-1,9.482491080E-1
1.625724063E1,7.150710587E-1,-5.322141534E-1,9.972829753E-1,1.337591813E0
1.626720962E1,2.167423532E0,9.856826842E-2,1.312204070E0,2.535610379E0
1.627717963E1,1.756121613E0,1.139000479E0,1.875968045E-1,2.101541761E0
1.628714863E1,1.420629575E0,7.802261442E-1,8.764374000E-1,1.842575301E0
1.629711763E1,1.101372112E0,1.236425032E0,6.538011557E-1,1.780231260E0
1.630708763E1,3.922572461E-1,-4.286117247E-1,5.601234984E-1,8.070390890E-1
1.631705663E1,6.130490593E-1,9.964281124E-1,3.400038958E-1,1.218318834E0
1.632702662E1,-1.647542546E-2,3.431915054E-1,-1.857128316E-1,3.905651096E-1
1.633699562E1,-2.605527335E-1,-2.185683364E-1,5.648743612E-1,6.593503534E-1
1.634696563E1,-2.118184020E-1,4.121690619E-1,9.166095257E-3,4.635023067E-1
1.635693463E1,-4.594290362E-1,-7.924015090E-1,1.350051928E-1,9.258518201E-1
1.636690463E1,-1.139399954E-1,1.130848584E0,6.519586980E-1,1.310286604E0
1.637687363E1,-2.717664871E-1,1.959138840E-2,1.078742875E0,1.112621696E0
1.638684362E1,-4.795738271E-1,-4.224692246E-1,1.380891897E0,1.521622073E0
1.639681262E1,-1.365307496E-1,1.142997928E0,-2.408532447E-1,1.176050677E0
1.640678163E1,-3.652500168E-1,4.579746875E-1,-2.814685893E-1,6.499022664E-1
1.641675163E1,1.090755688E-1,1.463348747E0,-1.419898088E0,2.041910286E0
1.642672063E1,-6.255137516E-2,-7.343667242E-1,-2.111043656E0,2.236003685E0
1.643669063E1,-1.263145675E-1,-5.707306400E-1,-2.520397868E0,2.587294774E0
1.644665962E1,9.562605914E-2,-1.900190136E-1,-1.993052106E0,2.004372288E0
1.645662962E1,-1.075014069E-1,-1.897113039E0,-1.358173125E0,2.335643096E0
1.646659863E1,2.094615173E-1,-5.218672130E-1,-1.083646935E-1,5.726800345E-1
1.647656863E1,6.033544488E-2,-8.447367203E-1,1.032607759E0,1.335477172E0
1.648653763E1,1.055740368E-2,1.957425606E-1,1.493215156E0,1.506027261E0
1.649650763E1,4.275068202E-1,1.623599001E0,5.804373103E-1,1.776441181E0
1.650647662E1,5.888115099E-2,1.509335929E-1,5.411247253E-2,1.708101259E-1
1.651644562E1,3.961208669E-1,3.770577013E-2,-7.536482102E-1,8.522435632E-1
1.652641563E1,-2.106221347E-1,-1.970282756E0,1.477092628E0,2.471472932E0
1.653638463E1,-8.234426958E-1,-2.983658731E-2,8.552049905E-1,1.187570491E0
1.654635463E1,-2.979673305E-1,2.508420432E-1,-6.681777048E-1,7.734130241E-1
1.655632363E1,5.066004983E-1,-1.777243656E-1,-1.314232469E0,1.419660874E0
1.656629362E1,1.085719992E0,-8.240624276E-1,-9.270070446E-1,1.648395841E0
1.657626262E1,1.097913776E0,-2.172520112E0,1.452928424E0,2.834829678E0
1.658623263E1,9.696116120E-1,-6.388010010E-1,2.609080249E0,2.855785906E0
1.659620163E1,1.289089880E0,-7.511277679E-1,3.882485120E0,4.159283153E0
1.660617163E1,8.868079486E-1,6.022868934E-1,3.686787583E0,3.839476594E0
1.661614063E1,7.400456131E-1,6.621226206E-1,1.543976589E0,1.835738974E0
1.662610963E1,4.155378621E-1,-4.693106845E-1,1.383646520E0,1.519013472E0
1.663607962E1,1.673674118E-2,1.564437166E0,-2.406287116E-1,1.582923227E0
1.664604862E1,4.012365593E-1,-1.605538122E0,3.232972312E-1,1.686198250E0
1.665601863E1,3.762032770E-1,-6.035826364E-1,-3.624227053E-1,7.982425207E-1
1.666598763E1,-1.897014550E-1,-1.000580513E0,-1.044527308E0,1.458830114E0
1.667595763E1,-1.310003617E-1,-1.391375955E0,-1.378482844E0,1.962983213E0
1.668592663E1,-1.056718314E-1,-3.813732389E-1,-2.074481016E0,2.111890994E0
1.669589662E1,6.974485740E-3,-1.686612398E0,-2.933848055E0,3.384106150E0
1.670586563E1,6.194140093E-2,-1.702413621E0,-3.519859516E0,3.910429630E0
1.671583563E1,4.813206827E-2,-1.068752323E0,-2.640310813E0,2.848822460E0
1.672580463E1,1.734273930E-1,-1.173846961E0,-4.971542484E-1,1.286528700E0
1.673577542E1,-3.734194907E-1,-4.585699341E-1,1.008561670E0,1.169155739E0
1.674574442E1,-5.752223980E-1,-6.412562469E-1,2.523342526E0,2.666336041E0
1.675571342E1,-5.292007908E-1,4.991706607E-1,2.788399150E0,2.881734659E0
1.676568342E1,-1.681562377E-2,1.510041103E0,2.580680323E0,2.990053148E0
1.677565242E1,4.327009019E-1,1.288762290E0,2.287378138E0,2.660871485E0
1.678562242E1,7.970292147E-2,9.460461634E-1,-8.222904289E-1,1.255992615E0
1.679559142E1,3.714196698E-1,-1.088787807E0,-3.026711195E0,3.237961105E0
1.680556142E1,3.563992692E-1,-1.720607525E-1,-4.184261674E0,4.202936009E0
1.681553042E1,5.440176353E-2,-1.410900685E0,-3.261985027E0,3.554454474E0
1.682550042E1,-4.184511642E-1,-1.349564562E0,-5.181527692E-1,1.504961188E0
1.683546942E1,-4.246431463E-1,1.581454610E0,1.284153807E0,2.080954465E0
1.684543942E1,1.255797735E-1,4.982889006E-1,3.408623840E0,3.447140639E0
1.685540842E1,1.089541513E0,1.179278732E0,5.805940742E0,6.023848183E0
1.686537742E1,-1.282268811E-2,4.798546761E-2,6.203075443E0,6.203274295E0
1.687534742E1,-4.118523986E-1,6.953868458E-1,3.281770835E0,3.379823232E0
1.688531642E1,1.019903879E-1,1.353948512E0,4.782490307E-1,1.439548800E0
1.689528642E1,-4.171868866E-1,1.190465333E0,-5.288771474E-1,1.367831731E0
1.690525542E1,-6.215181664E-1,1.928571644E0,-3.000297568E0,3.620422477E0
1.691522542E1,-7.252789085E-1,-2.331350077E0,-3.508134679E0,4.274135188E0
1.692519442E1,-8.310389050E-2,-2.476230340E0,9.541661918E-1,2.655005852E0
1.693516442E1,7.409475644E-2,-1.587258849E-1,1.119194498E0,1.132819608E0
1.694513342E1,-2.954710811E-1,-1.245240002E0,2.594327724E-1,1.305845009E0
1.695510342E1,-4.509491117E-1,-6.097675288E-1,-5.242596012E-1,9.219651132E-1
1.696507242E1,1.264333482E-1,-1.838992592E0,-1.561999462E0,2.416137716E0
1.697504242E1,2.989564053E-1,1.174980444E-1,-2.819867111E0,2.838103459E0
1.698501142E1,8.345571564E-1,2.609449208E0,-2.814207591E0,3.927527872E0
1.699498042E1,9.312874257E-1,4.823856434E-1,-1.521866512E0,1.848261307E0
1.700495042E1,4.899743061E-1,-1.465562796E0,-7.817727327E-2,1.547275287E0
1.701491942E1,1.221635286E-1,-1.384758953E0,-1.518030739E-1,1.398401037E0
1.702488942E1,-6.791348205E-2,1.485992675E0,-3.142194289E-1,1.520368482E0
1.703485842E1,2.054309036E-1,6.344959885E-2,-3.804192656E-1,4.369742846E-1
1.704482842E1,9.189484119E-1,-2.361454759E0,1.134055781E0,2.776151523E0
1.705479742E1,7.517480113E-1,-9.622467515E-1,4.904796517E-1,1.315908117E0
1.706476742E1,6.020947393E-1,9.960147142E-3,5.564070082E-1,8.198817222E-1
1.707473642E1,-3.660448361E-2,1.014125003E0,1.383322585E0,1.715625479E0
1.708470642E1,-8.055967013E-1,8.986486334E-1,2.199184585E-1,1.226751621E0
1.709467542E1,-1.072743047E0,7.559110826E-1,-2.586205941E-1,1.337558904E0
1.710464542E1,-1.466379944E0,2.666213393E0,-1.429346604E0,3.361844094E0
1.711461442E1,-1.232684715E0,4.879773358E-1,-2.276204109E-1,1.345155953E0
1.712458342E1,-1.047228868E0,-6.572676775E-1,1.370848719E0,1.846053985E0
1.713455342E1,-9.370790197E-1,-2.794440201E0,2.490218634E0,3.858523289E0
1.714452242E1,-2.313529810E-1,-1.406977203E0,3.222301728E0,3.523682375E0
1.715449242E1,-3.973222505E-1,5.658873913E-1,2.093970956E0,2.205177515E0
1.716446142E1,-1.040173892E-1,-1.465636471E0,1.969105420E0,2.456885434E0
1.717443142E1,-1.336429651E-1,5.347454131E-1,-2.189232624E-1,5.930771398E-1
1.718440042E1,-7.879111397E-1,-1.964490212E0,-8.238031036E-1,2.271272179E0
1.719437042E1,-5.292492496E-1,-2.228912998E0,-1.258723097E0,2.613913112E0
1.720433942E1,-6.080230120E-1,-8.940509677E-1,-1.591713842E0,1.924206868E0
1.721430942E1,3.887787375E-1,-2.757998599E0,-8.177600062E-1,2.902832514E0
1.722427842E1,5.184035051E-1,-1.662556660E0,-1.326850176E-1,1.746551504E0
1.723424842E1,3.434835372E-1,-1.173770947E0,1.067553644E0,1.623388419E0
1.724421742E1,1.114050721E-1,-7.123224288E-1,1.717992650E0,1.863146017E0
1.725418742E1,-3.831476130E-1,1.067815306E0,-4.690314800E-1,1.227608305E0
1.726415642E1,-1.811864654E-1,5.832635620E-1,-1.129244692E0,1.283829620E0
1.727412542E1,-5.377730282E-1,4.476447040E-1,-9.078632605E-1,1.146211722E0
1.728409542E1,-4.638145211E-1,-1.455541545E-1,-1.001564891E0,1.113302364E0
1.729406442E1,-3.691480266E-1,1.225462380E-1,-5.153045905E-1,6.456211481E-1
1.730403442E1,-5.932286428E-1,1.613086877E0,-1.557798237E0,2.319634636E0
1.731400342E1,-3.026186810E-1,9.849079281E-1,-1.618228626E0,1.918407042E0
1.732397342E1,-3.374543636E-1,9.680620998E-1,-6.759767210E-1,1.227991940E0
1.733394242E1,-4.389563628E-1,-7.695745638E-1,-4.766416311E-2,8.872426783E-1
1.734391242E1,-8.072109531E-2,-1.041168960E0,2.068166608E0,2.316864652E0
1.735388142E1,-3.000857768E-1,9.095878968E-1,1.642264191E0,1.901166297E0
1.736385142E1,-4.527227915E-1,2.582104120E-1,2.689606349E0,2.739637358E0
1.737382042E1,3.879347102E-2,1.608047747E0,9.649180520E-1,1.875737011E0
1.738379042E1,-5.952570053E-1,5.143666971E-1,-7.013091981E-2,7.898242509E-1
1.739375942E1,-1.873463975E-1,8.238472500E-1,2.379115105E-2,8.452153471E-1
1.740372842E1,2.242319494E-2,9.001174539E-2,-1.229025673E0,1.232521407E0
1.741369842E1,3.505508110E-1,-7.635563171E-1,-1.385396007E0,1.620254985E0
1.742366742E1,2.149150143E-1,-4.617730388E-1,-1.377967120E0,1.469086854E0
1.743363742E1,4.306370175E-2,-2.271581593E0,-7.844302922E-1,2.403594870E0
1.744360642E1,1.794950304E-1,-8.017284027E-1,3.143901676E-1,8.796749826E-1
1.745357642E1,2.153907949E-1,-8.923739862E-1,-8.457646608E-2,9.218881193E-1
1.746354542E1,4.634803527E-1,-1.086143112E0,-7.191677642E-1,1.382650776E0
1.747351542E1,5.733780034E-1,6.369205365E-1,-9.581902456E-1,1.285518826E0
1.748348442E1,-1.690350103E-2,-1.091584823E0,-5.523730141E-1,1.223502800E0
1.749345442E1,-3.890669321E-1,4.938456014E-1,-4.320963728E-1,7.628655393E-1
1.750342342E1,-9.043507650E-1,-6.157042068E-1,-1.992006040E-1,1.112035457E0
1.751339342E1,-1.198832113E0,-1.630959184E0,3.025158175E0,3.639891245E0
1.752336242E1,-8.486995246E-1,8.768139607E-1,1.794464291E0,2.170068131E0
1.753333242E1,-8.881191867E-1,-2.088941181E-1,9.632866788E-1,1.326768129E0
1.754330142E1,-5.614548729E-1,1.738466968E0,-2.879601681E-1,1.849437761E0
1.755327142E1,-1.958340513E-1,1.607020976E0,-1.254453460E0,2.048052947E0
1.756324042E1,-1.367529347E-1,-1.790803349E-1,-1.446402347E0,1.463847971E0
1.757320942E1,-1.352615475E-1,1.254283306E0,-2.006790140E0,2.370385826E0
1.758317942E1,1.958809569E-1,-3.861714640E-1,-8.912934208E-1,9.909095372E-1
1.759314842E1,4.003559321E-1,1.221227534E0,-2.841887140E-1,1.316223685E0
1.760311842E1,1.260814006E-1,8.716619790E-2,2.726515728E-1,3.127832249E-1
1.761308742E1,3.010352732E-1,-7.519419926E-1,1.399031129E0,1.616578825E0
1.762305742E1,3.028225112E-1,-4.112522185E-1,1.669720961E0,1.746080740E0
1.763302642E1,4.407979799E-1,-1.986143621E0,2.251268073E0,3.034349565E0
1.764299642E1,2.180751968E-1,2.340152183E-1,1.228302957E0,1.269270684E0
1.765296542E1,5.445128214E-1,-1.127118352E0,1.014090212E0,1.610983846E0
1.766293542E1,4.305901301E-1,-2.379588729E-1,1.446352061E0,1.527732493E0
1.767290442E1,-2.236306912E-2,6.747455898E-1,2.353445828E-1,7.149606915E-1
1.768287442E1,-4.669891206E-1,-1.812318764E0,1.783172148E0,2.585010841E0
1.769284342E1,-4.140254432E-1,7.425118956E-1,-1.889861029E-1,8.708942128E-1
1.770281342E1,-3.099808554E-1,4.402038297E-1,-1.536924262E0,1.628497384E0
1.771278242E1,-2.970653792E-1,-2.529160506E-1,-2.993283248E0,3.018602155E0
1.772275142E1,-2.359097162E-1,-8.496109593E-1,-3.681718631E0,3.785834684E0
1.773272063E1,-3.983977727E-1,-2.491593314E0,-3.762464002E0,4.530220016E0
1.774268963E1,-1.226454762E-1,-1.697300524E0,-2.068155499E0,2.678271485E0
1.775265963E1,1.332517681E-1,-2.013943039E0,2.022945412E0,2.857626766E0
1.776262863E1,1.247284554E-1,3.156724620E-1,4.549529634E0,4.562173406E0
1.777259862E1,8.169560140E-1,1.311916972E0,3.088578830E0,3.453673762E0
1.778256762E1,5.939264349E-1,1.643344464E0,9.890167665E-1,2.007855523E0
1.779253763E1,8.030474614E-1,1.650757856E0,-1.145640285E0,2.163880401E0
1.780250663E1,6.210667614E-1,-2.227528962E0,-1.011547258E0,2.524051714E0
1.781247663E1,2.667224779E-1,-7.514075571E-1,-2.082632035E0,2.230047172E0
1.782244563E1,7.044443290E-1,-8.570877939E-2,-2.629511590E0,2.723585690E0
1.783241562E1,-3.811417988E-1,-1.154649675E0,5.105584055E-1,1.318770195E0
1.784238462E1,-9.068323964E-1,-5.817254519E-1,2.675580633E0,2.884351091E0
1.785235463E1,-5.020654344E-1,-1.164257235E0,4.505312989E0,4.680321543E0
1.786232363E1,4.781960769E-2,1.995961096E0,2.171524916E0,2.949858958E0
1.787229363E1,9.956329641E-1,1.547448373E0,2.293037658E0,2.940051559E0
1.788226263E1,-6.983287627E-2,1.647862315E-1,1.499407357E0,1.510050845E0
1.789223262E1,-2.821017331E-1,8.920488811E-1,-1.587264696E0,1.842482512E0
1.790220162E1,-1.109576048E-1,-8.275704646E-1,-7.572728992E-2,8.384026994E-1
1.791217063E1,-3.261447521E-1,5.675725588E-1,-3.588845551E-1,7.465300615E-1
1.792214063E1,5.974898743E-2,-5.465617588E-1,-6.084647691E-1,8.200786993E-1
1.793210963E1,-5.781451287E-1,5.533059373E-1,-9.436464661E-1,1.237282467E0
1.794207963E1,-7.817149915E-1,-7.508994341E-3,-7.360767424E-1,1.073752152E0
1.795204863E1,-6.809630804E-3,-2.439816512E0,6.410244048E-1,2.522630229E0
1.796201862E1,1.437391788E-1,6.819402963E-2,-3.166378373E-1,3.543598414E-1
1.797198763E1,6.906804219E-1,-3.387710103E-1,-1.374977438E0,1.575553299E0
1.798195763E1,2.067990972E-1,-1.151664671E0,-6.993147129E-1,1.363135521E0
1.799192663E1,1.233737743E-1,4.958450568E-1,-1.437170763E0,1.525301023E0
1.800189663E1,2.051093250E-1,3.946429101E-1,-6.859263432E-1,8.175009541E-1
1.801186563E1,2.810043569E-1,1.779762929E0,-1.112062649E0,2.117357520E0
1.802183562E1,3.981947647E-1,2.400524685E-1,-9.000958192E-1,1.013092662E0
1.803180463E1,1.813418917E-1,-3.050641510E-1,-6.909572875E-1,7.767695869E-1
1.804177463E1,4.759733126E-2,-1.222317455E0,4.875934660E-2,1.224215235E0
1.805174363E1,3.717359311E-1,-1.542762415E0,9.607349539E-1,1.855078198E0
1.806171363E1,4.668431960E-1,1.696676041E0,-9.182286197E-1,1.984891925E0
1.807168262E1,2.106506947E-1,5.498011163E-1,1.098107100E-1,5.989268525E-1
1.808165262E1,5.924490627E-1,1.398436468E0,-1.922430021E-1,1.530874854E0
1.809162163E1,1.072654718E-1,1.581183299E0,-7.119277418E-1,1.737379526E0
1.810159063E1,-5.277689539E-1,1.508286062E0,-1.057326279E0,1.916091274E0
1.811156063E1,-7.411301254E-1,7.331598589E-1,-7.794917339E-1,1.301692976E0
1.812152963E1,-7.579844322E-1,-1.814014749E0,2.988944614E-1,1.988599459E0
1.813149962E1,1.896242900E-1,-1.009279708E0,6.644273007E-1,1.223137988E0
1.814146862E1,1.122629957E0,-1.919181600E0,2.346322750E0,3.232458272E0
1.815143863E1,1.675859222E0,2.843600374E-1,3.061987447E0,3.502161031E0
1.816140763E1,1.444016683E0,6.129150850E-1,2.734528753E0,3.152538117E0
1.817137763E1,1.611851507E-1,-1.357359485E0,3.331793765E0,3.601285203E0
1.818134663E1,-1.055851556E-1,3.404208022E-1,1.345770596E0,1.392168469E0
1.819131662E1,-5.301643023E-1,-1.047669017E0,1.451288865E0,1.866795095E0
1.820128562E1,-2.243589254E-1,5.654792556E-1,2.816861057E-1,6.704109024E-1
1.821125563E1,-5.169211994E-1,-2.263369471E-1,-4.693413824E-1,7.339736189E-1
1.822122463E1,-8.498387814E-1,-9.901935187E-1,-8.581572497E-1,1.561775600E0
1.823119463E1,-2.511765222E-1,7.455550790E-1,-1.700308331E0,1.873496849E0
1.824116363E1,-2.941370388E-1,-9.462689424E-1,-1.474439746E0,1.776489255E0
1.825113362E1,2.362317516E-1,-3.551227489E-1,-2.227276947E0,2.267747827E0
1.826110262E1,8.892991913E-2,-8.927286199E-1,-1.689713176E0,1.913113572E0
1.827107263E1,2.582326862E-3,-1.080497040E0,-5.198753589E-1,1.199062513E0
1.828104163E1,4.887607896E-1,-2.280577826E-1,-1.380223560E-1,5.567294068E-1
1.829101163E1,6.684906953E-2,-2.420136246E-1,8.297561538E-1,8.669109916E-1
1.830098063E1,4.470535870E-1,9.613690844E-1,3.934725899E-1,1.130888193E0
1.831094963E1,-8.689540786E-2,-1.312506956E-1,5.989548576E-1,6.192935317E-1
1.832091962E1,-1.178937821E-1,1.642275301E-1,7.225989103E-3,2.022914739E-1
1.833088863E1,-8.672911853E-2,-4.785975248E-1,2.612243593E-2,4.870933302E-1
1.834085863E1,-4.937710128E-1,-9.713882884E-1,5.236269325E-1,1.208962441E0
1.835082763E1,-2.815066328E-1,4.073375076E-2,-4.065241599E-1,4.961523106E-1
1.836079763E1,-6.820721510E-1,-1.482296357E0,5.501083875E-1,1.721930355E0
1.837076663E1,-5.614998234E-1,-5.914137036E-2,-9.664342350E-1,1.119274267E0
1.838073662E1,-4.828249886E-1,1.591693962E-1,-9.512683117E-1,1.078594580E0
1.839070563E1,-9.884169153E-1,-1.812458512E-1,-7.447534257E-1,1.250790039E0
1.840067563E1,-6.805534829E-1,2.301700893E-1,-6.529872233E-1,9.708365603E-1
1.841064463E1,-5.035342550E-1,-1.365873616E0,8.039623314E-1,1.662983136E0
1.842061463E1,-9.494917084E-2,3.031208289E-1,1.145846692E0,1.189059386E0
1.843058362E1,-7.744234222E-2,-7.417368472E-2,1.115941107E0,1.121081445E0
1.844055362E1,2.874648359E-1,1.349733254E-1,8.617725831E-1,9.184257267E-1
1.845052263E1,2.875327641E-2,6.460731831E-1,4.106552178E-1,7.660776832E-1
1.846049263E1,6.422888195E-2,-1.173014317E0,1.133210274E0,1.632254105E0
1.847046163E1,-5.100773989E-1,-9.880478829E-2,1.008200896E0,1.134200329E0
1.848043163E1,-5.750011539E-1,-5.029041079E-1,1.214286012E0,1.434583350E0
1.849040062E1,4.920600993E-3,7.391757667E-1,8.490162975E-1,1.125714751E0
1.850037062E1,-3.406321791E-1,5.111621305E-1,1.080699939E-1,6.236955417E-1
1.851033963E1,1.371754782E-1,-3.073664922E-1,8.196685374E-2,3.464243603E-1
1.852030863E1,-4.629916716E-1,1.001121380E0,-1.982760422E0,2.268908151E0
1.853027863E1,-5.585224942E-1,-6.045614603E-1,-3.159811365E0,3.265248811E0
1.854024763E1,-6.056339493E-1,6.579000539E-1,-1.962796274E0,2.156894567E0
1.855021762E1,-1.201928360E0,-9.526134637E-1,-9.035088390E-1,1.780009106E0
1.856018662E1,-8.504157554E-1,-1.623670337E0,1.167232883E-1,1.836610097E0
1.857015663E1,-5.846289234E-1,3.900393972E-1,1.789902878E-1,7.252304686E-1
1.858012563E1,-1.181495338E-1,-8.132351384E-1,1.444241801E0,1.661669366E0
1.859009563E1,2.972457476E-1,8.426697296E-1,1.312231552E0,1.587576440E0
1.860006463E1,-4.101552808E-1,6.289998981E-1,1.627743216E0,1.792600402E0
1.861003462E1,2.776683011E-1,4.480849993E-1,1.351491512E0,1.450658181E0
1.862000362E1,1.259566083E-2,1.313223240E0,-3.336228293E-1,1.354997461E0
1.862997363E1,-4.181014094E-2,-2.681796223E-2,-7.979753673E-2,9.399435010E-2
1.863994263E1,4.591575062E-1,8.488402963E-1,-1.917092682E0,2.146299097E0
1.864991263E1,-3.897191159E-1,-3.183785534E-1,-1.960103046E0,2.023672366E0
1.865988163E1,3.862146603E-1,4.150207490E-2,-1.836254926E0,1.876890071E0
1.866985162E1,6.765398810E-1,3.377907246E-1,-2.006327040E0,2.144098173E0
1.867982062E1,6.802358329E-1,-1.015066112E0,-5.711653805E-1,1.348817961E0
1.868979063E1,1.492552958E0,-2.182543409E-1,4.434902573E-1,1.572269983E0
1.869975963E1,5.533744960E-1,-1.366664452E0,1.892143198E0,2.398791558E0
1.870972963E1,3.542591152E-1,3.769229230E-1,1.394788390E0,1.487617243E0
1.871969863E1,2.829133267E-1,6.900153011E-2,4.147624190E0,4.157834482E0
1.872966887E1,9.385417738E-1,7.798715106E-1,3.586042981E0,3.787976306E0
1.873963787E1,7.843927970E-1,1.427450352E0,1.457359444E0,2.185585303E0
1.874960688E1,6.705600797E-1,-3.121810895E-1,1.581944314E0,1.746326334E0
1.875957688E1,3.559968711E-1,9.247900727E-1,-6.813497275E-1,1.202583844E0
1.876954588E1,4.693701799E-1,-1.564164101E0,1.048845477E0,1.940874683E0
1.877951588E1,8.705009412E-1,-4.415975136E-1,-1.908203745E-1,9.945816547E-1
1.878948487E1,1.205146960E0,7.312136132E-1,-8.599043977E-1,1.651208078E0
1.879945487E1,1.011683937E0,-4.611356923E-1,-5.895665681E-1,1.258467025E0
1.880942388E1,9.719646777E-1,1.013290313E-1,-2.057726405E0,2.277986142E0
1.881939388E1,8.879356572E-1,-2.253701977E0,1.145279512E0,2.679415513E0
1.882936288E1,1.312415301E0,-1.081533167E-1,-5.963282883E-2,1.318213615E0
1.883933288E1,1.523299811E0,3.091174409E-1,1.818606859E-1,1.564950228E0
1.884930187E1,5.174928744E-1,-5.863178551E-2,3.706286877E-1,6.392199821E-1
1.885927188E1,5.991818392E-1,-1.399179941E0,5.817219436E-1,1.629455063E0
1.886924088E1,8.150390044E-1,-2.192840940E0,1.658327662E0,2.867558300E0
1.887921088E1,1.671235536E0,1.447713878E0,-1.767525584E-1,2.218140022E0
1.888917988E1,1.502567192E0,3.835919648E-2,7.845185852E-1,1.695478990E0
1.889914988E1,7.129512969E-1,-7.462085053E-1,-4.668457907E-1,1.132727539E0
1.890911887E1,4.979198316E-1,-1.599096829E0,-1.051904156E0,1.977760648E0
1.891908888E1,6.972083996E-1,-1.446578056E0,1.007966423E-1,1.608989617E0
1.892905788E1,1.225744801E0,1.739307505E0,-8.861940640E-1,2.304990419E0
1.893902788E1,8.635668012E-1,7.646213874E-1,-1.328390332E0,1.759265290E0
1.894899688E1,5.750768754E-1,-4.014318198E-2,-1.160431402E0,1.295733740E0
1.895896688E1,4.513768721E-1,-7.454819888E-1,-3.374574333E-1,9.345383864E-1
1.896893587E1,5.578027385E-1,5.050067666E-1,-4.953392726E-1,9.008533313E-1
1.897890487E1,8.613631319E-1,2.321952724E-1,3.800549841E-1,9.696921575E-1
1.898887488E1,3.097486113E-1,-2.333553016E0,1.924918596E0,3.040842889E0
1.899884388E1,-2.469106312E-1,-6.732902178E-1,8.237048703E-1,1.092142065E0
1.900881388E1,4.948242791E-3,-6.855798957E-1,1.669050286E0,1.804376107E0
1.901878288E1,8.713783890E-2,1.176015986E0,1.482820560E0,1.894561536E0
1.902875287E1,2.799567552E-1,-2.189679936E-1,1.730110420E0,1.766240310E0
1.903872187E1,4.183822767E-1,-9.798176345E-1,1.432615197E0,1.785349442E0
1.904869188E1,4.450459821E-1,1.123075003E0,-1.879119694E-2,1.208187277E0
1.905866088E1,6.953599486E-1,-2.073627323E-2,1.052078987E0,1.261279369E0
1.906863088E1,6.381285712E-1,1.430271633E0,-6.227325600E-1,1.685431950E0
1.907859988E1,1.347469468E-1,-8.757488903E-1,-2.126262204E0,2.303493829E0
1.908856987E1,-1.863390136E-1,-1.204117412E0,-2.357983267E0,2.654186515E0
1.909853887E1,-8.452423583E-1,-1.311132860E-1,-1.585051525E0,1.801114564E0
1.910850888E1,-1.155622652E0,-1.860858547E0,-7.740210789E-1,2.323223381E0
1.911847788E1,-6.642277645E-1,-1.329644268E0,5.091170669E-2,1.487193466E0
1.912844788E1,-3.593350831E-1,-2.064534318E0,2.152786928E-1,2.106601188E0
1.913841688E1,-4.576899647E-1,-3.938333631E-1,1.698203918E0,1.802354396E0
1.914838687E1,-8.056458910E-1,2.873503035E-1,1.572414522E0,1.790006404E0
1.915835587E1,-6.727455497E-1,-1.113518313E0,2.297173979E0,2.639984450E0
1.916832588E1,-1.925385240E-1,3.911451057E-1,6.181056583E-1,7.563862649E-1
1.917829488E1,1.562609180E-1,-2.288389707E-1,5.865213382E-1,6.486848458E-1
1.918826488E1,2.942519914E-1,9.551140255E-1,1.428515714E0,1.743411650E0
1.919823388E1,3.629258947E-1,2.433055084E0,-2.066265678E0,3.212619819E0
1.920820387E1,-1.178437062E-1,1.415897423E-1,-2.177789038E0,2.185566262E0
1.921817288E1,-1.182984697E0,8.760102609E-1,-2.937029525E0,3.285268513E0
1.922814288E1,-1.240598482E0,-1.763049540E-1,-2.695981568E0,2.972958904E0
1.923811188E1,-1.651043785E0,4.144942072E-1,-1.897277053E0,2.549002009E0
1.924808088E1,-1.419480012E0,5.940548909E-1,-7.573530060E-1,1.715053438E0
1.925805088E1,-8.264919457E-1,-1.406653560E0,2.165823880E0,2.711559746E0
1.926801987E1,-1.065748681E0,-6.013136244E-1,1.373841909E0,1.839793444E0
1.927798988E1,-9.365455344E-1,-1.150084461E0,2.192993553E0,2.647457748E0
1.928795888E1,-9.845192344E-1,1.910181566E0,1.345242008E0,2.535300337E0
1.929792888E1,-1.165913093E0,1.826944989E-1,1.205402922E0,1.686928222E0
1.930789788E1,-2.618909419E-1,-2.153301191E0,1.399192513E0,2.581285062E0
1.931786788E1,-7.915405796E-1,-5.904918900E-1,-6.022100025E-1,1.156665055E0
1.932783687E1,-4.159548417E-1,-1.569961615E0,9.651811767E-1,1.889278330E0
1.933780688E1,-6.894749453E-1,-3.437879214E-1,4.875145286E-1,9.117215862E-1
1.934777588E1,-6.044941808E-1,-1.387551876E0,8.139727646E-1,1.718506644E0
1.935774588E1,1.932691519E-1,-8.743367878E-1,5.793737018E-1,1.066532545E0
1.936771488E1,-2.472628528E-1,3.488714907E-1,-5.707163143E-1,7.131390796E-1
1.937768487E1,-3.740940401E-1,-4.431946805E-1,2.558238709E-1,6.338877886E-1
1.938765387E1,-4.544613149E-1,1.520828632E-1,-1.275499928E-1,4.959166106E-1
1.939762388E1,-8.647453807E-1,-7.779495308E-1,1.001776561E0,1.535104662E0
1.940759288E1,-1.286449296E-1,4.455803445E-1,2.111885655E-1,5.095998151E-1
1.941756288E1,-7.259540427E-1,5.606953561E-2,2.583218014E-1,7.725821756E-1
1.942753188E1,-3.236409744E-1,-5.121631739E-1,-4.050968546E-1,7.288059128E-1
1.943750187E1,-5.102132005E-1,3.332018298E-1,-1.615984465E0,1.727063045E0
1.944747087E1,-1.593739171E0,-2.029355422E0,-1.919898176E0,3.216255118E0
1.945744088E1,-7.681627536E-1,-1.545815246E0,-2.061006693E0,2.688376346E0
1.946740988E1,-6.697514098E-1,-1.319490578E0,-1.732091457E0,2.278105167E0
1.947737988E1,4.544159990E-2,-1.602694621E0,-9.613611907E-1,1.869467926E0
1.948734888E1,9.304079314E-1,3.440121621E-1,-1.161543542E-1,9.987467749E-1
1.949731887E1,4.729936264E-1,-1.015348533E0,2.450306125E0,2.694189251E0
1.950728787E1,1.411469180E0,1.279932117E-1,2.250193355E0,2.659322779E0
1.951725687E1,1.897342396E0,5.904787338E-1,1.175383317E0,2.308700769E0
1.952722688E1,2.510045080E0,4.379851037E-1,9.506444138E-1,2.719537104E0
1.953719588E1,2.656135425E0,1.268058761E0,4.242330372E-2,2.943608016E0
1.954716588E1,8.421098587E-1,-1.712115321E0,6.536807030E-1,2.016875393E0
1.955713488E1,6.112485554E-1,-2.758210561E-1,-4.796418375E-1,8.244745865E-1
1.956710487E1,-1.465357239E-2,2.336290097E-1,-1.111932256E0,1.136305674E0
1.957707387E1,3.344630651E-2,5.847683430E-2,-1.041014886E-1,1.239972399E-1
1.958704388E1,4.628110292E-1,8.742973191E-1,-1.360003889E-1,9.985419153E-1
1.959701288E1,-6.789907414E-1,-7.175311285E-1,1.399919322E0,1.713374873E0
1.960698288E1,1.163419950E-1,9.372361636E-1,5.182831621E-1,1.077295002E0
1.961695188E1,1.804758277E-1,-1.499018517E-1,1.352817661E-1,2.708195816E-1
1.962692187E1,6.407048008E-4,-5.775470316E-2,5.382888258E-1,5.413786809E-1
1.963689088E1,1.106475013E-1,3.937146646E-1,-4.501566678E-1,6.081900462E-1
1.964686088E1,-9.296814148E-1,-1.154457009E0,6.835944736E-1,1.632292842E0
1.965682988E1,-3.856148822E-1,7.987217644E-1,7.255225182E-3,8.869655757E-1
1.966679988E1,-6.491211905E-1,-1.121350951E0,3.705760628E-1,1.347632329E0
1.967676888E1,-4.119169373E-1,-1.028446588E0,7.921088558E-1,1.361915705E0
1.968673887E1,-1.538041190E-1,-4.865956387E-1,-2.218872160E-1,5.564754794E-1
1.969670788E1,-5.367199812E-1,-2.224921104E0,1.298057317E0,2.631215509E0
1.970667788E1,7.113156114E-2,5.864155036E-1,8.248292899E-1,1.014537431E0
1.971664688E1,-1.445405580E-1,-1.381463170E-2,1.303251983E0,1.311315579E0
1.972661688E1,-1.865771597E-1,-1.547687817E-1,5.356868148E-1,5.879836527E-1
1.973658592E1,-3.026491047E-1,1.271448392E0,-1.210129226E0,1.781176645E0
1.974655592E1,-8.459345224E-1,7.080896294E-1,-5.533190936E-1,1.234162939E0
1.975652492E1,-8.213535587E-1,1.697468339E0,-2.033907772E0,2.773589958E0
1.976649492E1,-8.222019897E-1,1.655399376E-1,-1.883449557E0,2.061747273E0
1.977646392E1,-5.044870222E-1,2.929314709E-1,-1.752711078E0,1.847244468E0
1.978643392E1,6.122034788E-3,3.501455989E-1,-1.719805287E0,1.755098187E0
1.979640292E1,2.948310851E-1,-8.998446813E-1,4.928267241E-1,1.067484894E0
1.980637292E1,3.991750138E-1,3.246187019E-1,3.757654667E-1,6.371166920E-1
1.981634192E1,-1.176015127E-1,-6.921559668E-1,1.711742561E0,1.850127724E0
1.982631092E1,1.613448527E-1,8.718280399E-1,8.086558914E-1,1.200016935E0
1.983628092E1,-3.485815053E-1,7.330303431E-2,4.316022831E-1,5.596096242E-1
1.984624992E1,-1.281994357E-1,-1.427093964E0,5.542148870E-1,1.536289822E0
1.985621992E1,-3.773863514E-1,3.183116028E-1,-6.647705323E-1,8.280474595E-1
1.986618892E1,-4.948738343E-1,-1.588573595E0,-7.072704345E-1,1.807953994E0
1.987615892E1,-1.321833813E-1,-2.880756506E-1,-8.173214650E-1,8.766267187E-1
1.988612792E1,-6.116593954E-1,-2.413341781E0,1.976544247E0,3.178847736E0
1.989609792E1,-1.482594273E0,-3.102832880E0,4.907059974E0,5.992069363E0
1.990606692E1,-1.421424065E0,1.045701429E0,1.775511711E0,2.503273794E0
1.991603692E1,-1.547522925E0,6.642124155E-1,1.505725273E0,2.259029423E0
1.992600592E1,-2.049716962E-1,6.368600178E-1,7.108044916E-1,9.761388753E-1
1.993597592E1,-8.155750479E-1,-1.496561225E0,3.460937709E-1,1.739148946E0
1.994594492E1,-8.176582646E-1,-1.318777218E0,-6.872027904E-1,1.697052168E0
1.995591492E1,-9.239982136E-1,5.859822249E-1,-1.648221334E0,1.978327939E0
1.996588392E1,-7.560231299E-1,9.842062622E-2,-1.412226541E0,1.604880493E0
1.997585392E1,1.160629732E-1,5.825534177E-1,-2.828329201E0,2.890032036E0
1.998582292E1,-4.793496229E-1,-2.311895806E0,-1.045832992E0,2.582325488E0
1.999579292E1,-8.888674110E-1,-2.193754860E0,2.339563369E0,3.328092910E0
2.000576192E1,-1.200102348E0,2.839507324E-1,1.496145195E0,1.938897653E0
2.001573192E1,-1.568909993E0,2.753673121E-1,8.296140665E-1,1.795985864E0
2.002570092E1,-4.467633093E-1,9.434169629E-1,8.657627231E-1,1.356163011E0
2.003567092E1,-1.544715238E0,-1.260976029E0,1.499224339E0,2.494770397E0
2.004563992E1,-2.212054599E0,-8.312641507E-1,2.037575145E0,3.120240072E0
2.005560992E1,-1.710460559E0,1.890843654E0,4.164702737E-1,2.583488444E0
2.006557892E1,-1.814568188E0,1.230891812E0,7.362585908E-1,2.312969752E0
2.007554892E1,-6.633011270E-1,1.319950754E0,-1.185676755E0,1.894219561E0
2.008551792E1,-4.542525693E-1,-8.340412858E-1,-1.112647955E0,1.462858755E0
2.009548792E1,-4.129116948E-1,-7.083489534E-1,-1.202130820E0,1.455119520E0
2.010545692E1,-2.793281429E-1,8.656329149E-1,-1.465464855E0,1.724799059E0
2.011542592E1,-4.426342249E-1,-1.135229902E0,2.888314033E-1,1.252236227E0
2.012539592E1,-2.280843144E-1,-3.501274726E-1,-5.097982675E-1,6.591706722E-1
2.013536492E1,-4.060453460E-1,-1.137250115E0,3.791632837E-1,1.265691686E0
2.014533492E1,-3.897728372E-1,2.727600387E-1,8.767513955E-1,9.975038410E-1
2.015530392E1,-2.417894935E-1,1.443381383E0,7.331747693E-1,1.636874222E0
2.016527392E1,-6.450825186E-1,-1.716271522E0,1.394155721E0,2.303343129E0
2.017524292E1,-3.524018933E-1,-4.841786921E-1,-6.607803923E-1,8.917661280E-1
2.018521292E1,-4.005834254E-1,-1.028546576E0,-4.608494711E-1,1.196142706E0
2.019518192E1,-1.725216410E-1,-2.861492854E-1,8.385199606E-2,3.444942487E-1
2.020515192E1,-1.053687081E-1,4.529604077E-2,4.304591525E-1,4.454765739E-1
2.021512092E1,-1.529895653E-1,-2.824318888E0,2.802535379E0,3.981756841E0
2.022509092E1,2.606800931E-1,-2.424547970E-3,1.411866353E0,1.435732073E0
2.023505992E1,-3.004837529E-1,-4.495871490E-1,2.457147367E0,2.515947590E0
2.024502992E1,-1.941277424E-1,2.050273544E-1,1.882218719E0,1.903278514E0
2.025499892E1,-1.400998718E-1,1.202374357E0,-2.577359104E-1,1.237642867E0
2.026496892E1,-3.277109654E-1,-3.785022560E-1,-5.660052127E-1,7.556588750E-1
2.027493792E1,6.415084080E-1,1.145720100E0,-1.839474987E0,2.260061020E0
2.028490792E1,-8.098664112E-2,5.991013303E-1,-1.424453069E0,1.547432643E0
2.029487692E1,5.693649862E-1,3.611591220E-1,-1.160593370E0,1.342232978E0
2.030484692E1,6.893963002E-1,-4.563509157E-1,-1.098224629E0,1.374634770E0
2.031481592E1,3.365420517E-1,-1.047803503E0,3.398881209E-1,1.151814511E0
2.032478592E1,1.729294441E0,1.078511326E0,3.028272986E-1,2.060424790E0
2.033475492E1,6.693087025E-1,-1.206325320E0,2.052495486E-1,1.394748112E0
2.034472492E1,1.387228671E0,-5.652491677E-1,2.348265195E-1,1.516263005E0
2.035469392E1,1.108269560E0,1.013088584E-2,4.418623924E-1,1.193149792E0
2.036466392E1,2.825905969E-1,-1.170360851E0,1.498609797E0,1.922350980E0
2.037463292E1,9.559129744E-1,8.463084519E-1,-2.259410906E-1,1.296555817E0
2.038460292E1,1.196427848E-1,-8.964527115E-1,-4.441047996E-1,1.007556913E0
2.039457192E1,8.503944862E-1,-2.083436027E-1,-2.021207035E0,2.202692833E0
2.040454192E1,6.028779007E-1,1.471159458E-1,-2.327354967E0,2.408668929E0
2.041451092E1,-2.909623114E-1,-3.173867194E0,8.520825773E-1,3.299111510E0
2.042448092E1,5.756005666E-1,-1.597464286E0,1.592980934E0,2.328260384E0
2.043444992E1,1.100566767E-1,-7.154846030E-1,9.846073812E-1,1.222081169E0
2.044441992E1,1.666529551E0,3.285462767E-2,1.715271941E0,2.391768802E0
2.045438892E1,2.357807558E0,2.990748480E-1,1.124055873E0,2.629107045E0
2.046435792E1,1.039595109E0,-1.809817325E0,1.765777851E0,2.733892492E0
2.047432792E1,1.736926812E0,6.139731386E-1,9.150915885E-1,2.057005197E0
2.048429692E1,3.494229927E-1,1.138635321E0,-1.889516044E-1,1.205939273E0
2.049426692E1,3.630965238E-1,-2.420732662E-1,3.701679271E-1,5.722436947E-1
2.050423592E1,8.217914421E-1,-5.062712270E-1,-8.386585397E-1,1.278671137E0
2.051420592E1,-4.922856008E-1,-2.113335764E0,-2.718598598E-1,2.186879272E0
2.052417492E1,3.827573479E-1,7.691465476E-1,9.078392869E-1,1.249904704E0
2.053414492E1,5.640954207E-2,3.278118664E-1,5.612841707E-1,6.524435428E-1
2.054411392E1,-2.341057040E-1,-9.448770127E-1,3.326135999E-1,1.028702997E0
2.055408392E1,9.242329062E-1,-5.894987404E-2,-6.992720282E-1,1.160458066E0
2.056405292E1,3.553780164E-1,-1.566682497E0,7.028364909E-1,1.753501273E0
2.057402292E1,6.737416960E-1,6.064618054E-1,1.512561253E0,1.763395968E0
2.058399192E1,-1.233794480E-1,4.613248497E-1,3.662643260E-1,6.018244442E-1
2.059396192E1,-2.866188534E-1,-8.274470884E-1,-5.381139940E-1,1.027806267E0
2.060393092E1,8.800785891E-2,8.717204511E-2,-7.800513124E-1,7.898255496E-1
2.061390092E1,-1.067914563E0,-1.377223939E0,-9.360310525E-1,1.978216728E0
2.062386992E1,-1.229370805E0,-7.706995681E-1,-4.364636582E-1,1.515199962E0
2.063383992E1,-1.012888828E0,-1.799194103E-1,-6.290335196E-1,1.205818370E0
2.064380892E1,-7.890563900E-1,-1.062631165E0,-1.833238932E0,2.261097070E0
2.065377892E1,-2.858238331E-1,-6.795718816E-1,-8.380317181E-1,1.116158755E0
2.066374792E1,-5.400003058E-1,-1.939247198E0,5.710922903E-1,2.092468979E0
2.067371792E1,-2.733807937E-1,-1.693379088E0,1.640033478E0,2.373179219E0
2.068368692E1,-4.354178106E-1,8.461429757E-1,1.791312057E-1,9.683153381E-1
2.069365692E1,-8.358278295E-1,1.360398576E-1,-3.324276584E-1,9.097379576E-1
2.070362592E1,-1.245639952E0,4.355082232E-1,-1.069496673E-1,1.323905032E0
2.071359592E1,-1.175041839E0,-7.617080122E-1,6.169508332E-1,1.530212649E0
2.072356492E1,-6.060354703E-1,-9.962208286E-1,2.243131673E0,2.528116815E0
2.073353475E1,-9.536343145E-1,9.410453323E-1,4.718334657E-1,1.420426535E0
2.074350375E1,-1.074153688E0,-8.534321147E-1,4.515740329E-1,1.444323934E0
2.075347375E1,-1.162094788E0,3.436440799E-1,9.392388350E-1,1.533207468E0
2.076344275E1,-1.179464673E0,4.226697841E-1,7.317848861E-2,1.255046514E0
2.077341275E1,-1.213298564E0,-8.506330526E-1,5.667881548E-1,1.586480005E0
2.078338175E1,-1.234293284E0,-1.754457057E-2,-5.013110340E-1,1.332328966E0
2.079335175E1,-1.828548588E0,-4.917379725E-1,-1.041161066E0,2.160882352E0
2.080332075E1,-1.685263738E0,1.245015469E-1,-2.064623196E0,2.668011139E0
2.081329075E1,-1.675064439E0,-1.097694871E-1,-1.497415795E0,2.249476446E0
2.082325975E1,-6.508515278E-1,-2.856400514E0,1.357704763E0,3.228930757E0
2.083322975E1,-3.886568230E-1,-1.077616702E0,1.860720845E0,2.185084426E0
2.084319875E1,-5.996109883E-1,6.401163322E-1,5.993635780E-1,1.062317728E0
2.085316875E1,-1.019448893E0,-5.099248597E-1,7.108851832E-1,1.343375283E0
2.086313775E1,-1.049883066E0,-6.994167468E-1,3.997905064E-1,1.323355843E0
2.087310775E1,-6.224942129E-1,-1.927202518E0,-8.457669997E-1,2.194750648E0
2.088307675E1,-7.397282555E-1,-7.690567929E-1,-1.186788311E0,1.595967649E0
2.089304675E1,-1.198039816E0,5.449517280E-1,-2.004124394E0,2.397662690E0
2.090301575E1,-1.855201366E0,-8.349832723E-1,-2.537130845E0,3.252076583E0
2.091298575E1,-1.265174622E0,-6.164137664E-1,-3.412373074E0,3.691195302E0
2.092295475E1,-1.437105128E0,-9.291140887E-1,-2.231119738E0,2.811835597E0
2.093292475E1,-1.458858524E0,-1.439578354E0,1.568631958E0,2.580941738E0
2.094289375E1,-4.902264673E-1,-3.009532660E-2,2.754429751E0,2.797876154E0
2.095286375E1,-6.398246292E-1,9.805789420E-1,4.001822698E-1,1.237358665E0
2.096283275E1,-1.311544358E-1,1.304601813E0,-1.665328533E0,2.119553372E0
2.097280275E1,1.027010074E-1,-6.514611000E-1,-7.353329766E-1,9.877568770E-1
2.098277175E1,-1.140834385E0,-2.209190632E0,1.434987997E0,2.870751974E0
2.099274175E1,-1.723955933E0,-4.310450435E-2,3.128078526E0,3.571940274E0
2.100271075E1,-2.368483697E0,1.222371834E0,1.765856788E0,3.197210991E0
2.101268075E1,-2.436586072E0,1.238069562E0,1.949846445E0,3.357330649E0
2.102264975E1,-9.666753595E-1,7.717859808E-1,1.244792690E0,1.754885664E0
2.103261975E1,-1.070476667E0,-1.329867631E0,2.307520042E0,2.870386203E0
2.104258975E1,-9.991072335E-1,1.338789898E0,1.111390804E0,2.006430456E0
2.105255875E1,-1.283567916E0,1.599698800E0,-1.427529874E0,2.498884628E0
2.106252775E1,-1.580398895E0,-1.014691013E0,-1.217858661E0,2.238400822E0
2.107249775E1,-1.002544519E0,-2.383705169E-2,-1.978477337E0,2.218115482E0
2.108246775E1,-1.247406542E0,-1.071613073E0,-3.206422445E0,3.603543055E0
2.109243675E1,-1.992234373E0,-6.787480089E-1,-1.516509878E0,2.594127766E0
2.110240675E1,-1.962592791E0,-7.341842911E-1,-1.004177427E0,2.323611271E0
2.111237575E1,-2.374524017E0,-1.635272675E0,-1.750096788E0,3.372731800E0
2.112234575E1,-1.985131761E0,-1.493398466E0,1.185072738E-1,2.486972267E0
2.113231475E1,-1.746092322E0,-1.693413295E0,2.758021111E0,3.677385951E0
2.114228475E1,-1.706397768E0,-1.565282089E0,5.998039318E0,6.429492749E0
2.115225375E1,-8.744092932E-1,1.233263735E0,4.096742889E0,4.366787532E0
2.116222375E1,-1.385575371E0,9.904794475E-1,4.415627811E0,4.732719895E0
2.117219275E1,-1.173398772E0,-5.559351379E-1,3.710346014E0,3.930979026E0
2.118216275E1,-1.192992792E-1,1.313553023E0,-1.147634770E0,1.748347628E0
2.119213175E1,-2.543046181E0,1.087292382E0,-3.858475868E0,4.747328156E0
2.120210175E1,-3.582706559E0,2.018212091E0,-4.158172567E0,5.848022352E0
2.121207075E1,-3.151382604E0,1.374205021E0,-1.794435055E0,3.878098622E0
2.122204075E1,-2.113280362E0,-3.847953218E-1,-3.726781368E-1,2.180117043E0
2.123200975E1,-1.655019892E0,7.534347868E-1,-5.330567372E-1,1.894968154E0
2.124197975E1,-1.548727452E0,4.921864539E-2,2.063902819E0,2.580828169E0
2.125194875E1,-1.707020496E0,1.700072104E0,1.577049610E0,2.879453004E0
2.126191875E1,-2.861755687E0,1.971846009E0,1.227283203E0,3.685654129E0
2.127188775E1,-2.567477894E0,-4.812813967E-2,2.105423897E0,3.320703064E0
2.128185775E1,-2.368938172E0,9.002732822E-1,-1.101814234E-1,2.536631623E0
2.129182675E1,-2.747940511E0,1.742289001E-1,6.156241000E-2,2.754146454E0
2.130179675E1,-2.157860996E0,-1.008244166E-1,9.152289981E-1,2.346097560E0
2.131176575E1,-1.659988125E0,-1.133921880E0,-1.864115739E-1,2.018932559E0
2.132173575E1,-7.636506034E-1,-2.342086150E0,-2.604969656E-1,2.477173479E0
2.133170475E1,-1.343142858E0,-4.683578807E-1,-1.201822087E0,1.862194450E0
2.134167475E1,-1.691661176E0,-2.357735930E0,2.780114231E0,4.018665374E0
2.135164375E1,8.931424566E-1,-2.021356431E0,2.057770844E0,3.019603635E0
2.136161375E1,-1.395280287E0,1.609928504E-1,-5.836585414E-1,1.520980956E0
2.137158275E1,-1.281358838E0,-1.380577025E0,6.262689561E-1,1.984965037E0
2.138155275E1,-1.509696118E0,-9.054936764E-1,2.702004200E-1,1.781041671E0
2.139152175E1,-3.171972989E0,7.785132024E-1,-1.206713283E-1,3.268341631E0
2.140149175E1,-1.702615935E0,6.368299046E-1,9.282396376E-2,1.820183957E0
2.141146075E1,-2.139269920E0,1.049738347E0,-1.195269697E0,2.665913734E0
2.142143075E1,-3.194476583E0,1.305072221E-1,-5.327404028E-1,3.241222780E0
2.143139975E1,-1.637473713E0,-1.503726110E0,1.971058390E0,2.971124964E0
2.144136975E1,-1.303415120E0,-2.189698939E0,1.316408803E0,2.868205808E0
2.145133875E1,-9.482144572E-1,-1.596612932E0,2.048256839E0,2.764713292E0
2.146130875E1,5.665425718E-2,-3.988537824E-1,2.445703197E0,2.478660560E0
2.147127775E1,-1.338253708E0,-9.862688676E-1,2.687404287E0,3.160030233E0
2.148124775E1,-8.120842601E-1,1.548120511E-1,2.707390655E0,2.830797022E0
2.149121675E1,-1.404084001E0,3.712242267E-1,4.397059393E-1,1.517432246E0
2.150118675E1,-1.297902658E0,-4.737361497E-1,-4.007857025E-1,1.438612675E0
2.151115575E1,-1.402762676E0,1.037920832E0,-2.134689796E-1,1.758007902E0
2.152112575E1,-2.330062813E0,1.326981738E-1,-1.232462082E0,2.639273442E0
2.153109475E1,-1.929174053E0,-1.278876987E0,-1.507558376E-1,2.319475414E0
2.154106475E1,-1.436575809E0,-5.796762952E-1,7.318427736E-1,1.713291717E0
2.155103375E1,-9.148939526E-1,-9.305095267E-1,1.078677387E0,1.693051632E0
2.156100375E1,-9.209278406E-1,3.650422579E-1,1.403208965E0,1.717661008E0
2.157097275E1,-1.315406298E0,1.382992509E0,9.181046587E-1,2.117989182E0
2.158094275E1,-1.422958374E0,-8.867156357E-1,-4.085817951E-1,1.725692394E0
2.159091175E1,-1.719388381E0,-8.283937526E-1,-1.019091336E0,2.163580311E0
2.160088175E1,-2.285082375E0,-3.386125508E-1,-9.376641798E-1,2.493085244E0
2.161085075E1,-2.094872450E0,-3.869275090E-1,-6.464985681E-1,2.226244344E0
2.162082075E1,-2.030408213E0,1.623792252E-1,3.093089372E-1,2.060241865E0
2.163079075E1,-1.793995636E0,-2.118890619E-1,-6.020176291E-2,1.807468276E0
2.164075975E1,-2.172487660E0,7.413944927E-1,1.729912199E0,2.874363346E0
2.165072975E1,-1.511240806E0,-9.325724244E-3,2.360294087E0,2.802663719E0
2.166069875E1,-3.385622063E0,-9.349002010E-1,2.525567392E0,4.326079725E0
2.167066875E1,-1.661652681E0,5.156174165E-1,4.462354081E0,4.789525540E0
2.168063775E1,-3.431308405E-1,7.158965394E-1,-2.254733133E-1,8.252786462E-1
2.169060775E1,-2.501887338E0,-2.559384763E-1,-8.118923253E-1,2.642747415E0
2.170057675E1,-1.863443894E0,8.084442222E-1,-1.120159289E0,2.319646964E0
2.171054675E1,-3.834883229E0,1.362848559E-1,-2.124949504E0,4.386378157E0
2.172051575E1,-3.442925361E0,-3.637421295E-1,-1.272455868E0,3.688521020E0
2.173048575E1,-2.217893190E0,1.665354261E-1,4.024743783E-1,2.260258807E0
2.174045554E1,-3.221313549E0,-1.173880875E0,1.283664395E0,3.660963202E0
2.175042554E1,-2.730646786E0,-8.819735438E-2,1.634430676E0,3.183641669E0
2.176039454E1,-2.316162665E0,-5.792254749E-1,3.215739398E0,4.005133146E0
2.177036454E1,-1.612010112E0,-1.102656233E0,9.767159790E-1,2.183666979E0
2.178033354E1,-1.496715884E0,4.236082622E-1,4.116936833E-1,1.609066215E0
2.179030354E1,-2.604360377E0,-1.164643151E0,1.668532807E0,3.305009587E0
2.180027254E1,-7.072409061E-1,-5.600018764E-1,-5.536903918E-2,9.038017101E-1
2.181024254E1,-1.918921545E0,9.627148211E-1,-4.459338087E-1,2.192700774E0
2.182021154E1,-2.732322890E0,-1.223053327E-1,-5.571338171E-1,2.791226444E0
2.183018154E1,-3.386037800E0,-4.411393842E-1,-3.658649611E-1,3.434197593E0
2.184015054E1,-3.592534559E0,-8.223980176E-1,-7.890846759E-1,3.768991601E0
2.185012054E1,-1.857492159E0,-2.086412260E0,-1.058620852E-1,2.795460610E0
2.186008954E1,-1.319503003E0,-7.418277714E-1,1.014784276E-1,1.517133642E0
2.187005954E1,-2.187167533E0,-6.495961305E-1,3.652014776E0,4.306145478E0
2.188002854E1,-4.707312655E-1,-1.013903686E0,3.343312780E0,3.525241687E0
2.188999854E1,-2.514529310E0,1.770242200E0,1.553549066E0,3.445305472E0
2.189996754E1,-2.633733864E0,-4.021864030E-1,4.595867649E0,5.312278929E0
2.190993754E1,-1.031743248E0,2.316143516E-1,1.182830915E0,1.586577547E0
2.191990654E1,-3.328746196E0,2.569734335E0,-2.657781708E-1,4.213635464E0
2.192987654E1,-2.437182049E0,-2.031235009E-1,1.350806218E-1,2.449359564E0
2.193984554E1,-2.944081267E0,-4.733876556E-1,-4.569751060E-1,3.016709570E0
2.194981554E1,-4.459238099E0,1.319840534E0,-1.129721240E0,4.785713483E0
2.195978454E1,-2.010580159E0,-1.596040197E0,4.437253153E-1,2.605123613E0
2.196975454E1,-2.072590612E0,-1.527930367E0,5.667910784E-1,2.636561241E0
2.197972354E1,-2.043087608E0,5.392577094E-1,-1.470933171E0,2.574616524E0
2.198969354E1,-1.689960660E0,9.583498746E-2,-2.066065119E0,2.670913037E0
2.199966254E1,-2.258674010E0,-9.148764110E-1,-3.085230714E0,3.931571657E0
2.200963254E1,-2.898452520E0,-9.050808629E-1,-3.917915154E0,4.956839470E0
2.201960154E1,-2.742646150E0,-1.752575130E0,-3.979879267E0,5.141309801E0
2.202957154E1,-2.509976668E0,-1.466308023E0,-2.620315089E0,3.913578064E0
2.203954154E1,-3.013600568E0,-2.089657172E0,5.003203402E0,6.203265250E0
2.204951054E1,-1.466975922E0,-2.573441177E0,9.523959473E0,9.973987261E0
2.205947954E1,-1.911989086E0,-5.165605724E-1,9.717497633E0,9.917272676E0
2.206944954E1,-2.774666964E0,2.319008651E0,4.209207065E0,5.549234362E0
2.207941954E1,-3.550586634E0,-1.297413830E0,7.872305823E0,8.732877365E0
2.208938854E1,-1.316367726E0,-2.037019075E0,7.927124054E0,8.289847193E0
2.209935854E1,-2.085809412E0,1.035318236E0,2.037358798E0,3.094077508E0
2.210932754E1,-3.129747906E0,-6.475706550E-1,5.888037404E0,6.699526414E0
2.211929754E1,-1.600075068E0,-8.480246097E-1,5.793146449E-1,1.901313078E0
2.212926654E1,-1.728552722E0,1.041206675E0,-1.412818279E0,2.463343529E0
2.213923654E1,-2.252354047E0,1.369421414E0,-1.669263709E0,3.120072931E0
2.214920554E1,-3.196782140E0,2.475168778E0,-2.898587006E0,4.974704329E0
2.215917554E1,-4.186497649E0,2.877897218E0,-1.918541622E0,5.430456419E0
2.216914454E1,-2.514289282E0,-4.285778108E-1,-2.833597543E0,3.812427647E0
2.217911454E1,-1.389779665E0,-1.183483757E0,-2.243037533E0,2.891943757E0
2.218908354E1,-1.821320406E0,1.860499236E-1,-1.141964141E0,2.157754549E0
2.219905354E1,-1.743507853E0,-2.744551465E-1,9.242752254E-2,1.767395855E0
2.220902254E1,-1.700435508E0,-2.205242300E0,1.147628338E0,3.011913897E0
2.221899254E1,1.779031442E-1,-2.446062800E0,4.377506304E-1,2.491284481E0
2.222896154E1,-4.081711744E-1,-4.836337316E-1,-3.849673469E0,3.901344783E0
2.223893154E1,-2.800887049E0,-9.796445569E-1,-1.589393667E0,3.366131897E0
2.224890054E1,-2.569248431E0,-2.516776980E0,5.158600760E-1,3.633361458E0
2.225887054E1,-7.528988895E-1,-2.440335745E0,-2.879151446E-1,2.570017591E0
2.226883954E1,-1.611852530E0,-2.001353691E0,1.639027172E-1,2.574946461E0
2.227880954E1,-2.077373488E0,-1.793932779E0,2.870615680E0,3.971663355E0
2.228877854E1,-1.411413632E0,-2.652417473E0,2.817706565E0,4.119086934E0
2.229874854E1,-4.302504069E-1,-1.556903906E0,-1.001925080E0,1.900768016E0
2.230871754E1,-7.882980792E-1,-1.278815592E0,-1.239129662E0,1.947363730E0
2.231868754E1,-2.232410510E0,-5.902544931E-1,-1.597225428E-2,2.309179977E0
2.232865654E1,-1.281221429E0,2.031058424E0,1.817548513E-2,2.401469762E0
2.233862654E1,-1.559098658E0,3.351196873E0,-1.242716344E0,3.899442655E0
2.234859554E1,-2.561434797E0,5.863769120E0,2.466642076E-1,6.403559927E0
2.235856554E1,-3.564087855E0,5.155116988E0,2.136824030E0,6.621477957E0
2.236853454E1,-1.800881464E0,-3.256647688E-1,1.704351681E0,2.500809117E0
2.237850454E1,-1.022830630E0,-2.267880598E-1,-2.143054238E0,2.385434298E0
2.238847354E1,-2.309303443E0,-2.721243002E0,5.619489992E-1,3.613008794E0
2.239844354E1,-2.122811031E0,-6.135563491E0,2.106676955E0,6.825654095E0
2.240841254E1,-6.670879300E-1,-5.854127061E0,3.769725659E0,6.994758145E0
2.241838254E1,-3.669712543E-2,-4.345839538E0,4.529329258E0,6.277140392E0
2.242835154E1,1.473846692E0,-3.172449245E0,5.684637330E0,6.674710469E0
2.243832154E1,-4.144231635E-1,-1.884302081E0,6.977594120E0,7.239417145E0
2.244829054E1,-1.620060267E-1,-1.314735622E0,2.352134882E0,2.699502586E0
2.245826054E1,-1.732391711E0,-8.697949630E-1,2.546513287E0,3.200383452E0
2.246823054E1,-1.688161618E0,-1.439512865E0,1.225243694E0,2.534424796E0
2.247819954E1,-1.993804205E0,-5.393933648E-1,-2.184480007E0,3.006352160E0
2.248816954E1,-2.922518490E0,-1.964099033E0,-1.938667738E0,4.019605943E0
2.249813854E1,-1.513578523E0,-2.797691253E0,-2.216542629E0,3.876990781E0
2.250810854E1,-2.239930030E0,-8.638033211E-1,-2.151278931E0,3.223576237E0
2.251807754E1,-2.068074076E0,1.814503284E0,-3.073235151E0,4.124818401E0
2.252804754E1,-1.551780575E0,1.893514662E0,-3.013061455E0,3.882262235E0
2.253801654E1,-1.405478123E0,3.461507812E-1,-2.364483617E0,2.772358543E0
2.254798654E1,-1.002785790E-1,-5.465316457E-1,-4.620639378E-1,7.226726200E-1
2.255795554E1,-2.350605543E-1,1.740302994E0,-1.037960885E0,2.039919306E0
2.256792554E1,-7.782582638E-1,3.609043880E0,-2.624584141E0,4.529826219E0
2.257789454E1,-4.288491216E-1,2.073548093E0,-1.320452737E0,2.495417539E0
2.258786454E1,-4.776619703E-2,-2.093990251E-1,-1.274235760E0,1.292209864E0
2.259783354E1,-1.402546768E-1,5.132940254E-1,-1.018533511E0,1.149153012E0
2.260780354E1,2.640355544E-1,2.668639403E0,-2.923746990E0,3.967322460E0
2.261777254E1,-8.320808606E-1,2.496670159E0,-8.978487343E-1,2.780620937E0
2.262774254E1,-5.293903868E-1,-2.607735389E-1,2.108925794E0,2.189937220E0
2.263771154E1,-2.873068880E-1,-9.938807729E-1,2.951928815E0,3.127975059E0
2.264768154E1,-1.578319918E0,8.864770693E-1,1.130565578E0,2.134271277E0
2.265765054E1,-1.701084988E0,1.523196461E0,1.852842892E0,2.940551713E0
2.266762054E1,-2.827704719E0,-5.585500127E-1,1.247312840E0,3.140649839E0
2.267758954E1,-2.553752725E0,-2.325656643E0,-4.256568342E-1,3.480160276E0
2.268755954E1,-2.992737410E0,-1.527367865E0,-3.752789783E-1,3.380852572E0
2.269752854E1,-4.406285715E0,1.676832053E0,-2.656411706E0,5.411436286E0
2.270749854E1,-4.728087520E0,4.557553768E-1,-3.745030528E-1,4.764743131E0
2.271746754E1,-3.789627827E0,-3.454513665E0,1.702351348E0,5.403049495E0
2.272743754E1,-2.512151832E0,-2.723939445E0,2.504536126E0,4.472522123E0
2.273740587E1,-1.652148909E0,2.957711712E-1,1.576619840E0,2.302782387E0
2.274737588E1,-1.653479004E0,1.298138593E0,1.038176063E0,2.344560974E0
2.275734488E1,-1.498451191E0,-1.942162035E0,2.263598682E0,3.337847859E0
2.276731488E1,-8.513029973E-1,-2.890546499E0,1.118399277E0,3.214155068E0
2.277728388E1,-6.127139407E-1,-9.153129056E-1,2.271643281E-1,1.124642041E0
2.278725387E1,-1.793039324E0,6.402247980E-1,9.333629680E-1,2.120387757E0
2.279722388E1,-1.210884394E0,-6.139257762E-1,7.428378779E-1,1.547563888E0
2.280719288E1,-1.562307610E0,-2.325741135E0,1.388466965E0,3.126934187E0
2.281716288E1,-1.850251698E0,-1.149530438E0,-6.406566149E-1,2.270526915E0
2.282713188E1,-2.728412857E0,2.156087682E-1,1.899264522E0,3.331355518E0
2.283710187E1,-2.134691550E0,5.524858654E-1,2.702308255E-1,2.221525004E0
2.284707087E1,-1.813636434E0,-2.205891341E-1,-1.247191218E0,2.212108183E0
2.285704088E1,-2.377927681E0,-3.241558948E-1,-2.014430112E-1,2.408359688E0
2.286700988E1,-3.152302371E0,1.165326106E0,-8.202760631E-1,3.459457759E0
2.287697988E1,-3.808712262E0,5.494064292E-1,1.047001265E0,3.988025597E0
2.288694888E1,-1.808873146E0,1.121921639E0,-1.120328273E0,2.405382644E0
2.289691887E1,-2.089065726E0,1.390868709E0,-3.238058805E0,4.096795845E0
2.290688787E1,-2.372902000E0,5.927278653E-1,-2.292419608E0,3.352190012E0
2.291685788E1,-2.073507894E0,6.744143450E-1,-7.413515157E-1,2.303013626E0
2.292682688E1,-2.855115296E0,9.222088194E-1,-1.226156445E0,3.241236197E0
2.293679688E1,-2.427135217E0,2.985500604E-1,1.113143215E0,2.686857889E0
2.294676588E1,-1.040717701E0,1.474716319E0,-5.288695461E-1,1.880846765E0
2.295673587E1,-1.815332272E0,1.842171723E0,-4.339805796E0,5.052023581E0
2.296670487E1,-1.528183990E0,-3.985763320E-1,-4.024104098E0,4.322918365E0
2.297667488E1,-1.384147773E0,-2.207135336E0,-3.130299298E0,4.072601766E0
2.298664388E1,-1.644053000E0,-1.990090784E0,-1.763048955E0,3.125973963E0
2.299661388E1,-2.118609368E0,-2.563811105E-1,-1.422820526E0,2.564888921E0
2.300658288E1,-1.669517771E0,-1.481330982E0,2.416513896E-1,2.245000325E0
2.301655287E1,-1.481473800E0,-2.605263771E0,1.631940932E0,3.412535003E0
2.302652187E1,-8.549170151E-1,-1.038098002E0,-9.341172588E-1,1.637408202E0
2.303649188E1,-1.901608963E0,-1.072022086E0,1.432088363E0,2.610790126E0
2.304646088E1,-1.620535791E0,-2.105913309E0,3.763325297E0,4.606910505E0
2.305643088E1,-1.713989793E0,-1.364579627E0,1.661302725E0,2.749502739E0
2.306639988E1,-2.251124232E0,-1.639434723E0,4.413133973E0,5.218338623E0
2.307636987E1,-1.179237509E0,-9.486931980E-2,3.464725535E0,3.661137026E0
2.308633888E1,-2.511632015E0,-4.213138148E-1,3.405815422E0,4.252690842E0
2.309630888E1,-2.066108388E0,-2.814489427E0,7.123238322E0,7.932885906E0
2.310627888E1,-8.933726907E-1,-1.169546334E0,4.725516792E0,4.949390098E0
2.311624788E1,-2.939994356E0,-5.887488350E-1,6.134357795E0,6.827923371E0
2.312621787E1,-2.390874586E0,-1.233157316E-1,7.499946359E0,7.872781176E0
2.313618687E1,-1.815568500E0,5.700278047E-1,3.716758656E0,4.175585657E0
2.314615688E1,-1.874787346E0,-1.075204433E0,4.607893032E0,5.089555026E0
2.315612588E1,-1.513604104E0,-8.660980609E-1,3.515605082E0,3.924360117E0
2.316609588E1,-2.374559247E0,1.097399879E0,-1.428654878E0,2.980582639E0
2.317606488E1,-2.668128356E0,8.998923361E-2,-1.825290227E-1,2.675878142E0
2.318603487E1,-1.209477700E0,5.459749907E-1,1.983100730E-1,1.341734655E0
2.319600387E1,-1.219084237E0,1.030999483E0,-2.460345794E0,2.932989556E0
2.320597388E1,-1.811804063E0,1.380726713E0,-4.077918947E0,4.671023781E0
2.321594288E1,-9.059078054E-1,1.039834333E0,-4.398895419E0,4.610011420E0
2.322591288E1,-1.901225970E0,4.112001783E-1,-4.218528696E0,4.645398814E0
2.323588188E1,-1.062316146E0,-1.766911334E0,-3.490839785E0,4.054189643E0
2.324585187E1,-8.666085228E-2,-3.031747402E0,-3.619485546E0,4.722253490E0
2.325582087E1,-3.505651367E-1,-2.003178607E0,-2.445389786E0,3.180495504E0
2.326579088E1,-3.801314364E-1,-7.475989732E-1,-1.558729114E0,1.770039713E0
2.327575988E1,-8.989545889E-1,-6.583970672E-1,2.113414117E0,2.389168324E0
2.328572988E1,-7.843750361E-1,1.469238063E0,3.869683226E0,4.212879413E0
2.329569888E1,-1.338985049E0,2.374840205E0,1.483409375E-1,2.730339172E0
2.330566887E1,-1.620334793E0,1.151885111E0,-2.953223974E-1,2.009860560E0
2.331563787E1,-8.960840446E-1,7.166356274E-1,-1.383198039E0,1.797156101E0
2.332560788E1,-9.475715558E-1,9.641085050E-1,-2.210025907E0,2.590677821E0
2.333557688E1,9.160467312E-1,1.068226366E0,-1.457544801E0,2.026002475E0
2.334554688E1,9.966000205E-1,3.150364603E0,-1.330769565E0,3.562156140E0
2.335551687E1,3.857795544E-1,4.722862448E0,-2.575265216E0,5.393166649E0
2.336548587E1,6.917918314E-1,2.753351817E0,-1.146159518E0,3.061568847E0
2.337545588E1,2.593703534E-1,3.896708764E0,3.398138613E-1,3.920087452E0
2.338542488E1,-9.724440763E-1,4.306072624E0,1.115963911E0,4.553381642E0
2.339539488E1,-1.017145967E0,3.133438668E0,4.866311898E0,5.876564923E0
2.340536388E1,1.470911682E-1,2.602649774E0,4.300693771E0,5.029054440E0
2.341533387E1,-7.439393471E-1,-1.297058612E-1,3.584489960E0,3.663173165E0
2.342530287E1,-1.711217774E0,-6.603824893E-1,5.519685037E0,5.816467503E0
2.343527288E1,-4.442821164E-1,-1.296488509E-1,2.970266853E0,3.006107217E0
2.344524188E1,-1.617231968E0,-1.805288949E0,1.690732931E0,2.955179397E0
2.345521188E1,-2.587294693E0,-2.192521682E0,1.340637910E-1,3.393997386E0
2.346518088E1,-1.238295557E0,-1.976072962E0,-3.702944609E0,4.376075755E0
2.347515087E1,-2.089144664E0,-9.758929834E-1,-3.489607776E0,4.182613414E0
2.348511987E1,-9.784037047E-1,-9.293643495E-1,-1.778469232E0,2.232475020E0
2.349508988E1,-4.363270526E-1,-1.933315490E0,3.850444132E-1,2.018997097E0
2.350505888E1,3.567437433E-1,-2.451307460E0,1.620713108E0,2.960217111E0
2.351502888E1,8.436617828E-1,-1.414933510E0,6.501940084E-1,1.771031984E0
2.352499788E1,-1.886828663E0,-7.653698310E-1,1.017802609E0,2.276364543E0
2.353496787E1,-3.168473138E-1,2.325963914E-2,-1.993355577E0,2.018514228E0
2.354493687E1,-1.837661473E-1,-1.210747570E0,-1.586639628E0,2.004271684E0
2.355490688E1,2.299519882E-1,8.083144140E-1,-2.328297538E0,2.475322107E0
2.356487588E1,7.447920904E-1,7.547585964E-1,-5.485962975E-1,1.193873400E0
2.357484588E1,1.482296650E0,-1.606078404E0,2.122664997E0,3.046702790E0
2.358481488E1,1.646480033E0,-9.287553620E-1,3.706009719E0,4.160287377E0
2.359478487E1,-5.236978300E-2,-3.437358811E-1,3.282169030E0,3.300534880E0
2.360475387E1,7.037447827E-1,-1.893432509E0,1.327668786E0,2.417239705E0
2.361472388E1,-6.220999644E-1,-1.220101068E0,6.205082792E-1,1.503557617E0
2.362469388E1,-1.185054904E0,-8.326926255E-1,-1.811045825E0,2.318969408E0
2.363466288E1,-5.046555682E-1,-7.425806004E-1,-2.517404678E0,2.672719496E0
2.364463287E1,-1.787139776E0,4.416878530E-1,-1.927749233E0,2.665553196E0
2.365460187E1,-7.386559492E-1,5.382774237E-1,-2.264707314E0,2.442182305E0
2.366457188E1,-8.163876647E-1,-4.256843162E-1,-2.250740654E0,2.431774959E0
2.367454088E1,-1.184215317E0,8.148249963E-1,-8.595062023E-1,1.674830321E0
2.368451088E1,-2.224293990E0,4.229367095E-1,1.396035601E0,2.659938837E0
2.369447988E1,-2.019756340E0,-1.007033792E0,1.951216448E0,2.983417229E0
2.370444987E1,-2.311798157E0,-1.169171235E-1,1.737925808E0,2.894558075E0
2.371441887E1,-2.026091068E0,5.590385476E-1,3.570374197E-1,2.131911075E0
2.372438888E1,-8.662021413E-1,-6.015799651E-1,5.142135000E-1,1.173294561E0
2.373435788E1,-8.767977346E-1,-9.150076810E-1,1.893062965E0,2.278091463E0
2.374432825E1,-2.519594461E-1,-5.780504769E-1,-3.194626272E-1,7.068820881E-1
2.375429725E1,-7.107479929E-1,-1.069639053E0,-1.320332285E0,1.841892438E0
2.376426725E1,-1.325854103E0,-1.026102147E0,7.842034203E-1,1.850878095E0
2.377423625E1,-1.727311065E0,4.348980662E-1,5.009028983E-1,1.850309044E0
2.378420625E1,-1.739403254E0,-6.122742301E-1,-1.244223171E-1,1.848211115E0
2.379417525E1,-1.687642385E0,-2.087665318E0,2.026798142E0,3.363687561E0
2.380414525E1,-1.590608718E0,7.075379446E-1,9.732877564E-1,1.994476145E0
2.381411425E1,-1.025178872E0,1.678834432E0,-6.864140010E-1,2.083420493E0
2.382408425E1,-1.427198629E0,-3.269695750E-1,7.487166685E-1,1.644500435E0
2.383405325E1,-1.412515686E0,-2.750664729E-1,-7.283496469E-1,1.612871767E0
2.384402325E1,-1.305890539E0,8.251824617E-2,-1.614339643E0,2.078040386E0
2.385399225E1,-1.756627689E0,6.638051569E-2,-9.119773614E-1,1.980366107E0
2.386396225E1,-2.310465869E0,5.175776955E-1,1.339928058E0,2.720578322E0
2.387393125E1,-1.894255504E0,7.152945685E-1,2.233362730E0,3.014591070E0
2.388390125E1,-2.213049502E0,-9.953808761E-1,1.475576445E0,2.840017083E0
2.389387125E1,-1.431994954E0,3.545959148E-1,6.534579241E-1,1.613491577E0
2.390384025E1,-1.000045858E0,1.075349736E0,-6.959648430E-2,1.470140280E0
2.391381025E1,-1.476988255E0,-8.369423819E-1,9.778824985E-2,1.700449763E0
2.392377925E1,-4.826644094E-1,-7.382369962E-1,-1.267677523E0,1.544333221E0
2.393374925E1,-1.277582560E0,-3.882902026E-2,-1.377297029E0,1.879008248E0
2.394371825E1,-1.901942839E0,-7.953479210E-1,4.781788641E-1,2.116275007E0
2.395368825E1,-2.244331229E0,-4.777192730E-1,2.137613404E-1,2.304546003E0
2.396365725E1,-2.922480775E0,-5.313894036E-1,1.004723557E0,3.135719695E0
2.397362725E1,-2.498093079E0,-8.670303994E-1,2.168475593E0,3.419721793E0
2.398359625E1,-2.607585701E0,-5.609023476E-1,1.376263826E0,3.001369146E0
2.399356625E1,-1.704301980E0,1.391996637E0,-2.547614318E-1,2.215220815E0
2.400353525E1,-1.782354853E0,5.070196706E-1,1.613494136E0,2.457075720E0
2.401350525E1,2.339335035E-1,-3.576455301E-1,2.554402936E-1,4.978804604E-1
2.402347425E1,1.181737194E0,4.429135464E0,-7.535224950E-1,4.645593601E0
2.403344425E1,-2.738560115E0,1.064254937E0,2.660339280E0,3.963553351E0
2.404341325E1,-3.490637179E-1,2.852765885E-1,3.288353630E0,3.319110997E0
2.405338325E1,-3.763763838E0,-5.132416928E-1,6.337797046E-2,3.799125166E0
2.406335225E1,-6.176419741E0,-2.787284086E0,-3.002675046E0,7.411691495E0
2.407332225E1,-3.895826127E0,-1.601994417E0,-2.638354919E0,4.970388717E0
2.408329125E1,-1.232899600E0,5.660394189E-1,4.955269682E-1,1.444295338E0
2.409326125E1,-3.447818018E-1,1.476074628E0,2.196824648E0,2.669027788E0
2.410323125E1,-1.459185676E0,8.393087500E-1,2.800295895E0,3.267310686E0
2.411320025E1,-6.657332763E-1,5.065527704E-1,2.049434468E0,2.213589425E0
2.412317025E1,-1.381882708E-1,-7.027154535E-2,-3.507183337E-1,3.834546099E-1
2.413313925E1,-1.447072146E0,-8.363412881E-1,-1.051414159E0,1.974577494E0
2.414310925E1,-8.483940806E-1,1.873817439E0,-9.847751963E-1,2.280514525E0
2.415307825E1,-7.691241820E-1,9.101006976E-1,-1.656716169E0,2.040721380E0
2.416304825E1,-4.351736894E-1,-1.484796919E0,-2.657536125E0,3.075141670E0
2.417301725E1,1.189621141E-1,-1.014094305E-1,-8.476316768E-1,8.619253545E-1
2.418298725E1,-5.642325561E-1,-5.288572669E-1,4.451917970E-1,8.923251214E-1
2.419295625E1,-6.740798112E-1,-1.181897407E0,1.966168363E0,2.391042263E0
2.420292625E1,-5.630685217E-1,-1.073307889E0,2.594051735E0,2.863239492E0
2.421289525E1,-7.185202581E-1,-6.785740542E-1,3.142603594E-1,1.037060115E0
2.422286525E1,-1.240438269E0,3.098845956E-1,2.414601856E-1,1.301160475E0
2.423283425E1,-6.702229878E-1,9.130134881E-1,8.467312056E-1,1.414123834E0
2.424280425E1,-6.802913084E-1,-1.233165210E0,-1.121504148E0,1.800351147E0
2.425277425E1,-1.259196429E0,1.322254264E-1,-1.952011085E-1,1.281078718E0
2.426274325E1,-1.833317285E0,2.839699112E0,-4.454408884E-2,3.380373868E0
2.427271325E1,-1.045909590E0,1.104023897E0,-1.618735580E0,2.221058422E0
2.428268225E1,-1.860104841E0,-3.466893098E-1,-2.632977819E-1,1.910368870E0
2.429265225E1,-2.551422025E0,4.423962432E-1,4.829829365E-1,2.634149066E0
2.430262125E1,-3.019389019E0,3.169231814E-1,1.210209918E-1,3.038387143E0
2.431259125E1,-2.508392950E0,8.181462148E-1,5.026798671E-1,2.685904963E0
2.432256025E1,-1.453727300E0,-5.506252813E-1,3.263763750E-1,1.588405742E0
2.433253025E1,-8.655615789E-1,-1.203040939E0,1.027090911E0,1.803169456E0
2.434249925E1,-1.348474495E0,7.923348507E-1,1.638192775E0,2.264918000E0
2.435246925E1,-3.259177340E-1,2.424445644E-1,5.510620683E-1,6.845956027E-1
2.436243825E1,1.143316309E-1,-1.119999952E0,8.501266837E-1,1.410739874E0
2.437240825E1,9.570722580E-2,4.205174240E-1,1.785839063E-1,4.667836636E-1
2.438237725E1,-1.159699477E-1,2.769244257E-1,-1.390688907E0,1.422726889E0
2.439234725E1,-2.038288944E-1,-4.376752013E-1,-9.734140563E-1,1.086572927E0
2.440231725E1,-6.755539674E-1,-4.612725171E-1,-3.137960905E-1,8.761355399E-1
2.441228625E1,-3.361544179E-1,-1.820378858E0,-1.573061809E0,2.429259647E0
2.442225625E1,-3.798807371E-1,-1.603127022E0,1.387474108E0,2.153928974E0
2.443222525E1,-1.043999159E-1,-9.218904385E-1,3.521728871E0,3.641889010E0
2.444219525E1,8.298874238E-1,-1.506308533E0,9.074247193E-1,1.944504604E0
2.445216425E1,1.670742470E-1,-1.226641471E0,1.218094888E0,1.736755095E0
2.446213425E1,5.339394475E-1,-1.817183062E-1,2.097775154E0,2.172273803E0
2.447210325E1,1.574018413E0,-3.131026107E-1,-1.022420155E0,1.902868935E0
2.448207325E1,1.228277230E0,-4.140159050E-1,-1.972568141E0,2.360317604E0
2.449204225E1,1.682049962E0,5.707283011E-1,-2.191045260E0,2.820585436E0
2.450201225E1,1.522349200E0,-4.813109252E-1,-3.096766101E0,3.484130821E0
2.451198125E1,1.092097843E0,-5.511459759E-1,-1.620994359E0,2.030778742E0
2.452195125E1,6.695441260E-1,-4.311678350E-2,1.263985591E0,1.431016411E0
2.453192125E1,1.013930656E0,-1.328192697E0,6.507354605E-1,1.793211603E0
2.454189025E1,3.864652135E-1,-1.483028429E0,1.771711020E0,2.342581615E0
2.455186025E1,-3.046609672E-1,8.039132148E-1,8.866220802E-1,1.234987237E0
2.456182925E1,1.067833140E-2,-1.795378795E-1,-3.769559598E-1,4.176645455E-1
2.457179925E1,1.231229489E0,-9.461078516E-1,1.802518830E0,2.379100724E0
2.458176825E1,7.352804247E-1,7.807108784E-1,1.421766273E0,1.780889136E0
2.459173825E1,-1.540918751E-1,-4.420000944E-1,1.789521639E0,1.849728652E0
2.460170725E1,1.265121668E-1,3.740110096E-1,3.110669611E0,3.135626730E0
2.461167725E1,1.217444824E0,1.992786643E0,-3.108789146E-1,2.355847237E0
2.462164625E1,1.678276315E0,6.625675938E-1,-3.486217561E0,3.925470683E0
2.463161625E1,1.964487435E0,1.111805664E0,-2.377324687E0,3.278261031E0
2.464158525E1,1.228006504E0,5.560897967E-1,-2.928217186E0,3.223614699E0
2.465155525E1,1.345263643E0,-1.555604362E0,-2.841283708E0,3.507496587E0
2.466152525E1,-1.828341377E-1,-2.012640864E-1,1.680444755E0,1.702301421E0
2.467149425E1,-7.625469415E-1,2.002273750E-1,3.469064754E0,3.557524294E0
2.468146425E1,-4.417294414E-1,-1.385912024E0,1.942487724E0,2.426754128E0
2.469143325E1,-1.355284601E0,-5.996772811E-1,2.218252940E0,2.667780968E0
2.470140325E1,-1.399516448E0,1.808716294E-1,-5.033107817E-1,1.498226478E0
2.471137225E1,-2.198945032E-2,-1.277699066E0,-1.361616551E0,1.867350548E0
2.472134225E1,-7.995397168E-1,-1.368643150E-1,5.775645733E-1,9.957793107E-1
2.473131125E1,-9.712862545E-1,1.463167484E0,-1.549099334E0,2.341786673E0
2.474128125E1,-3.190163750E-1,5.664785448E-1,-2.786735618E0,2.861566842E0
2.475125025E1,-9.367020205E-1,-3.729000387E-1,-9.263638508E-1,1.369165840E0
2.476122025E1,-1.114449629E0,1.565138832E-1,-2.289103067E-1,1.148431321E0
2.477118925E1,-1.000026854E0,-1.998978844E-1,-1.188956459E0,1.566406823E0
2.478115925E1,-1.279410253E0,2.267506376E-1,6.080560488E-1,1.434586563E0
2.479112925E1,-1.149268336E0,2.548000234E-1,6.026222312E-1,1.322457679E0
2.480109825E1,-4.927195738E-1,1.859318098E-1,-1.155424431E0,1.269782986E0
2.481106825E1,-7.848308996E-1,1.771715991E0,-4.399743265E-1,1.987086938E0
2.482103725E1,-4.994872509E-1,4.884033054E-1,-1.127721493E0,1.326567400E0
2.483100725E1,-9.990470437E-2,-4.014101851E-1,-6.369143969E-1,7.594544329E-1
2.484097625E1,-1.363664684E0,1.179019700E0,2.955714887E-1,1.826754316E0
2.485094625E1,-1.169735564E0,3.760584122E-1,-8.273400843E-2,1.231481277E0
2.486091525E1,-7.734454206E-1,1.415739548E-1,5.531109327E-1,9.613494199E-1
2.487088525E1,-1.367745456E0,9.306475210E-1,1.689102142E0,2.364296616E0
2.488085425E1,-4.548667462E-1,-1.131462541E-1,2.954317403E-1,5.540629430E-1
2.489082425E1,5.209132763E-1,-9.541252613E-2,2.559472471E-1,5.881863521E-1
2.490079325E1,5.802504553E-2,4.249747565E-1,1.652706733E0,1.707457173E0
2.491076325E1,-8.554832814E-3,-1.275292059E0,2.917678750E-1,1.308270429E0
2.492073225E1,-4.067132808E-1,-1.760996290E0,9.154605478E-1,2.025979181E0
2.493070225E1,-8.840701360E-1,4.754157624E-1,1.775880085E0,2.039938781E0
2.494067225E1,2.744144353E-1,-3.629673734E-1,-1.323807870E0,1.399827086E0
2.495064125E1,1.013513896E0,-3.918692833E-1,-1.843354030E0,2.139795792E0
2.496061125E1,3.337962358E-1,1.132264779E0,-9.683111912E-1,1.526784209E0
2.497058025E1,7.591781413E-1,-3.543561789E-1,-1.554827852E0,1.766184985E0
2.498055025E1,1.188650960E-1,-7.920117921E-1,8.700791377E-1,1.182560483E0
2.499051925E1,-1.060665039E0,1.116339303E0,1.917975612E0,2.459645139E0
2.500048925E1,-5.411631342E-1,6.027628568E-1,-1.261147352E0,1.498890671E0
2.501045825E1,1.199960480E0,1.109957944E0,-3.353932493E0,3.731055475E0
2.502042825E1,1.584592080E0,1.581324802E0,-1.875610195E0,2.920519439E0
2.503039725E1,8.313716664E-1,-1.372977398E0,-1.003877465E0,1.893149690E0
2.504036725E1,-5.684084914E-1,-1.102390477E0,2.996792162E0,3.243318708E0
2.505033625E1,-1.080336096E0,1.289154054E0,2.394891477E0,2.926525148E0
2.506030625E1,-1.590484319E-1,2.873292536E-1,-9.491679919E-1,1.004377608E0
2.507027525E1,2.407874269E-1,1.125505106E0,-1.591703902E0,1.964245819E0
2.508024525E1,7.589194020E-1,1.512227377E0,-2.234926275E0,2.803156391E0
2.509021525E1,7.852352346E-1,-1.553416919E0,-2.918587407E0,3.398212905E0
2.510018425E1,3.145197565E-1,-9.583048511E-1,1.094133916E0,1.488085983E0
2.511015425E1,-8.811608539E-1,4.892809725E-1,2.536052619E0,2.728993075E0
2.512012325E1,-8.791624217E-1,-5.385376248E-1,1.967693317E-1,1.049603500E0
2.513009325E1,-4.971841788E-1,5.914625278E-1,-1.469224030E-1,7.865152395E-1
2.514006225E1,-7.703200838E-1,-5.902872375E-1,-1.253912008E-1,9.785473966E-1
2.515003225E1,7.570567349E-2,-2.825032834E0,1.483604672E0,3.191805865E0
2.516000125E1,-5.642694667E-1,-8.615714389E-1,4.446125718E0,4.563851365E0
2.516997125E1,-1.038899838E-1,4.835822761E-2,7.544785148E-1,7.631313623E-1
2.517994025E1,5.605729301E-1,-9.874733940E-1,-1.555835912E0,1.926128526E0
2.518991025E1,2.318395607E-1,-4.553560120E-1,5.346612132E-1,7.395683149E-1
2.519987925E1,1.153301161E-1,-9.026721025E-1,-3.658240306E-1,9.807880411E-1
2.520984925E1,-3.021436130E-1,-1.874403622E0,1.035215617E0,2.162487243E0
2.521981925E1,-8.427817769E-1,5.195455760E-2,2.080085573E0,2.244935720E0
2.522978825E1,-6.576981787E-1,7.223913342E-2,-5.676354164E-1,8.717771233E-1
2.523975825E1,9.717346994E-2,-2.970356315E-1,-1.572464224E0,1.603220691E0
2.524972725E1,8.797662199E-2,1.386022244E0,-5.479086649E-1,1.492984076E0
2.525969725E1,-3.473593276E-1,1.000256869E0,-1.870975692E0,2.149819143E0
2.526966625E1,2.655127803E-1,5.666197550E-1,-9.650566310E-1,1.150169242E0
2.527963625E1,6.810412138E-1,1.760251063E0,2.419203615E-1,1.902846920E0
2.528960525E1,9.924927901E-1,1.796598817E0,-1.468817648E0,2.523932355E0
2.529957525E1,1.313723031E0,3.986473757E-1,-8.623865408E-1,1.621264469E0
2.530954425E1,3.230240200E-1,2.809347385E-1,1.774571478E-2,4.284667493E-1
2.531951425E1,-5.778769973E-1,1.612056013E0,-1.730825534E0,2.434835404E0
2.532948325E1,-3.053904987E-1,1.441556467E0,-8.965372038E-1,1.724855751E0
2.533945325E1,-1.475360683E-1,1.369395979E0,2.872848147E-1,1.406962971E0
2.534942225E1,-4.522211369E-1,2.217556536E-2,-7.379227084E-1,8.657514863E-1
2.535939225E1,-1.264816334E0,-4.946013540E-1,1.017930663E0,1.697225293E0
2.536936225E1,-2.216384316E0,3.691779935E-1,1.414484736E0,2.655074178E0
2.537933125E1,-1.995731885E0,1.692681223E-2,-1.109378192E0,2.283408034E0
2.538930125E1,-1.696751324E0,5.203893292E-1,-6.194879401E-1,1.879770044E0
2.539927025E1,-1.736044028E0,4.728611138E-1,-1.466076474E0,2.320953840E0
2.540924025E1,-1.052261201E0,-1.046596053E-1,-2.192146876E0,2.433868360E0
2.541920925E1,-1.106915857E0,1.792311931E-1,-1.771121621E-1,1.135233567E0
2.542917925E1,-1.018795832E0,-2.401033393E-1,7.529038596E-1,1.289363712E0
2.543914825E1,-6.599886793E-1,-1.058572320E0,1.612166233E0,2.038440673E0
2.544911825E1,-1.296609546E0,-3.508843946E-1,4.174862859E0,4.385635195E0
2.545908725E1,-1.514682038E0,-3.622253618E-1,2.512303568E0,2.955865035E0
2.546905725E1,-8.916717356E-1,5.931590974E-2,2.604866745E0,2.753893176E0
2.547902625E1,-7.691957373E-1,1.014694229E0,7.553819096E-1,1.480495961E0
2.548899625E1,4.503361773E-1,6.356157303E-2,-2.114463692E0,2.162822104E0
2.549896525E1,5.715999382E-1,1.268283294E0,-2.032240731E0,2.462777170E0
2.550893525E1,7.348131591E-1,2.091911274E0,-2.774601476E0,3.551683616E0
2.551890525E1,4.205924877E-1,-9.326548702E-1,-3.028838412E0,3.196968138E0
2.552887425E1,-5.472043678E-3,-2.657793403E-2,2.333249545E-1,2.348975612E-1
2.553884425E1,-2.946985360E-1,4.370074493E-1,-4.449801278E-1,6.898043578E-1
2.554881325E1,4.781287242E-1,-6.852638537E-1,-2.247227647E0,2.397545771E0
2.555878325E1,3.405010187E-1,7.774914014E-1,-5.181176859E-1,9.944243357E-1
2.556875225E1,2.160694009E-1,8.014550453E-1,-7.878637773E-1,1.144441133E0
2.557872225E1,1.478448012E-1,-1.650006489E0,-9.002151024E-1,1.885408903E0
2.558869125E1,-1.111370558E0,-1.043462823E0,5.778382230E-1,1.630293284E0
2.559866125E1,-1.496183787E0,-5.869379523E-1,1.322118609E0,2.081119819E0
2.560863025E1,-9.081546711E-1,-1.236385856E0,4.959847468E0,5.191674276E0
2.561860025E1,-7.323154479E-1,1.265535980E0,3.226594169E0,3.542425322E0
2.562856925E1,3.323808442E-1,1.667526794E0,-3.350617121E0,3.757360474E0
2.563853925E1,1.601231355E0,9.576906011E-1,-6.053176222E0,6.334197307E0
2.564850825E1,1.628406144E0,-2.636348739E-1,-2.938497761E0,3.369863351E0
2.565847825E1,1.161145054E0,-2.472595418E0,-3.188375598E-1,2.750207870E0
2.566844825E1,-7.560590172E-1,-1.522321718E0,6.065343109E0,6.299005928E0
2.567841725E1,-1.639438524E0,2.721756095E-1,5.633331521E0,5.873351876E0
2.568838725E1,-1.729181590E0,-9.045531517E-1,6.336991884E0,6.630667501E0
2.569835625E1,-2.238173819E0,1.078115762E0,3.410548743E0,4.219431048E0
2.570832625E1,-8.392374871E-1,3.022273451E0,-3.738625488E0,4.880141075E0
2.571829525E1,-1.023528934E0,1.248538417E0,-4.411575106E0,4.697707374E0
2.572826525E1,3.642010994E-1,1.967920481E0,-3.061714967E0,3.657793324E0
2.573823438E1,4.147806111E-1,1.436462665E0,-4.846706184E0,5.072083277E0
2.574820438E1,7.188406125E-1,2.370987475E-1,-1.673235723E0,1.836481807E0
2.575817338E1,6.383334430E-1,-1.295708782E0,2.189257767E0,2.622819171E0
2.576814337E1,-3.920999377E-2,-2.609917278E0,3.299013104E0,4.206743763E0
2.577811238E1,-1.747260011E0,-7.872352016E-1,5.484638581E0,5.809812146E0
2.578808238E1,-2.213488044E0,-3.603989840E-1,2.425293490E0,3.303250711E0
2.579805138E1,-8.731112114E-1,-1.649738394E0,4.754756963E-1,1.926145658E0
2.580802138E1,-4.828680022E-1,-4.227004820E-1,-5.869616336E-1,8.696902692E-1
2.581799037E1,3.907822494E-1,-4.951015833E-1,-2.720234064E0,2.792402140E0
2.582796037E1,8.028124034E-1,-1.432607596E0,-3.498861580E0,3.865087921E0
2.583793038E1,1.672583064E-1,-3.339318547E-1,-1.911828434E0,1.947966577E0
2.584789938E1,3.598618441E-1,-6.631847674E-1,-1.455832736E0,1.639744962E0
2.585786938E1,6.640312980E-1,-1.361287937E0,-2.084737033E-1,1.528889694E0
2.586783838E1,4.302034464E-1,1.579772366E0,9.934811157E-1,1.915139802E0
2.587780837E1,3.952083358E-1,3.014635525E0,7.298664147E-1,3.126806992E0
2.588777737E1,3.094421441E-1,1.205893796E0,1.469885350E0,1.926265098E0
2.589774738E1,-2.534251603E-1,2.353615397E-1,6.473657101E-1,7.339630297E-1
2.590771638E1,-1.168047254E0,-6.655982056E-1,-1.725296407E0,2.187236396E0
2.591768638E1,-8.525760093E-1,-3.158554798E-1,-4.498204529E-1,1.014390938E0
2.592765538E1,2.210132765E-1,1.902581647E-1,-2.036374712E0,2.057150215E0
2.593762537E1,6.616440991E-1,-1.708231893E-1,-2.478059349E0,2.570550839E0
2.594759438E1,5.228106977E-1,1.412953642E0,3.385672349E-1,1.544149213E0
2.595756438E1,1.059997725E0,2.059427944E0,1.189051183E0,2.603590089E0
2.596753338E1,6.662810142E-1,-7.918021694E-1,2.191680853E0,2.423705020E0
2.597750338E1,-4.346187520E-1,-1.688163664E0,2.414897726E0,2.978341996E0
2.598747337E1,-1.800274669E0,-1.400337690E0,8.891393065E-1,2.447958994E0
2.599744237E1,-1.870330013E0,5.602100372E-2,6.212157923E-1,1.971593714E0
2.600741238E1,-1.770613462E-1,2.040049687E-1,-5.353523540E-1,5.996423022E-1
2.601738138E1,8.738864060E-1,-2.294191606E0,-1.566978951E0,2.912458688E0
2.602735138E1,5.206768660E-1,-3.828610629E-1,6.326681489E-1,9.044091878E-1
2.603732038E1,5.968426971E-1,5.215833306E-1,6.789143622E-2,7.955373172E-1
2.604729037E1,4.096646994E-1,-1.350466788E0,1.449466288E-1,1.418659662E0
2.605725937E1,-7.633537842E-1,7.491119403E-1,7.165125436E-1,1.287349185E0
2.606722938E1,-5.185249810E-1,6.981952634E-1,-6.313174421E-1,1.074665759E0
2.607719838E1,-3.339504927E-1,-1.677803568E0,2.719131280E0,3.212510336E0
2.608716838E1,-5.807306944E-1,3.188650417E-1,2.662261260E0,2.743457321E0
2.609713738E1,4.293399954E-1,1.394547192E0,-1.713287396E0,2.250432937E0
2.610710737E1,5.537954224E-1,2.045253709E-1,-4.137221408E0,4.179129213E0
2.611707637E1,1.675994878E0,7.537984836E-1,-3.197149345E0,3.687673375E0
2.612704638E1,1.667199057E0,3.538384080E-2,-2.847936085E0,3.300234031E0
2.613701538E1,1.385897114E0,-1.308235565E-1,-1.529915205E0,2.068445345E0
2.614698538E1,1.961468956E0,1.703343036E0,-8.203666949E-1,2.724286967E0
2.615695537E1,2.283084089E-1,9.998308995E-1,2.973753548E-1,1.067810217E0
2.616692437E1,2.991409581E-1,7.463780746E-1,2.507137552E0,2.632926936E0
2.617689438E1,8.163446146E-1,5.324284539E-1,1.408525254E0,1.712846163E0
2.618686338E1,-1.621237896E0,-1.253815821E0,2.968252487E0,3.607074889E0
2.619683338E1,-8.512413092E-1,1.191596476E0,2.372870278E0,2.788373592E0
2.620680238E1,-4.938019665E-1,2.578634967E0,-2.479820530E0,3.611469027E0
2.621677237E1,5.505696231E-2,1.486670952E0,-1.868578919E0,2.388474191E0
2.622674137E1,1.234993049E0,1.044615309E0,-1.756401840E0,2.387755515E0
2.623671138E1,6.276776234E-1,-1.809256285E0,-7.744678062E-1,2.065717281E0
2.624668038E1,1.338549906E-1,-3.924095660E-1,2.727999752E0,2.759326923E0
2.625665038E1,-2.748023249E-2,1.127608934E0,1.556542840E0,1.922259786E0
2.626661938E1,3.694241613E-1,-1.726687460E0,1.831978857E0,2.544419448E0
2.627658937E1,8.342678654E-1,-3.818556342E-1,9.076843357E-1,1.290622892E0
2.628655837E1,7.161880962E-1,-6.356537372E-2,-2.115108640E0,2.233976389E0
2.629652838E1,8.152031650E-1,-2.705477446E-2,-3.465475148E-1,8.862185628E-1
2.630649738E1,4.132426472E-1,1.469852898E0,-3.862530327E-1,1.574937596E0
2.631646738E1,-2.764145119E-2,-1.069898085E0,-1.202446570E0,1.609758900E0
2.632643638E1,6.770037845E-2,-4.900124592E-1,3.904992807E-1,6.302263400E-1
2.633640637E1,-2.281867320E-1,1.288291882E0,-2.471296459E-1,1.331479710E0
2.634637638E1,-2.547850399E-1,-2.673344073E-1,4.266830206E-1,5.643062129E-1
2.635634538E1,-5.378996205E-1,6.506056523E-1,1.315708891E0,1.563238179E0
2.636631538E1,-6.629806995E-1,-5.362402537E-1,-9.087742567E-2,8.575288474E-1
2.637628438E1,-1.394858958E-1,-7.150068855E-1,1.206704512E0,1.409548488E0
2.638625437E1,-1.838197042E-1,6.570817360E-1,3.932381165E-1,7.875165444E-1
2.639622337E1,1.516960698E-1,-7.142856315E-1,-1.360075225E0,1.543703429E0
2.640619338E1,4.658004548E-1,-3.678182235E-1,-1.002934309E0,1.165391581E0
2.641616238E1,2.826912238E-1,7.097557935E-1,-1.132963521E0,1.366482329E0
2.642613238E1,1.469881293E-1,-1.469446809E0,-9.473775744E-2,1.479815758E0
2.643610138E1,1.695425212E-1,-1.805161187E-1,7.592054039E-1,7.985759707E-1
2.644607137E1,1.516322073E-1,6.086659133E-2,-1.013363988E0,1.026451967E0
2.645604037E1,7.789182682E-1,-9.180298144E-1,3.591511881E-1,1.256376530E0
2.646601038E1,6.684754743E-1,5.131487221E-2,7.859891599E-1,1.033088397E0
2.647597938E1,8.453136943E-1,-2.618166530E0,5.641966689E-1,2.808499439E0
2.648594938E1,6.964520623E-1,-1.569525705E0,1.120704834E0,2.050472077E0
2.649591838E1,3.203641947E-1,5.858722973E-1,-1.047347420E-1,6.759060084E-1
2.650588837E1,3.629319247E-2,-8.935098079E-1,-1.183944225E-1,9.020500052E-1
2.651585838E1,-5.420551635E-2,9.080492020E-2,-3.925329423E-1,4.065290670E-1
2.652582738E1,4.667234378E-1,1.692157897E-1,-1.783216002E0,1.851033241E0
2.653579738E1,1.048081465E0,-7.311033931E-1,-7.114430076E-1,1.462579257E0
2.654576638E1,1.163079167E0,3.988701546E-1,3.986444521E-1,1.292581892E0
2.655573638E1,7.559371758E-1,-2.144706076E-1,-4.737121761E-2,7.871992680E-1
2.656570537E1,3.170163349E-1,-6.778004676E-2,1.761587151E0,1.791167994E0
2.657567538E1,2.010210615E-1,1.735570258E0,1.240259929E0,2.142628824E0
2.658564438E1,3.463813442E-1,-1.374814886E0,2.612159393E0,2.972115862E0
2.659561438E1,1.992589665E-1,2.687646362E-1,2.711466749E0,2.732030472E0
2.660558338E1,2.089563909E-1,9.378287789E-1,6.376844752E-1,1.153181287E0
2.661555337E1,-4.461285941E-1,-1.060428227E0,3.385005766E-1,1.199216989E0
2.662552237E1,-3.182656290E-1,1.946457107E0,4.211223185E-2,1.972754855E0
2.663549238E1,1.604486573E-1,8.346695691E-1,-1.006556075E0,1.317411171E0
2.664546138E1,3.739003876E-1,-7.075040308E-1,-8.604885346E-1,1.175076156E0
2.665543138E1,6.816884275E-1,1.073709592E0,-1.714231136E0,2.134511604E0
2.666540038E1,9.559981245E-1,-7.444508323E-1,-2.226162468E0,2.534549031E0
2.667537037E1,1.050139320E0,-7.427484155E-1,-4.882255501E-1,1.375802307E0
2.668534037E1,1.204900061E0,-4.600106880E-1,-2.581124711E-1,1.315300741E0
2.669530938E1,1.014942151E0,-2.549687156E0,6.553068137E-1,2.821425027E0
2.670527938E1,3.789894752E-1,-3.480847478E-3,1.778768610E0,1.818698135E0
2.671524838E1,5.033579249E-1,2.531493545E-1,8.007393461E-1,9.791002485E-1
2.672521838E1,-1.373384511E-1,-1.731145377E0,1.215781730E0,2.119870605E0
2.673518737E1,-2.341837278E-1,5.649296173E-1,5.966264963E-2,6.144486331E-1
2.674515692E1,-2.432509320E-1,-6.830638388E-1,-8.215104103E-2,7.297232471E-1
2.675512592E1,-3.889045257E-2,-5.476011014E-1,1.276364731E0,1.389419433E0
2.676509592E1,8.368856639E-2,1.149490092E0,7.031820613E-1,1.350109721E0
2.677506492E1,-6.338827617E-2,-7.973804131E-1,9.388956034E-1,1.233433643E0
2.678503492E1,-1.950202468E-1,3.581454670E-1,4.003968626E-1,5.715056604E-1
2.679500392E1,4.027548985E-1,1.723693101E0,-1.460275451E0,2.294718677E0
2.680497392E1,2.410554852E-1,-4.127230856E-1,-1.384727671E0,1.464895496E0
2.681494292E1,9.625273447E-2,8.744294661E-1,-2.288057585E0,2.451346363E0
2.682491292E1,2.172979557E-1,5.534608886E-1,-2.850262692E0,2.911620643E0
2.683488192E1,1.511328551E-1,-3.970844150E-1,-1.319548173E0,1.386262801E0
2.684485192E1,-1.047745031E-1,5.395705354E-1,3.705175906E-1,6.628705335E-1
2.685482092E1,-1.247104935E-1,-7.507950613E-1,3.377334219E-1,8.326522657E-1
2.686479092E1,-5.470608918E-1,2.769410902E-1,1.064136531E0,1.228152492E0
2.687476092E1,-1.061970795E0,2.879052043E-1,1.309483945E-2,1.100383048E0
2.688472992E1,-3.862557736E-1,-9.949221620E-1,-3.701199800E-1,1.129624907E0
2.689469992E1,-8.017154657E-1,-6.150326541E-1,9.063342136E-1,1.357370458E0
2.690466892E1,-5.297038706E-1,-2.233166555E0,1.650680673E-1,2.301057696E0
2.691463892E1,6.575024066E-2,-1.531579030E0,1.619407425E0,2.229918794E0
2.692460792E1,-6.232764973E-1,-1.072962903E0,2.535987130E0,2.823287748E0
2.693457792E1,-8.741059689E-1,-1.645701769E0,1.391772396E0,2.325817267E0
2.694454692E1,-1.258094521E0,-3.885518655E-1,3.559721155E0,3.795443199E0
2.695451692E1,-1.292476880E0,3.868368772E-1,1.512434953E0,2.026721181E0
2.696448592E1,-6.237699292E-1,-7.855354160E-1,-1.177851427E0,1.547090430E0
2.697445592E1,-3.971126278E-1,6.170052123E-1,-2.967695832E-1,7.914960876E-1
2.698442492E1,-1.789087191E-1,8.929823890E-1,-2.637321131E0,2.790141327E0
2.699439492E1,1.589602851E-1,-1.400461651E0,-3.283064824E0,3.572824631E0
2.700436392E1,-1.209617979E-1,-5.139193851E-1,-1.039224468E0,1.165646768E0
2.701433392E1,-3.489276605E-2,1.190925801E-1,-6.758369726E-1,6.871362029E-1
2.702430292E1,-1.895757946E-1,-9.130134881E-2,1.358131025E0,1.374334312E0
2.703427292E1,-5.176315996E-1,1.529571096E0,1.235658755E0,2.033318167E0
2.704424292E1,-4.187275182E-1,2.991549549E-1,3.453716397E-1,6.197644642E-1
2.705421192E1,-5.951546790E-1,3.260518545E-1,4.898376274E-1,8.369347675E-1
2.706418192E1,-1.770836569E-1,3.728228554E-1,-5.763588774E-1,7.089041251E-1
2.707415092E1,1.085585104E-1,-1.232036989E0,-7.652964485E-1,1.454434167E0
2.708412092E1,-8.005611157E-2,-1.500489092E-1,-4.135683006E-1,4.471715503E-1
2.709408992E1,3.204752005E-2,-6.646354616E-2,-5.166547126E-1,5.218970574E-1
2.710405992E1,-1.347477600E-1,-7.001915029E-1,5.556930631E-1,9.040021460E-1
2.711402892E1,-4.058921124E-1,1.003505582E0,6.790149343E-1,1.277823596E0
2.712399892E1,-2.516621334E-1,-9.485674828E-2,2.797307968E-2,2.703962376E-1
2.713396792E1,-9.213165343E-2,-4.346796727E-1,7.103852463E-1,8.379032507E-1
2.714393792E1,-9.289114279E-2,1.234347224E0,2.203879899E-1,1.257303742E0
2.715390692E1,8.516314281E-2,-1.016705087E0,-5.051152325E-1,1.138456584E0
2.716387692E1,-1.605512029E-1,-3.965850627E-1,2.357965726E-1,4.885247428E-1
2.717384592E1,-5.309564630E-2,1.310765655E0,-1.185827029E0,1.768364072E0
2.718381592E1,-3.872460178E-3,-1.522954679E0,-1.365973896E-1,1.529073183E0
2.719378492E1,5.521773882E-1,2.622370970E-1,1.223346273E0,1.367568743E0
2.720375492E1,8.705760779E-1,1.336665604E0,-1.515396568E0,2.200228262E0
2.721372392E1,4.775829963E-1,-1.253717880E0,-1.453592668E0,1.978086370E0
2.722369392E1,-3.468486099E-2,-4.373199829E-1,6.091535711E-1,7.506796123E-1
2.723366392E1,3.790156050E-3,-1.288853507E0,-3.802847797E-1,1.343790996E0
2.724363292E1,-5.145538080E-1,-1.343313304E0,1.573576364E0,2.131994096E0
2.725360292E1,-1.001731537E0,4.189623570E-1,1.582799762E0,1.919440183E0
2.726357192E1,-5.688184543E-1,-8.907706797E-1,-1.937100685E-1,1.074500083E0
2.727354192E1,-2.393751782E-1,6.744587839E-2,9.403363574E-1,9.726674084E-1
2.728351092E1,1.859545774E-1,1.178077129E0,-3.948221272E-1,1.256315780E0
2.729348092E1,1.249522119E-1,-8.452270094E-1,7.472998881E-1,1.135111834E0
2.730344992E1,1.686424337E-1,6.910599062E-1,1.591092868E0,1.742865623E0
2.731341992E1,-1.159175511E-1,6.932555357E-1,-7.915177023E-1,1.058555804E0
2.732338892E1,-8.192326457E-2,7.241615787E-1,-1.413214136E0,1.590061510E0
2.733335892E1,4.894004019E-1,5.222320792E-1,-6.443672580E-1,9.630411523E-1
2.734332792E1,2.796023408E-1,-2.077004675E0,-1.921952888E0,2.843594344E0
2.735329792E1,4.516444188E-2,-6.455595052E-1,-2.891448140E-2,6.477831032E-1
2.736326692E1,-3.909135925E-2,1.196976207E0,1.125115389E0,1.643217823E0
2.737323692E1,-3.727714730E-1,-1.067548673E0,1.147918945E0,1.611315191E0
2.738320592E1,-3.217506427E-1,-8.599523449E-1,1.347627087E0,1.630687057E0
2.739317592E1,2.958125767E-1,6.799013722E-1,-2.611623788E-1,7.861149691E-1
2.740314492E1,6.391447442E-1,-6.248948604E-2,-2.819919151E-1,7.013774876E-1
2.741311492E1,3.730008300E-1,5.876200300E-1,5.441354567E-1,8.834649479E-1
2.742308492E1,5.955476850E-2,-9.149708435E-1,-4.514073873E-1,1.022001489E0
2.743305392E1,2.992079635E-1,-1.268020462E0,1.066097102E0,1.683438246E0
2.744302392E1,2.025930671E-1,7.160552913E-1,1.003777478E0,1.249539257E0
2.745299292E1,3.974228226E-1,7.710840225E-2,-1.627163172E-2,4.051609206E-1
2.746296292E1,3.894825961E-1,4.221514285E-2,1.040595056E0,1.111897874E0
2.747293192E1,6.735070764E-1,4.523084432E-1,-1.338881992E0,1.565503017E0
2.748290192E1,1.118489251E0,-1.452913806E0,-1.975053207E0,2.694960464E0
2.749287092E1,1.095760466E0,8.046093258E-1,-3.400705540E-1,1.401333346E0
2.750284092E1,8.901134527E-1,5.058809254E-1,-1.276375841E0,1.636261824E0
2.751280992E1,3.011312955E-1,-2.052865030E0,-8.543466192E-1,2.243845590E0
2.752277992E1,7.217653167E-1,1.147450583E0,-1.225044304E-1,1.361100785E0
2.753274892E1,5.732082149E-1,4.753423798E-1,-1.555593252E-2,7.448221417E-1
2.754271892E1,4.345043293E-1,-9.886519003E-1,1.243234407E0,1.646772110E0
2.755268792E1,4.285338471E-1,-1.694944096E-1,1.081762378E0,1.175831389E0
2.756265792E1,-1.218785408E-1,-1.232469099E0,-1.277576859E0,1.779336137E0
2.757262692E1,4.738191801E-1,5.701739851E-1,-5.586546779E-1,9.282769187E-1
2.758259692E1,1.785565888E-1,7.052332646E-1,9.262328732E-1,1.177770669E0
2.759256592E1,6.967710279E-1,-2.544720531E0,1.765901812E0,3.174823090E0
2.760253592E1,6.796624403E-1,-1.263562837E-1,1.524871981E0,1.674258493E0
2.761250592E1,8.114239633E-1,1.252993995E0,-4.088262087E-1,1.547753749E0
2.762247492E1,8.059806441E-1,7.974198818E-2,-4.418577147E-1,9.226059957E-1
2.763244492E1,6.631333850E-1,9.715061098E-1,-8.383310956E-1,1.444426888E0
2.764241392E1,6.820994867E-1,-6.005581641E-1,-2.791592900E0,2.935799846E0
2.765238392E1,7.226645453E-1,-9.146647418E-1,4.840424520E-1,1.262201541E0
2.766235292E1,2.618514366E-1,8.881099042E-1,6.776262206E-1,1.147380788E0
2.767232292E1,2.703972885E-1,-4.667227069E-1,2.933407760E-1,6.139980371E-1
2.768229192E1,5.180322800E-1,9.910328865E-2,7.546708882E-1,9.207100816E-1
2.769226192E1,4.869973059E-1,4.781572294E-1,-1.031400309E0,1.236764856E0
2.770223092E1,9.638279848E-2,-9.132973704E-1,2.152348387E-1,9.432538186E-1
2.771220092E1,7.996095179E-1,-1.258019677E-1,2.352215574E0,2.487593138E0
2.772216992E1,4.783824203E-1,-5.957576001E-1,1.410272402E0,1.603946728E0
2.773213992E1,3.163775266E-1,-2.231437826E-1,1.478008887E0,1.527873737E0
2.774210867E1,1.282387948E0,1.075100937E0,1.288862570E0,2.112232847E0
2.775207867E1,-2.976148713E-2,-1.370967710E0,4.755283213E-1,1.451401183E0
2.776204767E1,-2.263968810E-1,-5.859135202E-1,7.484915507E-1,9.771334619E-1
2.777201767E1,-5.547893029E-2,1.593401933E0,5.228404820E-2,1.595224515E0
2.778198767E1,7.011860412E-2,3.202534631E-1,-1.611499650E0,1.644509052E0
2.779195667E1,1.100580910E0,7.484102744E-1,-1.848589042E0,2.277866925E0
2.780192667E1,1.309400915E0,-4.815950999E-1,-2.192646813E0,2.598877573E0
2.781189567E1,6.978346364E-1,-1.890426748E0,1.584946275E-2,2.015176834E0
2.782186567E1,3.352002985E-1,1.139653906E0,1.592472811E0,1.986741029E0
2.783183467E1,-5.247368071E-2,9.874014732E-1,1.634010261E-1,1.002205095E0
2.784180467E1,5.957700254E-1,-5.975576654E-1,-1.247222793E-1,8.529787416E-1
2.785177367E1,9.176001902E-1,6.853226182E-1,-1.120767399E0,1.602428396E0
2.786174367E1,5.405580571E-1,-1.241704483E0,-1.605522627E-1,1.363748535E0
2.787171267E1,-5.527727444E-2,-1.825956810E-1,1.293067303E0,1.307065342E0
2.788168267E1,-6.216727522E-1,1.250467413E0,-4.179589748E-3,1.396482449E0
2.789165167E1,-1.564283311E-1,-1.002009280E0,-2.634991016E0,2.823414612E0
2.790162167E1,9.118445566E-1,-4.022913605E-2,-2.057599520E0,2.250954167E0
2.791159067E1,7.347869928E-1,-1.271481429E0,-7.875141138E-1,1.666359934E0
2.792156067E1,-3.961871597E-1,-1.830743048E0,2.330939895E0,2.990295164E0
2.793152967E1,-6.792524774E-1,1.715347370E0,2.533711393E0,3.134245356E0
2.794149967E1,-9.288228974E-1,1.792110202E-1,1.824469278E0,2.055119634E0
2.795146867E1,-2.552623372E-1,6.486558983E-1,1.110614294E0,1.311250336E0
2.796143867E1,-6.203904578E-1,7.651432514E-2,2.929490125E-1,6.903317217E-1
2.797140867E1,-1.206524637E0,-2.005415167E0,9.916538608E-1,2.541804295E0
2.798137767E1,-1.793998487E-1,1.127630276E0,1.079969621E0,1.571645230E0
2.799134767E1,-4.911550599E-2,1.638168801E0,-1.666392142E-1,1.647354844E0
2.800131667E1,6.531984539E-1,7.653277311E-1,-1.706881771E0,1.981373296E0
2.801128667E1,8.153432789E-1,5.802130696E-1,-1.755058735E0,2.020312607E0
2.802125567E1,5.885596411E-1,-1.628273266E0,-2.573866562E0,3.102009890E0
2.803122567E1,3.522394869E-1,-1.724810211E0,1.857327121E-1,1.770180658E0
2.804119467E1,-1.759484566E-1,-5.474388412E-1,1.057156709E0,1.203423223E0
2.805116467E1,-7.626890288E-1,-1.349291790E0,1.542455143E0,2.186652866E0
2.806113367E1,-5.363826334E-1,-3.537881219E-1,2.321592536E0,2.408871991E0
2.807110367E1,-5.950019205E-1,5.439679340E-1,5.022658843E-1,9.498417853E-1
2.808107267E1,-5.305300091E-1,-1.298063164E0,1.083073908E0,1.771857545E0
2.809104267E1,-1.278615215E-2,8.506473783E-1,5.578360677E-1,1.017322725E0
2.810101167E1,-5.636753896E-1,5.369311023E-1,-4.903124213E-1,9.200169694E-1
2.811098167E1,-2.913402790E-1,-1.218840993E0,-3.982287151E-1,1.314929137E0
2.812095067E1,1.017286337E-1,3.944932213E-1,-8.337924868E-1,9.279997455E-1
2.813092067E1,-8.774962211E-2,-1.577549547E-1,-1.849524597E0,1.858313175E0
2.814089067E1,2.144343549E-1,-7.299321958E-1,-7.983302933E-1,1.102775752E0
2.815085967E1,8.643669950E-3,2.286001119E-1,-3.231639147E-1,3.959389346E-1
2.816082967E1,-1.241582331E-1,-7.138804194E-1,4.449836361E-1,8.503240303E-1
2.817079867E1,8.236977258E-2,-2.236513209E-1,1.274502393E0,1.296595944E0
2.818076867E1,-5.901588180E-1,1.133768683E0,1.225506234E-1,1.284031741E0
2.819073767E1,-1.192557832E0,1.608393610E-1,1.247884698E0,1.733574256E0
2.820070767E1,-3.902961630E-1,1.565613041E0,7.551386654E-2,1.615294906E0
2.821067667E1,-6.463825008E-1,1.356817741E0,-1.887977641E0,2.413135780E0
2.822064667E1,4.959477850E-1,2.993330026E-1,-3.289717786E0,3.340330457E0
2.823061567E1,1.050016894E0,-1.047504711E0,-3.160594307E0,3.491297462E0
2.824058567E1,5.638441183E-1,-3.399811501E0,-1.833879202E0,3.903812413E0
2.825055467E1,-3.888197411E-1,-1.279118477E0,2.509401010E0,2.843311150E0
2.826052467E1,-1.019190007E0,-4.601554066E-1,2.842984078E0,3.055004049E0
2.827049367E1,-1.560866710E0,-1.833524276E0,1.649196065E0,2.918555091E0
2.828046367E1,-3.933208546E-1,2.371338308E-2,2.245143115E0,2.279458538E0
2.829043267E1,-3.574880207E-1,-1.066485650E0,6.188342214E-1,1.283801044E0
2.830040267E1,-7.110608920E-1,-1.351671899E0,2.692566209E0,3.095567364E0
2.831037167E1,-1.117491990E-1,2.045693420E0,1.633564703E0,2.620283017E0
2.832034167E1,-3.356558331E-1,1.703638905E-1,-8.560083979E-1,9.351144694E-1
2.833031167E1,1.083799548E0,2.245558852E-1,-4.087694907E-1,1.179889529E0
2.834028067E1,5.926400474E-1,1.500492308E0,-1.693048428E0,2.338613344E0
2.835025067E1,-2.355250425E-1,-6.852796412E-1,-2.514104510E0,2.616448302E0
2.836021967E1,-2.273916752E-1,4.004486105E-1,-4.414203429E-1,6.379012327E-1
2.837018967E1,-7.009298600E-1,-8.972751224E-1,-6.052160561E-2,1.140205323E0
2.838015867E1,-5.617628019E-1,-9.956694362E-1,7.820183158E-2,1.145884199E0
2.839012867E1,-5.934970665E-1,1.144921077E0,2.137051486E0,2.496011237E0
2.840009767E1,-7.870519645E-1,-1.357942745E-1,-1.902309752E-1,8.210229617E-1
2.841006767E1,-4.015562924E-1,-8.029396534E-1,6.462342739E-3,8.977757542E-1
2.842003667E1,3.721244055E-1,1.184477784E0,-3.295479047E-1,1.284548954E0
2.843000667E1,7.813855740E-1,4.619952330E-1,-1.988273177E0,2.185688275E0
2.843997567E1,1.087060467E0,-3.842439294E-1,-1.168624520E-1,1.158879065E0
2.844994567E1,5.228606549E-1,-7.772110274E-1,3.705164212E-1,1.007334435E0
2.845991467E1,-2.931281931E-1,-1.844174979E0,-5.764910245E-1,1.954289486E0
2.846988467E1,-1.194864723E-1,5.474774328E-1,1.424495169E0,1.530749830E0
2.847985367E1,-1.407321202E-1,-6.402949646E-1,1.022733566E0,1.214811557E0
2.848982367E1,-4.036894663E-1,-2.475150359E0,1.880416022E0,3.134533283E0
2.849979267E1,-2.682026000E-2,2.680606315E-1,1.721918471E0,1.742865184E0
2.850976267E1,-1.687287898E-1,5.831223518E-1,-3.582454544E-1,7.048694115E-1
2.851973267E1,-2.479866285E-2,-5.591628009E-1,2.779842335E-1,6.249425939E-1
2.852970167E1,-2.106356930E-1,1.448723984E0,-4.279682386E-1,1.525229619E0
2.853967167E1,-5.284406528E-1,-2.275350416E-1,5.500926000E-1,7.960047658E-1
2.854964067E1,2.828150934E-1,-7.067503247E-1,3.488169946E0,3.570267493E0
2.855961067E1,-1.886480425E-1,2.694102565E0,1.047222875E0,2.896627775E0
2.856957967E1,-5.205295893E-1,1.146779323E0,8.050101525E-1,1.494689002E0
2.857954967E1,4.707440563E-1,1.488960721E0,-6.011101413E-1,1.673301347E0
2.858951867E1,3.965529579E-2,1.213321806E0,-3.682139046E0,3.877095602E0
2.859948867E1,8.565654183E-1,-1.043564272E0,-2.955803180E0,3.249538913E0
2.860945767E1,1.976444041E-1,5.418643981E-1,-2.183686540E0,2.258576374E0
2.861942767E1,-1.254599695E-1,-1.401240500E0,-1.577334954E0,2.113575336E0
2.862939667E1,7.369183760E-1,-9.542998007E-1,-1.664228672E0,2.055089749E0
2.863936667E1,-1.266716131E-2,3.882507339E-1,-7.949810082E-1,8.848129140E-1
2.864933567E1,-7.119068197E-2,-2.922502118E0,2.515872123E0,3.856902810E0
2.865930567E1,-2.713169276E-1,-8.880131328E-1,4.478121098E0,4.573373893E0
2.866927467E1,-3.467265492E-1,1.113935220E0,2.291037911E0,2.570977573E0
2.867924467E1,-1.747321626E-3,-1.203600518E0,2.735978862E0,2.989019504E0
2.868921367E1,9.118047955E-1,1.151567900E0,6.256029582E-1,1.596519863E0
2.869918367E1,6.005712107E-1,-5.524490279E-1,-1.953979257E0,2.117527012E0
2.870915367E1,1.077862139E0,-1.592346219E0,-2.612640619E0,3.243955035E0
2.871912267E1,8.663261754E-1,5.522569469E-1,-2.619545011E0,2.813809667E0
2.872909267E1,3.858011525E-1,-1.809560340E0,-1.620471618E0,2.459528292E0
2.873906167E1,5.617805994E-1,-1.428180377E0,8.002019870E-1,1.730785905E0
2.874903200E1,-6.503983594E-2,-1.119449437E-1,8.147609693E-1,8.249832045E-1
2.875900100E1,-3.623218408E-1,-7.347441620E-1,-3.379667258E-1,8.861984020E-1
2.876897100E1,-1.787799707E-1,1.198375154E0,2.723153579E-1,1.241861885E0
2.877894000E1,-3.204193047E-1,-2.439274183E-1,-7.313533616E-1,8.348933200E-1
2.878891000E1,-2.400659171E-1,-1.683502849E0,-5.925504023E-1,1.800813557E0
2.879887900E1,-5.832469705E-2,1.186890637E0,-1.295450628E-1,1.195363158E0
2.880884900E1,6.148180522E-3,-3.702965659E-1,-9.060652417E-1,9.788317368E-1
2.881881800E1,4.948001593E-1,-9.023420271E-1,1.633375838E0,1.930534890E0
2.882878800E1,7.578262650E-1,-4.624299735E-2,3.400919548E0,3.484636686E0
2.883875700E1,-7.806920942E-2,-1.087514576E0,2.725631045E0,2.935617030E0
2.884872700E1,1.841004254E-1,9.401726353E-1,2.492432975E0,2.670213415E0
2.885869600E1,1.039657601E-1,-3.911024210E-1,1.068446513E0,1.142518243E0
2.886866600E1,1.315151268E-1,-1.283286665E0,1.825730522E0,2.235489395E0
2.887863500E1,3.848330729E-1,5.594598395E-1,3.277510554E-1,7.539977190E-1
2.888860500E1,-2.401309308E-1,-2.908027920E-1,-1.988378427E0,2.023827536E0
2.889857500E1,-5.738754188E-1,-6.934230584E-1,-2.847377676E-1,9.440572707E-1
2.890854400E1,-9.700267643E-1,8.615179369E-1,-1.048726779E0,1.668230480E0
2.891851400E1,-1.515383704E0,-2.122913504E-1,-2.789069826E0,3.181252251E0
2.892848300E1,-9.669025239E-1,3.603294021E-1,-1.223166178E0,1.600272873E0
2.893845300E1,-3.697607417E-1,2.106079077E0,-9.583159608E-1,2.343216073E0
2.894842200E1,-1.053251555E-1,6.940937340E-2,-1.234378799E0,1.240807023E0
2.895839200E1,-4.146701718E-1,-3.266067553E-1,-7.866838092E-1,9.473619897E-1
2.896836100E1,-9.993821257E-1,-2.103773813E0,-1.245888458E0,2.641375956E0
2.897833100E1,-1.264661968E0,-2.837693810E0,-2.447801178E0,3.955199951E0
2.898830000E1,-1.461588297E0,-9.084874508E-1,-4.063253546E-1,1.768244919E0
2.899827000E1,-1.330021121E0,-1.118608315E0,3.346595407E-1,1.769812914E0
2.900823900E1,-2.595409276E-1,-1.984516049E0,3.095624725E0,3.686266116E0
2.901820900E1,2.970145816E-1,7.300125951E-1,3.671935070E0,3.755561637E0
2.902817800E1,3.290725261E-1,1.305753422E0,1.429567044E0,1.963910043E0
2.903814800E1,3.267353209E-1,-6.784407377E-2,2.185015027E0,2.210350528E0
2.904811700E1,-1.683232854E-1,6.725388506E-1,-6.792330354E-1,9.705662009E-1
2.905808700E1,-4.516226379E-1,-3.545052829E-1,-3.177655898E0,3.229107308E0
2.906805600E1,-8.006458638E-1,7.918913394E-1,-1.535798673E0,1.904416776E0
2.907802600E1,-1.055720122E0,1.634198249E0,-1.362696531E0,2.375308555E0
2.908799600E1,-9.005434236E-1,-1.201447865E0,9.877110833E-1,1.797228036E0
2.909796500E1,-6.220436119E-1,1.626314156E0,1.310538198E0,2.179299511E0
2.910793500E1,-1.055050835E0,2.414290200E0,-1.007241368E-2,2.634773403E0
2.911790400E1,-1.009844476E0,4.592604902E-1,8.015988868E-1,1.368673386E0
2.912787400E1,-5.487023879E-1,6.937124956E-1,-1.287644595E-1,8.938073747E-1
2.913784300E1,3.261947093E-1,-9.964810297E-1,-2.178017079E0,2.417257915E0
2.914781300E1,2.586466873E-1,-3.349153563E-1,-3.867056072E-1,5.732430823E-1
2.915778200E1,-3.924350745E-1,-5.688019359E-1,-5.403938234E-2,6.931530746E-1
2.916775200E1,-1.304075819E-1,-2.305670568E0,-8.747668505E-1,2.469481716E0
2.917772100E1,2.975303791E-1,-2.407371774E-1,5.088019019E-1,6.366773834E-1
2.918769100E1,9.650809335E-2,-1.074260985E0,-9.475997686E-3,1.078628884E0
2.919766000E1,5.268319376E-2,-3.096754407E0,2.515615430E0,3.990110822E0
2.920763000E1,-2.945675584E-2,9.156447351E-3,2.112341153E0,2.112566375E0
2.921759900E1,-3.885297557E-1,-2.665081957E-1,-5.832012892E-3,4.711857403E-1
2.922756900E1,-2.302887695E-1,-6.809448078E-1,2.352627218E-1,7.563513052E-1
2.923753800E1,-9.324616197E-1,2.403398591E-1,-1.072261237E0,1.441177324E0
2.924750800E1,-6.122615124E-1,-1.577670292E0,-8.700510710E-1,1.902865359E0
2.925747700E1,3.312027398E-1,-1.870345655E0,8.636331671E-1,2.086564250E0
2.926744700E1,5.973290758E-2,9.818986586E-1,-7.270246679E-1,1.223216197E0
2.927741700E1,7.410296082E-2,1.443656787E0,-2.052698384E0,2.510618813E0
2.928738600E1,5.506938765E-2,1.135628682E0,-1.945661008E-2,1.137129589E0
2.929735600E1,-8.169390754E-2,8.235718462E-1,2.024516559E-1,8.520159349E-1
2.930732500E1,-6.396713591E-1,2.053065589E-1,1.826921600E0,1.946528388E0
2.931729500E1,-1.204788160E0,1.340081840E0,2.380542410E0,2.985685184E0
2.932726400E1,-1.326257414E0,1.798469049E-1,1.164005805E0,1.773756790E0
2.933723400E1,-6.546218124E-1,-2.023583928E-1,2.329982706E0,2.428641193E0
2.934720300E1,4.158788279E-1,1.579878785E0,1.702253115E-1,1.642543404E0
2.935717300E1,4.932950129E-1,5.631324756E-1,9.099846303E-1,1.178359106E0
2.936714200E1,3.953431141E-1,2.668261673E0,8.225488758E-1,2.820018295E0
2.937711200E1,3.208497695E-1,1.712392772E0,-1.069093800E0,2.044063388E0
2.938708100E1,6.206885653E-3,-1.565115443E0,3.313587874E-1,1.599819840E0
2.939705100E1,-1.631197385E-1,5.773607978E-1,-3.127067542E-1,6.765641537E-1
2.940702000E1,-7.024290861E-1,-4.032491344E-1,-2.326462682E0,2.463421421E0
2.941699000E1,-7.011790976E-1,-1.655806050E0,-2.341458451E0,2.952248885E0
2.942695900E1,4.837844801E-1,-1.016651877E0,-7.911200917E-1,1.376044862E0
2.943692900E1,5.088685236E-1,-2.315847647E0,-1.060914130E0,2.597621275E0
2.944689800E1,2.860482017E-1,-2.308889752E0,7.812628555E-1,2.454214154E0
2.945686800E1,3.540738315E-1,1.573167059E-1,7.376227462E-1,8.331891381E-1
2.946683800E1,1.900273641E-1,2.291933119E-1,-6.859637654E-1,7.477875773E-1
2.947680700E1,2.995409442E-1,1.075002704E0,-7.548626769E-1,1.347283657E0
2.948677700E1,3.288985349E-1,-7.583853319E-1,4.348001254E-1,9.340094790E-1
2.949674600E1,-3.532093938E-1,-1.853562684E0,1.507830271E0,2.415368217E0
2.950671600E1,-6.229587011E-2,-1.075284247E0,5.714700204E-1,1.219301018E0
2.951668500E1,3.789307472E-1,-1.479462797E0,-2.705898446E-1,1.551005333E0
2.952665500E1,7.291564896E-1,2.783069998E-2,8.726636070E-1,1.137534837E0
2.953662400E1,1.249909150E0,1.616978784E0,2.255756396E-1,2.056156035E0
2.954659400E1,1.469088228E0,-1.194654863E0,7.920603240E-1,2.052505790E0
2.955656300E1,1.196278123E0,1.171500766E0,-4.537263930E-1,1.734751576E0
2.956653300E1,4.964928552E-1,1.530140907E0,-1.939162413E0,2.519560917E0
2.957650200E1,-2.564148782E-1,-1.771954557E0,3.260769975E-1,1.819862014E0
2.958647200E1,-3.572747435E-2,8.030220991E-1,7.953622466E-1,1.130805928E0
2.959644100E1,1.993115914E-1,1.035893894E0,-1.070560282E0,1.502963934E0
2.960641100E1,7.970387165E-1,7.031996030E-1,-4.586532569E-1,1.157636906E0
2.961638000E1,6.322332622E-1,1.545652986E-1,2.023411435E-1,6.815799790E-1
2.962635000E1,8.192897840E-1,-2.769811437E0,1.450407690E-1,2.892080215E0
2.963631900E1,1.463407147E-1,-7.110255164E-1,1.641751390E0,1.795082315E0
2.964628900E1,3.305093332E-1,-1.703118503E-2,1.185591386E0,1.230915682E0
2.965625900E1,8.115654659E-1,-1.192035895E0,3.353021497E-1,1.480545714E0
2.966622800E1,6.727125129E-1,-6.284844661E-1,4.020779371E-1,1.004590223E0
2.967619800E1,2.727765388E-1,-1.597368392E0,-3.817740655E-1,1.664855627E0
2.968616700E1,5.663127762E-1,-1.495093866E0,2.234466684E-1,1.614293729E0
2.969613700E1,2.965271248E-1,-4.449035293E-1,4.311742669E-1,6.868615105E-1
2.970610600E1,3.260490405E-1,-1.080867169E0,-1.396015136E0,1.795394127E0
2.971607600E1,9.785797790E-1,-1.159489708E0,-1.553910424E0,2.171790130E0
2.972604500E1,1.216593031E0,1.796374576E0,-7.635130477E-1,2.300002694E0
2.973601500E1,1.342511504E0,1.400456973E0,-1.215624440E0,2.289401592E0
2.974598363E1,1.113333688E0,-1.333283867E0,2.048174393E-1,1.749030576E0
2.975595363E1,-1.850024315E-1,-3.657737446E-1,-1.042432836E0,1.120126131E0
2.976592263E1,-1.663915115E-1,3.450149596E-2,-1.321263161E0,1.332145949E0
2.977589263E1,-5.762492056E-1,4.203306055E-1,1.445079707E0,1.611519880E0
2.978586162E1,-5.779000207E-1,4.354903892E-1,1.898259970E0,2.031504671E0
2.979583163E1,-1.794310948E-1,1.973973227E-1,1.923947958E0,1.942353460E0
2.980580063E1,-2.145704488E-1,1.559271736E0,1.910963631E0,2.475712185E0
2.981577063E1,1.310539733E-1,1.062030656E0,9.227040786E-1,1.412963933E0
2.982573963E1,7.376376566E-1,5.532462958E-1,1.889746424E0,2.102696441E0
2.983570963E1,8.113092117E-1,8.113502884E-1,-5.528963399E-1,1.273658624E0
2.984567862E1,1.257762253E0,-6.749113584E-1,3.441542494E-1,1.468302889E0
2.985564863E1,1.356216647E0,1.579355752E0,1.530381812E0,2.583748571E0
2.986561863E1,1.211597682E0,1.256863682E0,6.598547781E-1,1.866302115E0
2.987558763E1,4.659224058E-2,-1.973465104E0,3.331663957E0,3.872559886E0
2.988555763E1,-3.957205519E-1,1.270052370E0,5.990127450E-1,1.458918793E0
2.989552663E1,-1.110928033E-1,9.441244760E-1,-7.538984710E-1,1.213291202E0
2.990549662E1,1.133616144E0,-3.769647306E-1,-7.778545135E-1,1.425568523E0
2.991546563E1,7.390283438E-1,3.840234894E-1,-3.227407517E0,3.333136093E0
2.992543563E1,4.118336510E-1,-1.833532462E0,-4.838665093E0,5.190773365E0
2.993540463E1,5.453999902E-1,-5.402803874E-1,-4.214363140E0,4.283715761E0
2.994537463E1,-3.557301284E-1,-2.839454699E-1,-2.137412260E0,2.185337530E0
2.995534362E1,-5.210289780E-1,-2.744051236E0,2.089730555E-1,2.800885238E0
2.996531362E1,-4.215629793E-1,-1.669993734E0,1.972567556E0,2.618705249E0
2.997528263E1,-3.758779160E-1,1.059161720E-1,1.230130212E0,1.290628832E0
2.998525263E1,-4.740201782E-1,-8.949806750E-2,2.003129783E0,2.060396554E0
2.999522163E1,-6.039244793E-1,3.352036241E-1,1.141270661E0,1.334010857E0